trade_id,strategy,entry_utc,session_key,prior_session_loss_count,decision,source_pnl_jpy
B02|2020-01-02T07:30:00.400000+00:00|1,B02,2020-01-02T07:30:00.400000+00:00,2020-01-02|LONDON,0,ACCEPT,-228.00000000000864
F05|2020-01-02T07:30:00.400000+00:00|1,F05,2020-01-02T07:30:00.400000+00:00,2020-01-02|LONDON,0,ACCEPT,-386.0000000000099
F05|2020-01-02T08:15:00.291000+00:00|1,F05,2020-01-02T08:15:00.291000+00:00,2020-01-02|LONDON,0,ACCEPT,-466.99999999999875
F05|2020-01-02T09:45:00.297000+00:00|1,F05,2020-01-02T09:45:00.297000+00:00,2020-01-02|LONDON,0,ACCEPT,-293.99999999999693
F05|2020-01-02T15:30:00.009000+00:00|-1,F05,2020-01-02T15:30:00.009000+00:00,2020-01-02|LONDON_NY_OVERLAP,1,ACCEPT,-218.00000000000352
F05|2020-01-03T02:00:02.435000+00:00|-1,F05,2020-01-03T02:00:02.435000+00:00,2020-01-03|ASIA,0,ACCEPT,130.00000000000966
F05|2020-01-03T02:30:00.087000+00:00|-1,F05,2020-01-03T02:30:00.087000+00:00,2020-01-03|ASIA,0,ACCEPT,-3.0000000000001137
B02|2020-01-03T08:00:00.130000+00:00|-1,B02,2020-01-03T08:00:00.130000+00:00,2020-01-03|LONDON,0,ACCEPT,-66.99999999999307
F05|2020-01-03T08:00:00.130000+00:00|-1,F05,2020-01-03T08:00:00.130000+00:00,2020-01-03|LONDON,0,ACCEPT,-93.00000000000352
B02|2020-01-06T07:45:00.125000+00:00|1,B02,2020-01-06T07:45:00.125000+00:00,2020-01-06|LONDON,0,ACCEPT,332.00000000000784
F05|2020-01-06T15:30:00.342000+00:00|1,F05,2020-01-06T15:30:00.342000+00:00,2020-01-06|LONDON_NY_OVERLAP,0,ACCEPT,154.00000000001057
F05|2020-01-06T16:30:00.090000+00:00|1,F05,2020-01-06T16:30:00.090000+00:00,2020-01-06|NEW_YORK,0,ACCEPT,28.999999999996362
F05|2020-01-06T19:30:05.046000+00:00|1,F05,2020-01-06T19:30:05.046000+00:00,2020-01-06|NEW_YORK,0,ACCEPT,10.99999999999568
B02|2020-01-07T08:00:00.099000+00:00|-1,B02,2020-01-07T08:00:00.099000+00:00,2020-01-07|LONDON,0,ACCEPT,-215.0000000000034
F05|2020-01-07T15:45:00.350000+00:00|1,F05,2020-01-07T15:45:00.350000+00:00,2020-01-07|LONDON_NY_OVERLAP,0,ACCEPT,-660.9999999999872
F05|2020-01-08T00:15:00.092000+00:00|-1,F05,2020-01-08T00:15:00.092000+00:00,2020-01-08|ASIA,0,ACCEPT,-594.0000000000083
B02|2020-01-08T09:15:00.985000+00:00|1,B02,2020-01-08T09:15:00.985000+00:00,2020-01-08|LONDON,1,ACCEPT,703.000000000003
F05|2020-01-08T11:00:00.234000+00:00|1,F05,2020-01-08T11:00:00.234000+00:00,2020-01-08|LONDON,1,ACCEPT,459.99999999999375
F05|2020-01-08T16:30:00.002000+00:00|1,F05,2020-01-08T16:30:00.002000+00:00,2020-01-08|NEW_YORK,0,ACCEPT,319.0000000000026
F05|2020-01-08T17:45:02.210000+00:00|1,F05,2020-01-08T17:45:02.210000+00:00,2020-01-08|NEW_YORK,0,ACCEPT,103.9999999999992
F05|2020-01-08T18:15:00.301000+00:00|1,F05,2020-01-08T18:15:00.301000+00:00,2020-01-08|NEW_YORK,0,ACCEPT,72.00000000000273
F05|2020-01-08T18:45:00.024000+00:00|1,F05,2020-01-08T18:45:00.024000+00:00,2020-01-08|NEW_YORK,0,ACCEPT,22.00000000000557
F05|2020-01-08T19:15:01.892000+00:00|1,F05,2020-01-08T19:15:01.892000+00:00,2020-01-08|NEW_YORK,0,ACCEPT,15.000000000000568
F05|2020-01-09T06:00:00.005000+00:00|1,F05,2020-01-09T06:00:00.005000+00:00,2020-01-09|ASIA,0,ACCEPT,156.0000000000059
B02|2020-01-09T08:00:00.181000+00:00|1,B02,2020-01-09T08:00:00.181000+00:00,2020-01-09|LONDON,0,ACCEPT,152.00000000000102
F05|2020-01-09T08:00:00.181000+00:00|1,F05,2020-01-09T08:00:00.181000+00:00,2020-01-09|LONDON,0,ACCEPT,181.0000000000116
F05|2020-01-09T10:00:00.013000+00:00|1,F05,2020-01-09T10:00:00.013000+00:00,2020-01-09|LONDON,0,ACCEPT,75.9999999999934
F05|2020-01-09T11:45:12.844000+00:00|1,F05,2020-01-09T11:45:12.844000+00:00,2020-01-09|LONDON,0,ACCEPT,-2.0000000000095497
F05|2020-01-10T05:45:07.307000+00:00|1,F05,2020-01-10T05:45:07.307000+00:00,2020-01-10|ASIA,0,ACCEPT,-16.999999999995907
B02|2020-01-10T09:45:06.954000+00:00|1,B02,2020-01-10T09:45:06.954000+00:00,2020-01-10|LONDON,0,ACCEPT,-28.999999999996362
F05|2020-01-10T09:45:06.954000+00:00|1,F05,2020-01-10T09:45:06.954000+00:00,2020-01-10|LONDON,0,ACCEPT,-120.99999999999511
B02|2020-01-13T08:30:00.169000+00:00|1,B02,2020-01-13T08:30:00.169000+00:00,2020-01-13|LONDON,0,ACCEPT,245.9999999999951
F05|2020-01-13T09:15:00.511000+00:00|1,F05,2020-01-13T09:15:00.511000+00:00,2020-01-13|LONDON,0,ACCEPT,66.99999999999307
F05|2020-01-13T10:30:02.629000+00:00|1,F05,2020-01-13T10:30:02.629000+00:00,2020-01-13|LONDON,0,ACCEPT,-8.000000000009777
F05|2020-01-14T00:00:00.354000+00:00|1,F05,2020-01-14T00:00:00.354000+00:00,2020-01-14|ASIA,0,ACCEPT,-32.00000000001069
F05|2020-01-14T01:00:00.291000+00:00|1,F05,2020-01-14T01:00:00.291000+00:00,2020-01-14|ASIA,0,ACCEPT,-179.9999999999926
B02|2020-01-14T08:00:00.061000+00:00|-1,B02,2020-01-14T08:00:00.061000+00:00,2020-01-14|LONDON,1,ACCEPT,-12.000000000000455
B02|2020-01-15T11:45:05.986000+00:00|-1,B02,2020-01-15T11:45:05.986000+00:00,2020-01-15|LONDON,0,ACCEPT,-37.00000000000614
B02|2020-01-16T08:45:00.853000+00:00|1,B02,2020-01-16T08:45:00.853000+00:00,2020-01-16|LONDON,0,ACCEPT,111.0000000000042
F05|2020-01-16T08:45:00.853000+00:00|1,F05,2020-01-16T08:45:00.853000+00:00,2020-01-16|LONDON,0,ACCEPT,115.99999999999966
F05|2020-01-16T14:45:02.756000+00:00|1,F05,2020-01-16T14:45:02.756000+00:00,2020-01-16|LONDON_NY_OVERLAP,0,ACCEPT,69.00000000000261
F05|2020-01-17T01:00:00.122000+00:00|1,F05,2020-01-17T01:00:00.122000+00:00,2020-01-17|ASIA,0,ACCEPT,-84.99999999999375
B02|2020-01-17T10:30:00.379000+00:00|-1,B02,2020-01-17T10:30:00.379000+00:00,2020-01-17|LONDON,1,ACCEPT,-18.000000000000682
B02|2020-01-20T07:45:00.707000+00:00|-1,B02,2020-01-20T07:45:00.707000+00:00,2020-01-20|LONDON,0,ACCEPT,-9.000000000000341
F05|2020-01-21T01:00:00.207000+00:00|1,F05,2020-01-21T01:00:00.207000+00:00,2020-01-21|ASIA,0,ACCEPT,-248.99999999999523
F05|2020-01-21T01:30:00.894000+00:00|-1,F05,2020-01-21T01:30:00.894000+00:00,2020-01-21|ASIA,0,ACCEPT,112.00000000000898
F05|2020-01-23T01:15:00.102000+00:00|-1,F05,2020-01-23T01:15:00.102000+00:00,2020-01-23|ASIA,0,ACCEPT,69.00000000000261
F05|2020-01-23T04:15:03.987000+00:00|-1,F05,2020-01-23T04:15:03.987000+00:00,2020-01-23|ASIA,0,ACCEPT,-28.999999999996362
F05|2020-01-23T05:15:00.188000+00:00|-1,F05,2020-01-23T05:15:00.188000+00:00,2020-01-23|ASIA,0,ACCEPT,15.999999999991132
F05|2020-01-23T06:15:04.888000+00:00|-1,F05,2020-01-23T06:15:04.888000+00:00,2020-01-23|ASIA,0,ACCEPT,25.000000000005684
F05|2020-01-23T06:45:07.545000+00:00|-1,F05,2020-01-23T06:45:07.545000+00:00,2020-01-23|ASIA,0,ACCEPT,143.00000000000068
F05|2020-01-23T14:30:00.027000+00:00|-1,F05,2020-01-23T14:30:00.027000+00:00,2020-01-23|LONDON_NY_OVERLAP,0,ACCEPT,-25.000000000005684
F05|2020-01-23T15:45:00.516000+00:00|-1,F05,2020-01-23T15:45:00.516000+00:00,2020-01-23|LONDON_NY_OVERLAP,0,ACCEPT,-214.00000000001285
F05|2020-01-23T16:30:00.142000+00:00|-1,F05,2020-01-23T16:30:00.142000+00:00,2020-01-23|NEW_YORK,0,ACCEPT,-262.00000000000045
B02|2020-01-24T08:30:00.103000+00:00|1,B02,2020-01-24T08:30:00.103000+00:00,2020-01-24|LONDON,0,ACCEPT,-21.000000000000796
F05|2020-01-24T17:15:01.884000+00:00|-1,F05,2020-01-24T17:15:01.884000+00:00,2020-01-24|NEW_YORK,0,ACCEPT,323.0000000000075
F05|2020-01-24T18:45:01.608000+00:00|-1,F05,2020-01-24T18:45:01.608000+00:00,2020-01-24|NEW_YORK,0,ACCEPT,310.0000000000023
F05|2020-01-24T19:30:01.558000+00:00|-1,F05,2020-01-24T19:30:01.558000+00:00,2020-01-24|NEW_YORK,0,ACCEPT,177.0000000000067
B02|2020-01-27T08:30:00.125000+00:00|1,B02,2020-01-27T08:30:00.125000+00:00,2020-01-27|LONDON,0,ACCEPT,-190.9999999999883
B02|2020-01-28T07:15:00.770000+00:00|1,B02,2020-01-28T07:15:00.770000+00:00,2020-01-28|LONDON,0,ACCEPT,-49.99999999999716
B02|2020-01-28T09:30:03.650000+00:00|-1,B02,2020-01-28T09:30:03.650000+00:00,2020-01-28|LONDON,1,ACCEPT,-335.9999999999985
F05|2020-01-28T15:30:00.029000+00:00|1,F05,2020-01-28T15:30:00.029000+00:00,2020-01-28|LONDON_NY_OVERLAP,0,ACCEPT,-18.000000000000682
B02|2020-01-29T07:15:00.201000+00:00|-1,B02,2020-01-29T07:15:00.201000+00:00,2020-01-29|LONDON,0,ACCEPT,-4.9999999999954525
F05|2020-01-30T01:15:00.117000+00:00|-1,F05,2020-01-30T01:15:00.117000+00:00,2020-01-30|ASIA,0,ACCEPT,-15.000000000000568
F05|2020-01-30T02:30:01.659000+00:00|-1,F05,2020-01-30T02:30:01.659000+00:00,2020-01-30|ASIA,0,ACCEPT,-18.999999999991246
B02|2020-01-30T07:30:00.158000+00:00|-1,B02,2020-01-30T07:30:00.158000+00:00,2020-01-30|LONDON,0,ACCEPT,136.99999999998624
F05|2020-01-30T13:00:00.421000+00:00|-1,F05,2020-01-30T13:00:00.421000+00:00,2020-01-30|LONDON_NY_OVERLAP,0,ACCEPT,-131.00000000000023
F05|2020-01-30T16:00:00.072000+00:00|-1,F05,2020-01-30T16:00:00.072000+00:00,2020-01-30|NEW_YORK,0,ACCEPT,-221.00000000000364
F05|2020-01-30T17:45:00.037000+00:00|-1,F05,2020-01-30T17:45:00.037000+00:00,2020-01-30|NEW_YORK,0,ACCEPT,-441.0000000000025
F05|2020-01-31T01:00:00.149000+00:00|1,F05,2020-01-31T01:00:00.149000+00:00,2020-01-31|ASIA,1,ACCEPT,-33.00000000000125
F05|2020-01-31T16:00:00.082000+00:00|-1,F05,2020-01-31T16:00:00.082000+00:00,2020-01-31|NEW_YORK,0,ACCEPT,9.000000000000341
B02|2020-02-03T07:30:00.534000+00:00|1,B02,2020-02-03T07:30:00.534000+00:00,2020-02-03|LONDON,0,ACCEPT,-9.000000000000341
F05|2020-02-03T15:30:00.069000+00:00|1,F05,2020-02-03T15:30:00.069000+00:00,2020-02-03|LONDON_NY_OVERLAP,0,ACCEPT,-180.00000000000682
F05|2020-02-04T05:45:00.392000+00:00|1,F05,2020-02-04T05:45:00.392000+00:00,2020-02-04|ASIA,0,ACCEPT,341.0000000000082
F05|2020-02-04T06:45:00.464000+00:00|1,F05,2020-02-04T06:45:00.464000+00:00,2020-02-04|ASIA,0,ACCEPT,303.0000000000115
B02|2020-02-04T08:00:00.102000+00:00|1,B02,2020-02-04T08:00:00.102000+00:00,2020-02-04|LONDON,0,ACCEPT,560.0000000000023
F05|2020-02-04T08:00:00.102000+00:00|1,F05,2020-02-04T08:00:00.102000+00:00,2020-02-04|LONDON,0,ACCEPT,394.999999999996
F05|2020-02-04T08:30:00.411000+00:00|1,F05,2020-02-04T08:30:00.411000+00:00,2020-02-04|LONDON,0,ACCEPT,358.99999999999466
F05|2020-02-04T13:00:00.843000+00:00|1,F05,2020-02-04T13:00:00.843000+00:00,2020-02-04|LONDON_NY_OVERLAP,0,ACCEPT,334.99999999999375
F05|2020-02-04T13:45:00.909000+00:00|1,F05,2020-02-04T13:45:00.909000+00:00,2020-02-04|LONDON_NY_OVERLAP,0,ACCEPT,364.9999999999949
F05|2020-02-04T15:00:00.237000+00:00|1,F05,2020-02-04T15:00:00.237000+00:00,2020-02-04|LONDON_NY_OVERLAP,0,ACCEPT,207.9999999999984
F05|2020-02-04T15:30:00.110000+00:00|1,F05,2020-02-04T15:30:00.110000+00:00,2020-02-04|LONDON_NY_OVERLAP,0,ACCEPT,131.00000000000023
F05|2020-02-04T16:30:01.192000+00:00|1,F05,2020-02-04T16:30:01.192000+00:00,2020-02-04|NEW_YORK,0,ACCEPT,-25.000000000005684
F05|2020-02-04T17:30:00.106000+00:00|1,F05,2020-02-04T17:30:00.106000+00:00,2020-02-04|NEW_YORK,0,ACCEPT,-47.99999999998761
F05|2020-02-04T18:45:00.708000+00:00|1,F05,2020-02-04T18:45:00.708000+00:00,2020-02-04|NEW_YORK,0,ACCEPT,-22.999999999996135
F05|2020-02-04T19:45:05.893000+00:00|1,F05,2020-02-04T19:45:05.893000+00:00,2020-02-04|NEW_YORK,0,ACCEPT,-88.00000000000807
B02|2020-02-05T07:15:00.141000+00:00|-1,B02,2020-02-05T07:15:00.141000+00:00,2020-02-05|LONDON,0,ACCEPT,-2.0000000000095497
B02|2020-02-05T08:45:00.226000+00:00|1,B02,2020-02-05T08:45:00.226000+00:00,2020-02-05|LONDON,1,ACCEPT,253.0000000000001
F05|2020-02-05T08:45:00.226000+00:00|1,F05,2020-02-05T08:45:00.226000+00:00,2020-02-05|LONDON,1,ACCEPT,124.00000000000944
F05|2020-02-05T13:30:01.333000+00:00|1,F05,2020-02-05T13:30:01.333000+00:00,2020-02-05|LONDON_NY_OVERLAP,0,ACCEPT,75.00000000000284
F05|2020-02-06T00:15:00.265000+00:00|1,F05,2020-02-06T00:15:00.265000+00:00,2020-02-06|ASIA,0,ACCEPT,40.99999999999682
F05|2020-02-06T04:15:00.340000+00:00|1,F05,2020-02-06T04:15:00.340000+00:00,2020-02-06|ASIA,0,ACCEPT,-30.9999999999917
B02|2020-02-06T09:30:00.254000+00:00|-1,B02,2020-02-06T09:30:00.254000+00:00,2020-02-06|LONDON,0,ACCEPT,-14.999999999986358
F05|2020-02-06T19:15:00.056000+00:00|1,F05,2020-02-06T19:15:00.056000+00:00,2020-02-06|NEW_YORK,0,ACCEPT,-78.00000000000296
B02|2020-02-07T10:00:00.427000+00:00|-1,B02,2020-02-07T10:00:00.427000+00:00,2020-02-07|LONDON,0,ACCEPT,-18.000000000000682
F05|2020-02-07T10:15:00.559000+00:00|-1,F05,2020-02-07T10:15:00.559000+00:00,2020-02-07|LONDON,0,ACCEPT,-81.99999999999363
F05|2020-02-07T14:45:00.161000+00:00|-1,F05,2020-02-07T14:45:00.161000+00:00,2020-02-07|LONDON_NY_OVERLAP,0,ACCEPT,-177.99999999999727
F05|2020-02-11T02:45:02.026000+00:00|1,F05,2020-02-11T02:45:02.026000+00:00,2020-02-11|ASIA,0,ACCEPT,-15.999999999991132
F05|2020-02-11T06:15:03.406000+00:00|1,F05,2020-02-11T06:15:03.406000+00:00,2020-02-11|ASIA,0,ACCEPT,-144.00000000000546
B02|2020-02-12T07:45:00.786000+00:00|1,B02,2020-02-12T07:45:00.786000+00:00,2020-02-12|LONDON,0,ACCEPT,172.9999999999876
F05|2020-02-12T08:45:00.100000+00:00|1,F05,2020-02-12T08:45:00.100000+00:00,2020-02-12|LONDON,0,ACCEPT,-125.0
B02|2020-02-13T08:00:00.163000+00:00|-1,B02,2020-02-13T08:00:00.163000+00:00,2020-02-13|LONDON,0,ACCEPT,-81.00000000000307
F05|2020-02-13T08:00:00.163000+00:00|-1,F05,2020-02-13T08:00:00.163000+00:00,2020-02-13|LONDON,0,ACCEPT,-73.0000000000075
F05|2020-02-13T10:15:00.356000+00:00|-1,F05,2020-02-13T10:15:00.356000+00:00,2020-02-13|LONDON,0,ACCEPT,-102.99999999999443
B02|2020-02-17T07:15:00.771000+00:00|1,B02,2020-02-17T07:15:00.771000+00:00,2020-02-17|LONDON,0,ACCEPT,-15.999999999991132
F05|2020-02-17T12:00:01.959000+00:00|1,F05,2020-02-17T12:00:01.959000+00:00,2020-02-17|LONDON,1,ACCEPT,49.000000000006594
F05|2020-02-17T15:00:00.256000+00:00|1,F05,2020-02-17T15:00:00.256000+00:00,2020-02-17|LONDON_NY_OVERLAP,0,ACCEPT,-61.99999999999761
F05|2020-02-17T16:00:00.644000+00:00|1,F05,2020-02-17T16:00:00.644000+00:00,2020-02-17|NEW_YORK,0,ACCEPT,-102.99999999999443
F05|2020-02-18T02:45:00.080000+00:00|-1,F05,2020-02-18T02:45:00.080000+00:00,2020-02-18|ASIA,1,ACCEPT,-27.000000000001023
F05|2020-02-19T02:00:00.226000+00:00|1,F05,2020-02-19T02:00:00.226000+00:00,2020-02-19|ASIA,0,ACCEPT,264.00000000001
B02|2020-02-19T07:45:00.072000+00:00|1,B02,2020-02-19T07:45:00.072000+00:00,2020-02-19|LONDON,0,ACCEPT,-42.00000000000159
F05|2020-02-19T07:45:00.072000+00:00|1,F05,2020-02-19T07:45:00.072000+00:00,2020-02-19|LONDON,0,ACCEPT,814.0000000000072
F05|2020-02-19T08:45:00.018000+00:00|1,F05,2020-02-19T08:45:00.018000+00:00,2020-02-19|LONDON,1,ACCEPT,1031.9999999999964
F05|2020-02-19T10:30:00.058000+00:00|1,F05,2020-02-19T10:30:00.058000+00:00,2020-02-19|LONDON,0,ACCEPT,947.0000000000027
F05|2020-02-19T11:30:10.712000+00:00|1,F05,2020-02-19T11:30:10.712000+00:00,2020-02-19|LONDON,0,ACCEPT,1013.9999999999958
F05|2020-02-19T12:00:03.692000+00:00|1,F05,2020-02-19T12:00:03.692000+00:00,2020-02-19|LONDON,0,ACCEPT,1128.0
F05|2020-02-19T13:00:00.034000+00:00|1,F05,2020-02-19T13:00:00.034000+00:00,2020-02-19|LONDON_NY_OVERLAP,0,ACCEPT,754.9999999999955
F05|2020-02-19T13:30:00.035000+00:00|1,F05,2020-02-19T13:30:00.035000+00:00,2020-02-19|LONDON_NY_OVERLAP,0,ACCEPT,736.9999999999948
F05|2020-02-19T15:00:00.073000+00:00|1,F05,2020-02-19T15:00:00.073000+00:00,2020-02-19|LONDON_NY_OVERLAP,0,ACCEPT,407.0000000000107
F05|2020-02-19T15:45:00.140000+00:00|1,F05,2020-02-19T15:45:00.140000+00:00,2020-02-19|LONDON_NY_OVERLAP,0,ACCEPT,295.99999999999227
F05|2020-02-19T16:15:00.219000+00:00|1,F05,2020-02-19T16:15:00.219000+00:00,2020-02-19|NEW_YORK,0,ACCEPT,147.99999999999613
F05|2020-02-19T19:00:00.153000+00:00|1,F05,2020-02-19T19:00:00.153000+00:00,2020-02-19|NEW_YORK,0,ACCEPT,-28.000000000005798
B02|2020-02-20T07:30:00.381000+00:00|1,B02,2020-02-20T07:30:00.381000+00:00,2020-02-20|LONDON,0,ACCEPT,-12.000000000000455
F05|2020-02-20T07:30:00.381000+00:00|1,F05,2020-02-20T07:30:00.381000+00:00,2020-02-20|LONDON,0,ACCEPT,225.9999999999991
F05|2020-02-20T09:45:00.241000+00:00|1,F05,2020-02-20T09:45:00.241000+00:00,2020-02-20|LONDON,1,ACCEPT,-13.00000000000523
F05|2020-02-20T10:45:08.590000+00:00|1,F05,2020-02-20T10:45:08.590000+00:00,2020-02-20|LONDON,1,ACCEPT,-42.00000000000159
B02|2020-02-21T07:30:01.254000+00:00|-1,B02,2020-02-21T07:30:01.254000+00:00,2020-02-21|LONDON,0,ACCEPT,225.9999999999991
F05|2020-02-21T08:15:00.136000+00:00|-1,F05,2020-02-21T08:15:00.136000+00:00,2020-02-21|LONDON,0,ACCEPT,-183.9999999999975
B02|2020-02-24T08:45:00.498000+00:00|-1,B02,2020-02-24T08:45:00.498000+00:00,2020-02-24|LONDON,0,ACCEPT,-9.000000000000341
F05|2020-02-24T14:15:00.097000+00:00|-1,F05,2020-02-24T14:15:00.097000+00:00,2020-02-24|LONDON_NY_OVERLAP,0,ACCEPT,370.9999999999951
F05|2020-02-24T15:00:00.084000+00:00|-1,F05,2020-02-24T15:00:00.084000+00:00,2020-02-24|LONDON_NY_OVERLAP,0,ACCEPT,70.99999999999795
F05|2020-02-24T15:30:00.102000+00:00|-1,F05,2020-02-24T15:30:00.102000+00:00,2020-02-24|LONDON_NY_OVERLAP,0,ACCEPT,-209.00000000000318
F05|2020-02-24T17:30:00.289000+00:00|-1,F05,2020-02-24T17:30:00.289000+00:00,2020-02-24|NEW_YORK,0,ACCEPT,-537.9999999999967
B02|2020-02-25T07:30:00.339000+00:00|-1,B02,2020-02-25T07:30:00.339000+00:00,2020-02-25|LONDON,0,ACCEPT,750.9999999999906
F05|2020-02-25T15:30:00.407000+00:00|-1,F05,2020-02-25T15:30:00.407000+00:00,2020-02-25|LONDON_NY_OVERLAP,0,ACCEPT,-111.0000000000042
B02|2020-02-26T11:45:00.591000+00:00|1,B02,2020-02-26T11:45:00.591000+00:00,2020-02-26|LONDON,0,ACCEPT,-18.000000000000682
F05|2020-02-26T14:45:00.121000+00:00|1,F05,2020-02-26T14:45:00.121000+00:00,2020-02-26|LONDON_NY_OVERLAP,0,ACCEPT,-287.9999999999967
F05|2020-02-27T05:00:00.033000+00:00|-1,F05,2020-02-27T05:00:00.033000+00:00,2020-02-27|ASIA,0,ACCEPT,143.00000000000068
F05|2020-02-27T05:45:00.013000+00:00|-1,F05,2020-02-27T05:45:00.013000+00:00,2020-02-27|ASIA,0,ACCEPT,124.00000000000944
B02|2020-02-27T08:45:00.190000+00:00|-1,B02,2020-02-27T08:45:00.190000+00:00,2020-02-27|LONDON,0,ACCEPT,33.999999999991815
F05|2020-02-27T08:45:00.190000+00:00|-1,F05,2020-02-27T08:45:00.190000+00:00,2020-02-27|LONDON,0,ACCEPT,-99.00000000000375
F05|2020-02-27T12:30:00.129000+00:00|-1,F05,2020-02-27T12:30:00.129000+00:00,2020-02-27|LONDON,0,ACCEPT,-117.00000000000443
F05|2020-02-27T13:30:00.348000+00:00|-1,F05,2020-02-27T13:30:00.348000+00:00,2020-02-27|LONDON_NY_OVERLAP,0,ACCEPT,133.00000000000978
F05|2020-02-28T03:15:00.307000+00:00|-1,F05,2020-02-28T03:15:00.307000+00:00,2020-02-28|ASIA,0,ACCEPT,520.0000000000102
F05|2020-02-28T06:15:00.018000+00:00|-1,F05,2020-02-28T06:15:00.018000+00:00,2020-02-28|ASIA,0,ACCEPT,246.9999999999999
B02|2020-02-28T08:45:00.056000+00:00|-1,B02,2020-02-28T08:45:00.056000+00:00,2020-02-28|LONDON,0,ACCEPT,-45.000000000001705
F05|2020-02-28T08:45:00.056000+00:00|-1,F05,2020-02-28T08:45:00.056000+00:00,2020-02-28|LONDON,0,ACCEPT,289.0000000000015
F05|2020-02-28T15:00:00.107000+00:00|-1,F05,2020-02-28T15:00:00.107000+00:00,2020-02-28|LONDON_NY_OVERLAP,0,ACCEPT,1025.9999999999964
B02|2020-03-02T07:45:00.287000+00:00|1,B02,2020-03-02T07:45:00.287000+00:00,2020-03-02|LONDON,0,ACCEPT,-179.00000000000205
F05|2020-03-03T15:15:00.067000+00:00|-1,F05,2020-03-03T15:15:00.067000+00:00,2020-03-03|LONDON_NY_OVERLAP,0,ACCEPT,438.99999999999295
F05|2020-03-03T18:45:00.094000+00:00|-1,F05,2020-03-03T18:45:00.094000+00:00,2020-03-03|NEW_YORK,0,ACCEPT,-12.000000000000455
B02|2020-03-04T07:15:00.092000+00:00|1,B02,2020-03-04T07:15:00.092000+00:00,2020-03-04|LONDON,0,ACCEPT,-58.9999999999975
F05|2020-03-05T00:00:00.060000+00:00|1,F05,2020-03-05T00:00:00.060000+00:00,2020-03-05|ASIA,0,ACCEPT,-346.00000000000364
B02|2020-03-05T07:15:00.181000+00:00|-1,B02,2020-03-05T07:15:00.181000+00:00,2020-03-05|LONDON,0,ACCEPT,819.9999999999932
F05|2020-03-05T09:15:00.056000+00:00|-1,F05,2020-03-05T09:15:00.056000+00:00,2020-03-05|LONDON,1,ACCEPT,572.9999999999933
F05|2020-03-05T10:15:00.079000+00:00|-1,F05,2020-03-05T10:15:00.079000+00:00,2020-03-05|LONDON,1,ACCEPT,547.0000000000113
F05|2020-03-05T11:00:00.071000+00:00|-1,F05,2020-03-05T11:00:00.071000+00:00,2020-03-05|LONDON,1,ACCEPT,364.0000000000043
F05|2020-03-05T16:00:00.407000+00:00|-1,F05,2020-03-05T16:00:00.407000+00:00,2020-03-05|NEW_YORK,0,ACCEPT,402.000000000001
F05|2020-03-05T16:45:00.033000+00:00|-1,F05,2020-03-05T16:45:00.033000+00:00,2020-03-05|NEW_YORK,0,ACCEPT,415.9999999999968
F05|2020-03-05T17:15:00.058000+00:00|-1,F05,2020-03-05T17:15:00.058000+00:00,2020-03-05|NEW_YORK,0,ACCEPT,373.00000000000466
F05|2020-03-06T02:00:01.181000+00:00|-1,F05,2020-03-06T02:00:01.181000+00:00,2020-03-06|ASIA,0,ACCEPT,778.9999999999964
F05|2020-03-06T04:00:00.356000+00:00|-1,F05,2020-03-06T04:00:00.356000+00:00,2020-03-06|ASIA,0,ACCEPT,546.0000000000065
B02|2020-03-06T09:30:00.199000+00:00|-1,B02,2020-03-06T09:30:00.199000+00:00,2020-03-06|LONDON,0,ACCEPT,289.0000000000015
F05|2020-03-06T09:45:00.209000+00:00|-1,F05,2020-03-06T09:45:00.209000+00:00,2020-03-06|LONDON,0,ACCEPT,-66.0000000000025
F05|2020-03-06T10:30:00.144000+00:00|-1,F05,2020-03-06T10:30:00.144000+00:00,2020-03-06|LONDON,0,ACCEPT,-468.9999999999941
F05|2020-03-09T01:45:00.227000+00:00|-1,F05,2020-03-09T01:45:00.227000+00:00,2020-03-09|ASIA,0,ACCEPT,-15.999999999991132
F05|2020-03-09T13:45:00.046000+00:00|-1,F05,2020-03-09T13:45:00.046000+00:00,2020-03-09|LONDON_NY_OVERLAP,0,ACCEPT,-213.99999999999864
F05|2020-03-10T04:00:00.267000+00:00|1,F05,2020-03-10T04:00:00.267000+00:00,2020-03-10|ASIA,0,ACCEPT,953.9999999999935
F05|2020-03-10T05:15:00.080000+00:00|1,F05,2020-03-10T05:15:00.080000+00:00,2020-03-10|ASIA,0,ACCEPT,-463.99999999999864
B02|2020-03-10T10:45:00.016000+00:00|1,B02,2020-03-10T10:45:00.016000+00:00,2020-03-10|LONDON,0,ACCEPT,168.99999999999693
F05|2020-03-10T10:45:00.016000+00:00|1,F05,2020-03-10T10:45:00.016000+00:00,2020-03-10|LONDON,0,ACCEPT,-126.99999999999534
F05|2020-03-10T19:15:00.025000+00:00|1,F05,2020-03-10T19:15:00.025000+00:00,2020-03-10|NEW_YORK,1,ACCEPT,-579.9999999999983
B02|2020-03-11T09:30:00.173000+00:00|1,B02,2020-03-11T09:30:00.173000+00:00,2020-03-11|LONDON,0,ACCEPT,-881.0000000000002
F05|2020-03-12T01:30:00.259000+00:00|-1,F05,2020-03-12T01:30:00.259000+00:00,2020-03-12|ASIA,0,ACCEPT,43.99999999999693
F05|2020-03-12T15:45:00.062000+00:00|1,F05,2020-03-12T15:45:00.062000+00:00,2020-03-12|LONDON_NY_OVERLAP,0,ACCEPT,-1206.0000000000032
B02|2020-03-13T08:30:00.304000+00:00|1,B02,2020-03-13T08:30:00.304000+00:00,2020-03-13|LONDON,0,ACCEPT,2046.999999999997
F05|2020-03-13T10:00:00.614000+00:00|1,F05,2020-03-13T10:00:00.614000+00:00,2020-03-13|LONDON,0,ACCEPT,1388.999999999996
F05|2020-03-13T11:45:02.548000+00:00|1,F05,2020-03-13T11:45:02.548000+00:00,2020-03-13|LONDON,0,ACCEPT,1542.0000000000016
F05|2020-03-13T16:45:00.117000+00:00|1,F05,2020-03-13T16:45:00.117000+00:00,2020-03-13|NEW_YORK,0,ACCEPT,-951.0000000000076
F05|2020-03-13T17:30:00.035000+00:00|1,F05,2020-03-13T17:30:00.035000+00:00,2020-03-13|NEW_YORK,0,ACCEPT,-992.0000000000044
F05|2020-03-13T19:00:00.055000+00:00|1,F05,2020-03-13T19:00:00.055000+00:00,2020-03-13|NEW_YORK,0,ACCEPT,-1009.0000000000003
B02|2020-03-16T09:00:00.049000+00:00|-1,B02,2020-03-16T09:00:00.049000+00:00,2020-03-16|LONDON,0,ACCEPT,18.999999999991246
F05|2020-03-16T12:00:00.049000+00:00|-1,F05,2020-03-16T12:00:00.049000+00:00,2020-03-16|LONDON,0,ACCEPT,-127.00000000000955
F05|2020-03-16T12:30:00.007000+00:00|-1,F05,2020-03-16T12:30:00.007000+00:00,2020-03-16|LONDON,1,ACCEPT,-325.00000000000284
F05|2020-03-17T14:45:00.638000+00:00|1,F05,2020-03-17T14:45:00.638000+00:00,2020-03-17|LONDON_NY_OVERLAP,0,ACCEPT,-25.99999999999625
F05|2020-03-17T15:30:00.013000+00:00|1,F05,2020-03-17T15:30:00.013000+00:00,2020-03-17|LONDON_NY_OVERLAP,0,ACCEPT,-100.99999999999909
F05|2020-03-17T18:45:00.002000+00:00|1,F05,2020-03-17T18:45:00.002000+00:00,2020-03-17|NEW_YORK,0,ACCEPT,-512.999999999991
B02|2020-03-18T13:00:00.058000+00:00|1,B02,2020-03-18T13:00:00.058000+00:00,2020-03-18|LONDON_NY_OVERLAP,0,ACCEPT,1159.9999999999966
F05|2020-03-18T13:45:00.029000+00:00|1,F05,2020-03-18T13:45:00.029000+00:00,2020-03-18|LONDON_NY_OVERLAP,0,ACCEPT,-18.000000000000682
F05|2020-03-18T16:00:00.108000+00:00|1,F05,2020-03-18T16:00:00.108000+00:00,2020-03-18|NEW_YORK,0,ACCEPT,-80.0000000000125
F05|2020-03-19T01:00:00.197000+00:00|1,F05,2020-03-19T01:00:00.197000+00:00,2020-03-19|ASIA,0,ACCEPT,100.00000000000853
F05|2020-03-19T02:15:00.126000+00:00|1,F05,2020-03-19T02:15:00.126000+00:00,2020-03-19|ASIA,0,ACCEPT,-320.99999999999795
B02|2020-03-19T11:15:00.350000+00:00|1,B02,2020-03-19T11:15:00.350000+00:00,2020-03-19|LONDON,1,ACCEPT,1328.9999999999936
F05|2020-03-19T11:15:00.350000+00:00|1,F05,2020-03-19T11:15:00.350000+00:00,2020-03-19|LONDON,1,ACCEPT,1115.9999999999995
F05|2020-03-19T18:00:00.328000+00:00|1,F05,2020-03-19T18:00:00.328000+00:00,2020-03-19|NEW_YORK,0,ACCEPT,34.000000000006025
B02|2020-03-20T07:30:00.189000+00:00|-1,B02,2020-03-20T07:30:00.189000+00:00,2020-03-20|LONDON,0,ACCEPT,-85.99999999999852
F05|2020-03-20T17:00:00.158000+00:00|1,F05,2020-03-20T17:00:00.158000+00:00,2020-03-20|NEW_YORK,0,ACCEPT,-930.9999999999974
B02|2020-03-23T11:30:00.103000+00:00|1,B02,2020-03-23T11:30:00.103000+00:00,2020-03-23|LONDON,0,ACCEPT,-16.999999999995907
F05|2020-03-23T16:30:00.012000+00:00|1,F05,2020-03-23T16:30:00.012000+00:00,2020-03-23|NEW_YORK,0,ACCEPT,-810.9999999999928
F05|2020-03-24T16:45:00.156000+00:00|1,F05,2020-03-24T16:45:00.156000+00:00,2020-03-24|NEW_YORK,0,ACCEPT,-545.0000000000017
F05|2020-03-24T19:30:00.138000+00:00|1,F05,2020-03-24T19:30:00.138000+00:00,2020-03-24|NEW_YORK,0,ACCEPT,-734.9999999999994
B02|2020-03-25T08:15:00.327000+00:00|1,B02,2020-03-25T08:15:00.327000+00:00,2020-03-25|LONDON,0,ACCEPT,-358.99999999999466
F05|2020-03-26T00:45:00.603000+00:00|-1,F05,2020-03-26T00:45:00.603000+00:00,2020-03-26|ASIA,0,ACCEPT,420.99999999999227
F05|2020-03-26T01:15:00.345000+00:00|-1,F05,2020-03-26T01:15:00.345000+00:00,2020-03-26|ASIA,0,ACCEPT,640.0000000000006
B02|2020-03-26T07:15:00.368000+00:00|-1,B02,2020-03-26T07:15:00.368000+00:00,2020-03-26|LONDON,0,ACCEPT,1030.9999999999918
F05|2020-03-26T07:15:00.368000+00:00|-1,F05,2020-03-26T07:15:00.368000+00:00,2020-03-26|LONDON,0,ACCEPT,757.9999999999956
F05|2020-03-26T09:00:00.138000+00:00|-1,F05,2020-03-26T09:00:00.138000+00:00,2020-03-26|LONDON,0,ACCEPT,640.9999999999911
F05|2020-03-26T11:30:00.003000+00:00|-1,F05,2020-03-26T11:30:00.003000+00:00,2020-03-26|LONDON,0,ACCEPT,182.00000000000216
F05|2020-03-26T13:15:00.714000+00:00|-1,F05,2020-03-26T13:15:00.714000+00:00,2020-03-26|LONDON_NY_OVERLAP,0,ACCEPT,-200.9999999999934
F05|2020-03-26T18:45:00.003000+00:00|-1,F05,2020-03-26T18:45:00.003000+00:00,2020-03-26|NEW_YORK,0,ACCEPT,-7.999999999995566
F05|2020-03-27T00:00:00.007000+00:00|-1,F05,2020-03-27T00:00:00.007000+00:00,2020-03-27|ASIA,0,ACCEPT,239.99999999999488
F05|2020-03-27T01:00:00.040000+00:00|-1,F05,2020-03-27T01:00:00.040000+00:00,2020-03-27|ASIA,0,ACCEPT,-16.999999999995907
F05|2020-03-27T02:30:00.038000+00:00|-1,F05,2020-03-27T02:30:00.038000+00:00,2020-03-27|ASIA,1,ACCEPT,-13.999999999995794
F05|2020-03-27T03:15:02.247000+00:00|-1,F05,2020-03-27T03:15:02.247000+00:00,2020-03-27|ASIA,2,BLOCK,-7.999999999995566
F05|2020-03-27T14:15:00.070000+00:00|-1,F05,2020-03-27T14:15:00.070000+00:00,2020-03-27|LONDON_NY_OVERLAP,0,ACCEPT,-99.99999999999432
F05|2020-03-27T15:00:00.029000+00:00|-1,F05,2020-03-27T15:00:00.029000+00:00,2020-03-27|LONDON_NY_OVERLAP,1,ACCEPT,418.99999999999693
F05|2020-03-27T15:30:00.121000+00:00|-1,F05,2020-03-27T15:30:00.121000+00:00,2020-03-27|LONDON_NY_OVERLAP,1,ACCEPT,-28.999999999996362
F05|2020-03-27T19:00:00.093000+00:00|-1,F05,2020-03-27T19:00:00.093000+00:00,2020-03-27|NEW_YORK,0,ACCEPT,-51.00000000000193
F05|2020-03-30T01:45:00.046000+00:00|-1,F05,2020-03-30T01:45:00.046000+00:00,2020-03-30|ASIA,0,ACCEPT,-358.99999999999466
B02|2020-03-30T12:45:00.256000+00:00|1,B02,2020-03-30T12:45:00.256000+00:00,2020-03-30|LONDON,1,ACCEPT,-123.99999999999523
F05|2020-03-31T01:00:00.136000+00:00|1,F05,2020-03-31T01:00:00.136000+00:00,2020-03-31|ASIA,0,ACCEPT,-24.00000000000091
F05|2020-03-31T15:30:00.038000+00:00|-1,F05,2020-03-31T15:30:00.038000+00:00,2020-03-31|LONDON_NY_OVERLAP,0,ACCEPT,-43.99999999999693
F05|2020-04-01T00:15:00.020000+00:00|-1,F05,2020-04-01T00:15:00.020000+00:00,2020-04-01|ASIA,0,ACCEPT,-319.0000000000026
F05|2020-04-01T14:00:00.021000+00:00|-1,F05,2020-04-01T14:00:00.021000+00:00,2020-04-01|LONDON_NY_OVERLAP,0,ACCEPT,63.00000000000239
F05|2020-04-01T19:45:00.070000+00:00|-1,F05,2020-04-01T19:45:00.070000+00:00,2020-04-01|NEW_YORK,0,ACCEPT,-480.000000000004
B02|2020-04-02T12:45:00.661000+00:00|-1,B02,2020-04-02T12:45:00.661000+00:00,2020-04-02|LONDON,0,ACCEPT,-1034.9999999999966
F05|2020-04-02T14:45:00.104000+00:00|1,F05,2020-04-02T14:45:00.104000+00:00,2020-04-02|LONDON_NY_OVERLAP,0,ACCEPT,156.99999999999648
B02|2020-04-03T07:30:00.950000+00:00|1,B02,2020-04-03T07:30:00.950000+00:00,2020-04-03|LONDON,0,ACCEPT,80.99999999998886
F05|2020-04-03T07:30:00.950000+00:00|1,F05,2020-04-03T07:30:00.950000+00:00,2020-04-03|LONDON,0,ACCEPT,274.9999999999915
F05|2020-04-03T09:15:00.351000+00:00|1,F05,2020-04-03T09:15:00.351000+00:00,2020-04-03|LONDON,0,ACCEPT,25.000000000005684
F05|2020-04-03T11:15:00.535000+00:00|1,F05,2020-04-03T11:15:00.535000+00:00,2020-04-03|LONDON,0,ACCEPT,-274.0000000000009
F05|2020-04-06T00:00:00.154000+00:00|1,F05,2020-04-06T00:00:00.154000+00:00,2020-04-06|ASIA,0,ACCEPT,454.9999999999983
F05|2020-04-06T07:00:00.075000+00:00|1,F05,2020-04-06T07:00:00.075000+00:00,2020-04-06|LONDON,0,ACCEPT,-60.000000000002274
B02|2020-04-06T07:15:00.008000+00:00|1,B02,2020-04-06T07:15:00.008000+00:00,2020-04-06|LONDON,0,ACCEPT,-54.000000000002046
F05|2020-04-07T02:30:00.155000+00:00|-1,F05,2020-04-07T02:30:00.155000+00:00,2020-04-07|ASIA,0,ACCEPT,-326.0000000000076
F05|2020-04-08T00:15:03.741000+00:00|-1,F05,2020-04-08T00:15:03.741000+00:00,2020-04-08|ASIA,0,ACCEPT,-268.0000000000007
B02|2020-04-09T10:00:00.652000+00:00|-1,B02,2020-04-09T10:00:00.652000+00:00,2020-04-09|LONDON,0,ACCEPT,-21.99999999999136
F05|2020-04-09T15:15:00.058000+00:00|-1,F05,2020-04-09T15:15:00.058000+00:00,2020-04-09|LONDON_NY_OVERLAP,0,ACCEPT,-115.99999999999966
F05|2020-04-09T17:15:00.016000+00:00|-1,F05,2020-04-09T17:15:00.016000+00:00,2020-04-09|NEW_YORK,0,ACCEPT,-281.0000000000059
F05|2020-04-13T01:00:01.348000+00:00|-1,F05,2020-04-13T01:00:01.348000+00:00,2020-04-13|ASIA,0,ACCEPT,264.00000000001
F05|2020-04-13T04:45:01.049000+00:00|-1,F05,2020-04-13T04:45:01.049000+00:00,2020-04-13|ASIA,0,ACCEPT,-34.99999999999659
F05|2020-04-13T06:30:00.084000+00:00|-1,F05,2020-04-13T06:30:00.084000+00:00,2020-04-13|ASIA,0,ACCEPT,131.9999999999908
F05|2020-04-13T14:15:00.339000+00:00|-1,F05,2020-04-13T14:15:00.339000+00:00,2020-04-13|LONDON_NY_OVERLAP,0,ACCEPT,54.000000000002046
F05|2020-04-13T15:30:00.599000+00:00|-1,F05,2020-04-13T15:30:00.599000+00:00,2020-04-13|LONDON_NY_OVERLAP,0,ACCEPT,-44.999999999987494
F05|2020-04-13T16:00:00.093000+00:00|-1,F05,2020-04-13T16:00:00.093000+00:00,2020-04-13|NEW_YORK,0,ACCEPT,-36.000000000001364
B02|2020-04-14T09:15:01.178000+00:00|-1,B02,2020-04-14T09:15:01.178000+00:00,2020-04-14|LONDON,0,ACCEPT,-13.999999999995794
F05|2020-04-14T09:15:01.178000+00:00|-1,F05,2020-04-14T09:15:01.178000+00:00,2020-04-14|LONDON,0,ACCEPT,394.00000000000546
F05|2020-04-14T11:45:04.966000+00:00|-1,F05,2020-04-14T11:45:04.966000+00:00,2020-04-14|LONDON,1,ACCEPT,210.99999999999852
F05|2020-04-14T12:30:00.012000+00:00|-1,F05,2020-04-14T12:30:00.012000+00:00,2020-04-14|LONDON,1,ACCEPT,79.00000000000773
F05|2020-04-14T15:00:00.075000+00:00|-1,F05,2020-04-14T15:00:00.075000+00:00,2020-04-14|LONDON_NY_OVERLAP,0,ACCEPT,28.999999999996362
F05|2020-04-14T15:30:00.090000+00:00|-1,F05,2020-04-14T15:30:00.090000+00:00,2020-04-14|LONDON_NY_OVERLAP,0,ACCEPT,42.00000000000159
F05|2020-04-14T17:45:00.588000+00:00|-1,F05,2020-04-14T17:45:00.588000+00:00,2020-04-14|NEW_YORK,0,ACCEPT,-126.99999999999534
B02|2020-04-15T08:00:00.037000+00:00|1,B02,2020-04-15T08:00:00.037000+00:00,2020-04-15|LONDON,0,ACCEPT,-10.000000000005116
F05|2020-04-15T12:45:00.362000+00:00|1,F05,2020-04-15T12:45:00.362000+00:00,2020-04-15|LONDON,1,ACCEPT,-66.0000000000025
F05|2020-04-15T13:15:00.064000+00:00|1,F05,2020-04-15T13:15:00.064000+00:00,2020-04-15|LONDON_NY_OVERLAP,0,ACCEPT,-287.9999999999967
F05|2020-04-16T02:00:00.159000+00:00|1,F05,2020-04-16T02:00:00.159000+00:00,2020-04-16|ASIA,0,ACCEPT,-140.00000000000057
F05|2020-04-16T03:45:01.099000+00:00|1,F05,2020-04-16T03:45:01.099000+00:00,2020-04-16|ASIA,0,ACCEPT,-316.0000000000025
F05|2020-04-16T04:30:00.267000+00:00|1,F05,2020-04-16T04:30:00.267000+00:00,2020-04-16|ASIA,0,ACCEPT,-594.0000000000083
B02|2020-04-16T12:15:06.335000+00:00|-1,B02,2020-04-16T12:15:06.335000+00:00,2020-04-16|LONDON,2,BLOCK,-158.00000000000125
F05|2020-04-16T14:30:00.026000+00:00|-1,F05,2020-04-16T14:30:00.026000+00:00,2020-04-16|LONDON_NY_OVERLAP,0,ACCEPT,-740.0000000000091
B02|2020-04-17T12:15:00.149000+00:00|-1,B02,2020-04-17T12:15:00.149000+00:00,2020-04-17|LONDON,0,ACCEPT,-174.99999999999716
F05|2020-04-20T06:15:00.216000+00:00|1,F05,2020-04-20T06:15:00.216000+00:00,2020-04-20|ASIA,1,ACCEPT,-194.00000000000261
B02|2020-04-20T09:15:00.084000+00:00|-1,B02,2020-04-20T09:15:00.084000+00:00,2020-04-20|LONDON,0,ACCEPT,-9.000000000000341
F05|2020-04-21T02:45:00.173000+00:00|-1,F05,2020-04-21T02:45:00.173000+00:00,2020-04-21|ASIA,0,ACCEPT,135.00000000000512
F05|2020-04-21T05:15:00.675000+00:00|-1,F05,2020-04-21T05:15:00.675000+00:00,2020-04-21|ASIA,0,ACCEPT,-219.99999999999886
B02|2020-04-21T07:15:01.349000+00:00|-1,B02,2020-04-21T07:15:01.349000+00:00,2020-04-21|LONDON,0,ACCEPT,-21.000000000000796
F05|2020-04-21T07:15:01.349000+00:00|-1,F05,2020-04-21T07:15:01.349000+00:00,2020-04-21|LONDON,0,ACCEPT,-200.00000000000284
F05|2020-04-21T14:45:00.173000+00:00|1,F05,2020-04-21T14:45:00.173000+00:00,2020-04-21|LONDON_NY_OVERLAP,1,ACCEPT,-16.999999999995907
F05|2020-04-21T17:30:00.096000+00:00|1,F05,2020-04-21T17:30:00.096000+00:00,2020-04-21|NEW_YORK,0,ACCEPT,-28.000000000005798
B02|2020-04-23T08:00:00.079000+00:00|-1,B02,2020-04-23T08:00:00.079000+00:00,2020-04-23|LONDON,0,ACCEPT,-10.99999999999568
F05|2020-04-23T11:15:00.476000+00:00|-1,F05,2020-04-23T11:15:00.476000+00:00,2020-04-23|LONDON,1,ACCEPT,-45.000000000001705
F05|2020-04-23T12:30:00.005000+00:00|-1,F05,2020-04-23T12:30:00.005000+00:00,2020-04-23|LONDON,1,ACCEPT,-243.99999999999977
F05|2020-04-27T03:30:00.491000+00:00|-1,F05,2020-04-27T03:30:00.491000+00:00,2020-04-27|ASIA,0,ACCEPT,180.99999999999739
F05|2020-04-27T04:45:03.278000+00:00|-1,F05,2020-04-27T04:45:03.278000+00:00,2020-04-27|ASIA,0,ACCEPT,156.0000000000059
F05|2020-04-27T06:15:00.695000+00:00|-1,F05,2020-04-27T06:15:00.695000+00:00,2020-04-27|ASIA,0,ACCEPT,-96.00000000000364
F05|2020-04-27T13:30:00.094000+00:00|-1,F05,2020-04-27T13:30:00.094000+00:00,2020-04-27|LONDON_NY_OVERLAP,0,ACCEPT,-239.00000000000432
B02|2020-04-28T07:15:01.163000+00:00|-1,B02,2020-04-28T07:15:01.163000+00:00,2020-04-28|LONDON,0,ACCEPT,278.99999999999636
F05|2020-04-28T09:30:00.003000+00:00|-1,F05,2020-04-28T09:30:00.003000+00:00,2020-04-28|LONDON,0,ACCEPT,-135.00000000000512
F05|2020-04-28T11:30:00.183000+00:00|-1,F05,2020-04-28T11:30:00.183000+00:00,2020-04-28|LONDON,0,ACCEPT,-298.0000000000018
F05|2020-04-29T01:45:00.961000+00:00|-1,F05,2020-04-29T01:45:00.961000+00:00,2020-04-29|ASIA,0,ACCEPT,24.00000000000091
B02|2020-04-29T07:30:00.052000+00:00|-1,B02,2020-04-29T07:30:00.052000+00:00,2020-04-29|LONDON,0,ACCEPT,-15.000000000000568
F05|2020-04-29T07:30:00.052000+00:00|-1,F05,2020-04-29T07:30:00.052000+00:00,2020-04-29|LONDON,0,ACCEPT,-209.99999999999375
F05|2020-04-30T00:45:00.211000+00:00|1,F05,2020-04-30T00:45:00.211000+00:00,2020-04-30|ASIA,0,ACCEPT,-162.00000000000614
F05|2020-04-30T15:00:00.024000+00:00|1,F05,2020-04-30T15:00:00.024000+00:00,2020-04-30|LONDON_NY_OVERLAP,0,ACCEPT,191.0000000000025
F05|2020-04-30T19:15:00.237000+00:00|1,F05,2020-04-30T19:15:00.237000+00:00,2020-04-30|NEW_YORK,0,ACCEPT,-158.00000000000125
B02|2020-05-01T07:45:00.026000+00:00|-1,B02,2020-05-01T07:45:00.026000+00:00,2020-05-01|LONDON,0,ACCEPT,138.9999999999958
B02|2020-05-04T11:00:00.067000+00:00|1,B02,2020-05-04T11:00:00.067000+00:00,2020-05-04|LONDON,0,ACCEPT,-30.9999999999917
F05|2020-05-05T00:30:00.336000+00:00|-1,F05,2020-05-05T00:30:00.336000+00:00,2020-05-05|ASIA,0,ACCEPT,-196.99999999998852
B02|2020-05-05T07:15:00.196000+00:00|1,B02,2020-05-05T07:15:00.196000+00:00,2020-05-05|LONDON,0,ACCEPT,-39.00000000000148
F05|2020-05-05T18:30:00.103000+00:00|-1,F05,2020-05-05T18:30:00.103000+00:00,2020-05-05|NEW_YORK,0,ACCEPT,152.9999999999916
F05|2020-05-06T00:15:00.087000+00:00|-1,F05,2020-05-06T00:15:00.087000+00:00,2020-05-06|ASIA,0,ACCEPT,13.999999999995794
B02|2020-05-06T11:15:02.238000+00:00|-1,B02,2020-05-06T11:15:02.238000+00:00,2020-05-06|LONDON,0,ACCEPT,99.99999999999432
F05|2020-05-06T11:15:02.238000+00:00|-1,F05,2020-05-06T11:15:02.238000+00:00,2020-05-06|LONDON,0,ACCEPT,120.99999999999511
F05|2020-05-06T11:45:00.303000+00:00|-1,F05,2020-05-06T11:45:00.303000+00:00,2020-05-06|LONDON,0,ACCEPT,-9.000000000000341
F05|2020-05-06T13:45:00.241000+00:00|-1,F05,2020-05-06T13:45:00.241000+00:00,2020-05-06|LONDON_NY_OVERLAP,0,ACCEPT,-49.000000000006594
F05|2020-05-06T15:00:00.472000+00:00|-1,F05,2020-05-06T15:00:00.472000+00:00,2020-05-06|LONDON_NY_OVERLAP,0,ACCEPT,-0.0
B02|2020-05-07T07:45:00.198000+00:00|1,B02,2020-05-07T07:45:00.198000+00:00,2020-05-07|LONDON,0,ACCEPT,-63.00000000000239
F05|2020-05-07T09:15:00.006000+00:00|1,F05,2020-05-07T09:15:00.006000+00:00,2020-05-07|LONDON,0,ACCEPT,-158.00000000000125
F05|2020-05-07T10:30:00.158000+00:00|1,F05,2020-05-07T10:30:00.158000+00:00,2020-05-07|LONDON,0,ACCEPT,-233.99999999999466
B02|2020-05-08T12:45:00.133000+00:00|1,B02,2020-05-08T12:45:00.133000+00:00,2020-05-08|LONDON,0,ACCEPT,-46.00000000000648
F05|2020-05-08T13:00:00.070000+00:00|1,F05,2020-05-08T13:00:00.070000+00:00,2020-05-08|LONDON_NY_OVERLAP,0,ACCEPT,-152.00000000000102
F05|2020-05-11T01:00:00.082000+00:00|1,F05,2020-05-11T01:00:00.082000+00:00,2020-05-11|ASIA,0,ACCEPT,255.00000000000966
F05|2020-05-11T06:45:00.199000+00:00|1,F05,2020-05-11T06:45:00.199000+00:00,2020-05-11|ASIA,0,ACCEPT,409.000000000006
B02|2020-05-11T07:15:00.428000+00:00|1,B02,2020-05-11T07:15:00.428000+00:00,2020-05-11|LONDON,0,ACCEPT,-19.99999999999602
F05|2020-05-11T07:15:00.428000+00:00|1,F05,2020-05-11T07:15:00.428000+00:00,2020-05-11|LONDON,0,ACCEPT,423.0000000000018
F05|2020-05-11T11:45:00.051000+00:00|1,F05,2020-05-11T11:45:00.051000+00:00,2020-05-11|LONDON,0,ACCEPT,353.00000000000864
F05|2020-05-11T12:45:00.192000+00:00|1,F05,2020-05-11T12:45:00.192000+00:00,2020-05-11|LONDON,0,ACCEPT,240.99999999999966
F05|2020-05-11T13:45:00.401000+00:00|1,F05,2020-05-11T13:45:00.401000+00:00,2020-05-11|LONDON_NY_OVERLAP,0,ACCEPT,165.99999999999682
F05|2020-05-11T14:30:00.039000+00:00|1,F05,2020-05-11T14:30:00.039000+00:00,2020-05-11|LONDON_NY_OVERLAP,0,ACCEPT,123.99999999999523
F05|2020-05-11T15:15:00.205000+00:00|1,F05,2020-05-11T15:15:00.205000+00:00,2020-05-11|LONDON_NY_OVERLAP,0,ACCEPT,22.00000000000557
F05|2020-05-11T15:45:00.061000+00:00|1,F05,2020-05-11T15:45:00.061000+00:00,2020-05-11|LONDON_NY_OVERLAP,0,ACCEPT,-63.00000000000239
F05|2020-05-11T18:45:00.728000+00:00|1,F05,2020-05-11T18:45:00.728000+00:00,2020-05-11|NEW_YORK,0,ACCEPT,-277.000000000001
B02|2020-05-12T11:45:00.387000+00:00|-1,B02,2020-05-12T11:45:00.387000+00:00,2020-05-12|LONDON,0,ACCEPT,-17.000000000010118
F05|2020-05-12T14:45:01.073000+00:00|-1,F05,2020-05-12T14:45:01.073000+00:00,2020-05-12|LONDON_NY_OVERLAP,0,ACCEPT,78.00000000000296
F05|2020-05-12T19:45:06.275000+00:00|-1,F05,2020-05-12T19:45:06.275000+00:00,2020-05-12|NEW_YORK,0,ACCEPT,-28.000000000005798
F05|2020-05-13T00:15:00.382000+00:00|-1,F05,2020-05-13T00:15:00.382000+00:00,2020-05-13|ASIA,0,ACCEPT,55.999999999997385
B02|2020-05-13T07:30:00.496000+00:00|-1,B02,2020-05-13T07:30:00.496000+00:00,2020-05-13|LONDON,0,ACCEPT,-19.99999999999602
F05|2020-05-13T07:30:00.496000+00:00|-1,F05,2020-05-13T07:30:00.496000+00:00,2020-05-13|LONDON,0,ACCEPT,52.00000000000671
F05|2020-05-13T11:45:01.468000+00:00|-1,F05,2020-05-13T11:45:01.468000+00:00,2020-05-13|LONDON,1,ACCEPT,-133.00000000000978
F05|2020-05-13T13:15:00.162000+00:00|-1,F05,2020-05-13T13:15:00.162000+00:00,2020-05-13|LONDON_NY_OVERLAP,0,ACCEPT,-219.99999999999886
B02|2020-05-14T10:15:01.250000+00:00|1,B02,2020-05-14T10:15:01.250000+00:00,2020-05-14|LONDON,0,ACCEPT,-63.00000000000239
F05|2020-05-14T15:30:00.545000+00:00|1,F05,2020-05-14T15:30:00.545000+00:00,2020-05-14|LONDON_NY_OVERLAP,1,ACCEPT,140.99999999999113
F05|2020-05-14T17:45:00.257000+00:00|1,F05,2020-05-14T17:45:00.257000+00:00,2020-05-14|NEW_YORK,0,ACCEPT,-6.000000000000227
F05|2020-05-14T19:45:00.692000+00:00|1,F05,2020-05-14T19:45:00.692000+00:00,2020-05-14|NEW_YORK,0,ACCEPT,-143.00000000000068
F05|2020-05-15T00:15:00.642000+00:00|1,F05,2020-05-15T00:15:00.642000+00:00,2020-05-15|ASIA,0,ACCEPT,-316.99999999999307
B02|2020-05-15T07:30:02.396000+00:00|-1,B02,2020-05-15T07:30:02.396000+00:00,2020-05-15|LONDON,0,ACCEPT,-173.00000000000182
B02|2020-05-18T08:45:03.562000+00:00|1,B02,2020-05-18T08:45:03.562000+00:00,2020-05-18|LONDON,0,ACCEPT,10.99999999999568
F05|2020-05-18T12:30:00.302000+00:00|1,F05,2020-05-18T12:30:00.302000+00:00,2020-05-18|LONDON,0,ACCEPT,-72.99999999999329
F05|2020-05-18T13:00:00.451000+00:00|1,F05,2020-05-18T13:00:00.451000+00:00,2020-05-18|LONDON_NY_OVERLAP,0,ACCEPT,-121.00000000000932
F05|2020-05-18T14:00:00.037000+00:00|1,F05,2020-05-18T14:00:00.037000+00:00,2020-05-18|LONDON_NY_OVERLAP,0,ACCEPT,-169.00000000001114
F05|2020-05-19T07:00:00.022000+00:00|1,F05,2020-05-19T07:00:00.022000+00:00,2020-05-19|LONDON,0,ACCEPT,426.9999999999925
B02|2020-05-19T09:45:00.217000+00:00|1,B02,2020-05-19T09:45:00.217000+00:00,2020-05-19|LONDON,0,ACCEPT,150.99999999999625
F05|2020-05-19T10:30:00.350000+00:00|1,F05,2020-05-19T10:30:00.350000+00:00,2020-05-19|LONDON,0,ACCEPT,168.00000000000637
F05|2020-05-19T11:00:00.103000+00:00|1,F05,2020-05-19T11:00:00.103000+00:00,2020-05-19|LONDON,0,ACCEPT,111.99999999999477
F05|2020-05-19T12:15:00.157000+00:00|1,F05,2020-05-19T12:15:00.157000+00:00,2020-05-19|LONDON,0,ACCEPT,-40.99999999999682
F05|2020-05-19T13:15:00.086000+00:00|1,F05,2020-05-19T13:15:00.086000+00:00,2020-05-19|LONDON_NY_OVERLAP,0,ACCEPT,-341.99999999999875
B02|2020-05-20T07:15:00.127000+00:00|-1,B02,2020-05-20T07:15:00.127000+00:00,2020-05-20|LONDON,0,ACCEPT,-0.0
F05|2020-05-20T11:30:00.150000+00:00|-1,F05,2020-05-20T11:30:00.150000+00:00,2020-05-20|LONDON,0,ACCEPT,64.99999999999773
F05|2020-05-20T13:15:00.124000+00:00|-1,F05,2020-05-20T13:15:00.124000+00:00,2020-05-20|LONDON_NY_OVERLAP,0,ACCEPT,-13.00000000000523
F05|2020-05-20T14:15:01.965000+00:00|-1,F05,2020-05-20T14:15:01.965000+00:00,2020-05-20|LONDON_NY_OVERLAP,0,ACCEPT,-161.00000000000136
F05|2020-05-20T15:30:00.129000+00:00|-1,F05,2020-05-20T15:30:00.129000+00:00,2020-05-20|LONDON_NY_OVERLAP,0,ACCEPT,-198.99999999999807
B02|2020-05-21T07:15:00.188000+00:00|1,B02,2020-05-21T07:15:00.188000+00:00,2020-05-21|LONDON,0,ACCEPT,-261.0000000000099
F05|2020-05-21T07:15:00.188000+00:00|1,F05,2020-05-21T07:15:00.188000+00:00,2020-05-21|LONDON,0,ACCEPT,-105.00000000000398
F05|2020-05-22T04:30:00.436000+00:00|-1,F05,2020-05-22T04:30:00.436000+00:00,2020-05-22|ASIA,0,ACCEPT,-100.99999999999909
F05|2020-05-22T07:00:00.294000+00:00|-1,F05,2020-05-22T07:00:00.294000+00:00,2020-05-22|LONDON,0,ACCEPT,-86.99999999998909
B02|2020-05-22T07:15:00.134000+00:00|-1,B02,2020-05-22T07:15:00.134000+00:00,2020-05-22|LONDON,0,ACCEPT,-227.99999999999443
F05|2020-05-26T01:15:01.039000+00:00|1,F05,2020-05-26T01:15:01.039000+00:00,2020-05-26|ASIA,0,ACCEPT,-88.00000000000807
F05|2020-05-26T01:45:06.507000+00:00|1,F05,2020-05-26T01:45:06.507000+00:00,2020-05-26|ASIA,0,ACCEPT,-180.00000000000682
B02|2020-05-26T10:00:00.342000+00:00|-1,B02,2020-05-26T10:00:00.342000+00:00,2020-05-26|LONDON,2,BLOCK,131.00000000000023
F05|2020-05-26T11:15:05.827000+00:00|-1,F05,2020-05-26T11:15:05.827000+00:00,2020-05-26|LONDON,2,BLOCK,33.999999999991815
F05|2020-05-26T11:45:00.500000+00:00|-1,F05,2020-05-26T11:45:00.500000+00:00,2020-05-26|LONDON,2,BLOCK,15.999999999991132
F05|2020-05-27T00:15:00.031000+00:00|-1,F05,2020-05-27T00:15:00.031000+00:00,2020-05-27|ASIA,0,ACCEPT,-146.99999999999136
B02|2020-05-27T09:15:00.553000+00:00|1,B02,2020-05-27T09:15:00.553000+00:00,2020-05-27|LONDON,1,ACCEPT,-10.99999999999568
F05|2020-05-27T11:15:03.200000+00:00|1,F05,2020-05-27T11:15:03.200000+00:00,2020-05-27|LONDON,2,BLOCK,-49.99999999999716
F05|2020-05-27T12:15:00.234000+00:00|1,F05,2020-05-27T12:15:00.234000+00:00,2020-05-27|LONDON,2,BLOCK,-87.0000000000033
F05|2020-05-27T13:00:00.163000+00:00|1,F05,2020-05-27T13:00:00.163000+00:00,2020-05-27|LONDON_NY_OVERLAP,0,ACCEPT,-175.00000000001137
B02|2020-05-28T09:15:00.027000+00:00|-1,B02,2020-05-28T09:15:00.027000+00:00,2020-05-28|LONDON,0,ACCEPT,-7.000000000005002
F05|2020-05-28T15:00:00.006000+00:00|-1,F05,2020-05-28T15:00:00.006000+00:00,2020-05-28|LONDON_NY_OVERLAP,0,ACCEPT,-61.99999999999761
F05|2020-05-29T01:00:00.537000+00:00|-1,F05,2020-05-29T01:00:00.537000+00:00,2020-05-29|ASIA,0,ACCEPT,253.0000000000001
F05|2020-05-29T02:00:00.400000+00:00|-1,F05,2020-05-29T02:00:00.400000+00:00,2020-05-29|ASIA,0,ACCEPT,216.00000000000819
F05|2020-05-29T04:15:00.595000+00:00|-1,F05,2020-05-29T04:15:00.595000+00:00,2020-05-29|ASIA,0,ACCEPT,213.00000000000807
F05|2020-05-29T05:00:00.043000+00:00|-1,F05,2020-05-29T05:00:00.043000+00:00,2020-05-29|ASIA,0,ACCEPT,-35.0000000000108
F05|2020-05-29T15:15:00.235000+00:00|1,F05,2020-05-29T15:15:00.235000+00:00,2020-05-29|LONDON_NY_OVERLAP,1,ACCEPT,-112.99999999999955
F05|2020-05-29T16:30:00.099000+00:00|1,F05,2020-05-29T16:30:00.099000+00:00,2020-05-29|NEW_YORK,0,ACCEPT,1.9999999999953388
F05|2020-05-29T17:30:00.428000+00:00|1,F05,2020-05-29T17:30:00.428000+00:00,2020-05-29|NEW_YORK,0,ACCEPT,-174.99999999999716
B02|2020-06-01T08:15:00.271000+00:00|-1,B02,2020-06-01T08:15:00.271000+00:00,2020-06-01|LONDON,0,ACCEPT,-28.999999999996362
F05|2020-06-02T06:45:00.689000+00:00|1,F05,2020-06-02T06:45:00.689000+00:00,2020-06-02|ASIA,0,ACCEPT,721.0000000000036
B02|2020-06-02T07:15:00.218000+00:00|1,B02,2020-06-02T07:15:00.218000+00:00,2020-06-02|LONDON,0,ACCEPT,-12.000000000000455
F05|2020-06-02T07:15:00.218000+00:00|1,F05,2020-06-02T07:15:00.218000+00:00,2020-06-02|LONDON,0,ACCEPT,733.9999999999947
F05|2020-06-02T07:45:04.463000+00:00|1,F05,2020-06-02T07:45:04.463000+00:00,2020-06-02|LONDON,0,ACCEPT,724.0000000000038
F05|2020-06-02T11:15:00.480000+00:00|1,F05,2020-06-02T11:15:00.480000+00:00,2020-06-02|LONDON,1,ACCEPT,879.0000000000049
F05|2020-06-02T12:00:00.389000+00:00|1,F05,2020-06-02T12:00:00.389000+00:00,2020-06-02|LONDON,1,ACCEPT,801.9999999999925
F05|2020-06-02T14:30:00.001000+00:00|1,F05,2020-06-02T14:30:00.001000+00:00,2020-06-02|LONDON_NY_OVERLAP,0,ACCEPT,42.00000000000159
F05|2020-06-02T17:45:01.330000+00:00|1,F05,2020-06-02T17:45:01.330000+00:00,2020-06-02|NEW_YORK,0,ACCEPT,-280.00000000000114
F05|2020-06-03T15:30:00.169000+00:00|1,F05,2020-06-03T15:30:00.169000+00:00,2020-06-03|LONDON_NY_OVERLAP,0,ACCEPT,67.99999999999784
F05|2020-06-04T05:15:00.720000+00:00|1,F05,2020-06-04T05:15:00.720000+00:00,2020-06-04|ASIA,0,ACCEPT,-271.0000000000008
B02|2020-06-04T12:45:00.013000+00:00|-1,B02,2020-06-04T12:45:00.013000+00:00,2020-06-04|LONDON,0,ACCEPT,-519.0000000000055
F05|2020-06-05T00:15:00.188000+00:00|1,F05,2020-06-05T00:15:00.188000+00:00,2020-06-05|ASIA,0,ACCEPT,141.00000000000534
F05|2020-06-05T06:00:00.060000+00:00|1,F05,2020-06-05T06:00:00.060000+00:00,2020-06-05|ASIA,1,ACCEPT,412.9999999999967
F05|2020-06-05T06:30:00.173000+00:00|1,F05,2020-06-05T06:30:00.173000+00:00,2020-06-05|ASIA,1,ACCEPT,388.00000000000523
B02|2020-06-05T07:30:00.371000+00:00|1,B02,2020-06-05T07:30:00.371000+00:00,2020-06-05|LONDON,0,ACCEPT,206.00000000000307
F05|2020-06-05T07:30:00.371000+00:00|1,F05,2020-06-05T07:30:00.371000+00:00,2020-06-05|LONDON,0,ACCEPT,317.99999999999784
F05|2020-06-05T12:45:00.248000+00:00|1,F05,2020-06-05T12:45:00.248000+00:00,2020-06-05|LONDON,0,ACCEPT,12.999999999991019
F05|2020-06-05T14:15:01.923000+00:00|1,F05,2020-06-05T14:15:01.923000+00:00,2020-06-05|LONDON_NY_OVERLAP,0,ACCEPT,-198.99999999999807
B02|2020-06-08T10:30:00.188000+00:00|-1,B02,2020-06-08T10:30:00.188000+00:00,2020-06-08|LONDON,0,ACCEPT,-46.999999999997044
F05|2020-06-08T13:00:01.267000+00:00|-1,F05,2020-06-08T13:00:01.267000+00:00,2020-06-08|LONDON_NY_OVERLAP,0,ACCEPT,801.9999999999925
F05|2020-06-08T16:30:00.317000+00:00|-1,F05,2020-06-08T16:30:00.317000+00:00,2020-06-08|NEW_YORK,0,ACCEPT,121.99999999999989
F05|2020-06-08T17:00:00.024000+00:00|-1,F05,2020-06-08T17:00:00.024000+00:00,2020-06-08|NEW_YORK,0,ACCEPT,230.99999999999454
F05|2020-06-09T00:45:04.269000+00:00|-1,F05,2020-06-09T00:45:04.269000+00:00,2020-06-09|ASIA,0,ACCEPT,210.99999999999852
F05|2020-06-09T06:45:00.067000+00:00|-1,F05,2020-06-09T06:45:00.067000+00:00,2020-06-09|ASIA,0,ACCEPT,108.99999999999466
B02|2020-06-09T07:45:00.048000+00:00|-1,B02,2020-06-09T07:45:00.048000+00:00,2020-06-09|LONDON,0,ACCEPT,70.99999999999795
F05|2020-06-09T07:45:00.048000+00:00|-1,F05,2020-06-09T07:45:00.048000+00:00,2020-06-09|LONDON,0,ACCEPT,140.00000000000057
F05|2020-06-09T14:00:00.151000+00:00|-1,F05,2020-06-09T14:00:00.151000+00:00,2020-06-09|LONDON_NY_OVERLAP,0,ACCEPT,-36.000000000001364
F05|2020-06-09T16:30:00.720000+00:00|-1,F05,2020-06-09T16:30:00.720000+00:00,2020-06-09|NEW_YORK,0,ACCEPT,-197.9999999999933
F05|2020-06-10T04:30:00.189000+00:00|-1,F05,2020-06-10T04:30:00.189000+00:00,2020-06-10|ASIA,1,ACCEPT,150.99999999999625
F05|2020-06-10T06:00:00.117000+00:00|-1,F05,2020-06-10T06:00:00.117000+00:00,2020-06-10|ASIA,1,ACCEPT,201.00000000000762
F05|2020-06-10T07:00:00.246000+00:00|-1,F05,2020-06-10T07:00:00.246000+00:00,2020-06-10|LONDON,0,ACCEPT,99.99999999999432
B02|2020-06-10T08:15:00.738000+00:00|-1,B02,2020-06-10T08:15:00.738000+00:00,2020-06-10|LONDON,0,ACCEPT,-23.000000000010346
F05|2020-06-10T14:30:00.017000+00:00|-1,F05,2020-06-10T14:30:00.017000+00:00,2020-06-10|LONDON_NY_OVERLAP,0,ACCEPT,129.0000000000049
F05|2020-06-10T18:15:04.757000+00:00|-1,F05,2020-06-10T18:15:04.757000+00:00,2020-06-10|NEW_YORK,0,ACCEPT,40.00000000000625
B02|2020-06-11T09:00:00.208000+00:00|-1,B02,2020-06-11T09:00:00.208000+00:00,2020-06-11|LONDON,0,ACCEPT,-43.00000000000637
F05|2020-06-11T09:00:00.208000+00:00|-1,F05,2020-06-11T09:00:00.208000+00:00,2020-06-11|LONDON,0,ACCEPT,149.0000000000009
F05|2020-06-11T14:15:00.322000+00:00|-1,F05,2020-06-11T14:15:00.322000+00:00,2020-06-11|LONDON_NY_OVERLAP,0,ACCEPT,-164.00000000000148
F05|2020-06-12T04:30:00.177000+00:00|1,F05,2020-06-12T04:30:00.177000+00:00,2020-06-12|ASIA,0,ACCEPT,76.00000000000762
B02|2020-06-12T09:15:03.435000+00:00|1,B02,2020-06-12T09:15:03.435000+00:00,2020-06-12|LONDON,0,ACCEPT,-12.000000000000455
F05|2020-06-12T09:15:03.435000+00:00|1,F05,2020-06-12T09:15:03.435000+00:00,2020-06-12|LONDON,0,ACCEPT,75.9999999999934
F05|2020-06-12T10:00:00.187000+00:00|1,F05,2020-06-12T10:00:00.187000+00:00,2020-06-12|LONDON,0,ACCEPT,-63.00000000000239
F05|2020-06-15T04:45:01.593000+00:00|-1,F05,2020-06-15T04:45:01.593000+00:00,2020-06-15|ASIA,0,ACCEPT,-379.0000000000049
F05|2020-06-15T05:15:00.607000+00:00|-1,F05,2020-06-15T05:15:00.607000+00:00,2020-06-15|ASIA,0,ACCEPT,-368.9999999999998
B02|2020-06-15T07:30:00.065000+00:00|1,B02,2020-06-15T07:30:00.065000+00:00,2020-06-15|LONDON,0,ACCEPT,-84.99999999999375
F05|2020-06-16T03:00:00.131000+00:00|1,F05,2020-06-16T03:00:00.131000+00:00,2020-06-16|ASIA,0,ACCEPT,-314.00000000000716
B02|2020-06-17T08:30:07.149000+00:00|1,B02,2020-06-17T08:30:07.149000+00:00,2020-06-17|LONDON,0,ACCEPT,-433.00000000000693
F05|2020-06-17T18:45:00.114000+00:00|-1,F05,2020-06-17T18:45:00.114000+00:00,2020-06-17|NEW_YORK,0,ACCEPT,266.00000000000534
F05|2020-06-17T19:30:01.285000+00:00|-1,F05,2020-06-17T19:30:01.285000+00:00,2020-06-17|NEW_YORK,0,ACCEPT,147.99999999999613
F05|2020-06-18T00:15:00.148000+00:00|-1,F05,2020-06-18T00:15:00.148000+00:00,2020-06-18|ASIA,0,ACCEPT,-274.0000000000009
B02|2020-06-18T08:15:02.711000+00:00|1,B02,2020-06-18T08:15:02.711000+00:00,2020-06-18|LONDON,1,ACCEPT,-54.000000000002046
B02|2020-06-22T07:30:00.621000+00:00|1,B02,2020-06-22T07:30:00.621000+00:00,2020-06-22|LONDON,0,ACCEPT,-54.000000000002046
F05|2020-06-23T01:30:00.043000+00:00|-1,F05,2020-06-23T01:30:00.043000+00:00,2020-06-23|ASIA,0,ACCEPT,-319.9999999999932
F05|2020-06-23T02:30:00.099000+00:00|1,F05,2020-06-23T02:30:00.099000+00:00,2020-06-23|ASIA,0,ACCEPT,-44.00000000001114
B02|2020-06-23T12:45:00.130000+00:00|-1,B02,2020-06-23T12:45:00.130000+00:00,2020-06-23|LONDON,2,BLOCK,165.99999999999682
F05|2020-06-23T12:45:00.130000+00:00|-1,F05,2020-06-23T12:45:00.130000+00:00,2020-06-23|LONDON,2,BLOCK,175.99999999998772
F05|2020-06-23T14:00:00.050000+00:00|-1,F05,2020-06-23T14:00:00.050000+00:00,2020-06-23|LONDON_NY_OVERLAP,0,ACCEPT,-230.99999999999454
F05|2020-06-23T14:45:00.396000+00:00|-1,F05,2020-06-23T14:45:00.396000+00:00,2020-06-23|LONDON_NY_OVERLAP,0,ACCEPT,-368.9999999999998
B02|2020-06-24T12:15:00.033000+00:00|1,B02,2020-06-24T12:15:00.033000+00:00,2020-06-24|LONDON,0,ACCEPT,441.0000000000025
F05|2020-06-24T14:00:00.075000+00:00|1,F05,2020-06-24T14:00:00.075000+00:00,2020-06-24|LONDON_NY_OVERLAP,0,ACCEPT,166.00000000001103
F05|2020-06-24T14:45:05.820000+00:00|1,F05,2020-06-24T14:45:05.820000+00:00,2020-06-24|LONDON_NY_OVERLAP,0,ACCEPT,114.99999999999488
F05|2020-06-24T19:15:00.489000+00:00|1,F05,2020-06-24T19:15:00.489000+00:00,2020-06-24|NEW_YORK,0,ACCEPT,228.9999999999992
F05|2020-06-25T02:45:02+00:00|1,F05,2020-06-25T02:45:02+00:00,2020-06-25|ASIA,0,ACCEPT,55.999999999997385
B02|2020-06-25T11:00:01.062000+00:00|1,B02,2020-06-25T11:00:01.062000+00:00,2020-06-25|LONDON,0,ACCEPT,-15.000000000000568
F05|2020-06-25T11:00:01.062000+00:00|1,F05,2020-06-25T11:00:01.062000+00:00,2020-06-25|LONDON,0,ACCEPT,-69.99999999999318
F05|2020-06-25T11:45:00.043000+00:00|1,F05,2020-06-25T11:45:00.043000+00:00,2020-06-25|LONDON,0,ACCEPT,-120.00000000000455
B02|2020-06-26T07:45:00.538000+00:00|-1,B02,2020-06-26T07:45:00.538000+00:00,2020-06-26|LONDON,0,ACCEPT,-226.99999999998965
F05|2020-06-26T07:45:00.538000+00:00|-1,F05,2020-06-26T07:45:00.538000+00:00,2020-06-26|LONDON,0,ACCEPT,-280.00000000000114
F05|2020-06-26T08:45:00.509000+00:00|-1,F05,2020-06-26T08:45:00.509000+00:00,2020-06-26|LONDON,0,ACCEPT,-243.0000000000092
F05|2020-06-26T11:15:00.545000+00:00|-1,F05,2020-06-26T11:15:00.545000+00:00,2020-06-26|LONDON,0,ACCEPT,-347.999999999999
F05|2020-06-26T15:00:00.037000+00:00|1,F05,2020-06-26T15:00:00.037000+00:00,2020-06-26|LONDON_NY_OVERLAP,0,ACCEPT,-165.00000000000625
F05|2020-06-29T13:15:02.383000+00:00|1,F05,2020-06-29T13:15:02.383000+00:00,2020-06-29|LONDON_NY_OVERLAP,0,ACCEPT,179.9999999999926
F05|2020-06-29T14:00:00.084000+00:00|1,F05,2020-06-29T14:00:00.084000+00:00,2020-06-29|LONDON_NY_OVERLAP,0,ACCEPT,27.999999999991587
F05|2020-06-29T14:45:00.062000+00:00|1,F05,2020-06-29T14:45:00.062000+00:00,2020-06-29|LONDON_NY_OVERLAP,0,ACCEPT,-237.99999999999955
B02|2020-06-30T09:45:00.210000+00:00|1,B02,2020-06-30T09:45:00.210000+00:00,2020-06-30|LONDON,0,ACCEPT,149.99999999999147
F05|2020-07-01T00:15:10.695000+00:00|1,F05,2020-07-01T00:15:10.695000+00:00,2020-07-01|ASIA,0,ACCEPT,-580.9999999999889
B02|2020-07-01T08:15:00.310000+00:00|-1,B02,2020-07-01T08:15:00.310000+00:00,2020-07-01|LONDON,1,ACCEPT,-30.9999999999917
F05|2020-07-01T08:15:00.310000+00:00|-1,F05,2020-07-01T08:15:00.310000+00:00,2020-07-01|LONDON,1,ACCEPT,-27.000000000001023
F05|2020-07-01T12:00:00.096000+00:00|-1,F05,2020-07-01T12:00:00.096000+00:00,2020-07-01|LONDON,2,BLOCK,-15.000000000000568
B02|2020-07-02T13:00:00.250000+00:00|1,B02,2020-07-02T13:00:00.250000+00:00,2020-07-02|LONDON_NY_OVERLAP,0,ACCEPT,-12.000000000000455
F05|2020-07-02T13:00:00.250000+00:00|1,F05,2020-07-02T13:00:00.250000+00:00,2020-07-02|LONDON_NY_OVERLAP,0,ACCEPT,-132.99999999999557
F05|2020-07-06T00:00:00.168000+00:00|1,F05,2020-07-06T00:00:00.168000+00:00,2020-07-06|ASIA,0,ACCEPT,3.0000000000001137
F05|2020-07-06T01:00:00.070000+00:00|1,F05,2020-07-06T01:00:00.070000+00:00,2020-07-06|ASIA,0,ACCEPT,-90.00000000000341
F05|2020-07-06T01:45:00.426000+00:00|1,F05,2020-07-06T01:45:00.426000+00:00,2020-07-06|ASIA,0,ACCEPT,-159.9999999999966
F05|2020-07-06T02:15:00.231000+00:00|1,F05,2020-07-06T02:15:00.231000+00:00,2020-07-06|ASIA,0,ACCEPT,-203.00000000000296
B02|2020-07-06T07:45:09.691000+00:00|-1,B02,2020-07-06T07:45:09.691000+00:00,2020-07-06|LONDON,0,ACCEPT,-13.999999999995794
F05|2020-07-06T17:15:00.157000+00:00|-1,F05,2020-07-06T17:15:00.157000+00:00,2020-07-06|NEW_YORK,0,ACCEPT,96.9999999999942
F05|2020-07-06T17:45:03.531000+00:00|-1,F05,2020-07-06T17:45:03.531000+00:00,2020-07-06|NEW_YORK,0,ACCEPT,82.00000000000784
F05|2020-07-06T18:15:09.736000+00:00|-1,F05,2020-07-06T18:15:09.736000+00:00,2020-07-06|NEW_YORK,0,ACCEPT,1.9999999999953388
B02|2020-07-07T07:45:05.977000+00:00|1,B02,2020-07-07T07:45:05.977000+00:00,2020-07-07|LONDON,0,ACCEPT,-54.000000000002046
F05|2020-07-07T08:00:00.312000+00:00|1,F05,2020-07-07T08:00:00.312000+00:00,2020-07-07|LONDON,0,ACCEPT,-100.99999999999909
F05|2020-07-07T09:00:01.091000+00:00|1,F05,2020-07-07T09:00:01.091000+00:00,2020-07-07|LONDON,0,ACCEPT,-173.00000000000182
B02|2020-07-08T07:15:00.665000+00:00|-1,B02,2020-07-08T07:15:00.665000+00:00,2020-07-08|LONDON,0,ACCEPT,-6.000000000000227
F05|2020-07-08T07:15:00.665000+00:00|-1,F05,2020-07-08T07:15:00.665000+00:00,2020-07-08|LONDON,0,ACCEPT,-6.999999999990791
F05|2020-07-08T16:00:00.978000+00:00|-1,F05,2020-07-08T16:00:00.978000+00:00,2020-07-08|NEW_YORK,0,ACCEPT,103.00000000000864
F05|2020-07-08T18:00:00.090000+00:00|-1,F05,2020-07-08T18:00:00.090000+00:00,2020-07-08|NEW_YORK,0,ACCEPT,-66.0000000000025
F05|2020-07-08T18:30:00.205000+00:00|-1,F05,2020-07-08T18:30:00.205000+00:00,2020-07-08|NEW_YORK,0,ACCEPT,-91.99999999999875
B02|2020-07-09T10:45:02.877000+00:00|1,B02,2020-07-09T10:45:02.877000+00:00,2020-07-09|LONDON,0,ACCEPT,-175.00000000001137
F05|2020-07-09T14:00:00.124000+00:00|-1,F05,2020-07-09T14:00:00.124000+00:00,2020-07-09|LONDON_NY_OVERLAP,0,ACCEPT,-96.9999999999942
F05|2020-07-10T01:00:00.402000+00:00|-1,F05,2020-07-10T01:00:00.402000+00:00,2020-07-10|ASIA,0,ACCEPT,311.9999999999976
F05|2020-07-10T02:00:03.350000+00:00|-1,F05,2020-07-10T02:00:03.350000+00:00,2020-07-10|ASIA,0,ACCEPT,229.99999999998977
F05|2020-07-10T04:30:03.951000+00:00|-1,F05,2020-07-10T04:30:03.951000+00:00,2020-07-10|ASIA,0,ACCEPT,188.0000000000024
F05|2020-07-10T06:00:00.073000+00:00|-1,F05,2020-07-10T06:00:00.073000+00:00,2020-07-10|ASIA,0,ACCEPT,182.00000000000216
F05|2020-07-10T06:45:01.352000+00:00|-1,F05,2020-07-10T06:45:01.352000+00:00,2020-07-10|ASIA,0,ACCEPT,128.0000000000001
B02|2020-07-10T07:45:07.351000+00:00|-1,B02,2020-07-10T07:45:07.351000+00:00,2020-07-10|LONDON,0,ACCEPT,-13.00000000000523
F05|2020-07-10T07:45:07.351000+00:00|-1,F05,2020-07-10T07:45:07.351000+00:00,2020-07-10|LONDON,0,ACCEPT,75.9999999999934
F05|2020-07-10T08:45:00.632000+00:00|-1,F05,2020-07-10T08:45:00.632000+00:00,2020-07-10|LONDON,0,ACCEPT,-94.0000000000083
B02|2020-07-13T07:15:04.846000+00:00|1,B02,2020-07-13T07:15:04.846000+00:00,2020-07-13|LONDON,0,ACCEPT,316.0000000000025
F05|2020-07-13T07:15:04.846000+00:00|1,F05,2020-07-13T07:15:04.846000+00:00,2020-07-13|LONDON,0,ACCEPT,298.0000000000018
F05|2020-07-13T07:45:02.004000+00:00|1,F05,2020-07-13T07:45:02.004000+00:00,2020-07-13|LONDON,0,ACCEPT,275.0000000000057
F05|2020-07-13T10:30:00.610000+00:00|1,F05,2020-07-13T10:30:00.610000+00:00,2020-07-13|LONDON,0,ACCEPT,165.99999999999682
F05|2020-07-13T12:15:06.410000+00:00|1,F05,2020-07-13T12:15:06.410000+00:00,2020-07-13|LONDON,0,ACCEPT,67.99999999999784
F05|2020-07-13T13:15:00.825000+00:00|1,F05,2020-07-13T13:15:00.825000+00:00,2020-07-13|LONDON_NY_OVERLAP,0,ACCEPT,54.000000000002046
F05|2020-07-14T00:15:11.675000+00:00|1,F05,2020-07-14T00:15:11.675000+00:00,2020-07-14|ASIA,0,ACCEPT,-60.000000000002274
B02|2020-07-14T10:15:12.277000+00:00|1,B02,2020-07-14T10:15:12.277000+00:00,2020-07-14|LONDON,1,ACCEPT,-3.0000000000001137
F05|2020-07-14T10:15:12.277000+00:00|1,F05,2020-07-14T10:15:12.277000+00:00,2020-07-14|LONDON,1,ACCEPT,-221.00000000000364
F05|2020-07-14T11:15:00.572000+00:00|1,F05,2020-07-14T11:15:00.572000+00:00,2020-07-14|LONDON,1,ACCEPT,-189.00000000000716
B02|2020-07-15T07:15:00.614000+00:00|-1,B02,2020-07-15T07:15:00.614000+00:00,2020-07-15|LONDON,0,ACCEPT,197.00000000000273
F05|2020-07-15T07:15:00.614000+00:00|-1,F05,2020-07-15T07:15:00.614000+00:00,2020-07-15|LONDON,0,ACCEPT,290.9999999999968
F05|2020-07-15T09:00:00.362000+00:00|-1,F05,2020-07-15T09:00:00.362000+00:00,2020-07-15|LONDON,0,ACCEPT,-41.99999999998738
F05|2020-07-15T12:15:01.450000+00:00|-1,F05,2020-07-15T12:15:01.450000+00:00,2020-07-15|LONDON,0,ACCEPT,-111.99999999999477
F05|2020-07-15T12:45:08.977000+00:00|-1,F05,2020-07-15T12:45:08.977000+00:00,2020-07-15|LONDON,0,ACCEPT,-131.9999999999908
F05|2020-07-15T13:30:00.047000+00:00|-1,F05,2020-07-15T13:30:00.047000+00:00,2020-07-15|LONDON_NY_OVERLAP,0,ACCEPT,-223.99999999998954
B02|2020-07-16T08:45:00.263000+00:00|1,B02,2020-07-16T08:45:00.263000+00:00,2020-07-16|LONDON,0,ACCEPT,207.9999999999984
F05|2020-07-16T08:45:00.263000+00:00|1,F05,2020-07-16T08:45:00.263000+00:00,2020-07-16|LONDON,0,ACCEPT,82.00000000000784
F05|2020-07-16T10:00:00.376000+00:00|1,F05,2020-07-16T10:00:00.376000+00:00,2020-07-16|LONDON,0,ACCEPT,155.00000000000114
F05|2020-07-16T10:30:00.223000+00:00|1,F05,2020-07-16T10:30:00.223000+00:00,2020-07-16|LONDON,0,ACCEPT,179.9999999999926
F05|2020-07-16T17:15:00.458000+00:00|1,F05,2020-07-16T17:15:00.458000+00:00,2020-07-16|NEW_YORK,0,ACCEPT,0.0
F05|2020-07-16T17:45:00.376000+00:00|1,F05,2020-07-16T17:45:00.376000+00:00,2020-07-16|NEW_YORK,0,ACCEPT,-2.0000000000095497
F05|2020-07-16T19:15:06.281000+00:00|1,F05,2020-07-16T19:15:06.281000+00:00,2020-07-16|NEW_YORK,0,ACCEPT,-158.99999999999181
B02|2020-07-17T07:15:15.338000+00:00|-1,B02,2020-07-17T07:15:15.338000+00:00,2020-07-17|LONDON,0,ACCEPT,-37.00000000000614
F05|2020-07-17T16:45:00.531000+00:00|-1,F05,2020-07-17T16:45:00.531000+00:00,2020-07-17|NEW_YORK,0,ACCEPT,-195.99999999999795
F05|2020-07-17T18:15:01.165000+00:00|-1,F05,2020-07-17T18:15:01.165000+00:00,2020-07-17|NEW_YORK,0,ACCEPT,-375.99999999999056
F05|2020-07-17T18:45:10.818000+00:00|-1,F05,2020-07-17T18:45:10.818000+00:00,2020-07-17|NEW_YORK,0,ACCEPT,-428.0000000000115
F05|2020-07-20T01:00:00.088000+00:00|1,F05,2020-07-20T01:00:00.088000+00:00,2020-07-20|ASIA,1,ACCEPT,-189.99999999999773
F05|2020-07-21T14:00:00.805000+00:00|-1,F05,2020-07-21T14:00:00.805000+00:00,2020-07-21|LONDON_NY_OVERLAP,0,ACCEPT,201.99999999999818
F05|2020-07-21T14:30:00.080000+00:00|-1,F05,2020-07-21T14:30:00.080000+00:00,2020-07-21|LONDON_NY_OVERLAP,0,ACCEPT,91.99999999999875
F05|2020-07-21T16:30:00.212000+00:00|-1,F05,2020-07-21T16:30:00.212000+00:00,2020-07-21|NEW_YORK,0,ACCEPT,-81.99999999999363
F05|2020-07-21T17:00:02.298000+00:00|-1,F05,2020-07-21T17:00:02.298000+00:00,2020-07-21|NEW_YORK,0,ACCEPT,-93.99999999999409
F05|2020-07-21T17:45:00.411000+00:00|-1,F05,2020-07-21T17:45:00.411000+00:00,2020-07-21|NEW_YORK,0,ACCEPT,-97.99999999999898
B02|2020-07-22T07:45:00.561000+00:00|1,B02,2020-07-22T07:45:00.561000+00:00,2020-07-22|LONDON,0,ACCEPT,298.9999999999924
F05|2020-07-22T13:45:00.166000+00:00|1,F05,2020-07-22T13:45:00.166000+00:00,2020-07-22|LONDON_NY_OVERLAP,0,ACCEPT,-6.000000000000227
F05|2020-07-22T15:45:00.283000+00:00|1,F05,2020-07-22T15:45:00.283000+00:00,2020-07-22|LONDON_NY_OVERLAP,0,ACCEPT,-39.99999999999204
F05|2020-07-22T18:15:01.070000+00:00|1,F05,2020-07-22T18:15:01.070000+00:00,2020-07-22|NEW_YORK,0,ACCEPT,-112.99999999999955
F05|2020-07-22T18:45:00.092000+00:00|1,F05,2020-07-22T18:45:00.092000+00:00,2020-07-22|NEW_YORK,0,ACCEPT,-134.9999999999909
B02|2020-07-23T07:15:04.953000+00:00|-1,B02,2020-07-23T07:15:04.953000+00:00,2020-07-23|LONDON,0,ACCEPT,289.99999999999204
B02|2020-07-23T13:00:00.039000+00:00|1,B02,2020-07-23T13:00:00.039000+00:00,2020-07-23|LONDON_NY_OVERLAP,0,ACCEPT,-668.9999999999969
F05|2020-07-23T14:45:00.326000+00:00|-1,F05,2020-07-23T14:45:00.326000+00:00,2020-07-23|LONDON_NY_OVERLAP,0,ACCEPT,215.0000000000034
F05|2020-07-23T15:45:00.393000+00:00|-1,F05,2020-07-23T15:45:00.393000+00:00,2020-07-23|LONDON_NY_OVERLAP,0,ACCEPT,49.99999999999716
F05|2020-07-23T17:15:03.701000+00:00|-1,F05,2020-07-23T17:15:03.701000+00:00,2020-07-23|NEW_YORK,0,ACCEPT,281.9999999999965
F05|2020-07-23T18:45:00.279000+00:00|-1,F05,2020-07-23T18:45:00.279000+00:00,2020-07-23|NEW_YORK,0,ACCEPT,225.9999999999991
F05|2020-07-24T00:30:00.316000+00:00|-1,F05,2020-07-24T00:30:00.316000+00:00,2020-07-24|ASIA,0,ACCEPT,293.99999999999693
F05|2020-07-24T03:45:01.424000+00:00|-1,F05,2020-07-24T03:45:01.424000+00:00,2020-07-24|ASIA,0,ACCEPT,141.00000000000534
F05|2020-07-24T07:00:01.585000+00:00|-1,F05,2020-07-24T07:00:01.585000+00:00,2020-07-24|LONDON,0,ACCEPT,466.99999999999875
B02|2020-07-24T07:15:00.148000+00:00|-1,B02,2020-07-24T07:15:00.148000+00:00,2020-07-24|LONDON,0,ACCEPT,-54.99999999999261
F05|2020-07-24T12:45:00.222000+00:00|-1,F05,2020-07-24T12:45:00.222000+00:00,2020-07-24|LONDON,0,ACCEPT,109.99999999999943
F05|2020-07-24T13:15:00.362000+00:00|-1,F05,2020-07-24T13:15:00.362000+00:00,2020-07-24|LONDON_NY_OVERLAP,0,ACCEPT,-63.00000000000239
F05|2020-07-24T13:45:00.031000+00:00|-1,F05,2020-07-24T13:45:00.031000+00:00,2020-07-24|LONDON_NY_OVERLAP,0,ACCEPT,-90.99999999999397
F05|2020-07-24T16:45:00.142000+00:00|-1,F05,2020-07-24T16:45:00.142000+00:00,2020-07-24|NEW_YORK,0,ACCEPT,-147.00000000000557
F05|2020-07-27T02:15:01.246000+00:00|-1,F05,2020-07-27T02:15:01.246000+00:00,2020-07-27|ASIA,1,ACCEPT,324.99999999998863
F05|2020-07-27T02:45:00.529000+00:00|-1,F05,2020-07-27T02:45:00.529000+00:00,2020-07-27|ASIA,1,ACCEPT,287.00000000000614
F05|2020-07-27T03:15:00.033000+00:00|-1,F05,2020-07-27T03:15:00.033000+00:00,2020-07-27|ASIA,1,ACCEPT,173.00000000000182
F05|2020-07-27T06:45:00.305000+00:00|-1,F05,2020-07-27T06:45:00.305000+00:00,2020-07-27|ASIA,1,ACCEPT,286.00000000000136
B02|2020-07-27T09:45:00.160000+00:00|-1,B02,2020-07-27T09:45:00.160000+00:00,2020-07-27|LONDON,0,ACCEPT,-1.0000000000047748
F05|2020-07-27T09:45:00.160000+00:00|-1,F05,2020-07-27T09:45:00.160000+00:00,2020-07-27|LONDON,0,ACCEPT,54.000000000002046
F05|2020-07-27T14:00:00.082000+00:00|-1,F05,2020-07-27T14:00:00.082000+00:00,2020-07-27|LONDON_NY_OVERLAP,0,ACCEPT,-230.00000000000398
F05|2020-07-27T14:45:01.776000+00:00|-1,F05,2020-07-27T14:45:01.776000+00:00,2020-07-27|LONDON_NY_OVERLAP,0,ACCEPT,-173.00000000000182
B02|2020-07-28T10:15:00.036000+00:00|-1,B02,2020-07-28T10:15:00.036000+00:00,2020-07-28|LONDON,0,ACCEPT,-52.99999999999727
F05|2020-07-28T14:00:00.031000+00:00|-1,F05,2020-07-28T14:00:00.031000+00:00,2020-07-28|LONDON_NY_OVERLAP,0,ACCEPT,-33.999999999991815
B02|2020-07-29T07:45:00.027000+00:00|-1,B02,2020-07-29T07:45:00.027000+00:00,2020-07-29|LONDON,0,ACCEPT,-25.99999999999625
F05|2020-07-29T07:45:00.027000+00:00|-1,F05,2020-07-29T07:45:00.027000+00:00,2020-07-29|LONDON,0,ACCEPT,-207.00000000000784
F05|2020-07-30T05:30:00.060000+00:00|1,F05,2020-07-30T05:30:00.060000+00:00,2020-07-30|ASIA,0,ACCEPT,-195.99999999999795
F05|2020-07-31T00:15:00.128000+00:00|-1,F05,2020-07-31T00:15:00.128000+00:00,2020-07-31|ASIA,0,ACCEPT,81.99999999999363
F05|2020-07-31T01:30:00.278000+00:00|-1,F05,2020-07-31T01:30:00.278000+00:00,2020-07-31|ASIA,0,ACCEPT,-368.9999999999998
B02|2020-07-31T09:15:01.984000+00:00|1,B02,2020-07-31T09:15:01.984000+00:00,2020-07-31|LONDON,0,ACCEPT,1007.9999999999956
F05|2020-07-31T13:15:02.801000+00:00|1,F05,2020-07-31T13:15:02.801000+00:00,2020-07-31|LONDON_NY_OVERLAP,0,ACCEPT,581.0000000000031
F05|2020-07-31T16:15:03.263000+00:00|1,F05,2020-07-31T16:15:03.263000+00:00,2020-07-31|NEW_YORK,0,ACCEPT,-49.99999999999716
F05|2020-08-03T00:30:00.072000+00:00|1,F05,2020-08-03T00:30:00.072000+00:00,2020-08-03|ASIA,1,ACCEPT,-438.0000000000024
B02|2020-08-03T08:45:00.583000+00:00|-1,B02,2020-08-03T08:45:00.583000+00:00,2020-08-03|LONDON,1,ACCEPT,-25.000000000005684
B02|2020-08-04T07:15:00.472000+00:00|-1,B02,2020-08-04T07:15:00.472000+00:00,2020-08-04|LONDON,0,ACCEPT,-37.9999999999967
F05|2020-08-04T14:45:00.015000+00:00|-1,F05,2020-08-04T14:45:00.015000+00:00,2020-08-04|LONDON_NY_OVERLAP,0,ACCEPT,-25.99999999999625
F05|2020-08-04T18:15:00.430000+00:00|-1,F05,2020-08-04T18:15:00.430000+00:00,2020-08-04|NEW_YORK,0,ACCEPT,132.99999999999557
F05|2020-08-04T19:15:00.473000+00:00|-1,F05,2020-08-04T19:15:00.473000+00:00,2020-08-04|NEW_YORK,0,ACCEPT,116.99999999999022
F05|2020-08-04T19:45:01.136000+00:00|-1,F05,2020-08-04T19:45:01.136000+00:00,2020-08-04|NEW_YORK,0,ACCEPT,77.00000000001239
F05|2020-08-05T00:00:00.198000+00:00|-1,F05,2020-08-05T00:00:00.198000+00:00,2020-08-05|ASIA,0,ACCEPT,-51.00000000000193
B02|2020-08-05T11:00:00.009000+00:00|1,B02,2020-08-05T11:00:00.009000+00:00,2020-08-05|LONDON,1,ACCEPT,-36.000000000001364
B02|2020-08-05T13:00:00.089000+00:00|-1,B02,2020-08-05T13:00:00.089000+00:00,2020-08-05|LONDON_NY_OVERLAP,0,ACCEPT,-66.99999999999307
F05|2020-08-05T13:00:00.089000+00:00|-1,F05,2020-08-05T13:00:00.089000+00:00,2020-08-05|LONDON_NY_OVERLAP,0,ACCEPT,-102.00000000000387
F05|2020-08-05T13:45:00.251000+00:00|-1,F05,2020-08-05T13:45:00.251000+00:00,2020-08-05|LONDON_NY_OVERLAP,0,ACCEPT,-165.00000000000625
B02|2020-08-06T08:00:00.371000+00:00|1,B02,2020-08-06T08:00:00.371000+00:00,2020-08-06|LONDON,0,ACCEPT,-48.00000000000182
B02|2020-08-07T08:15:00.486000+00:00|1,B02,2020-08-07T08:15:00.486000+00:00,2020-08-07|LONDON,0,ACCEPT,-24.999999999991473
F05|2020-08-07T10:30:00.335000+00:00|1,F05,2020-08-07T10:30:00.335000+00:00,2020-08-07|LONDON,1,ACCEPT,175.00000000001137
F05|2020-08-07T14:15:00.095000+00:00|1,F05,2020-08-07T14:15:00.095000+00:00,2020-08-07|LONDON_NY_OVERLAP,0,ACCEPT,-25.99999999999625
B02|2020-08-10T07:15:01.360000+00:00|1,B02,2020-08-10T07:15:01.360000+00:00,2020-08-10|LONDON,0,ACCEPT,-13.999999999995794
F05|2020-08-10T10:45:00.251000+00:00|1,F05,2020-08-10T10:45:00.251000+00:00,2020-08-10|LONDON,1,ACCEPT,-189.99999999999773
B02|2020-08-11T13:00:00.438000+00:00|-1,B02,2020-08-11T13:00:00.438000+00:00,2020-08-11|LONDON_NY_OVERLAP,0,ACCEPT,-576.0000000000076
F05|2020-08-11T13:45:00.179000+00:00|1,F05,2020-08-11T13:45:00.179000+00:00,2020-08-11|LONDON_NY_OVERLAP,0,ACCEPT,225.00000000000853
F05|2020-08-11T14:15:00.469000+00:00|1,F05,2020-08-11T14:15:00.469000+00:00,2020-08-11|LONDON_NY_OVERLAP,0,ACCEPT,97.99999999999898
F05|2020-08-11T15:30:00.075000+00:00|1,F05,2020-08-11T15:30:00.075000+00:00,2020-08-11|LONDON_NY_OVERLAP,0,ACCEPT,14.000000000010004
F05|2020-08-11T16:00:00.399000+00:00|1,F05,2020-08-11T16:00:00.399000+00:00,2020-08-11|NEW_YORK,0,ACCEPT,-75.00000000000284
F05|2020-08-11T18:30:00.896000+00:00|1,F05,2020-08-11T18:30:00.896000+00:00,2020-08-11|NEW_YORK,0,ACCEPT,18.000000000000682
F05|2020-08-12T04:15:05.953000+00:00|1,F05,2020-08-12T04:15:05.953000+00:00,2020-08-12|ASIA,0,ACCEPT,197.9999999999933
B02|2020-08-12T08:45:00.574000+00:00|1,B02,2020-08-12T08:45:00.574000+00:00,2020-08-12|LONDON,0,ACCEPT,59.99999999998806
F05|2020-08-12T10:15:05.279000+00:00|1,F05,2020-08-12T10:15:05.279000+00:00,2020-08-12|LONDON,0,ACCEPT,-12.999999999991019
F05|2020-08-12T11:30:00.216000+00:00|1,F05,2020-08-12T11:30:00.216000+00:00,2020-08-12|LONDON,0,ACCEPT,-40.99999999999682
B02|2020-08-13T10:00:01.667000+00:00|1,B02,2020-08-13T10:00:01.667000+00:00,2020-08-13|LONDON,0,ACCEPT,-3.9999999999906777
F05|2020-08-13T18:15:00.273000+00:00|1,F05,2020-08-13T18:15:00.273000+00:00,2020-08-13|NEW_YORK,0,ACCEPT,-45.000000000001705
B02|2020-08-14T07:15:01.230000+00:00|-1,B02,2020-08-14T07:15:01.230000+00:00,2020-08-14|LONDON,0,ACCEPT,195.0000000000074
F05|2020-08-14T09:00:00.518000+00:00|-1,F05,2020-08-14T09:00:00.518000+00:00,2020-08-14|LONDON,0,ACCEPT,236.99999999999477
F05|2020-08-14T11:30:00.142000+00:00|-1,F05,2020-08-14T11:30:00.142000+00:00,2020-08-14|LONDON,0,ACCEPT,72.00000000000273
F05|2020-08-14T12:45:00.666000+00:00|-1,F05,2020-08-14T12:45:00.666000+00:00,2020-08-14|LONDON,0,ACCEPT,-4.9999999999954525
F05|2020-08-14T14:00:00.214000+00:00|-1,F05,2020-08-14T14:00:00.214000+00:00,2020-08-14|LONDON_NY_OVERLAP,0,ACCEPT,-138.9999999999958
F05|2020-08-14T15:00:00.068000+00:00|-1,F05,2020-08-14T15:00:00.068000+00:00,2020-08-14|LONDON_NY_OVERLAP,0,ACCEPT,-158.99999999999181
B02|2020-08-17T07:15:00.240000+00:00|-1,B02,2020-08-17T07:15:00.240000+00:00,2020-08-17|LONDON,0,ACCEPT,403.99999999999636
F05|2020-08-17T07:15:00.240000+00:00|-1,F05,2020-08-17T07:15:00.240000+00:00,2020-08-17|LONDON,0,ACCEPT,371.9999999999999
F05|2020-08-17T09:45:00.431000+00:00|-1,F05,2020-08-17T09:45:00.431000+00:00,2020-08-17|LONDON,0,ACCEPT,335.9999999999985
F05|2020-08-17T12:00:03.488000+00:00|-1,F05,2020-08-17T12:00:03.488000+00:00,2020-08-17|LONDON,0,ACCEPT,292.99999999999216
F05|2020-08-17T12:45:00.192000+00:00|-1,F05,2020-08-17T12:45:00.192000+00:00,2020-08-17|LONDON,0,ACCEPT,215.99999999999397
F05|2020-08-17T13:45:00.152000+00:00|-1,F05,2020-08-17T13:45:00.152000+00:00,2020-08-17|LONDON_NY_OVERLAP,0,ACCEPT,90.99999999999397
F05|2020-08-17T14:15:00.613000+00:00|-1,F05,2020-08-17T14:15:00.613000+00:00,2020-08-17|LONDON_NY_OVERLAP,0,ACCEPT,82.99999999999841
F05|2020-08-17T15:45:02.032000+00:00|-1,F05,2020-08-17T15:45:02.032000+00:00,2020-08-17|LONDON_NY_OVERLAP,0,ACCEPT,-61.99999999999761
F05|2020-08-18T00:15:00.453000+00:00|-1,F05,2020-08-18T00:15:00.453000+00:00,2020-08-18|ASIA,0,ACCEPT,304.00000000000205
F05|2020-08-18T02:15:02.358000+00:00|-1,F05,2020-08-18T02:15:02.358000+00:00,2020-08-18|ASIA,0,ACCEPT,61.00000000000705
F05|2020-08-18T03:15:06.426000+00:00|-1,F05,2020-08-18T03:15:06.426000+00:00,2020-08-18|ASIA,0,ACCEPT,93.00000000000352
F05|2020-08-18T06:15:00.147000+00:00|-1,F05,2020-08-18T06:15:00.147000+00:00,2020-08-18|ASIA,0,ACCEPT,162.9999999999967
B02|2020-08-18T07:15:00.323000+00:00|-1,B02,2020-08-18T07:15:00.323000+00:00,2020-08-18|LONDON,0,ACCEPT,-6.000000000000227
F05|2020-08-18T07:15:00.323000+00:00|-1,F05,2020-08-18T07:15:00.323000+00:00,2020-08-18|LONDON,0,ACCEPT,6.000000000000227
F05|2020-08-18T12:30:00.834000+00:00|-1,F05,2020-08-18T12:30:00.834000+00:00,2020-08-18|LONDON,0,ACCEPT,-16.999999999995907
F05|2020-08-18T13:45:00.131000+00:00|-1,F05,2020-08-18T13:45:00.131000+00:00,2020-08-18|LONDON_NY_OVERLAP,0,ACCEPT,-140.99999999999113
F05|2020-08-19T00:00:00.091000+00:00|-1,F05,2020-08-19T00:00:00.091000+00:00,2020-08-19|ASIA,0,ACCEPT,-194.99999999999318
F05|2020-08-19T14:45:00.116000+00:00|1,F05,2020-08-19T14:45:00.116000+00:00,2020-08-19|LONDON_NY_OVERLAP,0,ACCEPT,302.99999999999727
F05|2020-08-19T15:15:00.075000+00:00|1,F05,2020-08-19T15:15:00.075000+00:00,2020-08-19|LONDON_NY_OVERLAP,0,ACCEPT,269.00000000000546
F05|2020-08-19T18:15:00.040000+00:00|1,F05,2020-08-19T18:15:00.040000+00:00,2020-08-19|NEW_YORK,0,ACCEPT,101.0000000000133
F05|2020-08-19T18:45:00.036000+00:00|1,F05,2020-08-19T18:45:00.036000+00:00,2020-08-19|NEW_YORK,0,ACCEPT,115.99999999999966
F05|2020-08-20T01:30:00.422000+00:00|1,F05,2020-08-20T01:30:00.422000+00:00,2020-08-20|ASIA,0,ACCEPT,-150.00000000000568
B02|2020-08-20T07:30:00.184000+00:00|-1,B02,2020-08-20T07:30:00.184000+00:00,2020-08-20|LONDON,0,ACCEPT,-3.9999999999906777
F05|2020-08-20T19:00:02.216000+00:00|-1,F05,2020-08-20T19:00:02.216000+00:00,2020-08-20|NEW_YORK,0,ACCEPT,96.00000000000364
F05|2020-08-21T05:15:02.303000+00:00|-1,F05,2020-08-21T05:15:02.303000+00:00,2020-08-21|ASIA,0,ACCEPT,-67.00000000000728
B02|2020-08-21T07:15:00.011000+00:00|-1,B02,2020-08-21T07:15:00.011000+00:00,2020-08-21|LONDON,0,ACCEPT,-16.999999999995907
F05|2020-08-21T07:15:00.011000+00:00|-1,F05,2020-08-21T07:15:00.011000+00:00,2020-08-21|LONDON,0,ACCEPT,-433.9999999999975
B02|2020-08-21T12:15:00.235000+00:00|1,B02,2020-08-21T12:15:00.235000+00:00,2020-08-21|LONDON,1,ACCEPT,-97.00000000000841
F05|2020-08-24T19:45:07.024000+00:00|1,F05,2020-08-24T19:45:07.024000+00:00,2020-08-24|NEW_YORK,0,ACCEPT,-39.00000000000148
F05|2020-08-25T00:15:00.744000+00:00|1,F05,2020-08-25T00:15:00.744000+00:00,2020-08-25|ASIA,0,ACCEPT,219.99999999999886
F05|2020-08-25T07:00:00.100000+00:00|1,F05,2020-08-25T07:00:00.100000+00:00,2020-08-25|LONDON,0,ACCEPT,403.0000000000058
B02|2020-08-25T07:30:00.188000+00:00|1,B02,2020-08-25T07:30:00.188000+00:00,2020-08-25|LONDON,0,ACCEPT,178.99999999998784
F05|2020-08-25T07:30:00.188000+00:00|1,F05,2020-08-25T07:30:00.188000+00:00,2020-08-25|LONDON,0,ACCEPT,335.9999999999985
F05|2020-08-25T08:15:01.231000+00:00|1,F05,2020-08-25T08:15:01.231000+00:00,2020-08-25|LONDON,0,ACCEPT,166.00000000001103
F05|2020-08-25T10:30:00.282000+00:00|1,F05,2020-08-25T10:30:00.282000+00:00,2020-08-25|LONDON,0,ACCEPT,-53.00000000001148
F05|2020-08-25T15:00:00.059000+00:00|1,F05,2020-08-25T15:00:00.059000+00:00,2020-08-25|LONDON_NY_OVERLAP,0,ACCEPT,-171.99999999999704
B02|2020-08-26T07:30:00.079000+00:00|-1,B02,2020-08-26T07:30:00.079000+00:00,2020-08-26|LONDON,0,ACCEPT,-34.99999999999659
F05|2020-08-26T08:30:00.239000+00:00|-1,F05,2020-08-26T08:30:00.239000+00:00,2020-08-26|LONDON,1,ACCEPT,183.9999999999975
F05|2020-08-26T14:45:03.146000+00:00|-1,F05,2020-08-26T14:45:03.146000+00:00,2020-08-26|LONDON_NY_OVERLAP,0,ACCEPT,287.00000000000614
F05|2020-08-26T15:45:02.036000+00:00|-1,F05,2020-08-26T15:45:02.036000+00:00,2020-08-26|LONDON_NY_OVERLAP,0,ACCEPT,180.00000000000682
F05|2020-08-26T16:30:00.076000+00:00|-1,F05,2020-08-26T16:30:00.076000+00:00,2020-08-26|NEW_YORK,0,ACCEPT,199.00000000001228
F05|2020-08-26T17:45:02.606000+00:00|-1,F05,2020-08-26T17:45:02.606000+00:00,2020-08-26|NEW_YORK,0,ACCEPT,21.000000000000796
B02|2020-08-27T11:00:03.037000+00:00|1,B02,2020-08-27T11:00:03.037000+00:00,2020-08-27|LONDON,0,ACCEPT,-24.999999999991473
F05|2020-08-27T13:15:00.112000+00:00|-1,F05,2020-08-27T13:15:00.112000+00:00,2020-08-27|LONDON_NY_OVERLAP,0,ACCEPT,-796.999999999997
F05|2020-08-27T14:15:00.027000+00:00|1,F05,2020-08-27T14:15:00.027000+00:00,2020-08-27|LONDON_NY_OVERLAP,0,ACCEPT,195.99999999999795
F05|2020-08-27T15:00:00.095000+00:00|1,F05,2020-08-27T15:00:00.095000+00:00,2020-08-27|LONDON_NY_OVERLAP,0,ACCEPT,167.99999999999216
F05|2020-08-27T15:30:00.083000+00:00|1,F05,2020-08-27T15:30:00.083000+00:00,2020-08-27|LONDON_NY_OVERLAP,0,ACCEPT,112.00000000000898
F05|2020-08-27T17:00:00.049000+00:00|1,F05,2020-08-27T17:00:00.049000+00:00,2020-08-27|NEW_YORK,0,ACCEPT,-31.999999999996476
F05|2020-08-28T00:15:00.397000+00:00|1,F05,2020-08-28T00:15:00.397000+00:00,2020-08-28|ASIA,0,ACCEPT,-689.9999999999977
F05|2020-08-28T03:15:00.380000+00:00|1,F05,2020-08-28T03:15:00.380000+00:00,2020-08-28|ASIA,1,ACCEPT,-1498.0000000000045
B02|2020-08-28T07:15:01.442000+00:00|-1,B02,2020-08-28T07:15:01.442000+00:00,2020-08-28|LONDON,0,ACCEPT,634.0000000000003
F05|2020-08-28T09:30:00.223000+00:00|-1,F05,2020-08-28T09:30:00.223000+00:00,2020-08-28|LONDON,1,ACCEPT,180.99999999999739
F05|2020-08-28T10:45:00.451000+00:00|-1,F05,2020-08-28T10:45:00.451000+00:00,2020-08-28|LONDON,1,ACCEPT,17.000000000010118
F05|2020-08-28T12:15:00.062000+00:00|-1,F05,2020-08-28T12:15:00.062000+00:00,2020-08-28|LONDON,2,BLOCK,-129.99999999999545
B02|2020-08-31T07:15:00.012000+00:00|1,B02,2020-08-31T07:15:00.012000+00:00,2020-08-31|LONDON,0,ACCEPT,174.99999999999716
F05|2020-08-31T09:45:00.009000+00:00|1,F05,2020-08-31T09:45:00.009000+00:00,2020-08-31|LONDON,0,ACCEPT,-74.99999999998863
F05|2020-08-31T13:00:00.086000+00:00|1,F05,2020-08-31T13:00:00.086000+00:00,2020-08-31|LONDON_NY_OVERLAP,0,ACCEPT,-89.9999999999892
F05|2020-08-31T14:00:00.070000+00:00|1,F05,2020-08-31T14:00:00.070000+00:00,2020-08-31|LONDON_NY_OVERLAP,0,ACCEPT,-197.00000000000273
F05|2020-09-01T14:30:00.366000+00:00|1,F05,2020-09-01T14:30:00.366000+00:00,2020-09-01|LONDON_NY_OVERLAP,0,ACCEPT,-186.00000000000705
B02|2020-09-02T08:30:00.340000+00:00|1,B02,2020-09-02T08:30:00.340000+00:00,2020-09-02|LONDON,0,ACCEPT,-8.000000000009777
F05|2020-09-02T08:30:00.340000+00:00|1,F05,2020-09-02T08:30:00.340000+00:00,2020-09-02|LONDON,0,ACCEPT,-19.000000000005457
F05|2020-09-02T11:30:10.392000+00:00|1,F05,2020-09-02T11:30:10.392000+00:00,2020-09-02|LONDON,1,ACCEPT,6.999999999990791
F05|2020-09-03T04:45:22.240000+00:00|1,F05,2020-09-03T04:45:22.240000+00:00,2020-09-03|ASIA,0,ACCEPT,118.99999999999977
F05|2020-09-03T05:45:00.959000+00:00|1,F05,2020-09-03T05:45:00.959000+00:00,2020-09-03|ASIA,0,ACCEPT,6.000000000000227
B02|2020-09-03T09:45:07.708000+00:00|1,B02,2020-09-03T09:45:07.708000+00:00,2020-09-03|LONDON,0,ACCEPT,-29.000000000010573
F05|2020-09-03T09:45:07.708000+00:00|1,F05,2020-09-03T09:45:07.708000+00:00,2020-09-03|LONDON,0,ACCEPT,-280.00000000000114
F05|2020-09-03T10:30:00.103000+00:00|1,F05,2020-09-03T10:30:00.103000+00:00,2020-09-03|LONDON,0,ACCEPT,-300.00000000001137
F05|2020-09-03T12:15:00.157000+00:00|1,F05,2020-09-03T12:15:00.157000+00:00,2020-09-03|LONDON,0,ACCEPT,-371.0000000000093
B02|2020-09-04T12:30:00.184000+00:00|1,B02,2020-09-04T12:30:00.184000+00:00,2020-09-04|LONDON,0,ACCEPT,33.00000000000125
B02|2020-09-07T07:30:00.064000+00:00|-1,B02,2020-09-07T07:30:00.064000+00:00,2020-09-07|LONDON,0,ACCEPT,-4.0000000000048885
F05|2020-09-07T08:30:00.187000+00:00|-1,F05,2020-09-07T08:30:00.187000+00:00,2020-09-07|LONDON,1,ACCEPT,-156.0000000000059
B02|2020-09-08T09:15:00.959000+00:00|1,B02,2020-09-08T09:15:00.959000+00:00,2020-09-08|LONDON,0,ACCEPT,-31.00000000000591
F05|2020-09-08T09:15:00.959000+00:00|1,F05,2020-09-08T09:15:00.959000+00:00,2020-09-08|LONDON,0,ACCEPT,-344.99999999999886
F05|2020-09-08T10:15:00.514000+00:00|1,F05,2020-09-08T10:15:00.514000+00:00,2020-09-08|LONDON,0,ACCEPT,-329.9999999999983
B02|2020-09-08T12:30:01.539000+00:00|-1,B02,2020-09-08T12:30:01.539000+00:00,2020-09-08|LONDON,1,ACCEPT,188.0000000000024
F05|2020-09-08T12:30:01.539000+00:00|-1,F05,2020-09-08T12:30:01.539000+00:00,2020-09-08|LONDON,1,ACCEPT,73.99999999999807
F05|2020-09-08T16:30:00.107000+00:00|-1,F05,2020-09-08T16:30:00.107000+00:00,2020-09-08|NEW_YORK,0,ACCEPT,-18.999999999991246
B02|2020-09-09T08:15:03.006000+00:00|1,B02,2020-09-09T08:15:03.006000+00:00,2020-09-09|LONDON,0,ACCEPT,-13.999999999995794
F05|2020-09-09T15:30:00.174000+00:00|1,F05,2020-09-09T15:30:00.174000+00:00,2020-09-09|LONDON_NY_OVERLAP,0,ACCEPT,-55.999999999997385
B02|2020-09-10T07:45:00.090000+00:00|-1,B02,2020-09-10T07:45:00.090000+00:00,2020-09-10|LONDON,0,ACCEPT,-6.999999999990791
B02|2020-09-11T07:30:10.869000+00:00|1,B02,2020-09-11T07:30:10.869000+00:00,2020-09-11|LONDON,0,ACCEPT,-16.000000000005343
F05|2020-09-11T18:15:05.979000+00:00|-1,F05,2020-09-11T18:15:05.979000+00:00,2020-09-11|NEW_YORK,0,ACCEPT,-94.99999999999886
F05|2020-09-14T04:30:00.271000+00:00|-1,F05,2020-09-14T04:30:00.271000+00:00,2020-09-14|ASIA,1,ACCEPT,102.00000000000387
B02|2020-09-14T07:15:00.379000+00:00|-1,B02,2020-09-14T07:15:00.379000+00:00,2020-09-14|LONDON,0,ACCEPT,-21.99999999999136
F05|2020-09-14T07:15:00.379000+00:00|-1,F05,2020-09-14T07:15:00.379000+00:00,2020-09-14|LONDON,0,ACCEPT,370.00000000000455
F05|2020-09-14T13:15:00.252000+00:00|-1,F05,2020-09-14T13:15:00.252000+00:00,2020-09-14|LONDON_NY_OVERLAP,0,ACCEPT,155.00000000000114
F05|2020-09-14T14:30:00.066000+00:00|-1,F05,2020-09-14T14:30:00.066000+00:00,2020-09-14|LONDON_NY_OVERLAP,0,ACCEPT,-141.00000000000534
B02|2020-09-15T08:45:00.588000+00:00|1,B02,2020-09-15T08:45:00.588000+00:00,2020-09-15|LONDON,0,ACCEPT,-19.000000000005457
B02|2020-09-15T11:00:00.598000+00:00|-1,B02,2020-09-15T11:00:00.598000+00:00,2020-09-15|LONDON,1,ACCEPT,177.99999999999727
F05|2020-09-15T11:15:02.609000+00:00|-1,F05,2020-09-15T11:15:02.609000+00:00,2020-09-15|LONDON,1,ACCEPT,79.9999999999983
F05|2020-09-15T12:15:00.423000+00:00|-1,F05,2020-09-15T12:15:00.423000+00:00,2020-09-15|LONDON,1,ACCEPT,-3.9999999999906777
F05|2020-09-15T12:45:00.287000+00:00|-1,F05,2020-09-15T12:45:00.287000+00:00,2020-09-15|LONDON,1,ACCEPT,-55.999999999997385
F05|2020-09-15T13:15:00.238000+00:00|-1,F05,2020-09-15T13:15:00.238000+00:00,2020-09-15|LONDON_NY_OVERLAP,0,ACCEPT,-55.999999999997385
B02|2020-09-16T08:00:00.698000+00:00|-1,B02,2020-09-16T08:00:00.698000+00:00,2020-09-16|LONDON,0,ACCEPT,242.999999999995
F05|2020-09-16T08:00:00.698000+00:00|-1,F05,2020-09-16T08:00:00.698000+00:00,2020-09-16|LONDON,0,ACCEPT,305.0000000000068
F05|2020-09-16T10:30:00.003000+00:00|-1,F05,2020-09-16T10:30:00.003000+00:00,2020-09-16|LONDON,0,ACCEPT,194.00000000000261
F05|2020-09-16T12:45:00.243000+00:00|-1,F05,2020-09-16T12:45:00.243000+00:00,2020-09-16|LONDON,0,ACCEPT,-105.99999999999454
F05|2020-09-16T13:15:00.051000+00:00|-1,F05,2020-09-16T13:15:00.051000+00:00,2020-09-16|LONDON_NY_OVERLAP,0,ACCEPT,-108.00000000000409
B02|2020-09-17T07:45:01.077000+00:00|-1,B02,2020-09-17T07:45:01.077000+00:00,2020-09-17|LONDON,0,ACCEPT,-112.99999999999955
F05|2020-09-17T07:45:01.077000+00:00|-1,F05,2020-09-17T07:45:01.077000+00:00,2020-09-17|LONDON,0,ACCEPT,-30.000000000001137
F05|2020-09-17T11:30:00.285000+00:00|-1,F05,2020-09-17T11:30:00.285000+00:00,2020-09-17|LONDON,1,ACCEPT,-60.000000000002274
B02|2020-09-18T07:15:00.201000+00:00|-1,B02,2020-09-18T07:15:00.201000+00:00,2020-09-18|LONDON,0,ACCEPT,46.00000000000648
F05|2020-09-18T09:00:00.156000+00:00|-1,F05,2020-09-18T09:00:00.156000+00:00,2020-09-18|LONDON,0,ACCEPT,99.00000000000375
F05|2020-09-18T09:45:03.533000+00:00|-1,F05,2020-09-18T09:45:03.533000+00:00,2020-09-18|LONDON,0,ACCEPT,-82.99999999999841
B02|2020-09-21T07:15:01.316000+00:00|-1,B02,2020-09-21T07:15:01.316000+00:00,2020-09-21|LONDON,0,ACCEPT,-1.0000000000047748
F05|2020-09-21T07:15:01.316000+00:00|-1,F05,2020-09-21T07:15:01.316000+00:00,2020-09-21|LONDON,0,ACCEPT,-477.00000000000387
F05|2020-09-21T08:30:00.072000+00:00|-1,F05,2020-09-21T08:30:00.072000+00:00,2020-09-21|LONDON,1,ACCEPT,-649.0000000000009
B02|2020-09-22T10:45:00.249000+00:00|-1,B02,2020-09-22T10:45:00.249000+00:00,2020-09-22|LONDON,0,ACCEPT,-570.999999999998
F05|2020-09-22T14:45:05.252000+00:00|1,F05,2020-09-22T14:45:05.252000+00:00,2020-09-22|LONDON_NY_OVERLAP,0,ACCEPT,28.000000000005798
F05|2020-09-22T15:30:00.014000+00:00|1,F05,2020-09-22T15:30:00.014000+00:00,2020-09-22|LONDON_NY_OVERLAP,0,ACCEPT,-38.000000000010914
F05|2020-09-23T00:45:00.044000+00:00|1,F05,2020-09-23T00:45:00.044000+00:00,2020-09-23|ASIA,0,ACCEPT,-72.00000000000273
B02|2020-09-23T07:30:00.064000+00:00|-1,B02,2020-09-23T07:30:00.064000+00:00,2020-09-23|LONDON,0,ACCEPT,-0.0
F05|2020-09-23T14:30:01.046000+00:00|1,F05,2020-09-23T14:30:01.046000+00:00,2020-09-23|LONDON_NY_OVERLAP,0,ACCEPT,85.99999999999852
F05|2020-09-23T15:45:00.981000+00:00|1,F05,2020-09-23T15:45:00.981000+00:00,2020-09-23|LONDON_NY_OVERLAP,0,ACCEPT,-4.9999999999954525
F05|2020-09-23T16:45:00.888000+00:00|1,F05,2020-09-23T16:45:00.888000+00:00,2020-09-23|NEW_YORK,0,ACCEPT,52.00000000000671
B02|2020-09-24T07:30:01.918000+00:00|-1,B02,2020-09-24T07:30:01.918000+00:00,2020-09-24|LONDON,0,ACCEPT,-52.99999999999727
B02|2020-09-24T11:15:00.054000+00:00|1,B02,2020-09-24T11:15:00.054000+00:00,2020-09-24|LONDON,1,ACCEPT,-69.99999999999318
F05|2020-09-25T13:45:02.003000+00:00|1,F05,2020-09-25T13:45:02.003000+00:00,2020-09-25|LONDON_NY_OVERLAP,0,ACCEPT,56.99999999998795
F05|2020-09-29T06:45:00.217000+00:00|1,F05,2020-09-29T06:45:00.217000+00:00,2020-09-29|ASIA,0,ACCEPT,-84.00000000000318
F05|2020-09-30T00:45:00.727000+00:00|1,F05,2020-09-30T00:45:00.727000+00:00,2020-09-30|ASIA,0,ACCEPT,-51.9999999999925
F05|2020-09-30T05:00:00.234000+00:00|-1,F05,2020-09-30T05:00:00.234000+00:00,2020-09-30|ASIA,0,ACCEPT,-162.9999999999967
F05|2020-09-30T05:30:00.195000+00:00|-1,F05,2020-09-30T05:30:00.195000+00:00,2020-09-30|ASIA,0,ACCEPT,-167.0000000000016
F05|2020-09-30T06:15:01.219000+00:00|-1,F05,2020-09-30T06:15:01.219000+00:00,2020-09-30|ASIA,0,ACCEPT,-215.0000000000034
F05|2020-09-30T15:15:00.409000+00:00|-1,F05,2020-09-30T15:15:00.409000+00:00,2020-09-30|LONDON_NY_OVERLAP,3,BLOCK,-24.00000000000091
B02|2020-10-01T08:45:00.274000+00:00|1,B02,2020-10-01T08:45:00.274000+00:00,2020-10-01|LONDON,0,ACCEPT,-4.0000000000048885
F05|2020-10-02T05:15:00.340000+00:00|-1,F05,2020-10-02T05:15:00.340000+00:00,2020-10-02|ASIA,0,ACCEPT,114.99999999999488
F05|2020-10-05T07:00:00.124000+00:00|1,F05,2020-10-05T07:00:00.124000+00:00,2020-10-05|LONDON,0,ACCEPT,13.00000000000523
B02|2020-10-05T08:15:00.873000+00:00|1,B02,2020-10-05T08:15:00.873000+00:00,2020-10-05|LONDON,0,ACCEPT,-10.000000000005116
F05|2020-10-05T08:15:00.873000+00:00|1,F05,2020-10-05T08:15:00.873000+00:00,2020-10-05|LONDON,0,ACCEPT,85.99999999999852
F05|2020-10-05T16:00:00.125000+00:00|1,F05,2020-10-05T16:00:00.125000+00:00,2020-10-05|NEW_YORK,0,ACCEPT,-9.000000000000341
F05|2020-10-05T16:45:00.289000+00:00|1,F05,2020-10-05T16:45:00.289000+00:00,2020-10-05|NEW_YORK,0,ACCEPT,-133.00000000000978
B02|2020-10-06T08:15:03.256000+00:00|-1,B02,2020-10-06T08:15:03.256000+00:00,2020-10-06|LONDON,0,ACCEPT,-9.000000000000341
F05|2020-10-06T19:45:10.704000+00:00|-1,F05,2020-10-06T19:45:10.704000+00:00,2020-10-06|NEW_YORK,0,ACCEPT,-186.00000000000705
F05|2020-10-07T04:45:00.405000+00:00|1,F05,2020-10-07T04:45:00.405000+00:00,2020-10-07|ASIA,1,ACCEPT,209.00000000000318
F05|2020-10-07T05:45:01.684000+00:00|1,F05,2020-10-07T05:45:01.684000+00:00,2020-10-07|ASIA,1,ACCEPT,194.00000000000261
B02|2020-10-07T07:45:00.058000+00:00|1,B02,2020-10-07T07:45:00.058000+00:00,2020-10-07|LONDON,0,ACCEPT,-12.000000000000455
F05|2020-10-07T07:45:00.058000+00:00|1,F05,2020-10-07T07:45:00.058000+00:00,2020-10-07|LONDON,0,ACCEPT,34.000000000006025
F05|2020-10-07T08:45:07.118000+00:00|1,F05,2020-10-07T08:45:07.118000+00:00,2020-10-07|LONDON,1,ACCEPT,-7.000000000005002
F05|2020-10-07T09:15:04.015000+00:00|1,F05,2020-10-07T09:15:04.015000+00:00,2020-10-07|LONDON,1,ACCEPT,-78.00000000000296
F05|2020-10-07T10:00:00.155000+00:00|1,F05,2020-10-07T10:00:00.155000+00:00,2020-10-07|LONDON,1,ACCEPT,-90.00000000000341
B02|2020-10-08T08:15:00.500000+00:00|-1,B02,2020-10-08T08:15:00.500000+00:00,2020-10-08|LONDON,0,ACCEPT,-78.99999999999352
F05|2020-10-09T01:30:00.193000+00:00|-1,F05,2020-10-09T01:30:00.193000+00:00,2020-10-09|ASIA,0,ACCEPT,-78.99999999999352
F05|2020-10-09T14:15:00.008000+00:00|-1,F05,2020-10-09T14:15:00.008000+00:00,2020-10-09|LONDON_NY_OVERLAP,0,ACCEPT,19.000000000005457
F05|2020-10-09T14:45:01.073000+00:00|-1,F05,2020-10-09T14:45:01.073000+00:00,2020-10-09|LONDON_NY_OVERLAP,0,ACCEPT,10.99999999999568
F05|2020-10-12T03:00:00.453000+00:00|-1,F05,2020-10-12T03:00:00.453000+00:00,2020-10-12|ASIA,0,ACCEPT,37.9999999999967
F05|2020-10-12T04:00:02.058000+00:00|-1,F05,2020-10-12T04:00:02.058000+00:00,2020-10-12|ASIA,0,ACCEPT,31.999999999996476
F05|2020-10-12T04:30:03.206000+00:00|-1,F05,2020-10-12T04:30:03.206000+00:00,2020-10-12|ASIA,0,ACCEPT,18.999999999991246
B02|2020-10-12T12:30:00.836000+00:00|-1,B02,2020-10-12T12:30:00.836000+00:00,2020-10-12|LONDON,0,ACCEPT,46.999999999997044
F05|2020-10-12T12:45:13.170000+00:00|-1,F05,2020-10-12T12:45:13.170000+00:00,2020-10-12|LONDON,0,ACCEPT,66.0000000000025
F05|2020-10-12T13:30:00.138000+00:00|-1,F05,2020-10-12T13:30:00.138000+00:00,2020-10-12|LONDON_NY_OVERLAP,0,ACCEPT,-13.999999999995794
F05|2020-10-12T15:00:00.746000+00:00|-1,F05,2020-10-12T15:00:00.746000+00:00,2020-10-12|LONDON_NY_OVERLAP,0,ACCEPT,-63.00000000000239
B02|2020-10-13T07:45:02.285000+00:00|1,B02,2020-10-13T07:45:02.285000+00:00,2020-10-13|LONDON,0,ACCEPT,-10.99999999999568
F05|2020-10-13T12:15:00.116000+00:00|1,F05,2020-10-13T12:15:00.116000+00:00,2020-10-13|LONDON,1,ACCEPT,-63.00000000000239
F05|2020-10-13T13:30:00.068000+00:00|1,F05,2020-10-13T13:30:00.068000+00:00,2020-10-13|LONDON_NY_OVERLAP,0,ACCEPT,-103.9999999999992
B02|2020-10-14T12:15:00.581000+00:00|-1,B02,2020-10-14T12:15:00.581000+00:00,2020-10-14|LONDON,0,ACCEPT,147.99999999999613
F05|2020-10-14T12:15:00.581000+00:00|-1,F05,2020-10-14T12:15:00.581000+00:00,2020-10-14|LONDON,0,ACCEPT,129.99999999999545
F05|2020-10-14T12:45:00.004000+00:00|-1,F05,2020-10-14T12:45:00.004000+00:00,2020-10-14|LONDON,0,ACCEPT,9.000000000000341
F05|2020-10-14T14:45:02.798000+00:00|-1,F05,2020-10-14T14:45:02.798000+00:00,2020-10-14|LONDON_NY_OVERLAP,0,ACCEPT,-52.00000000000671
F05|2020-10-14T15:15:00.273000+00:00|-1,F05,2020-10-14T15:15:00.273000+00:00,2020-10-14|LONDON_NY_OVERLAP,0,ACCEPT,-99.99999999999432
B02|2020-10-15T09:15:00.560000+00:00|1,B02,2020-10-15T09:15:00.560000+00:00,2020-10-15|LONDON,0,ACCEPT,76.00000000000762
F05|2020-10-15T14:15:02.311000+00:00|1,F05,2020-10-15T14:15:02.311000+00:00,2020-10-15|LONDON_NY_OVERLAP,0,ACCEPT,48.00000000000182
F05|2020-10-15T16:00:00.091000+00:00|1,F05,2020-10-15T16:00:00.091000+00:00,2020-10-15|NEW_YORK,0,ACCEPT,-27.000000000001023
F05|2020-10-15T18:15:00.330000+00:00|1,F05,2020-10-15T18:15:00.330000+00:00,2020-10-15|NEW_YORK,0,ACCEPT,-183.9999999999975
B02|2020-10-19T09:00:00.634000+00:00|-1,B02,2020-10-19T09:00:00.634000+00:00,2020-10-19|LONDON,0,ACCEPT,-40.00000000000625
F05|2020-10-20T00:15:01.301000+00:00|1,F05,2020-10-20T00:15:01.301000+00:00,2020-10-20|ASIA,0,ACCEPT,24.00000000000091
B02|2020-10-20T11:45:00.202000+00:00|1,B02,2020-10-20T11:45:00.202000+00:00,2020-10-20|LONDON,0,ACCEPT,-0.999999999990564
F05|2020-10-20T11:45:00.202000+00:00|1,F05,2020-10-20T11:45:00.202000+00:00,2020-10-20|LONDON,0,ACCEPT,-203.00000000000296
F05|2020-10-20T12:30:00.226000+00:00|1,F05,2020-10-20T12:30:00.226000+00:00,2020-10-20|LONDON,0,ACCEPT,-231.99999999999932
F05|2020-10-21T01:00:00.236000+00:00|-1,F05,2020-10-21T01:00:00.236000+00:00,2020-10-21|ASIA,0,ACCEPT,430.0000000000068
F05|2020-10-21T03:45:00.481000+00:00|-1,F05,2020-10-21T03:45:00.481000+00:00,2020-10-21|ASIA,0,ACCEPT,441.0000000000025
F05|2020-10-21T06:30:00.298000+00:00|-1,F05,2020-10-21T06:30:00.298000+00:00,2020-10-21|ASIA,0,ACCEPT,743.9999999999998
B02|2020-10-21T07:15:00.340000+00:00|-1,B02,2020-10-21T07:15:00.340000+00:00,2020-10-21|LONDON,0,ACCEPT,614.0000000000043
F05|2020-10-21T07:15:00.340000+00:00|-1,F05,2020-10-21T07:15:00.340000+00:00,2020-10-21|LONDON,0,ACCEPT,635.0000000000051
F05|2020-10-21T08:00:00.070000+00:00|-1,F05,2020-10-21T08:00:00.070000+00:00,2020-10-21|LONDON,0,ACCEPT,438.99999999999295
F05|2020-10-21T10:15:02.935000+00:00|-1,F05,2020-10-21T10:15:02.935000+00:00,2020-10-21|LONDON,0,ACCEPT,311.9999999999976
F05|2020-10-21T12:30:00.095000+00:00|-1,F05,2020-10-21T12:30:00.095000+00:00,2020-10-21|LONDON,0,ACCEPT,173.00000000000182
F05|2020-10-21T14:00:00.194000+00:00|-1,F05,2020-10-21T14:00:00.194000+00:00,2020-10-21|LONDON_NY_OVERLAP,0,ACCEPT,-33.00000000000125
F05|2020-10-21T14:45:04.310000+00:00|-1,F05,2020-10-21T14:45:04.310000+00:00,2020-10-21|LONDON_NY_OVERLAP,0,ACCEPT,-182.99999999999272
B02|2020-10-22T07:30:00.094000+00:00|-1,B02,2020-10-22T07:30:00.094000+00:00,2020-10-22|LONDON,0,ACCEPT,-403.99999999999636
B02|2020-10-22T09:45:04.346000+00:00|1,B02,2020-10-22T09:45:04.346000+00:00,2020-10-22|LONDON,0,ACCEPT,99.99999999999432
F05|2020-10-22T14:30:00.145000+00:00|1,F05,2020-10-22T14:30:00.145000+00:00,2020-10-22|LONDON_NY_OVERLAP,0,ACCEPT,68.9999999999884
F05|2020-10-22T18:45:00.626000+00:00|1,F05,2020-10-22T18:45:00.626000+00:00,2020-10-22|NEW_YORK,0,ACCEPT,-135.00000000000512
B02|2020-10-23T08:15:00.138000+00:00|-1,B02,2020-10-23T08:15:00.138000+00:00,2020-10-23|LONDON,0,ACCEPT,-110.99999999999
F05|2020-10-26T04:45:00.350000+00:00|1,F05,2020-10-26T04:45:00.350000+00:00,2020-10-26|ASIA,0,ACCEPT,60.99999999999284
B02|2020-10-26T07:15:00.165000+00:00|1,B02,2020-10-26T07:15:00.165000+00:00,2020-10-26|LONDON,0,ACCEPT,-130.00000000000966
F05|2020-10-26T07:15:00.165000+00:00|1,F05,2020-10-26T07:15:00.165000+00:00,2020-10-26|LONDON,0,ACCEPT,-30.000000000001137
F05|2020-10-26T12:45:00.218000+00:00|1,F05,2020-10-26T12:45:00.218000+00:00,2020-10-26|LONDON,0,ACCEPT,-159.00000000000603
F05|2020-10-27T02:30:00.778000+00:00|-1,F05,2020-10-27T02:30:00.778000+00:00,2020-10-27|ASIA,0,ACCEPT,65.99999999998829
F05|2020-10-27T03:15:13.873000+00:00|-1,F05,2020-10-27T03:15:13.873000+00:00,2020-10-27|ASIA,0,ACCEPT,27.000000000001023
B02|2020-10-27T09:30:00.132000+00:00|-1,B02,2020-10-27T09:30:00.132000+00:00,2020-10-27|LONDON,0,ACCEPT,-0.0
F05|2020-10-27T09:45:00.058000+00:00|-1,F05,2020-10-27T09:45:00.058000+00:00,2020-10-27|LONDON,0,ACCEPT,194.99999999999318
F05|2020-10-27T13:15:00.213000+00:00|-1,F05,2020-10-27T13:15:00.213000+00:00,2020-10-27|LONDON_NY_OVERLAP,0,ACCEPT,138.9999999999958
F05|2020-10-27T14:45:00.595000+00:00|-1,F05,2020-10-27T14:45:00.595000+00:00,2020-10-27|LONDON_NY_OVERLAP,0,ACCEPT,-1.0000000000047748
F05|2020-10-27T15:30:00.424000+00:00|-1,F05,2020-10-27T15:30:00.424000+00:00,2020-10-27|LONDON_NY_OVERLAP,0,ACCEPT,-51.9999999999925
F05|2020-10-28T02:30:00.262000+00:00|-1,F05,2020-10-28T02:30:00.262000+00:00,2020-10-28|ASIA,0,ACCEPT,176.00000000000193
F05|2020-10-28T04:15:03.851000+00:00|-1,F05,2020-10-28T04:15:03.851000+00:00,2020-10-28|ASIA,0,ACCEPT,-90.00000000000341
B02|2020-10-28T07:15:00.376000+00:00|-1,B02,2020-10-28T07:15:00.376000+00:00,2020-10-28|LONDON,0,ACCEPT,-34.99999999999659
F05|2020-10-28T07:15:00.376000+00:00|-1,F05,2020-10-28T07:15:00.376000+00:00,2020-10-28|LONDON,0,ACCEPT,-109.99999999999943
F05|2020-10-28T11:15:01.001000+00:00|-1,F05,2020-10-28T11:15:01.001000+00:00,2020-10-28|LONDON,0,ACCEPT,-194.00000000000261
F05|2020-10-29T02:00:00.200000+00:00|1,F05,2020-10-29T02:00:00.200000+00:00,2020-10-29|ASIA,0,ACCEPT,-360.99999999999
B02|2020-10-29T07:45:00.342000+00:00|-1,B02,2020-10-29T07:45:00.342000+00:00,2020-10-29|LONDON,0,ACCEPT,-385.0000000000051
F05|2020-10-29T10:15:04.647000+00:00|-1,F05,2020-10-29T10:15:04.647000+00:00,2020-10-29|LONDON,1,ACCEPT,-625.9999999999906
F05|2020-10-29T15:15:00.836000+00:00|1,F05,2020-10-29T15:15:00.836000+00:00,2020-10-29|LONDON_NY_OVERLAP,0,ACCEPT,96.9999999999942
F05|2020-11-02T06:15:05.249000+00:00|1,F05,2020-11-02T06:15:05.249000+00:00,2020-11-02|ASIA,0,ACCEPT,-91.99999999999875
B02|2020-11-02T07:45:02.610000+00:00|1,B02,2020-11-02T07:45:02.610000+00:00,2020-11-02|LONDON,0,ACCEPT,-6.000000000000227
F05|2020-11-02T07:45:02.610000+00:00|1,F05,2020-11-02T07:45:02.610000+00:00,2020-11-02|LONDON,0,ACCEPT,10.99999999999568
F05|2020-11-02T08:30:00.326000+00:00|1,F05,2020-11-02T08:30:00.326000+00:00,2020-11-02|LONDON,0,ACCEPT,-73.99999999999807
F05|2020-11-03T07:00:00.092000+00:00|-1,F05,2020-11-03T07:00:00.092000+00:00,2020-11-03|LONDON,0,ACCEPT,-49.000000000006594
B02|2020-11-03T07:15:06.576000+00:00|-1,B02,2020-11-03T07:15:06.576000+00:00,2020-11-03|LONDON,0,ACCEPT,-52.99999999999727
F05|2020-11-04T02:30:00.229000+00:00|1,F05,2020-11-04T02:30:00.229000+00:00,2020-11-04|ASIA,0,ACCEPT,-213.99999999999864
B02|2020-11-04T12:30:00.021000+00:00|-1,B02,2020-11-04T12:30:00.021000+00:00,2020-11-04|LONDON,1,ACCEPT,-18.000000000000682
F05|2020-11-04T12:30:00.021000+00:00|-1,F05,2020-11-04T12:30:00.021000+00:00,2020-11-04|LONDON,1,ACCEPT,-246.00000000000932
B02|2020-11-05T09:45:01.013000+00:00|-1,B02,2020-11-05T09:45:01.013000+00:00,2020-11-05|LONDON,0,ACCEPT,-22.999999999996135
F05|2020-11-05T11:00:00.314000+00:00|-1,F05,2020-11-05T11:00:00.314000+00:00,2020-11-05|LONDON,0,ACCEPT,426.9999999999925
F05|2020-11-05T12:45:00.093000+00:00|-1,F05,2020-11-05T12:45:00.093000+00:00,2020-11-05|LONDON,1,ACCEPT,301.00000000000193
F05|2020-11-05T19:45:00.609000+00:00|-1,F05,2020-11-05T19:45:00.609000+00:00,2020-11-05|NEW_YORK,0,ACCEPT,86.99999999998909
B02|2020-11-06T10:30:00.334000+00:00|-1,B02,2020-11-06T10:30:00.334000+00:00,2020-11-06|LONDON,0,ACCEPT,-5.000000000009663
F05|2020-11-06T10:30:00.334000+00:00|-1,F05,2020-11-06T10:30:00.334000+00:00,2020-11-06|LONDON,0,ACCEPT,31.999999999996476
B02|2020-11-09T08:45:00.080000+00:00|1,B02,2020-11-09T08:45:00.080000+00:00,2020-11-09|LONDON,0,ACCEPT,1798.9999999999923
F05|2020-11-09T10:00:00.839000+00:00|1,F05,2020-11-09T10:00:00.839000+00:00,2020-11-09|LONDON,0,ACCEPT,1727.0000000000039
F05|2020-11-09T11:45:00.434000+00:00|1,F05,2020-11-09T11:45:00.434000+00:00,2020-11-09|LONDON,0,ACCEPT,1593.999999999994
F05|2020-11-09T12:45:00.038000+00:00|1,F05,2020-11-09T12:45:00.038000+00:00,2020-11-09|LONDON,0,ACCEPT,888.9999999999958
F05|2020-11-09T15:00:00.117000+00:00|1,F05,2020-11-09T15:00:00.117000+00:00,2020-11-09|LONDON_NY_OVERLAP,0,ACCEPT,-84.00000000000318
F05|2020-11-09T16:15:00.294000+00:00|1,F05,2020-11-09T16:15:00.294000+00:00,2020-11-09|NEW_YORK,0,ACCEPT,-356.00000000000875
B02|2020-11-10T10:00:00.584000+00:00|1,B02,2020-11-10T10:00:00.584000+00:00,2020-11-10|LONDON,0,ACCEPT,-40.99999999999682
B02|2020-11-11T07:15:00.139000+00:00|1,B02,2020-11-11T07:15:00.139000+00:00,2020-11-11|LONDON,0,ACCEPT,-27.999999999991587
F05|2020-11-11T08:45:00.729000+00:00|1,F05,2020-11-11T08:45:00.729000+00:00,2020-11-11|LONDON,1,ACCEPT,72.00000000000273
F05|2020-11-11T15:15:00.345000+00:00|1,F05,2020-11-11T15:15:00.345000+00:00,2020-11-11|LONDON_NY_OVERLAP,0,ACCEPT,-228.9999999999992
F05|2020-11-12T06:15:00.042000+00:00|-1,F05,2020-11-12T06:15:00.042000+00:00,2020-11-12|ASIA,0,ACCEPT,-25.99999999999625
F05|2020-11-13T00:45:00.217000+00:00|-1,F05,2020-11-13T00:45:00.217000+00:00,2020-11-13|ASIA,0,ACCEPT,-128.99999999999068
F05|2020-11-13T01:30:00.374000+00:00|-1,F05,2020-11-13T01:30:00.374000+00:00,2020-11-13|ASIA,0,ACCEPT,-209.99999999999375
B02|2020-11-13T08:45:00.211000+00:00|1,B02,2020-11-13T08:45:00.211000+00:00,2020-11-13|LONDON,1,ACCEPT,-493.9999999999998
F05|2020-11-13T13:15:00.549000+00:00|-1,F05,2020-11-13T13:15:00.549000+00:00,2020-11-13|LONDON_NY_OVERLAP,0,ACCEPT,262.00000000000045
F05|2020-11-13T13:45:02.400000+00:00|-1,F05,2020-11-13T13:45:02.400000+00:00,2020-11-13|LONDON_NY_OVERLAP,0,ACCEPT,155.00000000000114
F05|2020-11-13T16:00:00.065000+00:00|-1,F05,2020-11-13T16:00:00.065000+00:00,2020-11-13|NEW_YORK,0,ACCEPT,-28.999999999996362
F05|2020-11-13T17:15:00.263000+00:00|-1,F05,2020-11-13T17:15:00.263000+00:00,2020-11-13|NEW_YORK,0,ACCEPT,-57.00000000000216
F05|2020-11-16T02:00:01.377000+00:00|-1,F05,2020-11-16T02:00:01.377000+00:00,2020-11-16|ASIA,2,BLOCK,-1.0000000000047748
B02|2020-11-16T07:45:00.437000+00:00|-1,B02,2020-11-16T07:45:00.437000+00:00,2020-11-16|LONDON,0,ACCEPT,-20.000000000010232
F05|2020-11-16T07:45:00.437000+00:00|-1,F05,2020-11-16T07:45:00.437000+00:00,2020-11-16|LONDON,0,ACCEPT,-134.00000000000034
F05|2020-11-16T09:00:00.159000+00:00|-1,F05,2020-11-16T09:00:00.159000+00:00,2020-11-16|LONDON,0,ACCEPT,-162.9999999999967
B02|2020-11-16T12:00:00.138000+00:00|1,B02,2020-11-16T12:00:00.138000+00:00,2020-11-16|LONDON,1,ACCEPT,-512.0000000000005
F05|2020-11-16T12:00:00.138000+00:00|1,F05,2020-11-16T12:00:00.138000+00:00,2020-11-16|LONDON,1,ACCEPT,-448.0000000000075
B02|2020-11-17T08:15:00.382000+00:00|-1,B02,2020-11-17T08:15:00.382000+00:00,2020-11-17|LONDON,0,ACCEPT,207.00000000000784
F05|2020-11-17T08:45:00.678000+00:00|-1,F05,2020-11-17T08:45:00.678000+00:00,2020-11-17|LONDON,0,ACCEPT,108.00000000000409
F05|2020-11-17T11:15:00.847000+00:00|-1,F05,2020-11-17T11:15:00.847000+00:00,2020-11-17|LONDON,0,ACCEPT,12.000000000000455
F05|2020-11-17T13:45:00.929000+00:00|-1,F05,2020-11-17T13:45:00.929000+00:00,2020-11-17|LONDON_NY_OVERLAP,0,ACCEPT,-99.99999999999432
F05|2020-11-18T05:30:00.425000+00:00|-1,F05,2020-11-18T05:30:00.425000+00:00,2020-11-18|ASIA,0,ACCEPT,90.00000000000341
B02|2020-11-18T07:30:01.213000+00:00|-1,B02,2020-11-18T07:30:01.213000+00:00,2020-11-18|LONDON,0,ACCEPT,-1.9999999999953388
F05|2020-11-18T07:30:01.213000+00:00|-1,F05,2020-11-18T07:30:01.213000+00:00,2020-11-18|LONDON,0,ACCEPT,156.0000000000059
F05|2020-11-18T10:15:01.523000+00:00|-1,F05,2020-11-18T10:15:01.523000+00:00,2020-11-18|LONDON,1,ACCEPT,-33.00000000000125
F05|2020-11-18T15:30:00.064000+00:00|-1,F05,2020-11-18T15:30:00.064000+00:00,2020-11-18|LONDON_NY_OVERLAP,0,ACCEPT,-110.99999999999
B02|2020-11-19T09:45:00.479000+00:00|1,B02,2020-11-19T09:45:00.479000+00:00,2020-11-19|LONDON,0,ACCEPT,-10.000000000005116
F05|2020-11-19T10:30:00.540000+00:00|1,F05,2020-11-19T10:30:00.540000+00:00,2020-11-19|LONDON,0,ACCEPT,-379.0000000000049
B02|2020-11-23T11:00:00.376000+00:00|-1,B02,2020-11-23T11:00:00.376000+00:00,2020-11-23|LONDON,0,ACCEPT,-796.999999999997
F05|2020-11-23T15:00:00.209000+00:00|1,F05,2020-11-23T15:00:00.209000+00:00,2020-11-23|LONDON_NY_OVERLAP,0,ACCEPT,439.9999999999977
F05|2020-11-23T16:00:00.104000+00:00|1,F05,2020-11-23T16:00:00.104000+00:00,2020-11-23|NEW_YORK,0,ACCEPT,43.00000000000637
B02|2020-11-24T08:15:00.403000+00:00|-1,B02,2020-11-24T08:15:00.403000+00:00,2020-11-24|LONDON,0,ACCEPT,-45.000000000001705
F05|2020-11-24T14:00:00.039000+00:00|1,F05,2020-11-24T14:00:00.039000+00:00,2020-11-24|LONDON_NY_OVERLAP,0,ACCEPT,-238.00000000001376
B02|2020-11-25T08:15:00.009000+00:00|-1,B02,2020-11-25T08:15:00.009000+00:00,2020-11-25|LONDON,0,ACCEPT,-12.999999999991019
F05|2020-11-25T15:00:00.114000+00:00|-1,F05,2020-11-25T15:00:00.114000+00:00,2020-11-25|LONDON_NY_OVERLAP,0,ACCEPT,-140.00000000000057
B02|2020-11-26T09:00:00.918000+00:00|-1,B02,2020-11-26T09:00:00.918000+00:00,2020-11-26|LONDON,0,ACCEPT,-19.99999999999602
F05|2020-11-26T09:00:00.918000+00:00|-1,F05,2020-11-26T09:00:00.918000+00:00,2020-11-26|LONDON,0,ACCEPT,-0.999999999990564
F05|2020-11-26T17:30:00.606000+00:00|-1,F05,2020-11-26T17:30:00.606000+00:00,2020-11-26|NEW_YORK,1,ACCEPT,166.99999999998738
F05|2020-11-27T00:15:02.178000+00:00|-1,F05,2020-11-27T00:15:02.178000+00:00,2020-11-27|ASIA,0,ACCEPT,168.99999999999693
F05|2020-11-27T00:45:00.052000+00:00|-1,F05,2020-11-27T00:45:00.052000+00:00,2020-11-27|ASIA,0,ACCEPT,134.00000000000034
F05|2020-11-27T03:45:06.825000+00:00|-1,F05,2020-11-27T03:45:06.825000+00:00,2020-11-27|ASIA,0,ACCEPT,-143.99999999999125
F05|2020-11-30T01:00:00.271000+00:00|-1,F05,2020-11-30T01:00:00.271000+00:00,2020-11-30|ASIA,0,ACCEPT,-337.99999999999386
B02|2020-11-30T08:15:00.706000+00:00|1,B02,2020-11-30T08:15:00.706000+00:00,2020-11-30|LONDON,0,ACCEPT,-109.99999999999943
F05|2020-11-30T09:00:00.087000+00:00|1,F05,2020-11-30T09:00:00.087000+00:00,2020-11-30|LONDON,1,ACCEPT,156.99999999999648
F05|2020-12-01T03:30:00.692000+00:00|1,F05,2020-12-01T03:30:00.692000+00:00,2020-12-01|ASIA,0,ACCEPT,-25.99999999999625
B02|2020-12-01T08:45:00.595000+00:00|-1,B02,2020-12-01T08:45:00.595000+00:00,2020-12-01|LONDON,0,ACCEPT,-140.00000000000057
F05|2020-12-01T15:15:00.246000+00:00|1,F05,2020-12-01T15:15:00.246000+00:00,2020-12-01|LONDON_NY_OVERLAP,0,ACCEPT,-245.00000000000455
B02|2020-12-02T07:15:19.038000+00:00|1,B02,2020-12-02T07:15:19.038000+00:00,2020-12-02|LONDON,0,ACCEPT,16.000000000005343
F05|2020-12-02T09:00:00.321000+00:00|1,F05,2020-12-02T09:00:00.321000+00:00,2020-12-02|LONDON,0,ACCEPT,-121.99999999999989
F05|2020-12-02T10:45:00.368000+00:00|1,F05,2020-12-02T10:45:00.368000+00:00,2020-12-02|LONDON,0,ACCEPT,-233.99999999999466
F05|2020-12-02T12:45:05.985000+00:00|1,F05,2020-12-02T12:45:05.985000+00:00,2020-12-02|LONDON,0,ACCEPT,-240.99999999999966
B02|2020-12-03T07:15:00.131000+00:00|-1,B02,2020-12-03T07:15:00.131000+00:00,2020-12-03|LONDON,0,ACCEPT,454.9999999999983
F05|2020-12-03T07:15:00.131000+00:00|-1,F05,2020-12-03T07:15:00.131000+00:00,2020-12-03|LONDON,0,ACCEPT,687.0000000000118
F05|2020-12-03T08:00:00.272000+00:00|-1,F05,2020-12-03T08:00:00.272000+00:00,2020-12-03|LONDON,0,ACCEPT,559.0000000000117
F05|2020-12-03T09:15:04.008000+00:00|-1,F05,2020-12-03T09:15:04.008000+00:00,2020-12-03|LONDON,0,ACCEPT,412.00000000000614
F05|2020-12-03T12:30:00.013000+00:00|-1,F05,2020-12-03T12:30:00.013000+00:00,2020-12-03|LONDON,0,ACCEPT,213.99999999999864
F05|2020-12-03T13:30:00.375000+00:00|-1,F05,2020-12-03T13:30:00.375000+00:00,2020-12-03|LONDON_NY_OVERLAP,0,ACCEPT,204.9999999999983
F05|2020-12-03T14:15:03.002000+00:00|-1,F05,2020-12-03T14:15:03.002000+00:00,2020-12-03|LONDON_NY_OVERLAP,0,ACCEPT,64.99999999999773
F05|2020-12-03T15:00:00.073000+00:00|-1,F05,2020-12-03T15:00:00.073000+00:00,2020-12-03|LONDON_NY_OVERLAP,0,ACCEPT,-54.99999999999261
B02|2020-12-04T09:00:00.278000+00:00|1,B02,2020-12-04T09:00:00.278000+00:00,2020-12-04|LONDON,0,ACCEPT,-28.999999999996362
F05|2020-12-04T15:30:00.366000+00:00|1,F05,2020-12-04T15:30:00.366000+00:00,2020-12-04|LONDON_NY_OVERLAP,0,ACCEPT,85.00000000000796
F05|2020-12-04T16:00:00.095000+00:00|1,F05,2020-12-04T16:00:00.095000+00:00,2020-12-04|NEW_YORK,0,ACCEPT,-0.999999999990564
B02|2020-12-07T08:30:01.031000+00:00|1,B02,2020-12-07T08:30:01.031000+00:00,2020-12-07|LONDON,0,ACCEPT,-10.99999999999568
F05|2020-12-07T09:15:00.171000+00:00|1,F05,2020-12-07T09:15:00.171000+00:00,2020-12-07|LONDON,0,ACCEPT,-350.0000000000085
B02|2020-12-08T13:00:00.521000+00:00|1,B02,2020-12-08T13:00:00.521000+00:00,2020-12-08|LONDON_NY_OVERLAP,0,ACCEPT,-51.9999999999925
F05|2020-12-08T15:45:14.244000+00:00|1,F05,2020-12-08T15:45:14.244000+00:00,2020-12-08|LONDON_NY_OVERLAP,1,ACCEPT,-55.999999999997385
B02|2020-12-09T07:15:08.389000+00:00|1,B02,2020-12-09T07:15:08.389000+00:00,2020-12-09|LONDON,0,ACCEPT,-40.99999999999682
F05|2020-12-09T07:15:08.389000+00:00|1,F05,2020-12-09T07:15:08.389000+00:00,2020-12-09|LONDON,0,ACCEPT,25.000000000005684
B02|2020-12-09T10:00:00.128000+00:00|-1,B02,2020-12-09T10:00:00.128000+00:00,2020-12-09|LONDON,1,ACCEPT,-32.00000000001069
F05|2020-12-09T16:45:04.522000+00:00|1,F05,2020-12-09T16:45:04.522000+00:00,2020-12-09|NEW_YORK,0,ACCEPT,-18.999999999991246
F05|2020-12-09T17:15:00.706000+00:00|1,F05,2020-12-09T17:15:00.706000+00:00,2020-12-09|NEW_YORK,0,ACCEPT,-98.99999999998954
F05|2020-12-10T03:00:00.434000+00:00|1,F05,2020-12-10T03:00:00.434000+00:00,2020-12-10|ASIA,2,BLOCK,51.00000000000193
B02|2020-12-10T08:15:01.541000+00:00|1,B02,2020-12-10T08:15:01.541000+00:00,2020-12-10|LONDON,0,ACCEPT,-375.0
F05|2020-12-10T08:15:01.541000+00:00|1,F05,2020-12-10T08:15:01.541000+00:00,2020-12-10|LONDON,0,ACCEPT,-168.00000000000637
F05|2020-12-11T00:15:00.452000+00:00|-1,F05,2020-12-11T00:15:00.452000+00:00,2020-12-11|ASIA,0,ACCEPT,-12.000000000000455
F05|2020-12-11T00:45:00.076000+00:00|-1,F05,2020-12-11T00:45:00.076000+00:00,2020-12-11|ASIA,0,ACCEPT,-25.99999999999625
F05|2020-12-11T01:30:00.056000+00:00|-1,F05,2020-12-11T01:30:00.056000+00:00,2020-12-11|ASIA,0,ACCEPT,-162.00000000000614
F05|2020-12-11T15:15:00.251000+00:00|-1,F05,2020-12-11T15:15:00.251000+00:00,2020-12-11|LONDON_NY_OVERLAP,0,ACCEPT,-75.9999999999934
B02|2020-12-14T09:00:00.173000+00:00|-1,B02,2020-12-14T09:00:00.173000+00:00,2020-12-14|LONDON,0,ACCEPT,-171.00000000000648
F05|2020-12-14T09:30:00.206000+00:00|-1,F05,2020-12-14T09:30:00.206000+00:00,2020-12-14|LONDON,0,ACCEPT,-239.00000000000432
F05|2020-12-14T10:15:00.475000+00:00|-1,F05,2020-12-14T10:15:00.475000+00:00,2020-12-14|LONDON,0,ACCEPT,-322.00000000000273
F05|2020-12-14T12:45:00.974000+00:00|-1,F05,2020-12-14T12:45:00.974000+00:00,2020-12-14|LONDON,0,ACCEPT,-426.9999999999925
F05|2020-12-14T14:00:00.274000+00:00|-1,F05,2020-12-14T14:00:00.274000+00:00,2020-12-14|LONDON_NY_OVERLAP,0,ACCEPT,-498.00000000000466
F05|2020-12-14T16:00:00.040000+00:00|1,F05,2020-12-14T16:00:00.040000+00:00,2020-12-14|NEW_YORK,0,ACCEPT,-78.00000000000296
F05|2020-12-15T01:00:00.156000+00:00|1,F05,2020-12-15T01:00:00.156000+00:00,2020-12-15|ASIA,1,ACCEPT,-12.000000000000455
F05|2020-12-15T03:45:05.376000+00:00|1,F05,2020-12-15T03:45:05.376000+00:00,2020-12-15|ASIA,1,ACCEPT,-174.0000000000066
B02|2020-12-15T11:00:00.098000+00:00|-1,B02,2020-12-15T11:00:00.098000+00:00,2020-12-15|LONDON,1,ACCEPT,294.9999999999875
F05|2020-12-15T16:15:00.351000+00:00|-1,F05,2020-12-15T16:15:00.351000+00:00,2020-12-15|NEW_YORK,0,ACCEPT,40.99999999999682
F05|2020-12-16T03:45:01.879000+00:00|-1,F05,2020-12-16T03:45:01.879000+00:00,2020-12-16|ASIA,0,ACCEPT,230.00000000000398
F05|2020-12-16T04:15:24.263000+00:00|-1,F05,2020-12-16T04:15:24.263000+00:00,2020-12-16|ASIA,0,ACCEPT,94.99999999999886
F05|2020-12-16T04:45:01.735000+00:00|-1,F05,2020-12-16T04:45:01.735000+00:00,2020-12-16|ASIA,0,ACCEPT,143.99999999999125
B02|2020-12-16T08:15:00.078000+00:00|-1,B02,2020-12-16T08:15:00.078000+00:00,2020-12-16|LONDON,0,ACCEPT,-25.000000000005684
F05|2020-12-16T08:15:00.078000+00:00|-1,F05,2020-12-16T08:15:00.078000+00:00,2020-12-16|LONDON,0,ACCEPT,-156.99999999999648
F05|2020-12-16T08:45:00.046000+00:00|-1,F05,2020-12-16T08:45:00.046000+00:00,2020-12-16|LONDON,0,ACCEPT,-221.9999999999942
F05|2020-12-16T10:00:00.343000+00:00|-1,F05,2020-12-16T10:00:00.343000+00:00,2020-12-16|LONDON,0,ACCEPT,-340.999999999994
F05|2020-12-16T19:15:00.166000+00:00|1,F05,2020-12-16T19:15:00.166000+00:00,2020-12-16|NEW_YORK,3,BLOCK,-441.99999999999307
B02|2020-12-17T07:15:00.306000+00:00|-1,B02,2020-12-17T07:15:00.306000+00:00,2020-12-17|LONDON,0,ACCEPT,81.00000000000307
F05|2020-12-17T07:15:00.306000+00:00|-1,F05,2020-12-17T07:15:00.306000+00:00,2020-12-17|LONDON,0,ACCEPT,239.99999999999488
F05|2020-12-17T10:00:00.021000+00:00|-1,F05,2020-12-17T10:00:00.021000+00:00,2020-12-17|LONDON,0,ACCEPT,-14.000000000010004
F05|2020-12-17T13:00:00.599000+00:00|-1,F05,2020-12-17T13:00:00.599000+00:00,2020-12-17|LONDON_NY_OVERLAP,0,ACCEPT,-140.00000000000057
F05|2020-12-17T15:00:00.132000+00:00|-1,F05,2020-12-17T15:00:00.132000+00:00,2020-12-17|LONDON_NY_OVERLAP,0,ACCEPT,-221.00000000000364
F05|2020-12-18T03:15:01.350000+00:00|1,F05,2020-12-18T03:15:01.350000+00:00,2020-12-18|ASIA,0,ACCEPT,-13.999999999995794
F05|2020-12-18T04:45:01.060000+00:00|1,F05,2020-12-18T04:45:01.060000+00:00,2020-12-18|ASIA,0,ACCEPT,-254.99999999999545
B02|2020-12-18T08:15:00.300000+00:00|1,B02,2020-12-18T08:15:00.300000+00:00,2020-12-18|LONDON,0,ACCEPT,-44.999999999987494
F05|2020-12-18T08:15:00.300000+00:00|1,F05,2020-12-18T08:15:00.300000+00:00,2020-12-18|LONDON,0,ACCEPT,-175.99999999998772
B02|2020-12-21T07:45:00.666000+00:00|1,B02,2020-12-21T07:45:00.666000+00:00,2020-12-21|LONDON,0,ACCEPT,-15.999999999991132
F05|2020-12-21T08:00:00.085000+00:00|1,F05,2020-12-21T08:00:00.085000+00:00,2020-12-21|LONDON,0,ACCEPT,-97.00000000000841
F05|2020-12-21T09:45:01.582000+00:00|1,F05,2020-12-21T09:45:01.582000+00:00,2020-12-21|LONDON,1,ACCEPT,-243.0000000000092
F05|2020-12-22T15:15:00.290000+00:00|1,F05,2020-12-22T15:15:00.290000+00:00,2020-12-22|LONDON_NY_OVERLAP,0,ACCEPT,-55.00000000000682
F05|2020-12-22T16:00:00.059000+00:00|1,F05,2020-12-22T16:00:00.059000+00:00,2020-12-22|NEW_YORK,0,ACCEPT,-179.9999999999926
B02|2020-12-23T07:15:00.589000+00:00|-1,B02,2020-12-23T07:15:00.589000+00:00,2020-12-23|LONDON,0,ACCEPT,-18.000000000000682
B02|2020-12-24T09:30:00.162000+00:00|1,B02,2020-12-24T09:30:00.162000+00:00,2020-12-24|LONDON,0,ACCEPT,-4.9999999999954525
F05|2020-12-24T09:45:03.538000+00:00|1,F05,2020-12-24T09:45:03.538000+00:00,2020-12-24|LONDON,0,ACCEPT,-4.9999999999954525
F05|2020-12-24T15:15:00.314000+00:00|1,F05,2020-12-24T15:15:00.314000+00:00,2020-12-24|LONDON_NY_OVERLAP,0,ACCEPT,-99.99999999999432
B02|2020-12-28T11:45:00.268000+00:00|1,B02,2020-12-28T11:45:00.268000+00:00,2020-12-28|LONDON,0,ACCEPT,-16.999999999995907
F05|2020-12-28T11:45:00.268000+00:00|1,F05,2020-12-28T11:45:00.268000+00:00,2020-12-28|LONDON,0,ACCEPT,152.00000000000102
F05|2020-12-28T15:45:00.762000+00:00|1,F05,2020-12-28T15:45:00.762000+00:00,2020-12-28|LONDON_NY_OVERLAP,0,ACCEPT,-100.99999999999909
B02|2020-12-29T08:45:00.060000+00:00|-1,B02,2020-12-29T08:45:00.060000+00:00,2020-12-29|LONDON,0,ACCEPT,73.99999999999807
F05|2020-12-29T14:45:00.278000+00:00|-1,F05,2020-12-29T14:45:00.278000+00:00,2020-12-29|LONDON_NY_OVERLAP,0,ACCEPT,-2.0000000000095497
F05|2020-12-30T01:45:00.265000+00:00|-1,F05,2020-12-30T01:45:00.265000+00:00,2020-12-30|ASIA,0,ACCEPT,164.00000000000148
F05|2020-12-30T02:45:00.677000+00:00|-1,F05,2020-12-30T02:45:00.677000+00:00,2020-12-30|ASIA,0,ACCEPT,189.99999999999773
B02|2020-12-30T09:30:00.003000+00:00|-1,B02,2020-12-30T09:30:00.003000+00:00,2020-12-30|LONDON,0,ACCEPT,-3.0000000000001137
F05|2020-12-30T09:30:00.003000+00:00|-1,F05,2020-12-30T09:30:00.003000+00:00,2020-12-30|LONDON,0,ACCEPT,-87.99999999999386
F05|2020-12-30T10:30:01.067000+00:00|-1,F05,2020-12-30T10:30:01.067000+00:00,2020-12-30|LONDON,0,ACCEPT,-73.99999999999807
F05|2020-12-30T12:15:00.156000+00:00|-1,F05,2020-12-30T12:15:00.156000+00:00,2020-12-30|LONDON,0,ACCEPT,-167.0000000000016
F05|2020-12-30T13:30:00.614000+00:00|-1,F05,2020-12-30T13:30:00.614000+00:00,2020-12-30|LONDON_NY_OVERLAP,0,ACCEPT,-221.00000000000364
B02|2020-12-31T10:00:00.010000+00:00|-1,B02,2020-12-31T10:00:00.010000+00:00,2020-12-31|LONDON,0,ACCEPT,-126.00000000000477
F05|2021-01-04T02:45:01.764000+00:00|-1,F05,2021-01-04T02:45:01.764000+00:00,2021-01-04|ASIA,0,ACCEPT,234.00000000000887
F05|2021-01-04T03:45:00.171000+00:00|-1,F05,2021-01-04T03:45:00.171000+00:00,2021-01-04|ASIA,0,ACCEPT,97.99999999999898
B02|2021-01-04T07:45:00.127000+00:00|-1,B02,2021-01-04T07:45:00.127000+00:00,2021-01-04|LONDON,0,ACCEPT,-240.0000000000091
F05|2021-01-04T07:45:00.127000+00:00|-1,F05,2021-01-04T07:45:00.127000+00:00,2021-01-04|LONDON,0,ACCEPT,-270.00000000001023
F05|2021-01-04T08:30:01.313000+00:00|-1,F05,2021-01-04T08:30:01.313000+00:00,2021-01-04|LONDON,0,ACCEPT,-308.00000000000693
F05|2021-01-04T09:30:00.009000+00:00|-1,F05,2021-01-04T09:30:00.009000+00:00,2021-01-04|LONDON,0,ACCEPT,-387.00000000000045
B02|2021-01-05T08:30:00.680000+00:00|-1,B02,2021-01-05T08:30:00.680000+00:00,2021-01-05|LONDON,0,ACCEPT,-19.000000000005457
F05|2021-01-05T16:30:00.045000+00:00|-1,F05,2021-01-05T16:30:00.045000+00:00,2021-01-05|NEW_YORK,0,ACCEPT,127.00000000000955
F05|2021-01-05T17:15:00.335000+00:00|-1,F05,2021-01-05T17:15:00.335000+00:00,2021-01-05|NEW_YORK,0,ACCEPT,-36.99999999999193
B02|2021-01-06T12:45:02.537000+00:00|1,B02,2021-01-06T12:45:02.537000+00:00,2021-01-06|LONDON,0,ACCEPT,84.99999999999375
F05|2021-01-06T14:00:00.062000+00:00|1,F05,2021-01-06T14:00:00.062000+00:00,2021-01-06|LONDON_NY_OVERLAP,0,ACCEPT,-144.00000000000546
F05|2021-01-06T15:30:00.093000+00:00|1,F05,2021-01-06T15:30:00.093000+00:00,2021-01-06|LONDON_NY_OVERLAP,0,ACCEPT,-269.999999999996
B02|2021-01-07T07:15:00.353000+00:00|1,B02,2021-01-07T07:15:00.353000+00:00,2021-01-07|LONDON,0,ACCEPT,518.0000000000007
F05|2021-01-07T09:15:00.221000+00:00|1,F05,2021-01-07T09:15:00.221000+00:00,2021-01-07|LONDON,0,ACCEPT,421.99999999999704
F05|2021-01-07T10:00:00.125000+00:00|1,F05,2021-01-07T10:00:00.125000+00:00,2021-01-07|LONDON,0,ACCEPT,313.0000000000024
F05|2021-01-07T10:30:00.243000+00:00|1,F05,2021-01-07T10:30:00.243000+00:00,2021-01-07|LONDON,0,ACCEPT,251.00000000000477
F05|2021-01-07T14:45:00.483000+00:00|1,F05,2021-01-07T14:45:00.483000+00:00,2021-01-07|LONDON_NY_OVERLAP,0,ACCEPT,26.999999999986812
F05|2021-01-07T15:15:00.105000+00:00|1,F05,2021-01-07T15:15:00.105000+00:00,2021-01-07|LONDON_NY_OVERLAP,0,ACCEPT,-48.99999999999238
F05|2021-01-08T01:15:00.072000+00:00|1,F05,2021-01-08T01:15:00.072000+00:00,2021-01-08|ASIA,0,ACCEPT,-50.99999999998772
B02|2021-01-08T08:15:00.292000+00:00|1,B02,2021-01-08T08:15:00.292000+00:00,2021-01-08|LONDON,0,ACCEPT,-105.00000000000398
F05|2021-01-08T08:15:00.292000+00:00|1,F05,2021-01-08T08:15:00.292000+00:00,2021-01-08|LONDON,0,ACCEPT,-129.0000000000049
F05|2021-01-11T01:15:00.482000+00:00|1,F05,2021-01-11T01:15:00.482000+00:00,2021-01-11|ASIA,0,ACCEPT,-51.9999999999925
F05|2021-01-11T02:15:06.762000+00:00|1,F05,2021-01-11T02:15:06.762000+00:00,2021-01-11|ASIA,0,ACCEPT,-95.99999999998943
F05|2021-01-11T13:30:00.227000+00:00|1,F05,2021-01-11T13:30:00.227000+00:00,2021-01-11|LONDON_NY_OVERLAP,0,ACCEPT,-118.00000000000921
F05|2021-01-11T15:00:00.063000+00:00|1,F05,2021-01-11T15:00:00.063000+00:00,2021-01-11|LONDON_NY_OVERLAP,0,ACCEPT,-162.9999999999967
F05|2021-01-12T18:00:00.926000+00:00|-1,F05,2021-01-12T18:00:00.926000+00:00,2021-01-12|NEW_YORK,0,ACCEPT,511.0000000000099
F05|2021-01-12T19:15:00.544000+00:00|-1,F05,2021-01-12T19:15:00.544000+00:00,2021-01-12|NEW_YORK,0,ACCEPT,280.00000000000114
F05|2021-01-12T19:45:00.357000+00:00|-1,F05,2021-01-12T19:45:00.357000+00:00,2021-01-12|NEW_YORK,0,ACCEPT,246.00000000000932
F05|2021-01-13T00:15:00.098000+00:00|-1,F05,2021-01-13T00:15:00.098000+00:00,2021-01-13|ASIA,0,ACCEPT,1.9999999999953388
F05|2021-01-13T00:45:03.247000+00:00|-1,F05,2021-01-13T00:45:03.247000+00:00,2021-01-13|ASIA,0,ACCEPT,-103.9999999999992
F05|2021-01-13T01:30:00.192000+00:00|-1,F05,2021-01-13T01:30:00.192000+00:00,2021-01-13|ASIA,0,ACCEPT,-262.00000000000045
B02|2021-01-13T08:45:07.778000+00:00|1,B02,2021-01-13T08:45:07.778000+00:00,2021-01-13|LONDON,1,ACCEPT,114.99999999999488
F05|2021-01-14T02:30:00.183000+00:00|1,F05,2021-01-14T02:30:00.183000+00:00,2021-01-14|ASIA,0,ACCEPT,-66.99999999999307
F05|2021-01-14T16:15:00.104000+00:00|-1,F05,2021-01-14T16:15:00.104000+00:00,2021-01-14|NEW_YORK,0,ACCEPT,-16.999999999995907
F05|2021-01-14T17:00:00.196000+00:00|-1,F05,2021-01-14T17:00:00.196000+00:00,2021-01-14|NEW_YORK,0,ACCEPT,-125.0
B02|2021-01-15T07:15:02.074000+00:00|-1,B02,2021-01-15T07:15:02.074000+00:00,2021-01-15|LONDON,0,ACCEPT,-19.000000000005457
F05|2021-01-18T00:00:00.086000+00:00|1,F05,2021-01-18T00:00:00.086000+00:00,2021-01-18|ASIA,0,ACCEPT,-161.99999999999193
F05|2021-01-18T15:45:00.350000+00:00|-1,F05,2021-01-18T15:45:00.350000+00:00,2021-01-18|LONDON_NY_OVERLAP,0,ACCEPT,-27.000000000001023
F05|2021-01-18T16:45:00.103000+00:00|-1,F05,2021-01-18T16:45:00.103000+00:00,2021-01-18|NEW_YORK,0,ACCEPT,-42.999999999992156
F05|2021-01-19T02:15:00.078000+00:00|1,F05,2021-01-19T02:15:00.078000+00:00,2021-01-19|ASIA,1,ACCEPT,111.99999999999477
F05|2021-01-19T02:45:01.100000+00:00|1,F05,2021-01-19T02:45:01.100000+00:00,2021-01-19|ASIA,1,ACCEPT,24.00000000000091
F05|2021-01-20T02:15:00.092000+00:00|-1,F05,2021-01-20T02:15:00.092000+00:00,2021-01-20|ASIA,0,ACCEPT,-19.000000000005457
B02|2021-01-20T07:45:00.977000+00:00|-1,B02,2021-01-20T07:45:00.977000+00:00,2021-01-20|LONDON,0,ACCEPT,156.99999999999648
F05|2021-01-20T07:45:00.977000+00:00|-1,F05,2021-01-20T07:45:00.977000+00:00,2021-01-20|LONDON,0,ACCEPT,184.99999999998806
F05|2021-01-20T15:15:00.085000+00:00|-1,F05,2021-01-20T15:15:00.085000+00:00,2021-01-20|LONDON_NY_OVERLAP,0,ACCEPT,41.99999999998738
F05|2021-01-21T05:00:09.494000+00:00|-1,F05,2021-01-21T05:00:09.494000+00:00,2021-01-21|ASIA,0,ACCEPT,-52.00000000000671
F05|2021-01-21T05:30:00.039000+00:00|-1,F05,2021-01-21T05:30:00.039000+00:00,2021-01-21|ASIA,0,ACCEPT,-97.00000000000841
B02|2021-01-22T07:15:00.378000+00:00|1,B02,2021-01-22T07:15:00.378000+00:00,2021-01-22|LONDON,0,ACCEPT,-13.00000000000523
F05|2021-01-22T07:15:00.378000+00:00|1,F05,2021-01-22T07:15:00.378000+00:00,2021-01-22|LONDON,0,ACCEPT,72.00000000000273
F05|2021-01-22T10:30:01.442000+00:00|1,F05,2021-01-22T10:30:01.442000+00:00,2021-01-22|LONDON,1,ACCEPT,99.99999999999432
F05|2021-01-22T12:45:11.935000+00:00|1,F05,2021-01-22T12:45:11.935000+00:00,2021-01-22|LONDON,1,ACCEPT,76.00000000000762
F05|2021-01-22T14:15:00.297000+00:00|1,F05,2021-01-22T14:15:00.297000+00:00,2021-01-22|LONDON_NY_OVERLAP,0,ACCEPT,-67.00000000000728
F05|2021-01-25T15:00:00.081000+00:00|1,F05,2021-01-25T15:00:00.081000+00:00,2021-01-25|LONDON_NY_OVERLAP,0,ACCEPT,-144.99999999999602
B02|2021-01-26T08:00:00.200000+00:00|1,B02,2021-01-26T08:00:00.200000+00:00,2021-01-26|LONDON,0,ACCEPT,-167.0000000000016
F05|2021-01-26T13:45:01.117000+00:00|-1,F05,2021-01-26T13:45:01.117000+00:00,2021-01-26|LONDON_NY_OVERLAP,0,ACCEPT,-1.9999999999953388
F05|2021-01-26T14:45:00.115000+00:00|-1,F05,2021-01-26T14:45:00.115000+00:00,2021-01-26|LONDON_NY_OVERLAP,0,ACCEPT,-9.000000000000341
B02|2021-01-27T09:15:00.015000+00:00|1,B02,2021-01-27T09:15:00.015000+00:00,2021-01-27|LONDON,0,ACCEPT,323.0000000000075
F05|2021-01-27T11:30:00.218000+00:00|1,F05,2021-01-27T11:30:00.218000+00:00,2021-01-27|LONDON,0,ACCEPT,310.0000000000023
F05|2021-01-27T13:15:00.214000+00:00|1,F05,2021-01-27T13:15:00.214000+00:00,2021-01-27|LONDON_NY_OVERLAP,0,ACCEPT,212.0000000000033
F05|2021-01-27T13:45:02.468000+00:00|1,F05,2021-01-27T13:45:02.468000+00:00,2021-01-27|LONDON_NY_OVERLAP,0,ACCEPT,114.00000000000432
F05|2021-01-27T14:45:00.209000+00:00|1,F05,2021-01-27T14:45:00.209000+00:00,2021-01-27|LONDON_NY_OVERLAP,0,ACCEPT,-40.99999999999682
F05|2021-01-28T00:15:00.116000+00:00|1,F05,2021-01-28T00:15:00.116000+00:00,2021-01-28|ASIA,0,ACCEPT,6.999999999990791
F05|2021-01-28T03:30:00.185000+00:00|1,F05,2021-01-28T03:30:00.185000+00:00,2021-01-28|ASIA,0,ACCEPT,-57.00000000000216
F05|2021-01-28T13:15:00.006000+00:00|1,F05,2021-01-28T13:15:00.006000+00:00,2021-01-28|LONDON_NY_OVERLAP,0,ACCEPT,-152.00000000000102
F05|2021-01-28T13:45:00.955000+00:00|1,F05,2021-01-28T13:45:00.955000+00:00,2021-01-28|LONDON_NY_OVERLAP,0,ACCEPT,-188.99999999999295
F05|2021-01-29T00:45:00.230000+00:00|1,F05,2021-01-29T00:45:00.230000+00:00,2021-01-29|ASIA,0,ACCEPT,162.00000000000614
B02|2021-01-29T08:30:00.286000+00:00|1,B02,2021-01-29T08:30:00.286000+00:00,2021-01-29|LONDON,0,ACCEPT,97.99999999999898
F05|2021-01-29T08:30:00.286000+00:00|1,F05,2021-01-29T08:30:00.286000+00:00,2021-01-29|LONDON,0,ACCEPT,69.00000000000261
F05|2021-01-29T09:30:00.060000+00:00|1,F05,2021-01-29T09:30:00.060000+00:00,2021-01-29|LONDON,0,ACCEPT,-109.99999999999943
B02|2021-02-01T08:30:00.081000+00:00|1,B02,2021-02-01T08:30:00.081000+00:00,2021-02-01|LONDON,0,ACCEPT,186.9999999999976
F05|2021-02-01T10:45:00.334000+00:00|1,F05,2021-02-01T10:45:00.334000+00:00,2021-02-01|LONDON,0,ACCEPT,19.000000000005457
F05|2021-02-01T13:30:01.288000+00:00|1,F05,2021-02-01T13:30:01.288000+00:00,2021-02-01|LONDON_NY_OVERLAP,0,ACCEPT,-30.000000000001137
F05|2021-02-01T18:00:00.497000+00:00|1,F05,2021-02-01T18:00:00.497000+00:00,2021-02-01|NEW_YORK,0,ACCEPT,-123.00000000000466
B02|2021-02-02T12:45:02.739000+00:00|1,B02,2021-02-02T12:45:02.739000+00:00,2021-02-02|LONDON,0,ACCEPT,-38.000000000010914
F05|2021-02-02T14:45:00.275000+00:00|1,F05,2021-02-02T14:45:00.275000+00:00,2021-02-02|LONDON_NY_OVERLAP,1,ACCEPT,-131.9999999999908
B02|2021-02-03T07:30:16.926000+00:00|1,B02,2021-02-03T07:30:16.926000+00:00,2021-02-03|LONDON,0,ACCEPT,-16.999999999995907
F05|2021-02-04T04:00:00.318000+00:00|1,F05,2021-02-04T04:00:00.318000+00:00,2021-02-04|ASIA,0,ACCEPT,216.99999999999875
F05|2021-02-04T04:30:03.819000+00:00|1,F05,2021-02-04T04:30:03.819000+00:00,2021-02-04|ASIA,0,ACCEPT,155.00000000000114
F05|2021-02-04T05:30:09.076000+00:00|1,F05,2021-02-04T05:30:09.076000+00:00,2021-02-04|ASIA,0,ACCEPT,91.00000000000819
B02|2021-02-04T07:15:00.252000+00:00|1,B02,2021-02-04T07:15:00.252000+00:00,2021-02-04|LONDON,0,ACCEPT,250.0
F05|2021-02-04T07:15:00.252000+00:00|1,F05,2021-02-04T07:15:00.252000+00:00,2021-02-04|LONDON,0,ACCEPT,177.99999999999727
F05|2021-02-04T11:00:14.263000+00:00|1,F05,2021-02-04T11:00:14.263000+00:00,2021-02-04|LONDON,0,ACCEPT,208.99999999998897
F05|2021-02-04T11:45:00.915000+00:00|1,F05,2021-02-04T11:45:00.915000+00:00,2021-02-04|LONDON,0,ACCEPT,200.9999999999934
F05|2021-02-04T14:15:03.445000+00:00|1,F05,2021-02-04T14:15:03.445000+00:00,2021-02-04|LONDON_NY_OVERLAP,0,ACCEPT,204.00000000000773
F05|2021-02-04T14:45:00.087000+00:00|1,F05,2021-02-04T14:45:00.087000+00:00,2021-02-04|LONDON_NY_OVERLAP,0,ACCEPT,147.00000000000557
F05|2021-02-04T15:30:00.100000+00:00|1,F05,2021-02-04T15:30:00.100000+00:00,2021-02-04|LONDON_NY_OVERLAP,0,ACCEPT,84.00000000000318
F05|2021-02-04T19:00:03.137000+00:00|1,F05,2021-02-04T19:00:03.137000+00:00,2021-02-04|NEW_YORK,0,ACCEPT,51.00000000000193
F05|2021-02-04T19:45:00.228000+00:00|1,F05,2021-02-04T19:45:00.228000+00:00,2021-02-04|NEW_YORK,0,ACCEPT,31.00000000000591
B02|2021-02-05T08:15:01.016000+00:00|-1,B02,2021-02-05T08:15:01.016000+00:00,2021-02-05|LONDON,0,ACCEPT,-27.000000000001023
B02|2021-02-05T11:15:00.485000+00:00|1,B02,2021-02-05T11:15:00.485000+00:00,2021-02-05|LONDON,1,ACCEPT,-108.00000000000409
F05|2021-02-05T11:15:00.485000+00:00|1,F05,2021-02-05T11:15:00.485000+00:00,2021-02-05|LONDON,1,ACCEPT,-271.0000000000008
F05|2021-02-05T12:15:00.312000+00:00|1,F05,2021-02-05T12:15:00.312000+00:00,2021-02-05|LONDON,1,ACCEPT,-274.0000000000009
F05|2021-02-05T13:15:00.541000+00:00|1,F05,2021-02-05T13:15:00.541000+00:00,2021-02-05|LONDON_NY_OVERLAP,0,ACCEPT,-373.00000000000466
B02|2021-02-08T08:30:00.044000+00:00|1,B02,2021-02-08T08:30:00.044000+00:00,2021-02-08|LONDON,0,ACCEPT,-385.9999999999957
F05|2021-02-08T15:30:00.062000+00:00|-1,F05,2021-02-08T15:30:00.062000+00:00,2021-02-08|LONDON_NY_OVERLAP,0,ACCEPT,-23.000000000010346
F05|2021-02-09T01:30:07.295000+00:00|-1,F05,2021-02-09T01:30:07.295000+00:00,2021-02-09|ASIA,0,ACCEPT,405.00000000000114
F05|2021-02-09T02:15:01.088000+00:00|-1,F05,2021-02-09T02:15:01.088000+00:00,2021-02-09|ASIA,0,ACCEPT,453.9999999999935
F05|2021-02-09T04:30:01.594000+00:00|-1,F05,2021-02-09T04:30:01.594000+00:00,2021-02-09|ASIA,0,ACCEPT,196.99999999998852
B02|2021-02-09T07:15:00.498000+00:00|-1,B02,2021-02-09T07:15:00.498000+00:00,2021-02-09|LONDON,0,ACCEPT,-52.00000000000671
F05|2021-02-09T07:15:00.498000+00:00|-1,F05,2021-02-09T07:15:00.498000+00:00,2021-02-09|LONDON,0,ACCEPT,245.9999999999951
F05|2021-02-09T09:15:00.596000+00:00|-1,F05,2021-02-09T09:15:00.596000+00:00,2021-02-09|LONDON,1,ACCEPT,94.0000000000083
F05|2021-02-09T09:45:00.359000+00:00|-1,F05,2021-02-09T09:45:00.359000+00:00,2021-02-09|LONDON,0,ACCEPT,19.000000000005457
F05|2021-02-09T15:15:00.059000+00:00|-1,F05,2021-02-09T15:15:00.059000+00:00,2021-02-09|LONDON_NY_OVERLAP,0,ACCEPT,-30.000000000001137
B02|2021-02-10T08:45:07.756000+00:00|-1,B02,2021-02-10T08:45:07.756000+00:00,2021-02-10|LONDON,0,ACCEPT,-15.000000000000568
F05|2021-02-10T08:45:07.756000+00:00|-1,F05,2021-02-10T08:45:07.756000+00:00,2021-02-10|LONDON,0,ACCEPT,-210.99999999999852
B02|2021-02-10T10:00:00.299000+00:00|1,B02,2021-02-10T10:00:00.299000+00:00,2021-02-10|LONDON,1,ACCEPT,-10.99999999999568
F05|2021-02-10T10:00:00.299000+00:00|1,F05,2021-02-10T10:00:00.299000+00:00,2021-02-10|LONDON,1,ACCEPT,-158.00000000000125
B02|2021-02-11T08:15:00.802000+00:00|1,B02,2021-02-11T08:15:00.802000+00:00,2021-02-11|LONDON,0,ACCEPT,76.00000000000762
F05|2021-02-11T17:30:00.253000+00:00|1,F05,2021-02-11T17:30:00.253000+00:00,2021-02-11|NEW_YORK,0,ACCEPT,0.999999999990564
F05|2021-02-12T06:00:00.379000+00:00|1,F05,2021-02-12T06:00:00.379000+00:00,2021-02-12|ASIA,0,ACCEPT,198.99999999999807
B02|2021-02-12T08:00:00.049000+00:00|1,B02,2021-02-12T08:00:00.049000+00:00,2021-02-12|LONDON,0,ACCEPT,44.999999999987494
F05|2021-02-12T08:00:00.049000+00:00|1,F05,2021-02-12T08:00:00.049000+00:00,2021-02-12|LONDON,0,ACCEPT,33.999999999991815
F05|2021-02-12T08:30:10.271000+00:00|1,F05,2021-02-12T08:30:10.271000+00:00,2021-02-12|LONDON,0,ACCEPT,-24.999999999991473
B02|2021-02-15T07:45:01.274000+00:00|1,B02,2021-02-15T07:45:01.274000+00:00,2021-02-15|LONDON,0,ACCEPT,159.00000000000603
F05|2021-02-15T08:45:00.282000+00:00|1,F05,2021-02-15T08:45:00.282000+00:00,2021-02-15|LONDON,0,ACCEPT,95.99999999998943
F05|2021-02-15T09:15:21.388000+00:00|1,F05,2021-02-15T09:15:21.388000+00:00,2021-02-15|LONDON,0,ACCEPT,72.00000000000273
F05|2021-02-16T01:00:00.715000+00:00|1,F05,2021-02-16T01:00:00.715000+00:00,2021-02-16|ASIA,0,ACCEPT,-48.00000000000182
F05|2021-02-16T01:45:00.877000+00:00|1,F05,2021-02-16T01:45:00.877000+00:00,2021-02-16|ASIA,0,ACCEPT,-206.00000000000307
F05|2021-02-16T02:30:02.471000+00:00|1,F05,2021-02-16T02:30:02.471000+00:00,2021-02-16|ASIA,0,ACCEPT,-317.99999999999784
F05|2021-02-16T04:00:00.140000+00:00|1,F05,2021-02-16T04:00:00.140000+00:00,2021-02-16|ASIA,0,ACCEPT,-206.00000000000307
B02|2021-02-16T09:30:00.220000+00:00|-1,B02,2021-02-16T09:30:00.220000+00:00,2021-02-16|LONDON,1,ACCEPT,-34.000000000006025
F05|2021-02-16T10:30:00.304000+00:00|-1,F05,2021-02-16T10:30:00.304000+00:00,2021-02-16|LONDON,3,BLOCK,-617.0000000000044
F05|2021-02-16T11:15:03.462000+00:00|-1,F05,2021-02-16T11:15:03.462000+00:00,2021-02-16|LONDON,3,BLOCK,-679.9999999999926
F05|2021-02-16T13:45:00.715000+00:00|1,F05,2021-02-16T13:45:00.715000+00:00,2021-02-16|LONDON_NY_OVERLAP,0,ACCEPT,319.0000000000026
F05|2021-02-16T14:30:00.026000+00:00|1,F05,2021-02-16T14:30:00.026000+00:00,2021-02-16|LONDON_NY_OVERLAP,0,ACCEPT,248.00000000000466
F05|2021-02-16T15:00:00.103000+00:00|1,F05,2021-02-16T15:00:00.103000+00:00,2021-02-16|LONDON_NY_OVERLAP,0,ACCEPT,287.9999999999967
F05|2021-02-16T17:00:00.137000+00:00|1,F05,2021-02-16T17:00:00.137000+00:00,2021-02-16|NEW_YORK,0,ACCEPT,287.00000000000614
F05|2021-02-18T00:45:00.120000+00:00|-1,F05,2021-02-18T00:45:00.120000+00:00,2021-02-18|ASIA,0,ACCEPT,1.0000000000047748
B02|2021-02-18T11:15:02.670000+00:00|-1,B02,2021-02-18T11:15:02.670000+00:00,2021-02-18|LONDON,0,ACCEPT,-25.99999999999625
F05|2021-02-18T11:15:02.670000+00:00|-1,F05,2021-02-18T11:15:02.670000+00:00,2021-02-18|LONDON,0,ACCEPT,4.0000000000048885
F05|2021-02-18T14:00:00.098000+00:00|-1,F05,2021-02-18T14:00:00.098000+00:00,2021-02-18|LONDON_NY_OVERLAP,0,ACCEPT,-78.99999999999352
F05|2021-02-19T05:00:00.311000+00:00|-1,F05,2021-02-19T05:00:00.311000+00:00,2021-02-19|ASIA,0,ACCEPT,329.9999999999983
B02|2021-02-19T08:15:00.116000+00:00|-1,B02,2021-02-19T08:15:00.116000+00:00,2021-02-19|LONDON,0,ACCEPT,90.00000000000341
F05|2021-02-19T08:15:00.116000+00:00|-1,F05,2021-02-19T08:15:00.116000+00:00,2021-02-19|LONDON,0,ACCEPT,-28.999999999996362
F05|2021-02-19T11:00:00.226000+00:00|-1,F05,2021-02-19T11:00:00.226000+00:00,2021-02-19|LONDON,0,ACCEPT,-233.0000000000041
F05|2021-02-19T13:00:00.088000+00:00|-1,F05,2021-02-19T13:00:00.088000+00:00,2021-02-19|LONDON_NY_OVERLAP,0,ACCEPT,-199.99999999998863
B02|2021-02-22T07:30:00.141000+00:00|1,B02,2021-02-22T07:30:00.141000+00:00,2021-02-22|LONDON,0,ACCEPT,-36.000000000001364
F05|2021-02-22T07:30:00.141000+00:00|1,F05,2021-02-22T07:30:00.141000+00:00,2021-02-22|LONDON,0,ACCEPT,-691.0000000000025
F05|2021-02-22T14:00:00.035000+00:00|-1,F05,2021-02-22T14:00:00.035000+00:00,2021-02-22|LONDON_NY_OVERLAP,0,ACCEPT,272.00000000000557
F05|2021-02-22T14:45:00.643000+00:00|-1,F05,2021-02-22T14:45:00.643000+00:00,2021-02-22|LONDON_NY_OVERLAP,0,ACCEPT,189.99999999999773
F05|2021-02-22T19:45:00.575000+00:00|-1,F05,2021-02-22T19:45:00.575000+00:00,2021-02-22|NEW_YORK,0,ACCEPT,-46.00000000000648
B02|2021-02-23T07:15:00.190000+00:00|1,B02,2021-02-23T07:15:00.190000+00:00,2021-02-23|LONDON,0,ACCEPT,69.99999999999318
F05|2021-02-24T03:00:00.524000+00:00|1,F05,2021-02-24T03:00:00.524000+00:00,2021-02-24|ASIA,0,ACCEPT,287.9999999999967
F05|2021-02-24T04:00:00.414000+00:00|1,F05,2021-02-24T04:00:00.414000+00:00,2021-02-24|ASIA,0,ACCEPT,308.9999999999975
B02|2021-02-24T08:00:01.119000+00:00|1,B02,2021-02-24T08:00:01.119000+00:00,2021-02-24|LONDON,0,ACCEPT,379.0000000000049
F05|2021-02-24T08:30:01.763000+00:00|1,F05,2021-02-24T08:30:01.763000+00:00,2021-02-24|LONDON,0,ACCEPT,373.00000000000466
F05|2021-02-24T09:30:01.795000+00:00|1,F05,2021-02-24T09:30:01.795000+00:00,2021-02-24|LONDON,0,ACCEPT,117.999999999995
F05|2021-02-24T11:15:01.119000+00:00|1,F05,2021-02-24T11:15:01.119000+00:00,2021-02-24|LONDON,0,ACCEPT,63.99999999999295
F05|2021-02-24T13:00:00.094000+00:00|1,F05,2021-02-24T13:00:00.094000+00:00,2021-02-24|LONDON_NY_OVERLAP,0,ACCEPT,-13.00000000000523
B02|2021-02-25T10:30:00.416000+00:00|1,B02,2021-02-25T10:30:00.416000+00:00,2021-02-25|LONDON,0,ACCEPT,-45.000000000001705
F05|2021-02-25T16:00:00.241000+00:00|1,F05,2021-02-25T16:00:00.241000+00:00,2021-02-25|NEW_YORK,0,ACCEPT,140.00000000000057
F05|2021-02-25T18:00:00.147000+00:00|1,F05,2021-02-25T18:00:00.147000+00:00,2021-02-25|NEW_YORK,0,ACCEPT,-176.9999999999925
B02|2021-02-26T10:00:00.089000+00:00|1,B02,2021-02-26T10:00:00.089000+00:00,2021-02-26|LONDON,0,ACCEPT,-7.000000000005002
F05|2021-02-26T10:00:00.089000+00:00|1,F05,2021-02-26T10:00:00.089000+00:00,2021-02-26|LONDON,0,ACCEPT,158.00000000000125
F05|2021-02-26T15:45:00.708000+00:00|1,F05,2021-02-26T15:45:00.708000+00:00,2021-02-26|LONDON_NY_OVERLAP,0,ACCEPT,-46.999999999997044
F05|2021-02-26T16:15:00.181000+00:00|1,F05,2021-02-26T16:15:00.181000+00:00,2021-02-26|NEW_YORK,0,ACCEPT,-137.00000000000045
F05|2021-02-26T17:30:07.826000+00:00|1,F05,2021-02-26T17:30:07.826000+00:00,2021-02-26|NEW_YORK,0,ACCEPT,-67.99999999999784
B02|2021-03-01T09:30:00.224000+00:00|1,B02,2021-03-01T09:30:00.224000+00:00,2021-03-01|LONDON,0,ACCEPT,-22.00000000000557
F05|2021-03-01T13:00:00.214000+00:00|1,F05,2021-03-01T13:00:00.214000+00:00,2021-03-01|LONDON_NY_OVERLAP,0,ACCEPT,11.00000000000989
F05|2021-03-01T18:00:09.203000+00:00|1,F05,2021-03-01T18:00:09.203000+00:00,2021-03-01|NEW_YORK,0,ACCEPT,109.99999999999943
F05|2021-03-01T19:30:11.512000+00:00|1,F05,2021-03-01T19:30:11.512000+00:00,2021-03-01|NEW_YORK,0,ACCEPT,-104.99999999998977
B02|2021-03-02T11:30:00.181000+00:00|1,B02,2021-03-02T11:30:00.181000+00:00,2021-03-02|LONDON,0,ACCEPT,-183.9999999999975
F05|2021-03-02T11:30:00.181000+00:00|1,F05,2021-03-02T11:30:00.181000+00:00,2021-03-02|LONDON,0,ACCEPT,-219.99999999999886
B02|2021-03-03T08:45:00.079000+00:00|1,B02,2021-03-03T08:45:00.079000+00:00,2021-03-03|LONDON,0,ACCEPT,72.00000000000273
F05|2021-03-03T11:30:00.040000+00:00|1,F05,2021-03-03T11:30:00.040000+00:00,2021-03-03|LONDON,0,ACCEPT,13.999999999995794
F05|2021-03-03T14:45:00.183000+00:00|1,F05,2021-03-03T14:45:00.183000+00:00,2021-03-03|LONDON_NY_OVERLAP,0,ACCEPT,-69.00000000000261
F05|2021-03-03T15:30:00.102000+00:00|1,F05,2021-03-03T15:30:00.102000+00:00,2021-03-03|LONDON_NY_OVERLAP,0,ACCEPT,-1.0000000000047748
B02|2021-03-04T07:30:00.472000+00:00|1,B02,2021-03-04T07:30:00.472000+00:00,2021-03-04|LONDON,0,ACCEPT,690.9999999999883
F05|2021-03-04T08:15:04.405000+00:00|1,F05,2021-03-04T08:15:04.405000+00:00,2021-03-04|LONDON,0,ACCEPT,440.9999999999883
F05|2021-03-04T12:45:00.878000+00:00|1,F05,2021-03-04T12:45:00.878000+00:00,2021-03-04|LONDON,0,ACCEPT,513.9999999999958
F05|2021-03-04T13:30:00.007000+00:00|1,F05,2021-03-04T13:30:00.007000+00:00,2021-03-04|LONDON_NY_OVERLAP,0,ACCEPT,545.9999999999923
F05|2021-03-04T15:30:00.069000+00:00|1,F05,2021-03-04T15:30:00.069000+00:00,2021-03-04|LONDON_NY_OVERLAP,0,ACCEPT,444.0000000000026
F05|2021-03-04T17:30:00.084000+00:00|1,F05,2021-03-04T17:30:00.084000+00:00,2021-03-04|NEW_YORK,0,ACCEPT,118.99999999999977
F05|2021-03-04T18:15:00.089000+00:00|1,F05,2021-03-04T18:15:00.089000+00:00,2021-03-04|NEW_YORK,0,ACCEPT,69.99999999999318
F05|2021-03-05T04:30:00.212000+00:00|1,F05,2021-03-05T04:30:00.212000+00:00,2021-03-05|ASIA,0,ACCEPT,180.00000000000682
F05|2021-03-05T06:00:00.127000+00:00|1,F05,2021-03-05T06:00:00.127000+00:00,2021-03-05|ASIA,0,ACCEPT,352.99999999999443
F05|2021-03-05T06:45:00.127000+00:00|1,F05,2021-03-05T06:45:00.127000+00:00,2021-03-05|ASIA,0,ACCEPT,61.99999999999761
B02|2021-03-05T08:15:02.469000+00:00|1,B02,2021-03-05T08:15:02.469000+00:00,2021-03-05|LONDON,0,ACCEPT,60.99999999999284
F05|2021-03-05T08:30:00.007000+00:00|1,F05,2021-03-05T08:30:00.007000+00:00,2021-03-05|LONDON,0,ACCEPT,-124.00000000000944
F05|2021-03-05T11:00:00.441000+00:00|1,F05,2021-03-05T11:00:00.441000+00:00,2021-03-05|LONDON,0,ACCEPT,-252.00000000000955
B02|2021-03-08T08:00:00.117000+00:00|1,B02,2021-03-08T08:00:00.117000+00:00,2021-03-08|LONDON,0,ACCEPT,-27.000000000001023
F05|2021-03-08T13:00:00.101000+00:00|1,F05,2021-03-08T13:00:00.101000+00:00,2021-03-08|LONDON_NY_OVERLAP,0,ACCEPT,222.99999999999898
F05|2021-03-08T15:00:00.092000+00:00|1,F05,2021-03-08T15:00:00.092000+00:00,2021-03-08|LONDON_NY_OVERLAP,0,ACCEPT,108.00000000000409
F05|2021-03-08T16:00:00.202000+00:00|1,F05,2021-03-08T16:00:00.202000+00:00,2021-03-08|NEW_YORK,0,ACCEPT,83.00000000001262
F05|2021-03-08T16:45:01.052000+00:00|1,F05,2021-03-08T16:45:01.052000+00:00,2021-03-08|NEW_YORK,0,ACCEPT,242.00000000000443
F05|2021-03-09T00:30:00.179000+00:00|1,F05,2021-03-09T00:30:00.179000+00:00,2021-03-09|ASIA,0,ACCEPT,-237.00000000000898
F05|2021-03-09T02:00:00.294000+00:00|1,F05,2021-03-09T02:00:00.294000+00:00,2021-03-09|ASIA,0,ACCEPT,-525.0000000000057
B02|2021-03-09T07:45:01.264000+00:00|-1,B02,2021-03-09T07:45:01.264000+00:00,2021-03-09|LONDON,0,ACCEPT,-58.9999999999975
F05|2021-03-09T17:45:00.353000+00:00|-1,F05,2021-03-09T17:45:00.353000+00:00,2021-03-09|NEW_YORK,0,ACCEPT,-200.00000000000284
F05|2021-03-09T18:15:00.322000+00:00|-1,F05,2021-03-09T18:15:00.322000+00:00,2021-03-09|NEW_YORK,0,ACCEPT,-337.99999999999386
F05|2021-03-09T19:15:00.307000+00:00|-1,F05,2021-03-09T19:15:00.307000+00:00,2021-03-09|NEW_YORK,0,ACCEPT,-376.0000000000048
F05|2021-03-10T14:15:02.116000+00:00|-1,F05,2021-03-10T14:15:02.116000+00:00,2021-03-10|LONDON_NY_OVERLAP,0,ACCEPT,-69.99999999999318
F05|2021-03-12T06:15:00.892000+00:00|1,F05,2021-03-12T06:15:00.892000+00:00,2021-03-12|ASIA,0,ACCEPT,277.000000000001
B02|2021-03-12T07:15:00.310000+00:00|1,B02,2021-03-12T07:15:00.310000+00:00,2021-03-12|LONDON,0,ACCEPT,111.0000000000042
F05|2021-03-12T07:15:00.310000+00:00|1,F05,2021-03-12T07:15:00.310000+00:00,2021-03-12|LONDON,0,ACCEPT,106.99999999999932
F05|2021-03-15T02:30:01.661000+00:00|1,F05,2021-03-15T02:30:01.661000+00:00,2021-03-15|ASIA,0,ACCEPT,-87.99999999999386
F05|2021-03-15T05:30:00.297000+00:00|1,F05,2021-03-15T05:30:00.297000+00:00,2021-03-15|ASIA,0,ACCEPT,-9.999999999990905
B02|2021-03-16T08:00:00.375000+00:00|1,B02,2021-03-16T08:00:00.375000+00:00,2021-03-16|LONDON,0,ACCEPT,-278.0000000000058
F05|2021-03-16T08:00:00.375000+00:00|1,F05,2021-03-16T08:00:00.375000+00:00,2021-03-16|LONDON,0,ACCEPT,-250.0
B02|2021-03-16T11:30:01.206000+00:00|-1,B02,2021-03-16T11:30:01.206000+00:00,2021-03-16|LONDON,0,ACCEPT,90.00000000000341
F05|2021-03-16T12:15:00.104000+00:00|-1,F05,2021-03-16T12:15:00.104000+00:00,2021-03-16|LONDON,0,ACCEPT,-39.99999999999204
F05|2021-03-16T13:15:00.077000+00:00|-1,F05,2021-03-16T13:15:00.077000+00:00,2021-03-16|LONDON_NY_OVERLAP,0,ACCEPT,-88.99999999999864
B02|2021-03-17T12:15:00.251000+00:00|1,B02,2021-03-17T12:15:00.251000+00:00,2021-03-17|LONDON,0,ACCEPT,-8.000000000009777
F05|2021-03-17T12:30:00.238000+00:00|1,F05,2021-03-17T12:30:00.238000+00:00,2021-03-17|LONDON,0,ACCEPT,-381.0000000000002
F05|2021-03-17T15:45:00.149000+00:00|1,F05,2021-03-17T15:45:00.149000+00:00,2021-03-17|LONDON_NY_OVERLAP,0,ACCEPT,-399.0000000000009
F05|2021-03-17T16:15:00.179000+00:00|1,F05,2021-03-17T16:15:00.179000+00:00,2021-03-17|NEW_YORK,0,ACCEPT,-379.99999999999545
F05|2021-03-17T18:45:00.281000+00:00|-1,F05,2021-03-17T18:45:00.281000+00:00,2021-03-17|NEW_YORK,0,ACCEPT,-254.0000000000049
B02|2021-03-18T07:45:00.916000+00:00|1,B02,2021-03-18T07:45:00.916000+00:00,2021-03-18|LONDON,0,ACCEPT,-417.0000000000016
F05|2021-03-19T06:45:00.596000+00:00|-1,F05,2021-03-19T06:45:00.596000+00:00,2021-03-19|ASIA,0,ACCEPT,-132.000000000005
B02|2021-03-19T07:45:00.275000+00:00|-1,B02,2021-03-19T07:45:00.275000+00:00,2021-03-19|LONDON,0,ACCEPT,-30.000000000001137
F05|2021-03-19T07:45:00.275000+00:00|-1,F05,2021-03-19T07:45:00.275000+00:00,2021-03-19|LONDON,0,ACCEPT,-69.00000000000261
F05|2021-03-19T08:15:00.577000+00:00|-1,F05,2021-03-19T08:15:00.577000+00:00,2021-03-19|LONDON,0,ACCEPT,-186.9999999999976
B02|2021-03-22T09:00:00.008000+00:00|-1,B02,2021-03-22T09:00:00.008000+00:00,2021-03-22|LONDON,0,ACCEPT,-7.000000000005002
B02|2021-03-23T10:00:00.274000+00:00|-1,B02,2021-03-23T10:00:00.274000+00:00,2021-03-23|LONDON,0,ACCEPT,39.00000000000148
F05|2021-03-23T10:15:01.750000+00:00|-1,F05,2021-03-23T10:15:01.750000+00:00,2021-03-23|LONDON,0,ACCEPT,-248.99999999999523
B02|2021-03-24T08:30:00.063000+00:00|1,B02,2021-03-24T08:30:00.063000+00:00,2021-03-24|LONDON,0,ACCEPT,-18.000000000000682
F05|2021-03-24T13:30:01.586000+00:00|1,F05,2021-03-24T13:30:01.586000+00:00,2021-03-24|LONDON_NY_OVERLAP,0,ACCEPT,-152.00000000000102
B02|2021-03-25T08:00:01.512000+00:00|1,B02,2021-03-25T08:00:01.512000+00:00,2021-03-25|LONDON,0,ACCEPT,0.0
F05|2021-03-25T08:00:01.512000+00:00|1,F05,2021-03-25T08:00:01.512000+00:00,2021-03-25|LONDON,0,ACCEPT,55.00000000000682
F05|2021-03-25T08:45:02.021000+00:00|1,F05,2021-03-25T08:45:02.021000+00:00,2021-03-25|LONDON,0,ACCEPT,12.000000000000455
F05|2021-03-26T00:45:00.831000+00:00|1,F05,2021-03-26T00:45:00.831000+00:00,2021-03-26|ASIA,0,ACCEPT,152.00000000000102
B02|2021-03-26T08:00:00.197000+00:00|1,B02,2021-03-26T08:00:00.197000+00:00,2021-03-26|LONDON,0,ACCEPT,299.0000000000066
F05|2021-03-26T08:00:00.197000+00:00|1,F05,2021-03-26T08:00:00.197000+00:00,2021-03-26|LONDON,0,ACCEPT,230.00000000000398
F05|2021-03-26T09:00:00.311000+00:00|1,F05,2021-03-26T09:00:00.311000+00:00,2021-03-26|LONDON,0,ACCEPT,159.00000000000603
F05|2021-03-26T10:15:00.572000+00:00|1,F05,2021-03-26T10:15:00.572000+00:00,2021-03-26|LONDON,0,ACCEPT,164.00000000000148
F05|2021-03-26T11:00:00.322000+00:00|1,F05,2021-03-26T11:00:00.322000+00:00,2021-03-26|LONDON,0,ACCEPT,103.00000000000864
F05|2021-03-26T12:00:00.007000+00:00|1,F05,2021-03-26T12:00:00.007000+00:00,2021-03-26|LONDON,0,ACCEPT,-131.00000000000023
F05|2021-03-29T18:30:00.303000+00:00|1,F05,2021-03-29T18:30:00.303000+00:00,2021-03-29|NEW_YORK,0,ACCEPT,70.99999999999795
F05|2021-03-30T01:30:00.910000+00:00|1,F05,2021-03-30T01:30:00.910000+00:00,2021-03-30|ASIA,0,ACCEPT,337.0000000000033
F05|2021-03-30T03:00:07.247000+00:00|1,F05,2021-03-30T03:00:07.247000+00:00,2021-03-30|ASIA,0,ACCEPT,421.0000000000065
F05|2021-03-30T06:30:00.910000+00:00|1,F05,2021-03-30T06:30:00.910000+00:00,2021-03-30|ASIA,0,ACCEPT,346.9999999999942
B02|2021-03-30T07:45:00.276000+00:00|1,B02,2021-03-30T07:45:00.276000+00:00,2021-03-30|LONDON,0,ACCEPT,-0.999999999990564
F05|2021-03-30T07:45:00.276000+00:00|1,F05,2021-03-30T07:45:00.276000+00:00,2021-03-30|LONDON,0,ACCEPT,33.00000000000125
F05|2021-03-30T08:30:00.109000+00:00|1,F05,2021-03-30T08:30:00.109000+00:00,2021-03-30|LONDON,0,ACCEPT,-18.000000000000682
F05|2021-03-30T10:45:00.179000+00:00|1,F05,2021-03-30T10:45:00.179000+00:00,2021-03-30|LONDON,0,ACCEPT,-5.000000000009663
F05|2021-03-30T13:45:00.381000+00:00|1,F05,2021-03-30T13:45:00.381000+00:00,2021-03-30|LONDON_NY_OVERLAP,0,ACCEPT,-66.0000000000025
F05|2021-03-31T00:15:00.052000+00:00|1,F05,2021-03-31T00:15:00.052000+00:00,2021-03-31|ASIA,0,ACCEPT,221.00000000000364
F05|2021-03-31T03:00:00.233000+00:00|1,F05,2021-03-31T03:00:00.233000+00:00,2021-03-31|ASIA,0,ACCEPT,-171.99999999999704
B02|2021-04-01T10:00:00.011000+00:00|1,B02,2021-04-01T10:00:00.011000+00:00,2021-04-01|LONDON,0,ACCEPT,-244.99999999999034
F05|2021-04-02T05:45:01.245000+00:00|-1,F05,2021-04-02T05:45:01.245000+00:00,2021-04-02|ASIA,0,ACCEPT,-198.0000000000075
F05|2021-04-02T06:30:00.196000+00:00|-1,F05,2021-04-02T06:30:00.196000+00:00,2021-04-02|ASIA,0,ACCEPT,-288.99999999998727
B02|2021-04-02T09:00:01.272000+00:00|-1,B02,2021-04-02T09:00:01.272000+00:00,2021-04-02|LONDON,0,ACCEPT,-312.9999999999882
F05|2021-04-02T09:00:01.272000+00:00|-1,F05,2021-04-02T09:00:01.272000+00:00,2021-04-02|LONDON,0,ACCEPT,-317.99999999999784
B02|2021-04-05T11:15:00.470000+00:00|-1,B02,2021-04-05T11:15:00.470000+00:00,2021-04-05|LONDON,0,ACCEPT,304.9999999999926
F05|2021-04-05T13:45:03.957000+00:00|-1,F05,2021-04-05T13:45:03.957000+00:00,2021-04-05|LONDON_NY_OVERLAP,0,ACCEPT,227.99999999999443
B02|2021-04-06T08:45:00.727000+00:00|1,B02,2021-04-06T08:45:00.727000+00:00,2021-04-06|LONDON,0,ACCEPT,-31.999999999996476
B02|2021-04-06T12:30:02.627000+00:00|-1,B02,2021-04-06T12:30:02.627000+00:00,2021-04-06|LONDON,1,ACCEPT,253.0000000000001
F05|2021-04-06T13:00:00.031000+00:00|-1,F05,2021-04-06T13:00:00.031000+00:00,2021-04-06|LONDON_NY_OVERLAP,0,ACCEPT,148.00000000001035
F05|2021-04-06T13:30:00.235000+00:00|-1,F05,2021-04-06T13:30:00.235000+00:00,2021-04-06|LONDON_NY_OVERLAP,0,ACCEPT,7.999999999995566
F05|2021-04-07T01:15:00.486000+00:00|-1,F05,2021-04-07T01:15:00.486000+00:00,2021-04-07|ASIA,0,ACCEPT,-243.99999999999977
B02|2021-04-07T07:30:00.328000+00:00|1,B02,2021-04-07T07:30:00.328000+00:00,2021-04-07|LONDON,0,ACCEPT,-16.999999999995907
B02|2021-04-08T07:15:01.821000+00:00|-1,B02,2021-04-08T07:15:01.821000+00:00,2021-04-08|LONDON,0,ACCEPT,-19.000000000005457
F05|2021-04-08T07:15:01.821000+00:00|-1,F05,2021-04-08T07:15:01.821000+00:00,2021-04-08|LONDON,0,ACCEPT,287.9999999999967
F05|2021-04-08T08:15:35.306000+00:00|-1,F05,2021-04-08T08:15:35.306000+00:00,2021-04-08|LONDON,0,ACCEPT,259.00000000000034
F05|2021-04-08T11:30:00.232000+00:00|-1,F05,2021-04-08T11:30:00.232000+00:00,2021-04-08|LONDON,1,ACCEPT,22.00000000000557
F05|2021-04-08T12:45:00.359000+00:00|-1,F05,2021-04-08T12:45:00.359000+00:00,2021-04-08|LONDON,1,ACCEPT,-254.0000000000049
B02|2021-04-09T07:15:00.274000+00:00|1,B02,2021-04-09T07:15:00.274000+00:00,2021-04-09|LONDON,0,ACCEPT,143.00000000000068
F05|2021-04-09T08:45:00.443000+00:00|1,F05,2021-04-09T08:45:00.443000+00:00,2021-04-09|LONDON,0,ACCEPT,-6.000000000000227
F05|2021-04-09T10:15:01.655000+00:00|1,F05,2021-04-09T10:15:01.655000+00:00,2021-04-09|LONDON,0,ACCEPT,-75.00000000000284
F05|2021-04-09T12:30:00.240000+00:00|1,F05,2021-04-09T12:30:00.240000+00:00,2021-04-09|LONDON,0,ACCEPT,-149.0000000000009
B02|2021-04-12T08:00:00.269000+00:00|-1,B02,2021-04-12T08:00:00.269000+00:00,2021-04-12|LONDON,0,ACCEPT,-18.000000000000682
F05|2021-04-12T09:30:00.398000+00:00|-1,F05,2021-04-12T09:30:00.398000+00:00,2021-04-12|LONDON,1,ACCEPT,-26.00000000001046
F05|2021-04-12T11:30:00.311000+00:00|-1,F05,2021-04-12T11:30:00.311000+00:00,2021-04-12|LONDON,1,ACCEPT,-174.99999999999716
F05|2021-04-13T02:45:01.233000+00:00|1,F05,2021-04-13T02:45:01.233000+00:00,2021-04-13|ASIA,0,ACCEPT,-219.99999999999886
F05|2021-04-13T03:45:05.668000+00:00|1,F05,2021-04-13T03:45:05.668000+00:00,2021-04-13|ASIA,0,ACCEPT,-287.00000000000614
B02|2021-04-13T07:45:01.548000+00:00|-1,B02,2021-04-13T07:45:01.548000+00:00,2021-04-13|LONDON,0,ACCEPT,-23.000000000010346
F05|2021-04-13T11:15:00.944000+00:00|-1,F05,2021-04-13T11:15:00.944000+00:00,2021-04-13|LONDON,2,BLOCK,109.00000000000887
F05|2021-04-13T17:15:00.299000+00:00|-1,F05,2021-04-13T17:15:00.299000+00:00,2021-04-13|NEW_YORK,0,ACCEPT,301.00000000000193
F05|2021-04-14T00:00:00.193000+00:00|-1,F05,2021-04-14T00:00:00.193000+00:00,2021-04-14|ASIA,0,ACCEPT,-76.99999999999818
F05|2021-04-14T01:00:00.056000+00:00|-1,F05,2021-04-14T01:00:00.056000+00:00,2021-04-14|ASIA,0,ACCEPT,-167.99999999999216
B02|2021-04-14T07:45:00.017000+00:00|1,B02,2021-04-14T07:45:00.017000+00:00,2021-04-14|LONDON,0,ACCEPT,-22.00000000000557
B02|2021-04-15T08:45:03.653000+00:00|-1,B02,2021-04-15T08:45:03.653000+00:00,2021-04-15|LONDON,0,ACCEPT,-13.999999999995794
F05|2021-04-15T08:45:03.653000+00:00|-1,F05,2021-04-15T08:45:03.653000+00:00,2021-04-15|LONDON,0,ACCEPT,48.00000000000182
F05|2021-04-15T14:15:00.128000+00:00|-1,F05,2021-04-15T14:15:00.128000+00:00,2021-04-15|LONDON_NY_OVERLAP,0,ACCEPT,-109.99999999999943
F05|2021-04-19T02:15:08.890000+00:00|-1,F05,2021-04-19T02:15:08.890000+00:00,2021-04-19|ASIA,0,ACCEPT,466.99999999999875
F05|2021-04-19T06:00:00.081000+00:00|-1,F05,2021-04-19T06:00:00.081000+00:00,2021-04-19|ASIA,0,ACCEPT,265.00000000000057
B02|2021-04-19T07:45:00.078000+00:00|-1,B02,2021-04-19T07:45:00.078000+00:00,2021-04-19|LONDON,0,ACCEPT,207.9999999999984
F05|2021-04-19T07:45:00.078000+00:00|-1,F05,2021-04-19T07:45:00.078000+00:00,2021-04-19|LONDON,0,ACCEPT,281.9999999999965
B02|2021-04-20T07:15:00.123000+00:00|1,B02,2021-04-20T07:15:00.123000+00:00,2021-04-20|LONDON,0,ACCEPT,-21.000000000000796
F05|2021-04-21T00:30:00.408000+00:00|-1,F05,2021-04-21T00:30:00.408000+00:00,2021-04-21|ASIA,0,ACCEPT,-242.999999999995
B02|2021-04-21T07:45:00.124000+00:00|1,B02,2021-04-21T07:45:00.124000+00:00,2021-04-21|LONDON,0,ACCEPT,-27.999999999991587
F05|2021-04-22T04:45:03.773000+00:00|-1,F05,2021-04-22T04:45:03.773000+00:00,2021-04-22|ASIA,0,ACCEPT,-186.9999999999976
F05|2021-04-22T07:00:00.240000+00:00|-1,F05,2021-04-22T07:00:00.240000+00:00,2021-04-22|LONDON,0,ACCEPT,-100.99999999999909
B02|2021-04-22T07:15:00.548000+00:00|-1,B02,2021-04-22T07:15:00.548000+00:00,2021-04-22|LONDON,0,ACCEPT,-15.000000000000568
B02|2021-04-22T12:15:00.226000+00:00|1,B02,2021-04-22T12:15:00.226000+00:00,2021-04-22|LONDON,1,ACCEPT,-46.00000000000648
B02|2021-04-23T12:00:00.119000+00:00|-1,B02,2021-04-23T12:00:00.119000+00:00,2021-04-23|LONDON,0,ACCEPT,-18.000000000000682
F05|2021-04-23T12:00:00.119000+00:00|-1,F05,2021-04-23T12:00:00.119000+00:00,2021-04-23|LONDON,0,ACCEPT,-118.99999999999977
F05|2021-04-23T13:00:00.234000+00:00|-1,F05,2021-04-23T13:00:00.234000+00:00,2021-04-23|LONDON_NY_OVERLAP,0,ACCEPT,-493.9999999999998
B02|2021-04-26T11:45:01.346000+00:00|1,B02,2021-04-26T11:45:01.346000+00:00,2021-04-26|LONDON,0,ACCEPT,-6.000000000000227
F05|2021-04-26T15:15:00.141000+00:00|1,F05,2021-04-26T15:15:00.141000+00:00,2021-04-26|LONDON_NY_OVERLAP,1,ACCEPT,6.000000000000227
F05|2021-04-27T01:30:04.104000+00:00|1,F05,2021-04-27T01:30:04.104000+00:00,2021-04-27|ASIA,0,ACCEPT,81.00000000000307
F05|2021-04-27T02:00:00.277000+00:00|1,F05,2021-04-27T02:00:00.277000+00:00,2021-04-27|ASIA,0,ACCEPT,-26.999999999986812
B02|2021-04-27T09:15:01.254000+00:00|1,B02,2021-04-27T09:15:01.254000+00:00,2021-04-27|LONDON,0,ACCEPT,281.9999999999965
F05|2021-04-27T09:15:01.254000+00:00|1,F05,2021-04-27T09:15:01.254000+00:00,2021-04-27|LONDON,0,ACCEPT,219.99999999999886
F05|2021-04-27T14:45:00.150000+00:00|1,F05,2021-04-27T14:45:00.150000+00:00,2021-04-27|LONDON_NY_OVERLAP,0,ACCEPT,244.99999999999034
F05|2021-04-27T15:30:00.073000+00:00|1,F05,2021-04-27T15:30:00.073000+00:00,2021-04-27|LONDON_NY_OVERLAP,0,ACCEPT,221.9999999999942
F05|2021-04-27T16:00:03.726000+00:00|1,F05,2021-04-27T16:00:03.726000+00:00,2021-04-27|NEW_YORK,0,ACCEPT,180.99999999999739
F05|2021-04-27T17:00:00.394000+00:00|1,F05,2021-04-27T17:00:00.394000+00:00,2021-04-27|NEW_YORK,0,ACCEPT,243.99999999999977
F05|2021-04-27T18:00:00.926000+00:00|1,F05,2021-04-27T18:00:00.926000+00:00,2021-04-27|NEW_YORK,0,ACCEPT,191.0000000000025
F05|2021-04-27T19:00:00.059000+00:00|1,F05,2021-04-27T19:00:00.059000+00:00,2021-04-27|NEW_YORK,0,ACCEPT,123.00000000000466
F05|2021-04-28T00:15:00.442000+00:00|1,F05,2021-04-28T00:15:00.442000+00:00,2021-04-28|ASIA,0,ACCEPT,122.99999999999045
F05|2021-04-28T00:45:00.053000+00:00|1,F05,2021-04-28T00:45:00.053000+00:00,2021-04-28|ASIA,0,ACCEPT,-4.0000000000048885
F05|2021-04-28T01:45:00.023000+00:00|1,F05,2021-04-28T01:45:00.023000+00:00,2021-04-28|ASIA,0,ACCEPT,-10.99999999999568
F05|2021-04-28T06:30:00.246000+00:00|1,F05,2021-04-28T06:30:00.246000+00:00,2021-04-28|ASIA,0,ACCEPT,-224.99999999999432
F05|2021-04-28T18:45:00.276000+00:00|-1,F05,2021-04-28T18:45:00.276000+00:00,2021-04-28|NEW_YORK,0,ACCEPT,54.99999999999261
B02|2021-04-29T07:45:01.943000+00:00|1,B02,2021-04-29T07:45:01.943000+00:00,2021-04-29|LONDON,0,ACCEPT,-18.000000000000682
F05|2021-04-29T09:30:00.140000+00:00|1,F05,2021-04-29T09:30:00.140000+00:00,2021-04-29|LONDON,0,ACCEPT,-181.0000000000116
F05|2021-04-29T13:15:00.104000+00:00|1,F05,2021-04-29T13:15:00.104000+00:00,2021-04-29|LONDON_NY_OVERLAP,0,ACCEPT,-270.00000000001023
F05|2021-04-30T15:00:00.031000+00:00|1,F05,2021-04-30T15:00:00.031000+00:00,2021-04-30|LONDON_NY_OVERLAP,0,ACCEPT,27.999999999991587
F05|2021-05-03T00:15:01.280000+00:00|1,F05,2021-05-03T00:15:01.280000+00:00,2021-05-03|ASIA,0,ACCEPT,293.00000000000637
F05|2021-05-03T02:00:30.534000+00:00|1,F05,2021-05-03T02:00:30.534000+00:00,2021-05-03|ASIA,0,ACCEPT,78.99999999999352
F05|2021-05-03T02:45:12.481000+00:00|1,F05,2021-05-03T02:45:12.481000+00:00,2021-05-03|ASIA,0,ACCEPT,-39.00000000000148
F05|2021-05-03T04:15:00.442000+00:00|1,F05,2021-05-03T04:15:00.442000+00:00,2021-05-03|ASIA,0,ACCEPT,-69.99999999999318
F05|2021-05-03T05:30:00.825000+00:00|1,F05,2021-05-03T05:30:00.825000+00:00,2021-05-03|ASIA,0,ACCEPT,-444.0000000000026
B02|2021-05-03T07:30:00.433000+00:00|1,B02,2021-05-03T07:30:00.433000+00:00,2021-05-03|LONDON,0,ACCEPT,-39.00000000000148
F05|2021-05-03T07:30:00.433000+00:00|1,F05,2021-05-03T07:30:00.433000+00:00,2021-05-03|LONDON,0,ACCEPT,-626.9999999999953
F05|2021-05-03T08:15:00.574000+00:00|1,F05,2021-05-03T08:15:00.574000+00:00,2021-05-03|LONDON,0,ACCEPT,-571.0000000000122
F05|2021-05-03T14:15:00.282000+00:00|-1,F05,2021-05-03T14:15:00.282000+00:00,2021-05-03|LONDON_NY_OVERLAP,1,ACCEPT,-76.99999999999818
B02|2021-05-04T07:15:00.209000+00:00|1,B02,2021-05-04T07:15:00.209000+00:00,2021-05-04|LONDON,0,ACCEPT,-31.00000000000591
B02|2021-05-06T09:30:00.018000+00:00|-1,B02,2021-05-06T09:30:00.018000+00:00,2021-05-06|LONDON,0,ACCEPT,-15.000000000000568
F05|2021-05-06T09:45:00.044000+00:00|-1,F05,2021-05-06T09:45:00.044000+00:00,2021-05-06|LONDON,0,ACCEPT,10.99999999999568
F05|2021-05-06T18:30:00.108000+00:00|-1,F05,2021-05-06T18:30:00.108000+00:00,2021-05-06|NEW_YORK,0,ACCEPT,-96.9999999999942
B02|2021-05-07T12:00:00.161000+00:00|1,B02,2021-05-07T12:00:00.161000+00:00,2021-05-07|LONDON,0,ACCEPT,-0.999999999990564
B02|2021-05-07T12:45:00.085000+00:00|-1,B02,2021-05-07T12:45:00.085000+00:00,2021-05-07|LONDON,1,ACCEPT,-55.999999999997385
F05|2021-05-07T12:45:00.085000+00:00|-1,F05,2021-05-07T12:45:00.085000+00:00,2021-05-07|LONDON,1,ACCEPT,16.000000000005343
B02|2021-05-11T10:15:00.191000+00:00|-1,B02,2021-05-11T10:15:00.191000+00:00,2021-05-11|LONDON,0,ACCEPT,137.99999999999102
F05|2021-05-11T11:30:00.075000+00:00|-1,F05,2021-05-11T11:30:00.075000+00:00,2021-05-11|LONDON,0,ACCEPT,-7.999999999995566
F05|2021-05-11T12:15:00.098000+00:00|-1,F05,2021-05-11T12:15:00.098000+00:00,2021-05-11|LONDON,0,ACCEPT,-101.99999999998965
F05|2021-05-11T13:15:00.069000+00:00|-1,F05,2021-05-11T13:15:00.069000+00:00,2021-05-11|LONDON_NY_OVERLAP,0,ACCEPT,-235.99999999999
B02|2021-05-12T12:45:00.095000+00:00|1,B02,2021-05-12T12:45:00.095000+00:00,2021-05-12|LONDON,0,ACCEPT,513.0000000000052
F05|2021-05-12T12:45:00.095000+00:00|1,F05,2021-05-12T12:45:00.095000+00:00,2021-05-12|LONDON,0,ACCEPT,518.0000000000007
F05|2021-05-12T14:00:00.222000+00:00|1,F05,2021-05-12T14:00:00.222000+00:00,2021-05-12|LONDON_NY_OVERLAP,0,ACCEPT,420.99999999999227
F05|2021-05-12T15:15:00.210000+00:00|1,F05,2021-05-12T15:15:00.210000+00:00,2021-05-12|LONDON_NY_OVERLAP,0,ACCEPT,206.00000000000307
F05|2021-05-12T16:15:00.873000+00:00|1,F05,2021-05-12T16:15:00.873000+00:00,2021-05-12|NEW_YORK,0,ACCEPT,158.00000000000125
F05|2021-05-12T17:00:00.061000+00:00|1,F05,2021-05-12T17:00:00.061000+00:00,2021-05-12|NEW_YORK,0,ACCEPT,-22.999999999996135
F05|2021-05-13T00:15:01.724000+00:00|1,F05,2021-05-13T00:15:01.724000+00:00,2021-05-13|ASIA,0,ACCEPT,-176.00000000000193
F05|2021-05-13T17:00:01.084000+00:00|-1,F05,2021-05-13T17:00:01.084000+00:00,2021-05-13|NEW_YORK,0,ACCEPT,-119.99999999999034
F05|2021-05-14T06:45:00.540000+00:00|-1,F05,2021-05-14T06:45:00.540000+00:00,2021-05-14|ASIA,1,ACCEPT,-54.000000000002046
B02|2021-05-14T08:30:00.008000+00:00|-1,B02,2021-05-14T08:30:00.008000+00:00,2021-05-14|LONDON,0,ACCEPT,-90.00000000000341
F05|2021-05-14T08:30:00.008000+00:00|-1,F05,2021-05-14T08:30:00.008000+00:00,2021-05-14|LONDON,0,ACCEPT,-105.00000000000398
B02|2021-05-17T10:15:06.719000+00:00|-1,B02,2021-05-17T10:15:06.719000+00:00,2021-05-17|LONDON,0,ACCEPT,-12.000000000000455
F05|2021-05-17T10:15:06.719000+00:00|-1,F05,2021-05-17T10:15:06.719000+00:00,2021-05-17|LONDON,0,ACCEPT,-24.999999999991473
B02|2021-05-18T07:15:02.166000+00:00|-1,B02,2021-05-18T07:15:02.166000+00:00,2021-05-18|LONDON,0,ACCEPT,-20.000000000010232
F05|2021-05-18T07:15:02.166000+00:00|-1,F05,2021-05-18T07:15:02.166000+00:00,2021-05-18|LONDON,0,ACCEPT,108.99999999999466
F05|2021-05-18T08:15:02.289000+00:00|-1,F05,2021-05-18T08:15:02.289000+00:00,2021-05-18|LONDON,0,ACCEPT,-58.000000000006935
F05|2021-05-18T09:00:00.199000+00:00|-1,F05,2021-05-18T09:00:00.199000+00:00,2021-05-18|LONDON,0,ACCEPT,-85.99999999999852
B02|2021-05-19T08:00:00.032000+00:00|1,B02,2021-05-19T08:00:00.032000+00:00,2021-05-19|LONDON,0,ACCEPT,131.00000000000023
F05|2021-05-19T08:00:00.032000+00:00|1,F05,2021-05-19T08:00:00.032000+00:00,2021-05-19|LONDON,0,ACCEPT,-317.99999999999784
F05|2021-05-19T09:30:00.995000+00:00|1,F05,2021-05-19T09:30:00.995000+00:00,2021-05-19|LONDON,0,ACCEPT,-227.99999999999443
F05|2021-05-19T10:00:00.174000+00:00|1,F05,2021-05-19T10:00:00.174000+00:00,2021-05-19|LONDON,0,ACCEPT,-249.00000000000944
F05|2021-05-19T10:45:00.449000+00:00|1,F05,2021-05-19T10:45:00.449000+00:00,2021-05-19|LONDON,0,ACCEPT,-6.000000000000227
F05|2021-05-19T13:15:00.149000+00:00|-1,F05,2021-05-19T13:15:00.149000+00:00,2021-05-19|LONDON_NY_OVERLAP,0,ACCEPT,-406.9999999999965
F05|2021-05-19T14:15:00.118000+00:00|-1,F05,2021-05-19T14:15:00.118000+00:00,2021-05-19|LONDON_NY_OVERLAP,0,ACCEPT,-503.0000000000001
F05|2021-05-19T14:45:00.271000+00:00|-1,F05,2021-05-19T14:45:00.271000+00:00,2021-05-19|LONDON_NY_OVERLAP,0,ACCEPT,-541.9999999999874
B02|2021-05-20T07:15:00.280000+00:00|-1,B02,2021-05-20T07:15:00.280000+00:00,2021-05-20|LONDON,0,ACCEPT,214.9999999999892
F05|2021-05-21T05:30:00.623000+00:00|-1,F05,2021-05-21T05:30:00.623000+00:00,2021-05-21|ASIA,0,ACCEPT,-30.9999999999917
B02|2021-05-21T08:15:00.115000+00:00|-1,B02,2021-05-21T08:15:00.115000+00:00,2021-05-21|LONDON,0,ACCEPT,-10.99999999999568
F05|2021-05-21T08:15:00.115000+00:00|-1,F05,2021-05-21T08:15:00.115000+00:00,2021-05-21|LONDON,0,ACCEPT,-319.9999999999932
F05|2021-05-21T15:00:00.089000+00:00|1,F05,2021-05-21T15:00:00.089000+00:00,2021-05-21|LONDON_NY_OVERLAP,1,ACCEPT,-15.000000000000568
F05|2021-05-21T17:00:01.287000+00:00|1,F05,2021-05-21T17:00:01.287000+00:00,2021-05-21|NEW_YORK,1,ACCEPT,-12.000000000000455
F05|2021-05-25T06:45:00.904000+00:00|-1,F05,2021-05-25T06:45:00.904000+00:00,2021-05-25|ASIA,0,ACCEPT,-257.99999999999557
B02|2021-05-25T07:15:00.603000+00:00|-1,B02,2021-05-25T07:15:00.603000+00:00,2021-05-25|LONDON,0,ACCEPT,-57.00000000000216
F05|2021-05-25T07:15:00.603000+00:00|-1,F05,2021-05-25T07:15:00.603000+00:00,2021-05-25|LONDON,0,ACCEPT,-335.9999999999985
B02|2021-05-25T10:15:00.206000+00:00|1,B02,2021-05-25T10:15:00.206000+00:00,2021-05-25|LONDON,1,ACCEPT,-6.999999999990791
F05|2021-05-25T13:00:00.110000+00:00|1,F05,2021-05-25T13:00:00.110000+00:00,2021-05-25|LONDON_NY_OVERLAP,0,ACCEPT,-234.99999999999943
B02|2021-05-26T09:15:11.038000+00:00|1,B02,2021-05-26T09:15:11.038000+00:00,2021-05-26|LONDON,0,ACCEPT,-16.000000000005343
F05|2021-05-26T15:45:01.272000+00:00|1,F05,2021-05-26T15:45:01.272000+00:00,2021-05-26|LONDON_NY_OVERLAP,0,ACCEPT,66.0000000000025
F05|2021-05-26T17:45:04.217000+00:00|1,F05,2021-05-26T17:45:04.217000+00:00,2021-05-26|NEW_YORK,0,ACCEPT,-36.99999999999193
B02|2021-05-27T12:00:00.063000+00:00|1,B02,2021-05-27T12:00:00.063000+00:00,2021-05-27|LONDON,0,ACCEPT,578.000000000003
F05|2021-05-27T12:00:00.063000+00:00|1,F05,2021-05-27T12:00:00.063000+00:00,2021-05-27|LONDON,0,ACCEPT,549.9999999999972
F05|2021-05-27T13:30:00.439000+00:00|1,F05,2021-05-27T13:30:00.439000+00:00,2021-05-27|LONDON_NY_OVERLAP,0,ACCEPT,354.0000000000134
F05|2021-05-27T15:00:00.003000+00:00|1,F05,2021-05-27T15:00:00.003000+00:00,2021-05-27|LONDON_NY_OVERLAP,0,ACCEPT,135.99999999999568
F05|2021-05-27T16:00:00.135000+00:00|1,F05,2021-05-27T16:00:00.135000+00:00,2021-05-27|NEW_YORK,0,ACCEPT,-9.999999999990905
B02|2021-05-28T11:30:00.134000+00:00|1,B02,2021-05-28T11:30:00.134000+00:00,2021-05-28|LONDON,0,ACCEPT,-13.999999999995794
F05|2021-05-28T11:30:00.134000+00:00|1,F05,2021-05-28T11:30:00.134000+00:00,2021-05-28|LONDON,0,ACCEPT,-167.0000000000016
F05|2021-05-28T12:45:00.287000+00:00|1,F05,2021-05-28T12:45:00.287000+00:00,2021-05-28|LONDON,0,ACCEPT,-262.00000000000045
F05|2021-05-31T01:15:00.284000+00:00|-1,F05,2021-05-31T01:15:00.284000+00:00,2021-05-31|ASIA,0,ACCEPT,25.000000000005684
F05|2021-05-31T13:15:00.181000+00:00|-1,F05,2021-05-31T13:15:00.181000+00:00,2021-05-31|LONDON_NY_OVERLAP,0,ACCEPT,-1.9999999999953388
F05|2021-05-31T15:00:00.068000+00:00|-1,F05,2021-05-31T15:00:00.068000+00:00,2021-05-31|LONDON_NY_OVERLAP,0,ACCEPT,-138.9999999999958
B02|2021-06-01T08:15:00.793000+00:00|1,B02,2021-06-01T08:15:00.793000+00:00,2021-06-01|LONDON,0,ACCEPT,-9.000000000000341
F05|2021-06-02T05:15:00.218000+00:00|1,F05,2021-06-02T05:15:00.218000+00:00,2021-06-02|ASIA,0,ACCEPT,1.0000000000047748
F05|2021-06-02T06:15:00.388000+00:00|1,F05,2021-06-02T06:15:00.388000+00:00,2021-06-02|ASIA,0,ACCEPT,-55.999999999997385
F05|2021-06-02T06:45:00.439000+00:00|1,F05,2021-06-02T06:45:00.439000+00:00,2021-06-02|ASIA,0,ACCEPT,-97.99999999999898
B02|2021-06-02T08:30:00.228000+00:00|1,B02,2021-06-02T08:30:00.228000+00:00,2021-06-02|LONDON,0,ACCEPT,-21.000000000000796
F05|2021-06-02T08:45:02.011000+00:00|1,F05,2021-06-02T08:45:02.011000+00:00,2021-06-02|LONDON,0,ACCEPT,-224.00000000000375
B02|2021-06-03T08:00:00.317000+00:00|1,B02,2021-06-03T08:00:00.317000+00:00,2021-06-03|LONDON,0,ACCEPT,435.0000000000023
F05|2021-06-03T12:30:00.049000+00:00|1,F05,2021-06-03T12:30:00.049000+00:00,2021-06-03|LONDON,0,ACCEPT,355.000000000004
F05|2021-06-03T13:30:00.128000+00:00|1,F05,2021-06-03T13:30:00.128000+00:00,2021-06-03|LONDON_NY_OVERLAP,0,ACCEPT,277.000000000001
F05|2021-06-03T14:45:00.350000+00:00|1,F05,2021-06-03T14:45:00.350000+00:00,2021-06-03|LONDON_NY_OVERLAP,0,ACCEPT,115.0000000000091
F05|2021-06-03T15:30:00.083000+00:00|1,F05,2021-06-03T15:30:00.083000+00:00,2021-06-03|LONDON_NY_OVERLAP,0,ACCEPT,52.00000000000671
B02|2021-06-04T10:00:02.959000+00:00|-1,B02,2021-06-04T10:00:02.959000+00:00,2021-06-04|LONDON,0,ACCEPT,584.0000000000032
F05|2021-06-04T12:45:00.192000+00:00|-1,F05,2021-06-04T12:45:00.192000+00:00,2021-06-04|LONDON,0,ACCEPT,317.99999999999784
F05|2021-06-04T13:30:00.090000+00:00|-1,F05,2021-06-04T13:30:00.090000+00:00,2021-06-04|LONDON_NY_OVERLAP,0,ACCEPT,81.99999999999363
F05|2021-06-04T14:30:00.021000+00:00|-1,F05,2021-06-04T14:30:00.021000+00:00,2021-06-04|LONDON_NY_OVERLAP,0,ACCEPT,-120.00000000000455
B02|2021-06-07T09:00:00.310000+00:00|-1,B02,2021-06-07T09:00:00.310000+00:00,2021-06-07|LONDON,0,ACCEPT,91.99999999999875
F05|2021-06-07T11:45:01.368000+00:00|-1,F05,2021-06-07T11:45:01.368000+00:00,2021-06-07|LONDON,0,ACCEPT,96.00000000000364
F05|2021-06-07T13:15:07.919000+00:00|-1,F05,2021-06-07T13:15:07.919000+00:00,2021-06-07|LONDON_NY_OVERLAP,0,ACCEPT,-48.00000000000182
B02|2021-06-08T07:30:00.409000+00:00|1,B02,2021-06-08T07:30:00.409000+00:00,2021-06-08|LONDON,0,ACCEPT,-18.000000000000682
F05|2021-06-09T13:30:00.285000+00:00|-1,F05,2021-06-09T13:30:00.285000+00:00,2021-06-09|LONDON_NY_OVERLAP,0,ACCEPT,-346.9999999999942
F05|2021-06-09T14:45:04.324000+00:00|1,F05,2021-06-09T14:45:04.324000+00:00,2021-06-09|LONDON_NY_OVERLAP,0,ACCEPT,49.000000000006594
F05|2021-06-10T17:15:11.200000+00:00|-1,F05,2021-06-10T17:15:11.200000+00:00,2021-06-10|NEW_YORK,0,ACCEPT,-7.999999999995566
F05|2021-06-10T19:15:00.137000+00:00|-1,F05,2021-06-10T19:15:00.137000+00:00,2021-06-10|NEW_YORK,0,ACCEPT,-31.00000000000591
B02|2021-06-11T07:30:00.021000+00:00|1,B02,2021-06-11T07:30:00.021000+00:00,2021-06-11|LONDON,0,ACCEPT,240.99999999999966
F05|2021-06-11T14:00:00.033000+00:00|1,F05,2021-06-11T14:00:00.033000+00:00,2021-06-11|LONDON_NY_OVERLAP,0,ACCEPT,-91.99999999999875
F05|2021-06-11T14:30:00.335000+00:00|1,F05,2021-06-11T14:30:00.335000+00:00,2021-06-11|LONDON_NY_OVERLAP,0,ACCEPT,-52.00000000000671
B02|2021-06-14T09:15:05.539000+00:00|-1,B02,2021-06-14T09:15:05.539000+00:00,2021-06-14|LONDON,0,ACCEPT,-453.9999999999935
F05|2021-06-14T13:45:00.073000+00:00|1,F05,2021-06-14T13:45:00.073000+00:00,2021-06-14|LONDON_NY_OVERLAP,0,ACCEPT,207.9999999999984
F05|2021-06-14T14:45:00.614000+00:00|1,F05,2021-06-14T14:45:00.614000+00:00,2021-06-14|LONDON_NY_OVERLAP,0,ACCEPT,91.99999999999875
F05|2021-06-14T17:00:00.143000+00:00|1,F05,2021-06-14T17:00:00.143000+00:00,2021-06-14|NEW_YORK,0,ACCEPT,63.00000000000239
F05|2021-06-14T18:00:00.249000+00:00|1,F05,2021-06-14T18:00:00.249000+00:00,2021-06-14|NEW_YORK,0,ACCEPT,78.00000000000296
F05|2021-06-14T19:00:00.103000+00:00|1,F05,2021-06-14T19:00:00.103000+00:00,2021-06-14|NEW_YORK,0,ACCEPT,14.000000000010004
F05|2021-06-15T02:00:00.628000+00:00|1,F05,2021-06-15T02:00:00.628000+00:00,2021-06-15|ASIA,0,ACCEPT,30.9999999999917
B02|2021-06-15T07:15:00.106000+00:00|-1,B02,2021-06-15T07:15:00.106000+00:00,2021-06-15|LONDON,0,ACCEPT,-22.999999999996135
B02|2021-06-15T10:00:00.320000+00:00|1,B02,2021-06-15T10:00:00.320000+00:00,2021-06-15|LONDON,0,ACCEPT,-129.0000000000049
F05|2021-06-15T10:00:00.320000+00:00|1,F05,2021-06-15T10:00:00.320000+00:00,2021-06-15|LONDON,0,ACCEPT,-66.0000000000025
B02|2021-06-16T07:15:01.694000+00:00|-1,B02,2021-06-16T07:15:01.694000+00:00,2021-06-16|LONDON,0,ACCEPT,-519.0000000000055
F05|2021-06-16T07:15:01.694000+00:00|-1,F05,2021-06-16T07:15:01.694000+00:00,2021-06-16|LONDON,0,ACCEPT,45.000000000001705
F05|2021-06-16T12:15:01.195000+00:00|-1,F05,2021-06-16T12:15:01.195000+00:00,2021-06-16|LONDON,0,ACCEPT,-839.9999999999892
F05|2021-06-16T18:15:00.208000+00:00|1,F05,2021-06-16T18:15:00.208000+00:00,2021-06-16|NEW_YORK,0,ACCEPT,237.99999999999955
F05|2021-06-16T18:45:00.105000+00:00|1,F05,2021-06-16T18:45:00.105000+00:00,2021-06-16|NEW_YORK,0,ACCEPT,146.0000000000008
F05|2021-06-16T19:30:00.318000+00:00|1,F05,2021-06-16T19:30:00.318000+00:00,2021-06-16|NEW_YORK,1,ACCEPT,114.00000000000432
F05|2021-06-17T00:15:00.624000+00:00|1,F05,2021-06-17T00:15:00.624000+00:00,2021-06-17|ASIA,0,ACCEPT,-240.0000000000091
B02|2021-06-17T08:00:00.096000+00:00|-1,B02,2021-06-17T08:00:00.096000+00:00,2021-06-17|LONDON,0,ACCEPT,-22.999999999996135
F05|2021-06-18T06:00:00.090000+00:00|-1,F05,2021-06-18T06:00:00.090000+00:00,2021-06-18|ASIA,0,ACCEPT,-385.9999999999957
F05|2021-06-21T03:30:00.098000+00:00|-1,F05,2021-06-21T03:30:00.098000+00:00,2021-06-21|ASIA,0,ACCEPT,-262.00000000000045
F05|2021-06-22T02:30:00.629000+00:00|1,F05,2021-06-22T02:30:00.629000+00:00,2021-06-22|ASIA,0,ACCEPT,-28.999999999996362
F05|2021-06-22T06:00:00.098000+00:00|1,F05,2021-06-22T06:00:00.098000+00:00,2021-06-22|ASIA,0,ACCEPT,179.00000000000205
B02|2021-06-22T12:15:00.014000+00:00|1,B02,2021-06-22T12:15:00.014000+00:00,2021-06-22|LONDON,1,ACCEPT,167.99999999999216
F05|2021-06-22T12:15:00.014000+00:00|1,F05,2021-06-22T12:15:00.014000+00:00,2021-06-22|LONDON,1,ACCEPT,102.00000000000387
F05|2021-06-22T13:00:00.078000+00:00|1,F05,2021-06-22T13:00:00.078000+00:00,2021-06-22|LONDON_NY_OVERLAP,0,ACCEPT,-37.9999999999967
F05|2021-06-22T15:00:00.046000+00:00|1,F05,2021-06-22T15:00:00.046000+00:00,2021-06-22|LONDON_NY_OVERLAP,0,ACCEPT,-81.99999999999363
F05|2021-06-22T15:30:00.069000+00:00|1,F05,2021-06-22T15:30:00.069000+00:00,2021-06-22|LONDON_NY_OVERLAP,0,ACCEPT,-136.0000000000099
F05|2021-06-23T02:00:00.029000+00:00|1,F05,2021-06-23T02:00:00.029000+00:00,2021-06-23|ASIA,0,ACCEPT,126.99999999999534
F05|2021-06-23T06:30:00.225000+00:00|1,F05,2021-06-23T06:30:00.225000+00:00,2021-06-23|ASIA,0,ACCEPT,-132.99999999999557
B02|2021-06-23T07:15:00.085000+00:00|1,B02,2021-06-23T07:15:00.085000+00:00,2021-06-23|LONDON,0,ACCEPT,111.99999999999477
F05|2021-06-23T07:15:00.085000+00:00|1,F05,2021-06-23T07:15:00.085000+00:00,2021-06-23|LONDON,0,ACCEPT,-53.00000000001148
F05|2021-06-23T09:30:01.196000+00:00|1,F05,2021-06-23T09:30:01.196000+00:00,2021-06-23|LONDON,0,ACCEPT,9.000000000000341
F05|2021-06-23T10:00:01.020000+00:00|1,F05,2021-06-23T10:00:01.020000+00:00,2021-06-23|LONDON,0,ACCEPT,-25.000000000005684
B02|2021-06-24T12:45:00.450000+00:00|-1,B02,2021-06-24T12:45:00.450000+00:00,2021-06-24|LONDON,0,ACCEPT,-22.00000000000557
B02|2021-06-25T08:00:00.030000+00:00|-1,B02,2021-06-25T08:00:00.030000+00:00,2021-06-25|LONDON,0,ACCEPT,-18.999999999991246
F05|2021-06-25T12:30:00.048000+00:00|-1,F05,2021-06-25T12:30:00.048000+00:00,2021-06-25|LONDON,1,ACCEPT,-163.0000000000109
B02|2021-06-28T11:45:00.099000+00:00|1,B02,2021-06-28T11:45:00.099000+00:00,2021-06-28|LONDON,0,ACCEPT,-6.000000000000227
F05|2021-06-28T11:45:00.099000+00:00|1,F05,2021-06-28T11:45:00.099000+00:00,2021-06-28|LONDON,0,ACCEPT,-298.0000000000018
F05|2021-06-28T15:15:00.110000+00:00|-1,F05,2021-06-28T15:15:00.110000+00:00,2021-06-28|LONDON_NY_OVERLAP,0,ACCEPT,-33.00000000000125
F05|2021-06-29T01:15:00.336000+00:00|-1,F05,2021-06-29T01:15:00.336000+00:00,2021-06-29|ASIA,0,ACCEPT,-149.0000000000009
B02|2021-06-29T07:15:00.253000+00:00|1,B02,2021-06-29T07:15:00.253000+00:00,2021-06-29|LONDON,0,ACCEPT,-12.999999999991019
B02|2021-06-30T12:30:00.128000+00:00|1,B02,2021-06-30T12:30:00.128000+00:00,2021-06-30|LONDON,0,ACCEPT,-4.0000000000048885
F05|2021-06-30T14:15:00.027000+00:00|1,F05,2021-06-30T14:15:00.027000+00:00,2021-06-30|LONDON_NY_OVERLAP,1,ACCEPT,302.99999999999727
F05|2021-06-30T15:45:00.942000+00:00|1,F05,2021-06-30T15:45:00.942000+00:00,2021-06-30|LONDON_NY_OVERLAP,1,ACCEPT,97.99999999999898
F05|2021-06-30T18:15:09.895000+00:00|1,F05,2021-06-30T18:15:09.895000+00:00,2021-06-30|NEW_YORK,0,ACCEPT,-65.99999999998829
F05|2021-07-01T06:15:04.517000+00:00|1,F05,2021-07-01T06:15:04.517000+00:00,2021-07-01|ASIA,1,ACCEPT,309.99999999998806
F05|2021-07-01T07:00:00.325000+00:00|1,F05,2021-07-01T07:00:00.325000+00:00,2021-07-01|LONDON,0,ACCEPT,329.9999999999983
B02|2021-07-01T08:00:01.478000+00:00|1,B02,2021-07-01T08:00:01.478000+00:00,2021-07-01|LONDON,0,ACCEPT,276.00000000001046
F05|2021-07-01T08:00:01.478000+00:00|1,F05,2021-07-01T08:00:01.478000+00:00,2021-07-01|LONDON,0,ACCEPT,286.00000000000136
F05|2021-07-01T08:45:02.511000+00:00|1,F05,2021-07-01T08:45:02.511000+00:00,2021-07-01|LONDON,0,ACCEPT,192.00000000000728
F05|2021-07-01T09:30:00.724000+00:00|1,F05,2021-07-01T09:30:00.724000+00:00,2021-07-01|LONDON,0,ACCEPT,103.9999999999992
F05|2021-07-01T10:15:00.471000+00:00|1,F05,2021-07-01T10:15:00.471000+00:00,2021-07-01|LONDON,0,ACCEPT,1.9999999999953388
F05|2021-07-02T01:00:00.081000+00:00|1,F05,2021-07-02T01:00:00.081000+00:00,2021-07-02|ASIA,0,ACCEPT,-176.9999999999925
B02|2021-07-02T08:15:01.806000+00:00|-1,B02,2021-07-02T08:15:01.806000+00:00,2021-07-02|LONDON,0,ACCEPT,-0.0
F05|2021-07-02T13:00:00.089000+00:00|-1,F05,2021-07-02T13:00:00.089000+00:00,2021-07-02|LONDON_NY_OVERLAP,0,ACCEPT,243.99999999999977
F05|2021-07-02T17:45:02.091000+00:00|-1,F05,2021-07-02T17:45:02.091000+00:00,2021-07-02|NEW_YORK,0,ACCEPT,27.000000000001023
B02|2021-07-05T08:00:00.057000+00:00|-1,B02,2021-07-05T08:00:00.057000+00:00,2021-07-05|LONDON,0,ACCEPT,-54.000000000002046
F05|2021-07-05T08:15:04.229000+00:00|-1,F05,2021-07-05T08:15:04.229000+00:00,2021-07-05|LONDON,0,ACCEPT,-45.99999999999227
F05|2021-07-05T09:45:00.543000+00:00|-1,F05,2021-07-05T09:45:00.543000+00:00,2021-07-05|LONDON,0,ACCEPT,-97.00000000000841
B02|2021-07-06T10:30:08.913000+00:00|-1,B02,2021-07-06T10:30:08.913000+00:00,2021-07-06|LONDON,0,ACCEPT,-28.000000000005798
F05|2021-07-06T11:00:00.328000+00:00|-1,F05,2021-07-06T11:00:00.328000+00:00,2021-07-06|LONDON,0,ACCEPT,78.00000000000296
F05|2021-07-06T11:30:00.727000+00:00|-1,F05,2021-07-06T11:30:00.727000+00:00,2021-07-06|LONDON,0,ACCEPT,3.0000000000001137
F05|2021-07-06T14:15:00.490000+00:00|-1,F05,2021-07-06T14:15:00.490000+00:00,2021-07-06|LONDON_NY_OVERLAP,1,ACCEPT,-96.00000000000364
F05|2021-07-07T00:15:01.412000+00:00|-1,F05,2021-07-07T00:15:01.412000+00:00,2021-07-07|ASIA,0,ACCEPT,-158.99999999999181
F05|2021-07-07T00:45:00.148000+00:00|-1,F05,2021-07-07T00:45:00.148000+00:00,2021-07-07|ASIA,0,ACCEPT,-289.99999999999204
B02|2021-07-07T07:15:01.293000+00:00|1,B02,2021-07-07T07:15:01.293000+00:00,2021-07-07|LONDON,0,ACCEPT,-46.00000000000648
F05|2021-07-08T05:30:00.836000+00:00|-1,F05,2021-07-08T05:30:00.836000+00:00,2021-07-08|ASIA,0,ACCEPT,695.0000000000074
F05|2021-07-08T07:00:00.144000+00:00|-1,F05,2021-07-08T07:00:00.144000+00:00,2021-07-08|LONDON,0,ACCEPT,587.0000000000033
B02|2021-07-08T07:15:00.608000+00:00|-1,B02,2021-07-08T07:15:00.608000+00:00,2021-07-08|LONDON,0,ACCEPT,219.99999999999886
F05|2021-07-08T08:00:00.112000+00:00|-1,F05,2021-07-08T08:00:00.112000+00:00,2021-07-08|LONDON,0,ACCEPT,-33.00000000000125
F05|2021-07-08T14:15:00.210000+00:00|-1,F05,2021-07-08T14:15:00.210000+00:00,2021-07-08|LONDON_NY_OVERLAP,0,ACCEPT,-207.00000000000784
F05|2021-07-09T14:00:00.360000+00:00|1,F05,2021-07-09T14:00:00.360000+00:00,2021-07-09|LONDON_NY_OVERLAP,0,ACCEPT,-21.000000000000796
B02|2021-07-12T11:45:00.153000+00:00|1,B02,2021-07-12T11:45:00.153000+00:00,2021-07-12|LONDON,0,ACCEPT,75.9999999999934
F05|2021-07-12T13:45:01.263000+00:00|1,F05,2021-07-12T13:45:01.263000+00:00,2021-07-12|LONDON_NY_OVERLAP,0,ACCEPT,34.000000000006025
F05|2021-07-12T16:45:00.963000+00:00|1,F05,2021-07-12T16:45:00.963000+00:00,2021-07-12|NEW_YORK,0,ACCEPT,-64.00000000000716
F05|2021-07-13T02:15:04.538000+00:00|1,F05,2021-07-13T02:15:04.538000+00:00,2021-07-13|ASIA,1,ACCEPT,-158.00000000000125
B02|2021-07-13T10:00:00.156000+00:00|-1,B02,2021-07-13T10:00:00.156000+00:00,2021-07-13|LONDON,0,ACCEPT,-21.000000000000796
B02|2021-07-13T13:00:00.129000+00:00|1,B02,2021-07-13T13:00:00.129000+00:00,2021-07-13|LONDON_NY_OVERLAP,0,ACCEPT,-77.99999999998875
F05|2021-07-13T17:45:00.308000+00:00|1,F05,2021-07-13T17:45:00.308000+00:00,2021-07-13|NEW_YORK,0,ACCEPT,-83.99999999998897
F05|2021-07-14T00:15:00.339000+00:00|1,F05,2021-07-14T00:15:00.339000+00:00,2021-07-14|ASIA,0,ACCEPT,-182.00000000000216
B02|2021-07-14T12:15:00.330000+00:00|-1,B02,2021-07-14T12:15:00.330000+00:00,2021-07-14|LONDON,1,ACCEPT,353.9999999999992
F05|2021-07-14T12:45:00.043000+00:00|-1,F05,2021-07-14T12:45:00.043000+00:00,2021-07-14|LONDON,1,ACCEPT,287.00000000000614
F05|2021-07-15T00:45:01.382000+00:00|-1,F05,2021-07-15T00:45:01.382000+00:00,2021-07-15|ASIA,0,ACCEPT,106.99999999999932
F05|2021-07-15T01:15:00.476000+00:00|-1,F05,2021-07-15T01:15:00.476000+00:00,2021-07-15|ASIA,0,ACCEPT,42.00000000000159
F05|2021-07-15T06:15:00.496000+00:00|-1,F05,2021-07-15T06:15:00.496000+00:00,2021-07-15|ASIA,0,ACCEPT,-179.9999999999926
B02|2021-07-15T09:30:08.260000+00:00|-1,B02,2021-07-15T09:30:08.260000+00:00,2021-07-15|LONDON,0,ACCEPT,-108.00000000000409
B02|2021-07-15T12:15:01.524000+00:00|1,B02,2021-07-15T12:15:01.524000+00:00,2021-07-15|LONDON,0,ACCEPT,-42.00000000000159
B02|2021-07-16T07:45:05.185000+00:00|1,B02,2021-07-16T07:45:05.185000+00:00,2021-07-16|LONDON,0,ACCEPT,-0.999999999990564
F05|2021-07-16T07:45:05.185000+00:00|1,F05,2021-07-16T07:45:05.185000+00:00,2021-07-16|LONDON,0,ACCEPT,-22.999999999996135
F05|2021-07-16T11:00:00.673000+00:00|1,F05,2021-07-16T11:00:00.673000+00:00,2021-07-16|LONDON,0,ACCEPT,-158.99999999999181
F05|2021-07-16T12:45:00.223000+00:00|1,F05,2021-07-16T12:45:00.223000+00:00,2021-07-16|LONDON,1,ACCEPT,-180.00000000000682
B02|2021-07-19T07:45:00.112000+00:00|-1,B02,2021-07-19T07:45:00.112000+00:00,2021-07-19|LONDON,0,ACCEPT,370.00000000000455
F05|2021-07-19T07:45:00.112000+00:00|-1,F05,2021-07-19T07:45:00.112000+00:00,2021-07-19|LONDON,0,ACCEPT,278.99999999999636
F05|2021-07-19T08:45:00.073000+00:00|-1,F05,2021-07-19T08:45:00.073000+00:00,2021-07-19|LONDON,0,ACCEPT,388.00000000000523
F05|2021-07-19T11:45:00.442000+00:00|-1,F05,2021-07-19T11:45:00.442000+00:00,2021-07-19|LONDON,0,ACCEPT,177.0000000000067
F05|2021-07-19T12:15:01.373000+00:00|-1,F05,2021-07-19T12:15:01.373000+00:00,2021-07-19|LONDON,0,ACCEPT,112.00000000000898
F05|2021-07-19T13:15:00.180000+00:00|-1,F05,2021-07-19T13:15:00.180000+00:00,2021-07-19|LONDON_NY_OVERLAP,0,ACCEPT,-70.00000000000739
B02|2021-07-20T07:15:00.521000+00:00|1,B02,2021-07-20T07:15:00.521000+00:00,2021-07-20|LONDON,0,ACCEPT,0.0
F05|2021-07-20T14:45:00.188000+00:00|1,F05,2021-07-20T14:45:00.188000+00:00,2021-07-20|LONDON_NY_OVERLAP,0,ACCEPT,0.0
F05|2021-07-21T01:00:00.780000+00:00|1,F05,2021-07-21T01:00:00.780000+00:00,2021-07-21|ASIA,0,ACCEPT,135.00000000000512
B02|2021-07-21T07:30:00.306000+00:00|1,B02,2021-07-21T07:30:00.306000+00:00,2021-07-21|LONDON,0,ACCEPT,277.000000000001
F05|2021-07-21T07:30:00.306000+00:00|1,F05,2021-07-21T07:30:00.306000+00:00,2021-07-21|LONDON,0,ACCEPT,232.99999999998988
F05|2021-07-21T08:15:00.355000+00:00|1,F05,2021-07-21T08:15:00.355000+00:00,2021-07-21|LONDON,0,ACCEPT,96.9999999999942
F05|2021-07-21T12:30:00.533000+00:00|1,F05,2021-07-21T12:30:00.533000+00:00,2021-07-21|LONDON,0,ACCEPT,112.99999999999955
F05|2021-07-21T13:15:00.501000+00:00|1,F05,2021-07-21T13:15:00.501000+00:00,2021-07-21|LONDON_NY_OVERLAP,0,ACCEPT,-20.000000000010232
B02|2021-07-22T08:15:00.068000+00:00|1,B02,2021-07-22T08:15:00.068000+00:00,2021-07-22|LONDON,0,ACCEPT,-166.99999999998738
B02|2021-07-23T07:15:00.065000+00:00|1,B02,2021-07-23T07:15:00.065000+00:00,2021-07-23|LONDON,0,ACCEPT,-3.0000000000001137
F05|2021-07-23T08:30:00.028000+00:00|1,F05,2021-07-23T08:30:00.028000+00:00,2021-07-23|LONDON,1,ACCEPT,68.00000000001205
F05|2021-07-23T09:00:00.262000+00:00|1,F05,2021-07-23T09:00:00.262000+00:00,2021-07-23|LONDON,1,ACCEPT,55.00000000000682
F05|2021-07-23T11:30:02.531000+00:00|1,F05,2021-07-23T11:30:02.531000+00:00,2021-07-23|LONDON,1,ACCEPT,0.0
B02|2021-07-26T07:15:00.355000+00:00|-1,B02,2021-07-26T07:15:00.355000+00:00,2021-07-26|LONDON,0,ACCEPT,-0.999999999990564
F05|2021-07-26T07:15:00.355000+00:00|-1,F05,2021-07-26T07:15:00.355000+00:00,2021-07-26|LONDON,0,ACCEPT,-60.000000000002274
B02|2021-07-27T07:15:00.180000+00:00|-1,B02,2021-07-27T07:15:00.180000+00:00,2021-07-27|LONDON,0,ACCEPT,-43.00000000000637
F05|2021-07-27T07:30:00.112000+00:00|-1,F05,2021-07-27T07:30:00.112000+00:00,2021-07-27|LONDON,0,ACCEPT,421.99999999999704
F05|2021-07-27T13:15:00.037000+00:00|-1,F05,2021-07-27T13:15:00.037000+00:00,2021-07-27|LONDON_NY_OVERLAP,0,ACCEPT,90.00000000000341
F05|2021-07-27T15:00:00.034000+00:00|-1,F05,2021-07-27T15:00:00.034000+00:00,2021-07-27|LONDON_NY_OVERLAP,0,ACCEPT,7.999999999995566
F05|2021-07-27T16:15:01.834000+00:00|-1,F05,2021-07-27T16:15:01.834000+00:00,2021-07-27|NEW_YORK,0,ACCEPT,-221.00000000000364
B02|2021-07-28T08:00:00.069000+00:00|1,B02,2021-07-28T08:00:00.069000+00:00,2021-07-28|LONDON,0,ACCEPT,-21.000000000000796
F05|2021-07-28T12:30:00.001000+00:00|1,F05,2021-07-28T12:30:00.001000+00:00,2021-07-28|LONDON,1,ACCEPT,-223.99999999998954
F05|2021-07-28T13:15:00.234000+00:00|1,F05,2021-07-28T13:15:00.234000+00:00,2021-07-28|LONDON_NY_OVERLAP,0,ACCEPT,-298.9999999999924
F05|2021-07-29T01:15:00.066000+00:00|-1,F05,2021-07-29T01:15:00.066000+00:00,2021-07-29|ASIA,0,ACCEPT,-132.000000000005
B02|2021-07-29T12:45:00.176000+00:00|-1,B02,2021-07-29T12:45:00.176000+00:00,2021-07-29|LONDON,1,ACCEPT,-0.999999999990564
F05|2021-07-29T12:45:00.176000+00:00|-1,F05,2021-07-29T12:45:00.176000+00:00,2021-07-29|LONDON,1,ACCEPT,210.00000000000796
F05|2021-07-29T15:00:00.084000+00:00|-1,F05,2021-07-29T15:00:00.084000+00:00,2021-07-29|LONDON_NY_OVERLAP,1,ACCEPT,141.00000000000534
F05|2021-07-29T19:00:00.101000+00:00|-1,F05,2021-07-29T19:00:00.101000+00:00,2021-07-29|NEW_YORK,0,ACCEPT,-76.00000000000762
B02|2021-07-30T11:15:07.806000+00:00|1,B02,2021-07-30T11:15:07.806000+00:00,2021-07-30|LONDON,0,ACCEPT,-10.99999999999568
F05|2021-07-30T17:30:00.303000+00:00|1,F05,2021-07-30T17:30:00.303000+00:00,2021-07-30|NEW_YORK,0,ACCEPT,-146.99999999999136
B02|2021-08-02T10:00:00.209000+00:00|-1,B02,2021-08-02T10:00:00.209000+00:00,2021-08-02|LONDON,0,ACCEPT,-4.0000000000048885
F05|2021-08-02T11:00:00.390000+00:00|-1,F05,2021-08-02T11:00:00.390000+00:00,2021-08-02|LONDON,0,ACCEPT,265.00000000000057
F05|2021-08-02T13:15:00.165000+00:00|-1,F05,2021-08-02T13:15:00.165000+00:00,2021-08-02|LONDON_NY_OVERLAP,0,ACCEPT,108.99999999999466
F05|2021-08-02T14:15:00.152000+00:00|-1,F05,2021-08-02T14:15:00.152000+00:00,2021-08-02|LONDON_NY_OVERLAP,0,ACCEPT,15.999999999991132
F05|2021-08-02T15:30:00.074000+00:00|-1,F05,2021-08-02T15:30:00.074000+00:00,2021-08-02|LONDON_NY_OVERLAP,0,ACCEPT,-88.99999999999864
F05|2021-08-03T04:30:00.736000+00:00|-1,F05,2021-08-03T04:30:00.736000+00:00,2021-08-03|ASIA,0,ACCEPT,55.00000000000682
F05|2021-08-03T06:15:00.138000+00:00|-1,F05,2021-08-03T06:15:00.138000+00:00,2021-08-03|ASIA,0,ACCEPT,231.99999999999932
B02|2021-08-03T12:45:00.172000+00:00|-1,B02,2021-08-03T12:45:00.172000+00:00,2021-08-03|LONDON,0,ACCEPT,123.00000000000466
F05|2021-08-03T13:00:00.088000+00:00|-1,F05,2021-08-03T13:00:00.088000+00:00,2021-08-03|LONDON_NY_OVERLAP,0,ACCEPT,-40.99999999999682
B02|2021-08-04T08:30:00.342000+00:00|1,B02,2021-08-04T08:30:00.342000+00:00,2021-08-04|LONDON,0,ACCEPT,251.99999999999534
B02|2021-08-04T12:30:00.151000+00:00|-1,B02,2021-08-04T12:30:00.151000+00:00,2021-08-04|LONDON,0,ACCEPT,-525.0000000000057
F05|2021-08-04T12:30:00.151000+00:00|-1,F05,2021-08-04T12:30:00.151000+00:00,2021-08-04|LONDON,0,ACCEPT,-600.9999999999991
F05|2021-08-04T13:00:00.618000+00:00|-1,F05,2021-08-04T13:00:00.618000+00:00,2021-08-04|LONDON_NY_OVERLAP,0,ACCEPT,-730.9999999999945
F05|2021-08-04T14:15:00.553000+00:00|1,F05,2021-08-04T14:15:00.553000+00:00,2021-08-04|LONDON_NY_OVERLAP,1,ACCEPT,88.99999999999864
F05|2021-08-05T01:00:00.156000+00:00|1,F05,2021-08-05T01:00:00.156000+00:00,2021-08-05|ASIA,0,ACCEPT,-87.0000000000033
B02|2021-08-05T11:00:00.059000+00:00|-1,B02,2021-08-05T11:00:00.059000+00:00,2021-08-05|LONDON,1,ACCEPT,-66.99999999999307
F05|2021-08-06T00:15:02.726000+00:00|1,F05,2021-08-06T00:15:02.726000+00:00,2021-08-06|ASIA,0,ACCEPT,-96.00000000000364
B02|2021-08-06T07:30:00.243000+00:00|-1,B02,2021-08-06T07:30:00.243000+00:00,2021-08-06|LONDON,0,ACCEPT,-493.0000000000092
B02|2021-08-06T12:45:00.300000+00:00|1,B02,2021-08-06T12:45:00.300000+00:00,2021-08-06|LONDON,1,ACCEPT,208.00000000001262
F05|2021-08-06T12:45:00.300000+00:00|1,F05,2021-08-06T12:45:00.300000+00:00,2021-08-06|LONDON,1,ACCEPT,168.00000000000637
F05|2021-08-06T14:00:00.134000+00:00|1,F05,2021-08-06T14:00:00.134000+00:00,2021-08-06|LONDON_NY_OVERLAP,0,ACCEPT,-36.000000000001364
B02|2021-08-09T11:30:01.558000+00:00|-1,B02,2021-08-09T11:30:01.558000+00:00,2021-08-09|LONDON,0,ACCEPT,-271.0000000000008
F05|2021-08-10T00:15:00.062000+00:00|1,F05,2021-08-10T00:15:00.062000+00:00,2021-08-10|ASIA,0,ACCEPT,79.9999999999983
B02|2021-08-10T07:15:00.116000+00:00|1,B02,2021-08-10T07:15:00.116000+00:00,2021-08-10|LONDON,0,ACCEPT,156.99999999999648
F05|2021-08-10T07:15:00.116000+00:00|1,F05,2021-08-10T07:15:00.116000+00:00,2021-08-10|LONDON,0,ACCEPT,115.99999999999966
F05|2021-08-10T08:15:02.599000+00:00|1,F05,2021-08-10T08:15:02.599000+00:00,2021-08-10|LONDON,0,ACCEPT,96.9999999999942
F05|2021-08-10T09:30:00.312000+00:00|1,F05,2021-08-10T09:30:00.312000+00:00,2021-08-10|LONDON,0,ACCEPT,84.99999999999375
F05|2021-08-10T10:15:02.713000+00:00|1,F05,2021-08-10T10:15:02.713000+00:00,2021-08-10|LONDON,0,ACCEPT,43.99999999999693
F05|2021-08-10T13:45:00.070000+00:00|1,F05,2021-08-10T13:45:00.070000+00:00,2021-08-10|LONDON_NY_OVERLAP,0,ACCEPT,-7.000000000005002
F05|2021-08-11T00:15:08.400000+00:00|1,F05,2021-08-11T00:15:08.400000+00:00,2021-08-11|ASIA,0,ACCEPT,125.0
F05|2021-08-11T01:00:00.388000+00:00|1,F05,2021-08-11T01:00:00.388000+00:00,2021-08-11|ASIA,0,ACCEPT,120.99999999999511
F05|2021-08-11T06:00:00.187000+00:00|1,F05,2021-08-11T06:00:00.187000+00:00,2021-08-11|ASIA,0,ACCEPT,-172.9999999999876
B02|2021-08-11T07:15:00.136000+00:00|1,B02,2021-08-11T07:15:00.136000+00:00,2021-08-11|LONDON,0,ACCEPT,-10.99999999999568
F05|2021-08-11T07:15:00.136000+00:00|1,F05,2021-08-11T07:15:00.136000+00:00,2021-08-11|LONDON,0,ACCEPT,-307.00000000000216
F05|2021-08-11T08:45:00.260000+00:00|1,F05,2021-08-11T08:45:00.260000+00:00,2021-08-11|LONDON,0,ACCEPT,-362.99999999999955
B02|2021-08-11T12:45:00.441000+00:00|-1,B02,2021-08-11T12:45:00.441000+00:00,2021-08-11|LONDON,0,ACCEPT,46.999999999997044
F05|2021-08-11T17:15:00.930000+00:00|-1,F05,2021-08-11T17:15:00.930000+00:00,2021-08-11|NEW_YORK,1,ACCEPT,-0.999999999990564
B02|2021-08-12T12:45:00.685000+00:00|1,B02,2021-08-12T12:45:00.685000+00:00,2021-08-12|LONDON,0,ACCEPT,-70.99999999999795
B02|2021-08-13T07:15:01.878000+00:00|-1,B02,2021-08-13T07:15:01.878000+00:00,2021-08-13|LONDON,0,ACCEPT,-25.99999999999625
F05|2021-08-13T07:15:01.878000+00:00|-1,F05,2021-08-13T07:15:01.878000+00:00,2021-08-13|LONDON,0,ACCEPT,506.0000000000002
F05|2021-08-13T11:30:00.235000+00:00|-1,F05,2021-08-13T11:30:00.235000+00:00,2021-08-13|LONDON,1,ACCEPT,635.0000000000051
F05|2021-08-13T12:15:00.176000+00:00|-1,F05,2021-08-13T12:15:00.176000+00:00,2021-08-13|LONDON,1,ACCEPT,627.0000000000095
F05|2021-08-13T13:15:00.074000+00:00|-1,F05,2021-08-13T13:15:00.074000+00:00,2021-08-13|LONDON_NY_OVERLAP,0,ACCEPT,457.9999999999984
F05|2021-08-13T14:15:00.078000+00:00|-1,F05,2021-08-13T14:15:00.078000+00:00,2021-08-13|LONDON_NY_OVERLAP,0,ACCEPT,314.00000000000716
F05|2021-08-13T15:15:00.074000+00:00|-1,F05,2021-08-13T15:15:00.074000+00:00,2021-08-13|LONDON_NY_OVERLAP,0,ACCEPT,141.00000000000534
F05|2021-08-13T16:15:00.258000+00:00|-1,F05,2021-08-13T16:15:00.258000+00:00,2021-08-13|NEW_YORK,0,ACCEPT,207.9999999999984
F05|2021-08-13T17:45:25.645000+00:00|-1,F05,2021-08-13T17:45:25.645000+00:00,2021-08-13|NEW_YORK,0,ACCEPT,179.9999999999926
F05|2021-08-13T19:00:00.073000+00:00|-1,F05,2021-08-13T19:00:00.073000+00:00,2021-08-13|NEW_YORK,0,ACCEPT,197.9999999999933
F05|2021-08-13T19:45:21.070000+00:00|-1,F05,2021-08-13T19:45:21.070000+00:00,2021-08-13|NEW_YORK,0,ACCEPT,182.00000000000216
F05|2021-08-16T00:15:00.246000+00:00|-1,F05,2021-08-16T00:15:00.246000+00:00,2021-08-16|ASIA,0,ACCEPT,112.99999999999955
F05|2021-08-16T01:45:03.127000+00:00|-1,F05,2021-08-16T01:45:03.127000+00:00,2021-08-16|ASIA,0,ACCEPT,30.000000000001137
F05|2021-08-16T02:15:00.422000+00:00|-1,F05,2021-08-16T02:15:00.422000+00:00,2021-08-16|ASIA,0,ACCEPT,22.00000000000557
B02|2021-08-16T07:15:01.267000+00:00|-1,B02,2021-08-16T07:15:01.267000+00:00,2021-08-16|LONDON,0,ACCEPT,-19.000000000005457
F05|2021-08-16T07:15:01.267000+00:00|-1,F05,2021-08-16T07:15:01.267000+00:00,2021-08-16|LONDON,0,ACCEPT,131.00000000000023
F05|2021-08-16T10:30:00.354000+00:00|-1,F05,2021-08-16T10:30:00.354000+00:00,2021-08-16|LONDON,0,ACCEPT,73.99999999999807
F05|2021-08-16T13:15:00.159000+00:00|-1,F05,2021-08-16T13:15:00.159000+00:00,2021-08-16|LONDON_NY_OVERLAP,0,ACCEPT,-47.000000000011255
B02|2021-08-17T07:15:00.084000+00:00|-1,B02,2021-08-17T07:15:00.084000+00:00,2021-08-17|LONDON,0,ACCEPT,-431.99999999998795
B02|2021-08-17T08:15:00.312000+00:00|1,B02,2021-08-17T08:15:00.312000+00:00,2021-08-17|LONDON,0,ACCEPT,212.0000000000033
F05|2021-08-17T12:45:00.120000+00:00|1,F05,2021-08-17T12:45:00.120000+00:00,2021-08-17|LONDON,0,ACCEPT,126.00000000000477
F05|2021-08-17T14:45:00.257000+00:00|1,F05,2021-08-17T14:45:00.257000+00:00,2021-08-17|LONDON_NY_OVERLAP,0,ACCEPT,-18.000000000000682
F05|2021-08-17T15:45:00.349000+00:00|1,F05,2021-08-17T15:45:00.349000+00:00,2021-08-17|LONDON_NY_OVERLAP,0,ACCEPT,-54.000000000002046
F05|2021-08-18T04:15:00.595000+00:00|1,F05,2021-08-18T04:15:00.595000+00:00,2021-08-18|ASIA,0,ACCEPT,70.99999999999795
B02|2021-08-18T10:45:03.156000+00:00|1,B02,2021-08-18T10:45:03.156000+00:00,2021-08-18|LONDON,0,ACCEPT,109.00000000000887
F05|2021-08-18T10:45:03.156000+00:00|1,F05,2021-08-18T10:45:03.156000+00:00,2021-08-18|LONDON,0,ACCEPT,169.00000000001114
F05|2021-08-18T13:00:00.006000+00:00|1,F05,2021-08-18T13:00:00.006000+00:00,2021-08-18|LONDON_NY_OVERLAP,0,ACCEPT,-104.99999999998977
F05|2021-08-18T15:15:00.066000+00:00|1,F05,2021-08-18T15:15:00.066000+00:00,2021-08-18|LONDON_NY_OVERLAP,0,ACCEPT,-135.99999999999568
F05|2021-08-18T16:15:00.424000+00:00|1,F05,2021-08-18T16:15:00.424000+00:00,2021-08-18|NEW_YORK,0,ACCEPT,-45.000000000001705
F05|2021-08-18T17:30:00.274000+00:00|1,F05,2021-08-18T17:30:00.274000+00:00,2021-08-18|NEW_YORK,0,ACCEPT,-40.99999999999682
F05|2021-08-19T02:00:00.098000+00:00|1,F05,2021-08-19T02:00:00.098000+00:00,2021-08-19|ASIA,2,BLOCK,-449.99999999998863
F05|2021-08-19T02:30:00.072000+00:00|1,F05,2021-08-19T02:30:00.072000+00:00,2021-08-19|ASIA,2,BLOCK,-486.0000000000042
B02|2021-08-19T07:15:00.028000+00:00|-1,B02,2021-08-19T07:15:00.028000+00:00,2021-08-19|LONDON,0,ACCEPT,21.000000000000796
F05|2021-08-19T08:45:00.423000+00:00|-1,F05,2021-08-19T08:45:00.423000+00:00,2021-08-19|LONDON,0,ACCEPT,-222.0000000000084
B02|2021-08-20T07:45:00.211000+00:00|-1,B02,2021-08-20T07:45:00.211000+00:00,2021-08-20|LONDON,0,ACCEPT,-218.00000000000352
F05|2021-08-23T00:45:07.433000+00:00|1,F05,2021-08-23T00:45:07.433000+00:00,2021-08-23|ASIA,0,ACCEPT,9.000000000000341
F05|2021-08-23T06:00:00.033000+00:00|1,F05,2021-08-23T06:00:00.033000+00:00,2021-08-23|ASIA,0,ACCEPT,-103.9999999999992
B02|2021-08-23T09:15:00.542000+00:00|1,B02,2021-08-23T09:15:00.542000+00:00,2021-08-23|LONDON,0,ACCEPT,-1.0000000000047748
F05|2021-08-23T09:15:00.542000+00:00|1,F05,2021-08-23T09:15:00.542000+00:00,2021-08-23|LONDON,0,ACCEPT,-286.00000000000136
F05|2021-08-23T12:00:01.366000+00:00|1,F05,2021-08-23T12:00:01.366000+00:00,2021-08-23|LONDON,1,ACCEPT,-463.99999999999864
B02|2021-08-24T12:45:00.626000+00:00|-1,B02,2021-08-24T12:45:00.626000+00:00,2021-08-24|LONDON,0,ACCEPT,-99.00000000000375
F05|2021-08-24T12:45:00.626000+00:00|-1,F05,2021-08-24T12:45:00.626000+00:00,2021-08-24|LONDON,0,ACCEPT,-120.99999999999511
B02|2021-08-25T11:15:02.726000+00:00|1,B02,2021-08-25T11:15:02.726000+00:00,2021-08-25|LONDON,0,ACCEPT,-8.000000000009777
F05|2021-08-25T11:15:02.726000+00:00|1,F05,2021-08-25T11:15:02.726000+00:00,2021-08-25|LONDON,0,ACCEPT,89.9999999999892
F05|2021-08-25T12:30:00.194000+00:00|1,F05,2021-08-25T12:30:00.194000+00:00,2021-08-25|LONDON,1,ACCEPT,56.000000000011596
F05|2021-08-25T14:45:00.186000+00:00|1,F05,2021-08-25T14:45:00.186000+00:00,2021-08-25|LONDON_NY_OVERLAP,0,ACCEPT,-55.999999999997385
F05|2021-08-25T17:30:01.651000+00:00|1,F05,2021-08-25T17:30:01.651000+00:00,2021-08-25|NEW_YORK,0,ACCEPT,-49.99999999999716
F05|2021-08-26T07:00:00.059000+00:00|1,F05,2021-08-26T07:00:00.059000+00:00,2021-08-26|LONDON,0,ACCEPT,-96.00000000000364
B02|2021-08-26T07:30:01.034000+00:00|1,B02,2021-08-26T07:30:01.034000+00:00,2021-08-26|LONDON,0,ACCEPT,-7.999999999995566
F05|2021-08-26T07:30:01.034000+00:00|1,F05,2021-08-26T07:30:01.034000+00:00,2021-08-26|LONDON,0,ACCEPT,-135.99999999999568
F05|2021-08-27T04:45:00.122000+00:00|-1,F05,2021-08-27T04:45:00.122000+00:00,2021-08-27|ASIA,0,ACCEPT,-173.00000000000182
B02|2021-08-27T07:45:00.580000+00:00|1,B02,2021-08-27T07:45:00.580000+00:00,2021-08-27|LONDON,0,ACCEPT,-28.000000000005798
F05|2021-08-27T13:15:00.637000+00:00|1,F05,2021-08-27T13:15:00.637000+00:00,2021-08-27|LONDON_NY_OVERLAP,0,ACCEPT,-396.99999999999136
F05|2021-08-27T16:00:00.482000+00:00|-1,F05,2021-08-27T16:00:00.482000+00:00,2021-08-27|NEW_YORK,0,ACCEPT,-28.999999999996362
F05|2021-08-27T16:45:01.242000+00:00|-1,F05,2021-08-27T16:45:01.242000+00:00,2021-08-27|NEW_YORK,0,ACCEPT,51.9999999999925
F05|2021-08-27T19:30:00.213000+00:00|-1,F05,2021-08-27T19:30:00.213000+00:00,2021-08-27|NEW_YORK,0,ACCEPT,27.999999999991587
F05|2021-08-30T00:45:02.198000+00:00|-1,F05,2021-08-30T00:45:02.198000+00:00,2021-08-30|ASIA,0,ACCEPT,-99.99999999999432
B02|2021-08-30T11:45:13.728000+00:00|1,B02,2021-08-30T11:45:13.728000+00:00,2021-08-30|LONDON,1,ACCEPT,-1.9999999999953388
B02|2021-08-31T12:30:00.072000+00:00|-1,B02,2021-08-31T12:30:00.072000+00:00,2021-08-31|LONDON,0,ACCEPT,-85.99999999999852
F05|2021-08-31T12:30:00.072000+00:00|-1,F05,2021-08-31T12:30:00.072000+00:00,2021-08-31|LONDON,0,ACCEPT,-271.0000000000008
F05|2021-08-31T14:30:01.088000+00:00|-1,F05,2021-08-31T14:30:01.088000+00:00,2021-08-31|LONDON_NY_OVERLAP,1,ACCEPT,-385.0000000000051
F05|2021-08-31T15:15:00.032000+00:00|1,F05,2021-08-31T15:15:00.032000+00:00,2021-08-31|LONDON_NY_OVERLAP,1,ACCEPT,3.0000000000001137
F05|2021-08-31T15:45:00.143000+00:00|1,F05,2021-08-31T15:45:00.143000+00:00,2021-08-31|LONDON_NY_OVERLAP,1,ACCEPT,-58.9999999999975
F05|2021-09-01T00:15:01.351000+00:00|1,F05,2021-09-01T00:15:01.351000+00:00,2021-09-01|ASIA,0,ACCEPT,257.99999999999557
F05|2021-09-01T05:15:14.811000+00:00|1,F05,2021-09-01T05:15:14.811000+00:00,2021-09-01|ASIA,0,ACCEPT,-203.00000000000296
F05|2021-09-01T05:45:10.796000+00:00|1,F05,2021-09-01T05:45:10.796000+00:00,2021-09-01|ASIA,0,ACCEPT,-318.9999999999884
B02|2021-09-01T07:15:00.151000+00:00|1,B02,2021-09-01T07:15:00.151000+00:00,2021-09-01|LONDON,0,ACCEPT,-4.9999999999954525
F05|2021-09-01T07:15:00.151000+00:00|1,F05,2021-09-01T07:15:00.151000+00:00,2021-09-01|LONDON,0,ACCEPT,-271.0000000000008
F05|2021-09-01T07:45:00.378000+00:00|1,F05,2021-09-01T07:45:00.378000+00:00,2021-09-01|LONDON,0,ACCEPT,-356.9999999999993
B02|2021-09-01T13:00:00.027000+00:00|-1,B02,2021-09-01T13:00:00.027000+00:00,2021-09-01|LONDON_NY_OVERLAP,0,ACCEPT,-48.99999999999238
F05|2021-09-03T01:00:00.667000+00:00|-1,F05,2021-09-03T01:00:00.667000+00:00,2021-09-03|ASIA,0,ACCEPT,-87.99999999999386
F05|2021-09-03T14:45:00.424000+00:00|-1,F05,2021-09-03T14:45:00.424000+00:00,2021-09-03|LONDON_NY_OVERLAP,0,ACCEPT,-126.99999999999534
B02|2021-09-06T07:15:00.053000+00:00|1,B02,2021-09-06T07:15:00.053000+00:00,2021-09-06|LONDON,0,ACCEPT,0.0
F05|2021-09-07T03:00:00.233000+00:00|-1,F05,2021-09-07T03:00:00.233000+00:00,2021-09-07|ASIA,0,ACCEPT,-207.00000000000784
B02|2021-09-07T08:15:01.243000+00:00|1,B02,2021-09-07T08:15:01.243000+00:00,2021-09-07|LONDON,0,ACCEPT,313.0000000000024
F05|2021-09-07T08:15:01.243000+00:00|1,F05,2021-09-07T08:15:01.243000+00:00,2021-09-07|LONDON,0,ACCEPT,206.99999999999363
F05|2021-09-07T12:00:00.071000+00:00|1,F05,2021-09-07T12:00:00.071000+00:00,2021-09-07|LONDON,1,ACCEPT,262.00000000000045
F05|2021-09-07T13:00:00.069000+00:00|1,F05,2021-09-07T13:00:00.069000+00:00,2021-09-07|LONDON_NY_OVERLAP,0,ACCEPT,182.00000000000216
F05|2021-09-07T14:15:00.295000+00:00|1,F05,2021-09-07T14:15:00.295000+00:00,2021-09-07|LONDON_NY_OVERLAP,0,ACCEPT,84.00000000000318
F05|2021-09-07T15:30:00.015000+00:00|1,F05,2021-09-07T15:30:00.015000+00:00,2021-09-07|LONDON_NY_OVERLAP,0,ACCEPT,51.9999999999925
F05|2021-09-07T19:00:00.058000+00:00|1,F05,2021-09-07T19:00:00.058000+00:00,2021-09-07|NEW_YORK,0,ACCEPT,-16.999999999995907
F05|2021-09-07T19:45:17.936000+00:00|1,F05,2021-09-07T19:45:17.936000+00:00,2021-09-07|NEW_YORK,0,ACCEPT,-6.000000000000227
F05|2021-09-08T00:15:02.770000+00:00|1,F05,2021-09-08T00:15:02.770000+00:00,2021-09-08|ASIA,0,ACCEPT,-132.99999999999557
F05|2021-09-08T05:30:00.172000+00:00|1,F05,2021-09-08T05:30:00.172000+00:00,2021-09-08|ASIA,2,BLOCK,-103.9999999999992
B02|2021-09-08T07:30:01.507000+00:00|-1,B02,2021-09-08T07:30:01.507000+00:00,2021-09-08|LONDON,0,ACCEPT,-20.000000000010232
F05|2021-09-09T02:15:00.350000+00:00|-1,F05,2021-09-09T02:15:00.350000+00:00,2021-09-09|ASIA,0,ACCEPT,207.00000000000784
F05|2021-09-09T06:15:00.129000+00:00|-1,F05,2021-09-09T06:15:00.129000+00:00,2021-09-09|ASIA,0,ACCEPT,221.00000000000364
B02|2021-09-09T07:15:00.093000+00:00|-1,B02,2021-09-09T07:15:00.093000+00:00,2021-09-09|LONDON,0,ACCEPT,280.00000000000114
F05|2021-09-09T07:15:00.093000+00:00|-1,F05,2021-09-09T07:15:00.093000+00:00,2021-09-09|LONDON,0,ACCEPT,192.99999999999784
F05|2021-09-09T08:15:01.861000+00:00|-1,F05,2021-09-09T08:15:01.861000+00:00,2021-09-09|LONDON,0,ACCEPT,105.99999999999454
F05|2021-09-09T12:00:00.103000+00:00|-1,F05,2021-09-09T12:00:00.103000+00:00,2021-09-09|LONDON,0,ACCEPT,161.00000000000136
F05|2021-09-09T13:15:00.322000+00:00|-1,F05,2021-09-09T13:15:00.322000+00:00,2021-09-09|LONDON_NY_OVERLAP,0,ACCEPT,67.00000000000728
F05|2021-09-09T15:30:00.200000+00:00|-1,F05,2021-09-09T15:30:00.200000+00:00,2021-09-09|LONDON_NY_OVERLAP,0,ACCEPT,-22.00000000000557
F05|2021-09-09T16:30:00.094000+00:00|-1,F05,2021-09-09T16:30:00.094000+00:00,2021-09-09|NEW_YORK,0,ACCEPT,-13.999999999995794
B02|2021-09-10T07:30:01.159000+00:00|1,B02,2021-09-10T07:30:01.159000+00:00,2021-09-10|LONDON,0,ACCEPT,-86.99999999998909
F05|2021-09-13T05:30:00.294000+00:00|1,F05,2021-09-13T05:30:00.294000+00:00,2021-09-13|ASIA,0,ACCEPT,3.0000000000001137
F05|2021-09-13T06:00:00.420000+00:00|1,F05,2021-09-13T06:00:00.420000+00:00,2021-09-13|ASIA,0,ACCEPT,-85.00000000000796
B02|2021-09-13T07:15:00.274000+00:00|1,B02,2021-09-13T07:15:00.274000+00:00,2021-09-13|LONDON,0,ACCEPT,-132.000000000005
F05|2021-09-13T07:15:00.274000+00:00|1,F05,2021-09-13T07:15:00.274000+00:00,2021-09-13|LONDON,0,ACCEPT,-201.00000000000762
B02|2021-09-14T11:00:00.083000+00:00|1,B02,2021-09-14T11:00:00.083000+00:00,2021-09-14|LONDON,0,ACCEPT,-402.9999999999916
F05|2021-09-14T11:00:00.083000+00:00|1,F05,2021-09-14T11:00:00.083000+00:00,2021-09-14|LONDON,0,ACCEPT,-509.9999999999909
B02|2021-09-14T13:00:00.374000+00:00|-1,B02,2021-09-14T13:00:00.374000+00:00,2021-09-14|LONDON_NY_OVERLAP,0,ACCEPT,-12.999999999991019
F05|2021-09-14T13:00:00.374000+00:00|-1,F05,2021-09-14T13:00:00.374000+00:00,2021-09-14|LONDON_NY_OVERLAP,0,ACCEPT,180.00000000000682
F05|2021-09-14T14:15:00.246000+00:00|-1,F05,2021-09-14T14:15:00.246000+00:00,2021-09-14|LONDON_NY_OVERLAP,1,ACCEPT,57.999999999992724
F05|2021-09-14T17:30:01.268000+00:00|-1,F05,2021-09-14T17:30:01.268000+00:00,2021-09-14|NEW_YORK,0,ACCEPT,-81.99999999999363
F05|2021-09-15T06:15:01.799000+00:00|-1,F05,2021-09-15T06:15:01.799000+00:00,2021-09-15|ASIA,1,ACCEPT,239.00000000000432
F05|2021-09-15T06:45:03.918000+00:00|-1,F05,2021-09-15T06:45:03.918000+00:00,2021-09-15|ASIA,1,ACCEPT,214.9999999999892
B02|2021-09-15T08:00:00.978000+00:00|-1,B02,2021-09-15T08:00:00.978000+00:00,2021-09-15|LONDON,0,ACCEPT,78.00000000000296
F05|2021-09-15T08:00:00.978000+00:00|-1,F05,2021-09-15T08:00:00.978000+00:00,2021-09-15|LONDON,0,ACCEPT,36.000000000001364
F05|2021-09-15T08:45:00.480000+00:00|-1,F05,2021-09-15T08:45:00.480000+00:00,2021-09-15|LONDON,0,ACCEPT,-48.00000000000182
F05|2021-09-15T11:00:00.806000+00:00|-1,F05,2021-09-15T11:00:00.806000+00:00,2021-09-15|LONDON,0,ACCEPT,-141.9999999999959
F05|2021-09-15T12:15:00.071000+00:00|-1,F05,2021-09-15T12:15:00.071000+00:00,2021-09-15|LONDON,0,ACCEPT,-186.00000000000705
B02|2021-09-16T12:45:00.066000+00:00|1,B02,2021-09-16T12:45:00.066000+00:00,2021-09-16|LONDON,0,ACCEPT,165.99999999999682
F05|2021-09-16T12:45:00.066000+00:00|1,F05,2021-09-16T12:45:00.066000+00:00,2021-09-16|LONDON,0,ACCEPT,108.99999999999466
F05|2021-09-17T01:45:10.185000+00:00|1,F05,2021-09-17T01:45:10.185000+00:00,2021-09-17|ASIA,0,ACCEPT,140.00000000000057
B02|2021-09-17T07:45:02.145000+00:00|1,B02,2021-09-17T07:45:02.145000+00:00,2021-09-17|LONDON,0,ACCEPT,-6.999999999990791
F05|2021-09-17T07:45:02.145000+00:00|1,F05,2021-09-17T07:45:02.145000+00:00,2021-09-17|LONDON,0,ACCEPT,-4.9999999999954525
F05|2021-09-17T08:45:00.395000+00:00|1,F05,2021-09-17T08:45:00.395000+00:00,2021-09-17|LONDON,1,ACCEPT,23.000000000010346
F05|2021-09-17T12:15:04.489000+00:00|1,F05,2021-09-17T12:15:04.489000+00:00,2021-09-17|LONDON,0,ACCEPT,-69.00000000000261
F05|2021-09-17T13:15:00.024000+00:00|1,F05,2021-09-17T13:15:00.024000+00:00,2021-09-17|LONDON_NY_OVERLAP,0,ACCEPT,-144.99999999999602
B02|2021-09-20T07:15:00.450000+00:00|-1,B02,2021-09-20T07:15:00.450000+00:00,2021-09-20|LONDON,0,ACCEPT,-22.999999999996135
F05|2021-09-20T07:15:00.450000+00:00|-1,F05,2021-09-20T07:15:00.450000+00:00,2021-09-20|LONDON,0,ACCEPT,257.000000000005
F05|2021-09-20T08:15:01.157000+00:00|-1,F05,2021-09-20T08:15:01.157000+00:00,2021-09-20|LONDON,1,ACCEPT,258.0000000000098
F05|2021-09-20T10:45:02.041000+00:00|-1,F05,2021-09-20T10:45:02.041000+00:00,2021-09-20|LONDON,1,ACCEPT,207.9999999999984
F05|2021-09-20T12:15:00.724000+00:00|-1,F05,2021-09-20T12:15:00.724000+00:00,2021-09-20|LONDON,1,ACCEPT,60.99999999999284
F05|2021-09-20T16:45:00.112000+00:00|-1,F05,2021-09-20T16:45:00.112000+00:00,2021-09-20|NEW_YORK,0,ACCEPT,-152.00000000000102
F05|2021-09-20T17:15:02.333000+00:00|-1,F05,2021-09-20T17:15:02.333000+00:00,2021-09-20|NEW_YORK,0,ACCEPT,-200.00000000000284
F05|2021-09-20T18:45:04.187000+00:00|-1,F05,2021-09-20T18:45:04.187000+00:00,2021-09-20|NEW_YORK,0,ACCEPT,-233.99999999999466
B02|2021-09-21T07:15:01.914000+00:00|1,B02,2021-09-21T07:15:01.914000+00:00,2021-09-21|LONDON,0,ACCEPT,-4.0000000000048885
B02|2021-09-21T11:45:02.454000+00:00|-1,B02,2021-09-21T11:45:02.454000+00:00,2021-09-21|LONDON,1,ACCEPT,-16.999999999995907
F05|2021-09-21T13:00:00.028000+00:00|-1,F05,2021-09-21T13:00:00.028000+00:00,2021-09-21|LONDON_NY_OVERLAP,0,ACCEPT,54.99999999999261
F05|2021-09-22T18:45:00.169000+00:00|1,F05,2021-09-22T18:45:00.169000+00:00,2021-09-22|NEW_YORK,0,ACCEPT,85.99999999999852
F05|2021-09-23T02:15:44.173000+00:00|1,F05,2021-09-23T02:15:44.173000+00:00,2021-09-23|ASIA,0,ACCEPT,-60.000000000002274
B02|2021-09-23T07:15:00.083000+00:00|1,B02,2021-09-23T07:15:00.083000+00:00,2021-09-23|LONDON,0,ACCEPT,-1.0000000000047748
F05|2021-09-23T07:15:00.083000+00:00|1,F05,2021-09-23T07:15:00.083000+00:00,2021-09-23|LONDON,0,ACCEPT,221.9999999999942
F05|2021-09-23T09:15:01.187000+00:00|1,F05,2021-09-23T09:15:01.187000+00:00,2021-09-23|LONDON,1,ACCEPT,171.99999999999704
F05|2021-09-23T12:00:00+00:00|1,F05,2021-09-23T12:00:00+00:00,2021-09-23|LONDON,2,BLOCK,237.00000000000898
F05|2021-09-23T13:00:00.082000+00:00|1,F05,2021-09-23T13:00:00.082000+00:00,2021-09-23|LONDON_NY_OVERLAP,0,ACCEPT,242.00000000000443
F05|2021-09-23T15:15:07.830000+00:00|1,F05,2021-09-23T15:15:07.830000+00:00,2021-09-23|LONDON_NY_OVERLAP,0,ACCEPT,108.99999999999466
F05|2021-09-23T18:30:09.864000+00:00|1,F05,2021-09-23T18:30:09.864000+00:00,2021-09-23|NEW_YORK,0,ACCEPT,152.00000000000102
F05|2021-09-23T19:45:01.234000+00:00|1,F05,2021-09-23T19:45:01.234000+00:00,2021-09-23|NEW_YORK,0,ACCEPT,112.99999999999955
F05|2021-09-24T00:30:00.221000+00:00|1,F05,2021-09-24T00:30:00.221000+00:00,2021-09-24|ASIA,0,ACCEPT,-44.00000000001114
F05|2021-09-24T03:30:00.798000+00:00|1,F05,2021-09-24T03:30:00.798000+00:00,2021-09-24|ASIA,0,ACCEPT,73.99999999999807
F05|2021-09-24T05:45:01.625000+00:00|1,F05,2021-09-24T05:45:01.625000+00:00,2021-09-24|ASIA,0,ACCEPT,206.99999999999363
F05|2021-09-24T07:00:00.104000+00:00|1,F05,2021-09-24T07:00:00.104000+00:00,2021-09-24|LONDON,0,ACCEPT,148.00000000001035
F05|2021-09-24T13:15:00.136000+00:00|1,F05,2021-09-24T13:15:00.136000+00:00,2021-09-24|LONDON_NY_OVERLAP,0,ACCEPT,125.0
F05|2021-09-24T14:15:00.093000+00:00|1,F05,2021-09-24T14:15:00.093000+00:00,2021-09-24|LONDON_NY_OVERLAP,0,ACCEPT,75.00000000000284
F05|2021-09-24T17:00:07.533000+00:00|1,F05,2021-09-24T17:00:07.533000+00:00,2021-09-24|NEW_YORK,0,ACCEPT,-21.000000000000796
F05|2021-09-24T18:45:00.126000+00:00|1,F05,2021-09-24T18:45:00.126000+00:00,2021-09-24|NEW_YORK,0,ACCEPT,-153.99999999999636
B02|2021-09-27T08:30:03.193000+00:00|1,B02,2021-09-27T08:30:03.193000+00:00,2021-09-27|LONDON,0,ACCEPT,128.0000000000001
F05|2021-09-27T08:30:03.193000+00:00|1,F05,2021-09-27T08:30:03.193000+00:00,2021-09-27|LONDON,0,ACCEPT,56.000000000011596
F05|2021-09-27T11:30:01.379000+00:00|1,F05,2021-09-27T11:30:01.379000+00:00,2021-09-27|LONDON,0,ACCEPT,12.000000000000455
F05|2021-09-28T01:30:00.075000+00:00|1,F05,2021-09-28T01:30:00.075000+00:00,2021-09-28|ASIA,0,ACCEPT,189.00000000000716
F05|2021-09-28T03:00:02.369000+00:00|1,F05,2021-09-28T03:00:02.369000+00:00,2021-09-28|ASIA,0,ACCEPT,262.00000000000045
F05|2021-09-28T03:30:00.940000+00:00|1,F05,2021-09-28T03:30:00.940000+00:00,2021-09-28|ASIA,0,ACCEPT,245.9999999999951
F05|2021-09-28T06:30:00.621000+00:00|1,F05,2021-09-28T06:30:00.621000+00:00,2021-09-28|ASIA,0,ACCEPT,-37.00000000000614
B02|2021-09-28T10:45:04.510000+00:00|1,B02,2021-09-28T10:45:04.510000+00:00,2021-09-28|LONDON,0,ACCEPT,-11.00000000000989
F05|2021-09-28T11:00:00.663000+00:00|1,F05,2021-09-28T11:00:00.663000+00:00,2021-09-28|LONDON,0,ACCEPT,145.00000000001023
F05|2021-09-28T12:15:00.211000+00:00|1,F05,2021-09-28T12:15:00.211000+00:00,2021-09-28|LONDON,1,ACCEPT,46.00000000000648
F05|2021-09-29T01:00:00.076000+00:00|1,F05,2021-09-29T01:00:00.076000+00:00,2021-09-29|ASIA,0,ACCEPT,-331.99999999999363
B02|2021-09-29T07:30:00.982000+00:00|-1,B02,2021-09-29T07:30:00.982000+00:00,2021-09-29|LONDON,0,ACCEPT,-19.99999999999602
F05|2021-09-29T08:30:00.277000+00:00|-1,F05,2021-09-29T08:30:00.277000+00:00,2021-09-29|LONDON,0,ACCEPT,-661.9999999999919
F05|2021-09-29T14:15:00.172000+00:00|1,F05,2021-09-29T14:15:00.172000+00:00,2021-09-29|LONDON_NY_OVERLAP,0,ACCEPT,225.9999999999991
F05|2021-09-29T17:00:00.112000+00:00|1,F05,2021-09-29T17:00:00.112000+00:00,2021-09-29|NEW_YORK,1,ACCEPT,-64.99999999999773
B02|2021-09-30T07:15:00.020000+00:00|1,B02,2021-09-30T07:15:00.020000+00:00,2021-09-30|LONDON,0,ACCEPT,-670.0000000000017
F05|2021-09-30T15:00:00.083000+00:00|-1,F05,2021-09-30T15:00:00.083000+00:00,2021-09-30|LONDON_NY_OVERLAP,0,ACCEPT,225.00000000000853
F05|2021-09-30T17:30:03.328000+00:00|-1,F05,2021-09-30T17:30:03.328000+00:00,2021-09-30|NEW_YORK,0,ACCEPT,85.99999999999852
F05|2021-10-01T04:00:00.279000+00:00|-1,F05,2021-10-01T04:00:00.279000+00:00,2021-10-01|ASIA,0,ACCEPT,-7.999999999995566
F05|2021-10-01T07:00:00.068000+00:00|-1,F05,2021-10-01T07:00:00.068000+00:00,2021-10-01|LONDON,0,ACCEPT,155.00000000000114
B02|2021-10-01T12:45:00.625000+00:00|-1,B02,2021-10-01T12:45:00.625000+00:00,2021-10-01|LONDON,1,ACCEPT,-40.99999999999682
F05|2021-10-01T12:45:00.625000+00:00|-1,F05,2021-10-01T12:45:00.625000+00:00,2021-10-01|LONDON,1,ACCEPT,-45.99999999999227
F05|2021-10-01T14:00:00.033000+00:00|-1,F05,2021-10-01T14:00:00.033000+00:00,2021-10-01|LONDON_NY_OVERLAP,1,ACCEPT,-27.999999999991587
B02|2021-10-04T07:30:00.258000+00:00|1,B02,2021-10-04T07:30:00.258000+00:00,2021-10-04|LONDON,0,ACCEPT,-12.000000000000455
F05|2021-10-04T11:00:00.370000+00:00|1,F05,2021-10-04T11:00:00.370000+00:00,2021-10-04|LONDON,1,ACCEPT,-393.0000000000007
B02|2021-10-05T07:15:00.820000+00:00|1,B02,2021-10-05T07:15:00.820000+00:00,2021-10-05|LONDON,0,ACCEPT,269.999999999996
F05|2021-10-05T11:30:00.915000+00:00|1,F05,2021-10-05T11:30:00.915000+00:00,2021-10-05|LONDON,0,ACCEPT,219.99999999999886
F05|2021-10-05T13:15:00.207000+00:00|1,F05,2021-10-05T13:15:00.207000+00:00,2021-10-05|LONDON_NY_OVERLAP,0,ACCEPT,121.99999999999989
F05|2021-10-05T14:15:01.100000+00:00|1,F05,2021-10-05T14:15:01.100000+00:00,2021-10-05|LONDON_NY_OVERLAP,0,ACCEPT,7.999999999995566
F05|2021-10-05T14:45:00.205000+00:00|1,F05,2021-10-05T14:45:00.205000+00:00,2021-10-05|LONDON_NY_OVERLAP,0,ACCEPT,1.0000000000047748
F05|2021-10-06T00:15:00.065000+00:00|1,F05,2021-10-06T00:15:00.065000+00:00,2021-10-06|ASIA,0,ACCEPT,19.99999999999602
F05|2021-10-06T04:15:00.109000+00:00|1,F05,2021-10-06T04:15:00.109000+00:00,2021-10-06|ASIA,0,ACCEPT,-377.00000000000955
B02|2021-10-06T10:15:04.819000+00:00|-1,B02,2021-10-06T10:15:04.819000+00:00,2021-10-06|LONDON,0,ACCEPT,-24.00000000000091
B02|2021-10-07T07:30:01.247000+00:00|-1,B02,2021-10-07T07:30:01.247000+00:00,2021-10-07|LONDON,0,ACCEPT,-365.0000000000091
F05|2021-10-07T13:15:00.483000+00:00|1,F05,2021-10-07T13:15:00.483000+00:00,2021-10-07|LONDON_NY_OVERLAP,0,ACCEPT,84.99999999999375
F05|2021-10-07T16:30:00.131000+00:00|1,F05,2021-10-07T16:30:00.131000+00:00,2021-10-07|NEW_YORK,0,ACCEPT,141.9999999999959
F05|2021-10-07T18:45:56.676000+00:00|1,F05,2021-10-07T18:45:56.676000+00:00,2021-10-07|NEW_YORK,0,ACCEPT,226.99999999998965
F05|2021-10-08T00:30:06.168000+00:00|1,F05,2021-10-08T00:30:06.168000+00:00,2021-10-08|ASIA,0,ACCEPT,253.0000000000001
F05|2021-10-08T01:15:00.079000+00:00|1,F05,2021-10-08T01:15:00.079000+00:00,2021-10-08|ASIA,0,ACCEPT,94.99999999999886
F05|2021-10-08T02:30:00.666000+00:00|1,F05,2021-10-08T02:30:00.666000+00:00,2021-10-08|ASIA,0,ACCEPT,-9.000000000000341
F05|2021-10-08T05:00:02.777000+00:00|1,F05,2021-10-08T05:00:02.777000+00:00,2021-10-08|ASIA,0,ACCEPT,-331.00000000000307
B02|2021-10-08T07:15:00.418000+00:00|1,B02,2021-10-08T07:15:00.418000+00:00,2021-10-08|LONDON,0,ACCEPT,0.0
F05|2021-10-08T07:15:00.418000+00:00|1,F05,2021-10-08T07:15:00.418000+00:00,2021-10-08|LONDON,0,ACCEPT,73.0000000000075
B02|2021-10-08T12:45:00.083000+00:00|-1,B02,2021-10-08T12:45:00.083000+00:00,2021-10-08|LONDON,1,ACCEPT,-671.999999999997
F05|2021-10-08T15:00:00.017000+00:00|1,F05,2021-10-08T15:00:00.017000+00:00,2021-10-08|LONDON_NY_OVERLAP,1,ACCEPT,231.99999999999932
F05|2021-10-08T15:30:00.423000+00:00|1,F05,2021-10-08T15:30:00.423000+00:00,2021-10-08|LONDON_NY_OVERLAP,0,ACCEPT,149.0000000000009
F05|2021-10-08T16:30:00.062000+00:00|1,F05,2021-10-08T16:30:00.062000+00:00,2021-10-08|NEW_YORK,0,ACCEPT,-6.999999999990791
F05|2021-10-08T17:15:02.528000+00:00|1,F05,2021-10-08T17:15:02.528000+00:00,2021-10-08|NEW_YORK,0,ACCEPT,72.00000000000273
F05|2021-10-11T01:30:00.051000+00:00|1,F05,2021-10-11T01:30:00.051000+00:00,2021-10-11|ASIA,0,ACCEPT,620.0000000000045
F05|2021-10-11T02:30:13.474000+00:00|1,F05,2021-10-11T02:30:13.474000+00:00,2021-10-11|ASIA,0,ACCEPT,448.0000000000075
F05|2021-10-11T06:00:00.030000+00:00|1,F05,2021-10-11T06:00:00.030000+00:00,2021-10-11|ASIA,0,ACCEPT,368.0000000000092
B02|2021-10-11T07:15:03.001000+00:00|1,B02,2021-10-11T07:15:03.001000+00:00,2021-10-11|LONDON,0,ACCEPT,515.0000000000006
F05|2021-10-11T07:15:03.001000+00:00|1,F05,2021-10-11T07:15:03.001000+00:00,2021-10-11|LONDON,0,ACCEPT,450.00000000000284
F05|2021-10-11T08:15:00.407000+00:00|1,F05,2021-10-11T08:15:00.407000+00:00,2021-10-11|LONDON,0,ACCEPT,471.00000000000364
F05|2021-10-11T09:30:03.845000+00:00|1,F05,2021-10-11T09:30:03.845000+00:00,2021-10-11|LONDON,0,ACCEPT,309.0000000000117
F05|2021-10-11T12:30:00.559000+00:00|1,F05,2021-10-11T12:30:00.559000+00:00,2021-10-11|LONDON,0,ACCEPT,250.99999999999056
F05|2021-10-11T14:45:00.513000+00:00|1,F05,2021-10-11T14:45:00.513000+00:00,2021-10-11|LONDON_NY_OVERLAP,0,ACCEPT,96.00000000000364
F05|2021-10-11T16:00:01.811000+00:00|1,F05,2021-10-11T16:00:01.811000+00:00,2021-10-11|NEW_YORK,0,ACCEPT,18.000000000000682
F05|2021-10-12T00:15:00.545000+00:00|1,F05,2021-10-12T00:15:00.545000+00:00,2021-10-12|ASIA,0,ACCEPT,-173.00000000000182
B02|2021-10-12T12:30:00.066000+00:00|1,B02,2021-10-12T12:30:00.066000+00:00,2021-10-12|LONDON,1,ACCEPT,-52.99999999999727
F05|2021-10-12T12:30:00.066000+00:00|1,F05,2021-10-12T12:30:00.066000+00:00,2021-10-12|LONDON,1,ACCEPT,72.00000000000273
B02|2021-10-13T07:30:00.052000+00:00|1,B02,2021-10-13T07:30:00.052000+00:00,2021-10-13|LONDON,0,ACCEPT,-295.99999999999227
F05|2021-10-13T14:30:00.023000+00:00|-1,F05,2021-10-13T14:30:00.023000+00:00,2021-10-13|LONDON_NY_OVERLAP,0,ACCEPT,84.99999999999375
F05|2021-10-14T13:45:00.037000+00:00|1,F05,2021-10-14T13:45:00.037000+00:00,2021-10-14|LONDON_NY_OVERLAP,0,ACCEPT,30.000000000001137
F05|2021-10-14T14:45:00.305000+00:00|1,F05,2021-10-14T14:45:00.305000+00:00,2021-10-14|LONDON_NY_OVERLAP,0,ACCEPT,18.999999999991246
F05|2021-10-15T04:45:25.309000+00:00|1,F05,2021-10-15T04:45:25.309000+00:00,2021-10-15|ASIA,0,ACCEPT,364.9999999999949
F05|2021-10-15T05:15:01.461000+00:00|1,F05,2021-10-15T05:15:01.461000+00:00,2021-10-15|ASIA,0,ACCEPT,453.00000000000296
B02|2021-10-15T08:45:00.827000+00:00|1,B02,2021-10-15T08:45:00.827000+00:00,2021-10-15|LONDON,0,ACCEPT,70.00000000000739
F05|2021-10-15T08:45:00.827000+00:00|1,F05,2021-10-15T08:45:00.827000+00:00,2021-10-15|LONDON,0,ACCEPT,21.000000000000796
F05|2021-10-15T13:00:00.100000+00:00|1,F05,2021-10-15T13:00:00.100000+00:00,2021-10-15|LONDON_NY_OVERLAP,0,ACCEPT,-237.99999999999955
F05|2021-10-19T06:15:02.318000+00:00|-1,F05,2021-10-19T06:15:02.318000+00:00,2021-10-19|ASIA,0,ACCEPT,-155.00000000000114
F05|2021-10-19T06:45:00.373000+00:00|-1,F05,2021-10-19T06:45:00.373000+00:00,2021-10-19|ASIA,0,ACCEPT,-275.99999999999625
B02|2021-10-19T09:00:00.799000+00:00|-1,B02,2021-10-19T09:00:00.799000+00:00,2021-10-19|LONDON,0,ACCEPT,-445.99999999999795
F05|2021-10-20T00:30:00.044000+00:00|1,F05,2021-10-20T00:30:00.044000+00:00,2021-10-20|ASIA,0,ACCEPT,-281.0000000000059
B02|2021-10-20T07:15:00.852000+00:00|-1,B02,2021-10-20T07:15:00.852000+00:00,2021-10-20|LONDON,0,ACCEPT,-21.99999999999136
F05|2021-10-20T17:00:00.276000+00:00|-1,F05,2021-10-20T17:00:00.276000+00:00,2021-10-20|NEW_YORK,0,ACCEPT,-189.99999999999773
F05|2021-10-21T04:15:03.969000+00:00|-1,F05,2021-10-21T04:15:03.969000+00:00,2021-10-21|ASIA,1,ACCEPT,-101.99999999998965
F05|2021-10-21T06:45:00.151000+00:00|-1,F05,2021-10-21T06:45:00.151000+00:00,2021-10-21|ASIA,1,ACCEPT,19.99999999999602
F05|2021-10-21T13:30:02.521000+00:00|-1,F05,2021-10-21T13:30:02.521000+00:00,2021-10-21|LONDON_NY_OVERLAP,0,ACCEPT,-224.99999999999432
B02|2021-10-22T10:15:00.767000+00:00|-1,B02,2021-10-22T10:15:00.767000+00:00,2021-10-22|LONDON,0,ACCEPT,-39.99999999999204
F05|2021-10-22T14:30:00.029000+00:00|-1,F05,2021-10-22T14:30:00.029000+00:00,2021-10-22|LONDON_NY_OVERLAP,0,ACCEPT,78.00000000000296
F05|2021-10-22T16:00:00.305000+00:00|-1,F05,2021-10-22T16:00:00.305000+00:00,2021-10-22|NEW_YORK,0,ACCEPT,-113.99999999999011
F05|2021-10-22T16:30:00.084000+00:00|-1,F05,2021-10-22T16:30:00.084000+00:00,2021-10-22|NEW_YORK,0,ACCEPT,-64.00000000000716
F05|2021-10-22T19:00:00.082000+00:00|-1,F05,2021-10-22T19:00:00.082000+00:00,2021-10-22|NEW_YORK,0,ACCEPT,-339.9999999999892
B02|2021-10-25T13:00:00.634000+00:00|1,B02,2021-10-25T13:00:00.634000+00:00,2021-10-25|LONDON_NY_OVERLAP,0,ACCEPT,-36.99999999999193
F05|2021-10-25T13:00:00.634000+00:00|1,F05,2021-10-25T13:00:00.634000+00:00,2021-10-25|LONDON_NY_OVERLAP,0,ACCEPT,-185.99999999999284
F05|2021-10-26T03:00:01.532000+00:00|1,F05,2021-10-26T03:00:01.532000+00:00,2021-10-26|ASIA,1,ACCEPT,87.99999999999386
F05|2021-10-26T05:15:04.542000+00:00|1,F05,2021-10-26T05:15:04.542000+00:00,2021-10-26|ASIA,1,ACCEPT,113.99999999999011
B02|2021-10-26T07:15:00.017000+00:00|1,B02,2021-10-26T07:15:00.017000+00:00,2021-10-26|LONDON,0,ACCEPT,-19.000000000005457
F05|2021-10-26T07:15:00.017000+00:00|1,F05,2021-10-26T07:15:00.017000+00:00,2021-10-26|LONDON,0,ACCEPT,207.9999999999984
F05|2021-10-26T07:45:00.231000+00:00|1,F05,2021-10-26T07:45:00.231000+00:00,2021-10-26|LONDON,0,ACCEPT,170.99999999999227
F05|2021-10-26T12:30:00.124000+00:00|1,F05,2021-10-26T12:30:00.124000+00:00,2021-10-26|LONDON,0,ACCEPT,14.000000000010004
F05|2021-10-26T13:45:00.218000+00:00|1,F05,2021-10-26T13:45:00.218000+00:00,2021-10-26|LONDON_NY_OVERLAP,0,ACCEPT,-49.000000000006594
F05|2021-10-26T14:15:01.757000+00:00|1,F05,2021-10-26T14:15:01.757000+00:00,2021-10-26|LONDON_NY_OVERLAP,0,ACCEPT,-54.99999999999261
B02|2021-10-27T07:45:00.156000+00:00|-1,B02,2021-10-27T07:45:00.156000+00:00,2021-10-27|LONDON,0,ACCEPT,7.999999999995566
F05|2021-10-27T07:45:00.156000+00:00|-1,F05,2021-10-27T07:45:00.156000+00:00,2021-10-27|LONDON,0,ACCEPT,-1.0000000000047748
F05|2021-10-27T09:15:00.300000+00:00|-1,F05,2021-10-27T09:15:00.300000+00:00,2021-10-27|LONDON,0,ACCEPT,-84.00000000000318
F05|2021-10-27T13:45:00.070000+00:00|-1,F05,2021-10-27T13:45:00.070000+00:00,2021-10-27|LONDON_NY_OVERLAP,0,ACCEPT,-406.9999999999965
F05|2021-10-28T15:30:00.003000+00:00|-1,F05,2021-10-28T15:30:00.003000+00:00,2021-10-28|LONDON_NY_OVERLAP,0,ACCEPT,-281.9999999999965
B02|2021-10-29T09:15:00.224000+00:00|1,B02,2021-10-29T09:15:00.224000+00:00,2021-10-29|LONDON,0,ACCEPT,-13.999999999995794
F05|2021-10-29T09:30:02.176000+00:00|1,F05,2021-10-29T09:30:02.176000+00:00,2021-10-29|LONDON,0,ACCEPT,162.00000000000614
F05|2021-10-29T11:30:00.282000+00:00|1,F05,2021-10-29T11:30:00.282000+00:00,2021-10-29|LONDON,1,ACCEPT,114.99999999999488
F05|2021-10-29T15:00:00.078000+00:00|1,F05,2021-10-29T15:00:00.078000+00:00,2021-10-29|LONDON_NY_OVERLAP,0,ACCEPT,114.99999999999488
F05|2021-11-01T04:30:08.532000+00:00|1,F05,2021-11-01T04:30:08.532000+00:00,2021-11-01|ASIA,0,ACCEPT,-93.99999999999409
F05|2021-11-01T07:00:00.123000+00:00|1,F05,2021-11-01T07:00:00.123000+00:00,2021-11-01|LONDON,0,ACCEPT,-183.9999999999975
B02|2021-11-01T07:45:00.875000+00:00|1,B02,2021-11-01T07:45:00.875000+00:00,2021-11-01|LONDON,0,ACCEPT,-10.99999999999568
F05|2021-11-01T07:45:00.875000+00:00|1,F05,2021-11-01T07:45:00.875000+00:00,2021-11-01|LONDON,0,ACCEPT,-203.00000000000296
F05|2021-11-02T03:45:00.223000+00:00|-1,F05,2021-11-02T03:45:00.223000+00:00,2021-11-02|ASIA,0,ACCEPT,259.00000000000034
F05|2021-11-02T04:45:00.301000+00:00|-1,F05,2021-11-02T04:45:00.301000+00:00,2021-11-02|ASIA,0,ACCEPT,-201.00000000000762
B02|2021-11-02T09:00:01.655000+00:00|-1,B02,2021-11-02T09:00:01.655000+00:00,2021-11-02|LONDON,0,ACCEPT,-456.99999999999363
F05|2021-11-02T09:00:01.655000+00:00|-1,F05,2021-11-02T09:00:01.655000+00:00,2021-11-02|LONDON,0,ACCEPT,-375.99999999999056
B02|2021-11-03T12:15:00.944000+00:00|-1,B02,2021-11-03T12:15:00.944000+00:00,2021-11-03|LONDON,0,ACCEPT,-325.9999999999934
F05|2021-11-03T14:15:00.600000+00:00|1,F05,2021-11-03T14:15:00.600000+00:00,2021-11-03|LONDON_NY_OVERLAP,0,ACCEPT,-100.99999999999909
B02|2021-11-04T07:15:00.321000+00:00|1,B02,2021-11-04T07:15:00.321000+00:00,2021-11-04|LONDON,0,ACCEPT,-481.9999999999993
F05|2021-11-04T07:15:00.321000+00:00|1,F05,2021-11-04T07:15:00.321000+00:00,2021-11-04|LONDON,0,ACCEPT,-625.0
B02|2021-11-04T08:45:00.131000+00:00|-1,B02,2021-11-04T08:45:00.131000+00:00,2021-11-04|LONDON,0,ACCEPT,-10.99999999999568
F05|2021-11-04T14:30:00.006000+00:00|-1,F05,2021-11-04T14:30:00.006000+00:00,2021-11-04|LONDON_NY_OVERLAP,0,ACCEPT,-67.99999999999784
B02|2021-11-05T10:15:01.892000+00:00|1,B02,2021-11-05T10:15:01.892000+00:00,2021-11-05|LONDON,0,ACCEPT,-6.000000000000227
F05|2021-11-05T15:45:00.371000+00:00|-1,F05,2021-11-05T15:45:00.371000+00:00,2021-11-05|LONDON_NY_OVERLAP,0,ACCEPT,-132.99999999999557
F05|2021-11-05T16:45:01.998000+00:00|-1,F05,2021-11-05T16:45:01.998000+00:00,2021-11-05|NEW_YORK,0,ACCEPT,-219.99999999999886
B02|2021-11-08T09:45:00.168000+00:00|-1,B02,2021-11-08T09:45:00.168000+00:00,2021-11-08|LONDON,0,ACCEPT,-43.00000000000637
F05|2021-11-08T14:15:00.016000+00:00|-1,F05,2021-11-08T14:15:00.016000+00:00,2021-11-08|LONDON_NY_OVERLAP,0,ACCEPT,-31.00000000000591
F05|2021-11-09T02:15:00.146000+00:00|-1,F05,2021-11-09T02:15:00.146000+00:00,2021-11-09|ASIA,0,ACCEPT,182.99999999999272
F05|2021-11-09T03:00:01.964000+00:00|-1,F05,2021-11-09T03:00:01.964000+00:00,2021-11-09|ASIA,0,ACCEPT,94.99999999999886
F05|2021-11-09T05:15:03.939000+00:00|-1,F05,2021-11-09T05:15:03.939000+00:00,2021-11-09|ASIA,0,ACCEPT,-322.9999999999933
B02|2021-11-10T07:15:00.367000+00:00|1,B02,2021-11-10T07:15:00.367000+00:00,2021-11-10|LONDON,0,ACCEPT,814.9999999999977
F05|2021-11-10T10:00:00.014000+00:00|1,F05,2021-11-10T10:00:00.014000+00:00,2021-11-10|LONDON,0,ACCEPT,709.0000000000032
F05|2021-11-10T12:45:00.212000+00:00|1,F05,2021-11-10T12:45:00.212000+00:00,2021-11-10|LONDON,0,ACCEPT,585.000000000008
F05|2021-11-10T13:45:00.100000+00:00|1,F05,2021-11-10T13:45:00.100000+00:00,2021-11-10|LONDON_NY_OVERLAP,0,ACCEPT,459.0000000000032
F05|2021-11-10T15:00:00.030000+00:00|1,F05,2021-11-10T15:00:00.030000+00:00,2021-11-10|LONDON_NY_OVERLAP,0,ACCEPT,221.00000000000364
F05|2021-11-10T17:15:03.825000+00:00|1,F05,2021-11-10T17:15:03.825000+00:00,2021-11-10|NEW_YORK,0,ACCEPT,71.00000000001216
F05|2021-11-11T01:15:00.204000+00:00|1,F05,2021-11-11T01:15:00.204000+00:00,2021-11-11|ASIA,0,ACCEPT,0.0
F05|2021-11-11T03:00:00.232000+00:00|1,F05,2021-11-11T03:00:00.232000+00:00,2021-11-11|ASIA,0,ACCEPT,-112.99999999999955
F05|2021-11-12T00:30:00.465000+00:00|1,F05,2021-11-12T00:30:00.465000+00:00,2021-11-12|ASIA,0,ACCEPT,-111.0000000000042
B02|2021-11-12T08:45:01.150000+00:00|-1,B02,2021-11-12T08:45:01.150000+00:00,2021-11-12|LONDON,1,ACCEPT,-28.999999999996362
F05|2021-11-12T15:15:00.093000+00:00|-1,F05,2021-11-12T15:15:00.093000+00:00,2021-11-12|LONDON_NY_OVERLAP,0,ACCEPT,-149.99999999999147
F05|2021-11-15T18:00:00.128000+00:00|1,F05,2021-11-15T18:00:00.128000+00:00,2021-11-15|NEW_YORK,0,ACCEPT,218.9999999999941
F05|2021-11-16T01:45:10.168000+00:00|1,F05,2021-11-16T01:45:10.168000+00:00,2021-11-16|ASIA,0,ACCEPT,-93.00000000000352
B02|2021-11-16T13:00:00.645000+00:00|1,B02,2021-11-16T13:00:00.645000+00:00,2021-11-16|LONDON_NY_OVERLAP,0,ACCEPT,482.00000000001353
F05|2021-11-16T13:00:00.645000+00:00|1,F05,2021-11-16T13:00:00.645000+00:00,2021-11-16|LONDON_NY_OVERLAP,0,ACCEPT,493.9999999999998
F05|2021-11-16T13:45:00.008000+00:00|1,F05,2021-11-16T13:45:00.008000+00:00,2021-11-16|LONDON_NY_OVERLAP,0,ACCEPT,402.000000000001
F05|2021-11-16T14:15:00.035000+00:00|1,F05,2021-11-16T14:15:00.035000+00:00,2021-11-16|LONDON_NY_OVERLAP,0,ACCEPT,305.0000000000068
F05|2021-11-16T15:00:00.288000+00:00|1,F05,2021-11-16T15:00:00.288000+00:00,2021-11-16|LONDON_NY_OVERLAP,0,ACCEPT,213.99999999999864
F05|2021-11-16T19:45:06.229000+00:00|1,F05,2021-11-16T19:45:06.229000+00:00,2021-11-16|NEW_YORK,0,ACCEPT,256.0000000000002
B02|2021-11-17T12:15:01.181000+00:00|-1,B02,2021-11-17T12:15:01.181000+00:00,2021-11-17|LONDON,0,ACCEPT,-64.99999999999773
F05|2021-11-17T17:00:00.109000+00:00|-1,F05,2021-11-17T17:00:00.109000+00:00,2021-11-17|NEW_YORK,0,ACCEPT,134.9999999999909
F05|2021-11-17T17:30:00.538000+00:00|-1,F05,2021-11-17T17:30:00.538000+00:00,2021-11-17|NEW_YORK,0,ACCEPT,191.99999999999307
F05|2021-11-18T02:15:00.573000+00:00|-1,F05,2021-11-18T02:15:00.573000+00:00,2021-11-18|ASIA,0,ACCEPT,-269.999999999996
B02|2021-11-19T08:30:02.871000+00:00|1,B02,2021-11-19T08:30:02.871000+00:00,2021-11-19|LONDON,0,ACCEPT,-296.0000000000065
B02|2021-11-19T09:30:00.503000+00:00|-1,B02,2021-11-19T09:30:00.503000+00:00,2021-11-19|LONDON,1,ACCEPT,156.99999999999648
F05|2021-11-19T09:45:00.110000+00:00|-1,F05,2021-11-19T09:45:00.110000+00:00,2021-11-19|LONDON,1,ACCEPT,-52.00000000000671
F05|2021-11-19T10:15:00.135000+00:00|-1,F05,2021-11-19T10:15:00.135000+00:00,2021-11-19|LONDON,1,ACCEPT,-82.99999999999841
F05|2021-11-19T12:15:00.848000+00:00|-1,F05,2021-11-19T12:15:00.848000+00:00,2021-11-19|LONDON,1,ACCEPT,-331.00000000000307
B02|2021-11-22T07:15:00.444000+00:00|1,B02,2021-11-22T07:15:00.444000+00:00,2021-11-22|LONDON,0,ACCEPT,-13.999999999995794
F05|2021-11-22T14:15:00.434000+00:00|1,F05,2021-11-22T14:15:00.434000+00:00,2021-11-22|LONDON_NY_OVERLAP,0,ACCEPT,344.99999999999886
F05|2021-11-22T16:45:00.125000+00:00|1,F05,2021-11-22T16:45:00.125000+00:00,2021-11-22|NEW_YORK,0,ACCEPT,-19.99999999999602
F05|2021-11-22T17:45:00.441000+00:00|1,F05,2021-11-22T17:45:00.441000+00:00,2021-11-22|NEW_YORK,0,ACCEPT,-33.00000000000125
F05|2021-11-22T18:45:01.157000+00:00|1,F05,2021-11-22T18:45:01.157000+00:00,2021-11-22|NEW_YORK,0,ACCEPT,126.99999999999534
F05|2021-11-23T02:15:00.034000+00:00|1,F05,2021-11-23T02:15:00.034000+00:00,2021-11-23|ASIA,2,BLOCK,-265.00000000000057
F05|2021-11-23T03:15:02.050000+00:00|1,F05,2021-11-23T03:15:02.050000+00:00,2021-11-23|ASIA,0,ACCEPT,-336.9999999999891
B02|2021-11-23T07:30:00.099000+00:00|-1,B02,2021-11-23T07:30:00.099000+00:00,2021-11-23|LONDON,0,ACCEPT,-18.000000000000682
B02|2021-11-24T08:15:01.658000+00:00|-1,B02,2021-11-24T08:15:01.658000+00:00,2021-11-24|LONDON,0,ACCEPT,-592.000000000013
F05|2021-11-24T14:15:00.499000+00:00|1,F05,2021-11-24T14:15:00.499000+00:00,2021-11-24|LONDON_NY_OVERLAP,0,ACCEPT,131.00000000000023
F05|2021-11-24T15:15:01.226000+00:00|1,F05,2021-11-24T15:15:01.226000+00:00,2021-11-24|LONDON_NY_OVERLAP,0,ACCEPT,43.99999999999693
B02|2021-11-25T12:15:04.172000+00:00|-1,B02,2021-11-25T12:15:04.172000+00:00,2021-11-25|LONDON,0,ACCEPT,353.9999999999992
F05|2021-11-26T06:30:01.656000+00:00|-1,F05,2021-11-26T06:30:01.656000+00:00,2021-11-26|ASIA,0,ACCEPT,832.0000000000078
B02|2021-11-26T07:30:00.236000+00:00|-1,B02,2021-11-26T07:30:00.236000+00:00,2021-11-26|LONDON,0,ACCEPT,1183.0000000000068
F05|2021-11-26T07:30:00.236000+00:00|-1,F05,2021-11-26T07:30:00.236000+00:00,2021-11-26|LONDON,0,ACCEPT,905.0000000000011
F05|2021-11-26T15:00:00.085000+00:00|-1,F05,2021-11-26T15:00:00.085000+00:00,2021-11-26|LONDON_NY_OVERLAP,0,ACCEPT,37.9999999999967
F05|2021-11-26T16:00:00.148000+00:00|-1,F05,2021-11-26T16:00:00.148000+00:00,2021-11-26|NEW_YORK,0,ACCEPT,-543.9999999999969
B02|2021-11-30T08:45:00.703000+00:00|-1,B02,2021-11-30T08:45:00.703000+00:00,2021-11-30|LONDON,0,ACCEPT,-147.99999999999613
F05|2021-11-30T08:45:00.703000+00:00|-1,F05,2021-11-30T08:45:00.703000+00:00,2021-11-30|LONDON,0,ACCEPT,-396.99999999999136
F05|2021-11-30T09:15:00.086000+00:00|-1,F05,2021-11-30T09:15:00.086000+00:00,2021-11-30|LONDON,0,ACCEPT,-361.0000000000042
F05|2021-11-30T15:00:00.095000+00:00|-1,F05,2021-11-30T15:00:00.095000+00:00,2021-11-30|LONDON_NY_OVERLAP,0,ACCEPT,-570.999999999998
B02|2021-12-02T07:15:00.246000+00:00|1,B02,2021-12-02T07:15:00.246000+00:00,2021-12-02|LONDON,0,ACCEPT,-4.0000000000048885
B02|2021-12-02T12:45:00.036000+00:00|-1,B02,2021-12-02T12:45:00.036000+00:00,2021-12-02|LONDON,1,ACCEPT,-329.9999999999983
F05|2021-12-03T07:00:00.066000+00:00|1,F05,2021-12-03T07:00:00.066000+00:00,2021-12-03|LONDON,0,ACCEPT,39.00000000000148
B02|2021-12-03T08:00:00.108000+00:00|1,B02,2021-12-03T08:00:00.108000+00:00,2021-12-03|LONDON,0,ACCEPT,-15.999999999991132
F05|2021-12-03T08:00:00.108000+00:00|1,F05,2021-12-03T08:00:00.108000+00:00,2021-12-03|LONDON,0,ACCEPT,-158.99999999999181
F05|2021-12-03T14:15:00.091000+00:00|1,F05,2021-12-03T14:15:00.091000+00:00,2021-12-03|LONDON_NY_OVERLAP,0,ACCEPT,-664.0000000000015
F05|2021-12-03T17:00:00.087000+00:00|-1,F05,2021-12-03T17:00:00.087000+00:00,2021-12-03|NEW_YORK,1,ACCEPT,-173.00000000000182
F05|2021-12-03T17:45:01.875000+00:00|-1,F05,2021-12-03T17:45:01.875000+00:00,2021-12-03|NEW_YORK,1,ACCEPT,-194.00000000000261
F05|2021-12-03T18:30:01.755000+00:00|-1,F05,2021-12-03T18:30:01.755000+00:00,2021-12-03|NEW_YORK,1,ACCEPT,-209.99999999999375
B02|2021-12-06T08:15:02.290000+00:00|1,B02,2021-12-06T08:15:02.290000+00:00,2021-12-06|LONDON,0,ACCEPT,-10.99999999999568
F05|2021-12-06T16:00:00.142000+00:00|1,F05,2021-12-06T16:00:00.142000+00:00,2021-12-06|NEW_YORK,0,ACCEPT,18.000000000000682
F05|2021-12-06T18:15:03.806000+00:00|1,F05,2021-12-06T18:15:03.806000+00:00,2021-12-06|NEW_YORK,0,ACCEPT,19.99999999999602
F05|2021-12-07T04:15:00.254000+00:00|1,F05,2021-12-07T04:15:00.254000+00:00,2021-12-07|ASIA,0,ACCEPT,-131.00000000000023
F05|2021-12-07T05:15:01.205000+00:00|1,F05,2021-12-07T05:15:01.205000+00:00,2021-12-07|ASIA,0,ACCEPT,-140.00000000000057
F05|2021-12-07T06:00:00.031000+00:00|1,F05,2021-12-07T06:00:00.031000+00:00,2021-12-07|ASIA,0,ACCEPT,33.999999999991815
F05|2021-12-07T14:00:00.033000+00:00|1,F05,2021-12-07T14:00:00.033000+00:00,2021-12-07|LONDON_NY_OVERLAP,0,ACCEPT,-203.00000000000296
B02|2021-12-08T07:30:00.415000+00:00|-1,B02,2021-12-08T07:30:00.415000+00:00,2021-12-08|LONDON,0,ACCEPT,-290.00000000000625
F05|2021-12-08T07:30:00.415000+00:00|-1,F05,2021-12-08T07:30:00.415000+00:00,2021-12-08|LONDON,0,ACCEPT,-442.99999999999784
B02|2021-12-08T08:45:02.276000+00:00|1,B02,2021-12-08T08:45:02.276000+00:00,2021-12-08|LONDON,0,ACCEPT,48.00000000000182
F05|2021-12-08T12:30:01.096000+00:00|1,F05,2021-12-08T12:30:01.096000+00:00,2021-12-08|LONDON,0,ACCEPT,-173.00000000000182
B02|2021-12-09T07:15:00.160000+00:00|-1,B02,2021-12-09T07:15:00.160000+00:00,2021-12-09|LONDON,0,ACCEPT,-1.9999999999953388
F05|2021-12-09T13:30:00.226000+00:00|-1,F05,2021-12-09T13:30:00.226000+00:00,2021-12-09|LONDON_NY_OVERLAP,0,ACCEPT,-138.00000000000523
B02|2021-12-10T07:30:00.101000+00:00|1,B02,2021-12-10T07:30:00.101000+00:00,2021-12-10|LONDON,0,ACCEPT,-135.99999999999568
F05|2021-12-10T09:00:00.116000+00:00|1,F05,2021-12-10T09:00:00.116000+00:00,2021-12-10|LONDON,0,ACCEPT,-314.9999999999977
F05|2021-12-10T11:00:00.084000+00:00|1,F05,2021-12-10T11:00:00.084000+00:00,2021-12-10|LONDON,0,ACCEPT,-341.99999999999875
F05|2021-12-10T15:15:00.099000+00:00|-1,F05,2021-12-10T15:15:00.099000+00:00,2021-12-10|LONDON_NY_OVERLAP,0,ACCEPT,-145.99999999998658
F05|2021-12-10T16:15:00.120000+00:00|-1,F05,2021-12-10T16:15:00.120000+00:00,2021-12-10|NEW_YORK,0,ACCEPT,-272.99999999999613
B02|2021-12-13T08:15:00.064000+00:00|1,B02,2021-12-13T08:15:00.064000+00:00,2021-12-13|LONDON,0,ACCEPT,-49.99999999999716
B02|2021-12-14T07:45:01.394000+00:00|1,B02,2021-12-14T07:45:01.394000+00:00,2021-12-14|LONDON,0,ACCEPT,-12.000000000000455
F05|2021-12-15T00:15:02.677000+00:00|1,F05,2021-12-15T00:15:02.677000+00:00,2021-12-15|ASIA,0,ACCEPT,-54.99999999999261
B02|2021-12-15T11:00:00.129000+00:00|1,B02,2021-12-15T11:00:00.129000+00:00,2021-12-15|LONDON,1,ACCEPT,-6.999999999990791
F05|2021-12-15T11:00:00.129000+00:00|1,F05,2021-12-15T11:00:00.129000+00:00,2021-12-15|LONDON,1,ACCEPT,70.00000000000739
F05|2021-12-15T13:00:00.271000+00:00|1,F05,2021-12-15T13:00:00.271000+00:00,2021-12-15|LONDON_NY_OVERLAP,0,ACCEPT,158.99999999999181
F05|2021-12-15T18:00:00.010000+00:00|1,F05,2021-12-15T18:00:00.010000+00:00,2021-12-15|NEW_YORK,0,ACCEPT,191.0000000000025
F05|2021-12-15T18:45:01.475000+00:00|1,F05,2021-12-15T18:45:01.475000+00:00,2021-12-15|NEW_YORK,0,ACCEPT,120.00000000000455
F05|2021-12-15T19:15:01.393000+00:00|1,F05,2021-12-15T19:15:01.393000+00:00,2021-12-15|NEW_YORK,0,ACCEPT,-27.000000000001023
F05|2021-12-16T15:00:00.181000+00:00|-1,F05,2021-12-16T15:00:00.181000+00:00,2021-12-16|LONDON_NY_OVERLAP,0,ACCEPT,-49.99999999999716
F05|2021-12-17T04:00:00.034000+00:00|-1,F05,2021-12-17T04:00:00.034000+00:00,2021-12-17|ASIA,0,ACCEPT,43.99999999999693
B02|2021-12-17T12:15:02.173000+00:00|-1,B02,2021-12-17T12:15:02.173000+00:00,2021-12-17|LONDON,0,ACCEPT,-24.00000000000091
F05|2021-12-17T12:30:00.291000+00:00|-1,F05,2021-12-17T12:30:00.291000+00:00,2021-12-17|LONDON,0,ACCEPT,-323.99999999999807
B02|2021-12-20T07:30:00.451000+00:00|-1,B02,2021-12-20T07:30:00.451000+00:00,2021-12-20|LONDON,0,ACCEPT,-272.99999999999613
F05|2021-12-21T14:15:01.977000+00:00|1,F05,2021-12-21T14:15:01.977000+00:00,2021-12-21|LONDON_NY_OVERLAP,0,ACCEPT,289.99999999999204
F05|2021-12-21T15:15:00.052000+00:00|1,F05,2021-12-21T15:15:00.052000+00:00,2021-12-21|LONDON_NY_OVERLAP,0,ACCEPT,88.99999999999864
F05|2021-12-21T16:00:00.095000+00:00|1,F05,2021-12-21T16:00:00.095000+00:00,2021-12-21|NEW_YORK,0,ACCEPT,-88.99999999999864
F05|2021-12-21T17:30:04.472000+00:00|1,F05,2021-12-21T17:30:04.472000+00:00,2021-12-21|NEW_YORK,0,ACCEPT,-64.00000000000716
B02|2021-12-22T08:15:00.251000+00:00|1,B02,2021-12-22T08:15:00.251000+00:00,2021-12-22|LONDON,0,ACCEPT,-34.99999999999659
F05|2021-12-22T08:30:00.098000+00:00|1,F05,2021-12-22T08:30:00.098000+00:00,2021-12-22|LONDON,0,ACCEPT,-129.0000000000049
F05|2021-12-22T10:15:00.049000+00:00|1,F05,2021-12-22T10:15:00.049000+00:00,2021-12-22|LONDON,0,ACCEPT,-78.99999999999352
B02|2021-12-23T08:15:00.342000+00:00|1,B02,2021-12-23T08:15:00.342000+00:00,2021-12-23|LONDON,0,ACCEPT,-4.0000000000048885
F05|2021-12-23T12:30:00.295000+00:00|1,F05,2021-12-23T12:30:00.295000+00:00,2021-12-23|LONDON,1,ACCEPT,50.00000000001137
F05|2021-12-23T13:15:00.145000+00:00|1,F05,2021-12-23T13:15:00.145000+00:00,2021-12-23|LONDON_NY_OVERLAP,0,ACCEPT,-4.9999999999954525
F05|2021-12-23T14:45:00.183000+00:00|1,F05,2021-12-23T14:45:00.183000+00:00,2021-12-23|LONDON_NY_OVERLAP,0,ACCEPT,-18.999999999991246
F05|2021-12-23T18:45:03.554000+00:00|1,F05,2021-12-23T18:45:03.554000+00:00,2021-12-23|NEW_YORK,0,ACCEPT,-81.99999999999363
F05|2021-12-24T00:15:20.964000+00:00|1,F05,2021-12-24T00:15:20.964000+00:00,2021-12-24|ASIA,0,ACCEPT,-118.99999999999977
F05|2021-12-27T04:45:05.781000+00:00|1,F05,2021-12-27T04:45:05.781000+00:00,2021-12-27|ASIA,0,ACCEPT,265.99999999999113
B02|2021-12-27T08:15:00.049000+00:00|1,B02,2021-12-27T08:15:00.049000+00:00,2021-12-27|LONDON,0,ACCEPT,332.9999999999984
F05|2021-12-27T08:15:00.049000+00:00|1,F05,2021-12-27T08:15:00.049000+00:00,2021-12-27|LONDON,0,ACCEPT,350.9999999999991
F05|2021-12-27T09:30:00.280000+00:00|1,F05,2021-12-27T09:30:00.280000+00:00,2021-12-27|LONDON,0,ACCEPT,194.00000000000261
F05|2021-12-27T12:30:03.808000+00:00|1,F05,2021-12-27T12:30:03.808000+00:00,2021-12-27|LONDON,0,ACCEPT,137.00000000000045
F05|2021-12-27T14:45:00.283000+00:00|1,F05,2021-12-27T14:45:00.283000+00:00,2021-12-27|LONDON_NY_OVERLAP,0,ACCEPT,121.99999999999989
F05|2021-12-27T15:30:04.417000+00:00|1,F05,2021-12-27T15:30:04.417000+00:00,2021-12-27|LONDON_NY_OVERLAP,0,ACCEPT,36.99999999999193
F05|2021-12-29T07:00:00.316000+00:00|1,F05,2021-12-29T07:00:00.316000+00:00,2021-12-29|LONDON,0,ACCEPT,-114.99999999999488
B02|2021-12-29T08:15:00.088000+00:00|1,B02,2021-12-29T08:15:00.088000+00:00,2021-12-29|LONDON,0,ACCEPT,-20.999999999986585
F05|2021-12-29T08:15:00.088000+00:00|1,F05,2021-12-29T08:15:00.088000+00:00,2021-12-29|LONDON,0,ACCEPT,-28.999999999996362
F05|2021-12-29T10:00:01.719000+00:00|1,F05,2021-12-29T10:00:01.719000+00:00,2021-12-29|LONDON,0,ACCEPT,-42.00000000000159
F05|2021-12-29T10:30:01.119000+00:00|1,F05,2021-12-29T10:30:01.119000+00:00,2021-12-29|LONDON,0,ACCEPT,-49.99999999999716
F05|2021-12-30T01:30:00.994000+00:00|1,F05,2021-12-30T01:30:00.994000+00:00,2021-12-30|ASIA,0,ACCEPT,104.99999999998977
F05|2021-12-30T05:45:04.629000+00:00|1,F05,2021-12-30T05:45:04.629000+00:00,2021-12-30|ASIA,0,ACCEPT,55.00000000000682
F05|2021-12-30T07:00:00.068000+00:00|1,F05,2021-12-30T07:00:00.068000+00:00,2021-12-30|LONDON,0,ACCEPT,-106.99999999999932
B02|2021-12-31T07:45:00.413000+00:00|1,B02,2021-12-31T07:45:00.413000+00:00,2021-12-31|LONDON,0,ACCEPT,-12.000000000000455
F05|2022-01-03T00:30:02.030000+00:00|1,F05,2022-01-03T00:30:02.030000+00:00,2022-01-03|ASIA,0,ACCEPT,42.00000000000159
F05|2022-01-03T06:15:03.127000+00:00|1,F05,2022-01-03T06:15:03.127000+00:00,2022-01-03|ASIA,0,ACCEPT,-153.99999999999636
B02|2022-01-03T11:00:01.220000+00:00|-1,B02,2022-01-03T11:00:01.220000+00:00,2022-01-03|LONDON,0,ACCEPT,-13.999999999995794
F05|2022-01-03T13:15:01.105000+00:00|-1,F05,2022-01-03T13:15:01.105000+00:00,2022-01-03|LONDON_NY_OVERLAP,0,ACCEPT,-361.99999999999477
F05|2022-01-04T01:00:00.097000+00:00|1,F05,2022-01-04T01:00:00.097000+00:00,2022-01-04|ASIA,0,ACCEPT,451.0000000000076
F05|2022-01-04T03:00:00.639000+00:00|1,F05,2022-01-04T03:00:00.639000+00:00,2022-01-04|ASIA,0,ACCEPT,296.99999999999704
B02|2022-01-04T08:45:00.268000+00:00|1,B02,2022-01-04T08:45:00.268000+00:00,2022-01-04|LONDON,0,ACCEPT,-10.99999999999568
F05|2022-01-04T08:45:00.268000+00:00|1,F05,2022-01-04T08:45:00.268000+00:00,2022-01-04|LONDON,0,ACCEPT,305.9999999999974
F05|2022-01-04T11:00:02.099000+00:00|1,F05,2022-01-04T11:00:02.099000+00:00,2022-01-04|LONDON,0,ACCEPT,260.9999999999957
F05|2022-01-04T12:30:00.381000+00:00|1,F05,2022-01-04T12:30:00.381000+00:00,2022-01-04|LONDON,0,ACCEPT,-167.99999999999216
B02|2022-01-05T09:30:01.915000+00:00|-1,B02,2022-01-05T09:30:01.915000+00:00,2022-01-05|LONDON,0,ACCEPT,-56.000000000011596
F05|2022-01-05T11:30:00.565000+00:00|-1,F05,2022-01-05T11:30:00.565000+00:00,2022-01-05|LONDON,0,ACCEPT,-368.0000000000092
B02|2022-01-06T08:30:00.039000+00:00|-1,B02,2022-01-06T08:30:00.039000+00:00,2022-01-06|LONDON,0,ACCEPT,-35.0000000000108
B02|2022-01-07T08:45:00.208000+00:00|-1,B02,2022-01-07T08:45:00.208000+00:00,2022-01-07|LONDON,0,ACCEPT,-29.999999999986926
F05|2022-01-07T18:45:01.135000+00:00|-1,F05,2022-01-07T18:45:01.135000+00:00,2022-01-07|NEW_YORK,0,ACCEPT,-170.0000000000017
B02|2022-01-10T11:15:01.054000+00:00|-1,B02,2022-01-10T11:15:01.054000+00:00,2022-01-10|LONDON,0,ACCEPT,288.0000000000109
F05|2022-01-10T11:30:00.107000+00:00|-1,F05,2022-01-10T11:30:00.107000+00:00,2022-01-10|LONDON,0,ACCEPT,180.99999999999739
F05|2022-01-10T16:00:00.004000+00:00|-1,F05,2022-01-10T16:00:00.004000+00:00,2022-01-10|NEW_YORK,0,ACCEPT,-176.00000000000193
B02|2022-01-11T07:15:01.737000+00:00|-1,B02,2022-01-11T07:15:01.737000+00:00,2022-01-11|LONDON,0,ACCEPT,-185.99999999999284
B02|2022-01-11T10:15:00.060000+00:00|1,B02,2022-01-11T10:15:00.060000+00:00,2022-01-11|LONDON,0,ACCEPT,-9.999999999990905
F05|2022-01-11T13:00:00.037000+00:00|1,F05,2022-01-11T13:00:00.037000+00:00,2022-01-11|LONDON_NY_OVERLAP,0,ACCEPT,-206.99999999999363
F05|2022-01-11T14:15:00.516000+00:00|1,F05,2022-01-11T14:15:00.516000+00:00,2022-01-11|LONDON_NY_OVERLAP,0,ACCEPT,-393.0000000000007
B02|2022-01-12T08:15:01.759000+00:00|1,B02,2022-01-12T08:15:01.759000+00:00,2022-01-12|LONDON,0,ACCEPT,-3.9999999999906777
F05|2022-01-12T13:45:00.162000+00:00|-1,F05,2022-01-12T13:45:00.162000+00:00,2022-01-12|LONDON_NY_OVERLAP,0,ACCEPT,570.999999999998
F05|2022-01-12T14:30:00.093000+00:00|-1,F05,2022-01-12T14:30:00.093000+00:00,2022-01-12|LONDON_NY_OVERLAP,0,ACCEPT,420.99999999999227
F05|2022-01-12T15:30:00.172000+00:00|-1,F05,2022-01-12T15:30:00.172000+00:00,2022-01-12|LONDON_NY_OVERLAP,0,ACCEPT,266.00000000000534
F05|2022-01-12T16:15:01.337000+00:00|-1,F05,2022-01-12T16:15:01.337000+00:00,2022-01-12|NEW_YORK,0,ACCEPT,146.99999999999136
F05|2022-01-12T17:15:00.366000+00:00|-1,F05,2022-01-12T17:15:00.366000+00:00,2022-01-12|NEW_YORK,0,ACCEPT,-21.000000000000796
F05|2022-01-12T18:00:00.831000+00:00|-1,F05,2022-01-12T18:00:00.831000+00:00,2022-01-12|NEW_YORK,0,ACCEPT,-46.999999999997044
F05|2022-01-12T19:45:01.014000+00:00|-1,F05,2022-01-12T19:45:01.014000+00:00,2022-01-12|NEW_YORK,0,ACCEPT,-155.00000000000114
B02|2022-01-13T07:45:01.676000+00:00|-1,B02,2022-01-13T07:45:01.676000+00:00,2022-01-13|LONDON,0,ACCEPT,-9.999999999990905
F05|2022-01-13T12:45:11.283000+00:00|-1,F05,2022-01-13T12:45:11.283000+00:00,2022-01-13|LONDON,1,ACCEPT,177.99999999999727
F05|2022-01-13T14:15:01.095000+00:00|-1,F05,2022-01-13T14:15:01.095000+00:00,2022-01-13|LONDON_NY_OVERLAP,0,ACCEPT,9.000000000000341
F05|2022-01-13T15:45:00.672000+00:00|-1,F05,2022-01-13T15:45:00.672000+00:00,2022-01-13|LONDON_NY_OVERLAP,0,ACCEPT,-21.000000000000796
F05|2022-01-13T16:15:01.786000+00:00|-1,F05,2022-01-13T16:15:01.786000+00:00,2022-01-13|NEW_YORK,0,ACCEPT,-107.00000000001353
F05|2022-01-13T16:45:02.648000+00:00|-1,F05,2022-01-13T16:45:02.648000+00:00,2022-01-13|NEW_YORK,0,ACCEPT,-128.0000000000001
F05|2022-01-14T01:00:00.709000+00:00|-1,F05,2022-01-14T01:00:00.709000+00:00,2022-01-14|ASIA,2,BLOCK,73.99999999999807
F05|2022-01-14T01:45:00.108000+00:00|-1,F05,2022-01-14T01:45:00.108000+00:00,2022-01-14|ASIA,2,BLOCK,-33.00000000000125
F05|2022-01-14T02:30:00.060000+00:00|-1,F05,2022-01-14T02:30:00.060000+00:00,2022-01-14|ASIA,2,BLOCK,-134.9999999999909
F05|2022-01-14T03:30:00.096000+00:00|-1,F05,2022-01-14T03:30:00.096000+00:00,2022-01-14|ASIA,2,BLOCK,-283.00000000000125
F05|2022-01-14T13:45:00.151000+00:00|-1,F05,2022-01-14T13:45:00.151000+00:00,2022-01-14|LONDON_NY_OVERLAP,0,ACCEPT,-718.0000000000035
F05|2022-01-17T00:15:00.203000+00:00|1,F05,2022-01-17T00:15:00.203000+00:00,2022-01-17|ASIA,0,ACCEPT,-49.000000000006594
F05|2022-01-17T01:30:02.820000+00:00|1,F05,2022-01-17T01:30:02.820000+00:00,2022-01-17|ASIA,0,ACCEPT,9.000000000000341
B02|2022-01-17T12:45:00.276000+00:00|1,B02,2022-01-17T12:45:00.276000+00:00,2022-01-17|LONDON,0,ACCEPT,-1.0000000000047748
F05|2022-01-17T12:45:00.276000+00:00|1,F05,2022-01-17T12:45:00.276000+00:00,2022-01-17|LONDON,0,ACCEPT,22.00000000000557
F05|2022-01-17T16:00:01.479000+00:00|1,F05,2022-01-17T16:00:01.479000+00:00,2022-01-17|NEW_YORK,0,ACCEPT,-39.99999999999204
F05|2022-01-18T03:00:00.206000+00:00|1,F05,2022-01-18T03:00:00.206000+00:00,2022-01-18|ASIA,1,ACCEPT,-15.000000000000568
F05|2022-01-18T03:30:04.339000+00:00|1,F05,2022-01-18T03:30:04.339000+00:00,2022-01-18|ASIA,1,ACCEPT,-131.00000000000023
F05|2022-01-19T05:00:00.779000+00:00|-1,F05,2022-01-19T05:00:00.779000+00:00,2022-01-19|ASIA,0,ACCEPT,-168.00000000000637
F05|2022-01-20T01:15:00.232000+00:00|-1,F05,2022-01-20T01:15:00.232000+00:00,2022-01-20|ASIA,0,ACCEPT,-60.99999999999284
F05|2022-01-20T16:00:00+00:00|-1,F05,2022-01-20T16:00:00+00:00,2022-01-20|NEW_YORK,0,ACCEPT,-9.999999999990905
F05|2022-01-21T00:45:00.752000+00:00|-1,F05,2022-01-21T00:45:00.752000+00:00,2022-01-21|ASIA,1,ACCEPT,-132.99999999999557
F05|2022-01-21T01:15:00.578000+00:00|-1,F05,2022-01-21T01:15:00.578000+00:00,2022-01-21|ASIA,1,ACCEPT,-168.99999999999693
F05|2022-01-21T03:00:00.769000+00:00|-1,F05,2022-01-21T03:00:00.769000+00:00,2022-01-21|ASIA,1,ACCEPT,-242.999999999995
B02|2022-01-21T09:00:00.073000+00:00|1,B02,2022-01-21T09:00:00.073000+00:00,2022-01-21|LONDON,1,ACCEPT,-366.9999999999902
B02|2022-01-24T08:30:00.038000+00:00|-1,B02,2022-01-24T08:30:00.038000+00:00,2022-01-24|LONDON,0,ACCEPT,-33.00000000000125
F05|2022-01-24T09:00:00.065000+00:00|-1,F05,2022-01-24T09:00:00.065000+00:00,2022-01-24|LONDON,0,ACCEPT,-242.999999999995
F05|2022-01-24T15:45:00.135000+00:00|1,F05,2022-01-24T15:45:00.135000+00:00,2022-01-24|LONDON_NY_OVERLAP,0,ACCEPT,64.00000000000716
B02|2022-01-25T09:45:00.260000+00:00|1,B02,2022-01-25T09:45:00.260000+00:00,2022-01-25|LONDON,0,ACCEPT,-75.00000000000284
F05|2022-01-25T10:45:00.134000+00:00|1,F05,2022-01-25T10:45:00.134000+00:00,2022-01-25|LONDON,0,ACCEPT,-244.99999999999034
B02|2022-01-26T08:00:00.130000+00:00|1,B02,2022-01-26T08:00:00.130000+00:00,2022-01-26|LONDON,0,ACCEPT,548.0000000000018
F05|2022-01-26T09:15:01.030000+00:00|1,F05,2022-01-26T09:15:01.030000+00:00,2022-01-26|LONDON,0,ACCEPT,183.9999999999975
F05|2022-01-26T10:45:01.493000+00:00|1,F05,2022-01-26T10:45:01.493000+00:00,2022-01-26|LONDON,0,ACCEPT,81.00000000000307
F05|2022-01-26T13:15:01.476000+00:00|1,F05,2022-01-26T13:15:01.476000+00:00,2022-01-26|LONDON_NY_OVERLAP,0,ACCEPT,364.9999999999949
F05|2022-01-26T14:00:00.121000+00:00|1,F05,2022-01-26T14:00:00.121000+00:00,2022-01-26|LONDON_NY_OVERLAP,0,ACCEPT,320.99999999999795
F05|2022-01-26T15:00:00.085000+00:00|1,F05,2022-01-26T15:00:00.085000+00:00,2022-01-26|LONDON_NY_OVERLAP,0,ACCEPT,313.99999999999295
F05|2022-01-26T19:45:00.246000+00:00|1,F05,2022-01-26T19:45:00.246000+00:00,2022-01-26|NEW_YORK,0,ACCEPT,21.000000000000796
F05|2022-01-27T00:15:00.253000+00:00|1,F05,2022-01-27T00:15:00.253000+00:00,2022-01-27|ASIA,0,ACCEPT,51.9999999999925
B02|2022-01-27T08:15:00.516000+00:00|1,B02,2022-01-27T08:15:00.516000+00:00,2022-01-27|LONDON,0,ACCEPT,455.0000000000125
F05|2022-01-27T08:15:00.516000+00:00|1,F05,2022-01-27T08:15:00.516000+00:00,2022-01-27|LONDON,0,ACCEPT,581.0000000000031
F05|2022-01-27T09:15:00.228000+00:00|1,F05,2022-01-27T09:15:00.228000+00:00,2022-01-27|LONDON,0,ACCEPT,423.9999999999924
F05|2022-01-27T10:15:00.440000+00:00|1,F05,2022-01-27T10:15:00.440000+00:00,2022-01-27|LONDON,0,ACCEPT,235.99999999999
F05|2022-01-27T13:00:00.131000+00:00|1,F05,2022-01-27T13:00:00.131000+00:00,2022-01-27|LONDON_NY_OVERLAP,0,ACCEPT,31.999999999996476
F05|2022-01-27T17:00:00.575000+00:00|1,F05,2022-01-27T17:00:00.575000+00:00,2022-01-27|NEW_YORK,0,ACCEPT,-33.00000000000125
B02|2022-01-28T07:15:07.537000+00:00|1,B02,2022-01-28T07:15:07.537000+00:00,2022-01-28|LONDON,0,ACCEPT,-16.000000000005343
F05|2022-01-28T07:15:07.537000+00:00|1,F05,2022-01-28T07:15:07.537000+00:00,2022-01-28|LONDON,0,ACCEPT,-242.00000000000443
F05|2022-01-31T17:15:01.679000+00:00|-1,F05,2022-01-31T17:15:01.679000+00:00,2022-01-31|NEW_YORK,0,ACCEPT,-51.00000000000193
F05|2022-01-31T18:15:00.528000+00:00|-1,F05,2022-01-31T18:15:00.528000+00:00,2022-01-31|NEW_YORK,0,ACCEPT,-13.999999999995794
F05|2022-01-31T18:45:04.556000+00:00|-1,F05,2022-01-31T18:45:04.556000+00:00,2022-01-31|NEW_YORK,0,ACCEPT,-36.000000000001364
F05|2022-01-31T19:15:00.224000+00:00|-1,F05,2022-01-31T19:15:00.224000+00:00,2022-01-31|NEW_YORK,0,ACCEPT,-128.0000000000001
F05|2022-02-01T05:00:00.130000+00:00|-1,F05,2022-02-01T05:00:00.130000+00:00,2022-02-01|ASIA,4,BLOCK,245.00000000000455
B02|2022-02-01T09:15:00.266000+00:00|-1,B02,2022-02-01T09:15:00.266000+00:00,2022-02-01|LONDON,0,ACCEPT,130.00000000000966
F05|2022-02-01T09:15:00.266000+00:00|-1,F05,2022-02-01T09:15:00.266000+00:00,2022-02-01|LONDON,0,ACCEPT,100.99999999999909
F05|2022-02-01T10:00:00.007000+00:00|-1,F05,2022-02-01T10:00:00.007000+00:00,2022-02-01|LONDON,0,ACCEPT,-1.0000000000047748
F05|2022-02-01T11:30:01.370000+00:00|-1,F05,2022-02-01T11:30:01.370000+00:00,2022-02-01|LONDON,0,ACCEPT,-94.0000000000083
F05|2022-02-01T12:15:00.315000+00:00|-1,F05,2022-02-01T12:15:00.315000+00:00,2022-02-01|LONDON,0,ACCEPT,-170.0000000000017
B02|2022-02-02T07:15:00.431000+00:00|-1,B02,2022-02-02T07:15:00.431000+00:00,2022-02-02|LONDON,0,ACCEPT,-16.000000000005343
F05|2022-02-02T08:30:03.851000+00:00|-1,F05,2022-02-02T08:30:03.851000+00:00,2022-02-02|LONDON,1,ACCEPT,188.99999999999295
F05|2022-02-02T09:45:00.822000+00:00|-1,F05,2022-02-02T09:45:00.822000+00:00,2022-02-02|LONDON,1,ACCEPT,89.00000000001285
F05|2022-02-02T10:30:01.964000+00:00|-1,F05,2022-02-02T10:30:01.964000+00:00,2022-02-02|LONDON,1,ACCEPT,-7.000000000005002
F05|2022-02-02T12:15:00.330000+00:00|-1,F05,2022-02-02T12:15:00.330000+00:00,2022-02-02|LONDON,1,ACCEPT,-102.99999999999443
F05|2022-02-02T13:00:00.889000+00:00|-1,F05,2022-02-02T13:00:00.889000+00:00,2022-02-02|LONDON_NY_OVERLAP,0,ACCEPT,-222.99999999999898
B02|2022-02-03T07:30:00.909000+00:00|1,B02,2022-02-03T07:30:00.909000+00:00,2022-02-03|LONDON,0,ACCEPT,-13.999999999995794
F05|2022-02-03T08:15:00.209000+00:00|1,F05,2022-02-03T08:15:00.209000+00:00,2022-02-03|LONDON,1,ACCEPT,209.00000000000318
F05|2022-02-03T09:15:01.718000+00:00|1,F05,2022-02-03T09:15:01.718000+00:00,2022-02-03|LONDON,1,ACCEPT,170.0000000000017
F05|2022-02-03T10:00:00.076000+00:00|1,F05,2022-02-03T10:00:00.076000+00:00,2022-02-03|LONDON,1,ACCEPT,99.00000000000375
F05|2022-02-03T11:30:00.110000+00:00|1,F05,2022-02-03T11:30:00.110000+00:00,2022-02-03|LONDON,1,ACCEPT,81.99999999999363
F05|2022-02-03T12:30:00.158000+00:00|1,F05,2022-02-03T12:30:00.158000+00:00,2022-02-03|LONDON,1,ACCEPT,24.00000000000091
F05|2022-02-04T00:15:00.498000+00:00|1,F05,2022-02-04T00:15:00.498000+00:00,2022-02-04|ASIA,0,ACCEPT,69.00000000000261
B02|2022-02-04T08:00:00.049000+00:00|1,B02,2022-02-04T08:00:00.049000+00:00,2022-02-04|LONDON,0,ACCEPT,-10.000000000005116
F05|2022-02-04T08:00:00.049000+00:00|1,F05,2022-02-04T08:00:00.049000+00:00,2022-02-04|LONDON,0,ACCEPT,165.99999999999682
F05|2022-02-04T13:45:00.077000+00:00|1,F05,2022-02-04T13:45:00.077000+00:00,2022-02-04|LONDON_NY_OVERLAP,0,ACCEPT,-140.00000000000057
B02|2022-02-07T08:30:00.599000+00:00|-1,B02,2022-02-07T08:30:00.599000+00:00,2022-02-07|LONDON,0,ACCEPT,55.00000000000682
F05|2022-02-08T02:15:03.958000+00:00|1,F05,2022-02-08T02:15:03.958000+00:00,2022-02-08|ASIA,0,ACCEPT,-47.000000000011255
F05|2022-02-08T05:15:01.210000+00:00|1,F05,2022-02-08T05:15:01.210000+00:00,2022-02-08|ASIA,0,ACCEPT,-51.9999999999925
F05|2022-02-08T06:15:00.064000+00:00|1,F05,2022-02-08T06:15:00.064000+00:00,2022-02-08|ASIA,0,ACCEPT,-31.00000000000591
B02|2022-02-08T07:30:00.707000+00:00|1,B02,2022-02-08T07:30:00.707000+00:00,2022-02-08|LONDON,0,ACCEPT,-52.00000000000671
F05|2022-02-08T16:00:00.413000+00:00|1,F05,2022-02-08T16:00:00.413000+00:00,2022-02-08|NEW_YORK,0,ACCEPT,-61.99999999999761
F05|2022-02-10T06:30:00.692000+00:00|1,F05,2022-02-10T06:30:00.692000+00:00,2022-02-10|ASIA,0,ACCEPT,596.0000000000036
B02|2022-02-10T09:15:01.468000+00:00|1,B02,2022-02-10T09:15:01.468000+00:00,2022-02-10|LONDON,0,ACCEPT,-1.9999999999953388
F05|2022-02-10T09:15:01.468000+00:00|1,F05,2022-02-10T09:15:01.468000+00:00,2022-02-10|LONDON,0,ACCEPT,72.00000000000273
F05|2022-02-10T13:45:00.087000+00:00|1,F05,2022-02-10T13:45:00.087000+00:00,2022-02-10|LONDON_NY_OVERLAP,0,ACCEPT,-118.99999999999977
B02|2022-02-11T08:15:00.657000+00:00|-1,B02,2022-02-11T08:15:00.657000+00:00,2022-02-11|LONDON,0,ACCEPT,740.9999999999997
F05|2022-02-11T18:45:00.146000+00:00|-1,F05,2022-02-11T18:45:00.146000+00:00,2022-02-11|NEW_YORK,0,ACCEPT,70.99999999999795
B02|2022-02-14T08:30:00.608000+00:00|-1,B02,2022-02-14T08:30:00.608000+00:00,2022-02-14|LONDON,0,ACCEPT,-21.000000000000796
B02|2022-02-15T08:45:00.498000+00:00|1,B02,2022-02-15T08:45:00.498000+00:00,2022-02-15|LONDON,0,ACCEPT,43.99999999999693
F05|2022-02-15T14:45:00.087000+00:00|1,F05,2022-02-15T14:45:00.087000+00:00,2022-02-15|LONDON_NY_OVERLAP,0,ACCEPT,-173.99999999999238
B02|2022-02-16T08:30:00.156000+00:00|1,B02,2022-02-16T08:30:00.156000+00:00,2022-02-16|LONDON,0,ACCEPT,-334.0000000000032
F05|2022-02-16T14:00:00.283000+00:00|-1,F05,2022-02-16T14:00:00.283000+00:00,2022-02-16|LONDON_NY_OVERLAP,0,ACCEPT,-28.999999999996362
F05|2022-02-17T04:00:00.036000+00:00|-1,F05,2022-02-17T04:00:00.036000+00:00,2022-02-17|ASIA,0,ACCEPT,99.00000000000375
B02|2022-02-17T08:45:00.017000+00:00|-1,B02,2022-02-17T08:45:00.017000+00:00,2022-02-17|LONDON,0,ACCEPT,-13.999999999995794
F05|2022-02-17T09:15:00.256000+00:00|-1,F05,2022-02-17T09:15:00.256000+00:00,2022-02-17|LONDON,0,ACCEPT,-57.00000000000216
F05|2022-02-17T13:45:00.096000+00:00|-1,F05,2022-02-17T13:45:00.096000+00:00,2022-02-17|LONDON_NY_OVERLAP,0,ACCEPT,-75.00000000000284
B02|2022-02-21T09:15:02.892000+00:00|-1,B02,2022-02-21T09:15:02.892000+00:00,2022-02-21|LONDON,0,ACCEPT,-7.999999999995566
F05|2022-02-21T17:00:07.193000+00:00|-1,F05,2022-02-21T17:00:07.193000+00:00,2022-02-21|NEW_YORK,0,ACCEPT,63.00000000000239
F05|2022-02-21T17:30:00.391000+00:00|-1,F05,2022-02-21T17:30:00.391000+00:00,2022-02-21|NEW_YORK,0,ACCEPT,128.0000000000001
F05|2022-02-21T18:30:00.209000+00:00|-1,F05,2022-02-21T18:30:00.209000+00:00,2022-02-21|NEW_YORK,0,ACCEPT,99.99999999999432
B02|2022-02-22T08:15:00.075000+00:00|1,B02,2022-02-22T08:15:00.075000+00:00,2022-02-22|LONDON,0,ACCEPT,-39.99999999999204
F05|2022-02-22T12:00:00.564000+00:00|1,F05,2022-02-22T12:00:00.564000+00:00,2022-02-22|LONDON,1,ACCEPT,-15.000000000000568
F05|2022-02-22T13:45:00.306000+00:00|1,F05,2022-02-22T13:45:00.306000+00:00,2022-02-22|LONDON_NY_OVERLAP,0,ACCEPT,-70.00000000000739
F05|2022-02-22T14:45:00.033000+00:00|1,F05,2022-02-22T14:45:00.033000+00:00,2022-02-22|LONDON_NY_OVERLAP,0,ACCEPT,-127.00000000000955
B02|2022-02-23T09:00:00.243000+00:00|1,B02,2022-02-23T09:00:00.243000+00:00,2022-02-23|LONDON,0,ACCEPT,-144.99999999999602
F05|2022-02-24T03:45:00.080000+00:00|-1,F05,2022-02-24T03:45:00.080000+00:00,2022-02-24|ASIA,0,ACCEPT,-33.00000000000125
F05|2022-02-24T04:15:00.097000+00:00|-1,F05,2022-02-24T04:15:00.097000+00:00,2022-02-24|ASIA,0,ACCEPT,-183.00000000000693
F05|2022-02-24T07:00:00.086000+00:00|-1,F05,2022-02-24T07:00:00.086000+00:00,2022-02-24|LONDON,0,ACCEPT,-748.9999999999952
F05|2022-02-24T15:15:00.203000+00:00|1,F05,2022-02-24T15:15:00.203000+00:00,2022-02-24|LONDON_NY_OVERLAP,1,ACCEPT,45.99999999999227
F05|2022-02-24T15:45:00.020000+00:00|1,F05,2022-02-24T15:45:00.020000+00:00,2022-02-24|LONDON_NY_OVERLAP,1,ACCEPT,66.0000000000025
F05|2022-02-25T17:45:11.765000+00:00|1,F05,2022-02-25T17:45:11.765000+00:00,2022-02-25|NEW_YORK,0,ACCEPT,-174.0000000000066
F05|2022-02-28T17:00:00.146000+00:00|-1,F05,2022-02-28T17:00:00.146000+00:00,2022-02-28|NEW_YORK,0,ACCEPT,-144.99999999999602
F05|2022-02-28T19:00:00.384000+00:00|-1,F05,2022-02-28T19:00:00.384000+00:00,2022-02-28|NEW_YORK,0,ACCEPT,-228.9999999999992
B02|2022-03-01T08:15:00.188000+00:00|-1,B02,2022-03-01T08:15:00.188000+00:00,2022-03-01|LONDON,0,ACCEPT,85.99999999999852
F05|2022-03-01T09:30:00.176000+00:00|-1,F05,2022-03-01T09:30:00.176000+00:00,2022-03-01|LONDON,0,ACCEPT,-56.000000000011596
F05|2022-03-01T18:45:00.283000+00:00|-1,F05,2022-03-01T18:45:00.283000+00:00,2022-03-01|NEW_YORK,1,ACCEPT,-293.00000000000637
F05|2022-03-02T06:45:00.924000+00:00|1,F05,2022-03-02T06:45:00.924000+00:00,2022-03-02|ASIA,1,ACCEPT,331.00000000000307
B02|2022-03-02T08:15:00.104000+00:00|1,B02,2022-03-02T08:15:00.104000+00:00,2022-03-02|LONDON,0,ACCEPT,-1.0000000000047748
F05|2022-03-02T08:15:00.104000+00:00|1,F05,2022-03-02T08:15:00.104000+00:00,2022-03-02|LONDON,0,ACCEPT,417.0000000000016
F05|2022-03-02T12:30:00.238000+00:00|1,F05,2022-03-02T12:30:00.238000+00:00,2022-03-02|LONDON,1,ACCEPT,200.00000000000284
F05|2022-03-02T14:45:00.175000+00:00|1,F05,2022-03-02T14:45:00.175000+00:00,2022-03-02|LONDON_NY_OVERLAP,0,ACCEPT,43.99999999999693
F05|2022-03-02T16:00:00.100000+00:00|1,F05,2022-03-02T16:00:00.100000+00:00,2022-03-02|NEW_YORK,0,ACCEPT,-52.99999999999727
F05|2022-03-03T04:15:02.605000+00:00|1,F05,2022-03-03T04:15:02.605000+00:00,2022-03-03|ASIA,1,ACCEPT,4.9999999999954525
B02|2022-03-03T08:00:00.083000+00:00|1,B02,2022-03-03T08:00:00.083000+00:00,2022-03-03|LONDON,0,ACCEPT,-54.000000000002046
F05|2022-03-03T08:15:00.301000+00:00|1,F05,2022-03-03T08:15:00.301000+00:00,2022-03-03|LONDON,0,ACCEPT,-183.00000000000693
F05|2022-03-04T00:45:00.258000+00:00|-1,F05,2022-03-04T00:45:00.258000+00:00,2022-03-04|ASIA,0,ACCEPT,-141.9999999999959
F05|2022-03-04T15:00:00.029000+00:00|-1,F05,2022-03-04T15:00:00.029000+00:00,2022-03-04|LONDON_NY_OVERLAP,0,ACCEPT,254.0000000000049
F05|2022-03-04T16:00:00.001000+00:00|-1,F05,2022-03-04T16:00:00.001000+00:00,2022-03-04|NEW_YORK,0,ACCEPT,-132.99999999999557
F05|2022-03-04T16:30:00.632000+00:00|-1,F05,2022-03-04T16:30:00.632000+00:00,2022-03-04|NEW_YORK,0,ACCEPT,-232.99999999998988
F05|2022-03-04T17:00:00.023000+00:00|-1,F05,2022-03-04T17:00:00.023000+00:00,2022-03-04|NEW_YORK,0,ACCEPT,-381.0000000000002
B02|2022-03-07T07:30:00.614000+00:00|1,B02,2022-03-07T07:30:00.614000+00:00,2022-03-07|LONDON,0,ACCEPT,-6.000000000000227
F05|2022-03-07T15:45:00.163000+00:00|1,F05,2022-03-07T15:45:00.163000+00:00,2022-03-07|LONDON_NY_OVERLAP,0,ACCEPT,-86.00000000001273
F05|2022-03-07T16:30:00.148000+00:00|1,F05,2022-03-07T16:30:00.148000+00:00,2022-03-07|NEW_YORK,0,ACCEPT,-118.99999999999977
F05|2022-03-08T01:15:00.965000+00:00|1,F05,2022-03-08T01:15:00.965000+00:00,2022-03-08|ASIA,1,ACCEPT,129.99999999999545
F05|2022-03-08T06:15:00.335000+00:00|1,F05,2022-03-08T06:15:00.335000+00:00,2022-03-08|ASIA,1,ACCEPT,173.00000000000182
B02|2022-03-08T09:00:00.013000+00:00|1,B02,2022-03-08T09:00:00.013000+00:00,2022-03-08|LONDON,0,ACCEPT,87.0000000000033
F05|2022-03-08T09:15:00.820000+00:00|1,F05,2022-03-08T09:15:00.820000+00:00,2022-03-08|LONDON,0,ACCEPT,75.00000000000284
F05|2022-03-08T11:15:00.128000+00:00|1,F05,2022-03-08T11:15:00.128000+00:00,2022-03-08|LONDON,0,ACCEPT,67.99999999999784
F05|2022-03-08T12:30:00.252000+00:00|1,F05,2022-03-08T12:30:00.252000+00:00,2022-03-08|LONDON,0,ACCEPT,-43.99999999999693
F05|2022-03-08T13:30:01.801000+00:00|1,F05,2022-03-08T13:30:01.801000+00:00,2022-03-08|LONDON_NY_OVERLAP,0,ACCEPT,-135.00000000000512
F05|2022-03-09T00:30:00.119000+00:00|1,F05,2022-03-09T00:30:00.119000+00:00,2022-03-09|ASIA,0,ACCEPT,-85.99999999999852
F05|2022-03-09T01:30:00.106000+00:00|1,F05,2022-03-09T01:30:00.106000+00:00,2022-03-09|ASIA,0,ACCEPT,-132.000000000005
F05|2022-03-10T00:45:00.783000+00:00|1,F05,2022-03-10T00:45:00.783000+00:00,2022-03-10|ASIA,0,ACCEPT,-83.99999999998897
F05|2022-03-10T01:15:00.529000+00:00|1,F05,2022-03-10T01:15:00.529000+00:00,2022-03-10|ASIA,0,ACCEPT,-126.99999999999534
F05|2022-03-10T03:15:02.467000+00:00|1,F05,2022-03-10T03:15:02.467000+00:00,2022-03-10|ASIA,0,ACCEPT,-158.00000000000125
B02|2022-03-10T08:30:04.865000+00:00|-1,B02,2022-03-10T08:30:04.865000+00:00,2022-03-10|LONDON,0,ACCEPT,-229.99999999998977
F05|2022-03-11T00:45:00.663000+00:00|1,F05,2022-03-11T00:45:00.663000+00:00,2022-03-11|ASIA,0,ACCEPT,640.0000000000006
F05|2022-03-11T03:45:00.365000+00:00|1,F05,2022-03-11T03:45:00.365000+00:00,2022-03-11|ASIA,0,ACCEPT,454.9999999999983
F05|2022-03-11T04:15:00.065000+00:00|1,F05,2022-03-11T04:15:00.065000+00:00,2022-03-11|ASIA,0,ACCEPT,447.9999999999933
B02|2022-03-11T07:30:01.269000+00:00|1,B02,2022-03-11T07:30:01.269000+00:00,2022-03-11|LONDON,0,ACCEPT,513.0000000000052
F05|2022-03-11T08:15:00.650000+00:00|1,F05,2022-03-11T08:15:00.650000+00:00,2022-03-11|LONDON,0,ACCEPT,262.00000000000045
F05|2022-03-11T08:45:00.338000+00:00|1,F05,2022-03-11T08:45:00.338000+00:00,2022-03-11|LONDON,0,ACCEPT,228.9999999999992
F05|2022-03-11T16:15:09.627000+00:00|1,F05,2022-03-11T16:15:09.627000+00:00,2022-03-11|NEW_YORK,0,ACCEPT,368.9999999999998
F05|2022-03-11T18:00:00.069000+00:00|1,F05,2022-03-11T18:00:00.069000+00:00,2022-03-11|NEW_YORK,0,ACCEPT,329.9999999999983
F05|2022-03-11T18:45:01.462000+00:00|1,F05,2022-03-11T18:45:01.462000+00:00,2022-03-11|NEW_YORK,0,ACCEPT,393.0000000000007
F05|2022-03-14T01:45:00.750000+00:00|1,F05,2022-03-14T01:45:00.750000+00:00,2022-03-14|ASIA,0,ACCEPT,148.9999999999867
B02|2022-03-14T10:00:00.297000+00:00|1,B02,2022-03-14T10:00:00.297000+00:00,2022-03-14|LONDON,0,ACCEPT,-69.00000000000261
F05|2022-03-14T10:00:00.297000+00:00|1,F05,2022-03-14T10:00:00.297000+00:00,2022-03-14|LONDON,0,ACCEPT,50.99999999998772
F05|2022-03-14T11:00:02.336000+00:00|1,F05,2022-03-14T11:00:02.336000+00:00,2022-03-14|LONDON,0,ACCEPT,46.999999999997044
F05|2022-03-14T19:00:00.105000+00:00|1,F05,2022-03-14T19:00:00.105000+00:00,2022-03-14|NEW_YORK,0,ACCEPT,206.99999999999363
F05|2022-03-14T19:30:12.739000+00:00|1,F05,2022-03-14T19:30:12.739000+00:00,2022-03-14|NEW_YORK,0,ACCEPT,170.0000000000017
F05|2022-03-15T01:30:01.195000+00:00|1,F05,2022-03-15T01:30:01.195000+00:00,2022-03-15|ASIA,0,ACCEPT,-492.999999999995
B02|2022-03-15T07:15:00.139000+00:00|-1,B02,2022-03-15T07:15:00.139000+00:00,2022-03-15|LONDON,0,ACCEPT,-36.99999999999193
F05|2022-03-16T15:30:00.044000+00:00|1,F05,2022-03-16T15:30:00.044000+00:00,2022-03-16|LONDON_NY_OVERLAP,0,ACCEPT,376.99999999999534
F05|2022-03-16T16:00:02.466000+00:00|1,F05,2022-03-16T16:00:02.466000+00:00,2022-03-16|NEW_YORK,0,ACCEPT,368.9999999999998
F05|2022-03-16T17:00:01.560000+00:00|1,F05,2022-03-16T17:00:01.560000+00:00,2022-03-16|NEW_YORK,0,ACCEPT,306.0000000000116
F05|2022-03-16T18:15:00.211000+00:00|1,F05,2022-03-16T18:15:00.211000+00:00,2022-03-16|NEW_YORK,0,ACCEPT,-144.99999999999602
B02|2022-03-17T10:15:00.147000+00:00|-1,B02,2022-03-17T10:15:00.147000+00:00,2022-03-17|LONDON,0,ACCEPT,-42.00000000000159
F05|2022-03-18T07:00:00.097000+00:00|1,F05,2022-03-18T07:00:00.097000+00:00,2022-03-18|LONDON,0,ACCEPT,353.9999999999992
B02|2022-03-18T07:15:01.147000+00:00|1,B02,2022-03-18T07:15:01.147000+00:00,2022-03-18|LONDON,0,ACCEPT,-74.99999999998863
F05|2022-03-18T10:30:00.054000+00:00|1,F05,2022-03-18T10:30:00.054000+00:00,2022-03-18|LONDON,1,ACCEPT,159.9999999999966
F05|2022-03-18T13:00:00.063000+00:00|1,F05,2022-03-18T13:00:00.063000+00:00,2022-03-18|LONDON_NY_OVERLAP,0,ACCEPT,-88.99999999999864
F05|2022-03-21T17:15:00.081000+00:00|1,F05,2022-03-21T17:15:00.081000+00:00,2022-03-21|NEW_YORK,0,ACCEPT,478.00000000000864
F05|2022-03-21T19:00:00.565000+00:00|1,F05,2022-03-21T19:00:00.565000+00:00,2022-03-21|NEW_YORK,0,ACCEPT,403.99999999999636
F05|2022-03-21T19:30:01.044000+00:00|1,F05,2022-03-21T19:30:01.044000+00:00,2022-03-21|NEW_YORK,0,ACCEPT,397.99999999999613
F05|2022-03-22T00:15:00.280000+00:00|1,F05,2022-03-22T00:15:00.280000+00:00,2022-03-22|ASIA,0,ACCEPT,730.000000000004
F05|2022-03-22T04:30:01.028000+00:00|1,F05,2022-03-22T04:30:01.028000+00:00,2022-03-22|ASIA,0,ACCEPT,542.9999999999922
F05|2022-03-22T07:00:00.129000+00:00|1,F05,2022-03-22T07:00:00.129000+00:00,2022-03-22|LONDON,0,ACCEPT,287.00000000000614
B02|2022-03-22T09:30:00.202000+00:00|1,B02,2022-03-22T09:30:00.202000+00:00,2022-03-22|LONDON,0,ACCEPT,-19.99999999999602
F05|2022-03-22T09:30:00.202000+00:00|1,F05,2022-03-22T09:30:00.202000+00:00,2022-03-22|LONDON,0,ACCEPT,124.00000000000944
F05|2022-03-22T10:30:00.558000+00:00|1,F05,2022-03-22T10:30:00.558000+00:00,2022-03-22|LONDON,0,ACCEPT,-156.99999999999648
F05|2022-03-23T00:00:00.113000+00:00|1,F05,2022-03-23T00:00:00.113000+00:00,2022-03-23|ASIA,0,ACCEPT,-287.9999999999967
B02|2022-03-23T12:15:01.292000+00:00|-1,B02,2022-03-23T12:15:01.292000+00:00,2022-03-23|LONDON,1,ACCEPT,-3.0000000000001137
F05|2022-03-24T01:45:00.300000+00:00|1,F05,2022-03-24T01:45:00.300000+00:00,2022-03-24|ASIA,0,ACCEPT,412.9999999999967
F05|2022-03-24T05:45:03.658000+00:00|1,F05,2022-03-24T05:45:03.658000+00:00,2022-03-24|ASIA,0,ACCEPT,487.000000000009
F05|2022-03-24T07:00:00.086000+00:00|1,F05,2022-03-24T07:00:00.086000+00:00,2022-03-24|LONDON,0,ACCEPT,338.0000000000081
B02|2022-03-24T07:15:00.126000+00:00|1,B02,2022-03-24T07:15:00.126000+00:00,2022-03-24|LONDON,0,ACCEPT,-4.9999999999954525
F05|2022-03-24T13:15:00.026000+00:00|1,F05,2022-03-24T13:15:00.026000+00:00,2022-03-24|LONDON_NY_OVERLAP,0,ACCEPT,524.9999999999915
F05|2022-03-24T14:00:00.073000+00:00|1,F05,2022-03-24T14:00:00.073000+00:00,2022-03-24|LONDON_NY_OVERLAP,0,ACCEPT,384.00000000000034
F05|2022-03-24T16:00:00.016000+00:00|1,F05,2022-03-24T16:00:00.016000+00:00,2022-03-24|NEW_YORK,0,ACCEPT,295.0000000000017
F05|2022-03-24T16:30:05.889000+00:00|1,F05,2022-03-24T16:30:05.889000+00:00,2022-03-24|NEW_YORK,0,ACCEPT,-59.00000000001171
F05|2022-03-28T01:15:00.048000+00:00|1,F05,2022-03-28T01:15:00.048000+00:00,2022-03-28|ASIA,0,ACCEPT,1924.0000000000066
F05|2022-03-28T06:00:00.042000+00:00|1,F05,2022-03-28T06:00:00.042000+00:00,2022-03-28|ASIA,0,ACCEPT,579.0000000000077
F05|2022-03-28T07:00:00.014000+00:00|1,F05,2022-03-28T07:00:00.014000+00:00,2022-03-28|LONDON,0,ACCEPT,206.99999999999363
B02|2022-03-28T07:15:00.091000+00:00|1,B02,2022-03-28T07:15:00.091000+00:00,2022-03-28|LONDON,0,ACCEPT,-16.000000000005343
F05|2022-03-28T08:00:00.015000+00:00|1,F05,2022-03-28T08:00:00.015000+00:00,2022-03-28|LONDON,0,ACCEPT,-653.0000000000058
F05|2022-03-28T08:30:01.121000+00:00|1,F05,2022-03-28T08:30:01.121000+00:00,2022-03-28|LONDON,0,ACCEPT,-760.0000000000051
B02|2022-03-29T12:45:01.692000+00:00|-1,B02,2022-03-29T12:45:01.692000+00:00,2022-03-29|LONDON,0,ACCEPT,-54.99999999999261
F05|2022-03-29T12:45:01.692000+00:00|-1,F05,2022-03-29T12:45:01.692000+00:00,2022-03-29|LONDON,0,ACCEPT,-218.9999999999941
F05|2022-03-29T14:00:00.108000+00:00|-1,F05,2022-03-29T14:00:00.108000+00:00,2022-03-29|LONDON_NY_OVERLAP,0,ACCEPT,-27.000000000001023
F05|2022-03-30T02:45:00.379000+00:00|-1,F05,2022-03-30T02:45:00.379000+00:00,2022-03-30|ASIA,0,ACCEPT,-37.9999999999967
F05|2022-03-30T03:15:00.678000+00:00|-1,F05,2022-03-30T03:15:00.678000+00:00,2022-03-30|ASIA,1,ACCEPT,-47.99999999998761
B02|2022-03-31T07:15:00.737000+00:00|-1,B02,2022-03-31T07:15:00.737000+00:00,2022-03-31|LONDON,0,ACCEPT,-246.9999999999999
F05|2022-03-31T07:15:00.737000+00:00|-1,F05,2022-03-31T07:15:00.737000+00:00,2022-03-31|LONDON,0,ACCEPT,-33.00000000000125
F05|2022-04-01T02:45:00.080000+00:00|1,F05,2022-04-01T02:45:00.080000+00:00,2022-04-01|ASIA,0,ACCEPT,-143.99999999999125
B02|2022-04-01T12:45:02.128000+00:00|1,B02,2022-04-01T12:45:02.128000+00:00,2022-04-01|LONDON,1,ACCEPT,-47.000000000011255
F05|2022-04-01T12:45:02.128000+00:00|1,F05,2022-04-01T12:45:02.128000+00:00,2022-04-01|LONDON,1,ACCEPT,-243.0000000000092
F05|2022-04-01T13:30:00.109000+00:00|1,F05,2022-04-01T13:30:00.109000+00:00,2022-04-01|LONDON_NY_OVERLAP,1,ACCEPT,-411.00000000000136
B02|2022-04-04T11:00:00.040000+00:00|1,B02,2022-04-04T11:00:00.040000+00:00,2022-04-04|LONDON,0,ACCEPT,-22.999999999996135
B02|2022-04-05T07:45:00.162000+00:00|1,B02,2022-04-05T07:45:00.162000+00:00,2022-04-05|LONDON,0,ACCEPT,-57.00000000000216
F05|2022-04-05T14:15:00.193000+00:00|1,F05,2022-04-05T14:15:00.193000+00:00,2022-04-05|LONDON_NY_OVERLAP,0,ACCEPT,509.9999999999909
F05|2022-04-05T16:00:01.615000+00:00|1,F05,2022-04-05T16:00:01.615000+00:00,2022-04-05|NEW_YORK,0,ACCEPT,161.00000000000136
F05|2022-04-05T16:45:01.082000+00:00|1,F05,2022-04-05T16:45:01.082000+00:00,2022-04-05|NEW_YORK,0,ACCEPT,171.99999999999704
F05|2022-04-05T17:15:02.714000+00:00|1,F05,2022-04-05T17:15:02.714000+00:00,2022-04-05|NEW_YORK,0,ACCEPT,310.0000000000023
F05|2022-04-06T00:15:00.320000+00:00|1,F05,2022-04-06T00:15:00.320000+00:00,2022-04-06|ASIA,0,ACCEPT,163.0000000000109
F05|2022-04-06T01:00:00.580000+00:00|1,F05,2022-04-06T01:00:00.580000+00:00,2022-04-06|ASIA,0,ACCEPT,-48.99999999999238
F05|2022-04-06T02:15:01.460000+00:00|1,F05,2022-04-06T02:15:01.460000+00:00,2022-04-06|ASIA,0,ACCEPT,-115.0000000000091
B02|2022-04-07T11:15:00.572000+00:00|1,B02,2022-04-07T11:15:00.572000+00:00,2022-04-07|LONDON,0,ACCEPT,282.0000000000107
F05|2022-04-07T12:15:02.255000+00:00|1,F05,2022-04-07T12:15:02.255000+00:00,2022-04-07|LONDON,0,ACCEPT,0.0
B02|2022-04-08T11:45:00.006000+00:00|1,B02,2022-04-08T11:45:00.006000+00:00,2022-04-08|LONDON,0,ACCEPT,200.9999999999934
F05|2022-04-08T12:30:01.373000+00:00|1,F05,2022-04-08T12:30:01.373000+00:00,2022-04-08|LONDON,0,ACCEPT,27.000000000001023
F05|2022-04-11T01:30:00.046000+00:00|1,F05,2022-04-11T01:30:00.046000+00:00,2022-04-11|ASIA,0,ACCEPT,688.0000000000024
F05|2022-04-11T05:45:00.009000+00:00|1,F05,2022-04-11T05:45:00.009000+00:00,2022-04-11|ASIA,0,ACCEPT,382.99999999999557
F05|2022-04-11T06:30:00.087000+00:00|1,F05,2022-04-11T06:30:00.087000+00:00,2022-04-11|ASIA,0,ACCEPT,225.9999999999991
F05|2022-04-11T07:00:00.073000+00:00|1,F05,2022-04-11T07:00:00.073000+00:00,2022-04-11|LONDON,0,ACCEPT,93.99999999999409
B02|2022-04-11T10:45:00.043000+00:00|1,B02,2022-04-11T10:45:00.043000+00:00,2022-04-11|LONDON,0,ACCEPT,-16.000000000005343
F05|2022-04-11T10:45:00.043000+00:00|1,F05,2022-04-11T10:45:00.043000+00:00,2022-04-11|LONDON,0,ACCEPT,30.9999999999917
F05|2022-04-11T11:30:00.104000+00:00|1,F05,2022-04-11T11:30:00.104000+00:00,2022-04-11|LONDON,0,ACCEPT,-183.9999999999975
B02|2022-04-12T13:00:00.042000+00:00|-1,B02,2022-04-12T13:00:00.042000+00:00,2022-04-12|LONDON_NY_OVERLAP,0,ACCEPT,-666.9999999999874
F05|2022-04-12T13:00:00.042000+00:00|-1,F05,2022-04-12T13:00:00.042000+00:00,2022-04-12|LONDON_NY_OVERLAP,0,ACCEPT,-471.9999999999942
F05|2022-04-13T06:30:00.199000+00:00|1,F05,2022-04-13T06:30:00.199000+00:00,2022-04-13|ASIA,1,ACCEPT,-342.9999999999893
F05|2022-04-14T00:15:00.363000+00:00|-1,F05,2022-04-14T00:15:00.363000+00:00,2022-04-14|ASIA,0,ACCEPT,-100.00000000000853
F05|2022-04-14T03:30:00.258000+00:00|-1,F05,2022-04-14T03:30:00.258000+00:00,2022-04-14|ASIA,0,ACCEPT,-135.99999999999568
F05|2022-04-14T14:00:00.264000+00:00|1,F05,2022-04-14T14:00:00.264000+00:00,2022-04-14|LONDON_NY_OVERLAP,0,ACCEPT,-39.99999999999204
F05|2022-04-15T01:00:00.288000+00:00|1,F05,2022-04-15T01:00:00.288000+00:00,2022-04-15|ASIA,0,ACCEPT,168.99999999999693
F05|2022-04-15T06:30:00.409000+00:00|1,F05,2022-04-15T06:30:00.409000+00:00,2022-04-15|ASIA,0,ACCEPT,-100.99999999999909
F05|2022-04-18T00:30:00.662000+00:00|1,F05,2022-04-18T00:30:00.662000+00:00,2022-04-18|ASIA,0,ACCEPT,-106.00000000000875
F05|2022-04-18T16:15:00.377000+00:00|1,F05,2022-04-18T16:15:00.377000+00:00,2022-04-18|NEW_YORK,0,ACCEPT,236.0000000000042
F05|2022-04-18T16:45:08.645000+00:00|1,F05,2022-04-18T16:45:08.645000+00:00,2022-04-18|NEW_YORK,0,ACCEPT,367.00000000000443
F05|2022-04-18T19:00:00.007000+00:00|1,F05,2022-04-18T19:00:00.007000+00:00,2022-04-18|NEW_YORK,0,ACCEPT,750.0
F05|2022-04-19T00:45:00.354000+00:00|1,F05,2022-04-19T00:45:00.354000+00:00,2022-04-19|ASIA,0,ACCEPT,1159.000000000006
F05|2022-04-19T01:15:00.333000+00:00|1,F05,2022-04-19T01:15:00.333000+00:00,2022-04-19|ASIA,0,ACCEPT,904.0000000000106
F05|2022-04-19T01:45:01.120000+00:00|1,F05,2022-04-19T01:45:01.120000+00:00,2022-04-19|ASIA,0,ACCEPT,853.9999999999992
F05|2022-04-19T02:15:00.932000+00:00|1,F05,2022-04-19T02:15:00.932000+00:00,2022-04-19|ASIA,0,ACCEPT,710.9999999999985
F05|2022-04-19T03:30:00.253000+00:00|1,F05,2022-04-19T03:30:00.253000+00:00,2022-04-19|ASIA,0,ACCEPT,464.9999999999892
F05|2022-04-19T04:45:02.731000+00:00|1,F05,2022-04-19T04:45:02.731000+00:00,2022-04-19|ASIA,0,ACCEPT,219.99999999999886
F05|2022-04-19T06:15:00.058000+00:00|1,F05,2022-04-19T06:15:00.058000+00:00,2022-04-19|ASIA,0,ACCEPT,409.9999999999966
B02|2022-04-19T08:45:00.509000+00:00|1,B02,2022-04-19T08:45:00.509000+00:00,2022-04-19|LONDON,0,ACCEPT,443.9999999999884
F05|2022-04-19T08:45:00.509000+00:00|1,F05,2022-04-19T08:45:00.509000+00:00,2022-04-19|LONDON,0,ACCEPT,326.9999999999982
F05|2022-04-19T13:00:00.099000+00:00|1,F05,2022-04-19T13:00:00.099000+00:00,2022-04-19|LONDON_NY_OVERLAP,0,ACCEPT,412.9999999999825
F05|2022-04-19T15:00:00.243000+00:00|1,F05,2022-04-19T15:00:00.243000+00:00,2022-04-19|LONDON_NY_OVERLAP,0,ACCEPT,465.0000000000034
F05|2022-04-19T19:30:00.070000+00:00|1,F05,2022-04-19T19:30:00.070000+00:00,2022-04-19|NEW_YORK,0,ACCEPT,-790.0000000000205
B02|2022-04-20T09:45:00.020000+00:00|-1,B02,2022-04-20T09:45:00.020000+00:00,2022-04-20|LONDON,0,ACCEPT,-84.00000000000318
F05|2022-04-20T09:45:00.020000+00:00|-1,F05,2022-04-20T09:45:00.020000+00:00,2022-04-20|LONDON,0,ACCEPT,-41.99999999998738
F05|2022-04-20T10:15:00.581000+00:00|-1,F05,2022-04-20T10:15:00.581000+00:00,2022-04-20|LONDON,1,ACCEPT,4.0000000000048885
F05|2022-04-21T15:45:00.252000+00:00|1,F05,2022-04-21T15:45:00.252000+00:00,2022-04-21|LONDON_NY_OVERLAP,0,ACCEPT,-235.00000000001364
F05|2022-04-22T15:15:00.049000+00:00|1,F05,2022-04-22T15:15:00.049000+00:00,2022-04-22|LONDON_NY_OVERLAP,0,ACCEPT,-280.9999999999775
B02|2022-04-25T07:45:00.030000+00:00|-1,B02,2022-04-25T07:45:00.030000+00:00,2022-04-25|LONDON,0,ACCEPT,-20.000000000010232
F05|2022-04-25T13:45:00.013000+00:00|-1,F05,2022-04-25T13:45:00.013000+00:00,2022-04-25|LONDON_NY_OVERLAP,0,ACCEPT,-316.99999999999307
F05|2022-04-25T15:45:00.075000+00:00|-1,F05,2022-04-25T15:45:00.075000+00:00,2022-04-25|LONDON_NY_OVERLAP,0,ACCEPT,-403.99999999999636
F05|2022-04-26T00:30:00.560000+00:00|-1,F05,2022-04-26T00:30:00.560000+00:00,2022-04-26|ASIA,0,ACCEPT,-532.999999999987
B02|2022-04-26T12:45:01.086000+00:00|-1,B02,2022-04-26T12:45:01.086000+00:00,2022-04-26|LONDON,1,ACCEPT,-0.0
F05|2022-04-26T12:45:01.086000+00:00|-1,F05,2022-04-26T12:45:01.086000+00:00,2022-04-26|LONDON,1,ACCEPT,74.99999999998863
F05|2022-04-26T13:45:00.087000+00:00|-1,F05,2022-04-26T13:45:00.087000+00:00,2022-04-26|LONDON_NY_OVERLAP,0,ACCEPT,-155.9999999999917
B02|2022-04-27T12:30:00.076000+00:00|1,B02,2022-04-27T12:30:00.076000+00:00,2022-04-27|LONDON,0,ACCEPT,-135.00000000000512
F05|2022-04-27T15:00:00.371000+00:00|1,F05,2022-04-27T15:00:00.371000+00:00,2022-04-27|LONDON_NY_OVERLAP,1,ACCEPT,200.00000000001705
F05|2022-04-28T00:45:00.387000+00:00|1,F05,2022-04-28T00:45:00.387000+00:00,2022-04-28|ASIA,0,ACCEPT,1926.9999999999925
F05|2022-04-28T03:15:00.087000+00:00|1,F05,2022-04-28T03:15:00.087000+00:00,2022-04-28|ASIA,0,ACCEPT,1087.0000000000175
F05|2022-04-28T05:45:00.235000+00:00|1,F05,2022-04-28T05:45:00.235000+00:00,2022-04-28|ASIA,0,ACCEPT,506.0000000000002
F05|2022-04-28T07:00:00.105000+00:00|1,F05,2022-04-28T07:00:00.105000+00:00,2022-04-28|LONDON,0,ACCEPT,481.00000000002296
B02|2022-04-28T08:30:00.837000+00:00|1,B02,2022-04-28T08:30:00.837000+00:00,2022-04-28|LONDON,0,ACCEPT,-479.99999999998977
F05|2022-04-28T09:00:01.053000+00:00|1,F05,2022-04-28T09:00:01.053000+00:00,2022-04-28|LONDON,0,ACCEPT,34.99999999999659
F05|2022-04-28T14:30:00.139000+00:00|1,F05,2022-04-28T14:30:00.139000+00:00,2022-04-28|LONDON_NY_OVERLAP,0,ACCEPT,-272.99999999999613
B02|2022-04-29T07:45:01.207000+00:00|-1,B02,2022-04-29T07:45:01.207000+00:00,2022-04-29|LONDON,0,ACCEPT,-21.000000000015007
F05|2022-04-29T07:45:01.207000+00:00|-1,F05,2022-04-29T07:45:01.207000+00:00,2022-04-29|LONDON,0,ACCEPT,257.000000000005
F05|2022-04-29T15:00:00.077000+00:00|-1,F05,2022-04-29T15:00:00.077000+00:00,2022-04-29|LONDON_NY_OVERLAP,0,ACCEPT,-497.99999999999045
B02|2022-05-03T07:15:00.210000+00:00|1,B02,2022-05-03T07:15:00.210000+00:00,2022-05-03|LONDON,0,ACCEPT,-138.00000000000523
B02|2022-05-03T12:15:00.005000+00:00|-1,B02,2022-05-03T12:15:00.005000+00:00,2022-05-03|LONDON,0,ACCEPT,-21.000000000015007
B02|2022-05-04T08:15:09.680000+00:00|-1,B02,2022-05-04T08:15:09.680000+00:00,2022-05-04|LONDON,0,ACCEPT,894.0000000000055
F05|2022-05-04T19:00:00.032000+00:00|-1,F05,2022-05-04T19:00:00.032000+00:00,2022-05-04|NEW_YORK,0,ACCEPT,-293.00000000000637
B02|2022-05-05T07:45:03.008000+00:00|1,B02,2022-05-05T07:45:03.008000+00:00,2022-05-05|LONDON,0,ACCEPT,-68.00000000001205
F05|2022-05-05T16:15:00.084000+00:00|1,F05,2022-05-05T16:15:00.084000+00:00,2022-05-05|NEW_YORK,0,ACCEPT,-150.99999999998204
F05|2022-05-06T01:30:00.440000+00:00|1,F05,2022-05-06T01:30:00.440000+00:00,2022-05-06|ASIA,1,ACCEPT,-211.9999999999891
F05|2022-05-06T02:00:00.187000+00:00|1,F05,2022-05-06T02:00:00.187000+00:00,2022-05-06|ASIA,1,ACCEPT,-270.00000000001023
F05|2022-05-09T00:15:00.129000+00:00|1,F05,2022-05-09T00:15:00.129000+00:00,2022-05-09|ASIA,0,ACCEPT,259.00000000001455
F05|2022-05-09T03:30:00.048000+00:00|1,F05,2022-05-09T03:30:00.048000+00:00,2022-05-09|ASIA,0,ACCEPT,98.99999999998954
F05|2022-05-09T06:45:01.518000+00:00|1,F05,2022-05-09T06:45:01.518000+00:00,2022-05-09|ASIA,0,ACCEPT,-649.0000000000009
B02|2022-05-09T12:45:00.237000+00:00|-1,B02,2022-05-09T12:45:00.237000+00:00,2022-05-09|LONDON,0,ACCEPT,512.0000000000005
F05|2022-05-09T15:30:00.204000+00:00|-1,F05,2022-05-09T15:30:00.204000+00:00,2022-05-09|LONDON_NY_OVERLAP,1,ACCEPT,-104.99999999998977
F05|2022-05-10T00:30:00.182000+00:00|-1,F05,2022-05-10T00:30:00.182000+00:00,2022-05-10|ASIA,0,ACCEPT,-246.99999999998568
F05|2022-05-10T01:15:00.550000+00:00|-1,F05,2022-05-10T01:15:00.550000+00:00,2022-05-10|ASIA,0,ACCEPT,-394.00000000000546
B02|2022-05-11T07:15:00.200000+00:00|-1,B02,2022-05-11T07:15:00.200000+00:00,2022-05-11|LONDON,0,ACCEPT,233.0000000000041
F05|2022-05-11T09:00:00.709000+00:00|-1,F05,2022-05-11T09:00:00.709000+00:00,2022-05-11|LONDON,0,ACCEPT,-73.0000000000075
B02|2022-05-11T12:45:00.075000+00:00|1,B02,2022-05-11T12:45:00.075000+00:00,2022-05-11|LONDON,0,ACCEPT,-99.00000000001796
F05|2022-05-11T12:45:00.075000+00:00|1,F05,2022-05-11T12:45:00.075000+00:00,2022-05-11|LONDON,0,ACCEPT,-525.0000000000057
F05|2022-05-11T17:45:00.194000+00:00|-1,F05,2022-05-11T17:45:00.194000+00:00,2022-05-11|NEW_YORK,1,ACCEPT,-14.000000000010004
F05|2022-05-12T06:30:00.239000+00:00|-1,F05,2022-05-12T06:30:00.239000+00:00,2022-05-12|ASIA,0,ACCEPT,1183.0000000000211
B02|2022-05-12T07:15:00.075000+00:00|-1,B02,2022-05-12T07:15:00.075000+00:00,2022-05-12|LONDON,0,ACCEPT,840.0000000000034
F05|2022-05-12T07:15:00.075000+00:00|-1,F05,2022-05-12T07:15:00.075000+00:00,2022-05-12|LONDON,0,ACCEPT,-75.00000000001705
F05|2022-05-12T07:45:00.341000+00:00|-1,F05,2022-05-12T07:45:00.341000+00:00,2022-05-12|LONDON,1,ACCEPT,-86.00000000001273
F05|2022-05-12T08:15:00.183000+00:00|-1,F05,2022-05-12T08:15:00.183000+00:00,2022-05-12|LONDON,2,BLOCK,-96.00000000000364
F05|2022-05-12T12:45:00.978000+00:00|-1,F05,2022-05-12T12:45:00.978000+00:00,2022-05-12|LONDON,2,BLOCK,-42.00000000000159
F05|2022-05-12T13:45:00.145000+00:00|-1,F05,2022-05-12T13:45:00.145000+00:00,2022-05-12|LONDON_NY_OVERLAP,0,ACCEPT,-668.9999999999969
B02|2022-05-17T08:15:00.315000+00:00|1,B02,2022-05-17T08:15:00.315000+00:00,2022-05-17|LONDON,0,ACCEPT,-120.00000000000455
F05|2022-05-17T13:30:00.114000+00:00|1,F05,2022-05-17T13:30:00.114000+00:00,2022-05-17|LONDON_NY_OVERLAP,0,ACCEPT,-368.9999999999998
F05|2022-05-18T04:15:00.326000+00:00|-1,F05,2022-05-18T04:15:00.326000+00:00,2022-05-18|ASIA,0,ACCEPT,-20.999999999986585
B02|2022-05-18T12:45:00.102000+00:00|-1,B02,2022-05-18T12:45:00.102000+00:00,2022-05-18|LONDON,1,ACCEPT,504.0000000000191
F05|2022-05-18T12:45:00.102000+00:00|-1,F05,2022-05-18T12:45:00.102000+00:00,2022-05-18|LONDON,1,ACCEPT,675.0000000000114
F05|2022-05-18T13:15:00.006000+00:00|-1,F05,2022-05-18T13:15:00.006000+00:00,2022-05-18|LONDON_NY_OVERLAP,0,ACCEPT,489.0000000000043
F05|2022-05-18T13:45:00.476000+00:00|-1,F05,2022-05-18T13:45:00.476000+00:00,2022-05-18|LONDON_NY_OVERLAP,0,ACCEPT,229.99999999998977
F05|2022-05-18T15:00:00.036000+00:00|-1,F05,2022-05-18T15:00:00.036000+00:00,2022-05-18|LONDON_NY_OVERLAP,0,ACCEPT,177.00000000002092
F05|2022-05-18T18:00:00.021000+00:00|-1,F05,2022-05-18T18:00:00.021000+00:00,2022-05-18|NEW_YORK,0,ACCEPT,-400.0000000000057
F05|2022-05-19T00:00:00.098000+00:00|-1,F05,2022-05-19T00:00:00.098000+00:00,2022-05-19|ASIA,0,ACCEPT,-308.9999999999975
B02|2022-05-19T09:00:00.919000+00:00|-1,B02,2022-05-19T09:00:00.919000+00:00,2022-05-19|LONDON,1,ACCEPT,-48.00000000000182
F05|2022-05-19T09:30:00.214000+00:00|-1,F05,2022-05-19T09:30:00.214000+00:00,2022-05-19|LONDON,1,ACCEPT,-36.000000000001364
F05|2022-05-19T10:00:00.057000+00:00|-1,F05,2022-05-19T10:00:00.057000+00:00,2022-05-19|LONDON,2,BLOCK,-33.999999999991815
F05|2022-05-19T12:45:00.125000+00:00|-1,F05,2022-05-19T12:45:00.125000+00:00,2022-05-19|LONDON,3,BLOCK,-496.9999999999999
B02|2022-05-20T09:15:01.011000+00:00|1,B02,2022-05-20T09:15:01.011000+00:00,2022-05-20|LONDON,0,ACCEPT,-400.0000000000057
F05|2022-05-20T09:15:01.011000+00:00|1,F05,2022-05-20T09:15:01.011000+00:00,2022-05-20|LONDON,0,ACCEPT,-636.0000000000099
F05|2022-05-23T02:00:00.736000+00:00|-1,F05,2022-05-23T02:00:00.736000+00:00,2022-05-23|ASIA,0,ACCEPT,-152.9999999999916
F05|2022-05-24T01:45:00.199000+00:00|1,F05,2022-05-24T01:45:00.199000+00:00,2022-05-24|ASIA,0,ACCEPT,-737.9999999999995
B02|2022-05-24T07:15:00.066000+00:00|-1,B02,2022-05-24T07:15:00.066000+00:00,2022-05-24|LONDON,0,ACCEPT,-4.0000000000048885
F05|2022-05-24T08:00:00.061000+00:00|-1,F05,2022-05-24T08:00:00.061000+00:00,2022-05-24|LONDON,1,ACCEPT,718.9999999999941
F05|2022-05-24T13:45:00.083000+00:00|-1,F05,2022-05-24T13:45:00.083000+00:00,2022-05-24|LONDON_NY_OVERLAP,0,ACCEPT,-107.99999999998988
F05|2022-05-24T14:15:00.015000+00:00|-1,F05,2022-05-24T14:15:00.015000+00:00,2022-05-24|LONDON_NY_OVERLAP,0,ACCEPT,-61.99999999999761
B02|2022-05-26T07:15:00.073000+00:00|-1,B02,2022-05-26T07:15:00.073000+00:00,2022-05-26|LONDON,0,ACCEPT,-42.999999999992156
F05|2022-05-26T08:00:00.014000+00:00|-1,F05,2022-05-26T08:00:00.014000+00:00,2022-05-26|LONDON,0,ACCEPT,-628.0000000000001
B02|2022-05-30T08:00:00.096000+00:00|1,B02,2022-05-30T08:00:00.096000+00:00,2022-05-30|LONDON,0,ACCEPT,-9.000000000000341
F05|2022-05-30T08:00:00.096000+00:00|1,F05,2022-05-30T08:00:00.096000+00:00,2022-05-30|LONDON,0,ACCEPT,170.99999999999227
F05|2022-05-30T12:15:00.050000+00:00|1,F05,2022-05-30T12:15:00.050000+00:00,2022-05-30|LONDON,1,ACCEPT,21.000000000000796
F05|2022-05-31T00:15:00.074000+00:00|1,F05,2022-05-31T00:15:00.074000+00:00,2022-05-31|ASIA,0,ACCEPT,-382.99999999998136
B02|2022-05-31T07:45:00.258000+00:00|-1,B02,2022-05-31T07:45:00.258000+00:00,2022-05-31|LONDON,0,ACCEPT,-91.00000000000819
B02|2022-05-31T12:30:00.132000+00:00|1,B02,2022-05-31T12:30:00.132000+00:00,2022-05-31|LONDON,2,BLOCK,470.9999999999752
F05|2022-05-31T12:30:00.132000+00:00|1,F05,2022-05-31T12:30:00.132000+00:00,2022-05-31|LONDON,2,BLOCK,301.9999999999925
F05|2022-05-31T13:45:00.195000+00:00|1,F05,2022-05-31T13:45:00.195000+00:00,2022-05-31|LONDON_NY_OVERLAP,0,ACCEPT,-55.999999999983174
F05|2022-06-01T01:15:02.589000+00:00|1,F05,2022-06-01T01:15:02.589000+00:00,2022-06-01|ASIA,0,ACCEPT,455.99999999998886
F05|2022-06-01T04:15:00.551000+00:00|1,F05,2022-06-01T04:15:00.551000+00:00,2022-06-01|ASIA,0,ACCEPT,271.000000000015
F05|2022-06-01T06:45:00.031000+00:00|1,F05,2022-06-01T06:45:00.031000+00:00,2022-06-01|ASIA,0,ACCEPT,492.00000000001864
B02|2022-06-01T07:30:00.134000+00:00|1,B02,2022-06-01T07:30:00.134000+00:00,2022-06-01|LONDON,0,ACCEPT,-30.000000000001137
F05|2022-06-01T14:15:00.138000+00:00|1,F05,2022-06-01T14:15:00.138000+00:00,2022-06-01|LONDON_NY_OVERLAP,0,ACCEPT,352.00000000000387
F05|2022-06-01T15:45:00.640000+00:00|1,F05,2022-06-01T15:45:00.640000+00:00,2022-06-01|LONDON_NY_OVERLAP,0,ACCEPT,96.00000000000364
B02|2022-06-02T09:30:01.172000+00:00|-1,B02,2022-06-02T09:30:01.172000+00:00,2022-06-02|LONDON,0,ACCEPT,-76.99999999999818
B02|2022-06-03T10:00:00.807000+00:00|1,B02,2022-06-03T10:00:00.807000+00:00,2022-06-03|LONDON,0,ACCEPT,777.9999999999916
F05|2022-06-03T10:00:00.807000+00:00|1,F05,2022-06-03T10:00:00.807000+00:00,2022-06-03|LONDON,0,ACCEPT,794.9999999999875
F05|2022-06-03T10:30:00.083000+00:00|1,F05,2022-06-03T10:30:00.083000+00:00,2022-06-03|LONDON,0,ACCEPT,725.9999999999991
F05|2022-06-03T12:45:00.016000+00:00|1,F05,2022-06-03T12:45:00.016000+00:00,2022-06-03|LONDON,0,ACCEPT,250.0
F05|2022-06-03T15:00:00.062000+00:00|1,F05,2022-06-03T15:00:00.062000+00:00,2022-06-03|LONDON_NY_OVERLAP,0,ACCEPT,110.99999999999
F05|2022-06-03T15:45:01.649000+00:00|1,F05,2022-06-03T15:45:01.649000+00:00,2022-06-03|LONDON_NY_OVERLAP,0,ACCEPT,18.000000000000682
B02|2022-06-06T12:45:00.371000+00:00|1,B02,2022-06-06T12:45:00.371000+00:00,2022-06-06|LONDON,0,ACCEPT,1384.0000000000146
F05|2022-06-06T14:15:00.720000+00:00|1,F05,2022-06-06T14:15:00.720000+00:00,2022-06-06|LONDON_NY_OVERLAP,0,ACCEPT,887.9999999999768
F05|2022-06-06T15:15:00.098000+00:00|1,F05,2022-06-06T15:15:00.098000+00:00,2022-06-06|LONDON_NY_OVERLAP,0,ACCEPT,386.0000000000241
F05|2022-06-06T17:15:00.132000+00:00|1,F05,2022-06-06T17:15:00.132000+00:00,2022-06-06|NEW_YORK,0,ACCEPT,730.9999999999945
F05|2022-06-06T18:00:03.878000+00:00|1,F05,2022-06-06T18:00:03.878000+00:00,2022-06-06|NEW_YORK,0,ACCEPT,772.0000000000198
F05|2022-06-06T18:30:00.228000+00:00|1,F05,2022-06-06T18:30:00.228000+00:00,2022-06-06|NEW_YORK,0,ACCEPT,766.9999999999959
F05|2022-06-07T01:15:01.269000+00:00|1,F05,2022-06-07T01:15:01.269000+00:00,2022-06-07|ASIA,0,ACCEPT,167.0000000000016
F05|2022-06-07T04:45:00.015000+00:00|1,F05,2022-06-07T04:45:00.015000+00:00,2022-06-07|ASIA,0,ACCEPT,-237.0000000000232
F05|2022-06-07T06:15:03.738000+00:00|1,F05,2022-06-07T06:15:03.738000+00:00,2022-06-07|ASIA,0,ACCEPT,-326.9999999999982
F05|2022-06-08T01:00:00.016000+00:00|1,F05,2022-06-08T01:00:00.016000+00:00,2022-06-08|ASIA,0,ACCEPT,758.0000000000098
F05|2022-06-08T05:00:00.038000+00:00|1,F05,2022-06-08T05:00:00.038000+00:00,2022-06-08|ASIA,0,ACCEPT,1031.9999999999823
F05|2022-06-08T07:00:00.135000+00:00|1,F05,2022-06-08T07:00:00.135000+00:00,2022-06-08|LONDON,0,ACCEPT,530.0000000000011
B02|2022-06-08T07:30:00.072000+00:00|1,B02,2022-06-08T07:30:00.072000+00:00,2022-06-08|LONDON,0,ACCEPT,769.0000000000055
F05|2022-06-08T07:30:00.072000+00:00|1,F05,2022-06-08T07:30:00.072000+00:00,2022-06-08|LONDON,0,ACCEPT,460.00000000000796
F05|2022-06-08T08:00:00.032000+00:00|1,F05,2022-06-08T08:00:00.032000+00:00,2022-06-08|LONDON,0,ACCEPT,467.00000000001296
F05|2022-06-08T08:45:00.169000+00:00|1,F05,2022-06-08T08:45:00.169000+00:00,2022-06-08|LONDON,0,ACCEPT,171.99999999999704
F05|2022-06-08T10:45:00.365000+00:00|1,F05,2022-06-08T10:45:00.365000+00:00,2022-06-08|LONDON,0,ACCEPT,189.99999999999773
F05|2022-06-08T12:30:00.101000+00:00|1,F05,2022-06-08T12:30:00.101000+00:00,2022-06-08|LONDON,0,ACCEPT,-12.000000000000455
B02|2022-06-09T07:30:00.830000+00:00|-1,B02,2022-06-09T07:30:00.830000+00:00,2022-06-09|LONDON,0,ACCEPT,-96.00000000000364
F05|2022-06-09T10:15:00.106000+00:00|-1,F05,2022-06-09T10:15:00.106000+00:00,2022-06-09|LONDON,1,ACCEPT,-855.9999999999945
F05|2022-06-09T10:45:00.135000+00:00|-1,F05,2022-06-09T10:45:00.135000+00:00,2022-06-09|LONDON,1,ACCEPT,-981.9999999999993
B02|2022-06-10T07:30:00.019000+00:00|-1,B02,2022-06-10T07:30:00.019000+00:00,2022-06-10|LONDON,0,ACCEPT,-1004.0000000000191
F05|2022-06-13T01:00:00.443000+00:00|1,F05,2022-06-13T01:00:00.443000+00:00,2022-06-13|ASIA,0,ACCEPT,-634.0000000000146
F05|2022-06-13T04:15:01.036000+00:00|1,F05,2022-06-13T04:15:01.036000+00:00,2022-06-13|ASIA,0,ACCEPT,-650.0000000000057
B02|2022-06-13T08:45:00.071000+00:00|-1,B02,2022-06-13T08:45:00.071000+00:00,2022-06-13|LONDON,0,ACCEPT,-206.00000000001728
F05|2022-06-13T13:45:00.109000+00:00|-1,F05,2022-06-13T13:45:00.109000+00:00,2022-06-13|LONDON_NY_OVERLAP,0,ACCEPT,-618.9999999999998
F05|2022-06-14T15:15:00.109000+00:00|1,F05,2022-06-14T15:15:00.109000+00:00,2022-06-14|LONDON_NY_OVERLAP,0,ACCEPT,332.9999999999984
F05|2022-06-14T19:00:00.012000+00:00|1,F05,2022-06-14T19:00:00.012000+00:00,2022-06-14|NEW_YORK,0,ACCEPT,-136.99999999997203
B02|2022-06-15T09:15:00.183000+00:00|-1,B02,2022-06-15T09:15:00.183000+00:00,2022-06-15|LONDON,0,ACCEPT,-42.00000000000159
F05|2022-06-15T18:45:00.020000+00:00|-1,F05,2022-06-15T18:45:00.020000+00:00,2022-06-15|NEW_YORK,0,ACCEPT,-183.9999999999975
F05|2022-06-15T19:30:00.111000+00:00|-1,F05,2022-06-15T19:30:00.111000+00:00,2022-06-15|NEW_YORK,1,ACCEPT,-834.0000000000032
B02|2022-06-16T08:30:00.547000+00:00|-1,B02,2022-06-16T08:30:00.547000+00:00,2022-06-16|LONDON,0,ACCEPT,1426.0000000000161
F05|2022-06-16T09:00:00.051000+00:00|-1,F05,2022-06-16T09:00:00.051000+00:00,2022-06-16|LONDON,0,ACCEPT,1403.00000000002
F05|2022-06-16T15:30:00.022000+00:00|-1,F05,2022-06-16T15:30:00.022000+00:00,2022-06-16|LONDON_NY_OVERLAP,0,ACCEPT,-79.00000000000773
B02|2022-06-17T09:30:01.032000+00:00|1,B02,2022-06-17T09:30:01.032000+00:00,2022-06-17|LONDON,0,ACCEPT,-174.99999999998295
F05|2022-06-17T09:30:01.032000+00:00|1,F05,2022-06-17T09:30:01.032000+00:00,2022-06-17|LONDON,0,ACCEPT,130.00000000002387
F05|2022-06-17T14:15:00.102000+00:00|1,F05,2022-06-17T14:15:00.102000+00:00,2022-06-17|LONDON_NY_OVERLAP,0,ACCEPT,152.9999999999916
F05|2022-06-17T15:00:00.086000+00:00|1,F05,2022-06-17T15:00:00.086000+00:00,2022-06-17|LONDON_NY_OVERLAP,0,ACCEPT,-86.99999999998909
B02|2022-06-20T07:45:01.116000+00:00|-1,B02,2022-06-20T07:45:01.116000+00:00,2022-06-20|LONDON,0,ACCEPT,-122.0000000000141
B02|2022-06-21T08:15:01.404000+00:00|1,B02,2022-06-21T08:15:01.404000+00:00,2022-06-21|LONDON,0,ACCEPT,1364.0000000000043
F05|2022-06-21T08:15:01.404000+00:00|1,F05,2022-06-21T08:15:01.404000+00:00,2022-06-21|LONDON,0,ACCEPT,983.0000000000041
F05|2022-06-21T11:00:00.098000+00:00|1,F05,2022-06-21T11:00:00.098000+00:00,2022-06-21|LONDON,0,ACCEPT,722.0000000000084
F05|2022-06-21T12:00:00.103000+00:00|1,F05,2022-06-21T12:00:00.103000+00:00,2022-06-21|LONDON,0,ACCEPT,484.9999999999852
F05|2022-06-21T17:15:03.019000+00:00|1,F05,2022-06-21T17:15:03.019000+00:00,2022-06-21|NEW_YORK,0,ACCEPT,-189.99999999999773
F05|2022-06-21T18:30:01.186000+00:00|1,F05,2022-06-21T18:30:01.186000+00:00,2022-06-21|NEW_YORK,0,ACCEPT,-300.9999999999877
B02|2022-06-22T09:45:00.149000+00:00|-1,B02,2022-06-22T09:45:00.149000+00:00,2022-06-22|LONDON,0,ACCEPT,-173.00000000000182
F05|2022-06-22T13:00:00.044000+00:00|-1,F05,2022-06-22T13:00:00.044000+00:00,2022-06-22|LONDON_NY_OVERLAP,0,ACCEPT,-508.99999999998613
F05|2022-06-23T02:45:00.027000+00:00|-1,F05,2022-06-23T02:45:00.027000+00:00,2022-06-23|ASIA,0,ACCEPT,154.99999999997272
B02|2022-06-23T12:45:00.085000+00:00|-1,B02,2022-06-23T12:45:00.085000+00:00,2022-06-23|LONDON,0,ACCEPT,-73.0000000000075
F05|2022-06-23T12:45:00.085000+00:00|-1,F05,2022-06-23T12:45:00.085000+00:00,2022-06-23|LONDON,0,ACCEPT,91.99999999998454
F05|2022-06-23T14:00:00.070000+00:00|-1,F05,2022-06-23T14:00:00.070000+00:00,2022-06-23|LONDON_NY_OVERLAP,0,ACCEPT,-12.000000000000455
B02|2022-06-24T07:15:00.121000+00:00|-1,B02,2022-06-24T07:15:00.121000+00:00,2022-06-24|LONDON,0,ACCEPT,-802.9999999999973
B02|2022-06-24T12:00:00.406000+00:00|1,B02,2022-06-24T12:00:00.406000+00:00,2022-06-24|LONDON,0,ACCEPT,-289.99999999999204
F05|2022-06-24T17:45:01.757000+00:00|1,F05,2022-06-24T17:45:01.757000+00:00,2022-06-24|NEW_YORK,0,ACCEPT,-645.0000000000102
B02|2022-06-27T09:30:00.492000+00:00|1,B02,2022-06-27T09:30:00.492000+00:00,2022-06-27|LONDON,0,ACCEPT,-32.00000000001069
F05|2022-06-27T12:00:01.100000+00:00|1,F05,2022-06-27T12:00:01.100000+00:00,2022-06-27|LONDON,1,ACCEPT,6.000000000000227
F05|2022-06-28T06:45:00.042000+00:00|1,F05,2022-06-28T06:45:00.042000+00:00,2022-06-28|ASIA,0,ACCEPT,539.999999999992
B02|2022-06-28T07:15:00.013000+00:00|1,B02,2022-06-28T07:15:00.013000+00:00,2022-06-28|LONDON,0,ACCEPT,-4.9999999999954525
F05|2022-06-28T07:15:00.013000+00:00|1,F05,2022-06-28T07:15:00.013000+00:00,2022-06-28|LONDON,0,ACCEPT,456.99999999999363
F05|2022-06-28T09:30:00.699000+00:00|1,F05,2022-06-28T09:30:00.699000+00:00,2022-06-28|LONDON,1,ACCEPT,377.00000000000955
F05|2022-06-28T10:45:00.461000+00:00|1,F05,2022-06-28T10:45:00.461000+00:00,2022-06-28|LONDON,1,ACCEPT,90.00000000000341
B02|2022-06-29T09:45:00.428000+00:00|1,B02,2022-06-29T09:45:00.428000+00:00,2022-06-29|LONDON,0,ACCEPT,259.9999999999909
F05|2022-06-29T10:00:00.296000+00:00|1,F05,2022-06-29T10:00:00.296000+00:00,2022-06-29|LONDON,0,ACCEPT,14.999999999986358
F05|2022-06-29T13:15:00.280000+00:00|1,F05,2022-06-29T13:15:00.280000+00:00,2022-06-29|LONDON_NY_OVERLAP,0,ACCEPT,-138.99999999998158
B02|2022-06-30T07:15:01.306000+00:00|-1,B02,2022-06-30T07:15:01.306000+00:00,2022-06-30|LONDON,0,ACCEPT,-46.999999999997044
F05|2022-06-30T13:30:00.189000+00:00|-1,F05,2022-06-30T13:30:00.189000+00:00,2022-06-30|LONDON_NY_OVERLAP,0,ACCEPT,165.99999999999682
F05|2022-06-30T16:00:00.092000+00:00|-1,F05,2022-06-30T16:00:00.092000+00:00,2022-06-30|NEW_YORK,0,ACCEPT,-96.99999999997999
F05|2022-06-30T16:30:00.114000+00:00|-1,F05,2022-06-30T16:30:00.114000+00:00,2022-06-30|NEW_YORK,0,ACCEPT,-147.99999999999613
F05|2022-07-01T02:30:00.320000+00:00|-1,F05,2022-07-01T02:30:00.320000+00:00,2022-07-01|ASIA,2,BLOCK,-50.00000000001137
F05|2022-07-01T03:30:00.159000+00:00|-1,F05,2022-07-01T03:30:00.159000+00:00,2022-07-01|ASIA,2,BLOCK,-55.00000000000682
F05|2022-07-01T05:15:00.377000+00:00|-1,F05,2022-07-01T05:15:00.377000+00:00,2022-07-01|ASIA,2,BLOCK,-427.99999999999727
B02|2022-07-04T09:45:00.070000+00:00|1,B02,2022-07-04T09:45:00.070000+00:00,2022-07-04|LONDON,0,ACCEPT,37.00000000000614
F05|2022-07-04T14:30:02.955000+00:00|1,F05,2022-07-04T14:30:02.955000+00:00,2022-07-04|LONDON_NY_OVERLAP,0,ACCEPT,153.99999999999636
F05|2022-07-04T15:00:00.264000+00:00|1,F05,2022-07-04T15:00:00.264000+00:00,2022-07-04|LONDON_NY_OVERLAP,0,ACCEPT,-25.000000000005684
F05|2022-07-05T01:00:00.002000+00:00|1,F05,2022-07-05T01:00:00.002000+00:00,2022-07-05|ASIA,0,ACCEPT,-212.0000000000175
F05|2022-07-05T01:30:00.342000+00:00|1,F05,2022-07-05T01:30:00.342000+00:00,2022-07-05|ASIA,0,ACCEPT,-514.9999999999864
B02|2022-07-05T08:30:00.233000+00:00|-1,B02,2022-07-05T08:30:00.233000+00:00,2022-07-05|LONDON,0,ACCEPT,-82.99999999999841
F05|2022-07-06T01:15:00.099000+00:00|-1,F05,2022-07-06T01:15:00.099000+00:00,2022-07-06|ASIA,0,ACCEPT,174.99999999998295
F05|2022-07-06T06:15:00.209000+00:00|-1,F05,2022-07-06T06:15:00.209000+00:00,2022-07-06|ASIA,0,ACCEPT,-740.9999999999854
B02|2022-07-07T08:00:00.379000+00:00|1,B02,2022-07-07T08:00:00.379000+00:00,2022-07-07|LONDON,0,ACCEPT,-144.00000000000546
F05|2022-07-07T08:00:00.379000+00:00|1,F05,2022-07-07T08:00:00.379000+00:00,2022-07-07|LONDON,0,ACCEPT,-138.00000000000523
B02|2022-07-08T12:45:00.193000+00:00|1,B02,2022-07-08T12:45:00.193000+00:00,2022-07-08|LONDON,0,ACCEPT,-133.99999999998613
F05|2022-07-08T12:45:00.193000+00:00|1,F05,2022-07-08T12:45:00.193000+00:00,2022-07-08|LONDON,0,ACCEPT,-363.9999999999759
F05|2022-07-11T01:15:00.002000+00:00|1,F05,2022-07-11T01:15:00.002000+00:00,2022-07-11|ASIA,1,ACCEPT,361.99999999999477
B02|2022-07-11T12:00:00.068000+00:00|1,B02,2022-07-11T12:00:00.068000+00:00,2022-07-11|LONDON,0,ACCEPT,-14.999999999986358
F05|2022-07-11T12:00:00.068000+00:00|1,F05,2022-07-11T12:00:00.068000+00:00,2022-07-11|LONDON,0,ACCEPT,26.999999999986812
F05|2022-07-11T12:45:00.164000+00:00|1,F05,2022-07-11T12:45:00.164000+00:00,2022-07-11|LONDON,0,ACCEPT,-229.99999999998977
F05|2022-07-11T13:15:00.126000+00:00|1,F05,2022-07-11T13:15:00.126000+00:00,2022-07-11|LONDON_NY_OVERLAP,0,ACCEPT,-271.99999999999136
B02|2022-07-12T10:00:00.103000+00:00|-1,B02,2022-07-12T10:00:00.103000+00:00,2022-07-12|LONDON,0,ACCEPT,-22.999999999996135
F05|2022-07-12T10:00:00.103000+00:00|-1,F05,2022-07-12T10:00:00.103000+00:00,2022-07-12|LONDON,0,ACCEPT,135.99999999999568
F05|2022-07-12T11:30:00.097000+00:00|-1,F05,2022-07-12T11:30:00.097000+00:00,2022-07-12|LONDON,1,ACCEPT,-161.00000000000136
B02|2022-07-13T12:45:00.004000+00:00|1,B02,2022-07-13T12:45:00.004000+00:00,2022-07-13|LONDON,0,ACCEPT,-110.99999999999
F05|2022-07-13T12:45:00.004000+00:00|1,F05,2022-07-13T12:45:00.004000+00:00,2022-07-13|LONDON,0,ACCEPT,-304.9999999999784
F05|2022-07-13T14:15:00.461000+00:00|1,F05,2022-07-13T14:15:00.461000+00:00,2022-07-13|LONDON_NY_OVERLAP,0,ACCEPT,-414.99999999999204
F05|2022-07-14T01:00:00.134000+00:00|1,F05,2022-07-14T01:00:00.134000+00:00,2022-07-14|ASIA,0,ACCEPT,1150.999999999982
F05|2022-07-14T02:15:00.359000+00:00|1,F05,2022-07-14T02:15:00.359000+00:00,2022-07-14|ASIA,0,ACCEPT,751.0000000000048
F05|2022-07-14T05:00:00.162000+00:00|1,F05,2022-07-14T05:00:00.162000+00:00,2022-07-14|ASIA,0,ACCEPT,888.0000000000052
F05|2022-07-14T05:30:03.240000+00:00|1,F05,2022-07-14T05:30:03.240000+00:00,2022-07-14|ASIA,0,ACCEPT,846.0000000000036
F05|2022-07-14T06:30:00.108000+00:00|1,F05,2022-07-14T06:30:00.108000+00:00,2022-07-14|ASIA,0,ACCEPT,695.999999999998
F05|2022-07-14T07:00:00.290000+00:00|1,F05,2022-07-14T07:00:00.290000+00:00,2022-07-14|LONDON,0,ACCEPT,462.99999999999386
B02|2022-07-14T07:15:00.033000+00:00|1,B02,2022-07-14T07:15:00.033000+00:00,2022-07-14|LONDON,0,ACCEPT,-168.99999999998272
F05|2022-07-14T08:00:00.030000+00:00|1,F05,2022-07-14T08:00:00.030000+00:00,2022-07-14|LONDON,0,ACCEPT,-179.00000000000205
B02|2022-07-15T07:15:00.129000+00:00|-1,B02,2022-07-15T07:15:00.129000+00:00,2022-07-15|LONDON,0,ACCEPT,54.9999999999784
F05|2022-07-15T14:45:00.217000+00:00|-1,F05,2022-07-15T14:45:00.217000+00:00,2022-07-15|LONDON_NY_OVERLAP,0,ACCEPT,-49.000000000006594
F05|2022-07-18T01:00:00.972000+00:00|-1,F05,2022-07-18T01:00:00.972000+00:00,2022-07-18|ASIA,0,ACCEPT,62.99999999998818
F05|2022-07-18T01:30:00.530000+00:00|-1,F05,2022-07-18T01:30:00.530000+00:00,2022-07-18|ASIA,0,ACCEPT,-97.00000000000841
B02|2022-07-18T08:15:00.502000+00:00|-1,B02,2022-07-18T08:15:00.502000+00:00,2022-07-18|LONDON,0,ACCEPT,-182.99999999999272
F05|2022-07-18T08:15:00.502000+00:00|-1,F05,2022-07-18T08:15:00.502000+00:00,2022-07-18|LONDON,0,ACCEPT,-232.99999999997567
F05|2022-07-19T07:00:00.118000+00:00|-1,F05,2022-07-19T07:00:00.118000+00:00,2022-07-19|LONDON,0,ACCEPT,-72.00000000000273
B02|2022-07-19T09:15:00.603000+00:00|-1,B02,2022-07-19T09:15:00.603000+00:00,2022-07-19|LONDON,0,ACCEPT,-44.00000000001114
F05|2022-07-19T10:15:02.059000+00:00|-1,F05,2022-07-19T10:15:02.059000+00:00,2022-07-19|LONDON,1,ACCEPT,-652.0000000000152
F05|2022-07-19T11:00:00.127000+00:00|-1,F05,2022-07-19T11:00:00.127000+00:00,2022-07-19|LONDON,1,ACCEPT,-722.9999999999848
F05|2022-07-21T00:45:00.839000+00:00|1,F05,2022-07-21T00:45:00.839000+00:00,2022-07-21|ASIA,0,ACCEPT,87.99999999999386
B02|2022-07-21T07:30:00.087000+00:00|1,B02,2022-07-21T07:30:00.087000+00:00,2022-07-21|LONDON,0,ACCEPT,-50.99999999998772
F05|2022-07-21T07:30:00.087000+00:00|1,F05,2022-07-21T07:30:00.087000+00:00,2022-07-21|LONDON,0,ACCEPT,-573.9999999999839
F05|2022-07-21T09:00:00.748000+00:00|1,F05,2022-07-21T09:00:00.748000+00:00,2022-07-21|LONDON,0,ACCEPT,-725.0000000000227
F05|2022-07-21T15:00:00.532000+00:00|-1,F05,2022-07-21T15:00:00.532000+00:00,2022-07-21|LONDON_NY_OVERLAP,0,ACCEPT,-3.9999999999906777
F05|2022-07-21T19:00:00.100000+00:00|-1,F05,2022-07-21T19:00:00.100000+00:00,2022-07-21|NEW_YORK,1,ACCEPT,126.99999999998113
B02|2022-07-22T11:45:00.035000+00:00|-1,B02,2022-07-22T11:45:00.035000+00:00,2022-07-22|LONDON,0,ACCEPT,622.9999999999905
F05|2022-07-22T11:45:00.035000+00:00|-1,F05,2022-07-22T11:45:00.035000+00:00,2022-07-22|LONDON,0,ACCEPT,898.9999999999725
F05|2022-07-22T12:30:00.008000+00:00|-1,F05,2022-07-22T12:30:00.008000+00:00,2022-07-22|LONDON,0,ACCEPT,-20.999999999986585
F05|2022-07-22T13:30:00.083000+00:00|-1,F05,2022-07-22T13:30:00.083000+00:00,2022-07-22|LONDON_NY_OVERLAP,0,ACCEPT,-5.000000000023874
F05|2022-07-22T14:00:00.080000+00:00|-1,F05,2022-07-22T14:00:00.080000+00:00,2022-07-22|LONDON_NY_OVERLAP,1,ACCEPT,-176.00000000001614
B02|2022-07-25T12:00:00.128000+00:00|1,B02,2022-07-25T12:00:00.128000+00:00,2022-07-25|LONDON,0,ACCEPT,-75.9999999999934
F05|2022-07-27T01:00:00.029000+00:00|1,F05,2022-07-27T01:00:00.029000+00:00,2022-07-27|ASIA,0,ACCEPT,-270.00000000001023
B02|2022-07-27T08:30:01.221000+00:00|-1,B02,2022-07-27T08:30:01.221000+00:00,2022-07-27|LONDON,0,ACCEPT,-15.999999999991132
F05|2022-07-27T14:30:00.053000+00:00|1,F05,2022-07-27T14:30:00.053000+00:00,2022-07-27|LONDON_NY_OVERLAP,0,ACCEPT,-640.9999999999911
F05|2022-07-27T16:00:00.058000+00:00|1,F05,2022-07-27T16:00:00.058000+00:00,2022-07-27|NEW_YORK,0,ACCEPT,-1236.9999999999948
F05|2022-07-27T16:30:00.204000+00:00|1,F05,2022-07-27T16:30:00.204000+00:00,2022-07-27|NEW_YORK,0,ACCEPT,-1048.0000000000018
F05|2022-07-27T19:00:00.073000+00:00|-1,F05,2022-07-27T19:00:00.073000+00:00,2022-07-27|NEW_YORK,0,ACCEPT,-75.9999999999934
F05|2022-07-28T01:15:00.008000+00:00|-1,F05,2022-07-28T01:15:00.008000+00:00,2022-07-28|ASIA,2,BLOCK,379.99999999999545
B02|2022-07-28T12:45:00.099000+00:00|-1,B02,2022-07-28T12:45:00.099000+00:00,2022-07-28|LONDON,0,ACCEPT,361.99999999999477
F05|2022-07-28T12:45:00.099000+00:00|-1,F05,2022-07-28T12:45:00.099000+00:00,2022-07-28|LONDON,0,ACCEPT,-21.000000000015007
F05|2022-07-28T13:30:00.008000+00:00|-1,F05,2022-07-28T13:30:00.008000+00:00,2022-07-28|LONDON_NY_OVERLAP,0,ACCEPT,247.99999999999045
F05|2022-07-28T19:15:03.255000+00:00|-1,F05,2022-07-28T19:15:03.255000+00:00,2022-07-28|NEW_YORK,0,ACCEPT,544.0000000000111
F05|2022-07-29T03:15:00.020000+00:00|-1,F05,2022-07-29T03:15:00.020000+00:00,2022-07-29|ASIA,0,ACCEPT,-69.99999999999318
F05|2022-07-29T06:30:00.006000+00:00|-1,F05,2022-07-29T06:30:00.006000+00:00,2022-07-29|ASIA,1,ACCEPT,-43.00000000000637
F05|2022-08-01T01:15:00.222000+00:00|-1,F05,2022-08-01T01:15:00.222000+00:00,2022-08-01|ASIA,0,ACCEPT,-106.99999999999932
B02|2022-08-01T09:45:00.351000+00:00|-1,B02,2022-08-01T09:45:00.351000+00:00,2022-08-01|LONDON,1,ACCEPT,-13.999999999981583
F05|2022-08-01T09:45:00.351000+00:00|-1,F05,2022-08-01T09:45:00.351000+00:00,2022-08-01|LONDON,1,ACCEPT,181.0000000000116
F05|2022-08-01T15:00:00.146000+00:00|-1,F05,2022-08-01T15:00:00.146000+00:00,2022-08-01|LONDON_NY_OVERLAP,0,ACCEPT,-9.000000000014552
F05|2022-08-02T00:00:00.102000+00:00|-1,F05,2022-08-02T00:00:00.102000+00:00,2022-08-02|ASIA,0,ACCEPT,566.9999999999789
F05|2022-08-02T01:45:00.665000+00:00|-1,F05,2022-08-02T01:45:00.665000+00:00,2022-08-02|ASIA,0,ACCEPT,-39.99999999999204
F05|2022-08-02T15:45:00.114000+00:00|1,F05,2022-08-02T15:45:00.114000+00:00,2022-08-02|LONDON_NY_OVERLAP,0,ACCEPT,1266.0000000000196
F05|2022-08-02T17:30:00.076000+00:00|1,F05,2022-08-02T17:30:00.076000+00:00,2022-08-02|NEW_YORK,0,ACCEPT,775.999999999982
F05|2022-08-03T00:30:00.110000+00:00|1,F05,2022-08-03T00:30:00.110000+00:00,2022-08-03|ASIA,0,ACCEPT,-665.9999999999968
F05|2022-08-03T14:15:00.032000+00:00|1,F05,2022-08-03T14:15:00.032000+00:00,2022-08-03|LONDON_NY_OVERLAP,0,ACCEPT,-350.00000000002274
B02|2022-08-04T08:45:01.371000+00:00|1,B02,2022-08-04T08:45:01.371000+00:00,2022-08-04|LONDON,0,ACCEPT,-1375.0
B02|2022-08-04T12:15:00.155000+00:00|-1,B02,2022-08-04T12:15:00.155000+00:00,2022-08-04|LONDON,0,ACCEPT,-137.00000000000045
F05|2022-08-04T12:15:00.155000+00:00|-1,F05,2022-08-04T12:15:00.155000+00:00,2022-08-04|LONDON,0,ACCEPT,-18.999999999977035
F05|2022-08-04T19:00:00.115000+00:00|-1,F05,2022-08-04T19:00:00.115000+00:00,2022-08-04|NEW_YORK,0,ACCEPT,-13.00000000000523
F05|2022-08-04T19:30:00.405000+00:00|-1,F05,2022-08-04T19:30:00.405000+00:00,2022-08-04|NEW_YORK,1,ACCEPT,-307.9999999999927
B02|2022-08-05T12:45:00.031000+00:00|1,B02,2022-08-05T12:45:00.031000+00:00,2022-08-05|LONDON,0,ACCEPT,934.0000000000259
F05|2022-08-05T12:45:00.031000+00:00|1,F05,2022-08-05T12:45:00.031000+00:00,2022-08-05|LONDON,0,ACCEPT,594.0000000000225
F05|2022-08-05T14:15:00.187000+00:00|1,F05,2022-08-05T14:15:00.187000+00:00,2022-08-05|LONDON_NY_OVERLAP,0,ACCEPT,76.00000000002183
F05|2022-08-05T15:30:00.096000+00:00|1,F05,2022-08-05T15:30:00.096000+00:00,2022-08-05|LONDON_NY_OVERLAP,0,ACCEPT,-350.9999999999991
F05|2022-08-08T00:30:00.087000+00:00|1,F05,2022-08-08T00:30:00.087000+00:00,2022-08-08|ASIA,0,ACCEPT,-451.9999999999982
B02|2022-08-08T08:00:00.079000+00:00|-1,B02,2022-08-08T08:00:00.079000+00:00,2022-08-08|LONDON,0,ACCEPT,-84.99999999997954
F05|2022-08-08T14:00:00.135000+00:00|-1,F05,2022-08-08T14:00:00.135000+00:00,2022-08-08|LONDON_NY_OVERLAP,0,ACCEPT,-52.00000000002092
F05|2022-08-10T00:30:00.043000+00:00|1,F05,2022-08-10T00:30:00.043000+00:00,2022-08-10|ASIA,0,ACCEPT,-296.99999999999704
B02|2022-08-10T09:30:00.096000+00:00|-1,B02,2022-08-10T09:30:00.096000+00:00,2022-08-10|LONDON,1,ACCEPT,-155.00000000000114
F05|2022-08-10T12:00:00.088000+00:00|-1,F05,2022-08-10T12:00:00.088000+00:00,2022-08-10|LONDON,1,ACCEPT,1893.0000000000007
F05|2022-08-10T12:45:00.123000+00:00|-1,F05,2022-08-10T12:45:00.123000+00:00,2022-08-10|LONDON,2,BLOCK,-132.000000000005
F05|2022-08-10T14:00:00.098000+00:00|-1,F05,2022-08-10T14:00:00.098000+00:00,2022-08-10|LONDON_NY_OVERLAP,0,ACCEPT,-39.99999999999204
B02|2022-08-11T07:15:01.782000+00:00|-1,B02,2022-08-11T07:15:01.782000+00:00,2022-08-11|LONDON,0,ACCEPT,-24.00000000000091
F05|2022-08-11T12:45:00.005000+00:00|-1,F05,2022-08-11T12:45:00.005000+00:00,2022-08-11|LONDON,1,ACCEPT,-21.99999999999136
F05|2022-08-12T00:30:00.077000+00:00|1,F05,2022-08-12T00:30:00.077000+00:00,2022-08-12|ASIA,0,ACCEPT,-24.999999999977263
F05|2022-08-12T02:45:00.127000+00:00|1,F05,2022-08-12T02:45:00.127000+00:00,2022-08-12|ASIA,0,ACCEPT,86.00000000001273
B02|2022-08-12T10:15:00.088000+00:00|1,B02,2022-08-12T10:15:00.088000+00:00,2022-08-12|LONDON,1,ACCEPT,-4.000000000019099
F05|2022-08-12T10:15:00.088000+00:00|1,F05,2022-08-12T10:15:00.088000+00:00,2022-08-12|LONDON,1,ACCEPT,-132.000000000005
F05|2022-08-12T11:30:00.588000+00:00|1,F05,2022-08-12T11:30:00.588000+00:00,2022-08-12|LONDON,0,ACCEPT,-323.0000000000075
F05|2022-08-15T01:00:00.006000+00:00|-1,F05,2022-08-15T01:00:00.006000+00:00,2022-08-15|ASIA,0,ACCEPT,-341.0000000000082
B02|2022-08-15T07:30:00.036000+00:00|1,B02,2022-08-15T07:30:00.036000+00:00,2022-08-15|LONDON,0,ACCEPT,-3.9999999999906777
B02|2022-08-15T12:30:00.092000+00:00|-1,B02,2022-08-15T12:30:00.092000+00:00,2022-08-15|LONDON,2,BLOCK,-134.9999999999909
F05|2022-08-15T12:30:00.092000+00:00|-1,F05,2022-08-15T12:30:00.092000+00:00,2022-08-15|LONDON,2,BLOCK,-543.0000000000064
B02|2022-08-16T07:15:00.635000+00:00|1,B02,2022-08-16T07:15:00.635000+00:00,2022-08-16|LONDON,0,ACCEPT,-16.000000000019554
F05|2022-08-16T07:15:00.635000+00:00|1,F05,2022-08-16T07:15:00.635000+00:00,2022-08-16|LONDON,0,ACCEPT,669.9999999999875
F05|2022-08-16T08:15:00.136000+00:00|1,F05,2022-08-16T08:15:00.136000+00:00,2022-08-16|LONDON,1,ACCEPT,531.9999999999823
F05|2022-08-16T09:00:00.098000+00:00|1,F05,2022-08-16T09:00:00.098000+00:00,2022-08-16|LONDON,1,ACCEPT,450.9999999999934
F05|2022-08-16T11:00:00.006000+00:00|1,F05,2022-08-16T11:00:00.006000+00:00,2022-08-16|LONDON,1,ACCEPT,21.99999999999136
F05|2022-08-16T13:00:00.025000+00:00|1,F05,2022-08-16T13:00:00.025000+00:00,2022-08-16|LONDON_NY_OVERLAP,0,ACCEPT,-394.00000000000546
B02|2022-08-17T07:30:00.054000+00:00|1,B02,2022-08-17T07:30:00.054000+00:00,2022-08-17|LONDON,0,ACCEPT,-39.99999999999204
F05|2022-08-17T07:30:00.054000+00:00|1,F05,2022-08-17T07:30:00.054000+00:00,2022-08-17|LONDON,0,ACCEPT,610.0000000000136
F05|2022-08-17T11:00:00.042000+00:00|1,F05,2022-08-17T11:00:00.042000+00:00,2022-08-17|LONDON,1,ACCEPT,70.99999999999795
F05|2022-08-17T15:00:00.375000+00:00|1,F05,2022-08-17T15:00:00.375000+00:00,2022-08-17|LONDON_NY_OVERLAP,0,ACCEPT,-399.99999999997726
B02|2022-08-18T12:30:00.008000+00:00|-1,B02,2022-08-18T12:30:00.008000+00:00,2022-08-18|LONDON,0,ACCEPT,-1519.0000000000055
F05|2022-08-18T17:00:00.027000+00:00|1,F05,2022-08-18T17:00:00.027000+00:00,2022-08-18|NEW_YORK,0,ACCEPT,628.0000000000143
F05|2022-08-19T00:15:00.227000+00:00|1,F05,2022-08-19T00:15:00.227000+00:00,2022-08-19|ASIA,0,ACCEPT,584.0000000000032
F05|2022-08-19T07:00:00.577000+00:00|1,F05,2022-08-19T07:00:00.577000+00:00,2022-08-19|LONDON,0,ACCEPT,628.0000000000143
B02|2022-08-19T07:15:00.388000+00:00|1,B02,2022-08-19T07:15:00.388000+00:00,2022-08-19|LONDON,0,ACCEPT,-2.999999999985903
F05|2022-08-19T08:00:00.043000+00:00|1,F05,2022-08-19T08:00:00.043000+00:00,2022-08-19|LONDON,0,ACCEPT,348.99999999998954
F05|2022-08-19T11:00:00.382000+00:00|1,F05,2022-08-19T11:00:00.382000+00:00,2022-08-19|LONDON,1,ACCEPT,19.000000000005457
F05|2022-08-19T14:45:00.376000+00:00|1,F05,2022-08-19T14:45:00.376000+00:00,2022-08-19|LONDON_NY_OVERLAP,0,ACCEPT,-317.0000000000073
F05|2022-08-22T00:30:00.003000+00:00|1,F05,2022-08-22T00:30:00.003000+00:00,2022-08-22|ASIA,0,ACCEPT,-485.99999999999
F05|2022-08-22T01:00:00.101000+00:00|1,F05,2022-08-22T01:00:00.101000+00:00,2022-08-22|ASIA,0,ACCEPT,-348.99999999998954
B02|2022-08-22T07:15:00.014000+00:00|-1,B02,2022-08-22T07:15:00.014000+00:00,2022-08-22|LONDON,0,ACCEPT,-38.000000000010914
F05|2022-08-22T15:30:00.048000+00:00|1,F05,2022-08-22T15:30:00.048000+00:00,2022-08-22|LONDON_NY_OVERLAP,0,ACCEPT,-61.00000000000705
F05|2022-08-23T00:15:00.313000+00:00|1,F05,2022-08-23T00:15:00.313000+00:00,2022-08-23|ASIA,0,ACCEPT,-433.9999999999975
F05|2022-08-23T14:00:00.046000+00:00|-1,F05,2022-08-23T14:00:00.046000+00:00,2022-08-23|LONDON_NY_OVERLAP,0,ACCEPT,36.000000000001364
B02|2022-08-24T09:15:00.004000+00:00|-1,B02,2022-08-24T09:15:00.004000+00:00,2022-08-24|LONDON,0,ACCEPT,-932.0000000000164
B02|2022-08-25T09:15:01.163000+00:00|-1,B02,2022-08-25T09:15:01.163000+00:00,2022-08-25|LONDON,0,ACCEPT,-2.0000000000095497
F05|2022-08-26T06:45:00.521000+00:00|1,F05,2022-08-26T06:45:00.521000+00:00,2022-08-26|ASIA,0,ACCEPT,218.00000000001774
F05|2022-08-29T00:15:00.091000+00:00|1,F05,2022-08-29T00:15:00.091000+00:00,2022-08-29|ASIA,0,ACCEPT,473.99999999998954
F05|2022-08-29T00:45:00.300000+00:00|1,F05,2022-08-29T00:45:00.300000+00:00,2022-08-29|ASIA,0,ACCEPT,296.99999999999704
F05|2022-08-29T02:15:00.217000+00:00|1,F05,2022-08-29T02:15:00.217000+00:00,2022-08-29|ASIA,0,ACCEPT,-76.00000000002183
F05|2022-08-29T04:45:00.090000+00:00|1,F05,2022-08-29T04:45:00.090000+00:00,2022-08-29|ASIA,0,ACCEPT,-340.0000000000034
F05|2022-08-29T05:15:02.827000+00:00|1,F05,2022-08-29T05:15:02.827000+00:00,2022-08-29|ASIA,0,ACCEPT,-449.0000000000123
B02|2022-08-30T08:15:00.663000+00:00|-1,B02,2022-08-30T08:15:00.663000+00:00,2022-08-30|LONDON,0,ACCEPT,-10.99999999999568
F05|2022-08-30T08:30:00.141000+00:00|-1,F05,2022-08-30T08:30:00.141000+00:00,2022-08-30|LONDON,0,ACCEPT,-555.0000000000068
F05|2022-08-30T11:15:00.028000+00:00|-1,F05,2022-08-30T11:15:00.028000+00:00,2022-08-30|LONDON,1,ACCEPT,-604.0000000000134
F05|2022-08-30T14:45:00.815000+00:00|1,F05,2022-08-30T14:45:00.815000+00:00,2022-08-30|LONDON_NY_OVERLAP,0,ACCEPT,-245.9999999999809
B02|2022-08-31T10:00:03.341000+00:00|1,B02,2022-08-31T10:00:03.341000+00:00,2022-08-31|LONDON,0,ACCEPT,231.99999999999932
F05|2022-09-01T00:00:00.071000+00:00|1,F05,2022-09-01T00:00:00.071000+00:00,2022-09-01|ASIA,0,ACCEPT,-58.000000000021146
F05|2022-09-01T00:30:00.142000+00:00|1,F05,2022-09-01T00:30:00.142000+00:00,2022-09-01|ASIA,0,ACCEPT,-376.0000000000048
B02|2022-09-01T07:15:00.059000+00:00|-1,B02,2022-09-01T07:15:00.059000+00:00,2022-09-01|LONDON,0,ACCEPT,-32.00000000001069
F05|2022-09-01T14:15:00.085000+00:00|1,F05,2022-09-01T14:15:00.085000+00:00,2022-09-01|LONDON_NY_OVERLAP,0,ACCEPT,247.0000000000141
F05|2022-09-01T19:00:00.045000+00:00|1,F05,2022-09-01T19:00:00.045000+00:00,2022-09-01|NEW_YORK,0,ACCEPT,-98.99999999998954
F05|2022-09-02T04:45:01.259000+00:00|1,F05,2022-09-02T04:45:01.259000+00:00,2022-09-02|ASIA,1,ACCEPT,413.0000000000109
B02|2022-09-02T11:45:00.156000+00:00|1,B02,2022-09-02T11:45:00.156000+00:00,2022-09-02|LONDON,0,ACCEPT,-81.00000000001728
F05|2022-09-02T11:45:00.156000+00:00|1,F05,2022-09-02T11:45:00.156000+00:00,2022-09-02|LONDON,0,ACCEPT,-219.99999999999886
F05|2022-09-02T12:45:00.089000+00:00|1,F05,2022-09-02T12:45:00.089000+00:00,2022-09-02|LONDON,0,ACCEPT,-497.0000000000141
B02|2022-09-05T08:00:00.493000+00:00|1,B02,2022-09-05T08:00:00.493000+00:00,2022-09-05|LONDON,0,ACCEPT,-28.999999999996362
F05|2022-09-06T05:00:00.005000+00:00|1,F05,2022-09-06T05:00:00.005000+00:00,2022-09-06|ASIA,0,ACCEPT,1438.999999999993
F05|2022-09-06T06:00:00.047000+00:00|1,F05,2022-09-06T06:00:00.047000+00:00,2022-09-06|ASIA,0,ACCEPT,1501.9999999999811
F05|2022-09-06T06:45:00.085000+00:00|1,F05,2022-09-06T06:45:00.085000+00:00,2022-09-06|ASIA,0,ACCEPT,1479.0000000000134
B02|2022-09-06T07:15:00.137000+00:00|1,B02,2022-09-06T07:15:00.137000+00:00,2022-09-06|LONDON,0,ACCEPT,1336.999999999989
F05|2022-09-06T07:15:00.137000+00:00|1,F05,2022-09-06T07:15:00.137000+00:00,2022-09-06|LONDON,0,ACCEPT,1234.0000000000089
F05|2022-09-06T08:45:00.086000+00:00|1,F05,2022-09-06T08:45:00.086000+00:00,2022-09-06|LONDON,0,ACCEPT,1097.0000000000084
F05|2022-09-06T11:30:00.038000+00:00|1,F05,2022-09-06T11:30:00.038000+00:00,2022-09-06|LONDON,0,ACCEPT,789.0000000000157
F05|2022-09-06T12:45:01.074000+00:00|1,F05,2022-09-06T12:45:01.074000+00:00,2022-09-06|LONDON,0,ACCEPT,601.9999999999754
F05|2022-09-06T14:15:00.468000+00:00|1,F05,2022-09-06T14:15:00.468000+00:00,2022-09-06|LONDON_NY_OVERLAP,0,ACCEPT,97.00000000000841
F05|2022-09-07T03:30:00.074000+00:00|1,F05,2022-09-07T03:30:00.074000+00:00,2022-09-07|ASIA,0,ACCEPT,820.999999999998
F05|2022-09-07T04:15:01.102000+00:00|1,F05,2022-09-07T04:15:01.102000+00:00,2022-09-07|ASIA,0,ACCEPT,733.0000000000041
B02|2022-09-07T10:30:00.079000+00:00|1,B02,2022-09-07T10:30:00.079000+00:00,2022-09-07|LONDON,0,ACCEPT,-436.9999999999834
F05|2022-09-07T10:30:00.079000+00:00|1,F05,2022-09-07T10:30:00.079000+00:00,2022-09-07|LONDON,0,ACCEPT,-415.9999999999968
F05|2022-09-07T11:45:00.128000+00:00|1,F05,2022-09-07T11:45:00.128000+00:00,2022-09-07|LONDON,0,ACCEPT,-986.9999999999948
B02|2022-09-08T11:45:01.221000+00:00|-1,B02,2022-09-08T11:45:01.221000+00:00,2022-09-08|LONDON,0,ACCEPT,-438.99999999999295
F05|2022-09-08T11:45:01.221000+00:00|-1,F05,2022-09-08T11:45:01.221000+00:00,2022-09-08|LONDON,0,ACCEPT,-578.000000000003
F05|2022-09-09T03:30:00.314000+00:00|-1,F05,2022-09-09T03:30:00.314000+00:00,2022-09-09|ASIA,0,ACCEPT,-91.00000000000819
F05|2022-09-09T04:15:00.067000+00:00|-1,F05,2022-09-09T04:15:00.067000+00:00,2022-09-09|ASIA,1,ACCEPT,-86.99999999998909
B02|2022-09-09T07:15:00.074000+00:00|-1,B02,2022-09-09T07:15:00.074000+00:00,2022-09-09|LONDON,0,ACCEPT,-66.0000000000025
F05|2022-09-09T07:15:00.074000+00:00|-1,F05,2022-09-09T07:15:00.074000+00:00,2022-09-09|LONDON,0,ACCEPT,-82.99999999999841
F05|2022-09-09T08:30:00.161000+00:00|-1,F05,2022-09-09T08:30:00.161000+00:00,2022-09-09|LONDON,2,BLOCK,-57.999999999992724
F05|2022-09-09T10:15:00.020000+00:00|-1,F05,2022-09-09T10:15:00.020000+00:00,2022-09-09|LONDON,2,BLOCK,-18.000000000000682
F05|2022-09-12T04:30:00.089000+00:00|1,F05,2022-09-12T04:30:00.089000+00:00,2022-09-12|ASIA,0,ACCEPT,-723.9999999999895
F05|2022-09-12T06:15:00.045000+00:00|1,F05,2022-09-12T06:15:00.045000+00:00,2022-09-12|ASIA,0,ACCEPT,-865.0000000000091
B02|2022-09-12T12:15:00.150000+00:00|-1,B02,2022-09-12T12:15:00.150000+00:00,2022-09-12|LONDON,0,ACCEPT,-293.00000000000637
B02|2022-09-13T11:15:00.273000+00:00|-1,B02,2022-09-13T11:15:00.273000+00:00,2022-09-13|LONDON,0,ACCEPT,-6.000000000000227
F05|2022-09-13T11:15:00.273000+00:00|-1,F05,2022-09-13T11:15:00.273000+00:00,2022-09-13|LONDON,0,ACCEPT,-2448.0000000000073
F05|2022-09-13T12:30:00.045000+00:00|-1,F05,2022-09-13T12:30:00.045000+00:00,2022-09-13|LONDON,1,ACCEPT,-2738.999999999976
B02|2022-09-13T12:45:00.069000+00:00|1,B02,2022-09-13T12:45:00.069000+00:00,2022-09-13|LONDON,1,ACCEPT,-26.999999999986812
F05|2022-09-13T12:45:00.069000+00:00|1,F05,2022-09-13T12:45:00.069000+00:00,2022-09-13|LONDON,1,ACCEPT,564.9999999999977
B02|2022-09-14T07:15:00.099000+00:00|-1,B02,2022-09-14T07:15:00.099000+00:00,2022-09-14|LONDON,0,ACCEPT,-51.9999999999925
F05|2022-09-14T13:15:00.024000+00:00|-1,F05,2022-09-14T13:15:00.024000+00:00,2022-09-14|LONDON_NY_OVERLAP,0,ACCEPT,-66.0000000000025
B02|2022-09-15T07:15:00.359000+00:00|1,B02,2022-09-15T07:15:00.359000+00:00,2022-09-15|LONDON,0,ACCEPT,-269.00000000000546
F05|2022-09-15T07:15:00.359000+00:00|1,F05,2022-09-15T07:15:00.359000+00:00,2022-09-15|LONDON,0,ACCEPT,-407.0000000000107
F05|2022-09-16T00:45:00.054000+00:00|-1,F05,2022-09-16T00:45:00.054000+00:00,2022-09-16|ASIA,0,ACCEPT,-504.99999999999545
B02|2022-09-19T07:30:00.091000+00:00|1,B02,2022-09-19T07:30:00.091000+00:00,2022-09-19|LONDON,0,ACCEPT,-30.000000000001137
F05|2022-09-19T08:00:00.895000+00:00|1,F05,2022-09-19T08:00:00.895000+00:00,2022-09-19|LONDON,0,ACCEPT,-175.99999999998772
F05|2022-09-19T11:30:00.662000+00:00|1,F05,2022-09-19T11:30:00.662000+00:00,2022-09-19|LONDON,1,ACCEPT,-368.9999999999998
B02|2022-09-20T07:45:00.115000+00:00|1,B02,2022-09-20T07:45:00.115000+00:00,2022-09-20|LONDON,0,ACCEPT,197.00000000000273
F05|2022-09-20T08:30:00.237000+00:00|1,F05,2022-09-20T08:30:00.237000+00:00,2022-09-20|LONDON,0,ACCEPT,-15.00000000001478
F05|2022-09-20T09:30:00.089000+00:00|1,F05,2022-09-20T09:30:00.089000+00:00,2022-09-20|LONDON,0,ACCEPT,-135.99999999999568
F05|2022-09-20T13:30:00.096000+00:00|1,F05,2022-09-20T13:30:00.096000+00:00,2022-09-20|LONDON_NY_OVERLAP,0,ACCEPT,-146.99999999999136
F05|2022-09-21T04:45:00.044000+00:00|1,F05,2022-09-21T04:45:00.044000+00:00,2022-09-21|ASIA,0,ACCEPT,48.00000000000182
B02|2022-09-21T11:15:00.436000+00:00|1,B02,2022-09-21T11:15:00.436000+00:00,2022-09-21|LONDON,0,ACCEPT,203.00000000000296
F05|2022-09-21T11:15:00.436000+00:00|1,F05,2022-09-21T11:15:00.436000+00:00,2022-09-21|LONDON,0,ACCEPT,-587.9999999999939
F05|2022-09-21T16:15:00.095000+00:00|1,F05,2022-09-21T16:15:00.095000+00:00,2022-09-21|NEW_YORK,0,ACCEPT,15.00000000001478
F05|2022-09-21T18:15:00.040000+00:00|1,F05,2022-09-21T18:15:00.040000+00:00,2022-09-21|NEW_YORK,0,ACCEPT,34.99999999999659
F05|2022-09-22T07:00:00.096000+00:00|1,F05,2022-09-22T07:00:00.096000+00:00,2022-09-22|LONDON,0,ACCEPT,-3632.000000000005
B02|2022-09-22T07:15:00.130000+00:00|1,B02,2022-09-22T07:15:00.130000+00:00,2022-09-22|LONDON,0,ACCEPT,-1524.9999999999773
B02|2022-09-22T08:30:00.033000+00:00|-1,B02,2022-09-22T08:30:00.033000+00:00,2022-09-22|LONDON,1,ACCEPT,-389.00000000001
F05|2022-09-22T08:30:00.033000+00:00|-1,F05,2022-09-22T08:30:00.033000+00:00,2022-09-22|LONDON,1,ACCEPT,543.9999999999827
B02|2022-09-23T08:45:00.094000+00:00|1,B02,2022-09-23T08:45:00.094000+00:00,2022-09-23|LONDON,0,ACCEPT,836.0000000000127
F05|2022-09-23T15:00:00.029000+00:00|1,F05,2022-09-23T15:00:00.029000+00:00,2022-09-23|LONDON_NY_OVERLAP,0,ACCEPT,200.00000000001705
F05|2022-09-23T18:00:00.630000+00:00|1,F05,2022-09-23T18:00:00.630000+00:00,2022-09-23|NEW_YORK,0,ACCEPT,391.9999999999959
F05|2022-09-26T00:45:00.211000+00:00|1,F05,2022-09-26T00:45:00.211000+00:00,2022-09-26|ASIA,0,ACCEPT,-22.999999999996135
F05|2022-09-26T03:30:00.130000+00:00|1,F05,2022-09-26T03:30:00.130000+00:00,2022-09-26|ASIA,0,ACCEPT,164.99999999999204
F05|2022-09-26T05:00:00.050000+00:00|1,F05,2022-09-26T05:00:00.050000+00:00,2022-09-26|ASIA,0,ACCEPT,-289.99999999999204
F05|2022-09-26T05:30:00.629000+00:00|1,F05,2022-09-26T05:30:00.629000+00:00,2022-09-26|ASIA,0,ACCEPT,-121.00000000000932
B02|2022-09-26T11:15:00.056000+00:00|1,B02,2022-09-26T11:15:00.056000+00:00,2022-09-26|LONDON,1,ACCEPT,257.000000000005
F05|2022-09-26T11:15:00.056000+00:00|1,F05,2022-09-26T11:15:00.056000+00:00,2022-09-26|LONDON,1,ACCEPT,251.00000000000477
F05|2022-09-26T15:45:00.190000+00:00|1,F05,2022-09-26T15:45:00.190000+00:00,2022-09-26|LONDON_NY_OVERLAP,2,BLOCK,99.99999999999432
F05|2022-09-26T16:15:00.332000+00:00|1,F05,2022-09-26T16:15:00.332000+00:00,2022-09-26|NEW_YORK,0,ACCEPT,-233.0000000000041
F05|2022-09-26T17:15:00.239000+00:00|1,F05,2022-09-26T17:15:00.239000+00:00,2022-09-26|NEW_YORK,0,ACCEPT,-314.9999999999977
B02|2022-09-27T07:30:00.106000+00:00|-1,B02,2022-09-27T07:30:00.106000+00:00,2022-09-27|LONDON,0,ACCEPT,-703.000000000003
B02|2022-09-27T13:00:00.023000+00:00|1,B02,2022-09-27T13:00:00.023000+00:00,2022-09-27|LONDON_NY_OVERLAP,0,ACCEPT,-20.000000000010232
F05|2022-09-27T17:15:04.552000+00:00|1,F05,2022-09-27T17:15:04.552000+00:00,2022-09-27|NEW_YORK,0,ACCEPT,-182.99999999999272
F05|2022-09-28T13:30:00.021000+00:00|-1,F05,2022-09-28T13:30:00.021000+00:00,2022-09-28|LONDON_NY_OVERLAP,0,ACCEPT,251.00000000000477
F05|2022-09-28T16:00:00.096000+00:00|-1,F05,2022-09-28T16:00:00.096000+00:00,2022-09-28|NEW_YORK,0,ACCEPT,-266.9999999999959
B02|2022-09-29T07:30:00.149000+00:00|1,B02,2022-09-29T07:30:00.149000+00:00,2022-09-29|LONDON,0,ACCEPT,-384.9999999999909
B02|2022-09-30T07:15:00.079000+00:00|-1,B02,2022-09-30T07:15:00.079000+00:00,2022-09-30|LONDON,0,ACCEPT,-3.0000000000143245
F05|2022-10-03T04:15:00.085000+00:00|1,F05,2022-10-03T04:15:00.085000+00:00,2022-10-03|ASIA,0,ACCEPT,-229.00000000001342
F05|2022-10-03T15:00:00.081000+00:00|-1,F05,2022-10-03T15:00:00.081000+00:00,2022-10-03|LONDON_NY_OVERLAP,0,ACCEPT,-72.00000000000273
F05|2022-10-04T16:15:00.121000+00:00|-1,F05,2022-10-04T16:15:00.121000+00:00,2022-10-04|NEW_YORK,0,ACCEPT,573.9999999999839
F05|2022-10-04T19:00:00.081000+00:00|-1,F05,2022-10-04T19:00:00.081000+00:00,2022-10-04|NEW_YORK,0,ACCEPT,-284.9999999999966
F05|2022-10-05T00:00:00.071000+00:00|-1,F05,2022-10-05T00:00:00.071000+00:00,2022-10-05|ASIA,0,ACCEPT,-594.9999999999989
B02|2022-10-05T07:15:00.332000+00:00|1,B02,2022-10-05T07:15:00.332000+00:00,2022-10-05|LONDON,0,ACCEPT,-25.999999999982037
F05|2022-10-05T14:15:00.199000+00:00|1,F05,2022-10-05T14:15:00.199000+00:00,2022-10-05|LONDON_NY_OVERLAP,0,ACCEPT,-217.00000000001296
B02|2022-10-06T08:45:00.733000+00:00|1,B02,2022-10-06T08:45:00.733000+00:00,2022-10-06|LONDON,0,ACCEPT,-40.99999999999682
F05|2022-10-06T16:00:00.215000+00:00|1,F05,2022-10-06T16:00:00.215000+00:00,2022-10-06|NEW_YORK,0,ACCEPT,90.00000000000341
B02|2022-10-07T08:15:00.134000+00:00|-1,B02,2022-10-07T08:15:00.134000+00:00,2022-10-07|LONDON,0,ACCEPT,-545.9999999999923
B02|2022-10-07T12:45:00.006000+00:00|1,B02,2022-10-07T12:45:00.006000+00:00,2022-10-07|LONDON,0,ACCEPT,-2.999999999985903
F05|2022-10-07T12:45:00.006000+00:00|1,F05,2022-10-07T12:45:00.006000+00:00,2022-10-07|LONDON,0,ACCEPT,211.00000000001273
F05|2022-10-07T19:00:00.070000+00:00|1,F05,2022-10-07T19:00:00.070000+00:00,2022-10-07|NEW_YORK,0,ACCEPT,52.99999999999727
F05|2022-10-10T00:30:00.129000+00:00|1,F05,2022-10-10T00:30:00.129000+00:00,2022-10-10|ASIA,0,ACCEPT,-63.99999999999295
F05|2022-10-10T14:45:00.198000+00:00|1,F05,2022-10-10T14:45:00.198000+00:00,2022-10-10|LONDON_NY_OVERLAP,0,ACCEPT,-37.00000000000614
F05|2022-10-10T15:15:00.403000+00:00|1,F05,2022-10-10T15:15:00.403000+00:00,2022-10-10|LONDON_NY_OVERLAP,0,ACCEPT,-120.9999999999809
B02|2022-10-11T08:15:00.182000+00:00|-1,B02,2022-10-11T08:15:00.182000+00:00,2022-10-11|LONDON,0,ACCEPT,-48.99999999997817
F05|2022-10-11T16:45:00.178000+00:00|-1,F05,2022-10-11T16:45:00.178000+00:00,2022-10-11|NEW_YORK,0,ACCEPT,-493.0000000000234
F05|2022-10-11T19:15:00.747000+00:00|1,F05,2022-10-11T19:15:00.747000+00:00,2022-10-11|NEW_YORK,0,ACCEPT,329.9999999999841
F05|2022-10-12T00:15:00.038000+00:00|1,F05,2022-10-12T00:15:00.038000+00:00,2022-10-12|ASIA,0,ACCEPT,132.000000000005
F05|2022-10-12T01:45:00.113000+00:00|1,F05,2022-10-12T01:45:00.113000+00:00,2022-10-12|ASIA,1,ACCEPT,62.99999999998818
B02|2022-10-12T09:15:00.173000+00:00|1,B02,2022-10-12T09:15:00.173000+00:00,2022-10-12|LONDON,0,ACCEPT,435.0000000000023
F05|2022-10-12T09:15:00.173000+00:00|1,F05,2022-10-12T09:15:00.173000+00:00,2022-10-12|LONDON,0,ACCEPT,474.9999999999943
F05|2022-10-12T10:30:04.466000+00:00|1,F05,2022-10-12T10:30:04.466000+00:00,2022-10-12|LONDON,0,ACCEPT,265.99999999999113
F05|2022-10-12T11:30:00.417000+00:00|1,F05,2022-10-12T11:30:00.417000+00:00,2022-10-12|LONDON,0,ACCEPT,277.9999999999916
F05|2022-10-12T12:00:00.156000+00:00|1,F05,2022-10-12T12:00:00.156000+00:00,2022-10-12|LONDON,0,ACCEPT,236.00000000001842
F05|2022-10-12T12:45:00.049000+00:00|1,F05,2022-10-12T12:45:00.049000+00:00,2022-10-12|LONDON,0,ACCEPT,183.9999999999975
F05|2022-10-12T13:15:00.037000+00:00|1,F05,2022-10-12T13:15:00.037000+00:00,2022-10-12|LONDON_NY_OVERLAP,0,ACCEPT,9.000000000014552
F05|2022-10-12T14:00:00.081000+00:00|1,F05,2022-10-12T14:00:00.081000+00:00,2022-10-12|LONDON_NY_OVERLAP,0,ACCEPT,-9.999999999990905
F05|2022-10-12T14:30:00.066000+00:00|1,F05,2022-10-12T14:30:00.066000+00:00,2022-10-12|LONDON_NY_OVERLAP,0,ACCEPT,-105.99999999999454
F05|2022-10-12T15:45:01.869000+00:00|1,F05,2022-10-12T15:45:01.869000+00:00,2022-10-12|LONDON_NY_OVERLAP,0,ACCEPT,-207.9999999999984
B02|2022-10-13T12:00:00.453000+00:00|-1,B02,2022-10-13T12:00:00.453000+00:00,2022-10-13|LONDON,0,ACCEPT,-612.9999999999995
B02|2022-10-13T12:45:00.185000+00:00|1,B02,2022-10-13T12:45:00.185000+00:00,2022-10-13|LONDON,0,ACCEPT,-231.99999999999932
F05|2022-10-13T12:45:00.185000+00:00|1,F05,2022-10-13T12:45:00.185000+00:00,2022-10-13|LONDON,0,ACCEPT,-212.0000000000175
B02|2022-10-14T07:15:00.892000+00:00|1,B02,2022-10-14T07:15:00.892000+00:00,2022-10-14|LONDON,0,ACCEPT,-25.999999999982037
F05|2022-10-14T09:00:00.165000+00:00|1,F05,2022-10-14T09:00:00.165000+00:00,2022-10-14|LONDON,1,ACCEPT,1153.9999999999964
F05|2022-10-14T09:45:00.055000+00:00|1,F05,2022-10-14T09:45:00.055000+00:00,2022-10-14|LONDON,1,ACCEPT,985.0000000000136
F05|2022-10-14T12:00:00.345000+00:00|1,F05,2022-10-14T12:00:00.345000+00:00,2022-10-14|LONDON,1,ACCEPT,810.0000000000023
F05|2022-10-14T13:45:00.035000+00:00|1,F05,2022-10-14T13:45:00.035000+00:00,2022-10-14|LONDON_NY_OVERLAP,0,ACCEPT,611.9999999999948
F05|2022-10-14T14:15:00.184000+00:00|1,F05,2022-10-14T14:15:00.184000+00:00,2022-10-14|LONDON_NY_OVERLAP,0,ACCEPT,396.99999999999136
F05|2022-10-14T16:15:00.299000+00:00|1,F05,2022-10-14T16:15:00.299000+00:00,2022-10-14|NEW_YORK,0,ACCEPT,26.999999999986812
F05|2022-10-14T17:00:00.103000+00:00|1,F05,2022-10-14T17:00:00.103000+00:00,2022-10-14|NEW_YORK,0,ACCEPT,-301.9999999999925
B02|2022-10-17T10:45:00.131000+00:00|1,B02,2022-10-17T10:45:00.131000+00:00,2022-10-17|LONDON,0,ACCEPT,-49.000000000006594
F05|2022-10-17T19:15:00.130000+00:00|1,F05,2022-10-17T19:15:00.130000+00:00,2022-10-17|NEW_YORK,0,ACCEPT,-33.00000000001546
B02|2022-10-18T07:15:00.190000+00:00|1,B02,2022-10-18T07:15:00.190000+00:00,2022-10-18|LONDON,0,ACCEPT,-13.00000000000523
F05|2022-10-18T08:45:00.151000+00:00|1,F05,2022-10-18T08:45:00.151000+00:00,2022-10-18|LONDON,1,ACCEPT,24.00000000000091
B02|2022-10-19T07:15:00.168000+00:00|1,B02,2022-10-19T07:15:00.168000+00:00,2022-10-19|LONDON,0,ACCEPT,411.9999999999777
F05|2022-10-19T07:15:00.168000+00:00|1,F05,2022-10-19T07:15:00.168000+00:00,2022-10-19|LONDON,0,ACCEPT,232.99999999997567
F05|2022-10-19T10:30:00.054000+00:00|1,F05,2022-10-19T10:30:00.054000+00:00,2022-10-19|LONDON,0,ACCEPT,295.99999999999227
F05|2022-10-19T11:15:00.281000+00:00|1,F05,2022-10-19T11:15:00.281000+00:00,2022-10-19|LONDON,0,ACCEPT,179.9999999999784
F05|2022-10-19T12:45:00.132000+00:00|1,F05,2022-10-19T12:45:00.132000+00:00,2022-10-19|LONDON,0,ACCEPT,140.99999999999113
F05|2022-10-19T16:15:00.026000+00:00|1,F05,2022-10-19T16:15:00.026000+00:00,2022-10-19|NEW_YORK,0,ACCEPT,60.000000000002274
F05|2022-10-19T16:45:08.206000+00:00|1,F05,2022-10-19T16:45:08.206000+00:00,2022-10-19|NEW_YORK,0,ACCEPT,50.00000000001137
F05|2022-10-19T19:30:00.087000+00:00|1,F05,2022-10-19T19:30:00.087000+00:00,2022-10-19|NEW_YORK,0,ACCEPT,20.000000000010232
F05|2022-10-20T01:00:00.424000+00:00|1,F05,2022-10-20T01:00:00.424000+00:00,2022-10-20|ASIA,0,ACCEPT,14.000000000010004
B02|2022-10-20T07:30:00.777000+00:00|1,B02,2022-10-20T07:30:00.777000+00:00,2022-10-20|LONDON,0,ACCEPT,268.0000000000007
B02|2022-10-20T10:45:00.396000+00:00|-1,B02,2022-10-20T10:45:00.396000+00:00,2022-10-20|LONDON,0,ACCEPT,-48.99999999997817
F05|2022-10-20T15:00:00.230000+00:00|-1,F05,2022-10-20T15:00:00.230000+00:00,2022-10-20|LONDON_NY_OVERLAP,0,ACCEPT,-550.9999999999877
F05|2022-10-20T18:15:02.552000+00:00|1,F05,2022-10-20T18:15:02.552000+00:00,2022-10-20|NEW_YORK,0,ACCEPT,30.99999999997749
F05|2022-10-20T19:30:00.029000+00:00|1,F05,2022-10-20T19:30:00.029000+00:00,2022-10-20|NEW_YORK,0,ACCEPT,6.000000000000227
F05|2022-10-21T03:45:00.103000+00:00|1,F05,2022-10-21T03:45:00.103000+00:00,2022-10-21|ASIA,0,ACCEPT,1162.9999999999825
F05|2022-10-21T04:15:00.266000+00:00|1,F05,2022-10-21T04:15:00.266000+00:00,2022-10-21|ASIA,0,ACCEPT,1264.00000000001
B02|2022-10-21T08:00:00.103000+00:00|1,B02,2022-10-21T08:00:00.103000+00:00,2022-10-21|LONDON,0,ACCEPT,-2837.0000000000173
F05|2022-10-21T08:00:00.103000+00:00|1,F05,2022-10-21T08:00:00.103000+00:00,2022-10-21|LONDON,0,ACCEPT,-4170.999999999993
F05|2022-10-21T10:30:00.403000+00:00|1,F05,2022-10-21T10:30:00.403000+00:00,2022-10-21|LONDON,0,ACCEPT,-2647.00000000002
F05|2022-10-21T12:15:00.037000+00:00|1,F05,2022-10-21T12:15:00.037000+00:00,2022-10-21|LONDON,0,ACCEPT,-4252.999999999985
F05|2022-10-21T15:15:00.013000+00:00|-1,F05,2022-10-21T15:15:00.013000+00:00,2022-10-21|LONDON_NY_OVERLAP,0,ACCEPT,-1186.9999999999834
F05|2022-10-21T16:00:00.050000+00:00|-1,F05,2022-10-21T16:00:00.050000+00:00,2022-10-21|NEW_YORK,1,ACCEPT,-1340.9999999999798
B02|2022-10-24T07:45:00.076000+00:00|1,B02,2022-10-24T07:45:00.076000+00:00,2022-10-24|LONDON,0,ACCEPT,-349.9999999999943
F05|2022-10-25T13:30:00.141000+00:00|-1,F05,2022-10-25T13:30:00.141000+00:00,2022-10-25|LONDON_NY_OVERLAP,0,ACCEPT,157.99999999998704
F05|2022-10-25T14:00:00.099000+00:00|-1,F05,2022-10-25T14:00:00.099000+00:00,2022-10-25|LONDON_NY_OVERLAP,0,ACCEPT,-18.000000000000682
B02|2022-10-26T07:15:00.027000+00:00|-1,B02,2022-10-26T07:15:00.027000+00:00,2022-10-26|LONDON,0,ACCEPT,1263.0000000000052
F05|2022-10-26T07:30:00.053000+00:00|-1,F05,2022-10-26T07:30:00.053000+00:00,2022-10-26|LONDON,0,ACCEPT,836.9999999999891
F05|2022-10-26T14:15:00.124000+00:00|-1,F05,2022-10-26T14:15:00.124000+00:00,2022-10-26|LONDON_NY_OVERLAP,0,ACCEPT,-66.99999999997885
F05|2022-10-26T16:30:00.169000+00:00|-1,F05,2022-10-26T16:30:00.169000+00:00,2022-10-26|NEW_YORK,0,ACCEPT,232.99999999997567
F05|2022-10-27T01:15:00.117000+00:00|-1,F05,2022-10-27T01:15:00.117000+00:00,2022-10-27|ASIA,0,ACCEPT,-342.9999999999893
F05|2022-10-27T05:00:00.042000+00:00|-1,F05,2022-10-27T05:00:00.042000+00:00,2022-10-27|ASIA,0,ACCEPT,-721.0000000000036
B02|2022-10-27T09:45:00.061000+00:00|1,B02,2022-10-27T09:45:00.061000+00:00,2022-10-27|LONDON,1,ACCEPT,-120.00000000000455
B02|2022-10-28T07:15:00.054000+00:00|1,B02,2022-10-28T07:15:00.054000+00:00,2022-10-28|LONDON,0,ACCEPT,417.0000000000016
F05|2022-10-28T08:15:00.091000+00:00|1,F05,2022-10-28T08:15:00.091000+00:00,2022-10-28|LONDON,0,ACCEPT,379.99999999999545
F05|2022-10-28T09:15:00.084000+00:00|1,F05,2022-10-28T09:15:00.084000+00:00,2022-10-28|LONDON,0,ACCEPT,-58.000000000021146
F05|2022-10-28T09:45:00.177000+00:00|1,F05,2022-10-28T09:45:00.177000+00:00,2022-10-28|LONDON,0,ACCEPT,-146.000000000015
F05|2022-10-31T00:15:00.164000+00:00|1,F05,2022-10-31T00:15:00.164000+00:00,2022-10-31|ASIA,0,ACCEPT,227.00000000000387
B02|2022-10-31T08:45:00.110000+00:00|1,B02,2022-10-31T08:45:00.110000+00:00,2022-10-31|LONDON,0,ACCEPT,432.9999999999927
F05|2022-10-31T08:45:00.110000+00:00|1,F05,2022-10-31T08:45:00.110000+00:00,2022-10-31|LONDON,0,ACCEPT,302.99999999999727
F05|2022-10-31T10:00:00.366000+00:00|1,F05,2022-10-31T10:00:00.366000+00:00,2022-10-31|LONDON,0,ACCEPT,207.9999999999984
F05|2022-10-31T15:15:00.049000+00:00|1,F05,2022-10-31T15:15:00.049000+00:00,2022-10-31|LONDON_NY_OVERLAP,0,ACCEPT,-253.00000000001432
B02|2022-11-01T07:15:00.379000+00:00|-1,B02,2022-11-01T07:15:00.379000+00:00,2022-11-01|LONDON,0,ACCEPT,-94.99999999999886
F05|2022-11-01T07:15:00.379000+00:00|-1,F05,2022-11-01T07:15:00.379000+00:00,2022-11-01|LONDON,0,ACCEPT,-597.0000000000084
F05|2022-11-01T10:00:03.919000+00:00|-1,F05,2022-11-01T10:00:03.919000+00:00,2022-11-01|LONDON,1,ACCEPT,-775.999999999982
B02|2022-11-02T08:30:00.164000+00:00|-1,B02,2022-11-02T08:30:00.164000+00:00,2022-11-02|LONDON,0,ACCEPT,-75.00000000001705
F05|2022-11-02T11:00:00.499000+00:00|-1,F05,2022-11-02T11:00:00.499000+00:00,2022-11-02|LONDON,1,ACCEPT,-75.00000000001705
F05|2022-11-02T18:15:00.008000+00:00|-1,F05,2022-11-02T18:15:00.008000+00:00,2022-11-02|NEW_YORK,0,ACCEPT,-26.999999999986812
B02|2022-11-03T07:45:01.202000+00:00|1,B02,2022-11-03T07:45:01.202000+00:00,2022-11-03|LONDON,0,ACCEPT,294.9999999999875
F05|2022-11-03T08:30:01.717000+00:00|1,F05,2022-11-03T08:30:01.717000+00:00,2022-11-03|LONDON,0,ACCEPT,141.9999999999959
F05|2022-11-03T09:30:00.051000+00:00|1,F05,2022-11-03T09:30:00.051000+00:00,2022-11-03|LONDON,0,ACCEPT,-2.999999999985903
F05|2022-11-03T10:30:00.032000+00:00|1,F05,2022-11-03T10:30:00.032000+00:00,2022-11-03|LONDON,0,ACCEPT,-108.99999999998045
F05|2022-11-03T13:00:00.078000+00:00|1,F05,2022-11-03T13:00:00.078000+00:00,2022-11-03|LONDON_NY_OVERLAP,0,ACCEPT,-211.9999999999891
B02|2022-11-04T08:15:00.140000+00:00|-1,B02,2022-11-04T08:15:00.140000+00:00,2022-11-04|LONDON,0,ACCEPT,992.0000000000186
F05|2022-11-04T08:15:00.140000+00:00|-1,F05,2022-11-04T08:15:00.140000+00:00,2022-11-04|LONDON,0,ACCEPT,391.00000000001955
F05|2022-11-04T13:00:00.056000+00:00|-1,F05,2022-11-04T13:00:00.056000+00:00,2022-11-04|LONDON_NY_OVERLAP,0,ACCEPT,-86.99999999998909
F05|2022-11-04T14:15:00.020000+00:00|-1,F05,2022-11-04T14:15:00.020000+00:00,2022-11-04|LONDON_NY_OVERLAP,0,ACCEPT,-39.99999999999204
B02|2022-11-07T07:30:00.099000+00:00|1,B02,2022-11-07T07:30:00.099000+00:00,2022-11-07|LONDON,0,ACCEPT,-116.99999999999022
B02|2022-11-07T10:15:00.033000+00:00|-1,B02,2022-11-07T10:15:00.033000+00:00,2022-11-07|LONDON,1,ACCEPT,-173.00000000000182
F05|2022-11-07T10:15:00.033000+00:00|-1,F05,2022-11-07T10:15:00.033000+00:00,2022-11-07|LONDON,1,ACCEPT,-18.000000000000682
F05|2022-11-07T13:15:00.018000+00:00|-1,F05,2022-11-07T13:15:00.018000+00:00,2022-11-07|LONDON_NY_OVERLAP,0,ACCEPT,-320.0000000000216
B02|2022-11-08T07:15:00.071000+00:00|1,B02,2022-11-08T07:15:00.071000+00:00,2022-11-08|LONDON,0,ACCEPT,-1235.99999999999
B02|2022-11-08T09:45:00.275000+00:00|-1,B02,2022-11-08T09:45:00.275000+00:00,2022-11-08|LONDON,0,ACCEPT,-12.000000000000455
F05|2022-11-08T14:45:00.033000+00:00|-1,F05,2022-11-08T14:45:00.033000+00:00,2022-11-08|LONDON_NY_OVERLAP,0,ACCEPT,361.99999999999477
F05|2022-11-08T15:45:00.076000+00:00|-1,F05,2022-11-08T15:45:00.076000+00:00,2022-11-08|LONDON_NY_OVERLAP,0,ACCEPT,207.9999999999984
F05|2022-11-08T16:45:00.045000+00:00|-1,F05,2022-11-08T16:45:00.045000+00:00,2022-11-08|NEW_YORK,0,ACCEPT,-62.00000000001182
F05|2022-11-09T14:45:00.007000+00:00|1,F05,2022-11-09T14:45:00.007000+00:00,2022-11-09|LONDON_NY_OVERLAP,0,ACCEPT,-108.00000000000409
F05|2022-11-09T19:30:00.032000+00:00|1,F05,2022-11-09T19:30:00.032000+00:00,2022-11-09|NEW_YORK,0,ACCEPT,-443.9999999999884
B02|2022-11-10T09:30:00.096000+00:00|1,B02,2022-11-10T09:30:00.096000+00:00,2022-11-10|LONDON,0,ACCEPT,-15.00000000001478
F05|2022-11-10T13:45:00.098000+00:00|-1,F05,2022-11-10T13:45:00.098000+00:00,2022-11-10|LONDON_NY_OVERLAP,0,ACCEPT,2831.0000000000173
F05|2022-11-10T14:45:00.052000+00:00|-1,F05,2022-11-10T14:45:00.052000+00:00,2022-11-10|LONDON_NY_OVERLAP,0,ACCEPT,850.9999999999991
B02|2022-11-11T07:30:00.202000+00:00|-1,B02,2022-11-11T07:30:00.202000+00:00,2022-11-11|LONDON,0,ACCEPT,-138.00000000000523
F05|2022-11-11T10:00:00.017000+00:00|-1,F05,2022-11-11T10:00:00.017000+00:00,2022-11-11|LONDON,1,ACCEPT,1248.9999999999952
F05|2022-11-11T18:30:00.177000+00:00|-1,F05,2022-11-11T18:30:00.177000+00:00,2022-11-11|NEW_YORK,0,ACCEPT,-7.000000000005002
B02|2022-11-14T08:45:00.316000+00:00|1,B02,2022-11-14T08:45:00.316000+00:00,2022-11-14|LONDON,0,ACCEPT,88.99999999999864
F05|2022-11-14T10:15:00.322000+00:00|1,F05,2022-11-14T10:15:00.322000+00:00,2022-11-14|LONDON,0,ACCEPT,-293.00000000000637
F05|2022-11-14T10:45:00.105000+00:00|1,F05,2022-11-14T10:45:00.105000+00:00,2022-11-14|LONDON,0,ACCEPT,-709.0000000000032
F05|2022-11-14T11:15:00.097000+00:00|1,F05,2022-11-14T11:15:00.097000+00:00,2022-11-14|LONDON,0,ACCEPT,-862.9999999999995
B02|2022-11-15T07:30:00.074000+00:00|-1,B02,2022-11-15T07:30:00.074000+00:00,2022-11-15|LONDON,0,ACCEPT,302.99999999999727
F05|2022-11-15T13:45:00.052000+00:00|-1,F05,2022-11-15T13:45:00.052000+00:00,2022-11-15|LONDON_NY_OVERLAP,0,ACCEPT,-64.99999999999773
B02|2022-11-17T08:15:00.040000+00:00|-1,B02,2022-11-17T08:15:00.040000+00:00,2022-11-17|LONDON,0,ACCEPT,-1099.9999999999943
B02|2022-11-17T11:00:00.099000+00:00|1,B02,2022-11-17T11:00:00.099000+00:00,2022-11-17|LONDON,0,ACCEPT,334.0000000000032
F05|2022-11-17T12:45:00.065000+00:00|1,F05,2022-11-17T12:45:00.065000+00:00,2022-11-17|LONDON,0,ACCEPT,34.99999999999659
F05|2022-11-21T01:30:00.093000+00:00|1,F05,2022-11-21T01:30:00.093000+00:00,2022-11-21|ASIA,0,ACCEPT,1174.0000000000066
F05|2022-11-21T04:45:00.060000+00:00|1,F05,2022-11-21T04:45:00.060000+00:00,2022-11-21|ASIA,0,ACCEPT,1387.0000000000005
F05|2022-11-21T06:30:00.380000+00:00|1,F05,2022-11-21T06:30:00.380000+00:00,2022-11-21|ASIA,0,ACCEPT,728.999999999985
B02|2022-11-21T08:15:00.171000+00:00|1,B02,2022-11-21T08:15:00.171000+00:00,2022-11-21|LONDON,0,ACCEPT,1090.0000000000034
F05|2022-11-21T08:15:00.171000+00:00|1,F05,2022-11-21T08:15:00.171000+00:00,2022-11-21|LONDON,0,ACCEPT,899.0000000000009
F05|2022-11-21T09:15:00.137000+00:00|1,F05,2022-11-21T09:15:00.137000+00:00,2022-11-21|LONDON,0,ACCEPT,712.9999999999939
F05|2022-11-21T12:00:00.251000+00:00|1,F05,2022-11-21T12:00:00.251000+00:00,2022-11-21|LONDON,0,ACCEPT,287.00000000000614
F05|2022-11-21T17:15:02.135000+00:00|1,F05,2022-11-21T17:15:02.135000+00:00,2022-11-21|NEW_YORK,0,ACCEPT,-377.9999999999859
B02|2022-11-22T09:15:00.130000+00:00|-1,B02,2022-11-22T09:15:00.130000+00:00,2022-11-22|LONDON,0,ACCEPT,370.9999999999809
F05|2022-11-22T09:45:01.400000+00:00|-1,F05,2022-11-22T09:45:01.400000+00:00,2022-11-22|LONDON,0,ACCEPT,-45.99999999999227
F05|2022-11-22T11:30:00.118000+00:00|-1,F05,2022-11-22T11:30:00.118000+00:00,2022-11-22|LONDON,1,ACCEPT,-63.99999999999295
F05|2022-11-23T00:15:00.034000+00:00|-1,F05,2022-11-23T00:15:00.034000+00:00,2022-11-23|ASIA,0,ACCEPT,-295.99999999999227
B02|2022-11-23T10:15:00.084000+00:00|1,B02,2022-11-23T10:15:00.084000+00:00,2022-11-23|LONDON,1,ACCEPT,-2040.9999999999968
F05|2022-11-23T10:15:00.084000+00:00|1,F05,2022-11-23T10:15:00.084000+00:00,2022-11-23|LONDON,1,ACCEPT,-1675.9999999999877
F05|2022-11-23T14:15:00.079000+00:00|-1,F05,2022-11-23T14:15:00.079000+00:00,2022-11-23|LONDON_NY_OVERLAP,0,ACCEPT,-26.00000000001046
F05|2022-11-23T14:45:00.080000+00:00|-1,F05,2022-11-23T14:45:00.080000+00:00,2022-11-23|LONDON_NY_OVERLAP,1,ACCEPT,1120.0000000000045
F05|2022-11-23T16:00:00.186000+00:00|-1,F05,2022-11-23T16:00:00.186000+00:00,2022-11-23|NEW_YORK,0,ACCEPT,-78.00000000000296
F05|2022-11-23T19:30:00.068000+00:00|-1,F05,2022-11-23T19:30:00.068000+00:00,2022-11-23|NEW_YORK,2,BLOCK,-10.99999999999568
F05|2022-11-24T01:15:00.027000+00:00|-1,F05,2022-11-24T01:15:00.027000+00:00,2022-11-24|ASIA,0,ACCEPT,318.00000000001205
F05|2022-11-24T02:00:00.047000+00:00|-1,F05,2022-11-24T02:00:00.047000+00:00,2022-11-24|ASIA,0,ACCEPT,201.99999999999818
F05|2022-11-24T03:15:04.612000+00:00|-1,F05,2022-11-24T03:15:04.612000+00:00,2022-11-24|ASIA,0,ACCEPT,-46.999999999997044
F05|2022-11-24T04:00:00.324000+00:00|-1,F05,2022-11-24T04:00:00.324000+00:00,2022-11-24|ASIA,1,ACCEPT,-3.9999999999906777
B02|2022-11-24T10:00:00.486000+00:00|-1,B02,2022-11-24T10:00:00.486000+00:00,2022-11-24|LONDON,0,ACCEPT,-114.00000000000432
F05|2022-11-24T10:15:00.209000+00:00|-1,F05,2022-11-24T10:15:00.209000+00:00,2022-11-24|LONDON,0,ACCEPT,-50.00000000001137
B02|2022-11-25T09:30:00.577000+00:00|1,B02,2022-11-25T09:30:00.577000+00:00,2022-11-25|LONDON,0,ACCEPT,-33.999999999991815
F05|2022-11-25T09:30:00.577000+00:00|1,F05,2022-11-25T09:30:00.577000+00:00,2022-11-25|LONDON,0,ACCEPT,-84.00000000000318
F05|2022-11-25T12:00:00.097000+00:00|1,F05,2022-11-25T12:00:00.097000+00:00,2022-11-25|LONDON,0,ACCEPT,-561.000000000007
F05|2022-11-28T06:15:00.063000+00:00|-1,F05,2022-11-28T06:15:00.063000+00:00,2022-11-28|ASIA,0,ACCEPT,-330.99999999998886
B02|2022-11-28T07:15:00.339000+00:00|-1,B02,2022-11-28T07:15:00.339000+00:00,2022-11-28|LONDON,0,ACCEPT,-1036.0000000000014
F05|2022-11-28T07:15:00.339000+00:00|-1,F05,2022-11-28T07:15:00.339000+00:00,2022-11-28|LONDON,0,ACCEPT,-66.0000000000025
F05|2022-11-28T08:45:00.015000+00:00|-1,F05,2022-11-28T08:45:00.015000+00:00,2022-11-28|LONDON,1,ACCEPT,-67.00000000000728
F05|2022-11-29T01:15:01.416000+00:00|1,F05,2022-11-29T01:15:01.416000+00:00,2022-11-29|ASIA,0,ACCEPT,-945.999999999998
B02|2022-11-29T07:45:00.172000+00:00|-1,B02,2022-11-29T07:45:00.172000+00:00,2022-11-29|LONDON,0,ACCEPT,-73.0000000000075
B02|2022-11-30T10:45:00.005000+00:00|1,B02,2022-11-30T10:45:00.005000+00:00,2022-11-30|LONDON,0,ACCEPT,-236.00000000001842
F05|2022-11-30T10:45:00.005000+00:00|1,F05,2022-11-30T10:45:00.005000+00:00,2022-11-30|LONDON,0,ACCEPT,-389.00000000001
F05|2022-11-30T13:45:00.106000+00:00|1,F05,2022-11-30T13:45:00.106000+00:00,2022-11-30|LONDON_NY_OVERLAP,1,ACCEPT,-1182.0000000000164
F05|2022-11-30T15:15:00.082000+00:00|1,F05,2022-11-30T15:15:00.082000+00:00,2022-11-30|LONDON_NY_OVERLAP,1,ACCEPT,-1962.9999999999939
F05|2022-11-30T19:00:00.016000+00:00|-1,F05,2022-11-30T19:00:00.016000+00:00,2022-11-30|NEW_YORK,1,ACCEPT,1581.9999999999936
F05|2022-12-01T00:45:00.452000+00:00|-1,F05,2022-12-01T00:45:00.452000+00:00,2022-12-01|ASIA,0,ACCEPT,855.9999999999945
F05|2022-12-01T05:30:01.273000+00:00|-1,F05,2022-12-01T05:30:01.273000+00:00,2022-12-01|ASIA,0,ACCEPT,353.00000000000864
B02|2022-12-01T07:15:00.026000+00:00|-1,B02,2022-12-01T07:15:00.026000+00:00,2022-12-01|LONDON,0,ACCEPT,662.0000000000061
F05|2022-12-01T07:15:00.026000+00:00|-1,F05,2022-12-01T07:15:00.026000+00:00,2022-12-01|LONDON,0,ACCEPT,181.0000000000116
F05|2022-12-01T17:30:00.214000+00:00|-1,F05,2022-12-01T17:30:00.214000+00:00,2022-12-01|NEW_YORK,0,ACCEPT,137.00000000000045
B02|2022-12-02T07:15:00.070000+00:00|-1,B02,2022-12-02T07:15:00.070000+00:00,2022-12-02|LONDON,0,ACCEPT,18.000000000000682
F05|2022-12-02T07:15:00.070000+00:00|-1,F05,2022-12-02T07:15:00.070000+00:00,2022-12-02|LONDON,0,ACCEPT,-49.99999999998295
F05|2022-12-02T07:45:00.232000+00:00|-1,F05,2022-12-02T07:45:00.232000+00:00,2022-12-02|LONDON,1,ACCEPT,-54.000000000002046
F05|2022-12-02T08:30:00.081000+00:00|-1,F05,2022-12-02T08:30:00.081000+00:00,2022-12-02|LONDON,2,BLOCK,-43.99999999998272
B02|2022-12-05T07:15:00.078000+00:00|1,B02,2022-12-05T07:15:00.078000+00:00,2022-12-05|LONDON,0,ACCEPT,-138.00000000000523
F05|2022-12-05T15:15:00.048000+00:00|1,F05,2022-12-05T15:15:00.048000+00:00,2022-12-05|LONDON_NY_OVERLAP,0,ACCEPT,487.99999999999955
F05|2022-12-05T16:30:00.042000+00:00|1,F05,2022-12-05T16:30:00.042000+00:00,2022-12-05|NEW_YORK,0,ACCEPT,-78.99999999997931
F05|2022-12-06T02:30:00.024000+00:00|1,F05,2022-12-06T02:30:00.024000+00:00,2022-12-06|ASIA,1,ACCEPT,-403.99999999999636
F05|2022-12-06T06:30:01.423000+00:00|1,F05,2022-12-06T06:30:01.423000+00:00,2022-12-06|ASIA,1,ACCEPT,-688.0000000000166
F05|2022-12-06T07:00:00.079000+00:00|1,F05,2022-12-06T07:00:00.079000+00:00,2022-12-06|LONDON,0,ACCEPT,-784.9999999999966
B02|2022-12-06T07:30:00.048000+00:00|1,B02,2022-12-06T07:30:00.048000+00:00,2022-12-06|LONDON,0,ACCEPT,-449.0000000000123
B02|2022-12-06T12:15:00.145000+00:00|-1,B02,2022-12-06T12:15:00.145000+00:00,2022-12-06|LONDON,1,ACCEPT,-151.00000000001046
F05|2022-12-07T06:15:01.160000+00:00|1,F05,2022-12-07T06:15:01.160000+00:00,2022-12-07|ASIA,0,ACCEPT,-1000.0
F05|2022-12-07T17:30:00.182000+00:00|-1,F05,2022-12-07T17:30:00.182000+00:00,2022-12-07|NEW_YORK,0,ACCEPT,-552.9999999999973
F05|2022-12-07T18:15:00.264000+00:00|-1,F05,2022-12-07T18:15:00.264000+00:00,2022-12-07|NEW_YORK,0,ACCEPT,-1.0000000000047748
F05|2022-12-09T01:15:00.074000+00:00|-1,F05,2022-12-09T01:15:00.074000+00:00,2022-12-09|ASIA,0,ACCEPT,-96.00000000000364
F05|2022-12-09T03:15:00.107000+00:00|-1,F05,2022-12-09T03:15:00.107000+00:00,2022-12-09|ASIA,0,ACCEPT,-195.0000000000216
F05|2022-12-12T01:15:00.162000+00:00|1,F05,2022-12-12T01:15:00.162000+00:00,2022-12-12|ASIA,0,ACCEPT,-193.9999999999884
F05|2022-12-12T05:15:00.833000+00:00|1,F05,2022-12-12T05:15:00.833000+00:00,2022-12-12|ASIA,0,ACCEPT,44.999999999987494
B02|2022-12-12T10:00:00.017000+00:00|-1,B02,2022-12-12T10:00:00.017000+00:00,2022-12-12|LONDON,1,ACCEPT,-1045.000000000016
F05|2022-12-12T13:15:00.121000+00:00|1,F05,2022-12-12T13:15:00.121000+00:00,2022-12-12|LONDON_NY_OVERLAP,0,ACCEPT,540.9999999999968
F05|2022-12-12T16:00:00.036000+00:00|1,F05,2022-12-12T16:00:00.036000+00:00,2022-12-12|NEW_YORK,0,ACCEPT,104.99999999998977
F05|2022-12-12T17:45:00.381000+00:00|1,F05,2022-12-12T17:45:00.381000+00:00,2022-12-12|NEW_YORK,0,ACCEPT,-10.99999999999568
F05|2022-12-12T18:45:00.099000+00:00|1,F05,2022-12-12T18:45:00.099000+00:00,2022-12-12|NEW_YORK,0,ACCEPT,-123.99999999999523
F05|2022-12-12T19:15:00.188000+00:00|1,F05,2022-12-12T19:15:00.188000+00:00,2022-12-12|NEW_YORK,0,ACCEPT,-145.00000000001023
F05|2022-12-13T00:30:00.029000+00:00|1,F05,2022-12-13T00:30:00.029000+00:00,2022-12-13|ASIA,0,ACCEPT,-218.9999999999941
B02|2022-12-13T07:30:00.126000+00:00|-1,B02,2022-12-13T07:30:00.126000+00:00,2022-12-13|LONDON,0,ACCEPT,-68.9999999999884
F05|2022-12-13T13:45:00.092000+00:00|-1,F05,2022-12-13T13:45:00.092000+00:00,2022-12-13|LONDON_NY_OVERLAP,0,ACCEPT,-188.0000000000166
F05|2022-12-13T14:15:00.175000+00:00|-1,F05,2022-12-13T14:15:00.175000+00:00,2022-12-13|LONDON_NY_OVERLAP,1,ACCEPT,-70.99999999999795
B02|2022-12-14T09:15:00.543000+00:00|-1,B02,2022-12-14T09:15:00.543000+00:00,2022-12-14|LONDON,0,ACCEPT,-79.99999999998408
B02|2022-12-15T08:15:00.323000+00:00|1,B02,2022-12-15T08:15:00.323000+00:00,2022-12-15|LONDON,0,ACCEPT,1797.9999999999734
F05|2022-12-15T08:30:00.133000+00:00|1,F05,2022-12-15T08:30:00.133000+00:00,2022-12-15|LONDON,0,ACCEPT,1435.0000000000023
F05|2022-12-15T09:15:00.325000+00:00|1,F05,2022-12-15T09:15:00.325000+00:00,2022-12-15|LONDON,0,ACCEPT,1217.9999999999893
F05|2022-12-15T11:15:00.144000+00:00|1,F05,2022-12-15T11:15:00.144000+00:00,2022-12-15|LONDON,0,ACCEPT,920.0000000000159
F05|2022-12-15T15:15:00.078000+00:00|1,F05,2022-12-15T15:15:00.078000+00:00,2022-12-15|LONDON_NY_OVERLAP,0,ACCEPT,508.0000000000098
F05|2022-12-15T16:15:00.112000+00:00|1,F05,2022-12-15T16:15:00.112000+00:00,2022-12-15|NEW_YORK,0,ACCEPT,-34.99999999999659
F05|2022-12-15T16:45:00.136000+00:00|1,F05,2022-12-15T16:45:00.136000+00:00,2022-12-15|NEW_YORK,0,ACCEPT,-280.9999999999775
F05|2022-12-15T18:00:00.028000+00:00|1,F05,2022-12-15T18:00:00.028000+00:00,2022-12-15|NEW_YORK,0,ACCEPT,-754.0000000000191
B02|2022-12-16T09:00:00.020000+00:00|-1,B02,2022-12-16T09:00:00.020000+00:00,2022-12-16|LONDON,0,ACCEPT,185.00000000000227
F05|2022-12-16T15:45:00.288000+00:00|-1,F05,2022-12-16T15:45:00.288000+00:00,2022-12-16|LONDON_NY_OVERLAP,0,ACCEPT,-16.000000000019554
F05|2022-12-16T17:00:00.013000+00:00|-1,F05,2022-12-16T17:00:00.013000+00:00,2022-12-16|NEW_YORK,0,ACCEPT,-20.000000000010232
F05|2022-12-16T18:15:01.514000+00:00|-1,F05,2022-12-16T18:15:01.514000+00:00,2022-12-16|NEW_YORK,1,ACCEPT,-16.999999999995907
F05|2022-12-16T18:45:00.886000+00:00|-1,F05,2022-12-16T18:45:00.886000+00:00,2022-12-16|NEW_YORK,2,BLOCK,240.99999999998545
F05|2022-12-19T16:00:00.105000+00:00|1,F05,2022-12-19T16:00:00.105000+00:00,2022-12-19|NEW_YORK,0,ACCEPT,-10.99999999999568
F05|2022-12-20T00:15:00.136000+00:00|1,F05,2022-12-20T00:15:00.136000+00:00,2022-12-20|ASIA,1,ACCEPT,-4808.999999999997
F05|2022-12-20T00:45:00.157000+00:00|1,F05,2022-12-20T00:45:00.157000+00:00,2022-12-20|ASIA,1,ACCEPT,-4905.000000000001
F05|2022-12-20T03:15:00.094000+00:00|-1,F05,2022-12-20T03:15:00.094000+00:00,2022-12-20|ASIA,1,ACCEPT,852.9999999999802
F05|2022-12-20T06:00:00.096000+00:00|-1,F05,2022-12-20T06:00:00.096000+00:00,2022-12-20|ASIA,1,ACCEPT,-18.000000000000682
B02|2022-12-20T08:00:00.194000+00:00|-1,B02,2022-12-20T08:00:00.194000+00:00,2022-12-20|LONDON,0,ACCEPT,1067.0000000000073
F05|2022-12-20T08:00:00.194000+00:00|-1,F05,2022-12-20T08:00:00.194000+00:00,2022-12-20|LONDON,0,ACCEPT,1206.0000000000173
F05|2022-12-20T15:15:00.306000+00:00|-1,F05,2022-12-20T15:15:00.306000+00:00,2022-12-20|LONDON_NY_OVERLAP,0,ACCEPT,-9.999999999990905
F05|2022-12-20T16:00:00.006000+00:00|-1,F05,2022-12-20T16:00:00.006000+00:00,2022-12-20|NEW_YORK,0,ACCEPT,-14.000000000010004
F05|2022-12-20T17:15:01.053000+00:00|-1,F05,2022-12-20T17:15:01.053000+00:00,2022-12-20|NEW_YORK,1,ACCEPT,-138.00000000000523
B02|2022-12-26T09:45:00.996000+00:00|1,B02,2022-12-26T09:45:00.996000+00:00,2022-12-26|LONDON,0,ACCEPT,-10.99999999999568
F05|2022-12-26T10:15:00.603000+00:00|1,F05,2022-12-26T10:15:00.603000+00:00,2022-12-26|LONDON,0,ACCEPT,-340.99999999997976
B02|2022-12-27T10:15:00.230000+00:00|1,B02,2022-12-27T10:15:00.230000+00:00,2022-12-27|LONDON,0,ACCEPT,-16.000000000019554
F05|2022-12-27T10:15:00.230000+00:00|1,F05,2022-12-27T10:15:00.230000+00:00,2022-12-27|LONDON,0,ACCEPT,142.99999999997226
F05|2022-12-27T13:30:00.132000+00:00|1,F05,2022-12-27T13:30:00.132000+00:00,2022-12-27|LONDON_NY_OVERLAP,0,ACCEPT,51.9999999999925
F05|2022-12-27T14:15:01.603000+00:00|1,F05,2022-12-27T14:15:01.603000+00:00,2022-12-27|LONDON_NY_OVERLAP,0,ACCEPT,-197.00000000000273
F05|2022-12-28T00:30:00.104000+00:00|1,F05,2022-12-28T00:30:00.104000+00:00,2022-12-28|ASIA,0,ACCEPT,334.0000000000032
F05|2022-12-28T03:00:00.445000+00:00|1,F05,2022-12-28T03:00:00.445000+00:00,2022-12-28|ASIA,0,ACCEPT,-195.99999999999795
F05|2022-12-28T03:45:00.298000+00:00|1,F05,2022-12-28T03:45:00.298000+00:00,2022-12-28|ASIA,0,ACCEPT,-443.9999999999884
F05|2022-12-29T13:45:00.045000+00:00|-1,F05,2022-12-29T13:45:00.045000+00:00,2022-12-29|LONDON_NY_OVERLAP,0,ACCEPT,195.99999999999795
F05|2022-12-29T14:45:00.306000+00:00|-1,F05,2022-12-29T14:45:00.306000+00:00,2022-12-29|LONDON_NY_OVERLAP,0,ACCEPT,-83.99999999997476
F05|2022-12-30T00:15:00.323000+00:00|-1,F05,2022-12-30T00:15:00.323000+00:00,2022-12-30|ASIA,0,ACCEPT,858.0000000000041
B02|2022-12-30T08:00:00.055000+00:00|-1,B02,2022-12-30T08:00:00.055000+00:00,2022-12-30|LONDON,0,ACCEPT,1155.9999999999775
F05|2022-12-30T08:00:00.055000+00:00|-1,F05,2022-12-30T08:00:00.055000+00:00,2022-12-30|LONDON,0,ACCEPT,194.99999999999318
F05|2022-12-30T09:00:00.145000+00:00|-1,F05,2022-12-30T09:00:00.145000+00:00,2022-12-30|LONDON,0,ACCEPT,-40.99999999999682
