exit_utc,candidate_id,mode,component,pnl_jpy,equity_jpy
2023-01-03 08:30:00+00:00,B_EXECUTABLE_T0_8BAR,STANDALONE,SHOCK_FAILURE,960.000000000008,960.000000000008
2023-01-12 16:15:00+00:00,B_EXECUTABLE_T0_8BAR,STANDALONE,SHOCK_FAILURE,-469.99999999999886,490.0000000000091
2023-01-24 17:15:00+00:00,B_EXECUTABLE_T0_8BAR,STANDALONE,SHOCK_FAILURE,621.0000000000093,1111.0000000000184
2023-02-01 17:15:00+00:00,B_EXECUTABLE_T0_8BAR,STANDALONE,SHOCK_FAILURE,-209.00000000000318,902.0000000000152
2023-02-01 22:30:00+00:00,B_EXECUTABLE_T0_8BAR,STANDALONE,SHOCK_FAILURE,-266.00000000001955,635.9999999999957
2023-02-07 20:15:00+00:00,B_EXECUTABLE_T0_8BAR,STANDALONE,SHOCK_FAILURE,274.0000000000009,909.9999999999966
2023-02-09 20:00:00+00:00,B_EXECUTABLE_T0_8BAR,STANDALONE,SHOCK_FAILURE,-429.00000000000205,480.99999999999454
2023-03-01 18:00:00+00:00,B_EXECUTABLE_T0_8BAR,STANDALONE,SHOCK_FAILURE,-177.00000000002092,303.9999999999736
2023-03-15 14:30:00+00:00,B_EXECUTABLE_T0_8BAR,STANDALONE,SHOCK_FAILURE,55.00000000000682,358.99999999998045
2023-03-23 08:45:00+00:00,B_EXECUTABLE_T0_8BAR,STANDALONE,SHOCK_FAILURE,397.99999999999613,756.9999999999766
2023-04-25 09:15:00+00:00,B_EXECUTABLE_T0_8BAR,STANDALONE,SHOCK_FAILURE,92.00000000001296,848.9999999999895
2023-04-26 16:45:00+00:00,B_EXECUTABLE_T0_8BAR,STANDALONE,SHOCK_FAILURE,600.0000000000227,1449.0000000000123
2023-05-05 15:30:00+00:00,B_EXECUTABLE_T0_8BAR,STANDALONE,SHOCK_FAILURE,7.999999999981355,1456.9999999999936
2023-05-10 15:45:00+00:00,B_EXECUTABLE_T0_8BAR,STANDALONE,SHOCK_FAILURE,8.000000000009777,1465.0000000000034
2023-05-22 19:30:00+00:00,B_EXECUTABLE_T0_8BAR,STANDALONE,SHOCK_FAILURE,10.000000000019327,1475.0000000000227
2023-05-24 10:00:00+00:00,B_EXECUTABLE_T0_8BAR,STANDALONE,SHOCK_FAILURE,-122.0000000000141,1353.0000000000086
2023-05-30 08:45:00+00:00,B_EXECUTABLE_T0_8BAR,STANDALONE,SHOCK_FAILURE,183.9999999999975,1537.0000000000061
2023-05-30 11:30:00+00:00,B_EXECUTABLE_T0_8BAR,STANDALONE,SHOCK_FAILURE,277.00000000001523,1814.0000000000214
2023-06-02 15:45:00+00:00,B_EXECUTABLE_T0_8BAR,STANDALONE,SHOCK_FAILURE,487.0000000000232,2301.0000000000446
2023-06-07 16:15:00+00:00,B_EXECUTABLE_T0_8BAR,STANDALONE,SHOCK_FAILURE,548.0000000000018,2849.0000000000464
2023-06-16 02:30:00+00:00,B_EXECUTABLE_T0_8BAR,STANDALONE,SHOCK_FAILURE,-73.0000000000075,2776.000000000039
2023-07-06 02:30:00+00:00,B_EXECUTABLE_T0_8BAR,STANDALONE,SHOCK_FAILURE,-94.00000000002251,2682.0000000000164
2023-07-12 04:30:00+00:00,B_EXECUTABLE_T0_8BAR,STANDALONE,SHOCK_FAILURE,-84.00000000000318,2598.000000000013
2023-07-13 16:45:00+00:00,B_EXECUTABLE_T0_8BAR,STANDALONE,SHOCK_FAILURE,157.0000000000107,2755.0000000000236
2023-07-21 16:45:00+00:00,B_EXECUTABLE_T0_8BAR,STANDALONE,SHOCK_FAILURE,-19.000000000005457,2736.000000000018
2023-07-24 16:00:00+00:00,B_EXECUTABLE_T0_8BAR,STANDALONE,SHOCK_FAILURE,28.999999999996362,2765.0000000000146
2023-07-26 20:45:00+00:00,B_EXECUTABLE_T0_8BAR,STANDALONE,SHOCK_FAILURE,-201.99999999999818,2563.0000000000164
2023-07-27 04:30:00+00:00,B_EXECUTABLE_T0_8BAR,STANDALONE,SHOCK_FAILURE,231.99999999999932,2795.0000000000155
2023-07-27 22:00:00+00:00,B_EXECUTABLE_T0_8BAR,STANDALONE,SHOCK_FAILURE,332.9999999999984,3128.0000000000136
2023-08-02 00:15:00+00:00,B_EXECUTABLE_T0_8BAR,STANDALONE,SHOCK_FAILURE,78.99999999997931,3206.9999999999927
2023-08-18 14:45:00+00:00,B_EXECUTABLE_T0_8BAR,STANDALONE,SHOCK_FAILURE,266.9999999999959,3473.9999999999886
2023-08-18 17:15:00+00:00,B_EXECUTABLE_T0_8BAR,STANDALONE,SHOCK_FAILURE,-317.0000000000073,3156.9999999999814
2023-08-24 17:00:00+00:00,B_EXECUTABLE_T0_8BAR,STANDALONE,SHOCK_FAILURE,301.00000000001614,3457.9999999999973
2023-08-29 16:45:00+00:00,B_EXECUTABLE_T0_8BAR,STANDALONE,SHOCK_FAILURE,-466.99999999998454,2991.0000000000127
2023-09-05 09:30:00+00:00,B_EXECUTABLE_T0_8BAR,STANDALONE,SHOCK_FAILURE,114.00000000000432,3105.0000000000173
2023-09-05 17:30:00+00:00,B_EXECUTABLE_T0_8BAR,STANDALONE,SHOCK_FAILURE,32.00000000001069,3137.000000000028
2023-09-08 15:45:00+00:00,B_EXECUTABLE_T0_8BAR,STANDALONE,SHOCK_FAILURE,54.000000000002046,3191.00000000003
2023-09-11 08:30:00+00:00,B_EXECUTABLE_T0_8BAR,STANDALONE,SHOCK_FAILURE,116.99999999999022,3308.00000000002
2023-09-14 15:30:00+00:00,B_EXECUTABLE_T0_8BAR,STANDALONE,SHOCK_FAILURE,-123.99999999999523,3184.0000000000246
2023-09-28 16:30:00+00:00,B_EXECUTABLE_T0_8BAR,STANDALONE,SHOCK_FAILURE,-70.99999999999795,3113.0000000000264
2023-09-29 11:15:00+00:00,B_EXECUTABLE_T0_8BAR,STANDALONE,SHOCK_FAILURE,-158.00000000001546,2955.000000000011
2023-10-04 10:00:00+00:00,B_EXECUTABLE_T0_8BAR,STANDALONE,SHOCK_FAILURE,292.0000000000016,3247.0000000000127
2023-10-09 21:15:00+00:00,B_EXECUTABLE_T0_8BAR,STANDALONE,SHOCK_FAILURE,-63.99999999999295,3183.00000000002
2023-10-19 18:15:00+00:00,B_EXECUTABLE_T0_8BAR,STANDALONE,SHOCK_FAILURE,16.999999999995907,3200.000000000016
2023-10-26 09:00:00+00:00,B_EXECUTABLE_T0_8BAR,STANDALONE,SHOCK_FAILURE,34.000000000020236,3234.0000000000364
2023-11-06 10:15:00+00:00,B_EXECUTABLE_T0_8BAR,STANDALONE,SHOCK_FAILURE,-94.99999999999886,3139.0000000000373
2023-11-07 18:00:00+00:00,B_EXECUTABLE_T0_8BAR,STANDALONE,SHOCK_FAILURE,-52.00000000002092,3087.0000000000164
2023-11-14 16:30:00+00:00,B_EXECUTABLE_T0_8BAR,STANDALONE,SHOCK_FAILURE,-121.00000000000932,2966.0000000000073
2023-11-16 17:45:00+00:00,B_EXECUTABLE_T0_8BAR,STANDALONE,SHOCK_FAILURE,24.999999999977263,2990.9999999999845
2023-11-17 15:30:00+00:00,B_EXECUTABLE_T0_8BAR,STANDALONE,SHOCK_FAILURE,298.0000000000018,3288.9999999999864
2023-11-21 03:45:00+00:00,B_EXECUTABLE_T0_8BAR,STANDALONE,SHOCK_FAILURE,-629.9999999999955,2658.999999999991
2023-11-27 06:00:00+00:00,B_EXECUTABLE_T0_8BAR,STANDALONE,SHOCK_FAILURE,141.9999999999959,2800.999999999987
2023-12-08 16:30:00+00:00,B_EXECUTABLE_T0_8BAR,STANDALONE,SHOCK_FAILURE,-219.99999999999886,2580.999999999988
2023-12-12 16:30:00+00:00,B_EXECUTABLE_T0_8BAR,STANDALONE,SHOCK_FAILURE,-14.999999999986358,2566.000000000002
2023-12-14 01:00:00+00:00,B_EXECUTABLE_T0_8BAR,STANDALONE,SHOCK_FAILURE,-364.0000000000043,2201.9999999999973
2023-12-28 16:15:00+00:00,B_EXECUTABLE_T0_8BAR,STANDALONE,SHOCK_FAILURE,-87.99999999999386,2114.0000000000036
2024-01-11 17:30:00+00:00,B_EXECUTABLE_T0_8BAR,STANDALONE,SHOCK_FAILURE,-194.99999999999318,1919.0000000000105
2024-01-16 02:30:00+00:00,B_EXECUTABLE_T0_8BAR,STANDALONE,SHOCK_FAILURE,366.9999999999902,2286.000000000001
2024-01-16 16:00:00+00:00,B_EXECUTABLE_T0_8BAR,STANDALONE,SHOCK_FAILURE,72.00000000000273,2358.0000000000036
2024-01-17 17:15:00+00:00,B_EXECUTABLE_T0_8BAR,STANDALONE,SHOCK_FAILURE,-183.9999999999975,2174.0000000000064
2024-01-23 08:30:00+00:00,B_EXECUTABLE_T0_8BAR,STANDALONE,SHOCK_FAILURE,556.999999999988,2730.9999999999945
2024-01-31 18:15:00+00:00,B_EXECUTABLE_T0_8BAR,STANDALONE,SHOCK_FAILURE,60.99999999997863,2791.999999999973
2024-02-01 04:30:00+00:00,B_EXECUTABLE_T0_8BAR,STANDALONE,SHOCK_FAILURE,122.99999999999045,2914.9999999999636
2024-02-09 16:30:00+00:00,B_EXECUTABLE_T0_8BAR,STANDALONE,SHOCK_FAILURE,-94.99999999999886,2819.9999999999645
2024-02-20 03:30:00+00:00,B_EXECUTABLE_T0_8BAR,STANDALONE,SHOCK_FAILURE,-44.999999999987494,2774.9999999999773
2024-02-20 16:45:00+00:00,B_EXECUTABLE_T0_8BAR,STANDALONE,SHOCK_FAILURE,-21.000000000015007,2753.9999999999623
2024-02-29 10:15:00+00:00,B_EXECUTABLE_T0_8BAR,STANDALONE,SHOCK_FAILURE,157.0000000000107,2910.9999999999727
2024-03-04 17:15:00+00:00,B_EXECUTABLE_T0_8BAR,STANDALONE,SHOCK_FAILURE,112.99999999999955,3023.9999999999723
2024-03-05 18:00:00+00:00,B_EXECUTABLE_T0_8BAR,STANDALONE,SHOCK_FAILURE,106.99999999999932,3130.999999999972
2024-03-06 10:00:00+00:00,B_EXECUTABLE_T0_8BAR,STANDALONE,SHOCK_FAILURE,109.99999999998522,3240.9999999999573
2024-04-03 17:00:00+00:00,B_EXECUTABLE_T0_8BAR,STANDALONE,SHOCK_FAILURE,-139.99999999998636,3100.999999999971
2024-04-04 15:15:00+00:00,B_EXECUTABLE_T0_8BAR,STANDALONE,SHOCK_FAILURE,16.999999999995907,3117.999999999967
2024-04-04 22:00:00+00:00,B_EXECUTABLE_T0_8BAR,STANDALONE,SHOCK_FAILURE,73.0000000000075,3190.9999999999745
2024-04-12 03:15:00+00:00,B_EXECUTABLE_T0_8BAR,STANDALONE,SHOCK_FAILURE,116.99999999999022,3307.9999999999645
2024-04-19 04:00:00+00:00,B_EXECUTABLE_T0_8BAR,STANDALONE,SHOCK_FAILURE,68.9999999999884,3376.9999999999527
2024-04-24 17:00:00+00:00,B_EXECUTABLE_T0_8BAR,STANDALONE,SHOCK_FAILURE,-115.99999999998545,3260.9999999999673
2024-04-26 06:15:00+00:00,B_EXECUTABLE_T0_8BAR,STANDALONE,SHOCK_FAILURE,-63.0000000000166,3197.999999999951
2024-05-02 00:15:00+00:00,B_EXECUTABLE_T0_8BAR,STANDALONE,SHOCK_FAILURE,552.9999999999973,3750.999999999948
2024-05-09 15:00:00+00:00,B_EXECUTABLE_T0_8BAR,STANDALONE,SHOCK_FAILURE,-147.00000000001978,3603.999999999928
2024-05-16 03:15:00+00:00,B_EXECUTABLE_T0_8BAR,STANDALONE,SHOCK_FAILURE,186.9999999999834,3790.999999999912
2024-05-24 16:30:00+00:00,B_EXECUTABLE_T0_8BAR,STANDALONE,SHOCK_FAILURE,-161.99999999997772,3628.999999999934
2024-05-28 03:15:00+00:00,B_EXECUTABLE_T0_8BAR,STANDALONE,SHOCK_FAILURE,100.99999999999909,3729.999999999933
2024-05-30 09:30:00+00:00,B_EXECUTABLE_T0_8BAR,STANDALONE,SHOCK_FAILURE,76.00000000002183,3805.999999999955
2024-06-12 20:45:00+00:00,B_EXECUTABLE_T0_8BAR,STANDALONE,SHOCK_FAILURE,361.99999999999477,4167.99999999995
2024-06-18 15:45:00+00:00,B_EXECUTABLE_T0_8BAR,STANDALONE,SHOCK_FAILURE,42.00000000000159,4209.999999999952
2024-06-21 03:15:00+00:00,B_EXECUTABLE_T0_8BAR,STANDALONE,SHOCK_FAILURE,56.99999999998795,4266.99999999994
2024-07-02 16:00:00+00:00,B_EXECUTABLE_T0_8BAR,STANDALONE,SHOCK_FAILURE,139.99999999998636,4406.999999999926
2024-07-05 14:45:00+00:00,B_EXECUTABLE_T0_8BAR,STANDALONE,SHOCK_FAILURE,81.99999999999363,4488.99999999992
2024-07-12 01:30:00+00:00,B_EXECUTABLE_T0_8BAR,STANDALONE,SHOCK_FAILURE,-1231.9999999999993,3256.999999999921
2024-07-18 02:00:00+00:00,B_EXECUTABLE_T0_8BAR,STANDALONE,SHOCK_FAILURE,576.9999999999982,3833.999999999919
2024-07-25 16:30:00+00:00,B_EXECUTABLE_T0_8BAR,STANDALONE,SHOCK_FAILURE,674.999999999983,4508.999999999902
2024-08-02 15:30:00+00:00,B_EXECUTABLE_T0_8BAR,STANDALONE,SHOCK_FAILURE,1140.0000000000148,5648.999999999916
2024-08-30 16:30:00+00:00,B_EXECUTABLE_T0_8BAR,STANDALONE,SHOCK_FAILURE,467.9999999999893,6116.999999999905
2024-09-05 17:00:00+00:00,B_EXECUTABLE_T0_8BAR,STANDALONE,SHOCK_FAILURE,483.0000000000041,6599.999999999909
2024-09-06 16:00:00+00:00,B_EXECUTABLE_T0_8BAR,STANDALONE,SHOCK_FAILURE,1371.0000000000093,7970.999999999918
2024-09-12 03:30:00+00:00,B_EXECUTABLE_T0_8BAR,STANDALONE,SHOCK_FAILURE,-117.00000000001864,7853.9999999999
2024-09-13 10:30:00+00:00,B_EXECUTABLE_T0_8BAR,STANDALONE,SHOCK_FAILURE,-317.99999999998363,7535.999999999916
2024-09-26 16:45:00+00:00,B_EXECUTABLE_T0_8BAR,STANDALONE,SHOCK_FAILURE,98.99999999998954,7634.999999999905
2024-09-27 07:45:00+00:00,B_EXECUTABLE_T0_8BAR,STANDALONE,SHOCK_FAILURE,3098.9999999999895,10733.999999999894
2024-10-07 15:30:00+00:00,B_EXECUTABLE_T0_8BAR,STANDALONE,SHOCK_FAILURE,16.999999999995907,10750.99999999989
2024-10-10 17:00:00+00:00,B_EXECUTABLE_T0_8BAR,STANDALONE,SHOCK_FAILURE,-213.00000000002228,10537.999999999869
2024-10-15 10:30:00+00:00,B_EXECUTABLE_T0_8BAR,STANDALONE,SHOCK_FAILURE,-134.00000000001455,10403.999999999854
2024-10-15 17:00:00+00:00,B_EXECUTABLE_T0_8BAR,STANDALONE,SHOCK_FAILURE,213.99999999999864,10617.999999999853
2024-10-31 09:15:00+00:00,B_EXECUTABLE_T0_8BAR,STANDALONE,SHOCK_FAILURE,98.99999999998954,10716.999999999842
2024-10-31 16:15:00+00:00,B_EXECUTABLE_T0_8BAR,STANDALONE,SHOCK_FAILURE,453.9999999999793,11170.999999999822
2024-11-06 02:15:00+00:00,B_EXECUTABLE_T0_8BAR,STANDALONE,SHOCK_FAILURE,1432.0000000000164,12602.999999999838
2024-11-06 09:45:00+00:00,B_EXECUTABLE_T0_8BAR,STANDALONE,SHOCK_FAILURE,-100.99999999999909,12501.99999999984
2024-11-21 09:30:00+00:00,B_EXECUTABLE_T0_8BAR,STANDALONE,SHOCK_FAILURE,453.9999999999793,12955.99999999982
2024-12-02 02:30:00+00:00,B_EXECUTABLE_T0_8BAR,STANDALONE,SHOCK_FAILURE,-615.0000000000091,12340.99999999981
2024-12-11 16:15:00+00:00,B_EXECUTABLE_T0_8BAR,STANDALONE,SHOCK_FAILURE,-225.9999999999991,12114.99999999981
2024-12-18 21:45:00+00:00,B_EXECUTABLE_T0_8BAR,STANDALONE,SHOCK_FAILURE,158.99999999999181,12273.999999999804
2024-12-27 03:15:00+00:00,B_EXECUTABLE_T0_8BAR,STANDALONE,SHOCK_FAILURE,78.99999999997931,12352.999999999784
2024-12-30 08:30:00+00:00,B_EXECUTABLE_T0_8BAR,STANDALONE,SHOCK_FAILURE,40.99999999999682,12393.99999999978
2024-12-30 17:45:00+00:00,B_EXECUTABLE_T0_8BAR,STANDALONE,SHOCK_FAILURE,108.00000000000409,12501.999999999784
2023-01-03 08:30:00+00:00,B_EXECUTABLE_T0_8BAR,ADDITIVE,SHOCK_FAILURE,960.000000000008,960.000000000008
2023-01-04 00:15:00+00:00,B_EXECUTABLE_T0_8BAR,ADDITIVE,BASELINE,-129.0,831.000000000008
2023-01-04 19:15:00+00:00,B_EXECUTABLE_T0_8BAR,ADDITIVE,BASELINE,-2056.0,-1224.999999999992
2023-01-04 23:15:00+00:00,B_EXECUTABLE_T0_8BAR,ADDITIVE,BASELINE,653.0,-571.999999999992
2023-01-05 00:00:00+00:00,B_EXECUTABLE_T0_8BAR,ADDITIVE,BASELINE,223.0,-348.99999999999204
2023-01-05 01:30:00+00:00,B_EXECUTABLE_T0_8BAR,ADDITIVE,BASELINE,-419.0,-767.999999999992
2023-01-05 16:15:00+00:00,B_EXECUTABLE_T0_8BAR,ADDITIVE,BASELINE,850.0,82.00000000000796
2023-01-05 20:15:00+00:00,B_EXECUTABLE_T0_8BAR,ADDITIVE,BASELINE,457.0,539.000000000008
2023-01-05 21:15:00+00:00,B_EXECUTABLE_T0_8BAR,ADDITIVE,BASELINE,389.0,928.000000000008
2023-01-05 22:00:00+00:00,B_EXECUTABLE_T0_8BAR,ADDITIVE,BASELINE,-305.0,623.000000000008
2023-01-05 23:15:00+00:00,B_EXECUTABLE_T0_8BAR,ADDITIVE,BASELINE,-390.0,233.00000000000796
2023-01-06 14:00:00+00:00,B_EXECUTABLE_T0_8BAR,ADDITIVE,BASELINE,-803.0,-569.999999999992
2023-01-06 17:30:00+00:00,B_EXECUTABLE_T0_8BAR,ADDITIVE,BASELINE,-2198.0,-2767.999999999992
2023-01-06 20:30:00+00:00,B_EXECUTABLE_T0_8BAR,ADDITIVE,BASELINE,-2335.0,-5102.999999999992
2023-01-06 21:00:00+00:00,B_EXECUTABLE_T0_8BAR,ADDITIVE,BASELINE,-2583.0,-7685.999999999992
2023-01-09 00:00:00+00:00,B_EXECUTABLE_T0_8BAR,ADDITIVE,BASELINE,613.0,-7072.999999999992
2023-01-09 01:00:00+00:00,B_EXECUTABLE_T0_8BAR,ADDITIVE,BASELINE,376.0,-6696.999999999992
2023-01-09 08:00:00+00:00,B_EXECUTABLE_T0_8BAR,ADDITIVE,BASELINE,-422.0,-7118.999999999992
2023-01-09 09:45:00+00:00,B_EXECUTABLE_T0_8BAR,ADDITIVE,BASELINE,-881.0,-7999.999999999992
2023-01-09 10:15:00+00:00,B_EXECUTABLE_T0_8BAR,ADDITIVE,BASELINE,-917.0,-8916.999999999993
2023-01-09 10:45:00+00:00,B_EXECUTABLE_T0_8BAR,ADDITIVE,BASELINE,-1097.0,-10013.999999999993
2023-01-09 19:45:00+00:00,B_EXECUTABLE_T0_8BAR,ADDITIVE,BASELINE,-586.0,-10599.999999999993
2023-01-10 20:00:00+00:00,B_EXECUTABLE_T0_8BAR,ADDITIVE,BASELINE,1.0,-10598.999999999993
2023-01-10 21:00:00+00:00,B_EXECUTABLE_T0_8BAR,ADDITIVE,BASELINE,-155.0,-10753.999999999993
2023-01-11 11:00:00+00:00,B_EXECUTABLE_T0_8BAR,ADDITIVE,BASELINE,-60.0,-10813.999999999993
2023-01-11 16:30:00+00:00,B_EXECUTABLE_T0_8BAR,ADDITIVE,BASELINE,-156.0,-10969.999999999993
2023-01-11 20:30:00+00:00,B_EXECUTABLE_T0_8BAR,ADDITIVE,BASELINE,-243.0,-11212.999999999993
2023-01-11 21:00:00+00:00,B_EXECUTABLE_T0_8BAR,ADDITIVE,BASELINE,-244.0,-11456.999999999993
2023-01-12 08:30:00+00:00,B_EXECUTABLE_T0_8BAR,ADDITIVE,BASELINE,-56.0,-11512.999999999993
2023-01-12 13:00:00+00:00,B_EXECUTABLE_T0_8BAR,ADDITIVE,BASELINE,752.0,-10760.999999999993
2023-01-12 16:15:00+00:00,B_EXECUTABLE_T0_8BAR,ADDITIVE,SHOCK_FAILURE,-469.99999999999886,-11230.99999999999
2023-01-12 17:30:00+00:00,B_EXECUTABLE_T0_8BAR,ADDITIVE,BASELINE,1645.0,-9585.99999999999
2023-01-12 20:15:00+00:00,B_EXECUTABLE_T0_8BAR,ADDITIVE,BASELINE,1324.0,-8261.99999999999
2023-01-12 21:15:00+00:00,B_EXECUTABLE_T0_8BAR,ADDITIVE,BASELINE,1300.0,-6961.999999999991
2023-01-12 21:30:00+00:00,B_EXECUTABLE_T0_8BAR,ADDITIVE,BASELINE,2005.0,-4956.999999999991
2023-01-12 21:45:00+00:00,B_EXECUTABLE_T0_8BAR,ADDITIVE,BASELINE,923.0,-4033.999999999991
2023-01-13 01:45:00+00:00,B_EXECUTABLE_T0_8BAR,ADDITIVE,BASELINE,369.0,-3664.999999999991
2023-01-13 02:15:00+00:00,B_EXECUTABLE_T0_8BAR,ADDITIVE,BASELINE,-101.0,-3765.999999999991
2023-01-13 15:00:00+00:00,B_EXECUTABLE_T0_8BAR,ADDITIVE,BASELINE,754.0,-3011.999999999991
2023-01-13 16:00:00+00:00,B_EXECUTABLE_T0_8BAR,ADDITIVE,BASELINE,863.0,-2148.999999999991
2023-01-13 20:00:00+00:00,B_EXECUTABLE_T0_8BAR,ADDITIVE,BASELINE,442.0,-1706.999999999991
2023-01-15 22:45:00+00:00,B_EXECUTABLE_T0_8BAR,ADDITIVE,BASELINE,210.0,-1496.999999999991
2023-01-16 00:00:00+00:00,B_EXECUTABLE_T0_8BAR,ADDITIVE,BASELINE,-545.0,-2041.999999999991
2023-01-16 10:30:00+00:00,B_EXECUTABLE_T0_8BAR,ADDITIVE,BASELINE,-1089.0,-3130.999999999991
2023-01-16 20:15:00+00:00,B_EXECUTABLE_T0_8BAR,ADDITIVE,BASELINE,30.0,-3100.999999999991
2023-01-17 09:45:00+00:00,B_EXECUTABLE_T0_8BAR,ADDITIVE,BASELINE,-120.0,-3220.999999999991
2023-01-17 10:45:00+00:00,B_EXECUTABLE_T0_8BAR,ADDITIVE,BASELINE,46.0,-3174.999999999991
2023-01-18 00:00:00+00:00,B_EXECUTABLE_T0_8BAR,ADDITIVE,BASELINE,-142.0,-3316.999999999991
2023-01-18 10:45:00+00:00,B_EXECUTABLE_T0_8BAR,ADDITIVE,BASELINE,-1044.0,-4360.999999999991
2023-01-18 11:30:00+00:00,B_EXECUTABLE_T0_8BAR,ADDITIVE,BASELINE,-1674.0,-6034.999999999991
2023-01-18 12:15:00+00:00,B_EXECUTABLE_T0_8BAR,ADDITIVE,BASELINE,-2351.0,-8385.99999999999
2023-01-18 22:15:00+00:00,B_EXECUTABLE_T0_8BAR,ADDITIVE,BASELINE,-850.0,-9235.99999999999
2023-01-20 10:00:00+00:00,B_EXECUTABLE_T0_8BAR,ADDITIVE,BASELINE,619.0,-8616.99999999999
2023-01-20 12:15:00+00:00,B_EXECUTABLE_T0_8BAR,ADDITIVE,BASELINE,1114.0,-7502.999999999991
2023-01-20 13:15:00+00:00,B_EXECUTABLE_T0_8BAR,ADDITIVE,BASELINE,977.0,-6525.999999999991
2023-01-20 17:15:00+00:00,B_EXECUTABLE_T0_8BAR,ADDITIVE,BASELINE,426.0,-6099.999999999991
2023-01-20 18:15:00+00:00,B_EXECUTABLE_T0_8BAR,ADDITIVE,BASELINE,-22.0,-6121.999999999991
2023-01-20 19:45:00+00:00,B_EXECUTABLE_T0_8BAR,ADDITIVE,BASELINE,-345.0,-6466.999999999991
2023-01-20 20:15:00+00:00,B_EXECUTABLE_T0_8BAR,ADDITIVE,BASELINE,-490.0,-6956.999999999991
2023-01-20 21:15:00+00:00,B_EXECUTABLE_T0_8BAR,ADDITIVE,BASELINE,161.0,-6795.999999999991
2023-01-20 21:45:00+00:00,B_EXECUTABLE_T0_8BAR,ADDITIVE,BASELINE,-736.0,-7531.999999999991
2023-01-23 19:30:00+00:00,B_EXECUTABLE_T0_8BAR,ADDITIVE,BASELINE,417.0,-7114.999999999991
2023-01-23 22:15:00+00:00,B_EXECUTABLE_T0_8BAR,ADDITIVE,BASELINE,-109.0,-7223.999999999991
2023-01-24 17:15:00+00:00,B_EXECUTABLE_T0_8BAR,ADDITIVE,SHOCK_FAILURE,621.0000000000093,-6602.999999999982
2023-01-24 19:30:00+00:00,B_EXECUTABLE_T0_8BAR,ADDITIVE,BASELINE,-134.0,-6736.999999999982
2023-01-24 23:00:00+00:00,B_EXECUTABLE_T0_8BAR,ADDITIVE,BASELINE,-928.0,-7664.999999999982
2023-01-25 17:45:00+00:00,B_EXECUTABLE_T0_8BAR,ADDITIVE,BASELINE,201.0,-7463.999999999982
2023-01-25 19:15:00+00:00,B_EXECUTABLE_T0_8BAR,ADDITIVE,BASELINE,189.0,-7274.999999999982
2023-01-25 21:30:00+00:00,B_EXECUTABLE_T0_8BAR,ADDITIVE,BASELINE,495.0,-6779.999999999982
2023-01-25 23:15:00+00:00,B_EXECUTABLE_T0_8BAR,ADDITIVE,BASELINE,149.0,-6630.999999999982
2023-01-26 08:15:00+00:00,B_EXECUTABLE_T0_8BAR,ADDITIVE,BASELINE,-544.0,-7174.999999999982
2023-01-26 12:30:00+00:00,B_EXECUTABLE_T0_8BAR,ADDITIVE,BASELINE,-749.0,-7923.999999999982
2023-01-26 19:15:00+00:00,B_EXECUTABLE_T0_8BAR,ADDITIVE,BASELINE,538.0,-7385.999999999982
2023-01-26 23:00:00+00:00,B_EXECUTABLE_T0_8BAR,ADDITIVE,BASELINE,-184.0,-7569.999999999982
2023-01-27 00:00:00+00:00,B_EXECUTABLE_T0_8BAR,ADDITIVE,BASELINE,-655.0,-8224.999999999982
2023-01-30 12:15:00+00:00,B_EXECUTABLE_T0_8BAR,ADDITIVE,BASELINE,-931.0,-9155.999999999982
2023-01-31 03:15:00+00:00,B_EXECUTABLE_T0_8BAR,ADDITIVE,BASELINE,-235.0,-9390.999999999982
2023-01-31 22:00:00+00:00,B_EXECUTABLE_T0_8BAR,ADDITIVE,BASELINE,-183.0,-9573.999999999982
2023-02-01 17:15:00+00:00,B_EXECUTABLE_T0_8BAR,ADDITIVE,SHOCK_FAILURE,-209.00000000000318,-9782.999999999985
2023-02-01 19:15:00+00:00,B_EXECUTABLE_T0_8BAR,ADDITIVE,BASELINE,-865.0,-10647.999999999985
2023-02-01 21:30:00+00:00,B_EXECUTABLE_T0_8BAR,ADDITIVE,BASELINE,757.0,-9890.999999999985
2023-02-01 21:30:00+00:00,B_EXECUTABLE_T0_8BAR,ADDITIVE,BASELINE,528.0,-9362.999999999985
2023-02-01 22:00:00+00:00,B_EXECUTABLE_T0_8BAR,ADDITIVE,BASELINE,435.0,-8927.999999999985
2023-02-01 22:30:00+00:00,B_EXECUTABLE_T0_8BAR,ADDITIVE,SHOCK_FAILURE,-266.00000000001955,-9194.000000000005
2023-02-01 23:45:00+00:00,B_EXECUTABLE_T0_8BAR,ADDITIVE,BASELINE,673.0,-8521.000000000005
2023-02-02 03:45:00+00:00,B_EXECUTABLE_T0_8BAR,ADDITIVE,BASELINE,86.0,-8435.000000000005
2023-02-02 08:15:00+00:00,B_EXECUTABLE_T0_8BAR,ADDITIVE,BASELINE,-300.0,-8735.000000000005
2023-02-02 21:00:00+00:00,B_EXECUTABLE_T0_8BAR,ADDITIVE,BASELINE,-143.0,-8878.000000000005
2023-02-03 21:45:00+00:00,B_EXECUTABLE_T0_8BAR,ADDITIVE,BASELINE,1226.0,-7652.0000000000055
2023-02-05 22:30:00+00:00,B_EXECUTABLE_T0_8BAR,ADDITIVE,BASELINE,1349.0,-6303.0000000000055
2023-02-05 23:15:00+00:00,B_EXECUTABLE_T0_8BAR,ADDITIVE,BASELINE,895.0,-5408.0000000000055
2023-02-05 23:45:00+00:00,B_EXECUTABLE_T0_8BAR,ADDITIVE,BASELINE,-3487.0,-8895.000000000005
2023-02-06 21:45:00+00:00,B_EXECUTABLE_T0_8BAR,ADDITIVE,BASELINE,179.0,-8716.000000000005
2023-02-06 23:15:00+00:00,B_EXECUTABLE_T0_8BAR,ADDITIVE,BASELINE,-52.0,-8768.000000000005
2023-02-07 00:00:00+00:00,B_EXECUTABLE_T0_8BAR,ADDITIVE,BASELINE,-226.0,-8994.000000000005
2023-02-07 20:15:00+00:00,B_EXECUTABLE_T0_8BAR,ADDITIVE,SHOCK_FAILURE,274.0000000000009,-8720.000000000004
2023-02-07 20:30:00+00:00,B_EXECUTABLE_T0_8BAR,ADDITIVE,BASELINE,747.0,-7973.000000000004
2023-02-07 23:45:00+00:00,B_EXECUTABLE_T0_8BAR,ADDITIVE,BASELINE,565.0,-7408.000000000004
2023-02-08 01:45:00+00:00,B_EXECUTABLE_T0_8BAR,ADDITIVE,BASELINE,38.0,-7370.000000000004
2023-02-08 21:15:00+00:00,B_EXECUTABLE_T0_8BAR,ADDITIVE,BASELINE,-827.0,-8197.000000000004
2023-02-09 09:15:00+00:00,B_EXECUTABLE_T0_8BAR,ADDITIVE,BASELINE,-868.0,-9065.000000000004
2023-02-09 20:00:00+00:00,B_EXECUTABLE_T0_8BAR,ADDITIVE,SHOCK_FAILURE,-429.00000000000205,-9494.000000000005
2023-02-09 21:45:00+00:00,B_EXECUTABLE_T0_8BAR,ADDITIVE,BASELINE,-987.0,-10481.000000000005
2023-02-10 16:15:00+00:00,B_EXECUTABLE_T0_8BAR,ADDITIVE,BASELINE,-1347.0,-11828.000000000005
2023-02-10 19:30:00+00:00,B_EXECUTABLE_T0_8BAR,ADDITIVE,BASELINE,-596.0,-12424.000000000005
2023-02-13 11:45:00+00:00,B_EXECUTABLE_T0_8BAR,ADDITIVE,BASELINE,647.0,-11777.000000000005
2023-02-13 13:15:00+00:00,B_EXECUTABLE_T0_8BAR,ADDITIVE,BASELINE,377.0,-11400.000000000005
2023-02-13 14:15:00+00:00,B_EXECUTABLE_T0_8BAR,ADDITIVE,BASELINE,458.0,-10942.000000000005
2023-02-13 16:30:00+00:00,B_EXECUTABLE_T0_8BAR,ADDITIVE,BASELINE,343.0,-10599.000000000005
2023-02-13 17:30:00+00:00,B_EXECUTABLE_T0_8BAR,ADDITIVE,BASELINE,-19.0,-10618.000000000005
2023-02-13 20:30:00+00:00,B_EXECUTABLE_T0_8BAR,ADDITIVE,BASELINE,-40.0,-10658.000000000005
2023-02-14 13:15:00+00:00,B_EXECUTABLE_T0_8BAR,ADDITIVE,BASELINE,-283.0,-10941.000000000005
2023-02-14 22:30:00+00:00,B_EXECUTABLE_T0_8BAR,ADDITIVE,BASELINE,119.0,-10822.000000000005
2023-02-15 01:30:00+00:00,B_EXECUTABLE_T0_8BAR,ADDITIVE,BASELINE,-609.0,-11431.000000000005
2023-02-15 15:00:00+00:00,B_EXECUTABLE_T0_8BAR,ADDITIVE,BASELINE,820.0,-10611.000000000005
2023-02-15 17:15:00+00:00,B_EXECUTABLE_T0_8BAR,ADDITIVE,BASELINE,769.0,-9842.000000000005
2023-02-15 20:45:00+00:00,B_EXECUTABLE_T0_8BAR,ADDITIVE,BASELINE,585.0,-9257.000000000005
2023-02-15 21:00:00+00:00,B_EXECUTABLE_T0_8BAR,ADDITIVE,BASELINE,671.0,-8586.000000000005
2023-02-15 21:45:00+00:00,B_EXECUTABLE_T0_8BAR,ADDITIVE,BASELINE,304.0,-8282.000000000005
2023-02-15 23:00:00+00:00,B_EXECUTABLE_T0_8BAR,ADDITIVE,BASELINE,-150.0,-8432.000000000005
2023-02-16 00:00:00+00:00,B_EXECUTABLE_T0_8BAR,ADDITIVE,BASELINE,-373.0,-8805.000000000005
2023-02-17 09:45:00+00:00,B_EXECUTABLE_T0_8BAR,ADDITIVE,BASELINE,293.0,-8512.000000000005
2023-02-17 12:45:00+00:00,B_EXECUTABLE_T0_8BAR,ADDITIVE,BASELINE,-39.0,-8551.000000000005
2023-02-17 15:15:00+00:00,B_EXECUTABLE_T0_8BAR,ADDITIVE,BASELINE,-478.0,-9029.000000000005
2023-02-17 16:15:00+00:00,B_EXECUTABLE_T0_8BAR,ADDITIVE,BASELINE,-600.0,-9629.000000000005
2023-02-17 19:15:00+00:00,B_EXECUTABLE_T0_8BAR,ADDITIVE,BASELINE,-698.0,-10327.000000000005
2023-02-17 19:15:00+00:00,B_EXECUTABLE_T0_8BAR,ADDITIVE,BASELINE,-888.0,-11215.000000000005
2023-02-21 15:00:00+00:00,B_EXECUTABLE_T0_8BAR,ADDITIVE,BASELINE,642.0,-10573.000000000005
2023-02-21 16:15:00+00:00,B_EXECUTABLE_T0_8BAR,ADDITIVE,BASELINE,149.0,-10424.000000000005
2023-02-21 19:15:00+00:00,B_EXECUTABLE_T0_8BAR,ADDITIVE,BASELINE,344.0,-10080.000000000005
2023-02-21 22:15:00+00:00,B_EXECUTABLE_T0_8BAR,ADDITIVE,BASELINE,31.0,-10049.000000000005
2023-02-21 23:00:00+00:00,B_EXECUTABLE_T0_8BAR,ADDITIVE,BASELINE,-206.0,-10255.000000000005
2023-02-23 00:45:00+00:00,B_EXECUTABLE_T0_8BAR,ADDITIVE,BASELINE,-409.0,-10664.000000000005
2023-02-23 20:30:00+00:00,B_EXECUTABLE_T0_8BAR,ADDITIVE,BASELINE,-348.0,-11012.000000000005
2023-02-23 21:45:00+00:00,B_EXECUTABLE_T0_8BAR,ADDITIVE,BASELINE,-572.0,-11584.000000000005
2023-02-23 23:30:00+00:00,B_EXECUTABLE_T0_8BAR,ADDITIVE,BASELINE,-552.0,-12136.000000000005
2023-02-24 03:30:00+00:00,B_EXECUTABLE_T0_8BAR,ADDITIVE,BASELINE,-148.0,-12284.000000000005
2023-02-24 19:45:00+00:00,B_EXECUTABLE_T0_8BAR,ADDITIVE,BASELINE,1031.0,-11253.000000000005
2023-02-24 20:15:00+00:00,B_EXECUTABLE_T0_8BAR,ADDITIVE,BASELINE,890.0,-10363.000000000005
2023-02-24 21:00:00+00:00,B_EXECUTABLE_T0_8BAR,ADDITIVE,BASELINE,1336.0,-9027.000000000005
2023-02-24 21:15:00+00:00,B_EXECUTABLE_T0_8BAR,ADDITIVE,BASELINE,607.0,-8420.000000000005
2023-02-24 21:45:00+00:00,B_EXECUTABLE_T0_8BAR,ADDITIVE,BASELINE,563.0,-7857.0000000000055
2023-02-26 22:15:00+00:00,B_EXECUTABLE_T0_8BAR,ADDITIVE,BASELINE,255.0,-7602.0000000000055
2023-02-27 02:15:00+00:00,B_EXECUTABLE_T0_8BAR,ADDITIVE,BASELINE,-286.0,-7888.0000000000055
2023-02-28 16:00:00+00:00,B_EXECUTABLE_T0_8BAR,ADDITIVE,BASELINE,-543.0,-8431.000000000005
2023-02-28 19:15:00+00:00,B_EXECUTABLE_T0_8BAR,ADDITIVE,BASELINE,-426.0,-8857.000000000005
2023-02-28 21:45:00+00:00,B_EXECUTABLE_T0_8BAR,ADDITIVE,BASELINE,-705.0,-9562.000000000005
2023-03-01 01:30:00+00:00,B_EXECUTABLE_T0_8BAR,ADDITIVE,BASELINE,-335.0,-9897.000000000005
2023-03-01 02:00:00+00:00,B_EXECUTABLE_T0_8BAR,ADDITIVE,BASELINE,-489.0,-10386.000000000005
2023-03-01 17:15:00+00:00,B_EXECUTABLE_T0_8BAR,ADDITIVE,BASELINE,-36.0,-10422.000000000005
2023-03-01 18:00:00+00:00,B_EXECUTABLE_T0_8BAR,ADDITIVE,SHOCK_FAILURE,-177.00000000002092,-10599.000000000025
2023-03-01 19:15:00+00:00,B_EXECUTABLE_T0_8BAR,ADDITIVE,BASELINE,-646.0,-11245.000000000025
2023-03-01 20:00:00+00:00,B_EXECUTABLE_T0_8BAR,ADDITIVE,BASELINE,-258.0,-11503.000000000025
2023-03-01 20:00:00+00:00,B_EXECUTABLE_T0_8BAR,ADDITIVE,BASELINE,-842.0,-12345.000000000025
2023-03-02 12:45:00+00:00,B_EXECUTABLE_T0_8BAR,ADDITIVE,BASELINE,276.0,-12069.000000000025
2023-03-02 13:15:00+00:00,B_EXECUTABLE_T0_8BAR,ADDITIVE,BASELINE,316.0,-11753.000000000025
2023-03-02 15:00:00+00:00,B_EXECUTABLE_T0_8BAR,ADDITIVE,BASELINE,-109.0,-11862.000000000025
2023-03-02 19:15:00+00:00,B_EXECUTABLE_T0_8BAR,ADDITIVE,BASELINE,-34.0,-11896.000000000025
2023-03-02 21:45:00+00:00,B_EXECUTABLE_T0_8BAR,ADDITIVE,BASELINE,-174.0,-12070.000000000025
2023-03-03 17:30:00+00:00,B_EXECUTABLE_T0_8BAR,ADDITIVE,BASELINE,71.0,-11999.000000000025
2023-03-03 19:45:00+00:00,B_EXECUTABLE_T0_8BAR,ADDITIVE,BASELINE,148.0,-11851.000000000025
2023-03-03 20:15:00+00:00,B_EXECUTABLE_T0_8BAR,ADDITIVE,BASELINE,528.0,-11323.000000000025
2023-03-03 21:45:00+00:00,B_EXECUTABLE_T0_8BAR,ADDITIVE,BASELINE,96.0,-11227.000000000025
2023-03-06 09:15:00+00:00,B_EXECUTABLE_T0_8BAR,ADDITIVE,BASELINE,-114.0,-11341.000000000025
2023-03-06 11:45:00+00:00,B_EXECUTABLE_T0_8BAR,ADDITIVE,BASELINE,-568.0,-11909.000000000025
2023-03-06 22:01:00+00:00,B_EXECUTABLE_T0_8BAR,ADDITIVE,BASELINE,-182.0,-12091.000000000025
2023-03-07 19:15:00+00:00,B_EXECUTABLE_T0_8BAR,ADDITIVE,BASELINE,-1277.0,-13368.000000000025
2023-03-07 20:30:00+00:00,B_EXECUTABLE_T0_8BAR,ADDITIVE,BASELINE,900.0,-12468.000000000025
2023-03-07 22:45:00+00:00,B_EXECUTABLE_T0_8BAR,ADDITIVE,BASELINE,777.0,-11691.000000000025
2023-03-07 23:15:00+00:00,B_EXECUTABLE_T0_8BAR,ADDITIVE,BASELINE,395.0,-11296.000000000025
2023-03-08 00:30:00+00:00,B_EXECUTABLE_T0_8BAR,ADDITIVE,BASELINE,571.0,-10725.000000000025
2023-03-08 00:30:00+00:00,B_EXECUTABLE_T0_8BAR,ADDITIVE,BASELINE,1258.0,-9467.000000000025
2023-03-08 03:00:00+00:00,B_EXECUTABLE_T0_8BAR,ADDITIVE,BASELINE,600.0,-8867.000000000025
2023-03-08 08:00:00+00:00,B_EXECUTABLE_T0_8BAR,ADDITIVE,BASELINE,109.0,-8758.000000000025
2023-03-08 11:00:00+00:00,B_EXECUTABLE_T0_8BAR,ADDITIVE,BASELINE,-200.0,-8958.000000000025
2023-03-08 12:00:00+00:00,B_EXECUTABLE_T0_8BAR,ADDITIVE,BASELINE,-501.0,-9459.000000000025
2023-03-08 12:45:00+00:00,B_EXECUTABLE_T0_8BAR,ADDITIVE,BASELINE,-599.0,-10058.000000000025
2023-03-09 00:15:00+00:00,B_EXECUTABLE_T0_8BAR,ADDITIVE,BASELINE,154.0,-9904.000000000025
2023-03-09 16:45:00+00:00,B_EXECUTABLE_T0_8BAR,ADDITIVE,BASELINE,-18.0,-9922.000000000025
2023-03-09 17:45:00+00:00,B_EXECUTABLE_T0_8BAR,ADDITIVE,BASELINE,-137.0,-10059.000000000025
2023-03-09 20:30:00+00:00,B_EXECUTABLE_T0_8BAR,ADDITIVE,BASELINE,355.0,-9704.000000000025
2023-03-12 21:30:00+00:00,B_EXECUTABLE_T0_8BAR,ADDITIVE,BASELINE,1073.0,-8631.000000000025
2023-03-12 22:00:00+00:00,B_EXECUTABLE_T0_8BAR,ADDITIVE,BASELINE,-2572.0,-11203.000000000025
2023-03-12 22:15:00+00:00,B_EXECUTABLE_T0_8BAR,ADDITIVE,BASELINE,360.0,-10843.000000000025
2023-03-12 22:45:00+00:00,B_EXECUTABLE_T0_8BAR,ADDITIVE,BASELINE,-448.0,-11291.000000000025
2023-03-13 16:30:00+00:00,B_EXECUTABLE_T0_8BAR,ADDITIVE,BASELINE,373.0,-10918.000000000025
2023-03-13 19:30:00+00:00,B_EXECUTABLE_T0_8BAR,ADDITIVE,BASELINE,-497.0,-11415.000000000025
2023-03-13 20:30:00+00:00,B_EXECUTABLE_T0_8BAR,ADDITIVE,BASELINE,259.0,-11156.000000000025
2023-03-14 19:45:00+00:00,B_EXECUTABLE_T0_8BAR,ADDITIVE,BASELINE,44.0,-11112.000000000025
2023-03-14 20:45:00+00:00,B_EXECUTABLE_T0_8BAR,ADDITIVE,BASELINE,-606.0,-11718.000000000025
2023-03-15 14:30:00+00:00,B_EXECUTABLE_T0_8BAR,ADDITIVE,SHOCK_FAILURE,55.00000000000682,-11663.000000000018
2023-03-15 17:15:00+00:00,B_EXECUTABLE_T0_8BAR,ADDITIVE,BASELINE,763.0,-10900.000000000018
2023-03-15 19:15:00+00:00,B_EXECUTABLE_T0_8BAR,ADDITIVE,BASELINE,-245.0,-11145.000000000018
2023-03-15 19:45:00+00:00,B_EXECUTABLE_T0_8BAR,ADDITIVE,BASELINE,-627.0,-11772.000000000018
2023-03-15 20:15:00+00:00,B_EXECUTABLE_T0_8BAR,ADDITIVE,BASELINE,-1152.0,-12924.000000000018
2023-03-15 21:15:00+00:00,B_EXECUTABLE_T0_8BAR,ADDITIVE,BASELINE,413.0,-12511.000000000018
2023-03-16 20:30:00+00:00,B_EXECUTABLE_T0_8BAR,ADDITIVE,BASELINE,-1650.0,-14161.000000000018
2023-03-16 23:15:00+00:00,B_EXECUTABLE_T0_8BAR,ADDITIVE,BASELINE,-1018.0,-15179.000000000018
2023-03-19 22:45:00+00:00,B_EXECUTABLE_T0_8BAR,ADDITIVE,BASELINE,-394.0,-15573.000000000018
2023-03-19 23:30:00+00:00,B_EXECUTABLE_T0_8BAR,ADDITIVE,BASELINE,62.0,-15511.000000000018
2023-03-20 02:30:00+00:00,B_EXECUTABLE_T0_8BAR,ADDITIVE,BASELINE,-213.0,-15724.000000000018
2023-03-20 03:00:00+00:00,B_EXECUTABLE_T0_8BAR,ADDITIVE,BASELINE,-368.0,-16092.000000000018
2023-03-20 13:30:00+00:00,B_EXECUTABLE_T0_8BAR,ADDITIVE,BASELINE,-251.0,-16343.000000000018
2023-03-20 14:30:00+00:00,B_EXECUTABLE_T0_8BAR,ADDITIVE,BASELINE,-926.0,-17269.00000000002
2023-03-20 15:30:00+00:00,B_EXECUTABLE_T0_8BAR,ADDITIVE,BASELINE,-842.0,-18111.00000000002
2023-03-20 19:30:00+00:00,B_EXECUTABLE_T0_8BAR,ADDITIVE,BASELINE,-785.0,-18896.00000000002
2023-03-21 15:00:00+00:00,B_EXECUTABLE_T0_8BAR,ADDITIVE,BASELINE,392.0,-18504.00000000002
2023-03-21 15:45:00+00:00,B_EXECUTABLE_T0_8BAR,ADDITIVE,BASELINE,75.0,-18429.00000000002
2023-03-21 16:15:00+00:00,B_EXECUTABLE_T0_8BAR,ADDITIVE,BASELINE,251.0,-18178.00000000002
2023-03-21 17:15:00+00:00,B_EXECUTABLE_T0_8BAR,ADDITIVE,BASELINE,206.0,-17972.00000000002
2023-03-21 19:15:00+00:00,B_EXECUTABLE_T0_8BAR,ADDITIVE,BASELINE,398.0,-17574.00000000002
2023-03-22 00:15:00+00:00,B_EXECUTABLE_T0_8BAR,ADDITIVE,BASELINE,-110.0,-17684.00000000002
2023-03-22 00:45:00+00:00,B_EXECUTABLE_T0_8BAR,ADDITIVE,BASELINE,107.0,-17577.00000000002
2023-03-22 01:45:00+00:00,B_EXECUTABLE_T0_8BAR,ADDITIVE,BASELINE,-323.0,-17900.00000000002
2023-03-22 17:30:00+00:00,B_EXECUTABLE_T0_8BAR,ADDITIVE,BASELINE,-1022.0,-18922.00000000002
2023-03-22 19:15:00+00:00,B_EXECUTABLE_T0_8BAR,ADDITIVE,BASELINE,-1715.0,-20637.00000000002
2023-03-22 21:30:00+00:00,B_EXECUTABLE_T0_8BAR,ADDITIVE,BASELINE,-1464.0,-22101.00000000002
2023-03-23 01:15:00+00:00,B_EXECUTABLE_T0_8BAR,ADDITIVE,BASELINE,1289.0,-20812.00000000002
2023-03-23 01:45:00+00:00,B_EXECUTABLE_T0_8BAR,ADDITIVE,BASELINE,510.0,-20302.00000000002
2023-03-23 08:00:00+00:00,B_EXECUTABLE_T0_8BAR,ADDITIVE,BASELINE,-304.0,-20606.00000000002
2023-03-23 08:45:00+00:00,B_EXECUTABLE_T0_8BAR,ADDITIVE,SHOCK_FAILURE,397.99999999999613,-20208.000000000022
2023-03-23 09:30:00+00:00,B_EXECUTABLE_T0_8BAR,ADDITIVE,BASELINE,-544.0,-20752.000000000022
2023-03-23 10:30:00+00:00,B_EXECUTABLE_T0_8BAR,ADDITIVE,BASELINE,-769.0,-21521.000000000022
2023-03-23 19:30:00+00:00,B_EXECUTABLE_T0_8BAR,ADDITIVE,BASELINE,-453.0,-21974.000000000022
2023-03-24 08:15:00+00:00,B_EXECUTABLE_T0_8BAR,ADDITIVE,BASELINE,169.0,-21805.000000000022
2023-03-24 12:00:00+00:00,B_EXECUTABLE_T0_8BAR,ADDITIVE,BASELINE,-62.0,-21867.000000000022
2023-03-24 15:15:00+00:00,B_EXECUTABLE_T0_8BAR,ADDITIVE,BASELINE,-627.0,-22494.000000000022
2023-03-24 16:45:00+00:00,B_EXECUTABLE_T0_8BAR,ADDITIVE,BASELINE,-994.0,-23488.000000000022
2023-03-24 19:15:00+00:00,B_EXECUTABLE_T0_8BAR,ADDITIVE,BASELINE,-712.0,-24200.000000000022
2023-03-27 14:15:00+00:00,B_EXECUTABLE_T0_8BAR,ADDITIVE,BASELINE,468.0,-23732.000000000022
2023-03-27 18:00:00+00:00,B_EXECUTABLE_T0_8BAR,ADDITIVE,BASELINE,174.0,-23558.000000000022
2023-03-27 20:45:00+00:00,B_EXECUTABLE_T0_8BAR,ADDITIVE,BASELINE,-124.0,-23682.000000000022
2023-03-27 21:45:00+00:00,B_EXECUTABLE_T0_8BAR,ADDITIVE,BASELINE,189.0,-23493.000000000022
2023-03-29 09:15:00+00:00,B_EXECUTABLE_T0_8BAR,ADDITIVE,BASELINE,259.0,-23234.000000000022
2023-03-29 11:00:00+00:00,B_EXECUTABLE_T0_8BAR,ADDITIVE,BASELINE,176.0,-23058.000000000022
2023-03-29 14:00:00+00:00,B_EXECUTABLE_T0_8BAR,ADDITIVE,BASELINE,466.0,-22592.000000000022
2023-03-29 19:45:00+00:00,B_EXECUTABLE_T0_8BAR,ADDITIVE,BASELINE,693.0,-21899.000000000022
2023-03-29 20:15:00+00:00,B_EXECUTABLE_T0_8BAR,ADDITIVE,BASELINE,470.0,-21429.000000000022
2023-03-29 20:45:00+00:00,B_EXECUTABLE_T0_8BAR,ADDITIVE,BASELINE,400.0,-21029.000000000022
2023-03-29 23:45:00+00:00,B_EXECUTABLE_T0_8BAR,ADDITIVE,BASELINE,443.0,-20586.000000000022
2023-03-30 00:00:00+00:00,B_EXECUTABLE_T0_8BAR,ADDITIVE,BASELINE,-155.0,-20741.000000000022
2023-03-30 03:45:00+00:00,B_EXECUTABLE_T0_8BAR,ADDITIVE,BASELINE,-203.0,-20944.000000000022
2023-03-30 19:30:00+00:00,B_EXECUTABLE_T0_8BAR,ADDITIVE,BASELINE,-206.0,-21150.000000000022
2023-03-31 00:45:00+00:00,B_EXECUTABLE_T0_8BAR,ADDITIVE,BASELINE,614.0,-20536.000000000022
2023-03-31 08:45:00+00:00,B_EXECUTABLE_T0_8BAR,ADDITIVE,BASELINE,95.0,-20441.000000000022
2023-03-31 16:45:00+00:00,B_EXECUTABLE_T0_8BAR,ADDITIVE,BASELINE,-698.0,-21139.000000000022
2023-03-31 20:45:00+00:00,B_EXECUTABLE_T0_8BAR,ADDITIVE,BASELINE,-759.0,-21898.000000000022
2023-04-03 14:15:00+00:00,B_EXECUTABLE_T0_8BAR,ADDITIVE,BASELINE,-1205.0,-23103.000000000022
2023-04-03 22:15:00+00:00,B_EXECUTABLE_T0_8BAR,ADDITIVE,BASELINE,125.0,-22978.000000000022
2023-04-03 23:15:00+00:00,B_EXECUTABLE_T0_8BAR,ADDITIVE,BASELINE,5.0,-22973.000000000022
2023-04-04 22:15:00+00:00,B_EXECUTABLE_T0_8BAR,ADDITIVE,BASELINE,243.0,-22730.000000000022
2023-04-04 23:15:00+00:00,B_EXECUTABLE_T0_8BAR,ADDITIVE,BASELINE,-1380.0,-24110.000000000022
2023-04-04 23:45:00+00:00,B_EXECUTABLE_T0_8BAR,ADDITIVE,BASELINE,106.0,-24004.000000000022
2023-04-05 00:15:00+00:00,B_EXECUTABLE_T0_8BAR,ADDITIVE,BASELINE,68.0,-23936.000000000022
2023-04-05 20:30:00+00:00,B_EXECUTABLE_T0_8BAR,ADDITIVE,BASELINE,-228.0,-24164.000000000022
2023-04-05 22:15:00+00:00,B_EXECUTABLE_T0_8BAR,ADDITIVE,BASELINE,-392.0,-24556.000000000022
2023-04-06 00:30:00+00:00,B_EXECUTABLE_T0_8BAR,ADDITIVE,BASELINE,213.0,-24343.000000000022
2023-04-06 21:16:00+00:00,B_EXECUTABLE_T0_8BAR,ADDITIVE,BASELINE,-53.0,-24396.000000000022
2023-04-06 22:00:00+00:00,B_EXECUTABLE_T0_8BAR,ADDITIVE,BASELINE,-105.0,-24501.000000000022
2023-04-07 00:45:00+00:00,B_EXECUTABLE_T0_8BAR,ADDITIVE,BASELINE,109.0,-24392.000000000022
2023-04-07 20:45:00+00:00,B_EXECUTABLE_T0_8BAR,ADDITIVE,BASELINE,-59.0,-24451.000000000022
2023-04-09 23:00:00+00:00,B_EXECUTABLE_T0_8BAR,ADDITIVE,BASELINE,-464.0,-24915.000000000022
2023-04-10 00:45:00+00:00,B_EXECUTABLE_T0_8BAR,ADDITIVE,BASELINE,297.0,-24618.000000000022
2023-04-10 08:30:00+00:00,B_EXECUTABLE_T0_8BAR,ADDITIVE,BASELINE,-403.0,-25021.000000000022
2023-04-10 20:00:00+00:00,B_EXECUTABLE_T0_8BAR,ADDITIVE,BASELINE,-1494.0,-26515.000000000022
2023-04-10 20:00:00+00:00,B_EXECUTABLE_T0_8BAR,ADDITIVE,BASELINE,693.0,-25822.000000000022
2023-04-10 21:01:00+00:00,B_EXECUTABLE_T0_8BAR,ADDITIVE,BASELINE,256.0,-25566.000000000022
2023-04-10 21:45:00+00:00,B_EXECUTABLE_T0_8BAR,ADDITIVE,BASELINE,140.0,-25426.000000000022
2023-04-10 23:00:00+00:00,B_EXECUTABLE_T0_8BAR,ADDITIVE,BASELINE,-320.0,-25746.000000000022
2023-04-11 00:00:00+00:00,B_EXECUTABLE_T0_8BAR,ADDITIVE,BASELINE,603.0,-25143.000000000022
2023-04-11 19:45:00+00:00,B_EXECUTABLE_T0_8BAR,ADDITIVE,BASELINE,-619.0,-25762.000000000022
2023-04-12 01:00:00+00:00,B_EXECUTABLE_T0_8BAR,ADDITIVE,BASELINE,-51.0,-25813.000000000022
2023-04-12 03:00:00+00:00,B_EXECUTABLE_T0_8BAR,ADDITIVE,BASELINE,110.0,-25703.000000000022
2023-04-12 10:45:00+00:00,B_EXECUTABLE_T0_8BAR,ADDITIVE,BASELINE,-168.0,-25871.000000000022
2023-04-12 20:45:00+00:00,B_EXECUTABLE_T0_8BAR,ADDITIVE,BASELINE,-252.0,-26123.000000000022
2023-04-13 00:45:00+00:00,B_EXECUTABLE_T0_8BAR,ADDITIVE,BASELINE,-168.0,-26291.000000000022
2023-04-13 20:15:00+00:00,B_EXECUTABLE_T0_8BAR,ADDITIVE,BASELINE,224.0,-26067.000000000022
2023-04-13 21:01:00+00:00,B_EXECUTABLE_T0_8BAR,ADDITIVE,BASELINE,-54.0,-26121.000000000022
2023-04-13 21:45:00+00:00,B_EXECUTABLE_T0_8BAR,ADDITIVE,BASELINE,-477.0,-26598.000000000022
2023-04-14 20:00:00+00:00,B_EXECUTABLE_T0_8BAR,ADDITIVE,BASELINE,-1543.0,-28141.000000000022
2023-04-16 22:15:00+00:00,B_EXECUTABLE_T0_8BAR,ADDITIVE,BASELINE,477.0,-27664.000000000022
2023-04-16 23:15:00+00:00,B_EXECUTABLE_T0_8BAR,ADDITIVE,BASELINE,364.0,-27300.000000000022
2023-04-16 23:15:00+00:00,B_EXECUTABLE_T0_8BAR,ADDITIVE,BASELINE,1202.0,-26098.000000000022
2023-04-17 00:45:00+00:00,B_EXECUTABLE_T0_8BAR,ADDITIVE,BASELINE,-33.0,-26131.000000000022
2023-04-17 08:00:00+00:00,B_EXECUTABLE_T0_8BAR,ADDITIVE,BASELINE,59.0,-26072.000000000022
2023-04-17 09:15:00+00:00,B_EXECUTABLE_T0_8BAR,ADDITIVE,BASELINE,-106.0,-26178.000000000022
2023-04-17 13:15:00+00:00,B_EXECUTABLE_T0_8BAR,ADDITIVE,BASELINE,-46.0,-26224.000000000022
2023-04-17 21:30:00+00:00,B_EXECUTABLE_T0_8BAR,ADDITIVE,BASELINE,210.0,-26014.000000000022
2023-04-17 22:45:00+00:00,B_EXECUTABLE_T0_8BAR,ADDITIVE,BASELINE,-30.0,-26044.000000000022
2023-04-18 09:30:00+00:00,B_EXECUTABLE_T0_8BAR,ADDITIVE,BASELINE,-495.0,-26539.000000000022
2023-04-18 20:00:00+00:00,B_EXECUTABLE_T0_8BAR,ADDITIVE,BASELINE,150.0,-26389.000000000022
2023-04-19 14:15:00+00:00,B_EXECUTABLE_T0_8BAR,ADDITIVE,BASELINE,-288.0,-26677.000000000022
2023-04-19 15:45:00+00:00,B_EXECUTABLE_T0_8BAR,ADDITIVE,BASELINE,-9.0,-26686.000000000022
2023-04-19 16:15:00+00:00,B_EXECUTABLE_T0_8BAR,ADDITIVE,BASELINE,-8.0,-26694.000000000022
2023-04-19 16:45:00+00:00,B_EXECUTABLE_T0_8BAR,ADDITIVE,BASELINE,-165.0,-26859.000000000022
2023-04-19 17:30:00+00:00,B_EXECUTABLE_T0_8BAR,ADDITIVE,BASELINE,-199.0,-27058.000000000022
2023-04-19 19:45:00+00:00,B_EXECUTABLE_T0_8BAR,ADDITIVE,BASELINE,5.0,-27053.000000000022
2023-04-20 20:45:00+00:00,B_EXECUTABLE_T0_8BAR,ADDITIVE,BASELINE,25.0,-27028.000000000022
2023-04-20 22:15:00+00:00,B_EXECUTABLE_T0_8BAR,ADDITIVE,BASELINE,-137.0,-27165.000000000022
2023-04-21 00:45:00+00:00,B_EXECUTABLE_T0_8BAR,ADDITIVE,BASELINE,123.0,-27042.000000000022
2023-04-21 08:00:00+00:00,B_EXECUTABLE_T0_8BAR,ADDITIVE,BASELINE,54.0,-26988.000000000022
2023-04-21 10:00:00+00:00,B_EXECUTABLE_T0_8BAR,ADDITIVE,BASELINE,122.0,-26866.000000000022
2023-04-21 12:15:00+00:00,B_EXECUTABLE_T0_8BAR,ADDITIVE,BASELINE,-50.0,-26916.000000000022
2023-04-23 22:15:00+00:00,B_EXECUTABLE_T0_8BAR,ADDITIVE,BASELINE,-371.0,-27287.000000000022
2023-04-24 01:00:00+00:00,B_EXECUTABLE_T0_8BAR,ADDITIVE,BASELINE,-338.0,-27625.000000000022
2023-04-24 18:30:00+00:00,B_EXECUTABLE_T0_8BAR,ADDITIVE,BASELINE,-348.0,-27973.000000000022
2023-04-24 19:30:00+00:00,B_EXECUTABLE_T0_8BAR,ADDITIVE,BASELINE,-367.0,-28340.000000000022
2023-04-24 22:15:00+00:00,B_EXECUTABLE_T0_8BAR,ADDITIVE,BASELINE,-411.0,-28751.000000000022
2023-04-25 09:15:00+00:00,B_EXECUTABLE_T0_8BAR,ADDITIVE,SHOCK_FAILURE,92.00000000001296,-28659.000000000007
2023-04-25 17:30:00+00:00,B_EXECUTABLE_T0_8BAR,ADDITIVE,BASELINE,256.0,-28403.000000000007
2023-04-25 21:30:00+00:00,B_EXECUTABLE_T0_8BAR,ADDITIVE,BASELINE,201.0,-28202.000000000007
2023-04-26 01:30:00+00:00,B_EXECUTABLE_T0_8BAR,ADDITIVE,BASELINE,-16.0,-28218.000000000007
2023-04-26 16:45:00+00:00,B_EXECUTABLE_T0_8BAR,ADDITIVE,SHOCK_FAILURE,600.0000000000227,-27617.999999999985
2023-04-26 18:15:00+00:00,B_EXECUTABLE_T0_8BAR,ADDITIVE,BASELINE,-420.0,-28037.999999999985
2023-04-26 19:30:00+00:00,B_EXECUTABLE_T0_8BAR,ADDITIVE,BASELINE,-285.0,-28322.999999999985
2023-04-26 21:30:00+00:00,B_EXECUTABLE_T0_8BAR,ADDITIVE,BASELINE,-509.0,-28831.999999999985
2023-04-26 22:00:00+00:00,B_EXECUTABLE_T0_8BAR,ADDITIVE,BASELINE,-199.0,-29030.999999999985
2023-04-26 22:30:00+00:00,B_EXECUTABLE_T0_8BAR,ADDITIVE,BASELINE,-549.0,-29579.999999999985
2023-04-27 20:45:00+00:00,B_EXECUTABLE_T0_8BAR,ADDITIVE,BASELINE,24.0,-29555.999999999985
2023-04-27 21:01:00+00:00,B_EXECUTABLE_T0_8BAR,ADDITIVE,BASELINE,98.0,-29457.999999999985
2023-04-27 21:30:00+00:00,B_EXECUTABLE_T0_8BAR,ADDITIVE,BASELINE,-160.0,-29617.999999999985
2023-04-28 00:15:00+00:00,B_EXECUTABLE_T0_8BAR,ADDITIVE,BASELINE,-528.0,-30145.999999999985
2023-04-28 10:00:00+00:00,B_EXECUTABLE_T0_8BAR,ADDITIVE,BASELINE,1956.0,-28189.999999999985
2023-04-28 12:15:00+00:00,B_EXECUTABLE_T0_8BAR,ADDITIVE,BASELINE,1361.0,-26828.999999999985
2023-04-28 13:45:00+00:00,B_EXECUTABLE_T0_8BAR,ADDITIVE,BASELINE,1158.0,-25670.999999999985
2023-04-28 14:30:00+00:00,B_EXECUTABLE_T0_8BAR,ADDITIVE,BASELINE,1300.0,-24370.999999999985
2023-04-28 15:15:00+00:00,B_EXECUTABLE_T0_8BAR,ADDITIVE,BASELINE,343.0,-24027.999999999985
2023-04-28 17:30:00+00:00,B_EXECUTABLE_T0_8BAR,ADDITIVE,BASELINE,226.0,-23801.999999999985
2023-04-28 19:15:00+00:00,B_EXECUTABLE_T0_8BAR,ADDITIVE,BASELINE,394.0,-23407.999999999985
2023-04-28 20:30:00+00:00,B_EXECUTABLE_T0_8BAR,ADDITIVE,BASELINE,-23.0,-23430.999999999985
2023-04-30 22:30:00+00:00,B_EXECUTABLE_T0_8BAR,ADDITIVE,BASELINE,-306.0,-23736.999999999985
2023-05-01 08:30:00+00:00,B_EXECUTABLE_T0_8BAR,ADDITIVE,BASELINE,68.0,-23668.999999999985
2023-05-01 10:30:00+00:00,B_EXECUTABLE_T0_8BAR,ADDITIVE,BASELINE,-191.0,-23859.999999999985
2023-05-01 11:00:00+00:00,B_EXECUTABLE_T0_8BAR,ADDITIVE,BASELINE,-209.0,-24068.999999999985
2023-05-01 22:15:00+00:00,B_EXECUTABLE_T0_8BAR,ADDITIVE,BASELINE,213.0,-23855.999999999985
2023-05-01 23:00:00+00:00,B_EXECUTABLE_T0_8BAR,ADDITIVE,BASELINE,148.0,-23707.999999999985
2023-05-02 00:30:00+00:00,B_EXECUTABLE_T0_8BAR,ADDITIVE,BASELINE,-108.0,-23815.999999999985
2023-05-02 12:45:00+00:00,B_EXECUTABLE_T0_8BAR,ADDITIVE,BASELINE,-114.0,-23929.999999999985
2023-05-02 13:15:00+00:00,B_EXECUTABLE_T0_8BAR,ADDITIVE,BASELINE,-166.0,-24095.999999999985
2023-05-02 22:30:00+00:00,B_EXECUTABLE_T0_8BAR,ADDITIVE,BASELINE,340.0,-23755.999999999985
2023-05-03 00:45:00+00:00,B_EXECUTABLE_T0_8BAR,ADDITIVE,BASELINE,-55.0,-23810.999999999985
2023-05-03 09:30:00+00:00,B_EXECUTABLE_T0_8BAR,ADDITIVE,BASELINE,612.0,-23198.999999999985
2023-05-03 13:45:00+00:00,B_EXECUTABLE_T0_8BAR,ADDITIVE,BASELINE,569.0,-22629.999999999985
2023-05-03 15:15:00+00:00,B_EXECUTABLE_T0_8BAR,ADDITIVE,BASELINE,599.0,-22030.999999999985
2023-05-03 16:15:00+00:00,B_EXECUTABLE_T0_8BAR,ADDITIVE,BASELINE,361.0,-21669.999999999985
2023-05-03 19:15:00+00:00,B_EXECUTABLE_T0_8BAR,ADDITIVE,BASELINE,212.0,-21457.999999999985
2023-05-03 20:15:00+00:00,B_EXECUTABLE_T0_8BAR,ADDITIVE,BASELINE,237.0,-21220.999999999985
2023-05-03 21:01:00+00:00,B_EXECUTABLE_T0_8BAR,ADDITIVE,BASELINE,648.0,-20572.999999999985
2023-05-03 22:15:00+00:00,B_EXECUTABLE_T0_8BAR,ADDITIVE,BASELINE,806.0,-19766.999999999985
2023-05-03 22:45:00+00:00,B_EXECUTABLE_T0_8BAR,ADDITIVE,BASELINE,705.0,-19061.999999999985
2023-05-04 14:30:00+00:00,B_EXECUTABLE_T0_8BAR,ADDITIVE,BASELINE,403.0,-18658.999999999985
2023-05-04 19:30:00+00:00,B_EXECUTABLE_T0_8BAR,ADDITIVE,BASELINE,-580.0,-19238.999999999985
2023-05-04 22:30:00+00:00,B_EXECUTABLE_T0_8BAR,ADDITIVE,BASELINE,-378.0,-19616.999999999985
2023-05-05 00:00:00+00:00,B_EXECUTABLE_T0_8BAR,ADDITIVE,BASELINE,-393.0,-20009.999999999985
2023-05-05 15:30:00+00:00,B_EXECUTABLE_T0_8BAR,ADDITIVE,SHOCK_FAILURE,7.999999999981355,-20002.000000000004
2023-05-05 20:45:00+00:00,B_EXECUTABLE_T0_8BAR,ADDITIVE,BASELINE,-249.0,-20251.000000000004
2023-05-08 00:30:00+00:00,B_EXECUTABLE_T0_8BAR,ADDITIVE,BASELINE,724.0,-19527.000000000004
2023-05-09 00:15:00+00:00,B_EXECUTABLE_T0_8BAR,ADDITIVE,BASELINE,107.0,-19420.000000000004
2023-05-09 08:15:00+00:00,B_EXECUTABLE_T0_8BAR,ADDITIVE,BASELINE,-452.0,-19872.000000000004
2023-05-10 14:30:00+00:00,B_EXECUTABLE_T0_8BAR,ADDITIVE,BASELINE,-1086.0,-20958.000000000004
2023-05-10 15:45:00+00:00,B_EXECUTABLE_T0_8BAR,ADDITIVE,SHOCK_FAILURE,8.000000000009777,-20949.999999999993
2023-05-10 20:45:00+00:00,B_EXECUTABLE_T0_8BAR,ADDITIVE,BASELINE,243.0,-20706.999999999993
2023-05-11 00:45:00+00:00,B_EXECUTABLE_T0_8BAR,ADDITIVE,BASELINE,474.0,-20232.999999999993
2023-05-11 01:15:00+00:00,B_EXECUTABLE_T0_8BAR,ADDITIVE,BASELINE,200.0,-20032.999999999993
2023-05-11 08:30:00+00:00,B_EXECUTABLE_T0_8BAR,ADDITIVE,BASELINE,-773.0,-20805.999999999993
2023-05-11 19:15:00+00:00,B_EXECUTABLE_T0_8BAR,ADDITIVE,BASELINE,62.0,-20743.999999999993
2023-05-12 01:00:00+00:00,B_EXECUTABLE_T0_8BAR,ADDITIVE,BASELINE,-690.0,-21433.999999999993
2023-05-12 19:45:00+00:00,B_EXECUTABLE_T0_8BAR,ADDITIVE,BASELINE,811.0,-20622.999999999993
2023-05-12 20:00:00+00:00,B_EXECUTABLE_T0_8BAR,ADDITIVE,BASELINE,766.0,-19856.999999999993
2023-05-14 22:30:00+00:00,B_EXECUTABLE_T0_8BAR,ADDITIVE,BASELINE,636.0,-19220.999999999993
2023-05-14 23:45:00+00:00,B_EXECUTABLE_T0_8BAR,ADDITIVE,BASELINE,408.0,-18812.999999999993
2023-05-15 08:30:00+00:00,B_EXECUTABLE_T0_8BAR,ADDITIVE,BASELINE,59.0,-18753.999999999993
2023-05-15 12:00:00+00:00,B_EXECUTABLE_T0_8BAR,ADDITIVE,BASELINE,3.0,-18750.999999999993
2023-05-15 17:45:00+00:00,B_EXECUTABLE_T0_8BAR,ADDITIVE,BASELINE,-280.0,-19030.999999999993
2023-05-15 21:45:00+00:00,B_EXECUTABLE_T0_8BAR,ADDITIVE,BASELINE,-239.0,-19269.999999999993
2023-05-16 00:45:00+00:00,B_EXECUTABLE_T0_8BAR,ADDITIVE,BASELINE,-229.0,-19498.999999999993
2023-05-16 20:00:00+00:00,B_EXECUTABLE_T0_8BAR,ADDITIVE,BASELINE,-535.0,-20033.999999999993
2023-05-16 21:45:00+00:00,B_EXECUTABLE_T0_8BAR,ADDITIVE,BASELINE,107.0,-19926.999999999993
2023-05-16 22:15:00+00:00,B_EXECUTABLE_T0_8BAR,ADDITIVE,BASELINE,-11.0,-19937.999999999993
2023-05-16 22:45:00+00:00,B_EXECUTABLE_T0_8BAR,ADDITIVE,BASELINE,-92.0,-20029.999999999993
2023-05-16 23:15:00+00:00,B_EXECUTABLE_T0_8BAR,ADDITIVE,BASELINE,-150.0,-20179.999999999993
2023-05-16 23:45:00+00:00,B_EXECUTABLE_T0_8BAR,ADDITIVE,BASELINE,-242.0,-20421.999999999993
2023-05-17 13:30:00+00:00,B_EXECUTABLE_T0_8BAR,ADDITIVE,BASELINE,339.0,-20082.999999999993
2023-05-17 14:00:00+00:00,B_EXECUTABLE_T0_8BAR,ADDITIVE,BASELINE,550.0,-19532.999999999993
2023-05-17 15:45:00+00:00,B_EXECUTABLE_T0_8BAR,ADDITIVE,BASELINE,586.0,-18946.999999999993
2023-05-17 17:15:00+00:00,B_EXECUTABLE_T0_8BAR,ADDITIVE,BASELINE,400.0,-18546.999999999993
2023-05-17 19:45:00+00:00,B_EXECUTABLE_T0_8BAR,ADDITIVE,BASELINE,668.0,-17878.999999999993
2023-05-17 20:45:00+00:00,B_EXECUTABLE_T0_8BAR,ADDITIVE,BASELINE,465.0,-17413.999999999993
2023-05-17 22:00:00+00:00,B_EXECUTABLE_T0_8BAR,ADDITIVE,BASELINE,220.0,-17193.999999999993
2023-05-17 23:30:00+00:00,B_EXECUTABLE_T0_8BAR,ADDITIVE,BASELINE,107.0,-17086.999999999993
2023-05-18 02:30:00+00:00,B_EXECUTABLE_T0_8BAR,ADDITIVE,BASELINE,-138.0,-17224.999999999993
2023-05-18 16:00:00+00:00,B_EXECUTABLE_T0_8BAR,ADDITIVE,BASELINE,678.0,-16546.999999999993
2023-05-18 16:30:00+00:00,B_EXECUTABLE_T0_8BAR,ADDITIVE,BASELINE,603.0,-15943.999999999993
2023-05-18 20:00:00+00:00,B_EXECUTABLE_T0_8BAR,ADDITIVE,BASELINE,863.0,-15080.999999999993
2023-05-18 20:45:00+00:00,B_EXECUTABLE_T0_8BAR,ADDITIVE,BASELINE,455.0,-14625.999999999993
2023-05-18 22:45:00+00:00,B_EXECUTABLE_T0_8BAR,ADDITIVE,BASELINE,145.0,-14480.999999999993
2023-05-19 02:45:00+00:00,B_EXECUTABLE_T0_8BAR,ADDITIVE,BASELINE,-203.0,-14683.999999999993
2023-05-19 03:30:00+00:00,B_EXECUTABLE_T0_8BAR,ADDITIVE,BASELINE,-232.0,-14915.999999999993
2023-05-21 21:45:00+00:00,B_EXECUTABLE_T0_8BAR,ADDITIVE,BASELINE,18.0,-14897.999999999993
2023-05-21 23:30:00+00:00,B_EXECUTABLE_T0_8BAR,ADDITIVE,BASELINE,-21.0,-14918.999999999993
2023-05-22 19:30:00+00:00,B_EXECUTABLE_T0_8BAR,ADDITIVE,SHOCK_FAILURE,10.000000000019327,-14908.999999999973
2023-05-22 23:15:00+00:00,B_EXECUTABLE_T0_8BAR,ADDITIVE,BASELINE,557.0,-14351.999999999973
2023-05-23 10:00:00+00:00,B_EXECUTABLE_T0_8BAR,ADDITIVE,BASELINE,-374.0,-14725.999999999973
2023-05-23 20:15:00+00:00,B_EXECUTABLE_T0_8BAR,ADDITIVE,BASELINE,-254.0,-14979.999999999973
2023-05-24 10:00:00+00:00,B_EXECUTABLE_T0_8BAR,ADDITIVE,SHOCK_FAILURE,-122.0000000000141,-15101.999999999987
2023-05-24 22:30:00+00:00,B_EXECUTABLE_T0_8BAR,ADDITIVE,BASELINE,451.0,-14650.999999999987
2023-05-24 23:15:00+00:00,B_EXECUTABLE_T0_8BAR,ADDITIVE,BASELINE,188.0,-14462.999999999987
2023-05-25 00:15:00+00:00,B_EXECUTABLE_T0_8BAR,ADDITIVE,BASELINE,-38.0,-14500.999999999987
2023-05-25 09:15:00+00:00,B_EXECUTABLE_T0_8BAR,ADDITIVE,BASELINE,37.0,-14463.999999999987
2023-05-25 21:01:00+00:00,B_EXECUTABLE_T0_8BAR,ADDITIVE,BASELINE,297.0,-14166.999999999987
2023-05-25 23:30:00+00:00,B_EXECUTABLE_T0_8BAR,ADDITIVE,BASELINE,56.0,-14110.999999999987
2023-05-26 00:15:00+00:00,B_EXECUTABLE_T0_8BAR,ADDITIVE,BASELINE,99.0,-14011.999999999987
2023-05-26 00:15:00+00:00,B_EXECUTABLE_T0_8BAR,ADDITIVE,BASELINE,-804.0,-14815.999999999987
2023-05-26 01:00:00+00:00,B_EXECUTABLE_T0_8BAR,ADDITIVE,BASELINE,152.0,-14663.999999999987
2023-05-26 02:15:00+00:00,B_EXECUTABLE_T0_8BAR,ADDITIVE,BASELINE,-140.0,-14803.999999999987
2023-05-26 03:15:00+00:00,B_EXECUTABLE_T0_8BAR,ADDITIVE,BASELINE,-173.0,-14976.999999999987
2023-05-26 20:00:00+00:00,B_EXECUTABLE_T0_8BAR,ADDITIVE,BASELINE,-1041.0,-16017.999999999987
2023-05-26 20:45:00+00:00,B_EXECUTABLE_T0_8BAR,ADDITIVE,BASELINE,355.0,-15662.999999999987
2023-05-28 22:00:00+00:00,B_EXECUTABLE_T0_8BAR,ADDITIVE,BASELINE,269.0,-15393.999999999987
2023-05-28 23:00:00+00:00,B_EXECUTABLE_T0_8BAR,ADDITIVE,BASELINE,268.0,-15125.999999999987
2023-05-29 00:45:00+00:00,B_EXECUTABLE_T0_8BAR,ADDITIVE,BASELINE,555.0,-14570.999999999987
2023-05-29 08:00:00+00:00,B_EXECUTABLE_T0_8BAR,ADDITIVE,BASELINE,-424.0,-14994.999999999987
2023-05-29 23:30:00+00:00,B_EXECUTABLE_T0_8BAR,ADDITIVE,BASELINE,-225.0,-15219.999999999987
2023-05-30 08:45:00+00:00,B_EXECUTABLE_T0_8BAR,ADDITIVE,SHOCK_FAILURE,183.9999999999975,-15035.999999999989
2023-05-30 09:45:00+00:00,B_EXECUTABLE_T0_8BAR,ADDITIVE,BASELINE,-234.0,-15269.999999999989
2023-05-30 11:30:00+00:00,B_EXECUTABLE_T0_8BAR,ADDITIVE,SHOCK_FAILURE,277.00000000001523,-14992.999999999975
2023-05-30 13:45:00+00:00,B_EXECUTABLE_T0_8BAR,ADDITIVE,BASELINE,-690.0,-15682.999999999975
2023-05-30 19:15:00+00:00,B_EXECUTABLE_T0_8BAR,ADDITIVE,BASELINE,105.0,-15577.999999999975
2023-05-30 20:00:00+00:00,B_EXECUTABLE_T0_8BAR,ADDITIVE,BASELINE,-105.0,-15682.999999999975
2023-05-30 23:15:00+00:00,B_EXECUTABLE_T0_8BAR,ADDITIVE,BASELINE,122.0,-15560.999999999975
2023-05-31 13:30:00+00:00,B_EXECUTABLE_T0_8BAR,ADDITIVE,BASELINE,-341.0,-15901.999999999975
2023-05-31 21:01:00+00:00,B_EXECUTABLE_T0_8BAR,ADDITIVE,BASELINE,-627.0,-16528.999999999975
2023-05-31 22:15:00+00:00,B_EXECUTABLE_T0_8BAR,ADDITIVE,BASELINE,-1046.0,-17574.999999999975
2023-06-01 02:45:00+00:00,B_EXECUTABLE_T0_8BAR,ADDITIVE,BASELINE,-239.0,-17813.999999999975
2023-06-01 19:15:00+00:00,B_EXECUTABLE_T0_8BAR,ADDITIVE,BASELINE,-937.0,-18750.999999999975
2023-06-02 15:45:00+00:00,B_EXECUTABLE_T0_8BAR,ADDITIVE,SHOCK_FAILURE,487.0000000000232,-18263.999999999953
2023-06-04 22:30:00+00:00,B_EXECUTABLE_T0_8BAR,ADDITIVE,BASELINE,506.0,-17757.999999999953
2023-06-04 23:30:00+00:00,B_EXECUTABLE_T0_8BAR,ADDITIVE,BASELINE,493.0,-17264.999999999953
2023-06-05 00:15:00+00:00,B_EXECUTABLE_T0_8BAR,ADDITIVE,BASELINE,283.0,-16981.999999999953
2023-06-05 00:45:00+00:00,B_EXECUTABLE_T0_8BAR,ADDITIVE,BASELINE,1010.0,-15971.999999999953
2023-06-05 01:45:00+00:00,B_EXECUTABLE_T0_8BAR,ADDITIVE,BASELINE,100.0,-15871.999999999953
2023-06-05 15:00:00+00:00,B_EXECUTABLE_T0_8BAR,ADDITIVE,BASELINE,-681.0,-16552.999999999953
2023-06-05 19:15:00+00:00,B_EXECUTABLE_T0_8BAR,ADDITIVE,BASELINE,-773.0,-17325.999999999953
2023-06-06 15:15:00+00:00,B_EXECUTABLE_T0_8BAR,ADDITIVE,BASELINE,-617.0,-17942.999999999953
2023-06-06 19:15:00+00:00,B_EXECUTABLE_T0_8BAR,ADDITIVE,BASELINE,-453.0,-18395.999999999953
2023-06-06 22:45:00+00:00,B_EXECUTABLE_T0_8BAR,ADDITIVE,BASELINE,-374.0,-18769.999999999953
2023-06-07 00:30:00+00:00,B_EXECUTABLE_T0_8BAR,ADDITIVE,BASELINE,-192.0,-18961.999999999953
2023-06-07 16:15:00+00:00,B_EXECUTABLE_T0_8BAR,ADDITIVE,SHOCK_FAILURE,548.0000000000018,-18413.99999999995
2023-06-07 22:00:00+00:00,B_EXECUTABLE_T0_8BAR,ADDITIVE,BASELINE,-1086.0,-19499.99999999995
2023-06-07 23:15:00+00:00,B_EXECUTABLE_T0_8BAR,ADDITIVE,BASELINE,172.0,-19327.99999999995
2023-06-07 23:45:00+00:00,B_EXECUTABLE_T0_8BAR,ADDITIVE,BASELINE,69.0,-19258.99999999995
2023-06-08 00:45:00+00:00,B_EXECUTABLE_T0_8BAR,ADDITIVE,BASELINE,291.0,-18967.99999999995
2023-06-08 00:45:00+00:00,B_EXECUTABLE_T0_8BAR,ADDITIVE,BASELINE,-224.0,-19191.99999999995
2023-06-08 22:00:00+00:00,B_EXECUTABLE_T0_8BAR,ADDITIVE,BASELINE,111.0,-19080.99999999995
2023-06-08 23:45:00+00:00,B_EXECUTABLE_T0_8BAR,ADDITIVE,BASELINE,824.0,-18256.99999999995
2023-06-09 00:00:00+00:00,B_EXECUTABLE_T0_8BAR,ADDITIVE,BASELINE,-50.0,-18306.99999999995
2023-06-09 19:16:00+00:00,B_EXECUTABLE_T0_8BAR,ADDITIVE,BASELINE,-152.0,-18458.99999999995
2023-06-12 20:45:00+00:00,B_EXECUTABLE_T0_8BAR,ADDITIVE,BASELINE,-351.0,-18809.99999999995
2023-06-12 22:00:00+00:00,B_EXECUTABLE_T0_8BAR,ADDITIVE,BASELINE,-91.0,-18900.99999999995
2023-06-13 23:30:00+00:00,B_EXECUTABLE_T0_8BAR,ADDITIVE,BASELINE,130.0,-18770.99999999995
2023-06-14 00:45:00+00:00,B_EXECUTABLE_T0_8BAR,ADDITIVE,BASELINE,-842.0,-19612.99999999995
2023-06-14 01:45:00+00:00,B_EXECUTABLE_T0_8BAR,ADDITIVE,BASELINE,-99.0,-19711.99999999995
2023-06-14 02:30:00+00:00,B_EXECUTABLE_T0_8BAR,ADDITIVE,BASELINE,-177.0,-19888.99999999995
2023-06-14 03:00:00+00:00,B_EXECUTABLE_T0_8BAR,ADDITIVE,BASELINE,-217.0,-20105.99999999995
2023-06-14 20:15:00+00:00,B_EXECUTABLE_T0_8BAR,ADDITIVE,BASELINE,-24.0,-20129.99999999995
2023-06-14 23:45:00+00:00,B_EXECUTABLE_T0_8BAR,ADDITIVE,BASELINE,-734.0,-20863.99999999995
2023-06-15 09:00:00+00:00,B_EXECUTABLE_T0_8BAR,ADDITIVE,BASELINE,899.0,-19964.99999999995
2023-06-15 09:45:00+00:00,B_EXECUTABLE_T0_8BAR,ADDITIVE,BASELINE,201.0,-19763.99999999995
2023-06-15 12:15:00+00:00,B_EXECUTABLE_T0_8BAR,ADDITIVE,BASELINE,-153.0,-19916.99999999995
2023-06-15 13:15:00+00:00,B_EXECUTABLE_T0_8BAR,ADDITIVE,BASELINE,-726.0,-20642.99999999995
2023-06-15 15:15:00+00:00,B_EXECUTABLE_T0_8BAR,ADDITIVE,BASELINE,-802.0,-21444.99999999995
2023-06-15 19:15:00+00:00,B_EXECUTABLE_T0_8BAR,ADDITIVE,BASELINE,-1123.0,-22567.99999999995
2023-06-16 02:30:00+00:00,B_EXECUTABLE_T0_8BAR,ADDITIVE,SHOCK_FAILURE,-73.0000000000075,-22640.999999999956
2023-06-16 09:45:00+00:00,B_EXECUTABLE_T0_8BAR,ADDITIVE,BASELINE,-1078.0,-23718.999999999956
2023-06-16 19:15:00+00:00,B_EXECUTABLE_T0_8BAR,ADDITIVE,BASELINE,638.0,-23080.999999999956
2023-06-18 22:15:00+00:00,B_EXECUTABLE_T0_8BAR,ADDITIVE,BASELINE,385.0,-22695.999999999956
2023-06-18 23:30:00+00:00,B_EXECUTABLE_T0_8BAR,ADDITIVE,BASELINE,254.0,-22441.999999999956
2023-06-19 18:00:00+00:00,B_EXECUTABLE_T0_8BAR,ADDITIVE,BASELINE,-47.0,-22488.999999999956
2023-06-19 22:00:00+00:00,B_EXECUTABLE_T0_8BAR,ADDITIVE,BASELINE,-52.0,-22540.999999999956
2023-06-20 08:30:00+00:00,B_EXECUTABLE_T0_8BAR,ADDITIVE,BASELINE,-518.0,-23058.999999999956
2023-06-20 20:15:00+00:00,B_EXECUTABLE_T0_8BAR,ADDITIVE,BASELINE,-126.0,-23184.999999999956
2023-06-20 21:00:00+00:00,B_EXECUTABLE_T0_8BAR,ADDITIVE,BASELINE,79.0,-23105.999999999956
2023-06-20 23:15:00+00:00,B_EXECUTABLE_T0_8BAR,ADDITIVE,BASELINE,-50.0,-23155.999999999956
2023-06-21 16:15:00+00:00,B_EXECUTABLE_T0_8BAR,ADDITIVE,BASELINE,-61.0,-23216.999999999956
2023-06-21 20:00:00+00:00,B_EXECUTABLE_T0_8BAR,ADDITIVE,BASELINE,-312.0,-23528.999999999956
2023-06-21 21:45:00+00:00,B_EXECUTABLE_T0_8BAR,ADDITIVE,BASELINE,-462.0,-23990.999999999956
2023-06-22 20:30:00+00:00,B_EXECUTABLE_T0_8BAR,ADDITIVE,BASELINE,1172.0,-22818.999999999956
2023-06-22 22:30:00+00:00,B_EXECUTABLE_T0_8BAR,ADDITIVE,BASELINE,387.0,-22431.999999999956
2023-06-23 00:45:00+00:00,B_EXECUTABLE_T0_8BAR,ADDITIVE,BASELINE,83.0,-22348.999999999956
2023-06-23 01:30:00+00:00,B_EXECUTABLE_T0_8BAR,ADDITIVE,BASELINE,-140.0,-22488.999999999956
2023-06-23 03:30:00+00:00,B_EXECUTABLE_T0_8BAR,ADDITIVE,BASELINE,-83.0,-22571.999999999956
2023-06-23 13:45:00+00:00,B_EXECUTABLE_T0_8BAR,ADDITIVE,BASELINE,-453.0,-23024.999999999956
2023-06-25 22:30:00+00:00,B_EXECUTABLE_T0_8BAR,ADDITIVE,BASELINE,73.0,-22951.999999999956
2023-06-25 23:00:00+00:00,B_EXECUTABLE_T0_8BAR,ADDITIVE,BASELINE,-287.0,-23238.999999999956
2023-06-26 19:30:00+00:00,B_EXECUTABLE_T0_8BAR,ADDITIVE,BASELINE,-360.0,-23598.999999999956
2023-06-27 17:30:00+00:00,B_EXECUTABLE_T0_8BAR,ADDITIVE,BASELINE,144.0,-23454.999999999956
2023-06-27 20:15:00+00:00,B_EXECUTABLE_T0_8BAR,ADDITIVE,BASELINE,358.0,-23096.999999999956
2023-06-27 22:45:00+00:00,B_EXECUTABLE_T0_8BAR,ADDITIVE,BASELINE,16.0,-23080.999999999956
2023-06-28 16:30:00+00:00,B_EXECUTABLE_T0_8BAR,ADDITIVE,BASELINE,9.0,-23071.999999999956
2023-06-28 19:30:00+00:00,B_EXECUTABLE_T0_8BAR,ADDITIVE,BASELINE,235.0,-22836.999999999956
2023-06-28 20:15:00+00:00,B_EXECUTABLE_T0_8BAR,ADDITIVE,BASELINE,73.0,-22763.999999999956
2023-06-28 20:45:00+00:00,B_EXECUTABLE_T0_8BAR,ADDITIVE,BASELINE,65.0,-22698.999999999956
2023-06-28 22:15:00+00:00,B_EXECUTABLE_T0_8BAR,ADDITIVE,BASELINE,-198.0,-22896.999999999956
2023-06-29 21:00:00+00:00,B_EXECUTABLE_T0_8BAR,ADDITIVE,BASELINE,-56.0,-22952.999999999956
2023-06-29 22:00:00+00:00,B_EXECUTABLE_T0_8BAR,ADDITIVE,BASELINE,-166.0,-23118.999999999956
2023-06-30 01:00:00+00:00,B_EXECUTABLE_T0_8BAR,ADDITIVE,BASELINE,87.0,-23031.999999999956
2023-06-30 09:30:00+00:00,B_EXECUTABLE_T0_8BAR,ADDITIVE,BASELINE,-295.0,-23326.999999999956
2023-07-02 22:15:00+00:00,B_EXECUTABLE_T0_8BAR,ADDITIVE,BASELINE,3.0,-23323.999999999956
2023-07-03 00:45:00+00:00,B_EXECUTABLE_T0_8BAR,ADDITIVE,BASELINE,48.0,-23275.999999999956
2023-07-03 19:45:00+00:00,B_EXECUTABLE_T0_8BAR,ADDITIVE,BASELINE,-93.0,-23368.999999999956
2023-07-03 19:45:00+00:00,B_EXECUTABLE_T0_8BAR,ADDITIVE,BASELINE,-182.0,-23550.999999999956
2023-07-05 01:00:00+00:00,B_EXECUTABLE_T0_8BAR,ADDITIVE,BASELINE,-131.0,-23681.999999999956
2023-07-05 14:15:00+00:00,B_EXECUTABLE_T0_8BAR,ADDITIVE,BASELINE,-492.0,-24173.999999999956
2023-07-05 20:15:00+00:00,B_EXECUTABLE_T0_8BAR,ADDITIVE,BASELINE,-327.0,-24500.999999999956
2023-07-06 02:30:00+00:00,B_EXECUTABLE_T0_8BAR,ADDITIVE,SHOCK_FAILURE,-94.00000000002251,-24594.999999999978
2023-07-06 12:30:00+00:00,B_EXECUTABLE_T0_8BAR,ADDITIVE,BASELINE,-15.0,-24609.999999999978
2023-07-06 13:15:00+00:00,B_EXECUTABLE_T0_8BAR,ADDITIVE,BASELINE,-386.0,-24995.999999999978
2023-07-07 14:30:00+00:00,B_EXECUTABLE_T0_8BAR,ADDITIVE,BASELINE,1077.0,-23918.999999999978
2023-07-07 15:00:00+00:00,B_EXECUTABLE_T0_8BAR,ADDITIVE,BASELINE,1175.0,-22743.999999999978
2023-07-07 15:30:00+00:00,B_EXECUTABLE_T0_8BAR,ADDITIVE,BASELINE,987.0,-21756.999999999978
2023-07-07 16:15:00+00:00,B_EXECUTABLE_T0_8BAR,ADDITIVE,BASELINE,944.0,-20812.999999999978
2023-07-07 16:45:00+00:00,B_EXECUTABLE_T0_8BAR,ADDITIVE,BASELINE,796.0,-20016.999999999978
2023-07-07 19:30:00+00:00,B_EXECUTABLE_T0_8BAR,ADDITIVE,BASELINE,1135.0,-18881.999999999978
2023-07-09 21:45:00+00:00,B_EXECUTABLE_T0_8BAR,ADDITIVE,BASELINE,403.0,-18478.999999999978
2023-07-09 22:45:00+00:00,B_EXECUTABLE_T0_8BAR,ADDITIVE,BASELINE,23.0,-18455.999999999978
2023-07-10 21:30:00+00:00,B_EXECUTABLE_T0_8BAR,ADDITIVE,BASELINE,557.0,-17898.999999999978
2023-07-10 23:30:00+00:00,B_EXECUTABLE_T0_8BAR,ADDITIVE,BASELINE,270.0,-17628.999999999978
2023-07-11 01:30:00+00:00,B_EXECUTABLE_T0_8BAR,ADDITIVE,BASELINE,231.0,-17397.999999999978
2023-07-11 03:00:00+00:00,B_EXECUTABLE_T0_8BAR,ADDITIVE,BASELINE,682.0,-16715.999999999978
2023-07-11 09:30:00+00:00,B_EXECUTABLE_T0_8BAR,ADDITIVE,BASELINE,634.0,-16081.999999999978
2023-07-11 10:45:00+00:00,B_EXECUTABLE_T0_8BAR,ADDITIVE,BASELINE,438.0,-15643.999999999978
2023-07-11 18:15:00+00:00,B_EXECUTABLE_T0_8BAR,ADDITIVE,BASELINE,-31.0,-15674.999999999978
2023-07-11 20:00:00+00:00,B_EXECUTABLE_T0_8BAR,ADDITIVE,BASELINE,144.0,-15530.999999999978
2023-07-12 04:30:00+00:00,B_EXECUTABLE_T0_8BAR,ADDITIVE,SHOCK_FAILURE,-84.00000000000318,-15614.999999999982
2023-07-12 09:15:00+00:00,B_EXECUTABLE_T0_8BAR,ADDITIVE,BASELINE,-261.0,-15875.999999999982
2023-07-12 20:45:00+00:00,B_EXECUTABLE_T0_8BAR,ADDITIVE,BASELINE,584.0,-15291.999999999982
2023-07-12 22:15:00+00:00,B_EXECUTABLE_T0_8BAR,ADDITIVE,BASELINE,224.0,-15067.999999999982
2023-07-12 22:45:00+00:00,B_EXECUTABLE_T0_8BAR,ADDITIVE,BASELINE,105.0,-14962.999999999982
2023-07-12 23:30:00+00:00,B_EXECUTABLE_T0_8BAR,ADDITIVE,BASELINE,-21.0,-14983.999999999982
2023-07-13 00:45:00+00:00,B_EXECUTABLE_T0_8BAR,ADDITIVE,BASELINE,787.0,-14196.999999999982
2023-07-13 16:45:00+00:00,B_EXECUTABLE_T0_8BAR,ADDITIVE,SHOCK_FAILURE,157.0000000000107,-14039.99999999997
2023-07-14 00:15:00+00:00,B_EXECUTABLE_T0_8BAR,ADDITIVE,BASELINE,166.0,-13873.99999999997
2023-07-14 02:15:00+00:00,B_EXECUTABLE_T0_8BAR,ADDITIVE,BASELINE,574.0,-13299.99999999997
2023-07-14 08:15:00+00:00,B_EXECUTABLE_T0_8BAR,ADDITIVE,BASELINE,-330.0,-13629.99999999997
2023-07-14 09:00:00+00:00,B_EXECUTABLE_T0_8BAR,ADDITIVE,BASELINE,-641.0,-14270.99999999997
2023-07-14 09:30:00+00:00,B_EXECUTABLE_T0_8BAR,ADDITIVE,BASELINE,-802.0,-15072.99999999997
2023-07-16 23:30:00+00:00,B_EXECUTABLE_T0_8BAR,ADDITIVE,BASELINE,236.0,-14836.99999999997
2023-07-17 18:30:00+00:00,B_EXECUTABLE_T0_8BAR,ADDITIVE,BASELINE,-703.0,-15539.99999999997
2023-07-17 21:45:00+00:00,B_EXECUTABLE_T0_8BAR,ADDITIVE,BASELINE,-487.0,-16026.99999999997
2023-07-17 21:45:00+00:00,B_EXECUTABLE_T0_8BAR,ADDITIVE,BASELINE,-635.0,-16661.99999999997
2023-07-18 00:45:00+00:00,B_EXECUTABLE_T0_8BAR,ADDITIVE,BASELINE,-121.0,-16782.99999999997
2023-07-18 19:15:00+00:00,B_EXECUTABLE_T0_8BAR,ADDITIVE,BASELINE,-760.0,-17542.99999999997
2023-07-19 01:00:00+00:00,B_EXECUTABLE_T0_8BAR,ADDITIVE,BASELINE,-201.0,-17743.99999999997
2023-07-19 10:15:00+00:00,B_EXECUTABLE_T0_8BAR,ADDITIVE,BASELINE,560.0,-17183.99999999997
2023-07-19 12:15:00+00:00,B_EXECUTABLE_T0_8BAR,ADDITIVE,BASELINE,336.0,-16847.99999999997
2023-07-19 14:45:00+00:00,B_EXECUTABLE_T0_8BAR,ADDITIVE,BASELINE,239.0,-16608.99999999997
2023-07-19 17:00:00+00:00,B_EXECUTABLE_T0_8BAR,ADDITIVE,BASELINE,-113.0,-16721.99999999997
2023-07-19 19:00:00+00:00,B_EXECUTABLE_T0_8BAR,ADDITIVE,BASELINE,-302.0,-17023.99999999997
2023-07-19 21:00:00+00:00,B_EXECUTABLE_T0_8BAR,ADDITIVE,BASELINE,-196.0,-17219.99999999997
2023-07-20 22:15:00+00:00,B_EXECUTABLE_T0_8BAR,ADDITIVE,BASELINE,-97.0,-17316.99999999997
2023-07-20 23:15:00+00:00,B_EXECUTABLE_T0_8BAR,ADDITIVE,BASELINE,-423.0,-17739.99999999997
2023-07-21 00:00:00+00:00,B_EXECUTABLE_T0_8BAR,ADDITIVE,BASELINE,-546.0,-18285.99999999997
2023-07-21 00:45:00+00:00,B_EXECUTABLE_T0_8BAR,ADDITIVE,BASELINE,10.0,-18275.99999999997
2023-07-21 00:45:00+00:00,B_EXECUTABLE_T0_8BAR,ADDITIVE,BASELINE,-611.0,-18886.99999999997
2023-07-21 15:45:00+00:00,B_EXECUTABLE_T0_8BAR,ADDITIVE,BASELINE,609.0,-18277.99999999997
2023-07-21 16:45:00+00:00,B_EXECUTABLE_T0_8BAR,ADDITIVE,SHOCK_FAILURE,-19.000000000005457,-18296.999999999978
2023-07-21 19:30:00+00:00,B_EXECUTABLE_T0_8BAR,ADDITIVE,BASELINE,1376.0,-16920.999999999978
2023-07-24 16:00:00+00:00,B_EXECUTABLE_T0_8BAR,ADDITIVE,SHOCK_FAILURE,28.999999999996362,-16891.99999999998
2023-07-24 18:30:00+00:00,B_EXECUTABLE_T0_8BAR,ADDITIVE,BASELINE,-364.0,-17255.99999999998
2023-07-24 19:45:00+00:00,B_EXECUTABLE_T0_8BAR,ADDITIVE,BASELINE,-616.0,-17871.99999999998
2023-07-24 22:00:00+00:00,B_EXECUTABLE_T0_8BAR,ADDITIVE,BASELINE,-148.0,-18019.99999999998
2023-07-25 23:15:00+00:00,B_EXECUTABLE_T0_8BAR,ADDITIVE,BASELINE,81.0,-17938.99999999998
2023-07-26 00:00:00+00:00,B_EXECUTABLE_T0_8BAR,ADDITIVE,BASELINE,0.0,-17938.99999999998
2023-07-26 14:30:00+00:00,B_EXECUTABLE_T0_8BAR,ADDITIVE,BASELINE,186.0,-17752.99999999998
2023-07-26 16:15:00+00:00,B_EXECUTABLE_T0_8BAR,ADDITIVE,BASELINE,58.0,-17694.99999999998
2023-07-26 19:45:00+00:00,B_EXECUTABLE_T0_8BAR,ADDITIVE,BASELINE,19.0,-17675.99999999998
2023-07-26 20:15:00+00:00,B_EXECUTABLE_T0_8BAR,ADDITIVE,BASELINE,219.0,-17456.99999999998
2023-07-26 20:45:00+00:00,B_EXECUTABLE_T0_8BAR,ADDITIVE,SHOCK_FAILURE,-201.99999999999818,-17658.999999999978
2023-07-27 02:45:00+00:00,B_EXECUTABLE_T0_8BAR,ADDITIVE,BASELINE,509.0,-17149.999999999978
2023-07-27 04:30:00+00:00,B_EXECUTABLE_T0_8BAR,ADDITIVE,SHOCK_FAILURE,231.99999999999932,-16917.999999999978
2023-07-27 09:45:00+00:00,B_EXECUTABLE_T0_8BAR,ADDITIVE,BASELINE,-310.0,-17227.999999999978
2023-07-27 21:00:00+00:00,B_EXECUTABLE_T0_8BAR,ADDITIVE,BASELINE,-1269.0,-18496.999999999978
2023-07-27 21:45:00+00:00,B_EXECUTABLE_T0_8BAR,ADDITIVE,BASELINE,-1412.0,-19908.999999999978
2023-07-27 22:00:00+00:00,B_EXECUTABLE_T0_8BAR,ADDITIVE,SHOCK_FAILURE,332.9999999999984,-19575.999999999978
2023-07-27 22:15:00+00:00,B_EXECUTABLE_T0_8BAR,ADDITIVE,BASELINE,-1813.0,-21388.999999999978
2023-07-28 00:45:00+00:00,B_EXECUTABLE_T0_8BAR,ADDITIVE,BASELINE,-1248.0,-22636.999999999978
2023-07-28 03:30:00+00:00,B_EXECUTABLE_T0_8BAR,ADDITIVE,BASELINE,-579.0,-23215.999999999978
2023-07-28 12:15:00+00:00,B_EXECUTABLE_T0_8BAR,ADDITIVE,BASELINE,-1289.0,-24504.999999999978
2023-07-31 03:15:00+00:00,B_EXECUTABLE_T0_8BAR,ADDITIVE,BASELINE,582.0,-23922.999999999978
2023-07-31 09:30:00+00:00,B_EXECUTABLE_T0_8BAR,ADDITIVE,BASELINE,1007.0,-22915.999999999978
2023-07-31 11:00:00+00:00,B_EXECUTABLE_T0_8BAR,ADDITIVE,BASELINE,518.0,-22397.999999999978
2023-07-31 15:00:00+00:00,B_EXECUTABLE_T0_8BAR,ADDITIVE,BASELINE,4.0,-22393.999999999978
2023-07-31 15:45:00+00:00,B_EXECUTABLE_T0_8BAR,ADDITIVE,BASELINE,-26.0,-22419.999999999978
2023-07-31 16:30:00+00:00,B_EXECUTABLE_T0_8BAR,ADDITIVE,BASELINE,-261.0,-22680.999999999978
2023-07-31 19:45:00+00:00,B_EXECUTABLE_T0_8BAR,ADDITIVE,BASELINE,86.0,-22594.999999999978
2023-07-31 21:30:00+00:00,B_EXECUTABLE_T0_8BAR,ADDITIVE,BASELINE,-291.0,-22885.999999999978
2023-08-01 12:45:00+00:00,B_EXECUTABLE_T0_8BAR,ADDITIVE,BASELINE,322.0,-22563.999999999978
2023-08-01 19:15:00+00:00,B_EXECUTABLE_T0_8BAR,ADDITIVE,BASELINE,471.0,-22092.999999999978
2023-08-01 20:00:00+00:00,B_EXECUTABLE_T0_8BAR,ADDITIVE,BASELINE,402.0,-21690.999999999978
2023-08-01 21:00:00+00:00,B_EXECUTABLE_T0_8BAR,ADDITIVE,BASELINE,44.0,-21646.999999999978
2023-08-01 22:15:00+00:00,B_EXECUTABLE_T0_8BAR,ADDITIVE,BASELINE,-472.0,-22118.999999999978
2023-08-01 23:15:00+00:00,B_EXECUTABLE_T0_8BAR,ADDITIVE,BASELINE,47.0,-22071.999999999978
2023-08-02 00:15:00+00:00,B_EXECUTABLE_T0_8BAR,ADDITIVE,SHOCK_FAILURE,78.99999999997931,-21993.0
2023-08-02 01:30:00+00:00,B_EXECUTABLE_T0_8BAR,ADDITIVE,BASELINE,-425.0,-22418.0
2023-08-02 16:15:00+00:00,B_EXECUTABLE_T0_8BAR,ADDITIVE,BASELINE,-665.0,-23083.0
2023-08-02 20:15:00+00:00,B_EXECUTABLE_T0_8BAR,ADDITIVE,BASELINE,-905.0,-23988.0
2023-08-03 12:15:00+00:00,B_EXECUTABLE_T0_8BAR,ADDITIVE,BASELINE,-625.0,-24613.0
2023-08-03 13:15:00+00:00,B_EXECUTABLE_T0_8BAR,ADDITIVE,BASELINE,-1046.0,-25659.0
2023-08-03 19:30:00+00:00,B_EXECUTABLE_T0_8BAR,ADDITIVE,BASELINE,392.0,-25267.0
2023-08-03 20:45:00+00:00,B_EXECUTABLE_T0_8BAR,ADDITIVE,BASELINE,86.0,-25181.0
2023-08-03 22:30:00+00:00,B_EXECUTABLE_T0_8BAR,ADDITIVE,BASELINE,-128.0,-25309.0
2023-08-03 23:00:00+00:00,B_EXECUTABLE_T0_8BAR,ADDITIVE,BASELINE,-200.0,-25509.0
2023-08-06 21:15:00+00:00,B_EXECUTABLE_T0_8BAR,ADDITIVE,BASELINE,199.0,-25310.0
2023-08-06 21:45:00+00:00,B_EXECUTABLE_T0_8BAR,ADDITIVE,BASELINE,-11.0,-25321.0
2023-08-07 01:00:00+00:00,B_EXECUTABLE_T0_8BAR,ADDITIVE,BASELINE,646.0,-24675.0
2023-08-07 20:30:00+00:00,B_EXECUTABLE_T0_8BAR,ADDITIVE,BASELINE,198.0,-24477.0
2023-08-08 00:15:00+00:00,B_EXECUTABLE_T0_8BAR,ADDITIVE,BASELINE,180.0,-24297.0
2023-08-08 08:15:00+00:00,B_EXECUTABLE_T0_8BAR,ADDITIVE,BASELINE,390.0,-23907.0
2023-08-08 10:00:00+00:00,B_EXECUTABLE_T0_8BAR,ADDITIVE,BASELINE,-278.0,-24185.0
2023-08-08 12:15:00+00:00,B_EXECUTABLE_T0_8BAR,ADDITIVE,BASELINE,-372.0,-24557.0
2023-08-09 02:45:00+00:00,B_EXECUTABLE_T0_8BAR,ADDITIVE,BASELINE,-129.0,-24686.0
2023-08-09 20:30:00+00:00,B_EXECUTABLE_T0_8BAR,ADDITIVE,BASELINE,189.0,-24497.0
2023-08-09 23:00:00+00:00,B_EXECUTABLE_T0_8BAR,ADDITIVE,BASELINE,-54.0,-24551.0
2023-08-09 23:15:00+00:00,B_EXECUTABLE_T0_8BAR,ADDITIVE,BASELINE,250.0,-24301.0
2023-08-10 08:15:00+00:00,B_EXECUTABLE_T0_8BAR,ADDITIVE,BASELINE,35.0,-24266.0
2023-08-10 12:15:00+00:00,B_EXECUTABLE_T0_8BAR,ADDITIVE,BASELINE,-248.0,-24514.0
2023-08-10 13:00:00+00:00,B_EXECUTABLE_T0_8BAR,ADDITIVE,BASELINE,-218.0,-24732.0
2023-08-10 21:30:00+00:00,B_EXECUTABLE_T0_8BAR,ADDITIVE,BASELINE,492.0,-24240.0
2023-08-10 23:00:00+00:00,B_EXECUTABLE_T0_8BAR,ADDITIVE,BASELINE,441.0,-23799.0
2023-08-11 00:30:00+00:00,B_EXECUTABLE_T0_8BAR,ADDITIVE,BASELINE,-1374.0,-25173.0
2023-08-11 01:30:00+00:00,B_EXECUTABLE_T0_8BAR,ADDITIVE,BASELINE,149.0,-25024.0
2023-08-11 03:00:00+00:00,B_EXECUTABLE_T0_8BAR,ADDITIVE,BASELINE,10.0,-25014.0
2023-08-11 03:30:00+00:00,B_EXECUTABLE_T0_8BAR,ADDITIVE,BASELINE,-67.0,-25081.0
2023-08-11 08:00:00+00:00,B_EXECUTABLE_T0_8BAR,ADDITIVE,BASELINE,-231.0,-25312.0
2023-08-11 19:30:00+00:00,B_EXECUTABLE_T0_8BAR,ADDITIVE,BASELINE,-363.0,-25675.0
2023-08-13 23:45:00+00:00,B_EXECUTABLE_T0_8BAR,ADDITIVE,BASELINE,-75.0,-25750.0
2023-08-14 02:00:00+00:00,B_EXECUTABLE_T0_8BAR,ADDITIVE,BASELINE,-31.0,-25781.0
2023-08-14 08:30:00+00:00,B_EXECUTABLE_T0_8BAR,ADDITIVE,BASELINE,-236.0,-26017.0
2023-08-14 20:30:00+00:00,B_EXECUTABLE_T0_8BAR,ADDITIVE,BASELINE,163.0,-25854.0
2023-08-14 21:45:00+00:00,B_EXECUTABLE_T0_8BAR,ADDITIVE,BASELINE,56.0,-25798.0
2023-08-15 00:30:00+00:00,B_EXECUTABLE_T0_8BAR,ADDITIVE,BASELINE,212.0,-25586.0
2023-08-15 14:45:00+00:00,B_EXECUTABLE_T0_8BAR,ADDITIVE,BASELINE,-431.0,-26017.0
2023-08-15 15:30:00+00:00,B_EXECUTABLE_T0_8BAR,ADDITIVE,BASELINE,-343.0,-26360.0
2023-08-15 19:30:00+00:00,B_EXECUTABLE_T0_8BAR,ADDITIVE,BASELINE,-141.0,-26501.0
2023-08-15 23:00:00+00:00,B_EXECUTABLE_T0_8BAR,ADDITIVE,BASELINE,-463.0,-26964.0
2023-08-16 21:00:00+00:00,B_EXECUTABLE_T0_8BAR,ADDITIVE,BASELINE,461.0,-26503.0
2023-08-16 23:30:00+00:00,B_EXECUTABLE_T0_8BAR,ADDITIVE,BASELINE,549.0,-25954.0
2023-08-17 01:30:00+00:00,B_EXECUTABLE_T0_8BAR,ADDITIVE,BASELINE,413.0,-25541.0
2023-08-17 02:15:00+00:00,B_EXECUTABLE_T0_8BAR,ADDITIVE,BASELINE,230.0,-25311.0
2023-08-17 03:15:00+00:00,B_EXECUTABLE_T0_8BAR,ADDITIVE,BASELINE,75.0,-25236.0
2023-08-17 08:15:00+00:00,B_EXECUTABLE_T0_8BAR,ADDITIVE,BASELINE,-302.0,-25538.0
2023-08-17 19:15:00+00:00,B_EXECUTABLE_T0_8BAR,ADDITIVE,BASELINE,365.0,-25173.0
2023-08-18 09:00:00+00:00,B_EXECUTABLE_T0_8BAR,ADDITIVE,BASELINE,-37.0,-25210.0
2023-08-18 09:30:00+00:00,B_EXECUTABLE_T0_8BAR,ADDITIVE,BASELINE,-4.0,-25214.0
2023-08-18 14:15:00+00:00,B_EXECUTABLE_T0_8BAR,ADDITIVE,BASELINE,-125.0,-25339.0
2023-08-18 14:45:00+00:00,B_EXECUTABLE_T0_8BAR,ADDITIVE,SHOCK_FAILURE,266.9999999999959,-25072.000000000004
2023-08-18 15:45:00+00:00,B_EXECUTABLE_T0_8BAR,ADDITIVE,BASELINE,-69.0,-25141.000000000004
2023-08-18 17:15:00+00:00,B_EXECUTABLE_T0_8BAR,ADDITIVE,SHOCK_FAILURE,-317.0000000000073,-25458.00000000001
2023-08-18 19:45:00+00:00,B_EXECUTABLE_T0_8BAR,ADDITIVE,BASELINE,-193.0,-25651.00000000001
2023-08-21 01:00:00+00:00,B_EXECUTABLE_T0_8BAR,ADDITIVE,BASELINE,-119.0,-25770.00000000001
2023-08-21 17:45:00+00:00,B_EXECUTABLE_T0_8BAR,ADDITIVE,BASELINE,373.0,-25397.00000000001
2023-08-21 18:15:00+00:00,B_EXECUTABLE_T0_8BAR,ADDITIVE,BASELINE,305.0,-25092.00000000001
2023-08-21 20:30:00+00:00,B_EXECUTABLE_T0_8BAR,ADDITIVE,BASELINE,214.0,-24878.00000000001
2023-08-21 21:00:00+00:00,B_EXECUTABLE_T0_8BAR,ADDITIVE,BASELINE,523.0,-24355.00000000001
2023-08-21 21:15:00+00:00,B_EXECUTABLE_T0_8BAR,ADDITIVE,BASELINE,-2.0,-24357.00000000001
2023-08-21 22:15:00+00:00,B_EXECUTABLE_T0_8BAR,ADDITIVE,BASELINE,-73.0,-24430.00000000001
2023-08-21 23:00:00+00:00,B_EXECUTABLE_T0_8BAR,ADDITIVE,BASELINE,-109.0,-24539.00000000001
2023-08-22 17:45:00+00:00,B_EXECUTABLE_T0_8BAR,ADDITIVE,BASELINE,-154.0,-24693.00000000001
2023-08-22 19:30:00+00:00,B_EXECUTABLE_T0_8BAR,ADDITIVE,BASELINE,-86.0,-24779.00000000001
2023-08-23 16:00:00+00:00,B_EXECUTABLE_T0_8BAR,ADDITIVE,BASELINE,767.0,-24012.00000000001
2023-08-23 16:45:00+00:00,B_EXECUTABLE_T0_8BAR,ADDITIVE,BASELINE,629.0,-23383.00000000001
2023-08-23 20:00:00+00:00,B_EXECUTABLE_T0_8BAR,ADDITIVE,BASELINE,525.0,-22858.00000000001
2023-08-23 21:30:00+00:00,B_EXECUTABLE_T0_8BAR,ADDITIVE,BASELINE,361.0,-22497.00000000001
2023-08-23 22:00:00+00:00,B_EXECUTABLE_T0_8BAR,ADDITIVE,BASELINE,-51.0,-22548.00000000001
2023-08-24 17:00:00+00:00,B_EXECUTABLE_T0_8BAR,ADDITIVE,SHOCK_FAILURE,301.00000000001614,-22246.999999999996
2023-08-24 19:45:00+00:00,B_EXECUTABLE_T0_8BAR,ADDITIVE,BASELINE,623.0,-21623.999999999996
2023-08-24 20:00:00+00:00,B_EXECUTABLE_T0_8BAR,ADDITIVE,BASELINE,186.0,-21437.999999999996
2023-08-24 20:45:00+00:00,B_EXECUTABLE_T0_8BAR,ADDITIVE,BASELINE,-122.0,-21559.999999999996
2023-08-25 09:30:00+00:00,B_EXECUTABLE_T0_8BAR,ADDITIVE,BASELINE,-138.0,-21697.999999999996
2023-08-25 14:15:00+00:00,B_EXECUTABLE_T0_8BAR,ADDITIVE,BASELINE,-401.0,-22098.999999999996
2023-08-27 22:30:00+00:00,B_EXECUTABLE_T0_8BAR,ADDITIVE,BASELINE,74.0,-22024.999999999996
2023-08-28 20:30:00+00:00,B_EXECUTABLE_T0_8BAR,ADDITIVE,BASELINE,-101.0,-22125.999999999996
2023-08-29 16:45:00+00:00,B_EXECUTABLE_T0_8BAR,ADDITIVE,SHOCK_FAILURE,-466.99999999998454,-22592.99999999998
2023-08-29 19:00:00+00:00,B_EXECUTABLE_T0_8BAR,ADDITIVE,BASELINE,-948.0,-23540.99999999998
2023-08-29 20:00:00+00:00,B_EXECUTABLE_T0_8BAR,ADDITIVE,BASELINE,-1329.0,-24869.99999999998
2023-08-29 20:30:00+00:00,B_EXECUTABLE_T0_8BAR,ADDITIVE,BASELINE,-1567.0,-26436.99999999998
2023-08-29 21:30:00+00:00,B_EXECUTABLE_T0_8BAR,ADDITIVE,BASELINE,-743.0,-27179.99999999998
2023-08-29 22:30:00+00:00,B_EXECUTABLE_T0_8BAR,ADDITIVE,BASELINE,370.0,-26809.99999999998
2023-08-29 23:15:00+00:00,B_EXECUTABLE_T0_8BAR,ADDITIVE,BASELINE,326.0,-26483.99999999998
2023-08-30 01:15:00+00:00,B_EXECUTABLE_T0_8BAR,ADDITIVE,BASELINE,-212.0,-26695.99999999998
2023-08-30 03:15:00+00:00,B_EXECUTABLE_T0_8BAR,ADDITIVE,BASELINE,-486.0,-27181.99999999998
2023-08-30 19:30:00+00:00,B_EXECUTABLE_T0_8BAR,ADDITIVE,BASELINE,-229.0,-27410.99999999998
2023-08-31 23:00:00+00:00,B_EXECUTABLE_T0_8BAR,ADDITIVE,BASELINE,69.0,-27341.99999999998
2023-09-01 00:45:00+00:00,B_EXECUTABLE_T0_8BAR,ADDITIVE,BASELINE,-234.0,-27575.99999999998
2023-09-01 02:30:00+00:00,B_EXECUTABLE_T0_8BAR,ADDITIVE,BASELINE,2.0,-27573.99999999998
2023-09-01 09:15:00+00:00,B_EXECUTABLE_T0_8BAR,ADDITIVE,BASELINE,-213.0,-27786.99999999998
2023-09-01 20:00:00+00:00,B_EXECUTABLE_T0_8BAR,ADDITIVE,BASELINE,-964.0,-28750.99999999998
2023-09-01 20:30:00+00:00,B_EXECUTABLE_T0_8BAR,ADDITIVE,BASELINE,-1028.0,-29778.99999999998
2023-09-03 23:15:00+00:00,B_EXECUTABLE_T0_8BAR,ADDITIVE,BASELINE,-64.0,-29842.99999999998
2023-09-04 00:00:00+00:00,B_EXECUTABLE_T0_8BAR,ADDITIVE,BASELINE,-841.0,-30683.99999999998
2023-09-04 00:15:00+00:00,B_EXECUTABLE_T0_8BAR,ADDITIVE,BASELINE,-108.0,-30791.99999999998
2023-09-04 15:45:00+00:00,B_EXECUTABLE_T0_8BAR,ADDITIVE,BASELINE,69.0,-30722.99999999998
2023-09-04 19:30:00+00:00,B_EXECUTABLE_T0_8BAR,ADDITIVE,BASELINE,166.0,-30556.99999999998
2023-09-04 23:45:00+00:00,B_EXECUTABLE_T0_8BAR,ADDITIVE,BASELINE,39.0,-30517.99999999998
2023-09-05 08:15:00+00:00,B_EXECUTABLE_T0_8BAR,ADDITIVE,BASELINE,281.0,-30236.99999999998
2023-09-05 09:30:00+00:00,B_EXECUTABLE_T0_8BAR,ADDITIVE,SHOCK_FAILURE,114.00000000000432,-30122.999999999978
2023-09-05 10:00:00+00:00,B_EXECUTABLE_T0_8BAR,ADDITIVE,BASELINE,554.0,-29568.999999999978
2023-09-05 11:15:00+00:00,B_EXECUTABLE_T0_8BAR,ADDITIVE,BASELINE,448.0,-29120.999999999978
2023-09-05 13:45:00+00:00,B_EXECUTABLE_T0_8BAR,ADDITIVE,BASELINE,585.0,-28535.999999999978
2023-09-05 14:30:00+00:00,B_EXECUTABLE_T0_8BAR,ADDITIVE,BASELINE,534.0,-28001.999999999978
2023-09-05 17:30:00+00:00,B_EXECUTABLE_T0_8BAR,ADDITIVE,SHOCK_FAILURE,32.00000000001069,-27969.999999999967
2023-09-05 18:00:00+00:00,B_EXECUTABLE_T0_8BAR,ADDITIVE,BASELINE,590.0,-27379.999999999967
2023-09-05 19:30:00+00:00,B_EXECUTABLE_T0_8BAR,ADDITIVE,BASELINE,375.0,-27004.999999999967
2023-09-05 21:30:00+00:00,B_EXECUTABLE_T0_8BAR,ADDITIVE,BASELINE,571.0,-26433.999999999967
2023-09-05 22:00:00+00:00,B_EXECUTABLE_T0_8BAR,ADDITIVE,BASELINE,142.0,-26291.999999999967
2023-09-06 01:45:00+00:00,B_EXECUTABLE_T0_8BAR,ADDITIVE,BASELINE,-33.0,-26324.999999999967
2023-09-07 08:45:00+00:00,B_EXECUTABLE_T0_8BAR,ADDITIVE,BASELINE,-458.0,-26782.999999999967
2023-09-07 20:45:00+00:00,B_EXECUTABLE_T0_8BAR,ADDITIVE,BASELINE,155.0,-26627.999999999967
2023-09-07 22:45:00+00:00,B_EXECUTABLE_T0_8BAR,ADDITIVE,BASELINE,-196.0,-26823.999999999967
2023-09-08 08:45:00+00:00,B_EXECUTABLE_T0_8BAR,ADDITIVE,BASELINE,-575.0,-27398.999999999967
2023-09-08 15:45:00+00:00,B_EXECUTABLE_T0_8BAR,ADDITIVE,SHOCK_FAILURE,54.000000000002046,-27344.999999999964
2023-09-08 20:00:00+00:00,B_EXECUTABLE_T0_8BAR,ADDITIVE,BASELINE,442.0,-26902.999999999964
2023-09-10 21:00:00+00:00,B_EXECUTABLE_T0_8BAR,ADDITIVE,BASELINE,-560.0,-27462.999999999964
2023-09-11 00:45:00+00:00,B_EXECUTABLE_T0_8BAR,ADDITIVE,BASELINE,-830.0,-28292.999999999964
2023-09-11 03:00:00+00:00,B_EXECUTABLE_T0_8BAR,ADDITIVE,BASELINE,-1195.0,-29487.999999999964
2023-09-11 08:30:00+00:00,B_EXECUTABLE_T0_8BAR,ADDITIVE,SHOCK_FAILURE,116.99999999999022,-29370.999999999975
2023-09-11 10:45:00+00:00,B_EXECUTABLE_T0_8BAR,ADDITIVE,BASELINE,-194.0,-29564.999999999975
2023-09-11 11:30:00+00:00,B_EXECUTABLE_T0_8BAR,ADDITIVE,BASELINE,-418.0,-29982.999999999975
2023-09-11 12:30:00+00:00,B_EXECUTABLE_T0_8BAR,ADDITIVE,BASELINE,-207.0,-30189.999999999975
2023-09-11 13:00:00+00:00,B_EXECUTABLE_T0_8BAR,ADDITIVE,BASELINE,-301.0,-30490.999999999975
2023-09-11 14:15:00+00:00,B_EXECUTABLE_T0_8BAR,ADDITIVE,BASELINE,-262.0,-30752.999999999975
2023-09-12 20:30:00+00:00,B_EXECUTABLE_T0_8BAR,ADDITIVE,BASELINE,-85.0,-30837.999999999975
2023-09-12 22:00:00+00:00,B_EXECUTABLE_T0_8BAR,ADDITIVE,BASELINE,-114.0,-30951.999999999975
2023-09-12 22:45:00+00:00,B_EXECUTABLE_T0_8BAR,ADDITIVE,BASELINE,62.0,-30889.999999999975
2023-09-13 09:00:00+00:00,B_EXECUTABLE_T0_8BAR,ADDITIVE,BASELINE,-59.0,-30948.999999999975
2023-09-13 20:15:00+00:00,B_EXECUTABLE_T0_8BAR,ADDITIVE,BASELINE,-50.0,-30998.999999999975
2023-09-13 20:45:00+00:00,B_EXECUTABLE_T0_8BAR,ADDITIVE,BASELINE,-54.0,-31052.999999999975
2023-09-14 00:15:00+00:00,B_EXECUTABLE_T0_8BAR,ADDITIVE,BASELINE,-110.0,-31162.999999999975
2023-09-14 08:45:00+00:00,B_EXECUTABLE_T0_8BAR,ADDITIVE,BASELINE,-224.0,-31386.999999999975
2023-09-14 15:30:00+00:00,B_EXECUTABLE_T0_8BAR,ADDITIVE,SHOCK_FAILURE,-123.99999999999523,-31510.99999999997
2023-09-15 00:45:00+00:00,B_EXECUTABLE_T0_8BAR,ADDITIVE,BASELINE,-71.0,-31581.99999999997
2023-09-15 15:15:00+00:00,B_EXECUTABLE_T0_8BAR,ADDITIVE,BASELINE,110.0,-31471.99999999997
2023-09-15 18:15:00+00:00,B_EXECUTABLE_T0_8BAR,ADDITIVE,BASELINE,-61.0,-31532.99999999997
2023-09-15 19:15:00+00:00,B_EXECUTABLE_T0_8BAR,ADDITIVE,BASELINE,108.0,-31424.99999999997
2023-09-19 14:15:00+00:00,B_EXECUTABLE_T0_8BAR,ADDITIVE,BASELINE,-101.0,-31525.99999999997
2023-09-19 14:45:00+00:00,B_EXECUTABLE_T0_8BAR,ADDITIVE,BASELINE,-205.0,-31730.99999999997
2023-09-20 15:45:00+00:00,B_EXECUTABLE_T0_8BAR,ADDITIVE,BASELINE,-402.0,-32132.99999999997
2023-09-20 19:30:00+00:00,B_EXECUTABLE_T0_8BAR,ADDITIVE,BASELINE,7.0,-32125.99999999997
2023-09-21 00:30:00+00:00,B_EXECUTABLE_T0_8BAR,ADDITIVE,BASELINE,-881.0,-33006.99999999997
2023-09-21 08:15:00+00:00,B_EXECUTABLE_T0_8BAR,ADDITIVE,BASELINE,-135.0,-33141.99999999997
2023-09-21 21:00:00+00:00,B_EXECUTABLE_T0_8BAR,ADDITIVE,BASELINE,593.0,-32548.99999999997
2023-09-21 23:15:00+00:00,B_EXECUTABLE_T0_8BAR,ADDITIVE,BASELINE,-241.0,-32789.99999999997
2023-09-25 16:30:00+00:00,B_EXECUTABLE_T0_8BAR,ADDITIVE,BASELINE,255.0,-32534.99999999997
2023-09-25 17:45:00+00:00,B_EXECUTABLE_T0_8BAR,ADDITIVE,BASELINE,251.0,-32283.99999999997
2023-09-25 18:15:00+00:00,B_EXECUTABLE_T0_8BAR,ADDITIVE,BASELINE,146.0,-32137.99999999997
2023-09-25 20:00:00+00:00,B_EXECUTABLE_T0_8BAR,ADDITIVE,BASELINE,137.0,-32000.99999999997
2023-09-25 20:30:00+00:00,B_EXECUTABLE_T0_8BAR,ADDITIVE,BASELINE,291.0,-31709.99999999997
2023-09-25 21:00:00+00:00,B_EXECUTABLE_T0_8BAR,ADDITIVE,BASELINE,128.0,-31581.99999999997
2023-09-25 21:45:00+00:00,B_EXECUTABLE_T0_8BAR,ADDITIVE,BASELINE,22.0,-31559.99999999997
2023-09-25 22:15:00+00:00,B_EXECUTABLE_T0_8BAR,ADDITIVE,BASELINE,-39.0,-31598.99999999997
2023-09-26 14:30:00+00:00,B_EXECUTABLE_T0_8BAR,ADDITIVE,BASELINE,-235.0,-31833.99999999997
2023-09-27 17:45:00+00:00,B_EXECUTABLE_T0_8BAR,ADDITIVE,BASELINE,436.0,-31397.99999999997
2023-09-27 18:15:00+00:00,B_EXECUTABLE_T0_8BAR,ADDITIVE,BASELINE,477.0,-30920.99999999997
2023-09-27 21:45:00+00:00,B_EXECUTABLE_T0_8BAR,ADDITIVE,BASELINE,353.0,-30567.99999999997
2023-09-27 21:45:00+00:00,B_EXECUTABLE_T0_8BAR,ADDITIVE,BASELINE,234.0,-30333.99999999997
2023-09-27 23:00:00+00:00,B_EXECUTABLE_T0_8BAR,ADDITIVE,BASELINE,-26.0,-30359.99999999997
2023-09-28 00:15:00+00:00,B_EXECUTABLE_T0_8BAR,ADDITIVE,BASELINE,-89.0,-30448.99999999997
2023-09-28 16:30:00+00:00,B_EXECUTABLE_T0_8BAR,ADDITIVE,SHOCK_FAILURE,-70.99999999999795,-30519.999999999967
2023-09-28 21:45:00+00:00,B_EXECUTABLE_T0_8BAR,ADDITIVE,BASELINE,-33.0,-30552.999999999967
2023-09-29 11:15:00+00:00,B_EXECUTABLE_T0_8BAR,ADDITIVE,SHOCK_FAILURE,-158.00000000001546,-30710.99999999998
2023-09-29 14:15:00+00:00,B_EXECUTABLE_T0_8BAR,ADDITIVE,BASELINE,-280.0,-30990.99999999998
2023-09-29 14:45:00+00:00,B_EXECUTABLE_T0_8BAR,ADDITIVE,BASELINE,-464.0,-31454.99999999998
2023-09-29 15:15:00+00:00,B_EXECUTABLE_T0_8BAR,ADDITIVE,BASELINE,-557.0,-32011.99999999998
2023-09-29 19:15:00+00:00,B_EXECUTABLE_T0_8BAR,ADDITIVE,BASELINE,-715.0,-32726.99999999998
2023-10-02 09:00:00+00:00,B_EXECUTABLE_T0_8BAR,ADDITIVE,BASELINE,39.0,-32687.99999999998
2023-10-02 10:15:00+00:00,B_EXECUTABLE_T0_8BAR,ADDITIVE,BASELINE,-97.0,-32784.999999999985
2023-10-02 22:00:00+00:00,B_EXECUTABLE_T0_8BAR,ADDITIVE,BASELINE,-17.0,-32801.999999999985
2023-10-03 09:00:00+00:00,B_EXECUTABLE_T0_8BAR,ADDITIVE,BASELINE,-63.0,-32864.999999999985
2023-10-03 13:45:00+00:00,B_EXECUTABLE_T0_8BAR,ADDITIVE,BASELINE,-42.0,-32906.999999999985
2023-10-03 19:30:00+00:00,B_EXECUTABLE_T0_8BAR,ADDITIVE,BASELINE,923.0,-31983.999999999985
2023-10-03 19:30:00+00:00,B_EXECUTABLE_T0_8BAR,ADDITIVE,BASELINE,-1187.0,-33170.999999999985
2023-10-03 20:00:00+00:00,B_EXECUTABLE_T0_8BAR,ADDITIVE,BASELINE,-1218.0,-34388.999999999985
2023-10-03 22:15:00+00:00,B_EXECUTABLE_T0_8BAR,ADDITIVE,BASELINE,-62.0,-34450.999999999985
2023-10-03 23:30:00+00:00,B_EXECUTABLE_T0_8BAR,ADDITIVE,BASELINE,-827.0,-35277.999999999985
2023-10-04 10:00:00+00:00,B_EXECUTABLE_T0_8BAR,ADDITIVE,SHOCK_FAILURE,292.0000000000016,-34985.999999999985
2023-10-04 19:15:00+00:00,B_EXECUTABLE_T0_8BAR,ADDITIVE,BASELINE,-14.0,-34999.999999999985
2023-10-05 09:00:00+00:00,B_EXECUTABLE_T0_8BAR,ADDITIVE,BASELINE,-473.0,-35472.999999999985
2023-10-05 19:45:00+00:00,B_EXECUTABLE_T0_8BAR,ADDITIVE,BASELINE,-575.0,-36047.999999999985
2023-10-06 20:45:00+00:00,B_EXECUTABLE_T0_8BAR,ADDITIVE,BASELINE,-64.0,-36111.999999999985
2023-10-08 21:45:00+00:00,B_EXECUTABLE_T0_8BAR,ADDITIVE,BASELINE,96.0,-36015.999999999985
2023-10-09 21:15:00+00:00,B_EXECUTABLE_T0_8BAR,ADDITIVE,SHOCK_FAILURE,-63.99999999999295,-36079.99999999998
2023-10-09 21:30:00+00:00,B_EXECUTABLE_T0_8BAR,ADDITIVE,BASELINE,438.0,-35641.99999999998
2023-10-10 01:00:00+00:00,B_EXECUTABLE_T0_8BAR,ADDITIVE,BASELINE,540.0,-35101.99999999998
2023-10-10 01:45:00+00:00,B_EXECUTABLE_T0_8BAR,ADDITIVE,BASELINE,-43.0,-35144.99999999998
2023-10-10 19:15:00+00:00,B_EXECUTABLE_T0_8BAR,ADDITIVE,BASELINE,-238.0,-35382.99999999998
2023-10-11 23:00:00+00:00,B_EXECUTABLE_T0_8BAR,ADDITIVE,BASELINE,-142.0,-35524.99999999998
2023-10-12 01:15:00+00:00,B_EXECUTABLE_T0_8BAR,ADDITIVE,BASELINE,-113.0,-35637.99999999998
2023-10-12 01:45:00+00:00,B_EXECUTABLE_T0_8BAR,ADDITIVE,BASELINE,-257.0,-35894.99999999998
2023-10-12 20:45:00+00:00,B_EXECUTABLE_T0_8BAR,ADDITIVE,BASELINE,423.0,-35471.99999999998
2023-10-12 22:00:00+00:00,B_EXECUTABLE_T0_8BAR,ADDITIVE,BASELINE,165.0,-35306.99999999998
2023-10-12 23:15:00+00:00,B_EXECUTABLE_T0_8BAR,ADDITIVE,BASELINE,9.0,-35297.99999999998
2023-10-13 00:45:00+00:00,B_EXECUTABLE_T0_8BAR,ADDITIVE,BASELINE,380.0,-34917.99999999998
2023-10-13 03:00:00+00:00,B_EXECUTABLE_T0_8BAR,ADDITIVE,BASELINE,-24.0,-34941.99999999998
2023-10-16 00:30:00+00:00,B_EXECUTABLE_T0_8BAR,ADDITIVE,BASELINE,13.0,-34928.99999999998
2023-10-17 20:30:00+00:00,B_EXECUTABLE_T0_8BAR,ADDITIVE,BASELINE,146.0,-34782.99999999998
2023-10-17 21:00:00+00:00,B_EXECUTABLE_T0_8BAR,ADDITIVE,BASELINE,29.0,-34753.99999999998
2023-10-17 22:15:00+00:00,B_EXECUTABLE_T0_8BAR,ADDITIVE,BASELINE,-300.0,-35053.99999999998
2023-10-18 01:30:00+00:00,B_EXECUTABLE_T0_8BAR,ADDITIVE,BASELINE,-19.0,-35072.99999999998
2023-10-19 03:00:00+00:00,B_EXECUTABLE_T0_8BAR,ADDITIVE,BASELINE,-91.0,-35163.99999999998
2023-10-19 18:15:00+00:00,B_EXECUTABLE_T0_8BAR,ADDITIVE,SHOCK_FAILURE,16.999999999995907,-35146.999999999985
2023-10-19 21:30:00+00:00,B_EXECUTABLE_T0_8BAR,ADDITIVE,BASELINE,-87.0,-35233.999999999985
2023-10-20 16:00:00+00:00,B_EXECUTABLE_T0_8BAR,ADDITIVE,BASELINE,-122.0,-35355.999999999985
2023-10-20 20:00:00+00:00,B_EXECUTABLE_T0_8BAR,ADDITIVE,BASELINE,-107.0,-35462.999999999985
2023-10-23 22:00:00+00:00,B_EXECUTABLE_T0_8BAR,ADDITIVE,BASELINE,-296.0,-35758.999999999985
2023-10-24 01:00:00+00:00,B_EXECUTABLE_T0_8BAR,ADDITIVE,BASELINE,-6.0,-35764.999999999985
2023-10-24 02:45:00+00:00,B_EXECUTABLE_T0_8BAR,ADDITIVE,BASELINE,60.0,-35704.999999999985
2023-10-24 10:30:00+00:00,B_EXECUTABLE_T0_8BAR,ADDITIVE,BASELINE,-220.0,-35924.999999999985
2023-10-24 15:00:00+00:00,B_EXECUTABLE_T0_8BAR,ADDITIVE,BASELINE,-422.0,-36346.999999999985
2023-10-24 19:15:00+00:00,B_EXECUTABLE_T0_8BAR,ADDITIVE,BASELINE,-509.0,-36855.999999999985
2023-10-24 23:00:00+00:00,B_EXECUTABLE_T0_8BAR,ADDITIVE,BASELINE,62.0,-36793.999999999985
2023-10-25 21:45:00+00:00,B_EXECUTABLE_T0_8BAR,ADDITIVE,BASELINE,195.0,-36598.999999999985
2023-10-26 01:00:00+00:00,B_EXECUTABLE_T0_8BAR,ADDITIVE,BASELINE,235.0,-36363.999999999985
2023-10-26 09:00:00+00:00,B_EXECUTABLE_T0_8BAR,ADDITIVE,SHOCK_FAILURE,34.000000000020236,-36329.99999999996
2023-10-26 10:30:00+00:00,B_EXECUTABLE_T0_8BAR,ADDITIVE,BASELINE,-105.0,-36434.99999999996
2023-10-26 11:15:00+00:00,B_EXECUTABLE_T0_8BAR,ADDITIVE,BASELINE,-159.0,-36593.99999999996
2023-10-26 14:00:00+00:00,B_EXECUTABLE_T0_8BAR,ADDITIVE,BASELINE,-240.0,-36833.99999999996
2023-10-26 14:45:00+00:00,B_EXECUTABLE_T0_8BAR,ADDITIVE,BASELINE,-419.0,-37252.99999999996
2023-10-27 17:15:00+00:00,B_EXECUTABLE_T0_8BAR,ADDITIVE,BASELINE,416.0,-36836.99999999996
2023-10-27 20:45:00+00:00,B_EXECUTABLE_T0_8BAR,ADDITIVE,BASELINE,236.0,-36600.99999999996
2023-10-29 21:00:00+00:00,B_EXECUTABLE_T0_8BAR,ADDITIVE,BASELINE,573.0,-36027.99999999996
2023-10-29 21:30:00+00:00,B_EXECUTABLE_T0_8BAR,ADDITIVE,BASELINE,68.0,-35959.99999999996
2023-10-30 01:30:00+00:00,B_EXECUTABLE_T0_8BAR,ADDITIVE,BASELINE,-96.0,-36055.99999999996
2023-10-30 02:00:00+00:00,B_EXECUTABLE_T0_8BAR,ADDITIVE,BASELINE,-130.0,-36185.99999999996
2023-10-30 14:00:00+00:00,B_EXECUTABLE_T0_8BAR,ADDITIVE,BASELINE,354.0,-35831.99999999996
2023-10-30 21:15:00+00:00,B_EXECUTABLE_T0_8BAR,ADDITIVE,BASELINE,185.0,-35646.99999999996
2023-10-30 22:15:00+00:00,B_EXECUTABLE_T0_8BAR,ADDITIVE,BASELINE,-226.0,-35872.99999999996
2023-10-30 23:45:00+00:00,B_EXECUTABLE_T0_8BAR,ADDITIVE,BASELINE,-501.0,-36373.99999999996
2023-10-31 10:30:00+00:00,B_EXECUTABLE_T0_8BAR,ADDITIVE,BASELINE,782.0,-35591.99999999996
2023-10-31 11:45:00+00:00,B_EXECUTABLE_T0_8BAR,ADDITIVE,BASELINE,723.0,-34868.99999999996
2023-10-31 12:45:00+00:00,B_EXECUTABLE_T0_8BAR,ADDITIVE,BASELINE,719.0,-34149.99999999996
2023-10-31 15:15:00+00:00,B_EXECUTABLE_T0_8BAR,ADDITIVE,BASELINE,1102.0,-33047.99999999996
2023-10-31 17:00:00+00:00,B_EXECUTABLE_T0_8BAR,ADDITIVE,BASELINE,815.0,-32232.999999999964
2023-10-31 19:15:00+00:00,B_EXECUTABLE_T0_8BAR,ADDITIVE,BASELINE,1213.0,-31019.999999999964
2023-10-31 19:45:00+00:00,B_EXECUTABLE_T0_8BAR,ADDITIVE,BASELINE,799.0,-30220.999999999964
2023-10-31 21:15:00+00:00,B_EXECUTABLE_T0_8BAR,ADDITIVE,BASELINE,514.0,-29706.999999999964
2023-10-31 22:00:00+00:00,B_EXECUTABLE_T0_8BAR,ADDITIVE,BASELINE,138.0,-29568.999999999964
2023-10-31 22:45:00+00:00,B_EXECUTABLE_T0_8BAR,ADDITIVE,BASELINE,-102.0,-29670.999999999964
2023-10-31 23:45:00+00:00,B_EXECUTABLE_T0_8BAR,ADDITIVE,BASELINE,-272.0,-29942.999999999964
2023-11-01 21:30:00+00:00,B_EXECUTABLE_T0_8BAR,ADDITIVE,BASELINE,63.0,-29879.999999999964
2023-11-02 02:30:00+00:00,B_EXECUTABLE_T0_8BAR,ADDITIVE,BASELINE,438.0,-29441.999999999964
2023-11-02 08:00:00+00:00,B_EXECUTABLE_T0_8BAR,ADDITIVE,BASELINE,-64.0,-29505.999999999964
2023-11-02 09:15:00+00:00,B_EXECUTABLE_T0_8BAR,ADDITIVE,BASELINE,-145.0,-29650.999999999964
2023-11-02 19:45:00+00:00,B_EXECUTABLE_T0_8BAR,ADDITIVE,BASELINE,-400.0,-30050.999999999964
2023-11-02 23:45:00+00:00,B_EXECUTABLE_T0_8BAR,ADDITIVE,BASELINE,-385.0,-30435.999999999964
2023-11-03 19:45:00+00:00,B_EXECUTABLE_T0_8BAR,ADDITIVE,BASELINE,74.0,-30361.999999999964
2023-11-05 23:45:00+00:00,B_EXECUTABLE_T0_8BAR,ADDITIVE,BASELINE,766.0,-29595.999999999964
2023-11-06 10:15:00+00:00,B_EXECUTABLE_T0_8BAR,ADDITIVE,SHOCK_FAILURE,-94.99999999999886,-29690.999999999964
2023-11-06 20:00:00+00:00,B_EXECUTABLE_T0_8BAR,ADDITIVE,BASELINE,245.0,-29445.999999999964
2023-11-06 20:30:00+00:00,B_EXECUTABLE_T0_8BAR,ADDITIVE,BASELINE,-578.0,-30023.999999999964
2023-11-07 02:00:00+00:00,B_EXECUTABLE_T0_8BAR,ADDITIVE,BASELINE,240.0,-29783.999999999964
2023-11-07 03:15:00+00:00,B_EXECUTABLE_T0_8BAR,ADDITIVE,BASELINE,188.0,-29595.999999999964
2023-11-07 09:30:00+00:00,B_EXECUTABLE_T0_8BAR,ADDITIVE,BASELINE,208.0,-29387.999999999964
2023-11-07 11:45:00+00:00,B_EXECUTABLE_T0_8BAR,ADDITIVE,BASELINE,245.0,-29142.999999999964
2023-11-07 13:00:00+00:00,B_EXECUTABLE_T0_8BAR,ADDITIVE,BASELINE,274.0,-28868.999999999964
2023-11-07 14:15:00+00:00,B_EXECUTABLE_T0_8BAR,ADDITIVE,BASELINE,335.0,-28533.999999999964
2023-11-07 15:15:00+00:00,B_EXECUTABLE_T0_8BAR,ADDITIVE,BASELINE,103.0,-28430.999999999964
2023-11-07 15:45:00+00:00,B_EXECUTABLE_T0_8BAR,ADDITIVE,BASELINE,160.0,-28270.999999999964
2023-11-07 18:00:00+00:00,B_EXECUTABLE_T0_8BAR,ADDITIVE,SHOCK_FAILURE,-52.00000000002092,-28322.999999999985
2023-11-07 19:15:00+00:00,B_EXECUTABLE_T0_8BAR,ADDITIVE,BASELINE,-71.0,-28393.999999999985
2023-11-07 21:00:00+00:00,B_EXECUTABLE_T0_8BAR,ADDITIVE,BASELINE,-112.0,-28505.999999999985
2023-11-07 21:30:00+00:00,B_EXECUTABLE_T0_8BAR,ADDITIVE,BASELINE,-228.0,-28733.999999999985
2023-11-07 22:15:00+00:00,B_EXECUTABLE_T0_8BAR,ADDITIVE,BASELINE,-320.0,-29053.999999999985
2023-11-08 15:30:00+00:00,B_EXECUTABLE_T0_8BAR,ADDITIVE,BASELINE,167.0,-28886.999999999985
2023-11-08 17:15:00+00:00,B_EXECUTABLE_T0_8BAR,ADDITIVE,BASELINE,1.0,-28885.999999999985
2023-11-08 19:30:00+00:00,B_EXECUTABLE_T0_8BAR,ADDITIVE,BASELINE,234.0,-28651.999999999985
2023-11-08 20:30:00+00:00,B_EXECUTABLE_T0_8BAR,ADDITIVE,BASELINE,148.0,-28503.999999999985
2023-11-08 21:00:00+00:00,B_EXECUTABLE_T0_8BAR,ADDITIVE,BASELINE,101.0,-28402.999999999985
2023-11-08 21:30:00+00:00,B_EXECUTABLE_T0_8BAR,ADDITIVE,BASELINE,59.0,-28343.999999999985
2023-11-09 03:45:00+00:00,B_EXECUTABLE_T0_8BAR,ADDITIVE,BASELINE,-80.0,-28423.999999999985
2023-11-09 14:15:00+00:00,B_EXECUTABLE_T0_8BAR,ADDITIVE,BASELINE,-142.0,-28565.999999999985
2023-11-09 18:30:00+00:00,B_EXECUTABLE_T0_8BAR,ADDITIVE,BASELINE,-64.0,-28629.999999999985
2023-11-09 22:30:00+00:00,B_EXECUTABLE_T0_8BAR,ADDITIVE,BASELINE,170.0,-28459.999999999985
2023-11-10 03:15:00+00:00,B_EXECUTABLE_T0_8BAR,ADDITIVE,BASELINE,-48.0,-28507.999999999985
2023-11-10 15:15:00+00:00,B_EXECUTABLE_T0_8BAR,ADDITIVE,BASELINE,4.0,-28503.999999999985
2023-11-10 18:15:00+00:00,B_EXECUTABLE_T0_8BAR,ADDITIVE,BASELINE,106.0,-28397.999999999985
2023-11-10 19:15:00+00:00,B_EXECUTABLE_T0_8BAR,ADDITIVE,BASELINE,111.0,-28286.999999999985
2023-11-12 23:00:00+00:00,B_EXECUTABLE_T0_8BAR,ADDITIVE,BASELINE,-43.0,-28329.999999999985
2023-11-13 01:30:00+00:00,B_EXECUTABLE_T0_8BAR,ADDITIVE,BASELINE,13.0,-28316.999999999985
2023-11-13 09:00:00+00:00,B_EXECUTABLE_T0_8BAR,ADDITIVE,BASELINE,190.0,-28126.999999999985
2023-11-13 11:00:00+00:00,B_EXECUTABLE_T0_8BAR,ADDITIVE,BASELINE,22.0,-28104.999999999985
2023-11-13 12:45:00+00:00,B_EXECUTABLE_T0_8BAR,ADDITIVE,BASELINE,45.0,-28059.999999999985
2023-11-13 13:45:00+00:00,B_EXECUTABLE_T0_8BAR,ADDITIVE,BASELINE,40.0,-28019.999999999985
2023-11-13 14:15:00+00:00,B_EXECUTABLE_T0_8BAR,ADDITIVE,BASELINE,38.0,-27981.999999999985
2023-11-13 16:30:00+00:00,B_EXECUTABLE_T0_8BAR,ADDITIVE,BASELINE,-257.0,-28238.999999999985
2023-11-13 20:30:00+00:00,B_EXECUTABLE_T0_8BAR,ADDITIVE,BASELINE,-213.0,-28451.999999999985
2023-11-13 22:45:00+00:00,B_EXECUTABLE_T0_8BAR,ADDITIVE,BASELINE,-229.0,-28680.999999999985
2023-11-14 16:30:00+00:00,B_EXECUTABLE_T0_8BAR,ADDITIVE,SHOCK_FAILURE,-121.00000000000932,-28801.999999999996
2023-11-14 19:45:00+00:00,B_EXECUTABLE_T0_8BAR,ADDITIVE,BASELINE,1179.0,-27622.999999999996
2023-11-14 21:45:00+00:00,B_EXECUTABLE_T0_8BAR,ADDITIVE,BASELINE,543.0,-27079.999999999996
2023-11-14 22:15:00+00:00,B_EXECUTABLE_T0_8BAR,ADDITIVE,BASELINE,459.0,-26620.999999999996
2023-11-14 23:15:00+00:00,B_EXECUTABLE_T0_8BAR,ADDITIVE,BASELINE,284.0,-26336.999999999996
2023-11-15 01:45:00+00:00,B_EXECUTABLE_T0_8BAR,ADDITIVE,BASELINE,131.0,-26205.999999999996
2023-11-15 03:30:00+00:00,B_EXECUTABLE_T0_8BAR,ADDITIVE,BASELINE,-136.0,-26341.999999999996
2023-11-15 21:45:00+00:00,B_EXECUTABLE_T0_8BAR,ADDITIVE,BASELINE,-956.0,-27297.999999999996
2023-11-15 22:45:00+00:00,B_EXECUTABLE_T0_8BAR,ADDITIVE,BASELINE,155.0,-27142.999999999996
2023-11-16 02:30:00+00:00,B_EXECUTABLE_T0_8BAR,ADDITIVE,BASELINE,-6.0,-27148.999999999996
2023-11-16 17:45:00+00:00,B_EXECUTABLE_T0_8BAR,ADDITIVE,SHOCK_FAILURE,24.999999999977263,-27124.00000000002
2023-11-16 19:15:00+00:00,B_EXECUTABLE_T0_8BAR,ADDITIVE,BASELINE,-837.0,-27961.00000000002
2023-11-16 22:00:00+00:00,B_EXECUTABLE_T0_8BAR,ADDITIVE,BASELINE,-72.0,-28033.00000000002
2023-11-16 23:00:00+00:00,B_EXECUTABLE_T0_8BAR,ADDITIVE,BASELINE,-71.0,-28104.00000000002
2023-11-17 15:30:00+00:00,B_EXECUTABLE_T0_8BAR,ADDITIVE,SHOCK_FAILURE,298.0000000000018,-27806.000000000015
2023-11-17 16:30:00+00:00,B_EXECUTABLE_T0_8BAR,ADDITIVE,BASELINE,508.0,-27298.000000000015
2023-11-17 18:15:00+00:00,B_EXECUTABLE_T0_8BAR,ADDITIVE,BASELINE,-386.0,-27684.000000000015
2023-11-17 18:45:00+00:00,B_EXECUTABLE_T0_8BAR,ADDITIVE,BASELINE,-388.0,-28072.000000000015
2023-11-17 20:15:00+00:00,B_EXECUTABLE_T0_8BAR,ADDITIVE,BASELINE,680.0,-27392.000000000015
2023-11-20 10:45:00+00:00,B_EXECUTABLE_T0_8BAR,ADDITIVE,BASELINE,667.0,-26725.000000000015
2023-11-20 12:15:00+00:00,B_EXECUTABLE_T0_8BAR,ADDITIVE,BASELINE,382.0,-26343.000000000015
2023-11-20 17:00:00+00:00,B_EXECUTABLE_T0_8BAR,ADDITIVE,BASELINE,415.0,-25928.000000000015
2023-11-20 21:00:00+00:00,B_EXECUTABLE_T0_8BAR,ADDITIVE,BASELINE,347.0,-25581.000000000015
2023-11-21 03:45:00+00:00,B_EXECUTABLE_T0_8BAR,ADDITIVE,SHOCK_FAILURE,-629.9999999999955,-26211.00000000001
2023-11-21 09:00:00+00:00,B_EXECUTABLE_T0_8BAR,ADDITIVE,BASELINE,616.0,-25595.00000000001
2023-11-21 09:30:00+00:00,B_EXECUTABLE_T0_8BAR,ADDITIVE,BASELINE,214.0,-25381.00000000001
2023-11-21 10:30:00+00:00,B_EXECUTABLE_T0_8BAR,ADDITIVE,BASELINE,202.0,-25179.00000000001
2023-11-21 11:30:00+00:00,B_EXECUTABLE_T0_8BAR,ADDITIVE,BASELINE,-102.0,-25281.00000000001
2023-11-21 12:45:00+00:00,B_EXECUTABLE_T0_8BAR,ADDITIVE,BASELINE,-289.0,-25570.00000000001
2023-11-22 13:30:00+00:00,B_EXECUTABLE_T0_8BAR,ADDITIVE,BASELINE,63.0,-25507.00000000001
2023-11-22 16:30:00+00:00,B_EXECUTABLE_T0_8BAR,ADDITIVE,BASELINE,511.0,-24996.00000000001
2023-11-22 20:30:00+00:00,B_EXECUTABLE_T0_8BAR,ADDITIVE,BASELINE,414.0,-24582.00000000001
2023-11-22 22:15:00+00:00,B_EXECUTABLE_T0_8BAR,ADDITIVE,BASELINE,165.0,-24417.00000000001
2023-11-22 23:15:00+00:00,B_EXECUTABLE_T0_8BAR,ADDITIVE,BASELINE,-184.0,-24601.00000000001
2023-11-27 06:00:00+00:00,B_EXECUTABLE_T0_8BAR,ADDITIVE,SHOCK_FAILURE,141.9999999999959,-24459.000000000015
2023-11-27 09:45:00+00:00,B_EXECUTABLE_T0_8BAR,ADDITIVE,BASELINE,14.0,-24445.000000000015
2023-11-27 11:15:00+00:00,B_EXECUTABLE_T0_8BAR,ADDITIVE,BASELINE,42.0,-24403.000000000015
2023-11-27 11:45:00+00:00,B_EXECUTABLE_T0_8BAR,ADDITIVE,BASELINE,-159.0,-24562.000000000015
2023-11-27 15:15:00+00:00,B_EXECUTABLE_T0_8BAR,ADDITIVE,BASELINE,-55.0,-24617.000000000015
2023-11-27 19:15:00+00:00,B_EXECUTABLE_T0_8BAR,ADDITIVE,BASELINE,92.0,-24525.000000000015
2023-11-27 21:15:00+00:00,B_EXECUTABLE_T0_8BAR,ADDITIVE,BASELINE,65.0,-24460.000000000015
2023-11-28 03:30:00+00:00,B_EXECUTABLE_T0_8BAR,ADDITIVE,BASELINE,491.0,-23969.000000000015
2023-11-28 08:15:00+00:00,B_EXECUTABLE_T0_8BAR,ADDITIVE,BASELINE,-296.0,-24265.000000000015
2023-11-28 19:15:00+00:00,B_EXECUTABLE_T0_8BAR,ADDITIVE,BASELINE,-995.0,-25260.000000000015
2023-11-28 23:45:00+00:00,B_EXECUTABLE_T0_8BAR,ADDITIVE,BASELINE,727.0,-24533.000000000015
2023-11-29 00:30:00+00:00,B_EXECUTABLE_T0_8BAR,ADDITIVE,BASELINE,452.0,-24081.000000000015
2023-11-29 08:45:00+00:00,B_EXECUTABLE_T0_8BAR,ADDITIVE,BASELINE,-512.0,-24593.000000000015
2023-11-29 20:00:00+00:00,B_EXECUTABLE_T0_8BAR,ADDITIVE,BASELINE,-109.0,-24702.000000000015
2023-11-30 19:45:00+00:00,B_EXECUTABLE_T0_8BAR,ADDITIVE,BASELINE,910.0,-23792.000000000015
2023-11-30 22:15:00+00:00,B_EXECUTABLE_T0_8BAR,ADDITIVE,BASELINE,142.0,-23650.000000000015
2023-11-30 22:45:00+00:00,B_EXECUTABLE_T0_8BAR,ADDITIVE,BASELINE,-212.0,-23862.000000000015
2023-12-01 20:00:00+00:00,B_EXECUTABLE_T0_8BAR,ADDITIVE,BASELINE,-1459.0,-25321.000000000015
2023-12-03 23:15:00+00:00,B_EXECUTABLE_T0_8BAR,ADDITIVE,BASELINE,1105.0,-24216.000000000015
2023-12-04 00:30:00+00:00,B_EXECUTABLE_T0_8BAR,ADDITIVE,BASELINE,887.0,-23329.000000000015
2023-12-04 02:15:00+00:00,B_EXECUTABLE_T0_8BAR,ADDITIVE,BASELINE,149.0,-23180.000000000015
2023-12-04 20:00:00+00:00,B_EXECUTABLE_T0_8BAR,ADDITIVE,BASELINE,328.0,-22852.000000000015
2023-12-05 02:00:00+00:00,B_EXECUTABLE_T0_8BAR,ADDITIVE,BASELINE,-94.0,-22946.000000000015
2023-12-06 18:30:00+00:00,B_EXECUTABLE_T0_8BAR,ADDITIVE,BASELINE,-155.0,-23101.000000000015
2023-12-06 19:15:00+00:00,B_EXECUTABLE_T0_8BAR,ADDITIVE,BASELINE,-237.0,-23338.000000000015
2023-12-06 19:30:00+00:00,B_EXECUTABLE_T0_8BAR,ADDITIVE,BASELINE,-111.0,-23449.000000000015
2023-12-06 22:30:00+00:00,B_EXECUTABLE_T0_8BAR,ADDITIVE,BASELINE,-141.0,-23590.000000000015
2023-12-07 09:45:00+00:00,B_EXECUTABLE_T0_8BAR,ADDITIVE,BASELINE,1771.0,-21819.000000000015
2023-12-07 10:30:00+00:00,B_EXECUTABLE_T0_8BAR,ADDITIVE,BASELINE,1968.0,-19851.000000000015
2023-12-07 13:45:00+00:00,B_EXECUTABLE_T0_8BAR,ADDITIVE,BASELINE,1763.0,-18088.000000000015
2023-12-07 14:30:00+00:00,B_EXECUTABLE_T0_8BAR,ADDITIVE,BASELINE,1596.0,-16492.000000000015
2023-12-07 15:15:00+00:00,B_EXECUTABLE_T0_8BAR,ADDITIVE,BASELINE,1393.0,-15099.000000000015
2023-12-07 16:15:00+00:00,B_EXECUTABLE_T0_8BAR,ADDITIVE,BASELINE,1440.0,-13659.000000000015
2023-12-07 18:00:00+00:00,B_EXECUTABLE_T0_8BAR,ADDITIVE,BASELINE,1592.0,-12067.000000000015
2023-12-07 19:15:00+00:00,B_EXECUTABLE_T0_8BAR,ADDITIVE,BASELINE,2571.0,-9496.000000000015
2023-12-07 23:30:00+00:00,B_EXECUTABLE_T0_8BAR,ADDITIVE,BASELINE,321.0,-9175.000000000015
2023-12-08 01:45:00+00:00,B_EXECUTABLE_T0_8BAR,ADDITIVE,BASELINE,88.0,-9087.000000000015
2023-12-08 16:30:00+00:00,B_EXECUTABLE_T0_8BAR,ADDITIVE,SHOCK_FAILURE,-219.99999999999886,-9307.000000000013
2023-12-08 21:30:00+00:00,B_EXECUTABLE_T0_8BAR,ADDITIVE,BASELINE,671.0,-8636.000000000013
2023-12-11 09:00:00+00:00,B_EXECUTABLE_T0_8BAR,ADDITIVE,BASELINE,890.0,-7746.000000000013
2023-12-11 12:30:00+00:00,B_EXECUTABLE_T0_8BAR,ADDITIVE,BASELINE,809.0,-6937.000000000013
2023-12-11 15:45:00+00:00,B_EXECUTABLE_T0_8BAR,ADDITIVE,BASELINE,222.0,-6715.000000000013
2023-12-11 19:45:00+00:00,B_EXECUTABLE_T0_8BAR,ADDITIVE,BASELINE,-76.0,-6791.000000000013
2023-12-12 15:15:00+00:00,B_EXECUTABLE_T0_8BAR,ADDITIVE,BASELINE,-389.0,-7180.000000000013
2023-12-12 16:30:00+00:00,B_EXECUTABLE_T0_8BAR,ADDITIVE,SHOCK_FAILURE,-14.999999999986358,-7194.999999999999
2023-12-12 19:15:00+00:00,B_EXECUTABLE_T0_8BAR,ADDITIVE,BASELINE,-474.0,-7668.999999999999
2023-12-12 19:15:00+00:00,B_EXECUTABLE_T0_8BAR,ADDITIVE,BASELINE,-379.0,-8047.999999999999
2023-12-12 21:15:00+00:00,B_EXECUTABLE_T0_8BAR,ADDITIVE,BASELINE,-444.0,-8492.0
2023-12-13 15:00:00+00:00,B_EXECUTABLE_T0_8BAR,ADDITIVE,BASELINE,-630.0,-9122.0
2023-12-13 19:15:00+00:00,B_EXECUTABLE_T0_8BAR,ADDITIVE,BASELINE,-1935.0,-11057.0
2023-12-13 22:15:00+00:00,B_EXECUTABLE_T0_8BAR,ADDITIVE,BASELINE,2301.0,-8756.0
2023-12-14 01:00:00+00:00,B_EXECUTABLE_T0_8BAR,ADDITIVE,SHOCK_FAILURE,-364.0000000000043,-9120.000000000004
2023-12-14 03:15:00+00:00,B_EXECUTABLE_T0_8BAR,ADDITIVE,BASELINE,2212.0,-6908.000000000004
2023-12-14 10:30:00+00:00,B_EXECUTABLE_T0_8BAR,ADDITIVE,BASELINE,141.0,-6767.000000000004
2023-12-14 11:30:00+00:00,B_EXECUTABLE_T0_8BAR,ADDITIVE,BASELINE,297.0,-6470.000000000004
2023-12-17 22:30:00+00:00,B_EXECUTABLE_T0_8BAR,ADDITIVE,BASELINE,-566.0,-7036.000000000004
2023-12-18 16:15:00+00:00,B_EXECUTABLE_T0_8BAR,ADDITIVE,BASELINE,539.0,-6497.000000000004
2023-12-18 18:45:00+00:00,B_EXECUTABLE_T0_8BAR,ADDITIVE,BASELINE,228.0,-6269.000000000004
2023-12-18 20:15:00+00:00,B_EXECUTABLE_T0_8BAR,ADDITIVE,BASELINE,420.0,-5849.000000000004
2023-12-18 22:15:00+00:00,B_EXECUTABLE_T0_8BAR,ADDITIVE,BASELINE,-177.0,-6026.000000000004
2023-12-19 00:00:00+00:00,B_EXECUTABLE_T0_8BAR,ADDITIVE,BASELINE,-430.0,-6456.000000000004
2023-12-19 11:00:00+00:00,B_EXECUTABLE_T0_8BAR,ADDITIVE,BASELINE,1195.0,-5261.000000000004
2023-12-19 15:15:00+00:00,B_EXECUTABLE_T0_8BAR,ADDITIVE,BASELINE,-2.0,-5263.000000000004
2023-12-19 16:00:00+00:00,B_EXECUTABLE_T0_8BAR,ADDITIVE,BASELINE,-368.0,-5631.000000000004
2023-12-19 18:30:00+00:00,B_EXECUTABLE_T0_8BAR,ADDITIVE,BASELINE,-930.0,-6561.000000000004
2023-12-19 19:15:00+00:00,B_EXECUTABLE_T0_8BAR,ADDITIVE,BASELINE,-77.0,-6638.000000000004
2023-12-20 23:00:00+00:00,B_EXECUTABLE_T0_8BAR,ADDITIVE,BASELINE,-113.0,-6751.000000000004
2023-12-21 09:30:00+00:00,B_EXECUTABLE_T0_8BAR,ADDITIVE,BASELINE,60.0,-6691.000000000004
2023-12-21 10:15:00+00:00,B_EXECUTABLE_T0_8BAR,ADDITIVE,BASELINE,-197.0,-6888.000000000004
2023-12-21 19:45:00+00:00,B_EXECUTABLE_T0_8BAR,ADDITIVE,BASELINE,572.0,-6316.000000000004
2023-12-21 21:45:00+00:00,B_EXECUTABLE_T0_8BAR,ADDITIVE,BASELINE,28.0,-6288.000000000004
2023-12-21 23:45:00+00:00,B_EXECUTABLE_T0_8BAR,ADDITIVE,BASELINE,656.0,-5632.000000000004
2023-12-25 22:45:00+00:00,B_EXECUTABLE_T0_8BAR,ADDITIVE,BASELINE,-314.0,-5946.000000000004
2023-12-26 19:30:00+00:00,B_EXECUTABLE_T0_8BAR,ADDITIVE,BASELINE,78.0,-5868.000000000004
2023-12-27 00:00:00+00:00,B_EXECUTABLE_T0_8BAR,ADDITIVE,BASELINE,-117.0,-5985.000000000004
2023-12-27 08:15:00+00:00,B_EXECUTABLE_T0_8BAR,ADDITIVE,BASELINE,-99.0,-6084.000000000004
2023-12-28 00:00:00+00:00,B_EXECUTABLE_T0_8BAR,ADDITIVE,BASELINE,763.0,-5321.000000000004
2023-12-28 03:45:00+00:00,B_EXECUTABLE_T0_8BAR,ADDITIVE,BASELINE,369.0,-4952.000000000004
2023-12-28 08:00:00+00:00,B_EXECUTABLE_T0_8BAR,ADDITIVE,BASELINE,608.0,-4344.000000000004
2023-12-28 15:15:00+00:00,B_EXECUTABLE_T0_8BAR,ADDITIVE,BASELINE,90.0,-4254.000000000004
2023-12-28 16:15:00+00:00,B_EXECUTABLE_T0_8BAR,ADDITIVE,SHOCK_FAILURE,-87.99999999999386,-4341.999999999997
2023-12-28 19:15:00+00:00,B_EXECUTABLE_T0_8BAR,ADDITIVE,BASELINE,-668.0,-5009.999999999997
2023-12-28 23:30:00+00:00,B_EXECUTABLE_T0_8BAR,ADDITIVE,BASELINE,-903.0,-5912.999999999997
2023-12-29 17:30:00+00:00,B_EXECUTABLE_T0_8BAR,ADDITIVE,BASELINE,-755.0,-6667.999999999997
2023-12-29 19:15:00+00:00,B_EXECUTABLE_T0_8BAR,ADDITIVE,BASELINE,185.0,-6482.999999999997
2023-12-29 21:30:00+00:00,B_EXECUTABLE_T0_8BAR,ADDITIVE,BASELINE,-682.0,-7164.999999999997
2024-01-04 04:00:00+00:00,B_EXECUTABLE_T0_8BAR,ADDITIVE,BASELINE,700.0,-6464.999999999997
2024-01-04 13:45:00+00:00,B_EXECUTABLE_T0_8BAR,ADDITIVE,BASELINE,733.0,-5731.999999999997
2024-01-04 18:15:00+00:00,B_EXECUTABLE_T0_8BAR,ADDITIVE,BASELINE,717.0,-5014.999999999997
2024-01-04 18:45:00+00:00,B_EXECUTABLE_T0_8BAR,ADDITIVE,BASELINE,531.0,-4483.999999999997
2024-01-04 21:45:00+00:00,B_EXECUTABLE_T0_8BAR,ADDITIVE,BASELINE,109.0,-4374.999999999997
2024-01-04 22:15:00+00:00,B_EXECUTABLE_T0_8BAR,ADDITIVE,BASELINE,627.0,-3747.9999999999973
2024-01-05 11:30:00+00:00,B_EXECUTABLE_T0_8BAR,ADDITIVE,BASELINE,387.0,-3360.9999999999973
2024-01-05 14:30:00+00:00,B_EXECUTABLE_T0_8BAR,ADDITIVE,BASELINE,-134.0,-3494.9999999999973
2024-01-05 21:45:00+00:00,B_EXECUTABLE_T0_8BAR,ADDITIVE,BASELINE,-896.0,-4390.999999999997
2024-01-08 01:15:00+00:00,B_EXECUTABLE_T0_8BAR,ADDITIVE,BASELINE,-468.0,-4858.999999999997
2024-01-09 00:15:00+00:00,B_EXECUTABLE_T0_8BAR,ADDITIVE,BASELINE,-313.0,-5171.999999999997
2024-01-09 10:00:00+00:00,B_EXECUTABLE_T0_8BAR,ADDITIVE,BASELINE,-471.0,-5642.999999999997
2024-01-09 20:15:00+00:00,B_EXECUTABLE_T0_8BAR,ADDITIVE,BASELINE,127.0,-5515.999999999997
2024-01-10 00:15:00+00:00,B_EXECUTABLE_T0_8BAR,ADDITIVE,BASELINE,138.0,-5377.999999999997
2024-01-10 02:30:00+00:00,B_EXECUTABLE_T0_8BAR,ADDITIVE,BASELINE,302.0,-5075.999999999997
2024-01-10 08:45:00+00:00,B_EXECUTABLE_T0_8BAR,ADDITIVE,BASELINE,311.0,-4764.999999999997
2024-01-10 09:15:00+00:00,B_EXECUTABLE_T0_8BAR,ADDITIVE,BASELINE,132.0,-4632.999999999997
2024-01-10 11:15:00+00:00,B_EXECUTABLE_T0_8BAR,ADDITIVE,BASELINE,48.0,-4584.999999999997
2024-01-10 15:00:00+00:00,B_EXECUTABLE_T0_8BAR,ADDITIVE,BASELINE,374.0,-4210.999999999997
2024-01-10 20:45:00+00:00,B_EXECUTABLE_T0_8BAR,ADDITIVE,BASELINE,507.0,-3703.9999999999973
2024-01-10 22:30:00+00:00,B_EXECUTABLE_T0_8BAR,ADDITIVE,BASELINE,292.0,-3411.9999999999973
2024-01-10 23:15:00+00:00,B_EXECUTABLE_T0_8BAR,ADDITIVE,BASELINE,132.0,-3279.9999999999973
2024-01-11 00:15:00+00:00,B_EXECUTABLE_T0_8BAR,ADDITIVE,BASELINE,-57.0,-3336.9999999999973
2024-01-11 00:45:00+00:00,B_EXECUTABLE_T0_8BAR,ADDITIVE,BASELINE,-229.0,-3565.9999999999973
2024-01-11 00:45:00+00:00,B_EXECUTABLE_T0_8BAR,ADDITIVE,BASELINE,299.0,-3266.9999999999973
2024-01-11 17:30:00+00:00,B_EXECUTABLE_T0_8BAR,ADDITIVE,SHOCK_FAILURE,-194.99999999999318,-3461.9999999999905
2024-01-11 21:45:00+00:00,B_EXECUTABLE_T0_8BAR,ADDITIVE,BASELINE,-591.0,-4052.9999999999905
2024-01-12 11:15:00+00:00,B_EXECUTABLE_T0_8BAR,ADDITIVE,BASELINE,-245.0,-4297.999999999991
2024-01-15 00:30:00+00:00,B_EXECUTABLE_T0_8BAR,ADDITIVE,BASELINE,-620.0,-4917.999999999991
2024-01-15 17:45:00+00:00,B_EXECUTABLE_T0_8BAR,ADDITIVE,BASELINE,52.0,-4865.999999999991
2024-01-15 19:15:00+00:00,B_EXECUTABLE_T0_8BAR,ADDITIVE,BASELINE,335.0,-4530.999999999991
2024-01-15 20:30:00+00:00,B_EXECUTABLE_T0_8BAR,ADDITIVE,BASELINE,-87.0,-4617.999999999991
2024-01-16 02:30:00+00:00,B_EXECUTABLE_T0_8BAR,ADDITIVE,SHOCK_FAILURE,366.9999999999902,-4251.000000000001
2024-01-16 13:45:00+00:00,B_EXECUTABLE_T0_8BAR,ADDITIVE,BASELINE,74.0,-4177.000000000001
2024-01-16 16:00:00+00:00,B_EXECUTABLE_T0_8BAR,ADDITIVE,SHOCK_FAILURE,72.00000000000273,-4104.999999999998
2024-01-16 16:45:00+00:00,B_EXECUTABLE_T0_8BAR,ADDITIVE,BASELINE,504.0,-3600.999999999998
2024-01-16 17:45:00+00:00,B_EXECUTABLE_T0_8BAR,ADDITIVE,BASELINE,609.0,-2991.999999999998
2024-01-16 18:45:00+00:00,B_EXECUTABLE_T0_8BAR,ADDITIVE,BASELINE,547.0,-2444.999999999998
2024-01-16 20:15:00+00:00,B_EXECUTABLE_T0_8BAR,ADDITIVE,BASELINE,457.0,-1987.9999999999982
2024-01-16 20:45:00+00:00,B_EXECUTABLE_T0_8BAR,ADDITIVE,BASELINE,743.0,-1244.9999999999982
2024-01-17 00:15:00+00:00,B_EXECUTABLE_T0_8BAR,ADDITIVE,BASELINE,378.0,-866.9999999999982
2024-01-17 01:15:00+00:00,B_EXECUTABLE_T0_8BAR,ADDITIVE,BASELINE,114.0,-752.9999999999982
2024-01-17 08:15:00+00:00,B_EXECUTABLE_T0_8BAR,ADDITIVE,BASELINE,348.0,-404.9999999999982
2024-01-17 13:45:00+00:00,B_EXECUTABLE_T0_8BAR,ADDITIVE,BASELINE,287.0,-117.99999999999818
2024-01-17 14:15:00+00:00,B_EXECUTABLE_T0_8BAR,ADDITIVE,BASELINE,160.0,42.00000000000182
2024-01-17 15:15:00+00:00,B_EXECUTABLE_T0_8BAR,ADDITIVE,BASELINE,240.0,282.0000000000018
2024-01-17 17:15:00+00:00,B_EXECUTABLE_T0_8BAR,ADDITIVE,SHOCK_FAILURE,-183.9999999999975,98.00000000000432
2024-01-17 19:15:00+00:00,B_EXECUTABLE_T0_8BAR,ADDITIVE,BASELINE,396.0,494.0000000000043
2024-01-17 22:45:00+00:00,B_EXECUTABLE_T0_8BAR,ADDITIVE,BASELINE,-10.0,484.0000000000043
2024-01-17 23:45:00+00:00,B_EXECUTABLE_T0_8BAR,ADDITIVE,BASELINE,-289.0,195.00000000000432
2024-01-19 09:30:00+00:00,B_EXECUTABLE_T0_8BAR,ADDITIVE,BASELINE,-272.0,-76.99999999999568
2024-01-19 10:00:00+00:00,B_EXECUTABLE_T0_8BAR,ADDITIVE,BASELINE,-380.0,-456.9999999999957
2024-01-19 13:45:00+00:00,B_EXECUTABLE_T0_8BAR,ADDITIVE,BASELINE,-470.0,-926.9999999999957
2024-01-19 14:15:00+00:00,B_EXECUTABLE_T0_8BAR,ADDITIVE,BASELINE,-507.0,-1433.9999999999957
2024-01-22 00:15:00+00:00,B_EXECUTABLE_T0_8BAR,ADDITIVE,BASELINE,-213.0,-1646.9999999999957
2024-01-22 09:45:00+00:00,B_EXECUTABLE_T0_8BAR,ADDITIVE,BASELINE,-337.0,-1983.9999999999957
2024-01-22 11:00:00+00:00,B_EXECUTABLE_T0_8BAR,ADDITIVE,BASELINE,-275.0,-2258.9999999999955
2024-01-22 20:45:00+00:00,B_EXECUTABLE_T0_8BAR,ADDITIVE,BASELINE,-177.0,-2435.9999999999955
2024-01-23 08:30:00+00:00,B_EXECUTABLE_T0_8BAR,ADDITIVE,SHOCK_FAILURE,556.999999999988,-1879.0000000000075
2024-01-23 11:15:00+00:00,B_EXECUTABLE_T0_8BAR,ADDITIVE,BASELINE,-677.0,-2556.0000000000073
2024-01-23 15:00:00+00:00,B_EXECUTABLE_T0_8BAR,ADDITIVE,BASELINE,-1213.0,-3769.0000000000073
2024-01-24 01:45:00+00:00,B_EXECUTABLE_T0_8BAR,ADDITIVE,BASELINE,-550.0,-4319.000000000007
2024-01-24 19:45:00+00:00,B_EXECUTABLE_T0_8BAR,ADDITIVE,BASELINE,154.0,-4165.000000000007
2024-01-24 20:45:00+00:00,B_EXECUTABLE_T0_8BAR,ADDITIVE,BASELINE,-320.0,-4485.000000000007
2024-01-24 21:15:00+00:00,B_EXECUTABLE_T0_8BAR,ADDITIVE,BASELINE,-503.0,-4988.000000000007
2024-01-24 22:00:00+00:00,B_EXECUTABLE_T0_8BAR,ADDITIVE,BASELINE,-731.0,-5719.000000000007
2024-01-24 22:30:00+00:00,B_EXECUTABLE_T0_8BAR,ADDITIVE,BASELINE,-766.0,-6485.000000000007
2024-01-26 01:45:00+00:00,B_EXECUTABLE_T0_8BAR,ADDITIVE,BASELINE,-77.0,-6562.000000000007
2024-01-26 17:15:00+00:00,B_EXECUTABLE_T0_8BAR,ADDITIVE,BASELINE,-123.0,-6685.000000000007
2024-01-26 21:15:00+00:00,B_EXECUTABLE_T0_8BAR,ADDITIVE,BASELINE,21.0,-6664.000000000007
2024-01-29 01:30:00+00:00,B_EXECUTABLE_T0_8BAR,ADDITIVE,BASELINE,-31.0,-6695.000000000007
2024-01-29 08:15:00+00:00,B_EXECUTABLE_T0_8BAR,ADDITIVE,BASELINE,-405.0,-7100.000000000007
2024-01-29 19:15:00+00:00,B_EXECUTABLE_T0_8BAR,ADDITIVE,BASELINE,208.0,-6892.000000000007
2024-01-30 08:30:00+00:00,B_EXECUTABLE_T0_8BAR,ADDITIVE,BASELINE,-293.0,-7185.000000000007
2024-01-30 22:30:00+00:00,B_EXECUTABLE_T0_8BAR,ADDITIVE,BASELINE,47.0,-7138.000000000007
2024-01-31 18:15:00+00:00,B_EXECUTABLE_T0_8BAR,ADDITIVE,SHOCK_FAILURE,60.99999999997863,-7077.000000000029
2024-01-31 22:45:00+00:00,B_EXECUTABLE_T0_8BAR,ADDITIVE,BASELINE,14.0,-7063.000000000029
2024-02-01 00:00:00+00:00,B_EXECUTABLE_T0_8BAR,ADDITIVE,BASELINE,-831.0,-7894.000000000029
2024-02-01 04:30:00+00:00,B_EXECUTABLE_T0_8BAR,ADDITIVE,SHOCK_FAILURE,122.99999999999045,-7771.000000000038
2024-02-02 19:30:00+00:00,B_EXECUTABLE_T0_8BAR,ADDITIVE,BASELINE,1720.0,-6051.000000000038
2024-02-05 00:45:00+00:00,B_EXECUTABLE_T0_8BAR,ADDITIVE,BASELINE,1089.0,-4962.000000000038
2024-02-05 02:15:00+00:00,B_EXECUTABLE_T0_8BAR,ADDITIVE,BASELINE,339.0,-4623.000000000038
2024-02-05 03:30:00+00:00,B_EXECUTABLE_T0_8BAR,ADDITIVE,BASELINE,63.0,-4560.000000000038
2024-02-05 08:30:00+00:00,B_EXECUTABLE_T0_8BAR,ADDITIVE,BASELINE,-122.0,-4682.000000000038
2024-02-06 00:00:00+00:00,B_EXECUTABLE_T0_8BAR,ADDITIVE,BASELINE,-216.0,-4898.000000000038
2024-02-06 22:00:00+00:00,B_EXECUTABLE_T0_8BAR,ADDITIVE,BASELINE,-752.0,-5650.000000000038
2024-02-06 23:15:00+00:00,B_EXECUTABLE_T0_8BAR,ADDITIVE,BASELINE,357.0,-5293.000000000038
2024-02-07 01:45:00+00:00,B_EXECUTABLE_T0_8BAR,ADDITIVE,BASELINE,112.0,-5181.000000000038
2024-02-07 21:00:00+00:00,B_EXECUTABLE_T0_8BAR,ADDITIVE,BASELINE,98.0,-5083.000000000038
2024-02-08 10:00:00+00:00,B_EXECUTABLE_T0_8BAR,ADDITIVE,BASELINE,459.0,-4624.000000000038
2024-02-08 10:30:00+00:00,B_EXECUTABLE_T0_8BAR,ADDITIVE,BASELINE,417.0,-4207.000000000038
2024-02-08 12:45:00+00:00,B_EXECUTABLE_T0_8BAR,ADDITIVE,BASELINE,845.0,-3362.000000000038
2024-02-08 14:30:00+00:00,B_EXECUTABLE_T0_8BAR,ADDITIVE,BASELINE,627.0,-2735.000000000038
2024-02-08 15:00:00+00:00,B_EXECUTABLE_T0_8BAR,ADDITIVE,BASELINE,526.0,-2209.000000000038
2024-02-08 16:30:00+00:00,B_EXECUTABLE_T0_8BAR,ADDITIVE,BASELINE,533.0,-1676.0000000000382
2024-02-08 18:45:00+00:00,B_EXECUTABLE_T0_8BAR,ADDITIVE,BASELINE,341.0,-1335.0000000000382
2024-02-08 19:30:00+00:00,B_EXECUTABLE_T0_8BAR,ADDITIVE,BASELINE,600.0,-735.0000000000382
2024-02-08 20:45:00+00:00,B_EXECUTABLE_T0_8BAR,ADDITIVE,BASELINE,39.0,-696.0000000000382
2024-02-08 21:45:00+00:00,B_EXECUTABLE_T0_8BAR,ADDITIVE,BASELINE,-80.0,-776.0000000000382
2024-02-09 16:30:00+00:00,B_EXECUTABLE_T0_8BAR,ADDITIVE,SHOCK_FAILURE,-94.99999999999886,-871.0000000000371
2024-02-12 20:00:00+00:00,B_EXECUTABLE_T0_8BAR,ADDITIVE,BASELINE,-322.0,-1193.000000000037
2024-02-12 20:15:00+00:00,B_EXECUTABLE_T0_8BAR,ADDITIVE,BASELINE,-368.0,-1561.000000000037
2024-02-13 12:00:00+00:00,B_EXECUTABLE_T0_8BAR,ADDITIVE,BASELINE,-159.0,-1720.000000000037
2024-02-13 15:30:00+00:00,B_EXECUTABLE_T0_8BAR,ADDITIVE,BASELINE,810.0,-910.0000000000371
2024-02-13 16:15:00+00:00,B_EXECUTABLE_T0_8BAR,ADDITIVE,BASELINE,979.0,68.99999999996294
2024-02-13 19:30:00+00:00,B_EXECUTABLE_T0_8BAR,ADDITIVE,BASELINE,1246.0,1314.999999999963
2024-02-13 21:45:00+00:00,B_EXECUTABLE_T0_8BAR,ADDITIVE,BASELINE,491.0,1805.999999999963
2024-02-14 00:00:00+00:00,B_EXECUTABLE_T0_8BAR,ADDITIVE,BASELINE,123.0,1928.999999999963
2024-02-14 01:30:00+00:00,B_EXECUTABLE_T0_8BAR,ADDITIVE,BASELINE,-154.0,1774.999999999963
2024-02-14 02:00:00+00:00,B_EXECUTABLE_T0_8BAR,ADDITIVE,BASELINE,-244.0,1530.999999999963
2024-02-14 03:15:00+00:00,B_EXECUTABLE_T0_8BAR,ADDITIVE,BASELINE,-274.0,1256.999999999963
2024-02-14 19:15:00+00:00,B_EXECUTABLE_T0_8BAR,ADDITIVE,BASELINE,-71.0,1185.999999999963
2024-02-15 09:00:00+00:00,B_EXECUTABLE_T0_8BAR,ADDITIVE,BASELINE,243.0,1428.999999999963
2024-02-15 09:45:00+00:00,B_EXECUTABLE_T0_8BAR,ADDITIVE,BASELINE,254.0,1682.999999999963
2024-02-15 13:15:00+00:00,B_EXECUTABLE_T0_8BAR,ADDITIVE,BASELINE,40.0,1722.999999999963
2024-02-15 16:30:00+00:00,B_EXECUTABLE_T0_8BAR,ADDITIVE,BASELINE,-203.0,1519.999999999963
2024-02-15 17:45:00+00:00,B_EXECUTABLE_T0_8BAR,ADDITIVE,BASELINE,-129.0,1390.999999999963
2024-02-15 19:30:00+00:00,B_EXECUTABLE_T0_8BAR,ADDITIVE,BASELINE,122.0,1512.999999999963
2024-02-15 21:45:00+00:00,B_EXECUTABLE_T0_8BAR,ADDITIVE,BASELINE,-161.0,1351.999999999963
2024-02-16 12:45:00+00:00,B_EXECUTABLE_T0_8BAR,ADDITIVE,BASELINE,-79.0,1272.999999999963
2024-02-19 05:45:00+00:00,B_EXECUTABLE_T0_8BAR,ADDITIVE,BASELINE,-602.0,670.9999999999629
2024-02-20 03:30:00+00:00,B_EXECUTABLE_T0_8BAR,ADDITIVE,SHOCK_FAILURE,-44.999999999987494,625.9999999999754
2024-02-20 13:15:00+00:00,B_EXECUTABLE_T0_8BAR,ADDITIVE,BASELINE,-233.0,392.99999999997544
2024-02-20 16:45:00+00:00,B_EXECUTABLE_T0_8BAR,ADDITIVE,SHOCK_FAILURE,-21.000000000015007,371.99999999996044
2024-02-20 21:45:00+00:00,B_EXECUTABLE_T0_8BAR,ADDITIVE,BASELINE,243.0,614.9999999999604
2024-02-21 00:30:00+00:00,B_EXECUTABLE_T0_8BAR,ADDITIVE,BASELINE,-168.0,446.99999999996044
2024-02-21 20:00:00+00:00,B_EXECUTABLE_T0_8BAR,ADDITIVE,BASELINE,46.0,492.99999999996044
2024-02-21 23:45:00+00:00,B_EXECUTABLE_T0_8BAR,ADDITIVE,BASELINE,87.0,579.9999999999604
2024-02-22 01:15:00+00:00,B_EXECUTABLE_T0_8BAR,ADDITIVE,BASELINE,86.0,665.9999999999604
2024-02-22 01:45:00+00:00,B_EXECUTABLE_T0_8BAR,ADDITIVE,BASELINE,-39.0,626.9999999999604
2024-02-22 19:15:00+00:00,B_EXECUTABLE_T0_8BAR,ADDITIVE,BASELINE,-364.0,262.99999999996044
2024-02-22 22:45:00+00:00,B_EXECUTABLE_T0_8BAR,ADDITIVE,BASELINE,-106.0,156.99999999996044
2024-02-23 01:15:00+00:00,B_EXECUTABLE_T0_8BAR,ADDITIVE,BASELINE,-242.0,-85.00000000003956
2024-02-23 17:15:00+00:00,B_EXECUTABLE_T0_8BAR,ADDITIVE,BASELINE,-382.0,-467.00000000003956
2024-02-23 20:45:00+00:00,B_EXECUTABLE_T0_8BAR,ADDITIVE,BASELINE,-164.0,-631.0000000000396
2024-02-23 21:15:00+00:00,B_EXECUTABLE_T0_8BAR,ADDITIVE,BASELINE,-139.0,-770.0000000000396
2024-02-26 21:00:00+00:00,B_EXECUTABLE_T0_8BAR,ADDITIVE,BASELINE,89.0,-681.0000000000396
2024-02-26 22:15:00+00:00,B_EXECUTABLE_T0_8BAR,ADDITIVE,BASELINE,-43.0,-724.0000000000396
2024-02-26 23:15:00+00:00,B_EXECUTABLE_T0_8BAR,ADDITIVE,BASELINE,-104.0,-828.0000000000396
2024-02-27 00:45:00+00:00,B_EXECUTABLE_T0_8BAR,ADDITIVE,BASELINE,-262.0,-1090.0000000000396
2024-02-27 01:15:00+00:00,B_EXECUTABLE_T0_8BAR,ADDITIVE,BASELINE,-301.0,-1391.0000000000396
2024-02-27 16:15:00+00:00,B_EXECUTABLE_T0_8BAR,ADDITIVE,BASELINE,-97.0,-1488.0000000000396
2024-02-27 19:30:00+00:00,B_EXECUTABLE_T0_8BAR,ADDITIVE,BASELINE,-149.0,-1637.0000000000396
2024-02-28 12:45:00+00:00,B_EXECUTABLE_T0_8BAR,ADDITIVE,BASELINE,18.0,-1619.0000000000396
2024-02-28 15:00:00+00:00,B_EXECUTABLE_T0_8BAR,ADDITIVE,BASELINE,110.0,-1509.0000000000396
2024-02-28 15:30:00+00:00,B_EXECUTABLE_T0_8BAR,ADDITIVE,BASELINE,17.0,-1492.0000000000396
2024-02-28 16:15:00+00:00,B_EXECUTABLE_T0_8BAR,ADDITIVE,BASELINE,-7.0,-1499.0000000000396
2024-02-28 19:30:00+00:00,B_EXECUTABLE_T0_8BAR,ADDITIVE,BASELINE,-64.0,-1563.0000000000396
2024-02-29 09:45:00+00:00,B_EXECUTABLE_T0_8BAR,ADDITIVE,BASELINE,482.0,-1081.0000000000396
2024-02-29 10:15:00+00:00,B_EXECUTABLE_T0_8BAR,ADDITIVE,SHOCK_FAILURE,157.0000000000107,-924.0000000000289
2024-02-29 20:00:00+00:00,B_EXECUTABLE_T0_8BAR,ADDITIVE,BASELINE,-302.0,-1226.0000000000289
2024-02-29 23:00:00+00:00,B_EXECUTABLE_T0_8BAR,ADDITIVE,BASELINE,-497.0,-1723.0000000000289
2024-03-01 10:00:00+00:00,B_EXECUTABLE_T0_8BAR,ADDITIVE,BASELINE,265.0,-1458.0000000000289
2024-03-01 13:15:00+00:00,B_EXECUTABLE_T0_8BAR,ADDITIVE,BASELINE,158.0,-1300.0000000000289
2024-03-01 16:00:00+00:00,B_EXECUTABLE_T0_8BAR,ADDITIVE,BASELINE,-381.0,-1681.0000000000289
2024-03-01 16:45:00+00:00,B_EXECUTABLE_T0_8BAR,ADDITIVE,BASELINE,-425.0,-2106.000000000029
2024-03-01 20:00:00+00:00,B_EXECUTABLE_T0_8BAR,ADDITIVE,BASELINE,-389.0,-2495.000000000029
2024-03-04 08:45:00+00:00,B_EXECUTABLE_T0_8BAR,ADDITIVE,BASELINE,-428.0,-2923.000000000029
2024-03-04 17:15:00+00:00,B_EXECUTABLE_T0_8BAR,ADDITIVE,SHOCK_FAILURE,112.99999999999955,-2810.0000000000296
2024-03-04 19:30:00+00:00,B_EXECUTABLE_T0_8BAR,ADDITIVE,BASELINE,126.0,-2684.0000000000296
2024-03-05 18:00:00+00:00,B_EXECUTABLE_T0_8BAR,ADDITIVE,SHOCK_FAILURE,106.99999999999932,-2577.00000000003
2024-03-05 21:15:00+00:00,B_EXECUTABLE_T0_8BAR,ADDITIVE,BASELINE,316.0,-2261.00000000003
2024-03-05 21:45:00+00:00,B_EXECUTABLE_T0_8BAR,ADDITIVE,BASELINE,161.0,-2100.00000000003
2024-03-05 23:15:00+00:00,B_EXECUTABLE_T0_8BAR,ADDITIVE,BASELINE,29.0,-2071.00000000003
2024-03-06 10:00:00+00:00,B_EXECUTABLE_T0_8BAR,ADDITIVE,SHOCK_FAILURE,109.99999999998522,-1961.0000000000448
2024-03-06 15:15:00+00:00,B_EXECUTABLE_T0_8BAR,ADDITIVE,BASELINE,169.0,-1792.0000000000448
2024-03-06 15:45:00+00:00,B_EXECUTABLE_T0_8BAR,ADDITIVE,BASELINE,-142.0,-1934.0000000000448
2024-03-06 19:15:00+00:00,B_EXECUTABLE_T0_8BAR,ADDITIVE,BASELINE,188.0,-1746.0000000000448
2024-03-07 01:00:00+00:00,B_EXECUTABLE_T0_8BAR,ADDITIVE,BASELINE,278.0,-1468.0000000000448
2024-03-07 08:15:00+00:00,B_EXECUTABLE_T0_8BAR,ADDITIVE,BASELINE,931.0,-537.0000000000448
2024-03-07 09:00:00+00:00,B_EXECUTABLE_T0_8BAR,ADDITIVE,BASELINE,959.0,421.9999999999552
2024-03-07 12:15:00+00:00,B_EXECUTABLE_T0_8BAR,ADDITIVE,BASELINE,678.0,1099.9999999999552
2024-03-07 14:45:00+00:00,B_EXECUTABLE_T0_8BAR,ADDITIVE,BASELINE,218.0,1317.9999999999552
2024-03-07 16:00:00+00:00,B_EXECUTABLE_T0_8BAR,ADDITIVE,BASELINE,-205.0,1112.9999999999552
2024-03-07 16:30:00+00:00,B_EXECUTABLE_T0_8BAR,ADDITIVE,BASELINE,-97.0,1015.9999999999552
2024-03-07 19:15:00+00:00,B_EXECUTABLE_T0_8BAR,ADDITIVE,BASELINE,26.0,1041.9999999999552
2024-03-08 17:30:00+00:00,B_EXECUTABLE_T0_8BAR,ADDITIVE,BASELINE,348.0,1389.9999999999552
2024-03-08 21:30:00+00:00,B_EXECUTABLE_T0_8BAR,ADDITIVE,BASELINE,330.0,1719.9999999999552
2024-03-08 21:45:00+00:00,B_EXECUTABLE_T0_8BAR,ADDITIVE,BASELINE,-463.0,1256.9999999999552
2024-03-12 10:15:00+00:00,B_EXECUTABLE_T0_8BAR,ADDITIVE,BASELINE,222.0,1478.9999999999552
2024-03-12 11:00:00+00:00,B_EXECUTABLE_T0_8BAR,ADDITIVE,BASELINE,-97.0,1381.9999999999552
2024-03-12 13:45:00+00:00,B_EXECUTABLE_T0_8BAR,ADDITIVE,BASELINE,307.0,1688.9999999999552
2024-03-13 01:00:00+00:00,B_EXECUTABLE_T0_8BAR,ADDITIVE,BASELINE,-286.0,1402.9999999999552
2024-03-13 21:00:00+00:00,B_EXECUTABLE_T0_8BAR,ADDITIVE,BASELINE,-130.0,1272.9999999999552
2024-03-14 23:15:00+00:00,B_EXECUTABLE_T0_8BAR,ADDITIVE,BASELINE,58.0,1330.9999999999552
2024-03-15 02:15:00+00:00,B_EXECUTABLE_T0_8BAR,ADDITIVE,BASELINE,253.0,1583.9999999999552
2024-03-15 08:15:00+00:00,B_EXECUTABLE_T0_8BAR,ADDITIVE,BASELINE,202.0,1785.9999999999552
2024-03-15 10:15:00+00:00,B_EXECUTABLE_T0_8BAR,ADDITIVE,BASELINE,145.0,1930.9999999999552
2024-03-15 16:15:00+00:00,B_EXECUTABLE_T0_8BAR,ADDITIVE,BASELINE,417.0,2347.9999999999554
2024-03-15 20:15:00+00:00,B_EXECUTABLE_T0_8BAR,ADDITIVE,BASELINE,413.0,2760.9999999999554
2024-03-15 20:45:00+00:00,B_EXECUTABLE_T0_8BAR,ADDITIVE,BASELINE,213.0,2973.9999999999554
2024-03-18 00:30:00+00:00,B_EXECUTABLE_T0_8BAR,ADDITIVE,BASELINE,178.0,3151.9999999999554
2024-03-18 01:45:00+00:00,B_EXECUTABLE_T0_8BAR,ADDITIVE,BASELINE,226.0,3377.9999999999554
2024-03-18 02:15:00+00:00,B_EXECUTABLE_T0_8BAR,ADDITIVE,BASELINE,42.0,3419.9999999999554
2024-03-18 03:00:00+00:00,B_EXECUTABLE_T0_8BAR,ADDITIVE,BASELINE,-171.0,3248.9999999999554
2024-03-18 08:45:00+00:00,B_EXECUTABLE_T0_8BAR,ADDITIVE,BASELINE,-101.0,3147.9999999999554
2024-03-19 11:45:00+00:00,B_EXECUTABLE_T0_8BAR,ADDITIVE,BASELINE,621.0,3768.9999999999554
2024-03-19 12:45:00+00:00,B_EXECUTABLE_T0_8BAR,ADDITIVE,BASELINE,391.0,4159.999999999955
2024-03-19 13:15:00+00:00,B_EXECUTABLE_T0_8BAR,ADDITIVE,BASELINE,339.0,4498.999999999955
2024-03-19 14:45:00+00:00,B_EXECUTABLE_T0_8BAR,ADDITIVE,BASELINE,240.0,4738.999999999955
2024-03-19 17:30:00+00:00,B_EXECUTABLE_T0_8BAR,ADDITIVE,BASELINE,364.0,5102.999999999955
2024-03-19 21:30:00+00:00,B_EXECUTABLE_T0_8BAR,ADDITIVE,BASELINE,259.0,5361.999999999955
2024-03-19 23:15:00+00:00,B_EXECUTABLE_T0_8BAR,ADDITIVE,BASELINE,201.0,5562.999999999955
2024-03-20 00:45:00+00:00,B_EXECUTABLE_T0_8BAR,ADDITIVE,BASELINE,345.0,5907.999999999955
2024-03-20 08:00:00+00:00,B_EXECUTABLE_T0_8BAR,ADDITIVE,BASELINE,458.0,6365.999999999955
2024-03-20 12:15:00+00:00,B_EXECUTABLE_T0_8BAR,ADDITIVE,BASELINE,236.0,6601.999999999955
2024-03-20 12:45:00+00:00,B_EXECUTABLE_T0_8BAR,ADDITIVE,BASELINE,310.0,6911.999999999955
2024-03-20 17:30:00+00:00,B_EXECUTABLE_T0_8BAR,ADDITIVE,BASELINE,-80.0,6831.999999999955
2024-03-20 20:45:00+00:00,B_EXECUTABLE_T0_8BAR,ADDITIVE,BASELINE,-493.0,6338.999999999955
2024-03-20 21:30:00+00:00,B_EXECUTABLE_T0_8BAR,ADDITIVE,BASELINE,-455.0,5883.999999999955
2024-03-21 08:15:00+00:00,B_EXECUTABLE_T0_8BAR,ADDITIVE,BASELINE,-634.0,5249.999999999955
2024-03-21 09:15:00+00:00,B_EXECUTABLE_T0_8BAR,ADDITIVE,BASELINE,-791.0,4458.999999999955
2024-03-21 20:00:00+00:00,B_EXECUTABLE_T0_8BAR,ADDITIVE,BASELINE,458.0,4916.999999999955
2024-03-22 00:45:00+00:00,B_EXECUTABLE_T0_8BAR,ADDITIVE,BASELINE,-231.0,4685.999999999955
2024-03-22 09:45:00+00:00,B_EXECUTABLE_T0_8BAR,ADDITIVE,BASELINE,-222.0,4463.999999999955
2024-03-25 03:30:00+00:00,B_EXECUTABLE_T0_8BAR,ADDITIVE,BASELINE,-117.0,4346.999999999955
2024-03-26 00:15:00+00:00,B_EXECUTABLE_T0_8BAR,ADDITIVE,BASELINE,-132.0,4214.999999999955
2024-03-27 00:00:00+00:00,B_EXECUTABLE_T0_8BAR,ADDITIVE,BASELINE,-64.0,4150.999999999955
2024-03-27 00:45:00+00:00,B_EXECUTABLE_T0_8BAR,ADDITIVE,BASELINE,46.0,4196.999999999955
2024-03-27 09:30:00+00:00,B_EXECUTABLE_T0_8BAR,ADDITIVE,BASELINE,-502.0,3694.9999999999554
2024-03-27 10:45:00+00:00,B_EXECUTABLE_T0_8BAR,ADDITIVE,BASELINE,-758.0,2936.9999999999554
2024-03-27 17:30:00+00:00,B_EXECUTABLE_T0_8BAR,ADDITIVE,BASELINE,-195.0,2741.9999999999554
2024-03-27 21:15:00+00:00,B_EXECUTABLE_T0_8BAR,ADDITIVE,BASELINE,59.0,2800.9999999999554
2024-03-29 01:00:00+00:00,B_EXECUTABLE_T0_8BAR,ADDITIVE,BASELINE,-109.0,2691.9999999999554
2024-04-01 20:15:00+00:00,B_EXECUTABLE_T0_8BAR,ADDITIVE,BASELINE,179.0,2870.9999999999554
2024-04-01 21:30:00+00:00,B_EXECUTABLE_T0_8BAR,ADDITIVE,BASELINE,159.0,3029.9999999999554
2024-04-02 00:15:00+00:00,B_EXECUTABLE_T0_8BAR,ADDITIVE,BASELINE,106.0,3135.9999999999554
2024-04-02 10:00:00+00:00,B_EXECUTABLE_T0_8BAR,ADDITIVE,BASELINE,-107.0,3028.9999999999554
2024-04-03 17:00:00+00:00,B_EXECUTABLE_T0_8BAR,ADDITIVE,SHOCK_FAILURE,-139.99999999998636,2888.999999999969
2024-04-03 17:15:00+00:00,B_EXECUTABLE_T0_8BAR,ADDITIVE,BASELINE,-78.0,2810.999999999969
2024-04-03 19:15:00+00:00,B_EXECUTABLE_T0_8BAR,ADDITIVE,BASELINE,-32.0,2778.999999999969
2024-04-03 20:30:00+00:00,B_EXECUTABLE_T0_8BAR,ADDITIVE,BASELINE,-194.0,2584.999999999969
2024-04-03 21:45:00+00:00,B_EXECUTABLE_T0_8BAR,ADDITIVE,BASELINE,-286.0,2298.999999999969
2024-04-04 15:15:00+00:00,B_EXECUTABLE_T0_8BAR,ADDITIVE,SHOCK_FAILURE,16.999999999995907,2315.999999999965
2024-04-04 20:45:00+00:00,B_EXECUTABLE_T0_8BAR,ADDITIVE,BASELINE,-472.0,1843.999999999965
2024-04-04 21:45:00+00:00,B_EXECUTABLE_T0_8BAR,ADDITIVE,BASELINE,217.0,2060.999999999965
2024-04-04 22:00:00+00:00,B_EXECUTABLE_T0_8BAR,ADDITIVE,SHOCK_FAILURE,73.0000000000075,2133.9999999999727
2024-04-05 03:00:00+00:00,B_EXECUTABLE_T0_8BAR,ADDITIVE,BASELINE,15.0,2148.9999999999727
2024-04-05 08:15:00+00:00,B_EXECUTABLE_T0_8BAR,ADDITIVE,BASELINE,-298.0,1850.9999999999727
2024-04-05 20:30:00+00:00,B_EXECUTABLE_T0_8BAR,ADDITIVE,BASELINE,202.0,2052.9999999999727
2024-04-08 14:15:00+00:00,B_EXECUTABLE_T0_8BAR,ADDITIVE,BASELINE,-27.0,2025.9999999999727
2024-04-08 15:30:00+00:00,B_EXECUTABLE_T0_8BAR,ADDITIVE,BASELINE,-5.0,2020.9999999999727
2024-04-08 16:30:00+00:00,B_EXECUTABLE_T0_8BAR,ADDITIVE,BASELINE,-61.0,1959.9999999999727
2024-04-08 19:30:00+00:00,B_EXECUTABLE_T0_8BAR,ADDITIVE,BASELINE,-48.0,1911.9999999999727
2024-04-09 21:45:00+00:00,B_EXECUTABLE_T0_8BAR,ADDITIVE,BASELINE,13.0,1924.9999999999727
2024-04-09 22:15:00+00:00,B_EXECUTABLE_T0_8BAR,ADDITIVE,BASELINE,-53.0,1871.9999999999727
2024-04-09 22:45:00+00:00,B_EXECUTABLE_T0_8BAR,ADDITIVE,BASELINE,-163.0,1708.9999999999727
2024-04-10 19:45:00+00:00,B_EXECUTABLE_T0_8BAR,ADDITIVE,BASELINE,1106.0,2814.9999999999727
2024-04-10 20:45:00+00:00,B_EXECUTABLE_T0_8BAR,ADDITIVE,BASELINE,681.0,3495.9999999999727
2024-04-10 21:45:00+00:00,B_EXECUTABLE_T0_8BAR,ADDITIVE,BASELINE,508.0,4003.9999999999727
2024-04-10 23:00:00+00:00,B_EXECUTABLE_T0_8BAR,ADDITIVE,BASELINE,136.0,4139.999999999973
2024-04-10 23:45:00+00:00,B_EXECUTABLE_T0_8BAR,ADDITIVE,BASELINE,-28.0,4111.999999999973
2024-04-11 00:30:00+00:00,B_EXECUTABLE_T0_8BAR,ADDITIVE,BASELINE,-73.0,4038.9999999999727
2024-04-11 18:00:00+00:00,B_EXECUTABLE_T0_8BAR,ADDITIVE,BASELINE,-69.0,3969.9999999999727
2024-04-11 21:15:00+00:00,B_EXECUTABLE_T0_8BAR,ADDITIVE,BASELINE,-2.0,3967.9999999999727
2024-04-12 03:15:00+00:00,B_EXECUTABLE_T0_8BAR,ADDITIVE,SHOCK_FAILURE,116.99999999999022,4084.9999999999627
2024-04-12 15:15:00+00:00,B_EXECUTABLE_T0_8BAR,ADDITIVE,BASELINE,-332.0,3752.9999999999627
2024-04-12 19:15:00+00:00,B_EXECUTABLE_T0_8BAR,ADDITIVE,BASELINE,-167.0,3585.9999999999627
2024-04-15 00:15:00+00:00,B_EXECUTABLE_T0_8BAR,ADDITIVE,BASELINE,-569.0,3016.9999999999627
2024-04-15 03:45:00+00:00,B_EXECUTABLE_T0_8BAR,ADDITIVE,BASELINE,-805.0,2211.9999999999627
2024-04-15 09:00:00+00:00,B_EXECUTABLE_T0_8BAR,ADDITIVE,BASELINE,403.0,2614.9999999999627
2024-04-15 10:30:00+00:00,B_EXECUTABLE_T0_8BAR,ADDITIVE,BASELINE,193.0,2807.9999999999627
2024-04-15 12:15:00+00:00,B_EXECUTABLE_T0_8BAR,ADDITIVE,BASELINE,156.0,2963.9999999999627
2024-04-15 12:45:00+00:00,B_EXECUTABLE_T0_8BAR,ADDITIVE,BASELINE,442.0,3405.9999999999627
2024-04-15 14:15:00+00:00,B_EXECUTABLE_T0_8BAR,ADDITIVE,BASELINE,522.0,3927.9999999999627
2024-04-15 15:00:00+00:00,B_EXECUTABLE_T0_8BAR,ADDITIVE,BASELINE,454.0,4381.999999999963
2024-04-15 19:15:00+00:00,B_EXECUTABLE_T0_8BAR,ADDITIVE,BASELINE,295.0,4676.999999999963
2024-04-15 20:45:00+00:00,B_EXECUTABLE_T0_8BAR,ADDITIVE,BASELINE,-17.0,4659.999999999963
2024-04-16 14:30:00+00:00,B_EXECUTABLE_T0_8BAR,ADDITIVE,BASELINE,148.0,4807.999999999963
2024-04-16 19:15:00+00:00,B_EXECUTABLE_T0_8BAR,ADDITIVE,BASELINE,16.0,4823.999999999963
2024-04-16 23:15:00+00:00,B_EXECUTABLE_T0_8BAR,ADDITIVE,BASELINE,30.0,4853.999999999963
2024-04-18 00:30:00+00:00,B_EXECUTABLE_T0_8BAR,ADDITIVE,BASELINE,17.0,4870.999999999963
2024-04-18 10:15:00+00:00,B_EXECUTABLE_T0_8BAR,ADDITIVE,BASELINE,-445.0,4425.999999999963
2024-04-18 21:45:00+00:00,B_EXECUTABLE_T0_8BAR,ADDITIVE,BASELINE,197.0,4622.999999999963
2024-04-19 01:45:00+00:00,B_EXECUTABLE_T0_8BAR,ADDITIVE,BASELINE,-623.0,3999.9999999999627
2024-04-19 04:00:00+00:00,B_EXECUTABLE_T0_8BAR,ADDITIVE,SHOCK_FAILURE,68.9999999999884,4068.999999999951
2024-04-19 10:15:00+00:00,B_EXECUTABLE_T0_8BAR,ADDITIVE,BASELINE,-698.0,3370.999999999951
2024-04-22 18:00:00+00:00,B_EXECUTABLE_T0_8BAR,ADDITIVE,BASELINE,40.0,3410.999999999951
2024-04-22 22:00:00+00:00,B_EXECUTABLE_T0_8BAR,ADDITIVE,BASELINE,35.0,3445.999999999951
2024-04-23 00:30:00+00:00,B_EXECUTABLE_T0_8BAR,ADDITIVE,BASELINE,-92.0,3353.999999999951
2024-04-23 20:15:00+00:00,B_EXECUTABLE_T0_8BAR,ADDITIVE,BASELINE,-8.0,3345.999999999951
2024-04-23 22:00:00+00:00,B_EXECUTABLE_T0_8BAR,ADDITIVE,BASELINE,-139.0,3206.999999999951
2024-04-24 14:15:00+00:00,B_EXECUTABLE_T0_8BAR,ADDITIVE,BASELINE,65.0,3271.999999999951
2024-04-24 17:00:00+00:00,B_EXECUTABLE_T0_8BAR,ADDITIVE,SHOCK_FAILURE,-115.99999999998545,3155.9999999999654
2024-04-25 00:15:00+00:00,B_EXECUTABLE_T0_8BAR,ADDITIVE,BASELINE,352.0,3507.9999999999654
2024-04-25 01:30:00+00:00,B_EXECUTABLE_T0_8BAR,ADDITIVE,BASELINE,114.0,3621.9999999999654
2024-04-25 09:00:00+00:00,B_EXECUTABLE_T0_8BAR,ADDITIVE,BASELINE,292.0,3913.9999999999654
2024-04-25 11:15:00+00:00,B_EXECUTABLE_T0_8BAR,ADDITIVE,BASELINE,42.0,3955.9999999999654
2024-04-25 13:00:00+00:00,B_EXECUTABLE_T0_8BAR,ADDITIVE,BASELINE,86.0,4041.9999999999654
2024-04-26 06:15:00+00:00,B_EXECUTABLE_T0_8BAR,ADDITIVE,SHOCK_FAILURE,-63.0000000000166,3978.999999999949
2024-04-26 11:30:00+00:00,B_EXECUTABLE_T0_8BAR,ADDITIVE,BASELINE,853.0,4831.999999999949
2024-04-26 13:00:00+00:00,B_EXECUTABLE_T0_8BAR,ADDITIVE,BASELINE,629.0,5460.999999999949
2024-04-26 15:00:00+00:00,B_EXECUTABLE_T0_8BAR,ADDITIVE,BASELINE,883.0,6343.999999999949
2024-04-26 19:15:00+00:00,B_EXECUTABLE_T0_8BAR,ADDITIVE,BASELINE,1152.0,7495.999999999949
2024-04-26 20:30:00+00:00,B_EXECUTABLE_T0_8BAR,ADDITIVE,BASELINE,999.0,8494.999999999949
2024-04-29 01:15:00+00:00,B_EXECUTABLE_T0_8BAR,ADDITIVE,BASELINE,1381.0,9875.999999999949
2024-04-29 01:45:00+00:00,B_EXECUTABLE_T0_8BAR,ADDITIVE,BASELINE,1976.0,11851.999999999949
2024-04-29 03:00:00+00:00,B_EXECUTABLE_T0_8BAR,ADDITIVE,BASELINE,1744.0,13595.999999999949
2024-04-29 06:45:00+00:00,B_EXECUTABLE_T0_8BAR,ADDITIVE,BASELINE,-804.0,12791.999999999949
2024-04-29 09:45:00+00:00,B_EXECUTABLE_T0_8BAR,ADDITIVE,BASELINE,-3397.0,9394.999999999949
2024-04-30 20:45:00+00:00,B_EXECUTABLE_T0_8BAR,ADDITIVE,BASELINE,491.0,9885.999999999949
2024-04-30 23:45:00+00:00,B_EXECUTABLE_T0_8BAR,ADDITIVE,BASELINE,140.0,10025.999999999949
2024-05-01 00:30:00+00:00,B_EXECUTABLE_T0_8BAR,ADDITIVE,BASELINE,801.0,10826.999999999949
2024-05-01 01:45:00+00:00,B_EXECUTABLE_T0_8BAR,ADDITIVE,BASELINE,161.0,10987.999999999949
2024-05-01 02:45:00+00:00,B_EXECUTABLE_T0_8BAR,ADDITIVE,BASELINE,194.0,11181.999999999949
2024-05-01 03:30:00+00:00,B_EXECUTABLE_T0_8BAR,ADDITIVE,BASELINE,93.0,11274.999999999949
2024-05-01 10:45:00+00:00,B_EXECUTABLE_T0_8BAR,ADDITIVE,BASELINE,29.0,11303.999999999949
2024-05-01 11:45:00+00:00,B_EXECUTABLE_T0_8BAR,ADDITIVE,BASELINE,-32.0,11271.999999999949
2024-05-01 15:00:00+00:00,B_EXECUTABLE_T0_8BAR,ADDITIVE,BASELINE,-315.0,10956.999999999949
2024-05-02 00:15:00+00:00,B_EXECUTABLE_T0_8BAR,ADDITIVE,SHOCK_FAILURE,552.9999999999973,11509.999999999945
2024-05-02 02:45:00+00:00,B_EXECUTABLE_T0_8BAR,ADDITIVE,BASELINE,1206.0,12715.999999999945
2024-05-02 21:04:00+00:00,B_EXECUTABLE_T0_8BAR,ADDITIVE,BASELINE,1603.0,14318.999999999945
2024-05-03 09:45:00+00:00,B_EXECUTABLE_T0_8BAR,ADDITIVE,BASELINE,-197.0,14121.999999999945
2024-05-03 20:45:00+00:00,B_EXECUTABLE_T0_8BAR,ADDITIVE,BASELINE,-670.0,13451.999999999945
2024-05-06 03:45:00+00:00,B_EXECUTABLE_T0_8BAR,ADDITIVE,BASELINE,-1717.0,11734.999999999945
2024-05-06 11:00:00+00:00,B_EXECUTABLE_T0_8BAR,ADDITIVE,BASELINE,45.0,11779.999999999945
2024-05-06 11:30:00+00:00,B_EXECUTABLE_T0_8BAR,ADDITIVE,BASELINE,-124.0,11655.999999999945
2024-05-06 12:15:00+00:00,B_EXECUTABLE_T0_8BAR,ADDITIVE,BASELINE,-256.0,11399.999999999945
2024-05-07 09:30:00+00:00,B_EXECUTABLE_T0_8BAR,ADDITIVE,BASELINE,108.0,11507.999999999945
2024-05-07 10:15:00+00:00,B_EXECUTABLE_T0_8BAR,ADDITIVE,BASELINE,114.0,11621.999999999945
2024-05-08 02:45:00+00:00,B_EXECUTABLE_T0_8BAR,ADDITIVE,BASELINE,489.0,12110.999999999945
2024-05-08 09:00:00+00:00,B_EXECUTABLE_T0_8BAR,ADDITIVE,BASELINE,533.0,12643.999999999945
2024-05-08 09:30:00+00:00,B_EXECUTABLE_T0_8BAR,ADDITIVE,BASELINE,437.0,13080.999999999945
2024-05-08 10:15:00+00:00,B_EXECUTABLE_T0_8BAR,ADDITIVE,BASELINE,197.0,13277.999999999945
2024-05-08 15:15:00+00:00,B_EXECUTABLE_T0_8BAR,ADDITIVE,BASELINE,301.0,13578.999999999945
2024-05-08 16:15:00+00:00,B_EXECUTABLE_T0_8BAR,ADDITIVE,BASELINE,119.0,13697.999999999945
2024-05-08 17:15:00+00:00,B_EXECUTABLE_T0_8BAR,ADDITIVE,BASELINE,69.0,13766.999999999945
2024-05-08 19:15:00+00:00,B_EXECUTABLE_T0_8BAR,ADDITIVE,BASELINE,316.0,14082.999999999945
2024-05-08 20:15:00+00:00,B_EXECUTABLE_T0_8BAR,ADDITIVE,BASELINE,40.0,14122.999999999945
2024-05-08 20:45:00+00:00,B_EXECUTABLE_T0_8BAR,ADDITIVE,BASELINE,-18.0,14104.999999999945
2024-05-09 14:15:00+00:00,B_EXECUTABLE_T0_8BAR,ADDITIVE,BASELINE,-100.0,14004.999999999945
2024-05-09 15:00:00+00:00,B_EXECUTABLE_T0_8BAR,ADDITIVE,SHOCK_FAILURE,-147.00000000001978,13857.999999999925
2024-05-09 16:00:00+00:00,B_EXECUTABLE_T0_8BAR,ADDITIVE,BASELINE,-160.0,13697.999999999925
2024-05-09 17:15:00+00:00,B_EXECUTABLE_T0_8BAR,ADDITIVE,BASELINE,-327.0,13370.999999999925
2024-05-09 20:00:00+00:00,B_EXECUTABLE_T0_8BAR,ADDITIVE,BASELINE,-416.0,12954.999999999925
2024-05-10 20:45:00+00:00,B_EXECUTABLE_T0_8BAR,ADDITIVE,BASELINE,-74.0,12880.999999999925
2024-05-13 02:00:00+00:00,B_EXECUTABLE_T0_8BAR,ADDITIVE,BASELINE,-40.0,12840.999999999925
2024-05-13 03:45:00+00:00,B_EXECUTABLE_T0_8BAR,ADDITIVE,BASELINE,-83.0,12757.999999999925
2024-05-13 08:30:00+00:00,B_EXECUTABLE_T0_8BAR,ADDITIVE,BASELINE,-43.0,12714.999999999925
2024-05-13 23:15:00+00:00,B_EXECUTABLE_T0_8BAR,ADDITIVE,BASELINE,20.0,12734.999999999925
2024-05-14 01:15:00+00:00,B_EXECUTABLE_T0_8BAR,ADDITIVE,BASELINE,200.0,12934.999999999925
2024-05-14 01:45:00+00:00,B_EXECUTABLE_T0_8BAR,ADDITIVE,BASELINE,186.0,13120.999999999925
2024-05-14 08:15:00+00:00,B_EXECUTABLE_T0_8BAR,ADDITIVE,BASELINE,175.0,13295.999999999925
2024-05-14 09:15:00+00:00,B_EXECUTABLE_T0_8BAR,ADDITIVE,BASELINE,4.0,13299.999999999925
2024-05-14 14:15:00+00:00,B_EXECUTABLE_T0_8BAR,ADDITIVE,BASELINE,-82.0,13217.999999999925
2024-05-15 01:00:00+00:00,B_EXECUTABLE_T0_8BAR,ADDITIVE,BASELINE,-200.0,13017.999999999925
2024-05-15 13:15:00+00:00,B_EXECUTABLE_T0_8BAR,ADDITIVE,BASELINE,1100.0,14117.999999999925
2024-05-15 15:30:00+00:00,B_EXECUTABLE_T0_8BAR,ADDITIVE,BASELINE,1266.0,15383.999999999925
2024-05-15 16:30:00+00:00,B_EXECUTABLE_T0_8BAR,ADDITIVE,BASELINE,931.0,16314.999999999925
2024-05-15 19:30:00+00:00,B_EXECUTABLE_T0_8BAR,ADDITIVE,BASELINE,1167.0,17481.999999999927
2024-05-15 20:45:00+00:00,B_EXECUTABLE_T0_8BAR,ADDITIVE,BASELINE,360.0,17841.999999999927
2024-05-16 03:15:00+00:00,B_EXECUTABLE_T0_8BAR,ADDITIVE,SHOCK_FAILURE,186.9999999999834,18028.99999999991
2024-05-16 08:30:00+00:00,B_EXECUTABLE_T0_8BAR,ADDITIVE,BASELINE,-735.0,17293.99999999991
2024-05-16 20:30:00+00:00,B_EXECUTABLE_T0_8BAR,ADDITIVE,BASELINE,617.0,17910.99999999991
2024-05-17 09:15:00+00:00,B_EXECUTABLE_T0_8BAR,ADDITIVE,BASELINE,159.0,18069.99999999991
2024-05-17 10:30:00+00:00,B_EXECUTABLE_T0_8BAR,ADDITIVE,BASELINE,-15.0,18054.99999999991
2024-05-20 19:15:00+00:00,B_EXECUTABLE_T0_8BAR,ADDITIVE,BASELINE,-629.0,17425.99999999991
2024-05-20 20:45:00+00:00,B_EXECUTABLE_T0_8BAR,ADDITIVE,BASELINE,92.0,17517.99999999991
2024-05-21 00:45:00+00:00,B_EXECUTABLE_T0_8BAR,ADDITIVE,BASELINE,169.0,17686.99999999991
2024-05-21 02:45:00+00:00,B_EXECUTABLE_T0_8BAR,ADDITIVE,BASELINE,204.0,17890.99999999991
2024-05-21 08:30:00+00:00,B_EXECUTABLE_T0_8BAR,ADDITIVE,BASELINE,-217.0,17673.99999999991
2024-05-21 09:30:00+00:00,B_EXECUTABLE_T0_8BAR,ADDITIVE,BASELINE,-335.0,17338.99999999991
2024-05-21 12:15:00+00:00,B_EXECUTABLE_T0_8BAR,ADDITIVE,BASELINE,-158.0,17180.99999999991
2024-05-21 19:15:00+00:00,B_EXECUTABLE_T0_8BAR,ADDITIVE,BASELINE,-97.0,17083.99999999991
2024-05-21 23:00:00+00:00,B_EXECUTABLE_T0_8BAR,ADDITIVE,BASELINE,-238.0,16845.99999999991
2024-05-22 16:30:00+00:00,B_EXECUTABLE_T0_8BAR,ADDITIVE,BASELINE,0.0,16845.99999999991
2024-05-22 19:45:00+00:00,B_EXECUTABLE_T0_8BAR,ADDITIVE,BASELINE,90.0,16935.99999999991
2024-05-22 20:30:00+00:00,B_EXECUTABLE_T0_8BAR,ADDITIVE,BASELINE,264.0,17199.99999999991
2024-05-23 03:00:00+00:00,B_EXECUTABLE_T0_8BAR,ADDITIVE,BASELINE,100.0,17299.99999999991
2024-05-23 22:00:00+00:00,B_EXECUTABLE_T0_8BAR,ADDITIVE,BASELINE,-138.0,17161.99999999991
2024-05-24 00:30:00+00:00,B_EXECUTABLE_T0_8BAR,ADDITIVE,BASELINE,-547.0,16614.99999999991
2024-05-24 16:30:00+00:00,B_EXECUTABLE_T0_8BAR,ADDITIVE,SHOCK_FAILURE,-161.99999999997772,16452.99999999993
2024-05-28 03:15:00+00:00,B_EXECUTABLE_T0_8BAR,ADDITIVE,BASELINE,10.0,16462.99999999993
2024-05-28 03:15:00+00:00,B_EXECUTABLE_T0_8BAR,ADDITIVE,SHOCK_FAILURE,100.99999999999909,16563.99999999993
2024-05-28 10:15:00+00:00,B_EXECUTABLE_T0_8BAR,ADDITIVE,BASELINE,44.0,16607.99999999993
2024-05-28 21:15:00+00:00,B_EXECUTABLE_T0_8BAR,ADDITIVE,BASELINE,181.0,16788.99999999993
2024-05-29 01:15:00+00:00,B_EXECUTABLE_T0_8BAR,ADDITIVE,BASELINE,277.0,17065.99999999993
2024-05-29 02:30:00+00:00,B_EXECUTABLE_T0_8BAR,ADDITIVE,BASELINE,123.0,17188.99999999993
2024-05-29 03:00:00+00:00,B_EXECUTABLE_T0_8BAR,ADDITIVE,BASELINE,133.0,17321.99999999993
2024-05-29 08:15:00+00:00,B_EXECUTABLE_T0_8BAR,ADDITIVE,BASELINE,-183.0,17138.99999999993
2024-05-29 09:00:00+00:00,B_EXECUTABLE_T0_8BAR,ADDITIVE,BASELINE,-282.0,16856.99999999993
2024-05-29 22:45:00+00:00,B_EXECUTABLE_T0_8BAR,ADDITIVE,BASELINE,216.0,17072.99999999993
2024-05-29 23:45:00+00:00,B_EXECUTABLE_T0_8BAR,ADDITIVE,BASELINE,4.0,17076.99999999993
2024-05-30 00:15:00+00:00,B_EXECUTABLE_T0_8BAR,ADDITIVE,BASELINE,-152.0,16924.99999999993
2024-05-30 09:30:00+00:00,B_EXECUTABLE_T0_8BAR,ADDITIVE,SHOCK_FAILURE,76.00000000002183,17000.999999999953
2024-05-30 14:15:00+00:00,B_EXECUTABLE_T0_8BAR,ADDITIVE,BASELINE,79.0,17079.999999999953
2024-05-30 14:45:00+00:00,B_EXECUTABLE_T0_8BAR,ADDITIVE,BASELINE,85.0,17164.999999999953
2024-05-30 15:15:00+00:00,B_EXECUTABLE_T0_8BAR,ADDITIVE,BASELINE,-103.0,17061.999999999953
2024-05-30 19:15:00+00:00,B_EXECUTABLE_T0_8BAR,ADDITIVE,BASELINE,-269.0,16792.999999999953
2024-05-30 21:15:00+00:00,B_EXECUTABLE_T0_8BAR,ADDITIVE,BASELINE,-300.0,16492.999999999953
2024-05-31 16:00:00+00:00,B_EXECUTABLE_T0_8BAR,ADDITIVE,BASELINE,46.0,16538.999999999953
2024-05-31 17:00:00+00:00,B_EXECUTABLE_T0_8BAR,ADDITIVE,BASELINE,-122.0,16416.999999999953
2024-05-31 19:15:00+00:00,B_EXECUTABLE_T0_8BAR,ADDITIVE,BASELINE,208.0,16624.999999999953
2024-06-03 12:00:00+00:00,B_EXECUTABLE_T0_8BAR,ADDITIVE,BASELINE,-571.0,16053.999999999953
2024-06-03 22:15:00+00:00,B_EXECUTABLE_T0_8BAR,ADDITIVE,BASELINE,778.0,16831.999999999953
2024-06-03 22:15:00+00:00,B_EXECUTABLE_T0_8BAR,ADDITIVE,BASELINE,156.0,16987.999999999953
2024-06-03 23:15:00+00:00,B_EXECUTABLE_T0_8BAR,ADDITIVE,BASELINE,-153.0,16834.999999999953
2024-06-04 14:15:00+00:00,B_EXECUTABLE_T0_8BAR,ADDITIVE,BASELINE,770.0,17604.999999999953
2024-06-04 15:15:00+00:00,B_EXECUTABLE_T0_8BAR,ADDITIVE,BASELINE,722.0,18326.999999999953
2024-06-04 16:00:00+00:00,B_EXECUTABLE_T0_8BAR,ADDITIVE,BASELINE,509.0,18835.999999999953
2024-06-04 18:30:00+00:00,B_EXECUTABLE_T0_8BAR,ADDITIVE,BASELINE,186.0,19021.999999999953
2024-06-04 19:15:00+00:00,B_EXECUTABLE_T0_8BAR,ADDITIVE,BASELINE,930.0,19951.999999999953
2024-06-05 15:30:00+00:00,B_EXECUTABLE_T0_8BAR,ADDITIVE,BASELINE,203.0,20154.999999999953
2024-06-05 16:45:00+00:00,B_EXECUTABLE_T0_8BAR,ADDITIVE,BASELINE,-121.0,20033.999999999953
2024-06-05 19:30:00+00:00,B_EXECUTABLE_T0_8BAR,ADDITIVE,BASELINE,109.0,20142.999999999953
2024-06-05 22:15:00+00:00,B_EXECUTABLE_T0_8BAR,ADDITIVE,BASELINE,-355.0,19787.999999999953
2024-06-06 19:30:00+00:00,B_EXECUTABLE_T0_8BAR,ADDITIVE,BASELINE,-554.0,19233.999999999953
2024-06-07 14:15:00+00:00,B_EXECUTABLE_T0_8BAR,ADDITIVE,BASELINE,-1760.0,17473.999999999953
2024-06-07 20:45:00+00:00,B_EXECUTABLE_T0_8BAR,ADDITIVE,BASELINE,59.0,17532.999999999953
2024-06-10 01:00:00+00:00,B_EXECUTABLE_T0_8BAR,ADDITIVE,BASELINE,-125.0,17407.999999999953
2024-06-10 03:45:00+00:00,B_EXECUTABLE_T0_8BAR,ADDITIVE,BASELINE,460.0,17867.999999999953
2024-06-10 11:15:00+00:00,B_EXECUTABLE_T0_8BAR,ADDITIVE,BASELINE,-240.0,17627.999999999953
2024-06-11 11:00:00+00:00,B_EXECUTABLE_T0_8BAR,ADDITIVE,BASELINE,-197.0,17430.999999999953
2024-06-11 16:30:00+00:00,B_EXECUTABLE_T0_8BAR,ADDITIVE,BASELINE,-30.0,17400.999999999953
2024-06-11 20:00:00+00:00,B_EXECUTABLE_T0_8BAR,ADDITIVE,BASELINE,-259.0,17141.999999999953
2024-06-12 00:30:00+00:00,B_EXECUTABLE_T0_8BAR,ADDITIVE,BASELINE,-106.0,17035.999999999953
2024-06-12 19:15:00+00:00,B_EXECUTABLE_T0_8BAR,ADDITIVE,BASELINE,-744.0,16291.999999999953
2024-06-12 20:45:00+00:00,B_EXECUTABLE_T0_8BAR,ADDITIVE,BASELINE,-462.0,15829.999999999953
2024-06-12 20:45:00+00:00,B_EXECUTABLE_T0_8BAR,ADDITIVE,SHOCK_FAILURE,361.99999999999477,16191.999999999947
2024-06-12 22:00:00+00:00,B_EXECUTABLE_T0_8BAR,ADDITIVE,BASELINE,-806.0,15385.999999999947
2024-06-13 00:45:00+00:00,B_EXECUTABLE_T0_8BAR,ADDITIVE,BASELINE,-476.0,14909.999999999947
2024-06-13 19:45:00+00:00,B_EXECUTABLE_T0_8BAR,ADDITIVE,BASELINE,-258.0,14651.999999999947
2024-06-14 11:30:00+00:00,B_EXECUTABLE_T0_8BAR,ADDITIVE,BASELINE,-564.0,14087.999999999947
2024-06-14 14:00:00+00:00,B_EXECUTABLE_T0_8BAR,ADDITIVE,BASELINE,-889.0,13198.999999999947
2024-06-17 19:45:00+00:00,B_EXECUTABLE_T0_8BAR,ADDITIVE,BASELINE,-93.0,13105.999999999947
2024-06-17 20:15:00+00:00,B_EXECUTABLE_T0_8BAR,ADDITIVE,BASELINE,123.0,13228.999999999947
2024-06-17 20:45:00+00:00,B_EXECUTABLE_T0_8BAR,ADDITIVE,BASELINE,-199.0,13029.999999999947
2024-06-17 22:15:00+00:00,B_EXECUTABLE_T0_8BAR,ADDITIVE,BASELINE,-245.0,12784.999999999947
2024-06-18 15:00:00+00:00,B_EXECUTABLE_T0_8BAR,ADDITIVE,BASELINE,0.0,12784.999999999947
2024-06-18 15:30:00+00:00,B_EXECUTABLE_T0_8BAR,ADDITIVE,BASELINE,-189.0,12595.999999999947
2024-06-18 15:45:00+00:00,B_EXECUTABLE_T0_8BAR,ADDITIVE,SHOCK_FAILURE,42.00000000000159,12637.999999999949
2024-06-18 16:00:00+00:00,B_EXECUTABLE_T0_8BAR,ADDITIVE,BASELINE,-320.0,12317.999999999949
2024-06-18 19:30:00+00:00,B_EXECUTABLE_T0_8BAR,ADDITIVE,BASELINE,-276.0,12041.999999999949
2024-06-20 00:15:00+00:00,B_EXECUTABLE_T0_8BAR,ADDITIVE,BASELINE,117.0,12158.999999999949
2024-06-20 03:00:00+00:00,B_EXECUTABLE_T0_8BAR,ADDITIVE,BASELINE,53.0,12211.999999999949
2024-06-20 13:15:00+00:00,B_EXECUTABLE_T0_8BAR,ADDITIVE,BASELINE,353.0,12564.999999999949
2024-06-20 15:45:00+00:00,B_EXECUTABLE_T0_8BAR,ADDITIVE,BASELINE,440.0,13004.999999999949
2024-06-20 19:45:00+00:00,B_EXECUTABLE_T0_8BAR,ADDITIVE,BASELINE,621.0,13625.999999999949
2024-06-20 21:00:00+00:00,B_EXECUTABLE_T0_8BAR,ADDITIVE,BASELINE,343.0,13968.999999999949
2024-06-20 21:30:00+00:00,B_EXECUTABLE_T0_8BAR,ADDITIVE,BASELINE,307.0,14275.999999999949
2024-06-21 00:00:00+00:00,B_EXECUTABLE_T0_8BAR,ADDITIVE,BASELINE,158.0,14433.999999999949
2024-06-21 00:45:00+00:00,B_EXECUTABLE_T0_8BAR,ADDITIVE,BASELINE,135.0,14568.999999999949
2024-06-21 03:15:00+00:00,B_EXECUTABLE_T0_8BAR,ADDITIVE,SHOCK_FAILURE,56.99999999998795,14625.999999999936
2024-06-21 09:00:00+00:00,B_EXECUTABLE_T0_8BAR,ADDITIVE,BASELINE,-279.0,14346.999999999936
2024-06-21 19:45:00+00:00,B_EXECUTABLE_T0_8BAR,ADDITIVE,BASELINE,-754.0,13592.999999999936
2024-06-24 01:00:00+00:00,B_EXECUTABLE_T0_8BAR,ADDITIVE,BASELINE,641.0,14233.999999999936
2024-06-24 21:45:00+00:00,B_EXECUTABLE_T0_8BAR,ADDITIVE,BASELINE,18.0,14251.999999999936
2024-06-26 09:30:00+00:00,B_EXECUTABLE_T0_8BAR,ADDITIVE,BASELINE,174.0,14425.999999999936
2024-06-26 15:30:00+00:00,B_EXECUTABLE_T0_8BAR,ADDITIVE,BASELINE,767.0,15192.999999999936
2024-06-26 17:00:00+00:00,B_EXECUTABLE_T0_8BAR,ADDITIVE,BASELINE,678.0,15870.999999999936
2024-06-26 17:45:00+00:00,B_EXECUTABLE_T0_8BAR,ADDITIVE,BASELINE,614.0,16484.999999999935
2024-06-26 18:15:00+00:00,B_EXECUTABLE_T0_8BAR,ADDITIVE,BASELINE,528.0,17012.999999999935
2024-06-26 19:00:00+00:00,B_EXECUTABLE_T0_8BAR,ADDITIVE,BASELINE,395.0,17407.999999999935
2024-06-26 19:30:00+00:00,B_EXECUTABLE_T0_8BAR,ADDITIVE,BASELINE,874.0,18281.999999999935
2024-06-26 21:30:00+00:00,B_EXECUTABLE_T0_8BAR,ADDITIVE,BASELINE,157.0,18438.999999999935
2024-06-26 23:15:00+00:00,B_EXECUTABLE_T0_8BAR,ADDITIVE,BASELINE,-1.0,18437.999999999935
2024-06-28 09:00:00+00:00,B_EXECUTABLE_T0_8BAR,ADDITIVE,BASELINE,-214.0,18223.999999999935
2024-06-28 09:30:00+00:00,B_EXECUTABLE_T0_8BAR,ADDITIVE,BASELINE,-439.0,17784.999999999935
2024-07-01 20:30:00+00:00,B_EXECUTABLE_T0_8BAR,ADDITIVE,BASELINE,196.0,17980.999999999935
2024-07-01 21:30:00+00:00,B_EXECUTABLE_T0_8BAR,ADDITIVE,BASELINE,50.0,18030.999999999935
2024-07-01 22:30:00+00:00,B_EXECUTABLE_T0_8BAR,ADDITIVE,BASELINE,-60.0,17970.999999999935
2024-07-02 00:30:00+00:00,B_EXECUTABLE_T0_8BAR,ADDITIVE,BASELINE,241.0,18211.999999999935
2024-07-02 16:00:00+00:00,B_EXECUTABLE_T0_8BAR,ADDITIVE,SHOCK_FAILURE,139.99999999998636,18351.99999999992
2024-07-03 13:15:00+00:00,B_EXECUTABLE_T0_8BAR,ADDITIVE,BASELINE,-124.0,18227.99999999992
2024-07-03 14:00:00+00:00,B_EXECUTABLE_T0_8BAR,ADDITIVE,BASELINE,-191.0,18036.99999999992
2024-07-03 14:30:00+00:00,B_EXECUTABLE_T0_8BAR,ADDITIVE,BASELINE,-694.0,17342.99999999992
2024-07-03 22:15:00+00:00,B_EXECUTABLE_T0_8BAR,ADDITIVE,BASELINE,-641.0,16701.99999999992
2024-07-04 22:45:00+00:00,B_EXECUTABLE_T0_8BAR,ADDITIVE,BASELINE,-158.0,16543.99999999992
2024-07-05 11:30:00+00:00,B_EXECUTABLE_T0_8BAR,ADDITIVE,BASELINE,-321.0,16222.99999999992
2024-07-05 14:45:00+00:00,B_EXECUTABLE_T0_8BAR,ADDITIVE,SHOCK_FAILURE,81.99999999999363,16304.999999999913
2024-07-08 19:15:00+00:00,B_EXECUTABLE_T0_8BAR,ADDITIVE,BASELINE,-139.0,16165.999999999913
2024-07-09 19:15:00+00:00,B_EXECUTABLE_T0_8BAR,ADDITIVE,BASELINE,102.0,16267.999999999913
2024-07-09 23:00:00+00:00,B_EXECUTABLE_T0_8BAR,ADDITIVE,BASELINE,-42.0,16225.999999999913
2024-07-09 23:15:00+00:00,B_EXECUTABLE_T0_8BAR,ADDITIVE,BASELINE,197.0,16422.999999999913
2024-07-10 09:15:00+00:00,B_EXECUTABLE_T0_8BAR,ADDITIVE,BASELINE,4.0,16426.999999999913
2024-07-10 23:00:00+00:00,B_EXECUTABLE_T0_8BAR,ADDITIVE,BASELINE,-74.0,16352.999999999913
2024-07-10 23:30:00+00:00,B_EXECUTABLE_T0_8BAR,ADDITIVE,BASELINE,-142.0,16210.999999999913
2024-07-11 02:15:00+00:00,B_EXECUTABLE_T0_8BAR,ADDITIVE,BASELINE,-209.0,16001.999999999913
2024-07-11 20:45:00+00:00,B_EXECUTABLE_T0_8BAR,ADDITIVE,BASELINE,-92.0,15909.999999999913
2024-07-11 21:15:00+00:00,B_EXECUTABLE_T0_8BAR,ADDITIVE,BASELINE,-514.0,15395.999999999913
2024-07-12 00:45:00+00:00,B_EXECUTABLE_T0_8BAR,ADDITIVE,BASELINE,-242.0,15153.999999999913
2024-07-12 01:30:00+00:00,B_EXECUTABLE_T0_8BAR,ADDITIVE,SHOCK_FAILURE,-1231.9999999999993,13921.999999999913
2024-07-15 00:15:00+00:00,B_EXECUTABLE_T0_8BAR,ADDITIVE,BASELINE,-878.0,13043.999999999913
2024-07-15 20:30:00+00:00,B_EXECUTABLE_T0_8BAR,ADDITIVE,BASELINE,-276.0,12767.999999999913
2024-07-16 09:00:00+00:00,B_EXECUTABLE_T0_8BAR,ADDITIVE,BASELINE,104.0,12871.999999999913
2024-07-16 10:45:00+00:00,B_EXECUTABLE_T0_8BAR,ADDITIVE,BASELINE,-274.0,12597.999999999913
2024-07-16 13:15:00+00:00,B_EXECUTABLE_T0_8BAR,ADDITIVE,BASELINE,6.0,12603.999999999913
2024-07-17 13:00:00+00:00,B_EXECUTABLE_T0_8BAR,ADDITIVE,BASELINE,1652.0,14255.999999999913
2024-07-17 14:00:00+00:00,B_EXECUTABLE_T0_8BAR,ADDITIVE,BASELINE,1606.0,15861.999999999913
2024-07-17 15:15:00+00:00,B_EXECUTABLE_T0_8BAR,ADDITIVE,BASELINE,942.0,16803.999999999913
2024-07-17 16:15:00+00:00,B_EXECUTABLE_T0_8BAR,ADDITIVE,BASELINE,273.0,17076.999999999913
2024-07-17 16:45:00+00:00,B_EXECUTABLE_T0_8BAR,ADDITIVE,BASELINE,111.0,17187.999999999913
2024-07-17 19:15:00+00:00,B_EXECUTABLE_T0_8BAR,ADDITIVE,BASELINE,1471.0,18658.999999999913
2024-07-18 02:00:00+00:00,B_EXECUTABLE_T0_8BAR,ADDITIVE,SHOCK_FAILURE,576.9999999999982,19235.999999999913
2024-07-18 23:45:00+00:00,B_EXECUTABLE_T0_8BAR,ADDITIVE,BASELINE,227.0,19462.999999999913
2024-07-19 00:45:00+00:00,B_EXECUTABLE_T0_8BAR,ADDITIVE,BASELINE,251.0,19713.999999999913
2024-07-19 02:45:00+00:00,B_EXECUTABLE_T0_8BAR,ADDITIVE,BASELINE,164.0,19877.999999999913
2024-07-19 03:15:00+00:00,B_EXECUTABLE_T0_8BAR,ADDITIVE,BASELINE,39.0,19916.999999999913
2024-07-19 09:45:00+00:00,B_EXECUTABLE_T0_8BAR,ADDITIVE,BASELINE,-122.0,19794.999999999913
2024-07-19 13:15:00+00:00,B_EXECUTABLE_T0_8BAR,ADDITIVE,BASELINE,-1.0,19793.999999999913
2024-07-19 13:45:00+00:00,B_EXECUTABLE_T0_8BAR,ADDITIVE,BASELINE,-279.0,19514.999999999913
2024-07-22 14:15:00+00:00,B_EXECUTABLE_T0_8BAR,ADDITIVE,BASELINE,-138.0,19376.999999999913
2024-07-22 14:45:00+00:00,B_EXECUTABLE_T0_8BAR,ADDITIVE,BASELINE,-505.0,18871.999999999913
2024-07-23 12:00:00+00:00,B_EXECUTABLE_T0_8BAR,ADDITIVE,BASELINE,120.0,18991.999999999913
2024-07-23 16:00:00+00:00,B_EXECUTABLE_T0_8BAR,ADDITIVE,BASELINE,15.0,19006.999999999913
2024-07-23 20:00:00+00:00,B_EXECUTABLE_T0_8BAR,ADDITIVE,BASELINE,396.0,19402.999999999913
2024-07-24 00:45:00+00:00,B_EXECUTABLE_T0_8BAR,ADDITIVE,BASELINE,-217.0,19185.999999999913
2024-07-24 01:30:00+00:00,B_EXECUTABLE_T0_8BAR,ADDITIVE,BASELINE,167.0,19352.999999999913
2024-07-24 09:15:00+00:00,B_EXECUTABLE_T0_8BAR,ADDITIVE,BASELINE,600.0,19952.999999999913
2024-07-24 10:00:00+00:00,B_EXECUTABLE_T0_8BAR,ADDITIVE,BASELINE,466.0,20418.999999999913
2024-07-24 12:15:00+00:00,B_EXECUTABLE_T0_8BAR,ADDITIVE,BASELINE,669.0,21087.999999999913
2024-07-24 12:45:00+00:00,B_EXECUTABLE_T0_8BAR,ADDITIVE,BASELINE,660.0,21747.999999999913
2024-07-24 19:45:00+00:00,B_EXECUTABLE_T0_8BAR,ADDITIVE,BASELINE,264.0,22011.999999999913
2024-07-24 20:30:00+00:00,B_EXECUTABLE_T0_8BAR,ADDITIVE,BASELINE,-39.0,21972.999999999913
2024-07-24 21:00:00+00:00,B_EXECUTABLE_T0_8BAR,ADDITIVE,BASELINE,-47.0,21925.999999999913
2024-07-24 21:45:00+00:00,B_EXECUTABLE_T0_8BAR,ADDITIVE,BASELINE,-62.0,21863.999999999913
2024-07-24 23:45:00+00:00,B_EXECUTABLE_T0_8BAR,ADDITIVE,BASELINE,318.0,22181.999999999913
2024-07-25 08:45:00+00:00,B_EXECUTABLE_T0_8BAR,ADDITIVE,BASELINE,531.0,22712.999999999913
2024-07-25 09:45:00+00:00,B_EXECUTABLE_T0_8BAR,ADDITIVE,BASELINE,385.0,23097.999999999913
2024-07-25 11:00:00+00:00,B_EXECUTABLE_T0_8BAR,ADDITIVE,BASELINE,426.0,23523.999999999913
2024-07-25 15:45:00+00:00,B_EXECUTABLE_T0_8BAR,ADDITIVE,BASELINE,-1740.0,21783.999999999913
2024-07-25 16:30:00+00:00,B_EXECUTABLE_T0_8BAR,ADDITIVE,SHOCK_FAILURE,674.999999999983,22458.999999999894
2024-07-25 19:45:00+00:00,B_EXECUTABLE_T0_8BAR,ADDITIVE,BASELINE,-1723.0,20735.999999999894
2024-07-26 00:30:00+00:00,B_EXECUTABLE_T0_8BAR,ADDITIVE,BASELINE,-566.0,20169.999999999894
2024-07-26 16:45:00+00:00,B_EXECUTABLE_T0_8BAR,ADDITIVE,BASELINE,-588.0,19581.999999999894
2024-07-26 18:45:00+00:00,B_EXECUTABLE_T0_8BAR,ADDITIVE,BASELINE,-696.0,18885.999999999894
2024-07-26 20:30:00+00:00,B_EXECUTABLE_T0_8BAR,ADDITIVE,BASELINE,-506.0,18379.999999999894
2024-07-30 12:45:00+00:00,B_EXECUTABLE_T0_8BAR,ADDITIVE,BASELINE,595.0,18974.999999999894
2024-07-30 14:30:00+00:00,B_EXECUTABLE_T0_8BAR,ADDITIVE,BASELINE,-326.0,18648.999999999894
2024-07-31 00:30:00+00:00,B_EXECUTABLE_T0_8BAR,ADDITIVE,BASELINE,976.0,19624.999999999894
2024-07-31 01:00:00+00:00,B_EXECUTABLE_T0_8BAR,ADDITIVE,BASELINE,860.0,20484.999999999894
2024-07-31 08:45:00+00:00,B_EXECUTABLE_T0_8BAR,ADDITIVE,BASELINE,1780.0,22264.999999999894
2024-07-31 16:00:00+00:00,B_EXECUTABLE_T0_8BAR,ADDITIVE,BASELINE,536.0,22800.999999999894
2024-07-31 20:00:00+00:00,B_EXECUTABLE_T0_8BAR,ADDITIVE,BASELINE,1130.0,23930.999999999894
2024-07-31 20:30:00+00:00,B_EXECUTABLE_T0_8BAR,ADDITIVE,BASELINE,-182.0,23748.999999999894
2024-08-01 09:00:00+00:00,B_EXECUTABLE_T0_8BAR,ADDITIVE,BASELINE,-268.0,23480.999999999894
2024-08-01 23:15:00+00:00,B_EXECUTABLE_T0_8BAR,ADDITIVE,BASELINE,-1287.0,22193.999999999894
2024-08-02 15:15:00+00:00,B_EXECUTABLE_T0_8BAR,ADDITIVE,BASELINE,2149.0,24342.999999999894
2024-08-02 15:30:00+00:00,B_EXECUTABLE_T0_8BAR,ADDITIVE,SHOCK_FAILURE,1140.0000000000148,25482.99999999991
2024-08-02 19:15:00+00:00,B_EXECUTABLE_T0_8BAR,ADDITIVE,BASELINE,2171.0,27653.99999999991
2024-08-02 20:45:00+00:00,B_EXECUTABLE_T0_8BAR,ADDITIVE,BASELINE,744.0,28397.99999999991
2024-08-05 01:15:00+00:00,B_EXECUTABLE_T0_8BAR,ADDITIVE,BASELINE,2022.0,30419.99999999991
2024-08-05 01:45:00+00:00,B_EXECUTABLE_T0_8BAR,ADDITIVE,BASELINE,1682.0,32101.99999999991
2024-08-05 02:30:00+00:00,B_EXECUTABLE_T0_8BAR,ADDITIVE,BASELINE,1134.0,33235.99999999991
2024-08-05 08:15:00+00:00,B_EXECUTABLE_T0_8BAR,ADDITIVE,BASELINE,2452.0,35687.99999999991
2024-08-05 09:15:00+00:00,B_EXECUTABLE_T0_8BAR,ADDITIVE,BASELINE,2526.0,38213.99999999991
2024-08-05 12:00:00+00:00,B_EXECUTABLE_T0_8BAR,ADDITIVE,BASELINE,2051.0,40264.99999999991
2024-08-06 08:15:00+00:00,B_EXECUTABLE_T0_8BAR,ADDITIVE,BASELINE,-1498.0,38766.99999999991
2024-08-07 09:45:00+00:00,B_EXECUTABLE_T0_8BAR,ADDITIVE,BASELINE,857.0,39623.99999999991
2024-08-07 12:30:00+00:00,B_EXECUTABLE_T0_8BAR,ADDITIVE,BASELINE,-766.0,38857.99999999991
2024-08-09 00:45:00+00:00,B_EXECUTABLE_T0_8BAR,ADDITIVE,BASELINE,220.0,39077.99999999991
2024-08-12 01:30:00+00:00,B_EXECUTABLE_T0_8BAR,ADDITIVE,BASELINE,-381.0,38696.99999999991
2024-08-12 03:45:00+00:00,B_EXECUTABLE_T0_8BAR,ADDITIVE,BASELINE,-375.0,38321.99999999991
2024-08-12 16:30:00+00:00,B_EXECUTABLE_T0_8BAR,ADDITIVE,BASELINE,-2.0,38319.99999999991
2024-08-12 19:15:00+00:00,B_EXECUTABLE_T0_8BAR,ADDITIVE,BASELINE,-333.0,37986.99999999991
2024-08-12 20:15:00+00:00,B_EXECUTABLE_T0_8BAR,ADDITIVE,BASELINE,-84.0,37902.99999999991
2024-08-12 21:00:00+00:00,B_EXECUTABLE_T0_8BAR,ADDITIVE,BASELINE,-545.0,37357.99999999991
2024-08-14 01:00:00+00:00,B_EXECUTABLE_T0_8BAR,ADDITIVE,BASELINE,-361.0,36996.99999999991
2024-08-14 03:15:00+00:00,B_EXECUTABLE_T0_8BAR,ADDITIVE,BASELINE,209.0,37205.99999999991
2024-08-14 10:15:00+00:00,B_EXECUTABLE_T0_8BAR,ADDITIVE,BASELINE,-530.0,36675.99999999991
2024-08-14 10:45:00+00:00,B_EXECUTABLE_T0_8BAR,ADDITIVE,BASELINE,-670.0,36005.99999999991
2024-08-14 20:00:00+00:00,B_EXECUTABLE_T0_8BAR,ADDITIVE,BASELINE,-69.0,35936.99999999991
2024-08-15 20:45:00+00:00,B_EXECUTABLE_T0_8BAR,ADDITIVE,BASELINE,510.0,36446.99999999991
2024-08-16 00:45:00+00:00,B_EXECUTABLE_T0_8BAR,ADDITIVE,BASELINE,224.0,36670.99999999991
2024-08-16 20:45:00+00:00,B_EXECUTABLE_T0_8BAR,ADDITIVE,BASELINE,1110.0,37780.99999999991
2024-08-19 09:45:00+00:00,B_EXECUTABLE_T0_8BAR,ADDITIVE,BASELINE,1432.0,39212.99999999991
2024-08-19 11:15:00+00:00,B_EXECUTABLE_T0_8BAR,ADDITIVE,BASELINE,562.0,39774.99999999991
2024-08-19 11:45:00+00:00,B_EXECUTABLE_T0_8BAR,ADDITIVE,BASELINE,221.0,39995.99999999991
2024-08-19 12:45:00+00:00,B_EXECUTABLE_T0_8BAR,ADDITIVE,BASELINE,-226.0,39769.99999999991
2024-08-19 14:00:00+00:00,B_EXECUTABLE_T0_8BAR,ADDITIVE,BASELINE,-981.0,38788.99999999991
2024-08-20 13:30:00+00:00,B_EXECUTABLE_T0_8BAR,ADDITIVE,BASELINE,-1187.0,37601.99999999991
2024-08-20 22:30:00+00:00,B_EXECUTABLE_T0_8BAR,ADDITIVE,BASELINE,629.0,38230.99999999991
2024-08-21 00:45:00+00:00,B_EXECUTABLE_T0_8BAR,ADDITIVE,BASELINE,312.0,38542.99999999991
2024-08-21 19:45:00+00:00,B_EXECUTABLE_T0_8BAR,ADDITIVE,BASELINE,-1139.0,37403.99999999991
2024-08-22 02:15:00+00:00,B_EXECUTABLE_T0_8BAR,ADDITIVE,BASELINE,-957.0,36446.99999999991
2024-08-22 21:15:00+00:00,B_EXECUTABLE_T0_8BAR,ADDITIVE,BASELINE,504.0,36950.99999999991
2024-08-26 01:15:00+00:00,B_EXECUTABLE_T0_8BAR,ADDITIVE,BASELINE,1673.0,38623.99999999991
2024-08-26 02:15:00+00:00,B_EXECUTABLE_T0_8BAR,ADDITIVE,BASELINE,1196.0,39819.99999999991
2024-08-26 04:30:00+00:00,B_EXECUTABLE_T0_8BAR,ADDITIVE,BASELINE,720.0,40539.99999999991
2024-08-26 08:15:00+00:00,B_EXECUTABLE_T0_8BAR,ADDITIVE,BASELINE,19.0,40558.99999999991
2024-08-27 08:15:00+00:00,B_EXECUTABLE_T0_8BAR,ADDITIVE,BASELINE,359.0,40917.99999999991
2024-08-27 08:45:00+00:00,B_EXECUTABLE_T0_8BAR,ADDITIVE,BASELINE,310.0,41227.99999999991
2024-08-27 10:45:00+00:00,B_EXECUTABLE_T0_8BAR,ADDITIVE,BASELINE,-162.0,41065.99999999991
2024-08-27 15:30:00+00:00,B_EXECUTABLE_T0_8BAR,ADDITIVE,BASELINE,-797.0,40268.99999999991
2024-08-27 19:30:00+00:00,B_EXECUTABLE_T0_8BAR,ADDITIVE,BASELINE,-1059.0,39209.99999999991
2024-08-28 00:30:00+00:00,B_EXECUTABLE_T0_8BAR,ADDITIVE,BASELINE,37.0,39246.99999999991
2024-08-28 00:45:00+00:00,B_EXECUTABLE_T0_8BAR,ADDITIVE,BASELINE,178.0,39424.99999999991
2024-08-28 01:15:00+00:00,B_EXECUTABLE_T0_8BAR,ADDITIVE,BASELINE,-149.0,39275.99999999991
2024-08-28 20:30:00+00:00,B_EXECUTABLE_T0_8BAR,ADDITIVE,BASELINE,-118.0,39157.99999999991
2024-08-28 21:15:00+00:00,B_EXECUTABLE_T0_8BAR,ADDITIVE,BASELINE,-343.0,38814.99999999991
2024-08-28 21:45:00+00:00,B_EXECUTABLE_T0_8BAR,ADDITIVE,BASELINE,-512.0,38302.99999999991
2024-08-29 00:30:00+00:00,B_EXECUTABLE_T0_8BAR,ADDITIVE,BASELINE,-217.0,38085.99999999991
2024-08-29 20:45:00+00:00,B_EXECUTABLE_T0_8BAR,ADDITIVE,BASELINE,-356.0,37729.99999999991
2024-08-30 00:45:00+00:00,B_EXECUTABLE_T0_8BAR,ADDITIVE,BASELINE,-454.0,37275.99999999991
2024-08-30 16:30:00+00:00,B_EXECUTABLE_T0_8BAR,ADDITIVE,SHOCK_FAILURE,467.9999999999893,37743.999999999905
2024-08-30 20:45:00+00:00,B_EXECUTABLE_T0_8BAR,ADDITIVE,BASELINE,512.0,38255.999999999905
2024-09-02 00:00:00+00:00,B_EXECUTABLE_T0_8BAR,ADDITIVE,BASELINE,1278.0,39533.999999999905
2024-09-02 02:45:00+00:00,B_EXECUTABLE_T0_8BAR,ADDITIVE,BASELINE,220.0,39753.999999999905
2024-09-02 08:15:00+00:00,B_EXECUTABLE_T0_8BAR,ADDITIVE,BASELINE,175.0,39928.999999999905
2024-09-02 16:15:00+00:00,B_EXECUTABLE_T0_8BAR,ADDITIVE,BASELINE,405.0,40333.999999999905
2024-09-02 19:46:00+00:00,B_EXECUTABLE_T0_8BAR,ADDITIVE,BASELINE,-96.0,40237.999999999905
2024-09-02 20:15:00+00:00,B_EXECUTABLE_T0_8BAR,ADDITIVE,BASELINE,337.0,40574.999999999905
2024-09-02 21:30:00+00:00,B_EXECUTABLE_T0_8BAR,ADDITIVE,BASELINE,-269.0,40305.999999999905
2024-09-03 14:45:00+00:00,B_EXECUTABLE_T0_8BAR,ADDITIVE,BASELINE,594.0,40899.999999999905
2024-09-03 16:15:00+00:00,B_EXECUTABLE_T0_8BAR,ADDITIVE,BASELINE,41.0,40940.999999999905
2024-09-03 20:00:00+00:00,B_EXECUTABLE_T0_8BAR,ADDITIVE,BASELINE,311.0,41251.999999999905
2024-09-03 21:15:00+00:00,B_EXECUTABLE_T0_8BAR,ADDITIVE,BASELINE,143.0,41394.999999999905
2024-09-03 22:00:00+00:00,B_EXECUTABLE_T0_8BAR,ADDITIVE,BASELINE,14.0,41408.999999999905
2024-09-04 08:45:00+00:00,B_EXECUTABLE_T0_8BAR,ADDITIVE,BASELINE,-130.0,41278.999999999905
2024-09-04 15:00:00+00:00,B_EXECUTABLE_T0_8BAR,ADDITIVE,BASELINE,752.0,42030.999999999905
2024-09-04 19:30:00+00:00,B_EXECUTABLE_T0_8BAR,ADDITIVE,BASELINE,894.0,42924.999999999905
2024-09-04 22:15:00+00:00,B_EXECUTABLE_T0_8BAR,ADDITIVE,BASELINE,735.0,43659.999999999905
2024-09-05 01:45:00+00:00,B_EXECUTABLE_T0_8BAR,ADDITIVE,BASELINE,285.0,43944.999999999905
2024-09-05 03:00:00+00:00,B_EXECUTABLE_T0_8BAR,ADDITIVE,BASELINE,52.0,43996.999999999905
2024-09-05 14:30:00+00:00,B_EXECUTABLE_T0_8BAR,ADDITIVE,BASELINE,-717.0,43279.999999999905
2024-09-05 17:00:00+00:00,B_EXECUTABLE_T0_8BAR,ADDITIVE,SHOCK_FAILURE,483.0000000000041,43762.99999999991
2024-09-05 20:30:00+00:00,B_EXECUTABLE_T0_8BAR,ADDITIVE,BASELINE,-435.0,43327.99999999991
2024-09-06 00:30:00+00:00,B_EXECUTABLE_T0_8BAR,ADDITIVE,BASELINE,-379.0,42948.99999999991
2024-09-06 13:15:00+00:00,B_EXECUTABLE_T0_8BAR,ADDITIVE,BASELINE,-479.0,42469.99999999991
2024-09-06 14:30:00+00:00,B_EXECUTABLE_T0_8BAR,ADDITIVE,BASELINE,-283.0,42186.99999999991
2024-09-06 15:15:00+00:00,B_EXECUTABLE_T0_8BAR,ADDITIVE,BASELINE,-122.0,42064.99999999991
2024-09-06 16:00:00+00:00,B_EXECUTABLE_T0_8BAR,ADDITIVE,SHOCK_FAILURE,1371.0000000000093,43435.99999999992
2024-09-06 19:15:00+00:00,B_EXECUTABLE_T0_8BAR,ADDITIVE,BASELINE,-276.0,43159.99999999992
2024-09-09 19:15:00+00:00,B_EXECUTABLE_T0_8BAR,ADDITIVE,BASELINE,-479.0,42680.99999999992
2024-09-10 20:00:00+00:00,B_EXECUTABLE_T0_8BAR,ADDITIVE,BASELINE,-1307.0,41373.99999999992
2024-09-10 22:15:00+00:00,B_EXECUTABLE_T0_8BAR,ADDITIVE,BASELINE,233.0,41606.99999999992
2024-09-10 23:45:00+00:00,B_EXECUTABLE_T0_8BAR,ADDITIVE,BASELINE,670.0,42276.99999999992
2024-09-10 23:45:00+00:00,B_EXECUTABLE_T0_8BAR,ADDITIVE,BASELINE,96.0,42372.99999999992
2024-09-11 08:15:00+00:00,B_EXECUTABLE_T0_8BAR,ADDITIVE,BASELINE,510.0,42882.99999999992
2024-09-11 09:45:00+00:00,B_EXECUTABLE_T0_8BAR,ADDITIVE,BASELINE,543.0,43425.99999999992
2024-09-11 11:45:00+00:00,B_EXECUTABLE_T0_8BAR,ADDITIVE,BASELINE,-449.0,42976.99999999992
2024-09-11 12:15:00+00:00,B_EXECUTABLE_T0_8BAR,ADDITIVE,BASELINE,-713.0,42263.99999999992
2024-09-11 13:30:00+00:00,B_EXECUTABLE_T0_8BAR,ADDITIVE,BASELINE,-1539.0,40724.99999999992
2024-09-12 03:30:00+00:00,B_EXECUTABLE_T0_8BAR,ADDITIVE,SHOCK_FAILURE,-117.00000000001864,40607.9999999999
2024-09-12 09:15:00+00:00,B_EXECUTABLE_T0_8BAR,ADDITIVE,BASELINE,-176.0,40431.9999999999
2024-09-12 16:30:00+00:00,B_EXECUTABLE_T0_8BAR,ADDITIVE,BASELINE,-431.0,40000.9999999999
2024-09-12 20:30:00+00:00,B_EXECUTABLE_T0_8BAR,ADDITIVE,BASELINE,-1229.0,38771.9999999999
2024-09-13 00:45:00+00:00,B_EXECUTABLE_T0_8BAR,ADDITIVE,BASELINE,796.0,39567.9999999999
2024-09-13 03:45:00+00:00,B_EXECUTABLE_T0_8BAR,ADDITIVE,BASELINE,937.0,40504.9999999999
2024-09-13 08:00:00+00:00,B_EXECUTABLE_T0_8BAR,ADDITIVE,BASELINE,590.0,41094.9999999999
2024-09-13 09:15:00+00:00,B_EXECUTABLE_T0_8BAR,ADDITIVE,BASELINE,507.0,41601.9999999999
2024-09-13 10:30:00+00:00,B_EXECUTABLE_T0_8BAR,ADDITIVE,BASELINE,322.0,41923.9999999999
2024-09-13 10:30:00+00:00,B_EXECUTABLE_T0_8BAR,ADDITIVE,SHOCK_FAILURE,-317.99999999998363,41605.99999999991
2024-09-13 16:15:00+00:00,B_EXECUTABLE_T0_8BAR,ADDITIVE,BASELINE,-100.0,41505.99999999991
2024-09-13 20:15:00+00:00,B_EXECUTABLE_T0_8BAR,ADDITIVE,BASELINE,-413.0,41092.99999999991
2024-09-16 11:30:00+00:00,B_EXECUTABLE_T0_8BAR,ADDITIVE,BASELINE,156.0,41248.99999999991
2024-09-16 14:45:00+00:00,B_EXECUTABLE_T0_8BAR,ADDITIVE,BASELINE,-558.0,40690.99999999991
2024-09-16 15:30:00+00:00,B_EXECUTABLE_T0_8BAR,ADDITIVE,BASELINE,-910.0,39780.99999999991
2024-09-16 19:30:00+00:00,B_EXECUTABLE_T0_8BAR,ADDITIVE,BASELINE,-1107.0,38673.99999999991
2024-09-17 21:45:00+00:00,B_EXECUTABLE_T0_8BAR,ADDITIVE,BASELINE,1044.0,39717.99999999991
2024-09-18 00:30:00+00:00,B_EXECUTABLE_T0_8BAR,ADDITIVE,BASELINE,-129.0,39588.99999999991
2024-09-18 00:45:00+00:00,B_EXECUTABLE_T0_8BAR,ADDITIVE,BASELINE,877.0,40465.99999999991
2024-09-18 03:30:00+00:00,B_EXECUTABLE_T0_8BAR,ADDITIVE,BASELINE,-777.0,39688.99999999991
2024-09-19 00:15:00+00:00,B_EXECUTABLE_T0_8BAR,ADDITIVE,BASELINE,866.0,40554.99999999991
2024-09-19 02:15:00+00:00,B_EXECUTABLE_T0_8BAR,ADDITIVE,BASELINE,-2489.0,38065.99999999991
2024-09-19 08:15:00+00:00,B_EXECUTABLE_T0_8BAR,ADDITIVE,BASELINE,-142.0,37923.99999999991
2024-09-19 09:30:00+00:00,B_EXECUTABLE_T0_8BAR,ADDITIVE,BASELINE,-859.0,37064.99999999991
2024-09-20 14:30:00+00:00,B_EXECUTABLE_T0_8BAR,ADDITIVE,BASELINE,-2313.0,34751.99999999991
2024-09-20 17:00:00+00:00,B_EXECUTABLE_T0_8BAR,ADDITIVE,BASELINE,-60.0,34691.99999999991
2024-09-20 18:00:00+00:00,B_EXECUTABLE_T0_8BAR,ADDITIVE,BASELINE,33.0,34724.99999999991
2024-09-20 18:45:00+00:00,B_EXECUTABLE_T0_8BAR,ADDITIVE,BASELINE,-289.0,34435.99999999991
2024-09-20 19:30:00+00:00,B_EXECUTABLE_T0_8BAR,ADDITIVE,BASELINE,684.0,35119.99999999991
2024-09-23 19:15:00+00:00,B_EXECUTABLE_T0_8BAR,ADDITIVE,BASELINE,397.0,35516.99999999991
2024-09-23 19:15:00+00:00,B_EXECUTABLE_T0_8BAR,ADDITIVE,BASELINE,-151.0,35365.99999999991
2024-09-24 14:45:00+00:00,B_EXECUTABLE_T0_8BAR,ADDITIVE,BASELINE,-853.0,34512.99999999991
2024-09-24 19:15:00+00:00,B_EXECUTABLE_T0_8BAR,ADDITIVE,BASELINE,-1387.0,33125.99999999991
2024-09-25 03:15:00+00:00,B_EXECUTABLE_T0_8BAR,ADDITIVE,BASELINE,-153.0,32972.99999999991
2024-09-25 19:00:00+00:00,B_EXECUTABLE_T0_8BAR,ADDITIVE,BASELINE,394.0,33366.99999999991
2024-09-25 19:30:00+00:00,B_EXECUTABLE_T0_8BAR,ADDITIVE,BASELINE,847.0,34213.99999999991
2024-09-25 23:30:00+00:00,B_EXECUTABLE_T0_8BAR,ADDITIVE,BASELINE,102.0,34315.99999999991
2024-09-26 01:15:00+00:00,B_EXECUTABLE_T0_8BAR,ADDITIVE,BASELINE,60.0,34375.99999999991
2024-09-26 09:45:00+00:00,B_EXECUTABLE_T0_8BAR,ADDITIVE,BASELINE,-18.0,34357.99999999991
2024-09-26 11:45:00+00:00,B_EXECUTABLE_T0_8BAR,ADDITIVE,BASELINE,-739.0,33618.99999999991
2024-09-26 15:30:00+00:00,B_EXECUTABLE_T0_8BAR,ADDITIVE,BASELINE,-348.0,33270.99999999991
2024-09-26 16:45:00+00:00,B_EXECUTABLE_T0_8BAR,ADDITIVE,SHOCK_FAILURE,98.99999999998954,33369.999999999905
2024-09-26 19:30:00+00:00,B_EXECUTABLE_T0_8BAR,ADDITIVE,BASELINE,-505.0,32864.999999999905
2024-09-26 23:00:00+00:00,B_EXECUTABLE_T0_8BAR,ADDITIVE,BASELINE,-522.0,32342.999999999905
2024-09-27 07:45:00+00:00,B_EXECUTABLE_T0_8BAR,ADDITIVE,SHOCK_FAILURE,3098.9999999999895,35441.9999999999
2024-09-27 08:45:00+00:00,B_EXECUTABLE_T0_8BAR,ADDITIVE,BASELINE,-2203.0,33238.9999999999
2024-09-27 12:45:00+00:00,B_EXECUTABLE_T0_8BAR,ADDITIVE,BASELINE,-2743.0,30495.999999999898
2024-09-27 14:30:00+00:00,B_EXECUTABLE_T0_8BAR,ADDITIVE,BASELINE,1094.0,31589.999999999898
2024-09-27 15:00:00+00:00,B_EXECUTABLE_T0_8BAR,ADDITIVE,BASELINE,309.0,31898.999999999898
2024-09-27 19:15:00+00:00,B_EXECUTABLE_T0_8BAR,ADDITIVE,BASELINE,962.0,32860.9999999999
2024-09-30 00:00:00+00:00,B_EXECUTABLE_T0_8BAR,ADDITIVE,BASELINE,-270.0,32590.999999999898
2024-09-30 05:30:00+00:00,B_EXECUTABLE_T0_8BAR,ADDITIVE,BASELINE,120.0,32710.999999999898
2024-09-30 13:15:00+00:00,B_EXECUTABLE_T0_8BAR,ADDITIVE,BASELINE,-875.0,31835.999999999898
2024-09-30 13:45:00+00:00,B_EXECUTABLE_T0_8BAR,ADDITIVE,BASELINE,-1240.0,30595.999999999898
2024-09-30 23:45:00+00:00,B_EXECUTABLE_T0_8BAR,ADDITIVE,BASELINE,223.0,30818.999999999898
2024-10-01 01:00:00+00:00,B_EXECUTABLE_T0_8BAR,ADDITIVE,BASELINE,1012.0,31830.999999999898
2024-10-01 02:15:00+00:00,B_EXECUTABLE_T0_8BAR,ADDITIVE,BASELINE,145.0,31975.999999999898
2024-10-01 08:30:00+00:00,B_EXECUTABLE_T0_8BAR,ADDITIVE,BASELINE,-212.0,31763.999999999898
2024-10-01 11:15:00+00:00,B_EXECUTABLE_T0_8BAR,ADDITIVE,BASELINE,-436.0,31327.999999999898
2024-10-01 12:15:00+00:00,B_EXECUTABLE_T0_8BAR,ADDITIVE,BASELINE,-539.0,30788.999999999898
2024-10-02 18:45:00+00:00,B_EXECUTABLE_T0_8BAR,ADDITIVE,BASELINE,1649.0,32437.999999999898
2024-10-02 19:45:00+00:00,B_EXECUTABLE_T0_8BAR,ADDITIVE,BASELINE,1570.0,34007.9999999999
2024-10-02 20:30:00+00:00,B_EXECUTABLE_T0_8BAR,ADDITIVE,BASELINE,1194.0,35201.9999999999
2024-10-02 20:45:00+00:00,B_EXECUTABLE_T0_8BAR,ADDITIVE,BASELINE,2224.0,37425.9999999999
2024-10-02 21:45:00+00:00,B_EXECUTABLE_T0_8BAR,ADDITIVE,BASELINE,775.0,38200.9999999999
2024-10-02 22:45:00+00:00,B_EXECUTABLE_T0_8BAR,ADDITIVE,BASELINE,591.0,38791.9999999999
2024-10-03 03:00:00+00:00,B_EXECUTABLE_T0_8BAR,ADDITIVE,BASELINE,448.0,39239.9999999999
2024-10-03 03:45:00+00:00,B_EXECUTABLE_T0_8BAR,ADDITIVE,BASELINE,409.0,39648.9999999999
2024-10-03 09:00:00+00:00,B_EXECUTABLE_T0_8BAR,ADDITIVE,BASELINE,-246.0,39402.9999999999
2024-10-03 19:30:00+00:00,B_EXECUTABLE_T0_8BAR,ADDITIVE,BASELINE,-434.0,38968.9999999999
2024-10-04 12:15:00+00:00,B_EXECUTABLE_T0_8BAR,ADDITIVE,BASELINE,-284.0,38684.9999999999
2024-10-04 13:45:00+00:00,B_EXECUTABLE_T0_8BAR,ADDITIVE,BASELINE,-2476.0,36208.9999999999
2024-10-04 20:45:00+00:00,B_EXECUTABLE_T0_8BAR,ADDITIVE,BASELINE,421.0,36629.9999999999
2024-10-07 03:15:00+00:00,B_EXECUTABLE_T0_8BAR,ADDITIVE,BASELINE,-189.0,36440.9999999999
2024-10-07 03:45:00+00:00,B_EXECUTABLE_T0_8BAR,ADDITIVE,BASELINE,191.0,36631.9999999999
2024-10-07 15:30:00+00:00,B_EXECUTABLE_T0_8BAR,ADDITIVE,SHOCK_FAILURE,16.999999999995907,36648.99999999989
2024-10-07 20:30:00+00:00,B_EXECUTABLE_T0_8BAR,ADDITIVE,BASELINE,35.0,36683.99999999989
2024-10-09 13:15:00+00:00,B_EXECUTABLE_T0_8BAR,ADDITIVE,BASELINE,299.0,36982.99999999989
2024-10-09 14:00:00+00:00,B_EXECUTABLE_T0_8BAR,ADDITIVE,BASELINE,514.0,37496.99999999989
2024-10-09 16:45:00+00:00,B_EXECUTABLE_T0_8BAR,ADDITIVE,BASELINE,531.0,38027.99999999989
2024-10-09 20:15:00+00:00,B_EXECUTABLE_T0_8BAR,ADDITIVE,BASELINE,575.0,38602.99999999989
2024-10-09 20:45:00+00:00,B_EXECUTABLE_T0_8BAR,ADDITIVE,BASELINE,636.0,39238.99999999989
2024-10-09 21:00:00+00:00,B_EXECUTABLE_T0_8BAR,ADDITIVE,BASELINE,372.0,39610.99999999989
2024-10-09 21:30:00+00:00,B_EXECUTABLE_T0_8BAR,ADDITIVE,BASELINE,228.0,39838.99999999989
2024-10-09 23:45:00+00:00,B_EXECUTABLE_T0_8BAR,ADDITIVE,BASELINE,-46.0,39792.99999999989
2024-10-10 00:30:00+00:00,B_EXECUTABLE_T0_8BAR,ADDITIVE,BASELINE,-217.0,39575.99999999989
2024-10-10 03:00:00+00:00,B_EXECUTABLE_T0_8BAR,ADDITIVE,BASELINE,-153.0,39422.99999999989
2024-10-10 12:30:00+00:00,B_EXECUTABLE_T0_8BAR,ADDITIVE,BASELINE,-501.0,38921.99999999989
2024-10-10 17:00:00+00:00,B_EXECUTABLE_T0_8BAR,ADDITIVE,SHOCK_FAILURE,-213.00000000002228,38708.99999999987
2024-10-10 19:45:00+00:00,B_EXECUTABLE_T0_8BAR,ADDITIVE,BASELINE,440.0,39148.99999999987
2024-10-10 20:45:00+00:00,B_EXECUTABLE_T0_8BAR,ADDITIVE,BASELINE,186.0,39334.99999999987
2024-10-14 00:30:00+00:00,B_EXECUTABLE_T0_8BAR,ADDITIVE,BASELINE,348.0,39682.99999999987
2024-10-14 16:15:00+00:00,B_EXECUTABLE_T0_8BAR,ADDITIVE,BASELINE,433.0,40115.99999999987
2024-10-14 18:45:00+00:00,B_EXECUTABLE_T0_8BAR,ADDITIVE,BASELINE,421.0,40536.99999999987
2024-10-14 20:15:00+00:00,B_EXECUTABLE_T0_8BAR,ADDITIVE,BASELINE,-10.0,40526.99999999987
2024-10-14 20:15:00+00:00,B_EXECUTABLE_T0_8BAR,ADDITIVE,BASELINE,282.0,40808.99999999987
2024-10-14 21:30:00+00:00,B_EXECUTABLE_T0_8BAR,ADDITIVE,BASELINE,-119.0,40689.99999999987
2024-10-14 22:15:00+00:00,B_EXECUTABLE_T0_8BAR,ADDITIVE,BASELINE,-146.0,40543.99999999987
2024-10-15 10:30:00+00:00,B_EXECUTABLE_T0_8BAR,ADDITIVE,SHOCK_FAILURE,-134.00000000001455,40409.999999999854
2024-10-15 16:15:00+00:00,B_EXECUTABLE_T0_8BAR,ADDITIVE,BASELINE,-190.0,40219.999999999854
2024-10-15 17:00:00+00:00,B_EXECUTABLE_T0_8BAR,ADDITIVE,SHOCK_FAILURE,213.99999999999864,40433.999999999854
2024-10-15 17:45:00+00:00,B_EXECUTABLE_T0_8BAR,ADDITIVE,BASELINE,-529.0,39904.999999999854
2024-10-15 19:15:00+00:00,B_EXECUTABLE_T0_8BAR,ADDITIVE,BASELINE,84.0,39988.999999999854
2024-10-16 19:45:00+00:00,B_EXECUTABLE_T0_8BAR,ADDITIVE,BASELINE,380.0,40368.999999999854
2024-10-16 22:30:00+00:00,B_EXECUTABLE_T0_8BAR,ADDITIVE,BASELINE,-65.0,40303.999999999854
2024-10-17 00:15:00+00:00,B_EXECUTABLE_T0_8BAR,ADDITIVE,BASELINE,-288.0,40015.999999999854
2024-10-17 01:30:00+00:00,B_EXECUTABLE_T0_8BAR,ADDITIVE,BASELINE,-386.0,39629.999999999854
2024-10-17 16:45:00+00:00,B_EXECUTABLE_T0_8BAR,ADDITIVE,BASELINE,396.0,40025.999999999854
2024-10-17 19:15:00+00:00,B_EXECUTABLE_T0_8BAR,ADDITIVE,BASELINE,593.0,40618.999999999854
2024-10-17 20:45:00+00:00,B_EXECUTABLE_T0_8BAR,ADDITIVE,BASELINE,248.0,40866.999999999854
2024-10-18 00:15:00+00:00,B_EXECUTABLE_T0_8BAR,ADDITIVE,BASELINE,-224.0,40642.999999999854
2024-10-18 03:15:00+00:00,B_EXECUTABLE_T0_8BAR,ADDITIVE,BASELINE,-352.0,40290.999999999854
2024-10-21 02:15:00+00:00,B_EXECUTABLE_T0_8BAR,ADDITIVE,BASELINE,261.0,40551.999999999854
2024-10-21 03:30:00+00:00,B_EXECUTABLE_T0_8BAR,ADDITIVE,BASELINE,346.0,40897.999999999854
2024-10-21 08:30:00+00:00,B_EXECUTABLE_T0_8BAR,ADDITIVE,BASELINE,-610.0,40287.999999999854
2024-10-21 09:30:00+00:00,B_EXECUTABLE_T0_8BAR,ADDITIVE,BASELINE,-645.0,39642.999999999854
2024-10-21 19:15:00+00:00,B_EXECUTABLE_T0_8BAR,ADDITIVE,BASELINE,1042.0,40684.999999999854
2024-10-21 22:00:00+00:00,B_EXECUTABLE_T0_8BAR,ADDITIVE,BASELINE,590.0,41274.999999999854
2024-10-21 23:45:00+00:00,B_EXECUTABLE_T0_8BAR,ADDITIVE,BASELINE,302.0,41576.999999999854
2024-10-22 01:15:00+00:00,B_EXECUTABLE_T0_8BAR,ADDITIVE,BASELINE,-127.0,41449.999999999854
2024-10-22 03:30:00+00:00,B_EXECUTABLE_T0_8BAR,ADDITIVE,BASELINE,122.0,41571.999999999854
2024-10-22 11:30:00+00:00,B_EXECUTABLE_T0_8BAR,ADDITIVE,BASELINE,-143.0,41428.999999999854
2024-10-22 12:15:00+00:00,B_EXECUTABLE_T0_8BAR,ADDITIVE,BASELINE,-297.0,41131.999999999854
2024-10-22 23:45:00+00:00,B_EXECUTABLE_T0_8BAR,ADDITIVE,BASELINE,-12.0,41119.999999999854
2024-10-23 00:15:00+00:00,B_EXECUTABLE_T0_8BAR,ADDITIVE,BASELINE,127.0,41246.999999999854
2024-10-23 08:15:00+00:00,B_EXECUTABLE_T0_8BAR,ADDITIVE,BASELINE,1165.0,42411.999999999854
2024-10-23 09:00:00+00:00,B_EXECUTABLE_T0_8BAR,ADDITIVE,BASELINE,941.0,43352.999999999854
2024-10-23 11:15:00+00:00,B_EXECUTABLE_T0_8BAR,ADDITIVE,BASELINE,984.0,44336.999999999854
2024-10-23 12:15:00+00:00,B_EXECUTABLE_T0_8BAR,ADDITIVE,BASELINE,1152.0,45488.999999999854
2024-10-23 12:45:00+00:00,B_EXECUTABLE_T0_8BAR,ADDITIVE,BASELINE,1103.0,46591.999999999854
2024-10-23 15:15:00+00:00,B_EXECUTABLE_T0_8BAR,ADDITIVE,BASELINE,458.0,47049.999999999854
2024-10-23 17:30:00+00:00,B_EXECUTABLE_T0_8BAR,ADDITIVE,BASELINE,157.0,47206.999999999854
2024-10-23 18:45:00+00:00,B_EXECUTABLE_T0_8BAR,ADDITIVE,BASELINE,-199.0,47007.999999999854
2024-10-23 19:15:00+00:00,B_EXECUTABLE_T0_8BAR,ADDITIVE,BASELINE,200.0,47207.999999999854
2024-10-23 19:30:00+00:00,B_EXECUTABLE_T0_8BAR,ADDITIVE,BASELINE,-212.0,46995.999999999854
2024-10-23 20:30:00+00:00,B_EXECUTABLE_T0_8BAR,ADDITIVE,BASELINE,-453.0,46542.999999999854
2024-10-24 15:00:00+00:00,B_EXECUTABLE_T0_8BAR,ADDITIVE,BASELINE,125.0,46667.999999999854
2024-10-24 16:45:00+00:00,B_EXECUTABLE_T0_8BAR,ADDITIVE,BASELINE,325.0,46992.999999999854
2024-10-24 17:45:00+00:00,B_EXECUTABLE_T0_8BAR,ADDITIVE,BASELINE,221.0,47213.999999999854
2024-10-24 20:45:00+00:00,B_EXECUTABLE_T0_8BAR,ADDITIVE,BASELINE,190.0,47403.999999999854
2024-10-25 00:15:00+00:00,B_EXECUTABLE_T0_8BAR,ADDITIVE,BASELINE,-89.0,47314.999999999854
2024-10-25 01:30:00+00:00,B_EXECUTABLE_T0_8BAR,ADDITIVE,BASELINE,-334.0,46980.999999999854
2024-10-25 13:15:00+00:00,B_EXECUTABLE_T0_8BAR,ADDITIVE,BASELINE,-457.0,46523.999999999854
2024-10-28 03:30:00+00:00,B_EXECUTABLE_T0_8BAR,ADDITIVE,BASELINE,1410.0,47933.999999999854
2024-10-28 04:15:00+00:00,B_EXECUTABLE_T0_8BAR,ADDITIVE,BASELINE,1212.0,49145.999999999854
2024-10-28 06:15:00+00:00,B_EXECUTABLE_T0_8BAR,ADDITIVE,BASELINE,1042.0,50187.999999999854
2024-10-28 08:15:00+00:00,B_EXECUTABLE_T0_8BAR,ADDITIVE,BASELINE,289.0,50476.999999999854
2024-10-28 09:00:00+00:00,B_EXECUTABLE_T0_8BAR,ADDITIVE,BASELINE,-291.0,50185.999999999854
2024-10-28 09:45:00+00:00,B_EXECUTABLE_T0_8BAR,ADDITIVE,BASELINE,-748.0,49437.999999999854
2024-10-28 22:15:00+00:00,B_EXECUTABLE_T0_8BAR,ADDITIVE,BASELINE,-585.0,48852.999999999854
2024-10-29 16:45:00+00:00,B_EXECUTABLE_T0_8BAR,ADDITIVE,BASELINE,176.0,49028.999999999854
2024-10-29 18:15:00+00:00,B_EXECUTABLE_T0_8BAR,ADDITIVE,BASELINE,79.0,49107.999999999854
2024-10-29 19:45:00+00:00,B_EXECUTABLE_T0_8BAR,ADDITIVE,BASELINE,183.0,49290.999999999854
2024-10-29 20:00:00+00:00,B_EXECUTABLE_T0_8BAR,ADDITIVE,BASELINE,-256.0,49034.999999999854
2024-10-30 17:00:00+00:00,B_EXECUTABLE_T0_8BAR,ADDITIVE,BASELINE,-234.0,48800.999999999854
2024-10-30 20:30:00+00:00,B_EXECUTABLE_T0_8BAR,ADDITIVE,BASELINE,-345.0,48455.999999999854
2024-10-31 09:00:00+00:00,B_EXECUTABLE_T0_8BAR,ADDITIVE,BASELINE,-1131.0,47324.999999999854
2024-10-31 09:15:00+00:00,B_EXECUTABLE_T0_8BAR,ADDITIVE,SHOCK_FAILURE,98.99999999998954,47423.99999999985
2024-10-31 14:45:00+00:00,B_EXECUTABLE_T0_8BAR,ADDITIVE,BASELINE,33.0,47456.99999999985
2024-10-31 16:15:00+00:00,B_EXECUTABLE_T0_8BAR,ADDITIVE,SHOCK_FAILURE,453.9999999999793,47910.999999999825
2024-10-31 16:30:00+00:00,B_EXECUTABLE_T0_8BAR,ADDITIVE,BASELINE,-407.0,47503.999999999825
2024-10-31 20:30:00+00:00,B_EXECUTABLE_T0_8BAR,ADDITIVE,BASELINE,-12.0,47491.999999999825
2024-11-01 20:45:00+00:00,B_EXECUTABLE_T0_8BAR,ADDITIVE,BASELINE,329.0,47820.999999999825
2024-11-04 10:00:00+00:00,B_EXECUTABLE_T0_8BAR,ADDITIVE,BASELINE,-102.0,47718.999999999825
2024-11-04 11:15:00+00:00,B_EXECUTABLE_T0_8BAR,ADDITIVE,BASELINE,-99.0,47619.999999999825
2024-11-04 20:00:00+00:00,B_EXECUTABLE_T0_8BAR,ADDITIVE,BASELINE,-600.0,47019.999999999825
2024-11-05 00:00:00+00:00,B_EXECUTABLE_T0_8BAR,ADDITIVE,BASELINE,-728.0,46291.999999999825
2024-11-05 08:45:00+00:00,B_EXECUTABLE_T0_8BAR,ADDITIVE,BASELINE,-182.0,46109.999999999825
2024-11-05 09:15:00+00:00,B_EXECUTABLE_T0_8BAR,ADDITIVE,BASELINE,-248.0,45861.999999999825
2024-11-05 12:15:00+00:00,B_EXECUTABLE_T0_8BAR,ADDITIVE,BASELINE,-335.0,45526.999999999825
2024-11-05 13:15:00+00:00,B_EXECUTABLE_T0_8BAR,ADDITIVE,BASELINE,-258.0,45268.999999999825
2024-11-06 01:15:00+00:00,B_EXECUTABLE_T0_8BAR,ADDITIVE,BASELINE,-1121.0,44147.999999999825
2024-11-06 01:45:00+00:00,B_EXECUTABLE_T0_8BAR,ADDITIVE,BASELINE,-1263.0,42884.999999999825
2024-11-06 02:15:00+00:00,B_EXECUTABLE_T0_8BAR,ADDITIVE,BASELINE,-1765.0,41119.999999999825
2024-11-06 02:15:00+00:00,B_EXECUTABLE_T0_8BAR,ADDITIVE,SHOCK_FAILURE,1432.0000000000164,42551.99999999984
2024-11-06 08:45:00+00:00,B_EXECUTABLE_T0_8BAR,ADDITIVE,BASELINE,1378.0,43929.99999999984
2024-11-06 09:45:00+00:00,B_EXECUTABLE_T0_8BAR,ADDITIVE,SHOCK_FAILURE,-100.99999999999909,43828.99999999984
2024-11-06 10:15:00+00:00,B_EXECUTABLE_T0_8BAR,ADDITIVE,BASELINE,719.0,44547.99999999984
2024-11-06 20:30:00+00:00,B_EXECUTABLE_T0_8BAR,ADDITIVE,BASELINE,77.0,44624.99999999984
2024-11-07 00:30:00+00:00,B_EXECUTABLE_T0_8BAR,ADDITIVE,BASELINE,178.0,44802.99999999984
2024-11-07 00:45:00+00:00,B_EXECUTABLE_T0_8BAR,ADDITIVE,BASELINE,-14.0,44788.99999999984
2024-11-07 19:15:00+00:00,B_EXECUTABLE_T0_8BAR,ADDITIVE,BASELINE,627.0,45415.99999999984
2024-11-07 21:15:00+00:00,B_EXECUTABLE_T0_8BAR,ADDITIVE,BASELINE,736.0,46151.99999999984
2024-11-07 21:45:00+00:00,B_EXECUTABLE_T0_8BAR,ADDITIVE,BASELINE,709.0,46860.99999999984
2024-11-07 22:45:00+00:00,B_EXECUTABLE_T0_8BAR,ADDITIVE,BASELINE,393.0,47253.99999999984
2024-11-07 23:30:00+00:00,B_EXECUTABLE_T0_8BAR,ADDITIVE,BASELINE,-161.0,47092.99999999984
2024-11-08 12:30:00+00:00,B_EXECUTABLE_T0_8BAR,ADDITIVE,BASELINE,192.0,47284.99999999984
2024-11-08 16:30:00+00:00,B_EXECUTABLE_T0_8BAR,ADDITIVE,BASELINE,-78.0,47206.99999999984
2024-11-08 17:00:00+00:00,B_EXECUTABLE_T0_8BAR,ADDITIVE,BASELINE,-248.0,46958.99999999984
2024-11-08 20:30:00+00:00,B_EXECUTABLE_T0_8BAR,ADDITIVE,BASELINE,-93.0,46865.99999999984
2024-11-11 10:45:00+00:00,B_EXECUTABLE_T0_8BAR,ADDITIVE,BASELINE,351.0,47216.99999999984
2024-11-11 11:45:00+00:00,B_EXECUTABLE_T0_8BAR,ADDITIVE,BASELINE,286.0,47502.99999999984
2024-11-11 12:15:00+00:00,B_EXECUTABLE_T0_8BAR,ADDITIVE,BASELINE,252.0,47754.99999999984
2024-11-11 12:45:00+00:00,B_EXECUTABLE_T0_8BAR,ADDITIVE,BASELINE,186.0,47940.99999999984
2024-11-11 16:15:00+00:00,B_EXECUTABLE_T0_8BAR,ADDITIVE,BASELINE,50.0,47990.99999999984
2024-11-11 20:15:00+00:00,B_EXECUTABLE_T0_8BAR,ADDITIVE,BASELINE,-47.0,47943.99999999984
2024-11-11 21:30:00+00:00,B_EXECUTABLE_T0_8BAR,ADDITIVE,BASELINE,-258.0,47685.99999999984
2024-11-12 17:45:00+00:00,B_EXECUTABLE_T0_8BAR,ADDITIVE,BASELINE,765.0,48450.99999999984
2024-11-12 21:45:00+00:00,B_EXECUTABLE_T0_8BAR,ADDITIVE,BASELINE,267.0,48717.99999999984
2024-11-12 21:45:00+00:00,B_EXECUTABLE_T0_8BAR,ADDITIVE,BASELINE,485.0,49202.99999999984
2024-11-13 00:00:00+00:00,B_EXECUTABLE_T0_8BAR,ADDITIVE,BASELINE,131.0,49333.99999999984
2024-11-13 00:30:00+00:00,B_EXECUTABLE_T0_8BAR,ADDITIVE,BASELINE,189.0,49522.99999999984
2024-11-13 09:00:00+00:00,B_EXECUTABLE_T0_8BAR,ADDITIVE,BASELINE,72.0,49594.99999999984
2024-11-13 14:15:00+00:00,B_EXECUTABLE_T0_8BAR,ADDITIVE,BASELINE,-696.0,48898.99999999984
2024-11-13 16:15:00+00:00,B_EXECUTABLE_T0_8BAR,ADDITIVE,BASELINE,-49.0,48849.99999999984
2024-11-13 20:15:00+00:00,B_EXECUTABLE_T0_8BAR,ADDITIVE,BASELINE,363.0,49212.99999999984
2024-11-14 01:00:00+00:00,B_EXECUTABLE_T0_8BAR,ADDITIVE,BASELINE,431.0,49643.99999999984
2024-11-14 02:15:00+00:00,B_EXECUTABLE_T0_8BAR,ADDITIVE,BASELINE,407.0,50050.99999999984
2024-11-14 03:00:00+00:00,B_EXECUTABLE_T0_8BAR,ADDITIVE,BASELINE,403.0,50453.99999999984
2024-11-14 08:45:00+00:00,B_EXECUTABLE_T0_8BAR,ADDITIVE,BASELINE,244.0,50697.99999999984
2024-11-14 10:45:00+00:00,B_EXECUTABLE_T0_8BAR,ADDITIVE,BASELINE,193.0,50890.99999999984
2024-11-14 12:45:00+00:00,B_EXECUTABLE_T0_8BAR,ADDITIVE,BASELINE,-182.0,50708.99999999984
2024-11-14 19:30:00+00:00,B_EXECUTABLE_T0_8BAR,ADDITIVE,BASELINE,-298.0,50410.99999999984
2024-11-14 23:30:00+00:00,B_EXECUTABLE_T0_8BAR,ADDITIVE,BASELINE,197.0,50607.99999999984
2024-11-15 08:00:00+00:00,B_EXECUTABLE_T0_8BAR,ADDITIVE,BASELINE,-708.0,49899.99999999984
2024-11-15 16:45:00+00:00,B_EXECUTABLE_T0_8BAR,ADDITIVE,BASELINE,781.0,50680.99999999984
2024-11-15 17:45:00+00:00,B_EXECUTABLE_T0_8BAR,ADDITIVE,BASELINE,1054.0,51734.99999999984
2024-11-15 19:15:00+00:00,B_EXECUTABLE_T0_8BAR,ADDITIVE,BASELINE,1896.0,53630.99999999984
2024-11-18 01:45:00+00:00,B_EXECUTABLE_T0_8BAR,ADDITIVE,BASELINE,439.0,54069.99999999984
2024-11-18 02:15:00+00:00,B_EXECUTABLE_T0_8BAR,ADDITIVE,BASELINE,-98.0,53971.99999999984
2024-11-18 03:15:00+00:00,B_EXECUTABLE_T0_8BAR,ADDITIVE,BASELINE,-268.0,53703.99999999984
2024-11-18 04:15:00+00:00,B_EXECUTABLE_T0_8BAR,ADDITIVE,BASELINE,-445.0,53258.99999999984
2024-11-18 05:00:00+00:00,B_EXECUTABLE_T0_8BAR,ADDITIVE,BASELINE,-730.0,52528.99999999984
2024-11-19 00:30:00+00:00,B_EXECUTABLE_T0_8BAR,ADDITIVE,BASELINE,-829.0,51699.99999999984
2024-11-19 16:45:00+00:00,B_EXECUTABLE_T0_8BAR,ADDITIVE,BASELINE,-829.0,50870.99999999984
2024-11-19 19:45:00+00:00,B_EXECUTABLE_T0_8BAR,ADDITIVE,BASELINE,42.0,50912.99999999984
2024-11-19 20:45:00+00:00,B_EXECUTABLE_T0_8BAR,ADDITIVE,BASELINE,-1150.0,49762.99999999984
2024-11-20 08:30:00+00:00,B_EXECUTABLE_T0_8BAR,ADDITIVE,BASELINE,811.0,50573.99999999984
2024-11-20 12:15:00+00:00,B_EXECUTABLE_T0_8BAR,ADDITIVE,BASELINE,732.0,51305.99999999984
2024-11-20 14:00:00+00:00,B_EXECUTABLE_T0_8BAR,ADDITIVE,BASELINE,538.0,51843.99999999984
2024-11-20 15:15:00+00:00,B_EXECUTABLE_T0_8BAR,ADDITIVE,BASELINE,-230.0,51613.99999999984
2024-11-20 15:45:00+00:00,B_EXECUTABLE_T0_8BAR,ADDITIVE,BASELINE,-330.0,51283.99999999984
2024-11-20 17:30:00+00:00,B_EXECUTABLE_T0_8BAR,ADDITIVE,BASELINE,-619.0,50664.99999999984
2024-11-20 19:15:00+00:00,B_EXECUTABLE_T0_8BAR,ADDITIVE,BASELINE,-212.0,50452.99999999984
2024-11-21 09:30:00+00:00,B_EXECUTABLE_T0_8BAR,ADDITIVE,SHOCK_FAILURE,453.9999999999793,50906.99999999982
2024-11-21 15:30:00+00:00,B_EXECUTABLE_T0_8BAR,ADDITIVE,BASELINE,662.0,51568.99999999982
2024-11-21 16:45:00+00:00,B_EXECUTABLE_T0_8BAR,ADDITIVE,BASELINE,-174.0,51394.99999999982
2024-11-21 17:15:00+00:00,B_EXECUTABLE_T0_8BAR,ADDITIVE,BASELINE,-414.0,50980.99999999982
2024-11-21 19:30:00+00:00,B_EXECUTABLE_T0_8BAR,ADDITIVE,BASELINE,93.0,51073.99999999982
2024-11-21 22:45:00+00:00,B_EXECUTABLE_T0_8BAR,ADDITIVE,BASELINE,-389.0,50684.99999999982
2024-11-25 09:30:00+00:00,B_EXECUTABLE_T0_8BAR,ADDITIVE,BASELINE,-767.0,49917.99999999982
2024-11-25 10:45:00+00:00,B_EXECUTABLE_T0_8BAR,ADDITIVE,BASELINE,-774.0,49143.99999999982
2024-11-26 01:00:00+00:00,B_EXECUTABLE_T0_8BAR,ADDITIVE,BASELINE,-530.0,48613.99999999982
2024-11-26 20:15:00+00:00,B_EXECUTABLE_T0_8BAR,ADDITIVE,BASELINE,195.0,48808.99999999982
2024-11-27 00:15:00+00:00,B_EXECUTABLE_T0_8BAR,ADDITIVE,BASELINE,356.0,49164.99999999982
2024-11-27 08:00:00+00:00,B_EXECUTABLE_T0_8BAR,ADDITIVE,BASELINE,974.0,50138.99999999982
2024-11-27 08:30:00+00:00,B_EXECUTABLE_T0_8BAR,ADDITIVE,BASELINE,1188.0,51326.99999999982
2024-11-27 09:45:00+00:00,B_EXECUTABLE_T0_8BAR,ADDITIVE,BASELINE,1110.0,52436.99999999982
2024-11-27 11:45:00+00:00,B_EXECUTABLE_T0_8BAR,ADDITIVE,BASELINE,890.0,53326.99999999982
2024-11-27 12:15:00+00:00,B_EXECUTABLE_T0_8BAR,ADDITIVE,BASELINE,916.0,54242.99999999982
2024-11-27 14:15:00+00:00,B_EXECUTABLE_T0_8BAR,ADDITIVE,BASELINE,925.0,55167.99999999982
2024-11-27 15:00:00+00:00,B_EXECUTABLE_T0_8BAR,ADDITIVE,BASELINE,713.0,55880.99999999982
2024-11-27 15:45:00+00:00,B_EXECUTABLE_T0_8BAR,ADDITIVE,BASELINE,442.0,56322.99999999982
2024-11-27 16:15:00+00:00,B_EXECUTABLE_T0_8BAR,ADDITIVE,BASELINE,229.0,56551.99999999982
2024-11-27 19:30:00+00:00,B_EXECUTABLE_T0_8BAR,ADDITIVE,BASELINE,1123.0,57674.99999999982
2024-11-27 22:30:00+00:00,B_EXECUTABLE_T0_8BAR,ADDITIVE,BASELINE,24.0,57698.99999999982
2024-11-28 00:45:00+00:00,B_EXECUTABLE_T0_8BAR,ADDITIVE,BASELINE,-928.0,56770.99999999982
2024-11-28 20:00:00+00:00,B_EXECUTABLE_T0_8BAR,ADDITIVE,BASELINE,-266.0,56504.99999999982
2024-11-29 08:15:00+00:00,B_EXECUTABLE_T0_8BAR,ADDITIVE,BASELINE,748.0,57252.99999999982
2024-11-29 08:45:00+00:00,B_EXECUTABLE_T0_8BAR,ADDITIVE,BASELINE,545.0,57797.99999999982
2024-11-29 09:15:00+00:00,B_EXECUTABLE_T0_8BAR,ADDITIVE,BASELINE,120.0,57917.99999999982
2024-11-29 10:00:00+00:00,B_EXECUTABLE_T0_8BAR,ADDITIVE,BASELINE,-226.0,57691.99999999982
2024-11-29 15:30:00+00:00,B_EXECUTABLE_T0_8BAR,ADDITIVE,BASELINE,-600.0,57091.99999999982
2024-11-29 19:30:00+00:00,B_EXECUTABLE_T0_8BAR,ADDITIVE,BASELINE,15.0,57106.99999999982
2024-12-02 02:30:00+00:00,B_EXECUTABLE_T0_8BAR,ADDITIVE,SHOCK_FAILURE,-615.0000000000091,56491.99999999981
2024-12-03 00:30:00+00:00,B_EXECUTABLE_T0_8BAR,ADDITIVE,BASELINE,-697.0,55794.99999999981
2024-12-03 22:00:00+00:00,B_EXECUTABLE_T0_8BAR,ADDITIVE,BASELINE,-721.0,55073.99999999981
2024-12-03 22:45:00+00:00,B_EXECUTABLE_T0_8BAR,ADDITIVE,BASELINE,-832.0,54241.99999999981
2024-12-04 15:15:00+00:00,B_EXECUTABLE_T0_8BAR,ADDITIVE,BASELINE,284.0,54525.99999999981
2024-12-04 16:15:00+00:00,B_EXECUTABLE_T0_8BAR,ADDITIVE,BASELINE,-178.0,54347.99999999981
2024-12-04 17:15:00+00:00,B_EXECUTABLE_T0_8BAR,ADDITIVE,BASELINE,-659.0,53688.99999999981
2024-12-04 19:00:00+00:00,B_EXECUTABLE_T0_8BAR,ADDITIVE,BASELINE,-460.0,53228.99999999981
2024-12-04 19:15:00+00:00,B_EXECUTABLE_T0_8BAR,ADDITIVE,BASELINE,46.0,53274.99999999981
2024-12-04 21:00:00+00:00,B_EXECUTABLE_T0_8BAR,ADDITIVE,BASELINE,-656.0,52618.99999999981
2024-12-06 20:15:00+00:00,B_EXECUTABLE_T0_8BAR,ADDITIVE,BASELINE,-287.0,52331.99999999981
2024-12-09 05:00:00+00:00,B_EXECUTABLE_T0_8BAR,ADDITIVE,BASELINE,-235.0,52096.99999999981
2024-12-09 05:30:00+00:00,B_EXECUTABLE_T0_8BAR,ADDITIVE,BASELINE,-425.0,51671.99999999981
2024-12-09 19:15:00+00:00,B_EXECUTABLE_T0_8BAR,ADDITIVE,BASELINE,1055.0,52726.99999999981
2024-12-09 21:00:00+00:00,B_EXECUTABLE_T0_8BAR,ADDITIVE,BASELINE,445.0,53171.99999999981
2024-12-10 01:15:00+00:00,B_EXECUTABLE_T0_8BAR,ADDITIVE,BASELINE,307.0,53478.99999999981
2024-12-10 03:15:00+00:00,B_EXECUTABLE_T0_8BAR,ADDITIVE,BASELINE,-81.0,53397.99999999981
2024-12-10 04:00:00+00:00,B_EXECUTABLE_T0_8BAR,ADDITIVE,BASELINE,-264.0,53133.99999999981
2024-12-10 08:15:00+00:00,B_EXECUTABLE_T0_8BAR,ADDITIVE,BASELINE,347.0,53480.99999999981
2024-12-10 16:00:00+00:00,B_EXECUTABLE_T0_8BAR,ADDITIVE,BASELINE,566.0,54046.99999999981
2024-12-10 20:00:00+00:00,B_EXECUTABLE_T0_8BAR,ADDITIVE,BASELINE,371.0,54417.99999999981
2024-12-10 23:15:00+00:00,B_EXECUTABLE_T0_8BAR,ADDITIVE,BASELINE,-85.0,54332.99999999981
2024-12-11 00:00:00+00:00,B_EXECUTABLE_T0_8BAR,ADDITIVE,BASELINE,-291.0,54041.99999999981
2024-12-11 16:15:00+00:00,B_EXECUTABLE_T0_8BAR,ADDITIVE,SHOCK_FAILURE,-225.9999999999991,53815.99999999981
2024-12-11 17:30:00+00:00,B_EXECUTABLE_T0_8BAR,ADDITIVE,BASELINE,111.0,53926.99999999981
2024-12-11 21:15:00+00:00,B_EXECUTABLE_T0_8BAR,ADDITIVE,BASELINE,674.0,54600.99999999981
2024-12-13 08:30:00+00:00,B_EXECUTABLE_T0_8BAR,ADDITIVE,BASELINE,126.0,54726.99999999981
2024-12-13 11:15:00+00:00,B_EXECUTABLE_T0_8BAR,ADDITIVE,BASELINE,476.0,55202.99999999981
2024-12-13 12:30:00+00:00,B_EXECUTABLE_T0_8BAR,ADDITIVE,BASELINE,389.0,55591.99999999981
2024-12-13 16:45:00+00:00,B_EXECUTABLE_T0_8BAR,ADDITIVE,BASELINE,557.0,56148.99999999981
2024-12-13 17:15:00+00:00,B_EXECUTABLE_T0_8BAR,ADDITIVE,BASELINE,516.0,56664.99999999981
2024-12-13 17:45:00+00:00,B_EXECUTABLE_T0_8BAR,ADDITIVE,BASELINE,309.0,56973.99999999981
2024-12-13 19:15:00+00:00,B_EXECUTABLE_T0_8BAR,ADDITIVE,BASELINE,190.0,57163.99999999981
2024-12-13 20:00:00+00:00,B_EXECUTABLE_T0_8BAR,ADDITIVE,BASELINE,58.0,57221.99999999981
2024-12-13 20:45:00+00:00,B_EXECUTABLE_T0_8BAR,ADDITIVE,BASELINE,520.0,57741.99999999981
2024-12-16 02:45:00+00:00,B_EXECUTABLE_T0_8BAR,ADDITIVE,BASELINE,149.0,57890.99999999981
2024-12-16 03:30:00+00:00,B_EXECUTABLE_T0_8BAR,ADDITIVE,BASELINE,52.0,57942.99999999981
2024-12-16 09:00:00+00:00,B_EXECUTABLE_T0_8BAR,ADDITIVE,BASELINE,-118.0,57824.99999999981
2024-12-16 10:00:00+00:00,B_EXECUTABLE_T0_8BAR,ADDITIVE,BASELINE,-106.0,57718.99999999981
2024-12-16 20:45:00+00:00,B_EXECUTABLE_T0_8BAR,ADDITIVE,BASELINE,16.0,57734.99999999981
2024-12-16 22:30:00+00:00,B_EXECUTABLE_T0_8BAR,ADDITIVE,BASELINE,-65.0,57669.99999999981
2024-12-16 23:00:00+00:00,B_EXECUTABLE_T0_8BAR,ADDITIVE,BASELINE,-172.0,57497.99999999981
2024-12-17 00:45:00+00:00,B_EXECUTABLE_T0_8BAR,ADDITIVE,BASELINE,210.0,57707.99999999981
2024-12-17 21:45:00+00:00,B_EXECUTABLE_T0_8BAR,ADDITIVE,BASELINE,287.0,57994.99999999981
2024-12-17 23:15:00+00:00,B_EXECUTABLE_T0_8BAR,ADDITIVE,BASELINE,-67.0,57927.99999999981
2024-12-18 01:00:00+00:00,B_EXECUTABLE_T0_8BAR,ADDITIVE,BASELINE,-275.0,57652.99999999981
2024-12-18 02:45:00+00:00,B_EXECUTABLE_T0_8BAR,ADDITIVE,BASELINE,-428.0,57224.99999999981
2024-12-18 21:45:00+00:00,B_EXECUTABLE_T0_8BAR,ADDITIVE,SHOCK_FAILURE,158.99999999999181,57383.9999999998
2024-12-19 00:00:00+00:00,B_EXECUTABLE_T0_8BAR,ADDITIVE,BASELINE,637.0,58020.9999999998
2024-12-19 01:00:00+00:00,B_EXECUTABLE_T0_8BAR,ADDITIVE,BASELINE,994.0,59014.9999999998
2024-12-19 03:15:00+00:00,B_EXECUTABLE_T0_8BAR,ADDITIVE,BASELINE,776.0,59790.9999999998
2024-12-19 11:00:00+00:00,B_EXECUTABLE_T0_8BAR,ADDITIVE,BASELINE,1858.0,61648.9999999998
2024-12-19 14:45:00+00:00,B_EXECUTABLE_T0_8BAR,ADDITIVE,BASELINE,1490.0,63138.9999999998
2024-12-19 16:30:00+00:00,B_EXECUTABLE_T0_8BAR,ADDITIVE,BASELINE,867.0,64005.9999999998
2024-12-19 19:15:00+00:00,B_EXECUTABLE_T0_8BAR,ADDITIVE,BASELINE,923.0,64928.9999999998
2024-12-19 22:45:00+00:00,B_EXECUTABLE_T0_8BAR,ADDITIVE,BASELINE,110.0,65038.9999999998
2024-12-19 23:15:00+00:00,B_EXECUTABLE_T0_8BAR,ADDITIVE,BASELINE,90.0,65128.9999999998
2024-12-20 00:00:00+00:00,B_EXECUTABLE_T0_8BAR,ADDITIVE,BASELINE,-68.0,65060.9999999998
2024-12-20 08:15:00+00:00,B_EXECUTABLE_T0_8BAR,ADDITIVE,BASELINE,-1078.0,63982.9999999998
2024-12-20 19:15:00+00:00,B_EXECUTABLE_T0_8BAR,ADDITIVE,BASELINE,778.0,64760.9999999998
2024-12-23 02:45:00+00:00,B_EXECUTABLE_T0_8BAR,ADDITIVE,BASELINE,-197.0,64563.9999999998
2024-12-23 19:15:00+00:00,B_EXECUTABLE_T0_8BAR,ADDITIVE,BASELINE,376.0,64939.9999999998
2024-12-23 20:15:00+00:00,B_EXECUTABLE_T0_8BAR,ADDITIVE,BASELINE,186.0,65125.9999999998
2024-12-23 21:45:00+00:00,B_EXECUTABLE_T0_8BAR,ADDITIVE,BASELINE,-86.0,65039.9999999998
2024-12-24 08:30:00+00:00,B_EXECUTABLE_T0_8BAR,ADDITIVE,BASELINE,-294.0,64745.9999999998
2024-12-26 09:30:00+00:00,B_EXECUTABLE_T0_8BAR,ADDITIVE,BASELINE,-77.0,64668.9999999998
2024-12-26 19:15:00+00:00,B_EXECUTABLE_T0_8BAR,ADDITIVE,BASELINE,440.0,65108.9999999998
2024-12-26 20:00:00+00:00,B_EXECUTABLE_T0_8BAR,ADDITIVE,BASELINE,388.0,65496.9999999998
2024-12-26 21:45:00+00:00,B_EXECUTABLE_T0_8BAR,ADDITIVE,BASELINE,220.0,65716.9999999998
2024-12-26 22:45:00+00:00,B_EXECUTABLE_T0_8BAR,ADDITIVE,BASELINE,-70.0,65646.9999999998
2024-12-26 23:15:00+00:00,B_EXECUTABLE_T0_8BAR,ADDITIVE,BASELINE,258.0,65904.9999999998
2024-12-26 23:45:00+00:00,B_EXECUTABLE_T0_8BAR,ADDITIVE,BASELINE,-250.0,65654.9999999998
2024-12-27 03:15:00+00:00,B_EXECUTABLE_T0_8BAR,ADDITIVE,SHOCK_FAILURE,78.99999999997931,65733.99999999978
2024-12-30 02:30:00+00:00,B_EXECUTABLE_T0_8BAR,ADDITIVE,BASELINE,-251.0,65482.99999999978
2024-12-30 08:30:00+00:00,B_EXECUTABLE_T0_8BAR,ADDITIVE,SHOCK_FAILURE,40.99999999999682,65523.99999999978
2024-12-30 14:15:00+00:00,B_EXECUTABLE_T0_8BAR,ADDITIVE,BASELINE,-576.0,64947.99999999978
2024-12-30 17:45:00+00:00,B_EXECUTABLE_T0_8BAR,ADDITIVE,SHOCK_FAILURE,108.00000000000409,65055.99999999979
2024-12-30 22:50:00+00:00,B_EXECUTABLE_T0_8BAR,ADDITIVE,BASELINE,365.0,65420.99999999979
2024-12-30 23:30:00+00:00,B_EXECUTABLE_T0_8BAR,ADDITIVE,BASELINE,621.0,66041.9999999998
2024-12-31 09:30:00+00:00,B_EXECUTABLE_T0_8BAR,ADDITIVE,BASELINE,83.0,66124.9999999998
2024-12-31 12:45:00+00:00,B_EXECUTABLE_T0_8BAR,ADDITIVE,BASELINE,-488.0,65636.9999999998
2024-12-31 20:15:00+00:00,B_EXECUTABLE_T0_8BAR,ADDITIVE,BASELINE,-1259.0,64377.999999999796
2024-12-31 21:30:00+00:00,B_EXECUTABLE_T0_8BAR,ADDITIVE,BASELINE,-249.0,64128.999999999796
