event_id,date,fold,side,side_label,reason,session,signal_bar_start,decision_time,entry_time,exit_boundary,exit_time,asian_high,asian_low,signal_open,signal_high,signal_low,signal_close,range_size_pips,sweep_depth_pips,close_back_inside_pips,entry_bid,entry_ask,exit_bid,exit_ask,entry_spread_pips,exit_spread_pips,pnl_pips,pnl_jpy,signal_global_i,entry_delay_1s_pnl_jpy,exit_delay_1s_pnl_jpy,entry_delay_5s_pnl_jpy,exit_delay_5s_pnl_jpy,entry_delay_15s_pnl_jpy,exit_delay_15s_pnl_jpy,H4_information_time,H4_bucket_start_server,H4_fast_value,H4_slow_value,H4_slope,H4_raw_state,H4_previous_raw_state,H4_state,H4_state_start,H4_state_duration_hours,H4_last_state_change,D1_information_time,D1_bucket_start_server,D1_fast_value,D1_slow_value,D1_slope,D1_raw_state,D1_previous_raw_state,D1_state,D1_state_start,D1_state_duration_hours,D1_last_state_change,H4D_state,D1D_state,H4D_fast_value,D1D_fast_value,H4D_slow_value,D1D_slow_value,schedule_class
RAW|2023-01-02|2023-01-02T11:00:00Z|1,2023-01-02,2023H1,1,LONG,asian_low,LONDON,2023-01-02 11:00:00+00:00,2023-01-02 11:15:00+00:00,2023-01-02 11:15:04.096000+00:00,2023-01-02 14:15:00+00:00,2023-01-02 14:15:11.384000+00:00,131.041,130.785,130.778,130.876,130.776,130.826,25.600000000000023,0.899999999998613,4.099999999999682,130.827,130.849,130.669,130.685,2.199999999999136,1.5999999999991132,-17.99999999999784,-179.9999999999784,52,-179.9999999999784,-179.9999999999784,-182.99999999999272,-179.9999999999784,-182.99999999999272,-179.00000000000205,2023-01-02 10:00:00+00:00,2023-01-02 08:00:00+00:00,130.9035306122449,130.91461920000003,-1.1088587755125445,Neutral,Neutral,Neutral,,,,,,,,,,,,,,,Neutral,,130.91814285714287,,130.91876000000002,,raw_only
RAW|2023-01-03|2023-01-03T08:30:00Z|-1,2023-01-03,2023H1,-1,SHORT,asian_high,LONDON,2023-01-03 08:30:00+00:00,2023-01-03 08:45:00+00:00,2023-01-03 08:45:00.559000+00:00,2023-01-03 11:45:00+00:00,2023-01-03 11:45:00.122000+00:00,130.903,129.507,130.757,130.956,130.658,130.745,139.59999999999866,5.299999999999727,15.799999999998704,130.746,130.754,130.734,130.742,0.7999999999981355,0.7999999999981355,0.40000000000190994,4.000000000019099,138,4.000000000019099,1.0000000000047748,2.0000000000095497,2.0000000000095497,12.000000000000455,10.000000000019327,2023-01-03 06:00:00+00:00,2023-01-03 04:00:00+00:00,130.36101321849617,130.72448454958962,-36.34713310934501,Neutral,Neutral,Neutral,,,,2023-01-02 22:00:00+00:00,2023-01-02 00:00:00+00:00,130.608,130.608,0.0,Neutral,Neutral,Neutral,,,,Neutral,,130.58021850589466,,130.80374407564088,,common_intersection
RAW|2023-01-04|2023-01-04T12:00:00Z|1,2023-01-04,2023H1,1,LONG,asian_low,LONDON_NY_OVERLAP,2023-01-04 12:00:00+00:00,2023-01-04 12:15:00+00:00,2023-01-04 12:15:00.069000+00:00,2023-01-04 15:15:00+00:00,2023-01-04 15:15:00.051000+00:00,131.304,130.577,130.531,130.75,130.515,130.737,72.70000000000039,6.200000000001182,15.999999999999659,130.737,130.744,131.73,131.737,0.7000000000005002,0.7000000000005002,98.599999999999,985.99999999999,248,975.9999999999991,986.9999999999948,997.9999999999905,1014.00000000001,993.9999999999998,1030.0000000000011,2023-01-04 10:00:00+00:00,2023-01-04 08:00:00+00:00,130.63460794602713,130.70625955060112,-7.165160457398656,Neutral,Neutral,Neutral,,,,2023-01-03 22:00:00+00:00,2023-01-03 00:00:00+00:00,130.722,130.63992000000002,8.20799999999906,Neutral,Neutral,Neutral,,,,Neutral,Neutral,130.72125112443797,130.608,130.73132559847946,130.608,common_intersection
RAW|2023-01-05|2023-01-05T08:45:00Z|-1,2023-01-05,2023H1,-1,SHORT,asian_high,LONDON,2023-01-05 08:45:00+00:00,2023-01-05 09:00:00+00:00,2023-01-05 09:00:00.320000+00:00,2023-01-05 12:00:00+00:00,2023-01-05 12:00:00.104000+00:00,132.623,131.681,132.811,132.84,132.552,132.588,94.19999999999789,21.700000000001296,3.499999999999659,132.589,132.595,132.452,132.457,0.6000000000000227,0.49999999999954525,13.2000000000005,132.000000000005,331,135.00000000001933,133.99999999998613,170.00000000001592,138.00000000000523,175.00000000001137,131.00000000000023,2023-01-05 06:00:00+00:00,2023-01-05 04:00:00+00:00,131.92747259066667,131.18510590163916,74.23666890275058,Neutral,Neutral,Neutral,,,,2023-01-04 22:00:00+00:00,2023-01-04 00:00:00+00:00,131.2617142857143,130.7976064,46.41078857142986,Neutral,Neutral,Neutral,,,,Neutral,Neutral,131.70606162693335,130.722,131.07241945830344,130.63992000000002,common_intersection
RAW|2023-01-06|2023-01-06T08:00:00Z|-1,2023-01-06,2023H1,-1,SHORT,asian_high,LONDON,2023-01-06 08:00:00+00:00,2023-01-06 08:15:00+00:00,2023-01-06 08:15:00.013000+00:00,2023-01-06 11:15:00+00:00,2023-01-06 11:15:00.281000+00:00,134.368,133.301,134.22,134.421,134.213,134.282,106.70000000000073,5.299999999999727,8.599999999998431,134.281,134.288,134.349,134.354,0.7000000000005002,0.5000000000023874,-7.30000000000075,-73.0000000000075,424,-71.00000000002638,-69.99999999999318,-73.0000000000075,-73.99999999998386,-70.0000000000216,-79.99999999998408,2023-01-06 06:00:00+00:00,2023-01-06 04:00:00+00:00,133.46134322628467,132.10791325480676,135.3429971477908,Up,Up,Up,2023-01-05 22:00:00+00:00,8.0,2023-01-05 22:00:00+00:00,2023-01-05 22:00:00+00:00,2023-01-05 00:00:00+00:00,131.8723673469388,131.005717888,86.66494589388094,Neutral,Neutral,Neutral,,,,Up,Neutral,133.18388051679855,131.2617142857143,131.92990571174647,130.7976064,common_intersection
RAW|2023-01-06|2023-01-06T13:45:00Z|1,2023-01-06,2023H1,1,LONG,asian_low,LONDON_NY_OVERLAP,2023-01-06 13:45:00+00:00,2023-01-06 14:00:00+00:00,2023-01-06 14:00:00.099000+00:00,2023-01-06 17:00:00+00:00,2023-01-06 17:00:00.063000+00:00,134.368,133.301,133.544,133.592,133.231,133.371,106.70000000000073,6.999999999999318,7.00000000000216,133.37,133.376,132.21,132.216,0.6000000000000227,0.6000000000000227,-116.59999999999968,-1165.9999999999968,447,-1156.9999999999823,-1164.999999999992,-1192.9999999999836,-1147.9999999999961,-1117.999999999995,-1173.0000000000018,2023-01-06 14:00:00+00:00,2023-01-06 12:00:00+00:00,133.62913429912484,132.37839377886846,125.0740520256386,Up,Up,Up,2023-01-05 22:00:00+00:00,16.0,2023-01-05 22:00:00+00:00,2023-01-05 22:00:00+00:00,2023-01-05 00:00:00+00:00,131.8723673469388,131.005717888,86.66494589388094,Neutral,Neutral,Neutral,,,,Up,Neutral,133.73238801877477,131.2617142857143,132.29208019442223,130.7976064,common_intersection
RAW|2023-01-09|2023-01-09T08:30:00Z|-1,2023-01-09,2023H1,-1,SHORT,asian_high,LONDON,2023-01-09 08:30:00+00:00,2023-01-09 08:45:00+00:00,2023-01-09 08:45:00.066000+00:00,2023-01-09 11:45:00+00:00,2023-01-09 11:45:00.128000+00:00,132.112,131.304,132.143,132.176,132.065,132.067,80.79999999999927,6.399999999999295,4.4999999999987494,132.066,132.072,132.435,132.442,0.6000000000000227,0.7000000000005002,-37.60000000000048,-376.0000000000048,522,-377.00000000000955,-379.99999999999545,-394.00000000000546,-383.0000000000098,-408.00000000001546,-379.99999999999545,2023-01-09 06:00:00+00:00,2023-01-09 04:00:00+00:00,132.341673026636,132.24807956856918,9.359345806680608,Up,Up,Up,2023-01-05 22:00:00+00:00,80.0,2023-01-05 22:00:00+00:00,2023-01-06 22:00:00+00:00,2023-01-06 00:00:00+00:00,131.91740524781343,131.08766045696,82.97447908534252,Neutral,Neutral,Neutral,,,,Up,Neutral,132.5411422372904,131.8723673469388,132.28330387887954,131.005717888,common_intersection
RAW|2023-01-10|2023-01-10T07:15:00Z|-1,2023-01-10,2023H1,-1,SHORT,asian_high,LONDON,2023-01-10 07:15:00+00:00,2023-01-10 07:30:00+00:00,2023-01-10 07:30:00.099000+00:00,2023-01-10 10:30:00+00:00,2023-01-10 10:30:01.388000+00:00,132.221,131.38,132.126,132.245,132.048,132.178,84.10000000000082,2.400000000000091,4.300000000000637,132.179,132.187,131.995,132.0,0.8000000000009777,0.49999999999954525,17.900000000000205,179.00000000000205,613,180.00000000000682,179.00000000000205,171.99999999999704,180.00000000000682,169.9999999999875,174.0000000000066,2023-01-10 06:00:00+00:00,2023-01-10 04:00:00+00:00,131.84468103461302,132.0834633415307,-23.878230691767044,Down,Down,Down,2023-01-09 14:00:00+00:00,16.0,2023-01-09 14:00:00+00:00,2023-01-09 22:00:00+00:00,2023-01-09 00:00:00+00:00,131.90300374843815,131.15000762040322,75.29961280349369,Neutral,Neutral,Neutral,,,,Down,Neutral,131.87375344845822,131.91740524781343,132.11054711035942,131.08766045696,common_intersection
RAW|2023-01-11|2023-01-11T08:30:00Z|-1,2023-01-11,2023H1,-1,SHORT,asian_high,LONDON,2023-01-11 08:30:00+00:00,2023-01-11 08:45:00+00:00,2023-01-11 08:45:00.404000+00:00,2023-01-11 11:45:00+00:00,2023-01-11 11:45:00.284000+00:00,132.578,132.089,132.649,132.673,132.534,132.537,48.90000000000043,9.499999999999886,4.099999999999682,132.541,132.545,132.544,132.55,0.39999999999906777,0.6000000000000227,-0.9000000000014552,-9.000000000014552,714,-14.000000000010004,-10.99999999999568,-6.000000000000227,-9.000000000014552,-8.000000000009777,-0.0,2023-01-11 06:00:00+00:00,2023-01-11 04:00:00+00:00,132.20184623044673,132.13649974162396,6.534648882276883,Up,Up,Up,2023-01-11 02:00:00+00:00,4.0,2023-01-11 02:00:00+00:00,2023-01-10 22:00:00+00:00,2023-01-10 00:00:00+00:00,132.0001455345987,131.23744701077095,76.2698523827737,Neutral,Neutral,Neutral,,,,Transition,Neutral,132.17898472262544,131.90300374843815,132.12584754524343,131.15000762040322,common_intersection
RAW|2023-01-13|2023-01-13T09:15:00Z|1,2023-01-13,2023H1,1,LONG,asian_low,LONDON,2023-01-13 09:15:00+00:00,2023-01-13 09:30:00+00:00,2023-01-13 09:30:00.337000+00:00,2023-01-13 12:30:00+00:00,2023-01-13 12:30:00.052000+00:00,129.346,128.397,128.249,128.721,128.231,128.626,94.90000000000123,16.59999999999968,22.90000000000134,128.628,128.637,128.717,128.729,0.9000000000014552,1.2000000000000455,8.00000000000125,80.0000000000125,909,88.00000000002228,82.99999999999841,80.0000000000125,86.99999999998909,55.00000000000682,127.00000000000955,2023-01-13 06:00:00+00:00,2023-01-13 04:00:00+00:00,129.6478948888798,131.09129509605827,-144.34002071784846,Down,Down,Down,2023-01-12 06:00:00+00:00,24.0,2023-01-12 06:00:00+00:00,2023-01-12 22:00:00+00:00,2023-01-12 00:00:00+00:00,131.3151762931626,131.17047274991657,14.470354324603818,Neutral,Neutral,Neutral,,,,Down,Neutral,129.8430528444317,132.13324681042764,131.25923380006333,131.3357312499093,common_intersection
RAW|2023-01-16|2023-01-16T11:15:00Z|-1,2023-01-16,2023H1,-1,SHORT,asian_high,LONDON,2023-01-16 11:15:00+00:00,2023-01-16 11:30:00+00:00,2023-01-16 11:30:01.230000+00:00,2023-01-16 14:30:00+00:00,2023-01-16 14:30:00.100000+00:00,128.195,127.218,128.375,128.38,128.139,128.166,97.69999999999897,18.500000000000227,2.899999999999636,128.166,128.174,128.388,128.397,0.8000000000009777,0.899999999998613,-23.099999999999454,-230.99999999999454,1013,-230.99999999999454,-233.0000000000041,-247.99999999999045,-245.00000000000455,-246.99999999998568,-263.00000000000523,2023-01-16 10:00:00+00:00,2023-01-16 08:00:00+00:00,128.1282474044388,129.7142998187596,-158.60524143207897,Down,Down,Down,2023-01-12 06:00:00+00:00,100.0,2023-01-12 06:00:00+00:00,2023-01-13 22:00:00+00:00,2023-01-13 00:00:00+00:00,130.32598306654472,130.90507492992325,-57.90918633785225,Neutral,Neutral,Neutral,,,,Down,Neutral,128.0323463662143,131.3151762931626,129.83136936821694,131.17047274991657,common_intersection
RAW|2023-01-17|2023-01-17T14:15:00Z|1,2023-01-17,2023H1,1,LONG,asian_low,LONDON_NY_OVERLAP,2023-01-17 14:15:00+00:00,2023-01-17 14:30:00+00:00,2023-01-17 14:30:00.001000+00:00,2023-01-17 17:30:00+00:00,2023-01-17 17:30:00.140000+00:00,129.155,128.297,128.412,128.534,128.277,128.441,85.80000000000041,2.000000000001023,14.400000000000546,128.441,128.45,128.266,128.275,0.899999999998613,0.9000000000014552,-18.39999999999975,-183.9999999999975,1121,-185.00000000000227,-185.99999999997863,-185.00000000000227,-186.9999999999834,-162.00000000000614,-202.99999999997453,2023-01-17 14:00:00+00:00,2023-01-17 12:00:00+00:00,128.6446795910739,129.2525827690359,-60.79031779620152,Down,Down,Down,2023-01-12 06:00:00+00:00,128.0,2023-01-12 06:00:00+00:00,2023-01-16 22:00:00+00:00,2023-01-16 00:00:00+00:00,129.81455933324622,130.7155489355294,-90.09896022831754,Neutral,Neutral,Neutral,,,,Down,Neutral,128.61975142750347,130.32598306654472,129.30002474895207,130.90507492992325,common_intersection
RAW|2023-01-18|2023-01-18T13:30:00Z|1,2023-01-18,2023H1,1,LONG,asian_low,LONDON_NY_OVERLAP,2023-01-18 13:30:00+00:00,2023-01-18 13:45:00+00:00,2023-01-18 13:45:00.480000+00:00,2023-01-18 16:45:00+00:00,2023-01-18 16:45:00.024000+00:00,131.572,128.219,128.735,128.735,128.123,128.255,335.30000000000086,9.600000000000364,3.6000000000001364,128.256,128.27,128.592,128.6,1.4000000000010004,0.7999999999981355,32.20000000000027,322.00000000000273,1214,328.00000000000296,319.9999999999932,324.0000000000123,317.99999999998363,263.00000000000523,292.99999999997794,2023-01-18 10:00:00+00:00,2023-01-18 08:00:00+00:00,129.20174699363992,129.20238537394226,-0.0638380302348196,Down,Down,Down,2023-01-12 06:00:00+00:00,148.0,2023-01-12 06:00:00+00:00,2023-01-17 22:00:00+00:00,2023-01-17 00:00:00+00:00,129.33011380946158,130.50782502068705,-117.77112112254713,Neutral,Neutral,Neutral,,,,Down,Neutral,129.12684579109586,129.81455933324622,129.18615801515463,130.7155489355294,common_intersection
RAW|2023-01-19|2023-01-19T11:45:00Z|-1,2023-01-19,2023H1,-1,SHORT,asian_high,LONDON,2023-01-19 11:45:00+00:00,2023-01-19 12:00:00+00:00,2023-01-19 12:00:00.075000+00:00,2023-01-19 15:00:00+00:00,2023-01-19 15:00:00.080000+00:00,128.69,127.757,128.69,128.71,128.539,128.612,93.29999999999927,2.000000000001023,7.800000000000296,128.612,128.624,128.344,128.348,1.2000000000000455,0.40000000000190994,26.39999999999816,263.9999999999816,1303,265.99999999999113,264.99999999998636,258.99999999998613,270.9999999999866,245.9999999999809,257.000000000005,2023-01-19 10:00:00+00:00,2023-01-19 08:00:00+00:00,128.48903838345947,128.89975908065338,-41.072069719390925,Down,Down,Down,2023-01-12 06:00:00+00:00,172.0,2023-01-12 06:00:00+00:00,2023-01-18 22:00:00+00:00,2023-01-18 00:00:00+00:00,129.202652721044,130.37791901903208,-117.52662979880881,Neutral,Neutral,Neutral,,,,Down,Neutral,128.55665373684326,129.33011380946158,128.95017291375368,130.50782502068705,raw_only
RAW|2023-01-23|2023-01-23T07:30:00Z|-1,2023-01-23,2023H1,-1,SHORT,asian_high,LONDON,2023-01-23 07:30:00+00:00,2023-01-23 07:45:00+00:00,2023-01-23 07:45:00.099000+00:00,2023-01-23 10:45:00+00:00,2023-01-23 10:45:00.104000+00:00,130.169,129.038,130.237,130.295,130.111,130.113,113.10000000000002,12.599999999997635,5.60000000000116,130.109,130.122,129.923,129.933,1.300000000000523,0.9999999999990905,17.600000000001614,176.00000000001614,1478,176.00000000001614,179.00000000000205,182.00000000001637,179.00000000000205,176.00000000001614,176.00000000001614,2023-01-23 06:00:00+00:00,2023-01-23 04:00:00+00:00,129.537929628928,129.17456665593434,36.33629729936558,Up,Up,Up,2023-01-20 10:00:00+00:00,68.0,2023-01-20 10:00:00+00:00,2023-01-20 22:00:00+00:00,2023-01-20 00:00:00+00:00,129.1147411842061,130.15967225770873,-104.49310735026245,Neutral,Neutral,Neutral,,,,Up,Neutral,129.41190148049918,128.97503765788855,129.11557245210253,130.2201654975095,common_intersection
RAW|2023-01-24|2023-01-24T07:00:00Z|1,2023-01-24,2023H1,1,LONG,asian_low,LONDON,2023-01-24 07:00:00+00:00,2023-01-24 07:15:00+00:00,2023-01-24 07:15:01.937000+00:00,2023-01-24 10:15:00+00:00,2023-01-24 10:15:00.169000+00:00,130.728,130.039,130.045,130.198,129.928,130.188,68.90000000000214,11.099999999999,14.900000000000091,130.188,130.199,130.203,130.211,1.1000000000024102,0.8000000000009777,0.39999999999906777,3.9999999999906777,1572,3.9999999999906777,8.99999999998613,4.9999999999954525,13.999999999981583,-2.999999999985903,13.999999999981583,2023-01-24 06:00:00+00:00,2023-01-24 04:00:00+00:00,130.22099513342232,129.6333418157302,58.76533176921157,Up,Up,Up,2023-01-20 10:00:00+00:00,92.0,2023-01-20 10:00:00+00:00,2023-01-23 22:00:00+00:00,2023-01-23 00:00:00+00:00,129.5553865601472,130.19945847709204,-64.40719169448244,Neutral,Neutral,Neutral,,,,Up,Neutral,130.25379318679123,129.1147411842061,129.58937153883718,130.15967225770873,common_intersection
RAW|2023-01-24|2023-01-24T15:00:00Z|-1,2023-01-24,2023H1,-1,SHORT,asian_high,LONDON_NY_OVERLAP,2023-01-24 15:00:00+00:00,2023-01-24 15:15:00+00:00,2023-01-24 15:15:00.071000+00:00,2023-01-24 18:15:00+00:00,2023-01-24 18:15:00.173000+00:00,130.728,130.039,131.067,131.106,130.641,130.674,68.90000000000214,37.79999999999859,5.400000000000205,130.673,130.683,129.992,130.0,0.9999999999990905,0.8000000000009777,67.30000000000018,673.0000000000018,1604,661.0000000000014,674.0000000000066,668.0000000000064,676.9999999999925,645.9999999999866,663.0000000000109,2023-01-24 14:00:00+00:00,2023-01-24 12:00:00+00:00,130.25769139460323,129.73207011283404,52.56212817691903,Up,Up,Up,2023-01-20 10:00:00+00:00,100.0,2023-01-20 10:00:00+00:00,2023-01-23 22:00:00+00:00,2023-01-23 00:00:00+00:00,129.5553865601472,130.19945847709204,-64.40719169448244,Neutral,Neutral,Neutral,,,,Up,Neutral,130.18956795244452,129.1147411842061,129.6715544704718,130.15967225770873,common_intersection
RAW|2023-01-25|2023-01-25T09:00:00Z|1,2023-01-25,2023H1,1,LONG,asian_low,LONDON,2023-01-25 09:00:00+00:00,2023-01-25 09:15:00+00:00,2023-01-25 09:15:00.882000+00:00,2023-01-25 12:15:00+00:00,2023-01-25 12:15:00.061000+00:00,130.581,130.106,130.24,130.28,130.076,130.107,47.49999999999943,3.0000000000001137,0.10000000000047748,130.108,130.115,129.792,129.799,0.7000000000005002,0.7000000000005002,-32.30000000000075,-323.0000000000075,1676,-324.0000000000123,-322.00000000000273,-323.0000000000075,-324.0000000000123,-325.9999999999934,-320.99999999999795,2023-01-25 06:00:00+00:00,2023-01-25 04:00:00+00:00,130.27160729763725,129.87462287474074,39.69844228965087,Up,Up,Up,2023-01-20 10:00:00+00:00,116.0,2023-01-20 10:00:00+00:00,2023-01-24 22:00:00+00:00,2023-01-24 00:00:00+00:00,129.72870468581942,130.19646179892467,-46.775711310525026,Neutral,Neutral,Neutral,,,,Up,Neutral,130.20545021669213,129.5553865601472,129.82572051602253,130.19945847709204,common_intersection
RAW|2023-01-26|2023-01-26T07:45:00Z|-1,2023-01-26,2023H1,-1,SHORT,asian_high,LONDON,2023-01-26 07:45:00+00:00,2023-01-26 08:00:00+00:00,2023-01-26 08:00:00.081000+00:00,2023-01-26 11:00:00+00:00,2023-01-26 11:00:00.124000+00:00,129.587,129.02,129.586,129.591,129.455,129.478,56.699999999997885,0.40000000000190994,10.899999999998045,129.482,129.487,129.679,129.686,0.49999999999954525,0.7000000000005002,-20.400000000000773,-204.00000000000773,1767,-205.0000000000125,-201.99999999999818,-189.99999999999773,-204.00000000000773,-188.0000000000166,-213.99999999999864,2023-01-26 06:00:00+00:00,2023-01-26 04:00:00+00:00,129.56714148038301,129.74779936590227,-18.065788551925266,Down,Down,Down,2023-01-26 02:00:00+00:00,4.0,2023-01-26 02:00:00+00:00,2023-01-25 22:00:00+00:00,2023-01-25 00:00:00+00:00,129.68193191844244,130.1459448550107,-46.40129365682526,Neutral,Neutral,Neutral,,,,Transition,Neutral,129.66359807253622,129.72870468581942,129.7844775716329,130.19646179892467,common_intersection
RAW|2023-01-27|2023-01-27T07:00:00Z|-1,2023-01-27,2023H1,-1,SHORT,asian_high,LONDON,2023-01-27 07:00:00+00:00,2023-01-27 07:15:00+00:00,2023-01-27 07:15:00.196000+00:00,2023-01-27 10:15:00+00:00,2023-01-27 10:15:00.031000+00:00,130.262,129.496,130.184,130.265,130.071,130.107,76.59999999999911,0.2999999999985903,15.500000000000114,130.105,130.115,129.814,129.821,1.0000000000019327,0.7000000000005002,28.39999999999918,283.9999999999918,1860,284.9999999999966,288.99999999998727,277.00000000001523,292.0000000000016,276.00000000001046,283.9999999999918,2023-01-27 06:00:00+00:00,2023-01-27 04:00:00+00:00,129.92540085874919,129.8472375649935,7.816329375569353,Up,Up,Up,2023-01-26 18:00:00+00:00,12.0,2023-01-26 18:00:00+00:00,2023-01-26 22:00:00+00:00,2023-01-26 00:00:00+00:00,129.83052279888747,130.15042926660985,-31.990646772237596,Neutral,Neutral,Neutral,,,,Up,Neutral,129.90356120224885,129.68193191844244,129.8356930054277,130.1459448550107,common_intersection
RAW|2023-01-30|2023-01-30T14:15:00Z|-1,2023-01-30,2023H1,-1,SHORT,asian_high,LONDON_NY_OVERLAP,2023-01-30 14:15:00+00:00,2023-01-30 14:30:00+00:00,2023-01-30 14:30:00.153000+00:00,2023-01-30 17:30:00+00:00,2023-01-30 17:30:00.695000+00:00,130.289,129.2,130.143,130.343,130.122,130.228,108.89999999999986,5.400000000000205,6.099999999997863,130.23,130.235,130.353,130.359,0.5000000000023874,0.6000000000000227,-12.90000000000191,-129.0000000000191,1985,-127.00000000000955,-132.000000000005,-111.99999999999477,-128.00000000001432,-143.00000000000068,-134.00000000001455,2023-01-30 14:00:00+00:00,2023-01-30 12:00:00+00:00,129.96312385292205,129.88344956643652,7.967428648552755,Up,Up,Up,2023-01-26 18:00:00+00:00,92.0,2023-01-26 18:00:00+00:00,2023-01-27 22:00:00+00:00,2023-01-27 00:00:00+00:00,129.82208771349104,130.12247492528107,-30.038721179002437,Neutral,Neutral,Neutral,,,,Up,Neutral,129.89437339409088,129.83052279888747,129.86157561569186,130.15042926660985,common_intersection
RAW|2023-01-31|2023-01-31T07:45:00Z|1,2023-01-31,2023H1,1,LONG,asian_low,LONDON,2023-01-31 07:45:00+00:00,2023-01-31 08:00:00+00:00,2023-01-31 08:00:00.035000+00:00,2023-01-31 11:00:00+00:00,2023-01-31 11:00:00.044000+00:00,130.504,130.059,130.246,130.246,130.039,130.145,44.49999999999932,2.000000000001023,8.600000000001273,130.145,130.153,130.394,130.401,0.7999999999981355,0.7000000000005002,24.100000000001387,241.00000000001387,2055,242.999999999995,239.00000000000432,263.00000000000523,242.999999999995,260.9999999999957,245.00000000000455,2023-01-31 06:00:00+00:00,2023-01-31 04:00:00+00:00,130.17123548857822,129.9938074063902,17.742808218801542,Up,Up,Up,2023-01-26 18:00:00+00:00,108.0,2023-01-26 18:00:00+00:00,2023-01-30 22:00:00+00:00,2023-01-30 00:00:00+00:00,129.98863408106502,130.1450769312586,-15.644285019357085,Neutral,Neutral,Neutral,,,,Up,Neutral,130.1661296840095,129.82208771349104,129.97726891998934,130.12247492528107,common_intersection
RAW|2023-02-01|2023-02-01T07:45:00Z|-1,2023-02-01,2023H1,-1,SHORT,asian_high,LONDON,2023-02-01 07:45:00+00:00,2023-02-01 08:00:00+00:00,2023-02-01 08:00:00.151000+00:00,2023-02-01 11:00:00+00:00,2023-02-01 11:00:00.042000+00:00,130.323,129.858,130.379,130.393,130.144,130.175,46.50000000000034,6.999999999999318,14.799999999999613,130.174,130.18,129.823,129.829,0.6000000000000227,0.6000000000000227,34.499999999999886,344.99999999999886,2151,344.99999999999886,343.9999999999941,355.99999999999454,343.9999999999941,340.99999999997976,341.0000000000082,2023-02-01 06:00:00+00:00,2023-02-01 04:00:00+00:00,130.15265546251166,130.05199776456607,10.065769794559287,Up,Up,Up,2023-01-26 18:00:00+00:00,132.0,2023-01-26 18:00:00+00:00,2023-01-31 22:00:00+00:00,2023-01-31 00:00:00+00:00,130.011881486475,130.1390707767579,-12.71892902828995,Neutral,Neutral,Neutral,,,,Up,Neutral,130.0969176475163,129.98863408106502,130.0311280049631,130.1450769312586,common_intersection
RAW|2023-02-02|2023-02-02T08:30:00Z|-1,2023-02-02,2023H1,-1,SHORT,asian_high,LONDON,2023-02-02 08:30:00+00:00,2023-02-02 08:45:00+00:00,2023-02-02 08:45:00.218000+00:00,2023-02-02 11:45:00+00:00,2023-02-02 11:45:00.010000+00:00,128.787,128.173,128.691,128.856,128.668,128.786,61.40000000000043,6.89999999999884,0.10000000000047748,128.786,128.793,128.786,128.793,0.7000000000005002,0.7000000000005002,-0.7000000000005002,-7.000000000005002,2250,-9.000000000014552,-6.000000000000227,-2.0000000000095497,-2.0000000000095497,1.0000000000047748,10.99999999999568,2023-02-02 06:00:00+00:00,2023-02-02 04:00:00+00:00,129.04459228384215,129.65347117604682,-60.88788922046717,Down,Down,Down,2023-02-01 14:00:00+00:00,16.0,2023-02-01 14:00:00+00:00,2023-02-01 22:00:00+00:00,2023-02-01 00:00:00+00:00,129.7007724903393,130.04178511461728,-34.101262427799384,Neutral,Neutral,Neutral,,,,Down,Neutral,129.222829197379,130.011881486475,129.74516432179,130.1390707767579,common_intersection
RAW|2023-02-02|2023-02-02T13:30:00Z|1,2023-02-02,2023H1,1,LONG,asian_low,LONDON_NY_OVERLAP,2023-02-02 13:30:00+00:00,2023-02-02 13:45:00+00:00,2023-02-02 13:45:00.288000+00:00,2023-02-02 16:45:00+00:00,2023-02-02 16:45:00.237000+00:00,128.787,128.173,128.218,128.285,128.08,128.269,61.40000000000043,9.299999999998931,9.600000000000364,128.267,128.271,128.526,128.533,0.39999999999906777,0.699999999997658,25.500000000002387,255.00000000002387,2270,263.00000000000523,255.00000000002387,275.0000000000057,263.00000000000523,278.99999999999636,264.00000000001,2023-02-02 10:00:00+00:00,2023-02-02 08:00:00+00:00,129.00899448845868,129.59479348196308,-58.579899350439746,Down,Down,Down,2023-02-01 14:00:00+00:00,20.0,2023-02-01 14:00:00+00:00,2023-02-01 22:00:00+00:00,2023-02-01 00:00:00+00:00,129.7007724903393,130.04178511461728,-34.101262427799384,Neutral,Neutral,Neutral,,,,Down,Neutral,129.04459228384215,130.011881486475,129.65347117604682,130.1390707767579,common_intersection
RAW|2023-02-03|2023-02-03T10:45:00Z|1,2023-02-03,2023H1,1,LONG,asian_low,LONDON,2023-02-03 10:45:00+00:00,2023-02-03 11:00:00+00:00,2023-02-03 11:00:00.089000+00:00,2023-02-03 14:00:00+00:00,2023-02-03 14:00:00.109000+00:00,128.823,128.444,128.46,128.481,128.424,128.469,37.90000000000191,1.999999999998181,2.5000000000005684,128.469,128.473,129.942,129.953,0.40000000000190994,1.099999999999568,146.8999999999994,1468.999999999994,2355,1468.999999999994,1481.9999999999993,1463.9999999999986,1502.999999999986,1466.0000000000082,1507.9999999999814,2023-02-03 10:00:00+00:00,2023-02-03 08:00:00+00:00,128.64831564129034,129.19600737139842,-54.76917301080846,Down,Down,Down,2023-02-01 14:00:00+00:00,44.0,2023-02-01 14:00:00+00:00,2023-02-02 22:00:00+00:00,2023-02-02 00:00:00+00:00,129.40855177881377,129.9326823054479,-52.41305266341385,Down,Neutral,Transition,2023-02-02 22:00:00+00:00,0.0,2023-02-02 22:00:00+00:00,Down,Neutral,128.68484189780648,129.7007724903393,129.2515732297809,130.04178511461728,common_intersection
RAW|2023-02-07|2023-02-07T07:00:00Z|1,2023-02-07,2023H1,1,LONG,asian_low,LONDON,2023-02-07 07:00:00+00:00,2023-02-07 07:15:00+00:00,2023-02-07 07:15:00.079000+00:00,2023-02-07 10:15:00+00:00,2023-02-07 10:15:00.175000+00:00,132.623,132.025,132.095,132.182,131.987,132.181,59.79999999999848,3.8000000000010914,15.600000000000591,132.182,132.189,131.853,131.861,0.7000000000005002,0.7999999999981355,-33.59999999999843,-335.9999999999843,2532,-332.9999999999984,-338.99999999999864,-328.00000000000296,-334.0000000000032,-318.9999999999884,-340.99999999997976,2023-02-07 06:00:00+00:00,2023-02-07 04:00:00+00:00,132.2070234670752,130.89748337329257,130.95400937826298,Up,Up,Up,2023-02-03 18:00:00+00:00,84.0,2023-02-03 18:00:00+00:00,2023-02-06 22:00:00+00:00,2023-02-06 00:00:00+00:00,130.68673049939477,130.2388239033311,44.790659606366034,Up,Down,Transition,2023-02-06 22:00:00+00:00,0.0,2023-02-06 22:00:00+00:00,Up,Down,132.1886328539053,129.9078226991527,130.77961236227455,130.03054772101208,common_intersection
RAW|2023-02-08|2023-02-08T09:15:00Z|1,2023-02-08,2023H1,1,LONG,asian_low,LONDON,2023-02-08 09:15:00+00:00,2023-02-08 09:30:00+00:00,2023-02-08 09:30:00.135000+00:00,2023-02-08 12:30:00+00:00,2023-02-08 12:30:00.725000+00:00,131.376,130.721,130.604,130.772,130.601,130.772,65.50000000000011,12.000000000000455,5.099999999998772,130.771,130.779,130.789,130.795,0.8000000000009777,0.6000000000000227,0.9999999999990905,9.999999999990905,2637,9.999999999990905,10.99999999999568,18.999999999977035,20.000000000010232,13.999999999981583,12.000000000000455,2023-02-08 06:00:00+00:00,2023-02-08 04:00:00+00:00,131.29659794535485,131.02890462533256,26.769332002228907,Up,Up,Up,2023-02-03 18:00:00+00:00,108.0,2023-02-03 18:00:00+00:00,2023-02-07 22:00:00+00:00,2023-02-07 00:00:00+00:00,130.78852178528197,130.3031579910646,48.53637942173634,Up,Up,Up,2023-02-06 22:00:00+00:00,24.0,2023-02-06 22:00:00+00:00,Up,Transition,131.37923712349678,130.68673049939477,131.02359198405713,130.2388239033311,common_intersection
RAW|2023-02-08|2023-02-08T14:30:00Z|-1,2023-02-08,2023H1,-1,SHORT,asian_high,LONDON_NY_OVERLAP,2023-02-08 14:30:00+00:00,2023-02-08 14:45:00+00:00,2023-02-08 14:45:00.129000+00:00,2023-02-08 17:45:00+00:00,2023-02-08 17:45:00.495000+00:00,131.376,130.721,131.235,131.42,131.227,131.279,65.50000000000011,4.399999999998272,9.700000000000841,131.278,131.284,131.258,131.264,0.6000000000000227,0.6000000000000227,1.3999999999981583,13.999999999981583,2658,13.999999999981583,13.00000000000523,24.00000000000091,16.999999999995907,36.000000000001364,26.999999999986812,2023-02-08 14:00:00+00:00,2023-02-08 12:00:00+00:00,131.15548874763002,131.0201832748815,13.530547274851301,Up,Up,Up,2023-02-03 18:00:00+00:00,116.0,2023-02-03 18:00:00+00:00,2023-02-07 22:00:00+00:00,2023-02-07 00:00:00+00:00,130.78852178528197,130.3031579910646,48.53637942173634,Up,Up,Up,2023-02-06 22:00:00+00:00,24.0,2023-02-06 22:00:00+00:00,Up,Transition,131.11728424668203,130.68673049939477,131.00011225530596,130.2388239033311,common_intersection
RAW|2023-02-09|2023-02-09T10:15:00Z|1,2023-02-09,2023H1,1,LONG,asian_low,LONDON,2023-02-09 10:15:00+00:00,2023-02-09 10:30:00+00:00,2023-02-09 10:30:00.146000+00:00,2023-02-09 13:30:00+00:00,2023-02-09 13:30:00.099000+00:00,131.824,130.759,130.861,130.89,130.741,130.785,106.50000000000261,1.799999999997226,2.600000000001046,130.786,130.795,130.761,130.77,0.899999999998613,0.9000000000014552,-3.3999999999991815,-33.999999999991815,2737,-32.00000000001069,-47.9999999999734,-32.00000000001069,-50.99999999998772,-52.99999999999727,-186.9999999999834,2023-02-09 10:00:00+00:00,2023-02-09 08:00:00+00:00,131.19635868009425,131.1031188940801,9.323978601415206,Up,Up,Up,2023-02-03 18:00:00+00:00,136.0,2023-02-03 18:00:00+00:00,2023-02-08 22:00:00+00:00,2023-02-08 00:00:00+00:00,130.96294413234426,130.39082535177945,57.211878056480714,Up,Up,Up,2023-02-06 22:00:00+00:00,48.0,2023-02-06 22:00:00+00:00,Up,Up,131.33930215213195,130.78852178528197,131.12608575443488,130.3031579910646,common_intersection
RAW|2023-02-10|2023-02-10T16:15:00Z|1,2023-02-10,2023H1,1,LONG,asian_low,NEW_YORK,2023-02-10 16:15:00+00:00,2023-02-10 16:30:00+00:00,2023-02-10 16:30:00.082000+00:00,2023-02-10 19:30:00+00:00,2023-02-10 19:30:00.085000+00:00,131.885,131.426,131.415,131.473,131.392,131.439,45.90000000000032,3.3999999999991815,1.300000000000523,131.439,131.445,131.482,131.487,0.6000000000000227,0.49999999999954525,3.700000000000614,37.00000000000614,2857,34.99999999999659,34.99999999999659,37.00000000000614,32.00000000001069,30.000000000001137,34.99999999999659,2023-02-10 14:00:00+00:00,2023-02-10 12:00:00+00:00,131.0936429693196,131.11526609372456,-2.162312440495384,Down,Up,Transition,2023-02-10 14:00:00+00:00,0.0,2023-02-10 14:00:00+00:00,2023-02-09 22:00:00+00:00,2023-02-09 00:00:00+00:00,131.1266743802459,130.4824393236371,64.42350566088066,Up,Up,Up,2023-02-06 22:00:00+00:00,72.0,2023-02-06 22:00:00+00:00,Up,Up,131.24510015704743,130.96294413234426,131.15007184100494,130.39082535177945,common_intersection
RAW|2023-02-14|2023-02-14T13:45:00Z|-1,2023-02-14,2023H1,-1,SHORT,asian_high,LONDON_NY_OVERLAP,2023-02-14 13:45:00+00:00,2023-02-14 14:00:00+00:00,2023-02-14 14:00:00.009000+00:00,2023-02-14 17:00:00+00:00,2023-02-14 17:00:00.058000+00:00,132.372,131.784,132.329,132.446,131.891,132.268,58.80000000000223,7.399999999998386,10.400000000001342,132.268,132.274,133.053,133.06,0.6000000000000227,0.7000000000005002,-79.20000000000016,-792.0000000000016,3039,-771.000000000015,-796.999999999997,-771.9999999999914,-796.999999999997,-793.0000000000064,-802.9999999999973,2023-02-14 14:00:00+00:00,2023-02-14 12:00:00+00:00,132.14305186243672,131.76482496141637,37.822690102035494,Up,Up,Up,2023-02-10 18:00:00+00:00,92.0,2023-02-10 18:00:00+00:00,2023-02-13 22:00:00+00:00,2023-02-13 00:00:00+00:00,131.52944611237035,130.69779584352645,83.16502688439016,Up,Up,Up,2023-02-06 22:00:00+00:00,168.0,2023-02-06 22:00:00+00:00,Up,Up,132.09307260741141,131.1896245573185,131.7210706102352,130.55160417774613,raw_only
RAW|2023-02-15|2023-02-15T07:00:00Z|-1,2023-02-15,2023H1,-1,SHORT,asian_high,LONDON,2023-02-15 07:00:00+00:00,2023-02-15 07:15:00+00:00,2023-02-15 07:15:00.058000+00:00,2023-02-15 10:15:00+00:00,2023-02-15 10:15:00.095000+00:00,133.39,132.542,133.313,133.437,133.238,133.292,84.79999999999848,4.700000000002547,9.799999999998477,133.291,133.3,133.236,133.243,0.9000000000014552,0.7000000000005002,4.800000000000182,48.00000000000182,3108,56.000000000011596,44.999999999987494,50.00000000001137,43.99999999998272,54.000000000002046,60.000000000002274,2023-02-15 06:00:00+00:00,2023-02-15 04:00:00+00:00,132.74842124698998,132.10615739911097,64.22638478790077,Up,Up,Up,2023-02-10 18:00:00+00:00,108.0,2023-02-10 18:00:00+00:00,2023-02-14 22:00:00+00:00,2023-02-14 00:00:00+00:00,131.97789008026453,130.88989217604433,108.79979042202024,Up,Up,Up,2023-02-06 22:00:00+00:00,192.0,2023-02-06 22:00:00+00:00,Up,Up,132.610989745786,131.52944611237035,132.0204319555554,130.69779584352645,common_intersection
RAW|2023-02-16|2023-02-16T08:15:00Z|1,2023-02-16,2023H1,1,LONG,asian_low,LONDON,2023-02-16 08:15:00+00:00,2023-02-16 08:30:00+00:00,2023-02-16 08:30:00.192000+00:00,2023-02-16 11:30:00+00:00,2023-02-16 11:30:00.082000+00:00,134.164,133.634,133.75,133.75,133.602,133.647,53.000000000000114,3.1999999999982265,1.300000000000523,133.646,133.652,133.893,133.899,0.6000000000000227,0.6000000000000227,24.100000000001387,241.00000000001387,3209,240.0000000000091,243.00000000002342,240.0000000000091,240.0000000000091,240.0000000000091,240.0000000000091,2023-02-16 06:00:00+00:00,2023-02-16 04:00:00+00:00,133.78215513930607,132.82031435661037,96.18407826957025,Up,Up,Up,2023-02-10 18:00:00+00:00,132.0,2023-02-10 18:00:00+00:00,2023-02-15 22:00:00+00:00,2023-02-15 00:00:00+00:00,132.5950643430461,131.14974080196077,144.53235410853154,Up,Up,Up,2023-02-06 22:00:00+00:00,216.0,2023-02-06 22:00:00+00:00,Up,Up,133.73821719502848,131.97789008026453,132.72712430066343,130.88989217604433,common_intersection
RAW|2023-02-16|2023-02-16T13:30:00Z|-1,2023-02-16,2023H1,-1,SHORT,asian_high,LONDON_NY_OVERLAP,2023-02-16 13:30:00+00:00,2023-02-16 13:45:00+00:00,2023-02-16 13:45:00.050000+00:00,2023-02-16 16:45:00+00:00,2023-02-16 16:45:00.208000+00:00,134.164,133.634,133.93,134.297,133.913,134.059,53.000000000000114,13.300000000000978,10.499999999998977,134.061,134.067,133.949,133.955,0.6000000000000227,0.6000000000000227,10.599999999999454,105.99999999999454,3230,105.99999999999454,105.99999999999454,147.99999999999613,114.00000000000432,185.99999999997863,112.99999999999955,2023-02-16 10:00:00+00:00,2023-02-16 08:00:00+00:00,133.80753938521863,132.90436920808153,90.3170177137099,Up,Up,Up,2023-02-10 18:00:00+00:00,136.0,2023-02-10 18:00:00+00:00,2023-02-15 22:00:00+00:00,2023-02-15 00:00:00+00:00,132.5950643430461,131.14974080196077,144.53235410853154,Up,Up,Up,2023-02-06 22:00:00+00:00,216.0,2023-02-06 22:00:00+00:00,Up,Up,133.78215513930607,131.97789008026453,132.82031435661037,130.88989217604433,common_intersection
RAW|2023-02-17|2023-02-17T07:15:00Z|-1,2023-02-17,2023H1,-1,SHORT,asian_high,LONDON,2023-02-17 07:15:00+00:00,2023-02-17 07:30:00+00:00,2023-02-17 07:30:00.067000+00:00,2023-02-17 10:30:00+00:00,2023-02-17 10:30:00.509000+00:00,134.807,134.062,134.863,134.896,134.78,134.78,74.49999999999761,8.899999999999864,2.6999999999986812,134.781,134.787,134.927,134.934,0.6000000000000227,0.7000000000005002,-15.299999999999159,-152.9999999999916,3301,-147.99999999999613,-150.99999999998204,-152.9999999999916,-150.00000000000568,-147.99999999999613,-138.00000000000523,2023-02-17 06:00:00+00:00,2023-02-17 04:00:00+00:00,134.30514074961673,133.38845640149518,91.66843481215494,Up,Up,Up,2023-02-10 18:00:00+00:00,156.0,2023-02-10 18:00:00+00:00,2023-02-16 22:00:00+00:00,2023-02-16 00:00:00+00:00,132.9781888164615,131.37264153780393,160.5547278657582,Up,Up,Up,2023-02-06 22:00:00+00:00,240.0,2023-02-06 22:00:00+00:00,Up,Up,134.13119704946342,132.5950643430461,133.27093087119042,131.14974080196077,common_intersection
RAW|2023-02-20|2023-02-20T13:30:00Z|1,2023-02-20,2023H1,1,LONG,asian_low,LONDON_NY_OVERLAP,2023-02-20 13:30:00+00:00,2023-02-20 13:45:00+00:00,2023-02-20 13:45:00.453000+00:00,2023-02-20 16:45:00+00:00,2023-02-20 16:45:01.134000+00:00,134.538,133.949,133.994,134.071,133.92,134.068,58.899999999999864,2.9000000000024784,11.899999999999977,134.067,134.073,134.092,134.098,0.6000000000000227,0.6000000000000227,1.9000000000005457,19.000000000005457,3422,19.000000000005457,19.000000000005457,17.00000000002433,13.999999999981583,9.000000000014552,9.999999999990905,2023-02-20 10:00:00+00:00,2023-02-20 08:00:00+00:00,134.2636548997002,133.80681692333587,45.683797636434065,Up,Up,Up,2023-02-10 18:00:00+00:00,232.0,2023-02-10 18:00:00+00:00,2023-02-17 22:00:00+00:00,2023-02-17 00:00:00+00:00,133.2964205831868,131.59019021477962,170.62303684071765,Up,Up,Up,2023-02-06 22:00:00+00:00,264.0,2023-02-06 22:00:00+00:00,Up,Up,134.29431685958028,132.9781888164615,133.77375752536508,131.37264153780393,common_intersection
RAW|2023-02-22|2023-02-22T13:15:00Z|1,2023-02-22,2023H1,1,LONG,asian_low,LONDON_NY_OVERLAP,2023-02-22 13:15:00+00:00,2023-02-22 13:30:00+00:00,2023-02-22 13:30:00.087000+00:00,2023-02-22 16:30:00+00:00,2023-02-22 16:30:00.136000+00:00,135.061,134.549,134.547,134.597,134.433,134.561,51.200000000000045,11.600000000001387,1.2000000000000455,134.562,134.569,134.693,134.7,0.699999999997658,0.699999999997658,12.400000000002365,124.00000000002365,3613,132.000000000005,128.00000000001432,135.00000000001933,126.00000000000477,131.00000000000023,125.0,2023-02-22 10:00:00+00:00,2023-02-22 08:00:00+00:00,134.7690958649655,134.33148644319633,43.76094217691673,Up,Up,Up,2023-02-10 18:00:00+00:00,280.0,2023-02-10 18:00:00+00:00,2023-02-21 22:00:00+00:00,2023-02-21 00:00:00+00:00,133.97009213427899,132.0559465977895,191.41455364894853,Up,Up,Up,2023-02-06 22:00:00+00:00,360.0,2023-02-06 22:00:00+00:00,Up,Up,134.7239342109517,133.55772898799057,134.28361569912641,131.79985499759727,raw_only
RAW|2023-02-23|2023-02-23T11:30:00Z|-1,2023-02-23,2023H1,-1,SHORT,asian_high,LONDON,2023-02-23 11:30:00+00:00,2023-02-23 11:45:00+00:00,2023-02-23 11:45:00.343000+00:00,2023-02-23 14:45:00+00:00,2023-02-23 14:45:00.040000+00:00,134.959,134.702,134.98,134.986,134.937,134.957,25.7000000000005,2.6999999999986812,0.20000000000095497,134.957,134.965,135.131,135.138,0.8000000000009777,0.7000000000005002,-18.10000000000116,-181.0000000000116,3702,-180.00000000000682,-179.00000000000205,-177.99999999999727,-176.00000000001614,-176.9999999999925,-175.00000000001137,2023-02-23 10:00:00+00:00,2023-02-23 08:00:00+00:00,134.81146766134933,134.511692093563,29.977556778632675,Up,Up,Up,2023-02-10 18:00:00+00:00,304.0,2023-02-10 18:00:00+00:00,2023-02-22 22:00:00+00:00,2023-02-22 00:00:00+00:00,134.232351524485,132.28251086996636,194.98406545186526,Up,Up,Up,2023-02-06 22:00:00+00:00,384.0,2023-02-06 22:00:00+00:00,Up,Up,134.79045472588905,133.97009213427899,134.48105662343804,132.0559465977895,raw_only
RAW|2023-02-23|2023-02-23T15:15:00Z|1,2023-02-23,2023H1,1,LONG,asian_low,LONDON_NY_OVERLAP,2023-02-23 15:15:00+00:00,2023-02-23 15:30:00+00:00,2023-02-23 15:30:00.008000+00:00,2023-02-23 18:30:00+00:00,2023-02-23 18:30:00.334000+00:00,134.959,134.702,134.788,134.795,134.645,134.746,25.7000000000005,5.699999999998795,4.400000000001114,134.749,134.755,134.822,134.826,0.6000000000000227,0.39999999999906777,6.700000000000728,67.00000000000728,3717,63.99999999999295,67.00000000000728,56.000000000011596,69.00000000001683,58.9999999999975,69.00000000001683,2023-02-23 14:00:00+00:00,2023-02-23 12:00:00+00:00,134.94276261524953,134.57243672607797,37.03258891715677,Up,Up,Up,2023-02-10 18:00:00+00:00,308.0,2023-02-10 18:00:00+00:00,2023-02-22 22:00:00+00:00,2023-02-22 00:00:00+00:00,134.232351524485,132.28251086996636,194.98406545186526,Up,Up,Up,2023-02-06 22:00:00+00:00,384.0,2023-02-06 22:00:00+00:00,Up,Up,134.81146766134933,133.97009213427899,134.511692093563,132.0559465977895,common_intersection
RAW|2023-02-24|2023-02-24T08:00:00Z|-1,2023-02-24,2023H1,-1,SHORT,asian_high,LONDON,2023-02-24 08:00:00+00:00,2023-02-24 08:15:00+00:00,2023-02-24 08:15:00.087000+00:00,2023-02-24 11:15:00+00:00,2023-02-24 11:15:00.026000+00:00,134.92,134.054,134.837,134.95,134.833,134.912,86.59999999999854,3.0000000000001137,0.7999999999981355,134.911,134.919,135.25,135.256,0.8000000000009777,0.6000000000000227,-34.499999999999886,-344.99999999999886,3784,-340.0000000000034,-347.0000000000084,-336.00000000001273,-347.99999999998477,-336.00000000001273,-346.00000000000364,2023-02-24 06:00:00+00:00,2023-02-24 04:00:00+00:00,134.75846257164972,134.61174759388774,14.671497776197384,Up,Up,Up,2023-02-10 18:00:00+00:00,324.0,2023-02-10 18:00:00+00:00,2023-02-23 22:00:00+00:00,2023-02-23 00:00:00+00:00,134.36253680320357,132.47495000036906,188.75868028345053,Up,Up,Up,2023-02-06 22:00:00+00:00,408.0,2023-02-06 22:00:00+00:00,Up,Up,134.8230476003096,134.232351524485,134.61302999335624,132.28251086996636,common_intersection
RAW|2023-02-27|2023-02-27T08:00:00Z|1,2023-02-27,2023H1,1,LONG,asian_low,LONDON,2023-02-27 08:00:00+00:00,2023-02-27 08:15:00+00:00,2023-02-27 08:15:00.018000+00:00,2023-02-27 11:15:00+00:00,2023-02-27 11:15:00.116000+00:00,136.554,136.0,136.186,136.198,135.998,136.086,55.400000000000205,0.20000000000095497,8.600000000001273,136.087,136.094,136.292,136.296,0.7000000000005002,0.39999999999906777,19.80000000000075,198.0000000000075,3880,193.9999999999884,195.99999999999795,182.99999999999272,193.00000000001205,180.00000000000682,194.99999999999318,2023-02-27 06:00:00+00:00,2023-02-27 04:00:00+00:00,136.01298440005462,135.19897901990214,81.400538015248,Up,Up,Up,2023-02-10 18:00:00+00:00,396.0,2023-02-10 18:00:00+00:00,2023-02-24 22:00:00+00:00,2023-02-24 00:00:00+00:00,134.94524057371683,132.78911400033954,215.61265733772927,Up,Up,Up,2023-02-06 22:00:00+00:00,432.0,2023-02-06 22:00:00+00:00,Up,Up,135.87777816007647,134.36253680320357,135.0988032825023,132.47495000036906,raw_only
RAW|2023-02-28|2023-02-28T15:15:00Z|-1,2023-02-28,2023H1,-1,SHORT,asian_high,LONDON_NY_OVERLAP,2023-02-28 15:15:00+00:00,2023-02-28 15:30:00+00:00,2023-02-28 15:30:00.045000+00:00,2023-02-28 18:30:00+00:00,2023-02-28 18:30:02.154000+00:00,136.371,136.11,136.374,136.476,136.247,136.295,26.099999999999568,10.499999999998977,7.600000000002183,136.295,136.301,135.97,135.976,0.6000000000000227,0.6000000000000227,31.89999999999884,318.9999999999884,4005,302.99999999999727,318.9999999999884,302.99999999999727,319.9999999999932,317.0000000000073,326.9999999999982,2023-02-28 14:00:00+00:00,2023-02-28 12:00:00+00:00,136.4553472470726,135.7739559903113,68.13912567613158,Up,Up,Up,2023-02-10 18:00:00+00:00,428.0,2023-02-10 18:00:00+00:00,2023-02-27 22:00:00+00:00,2023-02-27 00:00:00+00:00,135.3020289812263,133.06150488031238,224.0524100913916,Up,Up,Up,2023-02-06 22:00:00+00:00,504.0,2023-02-06 22:00:00+00:00,Up,Up,136.35588614590162,134.94524057371683,135.69308259816444,132.78911400033954,raw_only
RAW|2023-02-28|2023-02-28T19:45:00Z|1,2023-02-28,2023H1,1,LONG,asian_low,NEW_YORK,2023-02-28 19:45:00+00:00,2023-02-28 20:00:00+00:00,2023-02-28 20:00:00.045000+00:00,2023-02-28 23:00:00+00:00,2023-02-28 23:00:00.043000+00:00,136.371,136.11,136.026,136.116,136.011,136.111,26.099999999999568,9.900000000001796,0.09999999999763531,136.111,136.117,136.192,136.231,0.6000000000000227,3.8999999999987267,7.500000000001705,75.00000000001705,4023,80.0000000000125,79.00000000000773,79.00000000000773,80.0000000000125,66.0000000000025,75.00000000001705,2023-02-28 18:00:00+00:00,2023-02-28 16:00:00+00:00,136.269533747909,135.77643951108638,49.30942368226283,Up,Up,Up,2023-02-10 18:00:00+00:00,432.0,2023-02-10 18:00:00+00:00,2023-02-27 22:00:00+00:00,2023-02-27 00:00:00+00:00,135.3020289812263,133.06150488031238,224.0524100913916,Up,Up,Up,2023-02-06 22:00:00+00:00,504.0,2023-02-06 22:00:00+00:00,Up,Up,136.4553472470726,134.94524057371683,135.7739559903113,132.78911400033954,raw_only
RAW|2023-03-01|2023-03-01T15:00:00Z|1,2023-03-01,2023H1,1,LONG,asian_low,LONDON_NY_OVERLAP,2023-03-01 15:00:00+00:00,2023-03-01 15:15:00+00:00,2023-03-01 15:15:00.072000+00:00,2023-03-01 18:15:00+00:00,2023-03-01 18:15:00.171000+00:00,136.468,136.206,136.03,136.318,135.86,136.245,26.200000000000045,34.59999999999752,3.900000000001569,136.246,136.25,136.001,136.005,0.39999999999906777,0.39999999999906777,-24.899999999999523,-248.99999999999523,4100,-254.99999999999545,-250.0,-259.9999999999909,-250.0,-281.0000000000059,-251.00000000000477,2023-03-01 14:00:00+00:00,2023-03-01 12:00:00+00:00,136.0506414566678,135.87832437412908,17.231708253871147,Up,Up,Up,2023-02-10 18:00:00+00:00,452.0,2023-02-10 18:00:00+00:00,2023-02-28 22:00:00+00:00,2023-02-28 00:00:00+00:00,135.55773498659022,133.3123444898874,224.5390496702811,Up,Up,Up,2023-02-06 22:00:00+00:00,528.0,2023-02-06 22:00:00+00:00,Up,Up,136.1732980393349,135.3020289812263,135.89000475448813,133.06150488031238,common_intersection
RAW|2023-03-02|2023-03-02T08:00:00Z|-1,2023-03-02,2023H1,-1,SHORT,asian_high,LONDON,2023-03-02 08:00:00+00:00,2023-03-02 08:15:00+00:00,2023-03-02 08:15:00.148000+00:00,2023-03-02 11:15:00+00:00,2023-03-02 11:15:00.255000+00:00,136.744,136.049,136.781,136.781,136.646,136.734,69.49999999999932,3.700000000000614,0.9999999999990905,136.735,136.741,136.749,136.754,0.6000000000000227,0.49999999999954525,-1.8999999999977035,-18.999999999977035,4168,-16.999999999995907,-17.99999999997226,-18.000000000000682,-9.999999999990905,-19.99999999998181,-4.9999999999954525,2023-03-02 06:00:00+00:00,2023-03-02 04:00:00+00:00,136.27363969613384,135.9931058308625,28.05338652713374,Up,Up,Up,2023-02-10 18:00:00+00:00,468.0,2023-02-10 18:00:00+00:00,2023-03-01 22:00:00+00:00,2023-03-01 00:00:00+00:00,135.72695356185017,133.5393569306964,218.75966311537525,Up,Up,Up,2023-02-06 22:00:00+00:00,552.0,2023-02-06 22:00:00+00:00,Up,Up,136.1318955745874,135.55773498659022,135.93789764224184,133.3123444898874,common_intersection
RAW|2023-03-03|2023-03-03T08:45:00Z|1,2023-03-03,2023H1,1,LONG,asian_low,LONDON,2023-03-03 08:45:00+00:00,2023-03-03 09:00:00+00:00,2023-03-03 09:00:00.493000+00:00,2023-03-03 12:00:00+00:00,2023-03-03 12:00:00.791000+00:00,136.768,136.338,136.334,136.449,136.324,136.429,43.00000000000068,1.3999999999981583,9.100000000000819,136.426,136.435,136.057,136.062,0.9000000000014552,0.5000000000023874,-37.80000000000143,-378.0000000000143,4267,-383.0000000000098,-378.9999999999907,-392.00000000002433,-379.99999999999545,-394.00000000000546,-394.00000000000546,2023-03-03 06:00:00+00:00,2023-03-03 04:00:00+00:00,136.6612098211807,136.28837507904643,37.283474213427326,Up,Up,Up,2023-02-10 18:00:00+00:00,492.0,2023-02-10 18:00:00+00:00,2023-03-02 22:00:00+00:00,2023-03-02 00:00:00+00:00,136.01982397275012,133.7963683762407,222.34555965094103,Up,Up,Up,2023-02-06 22:00:00+00:00,576.0,2023-02-06 22:00:00+00:00,Up,Up,136.663293749653,135.72695356185017,136.2564076946157,133.5393569306964,common_intersection
RAW|2023-03-06|2023-03-06T10:00:00Z|-1,2023-03-06,2023H1,-1,SHORT,asian_high,LONDON,2023-03-06 10:00:00+00:00,2023-03-06 10:15:00+00:00,2023-03-06 10:15:00.170000+00:00,2023-03-06 13:15:00+00:00,2023-03-06 13:15:00.073000+00:00,136.048,135.364,136.093,136.144,135.998,136.015,68.39999999999975,9.600000000000364,3.300000000001546,136.016,136.022,135.852,135.856,0.6000000000000227,0.39999999999906777,15.999999999999659,159.9999999999966,4368,165.99999999999682,159.9999999999966,167.0000000000016,162.9999999999825,177.99999999999727,176.9999999999925,2023-03-06 10:00:00+00:00,2023-03-06 08:00:00+00:00,136.00299744066763,136.13520220122814,-13.220476056051211,Down,Down,Down,2023-03-03 22:00:00+00:00,60.0,2023-03-03 22:00:00+00:00,2023-03-03 22:00:00+00:00,2023-03-03 00:00:00+00:00,135.96587426625007,133.95913890614145,200.6735360108621,Up,Up,Up,2023-02-06 22:00:00+00:00,600.0,2023-02-06 22:00:00+00:00,Down,Up,135.96699641693468,136.01982397275012,136.13887195785665,133.7963683762407,common_intersection
RAW|2023-03-07|2023-03-07T09:45:00Z|1,2023-03-07,2023H1,1,LONG,asian_low,LONDON,2023-03-07 09:45:00+00:00,2023-03-07 10:00:00+00:00,2023-03-07 10:00:00.464000+00:00,2023-03-07 13:00:00+00:00,2023-03-07 13:00:00.169000+00:00,136.175,135.829,135.788,135.863,135.756,135.858,34.600000000000364,7.30000000000075,2.899999999999636,135.858,135.864,136.161,136.167,0.6000000000000227,0.6000000000000227,29.699999999999704,296.99999999999704,4463,298.0000000000018,295.99999999999227,296.99999999999704,302.99999999999727,299.0000000000066,299.99999999998295,2023-03-07 10:00:00+00:00,2023-03-07 08:00:00+00:00,135.93642238361934,136.05308852140269,-11.666613778334067,Down,Down,Down,2023-03-03 22:00:00+00:00,84.0,2023-03-03 22:00:00+00:00,2023-03-06 22:00:00+00:00,2023-03-06 00:00:00+00:00,135.9456244758929,134.11400779365013,183.16166822427817,Up,Up,Up,2023-02-06 22:00:00+00:00,672.0,2023-02-06 22:00:00+00:00,Down,Up,135.96779133706707,135.96587426625007,136.0700527406551,133.95913890614145,common_intersection
RAW|2023-03-07|2023-03-07T13:15:00Z|-1,2023-03-07,2023H1,-1,SHORT,asian_high,LONDON_NY_OVERLAP,2023-03-07 13:15:00+00:00,2023-03-07 13:30:00+00:00,2023-03-07 13:30:00.293000+00:00,2023-03-07 16:30:00+00:00,2023-03-07 16:30:00.189000+00:00,136.175,135.829,136.154,136.182,136.04,136.165,34.600000000000364,0.699999999997658,1.0000000000019327,136.163,136.173,136.905,136.914,0.9999999999990905,0.899999999998613,-75.09999999999764,-750.9999999999764,4477,-745.9999999999809,-758.9999999999861,-743.9999999999998,-747.9999999999905,-733.9999999999804,-737.9999999999995,2023-03-07 10:00:00+00:00,2023-03-07 08:00:00+00:00,135.93642238361934,136.05308852140269,-11.666613778334067,Down,Down,Down,2023-03-03 22:00:00+00:00,84.0,2023-03-03 22:00:00+00:00,2023-03-06 22:00:00+00:00,2023-03-06 00:00:00+00:00,135.9456244758929,134.11400779365013,183.16166822427817,Up,Up,Up,2023-02-06 22:00:00+00:00,672.0,2023-02-06 22:00:00+00:00,Down,Up,135.96779133706707,135.96587426625007,136.0700527406551,133.95913890614145,common_intersection
RAW|2023-03-08|2023-03-08T11:45:00Z|1,2023-03-08,2023H1,1,LONG,asian_low,LONDON,2023-03-08 11:45:00+00:00,2023-03-08 12:00:00+00:00,2023-03-08 12:00:00.045000+00:00,2023-03-08 15:00:00+00:00,2023-03-08 15:00:00.062000+00:00,137.91,137.24,137.312,137.312,137.198,137.263,66.99999999999875,4.200000000000159,2.2999999999996135,137.262,137.269,136.817,136.823,0.7000000000005002,0.6000000000000227,-45.19999999999982,-451.9999999999982,4567,-451.9999999999982,-456.0000000000173,-459.99999999997954,-426.00000000001614,-455.99999999998886,-328.00000000000296,2023-03-08 10:00:00+00:00,2023-03-08 08:00:00+00:00,137.1682375349051,136.49980484099913,66.84326939059702,Up,Up,Up,2023-03-07 18:00:00+00:00,16.0,2023-03-07 18:00:00+00:00,2023-03-07 22:00:00+00:00,2023-03-07 00:00:00+00:00,136.2888746256378,134.3566471701581,193.22274554796763,Up,Up,Up,2023-02-06 22:00:00+00:00,696.0,2023-02-06 22:00:00+00:00,Up,Up,137.01273254886715,135.9456244758929,136.40787482717295,134.11400779365013,common_intersection
RAW|2023-03-09|2023-03-09T07:15:00Z|1,2023-03-09,2023H1,1,LONG,asian_low,LONDON,2023-03-09 07:15:00+00:00,2023-03-09 07:30:00+00:00,2023-03-09 07:30:00.299000+00:00,2023-03-09 10:30:00+00:00,2023-03-09 10:30:00.464000+00:00,137.254,136.602,136.695,136.696,136.579,136.605,65.19999999999868,2.2999999999996135,0.2999999999985903,136.606,136.611,136.174,136.182,0.49999999999954525,0.7999999999981355,-43.69999999999834,-436.9999999999834,4645,-445.99999999999795,-435.9999999999786,-467.9999999999893,-435.0000000000023,-463.99999999999864,-429.9999999999784,2023-03-09 06:00:00+00:00,2023-03-09 04:00:00+00:00,137.07717119632167,136.70267138618684,37.44998101348358,Up,Up,Up,2023-03-07 18:00:00+00:00,36.0,2023-03-07 18:00:00+00:00,2023-03-08 22:00:00+00:00,2023-03-08 00:00:00+00:00,136.58348187545556,134.59371539654546,198.97664789100986,Up,Up,Up,2023-02-06 22:00:00+00:00,720.0,2023-02-06 22:00:00+00:00,Up,Up,137.17923967485035,136.2888746256378,136.6922949849857,134.3566471701581,common_intersection
RAW|2023-03-10|2023-03-10T10:15:00Z|-1,2023-03-10,2023H1,-1,SHORT,asian_high,LONDON,2023-03-10 10:15:00+00:00,2023-03-10 10:30:00+00:00,2023-03-10 10:30:00.127000+00:00,2023-03-10 13:30:00+00:00,2023-03-10 13:30:00.042000+00:00,136.968,135.809,136.957,136.988,136.816,136.83,115.89999999999918,2.000000000001023,13.79999999999768,136.83,136.838,136.639,136.733,0.7999999999981355,9.399999999999409,9.700000000000841,97.00000000000841,4753,97.00000000000841,99.00000000001796,120.00000000000455,510.0000000000193,114.00000000000432,231.00000000002296,2023-03-10 10:00:00+00:00,2023-03-10 08:00:00+00:00,136.49128916366556,136.53358524451127,-4.229608084571623,Down,Down,Down,2023-03-09 14:00:00+00:00,20.0,2023-03-09 14:00:00+00:00,2023-03-09 22:00:00+00:00,2023-03-09 00:00:00+00:00,136.45591562532542,134.71717816482183,173.8737460503586,Up,Up,Up,2023-02-06 22:00:00+00:00,744.0,2023-02-06 22:00:00+00:00,Down,Up,136.37620482913178,136.58348187545556,136.5122448309905,134.59371539654546,common_intersection
RAW|2023-03-13|2023-03-13T11:00:00Z|1,2023-03-13,2023H1,1,LONG,asian_low,LONDON,2023-03-13 11:00:00+00:00,2023-03-13 11:15:00+00:00,2023-03-13 11:15:00.050000+00:00,2023-03-13 14:15:00+00:00,2023-03-13 14:15:00.097000+00:00,134.968,133.681,133.587,133.801,133.553,133.689,128.69999999999777,12.800000000001432,0.7999999999981355,133.691,133.699,132.795,132.798,0.8000000000009777,0.30000000000143245,-90.40000000000248,-904.0000000000248,4856,-906.0000000000059,-909.0000000000202,-904.0000000000248,-920.0000000000159,-893.0000000000007,-894.0000000000055,2023-03-13 09:00:00+00:00,2023-03-13 08:00:00+00:00,134.6357344064316,135.77858154561747,-114.2847139185875,Down,Down,Down,2023-03-09 14:00:00+00:00,91.0,2023-03-09 14:00:00+00:00,2023-03-10 22:00:00+00:00,2023-03-10 00:00:00+00:00,136.02908258951817,134.7367639116361,129.2318677882065,Up,Up,Up,2023-02-06 22:00:00+00:00,768.0,2023-02-06 22:00:00+00:00,Down,Up,134.96762816900426,136.45591562532542,135.95011037567116,134.71717816482183,raw_only
RAW|2023-03-14|2023-03-14T10:45:00Z|-1,2023-03-14,2023H1,-1,SHORT,asian_high,LONDON,2023-03-14 10:45:00+00:00,2023-03-14 11:00:00+00:00,2023-03-14 11:00:00.019000+00:00,2023-03-14 14:00:00+00:00,2023-03-14 14:00:00.034000+00:00,134.028,133.025,134.068,134.107,133.932,133.963,100.29999999999859,7.900000000000773,6.499999999999773,133.962,133.97,134.724,134.731,0.8000000000009777,0.7000000000005002,-76.90000000000055,-769.0000000000055,4951,-765.9999999999911,-755.0000000000239,-768.0000000000007,-741.0000000000139,-775.0000000000057,-737.0000000000232,2023-03-14 09:00:00+00:00,2023-03-14 08:00:00+00:00,133.73518994722008,134.84063606759622,-110.54461203761434,Down,Down,Down,2023-03-09 14:00:00+00:00,115.0,2023-03-09 14:00:00+00:00,2023-03-13 21:00:00+00:00,2023-03-13 00:00:00+00:00,135.21248756394155,134.61150279870523,60.098476523631916,Up,Up,Up,2023-02-06 22:00:00+00:00,839.0,2023-02-06 22:00:00+00:00,Down,Up,133.5940659261081,136.02908258951817,134.9060826821698,134.7367639116361,raw_only
RAW|2023-03-15|2023-03-15T08:45:00Z|-1,2023-03-15,2023H1,-1,SHORT,asian_high,LONDON,2023-03-15 08:45:00+00:00,2023-03-15 09:00:00+00:00,2023-03-15 09:00:00.031000+00:00,2023-03-15 12:00:00+00:00,2023-03-15 12:00:00.168000+00:00,134.834,134.028,134.854,134.866,134.629,134.666,80.60000000000116,3.2000000000010687,16.800000000000637,134.667,134.674,133.53,133.536,0.7000000000005002,0.6000000000000227,113.10000000000002,1131.0000000000002,5039,1131.0000000000002,1144.0000000000055,1131.0000000000002,1144.0000000000055,1131.0000000000002,1079.0000000000077,2023-03-15 09:00:00+00:00,2023-03-15 08:00:00+00:00,134.3788291181847,134.66949881156432,-29.066969337961268,Down,Down,Down,2023-03-09 14:00:00+00:00,139.0,2023-03-09 14:00:00+00:00,2023-03-14 21:00:00+00:00,2023-03-14 00:00:00+00:00,134.92577683138683,134.57930257480882,34.64742565780057,Up,Up,Up,2023-02-06 22:00:00+00:00,863.0,2023-02-06 22:00:00+00:00,Down,Up,134.2639607654586,135.21248756394155,134.66980305604818,134.61150279870523,raw_only
RAW|2023-03-16|2023-03-16T14:45:00Z|1,2023-03-16,2023H1,1,LONG,asian_low,LONDON_NY_OVERLAP,2023-03-16 14:45:00+00:00,2023-03-16 15:00:00+00:00,2023-03-16 15:00:00.017000+00:00,2023-03-16 18:00:00+00:00,2023-03-16 18:00:00.118000+00:00,133.492,132.499,131.995,132.867,131.925,132.613,99.2999999999995,57.399999999998386,11.400000000000432,132.615,132.622,133.672,133.679,0.7000000000005002,0.7000000000005002,104.9999999999983,1049.999999999983,5159,1051.9999999999925,1047.9999999999734,1060.0000000000023,1050.9999999999877,1027.9999999999916,1038.9999999999873,2023-03-16 13:00:00+00:00,2023-03-16 12:00:00+00:00,132.91298149927593,133.86201160842492,-94.90301091489926,Down,Down,Down,2023-03-09 14:00:00+00:00,167.0,2023-03-09 14:00:00+00:00,2023-03-15 21:00:00+00:00,2023-03-15 00:00:00+00:00,134.47212630813345,134.4799983688241,-0.78720606906586,Down,Up,Transition,2023-03-15 21:00:00+00:00,0.0,2023-03-15 21:00:00+00:00,Down,Up,133.1517740989863,134.92577683138683,133.99644740046185,134.57930257480882,raw_only
RAW|2023-03-16|2023-03-16T19:00:00Z|-1,2023-03-16,2023H1,-1,SHORT,asian_high,NEW_YORK,2023-03-16 19:00:00+00:00,2023-03-16 19:15:00+00:00,2023-03-16 19:15:00.580000+00:00,2023-03-16 22:15:00+00:00,2023-03-16 22:15:00.151000+00:00,133.492,132.499,133.516,133.555,133.468,133.488,99.2999999999995,6.30000000000166,0.39999999999906777,133.488,133.497,133.605,133.622,0.9000000000014552,1.700000000002433,-13.400000000001455,-134.00000000001455,5176,-135.00000000001933,-134.00000000001455,-135.00000000001933,-144.00000000000546,-147.00000000001978,-150.00000000000568,2023-03-16 17:00:00+00:00,2023-03-16 16:00:00+00:00,133.06384392805424,133.82833067975093,-76.4486751696694,Down,Down,Down,2023-03-09 14:00:00+00:00,171.0,2023-03-09 14:00:00+00:00,2023-03-15 21:00:00+00:00,2023-03-15 00:00:00+00:00,134.47212630813345,134.4799983688241,-0.78720606906586,Down,Up,Transition,2023-03-15 21:00:00+00:00,0.0,2023-03-15 21:00:00+00:00,Down,Up,132.91298149927593,134.92577683138683,133.86201160842492,134.57930257480882,raw_only
RAW|2023-03-17|2023-03-17T07:00:00Z|1,2023-03-17,2023H1,1,LONG,asian_low,LONDON,2023-03-17 07:00:00+00:00,2023-03-17 07:15:00+00:00,2023-03-17 07:15:00.178000+00:00,2023-03-17 10:15:00+00:00,2023-03-17 10:15:00.175000+00:00,133.581,132.86,132.867,133.07,132.788,133.039,72.09999999999752,7.200000000000273,17.899999999997362,133.037,133.046,133.221,133.228,0.899999999998613,0.7000000000005002,17.500000000001137,175.00000000001137,5224,177.99999999999727,175.00000000001137,186.00000000000705,177.00000000002092,200.9999999999934,171.0000000000207,2023-03-17 05:00:00+00:00,2023-03-17 04:00:00+00:00,133.22021717494687,133.7254772083539,-50.52600334070405,Down,Down,Down,2023-03-09 14:00:00+00:00,183.0,2023-03-09 14:00:00+00:00,2023-03-16 21:00:00+00:00,2023-03-16 00:00:00+00:00,134.25266164866676,134.4179184993182,-16.525685065144557,Down,Down,Down,2023-03-15 21:00:00+00:00,24.0,2023-03-15 21:00:00+00:00,Down,Transition,133.28710404492563,134.47212630813345,133.7839534873412,134.4799983688241,raw_only
RAW|2023-03-20|2023-03-20T07:00:00Z|1,2023-03-20,2023H1,1,LONG,asian_low,LONDON,2023-03-20 07:00:00+00:00,2023-03-20 07:15:00+00:00,2023-03-20 07:15:00.035000+00:00,2023-03-20 10:15:00+00:00,2023-03-20 10:15:00.058000+00:00,132.647,131.026,131.103,131.195,130.905,131.186,162.0999999999981,12.100000000000932,15.999999999999659,131.187,131.195,131.241,131.249,0.7999999999981355,0.7999999999981355,4.600000000002069,46.00000000002069,5320,27.000000000015234,42.00000000000159,12.000000000000455,44.00000000001114,-7.999999999981355,67.00000000000728,2023-03-20 05:00:00+00:00,2023-03-20 04:00:00+00:00,132.31135332521777,133.15634895613914,-84.49956309213746,Down,Down,Down,2023-03-09 14:00:00+00:00,255.0,2023-03-09 14:00:00+00:00,2023-03-17 21:00:00+00:00,2023-03-17 00:00:00+00:00,133.55275832047624,134.20872501937274,-65.5966698896492,Down,Down,Down,2023-03-15 21:00:00+00:00,48.0,2023-03-15 21:00:00+00:00,Down,Down,132.51149465530486,134.25266164866676,133.27333582189036,134.4179184993182,common_intersection
RAW|2023-03-21|2023-03-21T07:00:00Z|-1,2023-03-21,2023H1,-1,SHORT,asian_high,LONDON,2023-03-21 07:00:00+00:00,2023-03-21 07:15:00+00:00,2023-03-21 07:15:00.275000+00:00,2023-03-21 10:15:00+00:00,2023-03-21 10:15:00.286000+00:00,131.72,131.029,131.704,131.728,131.543,131.633,69.10000000000025,0.8000000000009777,8.699999999998909,131.633,131.643,132.305,132.311,0.9999999999990905,0.6000000000000227,-67.79999999999973,-677.9999999999973,5416,-677.9999999999973,-677.9999999999973,-677.0000000000209,-676.9999999999925,-652.0000000000152,-676.9999999999925,2023-03-21 05:00:00+00:00,2023-03-21 04:00:00+00:00,131.42429438164817,132.42422382062097,-99.99294389727993,Down,Down,Down,2023-03-09 14:00:00+00:00,279.0,2023-03-09 14:00:00+00:00,2023-03-20 21:00:00+00:00,2023-03-20 00:00:00+00:00,132.91111308605446,133.97658701782294,-106.547393176848,Down,Down,Down,2023-03-15 21:00:00+00:00,120.0,2023-03-15 21:00:00+00:00,Down,Down,131.49161213430745,133.55275832047624,132.52580850067494,134.20872501937274,raw_only
RAW|2023-03-22|2023-03-22T13:00:00Z|-1,2023-03-22,2023H1,-1,SHORT,asian_high,LONDON_NY_OVERLAP,2023-03-22 13:00:00+00:00,2023-03-22 13:15:00+00:00,2023-03-22 13:15:00.653000+00:00,2023-03-22 16:15:00+00:00,2023-03-22 16:15:00.329000+00:00,132.774,132.252,132.784,132.793,132.685,132.713,52.199999999999136,1.9000000000005457,6.100000000000705,132.708,132.714,132.649,132.654,0.6000000000000227,0.49999999999954525,5.400000000000205,54.000000000002046,5536,51.00000000001614,60.000000000002274,50.00000000001137,58.9999999999975,60.000000000002274,60.000000000002274,2023-03-22 13:00:00+00:00,2023-03-22 12:00:00+00:00,132.48150454366618,132.45088911286513,3.0615430801049115,Up,Down,Transition,2023-03-22 13:00:00+00:00,0.0,2023-03-22 13:00:00+00:00,2023-03-21 21:00:00+00:00,2023-03-21 00:00:00+00:00,132.79193791861033,133.8579800563971,-106.60421377867806,Down,Down,Down,2023-03-15 21:00:00+00:00,144.0,2023-03-15 21:00:00+00:00,Down,Down,132.36130636113265,132.91111308605446,132.4220968618099,133.97658701782294,raw_only
RAW|2023-03-23|2023-03-23T08:45:00Z|-1,2023-03-23,2023H1,-1,SHORT,asian_high,LONDON,2023-03-23 08:45:00+00:00,2023-03-23 09:00:00+00:00,2023-03-23 09:00:00.104000+00:00,2023-03-23 12:00:00+00:00,2023-03-23 12:00:00.093000+00:00,131.244,130.416,131.13,131.245,131.071,131.195,82.8000000000003,0.10000000000047748,4.900000000000659,131.196,131.206,131.281,131.284,0.9999999999990905,0.2999999999985903,-8.799999999999386,-87.99999999999386,5615,-87.99999999999386,-80.0000000000125,-100.99999999999909,-80.99999999998886,-121.99999999998568,-80.0000000000125,2023-03-23 09:00:00+00:00,2023-03-23 08:00:00+00:00,131.41779625744968,132.05919272400547,-64.13964665557899,Down,Down,Down,2023-03-22 21:00:00+00:00,12.0,2023-03-22 21:00:00+00:00,2023-03-22 21:00:00+00:00,2023-03-22 00:00:00+00:00,132.3896699418645,133.66006165188534,-127.03917100208457,Down,Down,Down,2023-03-15 21:00:00+00:00,168.0,2023-03-15 21:00:00+00:00,Down,Down,131.50691476042954,132.79193791861033,132.13433991739723,133.8579800563971,raw_only
RAW|2023-03-23|2023-03-23T19:00:00Z|1,2023-03-23,2023H1,1,LONG,asian_low,NEW_YORK,2023-03-23 19:00:00+00:00,2023-03-23 19:15:00+00:00,2023-03-23 19:15:00.064000+00:00,2023-03-23 22:15:00+00:00,2023-03-23 22:15:00.196000+00:00,131.244,130.416,130.623,131.036,130.337,130.427,82.8000000000003,7.900000000000773,1.099999999999568,130.428,130.439,130.8,130.811,1.099999999999568,1.099999999999568,36.10000000000184,361.0000000000184,5656,347.0000000000084,371.0000000000093,352.00000000000387,365.0000000000091,354.0000000000134,373.9999999999952,2023-03-23 17:00:00+00:00,2023-03-23 16:00:00+00:00,131.24312053951513,131.91278872159825,-66.96681820831145,Down,Down,Down,2023-03-22 21:00:00+00:00,20.0,2023-03-22 21:00:00+00:00,2023-03-22 21:00:00+00:00,2023-03-22 00:00:00+00:00,132.3896699418645,133.66006165188534,-127.03917100208457,Down,Down,Down,2023-03-15 21:00:00+00:00,168.0,2023-03-15 21:00:00+00:00,Down,Down,131.43556875532119,132.79193791861033,132.01285730608504,133.8579800563971,raw_only
RAW|2023-03-24|2023-03-24T08:15:00Z|1,2023-03-24,2023H1,1,LONG,asian_low,LONDON,2023-03-24 08:15:00+00:00,2023-03-24 08:30:00+00:00,2023-03-24 08:30:00.009000+00:00,2023-03-24 11:30:00+00:00,2023-03-24 11:30:00.068000+00:00,130.939,130.053,130.026,130.249,129.932,130.225,88.59999999999957,12.100000000000932,17.199999999999704,130.226,130.231,130.033,130.039,0.49999999999954525,0.6000000000000227,-19.80000000000075,-198.0000000000075,5709,-164.0000000000157,-210.9999999999843,-141.00000000001955,-192.00000000000728,-129.0000000000191,-186.00000000000705,2023-03-24 05:00:00+00:00,2023-03-24 04:00:00+00:00,130.7061809546338,131.5907815920439,-88.46006374101023,Down,Down,Down,2023-03-22 21:00:00+00:00,32.0,2023-03-22 21:00:00+00:00,2023-03-23 21:00:00+00:00,2023-03-23 00:00:00+00:00,131.9394785299032,133.43237671973452,-149.28981898313225,Down,Down,Down,2023-03-15 21:00:00+00:00,192.0,2023-03-15 21:00:00+00:00,Down,Down,130.9486533364873,132.3896699418645,131.72041477396075,133.66006165188534,raw_only
RAW|2023-03-27|2023-03-27T07:00:00Z|-1,2023-03-27,2023H1,-1,SHORT,asian_high,LONDON,2023-03-27 07:00:00+00:00,2023-03-27 07:15:00+00:00,2023-03-27 07:15:00.087000+00:00,2023-03-27 10:15:00+00:00,2023-03-27 10:15:00.846000+00:00,131.316,130.496,131.264,131.351,131.155,131.17,81.99999999999932,3.499999999999659,14.6000000000015,131.17,131.179,131.38,131.389,0.9000000000014552,0.9000000000014552,-21.90000000000225,-219.0000000000225,5800,-213.99999999999864,-217.00000000001296,-215.0000000000034,-228.00000000000864,-213.00000000002228,-216.00000000000819,2023-03-27 05:00:00+00:00,2023-03-27 04:00:00+00:00,130.6514208995925,131.1864473546058,-53.5026455013309,Down,Down,Down,2023-03-22 21:00:00+00:00,104.0,2023-03-22 21:00:00+00:00,2023-03-24 21:00:00+00:00,2023-03-24 00:00:00+00:00,131.58448466421657,133.21354658215577,-162.90619179391967,Down,Down,Down,2023-03-15 21:00:00+00:00,216.0,2023-03-15 21:00:00+00:00,Down,Down,130.62998925942946,131.9394785299032,131.22831234196283,133.43237671973452,common_intersection
RAW|2023-03-28|2023-03-28T07:45:00Z|-1,2023-03-28,2023H1,-1,SHORT,asian_high,LONDON,2023-03-28 07:45:00+00:00,2023-03-28 08:00:00+00:00,2023-03-28 08:00:00.128000+00:00,2023-03-28 11:00:00+00:00,2023-03-28 11:00:00.133000+00:00,131.238,130.502,131.201,131.242,131.141,131.159,73.599999999999,0.39999999999906777,7.900000000000773,131.16,131.167,130.955,130.963,0.7000000000005002,0.7999999999981355,19.700000000000273,197.00000000000273,5899,194.99999999999318,198.0000000000075,194.99999999999318,186.00000000000705,209.00000000000318,191.0000000000025,2023-03-28 05:00:00+00:00,2023-03-28 04:00:00+00:00,130.99984781473822,131.1857214444289,-18.587362969068977,Down,Down,Down,2023-03-28 01:00:00+00:00,4.0,2023-03-28 01:00:00+00:00,2023-03-27 21:00:00+00:00,2023-03-27 00:00:00+00:00,131.57520333158328,133.08062285558333,-150.54195240000467,Down,Down,Down,2023-03-15 21:00:00+00:00,288.0,2023-03-15 21:00:00+00:00,Transition,Down,131.15338694063348,131.58448466421657,131.23526243959665,133.21354658215577,common_intersection
RAW|2023-03-28|2023-03-28T12:30:00Z|1,2023-03-28,2023H1,1,LONG,asian_low,LONDON_NY_OVERLAP,2023-03-28 12:30:00+00:00,2023-03-28 12:45:00+00:00,2023-03-28 12:45:00.083000+00:00,2023-03-28 15:45:00+00:00,2023-03-28 15:45:00.291000+00:00,131.238,130.502,130.656,130.671,130.405,130.615,73.599999999999,9.700000000000841,11.299999999999955,130.617,130.624,130.951,130.957,0.7000000000005002,0.6000000000000227,32.69999999999982,326.9999999999982,5918,329.9999999999841,328.00000000000296,334.99999999997954,335.00000000000796,331.99999999999363,328.00000000000296,2023-03-28 09:00:00+00:00,2023-03-28 08:00:00+00:00,131.01331986767016,131.1746237288746,-16.130386120443063,Down,Down,Down,2023-03-28 01:00:00+00:00,8.0,2023-03-28 01:00:00+00:00,2023-03-27 21:00:00+00:00,2023-03-27 00:00:00+00:00,131.57520333158328,133.08062285558333,-150.54195240000467,Down,Down,Down,2023-03-15 21:00:00+00:00,288.0,2023-03-15 21:00:00+00:00,Down,Down,130.99984781473822,131.58448466421657,131.1857214444289,133.21354658215577,common_intersection
RAW|2023-03-29|2023-03-29T07:00:00Z|-1,2023-03-29,2023H1,-1,SHORT,asian_high,LONDON,2023-03-29 07:00:00+00:00,2023-03-29 07:15:00+00:00,2023-03-29 07:15:00.078000+00:00,2023-03-29 10:15:00+00:00,2023-03-29 10:15:00.150000+00:00,132.033,130.923,131.887,132.053,131.88,131.949,110.99999999999852,2.000000000001023,8.399999999997476,131.948,131.954,131.705,131.708,0.6000000000000227,0.2999999999985903,24.00000000000091,240.0000000000091,5992,227.00000000000387,242.00000000001864,217.9999999999893,237.99999999999955,230.99999999999454,228.00000000000864,2023-03-29 05:00:00+00:00,2023-03-29 04:00:00+00:00,131.21042342990833,131.15952580536077,5.089762454755942,Up,Down,Transition,2023-03-29 05:00:00+00:00,0.0,2023-03-29 05:00:00+00:00,2023-03-28 21:00:00+00:00,2023-03-28 00:00:00+00:00,131.36028809398806,132.90001302713665,-153.9724933148591,Down,Down,Down,2023-03-15 21:00:00+00:00,312.0,2023-03-15 21:00:00+00:00,Down,Down,131.01219280187166,131.57520333158328,131.11200631017473,133.08062285558333,common_intersection
RAW|2023-03-30|2023-03-30T07:00:00Z|1,2023-03-30,2023H1,1,LONG,asian_low,LONDON,2023-03-30 07:00:00+00:00,2023-03-30 07:15:00+00:00,2023-03-30 07:15:00.070000+00:00,2023-03-30 10:15:00+00:00,2023-03-30 10:15:00.060000+00:00,132.807,132.328,132.36,132.383,132.216,132.354,47.8999999999985,11.199999999999477,2.600000000001046,132.355,132.363,132.797,132.804,0.8000000000009777,0.7000000000005002,43.39999999999975,433.9999999999975,6088,423.0000000000018,433.9999999999975,436.9999999999834,436.00000000000705,432.9999999999927,466.0000000000082,2023-03-30 05:00:00+00:00,2023-03-30 04:00:00+00:00,132.41723202145636,131.70958218624625,70.76498352101055,Up,Up,Up,2023-03-29 05:00:00+00:00,24.0,2023-03-29 05:00:00+00:00,2023-03-29 21:00:00+00:00,2023-03-29 00:00:00+00:00,131.78363435284862,132.89537198496572,-111.1737632117098,Down,Down,Down,2023-03-15 21:00:00+00:00,336.0,2023-03-15 21:00:00+00:00,Up,Down,132.3557248300389,131.36028809398806,131.6346762893981,132.90001302713665,common_intersection
RAW|2023-03-30|2023-03-30T12:45:00Z|-1,2023-03-30,2023H1,-1,SHORT,asian_high,LONDON_NY_OVERLAP,2023-03-30 12:45:00+00:00,2023-03-30 13:00:00+00:00,2023-03-30 13:00:00.091000+00:00,2023-03-30 16:00:00+00:00,2023-03-30 16:00:00.216000+00:00,132.807,132.328,132.813,132.834,132.683,132.765,47.8999999999985,2.7000000000015234,4.200000000000159,132.761,132.766,132.71,132.716,0.49999999999954525,0.6000000000000227,4.4999999999987494,44.999999999987494,6111,55.999999999983174,44.999999999987494,74.99999999998863,49.000000000006594,79.99999999998408,54.000000000002046,2023-03-30 13:00:00+00:00,2023-03-30 12:00:00+00:00,132.5406285823757,131.85476636243882,68.58622199368654,Up,Up,Up,2023-03-29 05:00:00+00:00,32.0,2023-03-29 05:00:00+00:00,2023-03-29 21:00:00+00:00,2023-03-29 00:00:00+00:00,131.78363435284862,132.89537198496572,-111.1737632117098,Down,Down,Down,2023-03-15 21:00:00+00:00,336.0,2023-03-15 21:00:00+00:00,Up,Down,132.45088001532596,131.36028809398806,131.77561561134655,132.90001302713665,common_intersection
RAW|2023-03-31|2023-03-31T08:45:00Z|-1,2023-03-31,2023H1,-1,SHORT,asian_high,LONDON,2023-03-31 08:45:00+00:00,2023-03-31 09:00:00+00:00,2023-03-31 09:00:00.019000+00:00,2023-03-31 12:00:00+00:00,2023-03-31 12:00:00.067000+00:00,133.509,132.685,133.533,133.592,133.45,133.488,82.39999999999839,8.300000000002683,2.0999999999986585,133.486,133.494,133.183,133.191,0.8000000000009777,0.8000000000009777,29.49999999999875,294.9999999999875,6191,263.00000000000523,295.99999999999227,246.99999999998568,312.9999999999882,240.99999999998545,313.99999999999295,2023-03-31 09:00:00+00:00,2023-03-31 08:00:00+00:00,132.95755103944333,132.2261948020243,73.13562374190212,Up,Up,Up,2023-03-29 05:00:00+00:00,52.0,2023-03-29 05:00:00+00:00,2023-03-30 21:00:00+00:00,2023-03-30 00:00:00+00:00,132.03773882346331,132.87758222616847,-83.98434027051564,Down,Down,Down,2023-03-15 21:00:00+00:00,360.0,2023-03-15 21:00:00+00:00,Up,Down,132.74537145522066,131.78363435284862,132.11647261089598,132.89537198496572,common_intersection
RAW|2023-04-03|2023-04-03T13:45:00Z|1,2023-04-03,2023H1,1,LONG,asian_low,LONDON_NY_OVERLAP,2023-04-03 13:45:00+00:00,2023-04-03 14:00:00+00:00,2023-04-03 14:00:00.169000+00:00,2023-04-03 17:00:00+00:00,2023-04-03 17:00:00.128000+00:00,133.755,132.817,132.89,132.952,132.773,132.85,93.79999999999882,4.400000000001114,3.299999999998704,132.832,132.883,132.451,132.459,5.100000000001614,0.8000000000009777,-43.20000000000164,-432.00000000001637,6307,-114.00000000000432,-430.0000000000068,-120.00000000000455,-430.0000000000068,-227.00000000000387,-424.0000000000066,2023-04-03 13:00:00+00:00,2023-04-03 12:00:00+00:00,133.16101180503813,132.6219796947884,53.90321102497353,Up,Up,Up,2023-03-29 05:00:00+00:00,128.0,2023-03-29 05:00:00+00:00,2023-03-31 21:00:00+00:00,2023-03-31 00:00:00+00:00,132.25467058818808,132.87113564807498,-61.64650598869059,Down,Down,Down,2023-03-15 21:00:00+00:00,384.0,2023-03-15 21:00:00+00:00,Up,Down,133.18541652705338,132.03773882346331,132.5804127117265,132.87758222616847,common_intersection
RAW|2023-04-04|2023-04-04T09:15:00Z|-1,2023-04-04,2023H1,-1,SHORT,asian_high,LONDON,2023-04-04 09:15:00+00:00,2023-04-04 09:30:00+00:00,2023-04-04 09:30:00.209000+00:00,2023-04-04 12:30:00+00:00,2023-04-04 12:30:00.145000+00:00,132.979,132.207,132.913,133.068,132.87,132.871,77.20000000000198,8.899999999999864,10.80000000000041,132.873,132.879,132.874,132.88,0.6000000000000227,0.6000000000000227,-0.7000000000005002,-7.000000000005002,6385,-2.0000000000095497,-9.000000000014552,-4.9999999999954525,-10.000000000019327,-12.000000000000455,-9.000000000014552,2023-04-04 09:00:00+00:00,2023-04-04 08:00:00+00:00,132.77735680911192,132.62275446791102,15.460234120089922,Up,Up,Up,2023-03-29 05:00:00+00:00,148.0,2023-03-29 05:00:00+00:00,2023-04-03 21:00:00+00:00,2023-04-03 00:00:00+00:00,132.28476470584863,132.83024479622898,-54.54800903803516,Down,Down,Down,2023-03-15 21:00:00+00:00,456.0,2023-03-15 21:00:00+00:00,Up,Down,132.7274995327567,132.25467058818808,132.59847224772938,132.87113564807498,common_intersection
RAW|2023-04-05|2023-04-05T08:15:00Z|1,2023-04-05,2023H1,1,LONG,asian_low,LONDON,2023-04-05 08:15:00+00:00,2023-04-05 08:30:00+00:00,2023-04-05 08:30:01.405000+00:00,2023-04-05 11:30:00+00:00,2023-04-05 11:30:00.053000+00:00,131.842,131.303,131.453,131.457,131.232,131.308,53.90000000000157,7.099999999999795,0.49999999999954525,131.308,131.315,131.564,131.57,0.7000000000005002,0.6000000000000227,24.899999999999523,248.99999999999523,6477,248.99999999999523,245.00000000000455,254.99999999999545,258.0000000000098,231.99999999999932,253.99999999999068,2023-04-05 05:00:00+00:00,2023-04-05 04:00:00+00:00,131.94863235726035,132.36018666048082,-41.15543032204698,Down,Down,Down,2023-04-04 17:00:00+00:00,12.0,2023-04-04 17:00:00+00:00,2023-04-04 21:00:00+00:00,2023-04-04 00:00:00+00:00,132.114831932749,132.73902521253066,-62.41932797816503,Down,Down,Down,2023-03-15 21:00:00+00:00,480.0,2023-03-15 21:00:00+00:00,Down,Down,132.04928530016448,132.28476470584863,132.41785506574,132.83024479622898,common_intersection
RAW|2023-04-06|2023-04-06T10:15:00Z|-1,2023-04-06,2023H1,-1,SHORT,asian_high,LONDON,2023-04-06 10:15:00+00:00,2023-04-06 10:30:00+00:00,2023-04-06 10:30:00.149000+00:00,2023-04-06 13:30:00+00:00,2023-04-06 13:30:00.195000+00:00,131.492,130.774,131.415,131.573,131.393,131.474,71.79999999999893,8.100000000001728,1.8000000000000682,131.474,131.479,131.692,131.696,0.5000000000023874,0.39999999999906777,-22.20000000000084,-222.0000000000084,6581,-222.0000000000084,-221.00000000000364,-222.0000000000084,-228.00000000000864,-222.0000000000084,-227.00000000000387,2023-04-06 09:00:00+00:00,2023-04-06 08:00:00+00:00,131.3263849888967,131.8666968897692,-54.03119008724957,Down,Down,Down,2023-04-04 17:00:00+00:00,40.0,2023-04-04 17:00:00+00:00,2023-04-05 21:00:00+00:00,2023-04-05 00:00:00+00:00,131.8811656662493,132.6236631955282,-74.24975292788929,Down,Down,Down,2023-03-15 21:00:00+00:00,504.0,2023-03-15 21:00:00+00:00,Down,Down,131.2929389844554,132.114831932749,131.9064096627926,132.73902521253066,common_intersection
RAW|2023-04-07|2023-04-07T11:00:00Z|1,2023-04-07,2023H1,1,LONG,asian_low,LONDON,2023-04-07 11:00:00+00:00,2023-04-07 11:15:00+00:00,2023-04-07 11:15:00.258000+00:00,2023-04-07 14:15:00+00:00,2023-04-07 14:15:04.302000+00:00,131.947,131.565,131.529,131.599,131.524,131.598,38.2000000000005,4.099999999999682,3.300000000001546,131.599,131.606,132.176,132.186,0.7000000000005002,1.0000000000019327,56.99999999999932,569.9999999999932,6680,569.9999999999932,569.9999999999932,569.9999999999932,569.9999999999932,583.9999999999748,569.9999999999932,2023-04-07 09:00:00+00:00,2023-04-07 08:00:00+00:00,131.67931349566516,131.80493793767639,-12.562444201122958,Down,Down,Down,2023-04-04 17:00:00+00:00,64.0,2023-04-04 17:00:00+00:00,2023-04-06 21:00:00+00:00,2023-04-06 00:00:00+00:00,131.8465469044638,132.55457013988595,-70.80232354221607,Down,Down,Down,2023-03-15 21:00:00+00:00,528.0,2023-03-15 21:00:00+00:00,Down,Down,131.63023889393122,131.8811656662493,131.8051934105178,132.6236631955282,common_intersection
RAW|2023-04-10|2023-04-10T08:30:00Z|1,2023-04-10,2023H1,1,LONG,asian_low,LONDON,2023-04-10 08:30:00+00:00,2023-04-10 08:45:00+00:00,2023-04-10 08:45:00.199000+00:00,2023-04-10 11:45:00+00:00,2023-04-10 11:45:00.090000+00:00,132.797,132.082,132.069,132.139,132.019,132.133,71.50000000000034,6.299999999998818,5.100000000001614,132.132,132.14,132.769,132.776,0.7999999999981355,0.7000000000005002,62.90000000000191,629.0000000000191,6766,626.0000000000048,633.0000000000098,627.0000000000095,640.0000000000148,628.0000000000143,639.00000000001,2023-04-10 05:00:00+00:00,2023-04-10 04:00:00+00:00,132.29404763931421,131.99314038462444,30.090725468977553,Up,Up,Up,2023-04-07 17:00:00+00:00,60.0,2023-04-07 17:00:00+00:00,2023-04-07 21:00:00+00:00,2023-04-07 00:00:00+00:00,131.92953350318842,132.52116452869507,-59.16310255066435,Down,Down,Down,2023-03-15 21:00:00+00:00,552.0,2023-03-15 21:00:00+00:00,Up,Down,132.14886669503989,131.8465469044638,131.9354134615483,132.55457013988595,common_intersection
RAW|2023-04-11|2023-04-11T07:15:00Z|1,2023-04-11,2023H1,1,LONG,asian_low,LONDON,2023-04-11 07:15:00+00:00,2023-04-11 07:30:00+00:00,2023-04-11 07:30:00.143000+00:00,2023-04-11 10:30:00+00:00,2023-04-11 10:30:00.080000+00:00,133.69,133.224,133.389,133.401,133.167,133.228,46.60000000000082,5.699999999998795,0.40000000000190994,133.229,133.236,133.186,133.189,0.699999999997658,0.2999999999985903,-4.999999999998295,-49.99999999998295,6857,-46.999999999997044,-52.99999999999727,-46.999999999997044,-37.99999999998249,-86.99999999998909,-32.99999999998704,2023-04-11 05:00:00+00:00,2023-04-11 04:00:00+00:00,133.23309094309587,132.50302745692437,73.00634861715025,Up,Up,Up,2023-04-07 17:00:00+00:00,84.0,2023-04-07 17:00:00+00:00,2023-04-10 21:00:00+00:00,2023-04-10 00:00:00+00:00,132.40023821656317,132.60563136639945,-20.539314983628287,Down,Down,Down,2023-03-15 21:00:00+00:00,624.0,2023-03-15 21:00:00+00:00,Up,Down,133.1671273203342,131.92953350318842,132.4252037575265,132.52116452869507,common_intersection
RAW|2023-04-11|2023-04-11T16:00:00Z|-1,2023-04-11,2023H1,-1,SHORT,asian_high,NEW_YORK,2023-04-11 16:00:00+00:00,2023-04-11 16:15:00+00:00,2023-04-11 16:15:00.123000+00:00,2023-04-11 19:15:00+00:00,2023-04-11 19:15:00.240000+00:00,133.69,133.224,133.634,133.71,133.631,133.65,46.60000000000082,2.000000000001023,3.999999999999204,133.65,133.656,133.752,133.757,0.6000000000000227,0.49999999999954525,-10.699999999999932,-106.99999999999932,6892,-106.99999999999932,-105.99999999999454,-111.00000000001842,-105.99999999999454,-115.0000000000091,-105.99999999999454,2023-04-11 13:00:00+00:00,2023-04-11 12:00:00+00:00,133.16953619545708,132.59519603954078,57.43401559163033,Up,Up,Up,2023-04-07 17:00:00+00:00,92.0,2023-04-07 17:00:00+00:00,2023-04-10 21:00:00+00:00,2023-04-10 00:00:00+00:00,132.40023821656317,132.60563136639945,-20.539314983628287,Down,Down,Down,2023-03-15 21:00:00+00:00,624.0,2023-03-15 21:00:00+00:00,Up,Down,133.19535067363992,131.92953350318842,132.55086526037041,132.52116452869507,common_intersection
RAW|2023-04-12|2023-04-12T07:00:00Z|1,2023-04-12,2023H1,1,LONG,asian_low,LONDON,2023-04-12 07:00:00+00:00,2023-04-12 07:15:00+00:00,2023-04-12 07:15:00.586000+00:00,2023-04-12 10:15:00+00:00,2023-04-12 10:15:00.273000+00:00,134.043,133.557,133.65,133.69,133.553,133.641,48.60000000000184,0.39999999999906777,8.400000000000318,133.641,133.649,133.685,133.688,0.8000000000009777,0.2999999999985903,3.6000000000001364,36.000000000001364,6952,37.00000000000614,33.999999999991815,39.00000000001569,32.99999999998704,43.00000000000637,25.000000000005684,2023-04-12 05:00:00+00:00,2023-04-12 04:00:00+00:00,133.57283553609358,132.91134883046692,66.14867056266576,Up,Up,Up,2023-04-07 17:00:00+00:00,108.0,2023-04-07 17:00:00+00:00,2023-04-11 21:00:00+00:00,2023-04-11 00:00:00+00:00,132.76502729754512,132.6913408570875,7.368644045760675,Up,Down,Transition,2023-04-11 21:00:00+00:00,0.0,2023-04-11 21:00:00+00:00,Up,Down,133.498769750531,132.40023821656317,132.83772698963796,132.60563136639945,common_intersection
RAW|2023-04-13|2023-04-13T08:15:00Z|1,2023-04-13,2023H1,1,LONG,asian_low,LONDON,2023-04-13 08:15:00+00:00,2023-04-13 08:30:00+00:00,2023-04-13 08:30:00.050000+00:00,2023-04-13 11:30:00+00:00,2023-04-13 11:30:00.053000+00:00,133.374,132.98,132.936,133.0,132.925,132.987,39.400000000000546,5.49999999999784,0.7000000000005002,132.988,132.994,133.157,133.161,0.6000000000000227,0.39999999999906777,16.30000000000109,163.0000000000109,7053,165.00000000002046,163.0000000000109,171.99999999999704,162.00000000000614,163.0000000000109,161.00000000000136,2023-04-13 05:00:00+00:00,2023-04-13 04:00:00+00:00,133.27019003350188,133.04497178441844,22.521824908344,Up,Up,Up,2023-04-07 17:00:00+00:00,132.0,2023-04-07 17:00:00+00:00,2023-04-12 21:00:00+00:00,2023-04-12 00:00:00+00:00,132.86701949824652,132.7257935885205,14.122590972601756,Up,Up,Up,2023-04-11 21:00:00+00:00,24.0,2023-04-11 21:00:00+00:00,Up,Transition,133.26906604690262,132.76502729754512,133.02514324393306,132.6913408570875,common_intersection
RAW|2023-04-13|2023-04-13T12:00:00Z|-1,2023-04-13,2023H1,-1,SHORT,asian_high,LONDON_NY_OVERLAP,2023-04-13 12:00:00+00:00,2023-04-13 12:15:00+00:00,2023-04-13 12:15:00.063000+00:00,2023-04-13 15:15:00+00:00,2023-04-13 15:15:01.533000+00:00,133.374,132.98,133.336,133.39,133.239,133.284,39.400000000000546,1.5999999999991132,9.000000000000341,133.284,133.29,132.418,132.423,0.6000000000000227,0.49999999999954525,86.099999999999,860.99999999999,7068,859.9999999999852,860.99999999999,856.9999999999993,876.9999999999811,856.9999999999993,865.9999999999854,2023-04-13 09:00:00+00:00,2023-04-13 08:00:00+00:00,133.2395643096442,133.05441404166496,18.515026797925316,Up,Up,Up,2023-04-07 17:00:00+00:00,136.0,2023-04-07 17:00:00+00:00,2023-04-12 21:00:00+00:00,2023-04-12 00:00:00+00:00,132.86701949824652,132.7257935885205,14.122590972601756,Up,Up,Up,2023-04-11 21:00:00+00:00,24.0,2023-04-11 21:00:00+00:00,Up,Transition,133.27019003350188,132.76502729754512,133.04497178441844,132.6913408570875,raw_only
RAW|2023-04-14|2023-04-14T08:00:00Z|1,2023-04-14,2023H1,1,LONG,asian_low,LONDON,2023-04-14 08:00:00+00:00,2023-04-14 08:15:00+00:00,2023-04-14 08:15:00.704000+00:00,2023-04-14 11:15:00+00:00,2023-04-14 11:15:00.179000+00:00,132.639,132.265,132.225,132.338,132.168,132.324,37.400000000002365,9.699999999997999,5.900000000002592,132.323,132.329,132.704,132.709,0.6000000000000227,0.49999999999954525,37.5,375.0,7148,375.0,366.9999999999902,376.0000000000048,364.9999999999807,382.000000000005,355.99999999999454,2023-04-14 05:00:00+00:00,2023-04-14 04:00:00+00:00,132.64542372033307,132.86716300351202,-22.17392831789482,Down,Down,Down,2023-04-13 17:00:00+00:00,12.0,2023-04-13 17:00:00+00:00,2023-04-13 21:00:00+00:00,2023-04-13 00:00:00+00:00,132.7818710701761,132.71325010143886,6.862096873723544,Up,Up,Up,2023-04-11 21:00:00+00:00,48.0,2023-04-11 21:00:00+00:00,Down,Up,132.71399320846632,132.86701949824652,132.90135109077394,132.7257935885205,common_intersection
RAW|2023-04-14|2023-04-14T11:45:00Z|-1,2023-04-14,2023H1,-1,SHORT,asian_high,LONDON,2023-04-14 11:45:00+00:00,2023-04-14 12:00:00+00:00,2023-04-14 12:00:00.188000+00:00,2023-04-14 15:00:00+00:00,2023-04-14 15:00:00.346000+00:00,132.639,132.265,132.695,132.704,132.605,132.608,37.400000000002365,6.499999999999773,3.100000000000591,132.607,132.614,133.458,133.463,0.7000000000005002,0.49999999999954525,-85.59999999999945,-855.9999999999945,7163,-855.9999999999945,-855.9999999999945,-860.99999999999,-854.0000000000134,-876.0000000000048,-842.9999999999893,2023-04-14 09:00:00+00:00,2023-04-14 08:00:00+00:00,132.6021598002379,132.83730996323106,-23.51501629931647,Down,Down,Down,2023-04-13 17:00:00+00:00,16.0,2023-04-13 17:00:00+00:00,2023-04-13 21:00:00+00:00,2023-04-13 00:00:00+00:00,132.7818710701761,132.71325010143886,6.862096873723544,Up,Up,Up,2023-04-11 21:00:00+00:00,48.0,2023-04-11 21:00:00+00:00,Down,Up,132.64542372033307,132.86701949824652,132.86716300351202,132.7257935885205,common_intersection
RAW|2023-04-18|2023-04-18T08:15:00Z|1,2023-04-18,2023H1,1,LONG,asian_low,LONDON,2023-04-18 08:15:00+00:00,2023-04-18 08:30:00+00:00,2023-04-18 08:30:00.179000+00:00,2023-04-18 11:30:00+00:00,2023-04-18 11:30:00.096000+00:00,134.703,134.245,134.178,134.282,134.167,134.282,45.79999999999984,7.800000000000296,3.700000000000614,134.283,134.288,133.938,133.941,0.5000000000023874,0.30000000000143245,-35.000000000002274,-350.00000000002274,7341,-350.00000000002274,-356.00000000002296,-347.0000000000084,-365.0000000000091,-343.00000000001774,-364.0000000000043,2023-04-18 05:00:00+00:00,2023-04-18 04:00:00+00:00,134.26550807822457,133.60231861578202,66.31894624425456,Up,Up,Up,2023-04-14 17:00:00+00:00,84.0,2023-04-14 17:00:00+00:00,2023-04-17 21:00:00+00:00,2023-04-17 00:00:00+00:00,133.45536279090618,132.92826768585786,52.70951050483177,Up,Up,Up,2023-04-11 21:00:00+00:00,144.0,2023-04-11 21:00:00+00:00,Up,Up,134.19571130951442,133.05790790726863,133.52947675628482,132.79603009332376,common_intersection
RAW|2023-04-19|2023-04-19T07:45:00Z|-1,2023-04-19,2023H1,-1,SHORT,asian_high,LONDON,2023-04-19 07:45:00+00:00,2023-04-19 08:00:00+00:00,2023-04-19 08:00:00.074000+00:00,2023-04-19 11:00:00+00:00,2023-04-19 11:00:00.144000+00:00,134.736,133.951,134.761,134.782,134.69,134.733,78.49999999999966,4.600000000002069,0.2999999999985903,134.733,134.737,134.825,134.832,0.39999999999906777,0.7000000000005002,-9.899999999998954,-98.99999999998954,7435,-93.99999999999409,-98.99999999998954,-92.99999999998931,-106.99999999999932,-88.99999999999864,-109.99999999998522,2023-04-19 05:00:00+00:00,2023-04-19 04:00:00+00:00,134.17020776821104,133.81409150521569,35.611626299535715,Up,Up,Up,2023-04-14 17:00:00+00:00,108.0,2023-04-14 17:00:00+00:00,2023-04-18 21:00:00+00:00,2023-04-18 00:00:00+00:00,133.63268770779013,133.02008627098925,61.26014368008725,Up,Up,Up,2023-04-11 21:00:00+00:00,168.0,2023-04-11 21:00:00+00:00,Up,Up,134.11029087549545,133.45536279090618,133.77009946219096,132.92826768585786,common_intersection
RAW|2023-04-21|2023-04-21T10:30:00Z|1,2023-04-21,2023H1,1,LONG,asian_low,LONDON,2023-04-21 10:30:00+00:00,2023-04-21 10:45:00+00:00,2023-04-21 10:45:02.108000+00:00,2023-04-21 13:45:00+00:00,2023-04-21 13:45:00.004000+00:00,134.249,133.697,133.811,133.817,133.68,133.708,55.19999999999925,1.6999999999995907,1.099999999999568,133.708,133.714,133.624,133.64,0.6000000000000227,1.5999999999991132,-9.000000000000341,-90.00000000000341,7638,-90.00000000000341,239.00000000000432,-87.99999999999386,195.99999999999795,-87.99999999999386,143.00000000000068,2023-04-21 09:00:00+00:00,2023-04-21 08:00:00+00:00,134.0668244432501,134.14500006895742,-7.817562570730274,Down,Up,Transition,2023-04-21 09:00:00+00:00,0.0,2023-04-21 09:00:00+00:00,2023-04-20 21:00:00+00:00,2023-04-20 00:00:00+00:00,134.01577944275004,133.2387162197653,77.70632229847365,Up,Up,Up,2023-04-11 21:00:00+00:00,216.0,2023-04-11 21:00:00+00:00,Up,Up,134.18595422055014,133.93249121985008,134.17769572712763,133.1530393693101,common_intersection
RAW|2023-04-21|2023-04-21T16:00:00Z|-1,2023-04-21,2023H1,-1,SHORT,asian_high,NEW_YORK,2023-04-21 16:00:00+00:00,2023-04-21 16:15:00+00:00,2023-04-21 16:15:00.117000+00:00,2023-04-21 19:15:00+00:00,2023-04-21 19:15:00.246000+00:00,134.249,133.697,134.281,134.288,134.169,134.169,55.19999999999925,3.900000000001569,7.999999999998408,134.17,134.175,134.176,134.182,0.5000000000023874,0.6000000000000227,-1.2000000000000455,-12.000000000000455,7660,-9.999999999990905,-12.000000000000455,-8.99999999998613,-12.000000000000455,-7.999999999981355,-12.000000000000455,2023-04-21 13:00:00+00:00,2023-04-21 12:00:00+00:00,133.94401745946436,134.10436006344082,-16.034260397645994,Down,Down,Down,2023-04-21 09:00:00+00:00,4.0,2023-04-21 09:00:00+00:00,2023-04-20 21:00:00+00:00,2023-04-20 00:00:00+00:00,134.01577944275004,133.2387162197653,77.70632229847365,Up,Up,Up,2023-04-11 21:00:00+00:00,216.0,2023-04-11 21:00:00+00:00,Transition,Up,134.0668244432501,133.93249121985008,134.14500006895742,133.1530393693101,common_intersection
RAW|2023-04-24|2023-04-24T14:30:00Z|-1,2023-04-24,2023H1,-1,SHORT,asian_high,LONDON_NY_OVERLAP,2023-04-24 14:30:00+00:00,2023-04-24 14:45:00+00:00,2023-04-24 14:45:00.170000+00:00,2023-04-24 17:45:00+00:00,2023-04-24 17:45:00.317000+00:00,134.475,133.888,134.637,134.649,134.341,134.38,58.69999999999891,17.40000000000066,9.499999999999886,134.38,134.383,134.309,134.313,0.30000000000143245,0.39999999999906777,6.700000000000728,67.00000000000728,7750,57.00000000001637,62.99999999998818,57.00000000001637,62.99999999998818,62.00000000001182,62.99999999998818,2023-04-24 13:00:00+00:00,2023-04-24 12:00:00+00:00,134.25620988537202,134.15801296982656,9.819691554545784,Up,Up,Up,2023-04-24 09:00:00+00:00,4.0,2023-04-24 09:00:00+00:00,2023-04-21 21:00:00+00:00,2023-04-21 00:00:00+00:00,134.03098531625002,133.30513892218409,72.58463940659396,Up,Up,Up,2023-04-11 21:00:00+00:00,240.0,2023-04-11 21:00:00+00:00,Transition,Up,134.1582938395208,134.01577944275004,134.12818801068104,133.2387162197653,common_intersection
RAW|2023-04-25|2023-04-25T10:30:00Z|1,2023-04-25,2023H1,1,LONG,asian_low,LONDON,2023-04-25 10:30:00+00:00,2023-04-25 10:45:00+00:00,2023-04-25 10:45:00.117000+00:00,2023-04-25 13:45:00+00:00,2023-04-25 13:45:00.189000+00:00,134.479,134.003,133.937,134.065,133.933,134.021,47.60000000000275,6.999999999999318,1.8000000000000682,134.022,134.027,133.889,133.895,0.49999999999954525,0.6000000000000227,-13.79999999999768,-137.9999999999768,7830,-140.99999999999113,-139.99999999998636,-139.99999999998636,-140.99999999999113,-140.99999999999113,-147.99999999999613,2023-04-25 09:00:00+00:00,2023-04-25 08:00:00+00:00,134.2331574874628,134.19012679825946,4.3030689203334305,Up,Up,Up,2023-04-24 09:00:00+00:00,24.0,2023-04-24 09:00:00+00:00,2023-04-24 21:00:00+00:00,2023-04-24 00:00:00+00:00,134.0864180830357,133.37872780840937,70.76902746263443,Up,Up,Up,2023-04-11 21:00:00+00:00,312.0,2023-04-11 21:00:00+00:00,Up,Up,134.2820204824479,134.03098531625002,134.19700738941245,133.30513892218409,common_intersection
RAW|2023-04-26|2023-04-26T07:45:00Z|1,2023-04-26,2023H1,1,LONG,asian_low,LONDON,2023-04-26 07:45:00+00:00,2023-04-26 08:00:00+00:00,2023-04-26 08:00:00.133000+00:00,2023-04-26 11:00:00+00:00,2023-04-26 11:00:00.036000+00:00,133.789,133.438,133.575,133.616,133.39,133.45,35.09999999999991,4.800000000000182,1.2000000000000455,133.449,133.455,133.413,133.418,0.6000000000000227,0.49999999999954525,-4.200000000000159,-42.00000000000159,7915,-42.999999999977945,-34.000000000020236,-49.99999999998295,-26.00000000001046,-52.99999999999727,-22.00000000001978,2023-04-26 05:00:00+00:00,2023-04-26 04:00:00+00:00,133.7978324000905,134.03562604207,-23.77936419794935,Down,Down,Down,2023-04-25 13:00:00+00:00,16.0,2023-04-25 13:00:00+00:00,2023-04-25 21:00:00+00:00,2023-04-25 00:00:00+00:00,133.98401291645408,133.40666958373663,57.73433327174473,Up,Up,Up,2023-04-11 21:00:00+00:00,336.0,2023-04-11 21:00:00+00:00,Down,Up,133.88456536012671,134.0864180830357,134.07515874138042,133.37872780840937,common_intersection
RAW|2023-04-26|2023-04-26T11:45:00Z|-1,2023-04-26,2023H1,-1,SHORT,asian_high,LONDON,2023-04-26 11:45:00+00:00,2023-04-26 12:00:00+00:00,2023-04-26 12:00:00.038000+00:00,2023-04-26 15:00:00+00:00,2023-04-26 15:00:00.102000+00:00,133.789,133.438,133.746,133.805,133.639,133.735,35.09999999999991,1.6000000000019554,5.3999999999973625,133.736,133.741,133.327,133.332,0.5000000000023874,0.49999999999954525,40.399999999999636,403.99999999999636,7931,403.00000000002,413.99999999998727,441.0000000000025,405.9999999999775,426.9999999999925,396.99999999999136,2023-04-26 09:00:00+00:00,2023-04-26 08:00:00+00:00,133.72245171435037,133.9954959587044,-27.304424435402552,Down,Down,Down,2023-04-25 13:00:00+00:00,20.0,2023-04-25 13:00:00+00:00,2023-04-25 21:00:00+00:00,2023-04-25 00:00:00+00:00,133.98401291645408,133.40666958373663,57.73433327174473,Up,Up,Up,2023-04-11 21:00:00+00:00,336.0,2023-04-11 21:00:00+00:00,Down,Up,133.7978324000905,134.0864180830357,134.03562604207,133.37872780840937,raw_only
RAW|2023-04-27|2023-04-27T08:15:00Z|-1,2023-04-27,2023H1,-1,SHORT,asian_high,LONDON,2023-04-27 08:15:00+00:00,2023-04-27 08:30:00+00:00,2023-04-27 08:30:00.111000+00:00,2023-04-27 11:30:00+00:00,2023-04-27 11:30:01.196000+00:00,133.849,133.391,133.794,133.946,133.793,133.844,45.79999999999984,9.700000000000841,0.49999999999954525,133.843,133.848,133.485,133.49,0.5000000000023874,0.49999999999954525,35.29999999999802,352.9999999999802,8013,353.999999999985,352.9999999999802,353.999999999985,353.999999999985,354.99999999998977,355.99999999999454,2023-04-27 05:00:00+00:00,2023-04-27 04:00:00+00:00,133.67716913234634,133.88384847435117,-20.667934200483273,Down,Down,Down,2023-04-25 13:00:00+00:00,40.0,2023-04-25 13:00:00+00:00,2023-04-26 21:00:00+00:00,2023-04-26 00:00:00+00:00,133.8877235117529,133.4258960170377,46.18274947152088,Up,Up,Up,2023-04-11 21:00:00+00:00,360.0,2023-04-11 21:00:00+00:00,Down,Up,133.65803678528488,133.98401291645408,133.8976613851643,133.40666958373663,common_intersection
RAW|2023-04-27|2023-04-27T12:30:00Z|1,2023-04-27,2023H1,1,LONG,asian_low,LONDON_NY_OVERLAP,2023-04-27 12:30:00+00:00,2023-04-27 12:45:00+00:00,2023-04-27 12:45:00.031000+00:00,2023-04-27 15:45:00+00:00,2023-04-27 15:45:01.798000+00:00,133.849,133.391,133.365,134.028,133.204,133.986,45.79999999999984,18.69999999999834,59.499999999999886,133.985,133.99,133.978,133.983,0.49999999999954525,0.49999999999954525,-1.2000000000000455,-12.000000000000455,8030,-16.999999999995907,-12.000000000000455,-4.9999999999954525,-4.9999999999954525,-15.999999999991132,-4.000000000019099,2023-04-27 09:00:00+00:00,2023-04-27 08:00:00+00:00,133.73254938024738,133.8828205964031,-15.02712161557156,Down,Down,Down,2023-04-25 13:00:00+00:00,44.0,2023-04-25 13:00:00+00:00,2023-04-26 21:00:00+00:00,2023-04-26 00:00:00+00:00,133.8877235117529,133.4258960170377,46.18274947152088,Up,Up,Up,2023-04-11 21:00:00+00:00,360.0,2023-04-11 21:00:00+00:00,Down,Up,133.67716913234634,133.98401291645408,133.88384847435117,133.40666958373663,common_intersection
RAW|2023-04-28|2023-04-28T07:15:00Z|-1,2023-04-28,2023H1,-1,SHORT,asian_high,LONDON,2023-04-28 07:15:00+00:00,2023-04-28 07:30:00+00:00,2023-04-28 07:30:00.148000+00:00,2023-04-28 10:30:00+00:00,2023-04-28 10:30:00.328000+00:00,135.759,133.335,135.834,135.856,135.641,135.689,242.39999999999782,9.700000000000841,6.999999999999318,135.688,135.694,135.928,135.934,0.6000000000000227,0.6000000000000227,-24.600000000000932,-246.00000000000932,8105,-248.99999999999523,-246.00000000000932,-246.99999999998568,-243.99999999999977,-296.99999999999704,-234.00000000000887,2023-04-28 05:00:00+00:00,2023-04-28 04:00:00+00:00,134.16510613513853,133.9788167217065,18.628941343203564,Up,Up,Up,2023-04-28 01:00:00+00:00,4.0,2023-04-28 01:00:00+00:00,2023-04-27 21:00:00+00:00,2023-04-27 00:00:00+00:00,133.91037393696635,133.4691843356747,44.11896012916543,Up,Up,Up,2023-04-11 21:00:00+00:00,384.0,2023-04-11 21:00:00+00:00,Transition,Up,133.92274858919393,133.8877235117529,133.90993121924618,133.4258960170377,common_intersection
RAW|2023-05-02|2023-05-02T11:00:00Z|1,2023-05-02,2023H1,1,LONG,asian_low,LONDON,2023-05-02 11:00:00+00:00,2023-05-02 11:15:00+00:00,2023-05-02 11:15:01.188000+00:00,2023-05-02 14:15:00+00:00,2023-05-02 14:15:00.030000+00:00,137.772,137.29,137.529,137.54,137.279,137.33,48.19999999999993,1.099999999999568,4.000000000002046,137.33,137.336,136.943,136.948,0.6000000000000227,0.49999999999954525,-39.30000000000007,-393.0000000000007,8312,-393.0000000000007,-398.00000000002456,-391.9999999999959,-378.0000000000143,-400.99999999998204,-399.0000000000009,2023-05-02 09:00:00+00:00,2023-05-02 08:00:00+00:00,137.32817581869406,135.97831483637256,134.9860982321502,Up,Up,Up,2023-04-28 01:00:00+00:00,104.0,2023-04-28 01:00:00+00:00,2023-05-01 21:00:00+00:00,2023-05-01 00:00:00+00:00,135.40345609028896,133.99340242171507,141.00536685738803,Up,Up,Up,2023-04-11 21:00:00+00:00,480.0,2023-04-11 21:00:00+00:00,Up,Up,137.2562461461717,134.57683852640454,135.84529873518755,133.69108958882074,common_intersection
RAW|2023-05-03|2023-05-03T07:15:00Z|1,2023-05-03,2023H1,1,LONG,asian_low,LONDON,2023-05-03 07:15:00+00:00,2023-05-03 07:30:00+00:00,2023-05-03 07:30:01.331000+00:00,2023-05-03 10:30:00+00:00,2023-05-03 10:30:00.398000+00:00,136.572,135.853,135.74,135.912,135.737,135.902,71.89999999999941,11.600000000001387,4.899999999997817,135.902,135.908,135.658,135.663,0.6000000000000227,0.5000000000023874,-25.0,-250.0,8393,-250.0,-248.99999999999523,-250.0,-247.99999999999045,-303.0000000000257,-238.9999999999759,2023-05-03 05:00:00+00:00,2023-05-03 04:00:00+00:00,136.58349767557678,136.17227904295763,41.12186326191534,Up,Up,Up,2023-04-28 01:00:00+00:00,124.0,2023-04-28 01:00:00+00:00,2023-05-02 21:00:00+00:00,2023-05-02 00:00:00+00:00,135.7184686359207,134.19441022797787,152.40584079428174,Up,Up,Up,2023-04-11 21:00:00+00:00,504.0,2023-04-11 21:00:00+00:00,Up,Up,136.7936967458075,135.40345609028896,136.1822163510409,133.99340242171507,common_intersection
RAW|2023-05-04|2023-05-04T08:00:00Z|-1,2023-05-04,2023H1,-1,SHORT,asian_high,LONDON,2023-05-04 08:00:00+00:00,2023-05-04 08:15:00+00:00,2023-05-04 08:15:00.852000+00:00,2023-05-04 11:15:00+00:00,2023-05-04 11:15:00.177000+00:00,134.626,134.147,134.671,134.724,134.596,134.615,47.90000000000134,9.799999999998477,1.099999999999568,134.616,134.621,134.459,134.464,0.49999999999954525,0.49999999999954525,15.200000000001523,152.00000000001523,8492,151.00000000001046,153.00000000002,152.00000000001523,152.00000000001523,164.99999999999204,166.00000000002524,2023-05-04 05:00:00+00:00,2023-05-04 04:00:00+00:00,135.0457532931082,135.70037619416394,-65.46229010557454,Down,Down,Down,2023-05-03 13:00:00+00:00,16.0,2023-05-03 13:00:00+00:00,2023-05-03 21:00:00+00:00,2023-05-03 00:00:00+00:00,135.41804902565764,134.23221740973966,118.58316159179765,Up,Up,Up,2023-04-11 21:00:00+00:00,528.0,2023-04-11 21:00:00+00:00,Down,Up,135.23725461035147,135.7184686359207,135.79893064583035,134.19441022797787,common_intersection
RAW|2023-05-04|2023-05-04T14:00:00Z|1,2023-05-04,2023H1,1,LONG,asian_low,LONDON_NY_OVERLAP,2023-05-04 14:00:00+00:00,2023-05-04 14:15:00+00:00,2023-05-04 14:15:00.019000+00:00,2023-05-04 17:15:00+00:00,2023-05-04 17:15:00.075000+00:00,134.626,134.147,134.284,134.336,134.111,134.326,47.90000000000134,3.6000000000001364,17.900000000000205,134.327,134.333,133.867,133.87,0.6000000000000227,0.30000000000143245,-46.60000000000082,-466.0000000000082,8516,-459.0000000000032,-467.9999999999893,-466.0000000000082,-469.99999999999886,-487.0000000000232,-461.9999999999891,2023-05-04 13:00:00+00:00,2023-05-04 12:00:00+00:00,134.89122106791234,135.54920481074035,-65.79837428280086,Down,Down,Down,2023-05-03 13:00:00+00:00,24.0,2023-05-03 13:00:00+00:00,2023-05-03 21:00:00+00:00,2023-05-03 00:00:00+00:00,135.41804902565764,134.23221740973966,118.58316159179765,Up,Up,Up,2023-04-11 21:00:00+00:00,528.0,2023-04-11 21:00:00+00:00,Down,Up,134.9181094950773,135.7184686359207,135.6122660986308,134.19441022797787,common_intersection
RAW|2023-05-05|2023-05-05T10:30:00Z|-1,2023-05-05,2023H1,-1,SHORT,asian_high,LONDON,2023-05-05 10:30:00+00:00,2023-05-05 10:45:00+00:00,2023-05-05 10:45:03.090000+00:00,2023-05-05 13:45:00+00:00,2023-05-05 13:45:00.083000+00:00,134.258,133.882,134.202,134.293,134.202,134.254,37.60000000000048,3.499999999999659,0.40000000000190994,134.253,134.259,135.04,135.046,0.6000000000000227,0.6000000000000227,-79.30000000000064,-793.0000000000064,8598,-793.0000000000064,-791.0000000000252,-792.0000000000016,-801.0000000000161,-789.999999999992,-799.0000000000066,2023-05-05 09:00:00+00:00,2023-05-05 08:00:00+00:00,134.22979376671782,135.04175967776516,-81.19659110473378,Down,Down,Down,2023-05-03 13:00:00+00:00,44.0,2023-05-03 13:00:00+00:00,2023-05-04 21:00:00+00:00,2023-05-04 00:00:00+00:00,135.08917787546974,134.2350000169605,85.41778585092459,Up,Up,Up,2023-04-11 21:00:00+00:00,552.0,2023-04-11 21:00:00+00:00,Down,Up,134.26211127340494,135.41804902565764,135.11939095409255,134.23221740973966,common_intersection
RAW|2023-05-08|2023-05-08T11:45:00Z|-1,2023-05-08,2023H1,-1,SHORT,asian_high,LONDON,2023-05-08 11:45:00+00:00,2023-05-08 12:00:00+00:00,2023-05-08 12:00:00.290000+00:00,2023-05-08 15:00:00+00:00,2023-05-08 15:00:00.093000+00:00,135.192,134.64,135.071,135.208,135.07,135.186,55.20000000000209,1.5999999999991132,0.6000000000000227,135.183,135.19,134.863,134.868,0.7000000000005002,0.49999999999954525,31.499999999999773,314.9999999999977,8699,313.99999999999295,307.9999999999927,318.00000000001205,308.9999999999975,324.0000000000123,305.9999999999832,2023-05-08 09:00:00+00:00,2023-05-08 08:00:00+00:00,134.76996144127844,134.96179884889014,-19.183740761170043,Down,Down,Down,2023-05-03 13:00:00+00:00,116.0,2023-05-03 13:00:00+00:00,2023-05-05 21:00:00+00:00,2023-05-05 00:00:00+00:00,135.00141276819267,134.27876001560367,72.26527525889992,Up,Up,Up,2023-04-11 21:00:00+00:00,576.0,2023-04-11 21:00:00+00:00,Down,Up,134.69234601778982,135.08917787546974,134.9616074444458,134.2350000169605,common_intersection
RAW|2023-05-09|2023-05-09T13:15:00Z|-1,2023-05-09,2023H1,-1,SHORT,asian_high,LONDON_NY_OVERLAP,2023-05-09 13:15:00+00:00,2023-05-09 13:30:00+00:00,2023-05-09 13:30:00.077000+00:00,2023-05-09 16:30:00+00:00,2023-05-09 16:30:00.296000+00:00,135.324,134.721,135.245,135.357,135.191,135.211,60.300000000000864,3.299999999998704,11.299999999999955,135.212,135.215,135.137,135.142,0.30000000000143245,0.49999999999954525,6.999999999999318,69.99999999999318,8801,69.00000000001683,69.99999999999318,69.00000000001683,67.99999999998363,67.00000000000728,72.99999999997908,2023-05-09 13:00:00+00:00,2023-05-09 12:00:00+00:00,135.05667728291039,135.00294155053348,5.373573237690721,Up,Up,Up,2023-05-09 01:00:00+00:00,12.0,2023-05-09 01:00:00+00:00,2023-05-08 21:00:00+00:00,2023-05-08 00:00:00+00:00,135.02786626299476,134.3439792143554,68.38870486393773,Up,Up,Up,2023-04-11 21:00:00+00:00,648.0,2023-04-11 21:00:00+00:00,Up,Up,135.00374819607455,135.00141276819267,134.98676255492768,134.27876001560367,common_intersection
RAW|2023-05-11|2023-05-11T11:00:00Z|-1,2023-05-11,2023H1,-1,SHORT,asian_high,LONDON,2023-05-11 11:00:00+00:00,2023-05-11 11:15:00+00:00,2023-05-11 11:15:00.184000+00:00,2023-05-11 14:15:00+00:00,2023-05-11 14:15:00.124000+00:00,134.341,133.892,134.537,134.589,134.237,134.248,44.90000000000123,24.799999999999045,9.300000000001774,134.248,134.252,134.378,134.382,0.40000000000190994,0.40000000000190994,-13.400000000001455,-134.00000000001455,8984,-141.9999999999959,-125.0,-141.9999999999959,-115.0000000000091,-162.00000000000614,-111.00000000001842,2023-05-11 09:00:00+00:00,2023-05-11 08:00:00+00:00,134.52728421427645,134.80102121953988,-27.37370052634276,Down,Down,Down,2023-05-10 13:00:00+00:00,20.0,2023-05-10 13:00:00+00:00,2023-05-10 21:00:00+00:00,2023-05-10 00:00:00+00:00,134.8677276852014,134.4070512070304,46.067647817099555,Up,Up,Up,2023-04-11 21:00:00+00:00,696.0,2023-04-11 21:00:00+00:00,Down,Up,134.41939789998705,135.07761875928196,134.8013708908042,134.41262087720696,common_intersection
RAW|2023-05-12|2023-05-12T07:00:00Z|-1,2023-05-12,2023H1,-1,SHORT,asian_high,LONDON,2023-05-12 07:00:00+00:00,2023-05-12 07:15:00+00:00,2023-05-12 07:15:00.114000+00:00,2023-05-12 10:15:00+00:00,2023-05-12 10:15:00.019000+00:00,134.851,134.401,134.794,134.877,134.768,134.819,44.99999999999886,2.600000000001046,3.2000000000010687,134.821,134.826,134.731,134.736,0.49999999999954525,0.49999999999954525,8.500000000000796,85.00000000000796,9064,84.00000000000318,88.99999999999864,87.00000000001751,88.99999999999864,120.00000000000455,90.00000000000341,2023-05-12 05:00:00+00:00,2023-05-12 04:00:00+00:00,134.47327382457394,134.6631060468979,-18.983222232395747,Down,Down,Down,2023-05-10 13:00:00+00:00,40.0,2023-05-10 13:00:00+00:00,2023-05-11 21:00:00+00:00,2023-05-11 00:00:00+00:00,134.76723406085813,134.41576711046798,35.14669503901473,Up,Up,Up,2023-04-11 21:00:00+00:00,720.0,2023-04-11 21:00:00+00:00,Down,Up,134.4345833544035,134.8677276852014,134.67120222488902,134.4070512070304,common_intersection
RAW|2023-05-15|2023-05-15T09:45:00Z|-1,2023-05-15,2023H1,-1,SHORT,asian_high,LONDON,2023-05-15 09:45:00+00:00,2023-05-15 10:00:00+00:00,2023-05-15 10:00:00.177000+00:00,2023-05-15 13:00:00+00:00,2023-05-15 13:00:00.092000+00:00,136.263,135.726,136.312,136.314,136.157,136.178,53.700000000000614,5.099999999998772,8.500000000000796,136.18,136.184,135.891,135.897,0.39999999999906777,0.6000000000000227,28.300000000001546,283.00000000001546,9171,284.9999999999966,284.9999999999966,286.00000000000136,284.00000000002024,290.9999999999968,284.9999999999966,2023-05-15 09:00:00+00:00,2023-05-15 08:00:00+00:00,135.7181233931256,135.10333460603104,61.47887870945681,Up,Up,Up,2023-05-12 17:00:00+00:00,64.0,2023-05-12 17:00:00+00:00,2023-05-12 21:00:00+00:00,2023-05-12 00:00:00+00:00,135.0125957577558,134.51258574163055,50.0010016125259,Up,Up,Up,2023-04-11 21:00:00+00:00,744.0,2023-04-11 21:00:00+00:00,Up,Up,135.56257275037586,134.76723406085813,135.01605935438155,134.41576711046798,common_intersection
RAW|2023-05-16|2023-05-16T07:00:00Z|1,2023-05-16,2023H1,1,LONG,asian_low,LONDON,2023-05-16 07:00:00+00:00,2023-05-16 07:15:00+00:00,2023-05-16 07:15:00.018000+00:00,2023-05-16 10:15:00+00:00,2023-05-16 10:15:00.158000+00:00,136.102,135.802,135.837,135.837,135.745,135.803,30.000000000001137,5.699999999998795,0.10000000000047748,135.803,135.809,135.79,135.795,0.6000000000000227,0.49999999999954525,-1.9000000000005457,-19.000000000005457,9256,-16.999999999995907,-19.000000000005457,8.99999999998613,-19.000000000005457,13.00000000000523,-19.000000000005457,2023-05-16 05:00:00+00:00,2023-05-16 04:00:00+00:00,135.93965512009981,135.40693226293104,53.27228571687783,Up,Up,Up,2023-05-12 17:00:00+00:00,84.0,2023-05-12 17:00:00+00:00,2023-05-15 21:00:00+00:00,2023-05-15 00:00:00+00:00,135.3232826841113,134.6395788823001,68.37038018111912,Up,Up,Up,2023-04-11 21:00:00+00:00,816.0,2023-04-11 21:00:00+00:00,Up,Up,135.92591716813973,135.0125957577558,135.35762202492504,134.51258574163055,common_intersection
RAW|2023-05-16|2023-05-16T12:45:00Z|-1,2023-05-16,2023H1,-1,SHORT,asian_high,LONDON_NY_OVERLAP,2023-05-16 12:45:00+00:00,2023-05-16 13:00:00+00:00,2023-05-16 13:00:00.115000+00:00,2023-05-16 16:00:00+00:00,2023-05-16 16:00:00.063000+00:00,136.102,135.802,135.982,136.181,135.973,136.101,30.000000000001137,7.900000000000773,0.10000000000047748,136.1,136.105,136.616,136.621,0.49999999999954525,0.49999999999954525,-52.1000000000015,-521.000000000015,9279,-522.9999999999961,-522.0000000000198,-522.9999999999961,-521.000000000015,-531.0000000000059,-524.0000000000009,2023-05-16 13:00:00+00:00,2023-05-16 12:00:00+00:00,135.9664362857652,135.49469946734484,47.173681842036785,Up,Up,Up,2023-05-12 17:00:00+00:00,92.0,2023-05-12 17:00:00+00:00,2023-05-15 21:00:00+00:00,2023-05-15 00:00:00+00:00,135.3232826841113,134.6395788823001,68.37038018111912,Up,Up,Up,2023-04-11 21:00:00+00:00,816.0,2023-04-11 21:00:00+00:00,Up,Up,135.9126108000713,135.0125957577558,135.44197768189656,134.51258574163055,raw_only
RAW|2023-05-17|2023-05-17T07:15:00Z|-1,2023-05-17,2023H1,-1,SHORT,asian_high,LONDON,2023-05-17 07:15:00+00:00,2023-05-17 07:30:00+00:00,2023-05-17 07:30:00.352000+00:00,2023-05-17 10:30:00+00:00,2023-05-17 10:30:00.343000+00:00,136.867,136.303,136.8,136.883,136.758,136.773,56.399999999999295,1.6000000000019554,9.399999999999409,136.773,136.776,136.938,136.943,0.30000000000143245,0.5000000000023874,-17.00000000000159,-170.00000000001592,9353,-172.00000000002547,-170.00000000001592,-175.00000000001137,-174.0000000000066,-158.00000000001546,-170.00000000001592,2023-05-17 05:00:00+00:00,2023-05-17 04:00:00+00:00,136.35680244839787,135.7764804752416,58.03219731562592,Up,Up,Up,2023-05-12 17:00:00+00:00,108.0,2023-05-12 17:00:00+00:00,2023-05-16 21:00:00+00:00,2023-05-16 00:00:00+00:00,135.61748763150808,134.77665257171608,84.08350597919991,Up,Up,Up,2023-04-11 21:00:00+00:00,840.0,2023-04-11 21:00:00+00:00,Up,Up,136.269523427757,135.3232826841113,135.70704399482784,134.6395788823001,common_intersection
RAW|2023-05-18|2023-05-18T10:00:00Z|-1,2023-05-18,2023H1,-1,SHORT,asian_high,LONDON,2023-05-18 10:00:00+00:00,2023-05-18 10:15:00+00:00,2023-05-18 10:15:00.037000+00:00,2023-05-18 13:15:00+00:00,2023-05-18 13:15:00.449000+00:00,137.743,137.285,137.78,137.802,137.694,137.709,45.79999999999984,5.89999999999975,3.3999999999991815,137.709,137.714,138.246,138.252,0.49999999999954525,0.6000000000000227,-54.30000000000064,-543.0000000000064,9460,-543.0000000000064,-543.0000000000064,-540.0000000000205,-536.0000000000014,-537.0000000000061,-543.0000000000064,2023-05-18 09:00:00+00:00,2023-05-18 08:00:00+00:00,137.45966810631757,136.53142087411132,92.8247232206246,Up,Up,Up,2023-05-12 17:00:00+00:00,136.0,2023-05-12 17:00:00+00:00,2023-05-17 21:00:00+00:00,2023-05-17 00:00:00+00:00,136.20449116536292,135.0082803659788,119.62107993841187,Up,Up,Up,2023-04-11 21:00:00+00:00,864.0,2023-04-11 21:00:00+00:00,Up,Up,137.3355353488446,135.61748763150808,136.42371834142534,134.77665257171608,common_intersection
RAW|2023-05-19|2023-05-19T07:00:00Z|1,2023-05-19,2023H1,1,LONG,asian_low,LONDON,2023-05-19 07:00:00+00:00,2023-05-19 07:15:00+00:00,2023-05-19 07:15:04.197000+00:00,2023-05-19 10:15:00+00:00,2023-05-19 10:15:00.005000+00:00,138.663,138.034,138.201,138.214,138.021,138.069,62.90000000000191,1.300000000000523,3.499999999999659,138.071,138.076,138.141,138.147,0.49999999999954525,0.6000000000000227,6.499999999999773,64.99999999999773,9544,64.99999999999773,70.99999999999795,64.99999999999773,68.00000000001205,73.99999999998386,69.00000000001683,2023-05-19 05:00:00+00:00,2023-05-19 04:00:00+00:00,138.29737828477673,137.1990128784528,109.83654063239214,Up,Up,Up,2023-05-12 17:00:00+00:00,156.0,2023-05-12 17:00:00+00:00,2023-05-18 21:00:00+00:00,2023-05-18 00:00:00+00:00,136.91720797525923,135.3035379367005,161.36700385587233,Up,Up,Up,2023-04-11 21:00:00+00:00,888.0,2023-04-11 21:00:00+00:00,Up,Up,138.23352959868743,136.20449116536292,137.08962269397043,135.0082803659788,common_intersection
RAW|2023-05-23|2023-05-23T07:30:00Z|1,2023-05-23,2023H1,1,LONG,asian_low,LONDON,2023-05-23 07:30:00+00:00,2023-05-23 07:45:00+00:00,2023-05-23 07:45:00.236000+00:00,2023-05-23 10:45:00+00:00,2023-05-23 10:45:01.131000+00:00,138.875,138.35,138.473,138.536,138.323,138.522,52.50000000000057,2.6999999999986812,17.199999999999704,138.522,138.526,138.523,138.531,0.40000000000190994,0.8000000000009777,-0.30000000000143245,-3.0000000000143245,9738,-2.0000000000095497,-3.0000000000143245,-3.9999999999906777,6.9999999999765805,1.0000000000047748,-1.0000000000047748,2023-05-23 05:00:00+00:00,2023-05-23 04:00:00+00:00,138.38202206980017,137.852998601536,52.9023468264171,Up,Up,Up,2023-05-12 17:00:00+00:00,252.0,2023-05-12 17:00:00+00:00,2023-05-22 21:00:00+00:00,2023-05-22 00:00:00+00:00,137.58375917105064,135.75333370962332,183.04254614273248,Up,Up,Up,2023-04-11 21:00:00+00:00,984.0,2023-04-11 21:00:00+00:00,Up,Up,138.36963089772024,137.18286283947089,137.80430282775652,135.50701490176448,common_intersection
RAW|2023-05-23|2023-05-23T12:45:00Z|-1,2023-05-23,2023H1,-1,SHORT,asian_high,LONDON_NY_OVERLAP,2023-05-23 12:45:00+00:00,2023-05-23 13:00:00+00:00,2023-05-23 13:00:00.121000+00:00,2023-05-23 16:00:00+00:00,2023-05-23 16:00:00.113000+00:00,138.875,138.35,138.791,138.909,138.772,138.858,52.50000000000057,3.3999999999991815,1.6999999999995907,138.859,138.862,138.741,138.745,0.2999999999985903,0.39999999999906777,11.400000000000432,114.00000000000432,9759,109.99999999998522,108.00000000000409,110.99999999999,104.00000000001342,109.99999999998522,99.00000000001796,2023-05-23 13:00:00+00:00,2023-05-23 12:00:00+00:00,138.50699085193887,137.96835881634007,53.86320355987948,Up,Up,Up,2023-05-12 17:00:00+00:00,260.0,2023-05-12 17:00:00+00:00,2023-05-22 21:00:00+00:00,2023-05-22 00:00:00+00:00,137.58375917105064,135.75333370962332,183.04254614273248,Up,Up,Up,2023-04-11 21:00:00+00:00,984.0,2023-04-11 21:00:00+00:00,Up,Up,138.3665871927144,137.18286283947089,137.89099871341313,135.50701490176448,common_intersection
RAW|2023-05-24|2023-05-24T07:00:00Z|-1,2023-05-24,2023H1,-1,SHORT,asian_high,LONDON,2023-05-24 07:00:00+00:00,2023-05-24 07:15:00+00:00,2023-05-24 07:15:00.071000+00:00,2023-05-24 10:15:00+00:00,2023-05-24 10:15:00.677000+00:00,138.694,138.231,138.691,138.732,138.613,138.632,46.299999999999386,3.8000000000010914,6.19999999999834,138.632,138.637,138.514,138.52,0.49999999999954525,0.6000000000000227,11.199999999999477,111.99999999999477,9832,110.99999999999,112.99999999999955,117.999999999995,112.99999999999955,113.9999999999759,116.00000000001387,2023-05-24 05:00:00+00:00,2023-05-24 04:00:00+00:00,138.50792306641475,138.12783738245997,38.00856839547748,Up,Up,Up,2023-05-12 17:00:00+00:00,276.0,2023-05-12 17:00:00+00:00,2023-05-23 21:00:00+00:00,2023-05-23 00:00:00+00:00,137.86668512217904,135.97898701285345,188.76981093255836,Up,Up,Up,2023-04-11 21:00:00+00:00,1008.0,2023-04-11 21:00:00+00:00,Up,Up,138.54349229298063,137.58375917105064,138.10251889397824,135.75333370962332,common_intersection
RAW|2023-05-25|2023-05-25T13:00:00Z|-1,2023-05-25,2023H1,-1,SHORT,asian_high,LONDON_NY_OVERLAP,2023-05-25 13:00:00+00:00,2023-05-25 13:15:00+00:00,2023-05-25 13:15:00.227000+00:00,2023-05-25 16:15:00+00:00,2023-05-25 16:15:00.110000+00:00,139.702,139.261,139.725,139.833,139.581,139.649,44.10000000000025,13.100000000000023,5.299999999999727,139.65,139.655,139.935,139.941,0.49999999999954525,0.6000000000000227,-29.09999999999968,-290.9999999999968,9952,-292.0000000000016,-289.99999999999204,-289.99999999999204,-290.9999999999968,-271.000000000015,-280.00000000000114,2023-05-25 13:00:00+00:00,2023-05-25 12:00:00+00:00,139.42375648176207,138.71723428935636,70.65221924057141,Up,Up,Up,2023-05-12 17:00:00+00:00,308.0,2023-05-12 17:00:00+00:00,2023-05-24 21:00:00+00:00,2023-05-24 00:00:00+00:00,138.3179179444136,136.25634805182517,206.15698925884374,Up,Up,Up,2023-04-11 21:00:00+00:00,1032.0,2023-04-11 21:00:00+00:00,Up,Up,139.30445907446688,137.86668512217904,138.62986335799604,135.97898701285345,raw_only
RAW|2023-05-26|2023-05-26T07:30:00Z|1,2023-05-26,2023H1,1,LONG,asian_low,LONDON,2023-05-26 07:30:00+00:00,2023-05-26 07:45:00+00:00,2023-05-26 07:45:00.683000+00:00,2023-05-26 10:45:00+00:00,2023-05-26 10:45:00.005000+00:00,140.103,139.604,139.708,139.721,139.587,139.611,49.89999999999952,1.700000000002433,0.699999999997658,139.612,139.617,139.712,139.72,0.49999999999954525,0.8000000000009777,9.499999999999886,94.99999999999886,10026,87.99999999999386,99.00000000001796,89.99999999997499,96.00000000000364,88.99999999999864,96.00000000000364,2023-05-26 05:00:00+00:00,2023-05-26 04:00:00+00:00,139.74613319496098,139.0490542867655,69.70789081954649,Up,Up,Up,2023-05-12 17:00:00+00:00,324.0,2023-05-12 17:00:00+00:00,2023-05-25 21:00:00+00:00,2023-05-25 00:00:00+00:00,138.81194138886687,136.55960020767915,225.23411811877168,Up,Up,Up,2023-04-11 21:00:00+00:00,1056.0,2023-04-11 21:00:00+00:00,Up,Up,139.75738647294537,138.3179179444136,138.99088509431033,136.25634805182517,common_intersection
RAW|2023-05-26|2023-05-26T12:45:00Z|-1,2023-05-26,2023H1,-1,SHORT,asian_high,LONDON_NY_OVERLAP,2023-05-26 12:45:00+00:00,2023-05-26 13:00:00+00:00,2023-05-26 13:00:00.084000+00:00,2023-05-26 16:00:00+00:00,2023-05-26 16:00:00.331000+00:00,140.103,139.604,140.265,140.292,140.072,140.075,49.89999999999952,18.899999999999295,2.800000000002001,140.074,140.079,140.535,140.541,0.49999999999954525,0.6000000000000227,-46.699999999998454,-466.99999999998454,10047,-466.99999999998454,-463.99999999999864,-466.99999999998454,-455.99999999998886,-477.00000000000387,-458.99999999997476,2023-05-26 13:00:00+00:00,2023-05-26 12:00:00+00:00,139.8294557117148,139.17859794831833,65.08577633964592,Up,Up,Up,2023-05-12 17:00:00+00:00,332.0,2023-05-12 17:00:00+00:00,2023-05-25 21:00:00+00:00,2023-05-25 00:00:00+00:00,138.81194138886687,136.55960020767915,225.23411811877168,Up,Up,Up,2023-04-11 21:00:00+00:00,1056.0,2023-04-11 21:00:00+00:00,Up,Up,139.7312379964007,138.3179179444136,139.10064994382427,136.25634805182517,common_intersection
RAW|2023-05-29|2023-05-29T09:30:00Z|1,2023-05-29,2023H1,1,LONG,asian_low,LONDON,2023-05-29 09:30:00+00:00,2023-05-29 09:45:00+00:00,2023-05-29 09:45:01.356000+00:00,2023-05-29 12:45:00+00:00,2023-05-29 12:45:00.230000+00:00,140.917,140.219,140.246,140.27,140.184,140.27,69.80000000000075,3.499999999999659,5.100000000001614,140.27,140.276,140.201,140.205,0.6000000000000227,0.40000000000190994,-7.500000000001705,-75.00000000001705,10130,-75.00000000001705,-75.00000000001705,-75.00000000001705,-76.00000000002183,-105.99999999999454,-78.00000000000296,2023-05-29 09:00:00+00:00,2023-05-29 08:00:00+00:00,140.3558740464752,139.63475535999729,72.11186864779222,Up,Up,Up,2023-05-12 17:00:00+00:00,400.0,2023-05-12 17:00:00+00:00,2023-05-26 21:00:00+00:00,2023-05-26 00:00:00+00:00,139.31510099204777,136.88067219106483,243.44288009829427,Up,Up,Up,2023-04-11 21:00:00+00:00,1080.0,2023-04-11 21:00:00+00:00,Up,Up,140.3710236650653,138.81194138886687,139.57534278260576,136.55960020767915,common_intersection
RAW|2023-05-30|2023-05-30T11:15:00Z|1,2023-05-30,2023H1,1,LONG,asian_low,LONDON,2023-05-30 11:15:00+00:00,2023-05-30 11:30:00+00:00,2023-05-30 11:30:00.640000+00:00,2023-05-30 14:30:00+00:00,2023-05-30 14:30:00.006000+00:00,140.932,139.96,139.865,139.963,139.78,139.963,97.199999999998,18.000000000000682,0.2999999999985903,139.964,139.97,139.766,139.771,0.6000000000000227,0.49999999999954525,-20.400000000000773,-204.00000000000773,10233,-198.0000000000075,-204.00000000000773,-195.0000000000216,-212.99999999999386,-195.0000000000216,-204.00000000000773,2023-05-30 09:00:00+00:00,2023-05-30 08:00:00+00:00,140.2703019148159,139.88622414061865,38.40777741972374,Up,Up,Up,2023-05-12 17:00:00+00:00,424.0,2023-05-12 17:00:00+00:00,2023-05-29 21:00:00+00:00,2023-05-29 00:00:00+00:00,139.6293578514627,137.16341841577966,246.59394356830262,Up,Up,Up,2023-04-11 21:00:00+00:00,1152.0,2023-04-11 21:00:00+00:00,Up,Up,140.31362268074224,139.31510099204777,139.86224363110722,136.88067219106483,common_intersection
RAW|2023-05-31|2023-05-31T09:15:00Z|-1,2023-05-31,2023H1,-1,SHORT,asian_high,LONDON,2023-05-31 09:15:00+00:00,2023-05-31 09:30:00+00:00,2023-05-31 09:30:00.068000+00:00,2023-05-31 12:30:00+00:00,2023-05-31 12:30:00.025000+00:00,139.92,139.312,139.954,139.96,139.872,139.889,60.79999999999757,4.000000000002046,3.099999999997749,139.889,139.893,139.672,139.677,0.39999999999906777,0.49999999999954525,21.20000000000175,212.0000000000175,10321,219.99999999999886,209.00000000000318,219.99999999999886,201.99999999999818,228.00000000000864,193.00000000001205,2023-05-31 09:00:00+00:00,2023-05-31 08:00:00+00:00,139.89490757608647,139.86257097655806,3.2336599528406396,Up,Up,Up,2023-05-12 17:00:00+00:00,448.0,2023-05-12 17:00:00+00:00,2023-05-30 21:00:00+00:00,2023-05-30 00:00:00+00:00,139.67296989390192,137.3729049425173,230.0064951384627,Up,Up,Up,2023-04-11 21:00:00+00:00,1176.0,2023-04-11 21:00:00+00:00,Up,Up,139.87247060652106,139.6293578514627,139.85488149625877,137.16341841577966,common_intersection
RAW|2023-05-31|2023-05-31T18:00:00Z|1,2023-05-31,2023H1,1,LONG,asian_low,NEW_YORK,2023-05-31 18:00:00+00:00,2023-05-31 18:15:00+00:00,2023-05-31 18:15:00.101000+00:00,2023-05-31 21:15:00+00:00,2023-05-31 21:15:15.230000+00:00,139.92,139.312,139.411,139.423,139.272,139.344,60.79999999999757,4.000000000002046,3.1999999999982265,139.344,139.351,139.298,139.343,0.7000000000005002,4.4999999999987494,-5.299999999999727,-52.99999999999727,10356,-50.99999999998772,-52.99999999999727,-52.99999999999727,-52.99999999999727,-46.999999999997044,-52.99999999999727,2023-05-31 17:00:00+00:00,2023-05-31 16:00:00+00:00,139.82756508984005,139.84712007455875,-1.9554984718695323,Down,Up,Transition,2023-05-31 17:00:00+00:00,0.0,2023-05-31 17:00:00+00:00,2023-05-30 21:00:00+00:00,2023-05-30 00:00:00+00:00,139.67296989390192,137.3729049425173,230.0064951384627,Up,Up,Up,2023-04-11 21:00:00+00:00,1176.0,2023-04-11 21:00:00+00:00,Up,Up,139.86779112577605,139.6293578514627,139.85756529843343,137.16341841577966,common_intersection
RAW|2023-06-01|2023-06-01T09:45:00Z|-1,2023-06-01,2023H1,-1,SHORT,asian_high,LONDON,2023-06-01 09:45:00+00:00,2023-06-01 10:00:00+00:00,2023-06-01 10:00:00.361000+00:00,2023-06-01 13:00:00+00:00,2023-06-01 13:00:00.124000+00:00,139.771,139.077,139.839,139.866,139.731,139.761,69.39999999999884,9.500000000002728,0.9999999999990905,139.76,139.766,139.111,139.113,0.6000000000000227,0.20000000000095497,64.69999999999914,646.9999999999914,10419,645.0000000000102,664.999999999992,635.9999999999957,634.9999999999909,631.0000000000002,629.9999999999955,2023-06-01 09:00:00+00:00,2023-06-01 08:00:00+00:00,139.58700465687215,139.7336352327286,-14.663057585644879,Down,Down,Down,2023-05-31 17:00:00+00:00,16.0,2023-05-31 17:00:00+00:00,2023-05-31 21:00:00+00:00,2023-05-31 00:00:00+00:00,139.57383563850138,137.52915254711593,204.46830913854512,Up,Up,Up,2023-04-11 21:00:00+00:00,1200.0,2023-04-11 21:00:00+00:00,Down,Up,139.50580651962102,139.67296989390192,139.72873394861804,137.3729049425173,common_intersection
RAW|2023-06-01|2023-06-01T13:15:00Z|1,2023-06-01,2023H1,1,LONG,asian_low,LONDON_NY_OVERLAP,2023-06-01 13:15:00+00:00,2023-06-01 13:30:00+00:00,2023-06-01 13:30:00.068000+00:00,2023-06-01 16:30:00+00:00,2023-06-01 16:30:00.138000+00:00,139.771,139.077,139.094,139.175,139.056,139.118,69.39999999999884,2.0999999999986585,4.099999999999682,139.118,139.124,138.828,138.832,0.6000000000000227,0.39999999999906777,-29.599999999999227,-295.99999999999227,10433,-298.0000000000018,-295.99999999999227,-313.99999999999295,-293.00000000000637,-300.9999999999877,-287.9999999999825,2023-06-01 13:00:00+00:00,2023-06-01 12:00:00+00:00,139.4521461834801,139.6841444141103,-23.199823063021086,Down,Down,Down,2023-05-31 17:00:00+00:00,20.0,2023-05-31 17:00:00+00:00,2023-05-31 21:00:00+00:00,2023-05-31 00:00:00+00:00,139.57383563850138,137.52915254711593,204.46830913854512,Up,Up,Up,2023-04-11 21:00:00+00:00,1200.0,2023-04-11 21:00:00+00:00,Down,Up,139.58700465687215,139.67296989390192,139.7336352327286,137.3729049425173,common_intersection
RAW|2023-06-02|2023-06-02T08:00:00Z|-1,2023-06-02,2023H1,-1,SHORT,asian_high,LONDON,2023-06-02 08:00:00+00:00,2023-06-02 08:15:00+00:00,2023-06-02 08:15:00.149000+00:00,2023-06-02 11:15:00+00:00,2023-06-02 11:15:00.377000+00:00,139.052,138.603,139.005,139.105,138.994,139.021,44.899999999998386,5.299999999999727,3.100000000000591,139.021,139.027,138.928,138.933,0.6000000000000227,0.49999999999954525,8.799999999999386,87.99999999999386,10508,88.99999999999864,85.99999999998431,80.0000000000125,85.99999999998431,79.00000000000773,76.99999999999818,2023-06-02 05:00:00+00:00,2023-06-02 04:00:00+00:00,139.02823047258437,139.45135338237196,-42.31229097875939,Down,Down,Down,2023-05-31 17:00:00+00:00,36.0,2023-05-31 17:00:00+00:00,2023-06-01 21:00:00+00:00,2023-06-01 00:00:00+00:00,139.34759688464385,137.62938034334667,171.82165412971813,Up,Up,Up,2023-04-11 21:00:00+00:00,1224.0,2023-04-11 21:00:00+00:00,Down,Up,139.0755226616181,139.57383563850138,139.49842758953474,137.52915254711593,common_intersection
RAW|2023-06-05|2023-06-05T08:00:00Z|-1,2023-06-05,2023H1,-1,SHORT,asian_high,LONDON,2023-06-05 08:00:00+00:00,2023-06-05 08:15:00+00:00,2023-06-05 08:15:00.172000+00:00,2023-06-05 11:15:00+00:00,2023-06-05 11:15:00.805000+00:00,140.355,139.984,140.409,140.453,140.232,140.269,37.09999999999809,9.800000000001319,8.599999999998431,140.269,140.276,140.282,140.284,0.7000000000005002,0.1999999999981128,-1.4999999999986358,-14.999999999986358,10604,-16.999999999995907,-19.99999999998181,-16.999999999995907,-20.999999999986585,-6.000000000000227,-26.999999999986812,2023-06-05 05:00:00+00:00,2023-06-05 04:00:00+00:00,139.77301091496003,139.5636401754628,20.937073949721707,Up,Up,Up,2023-06-05 01:00:00+00:00,4.0,2023-06-05 01:00:00+00:00,2023-06-02 21:00:00+00:00,2023-06-02 00:00:00+00:00,139.50856920331705,137.81190991587894,169.66592874381092,Up,Up,Up,2023-04-11 21:00:00+00:00,1248.0,2023-04-11 21:00:00+00:00,Transition,Up,139.65021528094402,139.34759688464385,139.5187393211552,137.62938034334667,common_intersection
RAW|2023-06-05|2023-06-05T13:45:00Z|1,2023-06-05,2023H1,1,LONG,asian_low,LONDON_NY_OVERLAP,2023-06-05 13:45:00+00:00,2023-06-05 14:00:00+00:00,2023-06-05 14:00:00.039000+00:00,2023-06-05 17:00:00+00:00,2023-06-05 17:00:00.244000+00:00,140.355,139.984,140.179,140.18,139.939,139.999,37.09999999999809,4.500000000001592,1.4999999999986358,139.993,140.011,139.711,139.716,1.8000000000000682,0.49999999999954525,-29.999999999998295,-299.99999999998295,10627,75.00000000001705,-300.9999999999877,-24.999999999977263,-299.99999999998295,55.00000000000682,-300.9999999999877,2023-06-05 13:00:00+00:00,2023-06-05 12:00:00+00:00,139.98508720151023,139.66322824451174,32.18589569984829,Up,Up,Up,2023-06-05 01:00:00+00:00,12.0,2023-06-05 01:00:00+00:00,2023-06-02 21:00:00+00:00,2023-06-02 00:00:00+00:00,139.50856920331705,137.81190991587894,169.66592874381092,Up,Up,Up,2023-04-11 21:00:00+00:00,1248.0,2023-04-11 21:00:00+00:00,Up,Up,139.9127220821143,139.34759688464385,139.6195089614258,137.62938034334667,common_intersection
RAW|2023-06-06|2023-06-06T07:45:00Z|1,2023-06-06,2023H1,1,LONG,asian_low,LONDON,2023-06-06 07:45:00+00:00,2023-06-06 08:00:00+00:00,2023-06-06 08:00:00.170000+00:00,2023-06-06 11:00:00+00:00,2023-06-06 11:00:00.201000+00:00,139.655,139.275,139.183,139.337,139.173,139.302,37.999999999999545,10.200000000000387,2.6999999999986812,139.303,139.309,139.442,139.447,0.6000000000000227,0.49999999999954525,13.300000000000978,133.00000000000978,10699,132.000000000005,133.00000000000978,169.00000000001114,126.00000000000477,180.00000000000682,135.99999999999568,2023-06-06 05:00:00+00:00,2023-06-06 04:00:00+00:00,139.65747334483294,139.6356644996414,2.180884519154347,Up,Up,Up,2023-06-05 01:00:00+00:00,28.0,2023-06-05 01:00:00+00:00,2023-06-05 21:00:00+00:00,2023-06-05 00:00:00+00:00,139.52697800236933,137.95279712260862,157.41808797607177,Up,Up,Up,2023-04-11 21:00:00+00:00,1320.0,2023-04-11 21:00:00+00:00,Up,Up,139.7408626827661,139.50856920331705,139.65189619526237,137.81190991587894,common_intersection
RAW|2023-06-06|2023-06-06T13:00:00Z|-1,2023-06-06,2023H1,-1,SHORT,asian_high,LONDON_NY_OVERLAP,2023-06-06 13:00:00+00:00,2023-06-06 13:15:00+00:00,2023-06-06 13:15:00.007000+00:00,2023-06-06 16:15:00+00:00,2023-06-06 16:15:03.360000+00:00,139.655,139.275,139.777,139.803,139.629,139.644,37.999999999999545,14.799999999999613,1.099999999999568,139.644,139.647,139.654,139.659,0.2999999999985903,0.49999999999954525,-1.4999999999986358,-14.999999999986358,10720,-19.000000000005457,-14.999999999986358,-22.999999999996135,-14.999999999986358,-8.99999999998613,-14.999999999986358,2023-06-06 13:00:00+00:00,2023-06-06 12:00:00+00:00,139.60001701266987,139.6155624324965,-1.554541982662272,Down,Down,Down,2023-06-06 09:00:00+00:00,4.0,2023-06-06 09:00:00+00:00,2023-06-05 21:00:00+00:00,2023-06-05 00:00:00+00:00,139.52697800236933,137.95279712260862,157.41808797607177,Up,Up,Up,2023-04-11 21:00:00+00:00,1320.0,2023-04-11 21:00:00+00:00,Transition,Up,139.52962381773781,139.50856920331705,139.6016113396701,137.81190991587894,common_intersection
RAW|2023-06-07|2023-06-07T12:45:00Z|-1,2023-06-07,2023H1,-1,SHORT,asian_high,LONDON_NY_OVERLAP,2023-06-07 12:45:00+00:00,2023-06-07 13:00:00+00:00,2023-06-07 13:00:00.094000+00:00,2023-06-07 16:00:00+00:00,2023-06-07 16:00:00.022000+00:00,139.563,139.125,139.612,139.617,139.538,139.553,43.79999999999882,5.400000000000205,0.9999999999990905,139.554,139.558,139.978,139.984,0.39999999999906777,0.6000000000000227,-43.00000000000068,-430.0000000000068,10815,-436.00000000000705,-426.9999999999925,-451.9999999999982,-425.9999999999877,-444.0000000000168,-435.0000000000023,2023-06-07 13:00:00+00:00,2023-06-07 12:00:00+00:00,139.46939878641524,139.5552914493015,-8.589266288626618,Down,Down,Down,2023-06-06 09:00:00+00:00,28.0,2023-06-06 09:00:00+00:00,2023-06-06 21:00:00+00:00,2023-06-06 00:00:00+00:00,139.55384143026382,138.08625335279993,146.7588077463887,Up,Up,Up,2023-04-11 21:00:00+00:00,1344.0,2023-04-11 21:00:00+00:00,Down,Up,139.43595830098135,139.52697800236933,139.55549070576248,137.95279712260862,common_intersection
RAW|2023-06-08|2023-06-08T08:30:00Z|1,2023-06-08,2023H1,1,LONG,asian_low,LONDON,2023-06-08 08:30:00+00:00,2023-06-08 08:45:00+00:00,2023-06-08 08:45:00.241000+00:00,2023-06-08 11:45:00+00:00,2023-06-08 11:45:00.269000+00:00,140.094,139.662,139.712,139.732,139.621,139.663,43.199999999998795,4.099999999999682,0.10000000000047748,139.664,139.671,139.659,139.665,0.7000000000005002,0.6000000000000227,-1.2000000000000455,-12.000000000000455,10894,-10.000000000019327,-6.000000000000227,-8.000000000009777,0.0,-6.000000000000227,8.000000000009777,2023-06-08 05:00:00+00:00,2023-06-08 04:00:00+00:00,139.79770022553498,139.67001166454784,12.768856098713854,Up,Up,Up,2023-06-07 17:00:00+00:00,12.0,2023-06-07 17:00:00+00:00,2023-06-07 21:00:00+00:00,2023-06-07 00:00:00+00:00,139.6973153073313,138.24383308457593,145.34822227553832,Up,Up,Up,2023-04-11 21:00:00+00:00,1368.0,2023-04-11 21:00:00+00:00,Up,Up,139.82518031574898,139.55384143026382,139.6648822440737,138.08625335279993,raw_only
RAW|2023-06-09|2023-06-09T07:30:00Z|-1,2023-06-09,2023H1,-1,SHORT,asian_high,LONDON,2023-06-09 07:30:00+00:00,2023-06-09 07:45:00+00:00,2023-06-09 07:45:00.253000+00:00,2023-06-09 10:45:00+00:00,2023-06-09 10:45:00.375000+00:00,139.448,138.862,139.482,139.517,139.429,139.439,58.60000000000127,6.89999999999884,0.9000000000014552,139.438,139.444,139.624,139.629,0.6000000000000227,0.49999999999954525,-19.10000000000025,-191.0000000000025,10986,-194.99999999999318,-191.0000000000025,-189.99999999999773,-188.0000000000166,-179.00000000000205,-178.0000000000257,2023-06-09 05:00:00+00:00,2023-06-09 04:00:00+00:00,139.2374977434911,139.48128959050433,-24.379184701322743,Down,Down,Down,2023-06-08 17:00:00+00:00,12.0,2023-06-08 17:00:00+00:00,2023-06-08 21:00:00+00:00,2023-06-08 00:00:00+00:00,139.47493950523665,138.29784643780985,117.70930674267959,Up,Up,Up,2023-04-11 21:00:00+00:00,1392.0,2023-04-11 21:00:00+00:00,Down,Up,139.22489684088754,139.6973153073313,139.49974955489603,138.24383308457593,common_intersection
RAW|2023-06-12|2023-06-12T11:15:00Z|1,2023-06-12,2023H1,1,LONG,asian_low,LONDON,2023-06-12 11:15:00+00:00,2023-06-12 11:30:00+00:00,2023-06-12 11:30:00.098000+00:00,2023-06-12 14:30:00+00:00,2023-06-12 14:30:00.085000+00:00,139.642,139.264,139.212,139.374,139.211,139.336,37.79999999999859,5.299999999999727,7.200000000000273,139.337,139.342,139.698,139.703,0.5000000000023874,0.49999999999954525,35.599999999999454,355.99999999999454,11097,354.0000000000134,360.99999999999,354.0000000000134,359.9999999999852,355.0000000000182,342.9999999999893,2023-06-12 09:00:00+00:00,2023-06-12 08:00:00+00:00,139.3361633517743,139.4351381446691,-9.89747928948077,Down,Down,Down,2023-06-08 17:00:00+00:00,88.0,2023-06-08 17:00:00+00:00,2023-06-09 21:00:00+00:00,2023-06-09 00:00:00+00:00,139.43667107516904,138.38129872278506,105.53723523839835,Up,Up,Up,2023-04-11 21:00:00+00:00,1416.0,2023-04-11 21:00:00+00:00,Down,Up,139.38942869248402,139.47493950523665,139.4553240702925,138.29784643780985,common_intersection
RAW|2023-06-12|2023-06-12T14:45:00Z|-1,2023-06-12,2023H1,-1,SHORT,asian_high,LONDON_NY_OVERLAP,2023-06-12 14:45:00+00:00,2023-06-12 15:00:00+00:00,2023-06-12 15:00:00.016000+00:00,2023-06-12 18:00:00+00:00,2023-06-12 18:00:00.260000+00:00,139.642,139.264,139.658,139.679,139.584,139.618,37.79999999999859,3.700000000000614,2.400000000000091,139.619,139.624,139.634,139.641,0.49999999999954525,0.7000000000005002,-2.199999999999136,-21.99999999999136,11111,-18.999999999977035,-20.999999999986585,-6.000000000000227,-28.999999999996362,-21.99999999999136,-30.000000000001137,2023-06-12 13:00:00+00:00,2023-06-12 12:00:00+00:00,139.29783096555306,139.41648709309558,-11.865612754252197,Down,Down,Down,2023-06-08 17:00:00+00:00,92.0,2023-06-08 17:00:00+00:00,2023-06-09 21:00:00+00:00,2023-06-09 00:00:00+00:00,139.43667107516904,138.38129872278506,105.53723523839835,Up,Up,Up,2023-04-11 21:00:00+00:00,1416.0,2023-04-11 21:00:00+00:00,Down,Up,139.3361633517743,139.47493950523665,139.4351381446691,138.29784643780985,common_intersection
RAW|2023-06-13|2023-06-13T12:15:00Z|1,2023-06-13,2023H1,1,LONG,asian_low,LONDON_NY_OVERLAP,2023-06-13 12:15:00+00:00,2023-06-13 12:30:00+00:00,2023-06-13 12:30:00.088000+00:00,2023-06-13 15:30:00+00:00,2023-06-13 15:30:00.093000+00:00,139.665,139.324,139.547,139.558,139.2,139.344,34.099999999997976,12.400000000002365,1.999999999998181,139.309,139.389,140.042,140.046,8.00000000000125,0.39999999999906777,65.29999999999916,652.9999999999916,11197,681.999999999988,661.9999999999777,139.00000000001,658.9999999999918,900.0000000000057,655.0000000000011,2023-06-13 09:00:00+00:00,2023-06-13 08:00:00+00:00,139.51128397497195,139.47333811878264,3.7945856189310234,Up,Up,Up,2023-06-12 21:00:00+00:00,12.0,2023-06-12 21:00:00+00:00,2023-06-12 21:00:00+00:00,2023-06-12 00:00:00+00:00,139.48162219654932,138.47831482496227,100.33073715870557,Up,Up,Up,2023-04-11 21:00:00+00:00,1488.0,2023-04-11 21:00:00+00:00,Up,Up,139.51019756496072,139.43667107516904,139.46980230302458,138.38129872278506,common_intersection
RAW|2023-06-14|2023-06-14T07:00:00Z|-1,2023-06-14,2023H1,-1,SHORT,asian_high,LONDON,2023-06-14 07:00:00+00:00,2023-06-14 07:15:00+00:00,2023-06-14 07:15:00.112000+00:00,2023-06-14 10:15:00+00:00,2023-06-14 10:15:00.234000+00:00,140.188,139.936,140.151,140.201,140.099,140.118,25.199999999998113,1.300000000000523,6.999999999999318,140.119,140.124,139.967,139.971,0.49999999999954525,0.39999999999906777,14.799999999999613,147.99999999999613,11272,146.99999999999136,143.00000000000068,129.99999999999545,141.9999999999959,144.00000000000546,145.00000000001023,2023-06-14 05:00:00+00:00,2023-06-14 04:00:00+00:00,139.90157436911926,139.6223913850327,27.918298408656028,Up,Up,Up,2023-06-13 17:00:00+00:00,12.0,2023-06-13 17:00:00+00:00,2023-06-13 21:00:00+00:00,2023-06-13 00:00:00+00:00,139.68887299753524,138.6166096389653,107.22633585699555,Up,Up,Up,2023-04-11 21:00:00+00:00,1512.0,2023-04-11 21:00:00+00:00,Up,Up,139.82060411676696,139.48162219654932,139.58051237503554,138.47831482496227,common_intersection
RAW|2023-06-14|2023-06-14T11:45:00Z|1,2023-06-14,2023H1,1,LONG,asian_low,LONDON,2023-06-14 11:45:00+00:00,2023-06-14 12:00:00+00:00,2023-06-14 12:00:00.199000+00:00,2023-06-14 15:00:00+00:00,2023-06-14 15:00:00.084000+00:00,140.188,139.936,139.976,139.995,139.914,139.977,25.199999999998113,2.200000000001978,4.099999999999682,139.976,139.982,139.407,139.409,0.6000000000000227,0.1999999999981128,-57.49999999999886,-574.9999999999886,11291,-574.9999999999886,-562.9999999999882,-574.9999999999886,-550.9999999999877,-576.9999999999982,-539.999999999992,2023-06-14 09:00:00+00:00,2023-06-14 08:00:00+00:00,139.92226740651375,139.6505200742301,27.174733228366676,Up,Up,Up,2023-06-13 17:00:00+00:00,16.0,2023-06-13 17:00:00+00:00,2023-06-13 21:00:00+00:00,2023-06-13 00:00:00+00:00,139.68887299753524,138.6166096389653,107.22633585699555,Up,Up,Up,2023-04-11 21:00:00+00:00,1512.0,2023-04-11 21:00:00+00:00,Up,Up,139.90157436911926,139.48162219654932,139.6223913850327,138.47831482496227,common_intersection
RAW|2023-06-15|2023-06-15T07:30:00Z|-1,2023-06-15,2023H1,-1,SHORT,asian_high,LONDON,2023-06-15 07:30:00+00:00,2023-06-15 07:45:00+00:00,2023-06-15 07:45:00.329000+00:00,2023-06-15 10:45:00+00:00,2023-06-15 10:45:02.587000+00:00,141.428,139.94,141.447,141.503,141.345,141.39,148.79999999999995,7.499999999998863,3.8000000000010914,141.389,141.397,141.149,141.152,0.7999999999981355,0.2999999999985903,23.70000000000232,237.0000000000232,11370,237.99999999999955,237.0000000000232,248.00000000001887,246.00000000000932,248.00000000001887,246.00000000000932,2023-06-15 05:00:00+00:00,2023-06-15 04:00:00+00:00,140.33766654640064,139.84269686150458,49.496968489606274,Up,Up,Up,2023-06-13 17:00:00+00:00,36.0,2023-06-13 17:00:00+00:00,2023-06-14 21:00:00+00:00,2023-06-14 00:00:00+00:00,139.78890928395373,138.73040086784806,105.8508416105667,Up,Up,Up,2023-04-11 21:00:00+00:00,1536.0,2023-04-11 21:00:00+00:00,Up,Up,139.9655331649609,139.68887299753524,139.71875745815714,138.6166096389653,common_intersection
RAW|2023-06-16|2023-06-16T07:30:00Z|-1,2023-06-16,2023H1,-1,SHORT,asian_high,LONDON,2023-06-16 07:30:00+00:00,2023-06-16 07:45:00+00:00,2023-06-16 07:45:00.092000+00:00,2023-06-16 10:45:00+00:00,2023-06-16 10:45:00.177000+00:00,140.977,139.85,141.245,141.27,140.832,140.933,112.70000000000095,29.300000000000637,4.400000000001114,140.934,140.941,140.847,140.851,0.7000000000005002,0.39999999999906777,8.29999999999984,82.99999999999841,11466,91.00000000000819,81.99999999999363,116.99999999999022,76.99999999999818,139.00000000001,64.99999999999773,2023-06-16 05:00:00+00:00,2023-06-16 04:00:00+00:00,140.44442910511358,140.10998417802176,33.44449270918233,Up,Up,Up,2023-06-13 17:00:00+00:00,60.0,2023-06-13 17:00:00+00:00,2023-06-15 21:00:00+00:00,2023-06-15 00:00:00+00:00,139.9212209171098,138.8521287984202,106.90921186895821,Up,Up,Up,2023-04-11 21:00:00+00:00,1560.0,2023-04-11 21:00:00+00:00,Up,Up,140.37220074715904,139.78890928395373,140.0652001935019,138.73040086784806,common_intersection
RAW|2023-06-19|2023-06-19T09:00:00Z|-1,2023-06-19,2023H1,-1,SHORT,asian_high,LONDON,2023-06-19 09:00:00+00:00,2023-06-19 09:15:00+00:00,2023-06-19 09:15:00.092000+00:00,2023-06-19 12:15:00+00:00,2023-06-19 12:15:00.190000+00:00,141.97,141.441,141.867,141.979,141.86,141.869,52.899999999999636,0.9000000000014552,10.099999999999909,141.869,141.875,141.861,141.866,0.6000000000000227,0.5000000000023874,0.2999999999985903,2.999999999985903,11568,9.999999999990905,1.0000000000047748,8.99999999998613,4.9999999999954525,13.999999999981583,4.9999999999954525,2023-06-19 09:00:00+00:00,2023-06-19 08:00:00+00:00,141.59669558461064,140.7885212139625,80.81743706481461,Up,Up,Up,2023-06-13 17:00:00+00:00,136.0,2023-06-13 17:00:00+00:00,2023-06-16 21:00:00+00:00,2023-06-16 00:00:00+00:00,140.45658636936415,139.0875584945466,136.9027874817533,Up,Up,Up,2023-04-11 21:00:00+00:00,1584.0,2023-04-11 21:00:00+00:00,Up,Up,141.4889738184549,139.9212209171098,140.69482740648098,138.8521287984202,common_intersection
RAW|2023-06-20|2023-06-20T08:30:00Z|1,2023-06-20,2023H1,1,LONG,asian_low,LONDON,2023-06-20 08:30:00+00:00,2023-06-20 08:45:00+00:00,2023-06-20 08:45:00.247000+00:00,2023-06-20 11:45:00+00:00,2023-06-20 11:45:00.077000+00:00,142.252,141.579,141.659,141.703,141.53,141.58,67.30000000000018,4.900000000000659,0.10000000000047748,141.58,141.585,141.403,141.408,0.49999999999954525,0.49999999999954525,-18.200000000001637,-182.00000000001637,11662,-183.00000000002115,-183.9999999999975,-176.00000000001614,-180.00000000000682,-181.0000000000116,-180.00000000000682,2023-06-20 05:00:00+00:00,2023-06-20 04:00:00+00:00,141.9396966562687,141.19927263926675,74.0424017001942,Up,Up,Up,2023-06-13 17:00:00+00:00,156.0,2023-06-13 17:00:00+00:00,2023-06-19 21:00:00+00:00,2023-06-19 00:00:00+00:00,140.88699026383154,139.3175938149829,156.93964488486358,Up,Up,Up,2023-04-11 21:00:00+00:00,1656.0,2023-04-11 21:00:00+00:00,Up,Up,141.8919753187762,140.45658636936415,141.1245137383334,139.0875584945466,common_intersection
RAW|2023-06-21|2023-06-21T07:00:00Z|-1,2023-06-21,2023H1,-1,SHORT,asian_high,LONDON,2023-06-21 07:00:00+00:00,2023-06-21 07:15:00+00:00,2023-06-21 07:15:00.413000+00:00,2023-06-21 10:15:00+00:00,2023-06-21 10:15:00.035000+00:00,142.042,141.332,141.976,142.106,141.864,141.949,71.0000000000008,6.399999999999295,9.299999999998931,141.949,141.953,141.926,141.931,0.39999999999906777,0.5000000000023874,1.8000000000000682,18.000000000000682,11752,22.999999999996135,18.000000000000682,24.999999999977263,19.000000000005457,32.99999999998704,21.000000000015007,2023-06-21 05:00:00+00:00,2023-06-21 04:00:00+00:00,141.64637805892272,141.3366598879119,30.971817101081456,Up,Up,Up,2023-06-13 17:00:00+00:00,180.0,2023-06-13 17:00:00+00:00,2023-06-20 21:00:00+00:00,2023-06-20 00:00:00+00:00,141.04499304559394,139.48738630978428,155.76067358096566,Up,Up,Up,2023-04-11 21:00:00+00:00,1680.0,2023-04-11 21:00:00+00:00,Up,Up,141.5917292824918,140.88699026383154,141.29784770425206,139.3175938149829,common_intersection
RAW|2023-06-22|2023-06-22T07:00:00Z|-1,2023-06-22,2023H1,-1,SHORT,asian_high,LONDON,2023-06-22 07:00:00+00:00,2023-06-22 07:15:00+00:00,2023-06-22 07:15:00.781000+00:00,2023-06-22 10:15:00+00:00,2023-06-22 10:15:00.552000+00:00,141.909,141.609,141.887,141.952,141.855,141.891,29.999999999998295,4.300000000000637,1.8000000000000682,141.89,141.895,141.94,141.945,0.5000000000023874,0.49999999999954525,-5.500000000000682,-55.00000000000682,11848,-51.9999999999925,-55.00000000000682,-37.00000000000614,-50.00000000001137,-46.999999999997044,-47.000000000025466,2023-06-22 05:00:00+00:00,2023-06-22 04:00:00+00:00,141.82863515347063,141.55024589277465,27.83892606959739,Up,Up,Up,2023-06-13 17:00:00+00:00,204.0,2023-06-13 17:00:00+00:00,2023-06-21 21:00:00+00:00,2023-06-21 00:00:00+00:00,141.27928074685283,139.67759540500154,160.16853418512937,Up,Up,Up,2023-04-11 21:00:00+00:00,1704.0,2023-04-11 21:00:00+00:00,Up,Up,141.85008921485888,141.04499304559394,141.53070205736373,139.48738630978428,common_intersection
RAW|2023-06-23|2023-06-23T07:30:00Z|1,2023-06-23,2023H1,1,LONG,asian_low,LONDON,2023-06-23 07:30:00+00:00,2023-06-23 07:45:00+00:00,2023-06-23 07:45:00.181000+00:00,2023-06-23 10:45:00+00:00,2023-06-23 10:45:00.492000+00:00,143.449,142.808,143.006,143.029,142.769,142.849,64.10000000000196,3.8999999999987267,4.099999999999682,142.851,142.857,143.26,143.267,0.6000000000000227,0.7000000000005002,40.29999999999916,402.9999999999916,11946,403.99999999999636,402.9999999999916,399.99999999997726,401.9999999999868,402.9999999999916,401.9999999999868,2023-06-23 05:00:00+00:00,2023-06-23 04:00:00+00:00,142.787734262705,142.0423007109345,74.54335517704749,Up,Up,Up,2023-06-13 17:00:00+00:00,228.0,2023-06-13 17:00:00+00:00,2023-06-22 21:00:00+00:00,2023-06-22 00:00:00+00:00,141.8012005334663,139.95186777260142,184.93327608648826,Up,Up,Up,2023-04-11 21:00:00+00:00,1728.0,2023-04-11 21:00:00+00:00,Up,Up,142.67042796778696,141.27928074685283,141.95197903362444,139.67759540500154,common_intersection
RAW|2023-06-23|2023-06-23T14:00:00Z|-1,2023-06-23,2023H1,-1,SHORT,asian_high,LONDON_NY_OVERLAP,2023-06-23 14:00:00+00:00,2023-06-23 14:15:00+00:00,2023-06-23 14:15:00.101000+00:00,2023-06-23 17:15:00+00:00,2023-06-23 17:15:00.616000+00:00,143.449,142.808,143.277,143.459,143.277,143.446,64.10000000000196,0.9999999999990905,0.30000000000143245,143.454,143.457,143.781,143.785,0.2999999999985903,0.39999999999906777,-33.099999999998886,-330.99999999998886,11972,-318.9999999999884,-331.99999999999363,-325.9999999999934,-331.99999999999363,-306.99999999998795,-334.99999999997954,2023-06-23 13:00:00+00:00,2023-06-23 12:00:00+00:00,142.86590523607396,142.18311852173497,68.27867143389881,Up,Up,Up,2023-06-13 17:00:00+00:00,236.0,2023-06-13 17:00:00+00:00,2023-06-22 21:00:00+00:00,2023-06-22 00:00:00+00:00,141.8012005334663,139.95186777260142,184.93327608648826,Up,Up,Up,2023-04-11 21:00:00+00:00,1728.0,2023-04-11 21:00:00+00:00,Up,Up,142.86466733050355,141.27928074685283,142.12347665405974,139.67759540500154,raw_only
RAW|2023-06-26|2023-06-26T07:00:00Z|1,2023-06-26,2023H1,1,LONG,asian_low,LONDON,2023-06-26 07:00:00+00:00,2023-06-26 07:15:00+00:00,2023-06-26 07:15:00.029000+00:00,2023-06-26 10:15:00+00:00,2023-06-26 10:15:01.153000+00:00,143.659,143.231,143.534,143.567,143.185,143.236,42.79999999999973,4.599999999999227,0.49999999999954525,143.233,143.239,143.096,143.098,0.6000000000000227,0.20000000000095497,-14.300000000000068,-143.00000000000068,12040,-150.00000000000568,-143.00000000000068,-149.0000000000009,-152.9999999999916,-149.0000000000009,-140.00000000001478,2023-06-26 05:00:00+00:00,2023-06-26 04:00:00+00:00,143.34927145878643,142.57567073341656,77.36007253698745,Up,Up,Up,2023-06-13 17:00:00+00:00,300.0,2023-06-13 17:00:00+00:00,2023-06-23 21:00:00+00:00,2023-06-23 00:00:00+00:00,142.32857180961878,140.2474783507933,208.1093458825478,Up,Up,Up,2023-04-11 21:00:00+00:00,1752.0,2023-04-11 21:00:00+00:00,Up,Up,143.33498004230103,141.8012005334663,142.50529427545277,139.95186777260142,common_intersection
RAW|2023-06-26|2023-06-26T14:30:00Z|-1,2023-06-26,2023H1,-1,SHORT,asian_high,LONDON_NY_OVERLAP,2023-06-26 14:30:00+00:00,2023-06-26 14:45:00+00:00,2023-06-26 14:45:00.082000+00:00,2023-06-26 17:45:00+00:00,2023-06-26 17:45:00.083000+00:00,143.659,143.231,143.557,143.666,143.504,143.65,42.79999999999973,0.7000000000005002,0.899999999998613,143.651,143.655,143.508,143.512,0.39999999999906777,0.39999999999906777,13.900000000001,139.00000000001,12070,139.00000000001,139.00000000001,138.00000000000523,137.00000000000045,151.00000000001046,143.00000000000068,2023-06-26 13:00:00+00:00,2023-06-26 12:00:00+00:00,143.23811809121756,142.66006050876376,57.80575824537948,Up,Up,Up,2023-06-13 17:00:00+00:00,308.0,2023-06-13 17:00:00+00:00,2023-06-23 21:00:00+00:00,2023-06-23 00:00:00+00:00,142.32857180961878,140.2474783507933,208.1093458825478,Up,Up,Up,2023-04-11 21:00:00+00:00,1752.0,2023-04-11 21:00:00+00:00,Up,Up,143.29176532770458,141.8012005334663,142.62145707474323,139.95186777260142,common_intersection
RAW|2023-06-27|2023-06-27T11:30:00Z|-1,2023-06-27,2023H1,-1,SHORT,asian_high,LONDON,2023-06-27 11:30:00+00:00,2023-06-27 11:45:00+00:00,2023-06-27 11:45:00.004000+00:00,2023-06-27 14:45:00+00:00,2023-06-27 14:45:00.253000+00:00,143.657,143.281,143.699,143.704,143.585,143.613,37.60000000000048,4.699999999999704,4.400000000001114,143.612,143.618,143.998,144.002,0.6000000000000227,0.40000000000190994,-39.00000000000148,-390.0000000000148,12154,-391.9999999999959,-390.99999999999113,-387.00000000000045,-385.9999999999957,-387.00000000000045,-381.0000000000002,2023-06-27 09:00:00+00:00,2023-06-27 08:00:00+00:00,143.51385762093503,142.96626267352661,54.75949474084132,Up,Up,Up,2023-06-13 17:00:00+00:00,328.0,2023-06-13 17:00:00+00:00,2023-06-26 21:00:00+00:00,2023-06-26 00:00:00+00:00,142.6626941497277,140.50752008272983,215.5174066997887,Up,Up,Up,2023-04-11 21:00:00+00:00,1824.0,2023-04-11 21:00:00+00:00,Up,Up,143.43620066930902,142.32857180961878,142.9017637755724,140.2474783507933,common_intersection
RAW|2023-06-28|2023-06-28T07:00:00Z|-1,2023-06-28,2023H1,-1,SHORT,asian_high,LONDON,2023-06-28 07:00:00+00:00,2023-06-28 07:15:00+00:00,2023-06-28 07:15:00.125000+00:00,2023-06-28 10:15:00+00:00,2023-06-28 10:15:00.151000+00:00,144.048,143.728,143.987,144.066,143.945,143.993,31.999999999999318,1.8000000000000682,5.500000000000682,143.994,144.002,144.024,144.03,0.8000000000009777,0.6000000000000227,-3.6000000000001364,-36.000000000001364,12232,-33.999999999991815,-36.000000000001364,-28.999999999996362,-30.000000000001137,-3.0000000000143245,-44.999999999987494,2023-06-28 05:00:00+00:00,2023-06-28 04:00:00+00:00,143.83830065243185,143.27986102076562,55.84396316662321,Up,Up,Up,2023-06-13 17:00:00+00:00,348.0,2023-06-13 17:00:00+00:00,2023-06-27 21:00:00+00:00,2023-06-27 00:00:00+00:00,143.06449582123406,140.79243847611144,227.20573451226187,Up,Up,Up,2023-04-11 21:00:00+00:00,1848.0,2023-04-11 21:00:00+00:00,Up,Up,143.7788209134046,142.6626941497277,143.21837067474524,140.50752008272983,common_intersection
RAW|2023-06-29|2023-06-29T12:30:00Z|-1,2023-06-29,2023H1,-1,SHORT,asian_high,LONDON_NY_OVERLAP,2023-06-29 12:30:00+00:00,2023-06-29 12:45:00+00:00,2023-06-29 12:45:00.208000+00:00,2023-06-29 15:45:00+00:00,2023-06-29 15:45:01.272000+00:00,144.698,144.133,144.247,144.739,144.243,144.65,56.49999999999977,4.099999999999682,4.800000000000182,144.652,144.657,144.729,144.733,0.5000000000023874,0.39999999999906777,-8.100000000001728,-81.00000000001728,12350,-75.00000000001705,-81.00000000001728,-76.99999999999818,-78.00000000000296,-54.000000000002046,-79.00000000000773,2023-06-29 09:00:00+00:00,2023-06-29 08:00:00+00:00,144.29772019976036,143.74223632862186,55.548387113850595,Up,Up,Up,2023-06-13 17:00:00+00:00,376.0,2023-06-13 17:00:00+00:00,2023-06-28 21:00:00+00:00,2023-06-28 00:00:00+00:00,143.46663987231005,141.08680339802254,237.9836474287515,Up,Up,Up,2023-04-11 21:00:00+00:00,1872.0,2023-04-11 21:00:00+00:00,Up,Up,144.3164082796645,143.06449582123406,143.6979960093716,140.79243847611144,common_intersection
RAW|2023-06-30|2023-06-30T12:45:00Z|1,2023-06-30,2023H1,1,LONG,asian_low,LONDON_NY_OVERLAP,2023-06-30 12:45:00+00:00,2023-06-30 13:00:00+00:00,2023-06-30 13:00:00.034000+00:00,2023-06-30 16:00:00+00:00,2023-06-30 16:00:00.095000+00:00,145.067,144.437,144.41,144.518,144.348,144.458,62.999999999999545,8.899999999999864,2.0999999999986585,144.462,144.464,144.473,144.48,0.20000000000095497,0.699999999997658,0.9000000000014552,9.000000000014552,12447,3.0000000000143245,-2.0000000000095497,3.0000000000143245,-6.000000000000227,0.0,-6.000000000000227,2023-06-30 13:00:00+00:00,2023-06-30 12:00:00+00:00,144.61544098438853,144.16878530051434,44.665568387418375,Up,Up,Up,2023-06-13 17:00:00+00:00,404.0,2023-06-13 17:00:00+00:00,2023-06-29 21:00:00+00:00,2023-06-29 00:00:00+00:00,143.83474276593574,141.38025912618073,245.44836397550114,Up,Up,Up,2023-04-11 21:00:00+00:00,1896.0,2023-04-11 21:00:00+00:00,Up,Up,144.67841737814393,143.46663987231005,144.14363619621125,141.08680339802254,common_intersection
RAW|2023-07-03|2023-07-03T07:00:00Z|-1,2023-07-03,2023H2,-1,SHORT,asian_high,LONDON,2023-07-03 07:00:00+00:00,2023-07-03 07:15:00+00:00,2023-07-03 07:15:00.047000+00:00,2023-07-03 10:15:00+00:00,2023-07-03 10:15:00.154000+00:00,144.77,144.22,144.736,144.792,144.712,144.755,55.00000000000114,2.199999999999136,1.500000000001478,144.755,144.76,144.623,144.629,0.49999999999954525,0.6000000000000227,12.600000000000477,126.00000000000477,12520,127.00000000000955,126.00000000000477,127.00000000000955,125.0,135.00000000001933,134.9999999999909,2023-07-03 05:00:00+00:00,2023-07-03 04:00:00+00:00,144.44171704091747,144.22381576008,21.790128083748073,Up,Up,Up,2023-06-13 17:00:00+00:00,468.0,2023-06-13 17:00:00+00:00,2023-06-30 21:00:00+00:00,2023-06-30 00:00:00+00:00,143.9456734042398,141.60767839608627,233.79950081535412,Up,Up,Up,2023-04-11 21:00:00+00:00,1920.0,2023-04-11 21:00:00+00:00,Up,Up,144.44360385728444,143.83474276593574,144.20527800008693,141.38025912618073,common_intersection
RAW|2023-07-03|2023-07-03T14:15:00Z|1,2023-07-03,2023H2,1,LONG,asian_low,LONDON_NY_OVERLAP,2023-07-03 14:15:00+00:00,2023-07-03 14:30:00+00:00,2023-07-03 14:30:02.896000+00:00,2023-07-03 17:30:00+00:00,2023-07-03 17:30:00.271000+00:00,144.77,144.22,144.216,144.44,144.205,144.44,55.00000000000114,1.4999999999986358,21.999999999999886,144.445,144.452,144.653,144.658,0.7000000000005002,0.49999999999954525,20.09999999999934,200.9999999999934,12549,200.9999999999934,201.99999999999818,209.00000000000318,210.00000000000796,191.0000000000025,212.99999999999386,2023-07-03 13:00:00+00:00,2023-07-03 12:00:00+00:00,144.53936583720278,144.2891080593317,25.025777787107018,Up,Up,Up,2023-06-13 17:00:00+00:00,476.0,2023-06-13 17:00:00+00:00,2023-06-30 21:00:00+00:00,2023-06-30 00:00:00+00:00,143.9456734042398,141.60767839608627,233.79950081535412,Up,Up,Up,2023-04-11 21:00:00+00:00,1920.0,2023-04-11 21:00:00+00:00,Up,Up,144.5195121720839,143.83474276593574,144.2630304992736,141.38025912618073,common_intersection
RAW|2023-07-04|2023-07-04T09:15:00Z|1,2023-07-04,2023H2,1,LONG,asian_low,LONDON,2023-07-04 09:15:00+00:00,2023-07-04 09:30:00+00:00,2023-07-04 09:30:05.750000+00:00,2023-07-04 12:30:00+00:00,2023-07-04 12:30:00.347000+00:00,144.675,144.333,144.357,144.357,144.3,144.345,34.200000000001296,3.299999999998704,1.2000000000000455,144.347,144.349,144.389,144.395,0.1999999999981128,0.6000000000000227,4.000000000002046,40.000000000020464,12625,40.000000000020464,37.00000000000614,40.000000000020464,32.00000000001069,33.00000000001546,34.99999999999659,2023-07-04 09:00:00+00:00,2023-07-04 08:00:00+00:00,144.528001085337,144.37982009240818,14.81809929288147,Up,Up,Up,2023-06-13 17:00:00+00:00,496.0,2023-06-13 17:00:00+00:00,2023-07-03 21:00:00+00:00,2023-07-03 00:00:00+00:00,144.1466238601713,141.8509841243994,229.5639735771914,Up,Up,Up,2023-04-11 21:00:00+00:00,1992.0,2023-04-11 21:00:00+00:00,Up,Up,144.58600151947178,143.9456734042398,144.37954357870453,141.60767839608627,common_intersection
RAW|2023-07-05|2023-07-05T07:00:00Z|-1,2023-07-05,2023H2,-1,SHORT,asian_high,LONDON,2023-07-05 07:00:00+00:00,2023-07-05 07:15:00+00:00,2023-07-05 07:15:00.407000+00:00,2023-07-05 10:15:00+00:00,2023-07-05 10:15:01.947000+00:00,144.726,144.379,144.66,144.734,144.59,144.633,34.70000000000084,0.8000000000009777,9.299999999998931,144.634,144.64,144.366,144.369,0.6000000000000227,0.2999999999985903,26.499999999998636,264.99999999998636,12712,263.00000000000523,264.99999999998636,264.00000000001,270.9999999999866,269.00000000000546,269.9999999999818,2023-07-05 05:00:00+00:00,2023-07-05 04:00:00+00:00,144.4832903785136,144.40650952079676,7.678085771684096,Up,Up,Up,2023-06-13 17:00:00+00:00,516.0,2023-06-13 17:00:00+00:00,2023-07-04 21:00:00+00:00,2023-07-04 00:00:00+00:00,144.23101704297952,142.05826539444746,217.27516485320564,Up,Up,Up,2023-04-11 21:00:00+00:00,2016.0,2023-04-11 21:00:00+00:00,Up,Up,144.46700652991905,144.1466238601713,144.39629295738777,141.8509841243994,common_intersection
RAW|2023-07-05|2023-07-05T11:15:00Z|1,2023-07-05,2023H2,1,LONG,asian_low,LONDON,2023-07-05 11:15:00+00:00,2023-07-05 11:30:00+00:00,2023-07-05 11:30:00.338000+00:00,2023-07-05 14:30:00+00:00,2023-07-05 14:30:00.134000+00:00,144.726,144.379,144.284,144.474,144.281,144.452,34.70000000000084,9.799999999998477,7.30000000000075,144.452,144.46,144.273,144.278,0.8000000000009777,0.49999999999954525,-18.700000000001182,-187.00000000001182,12729,-185.00000000000227,-187.00000000001182,-182.99999999999272,-186.00000000000705,-186.00000000000705,-188.0000000000166,2023-07-05 09:00:00+00:00,2023-07-05 08:00:00+00:00,144.4469216989383,144.40246875913303,4.445293980526799,Up,Up,Up,2023-06-13 17:00:00+00:00,520.0,2023-06-13 17:00:00+00:00,2023-07-04 21:00:00+00:00,2023-07-04 00:00:00+00:00,144.23101704297952,142.05826539444746,217.27516485320564,Up,Up,Up,2023-04-11 21:00:00+00:00,2016.0,2023-04-11 21:00:00+00:00,Up,Up,144.4832903785136,144.1466238601713,144.40650952079676,141.8509841243994,common_intersection
RAW|2023-07-06|2023-07-06T07:15:00Z|1,2023-07-06,2023H2,1,LONG,asian_low,LONDON,2023-07-06 07:15:00+00:00,2023-07-06 07:30:00+00:00,2023-07-06 07:30:00.043000+00:00,2023-07-06 10:30:00+00:00,2023-07-06 10:30:01.317000+00:00,144.512,143.617,143.726,143.752,143.552,143.625,89.50000000000102,6.499999999999773,0.8000000000009777,143.626,143.629,143.915,143.921,0.2999999999985903,0.6000000000000227,28.600000000000136,286.00000000000136,12809,304.00000000000205,286.00000000000136,307.9999999999927,284.00000000002024,304.00000000000205,286.00000000000136,2023-07-06 05:00:00+00:00,2023-07-06 04:00:00+00:00,144.31084288148878,144.3858407283266,-7.499784683781741,Down,Up,Transition,2023-07-06 05:00:00+00:00,0.0,2023-07-06 05:00:00+00:00,2023-07-05 21:00:00+00:00,2023-07-05 00:00:00+00:00,144.34986931641393,142.26536416289167,208.4505153522258,Up,Up,Up,2023-04-11 21:00:00+00:00,2040.0,2023-04-11 21:00:00+00:00,Up,Up,144.4479800340843,144.23101704297952,144.42217470470283,142.05826539444746,common_intersection
RAW|2023-07-06|2023-07-06T14:00:00Z|-1,2023-07-06,2023H2,-1,SHORT,asian_high,LONDON_NY_OVERLAP,2023-07-06 14:00:00+00:00,2023-07-06 14:15:00+00:00,2023-07-06 14:15:00.465000+00:00,2023-07-06 17:15:00+00:00,2023-07-06 17:15:00.049000+00:00,144.512,143.617,144.222,144.594,144.173,144.393,89.50000000000102,8.199999999999363,11.899999999999977,144.39,144.398,144.142,144.148,0.8000000000009777,0.6000000000000227,24.199999999999022,241.99999999999022,12836,239.00000000000432,242.999999999995,246.00000000000932,243.99999999999977,213.99999999999864,242.999999999995,2023-07-06 13:00:00+00:00,2023-07-06 12:00:00+00:00,144.21377698035144,144.34196119245564,-12.818421210420183,Down,Down,Down,2023-07-06 05:00:00+00:00,8.0,2023-07-06 05:00:00+00:00,2023-07-05 21:00:00+00:00,2023-07-05 00:00:00+00:00,144.34986931641393,142.26536416289167,208.4505153522258,Up,Up,Up,2023-04-11 21:00:00+00:00,2040.0,2023-04-11 21:00:00+00:00,Down,Up,144.220887772492,144.23101704297952,144.35465347006047,142.05826539444746,common_intersection
RAW|2023-07-10|2023-07-10T12:00:00Z|1,2023-07-10,2023H2,1,LONG,asian_low,LONDON_NY_OVERLAP,2023-07-10 12:00:00+00:00,2023-07-10 12:15:00+00:00,2023-07-10 12:15:00.087000+00:00,2023-07-10 15:15:00+00:00,2023-07-10 15:15:00.154000+00:00,143.005,142.118,142.131,142.203,142.071,142.185,88.70000000000005,4.699999999999704,6.700000000000728,142.188,142.192,141.573,141.578,0.40000000000190994,0.49999999999954525,-61.89999999999998,-618.9999999999998,13020,-618.9999999999998,-623.9999999999952,-623.9999999999952,-618.9999999999998,-620.0000000000045,-614.0000000000043,2023-07-10 09:00:00+00:00,2023-07-10 08:00:00+00:00,142.67605518514182,143.50811222405446,-83.20570389126374,Down,Down,Down,2023-07-06 05:00:00+00:00,100.0,2023-07-06 05:00:00+00:00,2023-07-07 21:00:00+00:00,2023-07-07 00:00:00+00:00,143.64140271245608,142.38227142747152,125.91312849845622,Up,Up,Up,2023-04-11 21:00:00+00:00,2088.0,2023-04-11 21:00:00+00:00,Down,Up,142.81967725919853,144.26476379743852,143.6116872000592,142.40829502986034,common_intersection
RAW|2023-07-11|2023-07-11T07:00:00Z|1,2023-07-11,2023H2,1,LONG,asian_low,LONDON,2023-07-11 07:00:00+00:00,2023-07-11 07:15:00+00:00,2023-07-11 07:15:00.205000+00:00,2023-07-11 10:15:00+00:00,2023-07-11 10:15:00.718000+00:00,141.459,140.565,140.593,140.805,140.527,140.805,89.40000000000055,3.8000000000010914,24.00000000000091,140.804,140.81,140.309,140.314,0.6000000000000227,0.49999999999954525,-50.10000000000048,-501.0000000000048,13096,-501.0000000000048,-502.00000000000955,-500.0,-509.00000000001455,-509.00000000001455,-507.000000000005,2023-07-11 05:00:00+00:00,2023-07-11 04:00:00+00:00,141.5120535761033,142.79062421509198,-127.85706389886684,Down,Down,Down,2023-07-06 05:00:00+00:00,120.0,2023-07-06 05:00:00+00:00,2023-07-10 21:00:00+00:00,2023-07-10 00:00:00+00:00,142.97385908032578,142.29608971327383,67.77693670519511,Up,Up,Up,2023-04-11 21:00:00+00:00,2160.0,2023-04-11 21:00:00+00:00,Down,Up,141.81447500654463,143.64140271245608,142.96754805988257,142.38227142747152,common_intersection
RAW|2023-07-13|2023-07-13T12:30:00Z|-1,2023-07-13,2023H2,-1,SHORT,asian_high,LONDON_NY_OVERLAP,2023-07-13 12:30:00+00:00,2023-07-13 12:45:00+00:00,2023-07-13 12:45:00.026000+00:00,2023-07-13 15:45:00+00:00,2023-07-13 15:45:00.019000+00:00,138.83,138.069,138.392,138.953,138.238,138.754,76.10000000000241,12.299999999999045,7.600000000002183,138.751,138.755,138.082,138.088,0.39999999999906777,0.6000000000000227,66.30000000000109,663.0000000000109,13310,680.0000000000068,664.0000000000157,700.000000000017,667.0000000000016,667.0000000000016,658.0000000000155,2023-07-13 09:00:00+00:00,2023-07-13 08:00:00+00:00,138.70403855593455,140.385016121715,-168.09775657804664,Down,Down,Down,2023-07-06 05:00:00+00:00,172.0,2023-07-06 05:00:00+00:00,2023-07-12 21:00:00+00:00,2023-07-12 00:00:00+00:00,141.1518872858805,141.847141533315,-69.52542474345194,Down,Up,Transition,2023-07-12 21:00:00+00:00,0.0,2023-07-12 21:00:00+00:00,Down,Up,138.83445397830837,142.2290422002327,140.5595392627337,142.14176253621196,common_intersection
RAW|2023-07-13|2023-07-13T16:15:00Z|1,2023-07-13,2023H2,1,LONG,asian_low,NEW_YORK,2023-07-13 16:15:00+00:00,2023-07-13 16:30:00+00:00,2023-07-13 16:30:00.958000+00:00,2023-07-13 19:30:00+00:00,2023-07-13 19:30:00.317000+00:00,138.83,138.069,138.046,138.113,138.027,138.07,76.10000000000241,4.200000000000159,0.10000000000047748,138.068,138.074,137.987,137.994,0.6000000000000227,0.7000000000005002,-8.70000000000175,-87.00000000001751,13325,-88.99999999999864,-87.00000000001751,-87.00000000001751,-87.00000000001751,-69.00000000001683,-87.00000000001751,2023-07-13 13:00:00+00:00,2023-07-13 12:00:00+00:00,138.68545611138182,140.2453348319778,-155.98787205959752,Down,Down,Down,2023-07-06 05:00:00+00:00,176.0,2023-07-06 05:00:00+00:00,2023-07-12 21:00:00+00:00,2023-07-12 00:00:00+00:00,141.1518872858805,141.847141533315,-69.52542474345194,Down,Up,Transition,2023-07-12 21:00:00+00:00,0.0,2023-07-12 21:00:00+00:00,Down,Up,138.70403855593455,142.2290422002327,140.385016121715,142.14176253621196,common_intersection
RAW|2023-07-14|2023-07-14T07:00:00Z|-1,2023-07-14,2023H2,-1,SHORT,asian_high,LONDON,2023-07-14 07:00:00+00:00,2023-07-14 07:15:00+00:00,2023-07-14 07:15:00.085000+00:00,2023-07-14 10:15:00+00:00,2023-07-14 10:15:02.144000+00:00,138.405,137.237,138.346,138.46,138.269,138.334,116.80000000000064,5.500000000000682,7.099999999999795,138.334,138.341,138.685,138.69,0.7000000000005002,0.49999999999954525,-35.599999999999454,-355.99999999999454,13384,-354.99999999998977,-355.99999999999454,-353.00000000000864,-349.9999999999943,-354.99999999998977,-336.9999999999891,2023-07-14 05:00:00+00:00,2023-07-14 04:00:00+00:00,138.03964684282118,139.5677167480717,-152.80699052505042,Down,Down,Down,2023-07-06 05:00:00+00:00,192.0,2023-07-06 05:00:00+00:00,2023-07-13 21:00:00+00:00,2023-07-13 00:00:00+00:00,140.2633480613432,141.54273021064984,-127.93821493066275,Down,Down,Down,2023-07-12 21:00:00+00:00,24.0,2023-07-12 21:00:00+00:00,Down,Transition,138.17670557994964,141.1518872858805,139.73038776964313,141.847141533315,common_intersection
RAW|2023-07-17|2023-07-17T07:30:00Z|-1,2023-07-17,2023H2,-1,SHORT,asian_high,LONDON,2023-07-17 07:30:00+00:00,2023-07-17 07:45:00+00:00,2023-07-17 07:45:00.263000+00:00,2023-07-17 10:45:00+00:00,2023-07-17 10:45:03.845000+00:00,138.737,138.364,138.597,138.743,138.592,138.705,37.299999999999045,0.6000000000000227,3.1999999999982265,138.702,138.703,138.103,138.108,0.10000000000047748,0.49999999999954525,59.39999999999941,593.9999999999941,13482,587.9999999999939,593.9999999999941,593.9999999999941,592.9999999999893,606.9999999999993,591.0000000000082,2023-07-17 05:00:00+00:00,2023-07-17 04:00:00+00:00,138.5143477965735,139.18241819439507,-66.80703978215661,Down,Down,Down,2023-07-06 05:00:00+00:00,264.0,2023-07-06 05:00:00+00:00,2023-07-14 21:00:00+00:00,2023-07-14 00:00:00+00:00,139.82896290095943,141.31875179379784,-148.9788892838419,Down,Down,Down,2023-07-12 21:00:00+00:00,48.0,2023-07-12 21:00:00+00:00,Down,Down,138.47088691520293,140.2633480613432,139.23106325477724,141.54273021064984,common_intersection
RAW|2023-07-17|2023-07-17T12:00:00Z|1,2023-07-17,2023H2,1,LONG,asian_low,LONDON_NY_OVERLAP,2023-07-17 12:00:00+00:00,2023-07-17 12:15:00+00:00,2023-07-17 12:15:00.141000+00:00,2023-07-17 15:15:00+00:00,2023-07-17 15:15:00.097000+00:00,138.737,138.364,138.361,138.446,138.308,138.404,37.299999999999045,5.60000000000116,3.999999999999204,138.405,138.41,139.105,139.111,0.49999999999954525,0.6000000000000227,69.49999999999932,694.9999999999932,13500,691.9999999999789,694.9999999999932,697.0000000000027,689.9999999999977,723.9999999999895,685.0000000000023,2023-07-17 09:00:00+00:00,2023-07-17 08:00:00+00:00,138.48196271183824,139.11990473884347,-63.79420270052378,Down,Down,Down,2023-07-06 05:00:00+00:00,268.0,2023-07-06 05:00:00+00:00,2023-07-14 21:00:00+00:00,2023-07-14 00:00:00+00:00,139.82896290095943,141.31875179379784,-148.9788892838419,Down,Down,Down,2023-07-12 21:00:00+00:00,48.0,2023-07-12 21:00:00+00:00,Down,Down,138.5143477965735,140.2633480613432,139.18241819439507,141.54273021064984,common_intersection
RAW|2023-07-18|2023-07-18T07:15:00Z|1,2023-07-18,2023H2,1,LONG,asian_low,LONDON,2023-07-18 07:15:00+00:00,2023-07-18 07:30:00+00:00,2023-07-18 07:30:00.131000+00:00,2023-07-18 10:30:00+00:00,2023-07-18 10:30:00.268000+00:00,138.923,138.298,138.243,138.353,138.22,138.352,62.5,7.800000000000296,5.400000000000205,138.353,138.357,138.187,138.189,0.39999999999906777,0.1999999999981128,-16.99999999999875,-169.9999999999875,13577,-171.99999999999704,-167.0000000000016,-170.99999999999227,-165.99999999999682,-164.99999999999204,-167.0000000000016,2023-07-18 05:00:00+00:00,2023-07-18 04:00:00+00:00,138.64273359162814,138.98562822272228,-34.28946310941399,Down,Down,Down,2023-07-06 05:00:00+00:00,288.0,2023-07-06 05:00:00+00:00,2023-07-17 21:00:00+00:00,2023-07-17 00:00:00+00:00,139.50325921497102,141.10837165029403,-160.5112435323008,Down,Down,Down,2023-07-12 21:00:00+00:00,120.0,2023-07-12 21:00:00+00:00,Down,Down,138.71582702827942,139.82896290095943,139.03133502469814,141.31875179379784,common_intersection
RAW|2023-07-18|2023-07-18T14:00:00Z|-1,2023-07-18,2023H2,-1,SHORT,asian_high,LONDON_NY_OVERLAP,2023-07-18 14:00:00+00:00,2023-07-18 14:15:00+00:00,2023-07-18 14:15:00.523000+00:00,2023-07-18 17:15:00+00:00,2023-07-18 17:15:02.032000+00:00,138.923,138.298,138.686,138.992,138.596,138.786,62.5,6.89999999999884,13.700000000000045,138.784,138.792,139.008,139.014,0.8000000000009777,0.6000000000000227,-23.00000000000182,-230.0000000000182,13604,-231.99999999999932,-230.0000000000182,-229.00000000001342,-222.0000000000084,-240.0000000000091,-225.9999999999991,2023-07-18 13:00:00+00:00,2023-07-18 12:00:00+00:00,138.4115171385858,138.86198612771216,-45.04689891263638,Down,Down,Down,2023-07-06 05:00:00+00:00,296.0,2023-07-06 05:00:00+00:00,2023-07-17 21:00:00+00:00,2023-07-17 00:00:00+00:00,139.50325921497102,141.10837165029403,-160.5112435323008,Down,Down,Down,2023-07-12 21:00:00+00:00,120.0,2023-07-12 21:00:00+00:00,Down,Down,138.5345239940201,139.82896290095943,138.9278979649045,141.31875179379784,common_intersection
RAW|2023-07-19|2023-07-19T12:00:00Z|-1,2023-07-19,2023H2,-1,SHORT,asian_high,LONDON_NY_OVERLAP,2023-07-19 12:00:00+00:00,2023-07-19 12:15:00+00:00,2023-07-19 12:15:00.026000+00:00,2023-07-19 15:15:00+00:00,2023-07-19 15:15:00.046000+00:00,139.678,138.848,139.794,139.811,139.631,139.674,82.99999999999841,13.300000000000978,0.39999999999906777,139.674,139.68,139.599,139.603,0.6000000000000227,0.40000000000190994,7.099999999999795,70.99999999999795,13692,67.99999999998363,69.00000000001683,67.99999999998363,78.00000000000296,72.00000000000273,84.00000000000318,2023-07-19 09:00:00+00:00,2023-07-19 08:00:00+00:00,139.1499343760386,138.98315782545384,16.677655058475693,Up,Up,Up,2023-07-19 05:00:00+00:00,4.0,2023-07-19 05:00:00+00:00,2023-07-18 21:00:00+00:00,2023-07-18 00:00:00+00:00,139.30775658212215,140.9252219182705,-161.74653361483422,Down,Down,Down,2023-07-12 21:00:00+00:00,144.0,2023-07-12 21:00:00+00:00,Transition,Down,138.91870812645402,139.50325921497102,138.91838894071068,141.10837165029403,common_intersection
RAW|2023-07-20|2023-07-20T12:00:00Z|-1,2023-07-20,2023H2,-1,SHORT,asian_high,LONDON_NY_OVERLAP,2023-07-20 12:00:00+00:00,2023-07-20 12:15:00+00:00,2023-07-20 12:15:00.041000+00:00,2023-07-20 15:15:00+00:00,2023-07-20 15:15:00.086000+00:00,139.699,139.107,139.529,139.716,139.523,139.648,59.200000000001296,1.6999999999995907,5.100000000001614,139.649,139.655,140.373,140.381,0.6000000000000227,0.8000000000009777,-73.19999999999993,-731.9999999999993,13788,-735.99999999999,-730.9999999999945,-737.9999999999995,-729.9999999999898,-746.0000000000093,-727.0000000000039,2023-07-20 09:00:00+00:00,2023-07-20 08:00:00+00:00,139.4354978846025,139.1921398667361,24.335801786639877,Up,Up,Up,2023-07-19 05:00:00+00:00,28.0,2023-07-19 05:00:00+00:00,2023-07-19 21:00:00+00:00,2023-07-19 00:00:00+00:00,139.39925470151582,140.82144416480887,-142.21894632930514,Down,Down,Down,2023-07-12 21:00:00+00:00,168.0,2023-07-12 21:00:00+00:00,Up,Down,139.42809703844352,139.30775658212215,139.16936942036534,140.9252219182705,common_intersection
RAW|2023-07-21|2023-07-21T07:00:00Z|-1,2023-07-21,2023H2,-1,SHORT,asian_high,LONDON,2023-07-21 07:00:00+00:00,2023-07-21 07:15:00+00:00,2023-07-21 07:15:00.241000+00:00,2023-07-21 10:15:00+00:00,2023-07-21 10:15:00.017000+00:00,140.324,139.747,140.264,140.338,140.215,140.253,57.69999999999982,1.3999999999981583,7.1000000000026375,140.254,140.26,141.726,141.731,0.6000000000000227,0.49999999999954525,-147.7000000000004,-1477.0000000000039,13864,-1473.9999999999895,-1469.0000000000225,-1481.9999999999993,-1469.9999999999989,-1484.9999999999852,-1477.0000000000039,2023-07-21 05:00:00+00:00,2023-07-21 04:00:00+00:00,139.97053340211716,139.4989775812903,47.155582082686465,Up,Up,Up,2023-07-19 05:00:00+00:00,48.0,2023-07-19 05:00:00+00:00,2023-07-20 21:00:00+00:00,2023-07-20 00:00:00+00:00,139.58661050108273,140.76012863162416,-117.35181305414244,Down,Down,Down,2023-07-12 21:00:00+00:00,192.0,2023-07-12 21:00:00+00:00,Up,Down,139.907946762964,139.39925470151582,139.4443669361851,140.82144416480887,common_intersection
RAW|2023-07-24|2023-07-24T07:00:00Z|1,2023-07-24,2023H2,1,LONG,asian_low,LONDON,2023-07-24 07:00:00+00:00,2023-07-24 07:15:00+00:00,2023-07-24 07:15:00.090000+00:00,2023-07-24 10:15:00+00:00,2023-07-24 10:15:00.040000+00:00,141.811,141.341,141.483,141.518,141.31,141.483,46.999999999999886,3.100000000000591,14.19999999999959,141.48,141.481,141.214,141.219,0.10000000000047748,0.49999999999954525,-26.69999999999959,-266.9999999999959,13960,-205.99999999998886,-270.9999999999866,-152.00000000001523,-284.9999999999966,-213.99999999999864,-280.00000000000114,2023-07-24 05:00:00+00:00,2023-07-24 04:00:00+00:00,141.38952152936346,140.3388805246296,105.06410047338761,Up,Up,Up,2023-07-19 05:00:00+00:00,120.0,2023-07-19 05:00:00+00:00,2023-07-21 21:00:00+00:00,2023-07-21 00:00:00+00:00,140.20243607220195,140.83867834109424,-63.62422688922891,Down,Down,Down,2023-07-12 21:00:00+00:00,216.0,2023-07-12 21:00:00+00:00,Up,Down,141.36293014110885,139.58661050108273,140.24173970068432,140.76012863162416,common_intersection
RAW|2023-07-25|2023-07-25T11:15:00Z|-1,2023-07-25,2023H2,-1,SHORT,asian_high,LONDON,2023-07-25 11:15:00+00:00,2023-07-25 11:30:00+00:00,2023-07-25 11:30:00.162000+00:00,2023-07-25 14:30:00+00:00,2023-07-25 14:30:00.236000+00:00,141.621,141.202,141.547,141.735,141.531,141.602,41.900000000001114,11.400000000000432,1.9000000000005457,141.603,141.609,141.337,141.344,0.6000000000000227,0.7000000000005002,25.900000000001455,259.00000000001455,14073,260.0000000000193,258.0000000000098,258.0000000000098,257.000000000005,272.0000000000198,280.00000000000114,2023-07-25 09:00:00+00:00,2023-07-25 08:00:00+00:00,141.38092193787273,140.7895813014988,59.13406363739284,Up,Up,Up,2023-07-19 05:00:00+00:00,148.0,2023-07-19 05:00:00+00:00,2023-07-24 21:00:00+00:00,2023-07-24 00:00:00+00:00,140.55802576585853,140.8873440738067,-32.931830794817074,Down,Down,Down,2023-07-12 21:00:00+00:00,288.0,2023-07-12 21:00:00+00:00,Up,Down,141.39649071302182,140.20243607220195,140.7415448929335,140.83867834109424,common_intersection
RAW|2023-07-26|2023-07-26T16:45:00Z|1,2023-07-26,2023H2,1,LONG,asian_low,NEW_YORK,2023-07-26 16:45:00+00:00,2023-07-26 17:00:00+00:00,2023-07-26 17:00:00.432000+00:00,2023-07-26 20:00:00+00:00,2023-07-26 20:00:00.458000+00:00,141.184,140.602,140.587,140.649,140.58,140.616,58.19999999999936,2.199999999999136,1.4000000000010004,140.616,140.622,140.204,140.209,0.6000000000000227,0.49999999999954525,-41.80000000000064,-418.00000000000637,14191,-418.00000000000637,-418.00000000000637,-423.0000000000018,-405.00000000000114,-420.99999999999227,-386.0000000000241,2023-07-26 17:00:00+00:00,2023-07-26 16:00:00+00:00,140.6770824366672,140.7740701782563,-9.698774158908918,Down,Down,Down,2023-07-26 13:00:00+00:00,4.0,2023-07-26 13:00:00+00:00,2023-07-25 21:00:00+00:00,2023-07-25 00:00:00+00:00,140.6465898327561,140.88579654790217,-23.920671514608216,Down,Down,Down,2023-07-12 21:00:00+00:00,312.0,2023-07-12 21:00:00+00:00,Transition,Down,140.7015154113341,140.55802576585853,140.78781541114813,140.8873440738067,common_intersection
RAW|2023-07-27|2023-07-27T17:00:00Z|-1,2023-07-27,2023H2,-1,SHORT,asian_high,NEW_YORK,2023-07-27 17:00:00+00:00,2023-07-27 17:15:00+00:00,2023-07-27 17:15:00.010000+00:00,2023-07-27 20:15:00+00:00,2023-07-27 20:15:00.172000+00:00,140.483,139.379,141.082,141.096,139.421,139.756,110.40000000000134,61.299999999999955,72.70000000000039,139.757,139.766,139.379,139.382,0.899999999998613,0.30000000000143245,37.5,375.0,14288,370.9999999999809,371.0000000000093,412.9999999999825,372.0000000000141,478.00000000000864,373.0000000000189,2023-07-27 17:00:00+00:00,2023-07-27 16:00:00+00:00,140.58332804420715,140.63941937488926,-5.609133068210781,Down,Down,Down,2023-07-26 13:00:00+00:00,28.0,2023-07-26 13:00:00+00:00,2023-07-26 21:00:00+00:00,2023-07-26 00:00:00+00:00,140.5264213091115,140.83301282407,-30.659151495851233,Down,Down,Down,2023-07-12 21:00:00+00:00,336.0,2023-07-12 21:00:00+00:00,Down,Down,140.37585926189,140.6465898327561,140.5991949727057,140.88579654790217,common_intersection
RAW|2023-07-31|2023-07-31T07:30:00Z|-1,2023-07-31,2023H2,-1,SHORT,asian_high,LONDON,2023-07-31 07:30:00+00:00,2023-07-31 07:45:00+00:00,2023-07-31 07:45:00.016000+00:00,2023-07-31 10:45:00+00:00,2023-07-31 10:45:00.207000+00:00,142.167,140.689,142.006,142.219,142.006,142.164,147.80000000000086,5.19999999999925,0.30000000000143245,142.163,142.171,142.453,142.461,0.7999999999981355,0.8000000000009777,-29.800000000000182,-298.0000000000018,14442,-298.0000000000018,-295.99999999999227,-300.00000000001137,-298.0000000000018,-290.00000000002046,-295.99999999999227,2023-07-31 05:00:00+00:00,2023-07-31 04:00:00+00:00,140.9114357412546,140.52338728530003,38.80484559545607,Up,Up,Up,2023-07-28 21:00:00+00:00,56.0,2023-07-28 21:00:00+00:00,2023-07-28 21:00:00+00:00,2023-07-28 00:00:00+00:00,140.4807455658732,140.75544925429287,-27.47036884196632,Down,Down,Down,2023-07-12 21:00:00+00:00,384.0,2023-07-12 21:00:00+00:00,Up,Down,140.52361003775644,140.2194437922225,140.4053340057609,140.72253179814442,raw_only
RAW|2023-08-02|2023-08-02T09:15:00Z|1,2023-08-02,2023H2,1,LONG,asian_low,LONDON,2023-08-02 09:15:00+00:00,2023-08-02 09:30:00+00:00,2023-08-02 09:30:00.337000+00:00,2023-08-02 12:30:00+00:00,2023-08-02 12:30:00.104000+00:00,143.348,142.541,142.467,142.644,142.464,142.632,80.70000000000164,7.699999999999818,9.100000000000819,142.63,142.635,143.039,143.046,0.49999999999954525,0.7000000000005002,40.399999999999636,403.99999999999636,14641,405.9999999999775,367.00000000001864,408.9999999999918,344.0000000000225,402.9999999999916,371.0000000000093,2023-08-02 09:00:00+00:00,2023-08-02 08:00:00+00:00,142.81613797892615,142.02347821630218,79.26597626239698,Up,Up,Up,2023-07-28 21:00:00+00:00,108.0,2023-07-28 21:00:00+00:00,2023-08-01 21:00:00+00:00,2023-08-01 00:00:00+00:00,141.65772732952715,141.07218984883352,58.55374806936311,Up,Up,Up,2023-07-31 21:00:00+00:00,24.0,2023-07-31 21:00:00+00:00,Up,Transition,143.0069931704966,140.990818261338,141.99604153945887,140.87629331394945,common_intersection
RAW|2023-08-02|2023-08-02T15:30:00Z|-1,2023-08-02,2023H2,-1,SHORT,asian_high,LONDON_NY_OVERLAP,2023-08-02 15:30:00+00:00,2023-08-02 15:45:00+00:00,2023-08-02 15:45:00.077000+00:00,2023-08-02 18:45:00+00:00,2023-08-02 18:45:00.311000+00:00,143.348,142.541,143.347,143.35,143.277,143.308,80.70000000000164,0.1999999999981128,4.000000000002046,143.31,143.314,143.25,143.255,0.39999999999906777,0.49999999999954525,5.500000000000682,55.00000000000682,14666,54.000000000002046,54.000000000002046,63.0000000000166,55.00000000000682,68.00000000001205,54.000000000002046,2023-08-02 13:00:00+00:00,2023-08-02 12:00:00+00:00,142.91924141351868,142.115759958998,80.34814545206643,Up,Up,Up,2023-07-28 21:00:00+00:00,112.0,2023-07-28 21:00:00+00:00,2023-08-01 21:00:00+00:00,2023-08-01 00:00:00+00:00,141.65772732952715,141.07218984883352,58.55374806936311,Up,Up,Up,2023-07-31 21:00:00+00:00,24.0,2023-07-31 21:00:00+00:00,Up,Transition,142.81613797892615,140.990818261338,142.02347821630218,140.87629331394945,common_intersection
RAW|2023-08-07|2023-08-07T07:00:00Z|-1,2023-08-07,2023H2,-1,SHORT,asian_high,LONDON,2023-08-07 07:00:00+00:00,2023-08-07 07:15:00+00:00,2023-08-07 07:15:00.261000+00:00,2023-08-07 10:15:00+00:00,2023-08-07 10:15:00.104000+00:00,142.301,141.511,142.226,142.352,142.212,142.223,78.9999999999992,5.100000000001614,7.799999999997453,142.223,142.231,142.398,142.407,0.7999999999981355,0.9000000000014552,-18.39999999999975,-183.9999999999975,14920,-182.00000000001637,-181.99999999998795,-177.99999999999727,-169.9999999999875,-169.00000000001114,-184.99999999997385,2023-08-07 05:00:00+00:00,2023-08-07 04:00:00+00:00,142.03553322643643,142.3225441915122,-28.701096507577972,Down,Down,Down,2023-08-04 17:00:00+00:00,60.0,2023-08-04 17:00:00+00:00,2023-08-04 21:00:00+00:00,2023-08-04 00:00:00+00:00,142.08720675274313,141.3808812730085,70.63254797346303,Up,Up,Up,2023-07-31 21:00:00+00:00,96.0,2023-07-31 21:00:00+00:00,Down,Up,142.000546517011,142.2432894538404,142.33989586033934,141.3533926880527,common_intersection
RAW|2023-08-08|2023-08-08T18:45:00Z|-1,2023-08-08,2023H2,-1,SHORT,asian_high,NEW_YORK,2023-08-08 18:45:00+00:00,2023-08-08 19:00:00+00:00,2023-08-08 19:00:00.207000+00:00,2023-08-08 22:00:00+00:00,2023-08-08 22:00:00.165000+00:00,143.433,142.527,143.439,143.457,143.375,143.376,90.60000000000059,2.400000000000091,5.699999999998795,143.375,143.38,143.346,143.359,0.49999999999954525,1.300000000000523,1.5999999999991132,15.999999999991132,15063,16.999999999995907,32.99999999998704,14.999999999986358,28.999999999996362,15.999999999991132,33.999999999991815,2023-08-08 17:00:00+00:00,2023-08-08 16:00:00+00:00,143.0232383837431,142.61293933164654,41.02990520965477,Up,Up,Up,2023-08-08 01:00:00+00:00,16.0,2023-08-08 01:00:00+00:00,2023-08-07 21:00:00+00:00,2023-08-07 00:00:00+00:00,142.20000482338796,141.46897077116782,73.10340522201386,Up,Up,Up,2023-07-31 21:00:00+00:00,168.0,2023-07-31 21:00:00+00:00,Up,Up,142.90813373724032,142.08720675274313,142.55223840396363,141.3808812730085,common_intersection
RAW|2023-08-09|2023-08-09T09:00:00Z|-1,2023-08-09,2023H2,-1,SHORT,asian_high,LONDON,2023-08-09 09:00:00+00:00,2023-08-09 09:15:00+00:00,2023-08-09 09:15:04.701000+00:00,2023-08-09 12:15:00+00:00,2023-08-09 12:15:00.333000+00:00,143.398,142.998,143.284,143.411,143.282,143.368,40.00000000000057,1.300000000000523,3.0000000000001137,143.368,143.374,143.463,143.467,0.6000000000000227,0.40000000000190994,-9.900000000001796,-99.00000000001796,15120,-99.00000000001796,-97.00000000000841,-100.00000000002274,-98.00000000001319,-106.99999999999932,-99.00000000001796,2023-08-09 09:00:00+00:00,2023-08-09 08:00:00+00:00,143.21683381501018,142.80646075777872,41.03730572314532,Up,Up,Up,2023-08-08 01:00:00+00:00,32.0,2023-08-08 01:00:00+00:00,2023-08-08 21:00:00+00:00,2023-08-08 00:00:00+00:00,142.5334320167057,141.6208131094744,91.26189072312911,Up,Up,Up,2023-07-31 21:00:00+00:00,192.0,2023-07-31 21:00:00+00:00,Up,Up,143.18996734101424,142.20000482338796,142.76493560628123,141.46897077116782,common_intersection
RAW|2023-08-10|2023-08-10T12:30:00Z|1,2023-08-10,2023H2,1,LONG,asian_low,LONDON_NY_OVERLAP,2023-08-10 12:30:00+00:00,2023-08-10 12:45:00+00:00,2023-08-10 12:45:00.077000+00:00,2023-08-10 15:45:00+00:00,2023-08-10 15:45:00.156000+00:00,144.104,143.686,143.579,144.025,143.281,143.927,41.80000000000064,40.500000000000114,24.099999999998545,143.931,143.938,144.409,144.414,0.699999999997658,0.49999999999954525,47.100000000000364,471.00000000000364,15230,443.9999999999884,471.00000000000364,426.9999999999925,472.0000000000084,447.00000000000273,468.00000000001774,2023-08-10 09:00:00+00:00,2023-08-10 08:00:00+00:00,143.730136425805,143.17971473805062,55.04216877543797,Up,Up,Up,2023-08-08 01:00:00+00:00,56.0,2023-08-08 01:00:00+00:00,2023-08-09 21:00:00+00:00,2023-08-09 00:00:00+00:00,142.87216572621836,141.78866806071645,108.3497665501909,Up,Up,Up,2023-07-31 21:00:00+00:00,216.0,2023-07-31 21:00:00+00:00,Up,Up,143.70099099612702,142.5334320167057,143.12551601962022,141.6208131094744,common_intersection
RAW|2023-08-11|2023-08-11T08:15:00Z|1,2023-08-11,2023H2,1,LONG,asian_low,LONDON,2023-08-11 08:15:00+00:00,2023-08-11 08:30:00+00:00,2023-08-11 08:30:00.868000+00:00,2023-08-11 11:30:00+00:00,2023-08-11 11:30:00.132000+00:00,144.892,144.629,144.571,144.644,144.561,144.633,26.300000000000523,6.799999999998363,0.40000000000190994,144.632,144.638,144.567,144.571,0.6000000000000227,0.39999999999906777,-7.099999999999795,-70.99999999999795,15309,-69.99999999999318,-66.0000000000025,-70.99999999999795,-68.00000000001205,-76.99999999999818,-69.00000000001683,2023-08-11 05:00:00+00:00,2023-08-11 04:00:00+00:00,144.449173340313,143.63998478051832,80.91885597946771,Up,Up,Up,2023-08-08 01:00:00+00:00,76.0,2023-08-08 01:00:00+00:00,2023-08-10 21:00:00+00:00,2023-08-10 00:00:00+00:00,143.39783266158454,142.02253461585912,137.52980457254296,Up,Up,Up,2023-07-31 21:00:00+00:00,240.0,2023-07-31 21:00:00+00:00,Up,Up,144.3548426764382,142.87216572621836,143.54911389186773,141.78866806071645,common_intersection
RAW|2023-08-11|2023-08-11T16:00:00Z|-1,2023-08-11,2023H2,-1,SHORT,asian_high,NEW_YORK,2023-08-11 16:00:00+00:00,2023-08-11 16:15:00+00:00,2023-08-11 16:15:00.035000+00:00,2023-08-11 19:15:00+00:00,2023-08-11 19:15:03.929000+00:00,144.892,144.629,144.939,144.947,144.855,144.865,26.300000000000523,5.500000000000682,2.6999999999986812,144.866,144.874,144.973,144.984,0.7999999999981355,1.099999999999568,-11.7999999999995,-117.999999999995,15340,-117.999999999995,-117.999999999995,-117.999999999995,-120.9999999999809,-123.00000000001887,-121.99999999998568,2023-08-11 13:00:00+00:00,2023-08-11 12:00:00+00:00,144.57582313281276,143.8020063182307,77.38168145820623,Up,Up,Up,2023-08-08 01:00:00+00:00,84.0,2023-08-08 01:00:00+00:00,2023-08-10 21:00:00+00:00,2023-08-10 00:00:00+00:00,143.39783266158454,142.02253461585912,137.52980457254296,Up,Up,Up,2023-07-31 21:00:00+00:00,240.0,2023-07-31 21:00:00+00:00,Up,Up,144.48855238593785,142.87216572621836,143.71574599807684,141.78866806071645,raw_only
RAW|2023-08-14|2023-08-14T16:15:00Z|-1,2023-08-14,2023H2,-1,SHORT,asian_high,NEW_YORK,2023-08-14 16:15:00+00:00,2023-08-14 16:30:00+00:00,2023-08-14 16:30:00.399000+00:00,2023-08-14 19:30:00+00:00,2023-08-14 19:30:00.201000+00:00,145.221,144.65,145.227,145.257,145.181,145.195,57.099999999999795,3.6000000000001364,2.600000000001046,145.195,145.199,145.454,145.459,0.40000000000190994,0.49999999999954525,-26.400000000001,-264.00000000001,15437,-263.00000000000523,-262.00000000000045,-257.000000000005,-263.00000000000523,-256.0000000000002,-264.00000000001,2023-08-14 13:00:00+00:00,2023-08-14 12:00:00+00:00,145.00298897950853,144.2791690768257,72.3819902682834,Up,Up,Up,2023-08-08 01:00:00+00:00,156.0,2023-08-08 01:00:00+00:00,2023-08-11 21:00:00+00:00,2023-08-11 00:00:00+00:00,143.8201661868461,142.25081184659038,156.93543402557282,Up,Up,Up,2023-07-31 21:00:00+00:00,264.0,2023-07-31 21:00:00+00:00,Up,Up,144.86578457131193,143.39783266158454,144.18640117046272,142.02253461585912,common_intersection
RAW|2023-08-15|2023-08-15T07:00:00Z|-1,2023-08-15,2023H2,-1,SHORT,asian_high,LONDON,2023-08-15 07:00:00+00:00,2023-08-15 07:15:00+00:00,2023-08-15 07:15:01.717000+00:00,2023-08-15 10:15:00+00:00,2023-08-15 10:15:00.853000+00:00,145.738,145.323,145.722,145.74,145.651,145.694,41.499999999999204,0.20000000000095497,4.400000000001114,145.695,145.7,145.61,145.616,0.49999999999954525,0.6000000000000227,7.899999999997931,78.99999999997931,15496,78.99999999997931,79.99999999998408,88.99999999999864,84.99999999997954,98.99999999998954,103.999999999985,2023-08-15 05:00:00+00:00,2023-08-15 04:00:00+00:00,145.34600754360383,144.61139112352762,73.46164200762075,Up,Up,Up,2023-08-08 01:00:00+00:00,172.0,2023-08-08 01:00:00+00:00,2023-08-14 21:00:00+00:00,2023-08-14 00:00:00+00:00,144.3124044191758,142.51418689886316,179.82175203126474,Up,Up,Up,2023-07-31 21:00:00+00:00,336.0,2023-07-31 21:00:00+00:00,Up,Up,145.2780105610454,143.8201661868461,144.53272948209525,142.25081184659038,common_intersection
RAW|2023-08-15|2023-08-15T13:15:00Z|1,2023-08-15,2023H2,1,LONG,asian_low,LONDON_NY_OVERLAP,2023-08-15 13:15:00+00:00,2023-08-15 13:30:00+00:00,2023-08-15 13:30:00.086000+00:00,2023-08-15 16:30:00+00:00,2023-08-15 16:30:00.093000+00:00,145.738,145.323,145.414,145.5,145.254,145.471,41.499999999999204,6.900000000001683,14.799999999999613,145.471,145.474,145.527,145.529,0.2999999999985903,0.20000000000095497,5.299999999999727,52.99999999999727,15521,53.999999999973625,52.00000000002092,43.99999999998272,57.00000000001637,53.999999999973625,46.999999999997044,2023-08-15 13:00:00+00:00,2023-08-15 12:00:00+00:00,145.47739160387948,144.76591984695378,71.14717569257039,Up,Up,Up,2023-08-08 01:00:00+00:00,180.0,2023-08-08 01:00:00+00:00,2023-08-14 21:00:00+00:00,2023-08-14 00:00:00+00:00,144.3124044191758,142.51418689886316,179.82175203126474,Up,Up,Up,2023-07-31 21:00:00+00:00,336.0,2023-07-31 21:00:00+00:00,Up,Up,145.4311482454313,143.8201661868461,144.69399983364542,142.25081184659038,common_intersection
RAW|2023-08-16|2023-08-16T11:00:00Z|-1,2023-08-16,2023H2,-1,SHORT,asian_high,LONDON,2023-08-16 11:00:00+00:00,2023-08-16 11:15:00+00:00,2023-08-16 11:15:00.141000+00:00,2023-08-16 14:15:00+00:00,2023-08-16 14:15:00.169000+00:00,145.692,145.306,145.609,145.693,145.607,145.672,38.59999999999957,0.10000000000047748,2.000000000001023,145.67,145.677,145.776,145.779,0.7000000000005002,0.2999999999985903,-10.900000000000887,-109.00000000000887,15608,-109.99999999998522,-97.00000000000841,-108.00000000000409,-90.00000000000341,-108.00000000000409,-97.00000000000841,2023-08-16 09:00:00+00:00,2023-08-16 08:00:00+00:00,145.51587319343864,145.02755754695704,48.83156464815954,Up,Up,Up,2023-08-08 01:00:00+00:00,200.0,2023-08-08 01:00:00+00:00,2023-08-15 21:00:00+00:00,2023-08-15 00:00:00+00:00,144.66943172798273,142.7580119469541,191.1419781028627,Up,Up,Up,2023-07-31 21:00:00+00:00,360.0,2023-07-31 21:00:00+00:00,Up,Up,145.51382247081412,144.3124044191758,144.98464950756198,142.51418689886316,raw_only
RAW|2023-08-17|2023-08-17T07:15:00Z|1,2023-08-17,2023H2,1,LONG,asian_low,LONDON,2023-08-17 07:15:00+00:00,2023-08-17 07:30:00+00:00,2023-08-17 07:30:00.300000+00:00,2023-08-17 10:30:00+00:00,2023-08-17 10:30:00.065000+00:00,146.559,146.279,146.274,146.313,146.209,146.312,28.000000000000114,6.999999999999318,3.300000000001546,146.311,146.315,146.075,146.082,0.39999999999906777,0.7000000000005002,-24.00000000000091,-240.0000000000091,15689,-240.0000000000091,-237.99999999999955,-251.00000000000477,-240.0000000000091,-253.00000000001432,-227.00000000000387,2023-08-17 05:00:00+00:00,2023-08-17 04:00:00+00:00,146.13677335214467,145.43035869741612,70.64146547285475,Up,Up,Up,2023-08-08 01:00:00+00:00,220.0,2023-08-08 01:00:00+00:00,2023-08-16 21:00:00+00:00,2023-08-16 00:00:00+00:00,145.14645123427337,143.0444909911978,210.1960243075581,Up,Up,Up,2023-07-31 21:00:00+00:00,384.0,2023-07-31 21:00:00+00:00,Up,Up,146.02828269300255,144.66943172798273,145.34534641023492,142.7580119469541,common_intersection
RAW|2023-08-18|2023-08-18T07:45:00Z|1,2023-08-18,2023H2,1,LONG,asian_low,LONDON,2023-08-18 07:45:00+00:00,2023-08-18 08:00:00+00:00,2023-08-18 08:00:00.230000+00:00,2023-08-18 11:00:00+00:00,2023-08-18 11:00:00.074000+00:00,145.793,145.182,145.173,145.318,145.165,145.296,61.10000000000184,1.6999999999995907,11.400000000000432,145.295,145.302,145.485,145.49,0.7000000000005002,0.49999999999954525,18.300000000002115,183.00000000002115,15787,182.00000000001637,191.0000000000025,196.00000000002638,189.99999999999773,208.00000000002683,200.00000000001705,2023-08-18 05:00:00+00:00,2023-08-18 04:00:00+00:00,145.7590983997081,145.57539697661085,18.370142309726134,Up,Up,Up,2023-08-08 01:00:00+00:00,244.0,2023-08-08 01:00:00+00:00,2023-08-17 21:00:00+00:00,2023-08-17 00:00:00+00:00,145.3411794530524,143.26717171190197,207.40077411504387,Up,Up,Up,2023-07-31 21:00:00+00:00,408.0,2023-07-31 21:00:00+00:00,Up,Up,145.87433775959136,145.14645123427337,145.584474974577,143.0444909911978,common_intersection
RAW|2023-08-21|2023-08-21T08:15:00Z|-1,2023-08-21,2023H2,-1,SHORT,asian_high,LONDON,2023-08-21 08:15:00+00:00,2023-08-21 08:30:00+00:00,2023-08-21 08:30:00.055000+00:00,2023-08-21 11:30:00+00:00,2023-08-21 11:30:00.150000+00:00,145.625,145.142,145.543,145.641,145.542,145.613,48.30000000000041,1.5999999999991132,1.2000000000000455,145.612,145.617,145.812,145.817,0.49999999999954525,0.49999999999954525,-20.50000000000125,-205.0000000000125,15885,-209.00000000000318,-212.99999999999386,-210.00000000000796,-213.99999999999864,-219.99999999999886,-218.00000000001774,2023-08-21 05:00:00+00:00,2023-08-21 04:00:00+00:00,145.37715646112963,145.48551957230595,-10.83631111763168,Down,Down,Down,2023-08-18 17:00:00+00:00,60.0,2023-08-18 17:00:00+00:00,2023-08-18 21:00:00+00:00,2023-08-18 00:00:00+00:00,145.33741389503743,143.43203797494982,190.53759200876073,Up,Up,Up,2023-07-31 21:00:00+00:00,432.0,2023-07-31 21:00:00+00:00,Down,Up,145.37921904558146,145.3411794530524,145.49539083946297,143.26717171190197,common_intersection
RAW|2023-08-22|2023-08-22T07:00:00Z|1,2023-08-22,2023H2,1,LONG,asian_low,LONDON,2023-08-22 07:00:00+00:00,2023-08-22 07:15:00+00:00,2023-08-22 07:15:00.295000+00:00,2023-08-22 10:15:00+00:00,2023-08-22 10:15:02.889000+00:00,146.397,145.843,145.91,145.936,145.809,145.85,55.400000000000205,3.3999999999991815,0.7000000000005002,145.851,145.856,145.582,145.585,0.49999999999954525,0.30000000000143245,-27.40000000000009,-274.0000000000009,15976,-274.0000000000009,-274.0000000000009,-275.0000000000057,-275.0000000000057,-270.00000000001023,-271.99999999999136,2023-08-22 05:00:00+00:00,2023-08-22 04:00:00+00:00,146.0009397759875,145.71757236972425,28.33674062632383,Up,Up,Up,2023-08-21 13:00:00+00:00,16.0,2023-08-21 13:00:00+00:00,2023-08-21 21:00:00+00:00,2023-08-21 00:00:00+00:00,145.5861527821696,143.65411493695385,193.20378452157456,Up,Up,Up,2023-07-31 21:00:00+00:00,504.0,2023-07-31 21:00:00+00:00,Up,Up,145.99891568638247,145.33741389503743,145.69249170622203,143.43203797494982,common_intersection
RAW|2023-08-23|2023-08-23T10:00:00Z|1,2023-08-23,2023H2,1,LONG,asian_low,LONDON,2023-08-23 10:00:00+00:00,2023-08-23 10:15:00+00:00,2023-08-23 10:15:00.168000+00:00,2023-08-23 13:15:00+00:00,2023-08-23 13:15:00.910000+00:00,145.813,145.532,145.427,145.543,145.423,145.536,28.09999999999775,10.900000000000887,0.39999999999906777,145.536,145.541,145.295,145.301,0.49999999999954525,0.6000000000000227,-24.600000000000932,-246.00000000000932,16084,-245.00000000000455,-246.00000000000932,-230.0000000000182,-252.00000000000955,-216.00000000000819,-246.00000000000932,2023-08-23 09:00:00+00:00,2023-08-23 08:00:00+00:00,145.65348107627534,145.7043417615446,-5.086068526927079,Down,Up,Transition,2023-08-23 09:00:00+00:00,0.0,2023-08-23 09:00:00+00:00,2023-08-22 21:00:00+00:00,2023-08-22 00:00:00+00:00,145.67068055869257,143.83234574199753,183.83348166950384,Up,Up,Up,2023-07-31 21:00:00+00:00,528.0,2023-07-31 21:00:00+00:00,Up,Up,145.77007350678548,145.5861527821696,145.73411061037456,143.65411493695385,raw_only
RAW|2023-08-24|2023-08-24T07:15:00Z|-1,2023-08-24,2023H2,-1,SHORT,asian_high,LONDON,2023-08-24 07:15:00+00:00,2023-08-24 07:30:00+00:00,2023-08-24 07:30:00.111000+00:00,2023-08-24 10:30:00+00:00,2023-08-24 10:30:00.250000+00:00,145.202,144.614,145.151,145.225,145.096,145.119,58.799999999999386,2.2999999999996135,8.29999999999984,145.119,145.125,145.438,145.445,0.6000000000000227,0.7000000000005002,-32.59999999999934,-325.9999999999934,16169,-326.9999999999982,-326.9999999999982,-325.9999999999934,-326.9999999999982,-305.9999999999832,-324.0000000000123,2023-08-24 05:00:00+00:00,2023-08-24 04:00:00+00:00,145.0977208522259,145.4543471116826,-35.66262594567036,Down,Down,Down,2023-08-23 09:00:00+00:00,20.0,2023-08-23 09:00:00+00:00,2023-08-23 21:00:00+00:00,2023-08-23 00:00:00+00:00,145.4296289704947,143.91191808263773,151.7710887856964,Up,Up,Up,2023-07-31 21:00:00+00:00,552.0,2023-07-31 21:00:00+00:00,Down,Up,145.06960919311626,145.67068055869257,145.47924686052457,143.83234574199753,common_intersection
RAW|2023-08-25|2023-08-25T07:45:00Z|1,2023-08-25,2023H2,1,LONG,asian_low,LONDON,2023-08-25 07:45:00+00:00,2023-08-25 08:00:00+00:00,2023-08-25 08:00:00.159000+00:00,2023-08-25 11:00:00+00:00,2023-08-25 11:00:00.064000+00:00,146.256,145.907,145.915,146.061,145.904,146.052,34.899999999998954,0.30000000000143245,14.499999999998181,146.053,146.061,145.927,145.932,0.8000000000009777,0.49999999999954525,-13.400000000001455,-134.00000000001455,16267,-134.00000000001455,-135.00000000001933,-135.99999999999568,-134.00000000001455,-129.0000000000191,-135.00000000001933,2023-08-25 05:00:00+00:00,2023-08-25 04:00:00+00:00,145.82063892014406,145.61505615205385,20.55827680902098,Up,Up,Up,2023-08-24 17:00:00+00:00,12.0,2023-08-24 17:00:00+00:00,2023-08-24 21:00:00+00:00,2023-08-24 00:00:00+00:00,145.54344926463907,144.0652046360267,147.8244628612373,Up,Up,Up,2023-07-31 21:00:00+00:00,576.0,2023-07-31 21:00:00+00:00,Up,Up,145.7308944882017,145.4296289704947,145.57766973049334,143.91191808263773,common_intersection
RAW|2023-08-25|2023-08-25T14:00:00Z|-1,2023-08-25,2023H2,-1,SHORT,asian_high,LONDON_NY_OVERLAP,2023-08-25 14:00:00+00:00,2023-08-25 14:15:00+00:00,2023-08-25 14:15:00.189000+00:00,2023-08-25 17:15:00+00:00,2023-08-25 17:15:00.230000+00:00,146.256,145.907,146.106,146.308,145.719,145.827,34.899999999998954,5.19999999999925,42.900000000000205,145.828,145.831,146.28,146.283,0.2999999999985903,0.2999999999985903,-45.49999999999841,-454.9999999999841,16292,-455.99999999998886,-456.99999999999363,-448.99999999998386,-457.9999999999984,-447.9999999999791,-456.99999999999363,2023-08-25 13:00:00+00:00,2023-08-25 12:00:00+00:00,145.89677495925716,145.6712491270984,22.552583215875188,Up,Up,Up,2023-08-24 17:00:00+00:00,20.0,2023-08-24 17:00:00+00:00,2023-08-24 21:00:00+00:00,2023-08-24 00:00:00+00:00,145.54344926463907,144.0652046360267,147.8244628612373,Up,Up,Up,2023-07-31 21:00:00+00:00,576.0,2023-07-31 21:00:00+00:00,Up,Up,145.87788494296004,145.4296289704947,145.64753165988955,143.91191808263773,common_intersection
RAW|2023-08-28|2023-08-28T08:30:00Z|-1,2023-08-28,2023H2,-1,SHORT,asian_high,LONDON,2023-08-28 08:30:00+00:00,2023-08-28 08:45:00+00:00,2023-08-28 08:45:00.174000+00:00,2023-08-28 11:45:00+00:00,2023-08-28 11:45:00.298000+00:00,146.584,146.271,146.586,146.592,146.492,146.503,31.30000000000166,0.8000000000009777,8.100000000001728,146.503,146.508,146.524,146.53,0.5000000000023874,0.6000000000000227,-2.7000000000015234,-27.000000000015234,16366,-27.000000000015234,-27.000000000015234,-25.000000000005684,-28.00000000002001,-25.000000000005684,-31.00000000000591,2023-08-28 05:00:00+00:00,2023-08-28 04:00:00+00:00,146.30348452708694,145.88743951609945,41.60450109874887,Up,Up,Up,2023-08-24 17:00:00+00:00,84.0,2023-08-24 17:00:00+00:00,2023-08-25 21:00:00+00:00,2023-08-25 00:00:00+00:00,145.7850351890279,144.25110826514455,153.39269238833424,Up,Up,Up,2023-07-31 21:00:00+00:00,600.0,2023-07-31 21:00:00+00:00,Up,Up,146.2380783379217,145.54344926463907,145.837042952282,144.0652046360267,common_intersection
RAW|2023-08-29|2023-08-29T09:45:00Z|-1,2023-08-29,2023H2,-1,SHORT,asian_high,LONDON,2023-08-29 09:45:00+00:00,2023-08-29 10:00:00+00:00,2023-08-29 10:00:00.148000+00:00,2023-08-29 13:00:00+00:00,2023-08-29 13:00:00.304000+00:00,146.56,146.307,146.571,146.573,146.494,146.543,25.300000000001432,1.300000000000523,1.6999999999995907,146.542,146.547,147.236,147.244,0.49999999999954525,0.8000000000009777,-70.19999999999982,-701.9999999999982,16467,-701.9999999999982,-697.0000000000027,-701.9999999999982,-698.0000000000075,-692.0000000000073,-677.9999999999973,2023-08-29 09:00:00+00:00,2023-08-29 08:00:00+00:00,146.47354571489123,146.1537905184609,31.975519643032158,Up,Up,Up,2023-08-24 17:00:00+00:00,112.0,2023-08-24 17:00:00+00:00,2023-08-28 21:00:00+00:00,2023-08-28 00:00:00+00:00,145.99531084930564,144.43269960393297,156.26112453726648,Up,Up,Up,2023-07-31 21:00:00+00:00,672.0,2023-07-31 21:00:00+00:00,Up,Up,146.45896400084774,145.7850351890279,146.12281578093575,144.25110826514455,common_intersection
RAW|2023-08-30|2023-08-30T07:00:00Z|-1,2023-08-30,2023H2,-1,SHORT,asian_high,LONDON,2023-08-30 07:00:00+00:00,2023-08-30 07:15:00+00:00,2023-08-30 07:15:00.189000+00:00,2023-08-30 10:15:00+00:00,2023-08-30 10:15:01.686000+00:00,146.352,145.853,146.331,146.382,146.312,146.343,49.89999999999952,3.0000000000001137,0.9000000000014552,146.346,146.348,146.343,146.352,0.20000000000095497,0.9000000000014552,-0.6000000000000227,-6.000000000000227,16552,-3.0000000000143245,-6.000000000000227,3.9999999999906777,-2.0000000000095497,19.000000000005457,-12.000000000000455,2023-08-30 05:00:00+00:00,2023-08-30 04:00:00+00:00,146.19695343363094,146.1690963620826,2.785707154833972,Up,Up,Up,2023-08-24 17:00:00+00:00,132.0,2023-08-24 17:00:00+00:00,2023-08-29 21:00:00+00:00,2023-08-29 00:00:00+00:00,145.95865060664687,144.54744363561835,141.12069710285198,Up,Up,Up,2023-07-31 21:00:00+00:00,696.0,2023-07-31 21:00:00+00:00,Up,Up,146.18653480708332,145.99531084930564,146.1644090892202,144.43269960393297,common_intersection
RAW|2023-08-30|2023-08-30T12:45:00Z|1,2023-08-30,2023H2,1,LONG,asian_low,LONDON_NY_OVERLAP,2023-08-30 12:45:00+00:00,2023-08-30 13:00:00+00:00,2023-08-30 13:00:00.104000+00:00,2023-08-30 16:00:00+00:00,2023-08-30 16:00:00.137000+00:00,146.352,145.853,145.935,145.985,145.817,145.868,49.89999999999952,3.6000000000001364,1.4999999999986358,145.87,145.877,145.941,145.95,0.7000000000005002,0.899999999998613,6.399999999999295,63.99999999999295,16575,63.99999999999295,67.99999999998363,74.00000000001228,64.99999999999773,74.99999999998863,66.99999999997885,2023-08-30 13:00:00+00:00,2023-08-30 12:00:00+00:00,146.1523639967505,146.16487356086674,-1.2509564116243155,Down,Up,Transition,2023-08-30 13:00:00+00:00,0.0,2023-08-30 13:00:00+00:00,2023-08-29 21:00:00+00:00,2023-08-29 00:00:00+00:00,145.95865060664687,144.54744363561835,141.12069710285198,Up,Up,Up,2023-07-31 21:00:00+00:00,696.0,2023-07-31 21:00:00+00:00,Up,Up,146.26610959545067,145.99531084930564,146.190688653116,144.43269960393297,common_intersection
RAW|2023-08-31|2023-08-31T07:30:00Z|1,2023-08-31,2023H2,1,LONG,asian_low,LONDON,2023-08-31 07:30:00+00:00,2023-08-31 07:45:00+00:00,2023-08-31 07:45:00.530000+00:00,2023-08-31 10:45:00+00:00,2023-08-31 10:45:00.343000+00:00,146.124,145.752,145.795,145.877,145.719,145.871,37.19999999999857,3.300000000001546,11.899999999999977,145.871,145.876,145.895,145.9,0.49999999999954525,0.49999999999954525,1.9000000000005457,19.000000000005457,16650,21.000000000015007,18.000000000000682,28.00000000002001,20.999999999986585,34.99999999999659,20.999999999986585,2023-08-31 05:00:00+00:00,2023-08-31 04:00:00+00:00,146.0616715943228,146.1344863850151,-7.281479069229135,Down,Down,Down,2023-08-30 13:00:00+00:00,16.0,2023-08-30 13:00:00+00:00,2023-08-30 21:00:00+00:00,2023-08-30 00:00:00+00:00,146.03446471903348,144.6815681447689,135.28965742645767,Up,Up,Up,2023-07-31 21:00:00+00:00,720.0,2023-07-31 21:00:00+00:00,Down,Up,146.13394023205194,145.95865060664687,146.15652867936424,144.54744363561835,common_intersection
RAW|2023-08-31|2023-08-31T13:15:00Z|-1,2023-08-31,2023H2,-1,SHORT,asian_high,LONDON_NY_OVERLAP,2023-08-31 13:15:00+00:00,2023-08-31 13:30:00+00:00,2023-08-31 13:30:00.101000+00:00,2023-08-31 16:30:00+00:00,2023-08-31 16:30:00.146000+00:00,146.124,145.752,146.031,146.146,145.988,146.07,37.19999999999857,2.199999999999136,5.400000000000205,146.071,146.079,145.571,145.574,0.8000000000009777,0.30000000000143245,49.69999999999857,496.9999999999857,16673,486.99999999999477,496.0000000000093,476.99999999997544,508.99999999998613,490.99999999998545,512.0000000000005,2023-08-31 13:00:00+00:00,2023-08-31 12:00:00+00:00,145.98256713996062,146.09928207627678,-11.671493631615704,Down,Down,Down,2023-08-30 13:00:00+00:00,24.0,2023-08-30 13:00:00+00:00,2023-08-30 21:00:00+00:00,2023-08-30 00:00:00+00:00,146.03446471903348,144.6815681447689,135.28965742645767,Up,Up,Up,2023-07-31 21:00:00+00:00,720.0,2023-07-31 21:00:00+00:00,Down,Up,146.02919399594487,145.95865060664687,146.11956747421388,144.54744363561835,common_intersection
RAW|2023-09-01|2023-09-01T13:45:00Z|1,2023-09-01,2023H2,1,LONG,asian_low,LONDON_NY_OVERLAP,2023-09-01 13:45:00+00:00,2023-09-01 14:00:00+00:00,2023-09-01 14:00:00.034000+00:00,2023-09-01 17:00:00+00:00,2023-09-01 17:00:00.062000+00:00,145.699,145.236,145.143,145.451,145.143,145.36,46.30000000000223,9.299999999998931,12.400000000002365,145.36,145.364,146.149,146.153,0.39999999999906777,0.39999999999906777,78.49999999999966,784.9999999999966,16771,518.0000000000007,781.0000000000059,558.9999999999975,781.9999999999823,479.99999999998977,786.0000000000014,2023-09-01 13:00:00+00:00,2023-09-01 12:00:00+00:00,145.34439940468584,145.8040396168127,-45.96402121268568,Down,Down,Down,2023-08-30 13:00:00+00:00,48.0,2023-08-30 13:00:00+00:00,2023-08-31 21:00:00+00:00,2023-08-31 00:00:00+00:00,145.88833194216676,144.7488826931874,113.94492489793606,Up,Up,Up,2023-07-31 21:00:00+00:00,744.0,2023-07-31 21:00:00+00:00,Down,Up,145.58975916656019,146.03446471903348,145.89734740957903,144.6815681447689,common_intersection
RAW|2023-09-04|2023-09-04T07:00:00Z|-1,2023-09-04,2023H2,-1,SHORT,asian_high,LONDON,2023-09-04 07:00:00+00:00,2023-09-04 07:15:00+00:00,2023-09-04 07:15:00.278000+00:00,2023-09-04 10:15:00+00:00,2023-09-04 10:15:00.536000+00:00,146.244,146.035,146.187,146.36,146.183,146.219,20.90000000000032,11.600000000001387,2.5000000000005684,146.219,146.225,146.379,146.384,0.6000000000000227,0.49999999999954525,-16.499999999999204,-164.99999999999204,16840,-159.9999999999966,-163.0000000000109,-159.9999999999966,-163.0000000000109,-161.99999999997772,-165.99999999999682,2023-09-04 05:00:00+00:00,2023-09-04 04:00:00+00:00,145.9465937642352,145.90442346600577,4.217029822942209,Up,Down,Transition,2023-09-04 05:00:00+00:00,0.0,2023-09-04 05:00:00+00:00,2023-09-01 21:00:00+00:00,2023-09-01 00:00:00+00:00,145.9665228158334,144.8619320777324,110.45907381009954,Up,Up,Up,2023-07-31 21:00:00+00:00,768.0,2023-07-31 21:00:00+00:00,Down,Up,145.86243126992926,145.88833194216676,145.88246028913667,144.7488826931874,common_intersection
RAW|2023-09-05|2023-09-05T07:30:00Z|-1,2023-09-05,2023H2,-1,SHORT,asian_high,LONDON,2023-09-05 07:30:00+00:00,2023-09-05 07:45:00+00:00,2023-09-05 07:45:00.140000+00:00,2023-09-05 10:45:00+00:00,2023-09-05 10:45:00.255000+00:00,147.058,146.486,146.965,147.083,146.934,147.017,57.20000000000027,2.5000000000005684,4.099999999999682,147.017,147.02,147.247,147.252,0.30000000000143245,0.49999999999954525,-23.500000000001364,-235.00000000001364,16938,-246.00000000000932,-235.00000000001364,-246.00000000000932,-231.99999999999932,-243.00000000002342,-231.99999999999932,2023-09-05 05:00:00+00:00,2023-09-05 04:00:00+00:00,146.46144952839526,146.1425669546092,31.888257378605545,Up,Up,Up,2023-09-04 05:00:00+00:00,24.0,2023-09-04 05:00:00+00:00,2023-09-04 21:00:00+00:00,2023-09-04 00:00:00+00:00,146.10580201130958,144.98929751151383,111.65044997957523,Up,Up,Up,2023-07-31 21:00:00+00:00,840.0,2023-07-31 21:00:00+00:00,Up,Up,146.37922933975338,145.9665228158334,146.09696408109696,144.8619320777324,common_intersection
RAW|2023-09-07|2023-09-07T07:30:00Z|1,2023-09-07,2023H2,1,LONG,asian_low,LONDON,2023-09-07 07:30:00+00:00,2023-09-07 07:45:00+00:00,2023-09-07 07:45:01.802000+00:00,2023-09-07 10:45:00+00:00,2023-09-07 10:45:02.157000+00:00,147.872,147.428,147.48,147.494,147.409,147.494,44.40000000000168,1.9000000000005457,6.60000000000025,147.494,147.499,147.441,147.445,0.49999999999954525,0.39999999999906777,-5.799999999999272,-57.999999999992724,17130,-57.999999999992724,-57.999999999992724,-61.9999999999834,-58.9999999999975,-62.99999999998818,-56.99999999998795,2023-09-07 05:00:00+00:00,2023-09-07 04:00:00+00:00,147.56374741266177,147.01607480949787,54.76726031639032,Up,Up,Up,2023-09-04 05:00:00+00:00,72.0,2023-09-04 05:00:00+00:00,2023-09-06 21:00:00+00:00,2023-09-06 00:00:00+00:00,146.8729193935253,145.4019366137453,147.09827797800017,Up,Up,Up,2023-07-31 21:00:00+00:00,888.0,2023-07-31 21:00:00+00:00,Up,Up,147.56364637772649,146.56328715093542,146.96842914075856,145.20671371059274,common_intersection
RAW|2023-09-08|2023-09-08T07:15:00Z|-1,2023-09-08,2023H2,-1,SHORT,asian_high,LONDON,2023-09-08 07:15:00+00:00,2023-09-08 07:30:00+00:00,2023-09-08 07:30:00.278000+00:00,2023-09-08 10:30:00+00:00,2023-09-08 10:30:00.852000+00:00,147.368,146.584,147.247,147.385,147.24,147.355,78.39999999999918,1.6999999999995907,1.300000000000523,147.354,147.359,147.367,147.375,0.49999999999954525,0.8000000000009777,-2.0999999999986585,-20.999999999986585,17225,-20.999999999986585,-19.99999999998181,-10.99999999999568,-23.999999999972488,1.0000000000047748,-25.999999999982037,2023-09-08 05:00:00+00:00,2023-09-08 04:00:00+00:00,147.21746064414353,147.08615370535946,13.130693878406419,Up,Up,Up,2023-09-04 05:00:00+00:00,96.0,2023-09-04 05:00:00+00:00,2023-09-07 21:00:00+00:00,2023-09-07 00:00:00+00:00,146.9897995668038,145.55234168464568,143.7457882158128,Up,Up,Up,2023-07-31 21:00:00+00:00,912.0,2023-07-31 21:00:00+00:00,Up,Up,147.21404490180095,146.8729193935253,147.0739931579994,145.4019366137453,common_intersection
RAW|2023-09-11|2023-09-11T07:30:00Z|1,2023-09-11,2023H2,1,LONG,asian_low,LONDON,2023-09-11 07:30:00+00:00,2023-09-11 07:45:00+00:00,2023-09-11 07:45:01.091000+00:00,2023-09-11 10:45:00+00:00,2023-09-11 10:45:00.119000+00:00,147.144,145.908,145.976,146.089,145.9,146.087,123.60000000000184,0.7999999999981355,17.900000000000205,146.097,146.101,146.824,146.829,0.39999999999906777,0.49999999999954525,72.30000000000132,723.0000000000132,17322,723.0000000000132,728.0000000000086,748.0000000000189,729.9999999999898,757.000000000005,721.0000000000036,2023-09-11 05:00:00+00:00,2023-09-11 04:00:00+00:00,147.0486870994632,147.13919447845083,-9.050737898763828,Down,Up,Transition,2023-09-11 05:00:00+00:00,0.0,2023-09-11 05:00:00+00:00,2023-09-08 21:00:00+00:00,2023-09-08 00:00:00+00:00,147.22071397628844,145.73199434987401,148.87196264144222,Up,Up,Up,2023-07-31 21:00:00+00:00,936.0,2023-07-31 21:00:00+00:00,Up,Up,147.38856193924846,146.9897995668038,147.22095052005525,145.55234168464568,common_intersection
RAW|2023-09-12|2023-09-12T10:45:00Z|-1,2023-09-12,2023H2,-1,SHORT,asian_high,LONDON,2023-09-12 10:45:00+00:00,2023-09-12 11:00:00+00:00,2023-09-12 11:00:00.204000+00:00,2023-09-12 14:00:00+00:00,2023-09-12 14:00:00.009000+00:00,146.942,146.436,146.974,146.976,146.9,146.905,50.60000000000002,3.3999999999991815,3.700000000000614,146.903,146.908,147.207,147.212,0.49999999999954525,0.49999999999954525,-30.89999999999975,-308.9999999999975,17431,-307.9999999999927,-313.0000000000166,-305.9999999999832,-320.99999999999795,-296.99999999999704,-322.00000000000273,2023-09-12 09:00:00+00:00,2023-09-12 08:00:00+00:00,146.70757334303804,146.9039121147956,-19.633877175755288,Down,Down,Down,2023-09-11 05:00:00+00:00,28.0,2023-09-11 05:00:00+00:00,2023-09-11 21:00:00+00:00,2023-09-11 00:00:00+00:00,147.03479569734887,145.7990348018841,123.57608954647787,Up,Up,Up,2023-07-31 21:00:00+00:00,1008.0,2023-07-31 21:00:00+00:00,Down,Up,146.67540268025323,147.22071397628844,146.91399142912562,145.73199434987401,common_intersection
RAW|2023-09-13|2023-09-13T12:15:00Z|-1,2023-09-13,2023H2,-1,SHORT,asian_high,LONDON_NY_OVERLAP,2023-09-13 12:15:00+00:00,2023-09-13 12:30:00+00:00,2023-09-13 12:30:00.115000+00:00,2023-09-13 15:30:00+00:00,2023-09-13 15:30:01.065000+00:00,147.446,147.097,147.463,147.474,147.402,147.403,34.899999999998954,2.7999999999991587,4.300000000000637,147.401,147.418,147.416,147.422,1.6999999999995907,0.6000000000000227,-2.0999999999986585,-20.999999999986585,17533,-216.00000000000819,-20.999999999986585,165.99999999999682,-18.000000000000682,102.00000000000387,-22.999999999996135,2023-09-13 09:00:00+00:00,2023-09-13 08:00:00+00:00,147.18331368294648,147.03155865349999,15.17550294464911,Up,Up,Up,2023-09-12 21:00:00+00:00,12.0,2023-09-12 21:00:00+00:00,2023-09-12 21:00:00+00:00,2023-09-12 00:00:00+00:00,147.04399692667778,145.90047201773336,114.35249089444142,Up,Up,Up,2023-07-31 21:00:00+00:00,1032.0,2023-07-31 21:00:00+00:00,Up,Up,147.15583915612507,147.03479569734887,147.01238984076085,145.7990348018841,common_intersection
RAW|2023-09-14|2023-09-14T09:45:00Z|-1,2023-09-14,2023H2,-1,SHORT,asian_high,LONDON,2023-09-14 09:45:00+00:00,2023-09-14 10:00:00+00:00,2023-09-14 10:00:07.566000+00:00,2023-09-14 13:00:00+00:00,2023-09-14 13:00:00.004000+00:00,147.386,147.018,147.365,147.391,147.349,147.377,36.7999999999995,0.49999999999954525,0.899999999998613,147.378,147.383,147.406,147.41,0.5000000000023874,0.39999999999906777,-3.2000000000010687,-32.00000000001069,17619,-32.00000000001069,-33.00000000001546,-32.00000000001069,-17.00000000002433,-31.00000000000591,13.999999999981583,2023-09-14 09:00:00+00:00,2023-09-14 08:00:00+00:00,147.24245472801329,147.12844064636323,11.401408165005478,Up,Up,Up,2023-09-12 21:00:00+00:00,36.0,2023-09-12 21:00:00+00:00,2023-09-13 21:00:00+00:00,2023-09-13 00:00:00+00:00,147.158854947627,146.0241142563147,113.47406913122882,Up,Up,Up,2023-07-31 21:00:00+00:00,1056.0,2023-07-31 21:00:00+00:00,Up,Up,147.22343661921863,147.04399692667778,147.11439200691655,145.90047201773336,common_intersection
RAW|2023-09-14|2023-09-14T15:00:00Z|1,2023-09-14,2023H2,1,LONG,asian_low,LONDON_NY_OVERLAP,2023-09-14 15:00:00+00:00,2023-09-14 15:15:00+00:00,2023-09-14 15:15:00.364000+00:00,2023-09-14 18:15:00+00:00,2023-09-14 18:15:02.922000+00:00,147.386,147.018,147.124,147.155,147.016,147.036,36.7999999999995,0.20000000000095497,1.8000000000000682,147.035,147.041,147.388,147.393,0.6000000000000227,0.49999999999954525,34.70000000000084,347.0000000000084,17640,347.0000000000084,347.0000000000084,348.0000000000132,346.00000000000364,358.0000000000041,348.0000000000132,2023-09-14 13:00:00+00:00,2023-09-14 12:00:00+00:00,147.2891819485809,147.1506453946542,13.853655392671271,Up,Up,Up,2023-09-12 21:00:00+00:00,40.0,2023-09-12 21:00:00+00:00,2023-09-13 21:00:00+00:00,2023-09-13 00:00:00+00:00,147.158854947627,146.0241142563147,113.47406913122882,Up,Up,Up,2023-07-31 21:00:00+00:00,1056.0,2023-07-31 21:00:00+00:00,Up,Up,147.24245472801329,147.04399692667778,147.12844064636323,145.90047201773336,common_intersection
RAW|2023-09-15|2023-09-15T14:30:00Z|-1,2023-09-15,2023H2,-1,SHORT,asian_high,LONDON_NY_OVERLAP,2023-09-15 14:30:00+00:00,2023-09-15 14:45:00+00:00,2023-09-15 14:45:00.309000+00:00,2023-09-15 17:45:00+00:00,2023-09-15 17:45:19.654000+00:00,147.691,147.336,147.714,147.753,147.658,147.672,35.49999999999898,6.19999999999834,1.9000000000005457,147.671,147.675,147.802,147.806,0.40000000000190994,0.40000000000190994,-13.500000000001933,-135.00000000001933,17734,-135.00000000001933,-135.00000000001933,-137.00000000000045,-135.00000000001933,-142.00000000002433,-135.00000000001933,2023-09-15 13:00:00+00:00,2023-09-15 12:00:00+00:00,147.61871412376286,147.3181264073662,30.058771639664883,Up,Up,Up,2023-09-12 21:00:00+00:00,64.0,2023-09-12 21:00:00+00:00,2023-09-14 21:00:00+00:00,2023-09-14 00:00:00+00:00,147.244039248305,146.13874511580954,110.52941324954588,Up,Up,Up,2023-07-31 21:00:00+00:00,1080.0,2023-07-31 21:00:00+00:00,Up,Up,147.490199773268,147.158854947627,147.26405044278937,146.0241142563147,common_intersection
RAW|2023-09-19|2023-09-19T18:15:00Z|-1,2023-09-19,2023H2,-1,SHORT,asian_high,NEW_YORK,2023-09-19 18:15:00+00:00,2023-09-19 18:30:00+00:00,2023-09-19 18:30:00.099000+00:00,2023-09-19 21:30:00+00:00,2023-09-19 21:30:00.170000+00:00,147.892,147.503,147.876,147.92,147.873,147.877,38.900000000001,2.7999999999991587,1.4999999999986358,147.873,147.876,147.853,147.88,0.30000000000143245,2.6999999999986812,-0.7000000000005002,-7.000000000005002,17941,-2.999999999985903,-4.000000000019099,-2.0000000000095497,-0.0,-2.999999999985903,1.999999999981128,2023-09-19 17:00:00+00:00,2023-09-19 16:00:00+00:00,147.7450329155073,147.58438360674467,16.064930876262906,Up,Up,Up,2023-09-12 21:00:00+00:00,164.0,2023-09-12 21:00:00+00:00,2023-09-18 21:00:00+00:00,2023-09-18 00:00:00+00:00,147.4607955348495,146.3786722660212,108.21232688282976,Up,Up,Up,2023-07-31 21:00:00+00:00,1176.0,2023-07-31 21:00:00+00:00,Up,Up,147.71344608171023,147.40831374878928,147.5635473986355,146.27316550654479,common_intersection
RAW|2023-09-20|2023-09-20T07:00:00Z|-1,2023-09-20,2023H2,-1,SHORT,asian_high,LONDON,2023-09-20 07:00:00+00:00,2023-09-20 07:15:00+00:00,2023-09-20 07:15:00.128000+00:00,2023-09-20 10:15:00+00:00,2023-09-20 10:15:00.770000+00:00,147.963,147.704,147.938,148.0,147.905,147.952,25.899999999998613,3.700000000000614,1.099999999999568,147.955,147.958,147.963,147.968,0.2999999999985903,0.49999999999954525,-1.2999999999976808,-12.999999999976808,17992,-14.999999999986358,-9.999999999990905,-15.999999999991132,-6.9999999999765805,-15.999999999991132,2.0000000000095497,2023-09-20 05:00:00+00:00,2023-09-20 04:00:00+00:00,147.78300616454348,147.63303509396877,14.997107057470771,Up,Up,Up,2023-09-12 21:00:00+00:00,176.0,2023-09-12 21:00:00+00:00,2023-09-19 21:00:00+00:00,2023-09-19 00:00:00+00:00,147.56942538203535,146.49565848473952,107.37668972958261,Up,Up,Up,2023-07-31 21:00:00+00:00,1200.0,2023-07-31 21:00:00+00:00,Up,Up,147.76260863036086,147.4607955348495,147.61555988474868,146.3786722660212,common_intersection
RAW|2023-09-20|2023-09-20T13:45:00Z|1,2023-09-20,2023H2,1,LONG,asian_low,LONDON_NY_OVERLAP,2023-09-20 13:45:00+00:00,2023-09-20 14:00:00+00:00,2023-09-20 14:00:00.109000+00:00,2023-09-20 17:00:00+00:00,2023-09-20 17:00:00.127000+00:00,147.963,147.704,147.729,147.741,147.689,147.71,25.899999999998613,1.500000000001478,0.6000000000000227,147.71,147.716,147.539,147.543,0.6000000000000227,0.40000000000190994,-17.700000000002092,-177.00000000002092,18019,-186.00000000000705,-171.99999999999704,-185.00000000000227,-165.99999999999682,-174.0000000000066,-159.9999999999966,2023-09-20 13:00:00+00:00,2023-09-20 12:00:00+00:00,147.86773783905278,147.68483130353516,18.290653551761693,Up,Up,Up,2023-09-12 21:00:00+00:00,184.0,2023-09-12 21:00:00+00:00,2023-09-19 21:00:00+00:00,2023-09-19 00:00:00+00:00,147.56942538203535,146.49565848473952,107.37668972958261,Up,Up,Up,2023-07-31 21:00:00+00:00,1200.0,2023-07-31 21:00:00+00:00,Up,Up,147.87043297467392,147.4607955348495,147.66951228645127,146.3786722660212,common_intersection
RAW|2023-09-21|2023-09-21T08:15:00Z|1,2023-09-21,2023H2,1,LONG,asian_low,LONDON,2023-09-21 08:15:00+00:00,2023-09-21 08:30:00+00:00,2023-09-21 08:30:01.682000+00:00,2023-09-21 11:30:00+00:00,2023-09-21 11:30:00.149000+00:00,148.457,148.189,148.241,148.241,148.153,148.19,26.800000000000068,3.6000000000001364,0.10000000000047748,148.19,148.196,147.921,147.924,0.6000000000000227,0.30000000000143245,-27.50000000000057,-275.0000000000057,18093,-275.0000000000057,-278.99999999999636,-275.0000000000057,-280.00000000000114,-274.0000000000009,-290.9999999999968,2023-09-21 05:00:00+00:00,2023-09-21 04:00:00+00:00,148.14584429379758,147.82499213520023,32.08521585973472,Up,Up,Up,2023-09-12 21:00:00+00:00,200.0,2023-09-12 21:00:00+00:00,2023-09-20 21:00:00+00:00,2023-09-20 00:00:00+00:00,147.78730384431097,146.64256580596034,114.47380383506243,Up,Up,Up,2023-07-31 21:00:00+00:00,1224.0,2023-07-31 21:00:00+00:00,Up,Up,148.0677820113166,147.56942538203535,147.78012188608722,146.49565848473952,common_intersection
RAW|2023-09-27|2023-09-27T11:30:00Z|-1,2023-09-27,2023H2,-1,SHORT,asian_high,LONDON,2023-09-27 11:30:00+00:00,2023-09-27 11:45:00+00:00,2023-09-27 11:45:01.410000+00:00,2023-09-27 14:45:00+00:00,2023-09-27 14:45:00.061000+00:00,149.151,148.86,149.222,149.225,149.125,149.126,29.09999999999968,7.399999999998386,2.5000000000005684,149.126,149.131,149.443,149.448,0.49999999999954525,0.49999999999954525,-32.20000000000027,-322.00000000000273,18487,-322.00000000000273,-319.9999999999932,-322.00000000000273,-319.9999999999932,-335.00000000000796,-323.0000000000075,2023-09-27 09:00:00+00:00,2023-09-27 08:00:00+00:00,148.98686594417325,148.59405332101218,39.281262316106336,Up,Up,Up,2023-09-22 05:00:00+00:00,124.0,2023-09-22 05:00:00+00:00,2023-09-26 21:00:00+00:00,2023-09-26 00:00:00+00:00,148.22853347095884,147.02266829831166,120.58651726471794,Up,Up,Up,2023-07-31 21:00:00+00:00,1368.0,2023-07-31 21:00:00+00:00,Up,Up,148.95681232184256,147.90074685934235,148.55336230544802,146.84655249816484,common_intersection
RAW|2023-09-28|2023-09-28T07:15:00Z|1,2023-09-28,2023H2,1,LONG,asian_low,LONDON,2023-09-28 07:15:00+00:00,2023-09-28 07:30:00+00:00,2023-09-28 07:30:00.074000+00:00,2023-09-28 10:30:00+00:00,2023-09-28 10:30:00.100000+00:00,149.559,149.257,149.275,149.292,149.205,149.269,30.19999999999925,5.19999999999925,1.2000000000000455,149.268,149.274,149.318,149.325,0.6000000000000227,0.699999999997658,4.400000000001114,44.00000000001114,18566,44.00000000001114,49.000000000006594,39.00000000001569,50.00000000001137,46.00000000002069,45.99999999999227,2023-09-28 05:00:00+00:00,2023-09-28 04:00:00+00:00,149.35355971175946,148.88350522739952,47.00544843599346,Up,Up,Up,2023-09-22 05:00:00+00:00,144.0,2023-09-22 05:00:00+00:00,2023-09-27 21:00:00+00:00,2023-09-27 00:00:00+00:00,148.62552390782773,147.2302948344467,139.52290733810173,Up,Up,Up,2023-07-31 21:00:00+00:00,1392.0,2023-07-31 21:00:00+00:00,Up,Up,149.36258359646325,148.22853347095884,148.84459263847774,147.02266829831166,common_intersection
RAW|2023-09-29|2023-09-29T07:45:00Z|1,2023-09-29,2023H2,1,LONG,asian_low,LONDON,2023-09-29 07:45:00+00:00,2023-09-29 08:00:00+00:00,2023-09-29 08:00:00.010000+00:00,2023-09-29 11:00:00+00:00,2023-09-29 11:00:00.097000+00:00,149.5,148.75,148.685,148.791,148.68,148.768,75.0,6.999999999999318,1.8000000000000682,148.768,148.773,149.1,149.103,0.49999999999954525,0.30000000000143245,32.69999999999982,326.9999999999982,18664,324.99999999998863,325.00000000001705,325.9999999999934,325.9999999999934,318.9999999999884,330.0000000000125,2023-09-29 05:00:00+00:00,2023-09-29 04:00:00+00:00,149.3557572992226,149.0703193425766,28.54379566460068,Up,Up,Up,2023-09-22 05:00:00+00:00,168.0,2023-09-22 05:00:00+00:00,2023-09-28 21:00:00+00:00,2023-09-28 00:00:00+00:00,148.81765993416266,147.39571124769097,142.19486864716941,Up,Up,Up,2023-07-31 21:00:00+00:00,1416.0,2023-07-31 21:00:00+00:00,Up,Up,149.35206021891165,148.62552390782773,149.04469493758327,147.2302948344467,common_intersection
RAW|2023-10-02|2023-10-02T13:30:00Z|-1,2023-10-02,2023H2,-1,SHORT,asian_high,LONDON_NY_OVERLAP,2023-10-02 13:30:00+00:00,2023-10-02 13:45:00+00:00,2023-10-02 13:45:00.126000+00:00,2023-10-02 16:45:00+00:00,2023-10-02 16:45:06.283000+00:00,149.821,149.454,149.805,149.825,149.767,149.782,36.69999999999902,0.39999999999906777,3.8999999999987267,149.789,149.805,149.79,149.794,1.6000000000019554,0.40000000000190994,-0.5000000000023874,-5.000000000023874,18783,50.99999999998772,-5.000000000023874,44.999999999987494,-5.000000000023874,52.99999999999727,-9.000000000014552,2023-10-02 13:00:00+00:00,2023-10-02 12:00:00+00:00,149.63382976082067,149.29819566960714,33.563409121353516,Up,Up,Up,2023-09-22 05:00:00+00:00,248.0,2023-09-22 05:00:00+00:00,2023-09-29 21:00:00+00:00,2023-09-29 00:00:00+00:00,148.96518566725905,147.5507743478757,141.44113193833618,Up,Up,Up,2023-07-31 21:00:00+00:00,1440.0,2023-07-31 21:00:00+00:00,Up,Up,149.56576166514895,148.81765993416266,149.2542126843556,147.39571124769097,common_intersection
RAW|2023-10-03|2023-10-03T07:00:00Z|1,2023-10-03,2023H2,1,LONG,asian_low,LONDON,2023-10-03 07:00:00+00:00,2023-10-03 07:15:00+00:00,2023-10-03 07:15:00.114000+00:00,2023-10-03 10:15:00+00:00,2023-10-03 10:15:04.159000+00:00,149.932,149.714,149.74,149.765,149.651,149.736,21.79999999999893,6.299999999998818,2.199999999999136,149.737,149.742,149.886,149.891,0.49999999999954525,0.49999999999954525,14.400000000000546,144.00000000000546,18853,144.9999999999818,144.00000000000546,152.9999999999916,144.00000000000546,152.9999999999916,144.00000000000546,2023-10-03 05:00:00+00:00,2023-10-03 04:00:00+00:00,149.8026162434456,149.45636707424907,34.62491691965397,Up,Up,Up,2023-09-22 05:00:00+00:00,264.0,2023-09-22 05:00:00+00:00,2023-10-02 21:00:00+00:00,2023-10-02 00:00:00+00:00,149.21484690518503,147.73383240004566,148.10145051393704,Up,Up,Up,2023-07-31 21:00:00+00:00,1512.0,2023-07-31 21:00:00+00:00,Up,Up,149.77246274082387,148.96518566725905,149.4197033415751,147.5507743478757,common_intersection
RAW|2023-10-03|2023-10-03T12:15:00Z|-1,2023-10-03,2023H2,-1,SHORT,asian_high,LONDON_NY_OVERLAP,2023-10-03 12:15:00+00:00,2023-10-03 12:30:00+00:00,2023-10-03 12:30:00.171000+00:00,2023-10-03 15:30:00+00:00,2023-10-03 15:30:01.720000+00:00,149.932,149.714,149.952,149.955,149.884,149.929,21.79999999999893,2.3000000000024556,0.2999999999985903,149.929,149.935,149.182,149.187,0.6000000000000227,0.5000000000023874,74.19999999999902,741.9999999999902,18874,741.9999999999902,741.9999999999902,742.999999999995,754.9999999999955,742.999999999995,765.9999999999911,2023-10-03 09:00:00+00:00,2023-10-03 08:00:00+00:00,149.80701160246116,149.48529770830916,32.17138941519977,Up,Up,Up,2023-09-22 05:00:00+00:00,268.0,2023-09-22 05:00:00+00:00,2023-10-02 21:00:00+00:00,2023-10-02 00:00:00+00:00,149.21484690518503,147.73383240004566,148.10145051393704,Up,Up,Up,2023-07-31 21:00:00+00:00,1512.0,2023-07-31 21:00:00+00:00,Up,Up,149.8026162434456,148.96518566725905,149.45636707424907,147.5507743478757,raw_only
RAW|2023-10-04|2023-10-04T09:15:00Z|1,2023-10-04,2023H2,1,LONG,asian_low,LONDON,2023-10-04 09:15:00+00:00,2023-10-04 09:30:00+00:00,2023-10-04 09:30:00.193000+00:00,2023-10-04 12:30:00+00:00,2023-10-04 12:30:00.085000+00:00,149.317,149.081,149.06,149.104,149.031,149.084,23.60000000000184,4.999999999998295,0.30000000000143245,149.087,149.09,148.924,148.931,0.30000000000143245,0.7000000000005002,-16.59999999999968,-165.99999999999682,18958,-164.99999999999204,-165.99999999999682,-163.99999999998727,-171.99999999999704,-144.9999999999818,-186.00000000000705,2023-10-04 09:00:00+00:00,2023-10-04 08:00:00+00:00,149.21688135290955,149.36982774953256,-15.294639662300824,Down,Down,Down,2023-10-03 21:00:00+00:00,12.0,2023-10-03 21:00:00+00:00,2023-10-03 21:00:00+00:00,2023-10-03 00:00:00+00:00,149.14231921798932,147.832005808042,131.03134099473266,Up,Up,Up,2023-07-31 21:00:00+00:00,1536.0,2023-07-31 21:00:00+00:00,Down,Up,149.30883389407336,149.21484690518503,149.40311711905713,147.73383240004566,common_intersection
RAW|2023-10-05|2023-10-05T08:00:00Z|-1,2023-10-05,2023H2,-1,SHORT,asian_high,LONDON,2023-10-05 08:00:00+00:00,2023-10-05 08:15:00+00:00,2023-10-05 08:15:00.144000+00:00,2023-10-05 11:15:00+00:00,2023-10-05 11:15:03.315000+00:00,149.01,148.257,149.056,149.087,148.979,148.991,75.29999999999859,7.699999999999818,1.8999999999977035,148.994,148.997,148.887,148.893,0.30000000000143245,0.6000000000000227,10.099999999999909,100.99999999999909,19049,97.00000000000841,100.99999999999909,97.00000000000841,100.99999999999909,98.00000000001319,98.00000000001319,2023-10-05 05:00:00+00:00,2023-10-05 04:00:00+00:00,148.81317619014948,149.16712802968672,-35.39518395372454,Down,Down,Down,2023-10-03 21:00:00+00:00,32.0,2023-10-03 21:00:00+00:00,2023-10-04 21:00:00+00:00,2023-10-04 00:00:00+00:00,149.13365658427807,147.93440534339862,119.92512408794482,Up,Up,Up,2023-07-31 21:00:00+00:00,1560.0,2023-07-31 21:00:00+00:00,Down,Up,148.91884666620925,149.14231921798932,149.22087829313776,147.832005808042,common_intersection
RAW|2023-10-06|2023-10-06T12:15:00Z|-1,2023-10-06,2023H2,-1,SHORT,asian_high,LONDON_NY_OVERLAP,2023-10-06 12:15:00+00:00,2023-10-06 12:30:00+00:00,2023-10-06 12:30:00.258000+00:00,2023-10-06 15:30:00+00:00,2023-10-06 15:30:00.006000+00:00,148.988,148.463,149.067,149.088,148.979,148.982,52.50000000000057,9.999999999999432,0.6000000000000227,148.98,149.001,149.131,149.136,2.1000000000015007,0.49999999999954525,-15.600000000000591,-156.0000000000059,19162,-163.99999999998727,-156.0000000000059,10.99999999999568,-157.0000000000107,186.00000000000705,-140.00000000001478,2023-10-06 09:00:00+00:00,2023-10-06 08:00:00+00:00,148.75414459701,148.97519961950033,-22.105502249033293,Down,Down,Down,2023-10-03 21:00:00+00:00,60.0,2023-10-03 21:00:00+00:00,2023-10-05 21:00:00+00:00,2023-10-05 00:00:00+00:00,148.95404041734147,147.98005291592673,97.39875014147401,Up,Up,Up,2023-07-31 21:00:00+00:00,1584.0,2023-07-31 21:00:00+00:00,Down,Up,148.69260243581402,149.13365658427807,148.98104306467425,147.93440534339862,common_intersection
RAW|2023-10-10|2023-10-10T08:15:00Z|-1,2023-10-10,2023H2,-1,SHORT,asian_high,LONDON,2023-10-10 08:15:00+00:00,2023-10-10 08:30:00+00:00,2023-10-10 08:30:00.016000+00:00,2023-10-10 11:30:00+00:00,2023-10-10 11:30:00.088000+00:00,148.929,148.161,148.957,149.009,148.889,148.893,76.80000000000007,7.999999999998408,3.6000000000001364,148.892,148.896,149.06,149.063,0.39999999999906777,0.2999999999985903,-17.099999999999227,-170.99999999999227,19338,-170.99999999999227,-176.00000000001614,-169.9999999999875,-179.00000000000205,-179.9999999999784,-176.00000000001614,2023-10-10 05:00:00+00:00,2023-10-10 04:00:00+00:00,148.7535659379806,148.94346787959287,-18.99019416122769,Down,Down,Down,2023-10-09 17:00:00+00:00,12.0,2023-10-09 17:00:00+00:00,2023-10-09 21:00:00+00:00,2023-10-09 00:00:00+00:00,148.88610225374566,148.1158015880404,77.0300665705264,Up,Up,Up,2023-07-31 21:00:00+00:00,1680.0,2023-07-31 21:00:00+00:00,Down,Up,148.7593923131728,149.0437431552439,148.96124769520964,148.0830886826526,common_intersection
RAW|2023-10-11|2023-10-11T12:30:00Z|-1,2023-10-11,2023H2,-1,SHORT,asian_high,LONDON_NY_OVERLAP,2023-10-11 12:30:00+00:00,2023-10-11 12:45:00+00:00,2023-10-11 12:45:00.120000+00:00,2023-10-11 15:45:00+00:00,2023-10-11 15:45:01.075000+00:00,148.967,148.422,148.881,149.079,148.876,148.93,54.50000000000159,11.199999999999477,3.700000000000614,148.93,148.936,148.993,148.997,0.6000000000000227,0.40000000000190994,-6.700000000000728,-67.00000000000728,19451,-65.00000000002615,-67.00000000000728,-53.00000000002569,-68.9999999999884,-44.00000000001114,-67.00000000000728,2023-10-11 09:00:00+00:00,2023-10-11 08:00:00+00:00,148.71726018059132,148.8467315160068,-12.947133541547373,Down,Down,Down,2023-10-09 17:00:00+00:00,40.0,2023-10-09 17:00:00+00:00,2023-10-10 21:00:00+00:00,2023-10-10 00:00:00+00:00,148.8329301812469,148.16253746099716,67.03927202497368,Up,Up,Up,2023-07-31 21:00:00+00:00,1704.0,2023-07-31 21:00:00+00:00,Down,Up,148.73856425282787,148.88610225374566,148.86262121305086,148.1158015880404,common_intersection
RAW|2023-10-13|2023-10-13T10:00:00Z|1,2023-10-13,2023H2,1,LONG,asian_low,LONDON,2023-10-13 10:00:00+00:00,2023-10-13 10:15:00+00:00,2023-10-13 10:15:00.532000+00:00,2023-10-13 13:15:00+00:00,2023-10-13 13:15:00.351000+00:00,149.827,149.571,149.642,149.642,149.562,149.614,25.600000000000023,0.899999999998613,4.300000000000637,149.614,149.617,149.543,149.549,0.2999999999985903,0.6000000000000227,-7.399999999998386,-73.99999999998386,19633,-74.99999999998863,-73.99999999998386,-74.99999999998863,-76.99999999999818,-64.99999999999773,-73.99999999998386,2023-10-13 09:00:00+00:00,2023-10-13 08:00:00+00:00,149.60975835189976,149.23549320867843,37.42651432213222,Up,Up,Up,2023-10-11 17:00:00+00:00,40.0,2023-10-11 17:00:00+00:00,2023-10-12 21:00:00+00:00,2023-10-12 00:00:00+00:00,149.1734949904321,148.366118906988,80.73760834440975,Up,Up,Up,2023-07-31 21:00:00+00:00,1752.0,2023-07-31 21:00:00+00:00,Up,Up,149.57326169265966,148.92409298660493,149.19501435725917,148.2416944641174,common_intersection
RAW|2023-10-16|2023-10-16T07:00:00Z|-1,2023-10-16,2023H2,-1,SHORT,asian_high,LONDON,2023-10-16 07:00:00+00:00,2023-10-16 07:15:00+00:00,2023-10-16 07:15:00.089000+00:00,2023-10-16 10:15:00+00:00,2023-10-16 10:15:00.292000+00:00,149.584,149.373,149.572,149.612,149.556,149.561,21.100000000001273,2.7999999999991587,2.2999999999996135,149.562,149.566,149.518,149.523,0.39999999999906777,0.49999999999954525,3.900000000001569,39.00000000001569,19717,38.000000000010914,32.00000000001069,39.00000000001569,36.000000000001364,45.000000000015916,33.00000000001546,2023-10-16 05:00:00+00:00,2023-10-16 04:00:00+00:00,149.51085802639892,149.32654767321347,18.43103531854524,Up,Up,Up,2023-10-11 17:00:00+00:00,108.0,2023-10-11 17:00:00+00:00,2023-10-13 21:00:00+00:00,2023-10-13 00:00:00+00:00,149.2684964217372,148.45730939442896,81.11870273082502,Up,Up,Up,2023-07-31 21:00:00+00:00,1776.0,2023-07-31 21:00:00+00:00,Up,Up,149.5420012369585,149.1734949904321,149.31729094914505,148.366118906988,common_intersection
RAW|2023-10-17|2023-10-17T10:00:00Z|-1,2023-10-17,2023H2,-1,SHORT,asian_high,LONDON,2023-10-17 10:00:00+00:00,2023-10-17 10:15:00+00:00,2023-10-17 10:15:00.068000+00:00,2023-10-17 13:15:00+00:00,2023-10-17 13:15:00.201000+00:00,149.656,149.477,149.681,149.748,148.739,149.452,17.900000000000205,9.199999999998454,20.400000000000773,149.451,149.46,149.724,149.731,0.9000000000014552,0.7000000000005002,-28.000000000000114,-280.00000000000114,19825,-289.99999999999204,-278.00000000002,-281.99999999998226,-278.99999999999636,-293.9999999999827,-274.0000000000009,2023-10-17 09:00:00+00:00,2023-10-17 08:00:00+00:00,149.56156513905458,149.421655751949,13.990938710557543,Up,Up,Up,2023-10-11 17:00:00+00:00,136.0,2023-10-11 17:00:00+00:00,2023-10-16 21:00:00+00:00,2023-10-16 00:00:00+00:00,149.33378315838374,148.54048464287465,79.32985155090932,Up,Up,Up,2023-07-31 21:00:00+00:00,1848.0,2023-07-31 21:00:00+00:00,Up,Up,149.51939119467642,149.2684964217372,149.4003214695098,148.45730939442896,common_intersection
RAW|2023-10-18|2023-10-18T14:45:00Z|-1,2023-10-18,2023H2,-1,SHORT,asian_high,LONDON_NY_OVERLAP,2023-10-18 14:45:00+00:00,2023-10-18 15:00:00+00:00,2023-10-18 15:00:00.312000+00:00,2023-10-18 18:00:00+00:00,2023-10-18 18:00:00.981000+00:00,149.792,149.481,149.836,149.885,149.751,149.782,31.100000000000705,9.299999999998931,0.9999999999990905,149.783,149.787,149.779,149.783,0.40000000000190994,0.39999999999906777,-0.0,-0.0,19940,-0.9999999999763531,6.000000000000227,2.0000000000095497,6.000000000000227,5.000000000023874,-3.0000000000143245,2023-10-18 13:00:00+00:00,2023-10-18 12:00:00+00:00,149.72704973084421,149.56674045144956,16.0309279394653,Up,Up,Up,2023-10-11 17:00:00+00:00,164.0,2023-10-11 17:00:00+00:00,2023-10-17 21:00:00+00:00,2023-10-17 00:00:00+00:00,149.46327368455982,148.64020587144466,82.30678131151592,Up,Up,Up,2023-07-31 21:00:00+00:00,1872.0,2023-07-31 21:00:00+00:00,Up,Up,149.7238696231819,149.33378315838374,149.5521091863582,148.54048464287465,common_intersection
RAW|2023-10-19|2023-10-19T08:15:00Z|-1,2023-10-19,2023H2,-1,SHORT,asian_high,LONDON,2023-10-19 08:15:00+00:00,2023-10-19 08:30:00+00:00,2023-10-19 08:30:07.914000+00:00,2023-10-19 11:30:00+00:00,2023-10-19 11:30:04.443000+00:00,149.84,149.663,149.796,149.846,149.788,149.833,17.69999999999925,0.6000000000000227,0.7000000000005002,149.835,149.837,149.819,149.824,0.1999999999981128,0.5000000000023874,1.099999999999568,10.99999999999568,20010,10.99999999999568,10.99999999999568,10.99999999999568,13.00000000000523,8.99999999998613,12.000000000000455,2023-10-19 05:00:00+00:00,2023-10-19 04:00:00+00:00,149.79168349928267,149.63876166828572,15.292183099694512,Up,Up,Up,2023-10-11 17:00:00+00:00,180.0,2023-10-11 17:00:00+00:00,2023-10-18 21:00:00+00:00,2023-10-18 00:00:00+00:00,149.59176691754274,148.7420294017291,84.97375158136435,Up,Up,Up,2023-07-31 21:00:00+00:00,1896.0,2023-07-31 21:00:00+00:00,Up,Up,149.78595689899572,149.46327368455982,149.6242192046584,148.64020587144466,common_intersection
RAW|2023-10-20|2023-10-20T08:30:00Z|-1,2023-10-20,2023H2,-1,SHORT,asian_high,LONDON,2023-10-20 08:30:00+00:00,2023-10-20 08:45:00+00:00,2023-10-20 08:45:00.194000+00:00,2023-10-20 11:45:00+00:00,2023-10-20 11:45:00.508000+00:00,149.952,149.791,149.895,149.968,149.889,149.946,16.100000000000136,1.5999999999991132,0.6000000000000227,149.946,149.954,149.937,149.941,0.8000000000009777,0.39999999999906777,0.49999999999954525,4.9999999999954525,20107,8.99999999998613,2.999999999985903,8.99999999998613,3.9999999999906777,8.000000000009777,4.9999999999954525,2023-10-20 05:00:00+00:00,2023-10-20 04:00:00+00:00,149.8176108651692,149.70728949442895,11.032137074025172,Up,Up,Up,2023-10-11 17:00:00+00:00,204.0,2023-10-11 17:00:00+00:00,2023-10-19 21:00:00+00:00,2023-10-19 00:00:00+00:00,149.64297636967336,148.82434704959078,81.86293200825787,Up,Up,Up,2023-07-31 21:00:00+00:00,1920.0,2023-07-31 21:00:00+00:00,Up,Up,149.80105521123687,149.59176691754274,149.6940972765532,148.7420294017291,raw_only
RAW|2023-10-20|2023-10-20T17:15:00Z|1,2023-10-20,2023H2,1,LONG,asian_low,NEW_YORK,2023-10-20 17:15:00+00:00,2023-10-20 17:30:00+00:00,2023-10-20 17:30:09.608000+00:00,2023-10-20 20:30:00+00:00,2023-10-20 20:30:00.028000+00:00,149.952,149.791,149.779,149.874,149.778,149.838,16.100000000000136,1.300000000000523,4.699999999999704,149.838,149.844,149.849,149.859,0.6000000000000227,1.0000000000019327,0.49999999999954525,4.9999999999954525,20142,4.9999999999954525,6.000000000000227,4.9999999999954525,8.000000000009777,4.9999999999954525,4.9999999999954525,2023-10-20 17:00:00+00:00,2023-10-20 16:00:00+00:00,149.87560162724827,149.7538315058379,12.177012141037835,Up,Up,Up,2023-10-11 17:00:00+00:00,216.0,2023-10-11 17:00:00+00:00,2023-10-19 21:00:00+00:00,2023-10-19 00:00:00+00:00,149.64297636967336,148.82434704959078,81.86293200825787,Up,Up,Up,2023-07-31 21:00:00+00:00,1920.0,2023-07-31 21:00:00+00:00,Up,Up,149.88584227814758,149.59176691754274,149.74546902808467,148.7420294017291,common_intersection
RAW|2023-10-23|2023-10-23T11:00:00Z|-1,2023-10-23,2023H2,-1,SHORT,asian_high,LONDON,2023-10-23 11:00:00+00:00,2023-10-23 11:15:00+00:00,2023-10-23 11:15:00.241000+00:00,2023-10-23 14:15:00+00:00,2023-10-23 14:15:03.317000+00:00,149.961,149.778,149.97,149.973,149.945,149.947,18.300000000002115,1.2000000000000455,1.4000000000010004,149.948,149.951,149.904,149.907,0.2999999999985903,0.30000000000143245,4.099999999999682,40.99999999999682,20213,40.99999999999682,40.99999999999682,40.99999999999682,46.999999999997044,43.99999999998272,34.99999999999659,2023-10-23 09:00:00+00:00,2023-10-23 08:00:00+00:00,149.89563057768854,149.7920889969285,10.354158076003728,Up,Up,Up,2023-10-11 17:00:00+00:00,280.0,2023-10-11 17:00:00+00:00,2023-10-20 21:00:00+00:00,2023-10-20 00:00:00+00:00,149.68869740690954,148.90263928562354,78.6058121286004,Up,Up,Up,2023-07-31 21:00:00+00:00,1944.0,2023-07-31 21:00:00+00:00,Up,Up,149.87868280876395,149.64297636967336,149.77940108361793,148.82434704959078,common_intersection
RAW|2023-10-23|2023-10-23T15:45:00Z|1,2023-10-23,2023H2,1,LONG,asian_low,LONDON_NY_OVERLAP,2023-10-23 15:45:00+00:00,2023-10-23 16:00:00+00:00,2023-10-23 16:00:00.221000+00:00,2023-10-23 19:00:00+00:00,2023-10-23 19:00:00.039000+00:00,149.961,149.778,149.777,149.815,149.735,149.79,18.300000000002115,4.2999999999977945,1.2000000000000455,149.789,149.796,149.56,149.564,0.7000000000005002,0.39999999999906777,-23.599999999999,-235.99999999999,20232,-234.00000000000887,-234.99999999998522,-236.99999999999477,-233.99999999998045,-234.99999999998522,-235.99999999999,2023-10-23 13:00:00+00:00,2023-10-23 12:00:00+00:00,149.9080218412061,149.80384187717425,10.417996403185725,Up,Up,Up,2023-10-11 17:00:00+00:00,284.0,2023-10-11 17:00:00+00:00,2023-10-20 21:00:00+00:00,2023-10-20 00:00:00+00:00,149.68869740690954,148.90263928562354,78.6058121286004,Up,Up,Up,2023-07-31 21:00:00+00:00,1944.0,2023-07-31 21:00:00+00:00,Up,Up,149.89563057768854,149.64297636967336,149.7920889969285,148.82434704959078,common_intersection
RAW|2023-10-24|2023-10-24T07:15:00Z|1,2023-10-24,2023H2,1,LONG,asian_low,LONDON,2023-10-24 07:15:00+00:00,2023-10-24 07:30:00+00:00,2023-10-24 07:30:00.094000+00:00,2023-10-24 10:30:00+00:00,2023-10-24 10:30:00.063000+00:00,149.787,149.401,149.389,149.446,149.38,149.419,38.59999999999957,2.1000000000015007,1.8000000000000682,149.419,149.428,149.733,149.739,0.899999999998613,0.6000000000000227,30.500000000000682,305.0000000000068,20294,283.00000000001546,304.00000000000205,283.00000000001546,307.9999999999927,282.0000000000107,313.0000000000166,2023-10-24 05:00:00+00:00,2023-10-24 04:00:00+00:00,149.7316283426713,149.7666738297608,-3.5045487089490734,Down,Down,Down,2023-10-24 01:00:00+00:00,4.0,2023-10-24 01:00:00+00:00,2023-10-23 21:00:00+00:00,2023-10-23 00:00:00+00:00,149.6899267192211,148.96586814277364,72.40585764474474,Up,Up,Up,2023-07-31 21:00:00+00:00,2016.0,2023-07-31 21:00:00+00:00,Transition,Up,149.76387967973983,149.68869740690954,149.77673242365304,148.90263928562354,common_intersection
RAW|2023-10-24|2023-10-24T11:15:00Z|-1,2023-10-24,2023H2,-1,SHORT,asian_high,LONDON,2023-10-24 11:15:00+00:00,2023-10-24 11:30:00+00:00,2023-10-24 11:30:05.976000+00:00,2023-10-24 14:30:00+00:00,2023-10-24 14:30:00.911000+00:00,149.787,149.401,149.828,149.83,149.763,149.764,38.59999999999957,4.300000000000637,2.2999999999996135,149.773,149.775,149.818,149.822,0.20000000000095497,0.39999999999906777,-4.900000000000659,-49.000000000006594,20310,-49.000000000006594,-51.00000000001614,-49.000000000006594,-54.000000000002046,-51.9999999999925,-63.99999999999295,2023-10-24 09:00:00+00:00,2023-10-24 08:00:00+00:00,149.67030595905095,149.74669992337994,-7.639396432898593,Down,Down,Down,2023-10-24 01:00:00+00:00,8.0,2023-10-24 01:00:00+00:00,2023-10-23 21:00:00+00:00,2023-10-23 00:00:00+00:00,149.6899267192211,148.96586814277364,72.40585764474474,Up,Up,Up,2023-07-31 21:00:00+00:00,2016.0,2023-07-31 21:00:00+00:00,Down,Up,149.7316283426713,149.68869740690954,149.7666738297608,148.90263928562354,common_intersection
RAW|2023-10-25|2023-10-25T10:15:00Z|-1,2023-10-25,2023H2,-1,SHORT,asian_high,LONDON,2023-10-25 10:15:00+00:00,2023-10-25 10:30:00+00:00,2023-10-25 10:30:01.641000+00:00,2023-10-25 13:30:00+00:00,2023-10-25 13:30:00.037000+00:00,149.925,149.793,149.929,149.934,149.902,149.911,13.2000000000005,0.899999999998613,1.4000000000010004,149.911,149.916,149.921,149.927,0.49999999999954525,0.6000000000000227,-1.5999999999991132,-15.999999999991132,20402,-15.999999999991132,-15.999999999991132,-15.999999999991132,-16.999999999995907,-16.999999999995907,-14.999999999986358,2023-10-25 09:00:00+00:00,2023-10-25 08:00:00+00:00,149.84419402298505,149.7908452224278,5.334880055724511,Up,Up,Up,2023-10-24 21:00:00+00:00,12.0,2023-10-24 21:00:00+00:00,2023-10-24 21:00:00+00:00,2023-10-24 00:00:00+00:00,149.74737622801507,149.03987869135176,70.74975366633112,Up,Up,Up,2023-07-31 21:00:00+00:00,2040.0,2023-07-31 21:00:00+00:00,Up,Up,149.81867163217908,149.6899267192211,149.780657850465,148.96586814277364,common_intersection
RAW|2023-10-27|2023-10-27T08:15:00Z|1,2023-10-27,2023H2,1,LONG,asian_low,LONDON,2023-10-27 08:15:00+00:00,2023-10-27 08:30:00+00:00,2023-10-27 08:30:00.005000+00:00,2023-10-27 11:30:00+00:00,2023-10-27 11:30:03.434000+00:00,150.411,150.078,150.143,150.147,150.067,150.081,33.29999999999984,1.099999999999568,0.2999999999985903,150.082,150.087,150.139,150.141,0.49999999999954525,0.1999999999981128,5.200000000002092,52.00000000002092,20586,51.00000000001614,52.00000000002092,52.00000000002092,51.00000000001614,42.00000000000159,50.00000000001137,2023-10-27 05:00:00+00:00,2023-10-27 04:00:00+00:00,150.2757025243787,150.07341731138501,20.22852129936723,Up,Up,Up,2023-10-24 21:00:00+00:00,56.0,2023-10-24 21:00:00+00:00,2023-10-26 21:00:00+00:00,2023-10-26 00:00:00+00:00,150.0114368510281,149.22991972436014,78.15171266679499,Up,Up,Up,2023-07-31 21:00:00+00:00,2088.0,2023-07-31 21:00:00+00:00,Up,Up,150.31758353413016,149.87641159143934,150.0649318602011,149.13260839604362,common_intersection
RAW|2023-10-30|2023-10-30T07:00:00Z|1,2023-10-30,2023H2,1,LONG,asian_low,LONDON,2023-10-30 07:00:00+00:00,2023-10-30 07:15:00+00:00,2023-10-30 07:15:00.068000+00:00,2023-10-30 10:15:00+00:00,2023-10-30 10:15:02.096000+00:00,149.812,149.413,149.443,149.444,149.28,149.426,39.90000000000009,13.300000000000978,1.2999999999976808,149.425,149.431,149.673,149.677,0.6000000000000227,0.39999999999906777,24.199999999999022,241.99999999999022,20677,246.00000000000932,241.99999999999022,253.00000000001432,239.99999999998067,263.00000000000523,237.99999999999955,2023-10-30 05:00:00+00:00,2023-10-30 04:00:00+00:00,149.766714548729,149.94081706037605,-17.41025116470496,Down,Down,Down,2023-10-27 17:00:00+00:00,60.0,2023-10-27 17:00:00+00:00,2023-10-27 21:00:00+00:00,2023-10-27 00:00:00+00:00,149.89359775073433,149.25944614641134,63.415160432299444,Up,Up,Up,2023-07-31 21:00:00+00:00,2112.0,2023-07-31 21:00:00+00:00,Down,Up,149.8506003682206,150.0114368510281,149.97419245693047,149.22991972436014,raw_only
RAW|2023-10-30|2023-10-30T12:45:00Z|-1,2023-10-30,2023H2,-1,SHORT,asian_high,LONDON_NY_OVERLAP,2023-10-30 12:45:00+00:00,2023-10-30 13:00:00+00:00,2023-10-30 13:00:00.415000+00:00,2023-10-30 16:00:00+00:00,2023-10-30 16:00:00.099000+00:00,149.812,149.413,149.821,149.835,149.747,149.762,39.90000000000009,2.2999999999996135,5.000000000001137,149.76,149.767,149.008,149.012,0.7000000000005002,0.39999999999906777,74.79999999999905,747.9999999999905,20700,740.9999999999854,747.9999999999905,735.99999999999,756.0000000000002,717.9999999999893,753.9999999999907,2023-10-30 13:00:00+00:00,2023-10-30 12:00:00+00:00,149.72705844322908,149.8998819599023,-17.282351667321905,Down,Down,Down,2023-10-27 17:00:00+00:00,68.0,2023-10-27 17:00:00+00:00,2023-10-27 21:00:00+00:00,2023-10-27 00:00:00+00:00,149.89359775073433,149.25944614641134,63.415160432299444,Up,Up,Up,2023-07-31 21:00:00+00:00,2112.0,2023-07-31 21:00:00+00:00,Down,Up,149.7130818205207,150.0114368510281,149.91187169554595,149.22991972436014,raw_only
RAW|2023-11-01|2023-11-01T10:45:00Z|1,2023-11-01,2023H2,1,LONG,asian_low,LONDON,2023-11-01 10:45:00+00:00,2023-11-01 11:00:00+00:00,2023-11-01 11:00:00.763000+00:00,2023-11-01 14:00:00+00:00,2023-11-01 14:00:00.012000+00:00,151.443,151.143,151.163,151.199,151.138,151.197,30.000000000001137,0.49999999999954525,5.400000000000205,151.197,151.201,151.261,151.283,0.39999999999906777,2.199999999999136,6.000000000000227,60.000000000002274,20884,58.9999999999975,-102.99999999998022,60.000000000002274,-105.99999999999454,61.9999999999834,-100.99999999999909,2023-11-01 09:00:00+00:00,2023-11-01 08:00:00+00:00,151.13646084625896,150.4245134533522,71.1947392906751,Up,Up,Up,2023-10-31 09:00:00+00:00,24.0,2023-10-31 09:00:00+00:00,2023-10-31 21:00:00+00:00,2023-10-31 00:00:00+00:00,150.20399885241548,149.4298480183226,77.41508340928931,Up,Up,Up,2023-07-31 21:00:00+00:00,2208.0,2023-07-31 21:00:00+00:00,Up,Up,151.10344518476256,149.65199839338166,150.35542766668718,149.24253045469845,raw_only
RAW|2023-11-02|2023-11-02T13:30:00Z|1,2023-11-02,2023H2,1,LONG,asian_low,LONDON_NY_OVERLAP,2023-11-02 13:30:00+00:00,2023-11-02 13:45:00+00:00,2023-11-02 13:45:00.099000+00:00,2023-11-02 16:45:00+00:00,2023-11-02 16:45:00.401000+00:00,150.59,150.148,150.129,150.242,150.1,150.206,44.20000000000073,4.800000000000182,5.799999999999272,150.206,150.211,150.461,150.468,0.5000000000023874,0.699999999997658,25.0,250.0,20991,243.99999999999977,253.99999999999068,236.00000000001842,256.0000000000002,224.00000000001796,256.9999999999766,2023-11-02 13:00:00+00:00,2023-11-02 12:00:00+00:00,150.4557209807065,150.48324940676787,-2.7528426061365963,Down,Up,Transition,2023-11-02 13:00:00+00:00,0.0,2023-11-02 13:00:00+00:00,2023-11-01 21:00:00+00:00,2023-11-01 00:00:00+00:00,150.41342775172535,149.5504201768568,86.30075748685613,Up,Up,Up,2023-07-31 21:00:00+00:00,2232.0,2023-07-31 21:00:00+00:00,Up,Up,150.6440093729891,150.20399885241548,150.526575442139,149.4298480183226,raw_only
RAW|2023-11-03|2023-11-03T07:15:00Z|1,2023-11-03,2023H2,1,LONG,asian_low,LONDON,2023-11-03 07:15:00+00:00,2023-11-03 07:30:00+00:00,2023-11-03 07:30:00.106000+00:00,2023-11-03 10:30:00+00:00,2023-11-03 10:30:07.806000+00:00,150.497,150.245,150.281,150.281,150.235,150.263,25.200000000000955,0.9999999999990905,1.8000000000000682,150.262,150.267,150.278,150.284,0.49999999999954525,0.6000000000000227,1.099999999999568,10.99999999999568,21062,13.999999999981583,10.99999999999568,13.999999999981583,10.99999999999568,21.99999999999136,14.000000000010004,2023-11-03 05:00:00+00:00,2023-11-03 04:00:00+00:00,150.39144007202898,150.4571053241327,-6.56652521037131,Down,Down,Down,2023-11-02 13:00:00+00:00,16.0,2023-11-02 13:00:00+00:00,2023-11-02 21:00:00+00:00,2023-11-02 00:00:00+00:00,150.40673410837525,149.61758656270825,78.91475456669923,Up,Up,Up,2023-07-31 21:00:00+00:00,2256.0,2023-07-31 21:00:00+00:00,Down,Up,150.43521610084056,150.41342775172535,150.47233187405726,149.5504201768568,raw_only
RAW|2023-11-06|2023-11-06T08:00:00Z|-1,2023-11-06,2023H2,-1,SHORT,asian_high,LONDON,2023-11-06 08:00:00+00:00,2023-11-06 08:15:00+00:00,2023-11-06 08:15:00.098000+00:00,2023-11-06 11:15:00+00:00,2023-11-06 11:15:00.652000+00:00,149.674,149.437,149.73,149.73,149.568,149.569,23.699999999999477,5.599999999998317,10.500000000001819,149.571,149.576,149.619,149.624,0.49999999999954525,0.49999999999954525,-5.299999999999727,-52.99999999999727,21157,-52.99999999999727,-52.99999999999727,-50.99999999998772,-45.000000000015916,-49.99999999998295,-45.000000000015916,2023-11-06 06:00:00+00:00,2023-11-06 04:00:00+00:00,149.6338565489333,150.10521019176807,-47.13536428347709,Down,Down,Down,2023-11-02 13:00:00+00:00,89.0,2023-11-02 13:00:00+00:00,2023-11-03 21:00:00+00:00,2023-11-03 00:00:00+00:00,150.09566722026804,149.5936196376916,50.20475825764379,Up,Up,Up,2023-07-31 21:00:00+00:00,2280.0,2023-07-31 21:00:00+00:00,Down,Up,149.6705991685066,150.40673410837525,150.15418499105223,149.61758656270825,common_intersection
RAW|2023-11-07|2023-11-07T08:15:00Z|-1,2023-11-07,2023H2,-1,SHORT,asian_high,LONDON,2023-11-07 08:15:00+00:00,2023-11-07 08:30:00+00:00,2023-11-07 08:30:00.010000+00:00,2023-11-07 11:30:00+00:00,2023-11-07 11:30:00.106000+00:00,150.399,149.96,150.47,150.493,150.391,150.392,43.899999999999295,9.399999999999409,0.7000000000005002,150.392,150.397,150.414,150.419,0.49999999999954525,0.5000000000023874,-2.7000000000015234,-27.000000000015234,21254,-26.00000000001046,-27.000000000015234,-26.00000000001046,-25.000000000005684,-26.00000000001046,-21.000000000015007,2023-11-07 06:00:00+00:00,2023-11-07 04:00:00+00:00,150.0122252001894,150.05958291218536,-4.7357711995971385,Down,Down,Down,2023-11-02 13:00:00+00:00,113.0,2023-11-02 13:00:00+00:00,2023-11-06 22:00:00+00:00,2023-11-06 00:00:00+00:00,150.0846194430486,149.63069006667627,45.392937637234354,Up,Up,Up,2023-07-31 21:00:00+00:00,2353.0,2023-07-31 21:00:00+00:00,Down,Up,149.90271528026517,150.09566722026804,150.03989446976666,149.5936196376916,common_intersection
RAW|2023-11-08|2023-11-08T07:30:00Z|-1,2023-11-08,2023H2,-1,SHORT,asian_high,LONDON,2023-11-08 07:30:00+00:00,2023-11-08 07:45:00+00:00,2023-11-08 07:45:00.226000+00:00,2023-11-08 10:45:00+00:00,2023-11-08 10:45:08.251000+00:00,150.708,150.349,150.732,150.756,150.651,150.675,35.90000000000089,4.800000000000182,3.299999999998704,150.676,150.682,150.772,150.774,0.6000000000000227,0.20000000000095497,-9.800000000001319,-98.00000000001319,21347,-100.99999999999909,-98.00000000001319,-103.00000000000864,-98.00000000001319,-103.00000000000864,-97.00000000000841,2023-11-08 06:00:00+00:00,2023-11-08 04:00:00+00:00,150.46394681427773,150.23823970475453,22.570710952319928,Up,Up,Up,2023-11-07 10:00:00+00:00,20.0,2023-11-07 10:00:00+00:00,2023-11-07 22:00:00+00:00,2023-11-07 00:00:00+00:00,150.147871030749,149.68471486134217,46.31561694068296,Up,Up,Up,2023-07-31 21:00:00+00:00,2377.0,2023-07-31 21:00:00+00:00,Up,Up,150.39352553998881,150.0846194430486,150.2033040269071,149.63069006667627,common_intersection
RAW|2023-11-09|2023-11-09T10:00:00Z|-1,2023-11-09,2023H2,-1,SHORT,asian_high,LONDON,2023-11-09 10:00:00+00:00,2023-11-09 10:15:00+00:00,2023-11-09 10:15:00.527000+00:00,2023-11-09 13:15:00+00:00,2023-11-09 13:15:00.085000+00:00,151.09,150.768,151.035,151.097,151.016,151.085,32.20000000000027,0.7000000000005002,0.49999999999954525,151.084,151.09,151.158,151.163,0.6000000000000227,0.5000000000023874,-7.900000000000773,-79.00000000000773,21453,-78.00000000000296,-78.00000000000296,-79.00000000000773,-76.99999999999818,-78.00000000000296,-76.99999999999818,2023-11-09 10:00:00+00:00,2023-11-09 08:00:00+00:00,150.92305026557864,150.54732378642683,37.57264791518082,Up,Up,Up,2023-11-07 10:00:00+00:00,48.0,2023-11-07 10:00:00+00:00,2023-11-08 22:00:00+00:00,2023-11-08 00:00:00+00:00,150.37819359339215,149.7862576724348,59.193592095735426,Up,Up,Up,2023-07-31 21:00:00+00:00,2401.0,2023-07-31 21:00:00+00:00,Up,Up,150.87827037181012,150.147871030749,150.5049171591596,149.68471486134217,common_intersection
RAW|2023-11-10|2023-11-10T07:30:00Z|-1,2023-11-10,2023H2,-1,SHORT,asian_high,LONDON,2023-11-10 07:30:00+00:00,2023-11-10 07:45:00+00:00,2023-11-10 07:45:00.407000+00:00,2023-11-10 10:45:00+00:00,2023-11-10 10:45:00.378000+00:00,151.404,151.22,151.42,151.451,151.357,151.357,18.39999999999975,4.699999999999704,4.699999999999704,151.359,151.364,151.454,151.459,0.49999999999954525,0.49999999999954525,-9.999999999999432,-99.99999999999432,21539,-100.99999999999909,-98.99999999998954,-108.00000000000409,-104.99999999998977,-115.0000000000091,-105.99999999999454,2023-11-10 06:00:00+00:00,2023-11-10 04:00:00+00:00,151.20064628309237,150.77621705518098,42.442922791138926,Up,Up,Up,2023-11-07 10:00:00+00:00,68.0,2023-11-07 10:00:00+00:00,2023-11-09 22:00:00+00:00,2023-11-09 00:00:00+00:00,150.65156685242297,149.91015705864,74.14097937829638,Up,Up,Up,2023-07-31 21:00:00+00:00,2425.0,2023-07-31 21:00:00+00:00,Up,Up,151.1249047963293,150.37819359339215,150.7228446251967,149.7862576724348,common_intersection
RAW|2023-11-13|2023-11-13T09:00:00Z|-1,2023-11-13,2023H2,-1,SHORT,asian_high,LONDON,2023-11-13 09:00:00+00:00,2023-11-13 09:15:00+00:00,2023-11-13 09:15:00.094000+00:00,2023-11-13 12:15:00+00:00,2023-11-13 12:15:00.923000+00:00,151.799,151.443,151.806,151.814,151.758,151.793,35.599999999999454,1.4999999999986358,0.6000000000000227,151.793,151.797,151.776,151.778,0.39999999999906777,0.1999999999981128,1.500000000001478,15.00000000001478,21641,15.00000000001478,10.000000000019327,15.00000000001478,10.99999999999568,16.999999999995907,10.99999999999568,2023-11-13 06:00:00+00:00,2023-11-13 04:00:00+00:00,151.53965320719527,151.0782931051589,46.1360102036366,Up,Up,Up,2023-11-07 10:00:00+00:00,140.0,2023-11-07 10:00:00+00:00,2023-11-10 22:00:00+00:00,2023-11-10 00:00:00+00:00,150.88597632315927,150.0351044939488,85.08718292104618,Up,Up,Up,2023-07-31 21:00:00+00:00,2449.0,2023-07-31 21:00:00+00:00,Up,Up,151.4463144900734,150.65156685242297,151.01788380995532,149.91015705864,raw_only
RAW|2023-11-14|2023-11-14T07:45:00Z|1,2023-11-14,2023H2,1,LONG,asian_low,LONDON,2023-11-14 07:45:00+00:00,2023-11-14 08:00:00+00:00,2023-11-14 08:00:00.967000+00:00,2023-11-14 11:00:00+00:00,2023-11-14 11:00:01.871000+00:00,151.782,151.613,151.592,151.632,151.572,151.63,16.900000000001114,4.099999999999682,1.6999999999995907,151.631,151.635,151.711,151.716,0.39999999999906777,0.49999999999954525,7.600000000002183,76.00000000002183,21732,78.00000000000296,76.00000000002183,75.00000000001705,74.00000000001228,73.0000000000075,70.0000000000216,2023-11-14 06:00:00+00:00,2023-11-14 04:00:00+00:00,151.69260124066014,151.331870854737,36.07303859231479,Up,Up,Up,2023-11-07 10:00:00+00:00,164.0,2023-11-07 10:00:00+00:00,2023-11-13 22:00:00+00:00,2023-11-13 00:00:00+00:00,151.11998308797092,150.1686961344329,95.12869535380162,Up,Up,Up,2023-07-31 21:00:00+00:00,2521.0,2023-07-31 21:00:00+00:00,Up,Up,151.6864417369242,150.88597632315927,151.2991639725402,150.0351044939488,common_intersection
RAW|2023-11-15|2023-11-15T09:15:00Z|1,2023-11-15,2023H2,1,LONG,asian_low,LONDON,2023-11-15 09:15:00+00:00,2023-11-15 09:30:00+00:00,2023-11-15 09:30:00.138000+00:00,2023-11-15 12:30:00+00:00,2023-11-15 12:30:00.080000+00:00,150.792,150.441,150.496,150.502,150.402,150.476,35.09999999999991,3.900000000001569,3.499999999999659,150.475,150.48,150.428,150.434,0.49999999999954525,0.6000000000000227,-5.19999999999925,-51.9999999999925,21834,-52.99999999999727,-56.99999999998795,-52.99999999999727,-54.9999999999784,-38.000000000010914,-54.000000000002046,2023-11-15 06:00:00+00:00,2023-11-15 04:00:00+00:00,150.8089160161609,151.11103216751488,-30.211615135397096,Down,Down,Down,2023-11-14 18:00:00+00:00,12.0,2023-11-14 18:00:00+00:00,2023-11-14 22:00:00+00:00,2023-11-14 00:00:00+00:00,150.90227363426493,150.18384044367826,71.84331905866657,Up,Up,Up,2023-07-31 21:00:00+00:00,2545.0,2023-07-31 21:00:00+00:00,Down,Up,150.86888242262526,151.11998308797092,151.15033931251617,150.1686961344329,common_intersection
RAW|2023-11-15|2023-11-15T13:45:00Z|-1,2023-11-15,2023H2,-1,SHORT,asian_high,LONDON_NY_OVERLAP,2023-11-15 13:45:00+00:00,2023-11-15 14:00:00+00:00,2023-11-15 14:00:00.092000+00:00,2023-11-15 17:00:00+00:00,2023-11-15 17:00:01.623000+00:00,150.792,150.441,150.871,150.884,150.695,150.776,35.09999999999991,9.199999999998454,1.5999999999991132,150.776,150.779,151.073,151.079,0.2999999999985903,0.6000000000000227,-30.299999999999727,-302.99999999999727,21852,-302.99999999999727,-302.99999999999727,-304.00000000000205,-304.9999999999784,-306.0000000000116,-308.9999999999975,2023-11-15 14:00:00+00:00,2023-11-15 12:00:00+00:00,150.7152428653882,151.03160322658462,-31.63603611964163,Down,Down,Down,2023-11-14 18:00:00+00:00,20.0,2023-11-14 18:00:00+00:00,2023-11-14 22:00:00+00:00,2023-11-14 00:00:00+00:00,150.90227363426493,150.18384044367826,71.84331905866657,Up,Up,Up,2023-07-31 21:00:00+00:00,2545.0,2023-07-31 21:00:00+00:00,Down,Up,150.6909400115435,151.11998308797092,151.0538295941137,150.1686961344329,common_intersection
RAW|2023-11-16|2023-11-16T07:30:00Z|-1,2023-11-16,2023H2,-1,SHORT,asian_high,LONDON,2023-11-16 07:30:00+00:00,2023-11-16 07:45:00+00:00,2023-11-16 07:45:00.134000+00:00,2023-11-16 10:45:00+00:00,2023-11-16 10:45:06.879000+00:00,151.366,151.116,151.396,151.426,151.35,151.351,25.0,5.999999999997385,1.500000000001478,151.352,151.357,151.245,151.249,0.49999999999954525,0.39999999999906777,10.300000000000864,103.00000000000864,21923,111.00000000001842,103.00000000000864,111.99999999999477,103.00000000000864,111.00000000001842,104.99999999998977,2023-11-16 06:00:00+00:00,2023-11-16 04:00:00+00:00,151.11582456929096,151.09289634439853,2.2928224892439175,Up,Down,Transition,2023-11-16 06:00:00+00:00,0.0,2023-11-16 06:00:00+00:00,2023-11-15 22:00:00+00:00,2023-11-15 00:00:00+00:00,151.02076688161782,150.274493208184,74.62736734338193,Up,Up,Up,2023-07-31 21:00:00+00:00,2569.0,2023-07-31 21:00:00+00:00,Down,Up,151.04095439700737,150.90227363426493,151.07462646130273,150.18384044367826,common_intersection
RAW|2023-11-21|2023-11-21T08:30:00Z|1,2023-11-21,2023H2,1,LONG,asian_low,LONDON,2023-11-21 08:30:00+00:00,2023-11-21 08:45:00+00:00,2023-11-21 08:45:00.083000+00:00,2023-11-21 11:45:00+00:00,2023-11-21 11:45:00.414000+00:00,148.417,147.245,147.325,147.351,147.149,147.316,117.1999999999997,9.600000000000364,7.099999999999795,147.314,147.32,147.627,147.632,0.6000000000000227,0.49999999999954525,30.700000000001637,307.00000000001637,22215,308.00000000002115,307.9999999999927,299.0000000000066,307.00000000001637,299.0000000000066,307.00000000001637,2023-11-21 06:00:00+00:00,2023-11-21 04:00:00+00:00,148.28854495606424,149.50648841984972,-121.7943463785474,Down,Down,Down,2023-11-16 14:00:00+00:00,112.0,2023-11-16 14:00:00+00:00,2023-11-20 22:00:00+00:00,2023-11-20 00:00:00+00:00,149.9061337032135,150.0944833832944,-18.834968008090414,Down,Up,Transition,2023-11-20 22:00:00+00:00,0.0,2023-11-20 22:00:00+00:00,Down,Up,148.49116293848994,150.5261871844989,149.65644393461923,150.24565585140695,common_intersection
RAW|2023-11-21|2023-11-21T19:15:00Z|-1,2023-11-21,2023H2,-1,SHORT,asian_high,NEW_YORK,2023-11-21 19:15:00+00:00,2023-11-21 19:30:00+00:00,2023-11-21 19:30:00.076000+00:00,2023-11-21 22:30:00+00:00,2023-11-21 22:30:00.124000+00:00,148.417,147.245,148.441,148.457,148.308,148.345,117.1999999999997,3.999999999999204,7.200000000000273,148.344,148.349,148.293,148.338,0.49999999999954525,4.4999999999987494,0.6000000000000227,6.000000000000227,22258,6.000000000000227,22.999999999996135,6.000000000000227,7.999999999981355,4.9999999999954525,7.999999999981355,2023-11-21 18:00:00+00:00,2023-11-21 16:00:00+00:00,147.98279918223918,149.12646583067595,-114.36666484367777,Down,Down,Down,2023-11-16 14:00:00+00:00,124.0,2023-11-16 14:00:00+00:00,2023-11-20 22:00:00+00:00,2023-11-20 00:00:00+00:00,149.9061337032135,150.0944833832944,-18.834968008090414,Down,Up,Transition,2023-11-20 22:00:00+00:00,0.0,2023-11-20 22:00:00+00:00,Down,Up,147.99231885513484,150.5261871844989,149.22798459856082,150.24565585140695,common_intersection
RAW|2023-11-22|2023-11-22T09:30:00Z|-1,2023-11-22,2023H2,-1,SHORT,asian_high,LONDON,2023-11-22 09:30:00+00:00,2023-11-22 09:45:00+00:00,2023-11-22 09:45:00.095000+00:00,2023-11-22 12:45:00+00:00,2023-11-22 12:45:00.189000+00:00,149.053,148.029,149.175,149.177,148.967,149.011,102.40000000000009,12.399999999999523,4.200000000000159,149.014,149.016,148.705,148.711,0.1999999999981128,0.6000000000000227,30.299999999999727,302.99999999999727,22315,302.99999999999727,308.00000000002115,289.99999999999204,318.00000000001205,275.99999999998204,306.0000000000116,2023-11-22 06:00:00+00:00,2023-11-22 04:00:00+00:00,148.32479853580142,148.98498878475743,-66.01902489560132,Down,Down,Down,2023-11-16 14:00:00+00:00,136.0,2023-11-16 14:00:00+00:00,2023-11-21 22:00:00+00:00,2023-11-21 00:00:00+00:00,149.47009550229535,149.95732471263085,-48.72292103354994,Down,Down,Down,2023-11-20 22:00:00+00:00,24.0,2023-11-20 22:00:00+00:00,Down,Transition,148.153917950122,149.9061337032135,149.00524867908416,150.0944833832944,common_intersection
RAW|2023-11-23|2023-11-23T12:45:00Z|-1,2023-11-23,2023H2,-1,SHORT,asian_high,LONDON_NY_OVERLAP,2023-11-23 12:45:00+00:00,2023-11-23 13:00:00+00:00,2023-11-23 13:00:00.282000+00:00,2023-11-23 16:00:00+00:00,2023-11-23 16:00:00.119000+00:00,149.46,148.887,149.379,149.467,149.354,149.437,57.30000000000075,0.7000000000005002,2.2999999999996135,149.438,149.444,149.498,149.502,0.6000000000000227,0.40000000000190994,-6.400000000002137,-64.00000000002137,22424,-63.0000000000166,-62.00000000001182,-60.000000000002274,-60.000000000002274,-55.00000000000682,-68.00000000001205,2023-11-23 10:00:00+00:00,2023-11-23 08:00:00+00:00,149.1439684091899,149.10729900871547,3.6669400474437452,Up,Up,Up,2023-11-22 22:00:00+00:00,12.0,2023-11-22 22:00:00+00:00,2023-11-22 22:00:00+00:00,2023-11-22 00:00:00+00:00,149.48806821592524,149.9233787356204,-43.53105196951503,Down,Down,Down,2023-11-20 22:00:00+00:00,48.0,2023-11-20 22:00:00+00:00,Up,Down,149.10755577286585,149.47009550229535,149.09619457469074,149.95732471263085,common_intersection
RAW|2023-11-27|2023-11-27T07:30:00Z|1,2023-11-27,2023H2,1,LONG,asian_low,LONDON,2023-11-27 07:30:00+00:00,2023-11-27 07:45:00+00:00,2023-11-27 07:45:00.119000+00:00,2023-11-27 10:45:00+00:00,2023-11-27 10:45:02.849000+00:00,149.674,148.886,148.838,148.959,148.816,148.945,78.80000000000109,6.999999999999318,5.89999999999975,148.945,148.95,149.11,149.116,0.49999999999954525,0.6000000000000227,16.0000000000025,160.000000000025,22595,153.00000000002,160.000000000025,155.00000000000114,151.00000000001046,154.00000000002478,150.00000000000568,2023-11-27 06:00:00+00:00,2023-11-27 04:00:00+00:00,149.29906728425206,149.28430365698782,1.4763627264244406,Up,Up,Up,2023-11-22 22:00:00+00:00,104.0,2023-11-22 22:00:00+00:00,2023-11-24 22:00:00+00:00,2023-11-24 00:00:00+00:00,149.46725929383942,149.85136216182912,-38.41028679896965,Down,Down,Down,2023-11-20 22:00:00+00:00,96.0,2023-11-20 22:00:00+00:00,Up,Down,149.36629419795287,149.49976301137517,149.2976344097694,149.89182843677077,common_intersection
RAW|2023-11-28|2023-11-28T13:30:00Z|-1,2023-11-28,2023H2,-1,SHORT,asian_high,LONDON_NY_OVERLAP,2023-11-28 13:30:00+00:00,2023-11-28 13:45:00+00:00,2023-11-28 13:45:00.065000+00:00,2023-11-28 16:45:00+00:00,2023-11-28 16:45:00.277000+00:00,148.416,147.968,148.439,148.471,148.294,148.331,44.80000000000075,5.500000000000682,8.500000000000796,148.333,148.339,147.533,147.539,0.6000000000000227,0.6000000000000227,79.40000000000111,794.0000000000111,22715,788.0000000000109,795.9999999999923,790.0000000000205,811.000000000007,797.0000000000255,811.000000000007,2023-11-28 10:00:00+00:00,2023-11-28 08:00:00+00:00,148.59777945484592,148.99629128058953,-39.85118257436113,Down,Down,Down,2023-11-27 14:00:00+00:00,20.0,2023-11-27 14:00:00+00:00,2023-11-27 22:00:00+00:00,2023-11-27 00:00:00+00:00,149.241470924171,149.7574131888828,-51.59422647117822,Down,Down,Down,2023-11-20 22:00:00+00:00,168.0,2023-11-20 22:00:00+00:00,Down,Down,148.6216912367843,149.46725929383942,149.03614269629296,149.85136216182912,common_intersection
RAW|2023-11-29|2023-11-29T08:45:00Z|-1,2023-11-29,2023H2,-1,SHORT,asian_high,LONDON,2023-11-29 08:45:00+00:00,2023-11-29 09:00:00+00:00,2023-11-29 09:00:00.025000+00:00,2023-11-29 12:00:00+00:00,2023-11-29 12:00:00.078000+00:00,147.318,146.67,147.375,147.39,147.263,147.271,64.80000000000246,7.199999999997431,4.700000000002547,147.269,147.277,147.621,147.626,0.7999999999981355,0.49999999999954525,-35.69999999999993,-356.9999999999993,22792,-356.9999999999993,-355.99999999999454,-382.000000000005,-358.0000000000041,-407.0000000000107,-358.99999999998045,2023-11-29 06:00:00+00:00,2023-11-29 04:00:00+00:00,147.54320145156146,148.46337406400346,-92.0172612442002,Down,Down,Down,2023-11-27 14:00:00+00:00,40.0,2023-11-27 14:00:00+00:00,2023-11-28 22:00:00+00:00,2023-11-28 00:00:00+00:00,148.73276494583644,149.57370013377215,-84.09351879357132,Down,Down,Down,2023-11-20 22:00:00+00:00,192.0,2023-11-20 22:00:00+00:00,Down,Down,147.70328203218605,149.241470924171,148.57818920000375,149.7574131888828,common_intersection
RAW|2023-11-30|2023-11-30T07:45:00Z|-1,2023-11-30,2023H2,-1,SHORT,asian_high,LONDON,2023-11-30 07:45:00+00:00,2023-11-30 08:00:00+00:00,2023-11-30 08:00:00.057000+00:00,2023-11-30 11:00:00+00:00,2023-11-30 11:00:00.040000+00:00,147.188,146.865,147.248,147.264,147.054,147.06,32.29999999999791,7.600000000002183,12.79999999999859,147.06,147.066,147.568,147.576,0.6000000000000227,0.7999999999981355,-51.59999999999911,-515.9999999999911,22884,-515.9999999999911,-510.9999999999957,-520.9999999999866,-516.9999999999959,-533.9999999999918,-514.9999999999864,2023-11-30 06:00:00+00:00,2023-11-30 04:00:00+00:00,147.23407332557565,147.9963078599897,-76.22345344140626,Down,Down,Down,2023-11-27 14:00:00+00:00,64.0,2023-11-27 14:00:00+00:00,2023-11-29 22:00:00+00:00,2023-11-29 00:00:00+00:00,148.305689247026,149.3868441230704,-108.11548760443941,Down,Down,Down,2023-11-20 22:00:00+00:00,216.0,2023-11-20 22:00:00+00:00,Down,Down,147.3157026558059,148.73276494583644,148.0803346304236,149.57370013377215,common_intersection
RAW|2023-12-01|2023-12-01T08:00:00Z|-1,2023-12-01,2023H2,-1,SHORT,asian_high,LONDON,2023-12-01 08:00:00+00:00,2023-12-01 08:15:00+00:00,2023-12-01 08:15:00.146000+00:00,2023-12-01 11:15:00+00:00,2023-12-01 11:15:00.277000+00:00,148.252,147.6,148.301,148.301,148.17,148.181,65.20000000000152,4.899999999997817,7.099999999999795,148.179,148.183,148.016,148.02,0.39999999999906777,0.40000000000190994,15.899999999999181,158.99999999999181,22981,165.99999999999682,152.00000000001523,164.99999999999204,152.00000000001523,167.0000000000016,157.0000000000107,2023-12-01 06:00:00+00:00,2023-12-01 04:00:00+00:00,147.8627182187024,147.96801935376084,-10.530113505842564,Down,Down,Down,2023-11-27 14:00:00+00:00,88.0,2023-11-27 14:00:00+00:00,2023-11-30 22:00:00+00:00,2023-11-30 00:00:00+00:00,148.26663517644715,149.2894165932248,-102.2781416777633,Down,Down,Down,2023-11-20 22:00:00+00:00,240.0,2023-11-20 22:00:00+00:00,Down,Down,147.78380550618337,148.305689247026,147.96002103669656,149.3868441230704,common_intersection
RAW|2023-12-04|2023-12-04T08:30:00Z|-1,2023-12-04,2023H2,-1,SHORT,asian_high,LONDON,2023-12-04 08:30:00+00:00,2023-12-04 08:45:00+00:00,2023-12-04 08:45:00.037000+00:00,2023-12-04 11:45:00+00:00,2023-12-04 11:45:00.090000+00:00,146.892,146.223,146.924,146.966,146.854,146.855,66.89999999999827,7.400000000001228,3.700000000000614,146.855,146.86,146.52,146.522,0.5000000000023874,0.1999999999981128,33.29999999999984,332.9999999999984,23079,332.9999999999984,324.99999999998863,330.0000000000125,322.00000000000273,336.00000000001273,318.9999999999884,2023-12-04 06:00:00+00:00,2023-12-04 04:00:00+00:00,147.0721334492195,147.6338458728661,-56.17124236465827,Down,Down,Down,2023-11-27 14:00:00+00:00,160.0,2023-11-27 14:00:00+00:00,2023-12-01 22:00:00+00:00,2023-12-01 00:00:00+00:00,147.83959655460512,149.08802326576682,-124.84267111616987,Down,Down,Down,2023-11-20 22:00:00+00:00,264.0,2023-11-20 22:00:00+00:00,Down,Down,147.1773868289073,148.26663517644715,147.7055716009414,149.2894165932248,common_intersection
RAW|2023-12-05|2023-12-05T08:00:00Z|1,2023-12-05,2023H2,1,LONG,asian_low,LONDON,2023-12-05 08:00:00+00:00,2023-12-05 08:15:00+00:00,2023-12-05 08:15:00.102000+00:00,2023-12-05 11:15:00+00:00,2023-12-05 11:15:00.471000+00:00,147.381,146.747,146.835,146.838,146.677,146.759,63.39999999999861,7.00000000000216,1.1999999999972033,146.758,146.764,146.959,146.963,0.6000000000000227,0.39999999999906777,19.499999999999318,194.99999999999318,23173,194.99999999999318,193.9999999999884,188.0000000000166,194.99999999999318,188.99999999999295,193.9999999999884,2023-12-05 06:00:00+00:00,2023-12-05 04:00:00+00:00,147.05854575171955,147.38711933151936,-32.85735797998086,Down,Down,Down,2023-11-27 14:00:00+00:00,184.0,2023-11-27 14:00:00+00:00,2023-12-04 22:00:00+00:00,2023-12-04 00:00:00+00:00,147.65628325328936,148.93682140450548,-128.05381512161205,Down,Down,Down,2023-11-20 22:00:00+00:00,336.0,2023-11-20 22:00:00+00:00,Down,Down,147.07156405240738,147.83959655460512,147.41852101252104,149.08802326576682,common_intersection
RAW|2023-12-05|2023-12-05T18:30:00Z|-1,2023-12-05,2023H2,-1,SHORT,asian_high,NEW_YORK,2023-12-05 18:30:00+00:00,2023-12-05 18:45:00+00:00,2023-12-05 18:45:00.937000+00:00,2023-12-05 21:45:00+00:00,2023-12-05 21:45:02.326000+00:00,147.381,146.747,147.291,147.388,147.271,147.354,63.39999999999861,0.7000000000005002,2.6999999999986812,147.354,147.36,147.145,147.156,0.6000000000000227,1.099999999999568,19.80000000000075,198.0000000000075,23215,198.0000000000075,198.0000000000075,198.0000000000075,200.00000000001705,198.0000000000075,201.00000000002183,2023-12-05 18:00:00+00:00,2023-12-05 16:00:00+00:00,147.02461288327973,147.30058629802215,-27.5973414742424,Down,Down,Down,2023-11-27 14:00:00+00:00,196.0,2023-11-27 14:00:00+00:00,2023-12-04 22:00:00+00:00,2023-12-04 00:00:00+00:00,147.65628325328936,148.93682140450548,-128.05381512161205,Down,Down,Down,2023-11-20 22:00:00+00:00,336.0,2023-11-20 22:00:00+00:00,Down,Down,146.98325803659162,147.83959655460512,147.31559380219798,149.08802326576682,common_intersection
RAW|2023-12-06|2023-12-06T08:30:00Z|1,2023-12-06,2023H2,1,LONG,asian_low,LONDON,2023-12-06 08:30:00+00:00,2023-12-06 08:45:00+00:00,2023-12-06 08:45:00.156000+00:00,2023-12-06 11:45:00+00:00,2023-12-06 11:45:00.086000+00:00,147.397,147.087,146.944,147.177,146.922,147.156,31.000000000000227,16.499999999999204,6.900000000001683,147.157,147.162,147.477,147.484,0.49999999999954525,0.7000000000005002,31.499999999999773,314.9999999999977,23271,311.00000000000705,312.9999999999882,317.0000000000073,314.9999999999977,323.0000000000075,312.9999999999882,2023-12-06 06:00:00+00:00,2023-12-06 04:00:00+00:00,147.1336402635859,147.2772256952343,-14.358543164840398,Down,Down,Down,2023-11-27 14:00:00+00:00,208.0,2023-11-27 14:00:00+00:00,2023-12-05 22:00:00+00:00,2023-12-05 00:00:00+00:00,147.51048803806384,148.79355569214505,-128.30676540812078,Down,Down,Down,2023-11-20 22:00:00+00:00,360.0,2023-11-20 22:00:00+00:00,Down,Down,147.11749636902027,147.65628325328936,147.28620184264597,148.93682140450548,common_intersection
RAW|2023-12-06|2023-12-06T12:00:00Z|-1,2023-12-06,2023H2,-1,SHORT,asian_high,LONDON_NY_OVERLAP,2023-12-06 12:00:00+00:00,2023-12-06 12:15:00+00:00,2023-12-06 12:15:00.144000+00:00,2023-12-06 15:15:00+00:00,2023-12-06 15:15:00.091000+00:00,147.397,147.087,147.396,147.426,147.271,147.316,31.000000000000227,2.899999999999636,8.099999999998886,147.316,147.324,147.246,147.251,0.8000000000009777,0.49999999999954525,6.499999999999773,64.99999999999773,23285,62.99999999998818,64.99999999999773,55.999999999983174,99.99999999999432,55.999999999983174,98.99999999998954,2023-12-06 10:00:00+00:00,2023-12-06 08:00:00+00:00,147.18660018827563,147.28056763961555,-9.396745133992113,Down,Down,Down,2023-11-27 14:00:00+00:00,212.0,2023-11-27 14:00:00+00:00,2023-12-05 22:00:00+00:00,2023-12-05 00:00:00+00:00,147.51048803806384,148.79355569214505,-128.30676540812078,Down,Down,Down,2023-11-20 22:00:00+00:00,360.0,2023-11-20 22:00:00+00:00,Down,Down,147.1336402635859,147.65628325328936,147.2772256952343,148.93682140450548,common_intersection
RAW|2023-12-08|2023-12-08T07:15:00Z|-1,2023-12-08,2023H2,-1,SHORT,asian_high,LONDON,2023-12-08 07:15:00+00:00,2023-12-08 07:30:00+00:00,2023-12-08 07:30:00.124000+00:00,2023-12-08 10:30:00+00:00,2023-12-08 10:30:00.713000+00:00,144.289,142.497,144.134,144.394,144.093,144.256,179.19999999999732,10.500000000001819,3.299999999998704,144.257,144.262,144.219,144.227,0.49999999999954525,0.8000000000009777,3.0000000000001137,30.000000000001137,23458,8.99999999998613,31.00000000000591,2.999999999985903,28.999999999996362,-3.9999999999906777,25.000000000005684,2023-12-08 06:00:00+00:00,2023-12-08 04:00:00+00:00,144.28875900966773,145.92892681948248,-164.01678098147556,Down,Down,Down,2023-11-27 14:00:00+00:00,256.0,2023-11-27 14:00:00+00:00,2023-12-07 22:00:00+00:00,2023-12-07 00:00:00+00:00,146.49041226431828,148.3073583378316,-181.69460735133214,Down,Down,Down,2023-11-20 22:00:00+00:00,408.0,2023-11-20 22:00:00+00:00,Down,Down,144.43226261353482,147.4497771700456,146.10274654291575,148.67391123677345,common_intersection
RAW|2023-12-12|2023-12-12T07:15:00Z|1,2023-12-12,2023H2,1,LONG,asian_low,LONDON,2023-12-12 07:15:00+00:00,2023-12-12 07:30:00+00:00,2023-12-12 07:30:00.350000+00:00,2023-12-12 10:30:00+00:00,2023-12-12 10:30:04.679000+00:00,146.123,145.328,145.281,145.38,145.263,145.369,79.49999999999875,6.499999999999773,4.099999999999682,145.37,145.374,145.37,145.373,0.39999999999906777,0.2999999999985903,-0.39999999999906777,-3.9999999999906777,23650,-4.9999999999954525,-3.9999999999906777,-10.99999999999568,-1.999999999981128,-10.99999999999568,-1.0000000000047748,2023-12-12 06:00:00+00:00,2023-12-12 04:00:00+00:00,145.7387854215553,145.71563251296942,2.3152908585871046,Up,Up,Up,2023-12-11 18:00:00+00:00,12.0,2023-12-11 18:00:00+00:00,2023-12-11 22:00:00+00:00,2023-12-11 00:00:00+00:00,146.06870013485627,147.88405529714072,-181.53551622844475,Down,Down,Down,2023-11-20 22:00:00+00:00,504.0,2023-11-20 22:00:00+00:00,Up,Down,145.88469959017743,146.03658018879878,145.74533968801023,148.0349296708051,common_intersection
RAW|2023-12-13|2023-12-13T07:15:00Z|-1,2023-12-13,2023H2,-1,SHORT,asian_high,LONDON,2023-12-13 07:15:00+00:00,2023-12-13 07:30:00+00:00,2023-12-13 07:30:00.296000+00:00,2023-12-13 10:30:00+00:00,2023-12-13 10:30:00.039000+00:00,145.883,145.264,145.936,145.969,145.852,145.875,61.89999999999998,8.599999999998431,0.8000000000009777,145.874,145.88,145.782,145.786,0.6000000000000227,0.39999999999906777,8.799999999999386,87.99999999999386,23746,88.99999999999864,85.99999999998431,74.00000000001228,90.00000000000341,76.99999999999818,96.00000000000364,2023-12-13 06:00:00+00:00,2023-12-13 04:00:00+00:00,145.54122913251962,145.63726164301715,-9.60325104975368,Down,Down,Down,2023-12-12 10:00:00+00:00,20.0,2023-12-12 10:00:00+00:00,2023-12-12 22:00:00+00:00,2023-12-12 00:00:00+00:00,145.88992866775448,147.68877087336946,-179.88422056149886,Down,Down,Down,2023-11-20 22:00:00+00:00,528.0,2023-11-20 22:00:00+00:00,Down,Down,145.53132078552747,146.06870013485627,145.64345830762733,147.88405529714072,common_intersection
RAW|2023-12-13|2023-12-13T15:00:00Z|1,2023-12-13,2023H2,1,LONG,asian_low,LONDON_NY_OVERLAP,2023-12-13 15:00:00+00:00,2023-12-13 15:15:00+00:00,2023-12-13 15:15:00.004000+00:00,2023-12-13 18:15:00+00:00,2023-12-13 18:15:03.319000+00:00,145.883,145.264,145.249,145.411,145.194,145.366,61.89999999999998,7.00000000000216,10.200000000000387,145.367,145.372,145.232,145.238,0.5000000000023874,0.6000000000000227,-14.000000000001478,-140.00000000001478,23777,-139.00000000001,-140.00000000001478,-129.99999999999545,-142.00000000002433,-128.00000000001432,-142.00000000002433,2023-12-13 14:00:00+00:00,2023-12-13 12:00:00+00:00,145.51217812883652,145.61922785464975,-10.704972581322636,Down,Down,Down,2023-12-12 10:00:00+00:00,28.0,2023-12-12 10:00:00+00:00,2023-12-12 22:00:00+00:00,2023-12-12 00:00:00+00:00,145.88992866775448,147.68877087336946,-179.88422056149886,Down,Down,Down,2023-11-20 22:00:00+00:00,528.0,2023-11-20 22:00:00+00:00,Down,Down,145.62544938037115,146.06870013485627,145.6531607115758,147.88405529714072,common_intersection
RAW|2023-12-15|2023-12-15T10:30:00Z|1,2023-12-15,2023H2,1,LONG,asian_low,LONDON,2023-12-15 10:30:00+00:00,2023-12-15 10:45:00+00:00,2023-12-15 10:45:00.771000+00:00,2023-12-15 13:45:00+00:00,2023-12-15 13:45:00.208000+00:00,142.464,141.564,141.531,141.714,141.469,141.677,90.00000000000057,9.499999999999886,11.299999999999955,141.677,141.683,142.317,142.326,0.6000000000000227,0.899999999998613,63.400000000001455,634.0000000000146,23951,635.0000000000193,634.0000000000146,639.00000000001,623.9999999999952,635.0000000000193,635.0000000000193,2023-12-15 10:00:00+00:00,2023-12-15 08:00:00+00:00,142.0109275399362,143.50913622797708,-149.82086880408758,Down,Down,Down,2023-12-12 10:00:00+00:00,72.0,2023-12-12 10:00:00+00:00,2023-12-14 22:00:00+00:00,2023-12-14 00:00:00+00:00,144.12375952436454,146.86839006721993,-274.463054285539,Down,Down,Down,2023-11-20 22:00:00+00:00,576.0,2023-11-20 22:00:00+00:00,Down,Down,142.1060985559107,145.02966333411035,143.66010459562727,147.3039892034999,common_intersection
RAW|2023-12-18|2023-12-18T08:15:00Z|-1,2023-12-18,2023H2,-1,SHORT,asian_high,LONDON,2023-12-18 08:15:00+00:00,2023-12-18 08:30:00+00:00,2023-12-18 08:30:02.445000+00:00,2023-12-18 11:30:00+00:00,2023-12-18 11:30:00.072000+00:00,142.457,142.071,142.515,142.519,142.33,142.381,38.59999999999957,6.200000000001182,7.599999999999341,142.382,142.389,142.665,142.67,0.7000000000005002,0.49999999999954525,-28.79999999999825,-287.9999999999825,24038,-287.9999999999825,-293.00000000000637,-290.9999999999968,-293.9999999999827,-296.99999999999704,-311.00000000000705,2023-12-18 06:00:00+00:00,2023-12-18 04:00:00+00:00,142.15831085632777,143.05897822484343,-90.06673685156557,Down,Down,Down,2023-12-12 10:00:00+00:00,140.0,2023-12-12 10:00:00+00:00,2023-12-15 22:00:00+00:00,2023-12-15 00:00:00+00:00,143.55725680311753,146.49019886184232,-293.2942058724791,Down,Down,Down,2023-11-20 22:00:00+00:00,600.0,2023-11-20 22:00:00+00:00,Down,Down,142.14123519885888,144.12375952436454,143.13358502700373,146.86839006721993,common_intersection
RAW|2023-12-19|2023-12-19T15:15:00Z|-1,2023-12-19,2023H2,-1,SHORT,asian_high,LONDON_NY_OVERLAP,2023-12-19 15:15:00+00:00,2023-12-19 15:30:00+00:00,2023-12-19 15:30:00.019000+00:00,2023-12-19 18:30:00+00:00,2023-12-19 18:30:00.234000+00:00,143.784,142.244,143.894,143.927,143.703,143.746,153.9999999999992,14.300000000000068,3.7999999999982492,143.747,143.751,143.865,143.869,0.39999999999906777,0.39999999999906777,-12.199999999998568,-121.99999999998568,24162,-129.99999999999545,-123.99999999999523,-120.00000000000455,-134.9999999999909,-128.99999999999068,-137.9999999999768,2023-12-19 14:00:00+00:00,2023-12-19 12:00:00+00:00,143.60464677865775,143.2007068844128,40.39398942449566,Up,Up,Up,2023-12-19 10:00:00+00:00,4.0,2023-12-19 10:00:00+00:00,2023-12-18 22:00:00+00:00,2023-12-18 00:00:00+00:00,143.3228977165125,146.18994295289494,-286.7045236382438,Down,Down,Down,2023-11-20 22:00:00+00:00,672.0,2023-11-20 22:00:00+00:00,Transition,Down,143.33210549012085,143.55725680311753,143.1063335700139,146.49019886184232,common_intersection
RAW|2023-12-20|2023-12-20T07:15:00Z|1,2023-12-20,2023H2,1,LONG,asian_low,LONDON,2023-12-20 07:15:00+00:00,2023-12-20 07:30:00+00:00,2023-12-20 07:30:01.012000+00:00,2023-12-20 10:30:00+00:00,2023-12-20 10:30:00.261000+00:00,144.095,143.365,143.493,143.564,143.357,143.426,72.99999999999898,0.8000000000009777,6.099999999997863,143.427,143.433,143.462,143.467,0.6000000000000227,0.5000000000023874,2.899999999999636,28.999999999996362,24226,28.999999999996362,28.00000000002001,39.99999999999204,27.000000000015234,66.99999999997885,27.000000000015234,2023-12-20 06:00:00+00:00,2023-12-20 04:00:00+00:00,143.7033095529617,143.3601981062169,34.3111446744814,Up,Up,Up,2023-12-19 10:00:00+00:00,20.0,2023-12-19 10:00:00+00:00,2023-12-19 22:00:00+00:00,2023-12-19 00:00:00+00:00,143.46692694036608,146.00090751666335,-253.39805762972674,Down,Down,Down,2023-11-20 22:00:00+00:00,696.0,2023-11-20 22:00:00+00:00,Up,Down,143.74983337414642,143.3228977165125,143.34047620240966,146.18994295289494,common_intersection
RAW|2023-12-22|2023-12-22T17:15:00Z|-1,2023-12-22,2023H2,-1,SHORT,asian_high,NEW_YORK,2023-12-22 17:15:00+00:00,2023-12-22 17:30:00+00:00,2023-12-22 17:30:00.083000+00:00,2023-12-22 20:30:00+00:00,2023-12-22 20:30:01.898000+00:00,142.554,141.864,142.561,142.572,142.501,142.536,68.99999999999977,1.8000000000000682,1.8000000000000682,142.535,142.542,142.512,142.521,0.7000000000005002,0.899999999998613,1.4000000000010004,14.000000000010004,24458,10.000000000019327,14.000000000010004,6.000000000000227,15.999999999991132,-0.0,14.999999999986358,2023-12-22 14:00:00+00:00,2023-12-22 12:00:00+00:00,142.28562006238624,142.83579305559914,-55.01729932128967,Down,Down,Down,2023-12-21 06:00:00+00:00,32.0,2023-12-21 06:00:00+00:00,2023-12-21 22:00:00+00:00,2023-12-21 00:00:00+00:00,143.09573823488066,145.50927052210386,-241.35322872232052,Down,Down,Down,2023-11-20 22:00:00+00:00,744.0,2023-11-20 22:00:00+00:00,Down,Down,142.38506808734073,143.49323352883292,142.90525332130343,145.8055549153303,common_intersection
RAW|2023-12-26|2023-12-26T07:30:00Z|-1,2023-12-26,2023H2,-1,SHORT,asian_high,LONDON,2023-12-26 07:30:00+00:00,2023-12-26 07:45:00+00:00,2023-12-26 07:45:00.087000+00:00,2023-12-26 10:45:00+00:00,2023-12-26 10:45:00.634000+00:00,142.352,142.09,142.372,142.374,142.286,142.287,26.200000000000045,2.199999999999136,6.499999999999773,142.286,142.293,142.384,142.391,0.7000000000005002,0.7000000000005002,-10.499999999998977,-104.99999999998977,24549,-104.99999999998977,-103.999999999985,-105.99999999999454,-103.999999999985,-97.99999999998477,-103.999999999985,2023-12-26 06:00:00+00:00,2023-12-26 04:00:00+00:00,142.31009619176277,142.66811808879146,-35.802189702869214,Down,Down,Down,2023-12-21 06:00:00+00:00,120.0,2023-12-21 06:00:00+00:00,2023-12-22 22:00:00+00:00,2023-12-22 00:00:00+00:00,142.9003844534862,145.26148888033555,-236.11044268493515,Down,Down,Down,2023-11-20 22:00:00+00:00,768.0,2023-11-20 22:00:00+00:00,Down,Down,142.32933466846788,143.09573823488066,142.70343270520812,145.50927052210386,common_intersection
RAW|2023-12-28|2023-12-28T13:45:00Z|1,2023-12-28,2023H2,1,LONG,asian_low,LONDON_NY_OVERLAP,2023-12-28 13:45:00+00:00,2023-12-28 14:00:00+00:00,2023-12-28 14:00:00.145000+00:00,2023-12-28 17:00:00+00:00,2023-12-28 17:00:00.256000+00:00,141.666,141.072,140.81,141.136,140.786,141.118,59.39999999999941,28.600000000000136,4.599999999999227,141.117,141.127,141.084,141.094,1.0000000000019327,0.9999999999990905,-4.300000000000637,-43.00000000000637,24766,-38.99999999998727,-44.00000000001114,-32.99999999998704,-46.00000000002069,-43.00000000000637,-32.00000000001069,2023-12-28 14:00:00+00:00,2023-12-28 12:00:00+00:00,141.36404706605262,142.09634928381172,-73.23022177590985,Down,Down,Down,2023-12-21 06:00:00+00:00,176.0,2023-12-21 06:00:00+00:00,2023-12-27 22:00:00+00:00,2023-12-27 00:00:00+00:00,142.4862777823909,144.77444098831603,-228.8163205925116,Down,Down,Down,2023-11-20 22:00:00+00:00,888.0,2023-11-20 22:00:00+00:00,Down,Down,141.46246589247366,142.75398889534728,142.18142313457793,145.03160976990873,common_intersection
RAW|2023-12-29|2023-12-29T07:15:00Z|1,2023-12-29,2023H2,1,LONG,asian_low,LONDON,2023-12-29 07:15:00+00:00,2023-12-29 07:30:00+00:00,2023-12-29 07:30:00.044000+00:00,2023-12-29 10:30:00+00:00,2023-12-29 10:30:00.077000+00:00,141.665,141.202,141.17,141.246,141.136,141.233,46.299999999999386,6.60000000000025,3.100000000000591,141.234,141.238,141.794,141.801,0.39999999999906777,0.699999999997658,55.60000000000116,556.0000000000116,24836,554.000000000002,555.0000000000068,554.000000000002,560.0000000000023,544.0000000000111,551.9999999999925,2023-12-29 06:00:00+00:00,2023-12-29 04:00:00+00:00,141.35296268899745,141.88160424430376,-52.864155530630796,Down,Down,Down,2023-12-21 06:00:00+00:00,192.0,2023-12-21 06:00:00+00:00,2023-12-28 22:00:00+00:00,2023-12-28 00:00:00+00:00,142.15476984456492,144.49856570925076,-234.37958646858306,Down,Down,Down,2023-11-20 22:00:00+00:00,912.0,2023-11-20 22:00:00+00:00,Down,Down,141.36854776459643,142.4862777823909,141.9309611351128,144.77444098831603,common_intersection
RAW|2023-12-29|2023-12-29T11:30:00Z|-1,2023-12-29,2023H2,-1,SHORT,asian_high,LONDON,2023-12-29 11:30:00+00:00,2023-12-29 11:45:00+00:00,2023-12-29 11:45:00.923000+00:00,2023-12-29 14:45:00+00:00,2023-12-29 14:45:00.010000+00:00,141.665,141.202,141.734,141.764,141.61,141.631,46.299999999999386,9.900000000001796,3.3999999999991815,141.633,141.638,141.635,141.644,0.49999999999954525,0.9000000000014552,-1.099999999999568,-10.99999999999568,24853,-9.000000000014552,-19.99999999998181,-9.000000000014552,-15.999999999991132,-45.99999999999227,-20.999999999986585,2023-12-29 10:00:00+00:00,2023-12-29 08:00:00+00:00,141.50811620642673,141.88275590475945,-37.46396983327145,Down,Down,Down,2023-12-21 06:00:00+00:00,196.0,2023-12-21 06:00:00+00:00,2023-12-28 22:00:00+00:00,2023-12-28 00:00:00+00:00,142.15476984456492,144.49856570925076,-234.37958646858306,Down,Down,Down,2023-11-20 22:00:00+00:00,912.0,2023-11-20 22:00:00+00:00,Down,Down,141.35296268899745,142.4862777823909,141.88160424430376,144.77444098831603,common_intersection
RAW|2024-01-02|2024-01-02T09:00:00Z|-1,2024-01-02,2024H1,-1,SHORT,asian_high,LONDON,2024-01-02 09:00:00+00:00,2024-01-02 09:15:00+00:00,2024-01-02 09:15:00.189000+00:00,2024-01-02 12:15:00+00:00,2024-01-02 12:15:00.040000+00:00,141.669,141.096,141.555,141.672,141.506,141.643,57.30000000000075,0.2999999999985903,2.600000000001046,141.642,141.65,141.874,141.88,0.8000000000009777,0.6000000000000227,-23.799999999999955,-237.99999999999955,24939,-234.00000000000887,-241.00000000001387,-235.99999999999,-253.00000000001432,-216.99999999998454,-266.9999999999959,2024-01-02 06:00:00+00:00,2024-01-02 04:00:00+00:00,141.32564307402174,141.67814161534028,-35.24985413185391,Down,Down,Down,2023-12-21 06:00:00+00:00,288.0,2023-12-21 06:00:00+00:00,2023-12-29 22:00:00+00:00,2023-12-29 00:00:00+00:00,141.8176927461178,144.2166804525107,-239.89877063928873,Down,Down,Down,2023-11-20 22:00:00+00:00,936.0,2023-11-20 22:00:00+00:00,Down,Down,141.31590030363046,142.15476984456492,141.70667566884813,144.49856570925076,common_intersection
RAW|2024-01-05|2024-01-05T10:15:00Z|-1,2024-01-05,2024H1,-1,SHORT,asian_high,LONDON,2024-01-05 10:15:00+00:00,2024-01-05 10:30:00+00:00,2024-01-05 10:30:00.172000+00:00,2024-01-05 13:30:00+00:00,2024-01-05 13:30:00.118000+00:00,145.367,144.658,145.249,145.374,145.243,145.343,70.90000000000032,0.7000000000005002,2.400000000000091,145.345,145.349,145.135,145.162,0.39999999999906777,2.7000000000015234,18.299999999999272,182.99999999999272,25232,181.99999999998795,58.9999999999975,181.99999999998795,-194.99999999999318,168.99999999998272,-429.00000000000205,2024-01-05 10:00:00+00:00,2024-01-05 08:00:00+00:00,144.65641545840433,143.40214275257227,125.42727058320509,Up,Up,Up,2024-01-02 22:00:00+00:00,60.0,2024-01-02 22:00:00+00:00,2024-01-04 22:00:00+00:00,2024-01-04 00:00:00+00:00,142.9409259278855,144.02865440420467,-108.7728476319171,Down,Down,Down,2023-11-20 22:00:00+00:00,1080.0,2023-11-20 22:00:00+00:00,Up,Down,144.44538164176606,142.2684962990397,143.24719864410028,143.97705913500508,common_intersection
RAW|2024-01-05|2024-01-05T17:00:00Z|1,2024-01-05,2024H1,1,LONG,asian_low,NEW_YORK,2024-01-05 17:00:00+00:00,2024-01-05 17:15:00+00:00,2024-01-05 17:15:02.640000+00:00,2024-01-05 20:15:00+00:00,2024-01-05 20:15:00.117000+00:00,145.367,144.658,144.523,144.737,144.521,144.672,70.90000000000032,13.700000000000045,1.4000000000010004,144.672,144.677,144.702,144.705,0.49999999999954525,0.30000000000143245,2.5000000000005684,25.000000000005684,25259,25.000000000005684,30.000000000001137,13.00000000000523,33.00000000001546,27.999999999991587,25.000000000005684,2024-01-05 14:00:00+00:00,2024-01-05 12:00:00+00:00,144.88743961314594,143.5671713323665,132.02682807794304,Up,Up,Up,2024-01-02 22:00:00+00:00,64.0,2024-01-02 22:00:00+00:00,2024-01-04 22:00:00+00:00,2024-01-04 00:00:00+00:00,142.9409259278855,144.02865440420467,-108.7728476319171,Down,Down,Down,2023-11-20 22:00:00+00:00,1080.0,2023-11-20 22:00:00+00:00,Up,Down,144.65641545840433,142.2684962990397,143.40214275257227,143.97705913500508,common_intersection
RAW|2024-01-08|2024-01-08T07:00:00Z|1,2024-01-08,2024H1,1,LONG,asian_low,LONDON,2024-01-08 07:00:00+00:00,2024-01-08 07:15:00+00:00,2024-01-08 07:15:00.091000+00:00,2024-01-08 10:15:00+00:00,2024-01-08 10:15:00.199000+00:00,144.797,144.169,144.18,144.237,144.089,144.192,62.79999999999859,8.00000000000125,2.2999999999996135,144.191,144.197,144.259,144.265,0.6000000000000227,0.6000000000000227,6.19999999999834,61.9999999999834,25315,60.99999999997863,62.99999999998818,60.99999999997863,62.99999999998818,47.9999999999734,58.9999999999975,2024-01-08 06:00:00+00:00,2024-01-08 04:00:00+00:00,144.57688869563356,143.83381753042121,74.3071165212342,Up,Up,Up,2024-01-02 22:00:00+00:00,128.0,2024-01-02 22:00:00+00:00,2024-01-05 22:00:00+00:00,2024-01-05 00:00:00+00:00,143.41580423420393,144.0746020518683,-65.87978176643787,Down,Down,Down,2023-11-20 22:00:00+00:00,1104.0,2023-11-20 22:00:00+00:00,Up,Down,144.661644173887,142.9409259278855,143.78762775045783,144.02865440420467,common_intersection
RAW|2024-01-09|2024-01-09T08:15:00Z|-1,2024-01-09,2024H1,-1,SHORT,asian_high,LONDON,2024-01-09 08:15:00+00:00,2024-01-09 08:30:00+00:00,2024-01-09 08:30:00.123000+00:00,2024-01-09 11:30:00+00:00,2024-01-09 11:30:00.258000+00:00,144.258,143.419,144.258,144.314,144.196,144.197,83.89999999999986,5.599999999998317,6.100000000000705,144.197,144.202,144.034,144.04,0.49999999999954525,0.6000000000000227,15.700000000001069,157.0000000000107,25416,156.0000000000059,156.0000000000059,146.000000000015,153.99999999999636,134.00000000001455,135.99999999999568,2024-01-09 06:00:00+00:00,2024-01-09 04:00:00+00:00,143.9851366511341,143.8951982484181,8.993840271600106,Up,Up,Up,2024-01-02 22:00:00+00:00,152.0,2024-01-02 22:00:00+00:00,2024-01-08 22:00:00+00:00,2024-01-08 00:00:00+00:00,143.64643159585995,144.08647388771885,-44.00422918589015,Down,Down,Down,2023-11-20 22:00:00+00:00,1176.0,2023-11-20 22:00:00+00:00,Up,Down,144.06359131158774,143.41580423420393,143.9044328787153,144.0746020518683,common_intersection
RAW|2024-01-10|2024-01-10T07:15:00Z|-1,2024-01-10,2024H1,-1,SHORT,asian_high,LONDON,2024-01-10 07:15:00+00:00,2024-01-10 07:30:00+00:00,2024-01-10 07:30:00.128000+00:00,2024-01-10 10:30:00+00:00,2024-01-10 10:30:00.089000+00:00,145.131,144.416,145.084,145.15,144.955,144.972,71.50000000000034,1.9000000000005457,15.899999999999181,144.973,144.982,144.871,144.876,0.899999999998613,0.49999999999954525,9.700000000000841,97.00000000000841,25508,106.99999999999932,90.00000000000341,102.00000000000387,88.00000000002228,103.999999999985,99.00000000001796,2024-01-10 06:00:00+00:00,2024-01-10 04:00:00+00:00,144.45951292551547,144.09315268589904,36.63602396164265,Up,Up,Up,2024-01-02 22:00:00+00:00,176.0,2024-01-02 22:00:00+00:00,2024-01-09 22:00:00+00:00,2024-01-09 00:00:00+00:00,143.8800225684714,144.11667597670134,-23.665340822995518,Down,Down,Down,2023-11-20 22:00:00+00:00,1200.0,2023-11-20 22:00:00+00:00,Up,Down,144.33371809572165,143.64643159585995,144.0339485716294,144.08647388771885,common_intersection
RAW|2024-01-11|2024-01-11T13:30:00Z|1,2024-01-11,2024H1,1,LONG,asian_low,LONDON_NY_OVERLAP,2024-01-11 13:30:00+00:00,2024-01-11 13:45:00+00:00,2024-01-11 13:45:00.003000+00:00,2024-01-11 16:45:00+00:00,2024-01-11 16:45:00.075000+00:00,145.778,145.277,145.342,146.164,144.968,145.913,50.10000000000048,30.89999999999975,63.60000000000241,145.909,145.915,146.123,146.129,0.6000000000000227,0.6000000000000227,20.79999999999984,207.9999999999984,25629,203.9999999999793,207.9999999999984,192.99999999998363,201.99999999999818,325.9999999999934,195.0000000000216,2024-01-11 10:00:00+00:00,2024-01-11 08:00:00+00:00,145.39232097328969,144.69116448336342,70.11564899262623,Up,Up,Up,2024-01-02 22:00:00+00:00,204.0,2024-01-02 22:00:00+00:00,2024-01-10 22:00:00+00:00,2024-01-10 00:00:00+00:00,144.41287326319386,144.24694189856527,16.593136462859093,Up,Down,Transition,2024-01-10 22:00:00+00:00,0.0,2024-01-10 22:00:00+00:00,Up,Down,145.33204936260555,143.8800225684714,144.61709182974283,144.11667597670134,common_intersection
RAW|2024-01-11|2024-01-11T19:00:00Z|-1,2024-01-11,2024H1,-1,SHORT,asian_high,NEW_YORK,2024-01-11 19:00:00+00:00,2024-01-11 19:15:00+00:00,2024-01-11 19:15:00.754000+00:00,2024-01-11 22:15:00+00:00,2024-01-11 22:15:20.780000+00:00,145.778,145.277,145.8,145.806,145.636,145.636,50.10000000000048,2.800000000002001,14.19999999999959,145.636,145.64,145.281,145.314,0.39999999999906777,3.299999999998704,32.20000000000027,322.00000000000273,25651,322.00000000000273,322.00000000000273,322.00000000000273,322.00000000000273,306.0000000000116,322.00000000000273,2024-01-11 18:00:00+00:00,2024-01-11 16:00:00+00:00,145.72673519045392,144.90654721871883,82.01879717350948,Up,Up,Up,2024-01-02 22:00:00+00:00,212.0,2024-01-02 22:00:00+00:00,2024-01-10 22:00:00+00:00,2024-01-10 00:00:00+00:00,144.41287326319386,144.24694189856527,16.593136462859093,Up,Down,Transition,2024-01-10 22:00:00+00:00,0.0,2024-01-10 22:00:00+00:00,Up,Down,145.6362292666355,143.8800225684714,144.81555132469435,144.11667597670134,common_intersection
RAW|2024-01-12|2024-01-12T13:30:00Z|1,2024-01-12,2024H1,1,LONG,asian_low,LONDON_NY_OVERLAP,2024-01-12 13:30:00+00:00,2024-01-12 13:45:00+00:00,2024-01-12 13:45:00.134000+00:00,2024-01-12 16:45:00+00:00,2024-01-12 16:45:00.140000+00:00,145.405,144.843,145.393,145.393,144.751,144.896,56.20000000000118,9.199999999998454,5.299999999999727,144.9,144.907,144.804,144.809,0.7000000000005002,0.49999999999954525,-10.300000000000864,-103.00000000000864,25725,-91.99999999998454,-92.00000000001296,-97.99999999998477,-92.00000000001296,-86.99999999998909,-91.00000000000819,2024-01-12 10:00:00+00:00,2024-01-12 08:00:00+00:00,145.32343752354592,144.98683497531775,33.66025482281714,Up,Up,Up,2024-01-02 22:00:00+00:00,228.0,2024-01-02 22:00:00+00:00,2024-01-11 22:00:00+00:00,2024-01-11 00:00:00+00:00,144.6586237594242,144.32902654668004,32.95972127441473,Up,Up,Up,2024-01-10 22:00:00+00:00,24.0,2024-01-10 22:00:00+00:00,Up,Transition,145.39921253296427,144.41287326319386,144.97403801664973,144.24694189856527,common_intersection
RAW|2024-01-17|2024-01-17T07:45:00Z|-1,2024-01-17,2024H1,-1,SHORT,asian_high,LONDON,2024-01-17 07:45:00+00:00,2024-01-17 08:00:00+00:00,2024-01-17 08:00:00.142000+00:00,2024-01-17 11:00:00+00:00,2024-01-17 11:00:00.111000+00:00,147.887,147.097,147.914,147.966,147.842,147.869,78.9999999999992,7.900000000000773,1.8000000000000682,147.87,147.878,147.751,147.757,0.7999999999981355,0.6000000000000227,11.299999999999955,112.99999999999955,25990,116.99999999999022,112.99999999999955,100.99999999999909,112.99999999999955,91.99999999998454,111.00000000001842,2024-01-17 06:00:00+00:00,2024-01-17 04:00:00+00:00,147.04474678959653,146.03134314786843,101.34036417281038,Up,Up,Up,2024-01-02 22:00:00+00:00,344.0,2024-01-02 22:00:00+00:00,2024-01-16 22:00:00+00:00,2024-01-16 00:00:00+00:00,145.6282914575161,144.6974782715812,93.08131859349089,Up,Up,Up,2024-01-10 22:00:00+00:00,144.0,2024-01-10 22:00:00+00:00,Up,Up,146.83104550543516,145.01080804052253,145.89676429116133,144.48230246910998,common_intersection
RAW|2024-01-18|2024-01-18T09:30:00Z|1,2024-01-18,2024H1,1,LONG,asian_low,LONDON,2024-01-18 09:30:00+00:00,2024-01-18 09:45:00+00:00,2024-01-18 09:45:00.176000+00:00,2024-01-18 12:45:00+00:00,2024-01-18 12:45:00.118000+00:00,148.249,147.686,147.742,147.775,147.654,147.736,56.29999999999882,3.2000000000010687,4.999999999998295,147.735,147.742,147.901,147.907,0.699999999997658,0.6000000000000227,15.900000000002024,159.00000000002024,26093,165.00000000002046,161.00000000000136,163.0000000000109,156.0000000000059,158.00000000001546,151.00000000001046,2024-01-18 06:00:00+00:00,2024-01-18 04:00:00+00:00,147.87040417332446,146.8046744698338,106.57297034906605,Up,Up,Up,2024-01-02 22:00:00+00:00,368.0,2024-01-02 22:00:00+00:00,2024-01-17 22:00:00+00:00,2024-01-17 00:00:00+00:00,146.3464938982258,144.9730400098547,137.3453888371074,Up,Up,Up,2024-01-10 22:00:00+00:00,168.0,2024-01-10 22:00:00+00:00,Up,Up,147.86936584265422,145.6282914575161,146.71177659764544,144.6974782715812,common_intersection
RAW|2024-01-18|2024-01-18T13:45:00Z|-1,2024-01-18,2024H1,-1,SHORT,asian_high,LONDON_NY_OVERLAP,2024-01-18 13:45:00+00:00,2024-01-18 14:00:00+00:00,2024-01-18 14:00:00.084000+00:00,2024-01-18 17:00:00+00:00,2024-01-18 17:00:00.595000+00:00,148.249,147.686,148.229,148.299,148.157,148.229,56.29999999999882,5.000000000001137,1.999999999998181,148.231,148.236,148.156,148.162,0.49999999999954525,0.6000000000000227,6.89999999999884,68.9999999999884,26110,68.9999999999884,67.00000000000728,73.0000000000075,58.9999999999975,67.00000000000728,61.00000000000705,2024-01-18 14:00:00+00:00,2024-01-18 12:00:00+00:00,147.9682878435329,146.99540927126733,97.28785722655573,Up,Up,Up,2024-01-02 22:00:00+00:00,376.0,2024-01-02 22:00:00+00:00,2024-01-17 22:00:00+00:00,2024-01-17 00:00:00+00:00,146.3464938982258,144.9730400098547,137.3453888371074,Up,Up,Up,2024-01-10 22:00:00+00:00,168.0,2024-01-10 22:00:00+00:00,Up,Up,147.86400298094605,145.6282914575161,146.8881405122471,144.6974782715812,common_intersection
RAW|2024-01-19|2024-01-19T09:00:00Z|1,2024-01-19,2024H1,1,LONG,asian_low,LONDON,2024-01-19 09:00:00+00:00,2024-01-19 09:15:00+00:00,2024-01-19 09:15:00.711000+00:00,2024-01-19 12:15:00+00:00,2024-01-19 12:15:00.050000+00:00,148.802,147.938,148.076,148.133,147.923,147.95,86.40000000000043,1.4999999999986358,1.2000000000000455,147.949,147.956,148.013,148.017,0.699999999997658,0.39999999999906777,5.700000000001637,57.00000000001637,26187,58.9999999999975,54.000000000002046,62.00000000001182,58.9999999999975,49.000000000006594,62.00000000001182,2024-01-19 06:00:00+00:00,2024-01-19 04:00:00+00:00,148.29281461982842,147.38164503009466,91.11695897337597,Up,Up,Up,2024-01-02 22:00:00+00:00,392.0,2024-01-02 22:00:00+00:00,2024-01-18 22:00:00+00:00,2024-01-18 00:00:00+00:00,146.8606384987327,145.22687680906634,163.37616896663576,Up,Up,Up,2024-01-10 22:00:00+00:00,192.0,2024-01-10 22:00:00+00:00,Up,Up,148.1507404677598,146.3464938982258,147.27152720662463,144.9730400098547,common_intersection
RAW|2024-01-22|2024-01-22T09:00:00Z|-1,2024-01-22,2024H1,-1,SHORT,asian_high,LONDON,2024-01-22 09:00:00+00:00,2024-01-22 09:15:00+00:00,2024-01-22 09:15:00.180000+00:00,2024-01-22 12:15:00+00:00,2024-01-22 12:15:01.035000+00:00,148.23,147.73,148.242,148.274,148.119,148.143,50.0,4.400000000001114,8.699999999998909,148.142,148.15,147.877,147.882,0.8000000000009777,0.49999999999954525,25.99999999999909,259.9999999999909,26283,258.99999999998613,259.9999999999909,258.99999999998613,258.0000000000098,257.99999999998136,275.0000000000057,2024-01-22 06:00:00+00:00,2024-01-22 04:00:00+00:00,148.05222824192998,147.63560253176422,41.66257101657607,Up,Up,Up,2024-01-02 22:00:00+00:00,464.0,2024-01-02 22:00:00+00:00,2024-01-19 22:00:00+00:00,2024-01-19 00:00:00+00:00,147.1975989276662,145.45192666434104,174.56722633251616,Up,Up,Up,2024-01-10 22:00:00+00:00,216.0,2024-01-10 22:00:00+00:00,Up,Up,148.05191953870195,146.8606384987327,147.59930709974373,145.22687680906634,common_intersection
RAW|2024-01-22|2024-01-22T12:30:00Z|1,2024-01-22,2024H1,1,LONG,asian_low,LONDON_NY_OVERLAP,2024-01-22 12:30:00+00:00,2024-01-22 12:45:00+00:00,2024-01-22 12:45:00.104000+00:00,2024-01-22 15:45:00+00:00,2024-01-22 15:45:00.162000+00:00,148.23,147.73,147.797,147.852,147.707,147.74,50.0,2.2999999999996135,1.0000000000019327,147.741,147.747,147.811,147.816,0.6000000000000227,0.49999999999954525,6.399999999999295,63.99999999999295,26297,60.000000000002274,60.99999999997863,49.000000000006594,63.99999999999295,51.00000000001614,50.99999999998772,2024-01-22 10:00:00+00:00,2024-01-22 08:00:00+00:00,148.06873445852142,147.6735543292231,39.51801292983248,Up,Up,Up,2024-01-02 22:00:00+00:00,468.0,2024-01-02 22:00:00+00:00,2024-01-19 22:00:00+00:00,2024-01-19 00:00:00+00:00,147.1975989276662,145.45192666434104,174.56722633251616,Up,Up,Up,2024-01-10 22:00:00+00:00,216.0,2024-01-10 22:00:00+00:00,Up,Up,148.05222824192998,146.8606384987327,147.63560253176422,145.22687680906634,common_intersection
RAW|2024-01-23|2024-01-23T16:15:00Z|-1,2024-01-23,2024H1,-1,SHORT,asian_high,NEW_YORK,2024-01-23 16:15:00+00:00,2024-01-23 16:30:00+00:00,2024-01-23 16:30:00.095000+00:00,2024-01-23 19:30:00+00:00,2024-01-23 19:30:00.054000+00:00,148.548,146.975,148.473,148.586,148.452,148.489,157.30000000000075,3.8000000000010914,5.89999999999975,148.488,148.495,148.428,148.432,0.7000000000005002,0.39999999999906777,5.60000000000116,56.000000000011596,26408,55.00000000000682,63.99999999999295,56.000000000011596,62.99999999998818,63.0000000000166,61.00000000000705,2024-01-23 14:00:00+00:00,2024-01-23 12:00:00+00:00,147.9542672666418,147.79015771241774,16.410955422406914,Up,Up,Up,2024-01-02 22:00:00+00:00,496.0,2024-01-02 22:00:00+00:00,2024-01-22 22:00:00+00:00,2024-01-22 00:00:00+00:00,147.4505706626187,145.66241253119378,178.81581314249217,Up,Up,Up,2024-01-10 22:00:00+00:00,288.0,2024-01-10 22:00:00+00:00,Up,Up,147.91557417329852,147.1975989276662,147.7674757743671,145.45192666434104,common_intersection
RAW|2024-01-24|2024-01-24T07:00:00Z|1,2024-01-24,2024H1,1,LONG,asian_low,LONDON,2024-01-24 07:00:00+00:00,2024-01-24 07:15:00+00:00,2024-01-24 07:15:00.021000+00:00,2024-01-24 10:15:00+00:00,2024-01-24 10:15:00.333000+00:00,148.26,147.75,147.864,147.91,147.704,147.779,50.99999999999909,4.599999999999227,2.899999999999636,147.777,147.785,147.507,147.515,0.8000000000009777,0.7999999999981355,-27.79999999999916,-277.9999999999916,26467,-263.00000000000523,-275.0000000000057,-266.9999999999959,-270.00000000001023,-263.00000000000523,-277.9999999999916,2024-01-24 06:00:00+00:00,2024-01-24 04:00:00+00:00,148.05994379077515,147.8976668272658,16.227696350935616,Up,Up,Up,2024-01-02 22:00:00+00:00,512.0,2024-01-02 22:00:00+00:00,2024-01-23 22:00:00+00:00,2024-01-23 00:00:00+00:00,147.69126475901336,145.87285952869829,181.84052303150793,Up,Up,Up,2024-01-10 22:00:00+00:00,312.0,2024-01-10 22:00:00+00:00,Up,Up,148.13472130708521,147.4505706626187,147.89981176876717,145.66241253119378,common_intersection
RAW|2024-01-25|2024-01-25T07:30:00Z|1,2024-01-25,2024H1,1,LONG,asian_low,LONDON,2024-01-25 07:30:00+00:00,2024-01-25 07:45:00+00:00,2024-01-25 07:45:00.016000+00:00,2024-01-25 10:45:00+00:00,2024-01-25 10:45:00.042000+00:00,147.879,147.543,147.62,147.628,147.534,147.595,33.59999999999843,0.9000000000014552,5.19999999999925,147.595,147.602,147.55,147.555,0.7000000000005002,0.49999999999954525,-5.19999999999925,-51.9999999999925,26565,-55.999999999983174,-52.99999999999727,-54.9999999999784,-52.99999999999727,-66.0000000000025,-58.9999999999975,2024-01-25 06:00:00+00:00,2024-01-25 04:00:00+00:00,147.60632333237734,147.7164813003985,-11.015796802115574,Down,Down,Down,2024-01-24 14:00:00+00:00,16.0,2024-01-24 14:00:00+00:00,2024-01-24 22:00:00+00:00,2024-01-24 00:00:00+00:00,147.63490339929524,146.00255076640244,163.2352632892804,Up,Up,Up,2024-01-10 22:00:00+00:00,336.0,2024-01-10 22:00:00+00:00,Down,Up,147.52965266532826,147.69126475901336,147.70939271782447,145.87285952869829,common_intersection
RAW|2024-01-25|2024-01-25T13:30:00Z|-1,2024-01-25,2024H1,-1,SHORT,asian_high,LONDON_NY_OVERLAP,2024-01-25 13:30:00+00:00,2024-01-25 13:45:00+00:00,2024-01-25 13:45:00.061000+00:00,2024-01-25 16:45:00+00:00,2024-01-25 16:45:00.318000+00:00,147.879,147.543,147.63,147.936,147.315,147.435,33.59999999999843,5.700000000001637,44.39999999999884,147.434,147.44,147.686,147.691,0.6000000000000227,0.49999999999954525,-25.7000000000005,-257.000000000005,26589,-264.00000000001,-256.0000000000002,-289.99999999999204,-257.000000000005,-251.00000000000477,-258.0000000000098,2024-01-25 10:00:00+00:00,2024-01-25 08:00:00+00:00,147.61565952312668,147.7102827963666,-9.462327323993236,Down,Down,Down,2024-01-24 14:00:00+00:00,20.0,2024-01-24 14:00:00+00:00,2024-01-24 22:00:00+00:00,2024-01-24 00:00:00+00:00,147.63490339929524,146.00255076640244,163.2352632892804,Up,Up,Up,2024-01-10 22:00:00+00:00,336.0,2024-01-10 22:00:00+00:00,Down,Up,147.60632333237734,147.69126475901336,147.7164813003985,145.87285952869829,common_intersection
RAW|2024-01-26|2024-01-26T07:15:00Z|-1,2024-01-26,2024H1,-1,SHORT,asian_high,LONDON,2024-01-26 07:15:00+00:00,2024-01-26 07:30:00+00:00,2024-01-26 07:30:00.128000+00:00,2024-01-26 10:30:00+00:00,2024-01-26 10:30:00.117000+00:00,147.864,147.478,147.816,147.882,147.775,147.802,38.59999999999957,1.8000000000000682,6.200000000001182,147.804,147.808,147.733,147.738,0.39999999999906777,0.49999999999954525,6.60000000000025,66.0000000000025,26660,66.0000000000025,67.00000000000728,67.00000000000728,63.99999999999295,67.00000000000728,63.99999999999295,2024-01-26 06:00:00+00:00,2024-01-26 04:00:00+00:00,147.64389575830134,147.68402417381532,-4.012841551397628,Down,Down,Down,2024-01-24 14:00:00+00:00,40.0,2024-01-24 14:00:00+00:00,2024-01-25 22:00:00+00:00,2024-01-25 00:00:00+00:00,147.64007385663945,146.13458670509024,150.5487151549204,Up,Up,Up,2024-01-10 22:00:00+00:00,360.0,2024-01-10 22:00:00+00:00,Down,Up,147.60945406162188,147.63490339929524,147.6800262758862,146.00255076640244,common_intersection
RAW|2024-01-29|2024-01-29T12:00:00Z|1,2024-01-29,2024H1,1,LONG,asian_low,LONDON_NY_OVERLAP,2024-01-29 12:00:00+00:00,2024-01-29 12:15:00+00:00,2024-01-29 12:15:04.551000+00:00,2024-01-29 15:15:00+00:00,2024-01-29 15:15:00.388000+00:00,148.333,147.878,147.874,147.908,147.864,147.898,45.50000000000125,1.3999999999981583,2.000000000001023,147.898,147.903,147.854,147.86,0.49999999999954525,0.6000000000000227,-4.899999999997817,-48.99999999997817,26775,-48.99999999997817,-42.00000000000159,-43.99999999998272,-39.99999999999204,-35.99999999997294,-43.99999999998272,2024-01-29 10:00:00+00:00,2024-01-29 08:00:00+00:00,147.90702522408338,147.79607272737076,11.095249671262764,Up,Up,Up,2024-01-26 18:00:00+00:00,64.0,2024-01-26 18:00:00+00:00,2024-01-26 22:00:00+00:00,2024-01-26 00:00:00+00:00,147.78548132617104,146.29573976868303,148.97415574880029,Up,Up,Up,2024-01-10 22:00:00+00:00,384.0,2024-01-10 22:00:00+00:00,Up,Up,147.97343531371672,147.64007385663945,147.8008616601856,146.13458670509024,common_intersection
RAW|2024-01-30|2024-01-30T07:30:00Z|1,2024-01-30,2024H1,1,LONG,asian_low,LONDON,2024-01-30 07:30:00+00:00,2024-01-30 07:45:00+00:00,2024-01-30 07:45:00.072000+00:00,2024-01-30 10:45:00+00:00,2024-01-30 10:45:00.647000+00:00,147.486,147.19,147.271,147.289,147.18,147.246,29.599999999999227,0.9999999999990905,5.60000000000116,147.246,147.251,147.243,147.25,0.49999999999954525,0.7000000000005002,-0.8000000000009777,-8.000000000009777,26853,-8.000000000009777,-8.000000000009777,-16.999999999995907,-8.000000000009777,-18.000000000000682,2.999999999985903,2024-01-30 06:00:00+00:00,2024-01-30 04:00:00+00:00,147.5538978892878,147.70799203310634,-15.40941438185257,Down,Down,Down,2024-01-29 22:00:00+00:00,8.0,2024-01-29 22:00:00+00:00,2024-01-29 22:00:00+00:00,2024-01-29 00:00:00+00:00,147.70048666155074,146.3911205871884,130.93660743623445,Up,Up,Up,2024-01-10 22:00:00+00:00,456.0,2024-01-10 22:00:00+00:00,Down,Up,147.62185704500294,147.78548132617104,147.73616525337644,146.29573976868303,common_intersection
RAW|2024-01-30|2024-01-30T13:15:00Z|-1,2024-01-30,2024H1,-1,SHORT,asian_high,LONDON_NY_OVERLAP,2024-01-30 13:15:00+00:00,2024-01-30 13:30:00+00:00,2024-01-30 13:30:00.905000+00:00,2024-01-30 16:30:00+00:00,2024-01-30 16:30:00.086000+00:00,147.486,147.19,147.543,147.576,147.469,147.485,29.599999999999227,9.000000000000341,0.09999999999763531,147.484,147.49,147.809,147.815,0.6000000000000227,0.6000000000000227,-33.099999999998886,-330.99999999998886,26876,-329.9999999999841,-328.00000000000296,-329.9999999999841,-325.9999999999934,-329.9999999999841,-328.9999999999793,2024-01-30 10:00:00+00:00,2024-01-30 08:00:00+00:00,147.50649849234844,147.68239267045786,-17.589417810941654,Down,Down,Down,2024-01-29 22:00:00+00:00,12.0,2024-01-29 22:00:00+00:00,2024-01-29 22:00:00+00:00,2024-01-29 00:00:00+00:00,147.70048666155074,146.3911205871884,130.93660743623445,Up,Up,Up,2024-01-10 22:00:00+00:00,456.0,2024-01-10 22:00:00+00:00,Down,Up,147.5538978892878,147.78548132617104,147.70799203310634,146.29573976868303,common_intersection
RAW|2024-01-31|2024-01-31T07:00:00Z|-1,2024-01-31,2024H1,-1,SHORT,asian_high,LONDON,2024-01-31 07:00:00+00:00,2024-01-31 07:15:00+00:00,2024-01-31 07:15:00.362000+00:00,2024-01-31 10:15:00+00:00,2024-01-31 10:15:00.404000+00:00,147.882,147.186,147.884,147.898,147.773,147.774,69.5999999999998,1.5999999999991132,10.80000000000041,147.773,147.778,147.768,147.773,0.49999999999954525,0.49999999999954525,-0.0,-0.0,26947,1.0000000000047748,-0.0,2.0000000000095497,-3.9999999999906777,-0.0,10.99999999999568,2024-01-31 06:00:00+00:00,2024-01-31 04:00:00+00:00,147.61946056932163,147.66730873669147,-4.784816736983544,Down,Down,Down,2024-01-29 22:00:00+00:00,32.0,2024-01-29 22:00:00+00:00,2024-01-30 22:00:00+00:00,2024-01-30 00:00:00+00:00,147.66977618682196,146.4872709402133,118.25052466086561,Up,Up,Up,2024-01-10 22:00:00+00:00,480.0,2024-01-10 22:00:00+00:00,Down,Up,147.5800447970503,147.70048666155074,147.66290080075157,146.3911205871884,common_intersection
RAW|2024-02-01|2024-02-01T12:15:00Z|-1,2024-02-01,2024H1,-1,SHORT,asian_high,LONDON_NY_OVERLAP,2024-02-01 12:15:00+00:00,2024-02-01 12:30:00+00:00,2024-02-01 12:30:00.081000+00:00,2024-02-01 15:30:00+00:00,2024-02-01 15:30:00.163000+00:00,147.08,146.473,147.011,147.114,147.01,147.053,60.69999999999993,3.3999999999991815,2.7000000000015234,147.053,147.059,146.551,146.558,0.6000000000000227,0.7000000000005002,49.500000000000455,495.00000000000455,27064,493.9999999999998,485.99999999999,504.0000000000191,468.9999999999941,500.0,491.9999999999902,2024-02-01 10:00:00+00:00,2024-02-01 08:00:00+00:00,146.93000749563564,147.3472291501747,-41.72216545390768,Down,Down,Down,2024-01-29 22:00:00+00:00,60.0,2024-01-29 22:00:00+00:00,2024-01-31 22:00:00+00:00,2024-01-31 00:00:00+00:00,147.43498299058712,146.51612926499624,91.88537255908784,Up,Up,Up,2024-01-10 22:00:00+00:00,504.0,2024-01-10 22:00:00+00:00,Down,Up,146.9852104938899,147.66977618682196,147.39550994584206,146.4872709402133,common_intersection
RAW|2024-02-02|2024-02-02T07:00:00Z|-1,2024-02-02,2024H1,-1,SHORT,asian_high,LONDON,2024-02-02 07:00:00+00:00,2024-02-02 07:15:00+00:00,2024-02-02 07:15:02.632000+00:00,2024-02-02 10:15:00+00:00,2024-02-02 10:15:00.175000+00:00,146.526,146.24,146.481,146.549,146.475,146.49,28.600000000000136,2.2999999999996135,3.6000000000001364,146.49,146.499,146.692,146.698,0.899999999998613,0.6000000000000227,-20.79999999999984,-207.9999999999984,27139,-207.9999999999984,-207.9999999999984,-206.00000000001728,-206.99999999999363,-206.99999999999363,-209.00000000000318,2024-02-02 06:00:00+00:00,2024-02-02 04:00:00+00:00,146.51376589658244,147.03598218405105,-52.221628746860915,Down,Down,Down,2024-01-29 22:00:00+00:00,80.0,2024-01-29 22:00:00+00:00,2024-02-01 22:00:00+00:00,2024-02-01 00:00:00+00:00,147.1412735647051,146.50739892379653,63.38746409085729,Up,Up,Up,2024-01-10 22:00:00+00:00,528.0,2024-01-10 22:00:00+00:00,Down,Up,146.54727225521543,147.43498299058712,147.088676287012,146.51612926499624,common_intersection
RAW|2024-02-05|2024-02-05T16:00:00Z|-1,2024-02-05,2024H1,-1,SHORT,asian_high,NEW_YORK,2024-02-05 16:00:00+00:00,2024-02-05 16:15:00+00:00,2024-02-05 16:15:01.110000+00:00,2024-02-05 19:15:00+00:00,2024-02-05 19:15:00.133000+00:00,148.82,148.266,148.874,148.892,148.772,148.819,55.400000000000205,7.200000000000273,0.10000000000047748,148.818,148.824,148.59,148.595,0.6000000000000227,0.49999999999954525,22.30000000000132,223.0000000000132,27271,223.0000000000132,225.00000000002274,221.00000000000364,213.99999999999864,223.0000000000132,213.99999999999864,2024-02-05 14:00:00+00:00,2024-02-05 12:00:00+00:00,148.26505474436195,147.6186311349819,64.64236093800366,Up,Up,Up,2024-02-02 18:00:00+00:00,68.0,2024-02-02 18:00:00+00:00,2024-02-02 22:00:00+00:00,2024-02-02 00:00:00+00:00,147.47462397478935,146.65144700989282,82.31769648965326,Up,Up,Up,2024-01-10 22:00:00+00:00,552.0,2024-01-10 22:00:00+00:00,Up,Up,148.14427664210672,147.1412735647051,147.53616427715426,146.50739892379653,common_intersection
RAW|2024-02-06|2024-02-06T09:00:00Z|-1,2024-02-06,2024H1,-1,SHORT,asian_high,LONDON,2024-02-06 09:00:00+00:00,2024-02-06 09:15:00+00:00,2024-02-06 09:15:00.218000+00:00,2024-02-06 12:15:00+00:00,2024-02-06 12:15:00.039000+00:00,148.671,148.358,148.651,148.692,148.537,148.553,31.299999999998818,2.1000000000015007,11.7999999999995,148.558,148.562,148.71,148.716,0.40000000000190994,0.6000000000000227,-15.800000000001546,-158.00000000001546,27339,-163.0000000000109,-159.00000000002024,-163.0000000000109,-157.0000000000107,-162.00000000000614,-159.00000000002024,2024-02-06 06:00:00+00:00,2024-02-06 04:00:00+00:00,148.46137659942784,147.88371755377784,57.76590456499946,Up,Up,Up,2024-02-02 18:00:00+00:00,84.0,2024-02-02 18:00:00+00:00,2024-02-05 22:00:00+00:00,2024-02-05 00:00:00+00:00,147.81530283913526,146.8126912491014,100.26115900338652,Up,Up,Up,2024-01-10 22:00:00+00:00,624.0,2024-01-10 22:00:00+00:00,Up,Up,148.47152723919896,147.47462397478935,147.8356929932368,146.65144700989282,common_intersection
RAW|2024-02-07|2024-02-07T09:00:00Z|-1,2024-02-07,2024H1,-1,SHORT,asian_high,LONDON,2024-02-07 09:00:00+00:00,2024-02-07 09:15:00+00:00,2024-02-07 09:15:00.117000+00:00,2024-02-07 12:15:00+00:00,2024-02-07 12:15:00.089000+00:00,148.06,147.709,148.07,148.076,148.01,148.033,35.09999999999991,1.5999999999991132,2.7000000000015234,148.033,148.039,148.158,148.162,0.6000000000000227,0.40000000000190994,-12.90000000000191,-129.0000000000191,27435,-129.0000000000191,-129.0000000000191,-131.00000000000023,-131.00000000000023,-129.99999999999545,-133.00000000000978,2024-02-07 06:00:00+00:00,2024-02-07 04:00:00+00:00,148.07033052015794,147.97263952773295,9.769099242498669,Up,Up,Up,2024-02-02 18:00:00+00:00,108.0,2024-02-02 18:00:00+00:00,2024-02-06 22:00:00+00:00,2024-02-06 00:00:00+00:00,147.84921631366805,146.9023959491733,94.6820364494755,Up,Up,Up,2024-01-10 22:00:00+00:00,648.0,2024-01-10 22:00:00+00:00,Up,Up,148.1188627282211,147.81530283913526,147.97469513884013,146.8126912491014,common_intersection
RAW|2024-02-07|2024-02-07T14:45:00Z|1,2024-02-07,2024H1,1,LONG,asian_low,LONDON_NY_OVERLAP,2024-02-07 14:45:00+00:00,2024-02-07 15:00:00+00:00,2024-02-07 15:00:00.209000+00:00,2024-02-07 18:00:00+00:00,2024-02-07 18:00:00.313000+00:00,148.06,147.709,147.825,147.834,147.618,147.783,35.09999999999991,9.100000000000819,7.399999999998386,147.783,147.786,148.135,148.14,0.30000000000143245,0.49999999999954525,34.899999999998954,348.99999999998954,27458,358.99999999998045,336.00000000001273,362.99999999999955,336.9999999999891,325.9999999999934,343.9999999999941,2024-02-07 14:00:00+00:00,2024-02-07 12:00:00+00:00,148.0703727143663,147.98513329627318,8.523941809312419,Up,Up,Up,2024-02-02 18:00:00+00:00,116.0,2024-02-02 18:00:00+00:00,2024-02-06 22:00:00+00:00,2024-02-06 00:00:00+00:00,147.84921631366805,146.9023959491733,94.6820364494755,Up,Up,Up,2024-01-10 22:00:00+00:00,648.0,2024-01-10 22:00:00+00:00,Up,Up,148.02652180011282,147.81530283913526,147.96818836551432,146.8126912491014,common_intersection
RAW|2024-02-08|2024-02-08T07:00:00Z|-1,2024-02-08,2024H1,-1,SHORT,asian_high,LONDON,2024-02-08 07:00:00+00:00,2024-02-08 07:15:00+00:00,2024-02-08 07:15:00.030000+00:00,2024-02-08 10:15:00+00:00,2024-02-08 10:15:00.185000+00:00,148.737,147.93,148.727,148.762,148.695,148.698,80.6999999999988,2.5000000000005684,3.8999999999987267,148.699,148.705,148.78,148.787,0.6000000000000227,0.7000000000005002,-8.799999999999386,-87.99999999999386,27523,-88.99999999999864,-88.99999999999864,-97.00000000000841,-77.99999999997453,-103.00000000000864,-80.99999999998886,2024-02-08 06:00:00+00:00,2024-02-08 04:00:00+00:00,148.28277173947478,148.07724218051172,20.552955896306457,Up,Up,Up,2024-02-02 18:00:00+00:00,132.0,2024-02-02 18:00:00+00:00,2024-02-07 22:00:00+00:00,2024-02-07 00:00:00+00:00,147.9411545097629,147.00388427323944,93.72702365234602,Up,Up,Up,2024-01-10 22:00:00+00:00,672.0,2024-01-10 22:00:00+00:00,Up,Up,148.1630804352647,147.84921631366805,148.03335019620837,146.9023959491733,common_intersection
RAW|2024-02-09|2024-02-09T07:15:00Z|1,2024-02-09,2024H1,1,LONG,asian_low,LONDON,2024-02-09 07:15:00+00:00,2024-02-09 07:30:00+00:00,2024-02-09 07:30:00.131000+00:00,2024-02-09 10:30:00+00:00,2024-02-09 10:30:00.110000+00:00,149.488,149.234,149.311,149.328,149.213,149.265,25.399999999999068,2.1000000000015007,3.099999999997749,149.265,149.271,149.349,149.356,0.6000000000000227,0.7000000000005002,7.800000000000296,78.00000000000296,27620,74.99999999998863,84.00000000000318,78.00000000000296,87.00000000001751,76.99999999999818,92.00000000001296,2024-02-09 06:00:00+00:00,2024-02-09 04:00:00+00:00,149.17490098878267,148.54625568614955,62.864530263311735,Up,Up,Up,2024-02-02 18:00:00+00:00,156.0,2024-02-02 18:00:00+00:00,2024-02-08 22:00:00+00:00,2024-02-08 00:00:00+00:00,148.33139607840207,147.1881335313803,114.32625470217772,Up,Up,Up,2024-01-10 22:00:00+00:00,696.0,2024-01-10 22:00:00+00:00,Up,Up,149.08606138429573,147.9411545097629,148.47227791972776,147.00388427323944,common_intersection
RAW|2024-02-09|2024-02-09T12:30:00Z|-1,2024-02-09,2024H1,-1,SHORT,asian_high,LONDON_NY_OVERLAP,2024-02-09 12:30:00+00:00,2024-02-09 12:45:00+00:00,2024-02-09 12:45:00.759000+00:00,2024-02-09 15:45:00+00:00,2024-02-09 15:45:00.100000+00:00,149.488,149.234,149.433,149.507,149.433,149.485,25.399999999999068,1.9000000000005457,0.2999999999985903,149.487,149.493,149.355,149.358,0.6000000000000227,0.30000000000143245,12.899999999999068,128.99999999999068,27641,131.00000000000023,125.0,132.000000000005,123.99999999999523,133.99999999998613,111.99999999999477,2024-02-09 10:00:00+00:00,2024-02-09 08:00:00+00:00,149.2449292777019,148.61615523125758,62.877404644433454,Up,Up,Up,2024-02-02 18:00:00+00:00,160.0,2024-02-02 18:00:00+00:00,2024-02-08 22:00:00+00:00,2024-02-08 00:00:00+00:00,148.33139607840207,147.1881335313803,114.32625470217772,Up,Up,Up,2024-01-10 22:00:00+00:00,696.0,2024-01-10 22:00:00+00:00,Up,Up,149.17490098878267,147.9411545097629,148.54625568614955,147.00388427323944,common_intersection
RAW|2024-02-12|2024-02-12T07:15:00Z|1,2024-02-12,2024H1,1,LONG,asian_low,LONDON,2024-02-12 07:15:00+00:00,2024-02-12 07:30:00+00:00,2024-02-12 07:30:00.523000+00:00,2024-02-12 10:30:00+00:00,2024-02-12 10:30:00.981000+00:00,149.251,149.107,149.164,149.187,149.097,149.13,14.400000000000546,0.9999999999990905,2.2999999999996135,149.131,149.138,149.049,149.055,0.7000000000005002,0.6000000000000227,-8.899999999999864,-88.99999999999864,27716,-90.99999999997976,-90.00000000000341,-88.99999999999864,-88.99999999999864,-91.99999999998454,-86.00000000001273,2024-02-12 06:00:00+00:00,2024-02-12 04:00:00+00:00,149.24396501414998,148.83803816566976,40.59268484802203,Up,Up,Up,2024-02-02 18:00:00+00:00,228.0,2024-02-02 18:00:00+00:00,2024-02-09 22:00:00+00:00,2024-02-09 00:00:00+00:00,148.59556862743005,147.35356284886987,124.20057785601841,Up,Up,Up,2024-01-10 22:00:00+00:00,720.0,2024-01-10 22:00:00+00:00,Up,Up,149.25835101980996,148.33139607840207,148.80586757138016,147.1881335313803,common_intersection
RAW|2024-02-13|2024-02-13T07:00:00Z|-1,2024-02-13,2024H1,-1,SHORT,asian_high,LONDON,2024-02-13 07:00:00+00:00,2024-02-13 07:15:00+00:00,2024-02-13 07:15:00.299000+00:00,2024-02-13 10:15:00+00:00,2024-02-13 10:15:00.154000+00:00,149.577,149.28,149.471,149.58,149.459,149.533,29.699999999999704,0.30000000000143245,4.400000000001114,149.531,149.538,149.53,149.535,0.7000000000005002,0.49999999999954525,-0.39999999999906777,-3.9999999999906777,27811,-4.9999999999954525,-2.999999999985903,-2.0000000000095497,-6.000000000000227,3.9999999999906777,-4.9999999999954525,2024-02-13 06:00:00+00:00,2024-02-13 04:00:00+00:00,149.36072217652588,149.02929144583314,33.143073069274465,Up,Up,Up,2024-02-02 18:00:00+00:00,252.0,2024-02-02 18:00:00+00:00,2024-02-12 22:00:00+00:00,2024-02-12 00:00:00+00:00,148.80597759102147,147.5118378209603,129.41397700611788,Up,Up,Up,2024-01-10 22:00:00+00:00,792.0,2024-01-10 22:00:00+00:00,Up,Up,149.28501104713624,148.59556862743005,148.98401244112296,147.35356284886987,common_intersection
RAW|2024-02-13|2024-02-13T13:15:00Z|1,2024-02-13,2024H1,1,LONG,asian_low,LONDON_NY_OVERLAP,2024-02-13 13:15:00+00:00,2024-02-13 13:30:00+00:00,2024-02-13 13:30:00.093000+00:00,2024-02-13 16:30:00+00:00,2024-02-13 16:30:00.175000+00:00,149.577,149.28,149.3,149.342,149.274,149.31,29.699999999999704,0.6000000000000227,3.0000000000001137,149.309,149.344,150.679,150.687,3.499999999999659,0.8000000000009777,133.5000000000008,1335.000000000008,27836,1414.0000000000157,1337.0000000000175,750.0,1334.0000000000032,762.0000000000005,1337.0000000000175,2024-02-13 10:00:00+00:00,2024-02-13 08:00:00+00:00,149.4219444118042,149.0729481301665,34.89962816376817,Up,Up,Up,2024-02-02 18:00:00+00:00,256.0,2024-02-02 18:00:00+00:00,2024-02-12 22:00:00+00:00,2024-02-12 00:00:00+00:00,148.80597759102147,147.5118378209603,129.41397700611788,Up,Up,Up,2024-01-10 22:00:00+00:00,792.0,2024-01-10 22:00:00+00:00,Up,Up,149.36072217652588,148.59556862743005,149.02929144583314,147.35356284886987,common_intersection
RAW|2024-02-14|2024-02-14T07:15:00Z|1,2024-02-14,2024H1,1,LONG,asian_low,LONDON,2024-02-14 07:15:00+00:00,2024-02-14 07:30:00+00:00,2024-02-14 07:30:00.263000+00:00,2024-02-14 10:30:00+00:00,2024-02-14 10:30:00.096000+00:00,150.775,150.416,150.398,150.474,150.343,150.436,35.90000000000089,7.30000000000075,2.000000000001023,150.435,150.441,150.668,150.674,0.6000000000000227,0.6000000000000227,22.700000000000387,227.00000000000387,27908,222.0000000000084,227.00000000000387,221.00000000000364,228.00000000000864,211.00000000001273,227.00000000000387,2024-02-14 06:00:00+00:00,2024-02-14 04:00:00+00:00,150.3774147847259,149.59625487287914,78.11599118467427,Up,Up,Up,2024-02-02 18:00:00+00:00,276.0,2024-02-02 18:00:00+00:00,2024-02-13 22:00:00+00:00,2024-02-13 00:00:00+00:00,149.36969827930105,147.7732107952835,159.64874840175582,Up,Up,Up,2024-01-10 22:00:00+00:00,816.0,2024-01-10 22:00:00+00:00,Up,Up,150.32158069861623,148.80597759102147,149.51619007921647,147.5118378209603,common_intersection
RAW|2024-02-15|2024-02-15T07:00:00Z|1,2024-02-15,2024H1,1,LONG,asian_low,LONDON,2024-02-15 07:00:00+00:00,2024-02-15 07:15:00+00:00,2024-02-15 07:15:00.032000+00:00,2024-02-15 10:15:00+00:00,2024-02-15 10:15:01.139000+00:00,150.555,150.075,150.091,150.138,150.053,150.132,48.00000000000182,2.199999999999136,5.700000000001637,150.134,150.14,150.072,150.076,0.6000000000000227,0.39999999999906777,-6.799999999998363,-67.99999999998363,28003,-72.00000000000273,-67.99999999998363,-81.99999999999363,-70.99999999999795,-78.00000000000296,-71.9999999999743,2024-02-15 06:00:00+00:00,2024-02-15 04:00:00+00:00,150.35181519614568,149.921880774612,42.99344215336873,Up,Up,Up,2024-02-02 18:00:00+00:00,300.0,2024-02-02 18:00:00+00:00,2024-02-14 22:00:00+00:00,2024-02-14 00:00:00+00:00,149.70235591378645,147.9940739316608,170.82819821256408,Up,Up,Up,2024-01-10 22:00:00+00:00,840.0,2024-01-10 22:00:00+00:00,Up,Up,150.42054127460395,149.36969827930105,149.89943562457825,147.7732107952835,common_intersection
RAW|2024-02-16|2024-02-16T13:15:00Z|-1,2024-02-16,2024H1,-1,SHORT,asian_high,LONDON_NY_OVERLAP,2024-02-16 13:15:00+00:00,2024-02-16 13:30:00+00:00,2024-02-16 13:30:00.131000+00:00,2024-02-16 16:30:00+00:00,2024-02-16 16:30:00.084000+00:00,150.365,149.923,150.323,150.372,150.317,150.33,44.20000000000073,0.7000000000005002,3.499999999999659,150.329,150.358,150.281,150.285,2.899999999999636,0.39999999999906777,4.400000000001114,44.00000000001114,28124,45.99999999999227,50.00000000001137,293.00000000000637,45.000000000015916,300.00000000001137,40.000000000020464,2024-02-16 10:00:00+00:00,2024-02-16 08:00:00+00:00,150.14781196634402,149.98734562577602,16.046634056800713,Up,Up,Up,2024-02-02 18:00:00+00:00,328.0,2024-02-02 18:00:00+00:00,2024-02-15 22:00:00+00:00,2024-02-15 00:00:00+00:00,149.75996850984745,148.14686801712796,161.31004927194965,Up,Up,Up,2024-01-10 22:00:00+00:00,864.0,2024-01-10 22:00:00+00:00,Up,Up,150.09253675288164,149.70235591378645,149.9613756801913,147.9940739316608,common_intersection
RAW|2024-02-19|2024-02-19T19:00:00Z|-1,2024-02-19,2024H1,-1,SHORT,asian_high,NEW_YORK,2024-02-19 19:00:00+00:00,2024-02-19 19:15:00+00:00,2024-02-19 19:15:00.678000+00:00,2024-02-19 22:15:00+00:00,2024-02-19 22:15:02.393000+00:00,150.147,149.871,150.151,150.156,150.13,150.144,27.599999999998204,0.9000000000014552,0.2999999999985903,150.143,150.151,150.131,150.161,0.8000000000009777,3.0000000000001137,-1.8000000000000682,-18.000000000000682,28243,-18.000000000000682,-18.000000000000682,-27.000000000015234,-8.000000000009777,-26.00000000001046,-8.99999999998613,2024-02-19 18:00:00+00:00,2024-02-19 16:00:00+00:00,150.07827959149904,150.0441188820422,3.4160709456841687,Up,Up,Up,2024-02-02 18:00:00+00:00,408.0,2024-02-02 18:00:00+00:00,2024-02-16 22:00:00+00:00,2024-02-16 00:00:00+00:00,149.8802632213196,148.30959857575772,157.0664645561891,Up,Up,Up,2024-01-10 22:00:00+00:00,888.0,2024-01-10 22:00:00+00:00,Up,Up,150.03439142809864,149.75996850984745,150.03160748048063,148.14686801712796,common_intersection
RAW|2024-02-20|2024-02-20T11:15:00Z|1,2024-02-20,2024H1,1,LONG,asian_low,LONDON,2024-02-20 11:15:00+00:00,2024-02-20 11:30:00+00:00,2024-02-20 11:30:00.046000+00:00,2024-02-20 14:30:00+00:00,2024-02-20 14:30:00.734000+00:00,150.437,150.191,150.189,150.225,150.176,150.217,24.600000000000932,1.500000000001478,2.600000000001046,150.217,150.224,149.811,149.816,0.699999999997658,0.49999999999954525,-41.29999999999825,-412.9999999999825,28308,-412.00000000000614,-415.9999999999968,-413.99999999998727,-412.9999999999825,-413.99999999998727,-418.9999999999827,2024-02-20 10:00:00+00:00,2024-02-20 08:00:00+00:00,150.23354216771634,150.10852595217813,12.501621553820996,Up,Up,Up,2024-02-02 18:00:00+00:00,424.0,2024-02-02 18:00:00+00:00,2024-02-19 22:00:00+00:00,2024-02-19 00:00:00+00:00,149.94075944379972,148.45219068969712,148.85687541026016,Up,Up,Up,2024-01-10 22:00:00+00:00,960.0,2024-01-10 22:00:00+00:00,Up,Up,150.21695903480287,149.8802632213196,150.09404994801972,148.30959857575772,common_intersection
RAW|2024-02-21|2024-02-21T07:00:00Z|-1,2024-02-21,2024H1,-1,SHORT,asian_high,LONDON,2024-02-21 07:00:00+00:00,2024-02-21 07:15:00+00:00,2024-02-21 07:15:00.152000+00:00,2024-02-21 10:15:00+00:00,2024-02-21 10:15:00.039000+00:00,150.091,149.851,150.059,150.103,150.025,150.047,24.00000000000091,1.2000000000000455,4.400000000001114,150.047,150.051,150.087,150.094,0.39999999999906777,0.7000000000005002,-4.699999999999704,-46.999999999997044,28387,-46.999999999997044,-46.999999999997044,-45.99999999999227,-45.99999999999227,-49.99999999998295,-48.00000000000182,2024-02-21 06:00:00+00:00,2024-02-21 04:00:00+00:00,150.02358025073562,150.0616280943227,-3.804784358709412,Down,Down,Down,2024-02-20 22:00:00+00:00,8.0,2024-02-20 22:00:00+00:00,2024-02-20 22:00:00+00:00,2024-02-20 00:00:00+00:00,149.95597103128551,148.57553543452136,138.04355967641584,Up,Up,Up,2024-01-10 22:00:00+00:00,984.0,2024-01-10 22:00:00+00:00,Down,Up,150.04021235102988,149.94075944379972,150.0685522764377,148.45219068969712,common_intersection
RAW|2024-02-22|2024-02-22T08:30:00Z|1,2024-02-22,2024H1,1,LONG,asian_low,LONDON,2024-02-22 08:30:00+00:00,2024-02-22 08:45:00+00:00,2024-02-22 08:45:00.229000+00:00,2024-02-22 11:45:00+00:00,2024-02-22 11:45:07.301000+00:00,150.456,150.203,150.136,150.243,150.064,150.237,25.29999999999859,13.900000000001,3.3999999999991815,150.236,150.243,150.219,150.225,0.7000000000005002,0.6000000000000227,-2.400000000000091,-24.00000000000091,28489,-24.00000000000091,-24.00000000000091,-24.00000000000091,-24.00000000000091,-25.000000000005684,-24.00000000000091,2024-02-22 06:00:00+00:00,2024-02-22 04:00:00+00:00,150.23219108889785,150.13082149097653,10.136959792131961,Up,Up,Up,2024-02-21 18:00:00+00:00,12.0,2024-02-21 18:00:00+00:00,2024-02-21 22:00:00+00:00,2024-02-21 00:00:00+00:00,150.05255073663253,148.71301259975965,133.9538136872875,Up,Up,Up,2024-01-10 22:00:00+00:00,1008.0,2024-01-10 22:00:00+00:00,Up,Up,150.212267524457,149.95597103128551,150.11767553367014,148.57553543452136,common_intersection
RAW|2024-02-22|2024-02-22T13:15:00Z|-1,2024-02-22,2024H1,-1,SHORT,asian_high,LONDON_NY_OVERLAP,2024-02-22 13:15:00+00:00,2024-02-22 13:30:00+00:00,2024-02-22 13:30:00.013000+00:00,2024-02-22 16:30:00+00:00,2024-02-22 16:30:00.284000+00:00,150.456,150.203,150.427,150.469,150.406,150.436,25.29999999999859,1.300000000000523,1.999999999998181,150.435,150.458,150.536,150.542,2.2999999999996135,0.6000000000000227,-10.699999999999932,-106.99999999999932,28508,-6.000000000000227,-103.999999999985,32.00000000001069,-103.999999999985,13.00000000000523,-105.99999999999454,2024-02-22 10:00:00+00:00,2024-02-22 08:00:00+00:00,150.21556506349847,150.1342757716984,8.12892918000614,Up,Up,Up,2024-02-21 18:00:00+00:00,16.0,2024-02-21 18:00:00+00:00,2024-02-21 22:00:00+00:00,2024-02-21 00:00:00+00:00,150.05255073663253,148.71301259975965,133.9538136872875,Up,Up,Up,2024-01-10 22:00:00+00:00,1008.0,2024-01-10 22:00:00+00:00,Up,Up,150.23219108889785,149.95597103128551,150.13082149097653,148.57553543452136,common_intersection
RAW|2024-02-23|2024-02-23T08:45:00Z|-1,2024-02-23,2024H1,-1,SHORT,asian_high,LONDON,2024-02-23 08:45:00+00:00,2024-02-23 09:00:00+00:00,2024-02-23 09:00:00.031000+00:00,2024-02-23 12:00:00+00:00,2024-02-23 12:00:00.179000+00:00,150.65,150.37,150.656,150.674,150.624,150.626,28.000000000000114,2.400000000000091,2.400000000000091,150.626,150.631,150.654,150.66,0.49999999999954525,0.6000000000000227,-3.3999999999991815,-33.999999999991815,28586,-27.999999999991587,-31.999999999982265,-16.999999999995907,-27.999999999991587,-15.999999999991132,-25.000000000005684,2024-02-23 06:00:00+00:00,2024-02-23 04:00:00+00:00,150.48635978005788,150.27563827560866,21.0721504449225,Up,Up,Up,2024-02-21 18:00:00+00:00,36.0,2024-02-21 18:00:00+00:00,2024-02-22 22:00:00+00:00,2024-02-22 00:00:00+00:00,150.18582195473752,148.85749159177888,132.83303629586385,Up,Up,Up,2024-01-10 22:00:00+00:00,1032.0,2024-01-10 22:00:00+00:00,Up,Up,150.43930369208104,150.05255073663253,150.24708508218333,148.71301259975965,common_intersection
RAW|2024-02-23|2024-02-23T13:15:00Z|1,2024-02-23,2024H1,1,LONG,asian_low,LONDON_NY_OVERLAP,2024-02-23 13:15:00+00:00,2024-02-23 13:30:00+00:00,2024-02-23 13:30:00.049000+00:00,2024-02-23 16:30:00+00:00,2024-02-23 16:30:00.108000+00:00,150.65,150.37,150.35,150.464,150.331,150.451,28.000000000000114,3.900000000001569,8.099999999998886,150.451,150.457,150.347,150.351,0.6000000000000227,0.39999999999906777,-10.999999999998522,-109.99999999998522,28604,-110.99999999999,-110.99999999999,-118.99999999999977,-110.99999999999,-112.99999999999955,-120.9999999999809,2024-02-23 10:00:00+00:00,2024-02-23 08:00:00+00:00,150.56054270004137,150.31326721355998,24.72754864813851,Up,Up,Up,2024-02-21 18:00:00+00:00,40.0,2024-02-21 18:00:00+00:00,2024-02-22 22:00:00+00:00,2024-02-22 00:00:00+00:00,150.18582195473752,148.85749159177888,132.83303629586385,Up,Up,Up,2024-01-10 22:00:00+00:00,1032.0,2024-01-10 22:00:00+00:00,Up,Up,150.48635978005788,150.05255073663253,150.27563827560866,148.71301259975965,common_intersection
RAW|2024-02-27|2024-02-27T15:15:00Z|1,2024-02-27,2024H1,1,LONG,asian_low,LONDON_NY_OVERLAP,2024-02-27 15:15:00+00:00,2024-02-27 15:30:00+00:00,2024-02-27 15:30:00.024000+00:00,2024-02-27 18:30:00+00:00,2024-02-27 18:30:00.111000+00:00,150.609,150.404,150.367,150.484,150.337,150.484,20.50000000000125,6.700000000000728,8.00000000000125,150.482,150.487,150.351,150.355,0.49999999999954525,0.39999999999906777,-13.599999999999568,-135.99999999999568,28804,-135.99999999999568,-135.99999999999568,-143.00000000000068,-138.00000000000523,-149.0000000000009,-132.000000000005,2024-02-27 14:00:00+00:00,2024-02-27 12:00:00+00:00,150.42493805095552,150.43076473044192,-0.5826679486403918,Down,Up,Transition,2024-02-27 14:00:00+00:00,0.0,2024-02-27 14:00:00+00:00,2024-02-26 22:00:00+00:00,2024-02-26 00:00:00+00:00,150.3881948748661,149.12291368328164,126.52811915844495,Up,Up,Up,2024-01-10 22:00:00+00:00,1128.0,2024-01-10 22:00:00+00:00,Up,Up,150.4865132713377,150.2678728248125,150.44465731569773,148.98673226443657,common_intersection
RAW|2024-02-28|2024-02-28T07:00:00Z|-1,2024-02-28,2024H1,-1,SHORT,asian_high,LONDON,2024-02-28 07:00:00+00:00,2024-02-28 07:15:00+00:00,2024-02-28 07:15:00.039000+00:00,2024-02-28 10:15:00+00:00,2024-02-28 10:15:00.183000+00:00,150.684,150.373,150.68,150.69,150.651,150.663,31.100000000000705,0.6000000000000227,2.0999999999986585,150.663,150.667,150.714,150.716,0.39999999999906777,0.20000000000095497,-5.299999999999727,-52.99999999999727,28867,-52.99999999999727,-54.000000000002046,-49.000000000006594,-54.9999999999784,-34.000000000020236,-49.99999999998295,2024-02-28 06:00:00+00:00,2024-02-28 04:00:00+00:00,150.47983768506754,150.44601006318493,3.3827621882608128,Up,Down,Transition,2024-02-28 06:00:00+00:00,0.0,2024-02-28 06:00:00+00:00,2024-02-27 22:00:00+00:00,2024-02-27 00:00:00+00:00,150.42099633919005,149.23332058861914,118.76757505709179,Up,Up,Up,2024-01-10 22:00:00+00:00,1152.0,2024-01-10 22:00:00+00:00,Transition,Up,150.43217275909456,150.3881948748661,150.43270659041838,149.12291368328164,common_intersection
RAW|2024-02-29|2024-02-29T07:00:00Z|1,2024-02-29,2024H1,1,LONG,asian_low,LONDON,2024-02-29 07:00:00+00:00,2024-02-29 07:15:00+00:00,2024-02-29 07:15:04.412000+00:00,2024-02-29 10:15:00+00:00,2024-02-29 10:15:00.399000+00:00,150.656,149.694,149.75,149.754,149.622,149.749,96.20000000000175,7.199999999997431,5.500000000000682,149.749,149.752,149.895,149.899,0.30000000000143245,0.39999999999906777,14.300000000000068,143.00000000000068,28963,143.00000000000068,149.99999999997726,147.00000000001978,149.99999999997726,152.00000000001523,147.99999999999613,2024-02-29 06:00:00+00:00,2024-02-29 04:00:00+00:00,150.34517546115293,150.44837251764446,-10.31970564915241,Down,Up,Transition,2024-02-29 06:00:00+00:00,0.0,2024-02-29 06:00:00+00:00,2024-02-28 22:00:00+00:00,2024-02-28 00:00:00+00:00,150.49528309942147,149.34913494152963,114.61481578918438,Up,Up,Up,2024-01-10 22:00:00+00:00,1176.0,2024-01-10 22:00:00+00:00,Up,Up,150.5208456456141,150.42099633919005,150.4955353452657,149.23332058861914,common_intersection
RAW|2024-03-01|2024-03-01T11:15:00Z|-1,2024-03-01,2024H1,-1,SHORT,asian_high,LONDON,2024-03-01 11:15:00+00:00,2024-03-01 11:30:00+00:00,2024-03-01 11:30:00.179000+00:00,2024-03-01 14:30:00+00:00,2024-03-01 14:30:00.072000+00:00,150.478,150.058,150.381,150.483,150.381,150.444,42.00000000000159,0.49999999999954525,3.4000000000020236,150.443,150.447,150.602,150.605,0.39999999999906777,0.2999999999985903,-16.19999999999777,-161.99999999997772,29076,-161.99999999997772,-169.9999999999875,-161.99999999997772,-177.99999999999727,-167.99999999997794,-167.0000000000016,2024-03-01 10:00:00+00:00,2024-03-01 08:00:00+00:00,150.33040039791797,150.33311946960816,-0.27190716901941414,Down,Down,Down,2024-02-29 06:00:00+00:00,28.0,2024-02-29 06:00:00+00:00,2024-02-29 22:00:00+00:00,2024-02-29 00:00:00+00:00,150.34463078530104,149.39864414620726,94.59866390937748,Up,Up,Up,2024-01-10 22:00:00+00:00,1200.0,2024-01-10 22:00:00+00:00,Down,Up,150.21296055708518,150.49528309942147,150.30782551044368,149.34913494152963,common_intersection
RAW|2024-03-04|2024-03-04T07:30:00Z|-1,2024-03-04,2024H1,-1,SHORT,asian_high,LONDON,2024-03-04 07:30:00+00:00,2024-03-04 07:45:00+00:00,2024-03-04 07:45:00.045000+00:00,2024-03-04 10:45:00+00:00,2024-03-04 10:45:01.688000+00:00,150.386,149.837,150.388,150.394,150.333,150.334,54.90000000000066,0.8000000000009777,5.19999999999925,150.335,150.34,150.424,150.427,0.49999999999954525,0.2999999999985903,-9.199999999998454,-91.99999999998454,29157,-92.99999999998931,-91.99999999998454,-94.99999999999886,-96.00000000000364,-96.00000000000364,-98.99999999998954,2024-03-04 06:00:00+00:00,2024-03-04 04:00:00+00:00,150.24651128955156,150.30365146033938,-5.714017078781808,Down,Down,Down,2024-03-01 22:00:00+00:00,56.0,2024-03-01 22:00:00+00:00,2024-03-01 22:00:00+00:00,2024-03-01 00:00:00+00:00,150.2644505609293,149.45187261451068,81.2577946418628,Up,Up,Up,2024-01-10 22:00:00+00:00,1224.0,2024-01-10 22:00:00+00:00,Down,Up,150.2243158053722,150.34463078530104,150.30379506558629,149.39864414620726,common_intersection
RAW|2024-03-05|2024-03-05T07:45:00Z|1,2024-03-05,2024H1,1,LONG,asian_low,LONDON,2024-03-05 07:45:00+00:00,2024-03-05 08:00:00+00:00,2024-03-05 08:00:00.075000+00:00,2024-03-05 11:00:00+00:00,2024-03-05 11:00:00.452000+00:00,150.545,150.351,150.434,150.449,150.347,150.419,19.39999999999884,0.39999999999906777,6.800000000001205,150.419,150.425,150.408,150.413,0.6000000000000227,0.5000000000023874,-1.700000000002433,-17.00000000002433,29254,-17.00000000002433,-19.000000000005457,-9.000000000014552,-22.00000000001978,-9.000000000014552,-20.000000000010232,2024-03-05 06:00:00+00:00,2024-03-05 04:00:00+00:00,150.4461701918354,150.36471684443134,8.14533474040502,Up,Up,Up,2024-03-04 18:00:00+00:00,12.0,2024-03-04 18:00:00+00:00,2024-03-04 22:00:00+00:00,2024-03-04 00:00:00+00:00,150.33689325780665,149.53716280534982,79.97304524568278,Up,Up,Up,2024-01-10 22:00:00+00:00,1296.0,2024-01-10 22:00:00+00:00,Up,Up,150.42583826856955,150.2644505609293,150.3532139613384,149.45187261451068,common_intersection
RAW|2024-03-07|2024-03-07T07:15:00Z|1,2024-03-07,2024H1,1,LONG,asian_low,LONDON,2024-03-07 07:15:00+00:00,2024-03-07 07:30:00+00:00,2024-03-07 07:30:00.082000+00:00,2024-03-07 10:30:00+00:00,2024-03-07 10:30:00.060000+00:00,149.259,148.114,148.099,148.251,148.078,148.242,114.49999999999818,3.6000000000001364,12.79999999999859,148.242,148.247,147.96,147.964,0.5000000000023874,0.39999999999906777,-28.700000000000614,-287.00000000000614,29444,-283.9999999999918,-295.0000000000159,-269.00000000000546,-294.00000000001114,-263.00000000000523,-300.00000000001137,2024-03-07 06:00:00+00:00,2024-03-07 04:00:00+00:00,149.10835439578514,149.80050308825324,-69.21486924680949,Down,Down,Down,2024-03-05 14:00:00+00:00,40.0,2024-03-05 14:00:00+00:00,2024-03-06 22:00:00+00:00,2024-03-06 00:00:00+00:00,149.99323125398297,149.55882419844812,43.440705553484804,Up,Up,Up,2024-01-10 22:00:00+00:00,1344.0,2024-01-10 22:00:00+00:00,Down,Up,149.2968961540992,150.25092375557617,149.90167726984046,149.57706978092185,common_intersection
RAW|2024-03-11|2024-03-11T09:45:00Z|1,2024-03-11,2024H1,1,LONG,asian_low,LONDON,2024-03-11 09:45:00+00:00,2024-03-11 10:00:00+00:00,2024-03-11 10:00:00.674000+00:00,2024-03-11 13:00:00+00:00,2024-03-11 13:00:00.128000+00:00,147.087,146.537,146.64,146.644,146.483,146.611,54.999999999998295,5.400000000000205,7.399999999998386,146.613,146.616,146.825,146.83,0.30000000000143245,0.5000000000023874,20.899999999997476,208.99999999997476,29650,206.99999999999363,207.9999999999984,209.99999999997954,204.99999999998408,211.9999999999891,197.99999999997908,2024-03-11 09:00:00+00:00,2024-03-11 08:00:00+00:00,146.9754156434251,148.11582917330207,-114.04135298769802,Down,Down,Down,2024-03-05 14:00:00+00:00,139.0,2024-03-05 14:00:00+00:00,2024-03-08 22:00:00+00:00,2024-03-08 00:00:00+00:00,148.7471588030525,149.24443840156647,-49.72795985139555,Down,Down,Down,2024-03-07 22:00:00+00:00,24.0,2024-03-07 22:00:00+00:00,Down,Transition,147.07878190079515,149.43402232427354,148.23746649271965,149.43699826257227,common_intersection
RAW|2024-03-11|2024-03-11T14:15:00Z|-1,2024-03-11,2024H1,-1,SHORT,asian_high,LONDON_NY_OVERLAP,2024-03-11 14:15:00+00:00,2024-03-11 14:30:00+00:00,2024-03-11 14:30:00.062000+00:00,2024-03-11 17:30:00+00:00,2024-03-11 17:30:05.153000+00:00,147.087,146.537,147.092,147.092,146.98,147.005,54.999999999998295,0.5000000000023874,8.199999999999363,147.005,147.009,146.775,146.779,0.39999999999906777,0.39999999999906777,22.59999999999991,225.9999999999991,29668,225.9999999999991,225.9999999999991,223.99999999998954,225.9999999999991,233.0000000000041,225.9999999999991,2024-03-11 13:00:00+00:00,2024-03-11 12:00:00+00:00,146.93243974530364,148.01256283943792,-108.01230941342794,Down,Down,Down,2024-03-05 14:00:00+00:00,143.0,2024-03-05 14:00:00+00:00,2024-03-08 22:00:00+00:00,2024-03-08 00:00:00+00:00,148.7471588030525,149.24443840156647,-49.72795985139555,Down,Down,Down,2024-03-07 22:00:00+00:00,24.0,2024-03-07 22:00:00+00:00,Down,Transition,146.9754156434251,149.43402232427354,148.11582917330207,149.43699826257227,common_intersection
RAW|2024-03-12|2024-03-12T12:30:00Z|-1,2024-03-12,2024H1,-1,SHORT,asian_high,LONDON_NY_OVERLAP,2024-03-12 12:30:00+00:00,2024-03-12 12:45:00+00:00,2024-03-12 12:45:00.094000+00:00,2024-03-12 15:45:00+00:00,2024-03-12 15:45:00.228000+00:00,147.594,146.619,147.425,148.161,147.065,147.166,97.49999999999943,56.70000000000073,42.79999999999973,147.169,147.174,147.788,147.793,0.49999999999954525,0.49999999999954525,-62.39999999999952,-623.9999999999952,29757,-656.0000000000059,-622.9999999999905,-646.000000000015,-622.9999999999905,-617.0000000000186,-623.9999999999952,2024-03-12 09:00:00+00:00,2024-03-12 08:00:00+00:00,147.1228319274156,147.70111402656528,-57.82820991496749,Down,Down,Down,2024-03-05 14:00:00+00:00,163.0,2024-03-05 14:00:00+00:00,2024-03-11 21:00:00+00:00,2024-03-11 00:00:00+00:00,148.2291134307518,149.05960332944116,-83.04898986893647,Down,Down,Down,2024-03-07 22:00:00+00:00,95.0,2024-03-07 22:00:00+00:00,Down,Down,147.04156469838185,148.7471588030525,147.73373263757094,149.24443840156647,common_intersection
RAW|2024-03-13|2024-03-13T15:15:00Z|-1,2024-03-13,2024H1,-1,SHORT,asian_high,LONDON_NY_OVERLAP,2024-03-13 15:15:00+00:00,2024-03-13 15:30:00+00:00,2024-03-13 15:30:00.140000+00:00,2024-03-13 18:30:00+00:00,2024-03-13 18:30:00.736000+00:00,147.788,147.232,147.794,147.794,147.707,147.719,55.60000000000116,0.6000000000000227,6.900000000001683,147.719,147.722,147.655,147.66,0.30000000000143245,0.49999999999954525,5.89999999999975,58.9999999999975,29864,63.0000000000166,58.9999999999975,58.9999999999975,56.99999999998795,63.99999999999295,46.999999999997044,2024-03-13 13:00:00+00:00,2024-03-13 12:00:00+00:00,147.68986142840066,147.69738233811637,-0.7520909715708513,Down,Down,Down,2024-03-05 14:00:00+00:00,191.0,2024-03-05 14:00:00+00:00,2024-03-12 21:00:00+00:00,2024-03-12 00:00:00+00:00,148.06108102196555,148.94611506308587,-88.50340411203206,Down,Down,Down,2024-03-07 22:00:00+00:00,119.0,2024-03-07 22:00:00+00:00,Down,Down,147.5890059997609,148.2291134307518,147.676111237083,149.05960332944116,common_intersection
RAW|2024-03-14|2024-03-14T12:30:00Z|-1,2024-03-14,2024H1,-1,SHORT,asian_high,LONDON_NY_OVERLAP,2024-03-14 12:30:00+00:00,2024-03-14 12:45:00+00:00,2024-03-14 12:45:00.948000+00:00,2024-03-14 15:45:00+00:00,2024-03-14 15:45:00.331000+00:00,147.971,147.527,147.729,147.987,147.566,147.636,44.40000000000168,1.5999999999991132,33.500000000000796,147.637,147.643,148.285,148.291,0.6000000000000227,0.6000000000000227,-65.39999999999964,-653.9999999999964,29949,-652.9999999999916,-655.0000000000011,-662.0000000000061,-649.0000000000009,-653.9999999999964,-639.9999999999864,2024-03-14 09:00:00+00:00,2024-03-14 08:00:00+00:00,147.77822651060583,147.72325640747616,5.497010312967632,Up,Up,Up,2024-03-14 05:00:00+00:00,4.0,2024-03-14 05:00:00+00:00,2024-03-13 21:00:00+00:00,2024-03-13 00:00:00+00:00,147.97220072997538,148.850425858039,-87.82251280636046,Down,Down,Down,2024-03-07 22:00:00+00:00,143.0,2024-03-07 22:00:00+00:00,Transition,Down,147.74431711484817,148.06108102196555,147.71110479073496,148.94611506308587,common_intersection
RAW|2024-03-15|2024-03-15T07:00:00Z|1,2024-03-15,2024H1,1,LONG,asian_low,LONDON,2024-03-15 07:00:00+00:00,2024-03-15 07:15:00+00:00,2024-03-15 07:15:00.077000+00:00,2024-03-15 10:15:00+00:00,2024-03-15 10:15:01.418000+00:00,148.659,148.096,148.214,148.233,148.03,148.175,56.29999999999882,6.60000000000025,7.900000000000773,148.176,148.183,148.728,148.733,0.7000000000005002,0.49999999999954525,54.50000000000159,545.0000000000159,30023,545.0000000000159,545.0000000000159,543.0000000000064,548.0000000000018,528.9999999999964,546.999999999997,2024-03-15 05:00:00+00:00,2024-03-15 04:00:00+00:00,148.19162847894586,147.8990488716764,29.257960726945953,Up,Up,Up,2024-03-14 05:00:00+00:00,24.0,2024-03-14 05:00:00+00:00,2024-03-14 21:00:00+00:00,2024-03-14 00:00:00+00:00,148.0692862356967,148.80735178939588,-73.80655536991867,Down,Down,Down,2024-03-07 22:00:00+00:00,167.0,2024-03-07 22:00:00+00:00,Up,Down,148.14387987052422,147.97220072997538,147.86322703443085,148.850425858039,common_intersection
RAW|2024-03-15|2024-03-15T11:30:00Z|-1,2024-03-15,2024H1,-1,SHORT,asian_high,LONDON,2024-03-15 11:30:00+00:00,2024-03-15 11:45:00+00:00,2024-03-15 11:45:01.125000+00:00,2024-03-15 14:45:00+00:00,2024-03-15 14:45:00.915000+00:00,148.659,148.096,148.733,148.751,148.585,148.603,56.29999999999882,9.200000000001296,5.599999999998317,148.604,148.609,148.972,148.977,0.49999999999954525,0.49999999999954525,-37.299999999999045,-372.99999999999045,30041,-372.99999999999045,-372.99999999999045,-375.0,-370.9999999999809,-372.0000000000141,-379.99999999999545,2024-03-15 09:00:00+00:00,2024-03-15 08:00:00+00:00,148.33944891353275,147.96384496194227,37.560395159047744,Up,Up,Up,2024-03-14 05:00:00+00:00,28.0,2024-03-14 05:00:00+00:00,2024-03-14 21:00:00+00:00,2024-03-14 00:00:00+00:00,148.0692862356967,148.80735178939588,-73.80655536991867,Down,Down,Down,2024-03-07 22:00:00+00:00,167.0,2024-03-07 22:00:00+00:00,Up,Down,148.19162847894586,147.97220072997538,147.8990488716764,148.850425858039,common_intersection
RAW|2024-03-19|2024-03-19T08:45:00Z|-1,2024-03-19,2024H1,-1,SHORT,asian_high,LONDON,2024-03-19 08:45:00+00:00,2024-03-19 09:00:00+00:00,2024-03-19 09:00:00.092000+00:00,2024-03-19 12:00:00+00:00,2024-03-19 12:00:00.118000+00:00,150.483,149.001,150.483,150.513,150.238,150.335,148.19999999999993,3.0000000000001137,14.799999999999613,150.335,150.34,150.386,150.391,0.49999999999954525,0.49999999999954525,-5.599999999998317,-55.999999999983174,30222,-55.999999999983174,-51.9999999999925,-69.99999999999318,-48.99999999997817,-63.99999999999295,-56.99999999998795,2024-03-19 09:00:00+00:00,2024-03-19 08:00:00+00:00,149.64361526769505,148.85536538306494,78.82498846301189,Up,Up,Up,2024-03-14 05:00:00+00:00,124.0,2024-03-14 05:00:00+00:00,2024-03-18 21:00:00+00:00,2024-03-18 00:00:00+00:00,148.5617582835187,148.84689775454464,-28.51394710259285,Down,Down,Down,2024-03-07 22:00:00+00:00,263.0,2024-03-07 22:00:00+00:00,Up,Down,149.36706137477307,148.3300615969262,148.72670150333144,148.8213236462442,common_intersection
RAW|2024-03-20|2024-03-20T15:00:00Z|-1,2024-03-20,2024H1,-1,SHORT,asian_high,LONDON_NY_OVERLAP,2024-03-20 15:00:00+00:00,2024-03-20 15:15:00+00:00,2024-03-20 15:15:00.017000+00:00,2024-03-20 18:15:00+00:00,2024-03-20 18:15:00.039000+00:00,151.583,151.001,151.671,151.672,151.542,151.563,58.19999999999936,8.899999999999864,2.000000000001023,151.563,151.569,151.6,151.61,0.6000000000000227,1.0000000000019327,-4.700000000002547,-47.000000000025466,30343,-48.00000000000182,-9.000000000014552,-58.000000000021146,-6.000000000000227,-57.00000000001637,-40.000000000020464,2024-03-20 13:00:00+00:00,2024-03-20 12:00:00+00:00,151.23252741725528,149.90314048220208,132.93869350532077,Up,Up,Up,2024-03-14 05:00:00+00:00,152.0,2024-03-14 05:00:00+00:00,2024-03-19 21:00:00+00:00,2024-03-19 00:00:00+00:00,149.21525591679907,149.00706593418107,20.818998261799493,Up,Down,Transition,2024-03-19 21:00:00+00:00,0.0,2024-03-19 21:00:00+00:00,Up,Down,151.0223383841574,148.5617582835187,149.74184835021964,148.84689775454464,common_intersection
RAW|2024-03-20|2024-03-20T19:00:00Z|1,2024-03-20,2024H1,1,LONG,asian_low,NEW_YORK,2024-03-20 19:00:00+00:00,2024-03-20 19:15:00+00:00,2024-03-20 19:15:00.008000+00:00,2024-03-20 22:15:00+00:00,2024-03-20 22:15:00.264000+00:00,151.583,151.001,150.785,151.103,150.771,151.064,58.19999999999936,23.00000000000182,6.299999999998818,151.063,151.07,151.131,151.135,0.7000000000005002,0.39999999999906777,6.100000000000705,61.00000000000705,30359,50.99999999998772,67.00000000000728,49.000000000006594,67.00000000000728,20.999999999986585,70.99999999999795,2024-03-20 17:00:00+00:00,2024-03-20 16:00:00+00:00,151.34123386946806,150.03992924362592,130.13046258421355,Up,Up,Up,2024-03-14 05:00:00+00:00,156.0,2024-03-14 05:00:00+00:00,2024-03-19 21:00:00+00:00,2024-03-19 00:00:00+00:00,149.21525591679907,149.00706593418107,20.818998261799493,Up,Down,Transition,2024-03-19 21:00:00+00:00,0.0,2024-03-19 21:00:00+00:00,Up,Down,151.23252741725528,148.5617582835187,149.90314048220208,148.84689775454464,common_intersection
RAW|2024-03-21|2024-03-21T09:45:00Z|-1,2024-03-21,2024H1,-1,SHORT,asian_high,LONDON,2024-03-21 09:45:00+00:00,2024-03-21 10:00:00+00:00,2024-03-21 10:00:00.092000+00:00,2024-03-21 13:00:00+00:00,2024-03-21 13:00:00.020000+00:00,151.088,150.263,151.09,151.13,151.048,151.079,82.49999999999886,4.200000000000159,0.899999999998613,151.08,151.086,151.163,151.172,0.6000000000000227,0.899999999998613,-9.199999999998454,-91.99999999998454,30418,-91.99999999998454,-85.99999999998431,-96.00000000000364,-102.99999999998022,-87.99999999999386,-100.99999999999909,2024-03-21 09:00:00+00:00,2024-03-21 08:00:00+00:00,151.05973143207729,150.29795469175173,76.17767403255584,Up,Up,Up,2024-03-14 05:00:00+00:00,172.0,2024-03-14 05:00:00+00:00,2024-03-20 21:00:00+00:00,2024-03-20 00:00:00+00:00,149.7946113691422,149.18594065944657,60.86707096956161,Up,Up,Up,2024-03-19 21:00:00+00:00,24.0,2024-03-19 21:00:00+00:00,Up,Transition,151.01402400490818,149.21525591679907,150.22177683886056,149.00706593418107,common_intersection
RAW|2024-03-22|2024-03-22T13:00:00Z|1,2024-03-22,2024H1,1,LONG,asian_low,LONDON_NY_OVERLAP,2024-03-22 13:00:00+00:00,2024-03-22 13:15:00+00:00,2024-03-22 13:15:00.101000+00:00,2024-03-22 16:15:00+00:00,2024-03-22 16:15:01.875000+00:00,151.862,151.256,151.213,151.318,151.14,151.292,60.599999999999454,11.600000000001387,3.6000000000001364,151.292,151.297,151.383,151.388,0.49999999999954525,0.49999999999954525,8.600000000001273,86.00000000001273,30527,88.00000000002228,86.00000000001273,86.00000000001273,86.00000000001273,85.00000000000796,86.00000000001273,2024-03-22 13:00:00+00:00,2024-03-22 12:00:00+00:00,151.39173823604963,150.8119000212055,57.983821484413056,Up,Up,Up,2024-03-14 05:00:00+00:00,200.0,2024-03-14 05:00:00+00:00,2024-03-21 21:00:00+00:00,2024-03-21 00:00:00+00:00,150.31186526367298,149.37946540669085,93.23998569821299,Up,Up,Up,2024-03-19 21:00:00+00:00,48.0,2024-03-19 21:00:00+00:00,Up,Up,151.4632335304695,149.7946113691422,150.77702176217988,149.18594065944657,common_intersection
RAW|2024-03-25|2024-03-25T09:15:00Z|-1,2024-03-25,2024H1,-1,SHORT,asian_high,LONDON,2024-03-25 09:15:00+00:00,2024-03-25 09:30:00+00:00,2024-03-25 09:30:00.233000+00:00,2024-03-25 12:30:00+00:00,2024-03-25 12:30:00.337000+00:00,151.424,151.052,151.406,151.44,151.374,151.375,37.20000000000141,1.5999999999991132,4.900000000000659,151.374,151.38,151.235,151.242,0.6000000000000227,0.699999999997658,13.2000000000005,132.000000000005,30608,130.00000000002387,138.00000000000523,131.00000000000023,138.00000000000523,146.000000000015,144.00000000000546,2024-03-25 09:00:00+00:00,2024-03-25 08:00:00+00:00,151.36666507929166,151.0009489391807,36.57161401109761,Up,Up,Up,2024-03-14 05:00:00+00:00,268.0,2024-03-14 05:00:00+00:00,2024-03-22 21:00:00+00:00,2024-03-22 00:00:00+00:00,150.6316180454807,149.54358817415562,108.80298713250909,Up,Up,Up,2024-03-19 21:00:00+00:00,72.0,2024-03-19 21:00:00+00:00,Up,Up,151.37173111100833,150.31186526367298,150.97024884693553,149.37946540669085,common_intersection
RAW|2024-03-26|2024-03-26T09:15:00Z|1,2024-03-26,2024H1,1,LONG,asian_low,LONDON,2024-03-26 09:15:00+00:00,2024-03-26 09:30:00+00:00,2024-03-26 09:30:00.401000+00:00,2024-03-26 12:30:00+00:00,2024-03-26 12:30:01.466000+00:00,151.442,151.217,151.234,151.252,151.206,151.232,22.49999999999943,1.1000000000024102,1.4999999999986358,151.233,151.237,151.406,151.413,0.39999999999906777,0.7000000000005002,16.900000000001114,169.00000000001114,30704,169.00000000001114,169.00000000001114,177.99999999999727,163.0000000000109,168.00000000000637,191.0000000000025,2024-03-26 09:00:00+00:00,2024-03-26 08:00:00+00:00,151.32729214752297,151.13184787373766,19.54442737853128,Up,Up,Up,2024-03-14 05:00:00+00:00,292.0,2024-03-14 05:00:00+00:00,2024-03-25 21:00:00+00:00,2024-03-25 00:00:00+00:00,150.85287003248624,149.69258112022317,116.028891226307,Up,Up,Up,2024-03-19 21:00:00+00:00,144.0,2024-03-19 21:00:00+00:00,Up,Up,151.35500900653216,150.6316180454807,151.12087812362788,149.54358817415562,common_intersection
RAW|2024-03-26|2024-03-26T13:00:00Z|-1,2024-03-26,2024H1,-1,SHORT,asian_high,LONDON_NY_OVERLAP,2024-03-26 13:00:00+00:00,2024-03-26 13:15:00+00:00,2024-03-26 13:15:04.582000+00:00,2024-03-26 16:15:00+00:00,2024-03-26 16:15:00.171000+00:00,151.442,151.217,151.452,151.466,151.39,151.401,22.49999999999943,2.400000000000091,4.099999999999682,151.405,151.409,151.54,151.543,0.39999999999906777,0.30000000000143245,-13.800000000000523,-138.00000000000523,30719,-138.00000000000523,-133.00000000000978,-138.00000000000523,-122.99999999999045,-135.00000000001933,-127.00000000000955,2024-03-26 13:00:00+00:00,2024-03-26 12:00:00+00:00,151.3629229625164,151.15746004383865,20.546291867773903,Up,Up,Up,2024-03-14 05:00:00+00:00,296.0,2024-03-14 05:00:00+00:00,2024-03-25 21:00:00+00:00,2024-03-25 00:00:00+00:00,150.85287003248624,149.69258112022317,116.028891226307,Up,Up,Up,2024-03-19 21:00:00+00:00,144.0,2024-03-19 21:00:00+00:00,Up,Up,151.32729214752297,150.6316180454807,151.13184787373766,149.54358817415562,common_intersection
RAW|2024-03-28|2024-03-28T13:00:00Z|1,2024-03-28,2024H1,1,LONG,asian_low,LONDON_NY_OVERLAP,2024-03-28 13:00:00+00:00,2024-03-28 13:15:00+00:00,2024-03-28 13:15:00.131000+00:00,2024-03-28 16:15:00+00:00,2024-03-28 16:15:00.094000+00:00,151.544,151.25,151.212,151.296,151.159,151.279,29.400000000001114,9.100000000000819,2.899999999999636,151.279,151.286,151.315,151.32,0.7000000000005002,0.49999999999954525,2.899999999999636,28.999999999996362,30911,27.999999999991587,24.00000000000091,37.00000000000614,22.999999999996135,32.00000000001069,25.000000000005684,2024-03-28 13:00:00+00:00,2024-03-28 12:00:00+00:00,151.34826777145824,151.32122197218249,2.7045799275754234,Up,Up,Up,2024-03-14 05:00:00+00:00,344.0,2024-03-14 05:00:00+00:00,2024-03-27 21:00:00+00:00,2024-03-27 00:00:00+00:00,151.1293418533093,149.95988386015688,116.94579931524345,Up,Up,Up,2024-03-19 21:00:00+00:00,192.0,2024-03-19 21:00:00+00:00,Up,Up,151.40357488004153,151.05547859463303,151.33089344802443,149.8421346306053,common_intersection
RAW|2024-03-29|2024-03-29T14:15:00Z|1,2024-03-29,2024H1,1,LONG,asian_low,LONDON_NY_OVERLAP,2024-03-29 14:15:00+00:00,2024-03-29 14:30:00+00:00,2024-03-29 14:30:00.241000+00:00,2024-03-29 17:30:00+00:00,2024-03-29 17:30:00.066000+00:00,151.496,151.181,151.201,151.213,151.167,151.194,31.499999999999773,1.4000000000010004,1.2999999999976808,151.194,151.206,151.241,151.315,1.2000000000000455,7.399999999998386,3.500000000002501,35.00000000002501,31012,35.00000000002501,58.9999999999975,35.00000000002501,58.9999999999975,38.000000000010914,31.00000000000591,2024-03-29 13:00:00+00:00,2024-03-29 12:00:00+00:00,151.29945485239173,151.31578443711436,-1.6329584722626578,Down,Up,Transition,2024-03-29 13:00:00+00:00,0.0,2024-03-29 13:00:00+00:00,2024-03-28 21:00:00+00:00,2024-03-28 00:00:00+00:00,151.19952989522093,150.07309315134432,112.64367438766101,Up,Up,Up,2024-03-19 21:00:00+00:00,216.0,2024-03-19 21:00:00+00:00,Up,Up,151.33123679334844,151.1293418533093,151.32411351860256,149.95988386015688,common_intersection
RAW|2024-04-02|2024-04-02T14:00:00Z|1,2024-04-02,2024H1,1,LONG,asian_low,LONDON_NY_OVERLAP,2024-04-02 14:00:00+00:00,2024-04-02 14:15:00+00:00,2024-04-02 14:15:00.017000+00:00,2024-04-02 17:15:00+00:00,2024-04-02 17:15:00.443000+00:00,151.801,151.501,151.56,151.64,151.463,151.552,29.999999999998295,3.8000000000010914,5.099999999998772,151.551,151.557,151.593,151.599,0.6000000000000227,0.6000000000000227,3.6000000000001364,36.000000000001364,31203,43.99999999998272,38.000000000010914,42.999999999977945,37.00000000000614,43.99999999998272,38.000000000010914,2024-04-02 13:00:00+00:00,2024-04-02 12:00:00+00:00,151.64305093997842,151.47180512573948,17.12458142389437,Up,Up,Up,2024-04-01 01:00:00+00:00,36.0,2024-04-01 01:00:00+00:00,2024-04-01 21:00:00+00:00,2024-04-01 00:00:00+00:00,151.3481683138882,150.28950124329785,105.866707059036,Up,Up,Up,2024-03-19 21:00:00+00:00,312.0,2024-03-19 21:00:00+00:00,Up,Up,151.62547131596978,151.23023563944352,151.45309252797767,150.17180569923678,common_intersection
RAW|2024-04-03|2024-04-03T07:45:00Z|-1,2024-04-03,2024H1,-1,SHORT,asian_high,LONDON,2024-04-03 07:45:00+00:00,2024-04-03 08:00:00+00:00,2024-04-03 08:00:00.391000+00:00,2024-04-03 11:00:00+00:00,2024-04-03 11:00:00.072000+00:00,151.68,151.439,151.721,151.725,151.676,151.676,24.100000000001387,4.4999999999987494,0.40000000000190994,151.677,151.682,151.71,151.716,0.49999999999954525,0.6000000000000227,-3.900000000001569,-39.00000000001569,31274,-39.00000000001569,-36.000000000001364,-37.00000000000614,-36.000000000001364,-34.99999999999659,-36.000000000001364,2024-04-03 05:00:00+00:00,2024-04-03 04:00:00+00:00,151.59093829133136,151.50009940529176,9.083888603959167,Up,Up,Up,2024-04-01 01:00:00+00:00,52.0,2024-04-01 01:00:00+00:00,2024-04-02 21:00:00+00:00,2024-04-02 00:00:00+00:00,151.40526308134872,150.39018114383404,101.50819375146796,Up,Up,Up,2024-03-19 21:00:00+00:00,336.0,2024-03-19 21:00:00+00:00,Up,Up,151.59091360786388,151.3481683138882,151.49219500575188,150.28950124329785,common_intersection
RAW|2024-04-04|2024-04-04T07:15:00Z|-1,2024-04-04,2024H1,-1,SHORT,asian_high,LONDON,2024-04-04 07:15:00+00:00,2024-04-04 07:30:00+00:00,2024-04-04 07:30:00.060000+00:00,2024-04-04 10:30:00+00:00,2024-04-04 10:30:01.188000+00:00,151.722,151.537,151.703,151.755,151.701,151.717,18.500000000000227,3.299999999998704,0.49999999999954525,151.716,151.723,151.714,151.717,0.7000000000005002,0.30000000000143245,-0.10000000000047748,-1.0000000000047748,31368,-2.0000000000095497,-1.0000000000047748,-1.0000000000047748,-1.999999999981128,-7.000000000005002,-3.9999999999906777,2024-04-04 05:00:00+00:00,2024-04-04 04:00:00+00:00,151.66108931484374,151.57410208420964,8.698723063409375,Up,Up,Up,2024-04-01 01:00:00+00:00,76.0,2024-04-01 01:00:00+00:00,2024-04-03 21:00:00+00:00,2024-04-03 00:00:00+00:00,151.48433077239193,150.49352665232732,99.08041200646096,Up,Up,Up,2024-03-19 21:00:00+00:00,360.0,2024-03-19 21:00:00+00:00,Up,Up,151.64792504078125,151.40526308134872,151.56367617848875,150.39018114383404,common_intersection
RAW|2024-04-04|2024-04-04T13:45:00Z|1,2024-04-04,2024H1,1,LONG,asian_low,LONDON_NY_OVERLAP,2024-04-04 13:45:00+00:00,2024-04-04 14:00:00+00:00,2024-04-04 14:00:00.131000+00:00,2024-04-04 17:00:00+00:00,2024-04-04 17:00:00.300000+00:00,151.722,151.537,151.529,151.602,151.503,151.589,18.500000000000227,3.4000000000020236,5.19999999999925,151.59,151.594,151.645,151.65,0.39999999999906777,0.49999999999954525,5.100000000001614,51.00000000001614,31394,50.00000000001137,52.99999999999727,51.00000000001614,56.000000000011596,56.000000000011596,56.000000000011596,2024-04-04 13:00:00+00:00,2024-04-04 12:00:00+00:00,151.66039250757333,151.58808960407504,7.2302903498297155,Up,Up,Up,2024-04-01 01:00:00+00:00,84.0,2024-04-01 01:00:00+00:00,2024-04-03 21:00:00+00:00,2024-04-03 00:00:00+00:00,151.48433077239193,150.49352665232732,99.08041200646096,Up,Up,Up,2024-03-19 21:00:00+00:00,360.0,2024-03-19 21:00:00+00:00,Up,Up,151.67534951060267,151.40526308134872,151.58505391747286,150.39018114383404,common_intersection
RAW|2024-04-05|2024-04-05T07:30:00Z|-1,2024-04-05,2024H1,-1,SHORT,asian_high,LONDON,2024-04-05 07:30:00+00:00,2024-04-05 07:45:00+00:00,2024-04-05 07:45:00.096000+00:00,2024-04-05 10:45:00+00:00,2024-04-05 10:45:00.265000+00:00,151.338,150.81,151.29,151.353,151.288,151.292,52.79999999999916,1.500000000001478,4.599999999999227,151.293,151.298,151.343,151.348,0.49999999999954525,0.5000000000023874,-5.500000000000682,-55.00000000000682,31465,-56.000000000011596,-61.00000000000705,-56.000000000011596,-60.000000000002274,-55.00000000000682,-61.9999999999834,2024-04-05 05:00:00+00:00,2024-04-05 04:00:00+00:00,151.3296773499514,151.4941896010086,-16.45122510572037,Down,Down,Down,2024-04-04 21:00:00+00:00,8.0,2024-04-04 21:00:00+00:00,2024-04-04 21:00:00+00:00,2024-04-04 00:00:00+00:00,151.4399505517085,150.56036452014115,87.95860315673565,Up,Up,Up,2024-03-19 21:00:00+00:00,384.0,2024-03-19 21:00:00+00:00,Down,Up,151.37554828993197,151.48433077239193,151.51846695761802,150.49352665232732,common_intersection
RAW|2024-04-08|2024-04-08T10:15:00Z|-1,2024-04-08,2024H1,-1,SHORT,asian_high,LONDON,2024-04-08 10:15:00+00:00,2024-04-08 10:30:00+00:00,2024-04-08 10:30:01.576000+00:00,2024-04-08 13:30:00+00:00,2024-04-08 13:30:00.075000+00:00,151.833,151.67,151.861,151.871,151.825,151.827,16.30000000000109,3.8000000000010914,0.6000000000000227,151.828,151.834,151.816,151.822,0.6000000000000227,0.6000000000000227,0.6000000000000227,6.000000000000227,31572,6.000000000000227,7.000000000005002,6.000000000000227,6.000000000000227,15.999999999991132,8.000000000009777,2024-04-08 09:00:00+00:00,2024-04-08 08:00:00+00:00,151.7130350096655,151.58063100125793,13.240400840757616,Up,Up,Up,2024-04-05 21:00:00+00:00,60.0,2024-04-05 21:00:00+00:00,2024-04-05 21:00:00+00:00,2024-04-05 00:00:00+00:00,151.49053610836322,150.64489535852985,84.56407498333647,Up,Up,Up,2024-03-19 21:00:00+00:00,408.0,2024-03-19 21:00:00+00:00,Up,Up,151.6358490135317,151.4399505517085,151.55233804484556,150.56036452014115,common_intersection
RAW|2024-04-09|2024-04-09T07:00:00Z|-1,2024-04-09,2024H1,-1,SHORT,asian_high,LONDON,2024-04-09 07:00:00+00:00,2024-04-09 07:15:00+00:00,2024-04-09 07:15:00.171000+00:00,2024-04-09 10:15:00+00:00,2024-04-09 10:15:00.073000+00:00,151.92,151.788,151.913,151.934,151.906,151.912,13.199999999997658,1.4000000000010004,0.7999999999981355,151.912,151.916,151.815,151.821,0.39999999999906777,0.6000000000000227,9.100000000000819,91.00000000000819,31655,92.00000000001296,97.00000000000841,91.00000000000819,91.00000000000819,92.99999999998931,88.99999999999864,2024-04-09 05:00:00+00:00,2024-04-09 04:00:00+00:00,151.83743704439843,151.6754835040798,16.195354031862053,Up,Up,Up,2024-04-05 21:00:00+00:00,80.0,2024-04-05 21:00:00+00:00,2024-04-08 21:00:00+00:00,2024-04-08 00:00:00+00:00,151.57266864883087,150.73554372984745,83.71249189834202,Up,Up,Up,2024-03-19 21:00:00+00:00,480.0,2024-03-19 21:00:00+00:00,Up,Up,151.81641186215782,151.49053610836322,151.65682989573892,150.64489535852985,common_intersection
RAW|2024-04-09|2024-04-09T10:45:00Z|1,2024-04-09,2024H1,1,LONG,asian_low,LONDON,2024-04-09 10:45:00+00:00,2024-04-09 11:00:00+00:00,2024-04-09 11:00:01.129000+00:00,2024-04-09 14:00:00+00:00,2024-04-09 14:00:00.285000+00:00,151.92,151.788,151.783,151.798,151.767,151.795,13.199999999997658,2.1000000000015007,0.699999999997658,151.795,151.8,151.77,151.775,0.5000000000023874,0.49999999999954525,-3.0000000000001137,-30.000000000001137,31670,-30.000000000001137,-39.00000000001569,-30.000000000001137,-49.000000000006594,-30.99999999997749,-44.00000000001114,2024-04-09 09:00:00+00:00,2024-04-09 08:00:00+00:00,151.8513121745703,151.69232482375344,15.8987350816858,Up,Up,Up,2024-04-05 21:00:00+00:00,84.0,2024-04-05 21:00:00+00:00,2024-04-08 21:00:00+00:00,2024-04-08 00:00:00+00:00,151.57266864883087,150.73554372984745,83.71249189834202,Up,Up,Up,2024-03-19 21:00:00+00:00,480.0,2024-03-19 21:00:00+00:00,Up,Up,151.83743704439843,151.49053610836322,151.6754835040798,150.64489535852985,common_intersection
RAW|2024-04-10|2024-04-10T10:15:00Z|-1,2024-04-10,2024H1,-1,SHORT,asian_high,LONDON,2024-04-10 10:15:00+00:00,2024-04-10 10:30:00+00:00,2024-04-10 10:30:01.287000+00:00,2024-04-10 13:30:00+00:00,2024-04-10 13:30:00.128000+00:00,151.819,151.68,151.837,151.838,151.808,151.812,13.899999999998158,1.9000000000005457,0.699999999997658,151.813,151.817,152.454,152.46,0.40000000000190994,0.6000000000000227,-64.70000000000198,-647.0000000000198,31764,-647.0000000000198,-651.0000000000105,-647.9999999999961,-651.0000000000105,-647.0000000000198,-653.00000000002,2024-04-10 09:00:00+00:00,2024-04-10 08:00:00+00:00,151.78733989007694,151.7183451782968,6.899471178013528,Up,Up,Up,2024-04-05 21:00:00+00:00,108.0,2024-04-05 21:00:00+00:00,2024-04-09 21:00:00+00:00,2024-04-09 00:00:00+00:00,151.61676332059346,150.81486023145965,80.19030891338161,Up,Up,Up,2024-03-19 21:00:00+00:00,504.0,2024-03-19 21:00:00+00:00,Up,Up,151.76147584610771,151.57266864883087,151.70672301988782,150.73554372984745,common_intersection
RAW|2024-04-11|2024-04-11T07:00:00Z|-1,2024-04-11,2024H1,-1,SHORT,asian_high,LONDON,2024-04-11 07:00:00+00:00,2024-04-11 07:15:00+00:00,2024-04-11 07:15:00.125000+00:00,2024-04-11 10:15:00+00:00,2024-04-11 10:15:16.936000+00:00,153.187,152.759,153.162,153.205,153.103,153.106,42.80000000000257,1.8000000000000682,8.100000000001728,153.111,153.112,153.139,153.142,0.10000000000047748,0.2999999999985903,-3.100000000000591,-31.00000000000591,31847,-33.999999999991815,-31.00000000000591,-32.99999999998704,-31.00000000000591,-34.99999999999659,-31.00000000000591,2024-04-11 05:00:00+00:00,2024-04-11 04:00:00+00:00,152.6785442468311,152.10491486043284,57.362938639826666,Up,Up,Up,2024-04-05 21:00:00+00:00,128.0,2024-04-05 21:00:00+00:00,2024-04-10 21:00:00+00:00,2024-04-10 00:00:00+00:00,152.05311665756676,151.0011914129429,105.19252446238738,Up,Up,Up,2024-03-19 21:00:00+00:00,528.0,2024-03-19 21:00:00+00:00,Up,Up,152.59276194556355,151.61676332059346,152.03638571786178,150.81486023145965,common_intersection
RAW|2024-04-12|2024-04-12T07:15:00Z|-1,2024-04-12,2024H1,-1,SHORT,asian_high,LONDON,2024-04-12 07:15:00+00:00,2024-04-12 07:30:00+00:00,2024-04-12 07:30:02.920000+00:00,2024-04-12 10:30:00+00:00,2024-04-12 10:30:01.394000+00:00,153.298,152.962,153.361,153.382,153.258,153.274,33.60000000000127,8.400000000000318,2.400000000000091,153.272,153.276,153.337,153.343,0.40000000000190994,0.6000000000000227,-7.099999999999795,-70.99999999999795,31944,-70.99999999999795,-70.99999999999795,-70.99999999999795,-70.0000000000216,-70.99999999999795,-69.00000000001683,2024-04-12 05:00:00+00:00,2024-04-12 04:00:00+00:00,153.07988900761362,152.5087674149826,57.1121592631016,Up,Up,Up,2024-04-05 21:00:00+00:00,152.0,2024-04-05 21:00:00+00:00,2024-04-11 21:00:00+00:00,2024-04-11 00:00:00+00:00,152.39394046969056,151.18077609990746,121.3164369783101,Up,Up,Up,2024-03-19 21:00:00+00:00,552.0,2024-03-19 21:00:00+00:00,Up,Up,153.01704461065907,152.05311665756676,152.4454428423724,151.0011914129429,common_intersection
RAW|2024-04-12|2024-04-12T13:30:00Z|1,2024-04-12,2024H1,1,LONG,asian_low,LONDON_NY_OVERLAP,2024-04-12 13:30:00+00:00,2024-04-12 13:45:00+00:00,2024-04-12 13:45:00.206000+00:00,2024-04-12 16:45:00+00:00,2024-04-12 16:45:01.736000+00:00,153.298,152.962,152.909,153.088,152.905,153.021,33.60000000000127,5.699999999998795,5.89999999999975,153.023,153.027,153.079,153.082,0.39999999999906777,0.2999999999985903,5.200000000002092,52.00000000002092,31969,45.000000000015916,52.00000000002092,37.00000000000614,52.00000000002092,22.00000000001978,51.00000000001614,2024-04-12 13:00:00+00:00,2024-04-12 12:00:00+00:00,153.06169847327226,152.59513594004125,46.65625332310128,Up,Up,Up,2024-04-05 21:00:00+00:00,160.0,2024-04-05 21:00:00+00:00,2024-04-11 21:00:00+00:00,2024-04-11 00:00:00+00:00,152.39394046969056,151.18077609990746,121.3164369783101,Up,Up,Up,2024-03-19 21:00:00+00:00,552.0,2024-03-19 21:00:00+00:00,Up,Up,153.14477786258115,152.05311665756676,152.57262602178398,151.0011914129429,common_intersection
RAW|2024-04-15|2024-04-15T08:00:00Z|-1,2024-04-15,2024H1,-1,SHORT,asian_high,LONDON,2024-04-15 08:00:00+00:00,2024-04-15 08:15:00+00:00,2024-04-15 08:15:00.168000+00:00,2024-04-15 11:15:00+00:00,2024-04-15 11:15:00.112000+00:00,153.887,153.279,153.905,153.951,153.719,153.822,60.80000000000041,6.399999999999295,6.499999999999773,153.821,153.829,153.901,153.907,0.8000000000009777,0.6000000000000227,-8.600000000001273,-86.00000000001273,32043,-84.00000000000318,-86.99999999998909,-90.00000000000341,-86.99999999998909,-90.00000000000341,-86.99999999998909,2024-04-15 05:00:00+00:00,2024-04-15 04:00:00+00:00,153.37868702448782,152.82889921176854,54.978781271927346,Up,Up,Up,2024-04-05 21:00:00+00:00,224.0,2024-04-05 21:00:00+00:00,2024-04-12 21:00:00+00:00,2024-04-12 00:00:00+00:00,152.63567176406468,151.34551401191487,129.01577521498098,Up,Up,Up,2024-03-19 21:00:00+00:00,576.0,2024-03-19 21:00:00+00:00,Up,Up,153.21776183428292,152.39394046969056,152.74610783887886,151.18077609990746,common_intersection
RAW|2024-04-16|2024-04-16T12:30:00Z|-1,2024-04-16,2024H1,-1,SHORT,asian_high,LONDON_NY_OVERLAP,2024-04-16 12:30:00+00:00,2024-04-16 12:45:00+00:00,2024-04-16 12:45:00.333000+00:00,2024-04-16 15:45:00+00:00,2024-04-16 15:45:01.660000+00:00,154.604,154.13,154.648,154.66,154.563,154.577,47.400000000001796,5.599999999998317,2.7000000000015234,154.578,154.583,154.603,154.606,0.49999999999954525,0.2999999999985903,-2.7999999999991587,-27.999999999991587,32157,-28.999999999996362,-27.999999999991587,-26.999999999986812,-32.00000000001069,-22.999999999996135,-25.000000000005684,2024-04-16 09:00:00+00:00,2024-04-16 08:00:00+00:00,154.23709379326652,153.463603610875,77.34901823915266,Up,Up,Up,2024-04-05 21:00:00+00:00,252.0,2024-04-05 21:00:00+00:00,2024-04-15 21:00:00+00:00,2024-04-15 00:00:00+00:00,153.10033697433192,151.57883289096168,152.1504083370246,Up,Up,Up,2024-03-19 21:00:00+00:00,648.0,2024-03-19 21:00:00+00:00,Up,Up,154.12993131057314,152.63567176406468,153.37304740312499,151.34551401191487,common_intersection
RAW|2024-04-18|2024-04-18T09:15:00Z|-1,2024-04-18,2024H1,-1,SHORT,asian_high,LONDON,2024-04-18 09:15:00+00:00,2024-04-18 09:30:00+00:00,2024-04-18 09:30:00.475000+00:00,2024-04-18 12:30:00+00:00,2024-04-18 12:30:00.102000+00:00,154.408,153.956,154.377,154.417,154.362,154.402,45.19999999999982,0.9000000000014552,0.6000000000000227,154.401,154.407,154.402,154.423,0.6000000000000227,2.1000000000015007,-2.199999999999136,-21.99999999999136,32336,-22.999999999996135,-6.000000000000227,-24.00000000000091,24.00000000000091,-33.00000000001546,-38.99999999998727,2024-04-18 09:00:00+00:00,2024-04-18 08:00:00+00:00,154.3706567450635,154.09535782724035,27.52989178231644,Up,Up,Up,2024-04-05 21:00:00+00:00,300.0,2024-04-05 21:00:00+00:00,2024-04-17 21:00:00+00:00,2024-04-17 00:00:00+00:00,153.7895596807816,152.03195935891,175.76003218715925,Up,Up,Up,2024-03-19 21:00:00+00:00,696.0,2024-03-19 21:00:00+00:00,Up,Up,154.37691944308892,153.55938355309422,154.07278024700037,151.82908625968477,common_intersection
RAW|2024-04-22|2024-04-22T10:00:00Z|-1,2024-04-22,2024H1,-1,SHORT,asian_high,LONDON,2024-04-22 10:00:00+00:00,2024-04-22 10:15:00+00:00,2024-04-22 10:15:00.164000+00:00,2024-04-22 13:15:00+00:00,2024-04-22 13:15:00.223000+00:00,154.761,154.584,154.767,154.779,154.736,154.752,17.69999999999925,1.8000000000000682,0.899999999998613,154.754,154.756,154.732,154.735,0.20000000000095497,0.30000000000143245,1.8999999999977035,18.999999999977035,32531,17.99999999997226,20.999999999986585,17.99999999997226,18.000000000000682,22.999999999996135,18.000000000000682,2024-04-22 09:00:00+00:00,2024-04-22 08:00:00+00:00,154.6400285546934,154.40415261030986,23.587594438353676,Up,Up,Up,2024-04-05 21:00:00+00:00,396.0,2024-04-05 21:00:00+00:00,2024-04-19 21:00:00+00:00,2024-04-19 00:00:00+00:00,154.1823875922355,152.42579920138144,175.65883908540627,Up,Up,Up,2024-03-19 21:00:00+00:00,744.0,2024-03-19 21:00:00+00:00,Up,Up,154.60723997657078,154.0305426291297,154.37651370685856,152.2400426101972,common_intersection
RAW|2024-04-23|2024-04-23T07:30:00Z|-1,2024-04-23,2024H1,-1,SHORT,asian_high,LONDON,2024-04-23 07:30:00+00:00,2024-04-23 07:45:00+00:00,2024-04-23 07:45:00.070000+00:00,2024-04-23 10:45:00+00:00,2024-04-23 10:45:07.175000+00:00,154.824,154.655,154.797,154.86,154.797,154.803,16.900000000001114,3.6000000000001364,2.1000000000015007,154.804,154.808,154.792,154.797,0.39999999999906777,0.49999999999954525,0.7000000000005002,7.000000000005002,32617,7.000000000005002,7.000000000005002,7.000000000005002,7.000000000005002,4.9999999999954525,7.000000000005002,2024-04-23 05:00:00+00:00,2024-04-23 04:00:00+00:00,154.74946660518933,154.53178406874113,21.768253644819424,Up,Up,Up,2024-04-05 21:00:00+00:00,416.0,2024-04-05 21:00:00+00:00,2024-04-22 21:00:00+00:00,2024-04-22 00:00:00+00:00,154.36770542302537,152.61821526527095,174.94901577544226,Up,Up,Up,2024-03-19 21:00:00+00:00,816.0,2024-03-19 21:00:00+00:00,Up,Up,154.75405324726503,154.1823875922355,154.51385224863165,152.42579920138144,common_intersection
RAW|2024-04-23|2024-04-23T14:00:00Z|1,2024-04-23,2024H1,1,LONG,asian_low,LONDON_NY_OVERLAP,2024-04-23 14:00:00+00:00,2024-04-23 14:15:00+00:00,2024-04-23 14:15:00.194000+00:00,2024-04-23 17:15:00+00:00,2024-04-23 17:15:00.399000+00:00,154.824,154.655,154.64,154.736,154.571,154.662,16.900000000001114,8.400000000000318,0.7000000000005002,154.662,154.666,154.689,154.695,0.39999999999906777,0.6000000000000227,2.2999999999996135,22.999999999996135,32643,22.999999999996135,27.999999999991587,21.99999999999136,31.00000000000591,12.000000000000455,25.000000000005684,2024-04-23 13:00:00+00:00,2024-04-23 12:00:00+00:00,154.78576867611702,154.5769404357825,20.882824033452607,Up,Up,Up,2024-04-05 21:00:00+00:00,424.0,2024-04-05 21:00:00+00:00,2024-04-22 21:00:00+00:00,2024-04-22 00:00:00+00:00,154.36770542302537,152.61821526527095,174.94901577544226,Up,Up,Up,2024-03-19 21:00:00+00:00,816.0,2024-03-19 21:00:00+00:00,Up,Up,154.7764761465638,154.1823875922355,154.55676134324185,152.42579920138144,common_intersection
RAW|2024-04-24|2024-04-24T07:00:00Z|-1,2024-04-24,2024H1,-1,SHORT,asian_high,LONDON,2024-04-24 07:00:00+00:00,2024-04-24 07:15:00+00:00,2024-04-24 07:15:02.116000+00:00,2024-04-24 10:15:00+00:00,2024-04-24 10:15:00.376000+00:00,154.941,154.739,154.929,154.969,154.768,154.874,20.199999999999818,2.7999999999991587,6.700000000000728,154.873,154.879,154.911,154.916,0.6000000000000227,0.49999999999954525,-4.300000000000637,-43.00000000000637,32711,-43.00000000000637,-43.00000000000637,-28.999999999996362,-43.00000000000637,-26.999999999986812,-42.00000000000159,2024-04-24 05:00:00+00:00,2024-04-24 04:00:00+00:00,154.81257368703587,154.64609106045395,16.648262658191015,Up,Up,Up,2024-04-05 21:00:00+00:00,440.0,2024-04-05 21:00:00+00:00,2024-04-23 21:00:00+00:00,2024-04-23 00:00:00+00:00,154.49778958787527,152.79459804404928,170.31915438259944,Up,Up,Up,2024-03-19 21:00:00+00:00,840.0,2024-03-19 21:00:00+00:00,Up,Up,154.80200316185022,154.36770542302537,154.62931637005863,152.61821526527095,common_intersection
RAW|2024-04-25|2024-04-25T12:45:00Z|-1,2024-04-25,2024H1,-1,SHORT,asian_high,LONDON_NY_OVERLAP,2024-04-25 12:45:00+00:00,2024-04-25 13:00:00+00:00,2024-04-25 13:00:00.014000+00:00,2024-04-25 16:00:00+00:00,2024-04-25 16:00:01.532000+00:00,155.739,155.243,155.657,155.747,155.428,155.679,49.60000000000093,0.8000000000009777,6.000000000000227,155.679,155.682,155.522,155.525,0.2999999999985903,0.30000000000143245,15.399999999999636,153.99999999999636,32830,133.99999999998613,153.99999999999636,147.99999999999613,140.00000000001478,135.99999999999568,140.99999999999113,2024-04-25 13:00:00+00:00,2024-04-25 12:00:00+00:00,155.4688372296803,155.0030926646068,46.57445650734928,Up,Up,Up,2024-04-05 21:00:00+00:00,472.0,2024-04-05 21:00:00+00:00,2024-04-24 21:00:00+00:00,2024-04-24 00:00:00+00:00,154.7361354199109,152.99759020052534,173.85452193855713,Up,Up,Up,2024-03-19 21:00:00+00:00,864.0,2024-03-19 21:00:00+00:00,Up,Up,155.38477212155243,154.49778958787527,154.94431811370305,152.79459804404928,common_intersection
RAW|2024-04-26|2024-04-26T08:15:00Z|-1,2024-04-26,2024H1,-1,SHORT,asian_high,LONDON,2024-04-26 08:15:00+00:00,2024-04-26 08:30:00+00:00,2024-04-26 08:30:00.019000+00:00,2024-04-26 11:30:00+00:00,2024-04-26 11:30:00.471000+00:00,156.461,155.41,156.321,156.492,156.111,156.441,105.10000000000161,3.099999999997749,2.000000000001023,156.439,156.446,156.71,156.716,0.7000000000005002,0.6000000000000227,-27.700000000001523,-277.00000000001523,32908,-271.000000000015,-278.00000000002,-278.00000000002,-275.0000000000057,-322.00000000000273,-281.0000000000059,2024-04-26 05:00:00+00:00,2024-04-26 04:00:00+00:00,155.7394890747814,155.21971364955198,51.9775425229426,Up,Up,Up,2024-04-05 21:00:00+00:00,488.0,2024-04-05 21:00:00+00:00,2024-04-25 21:00:00+00:00,2024-04-25 00:00:00+00:00,154.99523958565067,153.20922298448332,178.6016601167347,Up,Up,Up,2024-03-19 21:00:00+00:00,888.0,2024-03-19 21:00:00+00:00,Up,Up,155.55728470469398,154.7361354199109,155.13490614081735,152.99759020052534,raw_only
RAW|2024-04-29|2024-04-29T07:30:00Z|1,2024-04-29,2024H1,1,LONG,asian_low,LONDON,2024-04-29 07:30:00+00:00,2024-04-29 07:45:00+00:00,2024-04-29 07:45:00.311000+00:00,2024-04-29 10:45:00+00:00,2024-04-29 10:45:01.947000+00:00,160.203,155.043,155.195,155.333,154.523,155.298,515.9999999999997,52.00000000000102,25.499999999999545,155.299,155.309,155.813,155.818,0.9999999999990905,0.5000000000023874,50.39999999999907,503.9999999999907,33001,513.9999999999816,503.9999999999907,510.9999999999957,490.0000000000091,488.9999999999759,490.0000000000091,2024-04-29 05:00:00+00:00,2024-04-29 04:00:00+00:00,157.09313402403302,156.04638872150372,104.67453025293025,Up,Up,Up,2024-04-05 21:00:00+00:00,560.0,2024-04-05 21:00:00+00:00,2024-04-26 21:00:00+00:00,2024-04-26 00:00:00+00:00,155.9368854183219,153.61576514572465,232.11202725972555,Up,Up,Up,2024-03-19 21:00:00+00:00,912.0,2024-03-19 21:00:00+00:00,Up,Up,157.41358763364622,154.99523958565067,156.02503121902578,153.20922298448332,common_intersection
RAW|2024-04-30|2024-04-30T12:00:00Z|-1,2024-04-30,2024H1,-1,SHORT,asian_high,LONDON_NY_OVERLAP,2024-04-30 12:00:00+00:00,2024-04-30 12:15:00+00:00,2024-04-30 12:15:00.062000+00:00,2024-04-30 15:15:00+00:00,2024-04-30 15:15:00.079000+00:00,156.999,156.166,156.957,157.139,156.809,156.972,83.29999999999984,14.000000000001478,2.6999999999986812,156.971,156.976,157.353,157.36,0.49999999999954525,0.7000000000005002,-38.900000000001,-389.00000000001,33115,-392.00000000002433,-387.00000000000045,-380.0000000000239,-385.9999999999957,-359.00000000000887,-387.00000000000045,2024-04-30 09:00:00+00:00,2024-04-30 08:00:00+00:00,156.6821991755471,156.23786577399545,44.43334015516598,Up,Up,Up,2024-04-05 21:00:00+00:00,588.0,2024-04-05 21:00:00+00:00,2024-04-29 21:00:00+00:00,2024-04-29 00:00:00+00:00,156.0469181559442,153.8322639340667,221.46542218775096,Up,Up,Up,2024-03-19 21:00:00+00:00,984.0,2024-03-19 21:00:00+00:00,Up,Up,156.58107884576594,155.9368854183219,156.1772454065168,153.61576514572465,common_intersection
RAW|2024-05-01|2024-05-01T07:00:00Z|-1,2024-05-01,2024H1,-1,SHORT,asian_high,LONDON,2024-05-01 07:00:00+00:00,2024-05-01 07:15:00+00:00,2024-05-01 07:15:00.882000+00:00,2024-05-01 10:15:00+00:00,2024-05-01 10:15:03.973000+00:00,157.977,157.685,157.971,157.985,157.936,157.948,29.20000000000016,0.8000000000009777,2.899999999999636,157.947,157.954,157.901,157.905,0.7000000000005002,0.39999999999906777,4.200000000000159,42.00000000000159,33191,38.000000000010914,42.00000000000159,36.000000000001364,40.99999999999682,36.000000000001364,40.99999999999682,2024-05-01 05:00:00+00:00,2024-05-01 04:00:00+00:00,157.53326033340778,156.72863570814928,80.46246252584979,Up,Up,Up,2024-04-05 21:00:00+00:00,608.0,2024-04-05 21:00:00+00:00,2024-04-30 21:00:00+00:00,2024-04-30 00:00:00+00:00,156.54265582567444,154.14824281934136,239.44130063330817,Up,Up,Up,2024-03-19 21:00:00+00:00,1008.0,2024-03-19 21:00:00+00:00,Up,Up,157.4037644667709,156.0469181559442,156.6305170740753,153.8322639340667,common_intersection
RAW|2024-05-02|2024-05-02T09:00:00Z|1,2024-05-02,2024H1,1,LONG,asian_low,LONDON,2024-05-02 09:00:00+00:00,2024-05-02 09:15:00+00:00,2024-05-02 09:15:00.131000+00:00,2024-05-02 12:15:00+00:00,2024-05-02 12:15:00.089000+00:00,156.283,155.163,155.146,155.195,155.021,155.185,111.99999999999761,14.200000000002433,2.199999999999136,155.185,155.193,154.651,154.658,0.8000000000009777,0.699999999997658,-54.20000000000016,-542.0000000000016,33295,-538.9999999999873,-543.0000000000064,-525.999999999982,-555.0000000000068,-551.9999999999925,-547.0000000000255,2024-05-02 09:00:00+00:00,2024-05-02 08:00:00+00:00,156.00763313093242,156.51812732547165,-51.049419453923406,Down,Down,Down,2024-05-02 01:00:00+00:00,8.0,2024-05-02 01:00:00+00:00,2024-05-01 21:00:00+00:00,2024-05-01 00:00:00+00:00,155.9761827326246,154.18118339379407,179.4999338830536,Up,Up,Up,2024-03-19 21:00:00+00:00,1032.0,2024-03-19 21:00:00+00:00,Down,Up,156.3522863833054,156.54265582567444,156.6374427450779,154.14824281934136,common_intersection
RAW|2024-05-03|2024-05-03T14:15:00Z|1,2024-05-03,2024H1,1,LONG,asian_low,LONDON_NY_OVERLAP,2024-05-03 14:15:00+00:00,2024-05-03 14:30:00+00:00,2024-05-03 14:30:00.044000+00:00,2024-05-03 17:30:00+00:00,2024-05-03 17:30:00.077000+00:00,153.446,152.748,152.683,152.944,152.658,152.883,69.80000000000075,9.000000000000341,13.500000000001933,152.881,152.885,152.891,152.895,0.39999999999906777,0.40000000000190994,0.6000000000000227,6.000000000000227,33412,10.99999999999568,3.0000000000143245,24.00000000000091,9.000000000014552,24.999999999977263,10.000000000019327,2024-05-03 13:00:00+00:00,2024-05-03 12:00:00+00:00,153.2381598657922,155.06214305601685,-182.39831902246522,Down,Down,Down,2024-05-02 01:00:00+00:00,36.0,2024-05-02 01:00:00+00:00,2024-05-02 21:00:00+00:00,2024-05-02 00:00:00+00:00,155.28670195187473,154.13172872229057,115.4973229584158,Up,Up,Up,2024-03-19 21:00:00+00:00,1056.0,2024-03-19 21:00:00+00:00,Down,Up,153.65382381210907,155.9761827326246,155.3111120174096,154.18118339379407,common_intersection
RAW|2024-05-07|2024-05-07T17:15:00Z|-1,2024-05-07,2024H1,-1,SHORT,asian_high,NEW_YORK,2024-05-07 17:15:00+00:00,2024-05-07 17:30:00+00:00,2024-05-07 17:30:00.028000+00:00,2024-05-07 20:30:00+00:00,2024-05-07 20:30:00.096000+00:00,154.649,153.87,154.581,154.672,154.575,154.598,77.89999999999964,2.2999999999996135,5.099999999998772,154.598,154.602,154.661,154.666,0.39999999999906777,0.49999999999954525,-6.799999999998363,-67.99999999998363,33616,-67.00000000000728,-69.99999999999318,-64.99999999999773,-70.99999999999795,-64.99999999999773,-72.99999999997908,2024-05-07 17:00:00+00:00,2024-05-07 16:00:00+00:00,154.27451685234703,154.35257272230584,-7.805586995880276,Down,Down,Down,2024-05-02 01:00:00+00:00,136.0,2024-05-02 01:00:00+00:00,2024-05-06 21:00:00+00:00,2024-05-06 00:00:00+00:00,154.42603160809935,154.03064399054676,39.53876175525863,Up,Up,Up,2024-03-19 21:00:00+00:00,1152.0,2024-03-19 21:00:00+00:00,Down,Up,154.18312359328584,154.6356442513391,154.33949208946285,154.04183042450734,common_intersection
RAW|2024-05-08|2024-05-08T07:15:00Z|-1,2024-05-08,2024H1,-1,SHORT,asian_high,LONDON,2024-05-08 07:15:00+00:00,2024-05-08 07:30:00+00:00,2024-05-08 07:30:00.532000+00:00,2024-05-08 10:30:00+00:00,2024-05-08 10:30:00.078000+00:00,155.277,154.688,155.306,155.324,155.256,155.266,58.899999999999864,4.700000000002547,1.099999999999568,155.27,155.275,155.362,155.365,0.49999999999954525,0.30000000000143245,-9.499999999999886,-94.99999999999886,33672,-94.00000000002251,-97.99999999998477,-92.00000000001296,-99.99999999999432,-104.00000000001342,-102.99999999998022,2024-05-08 05:00:00+00:00,2024-05-08 04:00:00+00:00,154.71640993161333,154.4800853959869,23.632453562643718,Up,Up,Up,2024-05-07 21:00:00+00:00,8.0,2024-05-07 21:00:00+00:00,2024-05-07 21:00:00+00:00,2024-05-07 00:00:00+00:00,154.49830829149954,154.08251247130303,41.57958201965073,Up,Up,Up,2024-03-19 21:00:00+00:00,1176.0,2024-03-19 21:00:00+00:00,Up,Up,154.53377390425868,154.42603160809935,154.41983195215965,154.03064399054676,common_intersection
RAW|2024-05-09|2024-05-09T07:30:00Z|-1,2024-05-09,2024H1,-1,SHORT,asian_high,LONDON,2024-05-09 07:30:00+00:00,2024-05-09 07:45:00+00:00,2024-05-09 07:45:00.460000+00:00,2024-05-09 10:45:00+00:00,2024-05-09 10:45:00.124000+00:00,155.821,155.152,155.801,155.822,155.765,155.816,66.90000000000111,0.10000000000047748,0.49999999999954525,155.814,155.822,155.891,155.895,0.8000000000009777,0.40000000000190994,-8.100000000001728,-81.00000000001728,33769,-81.00000000001728,-81.99999999999363,-78.00000000000296,-81.00000000001728,-76.00000000002183,-82.99999999999841,2024-05-09 05:00:00+00:00,2024-05-09 04:00:00+00:00,155.4465635677435,154.89987928926965,54.66842784738617,Up,Up,Up,2024-05-07 21:00:00+00:00,32.0,2024-05-07 21:00:00+00:00,2024-05-08 21:00:00+00:00,2024-05-08 00:00:00+00:00,154.7750773510711,154.1932714735988,58.18058774723056,Up,Up,Up,2024-03-19 21:00:00+00:00,1200.0,2024-03-19 21:00:00+00:00,Up,Up,155.39598899484093,154.49830829149954,154.84134705355396,154.08251247130303,common_intersection
RAW|2024-05-10|2024-05-10T07:30:00Z|-1,2024-05-10,2024H1,-1,SHORT,asian_high,LONDON,2024-05-10 07:30:00+00:00,2024-05-10 07:45:00+00:00,2024-05-10 07:45:00.496000+00:00,2024-05-10 10:45:00+00:00,2024-05-10 10:45:00.143000+00:00,155.772,155.358,155.738,155.779,155.728,155.742,41.39999999999873,0.7000000000005002,3.0000000000001137,155.741,155.748,155.753,155.757,0.699999999997658,0.40000000000190994,-1.5999999999991132,-15.999999999991132,33865,-15.999999999991132,-15.999999999991132,-15.999999999991132,-21.99999999999136,-15.999999999991132,-24.999999999977263,2024-05-10 05:00:00+00:00,2024-05-10 04:00:00+00:00,155.58640105522352,155.1858799262012,40.052112902230874,Up,Up,Up,2024-05-07 21:00:00+00:00,56.0,2024-05-07 21:00:00+00:00,2024-05-09 21:00:00+00:00,2024-05-09 00:00:00+00:00,154.96391239362222,154.29268975571088,67.12226379113417,Up,Up,Up,2024-03-19 21:00:00+00:00,1224.0,2024-03-19 21:00:00+00:00,Up,Up,155.55176147731294,154.7750773510711,155.14352165891438,154.1932714735988,common_intersection
RAW|2024-05-14|2024-05-14T12:30:00Z|-1,2024-05-14,2024H1,-1,SHORT,asian_high,LONDON_NY_OVERLAP,2024-05-14 12:30:00+00:00,2024-05-14 12:45:00+00:00,2024-05-14 12:45:00.091000+00:00,2024-05-14 15:45:00+00:00,2024-05-14 15:45:00.120000+00:00,156.542,156.223,156.45,156.783,156.45,156.53,31.89999999999884,24.099999999998545,1.2000000000000455,156.531,156.536,156.495,156.499,0.49999999999954525,0.39999999999906777,3.2000000000010687,32.00000000001069,34077,33.999999999991815,30.000000000001137,55.00000000000682,31.00000000000591,81.00000000001728,31.00000000000591,2024-05-14 09:00:00+00:00,2024-05-14 08:00:00+00:00,156.2559734064611,155.77625458713013,47.97188193309694,Up,Up,Up,2024-05-07 21:00:00+00:00,156.0,2024-05-07 21:00:00+00:00,2024-05-13 21:00:00+00:00,2024-05-13 00:00:00+00:00,155.47832264980727,154.5529422092337,92.53804405735764,Up,Up,Up,2024-03-19 21:00:00+00:00,1320.0,2024-03-19 21:00:00+00:00,Up,Up,156.17636276904554,155.19165170973017,155.71723324688057,154.410154575254,common_intersection
RAW|2024-05-17|2024-05-17T08:30:00Z|-1,2024-05-17,2024H1,-1,SHORT,asian_high,LONDON,2024-05-17 08:30:00+00:00,2024-05-17 08:45:00+00:00,2024-05-17 08:45:00.172000+00:00,2024-05-17 11:45:00+00:00,2024-05-17 11:45:13.855000+00:00,155.927,155.348,155.879,155.977,155.879,155.916,57.89999999999793,5.000000000001137,1.099999999999568,155.915,155.921,155.877,155.88,0.6000000000000227,0.2999999999985903,3.499999999999659,34.99999999999659,34349,37.00000000000614,34.99999999999659,37.00000000000614,34.99999999999659,33.00000000001546,33.999999999991815,2024-05-17 05:00:00+00:00,2024-05-17 04:00:00+00:00,155.3598590692501,155.41556571827869,-5.570664902859335,Down,Down,Down,2024-05-15 13:00:00+00:00,40.0,2024-05-15 13:00:00+00:00,2024-05-16 21:00:00+00:00,2024-05-16 00:00:00+00:00,155.454589886956,154.7658381990238,68.87516879322106,Up,Up,Up,2024-03-19 21:00:00+00:00,1392.0,2024-03-19 21:00:00+00:00,Down,Up,155.18100269695012,155.4912258417384,155.38152795465072,154.7139110858954,common_intersection
RAW|2024-05-17|2024-05-17T14:45:00Z|1,2024-05-17,2024H1,1,LONG,asian_low,LONDON_NY_OVERLAP,2024-05-17 14:45:00+00:00,2024-05-17 15:00:00+00:00,2024-05-17 15:00:00.229000+00:00,2024-05-17 18:00:00+00:00,2024-05-17 18:00:00.012000+00:00,155.927,155.348,155.436,155.478,155.342,155.403,57.89999999999793,0.6000000000000227,5.49999999999784,155.404,155.409,155.664,155.668,0.49999999999954525,0.40000000000190994,25.499999999999545,254.99999999999545,34374,250.0,257.000000000005,251.99999999998113,257.000000000005,250.0,258.0000000000098,2024-05-17 13:00:00+00:00,2024-05-17 12:00:00+00:00,155.5844995251276,155.4782052239511,10.629430117649008,Up,Up,Up,2024-05-17 09:00:00+00:00,4.0,2024-05-17 09:00:00+00:00,2024-05-16 21:00:00+00:00,2024-05-16 00:00:00+00:00,155.454589886956,154.7658381990238,68.87516879322106,Up,Up,Up,2024-03-19 21:00:00+00:00,1392.0,2024-03-19 21:00:00+00:00,Transition,Up,155.50389933517863,155.4912258417384,155.4514404608164,154.7139110858954,common_intersection
RAW|2024-05-20|2024-05-20T07:30:00Z|1,2024-05-20,2024H1,1,LONG,asian_low,LONDON,2024-05-20 07:30:00+00:00,2024-05-20 07:45:00+00:00,2024-05-20 07:45:00.101000+00:00,2024-05-20 10:45:00+00:00,2024-05-20 10:45:07.165000+00:00,155.935,155.64,155.541,155.685,155.54,155.668,29.50000000000159,9.999999999999432,2.800000000002001,155.67,155.672,155.699,155.703,0.20000000000095497,0.39999999999906777,2.7000000000015234,27.000000000015234,34441,28.00000000002001,27.000000000015234,27.000000000015234,27.000000000015234,26.00000000001046,36.000000000001364,2024-05-20 05:00:00+00:00,2024-05-20 04:00:00+00:00,155.7026748035005,155.5479286017938,15.47462017067005,Up,Up,Up,2024-05-17 09:00:00+00:00,68.0,2024-05-17 09:00:00+00:00,2024-05-17 21:00:00+00:00,2024-05-17 00:00:00+00:00,155.49699277639715,154.83281114310188,66.41816332952715,Up,Up,Up,2024-03-19 21:00:00+00:00,1416.0,2024-03-19 21:00:00+00:00,Up,Up,155.6757447249007,155.454589886956,155.52861804542806,154.7658381990238,common_intersection
RAW|2024-05-20|2024-05-20T12:15:00Z|-1,2024-05-20,2024H1,-1,SHORT,asian_high,LONDON_NY_OVERLAP,2024-05-20 12:15:00+00:00,2024-05-20 12:30:00+00:00,2024-05-20 12:30:00.266000+00:00,2024-05-20 15:30:00+00:00,2024-05-20 15:30:00.119000+00:00,155.935,155.64,155.829,155.961,155.815,155.934,29.50000000000159,2.600000000001046,0.10000000000047748,155.935,155.939,156.059,156.066,0.39999999999906777,0.7000000000005002,-13.100000000000023,-131.00000000000023,34460,-118.99999999999977,-132.000000000005,-114.00000000000432,-131.00000000000023,-120.00000000000455,-131.00000000000023,2024-05-20 09:00:00+00:00,2024-05-20 08:00:00+00:00,155.6967677167861,155.5586543136503,13.811340313580445,Up,Up,Up,2024-05-17 09:00:00+00:00,72.0,2024-05-17 09:00:00+00:00,2024-05-17 21:00:00+00:00,2024-05-17 00:00:00+00:00,155.49699277639715,154.83281114310188,66.41816332952715,Up,Up,Up,2024-03-19 21:00:00+00:00,1416.0,2024-03-19 21:00:00+00:00,Up,Up,155.7026748035005,155.454589886956,155.5479286017938,154.7658381990238,common_intersection
RAW|2024-05-21|2024-05-21T07:15:00Z|1,2024-05-21,2024H1,1,LONG,asian_low,LONDON,2024-05-21 07:15:00+00:00,2024-05-21 07:30:00+00:00,2024-05-21 07:30:00.099000+00:00,2024-05-21 10:30:00+00:00,2024-05-21 10:30:00.094000+00:00,156.545,156.103,156.083,156.132,156.028,156.108,44.199999999997885,7.500000000001705,0.49999999999954525,156.107,156.113,156.182,156.188,0.6000000000000227,0.6000000000000227,6.89999999999884,68.9999999999884,34536,67.99999999998363,68.00000000001205,65.99999999997408,70.99999999999795,60.99999999997863,68.9999999999884,2024-05-21 05:00:00+00:00,2024-05-21 04:00:00+00:00,156.2151004411826,155.80754037054294,40.75600706396756,Up,Up,Up,2024-05-17 09:00:00+00:00,92.0,2024-05-17 09:00:00+00:00,2024-05-20 21:00:00+00:00,2024-05-20 00:00:00+00:00,155.70899484028368,154.94530625165373,76.36885886299467,Up,Up,Up,2024-03-19 21:00:00+00:00,1488.0,2024-03-19 21:00:00+00:00,Up,Up,156.12234061765568,155.49699277639715,155.75193518537276,154.83281114310188,common_intersection
RAW|2024-05-22|2024-05-22T08:30:00Z|-1,2024-05-22,2024H1,-1,SHORT,asian_high,LONDON,2024-05-22 08:30:00+00:00,2024-05-22 08:45:00+00:00,2024-05-22 08:45:00.136000+00:00,2024-05-22 11:45:00+00:00,2024-05-22 11:45:02.243000+00:00,156.471,156.139,156.49,156.494,156.409,156.451,33.19999999999936,2.2999999999996135,2.000000000001023,156.451,156.458,156.595,156.599,0.7000000000005002,0.39999999999906777,-14.799999999999613,-147.99999999999613,34637,-147.99999999999613,-147.99999999999613,-146.99999999999136,-149.0000000000009,-143.00000000000068,-168.00000000000637,2024-05-22 05:00:00+00:00,2024-05-22 04:00:00+00:00,156.25064349372693,155.97647677238768,27.41667213392418,Up,Up,Up,2024-05-17 09:00:00+00:00,116.0,2024-05-17 09:00:00+00:00,2024-05-21 21:00:00+00:00,2024-05-21 00:00:00+00:00,155.8341391716312,155.04144175152143,79.26974201097607,Up,Up,Up,2024-03-19 21:00:00+00:00,1512.0,2024-03-19 21:00:00+00:00,Up,Up,156.2097008912177,155.70899484028368,155.94373562216052,154.94530625165373,common_intersection
RAW|2024-05-23|2024-05-23T07:15:00Z|1,2024-05-23,2024H1,1,LONG,asian_low,LONDON,2024-05-23 07:15:00+00:00,2024-05-23 07:30:00+00:00,2024-05-23 07:30:00.035000+00:00,2024-05-23 10:30:00+00:00,2024-05-23 10:30:02.527000+00:00,156.902,156.576,156.661,156.661,156.556,156.623,32.59999999999934,1.999999999998181,4.699999999999704,156.622,156.63,156.697,156.702,0.7999999999981355,0.49999999999954525,6.700000000000728,67.00000000000728,34728,51.00000000001614,67.00000000000728,45.99999999999227,66.0000000000025,51.9999999999925,66.0000000000025,2024-05-23 05:00:00+00:00,2024-05-23 04:00:00+00:00,156.62963789398538,156.24057869403862,38.90591999467574,Up,Up,Up,2024-05-17 09:00:00+00:00,140.0,2024-05-17 09:00:00+00:00,2024-05-22 21:00:00+00:00,2024-05-22 00:00:00+00:00,156.10124226545085,155.17964641139972,92.15958540511338,Up,Up,Up,2024-03-19 21:00:00+00:00,1536.0,2024-03-19 21:00:00+00:00,Up,Up,156.5950930515795,155.8341391716312,156.19923771091152,155.04144175152143,common_intersection
RAW|2024-05-23|2024-05-23T18:00:00Z|-1,2024-05-23,2024H1,-1,SHORT,asian_high,NEW_YORK,2024-05-23 18:00:00+00:00,2024-05-23 18:15:00+00:00,2024-05-23 18:15:00.295000+00:00,2024-05-23 21:15:00+00:00,2024-05-23 21:15:00.067000+00:00,156.902,156.576,156.941,156.962,156.848,156.857,32.59999999999934,6.000000000000227,4.4999999999987494,156.857,156.86,156.927,156.946,0.30000000000143245,1.9000000000005457,-8.899999999999864,-88.99999999999864,34771,-88.99999999999864,-88.99999999999864,-90.00000000000341,-86.00000000001273,-90.00000000000341,-86.00000000001273,2024-05-23 17:00:00+00:00,2024-05-23 16:00:00+00:00,156.79178640451363,156.37747961410355,41.430679041008034,Up,Up,Up,2024-05-17 09:00:00+00:00,152.0,2024-05-17 09:00:00+00:00,2024-05-22 21:00:00+00:00,2024-05-22 00:00:00+00:00,156.10124226545085,155.17964641139972,92.15958540511338,Up,Up,Up,2024-03-19 21:00:00+00:00,1536.0,2024-03-19 21:00:00+00:00,Up,Up,156.69010096631908,155.8341391716312,156.31934740663428,155.04144175152143,common_intersection
RAW|2024-05-24|2024-05-24T14:00:00Z|1,2024-05-24,2024H1,1,LONG,asian_low,LONDON_NY_OVERLAP,2024-05-24 14:00:00+00:00,2024-05-24 14:15:00+00:00,2024-05-24 14:15:00.542000+00:00,2024-05-24 17:15:00+00:00,2024-05-24 17:15:12.974000+00:00,157.145,156.92,157.057,157.061,156.912,156.928,22.500000000002274,0.7999999999981355,0.8000000000009777,156.931,156.935,156.894,156.898,0.39999999999906777,0.39999999999906777,-4.099999999999682,-40.99999999999682,34851,-40.99999999999682,-40.99999999999682,-42.00000000000159,-40.99999999999682,-63.99999999999295,-45.000000000015916,2024-05-24 13:00:00+00:00,2024-05-24 12:00:00+00:00,156.99358472744126,156.59810281286434,39.54819145769193,Up,Up,Up,2024-05-17 09:00:00+00:00,172.0,2024-05-17 09:00:00+00:00,2024-05-23 21:00:00+00:00,2024-05-23 00:00:00+00:00,156.32374447532203,155.31567469848775,100.80697768342759,Up,Up,Up,2024-03-19 21:00:00+00:00,1560.0,2024-03-19 21:00:00+00:00,Up,Up,156.96181861841774,156.10124226545085,156.55680740528732,155.17964641139972,common_intersection
RAW|2024-05-27|2024-05-27T07:15:00Z|-1,2024-05-27,2024H1,-1,SHORT,asian_high,LONDON,2024-05-27 07:15:00+00:00,2024-05-27 07:30:00+00:00,2024-05-27 07:30:00.003000+00:00,2024-05-27 10:30:00+00:00,2024-05-27 10:30:00.419000+00:00,156.926,156.661,156.858,156.934,156.858,156.92,26.499999999998636,0.8000000000009777,0.6000000000000227,156.921,156.923,156.883,156.886,0.20000000000095497,0.2999999999985903,3.499999999999659,34.99999999999659,34920,33.00000000001546,34.99999999999659,39.00000000001569,33.999999999991815,33.999999999991815,33.999999999991815,2024-05-27 05:00:00+00:00,2024-05-27 04:00:00+00:00,156.8802684109333,156.67181243201225,20.84559789210516,Up,Up,Up,2024-05-17 09:00:00+00:00,236.0,2024-05-17 09:00:00+00:00,2024-05-24 21:00:00+00:00,2024-05-24 00:00:00+00:00,156.50067462523003,155.44586072260876,105.48139026212766,Up,Up,Up,2024-03-19 21:00:00+00:00,1584.0,2024-03-19 21:00:00+00:00,Up,Up,156.92477577530659,156.32374447532203,156.66336133914373,155.31567469848775,common_intersection
RAW|2024-05-28|2024-05-28T08:30:00Z|-1,2024-05-28,2024H1,-1,SHORT,asian_high,LONDON,2024-05-28 08:30:00+00:00,2024-05-28 08:45:00+00:00,2024-05-28 08:45:00.123000+00:00,2024-05-28 11:45:00+00:00,2024-05-28 11:45:02.487000+00:00,156.928,156.618,156.913,156.954,156.89,156.921,31.000000000000227,2.600000000001046,0.7000000000005002,156.921,156.928,156.8,156.805,0.7000000000005002,0.49999999999954525,11.599999999998545,115.99999999998545,35021,122.99999999999045,115.99999999998545,125.0,115.99999999998545,121.99999999998568,115.99999999998545,2024-05-28 05:00:00+00:00,2024-05-28 04:00:00+00:00,156.81834310466587,156.73576202672615,8.258107793972158,Up,Up,Up,2024-05-17 09:00:00+00:00,260.0,2024-05-17 09:00:00+00:00,2024-05-27 21:00:00+00:00,2024-05-27 00:00:00+00:00,156.58933901802146,155.55507186480006,103.4267153221407,Up,Up,Up,2024-03-19 21:00:00+00:00,1656.0,2024-03-19 21:00:00+00:00,Up,Up,156.87128034653222,156.50067462523003,156.74008915948497,155.44586072260876,common_intersection
RAW|2024-05-28|2024-05-28T13:15:00Z|1,2024-05-28,2024H1,1,LONG,asian_low,LONDON_NY_OVERLAP,2024-05-28 13:15:00+00:00,2024-05-28 13:30:00+00:00,2024-05-28 13:30:00.081000+00:00,2024-05-28 16:30:00+00:00,2024-05-28 16:30:00.129000+00:00,156.928,156.618,156.69,156.693,156.579,156.639,31.000000000000227,3.8999999999987267,2.1000000000015007,156.639,156.646,156.942,156.947,0.699999999997658,0.49999999999954525,29.60000000000207,296.0000000000207,35040,294.00000000001114,296.0000000000207,294.00000000001114,296.0000000000207,290.9999999999968,296.0000000000207,2024-05-28 13:00:00+00:00,2024-05-28 12:00:00+00:00,156.78829750238054,156.74086737942105,4.743012295949711,Up,Up,Up,2024-05-17 09:00:00+00:00,268.0,2024-05-17 09:00:00+00:00,2024-05-27 21:00:00+00:00,2024-05-27 00:00:00+00:00,156.58933901802146,155.55507186480006,103.4267153221407,Up,Up,Up,2024-03-19 21:00:00+00:00,1656.0,2024-03-19 21:00:00+00:00,Up,Up,156.83281650333277,156.50067462523003,156.74642106458808,155.44586072260876,common_intersection
RAW|2024-05-30|2024-05-30T07:15:00Z|1,2024-05-30,2024H1,1,LONG,asian_low,LONDON,2024-05-30 07:15:00+00:00,2024-05-30 07:30:00+00:00,2024-05-30 07:30:00.334000+00:00,2024-05-30 10:30:00+00:00,2024-05-30 10:30:00.524000+00:00,157.625,156.701,156.557,156.822,156.552,156.812,92.40000000000066,14.900000000000091,11.100000000001842,156.812,156.819,157.002,157.006,0.699999999997658,0.39999999999906777,18.300000000002115,183.00000000002115,35208,192.00000000000728,185.00000000000227,188.0000000000166,185.00000000000227,191.0000000000025,182.00000000001637,2024-05-30 05:00:00+00:00,2024-05-30 04:00:00+00:00,157.32261104256494,157.06317565215883,25.943539040611086,Up,Up,Up,2024-05-17 09:00:00+00:00,308.0,2024-05-17 09:00:00+00:00,2024-05-29 21:00:00+00:00,2024-05-29 00:00:00+00:00,156.99721378470483,155.8371696263668,116.00441583380245,Up,Up,Up,2024-03-19 21:00:00+00:00,1704.0,2024-03-19 21:00:00+00:00,Up,Up,157.37845545959092,156.74609929858676,157.05275614365092,155.68170611561607,common_intersection
RAW|2024-05-31|2024-05-31T07:15:00Z|-1,2024-05-31,2024H1,-1,SHORT,asian_high,LONDON,2024-05-31 07:15:00+00:00,2024-05-31 07:30:00+00:00,2024-05-31 07:30:01.179000+00:00,2024-05-31 10:30:00+00:00,2024-05-31 10:30:00.954000+00:00,157.023,156.571,157.04,157.059,157.0,157.004,45.19999999999982,3.6000000000001364,1.9000000000005457,157.007,157.012,157.306,157.308,0.49999999999954525,0.1999999999981128,-30.099999999998772,-300.9999999999877,35304,-300.9999999999877,-302.99999999999727,-288.99999999998727,-298.0000000000018,-290.9999999999968,-299.0000000000066,2024-05-31 05:00:00+00:00,2024-05-31 04:00:00+00:00,156.81443659988676,156.93965396567856,-12.521736579179787,Down,Down,Down,2024-05-30 17:00:00+00:00,12.0,2024-05-30 17:00:00+00:00,2024-05-30 21:00:00+00:00,2024-05-30 00:00:00+00:00,156.9414384176463,155.91435605625747,102.70823613888354,Up,Up,Up,2024-03-19 21:00:00+00:00,1728.0,2024-03-19 21:00:00+00:00,Down,Up,156.85981123984146,156.99721378470483,156.9604064844332,155.8371696263668,common_intersection
RAW|2024-05-31|2024-05-31T14:15:00Z|1,2024-05-31,2024H1,1,LONG,asian_low,LONDON_NY_OVERLAP,2024-05-31 14:15:00+00:00,2024-05-31 14:30:00+00:00,2024-05-31 14:30:00.821000+00:00,2024-05-31 17:30:00+00:00,2024-05-31 17:30:00.119000+00:00,157.023,156.571,156.635,156.69,156.557,156.648,45.19999999999982,1.4000000000010004,7.699999999999818,156.648,156.652,157.238,157.241,0.39999999999906777,0.30000000000143245,58.60000000000127,586.0000000000127,35332,586.9999999999891,585.000000000008,574.9999999999886,585.000000000008,562.0000000000118,585.000000000008,2024-05-31 13:00:00+00:00,2024-05-31 12:00:00+00:00,156.92459010198306,156.95918871655033,-3.4598614567272534,Down,Down,Down,2024-05-30 17:00:00+00:00,20.0,2024-05-30 17:00:00+00:00,2024-05-30 21:00:00+00:00,2024-05-30 00:00:00+00:00,156.9414384176463,155.91435605625747,102.70823613888354,Up,Up,Up,2024-03-19 21:00:00+00:00,1728.0,2024-03-19 21:00:00+00:00,Down,Up,156.95202614277628,156.99721378470483,156.96816164842426,155.8371696263668,common_intersection
RAW|2024-06-05|2024-06-05T07:00:00Z|-1,2024-06-05,2024H1,-1,SHORT,asian_high,LONDON,2024-06-05 07:00:00+00:00,2024-06-05 07:15:00+00:00,2024-06-05 07:15:00.164000+00:00,2024-06-05 10:15:00+00:00,2024-06-05 10:15:01.570000+00:00,155.922,155.094,155.898,155.956,155.881,155.915,82.8000000000003,3.3999999999991815,0.7000000000005002,155.918,155.923,156.063,156.065,0.49999999999954525,0.20000000000095497,-14.699999999999136,-146.99999999999136,35591,-143.00000000000068,-146.99999999999136,-144.00000000000546,-140.99999999999113,-133.99999999998613,-141.9999999999959,2024-06-05 05:00:00+00:00,2024-06-05 04:00:00+00:00,155.38526415394952,156.14771975025377,-76.24555963042496,Down,Down,Down,2024-06-03 17:00:00+00:00,36.0,2024-06-03 17:00:00+00:00,2024-06-04 21:00:00+00:00,2024-06-04 00:00:00+00:00,156.20936968573116,155.93087693673505,27.849274899611487,Up,Up,Up,2024-03-19 21:00:00+00:00,1848.0,2024-03-19 21:00:00+00:00,Down,Up,155.30576981552932,156.75191756002363,156.1967388589715,156.02460536601635,common_intersection
RAW|2024-06-06|2024-06-06T08:45:00Z|-1,2024-06-06,2024H1,-1,SHORT,asian_high,LONDON,2024-06-06 08:45:00+00:00,2024-06-06 09:00:00+00:00,2024-06-06 09:00:00.512000+00:00,2024-06-06 12:00:00+00:00,2024-06-06 12:00:00.099000+00:00,156.179,155.354,156.252,156.252,156.118,156.16,82.49999999999886,7.30000000000075,1.9000000000005457,156.16,156.166,156.191,156.194,0.6000000000000227,0.2999999999985903,-3.3999999999991815,-33.999999999991815,35694,-34.99999999999659,-33.999999999991815,-34.99999999999659,-37.00000000000614,-36.99999999997772,-33.00000000001546,2024-06-06 09:00:00+00:00,2024-06-06 08:00:00+00:00,155.91282881650054,156.08037128582018,-16.75424693196419,Down,Down,Down,2024-06-03 17:00:00+00:00,64.0,2024-06-03 17:00:00+00:00,2024-06-05 21:00:00+00:00,2024-06-05 00:00:00+00:00,156.17183548980796,155.94264678179627,22.918870801169078,Up,Up,Up,2024-03-19 21:00:00+00:00,1872.0,2024-03-19 21:00:00+00:00,Down,Up,155.81396034310075,156.20936968573116,156.07344704980454,155.93087693673505,common_intersection
RAW|2024-06-07|2024-06-07T07:30:00Z|1,2024-06-07,2024H1,1,LONG,asian_low,LONDON,2024-06-07 07:30:00+00:00,2024-06-07 07:45:00+00:00,2024-06-07 07:45:00.598000+00:00,2024-06-07 10:45:00+00:00,2024-06-07 10:45:02.880000+00:00,155.934,155.13,155.229,155.385,155.119,155.348,80.4000000000002,1.099999999999568,21.800000000001774,155.348,155.351,155.504,155.509,0.2999999999985903,0.49999999999954525,15.299999999999159,152.9999999999916,35785,151.9999999999868,152.9999999999916,152.9999999999916,151.9999999999868,167.0000000000016,150.00000000000568,2024-06-07 05:00:00+00:00,2024-06-07 04:00:00+00:00,155.75594371699674,155.9777331051407,-22.178938814394655,Down,Down,Down,2024-06-03 17:00:00+00:00,84.0,2024-06-03 17:00:00+00:00,2024-06-06 21:00:00+00:00,2024-06-06 00:00:00+00:00,156.00273963557711,155.9136350392526,8.910459632451762,Up,Up,Up,2024-03-19 21:00:00+00:00,1896.0,2024-03-19 21:00:00+00:00,Down,Up,155.82712120379546,156.17183548980796,156.01249250558772,155.94264678179627,common_intersection
RAW|2024-06-11|2024-06-11T07:30:00Z|-1,2024-06-11,2024H1,-1,SHORT,asian_high,LONDON,2024-06-11 07:30:00+00:00,2024-06-11 07:45:00+00:00,2024-06-11 07:45:00.141000+00:00,2024-06-11 10:45:00+00:00,2024-06-11 10:45:00.302000+00:00,157.332,157.031,157.325,157.365,157.313,157.318,30.099999999998772,3.300000000001546,1.3999999999981583,157.319,157.323,157.133,157.139,0.40000000000190994,0.6000000000000227,17.99999999999784,179.9999999999784,35977,179.9999999999784,180.99999999998317,183.9999999999975,177.99999999999727,194.99999999999318,183.9999999999975,2024-06-11 05:00:00+00:00,2024-06-11 04:00:00+00:00,157.06873114960027,156.57032800765555,49.84031419447206,Up,Up,Up,2024-06-07 17:00:00+00:00,84.0,2024-06-07 17:00:00+00:00,2024-06-10 21:00:00+00:00,2024-06-10 00:00:00+00:00,156.43025491611075,156.05850069722342,37.17542188873324,Up,Up,Up,2024-03-19 21:00:00+00:00,1992.0,2024-03-19 21:00:00+00:00,Up,Up,156.99022360944036,156.20195688255507,156.50992174745167,155.9765442361124,common_intersection
RAW|2024-06-11|2024-06-11T12:00:00Z|1,2024-06-11,2024H1,1,LONG,asian_low,LONDON_NY_OVERLAP,2024-06-11 12:00:00+00:00,2024-06-11 12:15:00+00:00,2024-06-11 12:15:00.553000+00:00,2024-06-11 15:15:00+00:00,2024-06-11 15:15:00.260000+00:00,157.332,157.031,157.099,157.111,156.972,157.047,30.099999999998772,5.89999999999975,1.5999999999991132,157.046,157.048,157.35,157.356,0.20000000000095497,0.6000000000000227,30.19999999999925,301.9999999999925,35995,311.00000000000705,304.00000000000205,304.00000000000205,299.0000000000066,301.9999999999925,284.9999999999966,2024-06-11 09:00:00+00:00,2024-06-11 08:00:00+00:00,157.11166510685734,156.6222217670431,48.94433398142439,Up,Up,Up,2024-06-07 17:00:00+00:00,88.0,2024-06-07 17:00:00+00:00,2024-06-10 21:00:00+00:00,2024-06-10 00:00:00+00:00,156.43025491611075,156.05850069722342,37.17542188873324,Up,Up,Up,2024-03-19 21:00:00+00:00,1992.0,2024-03-19 21:00:00+00:00,Up,Up,157.06873114960027,156.20195688255507,156.57032800765555,155.9765442361124,common_intersection
RAW|2024-06-12|2024-06-12T07:45:00Z|-1,2024-06-12,2024H1,-1,SHORT,asian_high,LONDON,2024-06-12 07:45:00+00:00,2024-06-12 08:00:00+00:00,2024-06-12 08:00:00.559000+00:00,2024-06-12 11:00:00+00:00,2024-06-12 11:00:01.339000+00:00,157.293,157.043,157.311,157.315,157.255,157.265,25.0,2.199999999999136,2.800000000002001,157.267,157.272,157.325,157.33,0.49999999999954525,0.5000000000023874,-6.30000000000166,-63.0000000000166,36074,-66.0000000000025,-63.0000000000166,-76.00000000002183,-64.99999999999773,-68.00000000001205,-66.0000000000025,2024-06-12 05:00:00+00:00,2024-06-12 04:00:00+00:00,157.16903584571483,156.80613342850617,36.29024172086588,Up,Up,Up,2024-06-07 17:00:00+00:00,108.0,2024-06-07 17:00:00+00:00,2024-06-11 21:00:00+00:00,2024-06-11 00:00:00+00:00,156.61532494007912,156.14006064144556,47.52642986335616,Up,Up,Up,2024-03-19 21:00:00+00:00,2016.0,2024-03-19 21:00:00+00:00,Up,Up,157.14025018400076,156.43025491611075,156.76831894402844,156.05850069722342,common_intersection
RAW|2024-06-13|2024-06-13T08:15:00Z|-1,2024-06-13,2024H1,-1,SHORT,asian_high,LONDON,2024-06-13 08:15:00+00:00,2024-06-13 08:30:00+00:00,2024-06-13 08:30:01.281000+00:00,2024-06-13 11:30:00+00:00,2024-06-13 11:30:00.110000+00:00,157.255,156.694,157.279,157.287,157.172,157.244,56.100000000000705,3.2000000000010687,1.099999999999568,157.245,157.248,157.228,157.234,0.2999999999985903,0.6000000000000227,1.099999999999568,10.99999999999568,36172,10.99999999999568,8.000000000009777,10.99999999999568,9.000000000014552,31.999999999982265,6.000000000000227,2024-06-13 05:00:00+00:00,2024-06-13 04:00:00+00:00,156.77368240349935,156.7415236029544,3.2158800544948463,Up,Down,Transition,2024-06-13 05:00:00+00:00,0.0,2024-06-13 05:00:00+00:00,2024-06-12 21:00:00+00:00,2024-06-12 00:00:00+00:00,156.6335178143422,156.18317579012992,45.034202421229,Up,Up,Up,2024-03-19 21:00:00+00:00,2040.0,2024-03-19 21:00:00+00:00,Down,Up,156.6655553648991,156.61532494007912,156.71522130755912,156.14006064144556,common_intersection
RAW|2024-06-13|2024-06-13T12:30:00Z|1,2024-06-13,2024H1,1,LONG,asian_low,LONDON_NY_OVERLAP,2024-06-13 12:30:00+00:00,2024-06-13 12:45:00+00:00,2024-06-13 12:45:00.092000+00:00,2024-06-13 15:45:00+00:00,2024-06-13 15:45:00.105000+00:00,157.255,156.694,157.042,157.075,156.579,156.865,56.100000000000705,11.499999999998067,17.10000000000207,156.864,156.869,156.816,156.822,0.49999999999954525,0.6000000000000227,-5.299999999999727,-52.99999999999727,36189,-54.000000000002046,-52.99999999999727,-67.99999999998363,-51.9999999999925,-55.00000000000682,-52.99999999999727,2024-06-13 09:00:00+00:00,2024-06-13 08:00:00+00:00,156.91120171678526,156.78260171471806,12.860000206720201,Up,Up,Up,2024-06-13 05:00:00+00:00,4.0,2024-06-13 05:00:00+00:00,2024-06-12 21:00:00+00:00,2024-06-12 00:00:00+00:00,156.6335178143422,156.18317579012992,45.034202421229,Up,Up,Up,2024-03-19 21:00:00+00:00,2040.0,2024-03-19 21:00:00+00:00,Transition,Up,156.77368240349935,156.61532494007912,156.7415236029544,156.14006064144556,common_intersection
RAW|2024-06-18|2024-06-18T07:00:00Z|-1,2024-06-18,2024H1,-1,SHORT,asian_high,LONDON,2024-06-18 07:00:00+00:00,2024-06-18 07:15:00+00:00,2024-06-18 07:15:00.303000+00:00,2024-06-18 10:15:00+00:00,2024-06-18 10:15:00.347000+00:00,157.986,157.515,157.964,157.991,157.941,157.985,47.100000000000364,0.5000000000023874,0.09999999999763531,157.986,157.992,158.081,158.086,0.6000000000000227,0.5000000000023874,-10.000000000002274,-100.00000000002274,36455,-98.00000000001319,-98.00000000001319,-99.00000000001796,-98.00000000001319,-99.00000000001796,-98.00000000001319,2024-06-18 05:00:00+00:00,2024-06-18 04:00:00+00:00,157.6764556727563,157.35538489142704,32.10707813292686,Up,Up,Up,2024-06-13 05:00:00+00:00,120.0,2024-06-13 05:00:00+00:00,2024-06-17 21:00:00+00:00,2024-06-17 00:00:00+00:00,157.13540445129092,156.4444565656647,69.09478856262297,Up,Up,Up,2024-03-19 21:00:00+00:00,2160.0,2024-03-19 21:00:00+00:00,Up,Up,157.66063794185882,156.91036623180727,157.32402705589894,156.33545278876596,common_intersection
RAW|2024-06-19|2024-06-19T07:00:00Z|1,2024-06-19,2024H1,1,LONG,asian_low,LONDON,2024-06-19 07:00:00+00:00,2024-06-19 07:15:00+00:00,2024-06-19 07:15:01.135000+00:00,2024-06-19 10:15:00+00:00,2024-06-19 10:15:00.224000+00:00,157.923,157.642,157.665,157.745,157.602,157.7,28.10000000000059,3.999999999999204,5.799999999999272,157.7,157.705,157.894,157.9,0.5000000000023874,0.6000000000000227,18.899999999999295,188.99999999999295,36551,188.99999999999295,189.99999999999773,188.0000000000166,186.9999999999834,212.0000000000175,188.99999999999295,2024-06-19 05:00:00+00:00,2024-06-19 04:00:00+00:00,157.83063833850537,157.55721418118588,27.342415731948222,Up,Up,Up,2024-06-13 05:00:00+00:00,144.0,2024-06-13 05:00:00+00:00,2024-06-18 21:00:00+00:00,2024-06-18 00:00:00+00:00,157.3347174652078,156.55554004041153,77.91774247962735,Up,Up,Up,2024-03-19 21:00:00+00:00,2184.0,2024-03-19 21:00:00+00:00,Up,Up,157.82289367390752,157.13540445129092,157.53175454476727,156.4444565656647,common_intersection
RAW|2024-06-19|2024-06-19T12:30:00Z|-1,2024-06-19,2024H1,-1,SHORT,asian_high,LONDON_NY_OVERLAP,2024-06-19 12:30:00+00:00,2024-06-19 12:45:00+00:00,2024-06-19 12:45:13.395000+00:00,2024-06-19 15:45:00+00:00,2024-06-19 15:45:06.240000+00:00,157.923,157.642,157.925,157.928,157.901,157.919,28.10000000000059,0.49999999999954525,0.39999999999906777,157.916,157.922,157.92,157.927,0.6000000000000227,0.7000000000005002,-1.099999999999568,-10.99999999999568,36573,-10.99999999999568,-10.99999999999568,-10.99999999999568,-10.99999999999568,-10.99999999999568,-9.999999999990905,2024-06-19 09:00:00+00:00,2024-06-19 08:00:00+00:00,157.82159881321812,157.57655704669102,24.504176652709475,Up,Up,Up,2024-06-13 05:00:00+00:00,148.0,2024-06-13 05:00:00+00:00,2024-06-18 21:00:00+00:00,2024-06-18 00:00:00+00:00,157.3347174652078,156.55554004041153,77.91774247962735,Up,Up,Up,2024-03-19 21:00:00+00:00,2184.0,2024-03-19 21:00:00+00:00,Up,Up,157.83063833850537,157.13540445129092,157.55721418118588,156.4444565656647,common_intersection
RAW|2024-06-21|2024-06-21T08:45:00Z|1,2024-06-21,2024H1,1,LONG,asian_low,LONDON,2024-06-21 08:45:00+00:00,2024-06-21 09:00:00+00:00,2024-06-21 09:00:00.093000+00:00,2024-06-21 12:00:00+00:00,2024-06-21 12:00:00.094000+00:00,159.125,158.816,158.794,158.854,158.769,158.83,30.89999999999975,4.699999999999704,1.4000000000010004,158.83,158.833,158.899,158.903,0.2999999999985903,0.39999999999906777,6.60000000000025,66.0000000000025,36750,66.0000000000025,67.00000000000728,63.99999999999295,63.99999999999295,66.0000000000025,64.99999999999773,2024-06-21 09:00:00+00:00,2024-06-21 08:00:00+00:00,158.78173574649014,158.20952607585218,57.220967063796024,Up,Up,Up,2024-06-13 05:00:00+00:00,196.0,2024-06-13 05:00:00+00:00,2024-06-20 21:00:00+00:00,2024-06-20 00:00:00+00:00,157.93036605367746,156.85408749020434,107.62785634731244,Up,Up,Up,2024-03-19 21:00:00+00:00,2232.0,2024-03-19 21:00:00+00:00,Up,Up,158.7624300450862,157.54451247514842,158.15557182157846,156.6766168371786,common_intersection
RAW|2024-06-24|2024-06-24T09:15:00Z|1,2024-06-24,2024H1,1,LONG,asian_low,LONDON,2024-06-24 09:15:00+00:00,2024-06-24 09:30:00+00:00,2024-06-24 09:30:00.078000+00:00,2024-06-24 12:30:00+00:00,2024-06-24 12:30:00.060000+00:00,159.927,159.62,159.668,159.694,159.589,159.624,30.699999999998795,3.100000000000591,0.39999999999906777,159.624,159.628,159.515,159.518,0.39999999999906777,0.30000000000143245,-11.299999999999955,-112.99999999999955,36848,-118.00000000002342,-112.99999999999955,-118.00000000002342,-104.99999999998977,-130.00000000002387,-106.99999999999932,2024-06-24 09:00:00+00:00,2024-06-24 08:00:00+00:00,159.57562042209375,158.7636877366455,81.19326854482551,Up,Up,Up,2024-06-13 05:00:00+00:00,268.0,2024-06-13 05:00:00+00:00,2024-06-21 21:00:00+00:00,2024-06-21 00:00:00+00:00,158.45454718119817,157.08696049098802,136.7586690210146,Up,Up,Up,2024-03-19 21:00:00+00:00,2256.0,2024-03-19 21:00:00+00:00,Up,Up,159.49226859093125,157.93036605367746,158.6749649311364,156.85408749020434,common_intersection
RAW|2024-06-25|2024-06-25T14:00:00Z|-1,2024-06-25,2024H1,-1,SHORT,asian_high,LONDON_NY_OVERLAP,2024-06-25 14:00:00+00:00,2024-06-25 14:15:00+00:00,2024-06-25 14:15:00.215000+00:00,2024-06-25 17:15:00+00:00,2024-06-25 17:15:05.217000+00:00,159.701,159.186,159.627,159.712,159.586,159.669,51.499999999998636,1.099999999999568,3.1999999999982265,159.667,159.671,159.689,159.691,0.39999999999906777,0.20000000000095497,-2.400000000000091,-24.00000000000091,36963,-21.000000000015007,-24.00000000000091,-32.00000000001069,-24.00000000000091,-26.00000000001046,-18.000000000000682,2024-06-25 13:00:00+00:00,2024-06-25 12:00:00+00:00,159.540967276118,159.09983105603482,44.11362200831945,Up,Up,Up,2024-06-13 05:00:00+00:00,296.0,2024-06-13 05:00:00+00:00,2024-06-24 21:00:00+00:00,2024-06-24 00:00:00+00:00,158.7726765579987,157.285443651709,148.72329062897052,Up,Up,Up,2024-03-19 21:00:00+00:00,2328.0,2024-03-19 21:00:00+00:00,Up,Up,159.49095418656523,158.45454718119817,159.05059897395088,157.08696049098802,common_intersection
RAW|2024-06-26|2024-06-26T07:30:00Z|-1,2024-06-26,2024H1,-1,SHORT,asian_high,LONDON,2024-06-26 07:30:00+00:00,2024-06-26 07:45:00+00:00,2024-06-26 07:45:00.949000+00:00,2024-06-26 10:45:00+00:00,2024-06-26 10:45:00.075000+00:00,159.9,159.663,159.915,159.915,159.86,159.874,23.699999999999477,1.4999999999986358,2.600000000001046,159.872,159.875,160.138,160.143,0.2999999999985903,0.49999999999954525,-27.09999999999866,-270.9999999999866,37033,-271.99999999999136,-273.9999999999725,-269.00000000000546,-276.9999999999868,-265.99999999999113,-278.99999999999636,2024-06-26 05:00:00+00:00,2024-06-26 04:00:00+00:00,159.67453583822314,159.27500109453274,39.953474369039554,Up,Up,Up,2024-06-13 05:00:00+00:00,312.0,2024-06-13 05:00:00+00:00,2024-06-25 21:00:00+00:00,2024-06-25 00:00:00+00:00,159.02391182714192,157.47476815957225,154.91436675696661,Up,Up,Up,2024-03-19 21:00:00+00:00,2352.0,2024-03-19 21:00:00+00:00,Up,Up,159.6439501735124,158.7726765579987,159.23360988536166,157.285443651709,common_intersection
RAW|2024-06-27|2024-06-27T12:45:00Z|1,2024-06-27,2024H1,1,LONG,asian_low,LONDON_NY_OVERLAP,2024-06-27 12:45:00+00:00,2024-06-27 13:00:00+00:00,2024-06-27 13:00:00.041000+00:00,2024-06-27 16:00:00+00:00,2024-06-27 16:00:00.154000+00:00,160.716,160.301,160.358,160.415,160.28,160.399,41.500000000002046,2.0999999999986585,9.800000000001319,160.4,160.402,160.7,160.705,0.1999999999981128,0.5000000000023874,29.800000000000182,298.0000000000018,37150,298.0000000000018,301.00000000001614,295.99999999999227,298.0000000000018,294.9999999999875,300.00000000001137,2024-06-27 13:00:00+00:00,2024-06-27 12:00:00+00:00,160.43018516091115,159.8600830287369,57.010213217424166,Up,Up,Up,2024-06-13 05:00:00+00:00,344.0,2024-06-13 05:00:00+00:00,2024-06-26 21:00:00+00:00,2024-06-26 00:00:00+00:00,159.5282227336728,157.7399067068065,178.8316026866312,Up,Up,Up,2024-03-19 21:00:00+00:00,2376.0,2024-03-19 21:00:00+00:00,Up,Up,160.44265922527563,159.02391182714192,159.81322068340967,157.47476815957225,common_intersection
RAW|2024-06-27|2024-06-27T16:45:00Z|-1,2024-06-27,2024H1,-1,SHORT,asian_high,NEW_YORK,2024-06-27 16:45:00+00:00,2024-06-27 17:00:00+00:00,2024-06-27 17:00:04.093000+00:00,2024-06-27 20:00:00+00:00,2024-06-27 20:00:00.097000+00:00,160.716,160.301,160.724,160.736,160.71,160.713,41.500000000002046,1.999999999998181,0.30000000000143245,160.707,160.711,160.819,160.821,0.40000000000190994,0.20000000000095497,-11.400000000000432,-114.00000000000432,37166,-114.00000000000432,-108.00000000000409,-111.99999999999477,-102.00000000000387,-120.00000000000455,-96.00000000000364,2024-06-27 17:00:00+00:00,2024-06-27 16:00:00+00:00,160.51098940065083,159.92831638643798,58.2673014212844,Up,Up,Up,2024-06-13 05:00:00+00:00,348.0,2024-06-13 05:00:00+00:00,2024-06-26 21:00:00+00:00,2024-06-26 00:00:00+00:00,159.5282227336728,157.7399067068065,178.8316026866312,Up,Up,Up,2024-03-19 21:00:00+00:00,2376.0,2024-03-19 21:00:00+00:00,Up,Up,160.43018516091115,159.02391182714192,159.8600830287369,157.47476815957225,common_intersection
RAW|2024-06-28|2024-06-28T14:45:00Z|1,2024-06-28,2024H1,1,LONG,asian_low,LONDON_NY_OVERLAP,2024-06-28 14:45:00+00:00,2024-06-28 15:00:00+00:00,2024-06-28 15:00:00.022000+00:00,2024-06-28 18:00:00+00:00,2024-06-28 18:00:01.257000+00:00,161.282,160.649,160.566,160.865,160.536,160.83,63.30000000000098,11.299999999999955,18.10000000000116,160.827,160.834,160.795,160.799,0.7000000000005002,0.40000000000190994,-3.900000000001569,-39.00000000001569,37254,-35.00000000002501,-39.00000000001569,-30.000000000001137,-42.00000000000159,-36.000000000001364,-27.999999999991587,2024-06-28 13:00:00+00:00,2024-06-28 12:00:00+00:00,160.74967239108906,160.2429782845067,50.66941065823585,Up,Up,Up,2024-06-13 05:00:00+00:00,368.0,2024-06-13 05:00:00+00:00,2024-06-27 21:00:00+00:00,2024-06-27 00:00:00+00:00,159.87358766690915,157.97967417026197,189.39134966471727,Up,Up,Up,2024-03-19 21:00:00+00:00,2400.0,2024-03-19 21:00:00+00:00,Up,Up,160.84514134752467,159.5282227336728,160.21967204837685,157.7399067068065,common_intersection
RAW|2024-07-02|2024-07-02T13:15:00Z|1,2024-07-02,2024H2,1,LONG,asian_low,LONDON_NY_OVERLAP,2024-07-02 13:15:00+00:00,2024-07-02 13:30:00+00:00,2024-07-02 13:30:00.248000+00:00,2024-07-02 16:30:00+00:00,2024-07-02 16:30:00.113000+00:00,161.742,161.458,161.498,161.516,161.456,161.467,28.39999999999918,0.20000000000095497,0.9000000000014552,161.47,161.475,161.583,161.585,0.49999999999954525,0.20000000000095497,10.80000000000041,108.00000000000409,37440,108.00000000000409,102.00000000000387,106.99999999999932,105.00000000001819,105.99999999999454,105.99999999999454,2024-07-02 13:00:00+00:00,2024-07-02 12:00:00+00:00,161.48588258081412,160.94439764749703,54.148493331709346,Up,Up,Up,2024-06-13 05:00:00+00:00,464.0,2024-06-13 05:00:00+00:00,2024-07-01 21:00:00+00:00,2024-07-01 00:00:00+00:00,160.5051773810761,158.46270341770975,204.24739633663478,Up,Up,Up,2024-03-19 21:00:00+00:00,2496.0,2024-03-19 21:00:00+00:00,Up,Up,161.4758356131398,160.13884833350653,160.89512787771415,158.20546023664102,common_intersection
RAW|2024-07-03|2024-07-03T10:15:00Z|-1,2024-07-03,2024H2,-1,SHORT,asian_high,LONDON,2024-07-03 10:15:00+00:00,2024-07-03 10:30:00+00:00,2024-07-03 10:30:00.231000+00:00,2024-07-03 13:30:00+00:00,2024-07-03 13:30:00.132000+00:00,161.938,161.442,161.91,161.947,161.9,161.925,49.59999999999809,0.9000000000014552,1.2999999999976808,161.925,161.93,161.632,161.638,0.49999999999954525,0.6000000000000227,28.700000000000614,287.00000000000614,37524,287.00000000000614,290.00000000002046,287.9999999999825,292.0000000000016,287.00000000000614,284.00000000002024,2024-07-03 09:00:00+00:00,2024-07-03 08:00:00+00:00,161.6449362209225,161.18006350394205,46.48727169804374,Up,Up,Up,2024-06-13 05:00:00+00:00,484.0,2024-06-13 05:00:00+00:00,2024-07-02 21:00:00+00:00,2024-07-02 00:00:00+00:00,160.76369812934007,158.69848714429298,206.5210985047088,Up,Up,Up,2024-03-19 21:00:00+00:00,2520.0,2024-03-19 21:00:00+00:00,Up,Up,161.5649107092915,160.5051773810761,161.12224293906743,158.46270341770975,common_intersection
RAW|2024-07-03|2024-07-03T15:15:00Z|1,2024-07-03,2024H2,1,LONG,asian_low,LONDON_NY_OVERLAP,2024-07-03 15:15:00+00:00,2024-07-03 15:30:00+00:00,2024-07-03 15:30:00.110000+00:00,2024-07-03 18:30:00+00:00,2024-07-03 18:30:00.191000+00:00,161.938,161.442,161.276,161.46,161.276,161.443,49.59999999999809,16.59999999999968,0.10000000000047748,161.443,161.448,161.625,161.63,0.49999999999954525,0.49999999999954525,17.69999999999925,176.9999999999925,37544,175.99999999998772,177.99999999999727,165.99999999999682,177.99999999999727,175.99999999998772,169.9999999999875,2024-07-03 13:00:00+00:00,2024-07-03 12:00:00+00:00,161.69524015780178,161.2313384236267,46.39017341750673,Up,Up,Up,2024-06-13 05:00:00+00:00,488.0,2024-06-13 05:00:00+00:00,2024-07-02 21:00:00+00:00,2024-07-02 00:00:00+00:00,160.76369812934007,158.69848714429298,206.5210985047088,Up,Up,Up,2024-03-19 21:00:00+00:00,2520.0,2024-03-19 21:00:00+00:00,Up,Up,161.6449362209225,160.5051773810761,161.18006350394205,158.46270341770975,common_intersection
RAW|2024-07-04|2024-07-04T10:15:00Z|1,2024-07-04,2024H2,1,LONG,asian_low,LONDON,2024-07-04 10:15:00+00:00,2024-07-04 10:30:00+00:00,2024-07-04 10:30:01.682000+00:00,2024-07-04 13:30:00+00:00,2024-07-04 13:30:02.532000+00:00,161.601,161.134,161.234,161.235,161.103,161.149,46.700000000001296,3.099999999997749,1.500000000001478,161.15,161.155,161.152,161.161,0.49999999999954525,0.9000000000014552,-0.30000000000143245,-3.0000000000143245,37620,-3.0000000000143245,-3.0000000000143245,-2.0000000000095497,6.000000000000227,0.9999999999763531,1.0000000000047748,2024-07-04 09:00:00+00:00,2024-07-04 08:00:00+00:00,161.47515627376276,161.3114410681898,16.371520557297004,Up,Up,Up,2024-06-13 05:00:00+00:00,508.0,2024-06-13 05:00:00+00:00,2024-07-03 21:00:00+00:00,2024-07-03 00:00:00+00:00,161.02635580667146,158.93724817274955,208.91076339219126,Up,Up,Up,2024-03-19 21:00:00+00:00,2544.0,2024-03-19 21:00:00+00:00,Up,Up,161.56801878326786,160.76369812934007,161.3173924654237,158.69848714429298,common_intersection
RAW|2024-07-05|2024-07-05T12:30:00Z|1,2024-07-05,2024H2,1,LONG,asian_low,LONDON_NY_OVERLAP,2024-07-05 12:30:00+00:00,2024-07-05 12:45:00+00:00,2024-07-05 12:45:00.111000+00:00,2024-07-05 15:45:00+00:00,2024-07-05 15:45:04.471000+00:00,161.394,160.53,160.574,161.159,160.33,160.826,86.40000000000043,19.999999999998863,29.599999999999227,160.823,160.832,160.746,160.75,0.899999999998613,0.39999999999906777,-8.599999999998431,-85.99999999998431,37725,-84.99999999997954,-85.99999999998431,-93.99999999999409,-85.99999999998431,-138.99999999998158,-96.00000000000364,2024-07-05 09:00:00+00:00,2024-07-05 08:00:00+00:00,160.9647890315901,161.17435677899405,-20.95677474039519,Down,Down,Down,2024-07-05 01:00:00+00:00,8.0,2024-07-05 01:00:00+00:00,2024-07-04 21:00:00+00:00,2024-07-04 00:00:00+00:00,161.07939700476533,159.1192283189296,196.01686858357255,Up,Up,Up,2024-03-19 21:00:00+00:00,2568.0,2024-03-19 21:00:00+00:00,Down,Up,161.05590464422613,161.02635580667146,161.2123878032544,158.93724817274955,common_intersection
RAW|2024-07-08|2024-07-08T12:15:00Z|-1,2024-07-08,2024H2,-1,SHORT,asian_high,LONDON_NY_OVERLAP,2024-07-08 12:15:00+00:00,2024-07-08 12:30:00+00:00,2024-07-08 12:30:00.256000+00:00,2024-07-08 15:30:00+00:00,2024-07-08 15:30:00.045000+00:00,160.865,160.26,160.943,160.944,160.765,160.819,60.50000000000182,7.899999999997931,4.600000000002069,160.82,160.824,160.704,160.709,0.40000000000190994,0.49999999999954525,11.099999999999,110.99999999999,37820,109.99999999998522,111.99999999999477,108.00000000000409,109.99999999998522,98.99999999998954,102.00000000000387,2024-07-08 09:00:00+00:00,2024-07-08 08:00:00+00:00,160.82929376891087,161.02543736522165,-19.614359631077605,Down,Down,Down,2024-07-05 01:00:00+00:00,80.0,2024-07-05 01:00:00+00:00,2024-07-05 21:00:00+00:00,2024-07-05 00:00:00+00:00,160.97642643197523,159.24721005341524,172.92163785599826,Up,Up,Up,2024-03-19 21:00:00+00:00,2592.0,2024-03-19 21:00:00+00:00,Down,Up,160.72461127647523,161.07939700476533,161.01973626654527,159.1192283189296,common_intersection
RAW|2024-07-09|2024-07-09T07:00:00Z|1,2024-07-09,2024H2,1,LONG,asian_low,LONDON,2024-07-09 07:00:00+00:00,2024-07-09 07:15:00+00:00,2024-07-09 07:15:00.063000+00:00,2024-07-09 10:15:00+00:00,2024-07-09 10:15:00.409000+00:00,161.131,160.763,160.825,160.838,160.739,160.837,36.7999999999995,2.400000000000091,7.399999999998386,160.836,160.843,161.035,161.039,0.699999999997658,0.39999999999906777,19.200000000000728,192.00000000000728,37895,192.99999999998363,192.00000000000728,192.99999999998363,192.00000000000728,179.00000000000205,192.00000000000728,2024-07-09 05:00:00+00:00,2024-07-09 04:00:00+00:00,160.85370518402132,160.95709743673171,-10.339225271039254,Down,Down,Down,2024-07-05 01:00:00+00:00,100.0,2024-07-05 01:00:00+00:00,2024-07-08 21:00:00+00:00,2024-07-08 00:00:00+00:00,160.92487602283944,159.371113249142,155.37627736974287,Up,Up,Up,2024-03-19 21:00:00+00:00,2664.0,2024-03-19 21:00:00+00:00,Down,Up,160.81118725762985,160.97642643197523,160.95684503992578,159.24721005341524,common_intersection
RAW|2024-07-09|2024-07-09T11:15:00Z|-1,2024-07-09,2024H2,-1,SHORT,asian_high,LONDON,2024-07-09 11:15:00+00:00,2024-07-09 11:30:00+00:00,2024-07-09 11:30:00.076000+00:00,2024-07-09 14:30:00+00:00,2024-07-09 14:30:00.039000+00:00,161.131,160.763,161.149,161.166,161.111,161.126,36.7999999999995,3.499999999999659,0.49999999999954525,161.127,161.13,161.166,161.171,0.2999999999985903,0.49999999999954525,-4.399999999998272,-43.99999999998272,37912,-43.99999999998272,-43.99999999998272,-43.99999999998272,-30.000000000001137,-33.999999999991815,-30.99999999997749,2024-07-09 09:00:00+00:00,2024-07-09 08:00:00+00:00,160.9103608457295,160.9646896417932,-5.432879606368601,Down,Down,Down,2024-07-05 01:00:00+00:00,104.0,2024-07-05 01:00:00+00:00,2024-07-08 21:00:00+00:00,2024-07-08 00:00:00+00:00,160.92487602283944,159.371113249142,155.37627736974287,Up,Up,Up,2024-03-19 21:00:00+00:00,2664.0,2024-03-19 21:00:00+00:00,Down,Up,160.85370518402132,160.97642643197523,160.95709743673171,159.24721005341524,common_intersection
RAW|2024-07-10|2024-07-10T09:30:00Z|-1,2024-07-10,2024H2,-1,SHORT,asian_high,LONDON,2024-07-10 09:30:00+00:00,2024-07-10 09:45:00+00:00,2024-07-10 09:45:14.843000+00:00,2024-07-10 12:45:00+00:00,2024-07-10 12:45:01.208000+00:00,161.591,161.301,161.556,161.611,161.538,161.556,29.000000000002046,1.999999999998181,3.499999999999659,161.557,161.559,161.457,161.464,0.20000000000095497,0.7000000000005002,9.299999999998931,92.99999999998931,38001,92.99999999998931,92.99999999998931,92.99999999998931,94.99999999999886,92.00000000001296,92.99999999998931,2024-07-10 09:00:00+00:00,2024-07-10 08:00:00+00:00,161.35109063582794,161.12557731794925,22.551331787869344,Up,Up,Up,2024-07-09 17:00:00+00:00,16.0,2024-07-09 17:00:00+00:00,2024-07-09 21:00:00+00:00,2024-07-09 00:00:00+00:00,161.02348287345674,159.52302418921067,150.04586842460697,Up,Up,Up,2024-03-19 21:00:00+00:00,2688.0,2024-03-19 21:00:00+00:00,Up,Up,161.28712689015913,160.92487602283944,161.09206230211873,159.371113249142,common_intersection
RAW|2024-07-11|2024-07-11T07:00:00Z|-1,2024-07-11,2024H2,-1,SHORT,asian_high,LONDON,2024-07-11 07:00:00+00:00,2024-07-11 07:15:00+00:00,2024-07-11 07:15:00.961000+00:00,2024-07-11 10:15:00+00:00,2024-07-11 10:15:00.322000+00:00,161.75,161.476,161.732,161.758,161.716,161.722,27.40000000000009,0.8000000000009777,2.7999999999991587,161.724,161.727,161.547,161.549,0.30000000000143245,0.20000000000095497,17.499999999998295,174.99999999998295,38087,175.99999999998772,174.99999999998295,171.99999999999704,170.99999999999227,169.9999999999875,169.9999999999875,2024-07-11 05:00:00+00:00,2024-07-11 04:00:00+00:00,161.57802393270435,161.2926909756766,28.533295702774808,Up,Up,Up,2024-07-09 17:00:00+00:00,36.0,2024-07-09 17:00:00+00:00,2024-07-10 21:00:00+00:00,2024-07-10 00:00:00+00:00,161.2064877667548,159.69430225407382,151.21855126809862,Up,Up,Up,2024-03-19 21:00:00+00:00,2712.0,2024-03-19 21:00:00+00:00,Up,Up,161.5352335057861,161.02348287345674,161.25857714747457,159.52302418921067,common_intersection
RAW|2024-07-12|2024-07-12T13:15:00Z|1,2024-07-12,2024H2,1,LONG,asian_low,LONDON_NY_OVERLAP,2024-07-12 13:15:00+00:00,2024-07-12 13:30:00+00:00,2024-07-12 13:30:00.076000+00:00,2024-07-12 16:30:00+00:00,2024-07-12 16:30:00.363000+00:00,159.384,157.974,157.391,158.151,157.359,158.096,140.99999999999966,61.49999999999807,12.20000000000141,158.099,158.108,157.966,157.97,0.9000000000014552,0.39999999999906777,-14.19999999999959,-141.9999999999959,38208,-152.9999999999916,-140.99999999999113,-179.9999999999784,-143.00000000000068,-207.9999999999984,-143.00000000000068,2024-07-12 13:00:00+00:00,2024-07-12 12:00:00+00:00,159.17968108816117,160.24064388680526,-106.09627986440842,Down,Down,Down,2024-07-11 13:00:00+00:00,24.0,2024-07-11 13:00:00+00:00,2024-07-11 21:00:00+00:00,2024-07-11 00:00:00+00:00,160.51177697625343,159.6207580737479,89.10189025055217,Up,Up,Up,2024-03-19 21:00:00+00:00,2736.0,2024-03-19 21:00:00+00:00,Down,Up,159.32835352342565,161.2064877667548,160.36522161609264,159.69430225407382,common_intersection
RAW|2024-07-15|2024-07-15T08:30:00Z|1,2024-07-15,2024H2,1,LONG,asian_low,LONDON,2024-07-15 08:30:00+00:00,2024-07-15 08:45:00+00:00,2024-07-15 08:45:00.219000+00:00,2024-07-15 11:45:00+00:00,2024-07-15 11:45:02.904000+00:00,158.365,157.831,157.829,157.885,157.812,157.84,53.400000000002024,1.8999999999977035,0.9000000000014552,157.839,157.846,158.084,158.086,0.7000000000005002,0.20000000000095497,23.799999999999955,237.99999999999955,38285,237.99999999999955,237.99999999999955,240.0000000000091,236.99999999999477,243.99999999999977,224.99999999999432,2024-07-15 05:00:00+00:00,2024-07-15 04:00:00+00:00,158.2709007413997,159.58463323629434,-131.3732494894623,Down,Down,Down,2024-07-11 13:00:00+00:00,88.0,2024-07-11 13:00:00+00:00,2024-07-12 21:00:00+00:00,2024-07-12 00:00:00+00:00,159.7084121258953,159.4670974278481,24.131469804720496,Up,Up,Up,2024-03-19 21:00:00+00:00,2760.0,2024-03-19 21:00:00+00:00,Down,Up,158.3824610379596,160.51177697625343,159.72312308292862,159.6207580737479,common_intersection
RAW|2024-07-16|2024-07-16T12:45:00Z|-1,2024-07-16,2024H2,-1,SHORT,asian_high,LONDON_NY_OVERLAP,2024-07-16 12:45:00+00:00,2024-07-16 13:00:00+00:00,2024-07-16 13:00:00.060000+00:00,2024-07-16 16:00:00+00:00,2024-07-16 16:00:00.032000+00:00,158.787,158.104,158.723,158.854,158.715,158.755,68.29999999999927,6.700000000000728,3.2000000000010687,158.753,158.759,158.572,158.575,0.6000000000000227,0.2999999999985903,17.799999999999727,177.99999999999727,38398,164.0000000000157,175.99999999998772,180.00000000000682,167.99999999997794,176.00000000001614,189.99999999999773,2024-07-16 13:00:00+00:00,2024-07-16 12:00:00+00:00,158.43947708725926,158.9493994302962,-50.99223430369477,Down,Down,Down,2024-07-11 13:00:00+00:00,120.0,2024-07-11 13:00:00+00:00,2024-07-15 21:00:00+00:00,2024-07-15 00:00:00+00:00,159.22372294706807,159.35068963362028,-12.696668655220833,Down,Up,Transition,2024-07-15 21:00:00+00:00,0.0,2024-07-15 21:00:00+00:00,Down,Up,158.31326792216296,159.7084121258953,158.96630372858283,159.4670974278481,common_intersection
RAW|2024-07-18|2024-07-18T08:45:00Z|-1,2024-07-18,2024H2,-1,SHORT,asian_high,LONDON,2024-07-18 08:45:00+00:00,2024-07-18 09:00:00+00:00,2024-07-18 09:00:00.039000+00:00,2024-07-18 12:00:00+00:00,2024-07-18 12:00:00.071000+00:00,156.572,155.457,156.467,156.586,156.431,156.464,111.50000000000091,1.4000000000010004,10.80000000000041,156.464,156.468,156.493,156.498,0.39999999999906777,0.49999999999954525,-3.3999999999991815,-33.999999999991815,38574,-36.000000000001364,-26.00000000001046,-51.9999999999925,-25.000000000005684,-42.00000000000159,-33.999999999991815,2024-07-18 09:00:00+00:00,2024-07-18 08:00:00+00:00,156.46910463064694,157.66955174366788,-120.04471130209424,Down,Down,Down,2024-07-11 13:00:00+00:00,164.0,2024-07-11 13:00:00+00:00,2024-07-17 21:00:00+00:00,2024-07-17 00:00:00+00:00,158.1683892587082,159.0207885058962,-85.23992471880035,Down,Down,Down,2024-07-15 21:00:00+00:00,48.0,2024-07-15 21:00:00+00:00,Down,Down,156.4711464829057,158.96494496219148,157.77438233007376,159.26807446293066,common_intersection
RAW|2024-07-19|2024-07-19T07:00:00Z|1,2024-07-19,2024H2,1,LONG,asian_low,LONDON,2024-07-19 07:00:00+00:00,2024-07-19 07:15:00+00:00,2024-07-19 07:15:00.277000+00:00,2024-07-19 10:15:00+00:00,2024-07-19 10:15:04.631000+00:00,157.862,157.062,157.258,157.264,156.952,157.257,79.9999999999983,11.000000000001364,19.499999999999318,157.26,157.262,157.523,157.53,0.20000000000095497,0.7000000000005002,26.099999999999568,260.9999999999957,38663,257.000000000005,260.9999999999957,266.9999999999959,260.9999999999957,281.99999999998226,274.0000000000009,2024-07-19 05:00:00+00:00,2024-07-19 04:00:00+00:00,157.10533860717393,157.49556276433862,-39.02241571646812,Down,Down,Down,2024-07-11 13:00:00+00:00,184.0,2024-07-11 13:00:00+00:00,2024-07-18 21:00:00+00:00,2024-07-18 00:00:00+00:00,157.93713518479157,158.8878454254245,-95.07102406329295,Down,Down,Down,2024-07-15 21:00:00+00:00,72.0,2024-07-15 21:00:00+00:00,Down,Down,156.9566740500435,158.1683892587082,157.49717691775936,159.0207885058962,common_intersection
RAW|2024-07-23|2024-07-23T12:00:00Z|1,2024-07-23,2024H2,1,LONG,asian_low,LONDON_NY_OVERLAP,2024-07-23 12:00:00+00:00,2024-07-23 12:15:00+00:00,2024-07-23 12:15:00.104000+00:00,2024-07-23 15:15:00+00:00,2024-07-23 15:15:01.542000+00:00,156.927,156.197,156.154,156.249,156.138,156.213,72.99999999999898,5.89999999999975,1.5999999999991132,156.21,156.213,156.028,156.03,0.2999999999985903,0.20000000000095497,-18.500000000000227,-185.00000000000227,38875,-179.00000000000205,-185.00000000000227,-183.00000000002115,-191.0000000000025,-185.00000000000227,-191.0000000000025,2024-07-23 09:00:00+00:00,2024-07-23 08:00:00+00:00,156.5501453806695,157.0959293302633,-54.57839495937833,Down,Down,Down,2024-07-11 13:00:00+00:00,284.0,2024-07-11 13:00:00+00:00,2024-07-22 21:00:00+00:00,2024-07-22 00:00:00+00:00,157.57535468611815,158.6329123680793,-105.7557681961157,Down,Down,Down,2024-07-15 21:00:00+00:00,168.0,2024-07-15 21:00:00+00:00,Down,Down,156.76580353293733,157.8050965605654,157.19027101115577,158.77481779139055,common_intersection
RAW|2024-07-24|2024-07-24T09:30:00Z|1,2024-07-24,2024H2,1,LONG,asian_low,LONDON,2024-07-24 09:30:00+00:00,2024-07-24 09:45:00+00:00,2024-07-24 09:45:00.662000+00:00,2024-07-24 12:45:00+00:00,2024-07-24 12:45:01.053000+00:00,155.99,154.351,154.782,154.862,154.275,154.635,163.900000000001,7.599999999999341,28.39999999999918,154.634,154.64,153.975,153.977,0.6000000000000227,0.20000000000095497,-66.4999999999992,-664.999999999992,38961,-664.0000000000157,-664.999999999992,-647.0000000000198,-660.9999999999729,-635.0000000000193,-701.9999999999982,2024-07-24 09:00:00+00:00,2024-07-24 08:00:00+00:00,155.3760307148634,156.41991155203567,-104.38808371722814,Down,Down,Down,2024-07-11 13:00:00+00:00,308.0,2024-07-11 13:00:00+00:00,2024-07-23 21:00:00+00:00,2024-07-23 00:00:00+00:00,156.99725334722723,158.38643937863299,-138.91860314057567,Down,Down,Down,2024-07-15 21:00:00+00:00,192.0,2024-07-15 21:00:00+00:00,Down,Down,155.58284300080874,157.57535468611815,156.55564299134312,158.6329123680793,common_intersection
RAW|2024-07-25|2024-07-25T07:15:00Z|1,2024-07-25,2024H2,1,LONG,asian_low,LONDON,2024-07-25 07:15:00+00:00,2024-07-25 07:30:00+00:00,2024-07-25 07:30:00.001000+00:00,2024-07-25 10:30:00+00:00,2024-07-25 10:30:00.063000+00:00,153.968,152.229,152.718,152.718,152.192,152.325,173.8999999999976,3.700000000000614,9.599999999997522,152.326,152.33,152.324,152.333,0.40000000000190994,0.899999999998613,-0.6000000000000227,-6.000000000000227,39048,-2.999999999985903,-6.000000000000227,-16.999999999995907,1.999999999981128,-0.9999999999763531,3.9999999999906777,2024-07-25 05:00:00+00:00,2024-07-25 04:00:00+00:00,153.61456369274396,155.37405069379216,-175.94870010481998,Down,Down,Down,2024-07-11 13:00:00+00:00,328.0,2024-07-11 13:00:00+00:00,2024-07-24 21:00:00+00:00,2024-07-24 00:00:00+00:00,156.0980381051623,158.02352422834235,-192.54861231800646,Down,Down,Down,2024-07-15 21:00:00+00:00,216.0,2024-07-15 21:00:00+00:00,Down,Down,154.01318916984155,156.99725334722723,155.61370727586103,158.38643937863299,common_intersection
RAW|2024-07-25|2024-07-25T13:00:00Z|-1,2024-07-25,2024H2,-1,SHORT,asian_high,LONDON_NY_OVERLAP,2024-07-25 13:00:00+00:00,2024-07-25 13:15:00+00:00,2024-07-25 13:15:00.054000+00:00,2024-07-25 16:15:00+00:00,2024-07-25 16:15:00.066000+00:00,153.968,152.229,153.52,154.157,153.414,153.922,173.8999999999976,18.900000000002137,4.599999999999227,153.924,153.931,154.116,154.121,0.7000000000005002,0.49999999999954525,-19.700000000000273,-197.00000000000273,39071,-198.0000000000075,-203.9999999999793,-203.00000000000296,-204.99999999998408,-177.00000000002092,-203.00000000000296,2024-07-25 13:00:00+00:00,2024-07-25 12:00:00+00:00,153.40122637384894,155.02905730722568,-162.78309333767425,Down,Down,Down,2024-07-11 13:00:00+00:00,336.0,2024-07-11 13:00:00+00:00,2024-07-24 21:00:00+00:00,2024-07-24 00:00:00+00:00,156.0980381051623,158.02352422834235,-192.54861231800646,Down,Down,Down,2024-07-15 21:00:00+00:00,216.0,2024-07-15 21:00:00+00:00,Down,Down,153.35411692338855,156.99725334722723,155.1603666382888,158.38643937863299,common_intersection
RAW|2024-07-26|2024-07-26T07:30:00Z|-1,2024-07-26,2024H2,-1,SHORT,asian_high,LONDON,2024-07-26 07:30:00+00:00,2024-07-26 07:45:00+00:00,2024-07-26 07:45:00.173000+00:00,2024-07-26 10:45:00+00:00,2024-07-26 10:45:00.009000+00:00,154.139,153.366,153.899,154.17,153.88,154.017,77.29999999999961,3.099999999997749,12.20000000000141,154.016,154.019,154.444,154.452,0.30000000000143245,0.8000000000009777,-43.600000000000705,-436.00000000000705,39145,-439.9999999999977,-435.0000000000023,-451.9999999999982,-439.0000000000214,-436.00000000000705,-441.0000000000025,2024-07-26 05:00:00+00:00,2024-07-26 04:00:00+00:00,153.7242867487112,154.70071256041305,-97.64258117018585,Down,Down,Down,2024-07-11 13:00:00+00:00,352.0,2024-07-11 13:00:00+00:00,2024-07-25 21:00:00+00:00,2024-07-25 00:00:00+00:00,155.47202721797305,157.69420229007497,-222.2175072101919,Down,Down,Down,2024-07-15 21:00:00+00:00,240.0,2024-07-15 21:00:00+00:00,Down,Down,153.74360144819568,156.0980381051623,154.78981800044895,158.02352422834235,common_intersection
RAW|2024-07-26|2024-07-26T14:15:00Z|1,2024-07-26,2024H2,1,LONG,asian_low,LONDON_NY_OVERLAP,2024-07-26 14:15:00+00:00,2024-07-26 14:30:00+00:00,2024-07-26 14:30:00.038000+00:00,2024-07-26 17:30:00+00:00,2024-07-26 17:30:00.193000+00:00,154.139,153.366,153.881,153.965,153.096,153.539,77.29999999999961,27.000000000001023,17.29999999999734,153.544,153.549,153.865,153.87,0.49999999999954525,0.49999999999954525,31.60000000000025,316.0000000000025,39172,307.00000000001637,313.99999999999295,306.0000000000116,311.00000000000705,292.0000000000016,318.9999999999884,2024-07-26 13:00:00+00:00,2024-07-26 12:00:00+00:00,153.98263609628123,154.6325295111336,-64.98934148523858,Down,Down,Down,2024-07-11 13:00:00+00:00,360.0,2024-07-11 13:00:00+00:00,2024-07-25 21:00:00+00:00,2024-07-25 00:00:00+00:00,155.47202721797305,157.69420229007497,-222.2175072101919,Down,Down,Down,2024-07-15 21:00:00+00:00,240.0,2024-07-15 21:00:00+00:00,Down,Down,153.8884905347937,156.0980381051623,154.66857555558002,158.02352422834235,common_intersection
RAW|2024-08-01|2024-08-01T14:00:00Z|-1,2024-08-01,2024H2,-1,SHORT,asian_high,LONDON_NY_OVERLAP,2024-08-01 14:00:00+00:00,2024-08-01 14:15:00+00:00,2024-08-01 14:15:00.187000+00:00,2024-08-01 17:15:00+00:00,2024-08-01 17:15:01.670000+00:00,150.335,148.508,150.522,150.522,150.073,150.195,182.69999999999982,18.69999999999834,14.000000000001478,150.197,150.208,149.755,149.764,1.099999999999568,0.9000000000014552,43.29999999999927,432.9999999999927,39555,432.9999999999927,432.9999999999927,465.0000000000034,444.9999999999932,487.99999999999955,472.0000000000084,2024-08-01 13:00:00+00:00,2024-08-01 12:00:00+00:00,150.3509485596332,152.05091465137053,-169.99660917373376,Down,Down,Down,2024-07-30 17:00:00+00:00,44.0,2024-07-30 17:00:00+00:00,2024-07-31 21:00:00+00:00,2024-07-31 00:00:00+00:00,152.9459696006802,156.21453203214563,-326.8562431465426,Down,Down,Down,2024-07-15 21:00:00+00:00,384.0,2024-07-15 21:00:00+00:00,Down,Down,150.14812798348646,154.1419574409523,152.15464636018538,156.75875220885393,common_intersection
RAW|2024-08-02|2024-08-02T07:15:00Z|1,2024-08-02,2024H2,1,LONG,asian_low,LONDON,2024-08-02 07:15:00+00:00,2024-08-02 07:30:00+00:00,2024-08-02 07:30:00.062000+00:00,2024-08-02 10:30:00+00:00,2024-08-02 10:30:00.068000+00:00,149.772,148.804,148.759,149.115,148.748,149.096,96.79999999999893,5.60000000000116,29.20000000000016,149.095,149.098,148.768,148.775,0.30000000000143245,0.7000000000005002,-33.00000000000125,-330.0000000000125,39624,-326.9999999999982,-318.00000000001205,-304.00000000000205,-309.0000000000259,-328.00000000000296,-323.0000000000075,2024-08-02 05:00:00+00:00,2024-08-02 04:00:00+00:00,149.6481952727075,151.31413901556274,-166.59437428552337,Down,Down,Down,2024-07-30 17:00:00+00:00,60.0,2024-07-30 17:00:00+00:00,2024-08-01 21:00:00+00:00,2024-08-01 00:00:00+00:00,151.92026400048587,155.66584946957397,-374.55854690880983,Down,Down,Down,2024-07-15 21:00:00+00:00,408.0,2024-07-15 21:00:00+00:00,Down,Down,149.8038733817905,152.9459696006802,151.49284675604645,156.21453203214563,common_intersection
RAW|2024-08-06|2024-08-06T13:45:00Z|1,2024-08-06,2024H2,1,LONG,asian_low,LONDON_NY_OVERLAP,2024-08-06 13:45:00+00:00,2024-08-06 14:00:00+00:00,2024-08-06 14:00:00+00:00,2024-08-06 17:00:00+00:00,2024-08-06 17:00:00.057000+00:00,146.365,144.302,144.226,144.517,144.045,144.394,206.30000000000166,25.7000000000005,9.200000000001296,144.395,144.409,145.376,145.38,1.3999999999981583,0.39999999999906777,96.7000000000013,967.000000000013,39842,975.9999999999991,975.9999999999991,1009.9999999999909,977.0000000000039,984.0000000000089,960.000000000008,2024-08-06 13:00:00+00:00,2024-08-06 12:00:00+00:00,144.7325297276484,146.85818544765036,-212.56557200019586,Down,Down,Down,2024-07-30 17:00:00+00:00,164.0,2024-07-30 17:00:00+00:00,2024-08-05 21:00:00+00:00,2024-08-05 00:00:00+00:00,148.58988979616626,154.0687877910474,-547.8897994881152,Down,Down,Down,2024-07-15 21:00:00+00:00,504.0,2024-07-15 21:00:00+00:00,Down,Down,144.78594161870777,150.37104571463277,147.0546363561417,154.93242151200806,common_intersection
RAW|2024-08-09|2024-08-09T12:15:00Z|1,2024-08-09,2024H2,1,LONG,asian_low,LONDON_NY_OVERLAP,2024-08-09 12:15:00+00:00,2024-08-09 12:30:00+00:00,2024-08-09 12:30:00.083000+00:00,2024-08-09 15:30:00+00:00,2024-08-09 15:30:01.147000+00:00,147.768,146.71,146.881,146.975,146.689,146.75,105.79999999999927,2.1000000000015007,3.999999999999204,146.75,146.756,146.476,146.482,0.6000000000000227,0.6000000000000227,-28.000000000000114,-280.00000000000114,40124,-278.99999999999636,-280.00000000000114,-275.0000000000057,-281.0000000000059,-221.00000000000364,-302.99999999999727,2024-08-09 09:00:00+00:00,2024-08-09 08:00:00+00:00,147.0613447260318,146.78372188325216,27.762284277963545,Up,Up,Up,2024-08-08 17:00:00+00:00,16.0,2024-08-08 17:00:00+00:00,2024-08-08 21:00:00+00:00,2024-08-08 00:00:00+00:00,147.18960415312182,152.31684857943512,-512.7244426313297,Down,Down,Down,2024-07-15 21:00:00+00:00,576.0,2024-07-15 21:00:00+00:00,Up,Down,147.0026826164445,147.16104581437054,146.74682813396973,152.75648758634253,common_intersection
RAW|2024-08-12|2024-08-12T07:00:00Z|-1,2024-08-12,2024H2,-1,SHORT,asian_high,LONDON,2024-08-12 07:00:00+00:00,2024-08-12 07:15:00+00:00,2024-08-12 07:15:00.546000+00:00,2024-08-12 10:15:00+00:00,2024-08-12 10:15:03.816000+00:00,147.28,146.698,147.224,147.282,147.089,147.233,58.19999999999936,0.20000000000095497,4.699999999999704,147.231,147.241,147.352,147.356,1.0000000000019327,0.39999999999906777,-12.5,-125.0,40199,-123.99999999999523,-125.0,-121.99999999998568,-123.99999999999523,-132.000000000005,-118.99999999999977,2024-08-12 05:00:00+00:00,2024-08-12 04:00:00+00:00,146.90638842558752,146.79470908633266,11.167933925486295,Up,Up,Up,2024-08-08 17:00:00+00:00,84.0,2024-08-08 17:00:00+00:00,2024-08-09 21:00:00+00:00,2024-08-09 00:00:00+00:00,147.03086010937272,151.8622206930803,-483.13605837075784,Down,Down,Down,2024-07-15 21:00:00+00:00,600.0,2024-07-15 21:00:00+00:00,Up,Down,146.8193437958225,147.18960415312182,146.76607509383982,152.31684857943512,common_intersection
RAW|2024-08-13|2024-08-13T13:00:00Z|1,2024-08-13,2024H2,1,LONG,asian_low,LONDON_NY_OVERLAP,2024-08-13 13:00:00+00:00,2024-08-13 13:15:00+00:00,2024-08-13 13:15:00.039000+00:00,2024-08-13 16:15:00+00:00,2024-08-13 16:15:00.720000+00:00,147.945,147.003,147.409,147.471,146.846,147.106,94.20000000000073,15.699999999998226,10.300000000000864,147.105,147.111,146.904,146.914,0.6000000000000227,0.9999999999990905,-20.699999999999363,-206.99999999999363,40319,-223.99999999998954,-205.99999999998886,-168.00000000000637,-207.9999999999984,-200.9999999999934,-195.99999999999795,2024-08-13 13:00:00+00:00,2024-08-13 12:00:00+00:00,147.4809374368248,147.13317585259531,34.77615842294881,Up,Up,Up,2024-08-08 17:00:00+00:00,116.0,2024-08-08 17:00:00+00:00,2024-08-12 21:00:00+00:00,2024-08-12 00:00:00+00:00,147.07261436383766,151.48740303763387,-441.47886737962097,Down,Down,Down,2024-07-15 21:00:00+00:00,672.0,2024-07-15 21:00:00+00:00,Up,Down,147.51211241155474,147.03086010937272,147.10971288325578,151.8622206930803,common_intersection
RAW|2024-08-14|2024-08-14T07:00:00Z|-1,2024-08-14,2024H2,-1,SHORT,asian_high,LONDON,2024-08-14 07:00:00+00:00,2024-08-14 07:15:00+00:00,2024-08-14 07:15:00.067000+00:00,2024-08-14 10:15:00+00:00,2024-08-14 10:15:00.889000+00:00,147.313,146.068,147.189,147.345,147.176,147.204,124.49999999999761,3.2000000000010687,10.899999999998045,147.205,147.212,147.042,147.046,0.699999999997658,0.39999999999906777,15.900000000002024,159.00000000002024,40391,162.00000000000614,158.00000000001546,156.0000000000059,161.00000000000136,165.99999999999682,154.00000000002478,2024-08-14 05:00:00+00:00,2024-08-14 04:00:00+00:00,147.05064468888608,147.0621630355613,-1.1518346675217117,Down,Up,Transition,2024-08-14 05:00:00+00:00,0.0,2024-08-14 05:00:00+00:00,2024-08-13 21:00:00+00:00,2024-08-13 00:00:00+00:00,146.99872454559832,151.11353079462316,-411.4806249024838,Down,Down,Down,2024-07-15 21:00:00+00:00,696.0,2024-07-15 21:00:00+00:00,Up,Down,147.12410256444053,147.07261436383766,147.07913373430577,151.48740303763387,common_intersection
RAW|2024-08-21|2024-08-21T07:00:00Z|-1,2024-08-21,2024H2,-1,SHORT,asian_high,LONDON,2024-08-21 07:00:00+00:00,2024-08-21 07:15:00+00:00,2024-08-21 07:15:00.081000+00:00,2024-08-21 10:15:00+00:00,2024-08-21 10:15:00.054000+00:00,145.976,144.93,145.953,146.042,145.745,145.83,104.59999999999923,6.60000000000025,14.599999999998658,145.829,145.833,146.107,146.114,0.39999999999906777,0.7000000000005002,-28.49999999999966,-284.9999999999966,40871,-299.0000000000066,-283.9999999999918,-299.0000000000066,-283.9999999999918,-299.0000000000066,-283.9999999999918,2024-08-21 05:00:00+00:00,2024-08-21 04:00:00+00:00,145.75153180831194,146.62063895414698,-86.9107145835045,Down,Down,Down,2024-08-19 05:00:00+00:00,48.0,2024-08-19 05:00:00+00:00,2024-08-20 21:00:00+00:00,2024-08-20 00:00:00+00:00,146.75442638216185,149.73767450677838,-298.3248124616523,Down,Down,Down,2024-07-15 21:00:00+00:00,864.0,2024-07-15 21:00:00+00:00,Down,Down,145.78254453163672,147.36219693502662,146.70295538494236,150.12921142041128,common_intersection
RAW|2024-08-21|2024-08-21T19:30:00Z|1,2024-08-21,2024H2,1,LONG,asian_low,NEW_YORK,2024-08-21 19:30:00+00:00,2024-08-21 19:45:00+00:00,2024-08-21 19:45:00.648000+00:00,2024-08-21 22:45:00+00:00,2024-08-21 22:45:02.752000+00:00,145.976,144.93,144.916,145.003,144.905,144.958,104.59999999999923,2.5000000000005684,2.7999999999991587,144.964,144.967,145.094,145.1,0.30000000000143245,0.6000000000000227,12.699999999998113,126.99999999998113,40921,123.99999999999523,126.99999999998113,115.99999999998545,127.9999999999859,109.99999999998522,126.99999999998113,2024-08-21 17:00:00+00:00,2024-08-21 16:00:00+00:00,145.6371704840787,146.40418266592684,-76.70121818481448,Down,Down,Down,2024-08-19 05:00:00+00:00,60.0,2024-08-19 05:00:00+00:00,2024-08-20 21:00:00+00:00,2024-08-20 00:00:00+00:00,146.75442638216185,149.73767450677838,-298.3248124616523,Down,Down,Down,2024-07-15 21:00:00+00:00,864.0,2024-07-15 21:00:00+00:00,Down,Down,145.81563867771018,147.36219693502662,146.50967681079,150.12921142041128,common_intersection
RAW|2024-08-22|2024-08-22T08:45:00Z|-1,2024-08-22,2024H2,-1,SHORT,asian_high,LONDON,2024-08-22 08:45:00+00:00,2024-08-22 09:00:00+00:00,2024-08-22 09:00:00.183000+00:00,2024-08-22 12:00:00+00:00,2024-08-22 12:00:00.048000+00:00,145.641,144.939,145.572,145.669,145.569,145.634,70.19999999999982,2.800000000002001,0.7000000000005002,145.634,145.641,145.99,145.994,0.7000000000005002,0.39999999999906777,-36.000000000001364,-360.00000000001364,40974,-360.00000000001364,-349.00000000001796,-355.99999999999454,-349.00000000001796,-349.9999999999943,-382.000000000005,2024-08-22 09:00:00+00:00,2024-08-22 08:00:00+00:00,145.44959831426456,146.10513199978402,-65.55336855194582,Down,Down,Down,2024-08-19 05:00:00+00:00,76.0,2024-08-19 05:00:00+00:00,2024-08-21 21:00:00+00:00,2024-08-21 00:00:00+00:00,146.32716170154418,149.37938054623612,-305.2218844691936,Down,Down,Down,2024-07-15 21:00:00+00:00,888.0,2024-07-15 21:00:00+00:00,Down,Down,145.37583763997037,146.75442638216185,146.14609999976523,149.73767450677838,common_intersection
RAW|2024-08-23|2024-08-23T13:45:00Z|-1,2024-08-23,2024H2,-1,SHORT,asian_high,LONDON_NY_OVERLAP,2024-08-23 13:45:00+00:00,2024-08-23 14:00:00+00:00,2024-08-23 14:00:00.025000+00:00,2024-08-23 17:00:00+00:00,2024-08-23 17:00:00.055000+00:00,146.334,145.29,146.362,146.481,146.198,146.199,104.40000000000111,14.699999999999136,13.49999999999909,146.209,146.253,144.843,144.853,4.399999999998272,1.0000000000019327,135.59999999999945,1355.9999999999945,41090,1382.9999999999814,1354.0000000000134,1371.9999999999857,1354.0000000000134,1022.9999999999961,1362.9999999999995,2024-08-23 13:00:00+00:00,2024-08-23 12:00:00+00:00,145.94158274225134,146.0756459857561,-13.40632435047553,Down,Down,Down,2024-08-19 05:00:00+00:00,104.0,2024-08-19 05:00:00+00:00,2024-08-22 21:00:00+00:00,2024-08-22 00:00:00+00:00,146.307115501103,149.12959010253724,-282.2474601434237,Down,Down,Down,2024-07-15 21:00:00+00:00,912.0,2024-07-15 21:00:00+00:00,Down,Down,145.9238158391519,146.32716170154418,146.08344128886532,149.37938054623612,common_intersection
RAW|2024-08-26|2024-08-26T11:30:00Z|-1,2024-08-26,2024H2,-1,SHORT,asian_high,LONDON,2024-08-26 11:30:00+00:00,2024-08-26 11:45:00+00:00,2024-08-26 11:45:00.384000+00:00,2024-08-26 14:45:00+00:00,2024-08-26 14:45:00.156000+00:00,144.215,143.444,144.144,144.227,144.095,144.164,77.1000000000015,1.2000000000000455,5.100000000001614,144.166,144.171,144.14,144.144,0.49999999999954525,0.40000000000190994,2.199999999999136,21.99999999999136,41177,20.999999999986585,18.000000000000682,1.999999999981128,14.999999999986358,1.0000000000047748,22.999999999996135,2024-08-26 09:00:00+00:00,2024-08-26 08:00:00+00:00,144.38726673823618,145.41077487952893,-102.35081412927514,Down,Down,Down,2024-08-19 05:00:00+00:00,172.0,2024-08-19 05:00:00+00:00,2024-08-23 21:00:00+00:00,2024-08-23 00:00:00+00:00,145.74851107221644,148.74738289433427,-299.88718221178203,Down,Down,Down,2024-07-15 21:00:00+00:00,936.0,2024-07-15 21:00:00+00:00,Down,Down,144.59697343353065,146.307115501103,145.54536399948796,149.12959010253724,common_intersection
RAW|2024-08-27|2024-08-27T09:00:00Z|-1,2024-08-27,2024H2,-1,SHORT,asian_high,LONDON,2024-08-27 09:00:00+00:00,2024-08-27 09:15:00+00:00,2024-08-27 09:15:00.024000+00:00,2024-08-27 12:15:00+00:00,2024-08-27 12:15:01.318000+00:00,144.97,144.45,145.063,145.072,144.934,144.943,52.00000000000102,10.200000000000387,2.6999999999986812,144.941,144.949,144.469,144.476,0.8000000000009777,0.7000000000005002,46.50000000000034,465.0000000000034,41263,462.99999999999386,465.0000000000034,457.9999999999984,463.99999999999864,455.99999999998886,465.0000000000034,2024-08-27 09:00:00+00:00,2024-08-27 08:00:00+00:00,144.69243219054084,145.0994026445453,-40.69704540044654,Down,Down,Down,2024-08-19 05:00:00+00:00,196.0,2024-08-19 05:00:00+00:00,2024-08-26 21:00:00+00:00,2024-08-26 00:00:00+00:00,145.39522219444032,148.40855226278754,-301.3330068347216,Down,Down,Down,2024-07-15 21:00:00+00:00,1008.0,2024-07-15 21:00:00+00:00,Down,Down,144.54420506675717,145.74851107221644,145.10256809189707,148.74738289433427,common_intersection
RAW|2024-08-28|2024-08-28T14:30:00Z|-1,2024-08-28,2024H2,-1,SHORT,asian_high,LONDON_NY_OVERLAP,2024-08-28 14:30:00+00:00,2024-08-28 14:45:00+00:00,2024-08-28 14:45:00.307000+00:00,2024-08-28 17:45:00+00:00,2024-08-28 17:45:00.071000+00:00,144.603,143.908,144.684,144.684,144.525,144.585,69.50000000000216,8.099999999998886,1.8000000000000682,144.589,144.591,144.757,144.763,0.20000000000095497,0.6000000000000227,-17.40000000000066,-174.0000000000066,41381,-180.00000000000682,-175.00000000001137,-191.0000000000025,-175.00000000001137,-189.99999999999773,-175.00000000001137,2024-08-28 13:00:00+00:00,2024-08-28 12:00:00+00:00,144.41761257746836,144.7477969026589,-33.018432519054386,Down,Down,Down,2024-08-19 05:00:00+00:00,224.0,2024-08-19 05:00:00+00:00,2024-08-27 21:00:00+00:00,2024-08-27 00:00:00+00:00,144.97544442460023,148.04994808176454,-307.4503657164314,Down,Down,Down,2024-07-15 21:00:00+00:00,1032.0,2024-07-15 21:00:00+00:00,Down,Down,144.3026576084557,145.39522219444032,144.7515183724553,148.40855226278754,common_intersection
RAW|2024-08-29|2024-08-29T17:45:00Z|-1,2024-08-29,2024H2,-1,SHORT,asian_high,NEW_YORK,2024-08-29 17:45:00+00:00,2024-08-29 18:00:00+00:00,2024-08-29 18:00:00.348000+00:00,2024-08-29 21:00:00+00:00,2024-08-29 21:00:00.127000+00:00,144.86,144.269,144.866,144.918,144.815,144.854,59.10000000000082,5.799999999999272,0.6000000000000227,144.854,144.858,144.942,145.0,0.39999999999906777,5.799999999999272,-14.599999999998658,-145.99999999998658,41490,-151.00000000001046,-145.99999999998658,-151.00000000001046,-145.99999999998658,-153.99999999999636,-145.99999999998658,2024-08-29 17:00:00+00:00,2024-08-29 16:00:00+00:00,144.8708636982097,144.7788623687347,9.200132947498219,Up,Up,Up,2024-08-29 13:00:00+00:00,4.0,2024-08-29 13:00:00+00:00,2024-08-28 21:00:00+00:00,2024-08-28 00:00:00+00:00,144.86017458900017,147.7717122352234,-291.15376462232234,Down,Down,Down,2024-07-15 21:00:00+00:00,1056.0,2024-07-15 21:00:00+00:00,Transition,Down,144.81920917749358,144.97544442460023,144.75963300949425,148.04994808176454,common_intersection
RAW|2024-08-30|2024-08-30T09:00:00Z|-1,2024-08-30,2024H2,-1,SHORT,asian_high,LONDON,2024-08-30 09:00:00+00:00,2024-08-30 09:15:00+00:00,2024-08-30 09:15:00.314000+00:00,2024-08-30 12:15:00+00:00,2024-08-30 12:15:00.721000+00:00,145.09,144.653,145.118,145.15,145.018,145.046,43.70000000000118,6.000000000000227,4.400000000001114,145.045,145.05,145.373,145.378,0.5000000000023874,0.49999999999954525,-33.29999999999984,-332.9999999999984,41551,-333.99999999997476,-331.0000000000173,-336.9999999999891,-322.00000000000273,-341.99999999998454,-315.00000000002615,2024-08-30 09:00:00+00:00,2024-08-30 08:00:00+00:00,144.92307030878013,144.8179146499305,10.515565884963962,Up,Up,Up,2024-08-29 13:00:00+00:00,20.0,2024-08-29 13:00:00+00:00,2024-08-29 21:00:00+00:00,2024-08-29 00:00:00+00:00,144.88698184928583,147.54629525640553,-265.9313407119697,Down,Down,Down,2024-07-15 21:00:00+00:00,1080.0,2024-07-15 21:00:00+00:00,Up,Down,144.84549843229217,144.86017458900017,144.7919072281853,147.7717122352234,common_intersection
RAW|2024-09-03|2024-09-03T07:00:00Z|1,2024-09-03,2024H2,1,LONG,asian_low,LONDON,2024-09-03 07:00:00+00:00,2024-09-03 07:15:00+00:00,2024-09-03 07:15:00.733000+00:00,2024-09-03 10:15:00+00:00,2024-09-03 10:15:00.417000+00:00,147.207,145.992,146.017,146.165,145.932,146.099,121.50000000000034,6.000000000000227,10.699999999999932,146.098,146.103,145.894,145.903,0.49999999999954525,0.899999999998613,-20.90000000000032,-209.00000000000318,41735,-210.00000000000796,-207.9999999999984,-210.9999999999843,-207.9999999999984,-186.00000000000705,-206.00000000001728,2024-09-03 05:00:00+00:00,2024-09-03 04:00:00+00:00,146.68107039921367,145.86126583342804,81.98045657856312,Up,Up,Up,2024-08-29 13:00:00+00:00,112.0,2024-08-29 13:00:00+00:00,2024-09-02 21:00:00+00:00,2024-09-02 00:00:00+00:00,145.70205196392135,147.38622110502166,-168.41691411003126,Down,Down,Down,2024-07-15 21:00:00+00:00,1176.0,2024-07-15 21:00:00+00:00,Up,Down,146.73949855889913,145.23727274948988,145.80268025372612,147.4316316358931,common_intersection
RAW|2024-09-04|2024-09-04T07:00:00Z|1,2024-09-04,2024H2,1,LONG,asian_low,LONDON,2024-09-04 07:00:00+00:00,2024-09-04 07:15:00+00:00,2024-09-04 07:15:00.144000+00:00,2024-09-04 10:15:00+00:00,2024-09-04 10:15:00.178000+00:00,145.552,144.856,144.875,145.043,144.788,145.0,69.5999999999998,6.799999999998363,14.400000000000546,144.998,145.009,144.997,145.0,1.099999999999568,0.2999999999985903,-1.1999999999972033,-11.999999999972033,41831,-10.99999999999568,-6.9999999999765805,1.0000000000047748,-4.9999999999954525,20.000000000010232,-2.999999999985903,2024-09-04 05:00:00+00:00,2024-09-04 04:00:00+00:00,145.58453918849895,145.72677154871238,-14.2232360213427,Down,Down,Down,2024-09-04 01:00:00+00:00,4.0,2024-09-04 01:00:00+00:00,2024-09-03 21:00:00+00:00,2024-09-03 00:00:00+00:00,145.63117997422955,147.23164341661996,-160.04634423904065,Down,Down,Down,2024-07-15 21:00:00+00:00,1200.0,2024-07-15 21:00:00+00:00,Transition,Down,145.71875486389854,145.70205196392135,145.76831690077432,147.38622110502166,common_intersection
RAW|2024-09-05|2024-09-05T12:45:00Z|1,2024-09-05,2024H2,1,LONG,asian_low,LONDON_NY_OVERLAP,2024-09-05 12:45:00+00:00,2024-09-05 13:00:00+00:00,2024-09-05 13:00:00.151000+00:00,2024-09-05 16:00:00+00:00,2024-09-05 16:00:00.073000+00:00,143.903,143.048,143.039,143.203,142.997,143.098,85.49999999999898,5.099999999998772,5.000000000001137,143.098,143.103,143.432,143.435,0.49999999999954525,0.30000000000143245,32.89999999999793,328.9999999999793,41950,334.99999999997954,322.00000000000273,336.9999999999891,326.9999999999982,344.99999999999886,329.9999999999841,2024-09-05 13:00:00+00:00,2024-09-05 12:00:00+00:00,143.7265141014421,144.82884401341127,-110.23299119691785,Down,Down,Down,2024-09-04 01:00:00+00:00,36.0,2024-09-04 01:00:00+00:00,2024-09-04 21:00:00+00:00,2024-09-04 00:00:00+00:00,145.08627141016396,146.95103194329036,-186.47605331264003,Down,Down,Down,2024-07-15 21:00:00+00:00,1224.0,2024-07-15 21:00:00+00:00,Down,Down,143.9779197420189,145.63117997422955,144.97935218849048,147.23164341661996,common_intersection
RAW|2024-09-06|2024-09-06T07:30:00Z|1,2024-09-06,2024H2,1,LONG,asian_low,LONDON,2024-09-06 07:30:00+00:00,2024-09-06 07:45:00+00:00,2024-09-06 07:45:00.070000+00:00,2024-09-06 10:45:00+00:00,2024-09-06 10:45:01.845000+00:00,143.417,142.253,142.245,142.408,142.226,142.329,116.40000000000157,2.6999999999986812,7.600000000002183,142.329,142.34,142.831,142.84,1.099999999999568,0.9000000000014552,49.099999999998545,490.99999999998545,42025,490.99999999998545,490.99999999998545,496.9999999999857,491.9999999999902,539.999999999992,485.99999999999,2024-09-06 05:00:00+00:00,2024-09-06 04:00:00+00:00,143.33082103848452,144.37859957646603,-104.77785379815145,Down,Down,Down,2024-09-04 01:00:00+00:00,52.0,2024-09-04 01:00:00+00:00,2024-09-05 21:00:00+00:00,2024-09-05 00:00:00+00:00,144.61276529297427,146.66926938782714,-205.6504094852869,Down,Down,Down,2024-07-15 21:00:00+00:00,1248.0,2024-07-15 21:00:00+00:00,Down,Down,143.46514945387833,145.08627141016396,144.49891258311524,146.95103194329036,common_intersection
RAW|2024-09-06|2024-09-06T14:00:00Z|-1,2024-09-06,2024H2,-1,SHORT,asian_high,LONDON_NY_OVERLAP,2024-09-06 14:00:00+00:00,2024-09-06 14:15:00+00:00,2024-09-06 14:15:00.107000+00:00,2024-09-06 17:15:00+00:00,2024-09-06 17:15:00.592000+00:00,143.417,142.253,143.519,143.542,143.055,143.132,116.40000000000157,12.5,28.49999999999966,143.131,143.135,142.535,142.541,0.39999999999906777,0.6000000000000227,59.00000000000034,590.0000000000034,42051,582.9999999999984,587.9999999999939,586.9999999999891,614.0000000000043,603.0000000000086,600.9999999999991,2024-09-06 13:00:00+00:00,2024-09-06 12:00:00+00:00,143.08560257065537,144.13716988152086,-105.15673108654937,Down,Down,Down,2024-09-04 01:00:00+00:00,60.0,2024-09-04 01:00:00+00:00,2024-09-05 21:00:00+00:00,2024-09-05 00:00:00+00:00,144.61276529297427,146.66926938782714,-205.6504094852869,Down,Down,Down,2024-07-15 21:00:00+00:00,1248.0,2024-07-15 21:00:00+00:00,Down,Down,143.1254435989175,145.08627141016396,144.23727161034876,146.95103194329036,raw_only
RAW|2024-09-09|2024-09-09T13:00:00Z|-1,2024-09-09,2024H2,-1,SHORT,asian_high,LONDON_NY_OVERLAP,2024-09-09 13:00:00+00:00,2024-09-09 13:15:00+00:00,2024-09-09 13:15:00.114000+00:00,2024-09-09 16:15:00+00:00,2024-09-09 16:15:00.011000+00:00,143.091,142.414,143.232,143.232,142.95,142.981,67.70000000000209,14.099999999999113,11.000000000001364,142.982,142.986,142.875,142.88,0.39999999999906777,0.49999999999954525,10.200000000000387,102.00000000000387,42143,103.00000000000864,97.00000000000841,84.00000000000318,91.00000000000819,66.0000000000025,86.00000000001273,2024-09-09 13:00:00+00:00,2024-09-09 12:00:00+00:00,143.03408549300454,143.64292535855915,-60.88398655546143,Down,Down,Down,2024-09-04 01:00:00+00:00,132.0,2024-09-04 01:00:00+00:00,2024-09-06 21:00:00+00:00,2024-09-06 00:00:00+00:00,143.93797520926734,146.31580783680096,-237.78326275336212,Down,Down,Down,2024-07-15 21:00:00+00:00,1272.0,2024-07-15 21:00:00+00:00,Down,Down,142.95531969020635,144.61276529297427,143.6787449549556,146.66926938782714,common_intersection
RAW|2024-09-10|2024-09-10T07:00:00Z|-1,2024-09-10,2024H2,-1,SHORT,asian_high,LONDON,2024-09-10 07:00:00+00:00,2024-09-10 07:15:00+00:00,2024-09-10 07:15:00.168000+00:00,2024-09-10 10:15:00+00:00,2024-09-10 10:15:02.234000+00:00,143.543,143.031,143.397,143.547,143.337,143.521,51.200000000000045,0.39999999999906777,2.200000000001978,143.519,143.528,143.047,143.05,0.899999999998613,0.30000000000143245,46.89999999999941,468.9999999999941,42215,468.9999999999941,468.9999999999941,477.9999999999802,468.00000000001774,469.99999999999886,474.00000000001796,2024-09-10 05:00:00+00:00,2024-09-10 04:00:00+00:00,143.13674861854557,143.5042826169973,-36.75339984517336,Down,Down,Down,2024-09-04 01:00:00+00:00,148.0,2024-09-04 01:00:00+00:00,2024-09-09 21:00:00+00:00,2024-09-09 00:00:00+00:00,143.7136965780481,146.0627832098569,-234.90866318088024,Down,Down,Down,2024-07-15 21:00:00+00:00,1344.0,2024-07-15 21:00:00+00:00,Down,Down,143.15944806596377,143.93797520926734,143.54117675760574,146.31580783680096,common_intersection
RAW|2024-09-10|2024-09-10T10:45:00Z|1,2024-09-10,2024H2,1,LONG,asian_low,LONDON,2024-09-10 10:45:00+00:00,2024-09-10 11:00:00+00:00,2024-09-10 11:00:00.126000+00:00,2024-09-10 14:00:00+00:00,2024-09-10 14:00:00.200000+00:00,143.543,143.031,143.164,143.17,142.948,143.039,51.200000000000045,8.29999999999984,0.7999999999981355,143.04,143.044,143.007,143.01,0.40000000000190994,0.2999999999985903,-3.700000000000614,-37.00000000000614,42230,-42.00000000000159,-44.00000000001114,-49.000000000006594,-40.000000000020464,-51.9999999999925,-46.00000000002069,2024-09-10 09:00:00+00:00,2024-09-10 08:00:00+00:00,143.2433918703897,143.5047400076375,-26.13481372478077,Down,Down,Down,2024-09-04 01:00:00+00:00,152.0,2024-09-04 01:00:00+00:00,2024-09-09 21:00:00+00:00,2024-09-09 00:00:00+00:00,143.7136965780481,146.0627832098569,-234.90866318088024,Down,Down,Down,2024-07-15 21:00:00+00:00,1344.0,2024-07-15 21:00:00+00:00,Down,Down,143.13674861854557,143.93797520926734,143.5042826169973,146.31580783680096,common_intersection
RAW|2024-09-11|2024-09-11T12:30:00Z|-1,2024-09-11,2024H2,-1,SHORT,asian_high,LONDON_NY_OVERLAP,2024-09-11 12:30:00+00:00,2024-09-11 12:45:00+00:00,2024-09-11 12:45:00.131000+00:00,2024-09-11 15:45:00+00:00,2024-09-11 15:45:00.175000+00:00,142.425,140.707,141.749,142.493,141.749,142.41,171.80000000000177,6.799999999998363,1.500000000001478,142.409,142.414,141.748,141.756,0.49999999999954525,0.8000000000009777,65.29999999999916,652.9999999999916,42333,610.99999999999,649.0000000000009,641.9999999999959,639.9999999999864,705.9999999999889,608.9999999999804,2024-09-11 09:00:00+00:00,2024-09-11 08:00:00+00:00,142.01164956756827,142.92554287591625,-91.38933083479799,Down,Down,Down,2024-09-04 01:00:00+00:00,176.0,2024-09-04 01:00:00+00:00,2024-09-10 21:00:00+00:00,2024-09-10 00:00:00+00:00,143.3446404128915,145.77152055306834,-242.68801401768485,Down,Down,Down,2024-07-15 21:00:00+00:00,1368.0,2024-07-15 21:00:00+00:00,Down,Down,142.20310939459557,143.7136965780481,143.04663356077853,146.0627832098569,common_intersection
RAW|2024-09-12|2024-09-12T07:30:00Z|-1,2024-09-12,2024H2,-1,SHORT,asian_high,LONDON,2024-09-12 07:30:00+00:00,2024-09-12 07:45:00+00:00,2024-09-12 07:45:00.118000+00:00,2024-09-12 10:45:00+00:00,2024-09-12 10:45:01.862000+00:00,142.949,142.256,142.973,142.993,142.733,142.864,69.3000000000012,4.399999999998272,8.500000000000796,142.862,142.868,142.72,142.722,0.6000000000000227,0.20000000000095497,13.999999999998636,139.99999999998636,42409,137.00000000000045,139.99999999998636,141.9999999999959,138.00000000000523,112.99999999999955,135.99999999999568,2024-09-12 05:00:00+00:00,2024-09-12 04:00:00+00:00,142.43224364244963,142.7597027914346,-32.7459148984957,Down,Down,Down,2024-09-04 01:00:00+00:00,196.0,2024-09-04 01:00:00+00:00,2024-09-11 21:00:00+00:00,2024-09-11 00:00:00+00:00,143.0578860092082,145.49707890882289,-243.91928996146817,Down,Down,Down,2024-07-15 21:00:00+00:00,1392.0,2024-07-15 21:00:00+00:00,Down,Down,142.29034109942947,143.3446404128915,142.75732912112457,145.77152055306834,common_intersection
RAW|2024-09-12|2024-09-12T14:00:00Z|1,2024-09-12,2024H2,1,LONG,asian_low,LONDON_NY_OVERLAP,2024-09-12 14:00:00+00:00,2024-09-12 14:15:00+00:00,2024-09-12 14:15:00.096000+00:00,2024-09-12 17:15:00+00:00,2024-09-12 17:15:00.005000+00:00,142.949,142.256,142.011,142.412,142.004,142.357,69.3000000000012,25.200000000000955,10.099999999999909,142.358,142.365,142.446,142.45,0.7000000000005002,0.39999999999906777,8.099999999998886,80.99999999998886,42435,79.99999999998408,76.99999999999818,62.00000000001182,72.99999999997908,92.99999999998931,73.99999999998386,2024-09-12 13:00:00+00:00,2024-09-12 12:00:00+00:00,142.36730798084164,142.69368764267023,-32.637966182858236,Down,Down,Down,2024-09-04 01:00:00+00:00,204.0,2024-09-04 01:00:00+00:00,2024-09-11 21:00:00+00:00,2024-09-11 00:00:00+00:00,143.0578860092082,145.49707890882289,-243.91928996146817,Down,Down,Down,2024-07-15 21:00:00+00:00,1392.0,2024-07-15 21:00:00+00:00,Down,Down,142.4750311731783,143.3446404128915,142.74548656811982,145.77152055306834,common_intersection
RAW|2024-09-13|2024-09-13T08:15:00Z|1,2024-09-13,2024H2,1,LONG,asian_low,LONDON,2024-09-13 08:15:00+00:00,2024-09-13 08:30:00+00:00,2024-09-13 08:30:00.091000+00:00,2024-09-13 11:30:00+00:00,2024-09-13 11:30:02.062000+00:00,141.557,140.644,140.528,140.874,140.407,140.874,91.29999999999825,23.699999999999477,22.999999999998977,140.874,140.878,140.779,140.785,0.39999999999906777,0.6000000000000227,-9.899999999998954,-98.99999999998954,42508,-98.00000000001319,-98.99999999998954,-76.99999999999818,-102.99999999998022,-75.00000000001705,-76.99999999999818,2024-09-13 05:00:00+00:00,2024-09-13 04:00:00+00:00,141.65581319784508,142.37202377628796,-71.62105784428832,Down,Down,Down,2024-09-04 01:00:00+00:00,220.0,2024-09-04 01:00:00+00:00,2024-09-12 21:00:00+00:00,2024-09-12 00:00:00+00:00,142.69591857800586,145.20059259611705,-250.46740181111886,Down,Down,Down,2024-07-15 21:00:00+00:00,1416.0,2024-07-15 21:00:00+00:00,Down,Down,141.9361384769831,143.0578860092082,142.49524323509561,145.49707890882289,common_intersection
RAW|2024-09-16|2024-09-16T07:45:00Z|1,2024-09-16,2024H2,1,LONG,asian_low,LONDON,2024-09-16 07:45:00+00:00,2024-09-16 08:00:00+00:00,2024-09-16 08:00:00.060000+00:00,2024-09-16 11:00:00+00:00,2024-09-16 11:00:00.076000+00:00,140.849,139.724,139.719,139.93,139.701,139.875,112.5,2.2999999999996135,15.100000000001046,139.876,139.879,140.124,140.126,0.2999999999985903,0.20000000000095497,24.500000000000455,245.00000000000455,42602,248.99999999999523,243.99999999999977,251.99999999998113,248.00000000001887,219.99999999999886,250.0,2024-09-16 05:00:00+00:00,2024-09-16 04:00:00+00:00,140.67752362719895,141.6759017859151,-99.83781587161502,Down,Down,Down,2024-09-04 01:00:00+00:00,292.0,2024-09-04 01:00:00+00:00,2024-09-13 21:00:00+00:00,2024-09-13 00:00:00+00:00,142.1485132700042,144.8469451884277,-269.8431918423495,Down,Down,Down,2024-07-15 21:00:00+00:00,1440.0,2024-07-15 21:00:00+00:00,Down,Down,140.86293307807853,142.69591857800586,141.8030236803425,145.20059259611705,common_intersection
RAW|2024-09-16|2024-09-16T15:45:00Z|-1,2024-09-16,2024H2,-1,SHORT,asian_high,LONDON_NY_OVERLAP,2024-09-16 15:45:00+00:00,2024-09-16 16:00:00+00:00,2024-09-16 16:00:00.015000+00:00,2024-09-16 19:00:00+00:00,2024-09-16 19:00:00.069000+00:00,140.849,139.724,140.756,140.912,140.736,140.8,112.5,6.30000000000166,4.899999999997817,140.797,140.804,140.712,140.719,0.7000000000005002,0.7000000000005002,7.800000000000296,78.00000000000296,42634,75.9999999999934,78.00000000000296,74.00000000001228,81.99999999999363,51.9999999999925,84.00000000000318,2024-09-16 13:00:00+00:00,2024-09-16 12:00:00+00:00,140.38326715673418,141.42655687159856,-104.3289714864386,Down,Down,Down,2024-09-04 01:00:00+00:00,300.0,2024-09-04 01:00:00+00:00,2024-09-13 21:00:00+00:00,2024-09-13 00:00:00+00:00,142.1485132700042,144.8469451884277,-269.8431918423495,Down,Down,Down,2024-07-15 21:00:00+00:00,1440.0,2024-07-15 21:00:00+00:00,Down,Down,140.44137401942783,142.69591857800586,141.5299096430419,145.20059259611705,common_intersection
RAW|2024-09-18|2024-09-18T12:15:00Z|-1,2024-09-18,2024H2,-1,SHORT,asian_high,LONDON_NY_OVERLAP,2024-09-18 12:15:00+00:00,2024-09-18 12:30:00+00:00,2024-09-18 12:30:00.004000+00:00,2024-09-18 15:30:00+00:00,2024-09-18 15:30:00.171000+00:00,142.02,141.223,142.033,142.044,141.844,141.903,79.6999999999997,2.400000000000091,11.700000000001864,141.904,141.917,141.936,141.941,1.300000000000523,0.49999999999954525,-3.700000000000614,-37.00000000000614,42812,-2.0000000000095497,-37.00000000000614,-1.0000000000047748,-38.000000000010914,-3.0000000000143245,-25.000000000005684,2024-09-18 09:00:00+00:00,2024-09-18 08:00:00+00:00,141.5037860901057,141.34487420699065,15.891188311505289,Up,Up,Up,2024-09-17 21:00:00+00:00,12.0,2024-09-17 21:00:00+00:00,2024-09-17 21:00:00+00:00,2024-09-17 00:00:00+00:00,141.90185370918581,144.3379008074852,-243.60470982993832,Down,Down,Down,2024-07-15 21:00:00+00:00,1536.0,2024-07-15 21:00:00+00:00,Up,Down,141.42130052614797,141.70579519286014,141.3131241380333,144.5071095733535,common_intersection
RAW|2024-09-18|2024-09-18T19:00:00Z|1,2024-09-18,2024H2,1,LONG,asian_low,NEW_YORK,2024-09-18 19:00:00+00:00,2024-09-18 19:15:00+00:00,2024-09-18 19:15:00.109000+00:00,2024-09-18 22:15:00+00:00,2024-09-18 22:15:01.212000+00:00,142.02,141.223,141.131,141.94,141.127,141.541,79.6999999999997,9.600000000000364,31.799999999998363,141.539,141.55,142.023,142.034,1.1000000000024102,1.099999999999568,47.29999999999848,472.99999999998477,42839,478.00000000000864,472.99999999998477,443.9999999999884,475.9999999999991,469.99999999999886,482.99999999997567,2024-09-18 17:00:00+00:00,2024-09-18 16:00:00+00:00,141.69780922964577,141.4305415287969,26.726770084886198,Up,Up,Up,2024-09-17 21:00:00+00:00,20.0,2024-09-17 21:00:00+00:00,2024-09-17 21:00:00+00:00,2024-09-17 00:00:00+00:00,141.90185370918581,144.3379008074852,-243.60470982993832,Down,Down,Down,2024-07-15 21:00:00+00:00,1536.0,2024-07-15 21:00:00+00:00,Up,Down,141.62413292150407,141.70579519286014,141.3912842704314,144.5071095733535,common_intersection
RAW|2024-09-19|2024-09-19T07:00:00Z|1,2024-09-19,2024H2,1,LONG,asian_low,LONDON,2024-09-19 07:00:00+00:00,2024-09-19 07:15:00+00:00,2024-09-19 07:15:00.033000+00:00,2024-09-19 10:15:00+00:00,2024-09-19 10:15:00.361000+00:00,143.944,142.094,142.244,142.397,142.07,142.125,184.99999999999943,2.400000000000091,3.100000000000591,142.124,142.127,142.956,142.966,0.30000000000143245,1.0000000000019327,82.89999999999793,828.9999999999793,42887,828.9999999999793,837.9999999999939,853.999999999985,825.9999999999934,866.9999999999902,820.999999999998,2024-09-19 05:00:00+00:00,2024-09-19 04:00:00+00:00,142.56863601663477,141.77831364997581,79.03223666589554,Up,Up,Up,2024-09-17 21:00:00+00:00,32.0,2024-09-17 21:00:00+00:00,2024-09-18 21:00:00+00:00,2024-09-18 00:00:00+00:00,142.00675264941844,144.17238874288637,-216.56360934679242,Down,Down,Down,2024-07-15 21:00:00+00:00,1560.0,2024-07-15 21:00:00+00:00,Up,Down,142.32529042328866,141.90185370918581,141.6566887499737,144.3379008074852,common_intersection
RAW|2024-09-20|2024-09-20T07:00:00Z|-1,2024-09-20,2024H2,-1,SHORT,asian_high,LONDON,2024-09-20 07:00:00+00:00,2024-09-20 07:15:00+00:00,2024-09-20 07:15:00.091000+00:00,2024-09-20 10:15:00+00:00,2024-09-20 10:15:00.141000+00:00,143.042,141.736,142.98,143.191,142.817,142.838,130.60000000000116,14.900000000000091,20.400000000000773,142.843,142.848,143.878,143.882,0.5000000000023874,0.40000000000190994,-103.90000000000157,-1039.0000000000157,42983,-1046.999999999997,-1029.0000000000248,-1049.0000000000066,-1009.0000000000146,-1012.0000000000005,-1000.0,2024-09-20 05:00:00+00:00,2024-09-20 04:00:00+00:00,142.57998124726873,142.15817530970529,42.18059375634482,Up,Up,Up,2024-09-17 21:00:00+00:00,56.0,2024-09-17 21:00:00+00:00,2024-09-19 21:00:00+00:00,2024-09-19 00:00:00+00:00,142.1791090352989,144.04739764345547,-186.82886081565755,Down,Down,Down,2024-07-15 21:00:00+00:00,1584.0,2024-07-15 21:00:00+00:00,Up,Down,142.73837374617622,142.00675264941844,142.15592968446225,144.17238874288637,common_intersection
RAW|2024-09-23|2024-09-23T13:15:00Z|1,2024-09-23,2024H2,1,LONG,asian_low,LONDON_NY_OVERLAP,2024-09-23 13:15:00+00:00,2024-09-23 13:30:00+00:00,2024-09-23 13:30:00.064000+00:00,2024-09-23 16:30:00+00:00,2024-09-23 16:30:00.121000+00:00,144.459,143.865,143.751,143.911,143.707,143.867,59.39999999999941,15.800000000001546,0.1999999999981128,143.867,143.869,143.412,143.415,0.20000000000095497,0.2999999999985903,-45.69999999999936,-456.99999999999363,43104,-459.0000000000032,-455.99999999998886,-455.99999999998886,-456.99999999999363,-460.00000000000796,-461.00000000001273,2024-09-23 13:00:00+00:00,2024-09-23 12:00:00+00:00,143.7592647650308,142.98221868080697,77.70460842238265,Up,Up,Up,2024-09-17 21:00:00+00:00,136.0,2024-09-17 21:00:00+00:00,2024-09-20 21:00:00+00:00,2024-09-20 00:00:00+00:00,142.6445064537849,144.02824583197904,-138.37393781941216,Down,Down,Down,2024-07-15 21:00:00+00:00,1608.0,2024-07-15 21:00:00+00:00,Up,Down,143.7541706710431,142.1791090352989,142.9135420443554,144.04739764345547,common_intersection
RAW|2024-09-24|2024-09-24T07:15:00Z|-1,2024-09-24,2024H2,-1,SHORT,asian_high,LONDON,2024-09-24 07:15:00+00:00,2024-09-24 07:30:00+00:00,2024-09-24 07:30:00.139000+00:00,2024-09-24 10:30:00+00:00,2024-09-24 10:30:00.098000+00:00,144.466,143.374,144.651,144.672,144.381,144.397,109.2000000000013,20.599999999998886,6.900000000001683,144.395,144.401,144.136,144.144,0.6000000000000227,0.8000000000009777,25.100000000000477,251.00000000000477,43176,245.00000000000455,251.00000000000477,241.99999999999022,264.00000000001,259.9999999999909,251.00000000000477,2024-09-24 05:00:00+00:00,2024-09-24 04:00:00+00:00,143.67286650484976,143.15675200987064,51.611449497912076,Up,Up,Up,2024-09-17 21:00:00+00:00,152.0,2024-09-17 21:00:00+00:00,2024-09-23 21:00:00+00:00,2024-09-23 00:00:00+00:00,142.91579032413208,143.9935061654207,-107.77158412886365,Down,Down,Down,2024-07-15 21:00:00+00:00,1680.0,2024-07-15 21:00:00+00:00,Up,Down,143.60521310678965,142.6445064537849,143.09716522812025,144.02824583197904,common_intersection
RAW|2024-09-24|2024-09-24T18:30:00Z|1,2024-09-24,2024H2,1,LONG,asian_low,NEW_YORK,2024-09-24 18:30:00+00:00,2024-09-24 18:45:00+00:00,2024-09-24 18:45:02.249000+00:00,2024-09-24 21:45:00+00:00,2024-09-24 21:45:00.540000+00:00,144.466,143.374,143.346,143.442,143.292,143.438,109.2000000000013,8.199999999999363,6.399999999999295,143.436,143.44,143.248,143.281,0.39999999999906777,3.300000000001546,-19.200000000000728,-192.00000000000728,43221,-192.00000000000728,-193.9999999999884,-189.00000000002137,-195.99999999999795,-191.0000000000025,-189.99999999999773,2024-09-24 17:00:00+00:00,2024-09-24 16:00:00+00:00,143.76121374083445,143.31703076506216,44.41829757722928,Up,Up,Up,2024-09-17 21:00:00+00:00,164.0,2024-09-17 21:00:00+00:00,2024-09-23 21:00:00+00:00,2024-09-23 00:00:00+00:00,142.91579032413208,143.9935061654207,-107.77158412886365,Down,Down,Down,2024-07-15 21:00:00+00:00,1680.0,2024-07-15 21:00:00+00:00,Up,Down,143.88129923716824,142.6445064537849,143.30451170115452,144.02824583197904,common_intersection
RAW|2024-09-25|2024-09-25T07:00:00Z|-1,2024-09-25,2024H2,-1,SHORT,asian_high,LONDON,2024-09-25 07:00:00+00:00,2024-09-25 07:15:00+00:00,2024-09-25 07:15:00.628000+00:00,2024-09-25 10:15:00+00:00,2024-09-25 10:15:00.332000+00:00,143.739,142.906,143.685,143.746,143.572,143.599,83.29999999999984,0.7000000000005002,14.000000000001478,143.6,143.605,144.132,144.135,0.49999999999954525,0.2999999999985903,-53.49999999999966,-534.9999999999966,43271,-533.9999999999918,-537.0000000000061,-521.9999999999914,-534.9999999999966,-524.0000000000009,-533.9999999999918,2024-09-25 05:00:00+00:00,2024-09-25 04:00:00+00:00,143.41576010963354,143.29412808438474,12.163202524880035,Up,Up,Up,2024-09-17 21:00:00+00:00,176.0,2024-09-17 21:00:00+00:00,2024-09-24 21:00:00+00:00,2024-09-24 00:00:00+00:00,143.0001359458086,143.93090567218707,-93.07697263784576,Down,Down,Down,2024-07-15 21:00:00+00:00,1704.0,2024-07-15 21:00:00+00:00,Up,Down,143.48086415348695,142.91579032413208,143.29770443954862,143.9935061654207,common_intersection
RAW|2024-09-26|2024-09-26T07:45:00Z|-1,2024-09-26,2024H2,-1,SHORT,asian_high,LONDON,2024-09-26 07:45:00+00:00,2024-09-26 08:00:00+00:00,2024-09-26 08:00:00.156000+00:00,2024-09-26 11:00:00+00:00,2024-09-26 11:00:00.173000+00:00,145.035,144.443,145.093,145.118,145.007,145.024,59.199999999998454,8.29999999999984,1.099999999999568,145.024,145.031,144.358,144.364,0.7000000000005002,0.6000000000000227,65.99999999999966,659.9999999999966,43370,659.9999999999966,674.0000000000066,649.0000000000009,675.9999999999877,651.9999999999868,692.0000000000073,2024-09-26 05:00:00+00:00,2024-09-26 04:00:00+00:00,144.39550336775517,143.7550236794215,64.04796883336701,Up,Up,Up,2024-09-17 21:00:00+00:00,200.0,2024-09-17 21:00:00+00:00,2024-09-25 21:00:00+00:00,2024-09-25 00:00:00+00:00,143.49695424700616,143.99555321841208,-49.85989714059258,Down,Down,Down,2024-07-15 21:00:00+00:00,1728.0,2024-07-15 21:00:00+00:00,Up,Down,144.27730471485722,143.0001359458086,143.6736344341538,143.93090567218707,common_intersection
RAW|2024-09-26|2024-09-26T12:30:00Z|1,2024-09-26,2024H2,1,LONG,asian_low,LONDON_NY_OVERLAP,2024-09-26 12:30:00+00:00,2024-09-26 12:45:00+00:00,2024-09-26 12:45:00.040000+00:00,2024-09-26 15:45:00+00:00,2024-09-26 15:45:00.102000+00:00,145.035,144.443,144.188,144.723,144.172,144.584,59.199999999998454,27.1000000000015,14.099999999999113,144.587,144.593,144.684,144.688,0.6000000000000227,0.39999999999906777,9.100000000000819,91.00000000000819,43389,62.99999999998818,86.00000000001273,43.00000000000637,91.00000000000819,27.999999999991587,82.00000000002206,2024-09-26 09:00:00+00:00,2024-09-26 08:00:00+00:00,144.51821669125368,143.8406217850678,67.75949061858739,Up,Up,Up,2024-09-17 21:00:00+00:00,204.0,2024-09-17 21:00:00+00:00,2024-09-25 21:00:00+00:00,2024-09-25 00:00:00+00:00,143.49695424700616,143.99555321841208,-49.85989714059258,Down,Down,Down,2024-07-15 21:00:00+00:00,1728.0,2024-07-15 21:00:00+00:00,Up,Down,144.39550336775517,143.0001359458086,143.7550236794215,143.93090567218707,common_intersection
RAW|2024-09-27|2024-09-27T07:15:00Z|1,2024-09-27,2024H2,1,LONG,asian_low,LONDON,2024-09-27 07:15:00+00:00,2024-09-27 07:30:00+00:00,2024-09-27 07:30:00.060000+00:00,2024-09-27 10:30:00+00:00,2024-09-27 10:30:00.119000+00:00,146.491,143.131,143.061,143.382,142.845,143.154,336.00000000000136,28.600000000000136,2.2999999999996135,143.157,143.167,143.102,143.11,0.9999999999990905,0.8000000000009777,-6.499999999999773,-64.99999999999773,43464,-70.99999999999795,-73.0000000000075,-48.00000000000182,-86.00000000001273,-42.00000000000159,-118.99999999999977,2024-09-27 05:00:00+00:00,2024-09-27 04:00:00+00:00,145.1520093508757,144.284597064496,86.74122863796754,Up,Up,Up,2024-09-17 21:00:00+00:00,224.0,2024-09-17 21:00:00+00:00,2024-09-26 21:00:00+00:00,2024-09-26 00:00:00+00:00,143.8646816050044,144.05862896093913,-19.39473559347391,Down,Down,Down,2024-07-15 21:00:00+00:00,1752.0,2024-07-15 21:00:00+00:00,Up,Down,144.89601309122597,143.49695424700616,144.1535185483652,143.99555321841208,common_intersection
RAW|2024-09-30|2024-09-30T12:15:00Z|-1,2024-09-30,2024H2,-1,SHORT,asian_high,LONDON_NY_OVERLAP,2024-09-30 12:15:00+00:00,2024-09-30 12:30:00+00:00,2024-09-30 12:30:00.301000+00:00,2024-09-30 15:30:00+00:00,2024-09-30 15:30:00.096000+00:00,142.842,141.642,142.717,142.861,142.686,142.812,120.0000000000017,1.8999999999977035,3.0000000000001137,142.811,142.819,143.27,143.275,0.7999999999981355,0.49999999999954525,-46.399999999999864,-463.99999999999864,43580,-461.00000000001273,-459.99999999997954,-461.00000000001273,-468.9999999999941,-456.0000000000173,-439.9999999999977,2024-09-30 09:00:00+00:00,2024-09-30 08:00:00+00:00,142.7008335770411,143.4937987193991,-79.2965142358014,Down,Down,Down,2024-09-27 13:00:00+00:00,68.0,2024-09-27 13:00:00+00:00,2024-09-27 21:00:00+00:00,2024-09-27 00:00:00+00:00,143.37477257500313,143.905938644064,-53.11660690608733,Down,Down,Down,2024-07-15 21:00:00+00:00,1776.0,2024-07-15 21:00:00+00:00,Down,Down,142.76836700785753,143.8646816050044,143.5774333906512,144.05862896093913,common_intersection
RAW|2024-10-01|2024-10-01T09:00:00Z|1,2024-10-01,2024H2,1,LONG,asian_low,LONDON,2024-10-01 09:00:00+00:00,2024-10-01 09:15:00+00:00,2024-10-01 09:15:00.058000+00:00,2024-10-01 12:15:00+00:00,2024-10-01 12:15:00.195000+00:00,144.529,143.657,143.805,143.835,143.622,143.78,87.19999999999857,3.499999999999659,12.299999999999045,143.78,143.788,143.812,143.816,0.8000000000009777,0.39999999999906777,2.400000000000091,24.00000000000091,43663,29.000000000024784,21.99999999999136,21.000000000015007,27.999999999991587,21.000000000015007,16.999999999995907,2024-10-01 09:00:00+00:00,2024-10-01 08:00:00+00:00,143.66197000094576,143.56563611564985,9.633388529590547,Up,Up,Up,2024-10-01 05:00:00+00:00,4.0,2024-10-01 05:00:00+00:00,2024-09-30 21:00:00+00:00,2024-09-30 00:00:00+00:00,143.44655183928796,143.8835435525389,-43.69917132509329,Down,Down,Down,2024-07-15 21:00:00+00:00,1848.0,2024-07-15 21:00:00+00:00,Transition,Down,143.60435800132404,143.37477257500313,143.54473490831504,143.905938644064,common_intersection
RAW|2024-10-02|2024-10-02T07:45:00Z|-1,2024-10-02,2024H2,-1,SHORT,asian_high,LONDON,2024-10-02 07:45:00+00:00,2024-10-02 08:00:00+00:00,2024-10-02 08:00:00.296000+00:00,2024-10-02 11:00:00+00:00,2024-10-02 11:00:00.076000+00:00,144.185,143.53,144.138,144.186,144.054,144.066,65.50000000000011,0.10000000000047748,11.899999999999977,144.066,144.069,144.793,144.8,0.2999999999985903,0.7000000000005002,-73.40000000000089,-734.0000000000089,43754,-758.0000000000098,-728.999999999985,-767.0000000000243,-728.999999999985,-767.0000000000243,-734.9999999999852,2024-10-02 05:00:00+00:00,2024-10-02 04:00:00+00:00,143.72114572814633,143.6272342259211,9.391150222523947,Up,Up,Up,2024-10-01 05:00:00+00:00,24.0,2024-10-01 05:00:00+00:00,2024-10-01 21:00:00+00:00,2024-10-01 00:00:00+00:00,143.47582274234856,143.8567800683358,-38.09573259872536,Down,Down,Down,2024-07-15 21:00:00+00:00,1872.0,2024-07-15 21:00:00+00:00,Up,Down,143.71760401940486,143.44655183928796,143.61829807165336,143.8835435525389,common_intersection
RAW|2024-10-03|2024-10-03T08:00:00Z|1,2024-10-03,2024H2,1,LONG,asian_low,LONDON,2024-10-03 08:00:00+00:00,2024-10-03 08:15:00+00:00,2024-10-03 08:15:00.182000+00:00,2024-10-03 11:15:00+00:00,2024-10-03 11:15:00.172000+00:00,147.239,146.462,146.452,146.566,146.391,146.506,77.70000000000152,7.099999999999795,4.400000000001114,146.502,146.508,146.979,146.983,0.6000000000000227,0.39999999999906777,47.100000000000364,471.00000000000364,43851,468.00000000001774,471.99999999998,472.0000000000084,471.99999999998,461.00000000001273,472.99999999998477,2024-10-03 05:00:00+00:00,2024-10-03 04:00:00+00:00,146.0374064038138,144.59923401333745,143.81723904763533,Up,Up,Up,2024-10-01 05:00:00+00:00,48.0,2024-10-01 05:00:00+00:00,2024-10-02 21:00:00+00:00,2024-10-02 00:00:00+00:00,144.3253019588204,144.06415766286895,26.11442959514534,Up,Down,Transition,2024-10-02 21:00:00+00:00,0.0,2024-10-02 21:00:00+00:00,Up,Down,145.7639689653393,143.47582274234856,144.41473262319286,143.8567800683358,common_intersection
RAW|2024-10-07|2024-10-07T07:30:00Z|1,2024-10-07,2024H2,1,LONG,asian_low,LONDON,2024-10-07 07:30:00+00:00,2024-10-07 07:45:00+00:00,2024-10-07 07:45:00.004000+00:00,2024-10-07 10:45:00+00:00,2024-10-07 10:45:00.009000+00:00,148.792,148.217,148.395,148.442,148.152,148.25,57.49999999999886,6.500000000002615,3.299999999998704,148.244,148.247,148.556,148.562,0.30000000000143245,0.6000000000000227,30.89999999999975,308.9999999999975,44041,320.0000000000216,311.9999999999834,331.0000000000173,311.9999999999834,331.0000000000173,310.9999999999786,2024-10-07 05:00:00+00:00,2024-10-07 04:00:00+00:00,148.1898930456221,146.55152948384656,163.83635617755488,Up,Up,Up,2024-10-01 05:00:00+00:00,144.0,2024-10-01 05:00:00+00:00,2024-10-04 21:00:00+00:00,2024-10-04 00:00:00+00:00,146.0840112034798,144.63932704585227,144.46841576275347,Up,Up,Up,2024-10-02 21:00:00+00:00,48.0,2024-10-02 21:00:00+00:00,Up,Up,148.05105026387096,145.0652156848717,146.37887987374626,144.29222504983943,common_intersection
RAW|2024-10-08|2024-10-08T07:45:00Z|1,2024-10-08,2024H2,1,LONG,asian_low,LONDON,2024-10-08 07:45:00+00:00,2024-10-08 08:00:00+00:00,2024-10-08 08:00:00.082000+00:00,2024-10-08 11:00:00+00:00,2024-10-08 11:00:00.087000+00:00,148.191,147.51,147.545,147.611,147.343,147.591,68.10000000000116,16.70000000000016,8.100000000001728,147.592,147.597,147.879,147.881,0.49999999999954525,0.20000000000095497,28.199999999998226,281.99999999998226,44138,277.9999999999916,275.99999999998204,270.9999999999866,269.00000000000546,259.9999999999909,274.0000000000009,2024-10-08 05:00:00+00:00,2024-10-08 04:00:00+00:00,148.06606508204783,147.15314325641194,91.29218256358911,Up,Up,Up,2024-10-01 05:00:00+00:00,168.0,2024-10-01 05:00:00+00:00,2024-10-07 21:00:00+00:00,2024-10-07 00:00:00+00:00,146.680579431057,144.9219408821841,175.86385488729093,Up,Up,Up,2024-10-02 21:00:00+00:00,120.0,2024-10-02 21:00:00+00:00,Up,Up,148.06129111486698,146.0840112034798,147.07272093088253,144.63932704585227,common_intersection
RAW|2024-10-08|2024-10-08T13:30:00Z|-1,2024-10-08,2024H2,-1,SHORT,asian_high,LONDON_NY_OVERLAP,2024-10-08 13:30:00+00:00,2024-10-08 13:45:00+00:00,2024-10-08 13:45:00.169000+00:00,2024-10-08 16:45:00+00:00,2024-10-08 16:45:00.173000+00:00,148.191,147.51,148.053,148.224,147.982,148.096,68.10000000000116,3.299999999998704,9.499999999999886,148.095,148.104,148.179,148.187,0.9000000000014552,0.8000000000009777,-9.200000000001296,-92.00000000001296,44161,-85.00000000000796,-90.00000000000341,-97.00000000000841,-86.00000000001273,-93.00000000001774,-85.00000000000796,2024-10-08 13:00:00+00:00,2024-10-08 12:00:00+00:00,148.01072708267748,147.2741036522271,73.66234304503791,Up,Up,Up,2024-10-01 05:00:00+00:00,176.0,2024-10-01 05:00:00+00:00,2024-10-07 21:00:00+00:00,2024-10-07 00:00:00+00:00,146.680579431057,144.9219408821841,175.86385488729093,Up,Up,Up,2024-10-02 21:00:00+00:00,120.0,2024-10-02 21:00:00+00:00,Up,Up,148.00061791574845,146.0840112034798,147.207851795899,144.63932704585227,common_intersection
RAW|2024-10-09|2024-10-09T09:15:00Z|-1,2024-10-09,2024H2,-1,SHORT,asian_high,LONDON,2024-10-09 09:15:00+00:00,2024-10-09 09:30:00+00:00,2024-10-09 09:30:00.270000+00:00,2024-10-09 12:30:00+00:00,2024-10-09 12:30:00.531000+00:00,148.653,148.01,148.711,148.724,148.6,148.646,64.30000000000007,7.099999999999795,0.7000000000005002,148.65,148.655,148.827,148.83,0.49999999999954525,0.30000000000143245,-18.000000000000682,-180.00000000000682,44240,-179.00000000000205,-182.99999999999272,-191.0000000000025,-186.00000000000705,-187.00000000001182,-194.99999999999318,2024-10-09 09:00:00+00:00,2024-10-09 08:00:00+00:00,148.33813340473415,147.63875266245495,69.93807422792031,Up,Up,Up,2024-10-01 05:00:00+00:00,196.0,2024-10-01 05:00:00+00:00,2024-10-08 21:00:00+00:00,2024-10-08 00:00:00+00:00,147.10898530789785,145.18258561160937,192.63996962884846,Up,Up,Up,2024-10-02 21:00:00+00:00,144.0,2024-10-02 21:00:00+00:00,Up,Up,148.18618676662783,146.680579431057,147.54490506788582,144.9219408821841,common_intersection
RAW|2024-10-10|2024-10-10T07:45:00Z|1,2024-10-10,2024H2,1,LONG,asian_low,LONDON,2024-10-10 07:45:00+00:00,2024-10-10 08:00:00+00:00,2024-10-10 08:00:00.048000+00:00,2024-10-10 11:00:00+00:00,2024-10-10 11:00:00.076000+00:00,149.544,149.001,148.952,149.053,148.902,149.018,54.30000000000064,9.900000000001796,1.6999999999995907,149.018,149.026,148.845,148.849,0.8000000000009777,0.39999999999906777,-18.10000000000116,-181.0000000000116,44330,-180.00000000000682,-180.00000000000682,-169.9999999999875,-175.00000000001137,-145.00000000001023,-169.00000000001114,2024-10-10 05:00:00+00:00,2024-10-10 04:00:00+00:00,149.09292692864844,148.1788197773029,91.41071513455472,Up,Up,Up,2024-10-01 05:00:00+00:00,216.0,2024-10-01 05:00:00+00:00,2024-10-09 21:00:00+00:00,2024-10-09 00:00:00+00:00,147.73041807706988,145.51069876268065,221.97193143892378,Up,Up,Up,2024-10-02 21:00:00+00:00,168.0,2024-10-02 21:00:00+00:00,Up,Up,148.9708977001078,147.10898530789785,148.072804105764,145.18258561160937,common_intersection
RAW|2024-10-10|2024-10-10T12:30:00Z|-1,2024-10-10,2024H2,-1,SHORT,asian_high,LONDON_NY_OVERLAP,2024-10-10 12:30:00+00:00,2024-10-10 12:45:00+00:00,2024-10-10 12:45:00.068000+00:00,2024-10-10 15:45:00+00:00,2024-10-10 15:45:00.132000+00:00,149.544,149.001,148.891,149.565,148.226,148.77,54.30000000000064,2.0999999999986585,77.40000000000009,148.769,148.772,148.49,148.497,0.2999999999985903,0.7000000000005002,27.199999999999136,271.99999999999136,44349,264.99999999998636,282.0000000000107,241.99999999999022,283.9999999999918,263.9999999999816,275.0000000000057,2024-10-10 09:00:00+00:00,2024-10-10 08:00:00+00:00,149.0858049490346,148.24995419511868,83.58507539159348,Up,Up,Up,2024-10-01 05:00:00+00:00,220.0,2024-10-01 05:00:00+00:00,2024-10-09 21:00:00+00:00,2024-10-09 00:00:00+00:00,147.73041807706988,145.51069876268065,221.97193143892378,Up,Up,Up,2024-10-02 21:00:00+00:00,168.0,2024-10-02 21:00:00+00:00,Up,Up,149.09292692864844,147.10898530789785,148.1788197773029,145.18258561160937,common_intersection
RAW|2024-10-11|2024-10-11T09:30:00Z|-1,2024-10-11,2024H2,-1,SHORT,asian_high,LONDON,2024-10-11 09:30:00+00:00,2024-10-11 09:45:00+00:00,2024-10-11 09:45:00.201000+00:00,2024-10-11 12:45:00+00:00,2024-10-11 12:45:00.030000+00:00,148.856,148.401,148.875,148.883,148.827,148.84,45.49999999999841,2.7000000000015234,1.5999999999991132,148.836,148.841,149.19,149.196,0.49999999999954525,0.6000000000000227,-35.99999999999852,-359.9999999999852,44433,-364.0000000000043,-363.9999999999759,-360.99999999999,-353.999999999985,-360.99999999999,-372.99999999999045,2024-10-11 09:00:00+00:00,2024-10-11 08:00:00+00:00,148.7251569187045,148.41308819318243,31.206872552206733,Up,Up,Up,2024-10-01 05:00:00+00:00,244.0,2024-10-01 05:00:00+00:00,2024-10-10 21:00:00+00:00,2024-10-10 00:00:00+00:00,147.96572719790706,145.7541628616662,221.15643362408548,Up,Up,Up,2024-10-02 21:00:00+00:00,192.0,2024-10-02 21:00:00+00:00,Up,Up,148.72081968618627,147.73041807706988,148.38500890563307,145.51069876268065,common_intersection
RAW|2024-10-14|2024-10-14T07:45:00Z|-1,2024-10-14,2024H2,-1,SHORT,asian_high,LONDON,2024-10-14 07:45:00+00:00,2024-10-14 08:00:00+00:00,2024-10-14 08:00:00.257000+00:00,2024-10-14 11:00:00+00:00,2024-10-14 11:00:00.274000+00:00,149.367,149.14,149.302,149.393,149.3,149.357,22.700000000000387,2.600000000001046,0.9999999999990905,149.358,149.364,149.518,149.522,0.6000000000000227,0.39999999999906777,-16.399999999998727,-163.99999999998727,44522,-167.0000000000016,-168.00000000000637,-165.99999999999682,-167.0000000000016,-167.99999999997794,-159.9999999999966,2024-10-14 05:00:00+00:00,2024-10-14 04:00:00+00:00,149.09329739816454,148.66195314714346,43.13442510210734,Up,Up,Up,2024-10-01 05:00:00+00:00,312.0,2024-10-01 05:00:00+00:00,2024-10-11 21:00:00+00:00,2024-10-11 00:00:00+00:00,148.28723371279077,146.02110983273292,226.61238800578474,Up,Up,Up,2024-10-02 21:00:00+00:00,216.0,2024-10-02 21:00:00+00:00,Up,Up,149.01581635743037,147.96572719790706,148.60760124689506,145.7541628616662,common_intersection
RAW|2024-10-15|2024-10-15T11:30:00Z|1,2024-10-15,2024H2,1,LONG,asian_low,LONDON,2024-10-15 11:30:00+00:00,2024-10-15 11:45:00+00:00,2024-10-15 11:45:00.051000+00:00,2024-10-15 14:45:00+00:00,2024-10-15 14:45:00.182000+00:00,149.758,149.304,149.277,149.363,149.254,149.355,45.40000000000077,5.000000000001137,5.099999999998772,149.355,149.362,148.981,148.987,0.7000000000005002,0.6000000000000227,-38.10000000000002,-381.0000000000002,44633,-379.99999999999545,-382.99999999998136,-376.0000000000048,-379.99999999999545,-385.9999999999957,-397.99999999999613,2024-10-15 09:00:00+00:00,2024-10-15 08:00:00+00:00,149.4770068754535,149.07182614310977,40.51807323437231,Up,Up,Up,2024-10-01 05:00:00+00:00,340.0,2024-10-01 05:00:00+00:00,2024-10-14 21:00:00+00:00,2024-10-14 00:00:00+00:00,148.70402408056484,146.3191010461143,238.49230344505372,Up,Up,Up,2024-10-02 21:00:00+00:00,288.0,2024-10-02 21:00:00+00:00,Up,Up,149.60660962563492,148.28723371279077,149.06476754685843,146.02110983273292,common_intersection
RAW|2024-10-16|2024-10-16T08:15:00Z|-1,2024-10-16,2024H2,-1,SHORT,asian_high,LONDON,2024-10-16 08:15:00+00:00,2024-10-16 08:30:00+00:00,2024-10-16 08:30:00.190000+00:00,2024-10-16 11:30:00+00:00,2024-10-16 11:30:00.257000+00:00,149.373,148.861,149.372,149.386,149.308,149.364,51.200000000000045,1.300000000000523,0.899999999998613,149.364,149.37,149.322,149.326,0.6000000000000227,0.39999999999906777,3.8000000000010914,38.000000000010914,44716,44.00000000001114,42.00000000000159,45.000000000015916,48.00000000000182,45.000000000015916,45.99999999999227,2024-10-16 05:00:00+00:00,2024-10-16 04:00:00+00:00,149.29838106061715,149.13335714298077,16.502391763637547,Up,Up,Up,2024-10-01 05:00:00+00:00,360.0,2024-10-01 05:00:00+00:00,2024-10-15 21:00:00+00:00,2024-10-15 00:00:00+00:00,148.84173148611774,146.54845296242516,229.3278523692578,Up,Up,Up,2024-10-02 21:00:00+00:00,312.0,2024-10-02 21:00:00+00:00,Up,Up,149.312933484864,148.70402408056484,149.1221708075878,146.3191010461143,common_intersection
RAW|2024-10-17|2024-10-17T09:30:00Z|-1,2024-10-17,2024H2,-1,SHORT,asian_high,LONDON,2024-10-17 09:30:00+00:00,2024-10-17 09:45:00+00:00,2024-10-17 09:45:00.100000+00:00,2024-10-17 12:45:00+00:00,2024-10-17 12:45:00.003000+00:00,149.648,149.24,149.719,149.725,149.622,149.625,40.799999999998704,7.699999999999818,2.2999999999996135,149.626,149.631,149.969,149.971,0.49999999999954525,0.20000000000095497,-34.499999999999886,-344.99999999999886,44817,-342.00000000001296,-346.00000000000364,-343.00000000001774,-365.0000000000091,-342.00000000001296,-358.0000000000041,2024-10-17 09:00:00+00:00,2024-10-17 08:00:00+00:00,149.6178525594422,149.34519716042283,27.265539901938496,Up,Up,Up,2024-10-01 05:00:00+00:00,388.0,2024-10-01 05:00:00+00:00,2024-10-16 21:00:00+00:00,2024-10-16 00:00:00+00:00,149.06437963294124,146.79425672543115,227.01229075100855,Up,Up,Up,2024-10-02 21:00:00+00:00,336.0,2024-10-02 21:00:00+00:00,Up,Up,149.5309935832191,148.84173148611774,149.30260560915525,146.54845296242516,common_intersection
RAW|2024-10-18|2024-10-18T08:00:00Z|-1,2024-10-18,2024H2,-1,SHORT,asian_high,LONDON,2024-10-18 08:00:00+00:00,2024-10-18 08:15:00+00:00,2024-10-18 08:15:02.585000+00:00,2024-10-18 11:15:00+00:00,2024-10-18 11:15:00.539000+00:00,150.148,149.769,150.093,150.155,150.03,150.031,37.89999999999907,0.7000000000005002,11.699999999999022,150.033,150.039,149.995,149.997,0.6000000000000227,0.20000000000095497,3.5999999999972943,35.99999999997294,44907,35.99999999997294,38.99999999998727,42.999999999977945,38.99999999998727,40.99999999999682,30.99999999997749,2024-10-18 05:00:00+00:00,2024-10-18 04:00:00+00:00,149.94724312775966,149.58035124276302,36.68918849966474,Up,Up,Up,2024-10-01 05:00:00+00:00,408.0,2024-10-01 05:00:00+00:00,2024-10-17 21:00:00+00:00,2024-10-17 00:00:00+00:00,149.3885568806723,147.06663618739665,232.19206932756435,Up,Up,Up,2024-10-02 21:00:00+00:00,360.0,2024-10-02 21:00:00+00:00,Up,Up,149.96694037886354,149.06437963294124,149.55272961169894,146.79425672543115,common_intersection
RAW|2024-10-18|2024-10-18T13:30:00Z|1,2024-10-18,2024H2,1,LONG,asian_low,LONDON_NY_OVERLAP,2024-10-18 13:30:00+00:00,2024-10-18 13:45:00+00:00,2024-10-18 13:45:00.143000+00:00,2024-10-18 16:45:00+00:00,2024-10-18 16:45:01.817000+00:00,150.148,149.769,149.755,149.852,149.693,149.849,37.89999999999907,7.599999999999341,7.999999999998408,149.849,149.851,149.422,149.426,0.20000000000095497,0.39999999999906777,-42.900000000000205,-429.00000000000205,44929,-430.0000000000068,-429.00000000000205,-427.99999999999727,-431.0000000000116,-426.9999999999925,-436.00000000000705,2024-10-18 13:00:00+00:00,2024-10-18 12:00:00+00:00,149.9168383304896,149.6277276918746,28.911063861499997,Up,Up,Up,2024-10-01 05:00:00+00:00,416.0,2024-10-01 05:00:00+00:00,2024-10-17 21:00:00+00:00,2024-10-17 00:00:00+00:00,149.3885568806723,147.06663618739665,232.19206932756435,Up,Up,Up,2024-10-02 21:00:00+00:00,360.0,2024-10-02 21:00:00+00:00,Up,Up,149.93917366268548,149.06437963294124,149.60744314334198,146.79425672543115,common_intersection
RAW|2024-10-22|2024-10-22T16:45:00Z|-1,2024-10-22,2024H2,-1,SHORT,asian_high,NEW_YORK,2024-10-22 16:45:00+00:00,2024-10-22 17:00:00+00:00,2024-10-22 17:00:00.305000+00:00,2024-10-22 20:00:00+00:00,2024-10-22 20:00:00.045000+00:00,151.102,150.494,151.16,151.16,151.048,151.056,60.80000000000041,5.799999999999272,4.599999999999227,151.06,151.064,151.118,151.122,0.39999999999906777,0.40000000000190994,-6.200000000001182,-62.00000000001182,45134,-63.0000000000166,-67.99999999998363,-63.0000000000166,-70.99999999999795,-65.00000000002615,-73.0000000000075,2024-10-22 17:00:00+00:00,2024-10-22 16:00:00+00:00,150.80626676261022,150.16524719133685,64.10195712733753,Up,Up,Up,2024-10-21 09:00:00+00:00,32.0,2024-10-21 09:00:00+00:00,2024-10-21 21:00:00+00:00,2024-10-21 00:00:00+00:00,149.82346779626138,147.5469416690125,227.65261272488715,Up,Up,Up,2024-10-02 21:00:00+00:00,456.0,2024-10-02 21:00:00+00:00,Up,Up,150.70637346765432,149.42125491476594,150.0877904253661,147.26154529240492,common_intersection
RAW|2024-10-23|2024-10-23T07:45:00Z|-1,2024-10-23,2024H2,-1,SHORT,asian_high,LONDON,2024-10-23 07:45:00+00:00,2024-10-23 08:00:00+00:00,2024-10-23 08:00:00.094000+00:00,2024-10-23 11:00:00+00:00,2024-10-23 11:00:00.092000+00:00,152.379,151.135,152.428,152.487,152.349,152.369,124.39999999999998,10.80000000000041,0.9999999999990905,152.369,152.377,152.82,152.827,0.8000000000009777,0.7000000000005002,-45.79999999999984,-457.9999999999984,45194,-473.99999999998954,-455.99999999998886,-481.9999999999993,-455.99999999998886,-472.99999999998477,-457.9999999999984,2024-10-23 05:00:00+00:00,2024-10-23 04:00:00+00:00,151.33988730415822,150.47430506092772,86.55822432305058,Up,Up,Up,2024-10-21 09:00:00+00:00,44.0,2024-10-21 09:00:00+00:00,2024-10-22 21:00:00+00:00,2024-10-22 00:00:00+00:00,150.17761985447243,147.8282263354915,234.9393518980918,Up,Up,Up,2024-10-02 21:00:00+00:00,480.0,2024-10-02 21:00:00+00:00,Up,Up,151.04744222582153,149.82346779626138,150.3354620227475,147.5469416690125,common_intersection
RAW|2024-10-24|2024-10-24T07:00:00Z|1,2024-10-24,2024H2,1,LONG,asian_low,LONDON,2024-10-24 07:00:00+00:00,2024-10-24 07:15:00+00:00,2024-10-24 07:15:00.049000+00:00,2024-10-24 10:15:00+00:00,2024-10-24 10:15:00.142000+00:00,152.792,152.049,152.057,152.188,152.04,152.169,74.2999999999995,0.9000000000014552,12.000000000000455,152.169,152.172,151.943,151.946,0.2999999999985903,0.2999999999985903,-22.8999999999985,-228.999999999985,45287,-153.99999999999636,-225.9999999999991,-167.0000000000016,-228.00000000000864,-97.99999999998477,-229.99999999998977,2024-10-24 05:00:00+00:00,2024-10-24 04:00:00+00:00,152.40356386477976,151.32615282664094,107.74110381388198,Up,Up,Up,2024-10-21 09:00:00+00:00,68.0,2024-10-21 09:00:00+00:00,2024-10-23 21:00:00+00:00,2024-10-23 00:00:00+00:00,150.91087132462314,148.2214882286522,268.9383095970953,Up,Up,Up,2024-10-02 21:00:00+00:00,504.0,2024-10-02 21:00:00+00:00,Up,Up,152.47938941069165,150.17761985447243,151.2489487246097,147.8282263354915,common_intersection
RAW|2024-10-25|2024-10-25T13:15:00Z|-1,2024-10-25,2024H2,-1,SHORT,asian_high,LONDON_NY_OVERLAP,2024-10-25 13:15:00+00:00,2024-10-25 13:30:00+00:00,2024-10-25 13:30:00.082000+00:00,2024-10-25 16:30:00+00:00,2024-10-25 16:30:01.582000+00:00,152.104,151.452,151.977,152.105,151.977,152.023,65.20000000000152,0.09999999999763531,8.100000000001728,152.019,152.022,152.171,152.175,0.2999999999985903,0.40000000000190994,-15.600000000000591,-156.0000000000059,45408,-151.00000000001046,-156.0000000000059,-143.00000000000068,-157.99999999998704,-120.00000000000455,-165.99999999999682,2024-10-25 13:00:00+00:00,2024-10-25 12:00:00+00:00,151.92608269265142,151.60105580134794,32.50268913034802,Up,Up,Up,2024-10-21 09:00:00+00:00,100.0,2024-10-21 09:00:00+00:00,2024-10-24 21:00:00+00:00,2024-10-24 00:00:00+00:00,151.16805094615938,148.50864917036003,265.94017757993527,Up,Up,Up,2024-10-02 21:00:00+00:00,528.0,2024-10-02 21:00:00+00:00,Up,Up,151.929315769712,150.91087132462314,151.57349543624775,148.2214882286522,common_intersection
RAW|2024-10-28|2024-10-28T14:00:00Z|1,2024-10-28,2024H2,1,LONG,asian_low,LONDON_NY_OVERLAP,2024-10-28 14:00:00+00:00,2024-10-28 14:15:00+00:00,2024-10-28 14:15:00.167000+00:00,2024-10-28 17:15:00+00:00,2024-10-28 17:15:00.238000+00:00,153.879,152.767,152.755,152.97,152.742,152.959,111.19999999999948,2.5000000000005684,19.200000000000728,152.96,152.965,153.25,153.256,0.49999999999954525,0.6000000000000227,28.49999999999966,284.9999999999966,45507,284.9999999999966,282.99999999998704,282.99999999998704,284.9999999999966,282.0000000000107,272.99999999999613,2024-10-28 13:00:00+00:00,2024-10-28 12:00:00+00:00,152.82849765040655,152.12119223827315,70.7305412133394,Up,Up,Up,2024-10-21 09:00:00+00:00,172.0,2024-10-21 09:00:00+00:00,2024-10-25 21:00:00+00:00,2024-10-25 00:00:00+00:00,151.4754649615424,148.80747723673122,266.79877248111836,Up,Up,Up,2024-10-02 21:00:00+00:00,552.0,2024-10-02 21:00:00+00:00,Up,Up,152.91109671056915,151.16805094615938,152.07764373725342,148.50864917036003,common_intersection
RAW|2024-10-29|2024-10-29T07:45:00Z|-1,2024-10-29,2024H2,-1,SHORT,asian_high,LONDON,2024-10-29 07:45:00+00:00,2024-10-29 08:00:00+00:00,2024-10-29 08:00:00.090000+00:00,2024-10-29 11:00:00+00:00,2024-10-29 11:00:00.099000+00:00,153.242,152.754,153.248,153.248,153.139,153.165,48.799999999999955,0.6000000000000227,7.699999999999818,153.165,153.169,153.338,153.343,0.40000000000190994,0.49999999999954525,-17.799999999999727,-177.99999999999727,45578,-161.00000000000136,-180.00000000000682,-132.99999999998136,-176.00000000001614,-144.9999999999818,-169.00000000001114,2024-10-29 05:00:00+00:00,2024-10-29 04:00:00+00:00,153.00385715597838,152.40021439270555,60.36427632728305,Up,Up,Up,2024-10-21 09:00:00+00:00,188.0,2024-10-21 09:00:00+00:00,2024-10-28 21:00:00+00:00,2024-10-28 00:00:00+00:00,151.98904640110172,149.16471905779272,282.4327343308994,Up,Up,Up,2024-10-02 21:00:00+00:00,624.0,2024-10-02 21:00:00+00:00,Up,Up,153.03540001836973,151.4754649615424,152.35458086163646,148.80747723673122,common_intersection
RAW|2024-10-30|2024-10-30T09:00:00Z|1,2024-10-30,2024H2,1,LONG,asian_low,LONDON,2024-10-30 09:00:00+00:00,2024-10-30 09:15:00+00:00,2024-10-30 09:15:00.005000+00:00,2024-10-30 12:15:00+00:00,2024-10-30 12:15:00.143000+00:00,153.462,153.07,152.851,153.086,152.835,153.079,39.19999999999959,23.499999999998522,0.9000000000014552,153.08,153.085,153.016,153.035,0.49999999999954525,1.9000000000005457,-6.900000000001683,-69.00000000001683,45679,-61.00000000000705,-49.000000000006594,-52.00000000002092,251.00000000000477,-62.00000000001182,165.99999999999682,2024-10-30 09:00:00+00:00,2024-10-30 08:00:00+00:00,153.19917161376006,152.80892914708838,39.02424666716797,Up,Up,Up,2024-10-21 09:00:00+00:00,216.0,2024-10-21 09:00:00+00:00,2024-10-29 21:00:00+00:00,2024-10-29 00:00:00+00:00,152.37674742935837,149.49922153316933,287.75258961890415,Up,Up,Up,2024-10-02 21:00:00+00:00,648.0,2024-10-02 21:00:00+00:00,Up,Up,153.33844025926408,151.98904640110172,152.80527081205258,149.16471905779272,common_intersection
RAW|2024-10-30|2024-10-30T12:30:00Z|-1,2024-10-30,2024H2,-1,SHORT,asian_high,LONDON_NY_OVERLAP,2024-10-30 12:30:00+00:00,2024-10-30 12:45:00+00:00,2024-10-30 12:45:00.090000+00:00,2024-10-30 15:45:00+00:00,2024-10-30 15:45:00.349000+00:00,153.462,153.07,153.359,153.49,153.208,153.377,39.19999999999959,2.800000000002001,8.499999999997954,153.378,153.382,153.335,153.341,0.40000000000190994,0.6000000000000227,3.6999999999977717,36.99999999997772,45693,34.99999999999659,36.99999999997772,37.99999999998249,19.99999999998181,52.99999999999727,25.999999999982037,2024-10-30 09:00:00+00:00,2024-10-30 08:00:00+00:00,153.19917161376006,152.80892914708838,39.02424666716797,Up,Up,Up,2024-10-21 09:00:00+00:00,216.0,2024-10-21 09:00:00+00:00,2024-10-29 21:00:00+00:00,2024-10-29 00:00:00+00:00,152.37674742935837,149.49922153316933,287.75258961890415,Up,Up,Up,2024-10-02 21:00:00+00:00,648.0,2024-10-02 21:00:00+00:00,Up,Up,153.33844025926408,151.98904640110172,152.80527081205258,149.16471905779272,common_intersection
RAW|2024-10-31|2024-10-31T07:00:00Z|1,2024-10-31,2024H2,1,LONG,asian_low,LONDON,2024-10-31 07:00:00+00:00,2024-10-31 07:15:00+00:00,2024-10-31 07:15:00.093000+00:00,2024-10-31 10:15:00+00:00,2024-10-31 10:15:00.132000+00:00,153.611,152.052,152.177,152.373,152.05,152.364,155.89999999999975,0.1999999999981128,31.200000000001182,152.362,152.364,152.343,152.347,0.20000000000095497,0.40000000000190994,-2.1000000000015007,-21.000000000015007,45767,-16.000000000019554,-14.000000000010004,-12.000000000000455,-6.000000000000227,-42.00000000000159,-15.999999999991132,2024-10-31 05:00:00+00:00,2024-10-31 04:00:00+00:00,153.2130371448206,152.95827865409106,25.475849072952883,Up,Up,Up,2024-10-21 09:00:00+00:00,236.0,2024-10-21 09:00:00+00:00,2024-10-30 21:00:00+00:00,2024-10-30 00:00:00+00:00,152.66853387811312,149.8111238105158,285.74100675973284,Up,Up,Up,2024-10-02 21:00:00+00:00,672.0,2024-10-02 21:00:00+00:00,Up,Up,153.33145200274885,152.37674742935837,152.9618681022729,149.49922153316933,common_intersection
RAW|2024-11-01|2024-11-01T08:00:00Z|-1,2024-11-01,2024H2,-1,SHORT,asian_high,LONDON,2024-11-01 08:00:00+00:00,2024-11-01 08:15:00+00:00,2024-11-01 08:15:01.910000+00:00,2024-11-01 11:15:00+00:00,2024-11-01 11:15:00.416000+00:00,152.652,151.874,152.546,152.691,152.535,152.63,77.79999999999916,3.900000000001569,2.199999999999136,152.63,152.637,152.643,152.649,0.7000000000005002,0.6000000000000227,-1.9000000000005457,-19.000000000005457,45867,-19.000000000005457,-18.000000000000682,-15.999999999991132,-19.000000000005457,-16.999999999995907,-14.000000000010004,2024-11-01 05:00:00+00:00,2024-11-01 04:00:00+00:00,152.4270905268028,152.71153594187814,-28.444541507533927,Down,Down,Down,2024-10-31 17:00:00+00:00,12.0,2024-10-31 17:00:00+00:00,2024-10-31 21:00:00+00:00,2024-10-31 00:00:00+00:00,152.48380991293794,149.98799390567453,249.58160072634143,Up,Up,Up,2024-10-02 21:00:00+00:00,696.0,2024-10-02 21:00:00+00:00,Down,Up,152.40512673752391,152.66853387811312,152.731495588998,149.8111238105158,common_intersection
RAW|2024-11-01|2024-11-01T12:45:00Z|1,2024-11-01,2024H2,1,LONG,asian_low,LONDON_NY_OVERLAP,2024-11-01 12:45:00+00:00,2024-11-01 13:00:00+00:00,2024-11-01 13:00:00.023000+00:00,2024-11-01 16:00:00+00:00,2024-11-01 16:00:00.046000+00:00,152.652,151.874,151.924,152.067,151.789,152.037,77.79999999999916,8.500000000000796,16.30000000000109,152.036,152.042,152.942,152.945,0.6000000000000227,0.2999999999985903,90.00000000000057,900.0000000000057,45886,909.0000000000202,902.9999999999916,901.0000000000105,917.0000000000016,877.0000000000095,905.0000000000011,2024-11-01 13:00:00+00:00,2024-11-01 12:00:00+00:00,152.35888292183816,152.65223442120566,-29.335149936750327,Down,Down,Down,2024-10-31 17:00:00+00:00,20.0,2024-10-31 17:00:00+00:00,2024-10-31 21:00:00+00:00,2024-10-31 00:00:00+00:00,152.48380991293794,149.98799390567453,249.58160072634143,Up,Up,Up,2024-10-02 21:00:00+00:00,696.0,2024-10-02 21:00:00+00:00,Down,Up,152.48763609057343,152.66853387811312,152.7057330665279,149.8111238105158,raw_only
RAW|2024-11-04|2024-11-04T11:30:00Z|1,2024-11-04,2024H2,1,LONG,asian_low,LONDON,2024-11-04 11:30:00+00:00,2024-11-04 11:45:00+00:00,2024-11-04 11:45:01.555000+00:00,2024-11-04 14:45:00+00:00,2024-11-04 14:45:00.048000+00:00,152.288,151.598,151.716,151.738,151.587,151.602,68.99999999999977,1.1000000000024102,0.39999999999906777,151.604,151.607,151.938,151.948,0.2999999999985903,1.0000000000019327,33.099999999998886,330.99999999998886,45973,330.99999999998886,330.99999999998886,331.99999999999363,332.9999999999984,321.9999999999743,335.00000000000796,2024-11-04 10:00:00+00:00,2024-11-04 08:00:00+00:00,152.13620486289904,152.50502190871413,-36.88170458150921,Down,Down,Down,2024-10-31 17:00:00+00:00,89.0,2024-10-31 17:00:00+00:00,2024-11-01 21:00:00+00:00,2024-11-01 00:00:00+00:00,152.6158642235271,150.22463439322058,239.12298303065143,Up,Up,Up,2024-10-02 21:00:00+00:00,720.0,2024-10-02 21:00:00+00:00,Down,Up,152.23748680805866,152.48380991293794,152.55911077034142,149.98799390567453,common_intersection
RAW|2024-11-05|2024-11-05T09:30:00Z|1,2024-11-05,2024H2,1,LONG,asian_low,LONDON,2024-11-05 09:30:00+00:00,2024-11-05 09:45:00+00:00,2024-11-05 09:45:00.146000+00:00,2024-11-05 12:45:00+00:00,2024-11-05 12:45:02.532000+00:00,152.543,152.113,152.192,152.194,152.086,152.148,43.00000000000068,2.6999999999986812,3.499999999999659,152.146,152.152,152.241,152.246,0.6000000000000227,0.49999999999954525,8.900000000002706,89.00000000002706,46061,91.00000000000819,89.00000000002706,92.00000000001296,87.00000000001751,91.00000000000819,90.00000000000341,2024-11-05 06:00:00+00:00,2024-11-05 04:00:00+00:00,152.2091609565395,152.3863572810751,-17.719632453560052,Down,Down,Down,2024-10-31 17:00:00+00:00,109.0,2024-10-31 17:00:00+00:00,2024-11-04 22:00:00+00:00,2024-11-04 00:00:00+00:00,152.47761730251935,150.37722364176292,210.03936607564242,Up,Up,Up,2024-10-02 21:00:00+00:00,793.0,2024-10-02 21:00:00+00:00,Down,Up,152.1232253391553,152.6158642235271,152.38308400116858,150.22463439322058,common_intersection
RAW|2024-11-06|2024-11-06T13:00:00Z|-1,2024-11-06,2024H2,-1,SHORT,asian_high,LONDON_NY_OVERLAP,2024-11-06 13:00:00+00:00,2024-11-06 13:15:00+00:00,2024-11-06 13:15:00.037000+00:00,2024-11-06 16:15:00+00:00,2024-11-06 16:15:00.304000+00:00,154.38,151.283,154.41,154.436,154.15,154.233,309.70000000000084,5.60000000000116,14.699999999999136,154.235,154.245,154.314,154.319,0.9999999999990905,0.49999999999954525,-8.399999999997476,-83.99999999997476,46171,-84.99999999997954,-83.99999999997476,-94.99999999999886,-72.99999999997908,-96.99999999997999,-92.99999999998931,2024-11-06 10:00:00+00:00,2024-11-06 08:00:00+00:00,153.02481058029716,152.53445200639797,49.03585738991865,Up,Up,Up,2024-11-06 06:00:00+00:00,4.0,2024-11-06 06:00:00+00:00,2024-11-05 22:00:00+00:00,2024-11-05 00:00:00+00:00,152.22944093037097,150.47576575042189,175.36751799490844,Up,Up,Up,2024-10-02 21:00:00+00:00,817.0,2024-10-02 21:00:00+00:00,Transition,Up,152.636734812416,152.47761730251935,152.40744783304126,150.37722364176292,common_intersection
RAW|2024-11-07|2024-11-07T07:45:00Z|1,2024-11-07,2024H2,1,LONG,asian_low,LONDON,2024-11-07 07:45:00+00:00,2024-11-07 08:00:00+00:00,2024-11-07 08:00:00.062000+00:00,2024-11-07 11:00:00+00:00,2024-11-07 11:00:00.114000+00:00,154.708,153.93,153.816,154.005,153.816,154.0,77.79999999999916,11.400000000000432,6.999999999999318,154.0,154.007,154.014,154.021,0.7000000000005002,0.699999999997658,0.7000000000005002,7.000000000005002,46246,9.000000000014552,10.99999999999568,8.000000000009777,4.9999999999954525,-0.9999999999763531,9.999999999990905,2024-11-07 06:00:00+00:00,2024-11-07 04:00:00+00:00,154.10587011741706,153.1724275654877,93.34425519293461,Up,Up,Up,2024-11-06 06:00:00+00:00,24.0,2024-11-06 06:00:00+00:00,2024-11-06 22:00:00+00:00,2024-11-06 00:00:00+00:00,152.9116006645507,150.80706449038814,210.4536174162547,Up,Up,Up,2024-10-02 21:00:00+00:00,841.0,2024-10-02 21:00:00+00:00,Up,Up,154.14501816438388,152.22944093037097,153.0997690929214,150.47576575042189,common_intersection
RAW|2024-11-08|2024-11-08T08:30:00Z|1,2024-11-08,2024H2,1,LONG,asian_low,LONDON,2024-11-08 08:30:00+00:00,2024-11-08 08:45:00+00:00,2024-11-08 08:45:00.264000+00:00,2024-11-08 11:45:00+00:00,2024-11-08 11:45:00.007000+00:00,153.366,152.548,152.548,152.623,152.501,152.59,81.8000000000012,4.699999999999704,4.200000000000159,152.59,152.599,152.389,152.396,0.899999999998613,0.699999999997658,-20.999999999997954,-209.99999999997954,46345,-209.99999999997954,-204.99999999998408,-191.99999999997885,-203.9999999999793,-198.99999999998386,-204.99999999998408,2024-11-08 06:00:00+00:00,2024-11-08 04:00:00+00:00,153.18625670073388,153.16933533385966,1.6921366874214527,Up,Up,Up,2024-11-06 06:00:00+00:00,48.0,2024-11-06 06:00:00+00:00,2024-11-07 22:00:00+00:00,2024-11-07 00:00:00+00:00,152.9148576175362,150.97633933115708,193.85182863791215,Up,Up,Up,2024-10-02 21:00:00+00:00,865.0,2024-10-02 21:00:00+00:00,Up,Up,153.34035938102744,152.9116006645507,153.20136449332574,150.80706449038814,common_intersection
RAW|2024-11-11|2024-11-11T09:45:00Z|-1,2024-11-11,2024H2,-1,SHORT,asian_high,LONDON,2024-11-11 09:45:00+00:00,2024-11-11 10:00:00+00:00,2024-11-11 10:00:00.081000+00:00,2024-11-11 13:00:00+00:00,2024-11-11 13:00:00.084000+00:00,153.667,152.87,153.674,153.674,153.594,153.62,79.6999999999997,0.7000000000005002,4.699999999999704,153.621,153.626,153.791,153.797,0.49999999999954525,0.6000000000000227,-17.599999999998772,-175.99999999998772,46446,-174.99999999998295,-181.99999999998795,-174.99999999998295,-179.00000000000205,-180.99999999998317,-195.99999999999795,2024-11-11 10:00:00+00:00,2024-11-11 08:00:00+00:00,153.22674579802734,153.10495666772704,12.178913030030003,Up,Up,Up,2024-11-11 06:00:00+00:00,4.0,2024-11-11 06:00:00+00:00,2024-11-08 22:00:00+00:00,2024-11-08 00:00:00+00:00,152.82718401252586,151.10687218466452,172.03118278613374,Up,Up,Up,2024-10-02 21:00:00+00:00,889.0,2024-10-02 21:00:00+00:00,Transition,Up,153.06944411723828,152.9148576175362,153.06017029100764,150.97633933115708,common_intersection
RAW|2024-11-12|2024-11-12T10:45:00Z|-1,2024-11-12,2024H2,-1,SHORT,asian_high,LONDON,2024-11-12 10:45:00+00:00,2024-11-12 11:00:00+00:00,2024-11-12 11:00:00.321000+00:00,2024-11-12 14:00:00+00:00,2024-11-12 14:00:00.359000+00:00,154.061,153.403,154.091,154.094,154.019,154.049,65.80000000000155,3.299999999998704,1.2000000000000455,154.05,154.056,154.379,154.387,0.6000000000000227,0.8000000000009777,-33.69999999999891,-336.9999999999891,46546,-336.00000000001273,-338.99999999999864,-342.9999999999893,-343.9999999999941,-340.0000000000034,-345.9999999999752,2024-11-12 10:00:00+00:00,2024-11-12 08:00:00+00:00,153.78973160072908,153.39661220734342,39.31193933856605,Up,Up,Up,2024-11-11 06:00:00+00:00,28.0,2024-11-11 06:00:00+00:00,2024-11-11 22:00:00+00:00,2024-11-11 00:00:00+00:00,153.07684572323276,151.31440240989136,176.24433133414072,Up,Up,Up,2024-10-02 21:00:00+00:00,961.0,2024-10-02 21:00:00+00:00,Up,Up,153.66362424102073,152.82718401252586,153.33501326885155,151.10687218466452,common_intersection
RAW|2024-11-13|2024-11-13T08:30:00Z|-1,2024-11-13,2024H2,-1,SHORT,asian_high,LONDON,2024-11-13 08:30:00+00:00,2024-11-13 08:45:00+00:00,2024-11-13 08:45:00.158000+00:00,2024-11-13 11:45:00+00:00,2024-11-13 11:45:00.014000+00:00,155.154,154.539,155.23,155.236,155.027,155.028,61.50000000000091,8.199999999999363,12.600000000000477,155.029,155.034,154.949,154.955,0.49999999999954525,0.6000000000000227,7.399999999998386,73.99999999998386,46633,72.99999999997908,66.0000000000025,71.9999999999743,75.9999999999934,73.99999999998386,73.0000000000075,2024-11-13 06:00:00+00:00,2024-11-13 04:00:00+00:00,154.54138747261726,153.83058403987968,71.08034327375776,Up,Up,Up,2024-11-11 06:00:00+00:00,48.0,2024-11-11 06:00:00+00:00,2024-11-12 22:00:00+00:00,2024-11-12 00:00:00+00:00,153.5103183737377,151.57677021710003,193.354815663767,Up,Up,Up,2024-10-02 21:00:00+00:00,985.0,2024-10-02 21:00:00+00:00,Up,Up,154.39234246166416,153.07684572323276,153.73637395639093,151.31440240989136,common_intersection
RAW|2024-11-13|2024-11-13T13:30:00Z|1,2024-11-13,2024H2,1,LONG,asian_low,LONDON_NY_OVERLAP,2024-11-13 13:30:00+00:00,2024-11-13 13:45:00+00:00,2024-11-13 13:45:00.069000+00:00,2024-11-13 16:45:00+00:00,2024-11-13 16:45:00.213000+00:00,155.154,154.539,154.919,154.945,154.413,154.57,61.50000000000091,12.599999999997635,3.100000000000591,154.572,154.576,155.223,155.229,0.39999999999906777,0.6000000000000227,64.70000000000198,647.0000000000198,46653,658.0000000000155,649.0000000000009,691.0000000000025,653.9999999999964,672.0000000000255,656.0000000000059,2024-11-13 10:00:00+00:00,2024-11-13 08:00:00+00:00,154.64241962329805,153.91573731668933,72.66823066087227,Up,Up,Up,2024-11-11 06:00:00+00:00,52.0,2024-11-11 06:00:00+00:00,2024-11-12 22:00:00+00:00,2024-11-12 00:00:00+00:00,153.5103183737377,151.57677021710003,193.354815663767,Up,Up,Up,2024-10-02 21:00:00+00:00,985.0,2024-10-02 21:00:00+00:00,Up,Up,154.54138747261726,153.07684572323276,153.83058403987968,151.31440240989136,common_intersection
RAW|2024-11-14|2024-11-14T09:45:00Z|-1,2024-11-14,2024H2,-1,SHORT,asian_high,LONDON,2024-11-14 09:45:00+00:00,2024-11-14 10:00:00+00:00,2024-11-14 10:00:01.429000+00:00,2024-11-14 13:00:00+00:00,2024-11-14 13:00:00.100000+00:00,156.133,155.404,156.078,156.146,156.063,156.107,72.90000000000134,1.2999999999976808,2.600000000001046,156.108,156.114,155.994,156.0,0.6000000000000227,0.6000000000000227,10.80000000000041,108.00000000000409,46734,108.00000000000409,110.99999999999,106.99999999999932,105.99999999999454,116.99999999999022,108.00000000000409,2024-11-14 10:00:00+00:00,2024-11-14 08:00:00+00:00,155.65367733354327,154.5900301048569,106.36472286863636,Up,Up,Up,2024-11-11 06:00:00+00:00,76.0,2024-11-11 06:00:00+00:00,2024-11-13 22:00:00+00:00,2024-11-13 00:00:00+00:00,154.0633702669555,151.88630859973202,217.70616672234837,Up,Up,Up,2024-10-02 21:00:00+00:00,1009.0,2024-10-02 21:00:00+00:00,Up,Up,155.47234826696058,153.5103183737377,154.45811967919227,151.57677021710003,common_intersection
RAW|2024-11-18|2024-11-18T12:00:00Z|-1,2024-11-18,2024H2,-1,SHORT,asian_high,LONDON_NY_OVERLAP,2024-11-18 12:00:00+00:00,2024-11-18 12:15:00+00:00,2024-11-18 12:15:00.011000+00:00,2024-11-18 15:15:00+00:00,2024-11-18 15:15:00.984000+00:00,155.138,153.838,155.057,155.146,155.029,155.076,130.00000000000114,0.7999999999981355,6.200000000001182,155.072,155.082,154.977,154.983,0.9999999999990905,0.6000000000000227,8.899999999999864,88.99999999999864,46935,90.00000000000341,90.00000000000341,92.99999999998931,110.99999999999,88.99999999999864,121.00000000000932,2024-11-18 10:00:00+00:00,2024-11-18 08:00:00+00:00,154.8053865382318,154.95435236352193,-14.896582529013358,Down,Down,Down,2024-11-15 22:00:00+00:00,60.0,2024-11-15 22:00:00+00:00,2024-11-15 22:00:00+00:00,2024-11-15 00:00:00+00:00,154.56094401375282,152.3958963988132,216.5047614939624,Up,Up,Up,2024-10-02 21:00:00+00:00,1057.0,2024-10-02 21:00:00+00:00,Down,Up,154.81714115352452,154.68612161925392,154.96986126469776,152.23484391175344,common_intersection
RAW|2024-11-19|2024-11-19T07:15:00Z|-1,2024-11-19,2024H2,-1,SHORT,asian_high,LONDON,2024-11-19 07:15:00+00:00,2024-11-19 07:30:00+00:00,2024-11-19 07:30:00.018000+00:00,2024-11-19 10:30:00+00:00,2024-11-19 10:30:00.054000+00:00,154.614,153.948,154.573,154.622,154.498,154.606,66.59999999999968,0.8000000000009777,0.8000000000009777,154.606,154.613,153.649,153.656,0.7000000000005002,0.7000000000005002,94.99999999999886,949.9999999999886,47012,947.0000000000027,957.9999999999984,945.999999999998,951.9999999999982,965.0000000000034,978.999999999985,2024-11-19 06:00:00+00:00,2024-11-19 04:00:00+00:00,154.5275327501621,154.8102229742068,-28.26902240446998,Down,Down,Down,2024-11-15 22:00:00+00:00,80.0,2024-11-15 22:00:00+00:00,2024-11-18 22:00:00+00:00,2024-11-18 00:00:00+00:00,154.58610286696629,152.57614468690812,200.99581800581632,Up,Up,Up,2024-10-02 21:00:00+00:00,1129.0,2024-10-02 21:00:00+00:00,Down,Up,154.57054585022695,154.56094401375282,154.8441554067465,152.3958963988132,common_intersection
RAW|2024-11-19|2024-11-19T11:30:00Z|1,2024-11-19,2024H2,1,LONG,asian_low,LONDON,2024-11-19 11:30:00+00:00,2024-11-19 11:45:00+00:00,2024-11-19 11:45:01.070000+00:00,2024-11-19 14:45:00+00:00,2024-11-19 14:45:00.056000+00:00,154.614,153.948,153.762,153.985,153.73,153.973,66.59999999999968,21.800000000001774,2.5000000000005684,153.973,153.98,154.095,154.101,0.699999999997658,0.6000000000000227,11.50000000000091,115.0000000000091,47029,115.0000000000091,117.00000000001864,115.99999999998545,116.00000000001387,132.000000000005,112.00000000002319,2024-11-19 10:00:00+00:00,2024-11-19 08:00:00+00:00,154.30909482154436,154.72644513627026,-41.73503147258941,Down,Down,Down,2024-11-15 22:00:00+00:00,84.0,2024-11-15 22:00:00+00:00,2024-11-18 22:00:00+00:00,2024-11-18 00:00:00+00:00,154.58610286696629,152.57614468690812,200.99581800581632,Up,Up,Up,2024-10-02 21:00:00+00:00,1129.0,2024-10-02 21:00:00+00:00,Down,Up,154.5275327501621,154.56094401375282,154.8102229742068,152.3958963988132,common_intersection
RAW|2024-11-20|2024-11-20T15:00:00Z|-1,2024-11-20,2024H2,-1,SHORT,asian_high,LONDON_NY_OVERLAP,2024-11-20 15:00:00+00:00,2024-11-20 15:15:00+00:00,2024-11-20 15:15:00.080000+00:00,2024-11-20 18:15:00+00:00,2024-11-20 18:15:00.428000+00:00,155.459,154.584,155.6,155.6,155.133,155.255,87.5,14.099999999999113,20.400000000000773,155.256,155.266,155.326,155.335,0.9999999999990905,0.9000000000014552,-7.900000000000773,-79.00000000000773,47139,-78.00000000000296,-86.00000000001273,-106.99999999999932,-84.00000000000318,-102.00000000000387,-96.00000000000364,2024-11-20 14:00:00+00:00,2024-11-20 12:00:00+00:00,155.20128544949463,154.8505842363041,35.07012131905469,Up,Up,Up,2024-11-20 10:00:00+00:00,4.0,2024-11-20 10:00:00+00:00,2024-11-19 22:00:00+00:00,2024-11-19 00:00:00+00:00,154.60350204783305,152.74181311195548,186.16889358775666,Up,Up,Up,2024-10-02 21:00:00+00:00,1153.0,2024-10-02 21:00:00+00:00,Transition,Up,154.9897996292925,154.58610286696629,154.7741133003305,152.57614468690812,common_intersection
RAW|2024-11-21|2024-11-21T11:30:00Z|1,2024-11-21,2024H2,1,LONG,asian_low,LONDON,2024-11-21 11:30:00+00:00,2024-11-21 11:45:00+00:00,2024-11-21 11:45:02.790000+00:00,2024-11-21 14:45:00+00:00,2024-11-21 14:45:00.043000+00:00,155.299,154.554,154.459,154.582,154.421,154.559,74.50000000000045,13.300000000000978,0.49999999999954525,154.56,154.566,154.079,154.086,0.6000000000000227,0.7000000000005002,-48.69999999999948,-486.99999999999477,47221,-486.99999999999477,-468.9999999999941,-492.999999999995,-471.00000000000364,-485.99999999999,-399.0000000000009,2024-11-21 10:00:00+00:00,2024-11-21 08:00:00+00:00,154.96638073598325,154.90689463001564,5.948610596760773,Up,Up,Up,2024-11-20 10:00:00+00:00,24.0,2024-11-20 10:00:00+00:00,2024-11-20 22:00:00+00:00,2024-11-20 00:00:00+00:00,154.83050146273789,152.95430806299905,187.61933997388383,Up,Up,Up,2024-10-02 21:00:00+00:00,1177.0,2024-10-02 21:00:00+00:00,Up,Up,155.19413303037658,154.60350204783305,154.95123329349525,152.74181311195548,common_intersection
RAW|2024-11-22|2024-11-22T14:45:00Z|-1,2024-11-22,2024H2,-1,SHORT,asian_high,LONDON_NY_OVERLAP,2024-11-22 14:45:00+00:00,2024-11-22 15:00:00+00:00,2024-11-22 15:00:00.029000+00:00,2024-11-22 18:00:00+00:00,2024-11-22 18:00:00.087000+00:00,154.954,153.963,154.63,155.022,154.63,154.872,99.10000000000139,6.799999999998363,8.199999999999363,154.875,154.891,154.755,154.76,1.5999999999991132,0.49999999999954525,11.50000000000091,115.0000000000091,47330,112.00000000002319,114.00000000000432,100.00000000002274,115.0000000000091,51.00000000001614,121.00000000000932,2024-11-22 14:00:00+00:00,2024-11-22 12:00:00+00:00,154.48785661100723,154.7027263407632,-21.486972975597496,Down,Down,Down,2024-11-21 14:00:00+00:00,24.0,2024-11-21 14:00:00+00:00,2024-11-21 22:00:00+00:00,2024-11-21 00:00:00+00:00,154.7423581876699,153.07972341795914,166.26347697107633,Up,Up,Up,2024-10-02 21:00:00+00:00,1201.0,2024-10-02 21:00:00+00:00,Down,Up,154.5753992554101,154.83050146273789,154.7404416747426,152.95430806299905,common_intersection
RAW|2024-11-25|2024-11-25T09:45:00Z|-1,2024-11-25,2024H2,-1,SHORT,asian_high,LONDON,2024-11-25 09:45:00+00:00,2024-11-25 10:00:00+00:00,2024-11-25 10:00:00.076000+00:00,2024-11-25 13:00:00+00:00,2024-11-25 13:00:00.050000+00:00,154.48,153.548,154.545,154.578,154.355,154.422,93.1999999999988,9.800000000001319,5.799999999999272,154.423,154.429,154.195,154.204,0.6000000000000227,0.9000000000014552,21.89999999999941,218.9999999999941,47406,218.9999999999941,227.00000000000387,206.99999999999363,242.999999999995,227.99999999998022,265.99999999999113,2024-11-25 10:00:00+00:00,2024-11-25 08:00:00+00:00,154.36272719161047,154.58904074161018,-22.6313549999702,Down,Down,Down,2024-11-21 14:00:00+00:00,92.0,2024-11-21 14:00:00+00:00,2024-11-22 22:00:00+00:00,2024-11-22 00:00:00+00:00,154.73882727690707,153.21174554452242,152.70817323846586,Up,Up,Up,2024-10-02 21:00:00+00:00,1225.0,2024-10-02 21:00:00+00:00,Down,Up,154.3390180682547,154.7423581876699,154.60356602348932,153.07972341795914,common_intersection
RAW|2024-11-26|2024-11-26T14:00:00Z|1,2024-11-26,2024H2,1,LONG,asian_low,LONDON_NY_OVERLAP,2024-11-26 14:00:00+00:00,2024-11-26 14:15:00+00:00,2024-11-26 14:15:00.020000+00:00,2024-11-26 17:15:00+00:00,2024-11-26 17:15:00.007000+00:00,154.413,153.544,153.429,153.579,153.426,153.575,86.89999999999998,11.800000000002342,3.099999999997749,153.576,153.583,153.271,153.278,0.7000000000005002,0.7000000000005002,-31.200000000001182,-312.0000000000118,47519,-311.00000000000705,-311.00000000000705,-303.0000000000257,-322.00000000000273,-326.0000000000218,-322.00000000000273,2024-11-26 14:00:00+00:00,2024-11-26 12:00:00+00:00,153.84699770849193,154.2847402845769,-43.7742576084986,Down,Down,Down,2024-11-21 14:00:00+00:00,120.0,2024-11-21 14:00:00+00:00,2024-11-25 22:00:00+00:00,2024-11-25 00:00:00+00:00,154.57973376921933,153.28936590096063,129.03678682586985,Up,Up,Up,2024-10-02 21:00:00+00:00,1297.0,2024-10-02 21:00:00+00:00,Down,Up,154.0141967918887,154.73882727690707,154.3591524832358,153.21174554452242,common_intersection
RAW|2024-11-27|2024-11-27T07:00:00Z|1,2024-11-27,2024H2,1,LONG,asian_low,LONDON,2024-11-27 07:00:00+00:00,2024-11-27 07:15:00+00:00,2024-11-27 07:15:00.049000+00:00,2024-11-27 10:15:00+00:00,2024-11-27 10:15:00.072000+00:00,153.032,152.067,152.078,152.166,152.057,152.105,96.50000000000034,1.0000000000019327,3.7999999999982492,152.106,152.113,151.452,151.459,0.7000000000005002,0.7000000000005002,-66.10000000000014,-661.0000000000014,47587,-665.9999999999968,-657.999999999987,-664.999999999992,-658.9999999999918,-658.0000000000155,-657.0000000000107,2024-11-27 06:00:00+00:00,2024-11-27 04:00:00+00:00,153.0096208112484,153.8662944152993,-85.66736040509113,Down,Down,Down,2024-11-21 14:00:00+00:00,136.0,2024-11-21 14:00:00+00:00,2024-11-26 22:00:00+00:00,2024-11-26 00:00:00+00:00,154.14580983515665,153.27109662888378,87.47132062728724,Up,Up,Up,2024-10-02 21:00:00+00:00,1321.0,2024-10-02 21:00:00+00:00,Down,Up,153.23906913574777,154.57973376921933,153.99066784271662,153.28936590096063,common_intersection
RAW|2024-11-28|2024-11-28T08:00:00Z|-1,2024-11-28,2024H2,-1,SHORT,asian_high,LONDON,2024-11-28 08:00:00+00:00,2024-11-28 08:15:00+00:00,2024-11-28 08:15:00.151000+00:00,2024-11-28 11:15:00+00:00,2024-11-28 11:15:01.097000+00:00,151.746,151.281,151.754,151.878,151.694,151.704,46.50000000000034,13.199999999997658,4.200000000000159,151.707,151.711,151.81,151.819,0.40000000000190994,0.899999999998613,-11.199999999999477,-111.99999999999477,47687,-98.99999999998954,-111.99999999999477,-94.99999999999886,-109.00000000000887,-90.99999999997976,-111.99999999999477,2024-11-28 06:00:00+00:00,2024-11-28 04:00:00+00:00,151.54189773968122,152.84534065498755,-130.34429153063343,Down,Down,Down,2024-11-21 14:00:00+00:00,160.0,2024-11-21 14:00:00+00:00,2024-11-27 22:00:00+00:00,2024-11-27 00:00:00+00:00,153.26214988225476,153.0936488985731,16.850098368166755,Up,Up,Up,2024-10-02 21:00:00+00:00,1345.0,2024-10-02 21:00:00+00:00,Down,Up,151.5414568355537,154.14580983515665,152.95858766846473,153.27109662888378,common_intersection
RAW|2024-11-29|2024-11-29T07:45:00Z|1,2024-11-29,2024H2,1,LONG,asian_low,LONDON,2024-11-29 07:45:00+00:00,2024-11-29 08:00:00+00:00,2024-11-29 08:00:00.044000+00:00,2024-11-29 11:00:00+00:00,2024-11-29 11:00:00.085000+00:00,151.206,149.758,149.756,150.011,149.692,149.99,144.7999999999979,6.60000000000025,23.199999999999932,149.993,149.996,149.96,149.967,0.30000000000143245,0.7000000000005002,-3.6000000000001364,-36.000000000001364,47782,-50.99999999998772,-36.000000000001364,-56.99999999998795,-34.99999999999659,-45.99999999999227,-36.000000000001364,2024-11-29 06:00:00+00:00,2024-11-29 04:00:00+00:00,150.81429528667917,152.11391086057444,-129.96155738952666,Down,Down,Down,2024-11-21 14:00:00+00:00,184.0,2024-11-21 14:00:00+00:00,2024-11-28 22:00:00+00:00,2024-11-28 00:00:00+00:00,152.76439277303913,152.96775698668725,-20.336421364811486,Down,Up,Transition,2024-11-28 22:00:00+00:00,0.0,2024-11-28 22:00:00+00:00,Down,Up,151.09961340135087,153.26214988225476,152.2889465875809,153.0936488985731,common_intersection
RAW|2024-12-02|2024-12-02T15:00:00Z|1,2024-12-02,2024H2,1,LONG,asian_low,LONDON_NY_OVERLAP,2024-12-02 15:00:00+00:00,2024-12-02 15:15:00+00:00,2024-12-02 15:15:00.032000+00:00,2024-12-02 18:15:00+00:00,2024-12-02 18:15:00.134000+00:00,150.747,149.802,149.984,150.083,149.721,149.909,94.50000000000216,8.099999999998886,10.699999999999932,149.911,149.915,149.687,149.692,0.39999999999906777,0.49999999999954525,-22.799999999998022,-227.99999999998022,47907,-228.999999999985,-230.99999999999454,-238.9999999999759,-239.00000000000432,-259.9999999999909,-260.9999999999957,2024-12-02 14:00:00+00:00,2024-12-02 12:00:00+00:00,150.26841206216122,151.1662716550647,-89.78595929034725,Down,Down,Down,2024-11-21 14:00:00+00:00,264.0,2024-11-21 14:00:00+00:00,2024-11-29 22:00:00+00:00,2024-11-29 00:00:00+00:00,151.89570912359937,152.70825642775227,-81.25473041529006,Down,Down,Down,2024-11-28 22:00:00+00:00,24.0,2024-11-28 22:00:00+00:00,Down,Transition,150.3445768870257,152.76439277303913,151.26090397289641,152.96775698668725,common_intersection
RAW|2024-12-03|2024-12-03T16:15:00Z|1,2024-12-03,2024H2,1,LONG,asian_low,NEW_YORK,2024-12-03 16:15:00+00:00,2024-12-03 16:30:00+00:00,2024-12-03 16:30:00.037000+00:00,2024-12-03 19:30:00+00:00,2024-12-03 19:30:00.065000+00:00,150.234,149.497,149.39,149.517,149.362,149.512,73.69999999999948,13.500000000001933,1.4999999999986358,149.513,149.52,149.307,149.317,0.7000000000005002,1.0000000000019327,-21.30000000000223,-213.00000000002228,48008,-212.0000000000175,-211.00000000001273,-216.00000000000819,-213.00000000002228,-213.00000000002228,-233.0000000000041,2024-12-03 14:00:00+00:00,2024-12-03 12:00:00+00:00,149.60738029623087,150.5497983304295,-94.24180341986244,Down,Down,Down,2024-11-21 14:00:00+00:00,288.0,2024-11-21 14:00:00+00:00,2024-12-02 22:00:00+00:00,2024-12-02 00:00:00+00:00,151.23236365971383,152.45751591353212,-122.5152253818294,Down,Down,Down,2024-11-28 22:00:00+00:00,96.0,2024-11-28 22:00:00+00:00,Down,Down,149.90873241472323,151.89570912359937,150.69725905481465,152.70825642775227,common_intersection
RAW|2024-12-04|2024-12-04T16:15:00Z|-1,2024-12-04,2024H2,-1,SHORT,asian_high,NEW_YORK,2024-12-04 16:15:00+00:00,2024-12-04 16:30:00+00:00,2024-12-04 16:30:00.096000+00:00,2024-12-04 19:30:00+00:00,2024-12-04 19:30:00.796000+00:00,150.167,149.52,150.279,150.286,150.059,150.156,64.69999999999914,11.899999999999977,1.099999999999568,150.155,150.161,150.357,150.363,0.6000000000000227,0.6000000000000227,-20.79999999999984,-207.9999999999984,48104,-211.00000000001273,-207.9999999999984,-211.00000000001273,-207.9999999999984,-217.00000000001296,-187.00000000001182,2024-12-04 14:00:00+00:00,2024-12-04 12:00:00+00:00,150.31368656876478,150.40059624399603,-8.690967523125437,Down,Down,Down,2024-11-21 14:00:00+00:00,312.0,2024-11-21 14:00:00+00:00,2024-12-03 22:00:00+00:00,2024-12-03 00:00:00+00:00,150.75854547122418,152.22683464044957,-146.8289169225386,Down,Down,Down,2024-11-28 22:00:00+00:00,120.0,2024-11-28 22:00:00+00:00,Down,Down,150.0107611962707,151.23236365971383,150.34230026521308,152.45751591353212,common_intersection
RAW|2024-12-05|2024-12-05T08:00:00Z|1,2024-12-05,2024H2,1,LONG,asian_low,LONDON,2024-12-05 08:00:00+00:00,2024-12-05 08:15:00+00:00,2024-12-05 08:15:00.442000+00:00,2024-12-05 11:15:00+00:00,2024-12-05 11:15:03.999000+00:00,150.68,149.659,149.783,149.903,149.654,149.883,102.1000000000015,0.49999999999954525,22.400000000001796,149.882,149.887,150.167,150.174,0.49999999999954525,0.7000000000005002,28.000000000000114,280.00000000000114,48167,277.9999999999916,280.00000000000114,278.99999999999636,283.9999999999918,278.99999999999636,288.99999999998727,2024-12-05 06:00:00+00:00,2024-12-05 04:00:00+00:00,150.26739279695045,150.36787626372123,-10.048346677078257,Down,Down,Down,2024-11-21 14:00:00+00:00,328.0,2024-11-21 14:00:00+00:00,2024-12-04 22:00:00+00:00,2024-12-04 00:00:00+00:00,150.69581819373155,152.0918078692136,-139.5989675482042,Down,Down,Down,2024-11-28 22:00:00+00:00,144.0,2024-11-28 22:00:00+00:00,Down,Down,150.4019499157306,150.75854547122418,150.4058655040448,152.22683464044957,common_intersection
RAW|2024-12-05|2024-12-05T13:45:00Z|-1,2024-12-05,2024H2,-1,SHORT,asian_high,LONDON_NY_OVERLAP,2024-12-05 13:45:00+00:00,2024-12-05 14:00:00+00:00,2024-12-05 14:00:00.097000+00:00,2024-12-05 17:00:00+00:00,2024-12-05 17:00:00.041000+00:00,150.68,149.659,150.534,150.695,150.528,150.605,102.1000000000015,1.4999999999986358,7.500000000001705,150.605,150.608,150.2,150.207,0.30000000000143245,0.7000000000005002,39.79999999999961,397.99999999999613,48190,406.0000000000059,400.99999999998204,390.0000000000148,406.99999999998226,385.0000000000193,399.0000000000009,2024-12-05 14:00:00+00:00,2024-12-05 12:00:00+00:00,150.37213918211756,150.38243926961366,-1.0300087496091237,Down,Down,Down,2024-11-21 14:00:00+00:00,336.0,2024-11-21 14:00:00+00:00,2024-12-04 22:00:00+00:00,2024-12-04 00:00:00+00:00,150.69581819373155,152.0918078692136,-139.5989675482042,Down,Down,Down,2024-11-28 22:00:00+00:00,144.0,2024-11-28 22:00:00+00:00,Down,Down,150.2789948549646,150.75854547122418,150.36308616262355,152.22683464044957,common_intersection
RAW|2024-12-06|2024-12-06T13:30:00Z|-1,2024-12-06,2024H2,-1,SHORT,asian_high,LONDON_NY_OVERLAP,2024-12-06 13:30:00+00:00,2024-12-06 13:45:00+00:00,2024-12-06 13:45:00.050000+00:00,2024-12-06 16:45:00+00:00,2024-12-06 16:45:00.131000+00:00,150.272,149.768,150.528,150.528,149.954,150.023,50.39999999999907,25.600000000000023,24.899999999999523,150.024,150.03,149.697,149.71,0.6000000000000227,1.300000000000523,31.399999999999295,313.99999999999295,48285,281.99999999998226,316.0000000000025,290.9999999999968,318.00000000001205,314.9999999999977,304.00000000000205,2024-12-06 10:00:00+00:00,2024-12-06 08:00:00+00:00,150.24501177748067,150.30898729921566,-6.397552173498866,Down,Down,Down,2024-11-21 14:00:00+00:00,356.0,2024-11-21 14:00:00+00:00,2024-12-05 22:00:00+00:00,2024-12-05 00:00:00+00:00,150.52215585266538,151.93150323967652,-140.93473870111382,Down,Down,Down,2024-11-28 22:00:00+00:00,168.0,2024-11-28 22:00:00+00:00,Down,Down,150.11341648847292,150.69581819373155,150.28594271653876,152.0918078692136,common_intersection
RAW|2024-12-09|2024-12-09T07:15:00Z|-1,2024-12-09,2024H2,-1,SHORT,asian_high,LONDON,2024-12-09 07:15:00+00:00,2024-12-09 07:30:00+00:00,2024-12-09 07:30:00.814000+00:00,2024-12-09 10:30:00+00:00,2024-12-09 10:30:00.102000+00:00,150.191,149.689,150.213,150.244,150.139,150.151,50.200000000000955,5.299999999999727,3.999999999999204,150.148,150.156,150.386,150.391,0.8000000000009777,0.49999999999954525,-24.2999999999995,-242.999999999995,48356,-248.99999999999523,-243.99999999999977,-252.9999999999859,-242.999999999995,-254.99999999999545,-246.00000000000932,2024-12-09 06:00:00+00:00,2024-12-09 04:00:00+00:00,149.98615159187403,150.17150620266457,-18.535461079054016,Down,Down,Down,2024-11-21 14:00:00+00:00,424.0,2024-11-21 14:00:00+00:00,2024-12-06 22:00:00+00:00,2024-12-06 00:00:00+00:00,150.3698256090467,151.7761029805024,-140.6277371455701,Down,Down,Down,2024-11-28 22:00:00+00:00,192.0,2024-11-28 22:00:00+00:00,Down,Down,149.99501222862366,150.52215585266538,150.18955022028757,151.93150323967652,common_intersection
RAW|2024-12-10|2024-12-10T09:00:00Z|-1,2024-12-10,2024H2,-1,SHORT,asian_high,LONDON,2024-12-10 09:00:00+00:00,2024-12-10 09:15:00+00:00,2024-12-10 09:15:00.771000+00:00,2024-12-10 12:15:00+00:00,2024-12-10 12:15:00.084000+00:00,151.547,150.894,151.633,151.664,151.48,151.507,65.29999999999916,11.699999999999022,3.999999999999204,151.51,151.516,151.675,151.679,0.6000000000000227,0.39999999999906777,-16.900000000001114,-169.00000000001114,48459,-173.00000000000182,-171.0000000000207,-181.0000000000116,-175.00000000001137,-205.99999999998886,-171.0000000000207,2024-12-10 06:00:00+00:00,2024-12-10 04:00:00+00:00,150.93172027491124,150.51092853116305,42.07917437481967,Up,Up,Up,2024-12-09 14:00:00+00:00,16.0,2024-12-09 14:00:00+00:00,2024-12-09 22:00:00+00:00,2024-12-09 00:00:00+00:00,150.6064468636048,151.72985474206223,-112.34078784574422,Down,Down,Down,2024-11-28 22:00:00+00:00,264.0,2024-11-28 22:00:00+00:00,Up,Down,150.9324083848757,150.3698256090467,150.47448753387286,151.7761029805024,common_intersection
RAW|2024-12-11|2024-12-11T09:00:00Z|1,2024-12-11,2024H2,1,LONG,asian_low,LONDON,2024-12-11 09:00:00+00:00,2024-12-11 09:15:00+00:00,2024-12-11 09:15:00.130000+00:00,2024-12-11 12:15:00+00:00,2024-12-11 12:15:00.783000+00:00,151.869,151.414,151.624,151.886,151.004,151.872,45.50000000000125,40.99999999999966,45.80000000000268,151.872,151.882,152.62,152.628,0.9999999999990905,0.7999999999981355,73.79999999999995,737.9999999999995,48555,730.9999999999945,737.9999999999995,765.9999999999911,741.9999999999902,731.9999999999993,751.0000000000048,2024-12-11 06:00:00+00:00,2024-12-11 04:00:00+00:00,151.6811479000713,151.01724362826633,66.39042718049666,Up,Up,Up,2024-12-09 14:00:00+00:00,40.0,2024-12-09 14:00:00+00:00,2024-12-10 22:00:00+00:00,2024-12-10 00:00:00+00:00,150.98260490257485,151.74530636269725,-76.27014601224005,Down,Down,Down,2024-11-28 22:00:00+00:00,288.0,2024-11-28 22:00:00+00:00,Up,Down,151.6536070600998,150.6064468636048,150.95352568289815,151.72985474206223,common_intersection
RAW|2024-12-12|2024-12-12T13:45:00Z|1,2024-12-12,2024H2,1,LONG,asian_low,LONDON_NY_OVERLAP,2024-12-12 13:45:00+00:00,2024-12-12 14:00:00+00:00,2024-12-12 14:00:00.055000+00:00,2024-12-12 17:00:00+00:00,2024-12-12 17:00:00.088000+00:00,152.771,151.949,151.93,152.075,151.868,152.032,82.19999999999743,8.100000000001728,8.29999999999984,152.032,152.038,152.075,152.083,0.6000000000000227,0.8000000000009777,3.6999999999977717,36.99999999997772,48670,37.99999999998249,36.000000000001364,31.999999999982265,43.99999999998272,13.999999999981583,48.00000000000182,2024-12-12 14:00:00+00:00,2024-12-12 12:00:00+00:00,152.24971137953682,151.66251354457438,58.71978349624385,Up,Up,Up,2024-12-09 14:00:00+00:00,72.0,2024-12-09 14:00:00+00:00,2024-12-11 22:00:00+00:00,2024-12-11 00:00:00+00:00,151.39071778755346,151.7985618536815,-40.78440661280354,Down,Down,Down,2024-11-28 22:00:00+00:00,312.0,2024-11-28 22:00:00+00:00,Up,Down,152.33679593135156,150.98260490257485,151.63038428758082,151.74530636269725,common_intersection
RAW|2024-12-17|2024-12-17T09:00:00Z|1,2024-12-17,2024H2,1,LONG,asian_low,LONDON,2024-12-17 09:00:00+00:00,2024-12-17 09:15:00+00:00,2024-12-17 09:15:00.890000+00:00,2024-12-17 12:15:00+00:00,2024-12-17 12:15:00.076000+00:00,154.342,153.798,153.855,153.91,153.77,153.864,54.400000000001114,2.7999999999991587,6.60000000000025,153.861,153.869,153.904,153.908,0.8000000000009777,0.39999999999906777,3.499999999999659,34.99999999999659,48939,37.00000000000614,33.999999999991815,42.00000000000159,32.99999999998704,40.99999999999682,37.00000000000614,2024-12-17 06:00:00+00:00,2024-12-17 04:00:00+00:00,154.01393300686632,153.17856252122655,83.53704856397712,Up,Up,Up,2024-12-09 14:00:00+00:00,184.0,2024-12-09 14:00:00+00:00,2024-12-16 22:00:00+00:00,2024-12-16 00:00:00+00:00,152.80562601587224,152.17491251671953,63.0713499152705,Up,Up,Up,2024-12-13 22:00:00+00:00,72.0,2024-12-13 22:00:00+00:00,Up,Transition,153.96750620961285,152.29387642222113,153.09582882742018,152.008817952956,common_intersection
RAW|2024-12-18|2024-12-18T14:30:00Z|-1,2024-12-18,2024H2,-1,SHORT,asian_high,LONDON_NY_OVERLAP,2024-12-18 14:30:00+00:00,2024-12-18 14:45:00+00:00,2024-12-18 14:45:00.041000+00:00,2024-12-18 17:45:00+00:00,2024-12-18 17:45:00.098000+00:00,153.784,153.332,153.834,153.902,153.774,153.778,45.19999999999982,11.7999999999995,0.6000000000000227,153.778,153.784,153.795,153.802,0.6000000000000227,0.7000000000005002,-2.400000000000091,-24.00000000000091,49057,-25.000000000005684,-22.999999999996135,-24.00000000000091,-10.99999999999568,-33.999999999991815,-16.999999999995907,2024-12-18 14:00:00+00:00,2024-12-18 12:00:00+00:00,153.6543512955273,153.3817748747444,27.257642078291155,Up,Up,Up,2024-12-09 14:00:00+00:00,216.0,2024-12-09 14:00:00+00:00,2024-12-17 22:00:00+00:00,2024-12-17 00:00:00+00:00,153.00173286848016,152.28027951538198,72.14533530981839,Up,Up,Up,2024-12-13 22:00:00+00:00,96.0,2024-12-13 22:00:00+00:00,Up,Up,153.57729181373824,152.80562601587224,153.3413205160265,152.17491251671953,common_intersection
RAW|2024-12-20|2024-12-20T07:15:00Z|1,2024-12-20,2024H2,1,LONG,asian_low,LONDON,2024-12-20 07:15:00+00:00,2024-12-20 07:30:00+00:00,2024-12-20 07:30:00.105000+00:00,2024-12-20 10:30:00+00:00,2024-12-20 10:30:00.118000+00:00,157.924,156.833,156.819,156.907,156.782,156.904,109.10000000000082,5.099999999998772,7.099999999999795,156.902,156.911,156.65,156.657,0.9000000000014552,0.7000000000005002,-26.099999999999568,-260.9999999999957,49220,-274.0000000000009,-262.00000000000045,-280.00000000000114,-260.9999999999957,-287.9999999999825,-262.00000000000045,2024-12-20 06:00:00+00:00,2024-12-20 04:00:00+00:00,156.8602461131679,155.11817112269026,174.2074990477647,Up,Up,Up,2024-12-09 14:00:00+00:00,256.0,2024-12-09 14:00:00+00:00,2024-12-19 22:00:00+00:00,2024-12-19 00:00:00+00:00,154.6332922798368,152.8777725818193,175.55196980175083,Up,Up,Up,2024-12-13 22:00:00+00:00,144.0,2024-12-13 22:00:00+00:00,Up,Up,156.79154455843508,153.51980919177154,154.9517512203155,152.48305715415142,common_intersection
RAW|2024-12-23|2024-12-23T08:00:00Z|-1,2024-12-23,2024H2,-1,SHORT,asian_high,LONDON,2024-12-23 08:00:00+00:00,2024-12-23 08:15:00+00:00,2024-12-23 08:15:00.564000+00:00,2024-12-23 11:15:00+00:00,2024-12-23 11:15:00.323000+00:00,156.691,156.337,156.794,156.799,156.629,156.679,35.40000000000134,10.80000000000041,1.2000000000000455,156.678,156.69,156.788,156.796,1.2000000000000455,0.7999999999981355,-11.7999999999995,-117.999999999995,49319,-116.99999999999022,-117.999999999995,-105.99999999999454,-116.99999999999022,-117.999999999995,-115.0000000000091,2024-12-23 06:00:00+00:00,2024-12-23 04:00:00+00:00,156.53496926891216,155.64988046227697,88.50888066351956,Up,Up,Up,2024-12-09 14:00:00+00:00,328.0,2024-12-09 14:00:00+00:00,2024-12-20 22:00:00+00:00,2024-12-20 00:00:00+00:00,155.14006591416916,153.16011077527378,197.99551388953773,Up,Up,Up,2024-12-13 22:00:00+00:00,168.0,2024-12-13 22:00:00+00:00,Up,Up,156.49055697647705,154.6332922798368,155.5632613720402,152.8777725818193,common_intersection
RAW|2024-12-25|2024-12-25T07:45:00Z|1,2024-12-25,2024H2,1,LONG,asian_low,LONDON,2024-12-25 07:45:00+00:00,2024-12-25 08:00:00+00:00,2024-12-25 22:04:01.570000+00:00,2024-12-25 11:00:00+00:00,2024-12-25 22:04:01.570000+00:00,157.346,156.96,156.984,157.084,156.929,157.01,38.59999999999957,3.100000000000591,4.999999999998295,157.176,157.414,157.176,157.414,23.799999999999955,23.799999999999955,-23.799999999999955,-237.99999999999955,49509,-237.99999999999955,-237.99999999999955,-237.99999999999955,-237.99999999999955,-237.99999999999955,-237.99999999999955,2024-12-25 06:00:00+00:00,2024-12-25 04:00:00+00:00,157.16921503092806,156.54162942329637,62.7585607631687,Up,Up,Up,2024-12-09 14:00:00+00:00,376.0,2024-12-09 14:00:00+00:00,2024-12-24 22:00:00+00:00,2024-12-24 00:00:00+00:00,156.08640097661691,153.7615593601917,232.48416164252035,Up,Up,Up,2024-12-13 22:00:00+00:00,264.0,2024-12-13 22:00:00+00:00,Up,Up,157.11250104329926,155.70176136726369,156.4747276340178,153.47578191325186,common_intersection
RAW|2024-12-27|2024-12-27T16:30:00Z|1,2024-12-27,2024H2,1,LONG,asian_low,NEW_YORK,2024-12-27 16:30:00+00:00,2024-12-27 16:45:00+00:00,2024-12-27 16:45:00.888000+00:00,2024-12-27 19:45:00+00:00,2024-12-27 19:45:11.734000+00:00,157.948,157.504,157.468,157.673,157.468,157.655,44.40000000000168,3.6000000000001364,15.100000000001046,157.655,157.664,157.902,157.908,0.899999999998613,0.6000000000000227,23.799999999999955,237.99999999999955,49680,238.9999999999759,237.99999999999955,239.99999999998067,237.99999999999955,239.99999999998067,236.00000000001842,2024-12-27 14:00:00+00:00,2024-12-27 12:00:00+00:00,157.77871415041537,157.22389161935763,55.48225310577379,Up,Up,Up,2024-12-09 14:00:00+00:00,432.0,2024-12-09 14:00:00+00:00,2024-12-26 22:00:00+00:00,2024-12-26 00:00:00+00:00,156.6137149832978,154.09519461137637,251.85203719214257,Up,Up,Up,2024-12-13 22:00:00+00:00,312.0,2024-12-13 22:00:00+00:00,Up,Up,157.77299981058152,156.08640097661691,157.17440393408438,153.7615593601917,common_intersection
RAW|2024-12-31|2024-12-31T07:30:00Z|1,2024-12-31,2024H2,1,LONG,asian_low,LONDON,2024-12-31 07:30:00+00:00,2024-12-31 07:45:00+00:00,2024-12-31 07:45:00.828000+00:00,2024-12-31 10:45:00+00:00,2024-12-31 10:45:01.387000+00:00,157.045,156.134,156.145,156.213,156.061,156.149,91.10000000000014,7.299999999997908,1.500000000001478,156.145,156.153,156.823,156.833,0.7999999999981355,0.9999999999990905,67.00000000000159,670.0000000000159,49836,674.0000000000066,670.0000000000159,683.0000000000211,693.000000000012,686.000000000007,683.0000000000211,2024-12-31 06:00:00+00:00,2024-12-31 04:00:00+00:00,156.84149303025535,157.20259260613835,-36.10995758830029,Down,Down,Down,2024-12-30 22:00:00+00:00,8.0,2024-12-30 22:00:00+00:00,2024-12-30 22:00:00+00:00,2024-12-30 00:00:00+00:00,156.90569131800908,154.58272311906896,232.29681989401172,Up,Up,Up,2024-12-13 22:00:00+00:00,408.0,2024-12-13 22:00:00+00:00,Down,Up,157.0852902423575,156.94236784521271,157.28699196319386,154.38869904246627,common_intersection
RAW|2024-12-31|2024-12-31T13:45:00Z|-1,2024-12-31,2024H2,-1,SHORT,asian_high,LONDON_NY_OVERLAP,2024-12-31 13:45:00+00:00,2024-12-31 14:00:00+00:00,2024-12-31 14:00:00.087000+00:00,2024-12-31 17:00:00+00:00,2024-12-31 17:00:00.034000+00:00,157.045,156.134,156.973,157.085,156.972,157.01,91.10000000000014,4.000000000002046,3.499999999999659,157.007,157.014,157.37,157.376,0.7000000000005002,0.6000000000000227,-36.89999999999998,-368.9999999999998,49861,-377.00000000000955,-365.0000000000091,-382.000000000005,-364.0000000000043,-391.9999999999959,-358.0000000000041,2024-12-31 14:00:00+00:00,2024-12-31 12:00:00+00:00,156.84872093380372,157.14585198183553,-29.713104803181523,Down,Down,Down,2024-12-30 22:00:00+00:00,16.0,2024-12-30 22:00:00+00:00,2024-12-30 22:00:00+00:00,2024-12-30 00:00:00+00:00,156.90569131800908,154.58272311906896,232.29681989401172,Up,Up,Up,2024-12-13 22:00:00+00:00,408.0,2024-12-13 22:00:00+00:00,Down,Up,156.78420930732523,156.94236784521271,157.1576651976473,154.38869904246627,common_intersection
