id,name,size_in_bytes,expired,created_at,expires_at
8784859837,usdjpy-b0-source-native-2020-2022-ledger-v1,306807,False,2026-07-31T06:22:48Z,2026-08-30T06:22:47Z
8784859413,fx2-authority-registry-30609457737,102467,False,2026-07-31T06:22:47Z,2026-08-03T06:22:47Z
8784859075,usdjpy-research-memory-validation-v2-30609460915-1,2646,False,2026-07-31T06:22:46Z,2026-08-30T06:22:45Z
8784730472,fx2-authority-registry-30609116045,102100,False,2026-07-31T06:15:45Z,2026-08-03T06:15:45Z
8784718072,fx2-authority-registry-30609072620,102092,False,2026-07-31T06:15:03Z,2026-08-03T06:15:02Z
8784626427,usdjpy-b0-source-native-2020-2022-ledger-v1,306807,False,2026-07-31T06:10:02Z,2026-08-30T06:10:01Z
8784625603,usdjpy-research-memory-validation-v2-30608836975-1,2646,False,2026-07-31T06:09:59Z,2026-08-30T06:09:58Z
8784270595,fx2-authority-registry-30607836580,102043,False,2026-07-31T05:49:32Z,2026-08-03T05:49:31Z
8783987025,usdjpy-research-memory-validation-v2-30607078787-1,2646,False,2026-07-31T05:32:33Z,2026-08-30T05:32:32Z
8780416212,usdjpy-research-memory-validation-v2-30596824672-1,2646,False,2026-07-31T01:37:33Z,2026-08-30T01:37:33Z
8780242852,usdjpy-hyp044-bootstrap-inventory-30596335573-1,2368537,False,2026-07-31T01:26:37Z,2026-10-29T01:26:18Z
8780241780,usdjpy-research-memory-validation-v2-30596335581-1,2646,False,2026-07-31T01:26:33Z,2026-08-30T01:26:32Z
8780240251,usdjpy-hyp044-development-authorities-30596335490,6697326,False,2026-07-31T01:26:26Z,2026-08-30T01:26:25Z
8779843176,usdjpy-hyp044-bootstrap-inventory-30595221046-1,2368527,False,2026-07-31T01:02:04Z,2026-10-29T01:01:44Z
8779841695,usdjpy-hyp044-development-authorities-30595220963,6697326,False,2026-07-31T01:01:59Z,2026-08-30T01:01:58Z
8779839377,usdjpy-research-memory-validation-v2-30595220957-1,2646,False,2026-07-31T01:01:51Z,2026-08-30T01:01:50Z
8779368671,usdjpy-hyp044-development-authorities-30593922775,6697326,False,2026-07-31T00:34:46Z,2026-08-30T00:34:45Z
8779364790,usdjpy-hyp044-bootstrap-inventory-30593922689-1,2368534,False,2026-07-31T00:34:32Z,2026-10-29T00:34:20Z
8779363086,usdjpy-research-memory-validation-v2-30593922719-1,2646,False,2026-07-31T00:34:26Z,2026-08-30T00:34:26Z
8779341310,usdjpy-hyp044-bootstrap-inventory-30593856036-1,2368534,False,2026-07-31T00:33:11Z,2026-10-29T00:32:57Z
8779341052,usdjpy-hyp044-development-authorities-30593856027,6697326,False,2026-07-31T00:33:10Z,2026-08-30T00:33:10Z
8779339274,usdjpy-research-memory-validation-v2-30593856013-1,2646,False,2026-07-31T00:33:05Z,2026-08-30T00:33:04Z
8779243385,usdjpy-hyp044-bootstrap-inventory-30593577651-1,2368530,False,2026-07-31T00:27:35Z,2026-10-29T00:27:11Z
8779239041,usdjpy-research-memory-validation-v2-30593577669-1,2646,False,2026-07-31T00:27:20Z,2026-08-30T00:27:20Z
8779238423,usdjpy-hyp044-development-authorities-30593577601,6697326,False,2026-07-31T00:27:18Z,2026-08-30T00:27:18Z
8779232512,usdjpy-hyp044-bootstrap-inventory-30593553514-1,2368537,False,2026-07-31T00:26:57Z,2026-10-29T00:26:41Z
8779231409,usdjpy-research-memory-validation-v2-30593553522-1,2646,False,2026-07-31T00:26:53Z,2026-08-30T00:26:53Z
8779231264,usdjpy-hyp044-development-authorities-30593553494,6697326,False,2026-07-31T00:26:53Z,2026-08-30T00:26:51Z
8779221403,usdjpy-hyp044-bootstrap-inventory-30593527688-1,2368522,False,2026-07-31T00:26:20Z,2026-10-29T00:26:07Z
8779221091,usdjpy-hyp044-development-authorities-30593527654,6697326,False,2026-07-31T00:26:19Z,2026-08-30T00:26:17Z
8779220442,usdjpy-research-memory-validation-v2-30593527656-1,2646,False,2026-07-31T00:26:16Z,2026-08-30T00:26:15Z
8779213713,usdjpy-hyp044-bootstrap-inventory-30593504620-1,2368536,False,2026-07-31T00:25:52Z,2026-10-29T00:25:37Z
8779212174,usdjpy-hyp044-development-authorities-30593504622,6697326,False,2026-07-31T00:25:47Z,2026-08-30T00:25:46Z
8779211112,usdjpy-research-memory-validation-v2-30593504634-1,2646,False,2026-07-31T00:25:43Z,2026-08-30T00:25:43Z
8779204990,usdjpy-hyp044-bootstrap-inventory-30593477257-1,2368536,False,2026-07-31T00:25:22Z,2026-10-29T00:25:04Z
8779202125,usdjpy-hyp044-development-authorities-30593477293,6697326,False,2026-07-31T00:25:12Z,2026-08-30T00:25:12Z
8779201823,usdjpy-research-memory-validation-v2-30593477288-1,2646,False,2026-07-31T00:25:11Z,2026-08-30T00:25:11Z
8778627787,usdjpy-research-memory-validation-v2-30591826184-1,2646,False,2026-07-30T23:52:07Z,2026-08-29T23:52:06Z
8762855433,usdjpy-hyp044-bootstrap-inventory-30551223612-1,2366617,False,2026-07-30T14:21:02Z,2026-10-28T14:20:37Z
8762852643,usdjpy-hyp044-development-authorities-30551222936,6697326,False,2026-07-30T14:20:57Z,2026-08-29T14:20:55Z
8762845986,usdjpy-research-memory-validation-v2-30551223064-1,2646,False,2026-07-30T14:20:45Z,2026-08-29T14:20:44Z
8762720355,usdjpy-hyp044-bootstrap-inventory-30550906009-1,2366548,False,2026-07-30T14:17:00Z,2026-10-28T14:16:39Z
8762714074,usdjpy-research-memory-validation-v2-30550906006-1,2646,False,2026-07-30T14:16:48Z,2026-08-29T14:16:48Z
8762713494,usdjpy-hyp044-development-authorities-30550906021,6697326,False,2026-07-30T14:16:47Z,2026-08-29T14:16:47Z
8762705799,usdjpy-hyp044-bootstrap-inventory-30550872458-1,2366494,False,2026-07-30T14:16:33Z,2026-10-28T14:16:14Z
8762701393,usdjpy-hyp044-development-authorities-30550872221,6697326,False,2026-07-30T14:16:25Z,2026-08-29T14:16:24Z
8762699039,usdjpy-research-memory-validation-v2-30550872225-1,2646,False,2026-07-30T14:16:21Z,2026-08-29T14:16:21Z
8762624474,usdjpy-hyp044-bootstrap-inventory-30550673929-1,2366039,False,2026-07-30T14:14:06Z,2026-10-28T14:13:48Z
8762622848,usdjpy-research-memory-validation-v2-30550677881-1,2646,False,2026-07-30T14:14:03Z,2026-08-29T14:14:02Z
8762620496,usdjpy-hyp044-development-authorities-30550677782,6697326,False,2026-07-30T14:13:58Z,2026-08-29T14:13:57Z
8761094406,usdjpy-hyp044-bootstrap-inventory-30546913352-1,2363505,False,2026-07-30T13:26:40Z,2026-10-28T13:26:24Z
8761091813,usdjpy-hyp044-development-authorities-30546913461,6697326,False,2026-07-30T13:26:35Z,2026-08-29T13:26:34Z
8761090931,usdjpy-research-memory-validation-v2-30546913378-1,2646,False,2026-07-30T13:26:33Z,2026-08-29T13:26:32Z
8760955709,usdjpy-hyp044-bootstrap-inventory-30546575287-1,2363449,False,2026-07-30T13:22:11Z,2026-10-28T13:21:56Z
8760952448,usdjpy-research-memory-validation-v2-30546575146-1,2646,False,2026-07-30T13:22:05Z,2026-08-29T13:22:04Z
8760922579,usdjpy-hyp044-bootstrap-inventory-30546494226-1,2363386,False,2026-07-30T13:21:08Z,2026-10-28T13:20:51Z
8760920496,usdjpy-research-memory-validation-v2-30546498977-1,2646,False,2026-07-30T13:21:04Z,2026-08-29T13:21:03Z
8760766349,usdjpy-research-memory-validation-v2-30546125579-1,2646,False,2026-07-30T13:16:08Z,2026-08-29T13:16:07Z
8760766091,usdjpy-hyp044-bootstrap-inventory-30546130069-1,2363385,False,2026-07-30T13:16:07Z,2026-10-28T13:15:56Z
8760636233,usdjpy-hyp044-bootstrap-inventory-30545809632-1,2363338,False,2026-07-30T13:11:55Z,2026-10-28T13:11:38Z
8760634136,usdjpy-research-memory-validation-v2-30545809539-1,2646,False,2026-07-30T13:11:51Z,2026-08-29T13:11:50Z
8760616967,usdjpy-hyp044-bootstrap-inventory-30545767934-1,2363289,False,2026-07-30T13:11:18Z,2026-10-28T13:11:04Z
8760614544,usdjpy-research-memory-validation-v2-30545767990-1,2646,False,2026-07-30T13:11:13Z,2026-08-29T13:11:12Z
8760407478,usdjpy-hyp044-bootstrap-inventory-30545247057-1,2363239,False,2026-07-30T13:04:23Z,2026-10-28T13:04:03Z
8760400663,usdjpy-research-memory-validation-v2-30545246792-1,2646,False,2026-07-30T13:04:10Z,2026-08-29T13:04:09Z
8760390685,usdjpy-hyp044-bootstrap-inventory-30545214002-1,2360763,False,2026-07-30T13:03:50Z,2026-10-28T13:03:37Z
8760387102,usdjpy-research-memory-validation-v2-30545212552-1,2646,False,2026-07-30T13:03:43Z,2026-08-29T13:03:42Z
8760013159,usdjpy-research-memory-validation-v2-30544283139-1,2646,False,2026-07-30T12:51:12Z,2026-08-29T12:51:12Z
8760012798,usdjpy-hyp044-bootstrap-inventory-30544282808-1,2358904,False,2026-07-30T12:51:12Z,2026-10-28T12:50:56Z
8760004732,usdjpy-hyp044-bootstrap-inventory-30544266484-1,2358904,False,2026-07-30T12:50:55Z,2026-10-28T12:50:42Z
8760002341,usdjpy-research-memory-validation-v2-30544266420-1,2646,False,2026-07-30T12:50:50Z,2026-08-29T12:50:49Z
8759856873,usdjpy-hyp044-bootstrap-inventory-30543909498-1,2358902,False,2026-07-30T12:45:55Z,2026-10-28T12:45:41Z
8759853145,usdjpy-research-memory-validation-v2-30543909451-1,2646,False,2026-07-30T12:45:48Z,2026-08-29T12:45:47Z
8759847305,usdjpy-hyp044-bootstrap-inventory-30543875606-1,2358845,False,2026-07-30T12:45:36Z,2026-10-28T12:45:14Z
8759840756,usdjpy-research-memory-validation-v2-30543875721-1,2646,False,2026-07-30T12:45:22Z,2026-08-29T12:45:22Z
8759777058,usdjpy-hyp044-bootstrap-inventory-30543695340-1,2358853,False,2026-07-30T12:43:13Z,2026-10-28T12:42:46Z
8759770034,usdjpy-research-memory-validation-v2-30543692258-1,2646,False,2026-07-30T12:43:00Z,2026-08-29T12:42:59Z
8759500695,usdjpy-hyp044-bootstrap-inventory-30543048278-1,2358790,False,2026-07-30T12:33:53Z,2026-10-28T12:33:36Z
8759497399,usdjpy-research-memory-validation-v2-30543048287-1,2646,False,2026-07-30T12:33:46Z,2026-08-29T12:33:46Z
8759488086,usdjpy-hyp044-bootstrap-inventory-30543017776-1,2358315,False,2026-07-30T12:33:28Z,2026-10-28T12:33:11Z
8759482484,usdjpy-research-memory-validation-v2-30543017705-1,2646,False,2026-07-30T12:33:17Z,2026-08-29T12:33:17Z
8759207923,usdjpy-hyp044-bootstrap-inventory-30542308802-1,2358260,False,2026-07-30T12:23:20Z,2026-10-28T12:23:00Z
8759205020,usdjpy-research-memory-validation-v2-30542308852-1,2646,False,2026-07-30T12:23:13Z,2026-08-29T12:23:13Z
8759197429,usdjpy-hyp044-bootstrap-inventory-30542286667-1,2356519,False,2026-07-30T12:22:56Z,2026-10-28T12:22:41Z
8759194537,usdjpy-research-memory-validation-v2-30542286927-1,2646,False,2026-07-30T12:22:50Z,2026-08-29T12:22:50Z
8759174316,usdjpy-hyp044-bootstrap-inventory-30542229664-1,2354211,False,2026-07-30T12:22:07Z,2026-10-28T12:21:51Z
8759170795,usdjpy-research-memory-validation-v2-30542229604-1,2646,False,2026-07-30T12:22:00Z,2026-08-29T12:21:59Z
8758727898,usdjpy-hyp044-bootstrap-inventory-30541153931-1,2351746,False,2026-07-30T12:06:17Z,2026-10-28T12:06:00Z
8758723619,usdjpy-research-memory-validation-v2-30541154136-1,2646,False,2026-07-30T12:06:07Z,2026-08-29T12:06:06Z
8758711417,usdjpy-hyp044-bootstrap-inventory-30541110834-1,2351706,False,2026-07-30T12:05:38Z,2026-10-28T12:05:23Z
8758708568,usdjpy-research-memory-validation-v2-30541110798-1,2646,False,2026-07-30T12:05:31Z,2026-08-29T12:05:31Z
8758636148,usdjpy-hyp044-bootstrap-inventory-30540900558-1,2349856,False,2026-07-30T12:02:45Z,2026-10-28T12:02:21Z
8758628672,usdjpy-research-memory-validation-v2-30540900678-1,2646,False,2026-07-30T12:02:29Z,2026-08-29T12:02:28Z
8758596222,usdjpy-hyp044-bootstrap-inventory-30540810349-1,2349756,False,2026-07-30T12:01:18Z,2026-10-28T12:01:01Z
8758595360,usdjpy-research-memory-validation-v2-30540810341-1,2646,False,2026-07-30T12:01:16Z,2026-08-29T12:01:16Z
8758037983,usdjpy-hyp044-bootstrap-inventory-30539423113-1,2347062,False,2026-07-30T11:40:00Z,2026-10-28T11:39:45Z
8758034125,usdjpy-research-memory-validation-v2-30539423026-1,2646,False,2026-07-30T11:39:51Z,2026-08-29T11:39:51Z
8757831014,usdjpy-hyp044-bootstrap-inventory-30538906024-1,2347136,False,2026-07-30T11:32:00Z,2026-10-28T11:31:47Z
8757829127,usdjpy-research-memory-validation-v2-30538906010-1,2646,False,2026-07-30T11:31:56Z,2026-08-29T11:31:55Z
8757727391,usdjpy-hyp044-bootstrap-inventory-30538637227-1,2327642,False,2026-07-30T11:27:58Z,2026-10-28T11:27:42Z
8757724873,usdjpy-research-memory-validation-v2-30538637326-1,2646,False,2026-07-30T11:27:52Z,2026-08-29T11:27:52Z
8757499697,usdjpy-hyp044-bootstrap-inventory-30538090561-1,2327644,False,2026-07-30T11:19:29Z,2026-10-28T11:19:17Z
8757497066,usdjpy-research-memory-validation-v2-30538090514-1,2646,False,2026-07-30T11:19:23Z,2026-08-29T11:19:23Z
8757453252,usdjpy-research-memory-validation-v2-30537973436-1,2646,False,2026-07-30T11:17:38Z,2026-08-29T11:17:38Z
8757452599,usdjpy-hyp044-bootstrap-inventory-30537973409-1,93403,False,2026-07-30T11:17:37Z,2026-10-28T11:17:24Z
8753736146,usdjpy-research-memory-validation-v2-30528685045-1,2646,False,2026-07-30T08:56:56Z,2026-08-29T08:56:56Z
8753726253,usdjpy-research-memory-validation-v2-30528666738-1,2646,False,2026-07-30T08:56:34Z,2026-08-29T08:56:33Z
8752048531,usdjpy-research-memory-validation-v2-30524303631-1,2646,False,2026-07-30T07:50:41Z,2026-08-29T07:50:40Z
8752020276,usdjpy-research-memory-validation-v2-30524223548-1,2646,False,2026-07-30T07:49:31Z,2026-08-29T07:49:30Z
8750992800,usdjpy-research-memory-validation-v2-30521660823-1,2646,False,2026-07-30T07:04:24Z,2026-08-29T07:04:24Z
8750982666,usdjpy-research-memory-validation-v2-30521634196-1,2646,False,2026-07-30T07:03:59Z,2026-08-29T07:03:59Z
8749211868,usdjpy-tick-authority-month-receipt-2022_12-30513521957-1,2648,False,2026-07-30T05:31:56Z,2026-10-28T04:18:23Z
8749156620,usdjpy-tick-authority-month-receipt-2022_08-30513521957-1,2643,False,2026-07-30T05:28:51Z,2026-10-28T04:18:23Z
8749084159,usdjpy-tick-authority-month-receipt-2022_11-30513521957-1,2638,False,2026-07-30T05:24:36Z,2026-10-28T04:18:23Z
8749053740,usdjpy-tick-authority-month-receipt-2022_06-30513521957-1,2648,False,2026-07-30T05:22:46Z,2026-10-28T04:18:23Z
8749035635,usdjpy-tick-authority-month-receipt-2022_10-30513521957-1,2649,False,2026-07-30T05:21:42Z,2026-10-28T04:18:23Z
8749035601,usdjpy-tick-authority-month-receipt-2022_07-30513521957-1,2640,False,2026-07-30T05:21:41Z,2026-10-28T04:18:23Z
8748965234,usdjpy-tick-authority-month-receipt-2022_01-30513521957-1,2643,False,2026-07-30T05:17:33Z,2026-10-28T04:18:23Z
8748957806,usdjpy-tick-authority-month-receipt-2022_04-30513521957-1,2639,False,2026-07-30T05:17:08Z,2026-10-28T04:18:23Z
8748844288,usdjpy-tick-authority-month-receipt-2022_02-30513521957-1,2637,False,2026-07-30T05:10:53Z,2026-10-28T04:18:23Z
8748783143,usdjpy-tick-authority-month-receipt-2022_09-30513521957-1,2641,False,2026-07-30T05:07:34Z,2026-10-28T04:18:23Z
8748726417,usdjpy-tick-authority-month-receipt-2022_05-30513521957-1,2643,False,2026-07-30T05:04:23Z,2026-10-28T04:18:23Z
8748714026,usdjpy-tick-authority-month-receipt-2021_12-30513521957-1,2643,False,2026-07-30T05:03:41Z,2026-10-28T04:18:23Z
8748697849,usdjpy-tick-authority-month-receipt-2021_06-30513521957-1,2633,False,2026-07-30T05:02:45Z,2026-10-28T04:18:23Z
8748688975,usdjpy-tick-authority-month-receipt-2020_01-30513521957-1,2637,False,2026-07-30T05:02:17Z,2026-10-28T04:18:23Z
8748604618,usdjpy-tick-authority-month-receipt-2021_07-30513521957-1,2636,False,2026-07-30T04:57:13Z,2026-10-28T04:18:23Z
8748589287,usdjpy-tick-authority-month-receipt-2021_10-30513521957-1,2645,False,2026-07-30T04:56:14Z,2026-10-28T04:18:23Z
8748569136,usdjpy-tick-authority-month-receipt-2021_11-30513521957-1,2646,False,2026-07-30T04:54:57Z,2026-10-28T04:18:23Z
8748569020,usdjpy-tick-authority-month-receipt-2020_08-30513521957-1,2632,False,2026-07-30T04:54:57Z,2026-10-28T04:18:23Z
8748568134,usdjpy-tick-authority-month-receipt-2020_04-30513521957-1,2635,False,2026-07-30T04:54:53Z,2026-10-28T04:18:23Z
8748566162,usdjpy-tick-authority-month-receipt-2020_10-30513521957-1,2633,False,2026-07-30T04:54:46Z,2026-10-28T04:18:23Z
8748563152,usdjpy-tick-authority-month-receipt-2020_11-30513521957-1,2632,False,2026-07-30T04:54:34Z,2026-10-28T04:18:23Z
8748504274,usdjpy-tick-authority-month-receipt-2021_08-30513521957-1,2639,False,2026-07-30T04:50:51Z,2026-10-28T04:18:23Z
8748486120,usdjpy-tick-authority-month-receipt-2022_03-30513521957-1,2641,False,2026-07-30T04:49:44Z,2026-10-28T04:18:23Z
8748467481,usdjpy-tick-authority-month-receipt-2019_10-30513521957-1,2631,False,2026-07-30T04:48:32Z,2026-10-28T04:18:23Z
8748454495,usdjpy-tick-authority-month-receipt-2020_03-30513521957-1,2649,False,2026-07-30T04:47:44Z,2026-10-28T04:18:23Z
8748453990,usdjpy-tick-authority-month-receipt-2019_12-30513521957-1,2641,False,2026-07-30T04:47:42Z,2026-10-28T04:18:23Z
8748394475,usdjpy-tick-authority-month-receipt-2021_09-30513521957-1,2632,False,2026-07-30T04:44:09Z,2026-10-28T04:18:23Z
8748358631,usdjpy-tick-authority-month-receipt-2020_06-30513521957-1,2635,False,2026-07-30T04:41:57Z,2026-10-28T04:18:23Z
8748353965,usdjpy-tick-authority-month-receipt-2020_09-30513521957-1,2629,False,2026-07-30T04:41:40Z,2026-10-28T04:18:23Z
8748352055,usdjpy-tick-authority-month-receipt-2021_03-30513521957-1,2631,False,2026-07-30T04:41:33Z,2026-10-28T04:18:23Z
8748327859,usdjpy-tick-authority-month-receipt-2020_05-30513521957-1,2643,False,2026-07-30T04:40:04Z,2026-10-28T04:18:23Z
8748284457,usdjpy-tick-authority-month-receipt-2020_12-30513521957-1,2641,False,2026-07-30T04:37:19Z,2026-10-28T04:18:23Z
8748259143,usdjpy-tick-authority-month-receipt-2021_01-30513521957-1,2634,False,2026-07-30T04:35:40Z,2026-10-28T04:18:23Z
8748237568,usdjpy-tick-authority-month-receipt-2020_07-30513521957-1,2636,False,2026-07-30T04:34:21Z,2026-10-28T04:18:23Z
8748223526,usdjpy-tick-authority-month-receipt-2020_02-30513521957-1,2630,False,2026-07-30T04:33:27Z,2026-10-28T04:18:23Z
8748210890,usdjpy-tick-authority-month-receipt-2019_11-30513521957-1,2621,False,2026-07-30T04:32:39Z,2026-10-28T04:18:23Z
8748199172,usdjpy-tick-authority-month-receipt-2021_05-30513521957-1,2632,False,2026-07-30T04:31:53Z,2026-10-28T04:18:23Z
8748195037,usdjpy-tick-authority-month-receipt-2021_02-30513521957-1,2640,False,2026-07-30T04:31:38Z,2026-10-28T04:18:23Z
8748192674,usdjpy-tick-authority-month-receipt-2021_04-30513521957-1,2638,False,2026-07-30T04:31:29Z,2026-10-28T04:18:23Z
8729209479,usdjpy-research-memory-validation-v2-30465107072-1,2646,False,2026-07-29T15:17:23Z,2026-08-28T15:17:23Z
8729184070,usdjpy-research-memory-validation-v2-30465042064-1,2646,False,2026-07-29T15:16:35Z,2026-08-28T15:16:34Z
8726731308,usdjpy-hyp042-b02-recovery-v1-30458937473-1,74368,False,2026-07-29T14:03:10Z,2026-10-27T14:03:02Z
8726497710,usdjpy-hyp042-b02-recovery-v1-30458363219-1,71125,False,2026-07-29T13:56:18Z,2026-10-27T13:56:11Z
8725920379,usdjpy-hyp041-source-probe-30456921102-1,140048,False,2026-07-29T13:38:54Z,2026-08-28T13:38:53Z
8725909442,usdjpy-research-memory-validation-v2-30456925934-1,2646,False,2026-07-29T13:38:33Z,2026-08-28T13:38:32Z
8725907493,usdjpy-hyp041-source-probe-30456920029-1,140048,False,2026-07-29T13:38:29Z,2026-08-28T13:38:28Z
8725836282,usdjpy-research-memory-validation-v2-30456761358-1,2646,False,2026-07-29T13:36:18Z,2026-08-28T13:36:17Z
8725807640,usdjpy-research-memory-validation-v2-30456692035-1,2646,False,2026-07-29T13:35:24Z,2026-08-28T13:35:23Z
8725647159,usdjpy-research-memory-validation-v2-30456291786-1,2646,False,2026-07-29T13:30:17Z,2026-08-28T13:30:16Z
8725561333,usdjpy-research-memory-validation-v2-30456082677-1,2646,False,2026-07-29T13:27:32Z,2026-08-28T13:27:31Z
8725489419,usdjpy-research-memory-validation-v2-30455901804-1,2646,False,2026-07-29T13:25:14Z,2026-08-28T13:25:13Z
8725072112,usdjpy-research-memory-validation-v2-30454887788-1,2646,False,2026-07-29T13:11:44Z,2026-08-28T13:11:43Z
8725056573,usdjpy-research-memory-validation-v2-30454854419-1,2646,False,2026-07-29T13:11:13Z,2026-08-28T13:11:13Z
8722501089,usdjpy-research-memory-validation-v2-30448568426-1,2646,False,2026-07-29T11:42:15Z,2026-08-28T11:42:14Z
8722492347,usdjpy-research-memory-validation-v2-30448555503-1,2646,False,2026-07-29T11:41:55Z,2026-08-28T11:41:54Z
8722321335,usdjpy-research-memory-validation-v2-30448151726-1,2646,False,2026-07-29T11:35:31Z,2026-08-28T11:35:31Z
8722316853,usdjpy-research-memory-validation-v2-30448137852-1,2646,False,2026-07-29T11:35:22Z,2026-08-28T11:35:21Z
8718949203,usdjpy-research-memory-validation-v2-30439834565-1,2646,False,2026-07-29T09:29:31Z,2026-08-28T09:29:30Z
8718930100,usdjpy-research-memory-validation-v2-30439779791-1,2646,False,2026-07-29T09:28:48Z,2026-08-28T09:28:48Z
8718927518,hyp027-phase2-memory-validator-v2-30439779748,1258,False,2026-07-29T09:28:43Z,2026-08-28T09:28:42Z
8718856592,usdjpy-research-memory-validation-v2-30439602018-1,2646,False,2026-07-29T09:26:09Z,2026-08-28T09:26:08Z
8718829565,usdjpy-research-memory-validation-v2-30439542782-1,2646,False,2026-07-29T09:25:09Z,2026-08-28T09:25:09Z
8718829379,hyp027-phase2-memory-validator-v2-30439542686,1258,False,2026-07-29T09:25:09Z,2026-08-28T09:25:09Z
8718601637,usdjpy-research-memory-validation-v2-30438968719-1,2426,False,2026-07-29T09:16:47Z,2026-08-28T09:16:47Z
8718557158,hyp027-phase2-memory-validator-v2-30438854393,1148,False,2026-07-29T09:15:16Z,2026-08-28T09:15:16Z
8718553810,usdjpy-research-memory-validation-v2-30438854469-1,2426,False,2026-07-29T09:15:10Z,2026-08-28T09:15:10Z
8718213549,usdjpy-hyp038-delayed-continuation-research-v1-30437473624-1,7648970,False,2026-07-29T09:03:24Z,2026-10-27T08:55:27Z
8717992438,usdjpy-research-memory-validation-v2-30437473567-1,723,False,2026-07-29T08:55:38Z,2026-08-28T08:55:37Z
8717709149,usdjpy-csos-dukascopy-native-remaining-family-atlas-v1-30435884192-1,5760116,False,2026-07-29T08:44:48Z,2026-10-27T08:31:58Z
8717229659,usdjpy-csos-dukascopy-native-remaining-family-atlas-v1-30434661090-1,1632676,False,2026-07-29T08:26:13Z,2026-10-27T08:13:32Z
8716360869,usdjpy-csos-dukascopy-native-remaining-family-atlas-inventory-v1-30428550983-3,2947687,False,2026-07-29T07:51:56Z,2026-08-28T07:51:55Z
8715258337,usdjpy-csos-dukascopy-native-remaining-family-atlas-inventory-v1-30428550983-2,2947687,False,2026-07-29T07:06:03Z,2026-08-28T07:06:02Z
8715022172,usdjpy-hyp037-protocol-corrected-research-v2-30429279883-1,4644878,False,2026-07-29T06:56:35Z,2026-10-27T06:46:35Z
8714895903,usdjpy-hyp037-protocol-corrected-research-v2-30429090071-1,4644880,False,2026-07-29T06:51:00Z,2026-10-27T06:43:12Z
8714867007,usdjpy-research-memory-validation-v2-30429438778-1,2426,False,2026-07-29T06:49:41Z,2026-08-28T06:49:41Z
8714806403,hyp027-phase2-memory-validator-v2-30429279906,1148,False,2026-07-29T06:46:44Z,2026-08-28T06:46:43Z
8714806207,usdjpy-research-memory-validation-v2-30429279912-1,2426,False,2026-07-29T06:46:44Z,2026-08-28T06:46:43Z
8714797853,usdjpy-research-memory-validation-v2-30429258453-1,562,False,2026-07-29T06:46:20Z,2026-08-28T06:46:19Z
8714766731,usdjpy-research-memory-validation-v2-30429170059-1,600,False,2026-07-29T06:44:46Z,2026-08-28T06:44:46Z
8714762591,usdjpy-hyp037-protocol-corrected-research-v2-30428806692-1,4644872,False,2026-07-29T06:44:34Z,2026-10-27T06:38:04Z
8714738494,usdjpy-research-memory-validation-v2-30429090307-1,701,False,2026-07-29T06:43:22Z,2026-08-28T06:43:21Z
8714723532,usdjpy-research-memory-validation-v2-30429044083-1,701,False,2026-07-29T06:42:37Z,2026-08-28T06:42:37Z
8714716004,usdjpy-research-memory-validation-v2-30429025323-1,613,False,2026-07-29T06:42:13Z,2026-08-28T06:42:12Z
8714698004,usdjpy-research-memory-validation-v2-30428970345-1,2424,False,2026-07-29T06:41:17Z,2026-08-28T06:41:16Z
8714687713,usdjpy-research-memory-validation-v2-30428947452-1,2424,False,2026-07-29T06:40:45Z,2026-08-28T06:40:45Z
8714671769,usdjpy-csos-dukascopy-native-remaining-family-atlas-inventory-v1-30428550983-1,2947687,False,2026-07-29T06:39:56Z,2026-08-28T06:39:56Z
8714644800,usdjpy-csos-dukascopy-native-remaining-family-atlas-inventory-v1-30428345464-1,2947687,False,2026-07-29T06:38:33Z,2026-08-28T06:38:32Z
8714641419,usdjpy-csos-dukascopy-native-remaining-family-atlas-inventory-v1-30428461538-1,2947687,False,2026-07-29T06:38:23Z,2026-08-28T06:38:21Z
8714601229,usdjpy-hyp037-protocol-corrected-research-v2-30428356407-1,4644878,False,2026-07-29T06:36:21Z,2026-10-27T06:30:01Z
8714539738,usdjpy-csos-dukascopy-native-remaining-family-atlas-inventory-v1-30428144655-1,2947687,False,2026-07-29T06:33:16Z,2026-08-28T06:33:16Z
8714491990,usdjpy-csos-dukascopy-native-remaining-family-atlas-inventory-v1-30428027347-1,2935860,False,2026-07-29T06:30:58Z,2026-08-28T06:30:58Z
8714458787,usdjpy-csos-dukascopy-native-remaining-family-atlas-inventory-v1-30427932050-1,2935520,False,2026-07-29T06:29:18Z,2026-08-28T06:29:18Z
8714384419,usdjpy-csos-dukascopy-native-remaining-family-atlas-inventory-v1-30427743023-1,2935520,False,2026-07-29T06:25:31Z,2026-08-28T06:25:31Z
8714227806,usdjpy-csos-dukascopy-native-remaining-family-atlas-inventory-v1-30427340733-1,2935520,False,2026-07-29T06:17:39Z,2026-08-28T06:17:38Z
8714131602,usdjpy-csos-dukascopy-native-remaining-family-atlas-inventory-v1-30427097072-1,2935520,False,2026-07-29T06:12:55Z,2026-08-28T06:12:55Z
8713332494,usdjpy-research-memory-validation-v2-30425205898-1,2424,False,2026-07-29T05:29:19Z,2026-08-28T05:29:18Z
8713317723,usdjpy-hyp037-source-authority-preflight-30424807903-1,1038213,False,2026-07-29T05:28:28Z,2026-10-27T05:20:55Z
8713292855,usdjpy-hyp037-source-authority-preflight-30424772765-1,1038213,False,2026-07-29T05:27:03Z,2026-10-27T05:20:12Z
8713266121,usdjpy-hyp037-source-authority-preflight-30424723717-1,1038213,False,2026-07-29T05:25:33Z,2026-10-27T05:19:10Z
8713242067,usdjpy-hyp037-source-authority-preflight-30424645978-1,1038213,False,2026-07-29T05:24:10Z,2026-10-27T05:17:32Z
8713233995,usdjpy-hyp037-source-authority-preflight-30424667893-1,1038213,False,2026-07-29T05:23:42Z,2026-10-27T05:18:01Z
8713220064,usdjpy-hyp037-source-authority-preflight-30424525937-1,1038213,False,2026-07-29T05:22:56Z,2026-10-27T05:15:01Z
8713213603,usdjpy-hyp037-source-authority-preflight-30424550224-1,1038213,False,2026-07-29T05:22:33Z,2026-10-27T05:15:29Z
8713188763,hyp027-phase2-memory-validator-v2-30424807893,1147,False,2026-07-29T05:21:10Z,2026-08-28T05:21:09Z
8713188174,usdjpy-research-memory-validation-v2-30424807899-1,2424,False,2026-07-29T05:21:08Z,2026-08-28T05:21:08Z
8713183089,usdjpy-hyp037-source-authority-preflight-30424497677-1,1038213,False,2026-07-29T05:20:52Z,2026-10-27T05:14:25Z
8713175413,usdjpy-research-memory-validation-v2-30424772799-1,2424,False,2026-07-29T05:20:26Z,2026-08-28T05:20:26Z
8713173636,hyp027-phase2-memory-validator-v2-30424772802,1147,False,2026-07-29T05:20:20Z,2026-08-28T05:20:19Z
8713158551,usdjpy-hyp037-source-authority-preflight-30424432628-1,1038213,False,2026-07-29T05:19:28Z,2026-10-27T05:12:59Z
8713155217,usdjpy-research-memory-validation-v2-30424723719-1,615,False,2026-07-29T05:19:17Z,2026-08-28T05:19:16Z
8713135130,usdjpy-research-memory-validation-v2-30424667884-1,615,False,2026-07-29T05:18:09Z,2026-08-28T05:18:08Z
8713129275,usdjpy-hyp037-source-authority-preflight-30424347135-1,1038213,False,2026-07-29T05:17:49Z,2026-10-27T05:11:14Z
8713128631,usdjpy-research-memory-validation-v2-30424645959-1,615,False,2026-07-29T05:17:47Z,2026-08-28T05:17:46Z
8713121122,usdjpy-hyp037-source-authority-preflight-30424227037-1,1038213,False,2026-07-29T05:17:22Z,2026-10-27T05:08:49Z
8713120247,usdjpy-hyp037-source-authority-preflight-30424320709-1,1038213,False,2026-07-29T05:17:19Z,2026-10-27T05:10:42Z
8713099793,usdjpy-hyp037-source-authority-preflight-30424245246-1,1038213,False,2026-07-29T05:16:10Z,2026-10-27T05:09:12Z
8713097847,usdjpy-hyp037-source-authority-preflight-30424263794-1,1038213,False,2026-07-29T05:16:03Z,2026-10-27T05:09:34Z
8713089939,usdjpy-research-memory-validation-v2-30424550147-1,615,False,2026-07-29T05:15:37Z,2026-08-28T05:15:36Z
8713082449,usdjpy-research-memory-validation-v2-30424525991-1,636,False,2026-07-29T05:15:11Z,2026-08-28T05:15:10Z
8713081189,usdjpy-hyp037-source-authority-preflight-30424211674-1,1038213,False,2026-07-29T05:15:07Z,2026-10-27T05:08:29Z
8713080517,usdjpy-hyp037-source-authority-preflight-30424188756-1,1038213,False,2026-07-29T05:15:04Z,2026-10-27T05:08:04Z
8713076507,usdjpy-hyp037-source-authority-preflight-30424177639-1,1038213,False,2026-07-29T05:14:49Z,2026-10-27T05:07:51Z
8713075215,usdjpy-hyp037-source-authority-preflight-30424200856-1,1038213,False,2026-07-29T05:14:45Z,2026-10-27T05:08:17Z
8713071484,usdjpy-research-memory-validation-v2-30424497862-1,636,False,2026-07-29T05:14:31Z,2026-08-28T05:14:31Z
8713053514,usdjpy-hyp037-source-authority-preflight-30424138170-1,1038213,False,2026-07-29T05:13:29Z,2026-10-27T05:07:02Z
8713047661,usdjpy-research-memory-validation-v2-30424432633-1,2442,False,2026-07-29T05:13:08Z,2026-08-28T05:13:07Z
8713015915,usdjpy-research-memory-validation-v2-30424347128-1,2442,False,2026-07-29T05:11:21Z,2026-08-28T05:11:21Z
8713005385,usdjpy-research-memory-validation-v2-30424320712-1,2442,False,2026-07-29T05:10:50Z,2026-08-28T05:10:49Z
8712984623,usdjpy-research-memory-validation-v2-30424263933-1,2442,False,2026-07-29T05:09:41Z,2026-08-28T05:09:40Z
8712979718,usdjpy-research-memory-validation-v2-30424245253-1,2442,False,2026-07-29T05:09:24Z,2026-08-28T05:09:24Z
8712825068,usdjpy-hyp037-source-authority-preflight-30423475688-1,1038213,False,2026-07-29T05:00:04Z,2026-10-27T04:53:07Z
8710354665,usdjpy-hyp036-dukas-native-development-v1-30415814221-1,711478,False,2026-07-29T02:20:27Z,2026-10-27T02:03:51Z
8710244545,usdjpy-hyp036-dukas-native-development-v1-30415644561-1,711477,False,2026-07-29T02:12:53Z,2026-10-27T02:00:21Z
8710230693,usdjpy-hyp036-dukas-native-development-v1-30415694258-1,711479,False,2026-07-29T02:11:59Z,2026-10-27T02:01:19Z
8710227700,usdjpy-hyp036-dukas-native-development-v1-30415546703-1,711481,False,2026-07-29T02:11:48Z,2026-10-27T01:58:12Z
8710189783,usdjpy-hyp036-dukas-native-development-v1-30415445817-1,711476,False,2026-07-29T02:09:19Z,2026-10-27T01:55:52Z
8710189702,usdjpy-hyp036-dukas-native-development-v1-30415487588-1,711476,False,2026-07-29T02:09:18Z,2026-10-27T01:56:50Z
8710181089,usdjpy-hyp036-dukas-native-development-v1-30415468031-1,711477,False,2026-07-29T02:08:46Z,2026-10-27T01:56:23Z
8710173460,usdjpy-hyp036-dukas-native-development-v1-30415522192-1,711476,False,2026-07-29T02:08:16Z,2026-10-27T01:57:38Z
8710172080,usdjpy-hyp036-dukas-native-development-v1-30415433743-1,711478,False,2026-07-29T02:08:11Z,2026-10-27T01:55:35Z
8710166946,usdjpy-hyp036-dukas-native-development-v1-30415422649-1,711483,False,2026-07-29T02:07:52Z,2026-10-27T01:55:20Z
8710138471,usdjpy-research-memory-validation-v2-30415909956-1,2442,False,2026-07-29T02:06:03Z,2026-08-28T02:06:03Z
8710105919,usdjpy-research-memory-validation-v2-30415814229-1,2442,False,2026-07-29T02:04:00Z,2026-08-28T02:03:59Z
8710105459,hyp027-phase2-memory-validator-v2-30415814253,1156,False,2026-07-29T02:03:58Z,2026-08-28T02:03:58Z
8710076309,hyp027-phase2-memory-validator-v2-30415694239,1156,False,2026-07-29T02:02:07Z,2026-08-28T02:02:07Z
8710065681,usdjpy-research-memory-validation-v2-30415694240-1,2442,False,2026-07-29T02:01:28Z,2026-08-28T02:01:27Z
8710050962,usdjpy-research-memory-validation-v2-30415644594-1,652,False,2026-07-29T02:00:34Z,2026-08-28T02:00:34Z
8710017817,usdjpy-research-memory-validation-v2-30415546700-1,2422,False,2026-07-29T01:58:25Z,2026-08-28T01:58:24Z
8710007171,usdjpy-research-memory-validation-v2-30415522158-1,2422,False,2026-07-29T01:57:45Z,2026-08-28T01:57:44Z
8709903106,usdjpy-hyp036-dukas-native-development-v1-30414664817-1,711480,False,2026-07-29T01:51:18Z,2026-10-27T01:38:55Z
8708979504,usdjpy-hyp035-pullback-continuation-development-v1-30412379878-1,251858,False,2026-07-29T00:57:06Z,2026-10-27T00:51:30Z
8708900311,usdjpy-hyp035-pullback-continuation-development-v1-30412093964-1,251854,False,2026-07-29T00:52:38Z,2026-10-27T00:45:37Z
8708881921,usdjpy-research-memory-validation-v2-30412379833-1,2422,False,2026-07-29T00:51:38Z,2026-08-28T00:51:37Z
8708878728,usdjpy-hyp035-pullback-continuation-development-v1-30412025234-1,251856,False,2026-07-29T00:51:27Z,2026-10-27T00:44:14Z
8708858765,usdjpy-hyp035-pullback-continuation-development-v1-30411973747-1,251857,False,2026-07-29T00:50:22Z,2026-10-27T00:43:12Z
8708857015,usdjpy-hyp035-pullback-continuation-development-v1-30412045530-1,251858,False,2026-07-29T00:50:16Z,2026-10-27T00:44:40Z
8708854408,usdjpy-hyp035-pullback-continuation-development-v1-30411990643-1,251846,False,2026-07-29T00:50:08Z,2026-10-27T00:43:32Z
8708841435,usdjpy-hyp035-pullback-continuation-development-v1-30411965073-1,251854,False,2026-07-29T00:49:25Z,2026-10-27T00:43:01Z
8708820782,usdjpy-hyp035-pullback-continuation-development-v1-30411900861-1,251855,False,2026-07-29T00:48:23Z,2026-10-27T00:41:46Z
8708819618,usdjpy-hyp035-pullback-continuation-development-v1-30411950019-1,251859,False,2026-07-29T00:48:19Z,2026-10-27T00:42:43Z
8708773776,usdjpy-research-memory-validation-v2-30412094002-1,2422,False,2026-07-29T00:45:46Z,2026-08-28T00:45:45Z
8708773714,hyp027-phase2-memory-validator-v2-30412093921,1146,False,2026-07-29T00:45:45Z,2026-08-28T00:45:45Z
8708756738,usdjpy-research-memory-validation-v2-30412045628-1,2354,False,2026-07-29T00:44:48Z,2026-08-28T00:44:48Z
8708750044,usdjpy-research-memory-validation-v2-30412025255-1,2354,False,2026-07-29T00:44:27Z,2026-08-28T00:44:26Z
8708610330,usdjpy-hyp035-pullback-continuation-development-v1-30411335631-1,251852,False,2026-07-29T00:36:59Z,2026-10-27T00:30:12Z
8708580285,usdjpy-hyp035-pullback-continuation-development-v1-30411272603-1,243169,False,2026-07-29T00:35:22Z,2026-10-27T00:28:57Z
8708407903,usdjpy-hyp035-pullback-continuation-development-v1-30410791525-1,243167,False,2026-07-29T00:26:19Z,2026-10-27T00:19:18Z
8708229526,usdjpy-hyp035-pullback-continuation-development-v1-30410303946-1,102939,False,2026-07-29T00:16:35Z,2026-10-27T00:09:55Z
8708051052,usdjpy-hyp035-pullback-continuation-development-v1-30410109369-1,6223,False,2026-07-29T00:06:44Z,2026-10-27T00:06:17Z
8707097283,usdjpy-research-memory-validation-v2-30407491734-1,2354,False,2026-07-28T23:17:19Z,2026-08-27T23:17:18Z
8707096194,usdjpy-hyp034-development-v1-r1-30407491738-1,6193965,False,2026-07-28T23:17:16Z,2026-10-26T23:17:11Z
8707078774,hyp027-phase2-memory-validator-v2-30407437772,1112,False,2026-07-28T23:16:25Z,2026-08-27T23:16:25Z
8707077422,usdjpy-research-memory-validation-v2-30407437840-1,2354,False,2026-07-28T23:16:21Z,2026-08-27T23:16:20Z
8707076476,usdjpy-hyp034-development-v1-r1-30407437776-1,6193965,False,2026-07-28T23:16:18Z,2026-10-26T23:16:12Z
8707018204,usdjpy-research-memory-validation-v2-30407165877-1,562,False,2026-07-28T23:13:15Z,2026-08-27T23:13:15Z
8707017832,usdjpy-research-memory-validation-v2-30407197193-1,2354,False,2026-07-28T23:13:14Z,2026-08-27T23:13:13Z
8707017451,usdjpy-research-memory-validation-v2-30407263589-1,2354,False,2026-07-28T23:13:13Z,2026-08-27T23:13:12Z
8707017288,usdjpy-hyp034-development-v1-r1-30407263585-1,6193965,False,2026-07-28T23:13:13Z,2026-10-26T23:13:02Z
8707017032,usdjpy-hyp034-development-v1-r1-30407223621-1,6193964,False,2026-07-28T23:13:12Z,2026-10-26T23:12:16Z
8707016790,usdjpy-hyp034-development-v1-r1-30407197257-1,6193964,False,2026-07-28T23:13:11Z,2026-10-26T23:11:46Z
8707016248,usdjpy-research-memory-validation-v2-30407223576-1,2354,False,2026-07-28T23:13:09Z,2026-08-27T23:13:09Z
8707016191,usdjpy-hyp034-development-v1-r1-30407165861-1,6193963,False,2026-07-28T23:13:09Z,2026-10-26T23:11:10Z
8706964557,usdjpy-hyp034-development-v1-r1-30407108383-1,6193965,False,2026-07-28T23:10:20Z,2026-10-26T23:10:09Z
8706963514,usdjpy-research-memory-validation-v2-30407108411-1,709,False,2026-07-28T23:10:17Z,2026-08-27T23:10:16Z
8706918049,usdjpy-research-memory-validation-v2-30406989049-1,616,False,2026-07-28T23:08:02Z,2026-08-27T23:08:02Z
8706917189,usdjpy-hyp034-development-v1-r1-30406989120-1,6193964,False,2026-07-28T23:08:00Z,2026-10-26T23:07:54Z
8706853591,usdjpy-hyp034-unfiltered-diagnostics-v1-30406321249-1,15935,False,2026-07-28T23:04:57Z,2026-10-26T22:55:57Z
8706812179,usdjpy-hyp034-unfiltered-diagnostics-v1-30406300392-1,15935,False,2026-07-28T23:03:00Z,2026-10-26T22:55:35Z
8706790146,usdjpy-hyp034-unfiltered-diagnostics-v1-30406275322-1,15935,False,2026-07-28T23:01:58Z,2026-10-26T22:55:09Z
8706780153,usdjpy-hyp034-unfiltered-diagnostics-v1-30406256611-1,15935,False,2026-07-28T23:01:31Z,2026-10-26T22:54:49Z
8706775965,usdjpy-hyp034-unfiltered-diagnostics-v1-30406242010-1,15935,False,2026-07-28T23:01:19Z,2026-10-26T22:54:33Z
8706767809,usdjpy-hyp034-unfiltered-diagnostics-v1-30406221347-1,15935,False,2026-07-28T23:00:57Z,2026-10-26T22:54:12Z
8706766330,usdjpy-hyp034-unfiltered-diagnostics-v1-30406187292-1,15935,False,2026-07-28T23:00:53Z,2026-10-26T22:53:36Z
8706730430,usdjpy-hyp034-unfiltered-diagnostics-v1-30406113451-1,15935,False,2026-07-28T22:59:06Z,2026-10-26T22:52:22Z
8706715608,usdjpy-hyp034-unfiltered-diagnostics-v1-30406067163-1,15935,False,2026-07-28T22:58:23Z,2026-10-26T22:51:35Z
8706711655,usdjpy-hyp034-unfiltered-diagnostics-v1-30406028954-1,15935,False,2026-07-28T22:58:12Z,2026-10-26T22:50:56Z
8706701680,usdjpy-hyp034-unfiltered-diagnostics-v1-30405915239-1,15935,False,2026-07-28T22:57:44Z,2026-10-26T22:49:00Z
8706689367,usdjpy-hyp034-unfiltered-diagnostics-v1-30405998697-1,15935,False,2026-07-28T22:57:10Z,2026-10-26T22:50:25Z
8706669270,usdjpy-hyp034-source-probe-30406321273-1,37063,False,2026-07-28T22:56:15Z,2026-08-27T22:56:14Z
8706668183,usdjpy-research-memory-validation-v2-30406321291-1,750,False,2026-07-28T22:56:12Z,2026-08-27T22:56:11Z
8706665119,usdjpy-hyp034-development-v1-r1-30406321284-1,6193965,False,2026-07-28T22:56:04Z,2026-10-26T22:55:57Z
8706664595,usdjpy-hyp034-baseline-diagnostic-30406321270-1,16614,False,2026-07-28T22:56:02Z,2026-08-27T22:56:02Z
8706662466,usdjpy-hyp034-source-probe-30406300382-1,37064,False,2026-07-28T22:55:57Z,2026-08-27T22:55:56Z
8706659813,usdjpy-research-memory-validation-v2-30406300386-1,750,False,2026-07-28T22:55:50Z,2026-08-27T22:55:49Z
8706657799,usdjpy-hyp034-development-v1-r1-30406300397-1,6193964,False,2026-07-28T22:55:44Z,2026-10-26T22:55:35Z
8706656645,usdjpy-hyp034-baseline-diagnostic-30406300411-1,16614,False,2026-07-28T22:55:41Z,2026-08-27T22:55:40Z
8706650378,usdjpy-hyp034-source-probe-30406275279-1,37063,False,2026-07-28T22:55:23Z,2026-08-27T22:55:23Z
8706648938,usdjpy-research-memory-validation-v2-30406275574-1,750,False,2026-07-28T22:55:19Z,2026-08-27T22:55:18Z
8706647252,usdjpy-hyp034-baseline-diagnostic-30406275381-1,16614,False,2026-07-28T22:55:14Z,2026-08-27T22:55:14Z
8706647184,usdjpy-hyp034-development-v1-r1-30406275236-1,6193966,False,2026-07-28T22:55:14Z,2026-10-26T22:55:09Z
8706643254,usdjpy-hyp034-source-probe-30406256716-1,37059,False,2026-07-28T22:55:03Z,2026-08-27T22:55:02Z
8706642884,usdjpy-research-memory-validation-v2-30406256669-1,750,False,2026-07-28T22:55:02Z,2026-08-27T22:55:01Z
8706641471,usdjpy-hyp034-development-v1-r1-30406256692-1,6193966,False,2026-07-28T22:54:58Z,2026-10-26T22:54:49Z
8706641186,usdjpy-hyp034-baseline-diagnostic-30406256678-1,16614,False,2026-07-28T22:54:57Z,2026-08-27T22:54:56Z
8706640589,usdjpy-hyp034-source-probe-30406242160-1,37066,False,2026-07-28T22:54:55Z,2026-08-27T22:54:54Z
8706637754,usdjpy-hyp034-development-v1-r1-30406242209-1,6193966,False,2026-07-28T22:54:47Z,2026-10-26T22:54:34Z
8706637685,usdjpy-research-memory-validation-v2-30406242206-1,750,False,2026-07-28T22:54:47Z,2026-08-27T22:54:46Z
8706637325,usdjpy-hyp034-baseline-diagnostic-30406241971-1,16614,False,2026-07-28T22:54:46Z,2026-08-27T22:54:45Z
8706631425,usdjpy-hyp034-source-probe-30406221426-1,37063,False,2026-07-28T22:54:29Z,2026-08-27T22:54:29Z
8706629011,usdjpy-hyp034-development-v1-r1-30406221375-1,6193966,False,2026-07-28T22:54:22Z,2026-10-26T22:54:12Z
8706628863,usdjpy-research-memory-validation-v2-30406221425-1,750,False,2026-07-28T22:54:22Z,2026-08-27T22:54:22Z
8706627928,usdjpy-hyp034-baseline-diagnostic-30406221436-1,16614,False,2026-07-28T22:54:19Z,2026-08-27T22:54:19Z
8706617218,usdjpy-hyp034-source-probe-30406187299-1,37063,False,2026-07-28T22:53:50Z,2026-08-27T22:53:50Z
8706614865,usdjpy-research-memory-validation-v2-30406187303-1,750,False,2026-07-28T22:53:43Z,2026-08-27T22:53:43Z
8706614004,usdjpy-hyp034-development-v1-r1-30406187298-1,6193964,False,2026-07-28T22:53:41Z,2026-10-26T22:53:36Z
8706613919,usdjpy-hyp034-baseline-diagnostic-30406187300-1,16614,False,2026-07-28T22:53:41Z,2026-08-27T22:53:41Z
8706591929,usdjpy-hyp034-source-probe-30406113591-1,37061,False,2026-07-28T22:52:40Z,2026-08-27T22:52:39Z
8706589713,usdjpy-hyp034-development-v1-r1-30406113468-1,6193965,False,2026-07-28T22:52:34Z,2026-10-26T22:52:22Z
8706588678,usdjpy-research-memory-validation-v2-30406113428-1,750,False,2026-07-28T22:52:31Z,2026-08-27T22:52:30Z
8706588154,usdjpy-hyp034-baseline-diagnostic-30406113478-1,16614,False,2026-07-28T22:52:30Z,2026-08-27T22:52:29Z
8706573239,usdjpy-hyp034-source-probe-30406067141-1,37062,False,2026-07-28T22:51:50Z,2026-08-27T22:51:49Z
8706571393,usdjpy-research-memory-validation-v2-30406067157-1,750,False,2026-07-28T22:51:45Z,2026-08-27T22:51:44Z
8706571148,usdjpy-hyp034-development-v1-r1-30406067169-1,6193966,False,2026-07-28T22:51:44Z,2026-10-26T22:51:35Z
8706569639,usdjpy-hyp034-baseline-diagnostic-30406067145-1,16614,False,2026-07-28T22:51:40Z,2026-08-27T22:51:39Z
8706557250,usdjpy-hyp034-development-v1-r1-30406028996-1,6193965,False,2026-07-28T22:51:08Z,2026-10-26T22:50:57Z
8706556844,usdjpy-research-memory-validation-v2-30406028926-1,750,False,2026-07-28T22:51:07Z,2026-08-27T22:51:06Z
8706556509,usdjpy-hyp034-source-probe-30406028947-1,37064,False,2026-07-28T22:51:06Z,2026-08-27T22:51:06Z
8706555480,usdjpy-hyp034-baseline-diagnostic-30406029058-1,16614,False,2026-07-28T22:51:03Z,2026-08-27T22:51:03Z
8706546227,usdjpy-hyp034-source-probe-30405998679-1,37061,False,2026-07-28T22:50:38Z,2026-08-27T22:50:37Z
8706543709,usdjpy-research-memory-validation-v2-30405998701-1,750,False,2026-07-28T22:50:31Z,2026-08-27T22:50:31Z
8706543524,usdjpy-hyp034-baseline-diagnostic-30405998642-1,16614,False,2026-07-28T22:50:30Z,2026-08-27T22:50:30Z
8706515076,usdjpy-hyp034-source-probe-30405915244-1,37063,False,2026-07-28T22:49:12Z,2026-08-27T22:49:11Z
8706513252,usdjpy-hyp034-baseline-diagnostic-30405915252-1,16614,False,2026-07-28T22:49:07Z,2026-08-27T22:49:07Z
8706513040,usdjpy-research-memory-validation-v2-30405915255-1,750,False,2026-07-28T22:49:06Z,2026-08-27T22:49:06Z
8706145656,usdjpy-research-memory-validation-v2-30404915580-1,615,False,2026-07-28T22:32:39Z,2026-08-27T22:32:38Z
8706113143,usdjpy-hyp033-binding-development-v2-30404705629-1,156,False,2026-07-28T22:31:18Z,2026-10-26T22:29:08Z
8706111753,usdjpy-research-memory-validation-v2-30404827654-1,615,False,2026-07-28T22:31:15Z,2026-08-27T22:31:14Z
8706070311,fx2-research-infra-30404705629,2425,False,2026-07-28T22:29:28Z,2026-10-26T22:29:08Z
8706069672,usdjpy-hyp033-development-v1-30404705319-1,57752,False,2026-07-28T22:29:27Z,2026-10-26T22:29:08Z
8706066431,usdjpy-hyp033-technical-diagnostic-30404705146,441,False,2026-07-28T22:29:18Z,2026-08-27T22:29:18Z
8706066127,fx2-research-infra-30404705319,2427,False,2026-07-28T22:29:18Z,2026-10-26T22:29:08Z
8706051984,usdjpy-hyp033-development-v1-30404650759-1,57754,False,2026-07-28T22:28:40Z,2026-10-26T22:28:13Z
8706051112,fx2-research-infra-30404650956,2427,False,2026-07-28T22:28:38Z,2026-10-26T22:28:13Z
8706046743,usdjpy-hyp033-binding-development-v2-30404545480-1,156,False,2026-07-28T22:28:27Z,2026-10-26T22:26:25Z
8706045340,fx2-research-infra-30404650759,2427,False,2026-07-28T22:28:23Z,2026-10-26T22:28:13Z
8706044655,usdjpy-hyp033-technical-diagnostic-30404651094,442,False,2026-07-28T22:28:22Z,2026-08-27T22:28:21Z
8706007281,usdjpy-hyp033-development-v1-30404545527-1,57746,False,2026-07-28T22:26:51Z,2026-10-26T22:26:25Z
8706004151,usdjpy-hyp033-technical-diagnostic-30404545211,442,False,2026-07-28T22:26:44Z,2026-08-27T22:26:43Z
8706000577,fx2-research-infra-30404545527,2428,False,2026-07-28T22:26:35Z,2026-10-26T22:26:25Z
8705999959,fx2-research-infra-30404545480,2426,False,2026-07-28T22:26:33Z,2026-10-26T22:26:25Z
8696033477,usdjpy-hyp034-development-v1-30377682262-1,6173125,False,2026-07-28T16:32:28Z,2026-10-26T16:19:20Z
8695962665,usdjpy-hyp034-development-v1-30377505904-1,6173124,False,2026-07-28T16:30:15Z,2026-10-26T16:17:06Z
8695931164,usdjpy-hyp034-development-v1-30377429189-1,6173122,False,2026-07-28T16:29:15Z,2026-10-26T16:16:07Z
8695928166,usdjpy-hyp034-development-v1-30377283071-1,6173123,False,2026-07-28T16:29:09Z,2026-10-26T16:14:21Z
8695883782,usdjpy-hyp034-development-v1-30377315222-1,6173125,False,2026-07-28T16:27:44Z,2026-10-26T16:14:44Z
8695839398,usdjpy-hyp034-unfiltered-diagnostics-v1-30377682399-1,15935,False,2026-07-28T16:26:19Z,2026-10-26T16:19:20Z
8695632053,usdjpy-hyp034-source-probe-30377682238-1,37063,False,2026-07-28T16:19:44Z,2026-08-27T16:19:43Z
8695627503,usdjpy-research-memory-validation-v2-30377682733-1,2190,False,2026-07-28T16:19:35Z,2026-08-27T16:19:35Z
8695625745,usdjpy-hyp034-baseline-diagnostic-30377682588-1,16614,False,2026-07-28T16:19:32Z,2026-08-27T16:19:32Z
8695623544,usdjpy-hyp033-binding-development-v2-30376946984-1,2595550,False,2026-07-28T16:19:28Z,2026-10-26T16:10:09Z
8695566310,usdjpy-hyp034-unfiltered-diagnostics-v1-30377506158-1,15482,False,2026-07-28T16:17:43Z,2026-10-26T16:17:06Z
8695553861,usdjpy-hyp034-baseline-diagnostic-30377506049-1,16614,False,2026-07-28T16:17:20Z,2026-08-27T16:17:19Z
8695553514,usdjpy-research-memory-validation-v2-30377505969-1,2190,False,2026-07-28T16:17:20Z,2026-08-27T16:17:19Z
8695552737,usdjpy-hyp034-source-probe-30377506179-1,37063,False,2026-07-28T16:17:18Z,2026-08-27T16:17:17Z
8695523392,usdjpy-research-memory-validation-v2-30377429200-1,2190,False,2026-07-28T16:16:23Z,2026-08-27T16:16:22Z
8695522142,usdjpy-hyp034-source-probe-30377429171-1,37057,False,2026-07-28T16:16:20Z,2026-08-27T16:16:19Z
8695518351,usdjpy-hyp034-baseline-diagnostic-30377429165-1,16614,False,2026-07-28T16:16:13Z,2026-08-27T16:16:13Z
8695482424,usdjpy-hyp034-source-probe-30377315561-1,37064,False,2026-07-28T16:15:06Z,2026-08-27T16:15:06Z
8695475405,usdjpy-research-memory-validation-v2-30377315637-1,2190,False,2026-07-28T16:14:53Z,2026-08-27T16:14:52Z
8695473590,usdjpy-hyp034-baseline-diagnostic-30377315326-1,16614,False,2026-07-28T16:14:50Z,2026-08-27T16:14:50Z
8695466092,usdjpy-research-memory-validation-v2-30377282841-1,2190,False,2026-07-28T16:14:36Z,2026-08-27T16:14:35Z
8695464933,usdjpy-hyp034-source-probe-30377282846-1,37066,False,2026-07-28T16:14:34Z,2026-08-27T16:14:33Z
8695461185,usdjpy-hyp034-baseline-diagnostic-30377282876-1,16614,False,2026-07-28T16:14:27Z,2026-08-27T16:14:26Z
8695335596,usdjpy-hyp033-development-v1-30376947140-1,57753,False,2026-07-28T16:10:36Z,2026-10-26T16:10:09Z
8695325957,fx2-research-infra-30376946984,2428,False,2026-07-28T16:10:18Z,2026-10-26T16:10:09Z
8695325293,usdjpy-hyp033-technical-diagnostic-30376946435,441,False,2026-07-28T16:10:17Z,2026-08-27T16:10:16Z
8695324927,fx2-research-infra-30376947140,2424,False,2026-07-28T16:10:16Z,2026-10-26T16:10:09Z
8695321156,usdjpy-hyp034-development-v1-30375885665-1,3147362,False,2026-07-28T16:10:09Z,2026-10-26T15:57:10Z
8695153813,usdjpy-hyp033-binding-development-v2-30375772490-1,2595542,False,2026-07-28T16:05:05Z,2026-10-26T15:55:46Z
8694938078,usdjpy-hyp033-development-v1-30375772720-1,57756,False,2026-07-28T15:58:42Z,2026-10-26T15:55:46Z
8694931317,fx2-research-infra-30375772720,2429,False,2026-07-28T15:58:30Z,2026-10-26T15:55:46Z
8694924992,usdjpy-hyp033-development-v1-30375375074-1,58277,False,2026-07-28T15:58:19Z,2026-10-26T15:50:58Z
8694895042,usdjpy-hyp034-source-probe-30375885463-1,37065,False,2026-07-28T15:57:25Z,2026-08-27T15:57:25Z
8694890324,usdjpy-research-memory-validation-v2-30375885636-1,2190,False,2026-07-28T15:57:16Z,2026-08-27T15:57:16Z
8694890248,usdjpy-hyp034-baseline-diagnostic-30375885474-1,16614,False,2026-07-28T15:57:16Z,2026-08-27T15:57:16Z
8694854989,usdjpy-hyp033-technical-diagnostic-30375771391,443,False,2026-07-28T15:56:13Z,2026-08-27T15:56:12Z
8694854258,usdjpy-hyp034-development-v1-30375753858-1,10883,False,2026-07-28T15:56:11Z,2026-10-26T15:55:32Z
8694848018,usdjpy-hyp033-technical-diagnostic-30375460368,563,False,2026-07-28T15:56:00Z,2026-08-27T15:55:59Z
8694847893,fx2-research-infra-30375772490,2431,False,2026-07-28T15:56:00Z,2026-10-26T15:55:46Z
8694838480,usdjpy-hyp034-baseline-diagnostic-30375754015-1,16614,False,2026-07-28T15:55:44Z,2026-08-27T15:55:43Z
8694838464,usdjpy-hyp034-source-probe-30375753429-1,37065,False,2026-07-28T15:55:44Z,2026-08-27T15:55:43Z
8694837125,usdjpy-hyp034-development-v1-30375715216-1,10883,False,2026-07-28T15:55:41Z,2026-10-26T15:55:05Z
8694835680,usdjpy-research-memory-validation-v2-30375753583-1,2190,False,2026-07-28T15:55:39Z,2026-08-27T15:55:38Z
8694827965,usdjpy-hyp034-source-probe-30375714845-1,37065,False,2026-07-28T15:55:24Z,2026-08-27T15:55:23Z
8694824084,usdjpy-research-memory-validation-v2-30375715078-1,2190,False,2026-07-28T15:55:17Z,2026-08-27T15:55:17Z
8694822107,usdjpy-hyp034-baseline-diagnostic-30375715193-1,16614,False,2026-07-28T15:55:14Z,2026-08-27T15:55:13Z
8694744331,usdjpy-hyp034-development-v1-30375483513-1,10883,False,2026-07-28T15:52:57Z,2026-10-26T15:52:17Z
8694731128,usdjpy-research-memory-validation-v2-30375483502-1,2190,False,2026-07-28T15:52:33Z,2026-08-27T15:52:32Z
8694729752,usdjpy-hyp034-baseline-diagnostic-30375483539-1,16614,False,2026-07-28T15:52:30Z,2026-08-27T15:52:29Z
8694728680,usdjpy-hyp034-source-probe-30375483758-1,37062,False,2026-07-28T15:52:28Z,2026-08-27T15:52:28Z
8694720521,usdjpy-hyp033-technical-diagnostic-30375375106,564,False,2026-07-28T15:52:14Z,2026-08-27T15:52:14Z
8694687000,fx2-research-infra-30375375074,2425,False,2026-07-28T15:51:16Z,2026-10-26T15:50:58Z
8694679123,usdjpy-hyp034-source-probe-30375357830-1,37065,False,2026-07-28T15:51:03Z,2026-08-27T15:51:02Z
8694678844,usdjpy-research-memory-validation-v2-30375358607-1,2190,False,2026-07-28T15:51:02Z,2026-08-27T15:51:01Z
8694676531,usdjpy-hyp034-development-v1-30375358309-1,6310,False,2026-07-28T15:50:58Z,2026-10-26T15:50:45Z
8694672755,usdjpy-hyp034-baseline-diagnostic-30375358580-1,16614,False,2026-07-28T15:50:51Z,2026-08-27T15:50:51Z
8694620663,usdjpy-hyp034-source-probe-30375211171-1,37065,False,2026-07-28T15:49:19Z,2026-08-27T15:49:18Z
8694618641,usdjpy-hyp033-development-v1-30374487625-1,58269,False,2026-07-28T15:49:15Z,2026-10-26T15:40:00Z
8694616991,usdjpy-hyp034-development-v1-30375211327-1,6310,False,2026-07-28T15:49:12Z,2026-10-26T15:48:58Z
8694616864,usdjpy-hyp034-baseline-diagnostic-30375211648-1,16614,False,2026-07-28T15:49:12Z,2026-08-27T15:49:12Z
8694613943,usdjpy-research-memory-validation-v2-30375212191-1,2190,False,2026-07-28T15:49:07Z,2026-08-27T15:49:06Z
8694595987,usdjpy-hyp034-source-probe-30375158056-1,37057,False,2026-07-28T15:48:36Z,2026-08-27T15:48:35Z
8694593137,usdjpy-research-memory-validation-v2-30375157824-1,2190,False,2026-07-28T15:48:31Z,2026-08-27T15:48:31Z
8694592038,usdjpy-hyp034-development-v1-30375157640-1,6310,False,2026-07-28T15:48:29Z,2026-10-26T15:48:17Z
8694583805,usdjpy-hyp033-technical-diagnostic-30374487377,1384,False,2026-07-28T15:48:15Z,2026-08-27T15:48:14Z
8694460534,usdjpy-hyp034-development-v1-30374834623-1,6310,False,2026-07-28T15:44:35Z,2026-10-26T15:44:15Z
8694460312,usdjpy-hyp034-source-probe-30374834819-1,37067,False,2026-07-28T15:44:35Z,2026-08-27T15:44:34Z
8694455126,usdjpy-research-memory-validation-v2-30374834793-1,2190,False,2026-07-28T15:44:25Z,2026-08-27T15:44:24Z
8694408576,usdjpy-hyp034-source-probe-30374706764-1,37067,False,2026-07-28T15:42:59Z,2026-08-27T15:42:59Z
8694406162,usdjpy-research-memory-validation-v2-30374706796-1,2190,False,2026-07-28T15:42:55Z,2026-08-27T15:42:54Z
8694315434,fx2-research-infra-30374487625,2425,False,2026-07-28T15:40:11Z,2026-10-26T15:40:00Z
8694245169,usdjpy-hyp034-source-probe-30374315024-1,37065,False,2026-07-28T15:38:06Z,2026-08-27T15:38:06Z
8694243416,usdjpy-research-memory-validation-v2-30374314929-1,2190,False,2026-07-28T15:38:03Z,2026-08-27T15:38:02Z
8694210524,usdjpy-hyp033-development-v1-30372755365-1,58269,False,2026-07-28T15:37:06Z,2026-10-26T15:19:00Z
8694035733,usdjpy-hyp034-source-probe-30373808652-1,37061,False,2026-07-28T15:31:58Z,2026-08-27T15:31:57Z
8694033079,usdjpy-research-memory-validation-v2-30373808298-1,2190,False,2026-07-28T15:31:53Z,2026-08-27T15:31:52Z
8693997115,usdjpy-hyp034-source-probe-30373715405-1,37064,False,2026-07-28T15:30:50Z,2026-08-27T15:30:49Z
8693994525,usdjpy-research-memory-validation-v2-30373716319-1,2190,False,2026-07-28T15:30:46Z,2026-08-27T15:30:45Z
8693901514,fx2-research-infra-30372755365,2426,False,2026-07-28T15:28:02Z,2026-10-26T15:19:00Z
8693893602,usdjpy-hyp033-development-v1-30372723064-1,57878,False,2026-07-28T15:27:48Z,2026-10-26T15:18:36Z
8693751099,usdjpy-research-memory-validation-v2-30373119200-1,2190,False,2026-07-28T15:23:37Z,2026-08-27T15:23:36Z
8693749827,usdjpy-hyp034-source-probe-30373119154-1,37063,False,2026-07-28T15:23:35Z,2026-08-27T15:23:34Z
8693715420,usdjpy-research-memory-validation-v2-30373037693-1,2190,False,2026-07-28T15:22:34Z,2026-08-27T15:22:34Z
8693714374,usdjpy-hyp034-source-probe-30373037863-1,36417,False,2026-07-28T15:22:32Z,2026-08-27T15:22:32Z
8693628771,usdjpy-hyp034-source-probe-30372817838-1,36415,False,2026-07-28T15:20:02Z,2026-08-27T15:20:02Z
8693624350,usdjpy-research-memory-validation-v2-30372819872-1,2190,False,2026-07-28T15:19:54Z,2026-08-27T15:19:54Z
8693589359,usdjpy-hyp034-source-probe-30372729263-1,10730,False,2026-07-28T15:18:53Z,2026-08-27T15:18:52Z
8693586074,usdjpy-research-memory-validation-v2-30372727851-1,2190,False,2026-07-28T15:18:48Z,2026-08-27T15:18:47Z
8693585547,fx2-research-infra-30372723064,2423,False,2026-07-28T15:18:47Z,2026-10-26T15:18:36Z
8693502117,usdjpy-hyp034-source-probe-30372515275-1,10730,False,2026-07-28T15:16:22Z,2026-08-27T15:16:22Z
8693501266,usdjpy-research-memory-validation-v2-30372514893-1,2190,False,2026-07-28T15:16:21Z,2026-08-27T15:16:20Z
8693473846,usdjpy-research-memory-validation-v2-30372451379-1,2190,False,2026-07-28T15:15:33Z,2026-08-27T15:15:32Z
8693468266,usdjpy-hyp034-source-probe-30372448983-1,1678,False,2026-07-28T15:15:23Z,2026-08-27T15:15:23Z
8693430218,usdjpy-research-memory-validation-v2-30372351372-1,2190,False,2026-07-28T15:14:18Z,2026-08-27T15:14:17Z
8693429340,usdjpy-hyp034-source-probe-30372351362-1,1678,False,2026-07-28T15:14:16Z,2026-08-27T15:14:16Z
8693403004,usdjpy-hyp033-development-v1-30371527058-1,57874,False,2026-07-28T15:13:31Z,2026-10-26T15:04:09Z
8693395491,usdjpy-hyp034-source-probe-30372264032-1,420,False,2026-07-28T15:13:18Z,2026-08-27T15:13:18Z
8693393659,usdjpy-research-memory-validation-v2-30372264021-1,2190,False,2026-07-28T15:13:15Z,2026-08-27T15:13:15Z
8693382737,usdjpy-research-memory-validation-v2-30372231972-1,2190,False,2026-07-28T15:12:57Z,2026-08-27T15:12:57Z
8693378197,usdjpy-hyp034-source-probe-30372232064-1,420,False,2026-07-28T15:12:50Z,2026-08-27T15:12:49Z
8693228743,usdjpy-hyp034-source-probe-30371880986-1,420,False,2026-07-28T15:08:37Z,2026-08-27T15:08:37Z
8693228467,usdjpy-research-memory-validation-v2-30371877353-1,2190,False,2026-07-28T15:08:36Z,2026-08-27T15:08:36Z
8693070991,fx2-research-infra-30371527058,2425,False,2026-07-28T15:04:20Z,2026-10-26T15:04:09Z
8690385122,usdjpy-research-memory-validation-v2-30364997682-1,2190,False,2026-07-28T13:45:48Z,2026-08-27T13:45:47Z
8690364827,usdjpy-research-memory-validation-v2-30364957903-1,2190,False,2026-07-28T13:45:09Z,2026-08-27T13:45:09Z
8690170456,usdjpy-hyp032-historical-validation-currency-v2-30364472840-1,26753056,False,2026-07-28T13:39:19Z,2026-10-26T13:39:00Z
8690164288,usdjpy-research-memory-validation-v2-30364468616-1,2190,False,2026-07-28T13:39:09Z,2026-08-27T13:39:08Z
8690136423,usdjpy-research-memory-validation-v2-30364402108-1,2190,False,2026-07-28T13:38:18Z,2026-08-27T13:38:18Z
8688801817,usdjpy-hyp032-historical-validation-v1-30361067984-1,14430970,False,2026-07-28T12:55:16Z,2026-10-26T12:55:04Z
8683319968,usdjpy-f05-short-loss-persistence-chronology-development-v1-30347005942-1,200294,False,2026-07-28T09:33:09Z,2026-10-26T09:32:22Z
8683302146,usdjpy-research-memory-validation-v2-30347005792-1,2190,False,2026-07-28T09:32:29Z,2026-08-27T09:32:29Z
8683288372,usdjpy-hyp032-prereg-preflight-30346951503-1,338,False,2026-07-28T09:31:59Z,2026-08-27T09:31:59Z
8683283461,usdjpy-research-memory-validation-v2-30346951368-1,2190,False,2026-07-28T09:31:48Z,2026-08-27T09:31:48Z
8683256144,usdjpy-hyp032-prereg-preflight-30346872055-1,338,False,2026-07-28T09:30:48Z,2026-08-27T09:30:48Z
8683250064,usdjpy-research-memory-validation-v2-30346872226-1,2190,False,2026-07-28T09:30:36Z,2026-08-27T09:30:36Z
8678449241,usdjpy-research-memory-validation-v2-30334084287-1,2190,False,2026-07-28T06:13:26Z,2026-08-27T06:13:26Z
8678416674,usdjpy-portfolio-loss-cluster-phase2-v1-30333951625-1,206504,False,2026-07-28T06:11:45Z,2026-10-26T06:10:50Z
8678402757,hyp027-phase2-memory-validator-v2-30333951589,1030,False,2026-07-28T06:11:03Z,2026-08-27T06:11:02Z
8678401644,usdjpy-hyp027-phase2-release-receipt-30333951599,967,False,2026-07-28T06:10:59Z,2026-10-26T06:10:50Z
8678401372,usdjpy-research-memory-validation-v2-30333951627-1,2190,False,2026-07-28T06:10:58Z,2026-08-27T06:10:58Z
8678388135,usdjpy-portfolio-loss-cluster-phase2-v1-30333878681-1,206504,False,2026-07-28T06:10:19Z,2026-10-26T06:09:31Z
8678378165,usdjpy-hyp027-phase2-release-receipt-30333878623,967,False,2026-07-28T06:09:48Z,2026-10-26T06:09:31Z
8678344359,usdjpy-hyp027-phase2-release-receipt-30333789507,967,False,2026-07-28T06:08:07Z,2026-10-26T06:07:51Z
8678292360,usdjpy-research-memory-validation-v2-30333651304-1,2190,False,2026-07-28T06:05:33Z,2026-08-27T06:05:32Z
8678277129,usdjpy-portfolio-loss-cluster-phase2-v1-30333552431-1,206504,False,2026-07-28T06:04:47Z,2026-10-26T06:03:39Z
8678258303,hyp027-phase2-memory-validator-v2-30333552454,1030,False,2026-07-28T06:03:51Z,2026-08-27T06:03:50Z
8678256253,usdjpy-research-memory-validation-v2-30333552468-1,2190,False,2026-07-28T06:03:44Z,2026-08-27T06:03:44Z
8678237163,usdjpy-portfolio-loss-cluster-phase2-v1-30333459025-1,206504,False,2026-07-28T06:02:49Z,2026-10-26T06:01:57Z
8678224416,usdjpy-research-memory-validation-v2-30333458918-1,617,False,2026-07-28T06:02:10Z,2026-08-27T06:02:09Z
8678207034,usdjpy-portfolio-loss-cluster-phase2-v1-30333361920-1,206504,False,2026-07-28T06:01:19Z,2026-10-26T06:00:14Z
8678184585,usdjpy-research-memory-validation-v2-30333362042-1,629,False,2026-07-28T06:00:20Z,2026-08-27T06:00:20Z
8678153134,usdjpy-portfolio-loss-cluster-phase2-v1-30333229867-1,206504,False,2026-07-28T05:58:46Z,2026-10-26T05:57:50Z
8678124025,usdjpy-portfolio-loss-cluster-phase2-v1-30333144560-1,206504,False,2026-07-28T05:57:16Z,2026-10-26T05:56:10Z
8678084872,usdjpy-portfolio-loss-cluster-phase2-v1-30333049601-1,206504,False,2026-07-28T05:55:07Z,2026-10-26T05:54:19Z
8678073080,usdjpy-portfolio-loss-cluster-phase2-v1-30333015181-1,206504,False,2026-07-28T05:54:28Z,2026-10-26T05:53:40Z
8678066004,usdjpy-portfolio-loss-cluster-phase2-v1-30332989103-1,206504,False,2026-07-28T05:54:06Z,2026-10-26T05:53:09Z
8678062086,hyp027-phase2-memory-validator-30333015170,662,False,2026-07-28T05:53:53Z,2026-08-27T05:53:53Z
8678050441,hyp027-phase2-memory-validator-30332989104,662,False,2026-07-28T05:53:15Z,2026-08-27T05:53:14Z
8678015903,usdjpy-portfolio-loss-cluster-phase2-v1-30332852753-1,206504,False,2026-07-28T05:51:23Z,2026-10-26T05:50:32Z
8678002015,hyp027-phase2-memory-validator-30332852648,662,False,2026-07-28T05:50:39Z,2026-08-27T05:50:38Z
8677974792,usdjpy-portfolio-loss-cluster-phase2-v1-30332743094-1,206504,False,2026-07-28T05:49:08Z,2026-10-26T05:48:22Z
8677683076,usdjpy-portfolio-loss-cluster-phase2-v1-30331883073-1,206504,False,2026-07-28T05:32:37Z,2026-10-26T05:31:31Z
8677655465,usdjpy-portfolio-loss-cluster-phase2-v1-30331799649-1,206504,False,2026-07-28T05:31:04Z,2026-10-26T05:29:55Z
8677604809,usdjpy-portfolio-loss-cluster-phase2-v1-30331667249-1,206504,False,2026-07-28T05:28:02Z,2026-10-26T05:27:03Z
8677574152,usdjpy-portfolio-loss-cluster-phase2-v1-30331588441-1,206504,False,2026-07-28T05:26:11Z,2026-10-26T05:25:22Z
8677476599,usdjpy-portfolio-loss-cluster-phase2-v1-30331302434-1,206504,False,2026-07-28T05:20:33Z,2026-10-26T05:19:33Z
8676019003,usdjpy-2022-raw-ticks-month-02-30315092496-2,1866,False,2026-07-28T03:49:47Z,2026-10-26T01:53:43Z
8676018585,usdjpy-2022-raw-ticks-month-09-30315092496-2,1942,False,2026-07-28T03:49:45Z,2026-10-26T01:53:43Z
8676018370,usdjpy-2022-raw-ticks-month-05-30315092496-2,1980,False,2026-07-28T03:49:44Z,2026-10-26T01:53:43Z
8676018338,usdjpy-2022-raw-ticks-month-07-30315092496-2,1980,False,2026-07-28T03:49:44Z,2026-10-26T01:53:43Z
8676018313,usdjpy-2022-raw-ticks-month-11-30315092496-2,1942,False,2026-07-28T03:49:44Z,2026-10-26T01:53:43Z
8676017223,usdjpy-2022-raw-ticks-month-06-30315092496-2,1942,False,2026-07-28T03:49:40Z,2026-10-26T01:53:43Z
8676017217,usdjpy-2022-raw-ticks-month-12-30315092496-2,1980,False,2026-07-28T03:49:40Z,2026-10-26T01:53:43Z
8676017133,usdjpy-2022-raw-ticks-month-01-30315092496-2,1980,False,2026-07-28T03:49:40Z,2026-10-26T01:53:43Z
8676016904,usdjpy-2022-raw-ticks-month-03-30315092496-2,1980,False,2026-07-28T03:49:39Z,2026-10-26T01:53:43Z
8676016875,usdjpy-2022-raw-ticks-month-04-30315092496-2,1942,False,2026-07-28T03:49:39Z,2026-10-26T01:53:43Z
8676016749,usdjpy-2022-raw-ticks-month-10-30315092496-2,1980,False,2026-07-28T03:49:39Z,2026-10-26T01:53:43Z
8676016614,usdjpy-2022-raw-ticks-month-08-30315092496-2,1980,False,2026-07-28T03:49:38Z,2026-10-26T01:53:43Z
8676014580,usdjpy-raw-ticks-2022-12-17-30315092496-2,7180,False,2026-07-28T03:49:31Z,2026-08-11T03:49:30Z
8676009682,usdjpy-raw-ticks-2022-06-10-30315092496-2,1973004,False,2026-07-28T03:49:13Z,2026-08-11T03:49:11Z
8676000242,usdjpy-raw-ticks-2022-12-06-30315092496-2,3036173,False,2026-07-28T03:48:38Z,2026-08-11T03:48:37Z
8675999448,usdjpy-raw-ticks-2022-11-16-30315092496-2,3733057,False,2026-07-28T03:48:35Z,2026-08-11T03:48:34Z
8675998695,usdjpy-raw-ticks-2022-06-25-30315092496-2,7180,False,2026-07-28T03:48:32Z,2026-08-11T03:48:31Z
8675998620,usdjpy-2020-raw-ticks-month-08-30315092496-2,25534115,False,2026-07-28T03:48:32Z,2026-10-26T01:53:43Z
8675997480,usdjpy-2020-raw-ticks-month-12-30315092496-2,1980,False,2026-07-28T03:48:28Z,2026-10-26T01:53:43Z
8675997416,usdjpy-raw-ticks-2022-12-07-30315092496-2,3261578,False,2026-07-28T03:48:27Z,2026-08-11T03:48:27Z
8675996800,usdjpy-raw-ticks-2022-12-20-30315092496-2,4649854,False,2026-07-28T03:48:25Z,2026-08-11T03:48:24Z
8675996792,usdjpy-2020-raw-ticks-month-01-30315092496-2,21461988,False,2026-07-28T03:48:25Z,2026-10-26T01:53:43Z
8675996746,usdjpy-2020-raw-ticks-month-11-30315092496-2,2484,False,2026-07-28T03:48:25Z,2026-10-26T01:53:43Z
8675996552,usdjpy-2019-raw-ticks-month-10-30315092496-2,31255739,False,2026-07-28T03:48:24Z,2026-10-26T01:53:43Z
8675996260,usdjpy-2019-raw-ticks-month-11-30315092496-2,19669898,False,2026-07-28T03:48:23Z,2026-10-26T01:53:43Z
8675996025,usdjpy-2020-raw-ticks-month-02-30315092496-2,31943496,False,2026-07-28T03:48:22Z,2026-10-26T01:53:43Z
8675995608,usdjpy-2020-raw-ticks-month-06-30315092496-2,1942,False,2026-07-28T03:48:21Z,2026-10-26T01:53:43Z
8675995568,usdjpy-2020-raw-ticks-month-10-30315092496-2,11917,False,2026-07-28T03:48:21Z,2026-10-26T01:53:43Z
8675995250,usdjpy-2020-raw-ticks-month-04-30315092496-2,36984196,False,2026-07-28T03:48:20Z,2026-10-26T01:53:43Z
8675994648,usdjpy-2020-raw-ticks-month-09-30315092496-2,13453,False,2026-07-28T03:48:18Z,2026-10-26T01:53:43Z
8675994553,usdjpy-2020-raw-ticks-month-05-30315092496-2,5655,False,2026-07-28T03:48:18Z,2026-10-26T01:53:43Z
8675994371,usdjpy-raw-ticks-2022-12-13-30315092496-2,3225525,False,2026-07-28T03:48:17Z,2026-08-11T03:48:16Z
8675994259,usdjpy-2019-raw-ticks-month-05-30315092496-2,28901436,False,2026-07-28T03:48:17Z,2026-10-26T01:53:43Z
8675993891,usdjpy-2020-raw-ticks-month-03-30315092496-2,17731,False,2026-07-28T03:48:15Z,2026-10-26T01:53:43Z
8675993800,usdjpy-2019-raw-ticks-month-01-30315092496-2,4621,False,2026-07-28T03:48:15Z,2026-10-26T01:53:43Z
8675993423,usdjpy-2020-raw-ticks-month-07-30315092496-2,21003328,False,2026-07-28T03:48:14Z,2026-10-26T01:53:43Z
8675992784,usdjpy-raw-ticks-2022-12-22-30315092496-2,2465492,False,2026-07-28T03:48:11Z,2026-08-11T03:48:10Z
8675992742,usdjpy-raw-ticks-2022-12-29-30315092496-2,2401992,False,2026-07-28T03:48:11Z,2026-08-11T03:48:10Z
8675992288,usdjpy-raw-ticks-2022-11-24-30315092496-2,2486101,False,2026-07-28T03:48:10Z,2026-08-11T03:48:08Z
8675992116,usdjpy-raw-ticks-2022-11-28-30315092496-2,3112230,False,2026-07-28T03:48:09Z,2026-08-11T03:48:07Z
8675991880,usdjpy-2019-raw-ticks-month-12-30315092496-2,16560675,False,2026-07-28T03:48:08Z,2026-10-26T01:53:43Z
8675991590,usdjpy-2019-raw-ticks-month-06-30315092496-2,27471086,False,2026-07-28T03:48:07Z,2026-10-26T01:53:43Z
8675991406,usdjpy-2019-raw-ticks-month-09-30315092496-2,30228905,False,2026-07-28T03:48:07Z,2026-10-26T01:53:43Z
8675991147,usdjpy-raw-ticks-2022-12-21-30315092496-2,2804545,False,2026-07-28T03:48:06Z,2026-08-11T03:48:05Z
8675990680,usdjpy-2019-raw-ticks-month-02-30315092496-2,11815,False,2026-07-28T03:48:04Z,2026-10-26T01:53:43Z
8675990639,usdjpy-raw-ticks-2022-12-30-30315092496-2,2705869,False,2026-07-28T03:48:04Z,2026-08-11T03:48:02Z
8675990269,usdjpy-2019-raw-ticks-month-04-30315092496-2,19395674,False,2026-07-28T03:48:03Z,2026-10-26T01:53:43Z
8675990163,usdjpy-2019-raw-ticks-month-08-30315092496-2,43668591,False,2026-07-28T03:48:03Z,2026-10-26T01:53:43Z
8675989053,usdjpy-2019-raw-ticks-month-07-30315092496-2,22798650,False,2026-07-28T03:47:59Z,2026-10-26T01:53:43Z
8675988678,usdjpy-2019-raw-ticks-month-03-30315092496-2,25959934,False,2026-07-28T03:47:58Z,2026-10-26T01:53:43Z
8675987910,usdjpy-2021-raw-ticks-release-receipt-30315092496-2,3918,False,2026-07-28T03:47:55Z,2026-10-26T01:53:43Z
8675987104,usdjpy-raw-ticks-2022-12-15-30315092496-2,2899344,False,2026-07-28T03:47:52Z,2026-08-11T03:47:51Z
8675986385,usdjpy-raw-ticks-2022-11-09-30315092496-2,3072781,False,2026-07-28T03:47:50Z,2026-08-11T03:47:49Z
8675985682,usdjpy-raw-ticks-2022-12-08-30315092496-2,2804676,False,2026-07-28T03:47:47Z,2026-08-11T03:47:47Z
8675985093,usdjpy-raw-ticks-2022-11-29-30315092496-2,3081954,False,2026-07-28T03:47:45Z,2026-08-11T03:47:44Z
8675983047,usdjpy-raw-ticks-2022-11-26-30315092496-2,7180,False,2026-07-28T03:47:38Z,2026-08-11T03:47:37Z
8675982698,usdjpy-raw-ticks-2022-11-21-30315092496-2,2636293,False,2026-07-28T03:47:37Z,2026-08-11T03:47:36Z
8675981300,usdjpy-raw-ticks-2022-12-23-30315092496-2,2120425,False,2026-07-28T03:47:32Z,2026-08-11T03:47:31Z
8675979172,usdjpy-raw-ticks-2022-11-11-30315092496-2,3834963,False,2026-07-28T03:47:25Z,2026-08-11T03:47:23Z
8675978517,usdjpy-raw-ticks-2022-12-01-30315092496-2,3665203,False,2026-07-28T03:47:22Z,2026-08-11T03:47:21Z
8675975988,usdjpy-raw-ticks-2022-06-20-30315092496-2,1809272,False,2026-07-28T03:47:13Z,2026-08-11T03:47:11Z
8675975558,usdjpy-raw-ticks-2022-11-27-30315092496-2,85814,False,2026-07-28T03:47:11Z,2026-08-11T03:47:10Z
8675975235,usdjpy-raw-ticks-2022-11-18-30315092496-2,2768770,False,2026-07-28T03:47:10Z,2026-08-11T03:47:09Z
8675966745,usdjpy-raw-ticks-2022-11-14-30315092496-2,3352452,False,2026-07-28T03:46:39Z,2026-08-11T03:46:38Z
8675965950,usdjpy-raw-ticks-2022-12-10-30315092496-2,7180,False,2026-07-28T03:46:36Z,2026-08-11T03:46:35Z
8675965779,usdjpy-raw-ticks-2022-12-19-30315092496-2,2300557,False,2026-07-28T03:46:35Z,2026-08-11T03:46:34Z
8675965503,usdjpy-raw-ticks-2022-12-28-30315092496-2,2466101,False,2026-07-28T03:46:34Z,2026-08-11T03:46:28Z
8675965399,usdjpy-raw-ticks-2022-11-06-30315092496-2,172459,False,2026-07-28T03:46:34Z,2026-08-11T03:46:29Z
8675964104,usdjpy-raw-ticks-2022-12-26-30315092496-2,891359,False,2026-07-28T03:46:29Z,2026-08-11T03:46:24Z
8675961537,usdjpy-raw-ticks-2022-11-25-30315092496-2,2507685,False,2026-07-28T03:46:19Z,2026-08-11T03:46:18Z
8675961190,usdjpy-raw-ticks-2022-12-12-30315092496-2,2533375,False,2026-07-28T03:46:17Z,2026-08-11T03:46:16Z
8675959440,usdjpy-raw-ticks-2022-12-09-30315092496-2,2938913,False,2026-07-28T03:46:11Z,2026-08-11T03:46:10Z
8675959207,usdjpy-raw-ticks-2022-11-20-30315092496-2,135124,False,2026-07-28T03:46:10Z,2026-08-11T03:46:09Z
8675959119,usdjpy-raw-ticks-2022-11-15-30315092496-2,4295518,False,2026-07-28T03:46:10Z,2026-08-11T03:46:09Z
8675958730,usdjpy-raw-ticks-2022-11-30-30315092496-2,3543559,False,2026-07-28T03:46:08Z,2026-08-11T03:46:07Z
8675957963,usdjpy-raw-ticks-2022-11-08-30315092496-2,2765378,False,2026-07-28T03:46:06Z,2026-08-11T03:46:04Z
8675957066,usdjpy-raw-ticks-2022-12-25-30315092496-2,15273,False,2026-07-28T03:46:02Z,2026-08-11T03:46:02Z
8675956379,usdjpy-raw-ticks-2022-12-24-30315092496-2,7180,False,2026-07-28T03:45:59Z,2026-08-11T03:45:58Z
8675955200,usdjpy-raw-ticks-2022-12-02-30315092496-2,3659678,False,2026-07-28T03:45:55Z,2026-08-11T03:45:53Z
8675954907,usdjpy-raw-ticks-2022-12-11-30315092496-2,116371,False,2026-07-28T03:45:54Z,2026-08-11T03:45:54Z
8675954068,usdjpy-raw-ticks-2022-11-10-30315092496-2,3740048,False,2026-07-28T03:45:51Z,2026-08-11T03:45:50Z
8675953525,usdjpy-raw-ticks-2022-11-23-30315092496-2,2740238,False,2026-07-28T03:45:49Z,2026-08-11T03:45:48Z
8675953310,usdjpy-raw-ticks-2022-11-17-30315092496-2,3164511,False,2026-07-28T03:45:48Z,2026-08-11T03:45:47Z
8675952927,usdjpy-raw-ticks-2022-12-05-30315092496-2,2958901,False,2026-07-28T03:45:47Z,2026-08-11T03:45:46Z
8675952424,usdjpy-raw-ticks-2022-11-12-30315092496-2,7180,False,2026-07-28T03:45:45Z,2026-08-11T03:45:44Z
8675952214,usdjpy-raw-ticks-2022-12-31-30315092496-2,7180,False,2026-07-28T03:45:44Z,2026-08-11T03:45:43Z
8675951004,usdjpy-raw-ticks-2022-06-15-30315092496-2,2886244,False,2026-07-28T03:45:39Z,2026-08-11T03:45:38Z
8675950912,usdjpy-raw-ticks-2022-12-18-30315092496-2,145580,False,2026-07-28T03:45:39Z,2026-08-11T03:45:38Z
8675950515,usdjpy-raw-ticks-2022-12-14-30315092496-2,3385380,False,2026-07-28T03:45:38Z,2026-08-11T03:45:37Z
8675950169,usdjpy-raw-ticks-2022-11-22-30315092496-2,2494063,False,2026-07-28T03:45:37Z,2026-08-11T03:45:36Z
8675950064,usdjpy-raw-ticks-2022-12-27-30315092496-2,1835049,False,2026-07-28T03:45:36Z,2026-08-11T03:45:35Z
8675949087,usdjpy-raw-ticks-2022-12-04-30315092496-2,124071,False,2026-07-28T03:45:33Z,2026-08-11T03:45:31Z
8675948778,usdjpy-raw-ticks-2022-12-16-30315092496-2,2499622,False,2026-07-28T03:45:31Z,2026-08-11T03:45:31Z
8675948329,usdjpy-raw-ticks-2022-06-13-30315092496-2,2747137,False,2026-07-28T03:45:30Z,2026-08-11T03:45:28Z
8675947848,usdjpy-raw-ticks-2022-11-07-30315092496-2,2758885,False,2026-07-28T03:45:28Z,2026-08-11T03:45:27Z
8675946140,usdjpy-raw-ticks-2022-11-19-30315092496-2,7180,False,2026-07-28T03:45:21Z,2026-08-11T03:45:21Z
8675945947,usdjpy-raw-ticks-2022-12-03-30315092496-2,7180,False,2026-07-28T03:45:21Z,2026-08-11T03:45:20Z
8675945235,usdjpy-raw-ticks-2022-11-13-30315092496-2,178915,False,2026-07-28T03:45:18Z,2026-08-11T03:45:18Z
8675944026,usdjpy-raw-ticks-2022-06-30-30315092496-2,2200396,False,2026-07-28T03:45:13Z,2026-08-11T03:45:12Z
8675943777,usdjpy-raw-ticks-2022-06-18-30315092496-2,7180,False,2026-07-28T03:45:12Z,2026-08-11T03:45:11Z
8675943204,usdjpy-raw-ticks-2022-06-16-30315092496-2,3208191,False,2026-07-28T03:45:10Z,2026-08-11T03:45:09Z
8675942980,usdjpy-raw-ticks-2022-05-21-30315092496-2,7180,False,2026-07-28T03:45:09Z,2026-08-11T03:45:08Z
8675941869,usdjpy-raw-ticks-2022-06-03-30315092496-2,1299219,False,2026-07-28T03:45:05Z,2026-08-11T03:45:04Z
8675941847,usdjpy-raw-ticks-2022-05-25-30315092496-2,1859043,False,2026-07-28T03:45:05Z,2026-08-11T03:45:04Z
8675940826,usdjpy-raw-ticks-2022-06-14-30315092496-2,2776179,False,2026-07-28T03:45:00Z,2026-08-11T03:45:00Z
8675940636,usdjpy-raw-ticks-2022-06-21-30315092496-2,2074425,False,2026-07-28T03:45:00Z,2026-08-11T03:44:59Z
8675940600,usdjpy-raw-ticks-2022-06-09-30315092496-2,2251403,False,2026-07-28T03:45:00Z,2026-08-11T03:44:59Z
8675939796,usdjpy-raw-ticks-2022-05-29-30315092496-2,66143,False,2026-07-28T03:44:56Z,2026-08-11T03:44:56Z
8675939675,usdjpy-raw-ticks-2022-06-23-30315092496-2,2769131,False,2026-07-28T03:44:56Z,2026-08-11T03:44:54Z
8675939383,usdjpy-raw-ticks-2022-05-31-30315092496-2,1971527,False,2026-07-28T03:44:55Z,2026-08-11T03:44:53Z
8675939293,usdjpy-raw-ticks-2022-06-29-30315092496-2,2404607,False,2026-07-28T03:44:54Z,2026-08-11T03:44:54Z
8675938687,usdjpy-raw-ticks-2022-06-19-30315092496-2,190241,False,2026-07-28T03:44:52Z,2026-08-11T03:44:52Z
8675938587,usdjpy-raw-ticks-2022-05-13-30315092496-2,2160013,False,2026-07-28T03:44:52Z,2026-08-11T03:44:50Z
8675938126,usdjpy-raw-ticks-2022-06-22-30315092496-2,2425650,False,2026-07-28T03:44:50Z,2026-08-11T03:44:49Z
8675937650,usdjpy-raw-ticks-2022-05-28-30315092496-2,7180,False,2026-07-28T03:44:48Z,2026-08-11T03:44:47Z
8675937191,usdjpy-raw-ticks-2022-05-22-30315092496-2,86900,False,2026-07-28T03:44:47Z,2026-08-11T03:44:45Z
8675936793,usdjpy-raw-ticks-2022-05-23-30315092496-2,1817864,False,2026-07-28T03:44:45Z,2026-08-11T03:44:44Z
8675936207,usdjpy-raw-ticks-2022-05-12-30315092496-2,3105507,False,2026-07-28T03:44:43Z,2026-08-11T03:44:42Z
8675936166,usdjpy-raw-ticks-2022-05-11-30315092496-2,2362931,False,2026-07-28T03:44:43Z,2026-08-11T03:44:42Z
8675934369,usdjpy-raw-ticks-2022-06-08-30315092496-2,2085067,False,2026-07-28T03:44:35Z,2026-08-11T03:44:34Z
8675932530,usdjpy-raw-ticks-2022-11-03-30315092496-2,2884463,False,2026-07-28T03:44:28Z,2026-08-11T03:44:27Z
8675932441,usdjpy-raw-ticks-2022-05-18-30315092496-2,1943987,False,2026-07-28T03:44:28Z,2026-08-11T03:44:27Z
8675930110,usdjpy-raw-ticks-2022-05-10-30315092496-2,2281297,False,2026-07-28T03:44:19Z,2026-08-11T03:44:17Z
8675929515,usdjpy-raw-ticks-2022-05-17-30315092496-2,1757063,False,2026-07-28T03:44:17Z,2026-08-11T03:44:15Z
8675929182,usdjpy-raw-ticks-2022-05-15-30315092496-2,146618,False,2026-07-28T03:44:15Z,2026-08-11T03:44:15Z
8675928989,usdjpy-raw-ticks-2022-06-04-30315092496-2,7180,False,2026-07-28T03:44:15Z,2026-08-11T03:44:14Z
8675928920,usdjpy-raw-ticks-2022-06-24-30315092496-2,2210449,False,2026-07-28T03:44:14Z,2026-08-11T03:44:13Z
8675928117,usdjpy-raw-ticks-2022-06-11-30315092496-2,7180,False,2026-07-28T03:44:11Z,2026-08-11T03:44:10Z
8675927690,usdjpy-raw-ticks-2022-06-26-30315092496-2,107570,False,2026-07-28T03:44:10Z,2026-08-11T03:44:09Z
8675926371,usdjpy-raw-ticks-2022-06-02-30315092496-2,1329900,False,2026-07-28T03:44:05Z,2026-08-11T03:44:04Z
8675926083,usdjpy-raw-ticks-2022-05-24-30315092496-2,1936142,False,2026-07-28T03:44:04Z,2026-08-11T03:44:03Z
8675924846,usdjpy-raw-ticks-2022-05-26-30315092496-2,1697651,False,2026-07-28T03:43:59Z,2026-08-11T03:43:59Z
8675923756,usdjpy-raw-ticks-2022-05-27-30315092496-2,1279940,False,2026-07-28T03:43:55Z,2026-08-11T03:43:55Z
8675921368,usdjpy-raw-ticks-2022-05-14-30315092496-2,7180,False,2026-07-28T03:43:46Z,2026-08-11T03:43:46Z
8675921102,usdjpy-raw-ticks-2022-06-12-30315092496-2,187568,False,2026-07-28T03:43:45Z,2026-08-11T03:43:44Z
8675919898,usdjpy-raw-ticks-2022-10-20-30315092496-2,2249143,False,2026-07-28T03:43:41Z,2026-08-11T03:43:40Z
8675919595,usdjpy-raw-ticks-2022-10-07-30315092496-2,2423133,False,2026-07-28T03:43:39Z,2026-08-11T03:43:38Z
8675917702,usdjpy-raw-ticks-2022-06-06-30315092496-2,1417219,False,2026-07-28T03:43:32Z,2026-08-11T03:43:31Z
8675915988,usdjpy-raw-ticks-2022-05-30-30315092496-2,1072525,False,2026-07-28T03:43:25Z,2026-08-11T03:43:24Z
8675915971,usdjpy-raw-ticks-2022-06-27-30315092496-2,2096172,False,2026-07-28T03:43:25Z,2026-08-11T03:43:25Z
8675915217,usdjpy-raw-ticks-2022-06-01-30315092496-2,1989320,False,2026-07-28T03:43:22Z,2026-08-11T03:43:22Z
8675910738,usdjpy-raw-ticks-2022-06-05-30315092496-2,111059,False,2026-07-28T03:43:05Z,2026-08-11T03:43:05Z
8675907947,usdjpy-raw-ticks-2022-05-20-30315092496-2,1991691,False,2026-07-28T03:42:54Z,2026-08-11T03:42:54Z
8675907725,usdjpy-raw-ticks-2022-10-09-30315092496-2,133109,False,2026-07-28T03:42:53Z,2026-08-11T03:42:52Z
8675907705,usdjpy-raw-ticks-2022-05-09-30315092496-2,1972351,False,2026-07-28T03:42:53Z,2026-08-11T03:42:52Z
8675907618,usdjpy-raw-ticks-2022-11-05-30315092496-2,7180,False,2026-07-28T03:42:53Z,2026-08-11T03:42:52Z
8675906903,usdjpy-raw-ticks-2022-11-02-30315092496-2,3198103,False,2026-07-28T03:42:50Z,2026-08-11T03:42:49Z
8675905981,usdjpy-raw-ticks-2022-09-14-30315092496-2,3947840,False,2026-07-28T03:42:47Z,2026-08-11T03:42:46Z
8675903452,usdjpy-raw-ticks-2022-05-06-30315092496-2,2191719,False,2026-07-28T03:42:38Z,2026-08-11T03:42:37Z
8675902812,usdjpy-raw-ticks-2022-10-27-30315092496-2,3571788,False,2026-07-28T03:42:35Z,2026-08-11T03:42:34Z
8675900711,usdjpy-raw-ticks-2022-06-17-30315092496-2,3181342,False,2026-07-28T03:42:27Z,2026-08-11T03:42:26Z
8675899417,usdjpy-raw-ticks-2022-06-28-30315092496-2,2168927,False,2026-07-28T03:42:23Z,2026-08-11T03:42:22Z
8675897819,usdjpy-raw-ticks-2022-05-19-30315092496-2,2782052,False,2026-07-28T03:42:16Z,2026-08-11T03:42:16Z
8675897167,usdjpy-raw-ticks-2022-04-04-30315092496-2,1264113,False,2026-07-28T03:42:14Z,2026-08-11T03:42:13Z
8675896980,usdjpy-raw-ticks-2022-06-07-30315092496-2,1901468,False,2026-07-28T03:42:13Z,2026-08-11T03:42:12Z
8675895880,usdjpy-raw-ticks-2022-04-03-30315092496-2,108989,False,2026-07-28T03:42:09Z,2026-08-11T03:42:08Z
8675891285,usdjpy-raw-ticks-2022-04-01-30315092496-2,1811012,False,2026-07-28T03:41:51Z,2026-08-11T03:41:51Z
8675889929,usdjpy-raw-ticks-2022-04-17-30315092496-2,136674,False,2026-07-28T03:41:46Z,2026-08-11T03:41:46Z
8675889520,usdjpy-raw-ticks-2022-11-04-30315092496-2,2944800,False,2026-07-28T03:41:45Z,2026-08-11T03:41:43Z
8675889118,usdjpy-raw-ticks-2022-04-29-30315092496-2,2371121,False,2026-07-28T03:41:43Z,2026-08-11T03:41:42Z
8675888840,usdjpy-raw-ticks-2022-05-16-30315092496-2,1821700,False,2026-07-28T03:41:42Z,2026-08-11T03:41:40Z
8675888050,usdjpy-raw-ticks-2022-04-28-30315092496-2,3078914,False,2026-07-28T03:41:39Z,2026-08-11T03:41:38Z
8675887929,usdjpy-raw-ticks-2022-10-13-30315092496-2,3074828,False,2026-07-28T03:41:38Z,2026-08-11T03:41:38Z
8675885536,usdjpy-raw-ticks-2022-10-26-30315092496-2,3429142,False,2026-07-28T03:41:29Z,2026-08-11T03:41:28Z
8675879680,usdjpy-raw-ticks-2022-10-25-30315092496-2,2804629,False,2026-07-28T03:41:07Z,2026-08-11T03:41:05Z
8675878370,usdjpy-raw-ticks-2022-10-01-30315092496-2,7180,False,2026-07-28T03:41:02Z,2026-08-11T03:41:01Z
8675877909,usdjpy-raw-ticks-2022-10-19-30315092496-2,2124539,False,2026-07-28T03:41:01Z,2026-08-11T03:41:00Z
8675877684,usdjpy-raw-ticks-2022-09-03-30315092496-2,7180,False,2026-07-28T03:41:00Z,2026-08-11T03:40:59Z
8675877446,usdjpy-raw-ticks-2022-09-11-30315092496-2,131577,False,2026-07-28T03:40:59Z,2026-08-11T03:40:58Z
8675876496,usdjpy-raw-ticks-2022-10-05-30315092496-2,3034623,False,2026-07-28T03:40:55Z,2026-08-11T03:40:54Z
8675871651,usdjpy-raw-ticks-2022-04-15-30315092496-2,2002924,False,2026-07-28T03:40:38Z,2026-08-11T03:40:37Z
8675869661,usdjpy-raw-ticks-2022-05-08-30315092496-2,121485,False,2026-07-28T03:40:31Z,2026-08-11T03:40:30Z
8675868144,usdjpy-raw-ticks-2022-04-18-30315092496-2,1240282,False,2026-07-28T03:40:26Z,2026-08-11T03:40:25Z
8675867742,usdjpy-raw-ticks-2022-04-24-30315092496-2,141372,False,2026-07-28T03:40:24Z,2026-08-11T03:40:23Z
8675867157,usdjpy-raw-ticks-2022-09-24-30315092496-2,7180,False,2026-07-28T03:40:22Z,2026-08-11T03:40:21Z
8675866294,usdjpy-raw-ticks-2022-04-26-30315092496-2,2382368,False,2026-07-28T03:40:19Z,2026-08-11T03:40:19Z
8675864966,usdjpy-raw-ticks-2022-09-28-30315092496-2,3997628,False,2026-07-28T03:40:14Z,2026-08-11T03:40:13Z
8675864812,usdjpy-raw-ticks-2022-04-30-30315092496-2,7180,False,2026-07-28T03:40:14Z,2026-08-11T03:40:13Z
8675863677,usdjpy-raw-ticks-2022-09-21-30315092496-2,3585493,False,2026-07-28T03:40:10Z,2026-08-11T03:40:08Z
8675863382,usdjpy-raw-ticks-2022-04-11-30315092496-2,1754487,False,2026-07-28T03:40:09Z,2026-08-11T03:40:07Z
8675860128,usdjpy-raw-ticks-2022-09-23-30315092496-2,3778565,False,2026-07-28T03:39:57Z,2026-08-11T03:39:55Z
8675859929,usdjpy-raw-ticks-2022-09-13-30315092496-2,3862629,False,2026-07-28T03:39:56Z,2026-08-11T03:39:55Z
8675858647,usdjpy-raw-ticks-2022-10-28-30315092496-2,3099427,False,2026-07-28T03:39:51Z,2026-08-11T03:39:50Z
8675858206,usdjpy-raw-ticks-2022-09-08-30315092496-2,2973270,False,2026-07-28T03:39:50Z,2026-08-11T03:39:49Z
8675857499,usdjpy-raw-ticks-2022-09-12-30315092496-2,3093331,False,2026-07-28T03:39:47Z,2026-08-11T03:39:47Z
8675856466,usdjpy-raw-ticks-2022-10-03-30315092496-2,3113885,False,2026-07-28T03:39:43Z,2026-08-11T03:39:43Z
8675856062,usdjpy-raw-ticks-2022-09-15-30315092496-2,3275347,False,2026-07-28T03:39:42Z,2026-08-11T03:39:41Z
8675855372,usdjpy-raw-ticks-2022-09-10-30315092496-2,7180,False,2026-07-28T03:39:39Z,2026-08-11T03:39:38Z
8675854297,usdjpy-raw-ticks-2022-09-04-30315092496-2,134089,False,2026-07-28T03:39:35Z,2026-08-11T03:39:35Z
8675853960,usdjpy-raw-ticks-2022-09-27-30315092496-2,3547418,False,2026-07-28T03:39:34Z,2026-08-11T03:39:32Z
8675853782,usdjpy-raw-ticks-2022-10-06-30315092496-2,2391043,False,2026-07-28T03:39:33Z,2026-08-11T03:39:32Z
8675852812,usdjpy-raw-ticks-2022-09-29-30315092496-2,3495905,False,2026-07-28T03:39:29Z,2026-08-11T03:39:29Z
8675851970,usdjpy-raw-ticks-2022-09-26-30315092496-2,4297409,False,2026-07-28T03:39:26Z,2026-08-11T03:39:26Z
8675850724,usdjpy-raw-ticks-2022-10-22-30315092496-2,7180,False,2026-07-28T03:39:22Z,2026-08-11T03:39:21Z
8675847734,usdjpy-raw-ticks-2022-10-14-30315092496-2,2894463,False,2026-07-28T03:39:11Z,2026-08-11T03:39:10Z
8675847535,usdjpy-raw-ticks-2022-09-17-30315092496-2,7180,False,2026-07-28T03:39:10Z,2026-08-11T03:39:10Z
8675847341,usdjpy-raw-ticks-2022-09-07-30315092496-2,3616444,False,2026-07-28T03:39:10Z,2026-08-11T03:39:09Z
8675846752,usdjpy-raw-ticks-2022-10-17-30315092496-2,2298474,False,2026-07-28T03:39:08Z,2026-08-11T03:39:06Z
8675845986,usdjpy-raw-ticks-2022-10-08-30315092496-2,7180,False,2026-07-28T03:39:04Z,2026-08-11T03:39:04Z
8675845820,usdjpy-raw-ticks-2022-10-04-30315092496-2,2867756,False,2026-07-28T03:39:04Z,2026-08-11T03:39:03Z
8675845121,usdjpy-raw-ticks-2022-09-30-30315092496-2,3213850,False,2026-07-28T03:39:01Z,2026-08-11T03:39:00Z
8675844606,usdjpy-raw-ticks-2022-09-19-30315092496-2,2073932,False,2026-07-28T03:38:59Z,2026-08-11T03:38:58Z
8675844502,usdjpy-raw-ticks-2022-03-18-30315092496-2,802912,False,2026-07-28T03:38:58Z,2026-08-11T03:38:57Z
8675844391,usdjpy-raw-ticks-2022-10-10-30315092496-2,1793525,False,2026-07-28T03:38:58Z,2026-08-11T03:38:57Z
8675844295,usdjpy-raw-ticks-2022-10-12-30315092496-2,2818330,False,2026-07-28T03:38:57Z,2026-08-11T03:38:57Z
8675844274,usdjpy-raw-ticks-2022-09-20-30315092496-2,2255590,False,2026-07-28T03:38:57Z,2026-08-11T03:38:56Z
8675844205,usdjpy-raw-ticks-2022-11-01-30315092496-2,2997495,False,2026-07-28T03:38:57Z,2026-08-11T03:38:57Z
8675844203,usdjpy-raw-ticks-2022-10-30-30315092496-2,161940,False,2026-07-28T03:38:57Z,2026-08-11T03:38:56Z
8675843481,usdjpy-raw-ticks-2022-09-16-30315092496-2,2323682,False,2026-07-28T03:38:54Z,2026-08-11T03:38:54Z
8675840952,usdjpy-raw-ticks-2022-03-16-30315092496-2,1248635,False,2026-07-28T03:38:44Z,2026-08-11T03:38:44Z
8675840914,usdjpy-raw-ticks-2022-10-29-30315092496-2,7180,False,2026-07-28T03:38:44Z,2026-08-11T03:38:44Z
8675839214,usdjpy-raw-ticks-2022-09-22-30315092496-2,5009386,False,2026-07-28T03:38:38Z,2026-08-11T03:38:37Z
8675839213,usdjpy-raw-ticks-2022-10-23-30315092496-2,448056,False,2026-07-28T03:38:38Z,2026-08-11T03:38:37Z
8675838502,usdjpy-raw-ticks-2022-04-25-30315092496-2,2516770,False,2026-07-28T03:38:35Z,2026-08-11T03:38:34Z
8675837442,usdjpy-raw-ticks-2022-10-24-30315092496-2,3144821,False,2026-07-28T03:38:31Z,2026-08-11T03:38:29Z
8675836740,usdjpy-raw-ticks-2022-10-21-30315092496-2,3802074,False,2026-07-28T03:38:28Z,2026-08-11T03:38:27Z
8675834686,usdjpy-raw-ticks-2022-10-15-30315092496-2,7180,False,2026-07-28T03:38:20Z,2026-08-11T03:38:19Z
8675834198,usdjpy-raw-ticks-2022-09-18-30315092496-2,152458,False,2026-07-28T03:38:18Z,2026-08-11T03:38:18Z
8675834120,usdjpy-raw-ticks-2022-09-25-30315092496-2,234177,False,2026-07-28T03:38:18Z,2026-08-11T03:38:17Z
8675833576,usdjpy-raw-ticks-2022-03-28-30315092496-2,2523865,False,2026-07-28T03:38:16Z,2026-08-11T03:38:14Z
8675833528,usdjpy-raw-ticks-2022-04-07-30315092496-2,1299502,False,2026-07-28T03:38:15Z,2026-08-11T03:38:15Z
8675833241,usdjpy-raw-ticks-2022-05-05-30315092496-2,2253368,False,2026-07-28T03:38:14Z,2026-08-11T03:38:13Z
8675832941,usdjpy-raw-ticks-2022-09-09-30315092496-2,3732632,False,2026-07-28T03:38:13Z,2026-08-11T03:38:11Z
8675832126,usdjpy-raw-ticks-2022-03-10-30315092496-2,1106064,False,2026-07-28T03:38:10Z,2026-08-11T03:38:10Z
8675832118,usdjpy-raw-ticks-2022-05-02-30315092496-2,1877070,False,2026-07-28T03:38:10Z,2026-08-11T03:38:09Z
8675832106,usdjpy-raw-ticks-2022-10-31-30315092496-2,2374003,False,2026-07-28T03:38:10Z,2026-08-11T03:38:09Z
8675831490,usdjpy-raw-ticks-2022-03-08-30315092496-2,1362586,False,2026-07-28T03:38:08Z,2026-08-11T03:38:07Z
8675830729,usdjpy-raw-ticks-2022-09-06-30315092496-2,2707872,False,2026-07-28T03:38:05Z,2026-08-11T03:38:04Z
8675829997,usdjpy-raw-ticks-2022-10-16-30315092496-2,212629,False,2026-07-28T03:38:02Z,2026-08-11T03:38:01Z
8675829692,usdjpy-raw-ticks-2022-03-12-30315092496-2,7180,False,2026-07-28T03:38:00Z,2026-08-11T03:38:00Z
8675828480,usdjpy-raw-ticks-2022-03-11-30315092496-2,1106536,False,2026-07-28T03:37:55Z,2026-08-11T03:37:54Z
8675827707,usdjpy-raw-ticks-2022-04-14-30315092496-2,1838048,False,2026-07-28T03:37:52Z,2026-08-11T03:37:52Z
8675826847,usdjpy-raw-ticks-2022-09-05-30315092496-2,1810831,False,2026-07-28T03:37:49Z,2026-08-11T03:37:48Z
8675825963,usdjpy-raw-ticks-2022-10-11-30315092496-2,2412216,False,2026-07-28T03:37:45Z,2026-08-11T03:37:45Z
8675824721,usdjpy-raw-ticks-2022-04-08-30315092496-2,1235040,False,2026-07-28T03:37:40Z,2026-08-11T03:37:39Z
8675824298,usdjpy-raw-ticks-2022-03-23-30315092496-2,1242400,False,2026-07-28T03:37:38Z,2026-08-11T03:37:37Z
8675823402,usdjpy-raw-ticks-2022-10-18-30315092496-2,2383495,False,2026-07-28T03:37:35Z,2026-08-11T03:37:34Z
8675822811,usdjpy-raw-ticks-2022-03-07-30315092496-2,1429553,False,2026-07-28T03:37:33Z,2026-08-11T03:37:31Z
8675822264,usdjpy-raw-ticks-2022-10-02-30315092496-2,199157,False,2026-07-28T03:37:30Z,2026-08-11T03:37:30Z
8675820752,usdjpy-raw-ticks-2022-03-15-30315092496-2,1165979,False,2026-07-28T03:37:24Z,2026-08-11T03:37:23Z
8675818836,usdjpy-raw-ticks-2022-04-19-30315092496-2,2283579,False,2026-07-28T03:37:17Z,2026-08-11T03:37:16Z
8675818304,usdjpy-raw-ticks-2022-03-06-30315092496-2,142125,False,2026-07-28T03:37:15Z,2026-08-11T03:37:14Z
8675816905,usdjpy-raw-ticks-2022-03-14-30315092496-2,1006209,False,2026-07-28T03:37:10Z,2026-08-11T03:37:09Z
8675816417,usdjpy-raw-ticks-2022-05-01-30315092496-2,174204,False,2026-07-28T03:37:08Z,2026-08-11T03:37:07Z
8675816205,usdjpy-raw-ticks-2022-03-17-30315092496-2,1112970,False,2026-07-28T03:37:07Z,2026-08-11T03:37:06Z
8675815871,usdjpy-raw-ticks-2022-04-06-30315092496-2,1618566,False,2026-07-28T03:37:06Z,2026-08-11T03:37:05Z
8675811963,usdjpy-raw-ticks-2022-03-29-30315092496-2,2512704,False,2026-07-28T03:36:51Z,2026-08-11T03:36:50Z
8675811793,usdjpy-raw-ticks-2022-05-04-30315092496-2,1859714,False,2026-07-28T03:36:50Z,2026-08-11T03:36:49Z
8675810501,usdjpy-raw-ticks-2022-03-31-30315092496-2,2303610,False,2026-07-28T03:36:46Z,2026-08-11T03:36:45Z
8675803412,usdjpy-raw-ticks-2022-03-20-30315092496-2,64270,False,2026-07-28T03:36:19Z,2026-08-11T03:36:18Z
8675802928,usdjpy-raw-ticks-2022-04-12-30315092496-2,1790656,False,2026-07-28T03:36:16Z,2026-08-11T03:36:15Z
8675800814,usdjpy-raw-ticks-2022-08-29-30315092496-2,2120419,False,2026-07-28T03:36:09Z,2026-08-11T03:36:08Z
8675799791,usdjpy-raw-ticks-2022-03-13-30315092496-2,78588,False,2026-07-28T03:36:05Z,2026-08-11T03:36:04Z
8675796946,usdjpy-raw-ticks-2022-04-13-30315092496-2,1917228,False,2026-07-28T03:35:54Z,2026-08-11T03:35:54Z
8675796609,usdjpy-raw-ticks-2022-04-09-30315092496-2,7180,False,2026-07-28T03:35:53Z,2026-08-11T03:35:52Z
8675794357,usdjpy-raw-ticks-2022-03-21-30315092496-2,698114,False,2026-07-28T03:35:44Z,2026-08-11T03:35:44Z
8675792167,usdjpy-raw-ticks-2022-04-16-30315092496-2,7180,False,2026-07-28T03:35:36Z,2026-08-11T03:35:35Z
8675790387,usdjpy-raw-ticks-2022-04-10-30315092496-2,90952,False,2026-07-28T03:35:29Z,2026-08-11T03:35:28Z
8675787234,usdjpy-raw-ticks-2022-04-21-30315092496-2,2072221,False,2026-07-28T03:35:16Z,2026-08-11T03:35:15Z
8675786531,usdjpy-raw-ticks-2022-03-24-30315092496-2,1274411,False,2026-07-28T03:35:13Z,2026-08-11T03:35:13Z
8675786493,usdjpy-raw-ticks-2022-03-27-30315092496-2,91398,False,2026-07-28T03:35:13Z,2026-08-11T03:35:13Z
8675784049,usdjpy-raw-ticks-2022-04-02-30315092496-2,7180,False,2026-07-28T03:35:04Z,2026-08-11T03:35:03Z
8675782994,usdjpy-raw-ticks-2022-08-10-30315092496-2,2566969,False,2026-07-28T03:35:00Z,2026-08-11T03:34:59Z
8675777231,usdjpy-raw-ticks-2022-07-25-30315092496-2,1808172,False,2026-07-28T03:34:38Z,2026-08-11T03:34:37Z
8675777176,usdjpy-raw-ticks-2022-04-05-30315092496-2,1483464,False,2026-07-28T03:34:38Z,2026-08-11T03:34:37Z
8675774978,usdjpy-raw-ticks-2022-08-24-30315092496-2,2189932,False,2026-07-28T03:34:29Z,2026-08-11T03:34:28Z
8675769641,usdjpy-raw-ticks-2022-08-18-30315092496-2,2198197,False,2026-07-28T03:34:08Z,2026-08-11T03:34:07Z
8675769598,usdjpy-raw-ticks-2022-04-22-30315092496-2,2209137,False,2026-07-28T03:34:08Z,2026-08-11T03:34:07Z
8675767525,usdjpy-raw-ticks-2022-05-03-30315092496-2,1430573,False,2026-07-28T03:33:59Z,2026-08-11T03:33:59Z
8675762629,usdjpy-raw-ticks-2022-04-27-30315092496-2,2042838,False,2026-07-28T03:33:39Z,2026-08-11T03:33:38Z
8675762408,usdjpy-raw-ticks-2022-04-23-30315092496-2,7180,False,2026-07-28T03:33:38Z,2026-08-11T03:33:38Z
8675760467,usdjpy-raw-ticks-2022-03-09-30315092496-2,1051546,False,2026-07-28T03:33:30Z,2026-08-11T03:33:29Z
8675759725,usdjpy-raw-ticks-2022-03-25-30315092496-2,1636658,False,2026-07-28T03:33:27Z,2026-08-11T03:33:26Z
8675759432,usdjpy-raw-ticks-2022-03-26-30315092496-2,7180,False,2026-07-28T03:33:26Z,2026-08-11T03:33:26Z
8675759175,usdjpy-raw-ticks-2022-04-20-30315092496-2,2725535,False,2026-07-28T03:33:25Z,2026-08-11T03:33:24Z
8675758007,usdjpy-raw-ticks-2022-03-19-30315092496-2,7180,False,2026-07-28T03:33:21Z,2026-08-11T03:33:20Z
8675757449,usdjpy-raw-ticks-2022-08-30-30315092496-2,2442584,False,2026-07-28T03:33:18Z,2026-08-11T03:33:17Z
8675755461,usdjpy-raw-ticks-2022-03-30-30315092496-2,2429458,False,2026-07-28T03:33:10Z,2026-08-11T03:33:08Z
8675754497,usdjpy-raw-ticks-2022-07-24-30315092496-2,122515,False,2026-07-28T03:33:06Z,2026-08-11T03:33:06Z
8675754034,usdjpy-raw-ticks-2022-08-31-30315092496-2,2391764,False,2026-07-28T03:33:04Z,2026-08-11T03:33:03Z
8675753671,usdjpy-raw-ticks-2022-03-22-30315092496-2,1475717,False,2026-07-28T03:33:03Z,2026-08-11T03:33:02Z
8675752821,usdjpy-raw-ticks-2022-05-07-30315092496-2,7180,False,2026-07-28T03:32:59Z,2026-08-11T03:32:59Z
8675752249,usdjpy-raw-ticks-2022-07-31-30315092496-2,117329,False,2026-07-28T03:32:57Z,2026-08-11T03:32:56Z
8675750945,usdjpy-raw-ticks-2022-09-02-30315092496-2,2181144,False,2026-07-28T03:32:53Z,2026-08-11T03:32:52Z
8675748694,usdjpy-raw-ticks-2022-08-14-30315092496-2,121142,False,2026-07-28T03:32:44Z,2026-08-11T03:32:43Z
8675747295,usdjpy-raw-ticks-2022-07-28-30315092496-2,2781047,False,2026-07-28T03:32:39Z,2026-08-11T03:32:37Z
8675746961,usdjpy-raw-ticks-2022-08-01-30315092496-2,2922623,False,2026-07-28T03:32:38Z,2026-08-11T03:32:37Z
8675746665,usdjpy-raw-ticks-2022-08-05-30315092496-2,2670942,False,2026-07-28T03:32:36Z,2026-08-11T03:32:35Z
8675746640,usdjpy-raw-ticks-2022-08-17-30315092496-2,2289916,False,2026-07-28T03:32:36Z,2026-08-11T03:32:35Z
8675745023,usdjpy-raw-ticks-2022-08-03-30315092496-2,3493321,False,2026-07-28T03:32:30Z,2026-08-11T03:32:29Z
8675744671,usdjpy-raw-ticks-2022-09-01-30315092496-2,2544335,False,2026-07-28T03:32:29Z,2026-08-11T03:32:27Z
8675744402,usdjpy-raw-ticks-2022-08-22-30315092496-2,2044336,False,2026-07-28T03:32:27Z,2026-08-11T03:32:26Z
8675743867,usdjpy-raw-ticks-2022-08-04-30315092496-2,2926207,False,2026-07-28T03:32:25Z,2026-08-11T03:32:24Z
8675743095,usdjpy-raw-ticks-2022-08-28-30315092496-2,166937,False,2026-07-28T03:32:22Z,2026-08-11T03:32:21Z
8675742388,usdjpy-raw-ticks-2022-07-29-30315092496-2,2955038,False,2026-07-28T03:32:19Z,2026-08-11T03:32:18Z
8675741354,usdjpy-raw-ticks-2022-08-07-30315092496-2,197794,False,2026-07-28T03:32:15Z,2026-08-11T03:32:14Z
8675740741,usdjpy-raw-ticks-2022-07-30-30315092496-2,7180,False,2026-07-28T03:32:12Z,2026-08-11T03:32:11Z
8675740368,usdjpy-raw-ticks-2022-08-11-30315092496-2,2550755,False,2026-07-28T03:32:11Z,2026-08-11T03:32:09Z
8675739776,usdjpy-raw-ticks-2022-08-13-30315092496-2,7180,False,2026-07-28T03:32:09Z,2026-08-11T03:32:08Z
8675737849,usdjpy-raw-ticks-2022-08-15-30315092496-2,2079256,False,2026-07-28T03:32:02Z,2026-08-11T03:32:00Z
8675737445,usdjpy-raw-ticks-2022-08-27-30315092496-2,7180,False,2026-07-28T03:32:00Z,2026-08-11T03:31:59Z
8675737368,usdjpy-raw-ticks-2022-08-08-30315092496-2,2228875,False,2026-07-28T03:32:00Z,2026-08-11T03:31:59Z
8675736335,usdjpy-raw-ticks-2022-07-26-30315092496-2,1567917,False,2026-07-28T03:31:56Z,2026-08-11T03:31:55Z
8675735825,usdjpy-raw-ticks-2022-07-07-30315092496-2,1875728,False,2026-07-28T03:31:53Z,2026-08-11T03:31:53Z
8675735130,usdjpy-raw-ticks-2022-08-12-30315092496-2,2220702,False,2026-07-28T03:31:51Z,2026-08-11T03:31:50Z
8675734623,usdjpy-raw-ticks-2022-07-27-30315092496-2,2017319,False,2026-07-28T03:31:49Z,2026-08-11T03:31:47Z
8675733694,usdjpy-raw-ticks-2022-07-13-30315092496-2,1874417,False,2026-07-28T03:31:45Z,2026-08-11T03:31:44Z
8675733062,usdjpy-raw-ticks-2022-07-18-30315092496-2,1685305,False,2026-07-28T03:31:43Z,2026-08-11T03:31:42Z
8675732531,usdjpy-raw-ticks-2022-02-24-30315092496-2,2503017,False,2026-07-28T03:31:41Z,2026-08-11T03:31:39Z
8675731520,usdjpy-raw-ticks-2022-07-16-30315092496-2,7180,False,2026-07-28T03:31:37Z,2026-08-11T03:31:36Z
8675730482,usdjpy-raw-ticks-2022-01-26-30315092496-2,1106726,False,2026-07-28T03:31:33Z,2026-08-11T03:31:32Z
8675728545,usdjpy-raw-ticks-2022-07-17-30315092496-2,86375,False,2026-07-28T03:31:26Z,2026-08-11T03:31:25Z
8675728248,usdjpy-raw-ticks-2022-01-29-30315092496-2,7180,False,2026-07-28T03:31:25Z,2026-08-11T03:31:24Z
8675727764,usdjpy-raw-ticks-2022-01-12-30315092496-2,955038,False,2026-07-28T03:31:23Z,2026-08-11T03:31:21Z
8675727131,usdjpy-raw-ticks-2022-03-03-30315092496-2,997433,False,2026-07-28T03:31:20Z,2026-08-11T03:31:19Z
8675727129,usdjpy-raw-ticks-2022-08-06-30315092496-2,7180,False,2026-07-28T03:31:20Z,2026-08-11T03:31:20Z
8675727122,usdjpy-raw-ticks-2022-03-02-30315092496-2,1334295,False,2026-07-28T03:31:20Z,2026-08-11T03:31:19Z
8675725494,usdjpy-raw-ticks-2022-02-22-30315092496-2,1441083,False,2026-07-28T03:31:14Z,2026-08-11T03:31:13Z
8675725306,usdjpy-raw-ticks-2022-02-23-30315092496-2,816732,False,2026-07-28T03:31:13Z,2026-08-11T03:31:13Z
8675725263,usdjpy-raw-ticks-2022-08-02-30315092496-2,3516232,False,2026-07-28T03:31:13Z,2026-08-11T03:31:12Z
8675725241,usdjpy-raw-ticks-2022-02-08-30315092496-2,935369,False,2026-07-28T03:31:13Z,2026-08-11T03:31:12Z
8675724619,usdjpy-raw-ticks-2022-02-19-30315092496-2,7180,False,2026-07-28T03:31:11Z,2026-08-11T03:31:10Z
8675724295,usdjpy-raw-ticks-2022-01-03-30315092496-2,706647,False,2026-07-28T03:31:10Z,2026-08-11T03:31:09Z
8675724243,usdjpy-raw-ticks-2022-02-18-30315092496-2,1120470,False,2026-07-28T03:31:09Z,2026-08-11T03:31:08Z
8675723912,usdjpy-raw-ticks-2022-07-11-30315092496-2,1585158,False,2026-07-28T03:31:08Z,2026-08-11T03:31:07Z
8675723400,usdjpy-raw-ticks-2022-07-04-30315092496-2,1487740,False,2026-07-28T03:31:06Z,2026-08-11T03:31:05Z
8675723151,usdjpy-raw-ticks-2022-02-25-30315092496-2,1460814,False,2026-07-28T03:31:05Z,2026-08-11T03:31:04Z
8675722104,usdjpy-raw-ticks-2022-03-04-30315092496-2,1500103,False,2026-07-28T03:31:01Z,2026-08-11T03:31:00Z
8675722044,usdjpy-raw-ticks-2022-07-02-30315092496-2,7180,False,2026-07-28T03:31:01Z,2026-08-11T03:31:00Z
8675721821,usdjpy-raw-ticks-2022-02-04-30315092496-2,1129639,False,2026-07-28T03:31:00Z,2026-08-11T03:30:59Z
8675720785,usdjpy-raw-ticks-2022-08-19-30315092496-2,2012408,False,2026-07-28T03:30:56Z,2026-08-11T03:30:55Z
8675720084,usdjpy-raw-ticks-2022-07-06-30315092496-2,2634103,False,2026-07-28T03:30:54Z,2026-08-11T03:30:53Z
8675719668,usdjpy-raw-ticks-2022-01-08-30315092496-2,7180,False,2026-07-28T03:30:52Z,2026-08-11T03:30:51Z
8675717824,usdjpy-raw-ticks-2022-07-19-30315092496-2,1942377,False,2026-07-28T03:30:45Z,2026-08-11T03:30:43Z
8675717525,usdjpy-raw-ticks-2022-07-15-30315092496-2,1993704,False,2026-07-28T03:30:44Z,2026-08-11T03:30:43Z
8675717328,usdjpy-raw-ticks-2022-02-20-30315092496-2,83449,False,2026-07-28T03:30:43Z,2026-08-11T03:30:42Z
8675716963,usdjpy-raw-ticks-2022-07-23-30315092496-2,7180,False,2026-07-28T03:30:42Z,2026-08-11T03:30:41Z
8675716647,usdjpy-raw-ticks-2022-02-06-30315092496-2,69014,False,2026-07-28T03:30:40Z,2026-08-11T03:30:40Z
8675716297,usdjpy-raw-ticks-2022-01-18-30315092496-2,1218597,False,2026-07-28T03:30:39Z,2026-08-11T03:30:38Z
8675716152,usdjpy-raw-ticks-2022-08-16-30315092496-2,2034568,False,2026-07-28T03:30:39Z,2026-08-11T03:30:38Z
8675715442,usdjpy-raw-ticks-2022-02-15-30315092496-2,1191681,False,2026-07-28T03:30:36Z,2026-08-11T03:30:34Z
8675715414,usdjpy-raw-ticks-2022-02-14-30315092496-2,1563992,False,2026-07-28T03:30:36Z,2026-08-11T03:30:35Z
8675713766,usdjpy-raw-ticks-2022-01-05-30315092496-2,1042737,False,2026-07-28T03:30:29Z,2026-08-11T03:30:28Z
8675713719,usdjpy-raw-ticks-2022-07-08-30315092496-2,2274224,False,2026-07-28T03:30:29Z,2026-08-11T03:30:27Z
8675712963,usdjpy-raw-ticks-2022-07-01-30315092496-2,2470485,False,2026-07-28T03:30:26Z,2026-08-11T03:30:25Z
8675711149,usdjpy-raw-ticks-2022-01-17-30315092496-2,624926,False,2026-07-28T03:30:19Z,2026-08-11T03:30:18Z
8675710985,usdjpy-raw-ticks-2022-03-05-30315092496-2,7180,False,2026-07-28T03:30:18Z,2026-08-11T03:30:18Z
8675708767,usdjpy-raw-ticks-2022-02-10-30315092496-2,1346939,False,2026-07-28T03:30:09Z,2026-08-11T03:30:08Z
8675707249,usdjpy-raw-ticks-2022-01-24-30315092496-2,1322751,False,2026-07-28T03:30:03Z,2026-08-11T03:30:01Z
8675706320,usdjpy-raw-ticks-2022-01-13-30315092496-2,927176,False,2026-07-28T03:29:59Z,2026-08-11T03:29:58Z
8675706250,usdjpy-raw-ticks-2022-01-14-30315092496-2,1194635,False,2026-07-28T03:29:59Z,2026-08-11T03:29:58Z
8675705570,usdjpy-raw-ticks-2022-01-22-30315092496-2,7180,False,2026-07-28T03:29:56Z,2026-08-11T03:29:56Z
8675705229,usdjpy-raw-ticks-2022-01-02-30315092496-2,38880,False,2026-07-28T03:29:55Z,2026-08-11T03:29:55Z
8675704906,usdjpy-raw-ticks-2022-08-25-30315092496-2,2171647,False,2026-07-28T03:29:54Z,2026-08-11T03:29:53Z
8675702583,usdjpy-raw-ticks-2022-02-16-30315092496-2,1046962,False,2026-07-28T03:29:45Z,2026-08-11T03:29:44Z
8675701642,usdjpy-raw-ticks-2022-08-21-30315092496-2,147555,False,2026-07-28T03:29:41Z,2026-08-11T03:29:40Z
8675698884,usdjpy-raw-ticks-2022-08-26-30315092496-2,2288010,False,2026-07-28T03:29:30Z,2026-08-11T03:29:30Z
8675698741,usdjpy-raw-ticks-2022-02-13-30315092496-2,118881,False,2026-07-28T03:29:30Z,2026-08-11T03:29:29Z
8675698499,usdjpy-raw-ticks-2022-07-12-30315092496-2,1713465,False,2026-07-28T03:29:29Z,2026-08-11T03:29:28Z
8675698498,usdjpy-raw-ticks-2022-02-01-30315092496-2,1083939,False,2026-07-28T03:29:29Z,2026-08-11T03:29:28Z
8675697813,usdjpy-raw-ticks-2022-02-21-30315092496-2,923032,False,2026-07-28T03:29:26Z,2026-08-11T03:29:26Z
8675696830,usdjpy-raw-ticks-2022-01-10-30315092496-2,948764,False,2026-07-28T03:29:22Z,2026-08-11T03:29:21Z
8675692233,usdjpy-raw-ticks-2022-01-09-30315092496-2,52753,False,2026-07-28T03:29:04Z,2026-08-11T03:29:04Z
8675691590,usdjpy-raw-ticks-2022-02-02-30315092496-2,891486,False,2026-07-28T03:29:02Z,2026-08-11T03:29:00Z
8675690744,usdjpy-raw-ticks-2022-01-16-30315092496-2,57462,False,2026-07-28T03:28:58Z,2026-08-11T03:28:57Z
8675685834,usdjpy-raw-ticks-2022-02-26-30315092496-2,7180,False,2026-07-28T03:28:39Z,2026-08-11T03:28:39Z
8675682484,usdjpy-raw-ticks-2022-07-05-30315092496-2,2349604,False,2026-07-28T03:28:26Z,2026-08-11T03:28:25Z
8675681983,usdjpy-raw-ticks-2022-02-11-30315092496-2,1293416,False,2026-07-28T03:28:24Z,2026-08-11T03:28:23Z
8675681370,usdjpy-raw-ticks-2022-01-28-30315092496-2,1229367,False,2026-07-28T03:28:22Z,2026-08-11T03:28:21Z
8675681141,usdjpy-raw-ticks-2022-01-01-30315092496-2,7180,False,2026-07-28T03:28:21Z,2026-08-11T03:28:20Z
8675679785,usdjpy-raw-ticks-2022-07-22-30315092496-2,2493755,False,2026-07-28T03:28:15Z,2026-08-11T03:28:14Z
8675672091,usdjpy-raw-ticks-2022-07-03-30315092496-2,134133,False,2026-07-28T03:27:46Z,2026-08-11T03:27:45Z
8675671370,usdjpy-raw-ticks-2022-02-12-30315092496-2,7180,False,2026-07-28T03:27:43Z,2026-08-11T03:27:42Z
8675668181,usdjpy-raw-ticks-2022-07-14-30315092496-2,2824920,False,2026-07-28T03:27:30Z,2026-08-11T03:27:29Z
8675667969,usdjpy-raw-ticks-2022-01-06-30315092496-2,1030945,False,2026-07-28T03:27:29Z,2026-08-11T03:27:28Z
8675665691,usdjpy-raw-ticks-2022-08-20-30315092496-2,7180,False,2026-07-28T03:27:20Z,2026-08-11T03:27:19Z
8675663696,usdjpy-raw-ticks-2022-08-09-30315092496-2,1734169,False,2026-07-28T03:27:11Z,2026-08-11T03:27:11Z
8675663219,usdjpy-raw-ticks-2022-07-20-30315092496-2,1677600,False,2026-07-28T03:27:09Z,2026-08-11T03:27:09Z
8675660794,usdjpy-raw-ticks-2022-01-07-30315092496-2,829008,False,2026-07-28T03:27:00Z,2026-08-11T03:26:59Z
8675660418,usdjpy-raw-ticks-2022-08-23-30315092496-2,2480504,False,2026-07-28T03:26:59Z,2026-08-11T03:26:58Z
8675659233,usdjpy-raw-ticks-2022-01-20-30315092496-2,1061498,False,2026-07-28T03:26:54Z,2026-08-11T03:26:52Z
8675658342,usdjpy-raw-ticks-2022-07-09-30315092496-2,7180,False,2026-07-28T03:26:50Z,2026-08-11T03:26:50Z
8675656577,usdjpy-raw-ticks-2022-01-25-30315092496-2,1354841,False,2026-07-28T03:26:43Z,2026-08-11T03:26:42Z
8675655302,usdjpy-raw-ticks-2022-01-11-30315092496-2,977915,False,2026-07-28T03:26:38Z,2026-08-11T03:26:38Z
8675654262,usdjpy-raw-ticks-2022-01-30-30315092496-2,73162,False,2026-07-28T03:26:34Z,2026-08-11T03:26:34Z
8675653911,usdjpy-raw-ticks-2022-07-21-30315092496-2,2629859,False,2026-07-28T03:26:33Z,2026-08-11T03:26:32Z
8675652057,usdjpy-raw-ticks-2020-12-30-30315092496-2,836434,False,2026-07-28T03:26:26Z,2026-08-11T03:26:25Z
8675652011,usdjpy-raw-ticks-2022-01-23-30315092496-2,61621,False,2026-07-28T03:26:25Z,2026-08-11T03:26:24Z
8675651548,usdjpy-raw-ticks-2022-02-07-30315092496-2,948539,False,2026-07-28T03:26:23Z,2026-08-11T03:26:22Z
8675651323,usdjpy-raw-ticks-2022-03-01-30315092496-2,1306627,False,2026-07-28T03:26:22Z,2026-08-11T03:26:22Z
8675651231,usdjpy-raw-ticks-2022-01-21-30315092496-2,1243170,False,2026-07-28T03:26:22Z,2026-08-11T03:26:21Z
8675650049,usdjpy-raw-ticks-2022-02-27-30315092496-2,179089,False,2026-07-28T03:26:17Z,2026-08-11T03:26:17Z
8675648804,usdjpy-raw-ticks-2020-12-01-30315092496-2,968637,False,2026-07-28T03:26:12Z,2026-08-11T03:26:11Z
8675647926,usdjpy-raw-ticks-2020-12-28-30315092496-2,742899,False,2026-07-28T03:26:09Z,2026-08-11T03:26:08Z
8675645211,usdjpy-raw-ticks-2022-01-27-30315092496-2,1433806,False,2026-07-28T03:25:59Z,2026-08-11T03:25:58Z
8675644590,usdjpy-raw-ticks-2022-07-10-30315092496-2,84897,False,2026-07-28T03:25:56Z,2026-08-11T03:25:55Z
8675642951,usdjpy-raw-ticks-2022-01-19-30315092496-2,1095842,False,2026-07-28T03:25:50Z,2026-08-11T03:25:49Z
8675642744,usdjpy-raw-ticks-2022-01-31-30315092496-2,1113880,False,2026-07-28T03:25:49Z,2026-08-11T03:25:48Z
8675642727,usdjpy-raw-ticks-2022-02-03-30315092496-2,1146302,False,2026-07-28T03:25:49Z,2026-08-11T03:25:48Z
8675642001,usdjpy-raw-ticks-2022-02-05-30315092496-2,7180,False,2026-07-28T03:25:46Z,2026-08-11T03:25:46Z
8675641962,usdjpy-raw-ticks-2020-12-15-30315092496-2,781131,False,2026-07-28T03:25:46Z,2026-08-11T03:25:45Z
8675641916,usdjpy-raw-ticks-2022-02-17-30315092496-2,1617879,False,2026-07-28T03:25:46Z,2026-08-11T03:25:45Z
8675641677,usdjpy-raw-ticks-2022-02-28-30315092496-2,1422777,False,2026-07-28T03:25:45Z,2026-08-11T03:25:45Z
8675640992,usdjpy-raw-ticks-2022-01-04-30315092496-2,1080837,False,2026-07-28T03:25:43Z,2026-08-11T03:25:41Z
8675638446,usdjpy-raw-ticks-2022-02-09-30315092496-2,843297,False,2026-07-28T03:25:33Z,2026-08-11T03:25:31Z
8675638368,usdjpy-raw-ticks-2020-11-23-30315092496-2,955581,False,2026-07-28T03:25:33Z,2026-08-11T03:25:32Z
8675637935,usdjpy-raw-ticks-2020-12-29-30315092496-2,714809,False,2026-07-28T03:25:31Z,2026-08-11T03:25:30Z
8675637613,usdjpy-raw-ticks-2022-01-15-30315092496-2,7180,False,2026-07-28T03:25:30Z,2026-08-11T03:25:29Z
8675634265,usdjpy-raw-ticks-2020-12-08-30315092496-2,854910,False,2026-07-28T03:25:17Z,2026-08-11T03:25:16Z
8675633850,usdjpy-raw-ticks-2020-12-14-30315092496-2,911434,False,2026-07-28T03:25:15Z,2026-08-11T03:25:14Z
8675633704,usdjpy-raw-ticks-2020-11-07-30315092496-2,7180,False,2026-07-28T03:25:15Z,2026-08-11T03:25:14Z
8675633631,usdjpy-raw-ticks-2020-11-25-30315092496-2,980747,False,2026-07-28T03:25:15Z,2026-08-11T03:25:14Z
8675632948,usdjpy-raw-ticks-2020-11-24-30315092496-2,1118475,False,2026-07-28T03:25:12Z,2026-08-11T03:25:11Z
8675631368,usdjpy-raw-ticks-2020-03-13-30315092496-2,4811747,False,2026-07-28T03:25:06Z,2026-08-11T03:25:05Z
8675631147,usdjpy-raw-ticks-2020-11-21-30315092496-2,7180,False,2026-07-28T03:25:05Z,2026-08-11T03:25:05Z
8675629615,usdjpy-raw-ticks-2020-11-29-30315092496-2,41456,False,2026-07-28T03:24:59Z,2026-08-11T03:24:59Z
8675629589,usdjpy-raw-ticks-2020-11-15-30315092496-2,75694,False,2026-07-28T03:24:59Z,2026-08-11T03:24:58Z
8675629316,usdjpy-raw-ticks-2020-12-23-30315092496-2,862337,False,2026-07-28T03:24:58Z,2026-08-11T03:24:58Z
8675629275,usdjpy-raw-ticks-2020-11-16-30315092496-2,1092238,False,2026-07-28T03:24:58Z,2026-08-11T03:24:57Z
8675629242,usdjpy-raw-ticks-2020-12-22-30315092496-2,899234,False,2026-07-28T03:24:58Z,2026-08-11T03:24:57Z
8675628934,usdjpy-raw-ticks-2020-11-10-30315092496-2,1546281,False,2026-07-28T03:24:57Z,2026-08-11T03:24:56Z
8675628774,usdjpy-raw-ticks-2020-12-19-30315092496-2,7180,False,2026-07-28T03:24:56Z,2026-08-11T03:24:56Z
8675628361,usdjpy-raw-ticks-2020-12-02-30315092496-2,987257,False,2026-07-28T03:24:54Z,2026-08-11T03:24:53Z
8675628327,usdjpy-raw-ticks-2020-12-13-30315092496-2,92505,False,2026-07-28T03:24:54Z,2026-08-11T03:24:54Z
8675627715,usdjpy-raw-ticks-2020-11-12-30315092496-2,1069575,False,2026-07-28T03:24:52Z,2026-08-11T03:24:51Z
8675626721,usdjpy-raw-ticks-2020-12-12-30315092496-2,7180,False,2026-07-28T03:24:48Z,2026-08-11T03:24:48Z
8675626286,usdjpy-raw-ticks-2020-12-09-30315092496-2,804587,False,2026-07-28T03:24:47Z,2026-08-11T03:24:46Z
8675625248,usdjpy-raw-ticks-2020-11-09-30315092496-2,1959959,False,2026-07-28T03:24:43Z,2026-08-11T03:24:41Z
8675624067,usdjpy-raw-ticks-2020-11-27-30315092496-2,760793,False,2026-07-28T03:24:38Z,2026-08-11T03:24:37Z
8675623932,usdjpy-raw-ticks-2020-11-14-30315092496-2,7180,False,2026-07-28T03:24:38Z,2026-08-11T03:24:37Z
8675623470,usdjpy-raw-ticks-2020-11-19-30315092496-2,1038196,False,2026-07-28T03:24:36Z,2026-08-11T03:24:36Z
8675622963,usdjpy-raw-ticks-2020-12-06-30315092496-2,59264,False,2026-07-28T03:24:34Z,2026-08-11T03:24:34Z
8675620806,usdjpy-raw-ticks-2020-12-26-30315092496-2,7180,False,2026-07-28T03:24:26Z,2026-08-11T03:24:26Z
8675620275,usdjpy-raw-ticks-2020-11-26-30315092496-2,801409,False,2026-07-28T03:24:25Z,2026-08-11T03:24:23Z
8675620204,usdjpy-raw-ticks-2020-12-04-30315092496-2,1015458,False,2026-07-28T03:24:24Z,2026-08-11T03:24:24Z
8675620097,usdjpy-raw-ticks-2020-11-22-30315092496-2,101100,False,2026-07-28T03:24:24Z,2026-08-11T03:24:23Z
8675619801,usdjpy-raw-ticks-2020-12-31-30315092496-2,681578,False,2026-07-28T03:24:23Z,2026-08-11T03:24:22Z
8675619523,usdjpy-raw-ticks-2020-12-18-30315092496-2,832009,False,2026-07-28T03:24:22Z,2026-08-11T03:24:21Z
8675619133,usdjpy-raw-ticks-2020-12-27-30315092496-2,46183,False,2026-07-28T03:24:20Z,2026-08-11T03:24:20Z
8675618659,usdjpy-raw-ticks-2020-11-08-30315092496-2,112472,False,2026-07-28T03:24:18Z,2026-08-11T03:24:17Z
8675618261,usdjpy-raw-ticks-2020-11-13-30315092496-2,919053,False,2026-07-28T03:24:17Z,2026-08-11T03:24:16Z
8675618161,usdjpy-raw-ticks-2020-11-28-30315092496-2,7180,False,2026-07-28T03:24:16Z,2026-08-11T03:24:16Z
8675618125,usdjpy-raw-ticks-2020-11-06-30315092496-2,1548595,False,2026-07-28T03:24:16Z,2026-08-11T03:24:15Z
8675617908,usdjpy-raw-ticks-2020-11-30-30315092496-2,1062220,False,2026-07-28T03:24:15Z,2026-08-11T03:24:14Z
8675616806,usdjpy-raw-ticks-2020-11-20-30315092496-2,716690,False,2026-07-28T03:24:11Z,2026-08-11T03:24:10Z
8675616566,usdjpy-raw-ticks-2020-12-21-30315092496-2,1210405,False,2026-07-28T03:24:10Z,2026-08-11T03:24:09Z
8675616357,usdjpy-raw-ticks-2020-12-20-30315092496-2,72169,False,2026-07-28T03:24:09Z,2026-08-11T03:24:09Z
8675616247,usdjpy-raw-ticks-2020-11-18-30315092496-2,979745,False,2026-07-28T03:24:09Z,2026-08-11T03:24:08Z
8675614179,usdjpy-raw-ticks-2020-11-17-30315092496-2,892037,False,2026-07-28T03:24:01Z,2026-08-11T03:24:00Z
8675613709,usdjpy-raw-ticks-2020-12-16-30315092496-2,952791,False,2026-07-28T03:23:59Z,2026-08-11T03:23:58Z
8675613292,usdjpy-raw-ticks-2020-12-05-30315092496-2,7180,False,2026-07-28T03:23:58Z,2026-08-11T03:23:57Z
8675612769,usdjpy-raw-ticks-2020-12-25-30315092496-2,98859,False,2026-07-28T03:23:56Z,2026-08-11T03:23:55Z
8675612054,usdjpy-raw-ticks-2020-12-10-30315092496-2,953245,False,2026-07-28T03:23:53Z,2026-08-11T03:23:53Z
8675611544,usdjpy-raw-ticks-2020-12-24-30315092496-2,685445,False,2026-07-28T03:23:51Z,2026-08-11T03:23:50Z
8675610967,usdjpy-raw-ticks-2020-12-17-30315092496-2,937443,False,2026-07-28T03:23:49Z,2026-08-11T03:23:47Z
8675610351,usdjpy-raw-ticks-2020-05-24-30315092496-2,71088,False,2026-07-28T03:23:46Z,2026-08-11T03:23:45Z
8675610194,usdjpy-raw-ticks-2020-12-11-30315092496-2,854477,False,2026-07-28T03:23:46Z,2026-08-11T03:23:45Z
8675610000,usdjpy-raw-ticks-2020-12-03-30315092496-2,948750,False,2026-07-28T03:23:45Z,2026-08-11T03:23:44Z
8675609577,usdjpy-raw-ticks-2020-06-11-30315092496-2,1722253,False,2026-07-28T03:23:43Z,2026-08-11T03:23:43Z
8675609559,usdjpy-raw-ticks-2020-12-07-30315092496-2,973376,False,2026-07-28T03:23:43Z,2026-08-11T03:23:42Z
8675608922,usdjpy-raw-ticks-2020-11-11-30315092496-2,1086949,False,2026-07-28T03:23:41Z,2026-08-11T03:23:39Z
8675608880,usdjpy-raw-ticks-2020-06-20-30315092496-2,7180,False,2026-07-28T03:23:41Z,2026-08-11T03:23:40Z
8675607730,usdjpy-raw-ticks-2020-05-26-30315092496-2,949827,False,2026-07-28T03:23:36Z,2026-08-11T03:23:35Z
8675607251,usdjpy-raw-ticks-2020-06-16-30315092496-2,1480345,False,2026-07-28T03:23:34Z,2026-08-11T03:23:34Z
8675606943,usdjpy-raw-ticks-2020-05-25-30315092496-2,535418,False,2026-07-28T03:23:33Z,2026-08-11T03:23:32Z
8675606020,usdjpy-raw-ticks-2020-06-08-30315092496-2,1260933,False,2026-07-28T03:23:30Z,2026-08-11T03:23:29Z
8675605736,usdjpy-raw-ticks-2020-06-17-30315092496-2,1096107,False,2026-07-28T03:23:29Z,2026-08-11T03:23:28Z
8675605722,usdjpy-raw-ticks-2020-06-01-30315092496-2,1006759,False,2026-07-28T03:23:29Z,2026-08-11T03:23:28Z
8675604807,usdjpy-raw-ticks-2020-06-21-30315092496-2,109305,False,2026-07-28T03:23:25Z,2026-08-11T03:23:24Z
8675603920,usdjpy-raw-ticks-2020-05-13-30315092496-2,1200120,False,2026-07-28T03:23:22Z,2026-08-11T03:23:21Z
8675603189,usdjpy-raw-ticks-2020-05-19-30315092496-2,1055420,False,2026-07-28T03:23:20Z,2026-08-11T03:23:18Z
8675601926,usdjpy-raw-ticks-2020-05-14-30315092496-2,1089893,False,2026-07-28T03:23:15Z,2026-08-11T03:23:14Z
8675601744,usdjpy-raw-ticks-2020-05-30-30315092496-2,7180,False,2026-07-28T03:23:14Z,2026-08-11T03:23:14Z
8675601311,usdjpy-raw-ticks-2020-05-12-30315092496-2,1050525,False,2026-07-28T03:23:13Z,2026-08-11T03:23:12Z
8675601009,usdjpy-raw-ticks-2020-05-17-30315092496-2,76830,False,2026-07-28T03:23:11Z,2026-08-11T03:23:10Z
8675600162,usdjpy-raw-ticks-2020-06-02-30315092496-2,1223620,False,2026-07-28T03:23:08Z,2026-08-11T03:23:07Z
8675599597,usdjpy-raw-ticks-2020-05-29-30315092496-2,1401468,False,2026-07-28T03:23:06Z,2026-08-11T03:23:05Z
8675599280,usdjpy-raw-ticks-2020-06-30-30315092496-2,1093086,False,2026-07-28T03:23:04Z,2026-08-11T03:23:04Z
8675598941,usdjpy-raw-ticks-2020-06-06-30315092496-2,7180,False,2026-07-28T03:23:03Z,2026-08-11T03:23:03Z
8675598493,usdjpy-raw-ticks-2020-06-24-30315092496-2,1211554,False,2026-07-28T03:23:01Z,2026-08-11T03:23:01Z
8675596137,usdjpy-raw-ticks-2020-06-23-30315092496-2,1464977,False,2026-07-28T03:22:53Z,2026-08-11T03:22:51Z
8675595913,usdjpy-raw-ticks-2020-06-28-30315092496-2,78066,False,2026-07-28T03:22:52Z,2026-08-11T03:22:51Z
8675595143,usdjpy-raw-ticks-2020-06-29-30315092496-2,994898,False,2026-07-28T03:22:49Z,2026-08-11T03:22:48Z
8675595007,usdjpy-raw-ticks-2020-06-18-30315092496-2,1344586,False,2026-07-28T03:22:48Z,2026-08-11T03:22:47Z
8675594401,usdjpy-raw-ticks-2020-06-10-30315092496-2,1516488,False,2026-07-28T03:22:46Z,2026-08-11T03:22:46Z
8675592990,usdjpy-raw-ticks-2020-06-04-30315092496-2,1475200,False,2026-07-28T03:22:42Z,2026-08-11T03:22:40Z
8675592778,usdjpy-raw-ticks-2020-06-25-30315092496-2,1153244,False,2026-07-28T03:22:41Z,2026-08-11T03:22:40Z
8675592271,usdjpy-raw-ticks-2020-06-19-30315092496-2,909051,False,2026-07-28T03:22:39Z,2026-08-11T03:22:39Z
8675591581,usdjpy-raw-ticks-2020-05-09-30315092496-2,7180,False,2026-07-28T03:22:37Z,2026-08-11T03:22:36Z
8675591429,usdjpy-raw-ticks-2020-06-05-30315092496-2,1412341,False,2026-07-28T03:22:36Z,2026-08-11T03:22:35Z
8675589154,usdjpy-raw-ticks-2020-06-22-30315092496-2,907199,False,2026-07-28T03:22:28Z,2026-08-11T03:22:27Z
8675588065,usdjpy-raw-ticks-2020-05-18-30315092496-2,995325,False,2026-07-28T03:22:24Z,2026-08-11T03:22:23Z
8675586518,usdjpy-raw-ticks-2020-05-10-30315092496-2,106685,False,2026-07-28T03:22:17Z,2026-08-11T03:22:17Z
8675586416,usdjpy-raw-ticks-2020-06-15-30315092496-2,1416771,False,2026-07-28T03:22:17Z,2026-08-11T03:22:16Z
8675585558,usdjpy-raw-ticks-2020-05-28-30315092496-2,1033904,False,2026-07-28T03:22:13Z,2026-08-11T03:22:12Z
8675583924,usdjpy-raw-ticks-2020-05-08-30315092496-2,1085426,False,2026-07-28T03:22:07Z,2026-08-11T03:22:06Z
8675583764,usdjpy-raw-ticks-2020-10-11-30315092496-2,78080,False,2026-07-28T03:22:06Z,2026-08-11T03:22:06Z
8675583377,usdjpy-raw-ticks-2020-05-27-30315092496-2,1224545,False,2026-07-28T03:22:05Z,2026-08-11T03:22:04Z
8675581577,usdjpy-raw-ticks-2020-06-12-30315092496-2,1610127,False,2026-07-28T03:21:58Z,2026-08-11T03:21:57Z
8675579800,usdjpy-raw-ticks-2020-10-22-30315092496-2,802576,False,2026-07-28T03:21:51Z,2026-08-11T03:21:50Z
8675579426,usdjpy-raw-ticks-2020-06-09-30315092496-2,1467504,False,2026-07-28T03:21:49Z,2026-08-11T03:21:48Z
8675576196,usdjpy-raw-ticks-2020-06-07-30315092496-2,88316,False,2026-07-28T03:21:36Z,2026-08-11T03:21:36Z
8675576144,usdjpy-raw-ticks-2020-05-20-30315092496-2,860630,False,2026-07-28T03:21:36Z,2026-08-11T03:21:35Z
8675574556,usdjpy-raw-ticks-2020-10-07-30315092496-2,957707,False,2026-07-28T03:21:30Z,2026-08-11T03:21:29Z
8675572140,usdjpy-raw-ticks-2020-05-23-30315092496-2,7180,False,2026-07-28T03:21:21Z,2026-08-11T03:21:20Z
8675571302,usdjpy-raw-ticks-2020-06-03-30315092496-2,1360167,False,2026-07-28T03:21:18Z,2026-08-11T03:21:17Z
8675569000,usdjpy-raw-ticks-2020-10-18-30315092496-2,51731,False,2026-07-28T03:21:10Z,2026-08-11T03:21:09Z
8675568223,usdjpy-raw-ticks-2020-05-11-30315092496-2,1115795,False,2026-07-28T03:21:07Z,2026-08-11T03:21:06Z
8675565083,usdjpy-raw-ticks-2020-06-13-30315092496-2,7180,False,2026-07-28T03:20:56Z,2026-08-11T03:20:55Z
8675564502,usdjpy-raw-ticks-2020-10-12-30315092496-2,748518,False,2026-07-28T03:20:53Z,2026-08-11T03:20:52Z
8675564275,usdjpy-raw-ticks-2020-05-31-30315092496-2,79048,False,2026-07-28T03:20:53Z,2026-08-11T03:20:51Z
8675564216,usdjpy-raw-ticks-2020-06-14-30315092496-2,137491,False,2026-07-28T03:20:52Z,2026-08-11T03:20:52Z
8675564166,usdjpy-raw-ticks-2020-10-20-30315092496-2,767368,False,2026-07-28T03:20:52Z,2026-08-11T03:20:51Z
8675563764,usdjpy-raw-ticks-2020-09-17-30315092496-2,1078528,False,2026-07-28T03:20:51Z,2026-08-11T03:20:50Z
8675561201,usdjpy-raw-ticks-2020-05-16-30315092496-2,7180,False,2026-07-28T03:20:41Z,2026-08-11T03:20:40Z
8675560961,usdjpy-raw-ticks-2020-06-27-30315092496-2,7180,False,2026-07-28T03:20:41Z,2026-08-11T03:20:40Z
8675560644,usdjpy-raw-ticks-2020-11-05-30315092496-2,1603146,False,2026-07-28T03:20:39Z,2026-08-11T03:20:39Z
8675558358,usdjpy-raw-ticks-2020-09-15-30315092496-2,858750,False,2026-07-28T03:20:31Z,2026-08-11T03:20:30Z
8675558249,usdjpy-raw-ticks-2020-10-04-30315092496-2,154540,False,2026-07-28T03:20:31Z,2026-08-11T03:20:30Z
8675558049,usdjpy-raw-ticks-2020-05-22-30315092496-2,759186,False,2026-07-28T03:20:30Z,2026-08-11T03:20:29Z
8675554597,usdjpy-raw-ticks-2020-05-15-30315092496-2,1029168,False,2026-07-28T03:20:17Z,2026-08-11T03:20:16Z
8675554237,usdjpy-raw-ticks-2020-11-01-30315092496-2,81655,False,2026-07-28T03:20:15Z,2026-08-11T03:20:14Z
8675554020,usdjpy-raw-ticks-2020-09-05-30315092496-2,7180,False,2026-07-28T03:20:15Z,2026-08-11T03:20:14Z
8675553343,usdjpy-raw-ticks-2020-09-10-30315092496-2,1028669,False,2026-07-28T03:20:12Z,2026-08-11T03:20:12Z
8675552115,usdjpy-raw-ticks-2020-06-26-30315092496-2,868207,False,2026-07-28T03:20:08Z,2026-08-11T03:20:07Z
8675550847,usdjpy-raw-ticks-2020-05-21-30315092496-2,946653,False,2026-07-28T03:20:03Z,2026-08-11T03:20:03Z
8675549196,usdjpy-raw-ticks-2020-10-29-30315092496-2,855375,False,2026-07-28T03:19:57Z,2026-08-11T03:19:56Z
8675546621,usdjpy-raw-ticks-2020-10-02-30315092496-2,1151123,False,2026-07-28T03:19:47Z,2026-08-11T03:19:46Z
8675546461,usdjpy-raw-ticks-2020-10-26-30315092496-2,697283,False,2026-07-28T03:19:47Z,2026-08-11T03:19:46Z
8675546136,usdjpy-raw-ticks-2020-09-27-30315092496-2,41068,False,2026-07-28T03:19:46Z,2026-08-11T03:19:45Z
8675543321,usdjpy-raw-ticks-2020-11-03-30315092496-2,1226735,False,2026-07-28T03:19:35Z,2026-08-11T03:19:35Z
8675535122,usdjpy-raw-ticks-2020-11-04-30315092496-2,2201216,False,2026-07-28T03:19:04Z,2026-08-11T03:19:02Z
8675534949,usdjpy-raw-ticks-2020-10-10-30315092496-2,7180,False,2026-07-28T03:19:03Z,2026-08-11T03:19:02Z
8675534332,usdjpy-raw-ticks-2020-10-31-30315092496-2,7180,False,2026-07-28T03:19:01Z,2026-08-11T03:18:56Z
8675530174,usdjpy-raw-ticks-2020-09-09-30315092496-2,953266,False,2026-07-28T03:18:46Z,2026-08-11T03:18:44Z
8675528070,usdjpy-raw-ticks-2020-09-20-30315092496-2,70154,False,2026-07-28T03:18:38Z,2026-08-11T03:18:38Z
8675525266,usdjpy-raw-ticks-2020-09-13-30315092496-2,44735,False,2026-07-28T03:18:29Z,2026-08-11T03:18:28Z
8675525143,usdjpy-raw-ticks-2020-10-23-30315092496-2,694297,False,2026-07-28T03:18:28Z,2026-08-11T03:18:28Z
8675523142,usdjpy-raw-ticks-2020-09-07-30315092496-2,627513,False,2026-07-28T03:18:21Z,2026-08-11T03:18:20Z
8675520200,usdjpy-raw-ticks-2020-10-28-30315092496-2,875780,False,2026-07-28T03:18:11Z,2026-08-11T03:18:10Z
8675519429,usdjpy-raw-ticks-2020-09-22-30315092496-2,927382,False,2026-07-28T03:18:09Z,2026-08-11T03:18:07Z
8675518156,usdjpy-raw-ticks-2020-09-21-30315092496-2,1031079,False,2026-07-28T03:18:04Z,2026-08-11T03:18:04Z
8675517597,usdjpy-raw-ticks-2020-10-21-30315092496-2,980977,False,2026-07-28T03:18:02Z,2026-08-11T03:18:01Z
8675517158,usdjpy-raw-ticks-2020-10-06-30315092496-2,957673,False,2026-07-28T03:18:00Z,2026-08-11T03:18:00Z
8675515611,usdjpy-raw-ticks-2020-09-23-30315092496-2,1070211,False,2026-07-28T03:17:55Z,2026-08-11T03:17:54Z
8675514253,usdjpy-raw-ticks-2020-09-24-30315092496-2,1037636,False,2026-07-28T03:17:51Z,2026-08-11T03:17:49Z
8675513896,usdjpy-raw-ticks-2020-10-15-30315092496-2,804202,False,2026-07-28T03:17:49Z,2026-08-11T03:17:49Z
8675513083,usdjpy-raw-ticks-2020-10-27-30315092496-2,703281,False,2026-07-28T03:17:47Z,2026-08-11T03:17:46Z
8675511334,usdjpy-raw-ticks-2020-10-24-30315092496-2,7180,False,2026-07-28T03:17:41Z,2026-08-11T03:17:40Z
8675511302,usdjpy-raw-ticks-2020-09-12-30315092496-2,7180,False,2026-07-28T03:17:41Z,2026-08-11T03:17:40Z
8675511156,usdjpy-raw-ticks-2020-10-30-30315092496-2,982143,False,2026-07-28T03:17:40Z,2026-08-11T03:17:39Z
8675510339,usdjpy-raw-ticks-2020-09-06-30315092496-2,71506,False,2026-07-28T03:17:37Z,2026-08-11T03:17:36Z
8675509269,usdjpy-raw-ticks-2020-09-25-30315092496-2,846129,False,2026-07-28T03:17:34Z,2026-08-11T03:17:33Z
8675509218,usdjpy-raw-ticks-2020-09-08-30315092496-2,1095561,False,2026-07-28T03:17:34Z,2026-08-11T03:17:33Z
8675507859,usdjpy-raw-ticks-2020-09-11-30315092496-2,717475,False,2026-07-28T03:17:29Z,2026-08-11T03:17:29Z
8675507207,usdjpy-raw-ticks-2020-10-13-30315092496-2,822561,False,2026-07-28T03:17:27Z,2026-08-11T03:17:27Z
8675507193,usdjpy-raw-ticks-2020-11-02-30315092496-2,772669,False,2026-07-28T03:17:27Z,2026-08-11T03:17:26Z
8675506286,usdjpy-raw-ticks-2020-10-19-30315092496-2,753493,False,2026-07-28T03:17:24Z,2026-08-11T03:17:23Z
8675506249,usdjpy-raw-ticks-2020-10-17-30315092496-2,7180,False,2026-07-28T03:17:24Z,2026-08-11T03:17:23Z
8675506242,usdjpy-raw-ticks-2020-10-16-30315092496-2,751424,False,2026-07-28T03:17:24Z,2026-08-11T03:17:23Z
8675505858,usdjpy-raw-ticks-2020-10-01-30315092496-2,1129206,False,2026-07-28T03:17:23Z,2026-08-11T03:17:22Z
8675505465,usdjpy-raw-ticks-2020-10-05-30315092496-2,807264,False,2026-07-28T03:17:21Z,2026-08-11T03:17:20Z
8675503674,usdjpy-raw-ticks-2020-10-25-30315092496-2,82687,False,2026-07-28T03:17:16Z,2026-08-11T03:17:15Z
8675503251,usdjpy-raw-ticks-2020-09-19-30315092496-2,7180,False,2026-07-28T03:17:14Z,2026-08-11T03:17:14Z
8675502896,usdjpy-raw-ticks-2020-09-29-30315092496-2,945457,False,2026-07-28T03:17:13Z,2026-08-11T03:17:13Z
8675502328,usdjpy-raw-ticks-2020-10-08-30315092496-2,773274,False,2026-07-28T03:17:11Z,2026-08-11T03:17:09Z
8675501371,usdjpy-raw-ticks-2020-09-03-30315092496-2,1183171,False,2026-07-28T03:17:08Z,2026-08-11T03:17:07Z
8675501255,usdjpy-raw-ticks-2020-10-09-30315092496-2,810264,False,2026-07-28T03:17:07Z,2026-08-11T03:17:06Z
8675500324,usdjpy-raw-ticks-2020-09-30-30315092496-2,1199224,False,2026-07-28T03:17:04Z,2026-08-11T03:17:03Z
8675500141,usdjpy-raw-ticks-2020-09-04-30315092496-2,1034345,False,2026-07-28T03:17:03Z,2026-08-11T03:17:02Z
8675499071,usdjpy-raw-ticks-2020-09-28-30315092496-2,892528,False,2026-07-28T03:17:00Z,2026-08-11T03:16:58Z
8675498594,usdjpy-raw-ticks-2020-10-14-30315092496-2,821883,False,2026-07-28T03:16:58Z,2026-08-11T03:16:57Z
8675498593,usdjpy-raw-ticks-2020-09-14-30315092496-2,750051,False,2026-07-28T03:16:58Z,2026-08-11T03:16:57Z
8675497773,usdjpy-raw-ticks-2020-09-16-30315092496-2,1197312,False,2026-07-28T03:16:55Z,2026-08-11T03:16:54Z
8675496590,usdjpy-raw-ticks-2020-04-22-30315092496-2,1252907,False,2026-07-28T03:16:51Z,2026-08-11T03:16:50Z
8675496279,usdjpy-raw-ticks-2020-09-18-30315092496-2,827181,False,2026-07-28T03:16:50Z,2026-08-11T03:16:50Z
8675496208,usdjpy-raw-ticks-2020-09-26-30315092496-2,7180,False,2026-07-28T03:16:50Z,2026-08-11T03:16:50Z
8675494706,usdjpy-raw-ticks-2020-03-31-30315092496-2,3227363,False,2026-07-28T03:16:45Z,2026-08-11T03:16:45Z
8675494606,usdjpy-raw-ticks-2020-10-03-30315092496-2,7180,False,2026-07-28T03:16:45Z,2026-08-11T03:16:45Z
8675494420,usdjpy-raw-ticks-2020-03-17-30315092496-2,6583540,False,2026-07-28T03:16:44Z,2026-08-11T03:16:43Z
8675494312,usdjpy-raw-ticks-2020-03-26-30315092496-2,4238106,False,2026-07-28T03:16:44Z,2026-08-11T03:16:42Z
8675492864,usdjpy-raw-ticks-2020-05-06-30315092496-2,1226148,False,2026-07-28T03:16:39Z,2026-08-11T03:16:39Z
8675492299,usdjpy-raw-ticks-2020-03-06-30315092496-2,3489235,False,2026-07-28T03:16:37Z,2026-08-11T03:16:37Z
8675491846,usdjpy-raw-ticks-2020-04-12-30315092496-2,142599,False,2026-07-28T03:16:36Z,2026-08-11T03:16:35Z
8675490815,usdjpy-raw-ticks-2020-04-15-30315092496-2,1636809,False,2026-07-28T03:16:33Z,2026-08-11T03:16:32Z
8675490643,usdjpy-raw-ticks-2020-04-07-30315092496-2,2416985,False,2026-07-28T03:16:32Z,2026-08-11T03:16:31Z
8675489137,usdjpy-raw-ticks-2020-04-27-30315092496-2,1314452,False,2026-07-28T03:16:27Z,2026-08-11T03:16:26Z
8675489072,usdjpy-raw-ticks-2020-03-30-30315092496-2,2704605,False,2026-07-28T03:16:27Z,2026-08-11T03:16:26Z
8675489047,usdjpy-raw-ticks-2020-04-20-30315092496-2,1283114,False,2026-07-28T03:16:27Z,2026-08-11T03:16:26Z
8675488776,usdjpy-raw-ticks-2020-04-25-30315092496-2,7180,False,2026-07-28T03:16:26Z,2026-08-11T03:16:25Z
8675488217,usdjpy-raw-ticks-2020-04-16-30315092496-2,1910496,False,2026-07-28T03:16:24Z,2026-08-11T03:16:23Z
8675487925,usdjpy-raw-ticks-2020-04-19-30315092496-2,79476,False,2026-07-28T03:16:23Z,2026-08-11T03:16:23Z
8675487590,usdjpy-raw-ticks-2020-04-11-30315092496-2,7180,False,2026-07-28T03:16:22Z,2026-08-11T03:16:22Z
8675487584,usdjpy-raw-ticks-2020-05-07-30315092496-2,1308086,False,2026-07-28T03:16:22Z,2026-08-11T03:16:21Z
8675485710,usdjpy-raw-ticks-2020-05-03-30315092496-2,102357,False,2026-07-28T03:16:16Z,2026-08-11T03:16:15Z
8675485298,usdjpy-raw-ticks-2020-04-08-30315092496-2,1904127,False,2026-07-28T03:16:14Z,2026-08-11T03:16:13Z
8675482129,usdjpy-raw-ticks-2020-05-02-30315092496-2,7180,False,2026-07-28T03:16:04Z,2026-08-11T03:16:03Z
8675481910,usdjpy-raw-ticks-2020-03-07-30315092496-2,7180,False,2026-07-28T03:16:03Z,2026-08-11T03:16:02Z
8675480280,usdjpy-raw-ticks-2020-04-03-30315092496-2,2089271,False,2026-07-28T03:15:58Z,2026-08-11T03:15:57Z
8675480153,usdjpy-raw-ticks-2020-03-27-30315092496-2,3024180,False,2026-07-28T03:15:57Z,2026-08-11T03:15:57Z
8675479785,usdjpy-raw-ticks-2020-03-22-30315092496-2,392399,False,2026-07-28T03:15:56Z,2026-08-11T03:15:55Z
8675479032,usdjpy-raw-ticks-2020-03-16-30315092496-2,4915535,False,2026-07-28T03:15:54Z,2026-08-11T03:15:52Z
8675479028,usdjpy-raw-ticks-2020-04-13-30315092496-2,1315671,False,2026-07-28T03:15:54Z,2026-08-11T03:15:52Z
8675478706,usdjpy-raw-ticks-2020-04-10-30315092496-2,1051058,False,2026-07-28T03:15:53Z,2026-08-11T03:15:52Z
8675478525,usdjpy-raw-ticks-2020-03-24-30315092496-2,4273537,False,2026-07-28T03:15:52Z,2026-08-11T03:15:52Z
8675477817,usdjpy-raw-ticks-2020-03-25-30315092496-2,4069009,False,2026-07-28T03:15:50Z,2026-08-11T03:15:49Z
8675477764,usdjpy-raw-ticks-2020-03-05-30315092496-2,2448886,False,2026-07-28T03:15:50Z,2026-08-11T03:15:49Z
8675477438,usdjpy-raw-ticks-2020-03-28-30315092496-2,7180,False,2026-07-28T03:15:49Z,2026-08-11T03:15:48Z
8675475637,usdjpy-raw-ticks-2020-05-04-30315092496-2,1099494,False,2026-07-28T03:15:43Z,2026-08-11T03:15:42Z
8675475533,usdjpy-raw-ticks-2020-04-21-30315092496-2,1559329,False,2026-07-28T03:15:42Z,2026-08-11T03:15:42Z
8675473004,usdjpy-raw-ticks-2020-03-18-30315092496-2,5918705,False,2026-07-28T03:15:33Z,2026-08-11T03:15:33Z
8675471587,usdjpy-raw-ticks-2020-03-11-30315092496-2,3815384,False,2026-07-28T03:15:28Z,2026-08-11T03:15:28Z
8675469899,usdjpy-raw-ticks-2020-04-02-30315092496-2,2547086,False,2026-07-28T03:15:22Z,2026-08-11T03:15:21Z
8675468679,usdjpy-raw-ticks-2020-04-05-30315092496-2,167506,False,2026-07-28T03:15:18Z,2026-08-11T03:15:17Z
8675468296,usdjpy-raw-ticks-2020-05-05-30315092496-2,1178422,False,2026-07-28T03:15:17Z,2026-08-11T03:15:15Z
8675467457,usdjpy-raw-ticks-2020-04-26-30315092496-2,89045,False,2026-07-28T03:15:14Z,2026-08-11T03:15:13Z
8675467357,usdjpy-raw-ticks-2020-04-09-30315092496-2,1960770,False,2026-07-28T03:15:13Z,2026-08-11T03:15:13Z
8675465509,usdjpy-raw-ticks-2020-03-12-30315092496-2,4736299,False,2026-07-28T03:15:07Z,2026-08-11T03:15:05Z
8675459427,usdjpy-raw-ticks-2020-03-23-30315092496-2,4940474,False,2026-07-28T03:14:45Z,2026-08-11T03:14:45Z
8675458548,usdjpy-raw-ticks-2020-03-20-30315092496-2,4495913,False,2026-07-28T03:14:42Z,2026-08-11T03:14:40Z
8675450827,usdjpy-raw-ticks-2020-03-29-30315092496-2,238479,False,2026-07-28T03:14:15Z,2026-08-11T03:14:14Z
8675445479,usdjpy-raw-ticks-2020-04-29-30315092496-2,1198921,False,2026-07-28T03:13:56Z,2026-08-11T03:13:55Z
8675443716,usdjpy-raw-ticks-2020-03-09-30315092496-2,4564598,False,2026-07-28T03:13:50Z,2026-08-11T03:13:49Z
8675439461,usdjpy-raw-ticks-2020-04-14-30315092496-2,1346288,False,2026-07-28T03:13:35Z,2026-08-11T03:13:34Z
8675434693,usdjpy-raw-ticks-2020-04-23-30315092496-2,1575956,False,2026-07-28T03:13:19Z,2026-08-11T03:13:17Z
8675431665,usdjpy-raw-ticks-2020-04-04-30315092496-2,7180,False,2026-07-28T03:13:08Z,2026-08-11T03:13:07Z
8675429394,usdjpy-raw-ticks-2020-04-17-30315092496-2,1596390,False,2026-07-28T03:13:00Z,2026-08-11T03:12:59Z
8675428320,usdjpy-raw-ticks-2020-04-28-30315092496-2,1342871,False,2026-07-28T03:12:56Z,2026-08-11T03:12:55Z
8675427637,usdjpy-raw-ticks-2020-04-06-30315092496-2,2388213,False,2026-07-28T03:12:54Z,2026-08-11T03:12:52Z
8675425918,usdjpy-raw-ticks-2020-08-22-30315092496-2,7180,False,2026-07-28T03:12:48Z,2026-08-11T03:12:47Z
8675425351,usdjpy-raw-ticks-2020-08-24-30315092496-2,878031,False,2026-07-28T03:12:46Z,2026-08-11T03:12:44Z
8675425114,usdjpy-raw-ticks-2020-08-02-30315092496-2,151937,False,2026-07-28T03:12:45Z,2026-08-11T03:12:44Z
8675421188,usdjpy-raw-ticks-2020-08-03-30315092496-2,1714433,False,2026-07-28T03:12:31Z,2026-08-11T03:12:31Z
8675419934,usdjpy-raw-ticks-2020-07-24-30315092496-2,1087294,False,2026-07-28T03:12:27Z,2026-08-11T03:12:27Z
8675419454,usdjpy-raw-ticks-2020-03-10-30315092496-2,4742629,False,2026-07-28T03:12:25Z,2026-08-11T03:12:24Z
8675418441,usdjpy-raw-ticks-2020-03-15-30315092496-2,613461,False,2026-07-28T03:12:22Z,2026-08-11T03:12:21Z
8675416703,usdjpy-raw-ticks-2020-08-31-30315092496-2,1303239,False,2026-07-28T03:12:16Z,2026-08-11T03:12:15Z
8675414321,usdjpy-raw-ticks-2020-03-19-30315092496-2,6078103,False,2026-07-28T03:12:09Z,2026-08-11T03:12:08Z
8675411879,usdjpy-raw-ticks-2020-08-27-30315092496-2,1510587,False,2026-07-28T03:12:01Z,2026-08-11T03:12:00Z
8675411737,usdjpy-raw-ticks-2020-07-26-30315092496-2,102732,False,2026-07-28T03:12:01Z,2026-08-11T03:12:00Z
8675411095,usdjpy-raw-ticks-2020-04-24-30315092496-2,1179197,False,2026-07-28T03:11:59Z,2026-08-11T03:11:57Z
8675409703,usdjpy-raw-ticks-2020-04-01-30315092496-2,2612734,False,2026-07-28T03:11:54Z,2026-08-11T03:11:54Z
8675407289,usdjpy-raw-ticks-2020-04-30-30315092496-2,1692650,False,2026-07-28T03:11:47Z,2026-08-11T03:11:46Z
8675406498,usdjpy-raw-ticks-2020-03-14-30315092496-2,7180,False,2026-07-28T03:11:44Z,2026-08-11T03:11:44Z
8675403424,usdjpy-raw-ticks-2020-04-18-30315092496-2,7180,False,2026-07-28T03:11:35Z,2026-08-11T03:11:35Z
8675402870,usdjpy-raw-ticks-2020-03-21-30315092496-2,7180,False,2026-07-28T03:11:34Z,2026-08-11T03:11:33Z
8675402222,usdjpy-raw-ticks-2020-05-01-30315092496-2,1283159,False,2026-07-28T03:11:32Z,2026-08-11T03:11:31Z
8675399125,usdjpy-raw-ticks-2020-08-28-30315092496-2,1738310,False,2026-07-28T03:11:22Z,2026-08-11T03:11:21Z
8675398858,usdjpy-raw-ticks-2020-08-11-30315092496-2,1317660,False,2026-07-28T03:11:21Z,2026-08-11T03:11:19Z
8675398759,usdjpy-raw-ticks-2020-08-12-30315092496-2,1340740,False,2026-07-28T03:11:21Z,2026-08-11T03:11:19Z
8675397810,usdjpy-raw-ticks-2020-03-08-30315092496-2,442682,False,2026-07-28T03:11:17Z,2026-08-11T03:11:17Z
8675397524,usdjpy-raw-ticks-2020-08-30-30315092496-2,127407,False,2026-07-28T03:11:16Z,2026-08-11T03:11:16Z
8675396605,usdjpy-raw-ticks-2020-08-26-30315092496-2,1062466,False,2026-07-28T03:11:13Z,2026-08-11T03:11:12Z
8675396333,usdjpy-raw-ticks-2020-09-01-30315092496-2,1375068,False,2026-07-28T03:11:12Z,2026-08-11T03:11:11Z
8675396147,usdjpy-raw-ticks-2020-07-28-30315092496-2,1208029,False,2026-07-28T03:11:11Z,2026-08-11T03:11:11Z
8675395547,usdjpy-raw-ticks-2020-08-06-30315092496-2,1189290,False,2026-07-28T03:11:10Z,2026-08-11T03:11:08Z
8675395317,usdjpy-raw-ticks-2020-08-04-30315092496-2,1126563,False,2026-07-28T03:11:09Z,2026-08-11T03:11:07Z
8675393252,usdjpy-raw-ticks-2020-08-21-30315092496-2,1163541,False,2026-07-28T03:11:02Z,2026-08-11T03:11:01Z
8675392016,usdjpy-raw-ticks-2020-08-23-30315092496-2,72457,False,2026-07-28T03:10:58Z,2026-08-11T03:10:57Z
8675387925,usdjpy-raw-ticks-2020-08-18-30315092496-2,1187231,False,2026-07-28T03:10:44Z,2026-08-11T03:10:43Z
8675387771,usdjpy-raw-ticks-2020-07-25-30315092496-2,7180,False,2026-07-28T03:10:43Z,2026-08-11T03:10:43Z
8675387669,usdjpy-raw-ticks-2020-08-25-30315092496-2,1043954,False,2026-07-28T03:10:43Z,2026-08-11T03:10:42Z
8675386738,usdjpy-raw-ticks-2020-09-02-30315092496-2,1149030,False,2026-07-28T03:10:40Z,2026-08-11T03:10:39Z
8675386709,usdjpy-raw-ticks-2020-08-20-30315092496-2,1394581,False,2026-07-28T03:10:40Z,2026-08-11T03:10:39Z
8675386571,usdjpy-raw-ticks-2020-08-07-30315092496-2,1168001,False,2026-07-28T03:10:39Z,2026-08-11T03:10:38Z
8675386354,usdjpy-raw-ticks-2020-08-05-30315092496-2,1232584,False,2026-07-28T03:10:38Z,2026-08-11T03:10:37Z
8675386301,usdjpy-raw-ticks-2020-07-27-30315092496-2,1256886,False,2026-07-28T03:10:38Z,2026-08-11T03:10:38Z
8675385561,usdjpy-raw-ticks-2020-07-29-30315092496-2,1254918,False,2026-07-28T03:10:36Z,2026-08-11T03:10:35Z
8675385266,usdjpy-raw-ticks-2020-08-29-30315092496-2,7180,False,2026-07-28T03:10:35Z,2026-08-11T03:10:34Z
8675385210,usdjpy-raw-ticks-2020-08-15-30315092496-2,7180,False,2026-07-28T03:10:35Z,2026-08-11T03:10:34Z
8675384276,usdjpy-raw-ticks-2020-07-22-30315092496-2,926158,False,2026-07-28T03:10:32Z,2026-08-11T03:10:31Z
8675383917,usdjpy-raw-ticks-2020-07-21-30315092496-2,877005,False,2026-07-28T03:10:30Z,2026-08-11T03:10:29Z
8675383842,usdjpy-raw-ticks-2020-07-01-30315092496-2,1020012,False,2026-07-28T03:10:30Z,2026-08-11T03:10:29Z
8675383627,usdjpy-raw-ticks-2020-07-11-30315092496-2,7180,False,2026-07-28T03:10:29Z,2026-08-11T03:10:28Z
8675381955,usdjpy-raw-ticks-2020-07-09-30315092496-2,937502,False,2026-07-28T03:10:24Z,2026-08-11T03:10:23Z
8675381024,usdjpy-raw-ticks-2020-07-02-30315092496-2,820285,False,2026-07-28T03:10:21Z,2026-08-11T03:10:20Z
8675378905,usdjpy-raw-ticks-2020-08-09-30315092496-2,90620,False,2026-07-28T03:10:14Z,2026-08-11T03:10:13Z
8675378467,usdjpy-raw-ticks-2020-07-20-30315092496-2,861639,False,2026-07-28T03:10:12Z,2026-08-11T03:10:12Z
8675377778,usdjpy-raw-ticks-2020-07-08-30315092496-2,704992,False,2026-07-28T03:10:10Z,2026-08-11T03:10:09Z
8675377016,usdjpy-raw-ticks-2020-08-01-30315092496-2,7180,False,2026-07-28T03:10:08Z,2026-08-11T03:10:07Z
8675376231,usdjpy-raw-ticks-2020-08-19-30315092496-2,1427776,False,2026-07-28T03:10:05Z,2026-08-11T03:10:05Z
8675375774,usdjpy-raw-ticks-2020-08-10-30315092496-2,829881,False,2026-07-28T03:10:04Z,2026-08-11T03:10:03Z
8675374473,usdjpy-raw-ticks-2020-07-23-30315092496-2,766167,False,2026-07-28T03:09:59Z,2026-08-11T03:09:58Z
8675373626,usdjpy-raw-ticks-2020-07-06-30315092496-2,685784,False,2026-07-28T03:09:57Z,2026-08-11T03:09:55Z
8675373544,usdjpy-raw-ticks-2020-08-13-30315092496-2,1183583,False,2026-07-28T03:09:56Z,2026-08-11T03:09:56Z
8675373517,usdjpy-raw-ticks-2020-08-17-30315092496-2,965893,False,2026-07-28T03:09:56Z,2026-08-11T03:09:56Z
8675373298,usdjpy-raw-ticks-2020-08-08-30315092496-2,7180,False,2026-07-28T03:09:56Z,2026-08-11T03:09:55Z
8675372713,usdjpy-raw-ticks-2020-07-03-30315092496-2,497079,False,2026-07-28T03:09:54Z,2026-08-11T03:09:53Z
8675371654,usdjpy-raw-ticks-2020-07-07-30315092496-2,800942,False,2026-07-28T03:09:50Z,2026-08-11T03:09:50Z
8675370876,usdjpy-raw-ticks-2020-07-30-30315092496-2,1382849,False,2026-07-28T03:09:48Z,2026-08-11T03:09:47Z
8675370772,usdjpy-raw-ticks-2020-02-26-30315092496-2,3093135,False,2026-07-28T03:09:48Z,2026-08-11T03:09:46Z
8675370666,usdjpy-raw-ticks-2020-07-05-30315092496-2,49439,False,2026-07-28T03:09:47Z,2026-08-11T03:09:46Z
8675370044,usdjpy-raw-ticks-2020-08-14-30315092496-2,879326,False,2026-07-28T03:09:45Z,2026-08-11T03:09:44Z
8675368721,usdjpy-raw-ticks-2020-02-18-30315092496-2,950275,False,2026-07-28T03:09:41Z,2026-08-11T03:09:39Z
8675368701,usdjpy-raw-ticks-2020-07-31-30315092496-2,1649883,False,2026-07-28T03:09:41Z,2026-08-11T03:09:40Z
8675368515,usdjpy-raw-ticks-2020-08-16-30315092496-2,55644,False,2026-07-28T03:09:40Z,2026-08-11T03:09:39Z
8675368072,usdjpy-raw-ticks-2020-02-14-30315092496-2,1177047,False,2026-07-28T03:09:39Z,2026-08-11T03:09:38Z
8675367639,usdjpy-raw-ticks-2020-03-02-30315092496-2,3659131,False,2026-07-28T03:09:37Z,2026-08-11T03:09:35Z
8675366846,usdjpy-raw-ticks-2020-02-19-30315092496-2,1035351,False,2026-07-28T03:09:35Z,2026-08-11T03:09:33Z
8675365204,usdjpy-raw-ticks-2020-02-17-30315092496-2,715824,False,2026-07-28T03:09:29Z,2026-08-11T03:09:28Z
8675365021,usdjpy-raw-ticks-2020-02-23-30315092496-2,183717,False,2026-07-28T03:09:29Z,2026-08-11T03:09:27Z
8675364963,usdjpy-raw-ticks-2020-07-18-30315092496-2,7180,False,2026-07-28T03:09:28Z,2026-08-11T03:09:27Z
8675363229,usdjpy-raw-ticks-2020-01-26-30315092496-2,186018,False,2026-07-28T03:09:23Z,2026-08-11T03:09:22Z
8675362755,usdjpy-raw-ticks-2020-02-03-30315092496-2,1326094,False,2026-07-28T03:09:21Z,2026-08-11T03:09:19Z
8675362055,usdjpy-raw-ticks-2020-02-06-30315092496-2,954170,False,2026-07-28T03:09:19Z,2026-08-11T03:09:17Z
8675361768,usdjpy-raw-ticks-2020-02-24-30315092496-2,2173786,False,2026-07-28T03:09:18Z,2026-08-11T03:09:17Z
8675361479,usdjpy-raw-ticks-2020-01-17-30315092496-2,602589,False,2026-07-28T03:09:17Z,2026-08-11T03:09:16Z
8675360729,usdjpy-raw-ticks-2020-03-03-30315092496-2,3594894,False,2026-07-28T03:09:14Z,2026-08-11T03:09:14Z
8675359771,usdjpy-raw-ticks-2020-02-27-30315092496-2,3230061,False,2026-07-28T03:09:11Z,2026-08-11T03:09:10Z
8675359573,usdjpy-raw-ticks-2020-02-28-30315092496-2,3971963,False,2026-07-28T03:09:10Z,2026-08-11T03:09:09Z
8675358613,usdjpy-raw-ticks-2020-02-21-30315092496-2,1501346,False,2026-07-28T03:09:07Z,2026-08-11T03:09:06Z
8675358446,usdjpy-raw-ticks-2020-07-15-30315092496-2,827383,False,2026-07-28T03:09:07Z,2026-08-11T03:09:06Z
8675356728,usdjpy-raw-ticks-2020-02-20-30315092496-2,1482969,False,2026-07-28T03:09:01Z,2026-08-11T03:09:00Z
8675356271,usdjpy-raw-ticks-2020-01-27-30315092496-2,1265452,False,2026-07-28T03:08:59Z,2026-08-11T03:08:58Z
8675356085,usdjpy-raw-ticks-2020-03-01-30315092496-2,207730,False,2026-07-28T03:08:58Z,2026-08-11T03:08:58Z
8675356073,usdjpy-raw-ticks-2020-02-12-30315092496-2,1051553,False,2026-07-28T03:08:58Z,2026-08-11T03:08:58Z
8675355500,usdjpy-raw-ticks-2020-02-29-30315092496-2,7180,False,2026-07-28T03:08:56Z,2026-08-11T03:08:56Z
8675354278,usdjpy-raw-ticks-2020-07-19-30315092496-2,54249,False,2026-07-28T03:08:52Z,2026-08-11T03:08:52Z
8675353898,usdjpy-raw-ticks-2020-02-22-30315092496-2,7180,False,2026-07-28T03:08:51Z,2026-08-11T03:08:51Z
8675353667,usdjpy-raw-ticks-2020-02-08-30315092496-2,7180,False,2026-07-28T03:08:50Z,2026-08-11T03:08:49Z
8675353242,usdjpy-raw-ticks-2020-02-05-30315092496-2,1227541,False,2026-07-28T03:08:49Z,2026-08-11T03:08:48Z
8675352997,usdjpy-raw-ticks-2020-02-15-30315092496-2,7180,False,2026-07-28T03:08:48Z,2026-08-11T03:08:47Z
8675352309,usdjpy-raw-ticks-2020-02-16-30315092496-2,111322,False,2026-07-28T03:08:46Z,2026-08-11T03:08:45Z
8675350309,usdjpy-raw-ticks-2020-07-14-30315092496-2,818383,False,2026-07-28T03:08:40Z,2026-08-11T03:08:38Z
8675349704,usdjpy-raw-ticks-2020-01-28-30315092496-2,1047196,False,2026-07-28T03:08:38Z,2026-08-11T03:08:36Z
8675348172,usdjpy-raw-ticks-2020-01-25-30315092496-2,7180,False,2026-07-28T03:08:33Z,2026-08-11T03:08:32Z
8675344533,usdjpy-raw-ticks-2020-02-13-30315092496-2,1620152,False,2026-07-28T03:08:21Z,2026-08-11T03:08:20Z
8675340713,usdjpy-raw-ticks-2020-02-25-30315092496-2,2793015,False,2026-07-28T03:08:08Z,2026-08-11T03:08:07Z
8675340487,usdjpy-raw-ticks-2020-02-10-30315092496-2,894375,False,2026-07-28T03:08:07Z,2026-08-11T03:08:06Z
8675339930,usdjpy-raw-ticks-2020-01-23-30315092496-2,961883,False,2026-07-28T03:08:05Z,2026-08-11T03:08:05Z
8675339810,usdjpy-raw-ticks-2020-02-02-30315092496-2,101375,False,2026-07-28T03:08:05Z,2026-08-11T03:08:05Z
8675337136,usdjpy-raw-ticks-2020-01-30-30315092496-2,1466735,False,2026-07-28T03:07:56Z,2026-08-11T03:07:56Z
8675336653,usdjpy-raw-ticks-2020-01-20-30315092496-2,417244,False,2026-07-28T03:07:54Z,2026-08-11T03:07:54Z
8675332013,usdjpy-raw-ticks-2020-01-08-30315092496-2,1954879,False,2026-07-28T03:07:39Z,2026-08-11T03:07:38Z
8675329694,usdjpy-raw-ticks-2020-02-04-30315092496-2,1078204,False,2026-07-28T03:07:31Z,2026-08-11T03:07:31Z
8675327636,usdjpy-raw-ticks-2020-01-12-30315092496-2,88776,False,2026-07-28T03:07:24Z,2026-08-11T03:07:24Z
8675327273,usdjpy-raw-ticks-2020-01-18-30315092496-2,7180,False,2026-07-28T03:07:23Z,2026-08-11T03:07:22Z
8675327231,usdjpy-raw-ticks-2020-01-07-30315092496-2,1205199,False,2026-07-28T03:07:23Z,2026-08-11T03:07:22Z
8675320255,usdjpy-raw-ticks-2020-02-01-30315092496-2,7180,False,2026-07-28T03:06:59Z,2026-08-11T03:06:59Z
8675319720,usdjpy-raw-ticks-2020-03-04-30315092496-2,2639048,False,2026-07-28T03:06:57Z,2026-08-11T03:06:56Z
8675319097,usdjpy-raw-ticks-2020-02-07-30315092496-2,1108683,False,2026-07-28T03:06:55Z,2026-08-11T03:06:55Z
8675315292,usdjpy-raw-ticks-2019-06-19-30315092496-2,1350799,False,2026-07-28T03:06:43Z,2026-08-11T03:06:42Z
8675314110,usdjpy-raw-ticks-2020-07-17-30315092496-2,611900,False,2026-07-28T03:06:39Z,2026-08-11T03:06:38Z
8675312954,usdjpy-raw-ticks-2020-07-04-30315092496-2,7180,False,2026-07-28T03:06:35Z,2026-08-11T03:06:34Z
8675310698,usdjpy-raw-ticks-2020-07-12-30315092496-2,53869,False,2026-07-28T03:06:27Z,2026-08-11T03:06:27Z
8675309447,usdjpy-raw-ticks-2020-07-13-30315092496-2,805472,False,2026-07-28T03:06:23Z,2026-08-11T03:06:22Z
8675309408,usdjpy-raw-ticks-2019-06-10-30315092496-2,1181553,False,2026-07-28T03:06:23Z,2026-08-11T03:06:21Z
8675307820,usdjpy-raw-ticks-2020-07-10-30315092496-2,740796,False,2026-07-28T03:06:17Z,2026-08-11T03:06:17Z
8675305153,usdjpy-raw-ticks-2020-01-31-30315092496-2,1365102,False,2026-07-28T03:06:08Z,2026-08-11T03:06:07Z
8675305130,usdjpy-raw-ticks-2020-07-16-30315092496-2,862253,False,2026-07-28T03:06:08Z,2026-08-11T03:06:08Z
8675304587,usdjpy-raw-ticks-2020-01-14-30315092496-2,937222,False,2026-07-28T03:06:07Z,2026-08-11T03:06:06Z
8675303905,usdjpy-raw-ticks-2020-02-11-30315092496-2,656222,False,2026-07-28T03:06:04Z,2026-08-11T03:06:04Z
8675303152,usdjpy-raw-ticks-2020-01-11-30315092496-2,7180,False,2026-07-28T03:06:02Z,2026-08-11T03:06:01Z
8675300518,usdjpy-raw-ticks-2020-01-06-30315092496-2,1078012,False,2026-07-28T03:05:53Z,2026-08-11T03:05:52Z
8675299435,usdjpy-raw-ticks-2019-05-17-30315092496-2,1447566,False,2026-07-28T03:05:49Z,2026-08-11T03:05:48Z
8675297415,usdjpy-raw-ticks-2020-01-10-30315092496-2,697008,False,2026-07-28T03:05:43Z,2026-08-11T03:05:42Z
8675297287,usdjpy-raw-ticks-2019-05-24-30315092496-2,1112294,False,2026-07-28T03:05:42Z,2026-08-11T03:05:42Z
8675296159,usdjpy-raw-ticks-2019-06-05-30315092496-2,1667939,False,2026-07-28T03:05:38Z,2026-08-11T03:05:37Z
8675296152,usdjpy-raw-ticks-2020-01-21-30315092496-2,900022,False,2026-07-28T03:05:38Z,2026-08-11T03:05:37Z
8675296054,usdjpy-raw-ticks-2020-01-29-30315092496-2,1007992,False,2026-07-28T03:05:38Z,2026-08-11T03:05:37Z
8675294557,usdjpy-raw-ticks-2020-02-09-30315092496-2,108975,False,2026-07-28T03:05:33Z,2026-08-11T03:05:32Z
8675293893,usdjpy-raw-ticks-2020-01-09-30315092496-2,1018250,False,2026-07-28T03:05:30Z,2026-08-11T03:05:29Z
8675293431,usdjpy-raw-ticks-2020-01-24-30315092496-2,862189,False,2026-07-28T03:05:29Z,2026-08-11T03:05:28Z
8675291907,usdjpy-raw-ticks-2020-01-16-30315092496-2,651823,False,2026-07-28T03:05:23Z,2026-08-11T03:05:22Z
8675288431,usdjpy-raw-ticks-2020-01-02-30315092496-2,743680,False,2026-07-28T03:05:11Z,2026-08-11T03:05:09Z
8675288193,usdjpy-raw-ticks-2020-01-19-30315092496-2,87244,False,2026-07-28T03:05:10Z,2026-08-11T03:05:09Z
8675287788,usdjpy-raw-ticks-2020-01-22-30315092496-2,743679,False,2026-07-28T03:05:08Z,2026-08-11T03:05:08Z
8675287092,usdjpy-raw-ticks-2020-01-13-30315092496-2,572921,False,2026-07-28T03:05:06Z,2026-08-11T03:05:05Z
8675286122,usdjpy-raw-ticks-2020-01-05-30315092496-2,128273,False,2026-07-28T03:05:02Z,2026-08-11T03:05:02Z
8675285788,usdjpy-raw-ticks-2020-01-04-30315092496-2,7180,False,2026-07-28T03:05:01Z,2026-08-11T03:05:01Z
8675285275,usdjpy-raw-ticks-2020-01-15-30315092496-2,791538,False,2026-07-28T03:04:59Z,2026-08-11T03:04:59Z
8675285188,usdjpy-raw-ticks-2020-01-01-30315092496-2,49996,False,2026-07-28T03:04:59Z,2026-08-11T03:04:59Z
8675284898,usdjpy-raw-ticks-2020-01-03-30315092496-2,1266534,False,2026-07-28T03:04:58Z,2026-08-11T03:04:57Z
8675283538,usdjpy-raw-ticks-2019-06-12-30315092496-2,1300695,False,2026-07-28T03:04:53Z,2026-08-11T03:04:52Z
8675280450,usdjpy-2021-raw-ticks-month-07-30315092496-2,18710613,False,2026-07-28T03:04:42Z,2026-10-26T01:53:43Z
8675279650,usdjpy-2021-raw-ticks-month-06-30315092496-2,16053674,False,2026-07-28T03:04:40Z,2026-10-26T01:53:43Z
8675279383,usdjpy-2021-raw-ticks-month-11-30315092496-2,26959713,False,2026-07-28T03:04:39Z,2026-10-26T01:53:43Z
8675278816,usdjpy-2021-raw-ticks-month-12-30315092496-2,22125598,False,2026-07-28T03:04:37Z,2026-10-26T01:53:43Z
8675278517,usdjpy-2021-raw-ticks-month-02-30315092496-2,15114412,False,2026-07-28T03:04:36Z,2026-10-26T01:53:43Z
8675277896,usdjpy-2021-raw-ticks-month-09-30315092496-2,16547287,False,2026-07-28T03:04:33Z,2026-10-26T01:53:43Z
8675277506,usdjpy-2021-raw-ticks-month-08-30315092496-2,15631192,False,2026-07-28T03:04:32Z,2026-10-26T01:53:43Z
8675277438,usdjpy-2021-raw-ticks-month-10-30315092496-2,21855799,False,2026-07-28T03:04:32Z,2026-10-26T01:53:43Z
8675277354,usdjpy-2021-raw-ticks-month-03-30315092496-2,20969958,False,2026-07-28T03:04:32Z,2026-10-26T01:53:43Z
8675277222,usdjpy-2021-raw-ticks-month-01-30315092496-2,18268752,False,2026-07-28T03:04:31Z,2026-10-26T01:53:43Z
8675277170,usdjpy-2021-raw-ticks-month-05-30315092496-2,16288697,False,2026-07-28T03:04:31Z,2026-10-26T01:53:43Z
8675277076,usdjpy-2022-raw-ticks-month-02-30318515957-1,24587340,False,2026-07-28T03:04:31Z,2026-10-26T00:50:37Z
8675276540,usdjpy-2022-raw-ticks-month-08-30318515957-1,55441630,False,2026-07-28T03:04:29Z,2026-10-26T00:50:37Z
8675276288,usdjpy-2021-raw-ticks-month-04-30315092496-2,17204511,False,2026-07-28T03:04:28Z,2026-10-26T01:53:43Z
8675275988,usdjpy-raw-ticks-2019-06-07-30315092496-2,1305767,False,2026-07-28T03:04:27Z,2026-08-11T03:04:26Z
8675275754,usdjpy-raw-ticks-2019-05-22-30315092496-2,1088468,False,2026-07-28T03:04:26Z,2026-08-11T03:04:25Z
8675275028,usdjpy-2022-raw-ticks-month-06-30318515957-1,1942,False,2026-07-28T03:04:24Z,2026-10-26T00:50:37Z
8675274679,usdjpy-2022-raw-ticks-month-07-30318515957-1,44484503,False,2026-07-28T03:04:22Z,2026-10-26T00:50:37Z
8675274675,usdjpy-2022-raw-ticks-month-11-30318515957-1,1942,False,2026-07-28T03:04:22Z,2026-10-26T00:50:37Z
8675274574,usdjpy-2022-raw-ticks-month-10-30318515957-1,1980,False,2026-07-28T03:04:22Z,2026-10-26T00:50:37Z
8675274277,usdjpy-2020-raw-ticks-month-12-30318515957-1,1980,False,2026-07-28T03:04:21Z,2026-10-26T00:50:37Z
8675274250,usdjpy-2022-raw-ticks-month-05-30318515957-1,1980,False,2026-07-28T03:04:21Z,2026-10-26T00:50:37Z
8675274111,usdjpy-2022-raw-ticks-month-12-30318515957-1,1980,False,2026-07-28T03:04:20Z,2026-10-26T00:50:37Z
8675274046,usdjpy-2022-raw-ticks-month-03-30318515957-1,4609,False,2026-07-28T03:04:20Z,2026-10-26T00:50:37Z
8675273389,usdjpy-2022-raw-ticks-month-01-30318515957-1,22160527,False,2026-07-28T03:04:18Z,2026-10-26T00:50:37Z
8675273218,usdjpy-raw-ticks-2019-06-04-30315092496-2,1509684,False,2026-07-28T03:04:17Z,2026-08-11T03:04:16Z
8675273063,usdjpy-2022-raw-ticks-month-09-30318515957-1,3015,False,2026-07-28T03:04:17Z,2026-10-26T00:50:37Z
8675272549,usdjpy-2022-raw-ticks-month-04-30318515957-1,1942,False,2026-07-28T03:04:15Z,2026-10-26T00:50:37Z
8675272532,usdjpy-raw-ticks-2019-06-13-30315092496-2,1270013,False,2026-07-28T03:04:15Z,2026-08-11T03:04:14Z
8675272408,usdjpy-2020-raw-ticks-month-01-30318515957-1,21461868,False,2026-07-28T03:04:14Z,2026-10-26T00:50:37Z
8675272397,usdjpy-2020-raw-ticks-month-09-30318515957-1,3010,False,2026-07-28T03:04:14Z,2026-10-26T00:50:37Z
8675272172,usdjpy-2020-raw-ticks-month-04-30318515957-1,5094,False,2026-07-28T03:04:14Z,2026-10-26T00:50:37Z
8675272123,usdjpy-2020-raw-ticks-month-07-30318515957-1,21003236,False,2026-07-28T03:04:13Z,2026-10-26T00:50:37Z
8675272057,usdjpy-2020-raw-ticks-month-05-30318515957-1,1980,False,2026-07-28T03:04:13Z,2026-10-26T00:50:37Z
8675271046,usdjpy-2020-raw-ticks-month-08-30318515957-1,25533768,False,2026-07-28T03:04:10Z,2026-10-26T00:50:37Z
8675270753,usdjpy-2020-raw-ticks-month-10-30318515957-1,1980,False,2026-07-28T03:04:09Z,2026-10-26T00:50:37Z
8675270298,usdjpy-2020-raw-ticks-month-02-30318515957-1,31943189,False,2026-07-28T03:04:07Z,2026-10-26T00:50:37Z
8675270231,usdjpy-raw-ticks-2019-05-27-30315092496-2,850855,False,2026-07-28T03:04:07Z,2026-08-11T03:04:06Z
8675270178,usdjpy-2020-raw-ticks-month-11-30318515957-1,1942,False,2026-07-28T03:04:07Z,2026-10-26T00:50:37Z
8675269993,usdjpy-2020-raw-ticks-month-06-30318515957-1,1942,False,2026-07-28T03:04:06Z,2026-10-26T00:50:37Z
8675269894,usdjpy-2020-raw-ticks-month-03-30318515957-1,9868,False,2026-07-28T03:04:06Z,2026-10-26T00:50:37Z
8675269798,usdjpy-raw-ticks-2019-06-22-30315092496-2,7180,False,2026-07-28T03:04:05Z,2026-08-11T03:04:05Z
8675268681,usdjpy-raw-ticks-2019-05-29-30315092496-2,1562701,False,2026-07-28T03:04:02Z,2026-08-11T03:04:00Z
8675268012,usdjpy-raw-ticks-2019-06-11-30315092496-2,1185987,False,2026-07-28T03:03:59Z,2026-08-11T03:03:59Z
8675267663,usdjpy-raw-ticks-2019-06-01-30315092496-2,7180,False,2026-07-28T03:03:58Z,2026-08-11T03:03:58Z
8675267485,usdjpy-raw-ticks-2019-06-09-30315092496-2,97875,False,2026-07-28T03:03:57Z,2026-08-11T03:03:56Z
8675266863,usdjpy-raw-ticks-2019-06-06-30315092496-2,1452605,False,2026-07-28T03:03:55Z,2026-08-11T03:03:54Z
8675266798,usdjpy-raw-ticks-2019-05-20-30315092496-2,1361989,False,2026-07-28T03:03:55Z,2026-08-11T03:03:54Z
8675266590,usdjpy-raw-ticks-2019-06-14-30315092496-2,1176243,False,2026-07-28T03:03:54Z,2026-08-11T03:03:53Z
8675266274,usdjpy-raw-ticks-2019-05-30-30315092496-2,1317260,False,2026-07-28T03:03:53Z,2026-08-11T03:03:52Z
8675266009,usdjpy-raw-ticks-2019-06-29-30315092496-2,7180,False,2026-07-28T03:03:52Z,2026-08-11T03:03:52Z
8675265805,usdjpy-raw-ticks-2019-05-09-30315092496-2,1562730,False,2026-07-28T03:03:52Z,2026-08-11T03:03:50Z
8675265286,usdjpy-raw-ticks-2019-05-16-30315092496-2,1131209,False,2026-07-28T03:03:50Z,2026-08-11T03:03:49Z
8675265044,usdjpy-raw-ticks-2019-06-20-30315092496-2,1826764,False,2026-07-28T03:03:49Z,2026-08-11T03:03:48Z
8675264560,usdjpy-raw-ticks-2019-06-18-30315092496-2,1477581,False,2026-07-28T03:03:47Z,2026-08-11T03:03:47Z
8675264517,usdjpy-raw-ticks-2019-06-24-30315092496-2,1209781,False,2026-07-28T03:03:47Z,2026-08-11T03:03:46Z
8675263998,usdjpy-raw-ticks-2019-05-28-30315092496-2,1315388,False,2026-07-28T03:03:45Z,2026-08-11T03:03:44Z
8675263038,usdjpy-raw-ticks-2019-05-10-30315092496-2,1716397,False,2026-07-28T03:03:42Z,2026-08-11T03:03:41Z
8675261826,usdjpy-raw-ticks-2019-05-11-30315092496-2,7180,False,2026-07-28T03:03:38Z,2026-08-11T03:03:37Z
8675261069,usdjpy-raw-ticks-2019-05-12-30315092496-2,130862,False,2026-07-28T03:03:35Z,2026-08-11T03:03:34Z
8675260520,usdjpy-raw-ticks-2019-05-15-30315092496-2,1292094,False,2026-07-28T03:03:33Z,2026-08-11T03:03:32Z
8675259845,usdjpy-raw-ticks-2019-05-25-30315092496-2,7180,False,2026-07-28T03:03:30Z,2026-08-11T03:03:30Z
8675259657,usdjpy-raw-ticks-2019-05-26-30315092496-2,8423,False,2026-07-28T03:03:30Z,2026-08-11T03:03:29Z
8675258578,usdjpy-raw-ticks-2019-06-23-30315092496-2,71634,False,2026-07-28T03:03:26Z,2026-08-11T03:03:25Z
8675258524,usdjpy-raw-ticks-2019-06-15-30315092496-2,7180,False,2026-07-28T03:03:26Z,2026-08-11T03:03:25Z
8675257000,usdjpy-raw-ticks-2019-06-17-30315092496-2,916440,False,2026-07-28T03:03:21Z,2026-08-11T03:03:20Z
8675256874,usdjpy-raw-ticks-2019-06-30-30315092496-2,151745,False,2026-07-28T03:03:21Z,2026-08-11T03:03:20Z
8675254541,usdjpy-raw-ticks-2019-05-23-30315092496-2,1536955,False,2026-07-28T03:03:13Z,2026-08-11T03:03:12Z
8675254393,usdjpy-raw-ticks-2019-05-14-30315092496-2,1151105,False,2026-07-28T03:03:13Z,2026-08-11T03:03:12Z
8675254135,usdjpy-raw-ticks-2021-12-16-30315092496-2,1214997,False,2026-07-28T03:03:12Z,2026-08-11T03:03:11Z
8675253486,usdjpy-raw-ticks-2019-04-05-30315092496-2,824720,False,2026-07-28T03:03:10Z,2026-08-11T03:03:09Z
8675253226,usdjpy-raw-ticks-2019-05-18-30315092496-2,7180,False,2026-07-28T03:03:09Z,2026-08-11T03:03:09Z
8675253165,usdjpy-raw-ticks-2019-06-28-30315092496-2,1104666,False,2026-07-28T03:03:09Z,2026-08-11T03:03:09Z
8675253138,usdjpy-raw-ticks-2019-05-21-30315092496-2,1181671,False,2026-07-28T03:03:09Z,2026-08-11T03:03:09Z
8675253136,usdjpy-raw-ticks-2019-04-30-30315092496-2,864168,False,2026-07-28T03:03:09Z,2026-08-11T03:03:08Z
8675252619,usdjpy-raw-ticks-2019-06-25-30315092496-2,1751721,False,2026-07-28T03:03:07Z,2026-08-11T03:03:07Z
8675252533,usdjpy-raw-ticks-2021-12-09-30315092496-2,896586,False,2026-07-28T03:03:07Z,2026-08-11T03:03:06Z
8675252252,usdjpy-raw-ticks-2019-05-07-30315092496-2,1266679,False,2026-07-28T03:03:06Z,2026-08-11T03:03:06Z
8675251798,usdjpy-raw-ticks-2019-04-25-30315092496-2,1053042,False,2026-07-28T03:03:05Z,2026-08-11T03:03:04Z
8675251664,usdjpy-raw-ticks-2019-03-06-30315092496-2,1006901,False,2026-07-28T03:03:04Z,2026-08-11T03:03:03Z
8675251550,usdjpy-raw-ticks-2019-03-29-30315092496-2,1303143,False,2026-07-28T03:03:04Z,2026-08-11T03:03:04Z
8675251271,usdjpy-raw-ticks-2021-06-25-30315092496-2,630180,False,2026-07-28T03:03:03Z,2026-08-11T03:03:02Z
8675250014,usdjpy-raw-ticks-2019-06-08-30315092496-2,7180,False,2026-07-28T03:02:59Z,2026-08-11T03:02:59Z
8675249900,usdjpy-raw-ticks-2019-04-14-30315092496-2,73066,False,2026-07-28T03:02:59Z,2026-08-11T03:02:58Z
8675246703,usdjpy-raw-ticks-2021-12-25-30315092496-2,7180,False,2026-07-28T03:02:48Z,2026-08-11T03:02:48Z
8675245473,usdjpy-raw-ticks-2019-06-16-30315092496-2,87701,False,2026-07-28T03:02:44Z,2026-08-11T03:02:44Z
8675245436,usdjpy-raw-ticks-2019-05-01-30315092496-2,792296,False,2026-07-28T03:02:44Z,2026-08-11T03:02:43Z
8675243862,usdjpy-raw-ticks-2019-05-13-30315092496-2,1524204,False,2026-07-28T03:02:38Z,2026-08-11T03:02:37Z
8675243248,usdjpy-raw-ticks-2019-05-05-30315092496-2,174945,False,2026-07-28T03:02:36Z,2026-08-11T03:02:36Z
8675242470,usdjpy-raw-ticks-2019-05-19-30315092496-2,74399,False,2026-07-28T03:02:34Z,2026-08-11T03:02:32Z
8675242227,usdjpy-raw-ticks-2019-06-02-30315092496-2,118808,False,2026-07-28T03:02:33Z,2026-08-11T03:02:32Z
8675242207,usdjpy-raw-ticks-2021-12-05-30315092496-2,75765,False,2026-07-28T03:02:33Z,2026-08-11T03:02:32Z
8675241569,usdjpy-raw-ticks-2019-06-27-30315092496-2,1293653,False,2026-07-28T03:02:31Z,2026-08-11T03:02:30Z
8675240898,usdjpy-raw-ticks-2019-06-26-30315092496-2,1312288,False,2026-07-28T03:02:28Z,2026-08-11T03:02:27Z
8675239617,usdjpy-raw-ticks-2019-06-21-30315092496-2,1556342,False,2026-07-28T03:02:24Z,2026-08-11T03:02:23Z
8675234776,usdjpy-raw-ticks-2019-05-31-30315092496-2,1810727,False,2026-07-28T03:02:07Z,2026-08-11T03:02:07Z
8675234491,usdjpy-raw-ticks-2019-06-03-30315092496-2,1693443,False,2026-07-28T03:02:07Z,2026-08-11T03:02:06Z
8675234208,usdjpy-raw-ticks-2019-04-16-30315092496-2,925428,False,2026-07-28T03:02:06Z,2026-08-11T03:02:05Z
8675233506,usdjpy-raw-ticks-2019-05-06-30315092496-2,1023809,False,2026-07-28T03:02:03Z,2026-08-11T03:02:02Z
8675230625,usdjpy-raw-ticks-2019-05-03-30315092496-2,784683,False,2026-07-28T03:01:53Z,2026-08-11T03:01:52Z
8675228971,usdjpy-raw-ticks-2019-04-19-30315092496-2,725459,False,2026-07-28T03:01:47Z,2026-08-11T03:01:46Z
8675225668,usdjpy-raw-ticks-2019-04-27-30315092496-2,7180,False,2026-07-28T03:01:36Z,2026-08-11T03:01:35Z
8675225268,usdjpy-raw-ticks-2019-04-23-30315092496-2,822715,False,2026-07-28T03:01:34Z,2026-08-11T03:01:34Z
8675223472,usdjpy-raw-ticks-2019-04-11-30315092496-2,953861,False,2026-07-28T03:01:28Z,2026-08-11T03:01:27Z
8675221164,usdjpy-raw-ticks-2019-04-02-30315092496-2,960180,False,2026-07-28T03:01:19Z,2026-08-11T03:01:18Z
8675218743,usdjpy-raw-ticks-2019-04-06-30315092496-2,7180,False,2026-07-28T03:01:11Z,2026-08-11T03:01:10Z
8675218741,usdjpy-raw-ticks-2019-04-22-30315092496-2,577554,False,2026-07-28T03:01:11Z,2026-08-11T03:01:09Z
8675213713,usdjpy-raw-ticks-2019-03-11-30315092496-2,1078699,False,2026-07-28T03:00:53Z,2026-08-11T03:00:52Z
8675210191,usdjpy-raw-ticks-2019-03-26-30315092496-2,1541314,False,2026-07-28T03:00:40Z,2026-08-11T03:00:40Z
8675209819,usdjpy-raw-ticks-2019-05-04-30315092496-2,7180,False,2026-07-28T03:00:39Z,2026-08-11T03:00:38Z
8675205992,usdjpy-raw-ticks-2019-04-15-30315092496-2,762095,False,2026-07-28T03:00:25Z,2026-08-11T03:00:24Z
8675203735,usdjpy-raw-ticks-2019-03-13-30315092496-2,1080147,False,2026-07-28T03:00:16Z,2026-08-11T03:00:15Z
8675201503,usdjpy-raw-ticks-2019-04-20-30315092496-2,7180,False,2026-07-28T03:00:07Z,2026-08-11T03:00:07Z
8675199708,usdjpy-raw-ticks-2019-03-19-30315092496-2,924940,False,2026-07-28T03:00:00Z,2026-08-11T02:59:59Z
8675196654,usdjpy-raw-ticks-2019-03-23-30315092496-2,7180,False,2026-07-28T02:59:48Z,2026-08-11T02:59:48Z
8675195586,usdjpy-raw-ticks-2021-12-26-30315092496-2,40320,False,2026-07-28T02:59:44Z,2026-08-11T02:59:43Z
8675195019,usdjpy-raw-ticks-2021-12-23-30315092496-2,687068,False,2026-07-28T02:59:42Z,2026-08-11T02:59:40Z
8675193541,usdjpy-raw-ticks-2021-06-28-30315092496-2,684236,False,2026-07-28T02:59:36Z,2026-08-11T02:59:35Z
8675193283,usdjpy-raw-ticks-2021-06-24-30315092496-2,738217,False,2026-07-28T02:59:35Z,2026-08-11T02:59:34Z
8675192537,usdjpy-raw-ticks-2019-03-14-30315092496-2,1221223,False,2026-07-28T02:59:32Z,2026-08-11T02:59:31Z
8675192154,usdjpy-raw-ticks-2019-03-22-30315092496-2,1582823,False,2026-07-28T02:59:31Z,2026-08-11T02:59:31Z
8675188862,usdjpy-raw-ticks-2019-03-21-30315092496-2,1205911,False,2026-07-28T02:59:19Z,2026-08-11T02:59:17Z
8675187881,usdjpy-raw-ticks-2019-04-21-30315092496-2,69151,False,2026-07-28T02:59:15Z,2026-08-11T02:59:14Z
8675186653,usdjpy-raw-ticks-2019-04-03-30315092496-2,1093378,False,2026-07-28T02:59:10Z,2026-08-11T02:59:09Z
8675185925,usdjpy-raw-ticks-2019-04-26-30315092496-2,998735,False,2026-07-28T02:59:07Z,2026-08-11T02:59:06Z
8675185413,usdjpy-raw-ticks-2019-05-08-30315092496-2,1416194,False,2026-07-28T02:59:05Z,2026-08-11T02:59:04Z
8675182579,usdjpy-raw-ticks-2019-03-31-30315092496-2,102793,False,2026-07-28T02:58:54Z,2026-08-11T02:58:53Z
8675181861,usdjpy-raw-ticks-2019-03-10-30315092496-2,66725,False,2026-07-28T02:58:51Z,2026-08-11T02:58:51Z
8675181839,usdjpy-raw-ticks-2019-03-27-30315092496-2,1792246,False,2026-07-28T02:58:51Z,2026-08-11T02:58:50Z
8675179069,usdjpy-raw-ticks-2019-03-07-30315092496-2,1164530,False,2026-07-28T02:58:41Z,2026-08-11T02:58:40Z
8675178881,usdjpy-raw-ticks-2019-03-30-30315092496-2,7180,False,2026-07-28T02:58:40Z,2026-08-11T02:58:39Z
8675178814,usdjpy-raw-ticks-2019-04-09-30315092496-2,920772,False,2026-07-28T02:58:40Z,2026-08-11T02:58:39Z
8675175860,usdjpy-raw-ticks-2019-03-12-30315092496-2,1096627,False,2026-07-28T02:58:28Z,2026-08-11T02:58:28Z
8675174299,usdjpy-raw-ticks-2019-04-08-30315092496-2,864569,False,2026-07-28T02:58:22Z,2026-08-11T02:58:22Z
8675172489,usdjpy-raw-ticks-2019-04-13-30315092496-2,7180,False,2026-07-28T02:58:15Z,2026-08-11T02:58:14Z
8675171873,usdjpy-raw-ticks-2019-04-12-30315092496-2,857115,False,2026-07-28T02:58:13Z,2026-08-11T02:58:12Z
8675170266,usdjpy-raw-ticks-2019-03-16-30315092496-2,7180,False,2026-07-28T02:58:07Z,2026-08-11T02:58:06Z
8675165243,usdjpy-raw-ticks-2019-04-01-30315092496-2,1167062,False,2026-07-28T02:57:46Z,2026-08-11T02:57:45Z
8675165035,usdjpy-raw-ticks-2019-03-28-30315092496-2,1644865,False,2026-07-28T02:57:46Z,2026-08-11T02:57:45Z
8675164222,usdjpy-raw-ticks-2019-03-17-30315092496-2,55055,False,2026-07-28T02:57:42Z,2026-08-11T02:57:41Z
8675164177,usdjpy-raw-ticks-2019-03-15-30315092496-2,989880,False,2026-07-28T02:57:42Z,2026-08-11T02:57:42Z
8675163765,usdjpy-raw-ticks-2019-03-24-30315092496-2,72958,False,2026-07-28T02:57:41Z,2026-08-11T02:57:40Z
8675161876,usdjpy-raw-ticks-2019-04-18-30315092496-2,1036921,False,2026-07-28T02:57:33Z,2026-08-11T02:57:33Z
8675160908,usdjpy-raw-ticks-2019-04-29-30315092496-2,649635,False,2026-07-28T02:57:30Z,2026-08-11T02:57:29Z
8675158710,usdjpy-raw-ticks-2019-03-08-30315092496-2,1266739,False,2026-07-28T02:57:21Z,2026-08-11T02:57:20Z
8675158630,usdjpy-raw-ticks-2019-04-07-30315092496-2,71147,False,2026-07-28T02:57:21Z,2026-08-11T02:57:20Z
8675157187,usdjpy-raw-ticks-2019-04-10-30315092496-2,990994,False,2026-07-28T02:57:15Z,2026-08-11T02:57:14Z
8675157013,usdjpy-raw-ticks-2019-03-09-30315092496-2,7180,False,2026-07-28T02:57:14Z,2026-08-11T02:57:13Z
8675156416,usdjpy-raw-ticks-2019-04-17-30315092496-2,850831,False,2026-07-28T02:57:12Z,2026-08-11T02:57:11Z
8675156210,usdjpy-raw-ticks-2019-04-24-30315092496-2,934532,False,2026-07-28T02:57:11Z,2026-08-11T02:57:10Z
8675156042,usdjpy-raw-ticks-2021-12-03-30315092496-2,1510774,False,2026-07-28T02:57:10Z,2026-08-11T02:57:09Z
8675155760,usdjpy-raw-ticks-2019-05-02-30315092496-2,936385,False,2026-07-28T02:57:09Z,2026-08-11T02:57:09Z
8675155380,usdjpy-raw-ticks-2019-03-18-30315092496-2,855517,False,2026-07-28T02:57:08Z,2026-08-11T02:57:07Z
8675154823,usdjpy-raw-ticks-2019-04-28-30315092496-2,36840,False,2026-07-28T02:57:05Z,2026-08-11T02:57:05Z
8675154270,usdjpy-raw-ticks-2019-04-04-30315092496-2,941696,False,2026-07-28T02:57:03Z,2026-08-11T02:57:03Z
8675154181,usdjpy-raw-ticks-2019-03-25-30315092496-2,1691993,False,2026-07-28T02:57:03Z,2026-08-11T02:57:02Z
8675153144,usdjpy-raw-ticks-2019-03-20-30315092496-2,1305817,False,2026-07-28T02:56:59Z,2026-08-11T02:56:58Z
8675152442,usdjpy-raw-ticks-2019-12-27-30315092496-2,638503,False,2026-07-28T02:56:56Z,2026-08-11T02:56:55Z
8675151838,usdjpy-raw-ticks-2019-12-22-30315092496-2,71001,False,2026-07-28T02:56:53Z,2026-08-11T02:56:52Z
8675151229,usdjpy-raw-ticks-2019-12-06-30315092496-2,817369,False,2026-07-28T02:56:51Z,2026-08-11T02:56:50Z
8675150687,usdjpy-raw-ticks-2021-12-15-30315092496-2,1139176,False,2026-07-28T02:56:49Z,2026-08-11T02:56:48Z
8675150639,usdjpy-raw-ticks-2019-12-26-30315092496-2,592226,False,2026-07-28T02:56:49Z,2026-08-11T02:56:48Z
8675149642,usdjpy-raw-ticks-2021-11-10-30315092496-2,1291365,False,2026-07-28T02:56:45Z,2026-08-11T02:56:44Z
8675149597,usdjpy-raw-ticks-2019-12-25-30315092496-2,130923,False,2026-07-28T02:56:45Z,2026-08-11T02:56:44Z
8675149403,usdjpy-raw-ticks-2019-12-15-30315092496-2,88001,False,2026-07-28T02:56:44Z,2026-08-11T02:56:43Z
8675149298,usdjpy-raw-ticks-2021-12-07-30315092496-2,973737,False,2026-07-28T02:56:43Z,2026-08-11T02:56:43Z
8675148823,usdjpy-raw-ticks-2021-11-12-30315092496-2,925105,False,2026-07-28T02:56:42Z,2026-08-11T02:56:40Z
8675148818,usdjpy-raw-ticks-2021-11-11-30315092496-2,782801,False,2026-07-28T02:56:41Z,2026-08-11T02:56:40Z
8675148286,usdjpy-raw-ticks-2021-12-01-30315092496-2,1707274,False,2026-07-28T02:56:39Z,2026-08-11T02:56:39Z
8675147212,usdjpy-raw-ticks-2021-11-17-30315092496-2,1117568,False,2026-07-28T02:56:35Z,2026-08-11T02:56:34Z
8675146424,usdjpy-raw-ticks-2021-12-13-30315092496-2,785565,False,2026-07-28T02:56:32Z,2026-08-11T02:56:31Z
8675145422,usdjpy-raw-ticks-2021-12-19-30315092496-2,68383,False,2026-07-28T02:56:27Z,2026-08-11T02:56:26Z
8675145380,usdjpy-raw-ticks-2021-11-24-30315092496-2,1220352,False,2026-07-28T02:56:27Z,2026-08-11T02:56:27Z
8675144940,usdjpy-raw-ticks-2021-12-30-30315092496-2,648657,False,2026-07-28T02:56:25Z,2026-08-11T02:56:24Z
8675144861,usdjpy-raw-ticks-2021-11-07-30315092496-2,45758,False,2026-07-28T02:56:25Z,2026-08-11T02:56:25Z
8675143605,usdjpy-raw-ticks-2021-12-28-30315092496-2,564855,False,2026-07-28T02:56:20Z,2026-08-11T02:56:20Z
8675143142,usdjpy-raw-ticks-2021-12-21-30315092496-2,816762,False,2026-07-28T02:56:18Z,2026-08-11T02:56:17Z
8675142284,usdjpy-raw-ticks-2021-11-06-30315092496-2,7180,False,2026-07-28T02:56:15Z,2026-08-11T02:56:14Z
8675142184,usdjpy-raw-ticks-2021-12-10-30315092496-2,1085407,False,2026-07-28T02:56:14Z,2026-08-11T02:56:13Z
8675142077,usdjpy-raw-ticks-2021-12-08-30315092496-2,1180840,False,2026-07-28T02:56:14Z,2026-08-11T02:56:13Z
8675142019,usdjpy-raw-ticks-2021-12-20-30315092496-2,1191480,False,2026-07-28T02:56:14Z,2026-08-11T02:56:13Z
8675141445,usdjpy-raw-ticks-2021-11-21-30315092496-2,69770,False,2026-07-28T02:56:11Z,2026-08-11T02:56:11Z
8675141161,usdjpy-raw-ticks-2021-11-16-30315092496-2,1038300,False,2026-07-28T02:56:10Z,2026-08-11T02:56:09Z
8675141129,usdjpy-raw-ticks-2021-11-18-30315092496-2,1013522,False,2026-07-28T02:56:10Z,2026-08-11T02:56:09Z
8675141015,usdjpy-raw-ticks-2021-12-06-30315092496-2,1091100,False,2026-07-28T02:56:10Z,2026-08-11T02:56:09Z
8675140207,usdjpy-raw-ticks-2021-12-27-30315092496-2,446394,False,2026-07-28T02:56:07Z,2026-08-11T02:56:06Z
8675139852,usdjpy-raw-ticks-2021-12-18-30315092496-2,7180,False,2026-07-28T02:56:05Z,2026-08-11T02:56:04Z
8675139411,usdjpy-raw-ticks-2021-11-26-30315092496-2,2319831,False,2026-07-28T02:56:04Z,2026-08-11T02:56:03Z
8675139125,usdjpy-raw-ticks-2021-11-30-30315092496-2,2503208,False,2026-07-28T02:56:02Z,2026-08-11T02:56:02Z
8675138538,usdjpy-raw-ticks-2021-11-23-30315092496-2,1301156,False,2026-07-28T02:56:00Z,2026-08-11T02:55:59Z
8675138121,usdjpy-raw-ticks-2021-12-22-30315092496-2,770281,False,2026-07-28T02:55:58Z,2026-08-11T02:55:57Z
8675138014,usdjpy-raw-ticks-2021-11-08-30315092496-2,918561,False,2026-07-28T02:55:58Z,2026-08-11T02:55:57Z
8675137807,usdjpy-raw-ticks-2021-11-15-30315092496-2,856600,False,2026-07-28T02:55:57Z,2026-08-11T02:55:56Z
8675136942,usdjpy-raw-ticks-2021-11-29-30315092496-2,1737111,False,2026-07-28T02:55:54Z,2026-08-11T02:55:52Z
8675136420,usdjpy-raw-ticks-2021-11-28-30315092496-2,197134,False,2026-07-28T02:55:52Z,2026-08-11T02:55:51Z
8675136286,usdjpy-raw-ticks-2021-11-19-30315092496-2,1424169,False,2026-07-28T02:55:51Z,2026-08-11T02:55:50Z
8675135998,usdjpy-raw-ticks-2021-11-14-30315092496-2,38478,False,2026-07-28T02:55:50Z,2026-08-11T02:55:49Z
8675135761,usdjpy-raw-ticks-2021-11-09-30315092496-2,1201994,False,2026-07-28T02:55:49Z,2026-08-11T02:55:48Z
8675134098,usdjpy-raw-ticks-2021-11-25-30315092496-2,911107,False,2026-07-28T02:55:42Z,2026-08-11T02:55:42Z
8675133490,usdjpy-raw-ticks-2021-12-29-30315092496-2,672700,False,2026-07-28T02:55:40Z,2026-08-11T02:55:39Z
8675133469,usdjpy-raw-ticks-2021-12-17-30315092496-2,1203611,False,2026-07-28T02:55:40Z,2026-08-11T02:55:38Z
8675133368,usdjpy-raw-ticks-2021-11-22-30315092496-2,1111623,False,2026-07-28T02:55:39Z,2026-08-11T02:55:38Z
8675132212,usdjpy-raw-ticks-2021-12-11-30315092496-2,7180,False,2026-07-28T02:55:35Z,2026-08-11T02:55:35Z
8675132172,usdjpy-raw-ticks-2021-12-14-30315092496-2,970744,False,2026-07-28T02:55:35Z,2026-08-11T02:55:35Z
8675132012,usdjpy-raw-ticks-2021-12-12-30315092496-2,80004,False,2026-07-28T02:55:35Z,2026-08-11T02:55:34Z
8675131245,usdjpy-raw-ticks-2021-12-02-30315092496-2,1602232,False,2026-07-28T02:55:32Z,2026-08-11T02:55:31Z
8675131084,usdjpy-raw-ticks-2021-12-24-30315092496-2,873021,False,2026-07-28T02:55:31Z,2026-08-11T02:55:30Z
8675128928,usdjpy-raw-ticks-2021-12-31-30315092496-2,496547,False,2026-07-28T02:55:23Z,2026-08-11T02:55:22Z
8675128632,usdjpy-raw-ticks-2021-12-04-30315092496-2,7180,False,2026-07-28T02:55:22Z,2026-08-11T02:55:21Z
8675128195,usdjpy-raw-ticks-2021-05-11-30315092496-2,880196,False,2026-07-28T02:55:20Z,2026-08-11T02:55:19Z
8675127628,usdjpy-raw-ticks-2021-11-20-30315092496-2,7180,False,2026-07-28T02:55:18Z,2026-08-11T02:55:17Z
8675127253,usdjpy-raw-ticks-2021-11-13-30315092496-2,7180,False,2026-07-28T02:55:16Z,2026-08-11T02:55:16Z
8675127243,usdjpy-raw-ticks-2021-06-18-30315092496-2,1021028,False,2026-07-28T02:55:16Z,2026-08-11T02:55:16Z
8675126611,usdjpy-raw-ticks-2021-06-22-30315092496-2,742354,False,2026-07-28T02:55:14Z,2026-08-11T02:55:13Z
8675126454,usdjpy-raw-ticks-2021-05-09-30315092496-2,55658,False,2026-07-28T02:55:13Z,2026-08-11T02:55:13Z
8675126351,usdjpy-raw-ticks-2021-06-29-30315092496-2,728838,False,2026-07-28T02:55:13Z,2026-08-11T02:55:12Z
8675126140,usdjpy-raw-ticks-2021-11-27-30315092496-2,7180,False,2026-07-28T02:55:12Z,2026-08-11T02:55:11Z
8675125937,usdjpy-raw-ticks-2021-05-23-30315092496-2,38640,False,2026-07-28T02:55:12Z,2026-08-11T02:55:11Z
8675125779,usdjpy-raw-ticks-2021-05-26-30315092496-2,692753,False,2026-07-28T02:55:11Z,2026-08-11T02:55:10Z
8675125586,usdjpy-raw-ticks-2019-11-15-30315092496-2,791663,False,2026-07-28T02:55:10Z,2026-08-11T02:55:10Z
8675124911,usdjpy-raw-ticks-2021-05-15-30315092496-2,7180,False,2026-07-28T02:55:08Z,2026-08-11T02:55:07Z
8675124111,usdjpy-raw-ticks-2019-12-05-30315092496-2,973147,False,2026-07-28T02:55:05Z,2026-08-11T02:55:03Z
8675124068,usdjpy-raw-ticks-2021-06-23-30315092496-2,825011,False,2026-07-28T02:55:05Z,2026-08-11T02:55:04Z
8675123886,usdjpy-raw-ticks-2021-06-30-30315092496-2,793051,False,2026-07-28T02:55:04Z,2026-08-11T02:55:03Z
8675121871,usdjpy-raw-ticks-2021-05-30-30315092496-2,32951,False,2026-07-28T02:54:56Z,2026-08-11T02:54:55Z
8675121736,usdjpy-raw-ticks-2021-06-04-30315092496-2,735950,False,2026-07-28T02:54:56Z,2026-08-11T02:54:55Z
8675121444,usdjpy-raw-ticks-2019-12-19-30315092496-2,690659,False,2026-07-28T02:54:55Z,2026-08-11T02:54:54Z
8675121258,usdjpy-raw-ticks-2019-12-28-30315092496-2,7180,False,2026-07-28T02:54:54Z,2026-08-11T02:54:53Z
8675120843,usdjpy-raw-ticks-2021-05-17-30315092496-2,667946,False,2026-07-28T02:54:52Z,2026-08-11T02:54:51Z
8675120805,usdjpy-raw-ticks-2019-11-17-30315092496-2,54092,False,2026-07-28T02:54:52Z,2026-08-11T02:54:51Z
8675120469,usdjpy-raw-ticks-2021-06-15-30315092496-2,615330,False,2026-07-28T02:54:50Z,2026-08-11T02:54:49Z
8675119782,usdjpy-raw-ticks-2021-06-08-30315092496-2,635704,False,2026-07-28T02:54:47Z,2026-08-11T02:54:47Z
8675118589,usdjpy-raw-ticks-2019-11-18-30315092496-2,955298,False,2026-07-28T02:54:42Z,2026-08-11T02:54:42Z
8675118463,usdjpy-raw-ticks-2019-12-18-30315092496-2,657568,False,2026-07-28T02:54:42Z,2026-08-11T02:54:41Z
8675118444,usdjpy-raw-ticks-2021-05-22-30315092496-2,7180,False,2026-07-28T02:54:42Z,2026-08-11T02:54:41Z
8675117892,usdjpy-raw-ticks-2021-06-13-30315092496-2,41014,False,2026-07-28T02:54:40Z,2026-08-11T02:54:39Z
8675117702,usdjpy-raw-ticks-2021-06-01-30315092496-2,707338,False,2026-07-28T02:54:39Z,2026-08-11T02:54:38Z
8675117664,usdjpy-raw-ticks-2021-05-12-30315092496-2,1070144,False,2026-07-28T02:54:39Z,2026-08-11T02:54:37Z
8675117213,usdjpy-raw-ticks-2021-06-26-30315092496-2,7180,False,2026-07-28T02:54:37Z,2026-08-11T02:54:36Z
8675116884,usdjpy-raw-ticks-2021-06-11-30315092496-2,653986,False,2026-07-28T02:54:36Z,2026-08-11T02:54:35Z
8675116176,usdjpy-raw-ticks-2021-06-17-30315092496-2,1000690,False,2026-07-28T02:54:33Z,2026-08-11T02:54:32Z
8675115681,usdjpy-raw-ticks-2021-05-28-30315092496-2,763084,False,2026-07-28T02:54:30Z,2026-08-11T02:54:29Z
8675115244,usdjpy-raw-ticks-2021-06-06-30315092496-2,37981,False,2026-07-28T02:54:29Z,2026-08-11T02:54:28Z
8675114195,usdjpy-raw-ticks-2021-06-09-30315092496-2,601678,False,2026-07-28T02:54:24Z,2026-08-11T02:54:23Z
8675112838,usdjpy-raw-ticks-2019-11-10-30315092496-2,55110,False,2026-07-28T02:54:19Z,2026-08-11T02:54:18Z
8675112641,usdjpy-raw-ticks-2021-05-13-30315092496-2,906302,False,2026-07-28T02:54:18Z,2026-08-11T02:54:17Z
8675111438,usdjpy-raw-ticks-2021-05-21-30315092496-2,672689,False,2026-07-28T02:54:13Z,2026-08-11T02:54:12Z
8675110821,usdjpy-raw-ticks-2021-06-07-30315092496-2,654450,False,2026-07-28T02:54:10Z,2026-08-11T02:54:09Z
8675110260,usdjpy-raw-ticks-2021-05-16-30315092496-2,40986,False,2026-07-28T02:54:08Z,2026-08-11T02:54:07Z
8675109892,usdjpy-raw-ticks-2021-05-27-30315092496-2,832032,False,2026-07-28T02:54:07Z,2026-08-11T02:54:06Z
8675109886,usdjpy-raw-ticks-2021-05-24-30315092496-2,646280,False,2026-07-28T02:54:07Z,2026-08-11T02:54:05Z
8675109616,usdjpy-raw-ticks-2021-06-14-30315092496-2,611529,False,2026-07-28T02:54:06Z,2026-08-11T02:54:05Z
8675109501,usdjpy-raw-ticks-2021-06-05-30315092496-2,7180,False,2026-07-28T02:54:05Z,2026-08-11T02:54:04Z
8675109239,usdjpy-raw-ticks-2019-12-03-30315092496-2,1255026,False,2026-07-28T02:54:04Z,2026-08-11T02:54:03Z
8675107721,usdjpy-raw-ticks-2019-12-20-30315092496-2,540709,False,2026-07-28T02:53:58Z,2026-08-11T02:53:57Z
8675107671,usdjpy-raw-ticks-2019-11-26-30315092496-2,905510,False,2026-07-28T02:53:58Z,2026-08-11T02:53:57Z
8675106788,usdjpy-raw-ticks-2021-05-18-30315092496-2,707273,False,2026-07-28T02:53:54Z,2026-08-11T02:53:53Z
8675105014,usdjpy-raw-ticks-2021-05-25-30315092496-2,792674,False,2026-07-28T02:53:48Z,2026-08-11T02:53:46Z
8675104000,usdjpy-raw-ticks-2021-05-10-30315092496-2,884154,False,2026-07-28T02:53:43Z,2026-08-11T02:53:43Z
8675103994,usdjpy-raw-ticks-2021-06-16-30315092496-2,898139,False,2026-07-28T02:53:43Z,2026-08-11T02:53:43Z
8675103738,usdjpy-raw-ticks-2021-05-20-30315092496-2,743676,False,2026-07-28T02:53:42Z,2026-08-11T02:53:42Z
8675103576,usdjpy-raw-ticks-2019-11-19-30315092496-2,928386,False,2026-07-28T02:53:42Z,2026-08-11T02:53:41Z
8675103568,usdjpy-raw-ticks-2021-06-19-30315092496-2,7180,False,2026-07-28T02:53:42Z,2026-08-11T02:53:41Z
8675102742,usdjpy-raw-ticks-2019-11-24-30315092496-2,83664,False,2026-07-28T02:53:38Z,2026-08-11T02:53:38Z
8675101352,usdjpy-raw-ticks-2019-12-02-30315092496-2,1015036,False,2026-07-28T02:53:33Z,2026-08-11T02:53:31Z
8675100394,usdjpy-raw-ticks-2021-06-02-30315092496-2,652909,False,2026-07-28T02:53:29Z,2026-08-11T02:53:29Z
8675098342,usdjpy-raw-ticks-2021-05-19-30315092496-2,1012322,False,2026-07-28T02:53:21Z,2026-08-11T02:53:21Z
8675097915,usdjpy-raw-ticks-2021-06-12-30315092496-2,7180,False,2026-07-28T02:53:20Z,2026-08-11T02:53:19Z
8675097618,usdjpy-raw-ticks-2021-05-31-30315092496-2,564141,False,2026-07-28T02:53:19Z,2026-08-11T02:53:18Z
8675097125,usdjpy-raw-ticks-2021-06-20-30315092496-2,51719,False,2026-07-28T02:53:17Z,2026-08-11T02:53:16Z
8675096781,usdjpy-raw-ticks-2021-06-27-30315092496-2,40679,False,2026-07-28T02:53:16Z,2026-08-11T02:53:15Z
8675095129,usdjpy-raw-ticks-2021-05-29-30315092496-2,7180,False,2026-07-28T02:53:09Z,2026-08-11T02:53:09Z
8675093233,usdjpy-raw-ticks-2019-11-29-30315092496-2,775910,False,2026-07-28T02:53:01Z,2026-08-11T02:53:00Z
8675092949,usdjpy-raw-ticks-2021-06-10-30315092496-2,850102,False,2026-07-28T02:53:00Z,2026-08-11T02:53:00Z
8675090788,usdjpy-raw-ticks-2019-12-11-30315092496-2,757515,False,2026-07-28T02:52:51Z,2026-08-11T02:52:50Z
8675090610,usdjpy-raw-ticks-2021-05-14-30315092496-2,696924,False,2026-07-28T02:52:50Z,2026-08-11T02:52:50Z
8675090573,usdjpy-raw-ticks-2021-06-21-30315092496-2,1039086,False,2026-07-28T02:52:50Z,2026-08-11T02:52:49Z
8675089668,usdjpy-raw-ticks-2019-12-13-30315092496-2,1378773,False,2026-07-28T02:52:46Z,2026-08-11T02:52:45Z
8675087805,usdjpy-raw-ticks-2021-06-03-30315092496-2,690100,False,2026-07-28T02:52:38Z,2026-08-11T02:52:37Z
8675085838,usdjpy-raw-ticks-2019-12-30-30315092496-2,715283,False,2026-07-28T02:52:29Z,2026-08-11T02:52:28Z
8675084939,usdjpy-raw-ticks-2019-11-30-30315092496-2,7180,False,2026-07-28T02:52:26Z,2026-08-11T02:52:25Z
8675083215,usdjpy-raw-ticks-2019-11-23-30315092496-2,7180,False,2026-07-28T02:52:18Z,2026-08-11T02:52:18Z
8675082349,usdjpy-raw-ticks-2019-11-27-30315092496-2,789670,False,2026-07-28T02:52:15Z,2026-08-11T02:52:14Z
8675082306,usdjpy-raw-ticks-2019-12-16-30315092496-2,635416,False,2026-07-28T02:52:15Z,2026-08-11T02:52:13Z
8675079867,usdjpy-raw-ticks-2019-12-17-30315092496-2,643040,False,2026-07-28T02:52:04Z,2026-08-11T02:52:03Z
8675079028,usdjpy-raw-ticks-2019-11-21-30315092496-2,1286557,False,2026-07-28T02:52:01Z,2026-08-11T02:51:59Z
8675077642,usdjpy-raw-ticks-2019-12-04-30315092496-2,1109338,False,2026-07-28T02:51:55Z,2026-08-11T02:51:55Z
8675077302,usdjpy-raw-ticks-2019-11-28-30315092496-2,596318,False,2026-07-28T02:51:54Z,2026-08-11T02:51:52Z
8675076503,usdjpy-raw-ticks-2019-11-07-30315092496-2,1329304,False,2026-07-28T02:51:50Z,2026-08-11T02:51:49Z
8675075981,usdjpy-raw-ticks-2019-11-12-30315092496-2,1014663,False,2026-07-28T02:51:48Z,2026-08-11T02:51:48Z
8675074107,usdjpy-raw-ticks-2019-11-14-30315092496-2,1119797,False,2026-07-28T02:51:41Z,2026-08-11T02:51:40Z
8675073870,usdjpy-raw-ticks-2019-12-21-30315092496-2,7180,False,2026-07-28T02:51:40Z,2026-08-11T02:51:39Z
8675072273,usdjpy-raw-ticks-2019-11-16-30315092496-2,7180,False,2026-07-28T02:51:33Z,2026-08-11T02:51:33Z
8675067628,usdjpy-raw-ticks-2019-11-25-30315092496-2,740893,False,2026-07-28T02:51:15Z,2026-08-11T02:51:14Z
8675066923,usdjpy-raw-ticks-2019-12-01-30315092496-2,72732,False,2026-07-28T02:51:12Z,2026-08-11T02:51:11Z
8675061900,usdjpy-raw-ticks-2019-11-20-30315092496-2,1288664,False,2026-07-28T02:50:53Z,2026-08-11T02:50:52Z
8675060672,usdjpy-raw-ticks-2019-11-13-30315092496-2,1077860,False,2026-07-28T02:50:48Z,2026-08-11T02:50:46Z
8675058892,usdjpy-raw-ticks-2019-11-09-30315092496-2,7180,False,2026-07-28T02:50:41Z,2026-08-11T02:50:41Z
8675057809,usdjpy-raw-ticks-2019-11-22-30315092496-2,880616,False,2026-07-28T02:50:37Z,2026-08-11T02:50:36Z
8675057744,usdjpy-raw-ticks-2019-12-08-30315092496-2,44886,False,2026-07-28T02:50:36Z,2026-08-11T02:50:35Z
8675054135,usdjpy-raw-ticks-2019-12-12-30315092496-2,1267383,False,2026-07-28T02:50:22Z,2026-08-11T02:50:22Z
8675052876,usdjpy-raw-ticks-2021-10-12-30315092496-2,1166940,False,2026-07-28T02:50:17Z,2026-08-11T02:50:16Z
8675052873,usdjpy-raw-ticks-2021-10-14-30315092496-2,882326,False,2026-07-28T02:50:17Z,2026-08-11T02:50:16Z
8675050911,usdjpy-raw-ticks-2021-10-10-30315092496-2,50633,False,2026-07-28T02:50:09Z,2026-08-11T02:50:08Z
8675050489,usdjpy-raw-ticks-2021-09-09-30315092496-2,760171,False,2026-07-28T02:50:07Z,2026-08-11T02:50:07Z
8675049700,usdjpy-raw-ticks-2019-12-07-30315092496-2,7180,False,2026-07-28T02:50:04Z,2026-08-11T02:50:04Z
8675049146,usdjpy-raw-ticks-2019-11-11-30315092496-2,682345,False,2026-07-28T02:50:02Z,2026-08-11T02:50:01Z
8675047885,usdjpy-raw-ticks-2021-05-08-30315092496-2,7180,False,2026-07-28T02:49:57Z,2026-08-11T02:49:56Z
8675047035,usdjpy-raw-ticks-2021-10-24-30315092496-2,61376,False,2026-07-28T02:49:53Z,2026-08-11T02:49:53Z
8675044505,usdjpy-raw-ticks-2019-12-10-30315092496-2,847876,False,2026-07-28T02:49:42Z,2026-08-11T02:49:42Z
8675043813,usdjpy-raw-ticks-2019-12-31-30315092496-2,559268,False,2026-07-28T02:49:40Z,2026-08-11T02:49:39Z
8675043223,usdjpy-raw-ticks-2019-12-24-30315092496-2,481998,False,2026-07-28T02:49:37Z,2026-08-11T02:49:37Z
8675042913,usdjpy-raw-ticks-2019-11-06-30315092496-2,1007372,False,2026-07-28T02:49:36Z,2026-08-11T02:49:35Z
8675041185,usdjpy-raw-ticks-2019-12-09-30315092496-2,605995,False,2026-07-28T02:49:29Z,2026-08-11T02:49:28Z
8675040770,usdjpy-raw-ticks-2019-12-23-30315092496-2,541657,False,2026-07-28T02:49:27Z,2026-08-11T02:49:26Z
8675040192,usdjpy-raw-ticks-2019-12-29-30315092496-2,42783,False,2026-07-28T02:49:25Z,2026-08-11T02:49:24Z
8675040163,usdjpy-raw-ticks-2019-12-14-30315092496-2,7180,False,2026-07-28T02:49:25Z,2026-08-11T02:49:24Z
8675040138,usdjpy-raw-ticks-2021-03-26-30315092496-2,758554,False,2026-07-28T02:49:24Z,2026-08-11T02:49:23Z
8675039648,usdjpy-raw-ticks-2019-11-08-30315092496-2,1054878,False,2026-07-28T02:49:22Z,2026-08-11T02:49:22Z
8675038268,usdjpy-raw-ticks-2021-11-05-30315092496-2,1218536,False,2026-07-28T02:49:17Z,2026-08-11T02:49:16Z
8675037802,usdjpy-raw-ticks-2021-10-30-30315092496-2,7180,False,2026-07-28T02:49:15Z,2026-08-11T02:49:14Z
8675037593,usdjpy-raw-ticks-2021-10-28-30315092496-2,1311733,False,2026-07-28T02:49:14Z,2026-08-11T02:49:13Z
8675036367,usdjpy-raw-ticks-2021-10-15-30315092496-2,983629,False,2026-07-28T02:49:09Z,2026-08-11T02:49:08Z
8675035523,usdjpy-raw-ticks-2021-10-20-30315092496-2,1058243,False,2026-07-28T02:49:05Z,2026-08-11T02:49:04Z
8675035420,usdjpy-raw-ticks-2021-11-04-30315092496-2,1151031,False,2026-07-28T02:49:05Z,2026-08-11T02:49:03Z
8675035331,usdjpy-raw-ticks-2021-10-08-30315092496-2,963468,False,2026-07-28T02:49:04Z,2026-08-11T02:49:04Z
8675035157,usdjpy-raw-ticks-2021-10-29-30315092496-2,1268844,False,2026-07-28T02:49:04Z,2026-08-11T02:49:03Z
8675033000,usdjpy-raw-ticks-2021-04-05-30315092496-2,575602,False,2026-07-28T02:48:54Z,2026-08-11T02:48:53Z
8675032984,usdjpy-raw-ticks-2021-05-06-30315092496-2,911056,False,2026-07-28T02:48:54Z,2026-08-11T02:48:53Z
8675032351,usdjpy-raw-ticks-2021-03-29-30315092496-2,698716,False,2026-07-28T02:48:52Z,2026-08-11T02:48:51Z
8675032193,usdjpy-raw-ticks-2021-10-16-30315092496-2,7180,False,2026-07-28T02:48:51Z,2026-08-11T02:48:50Z
8675032179,usdjpy-raw-ticks-2021-04-16-30315092496-2,667113,False,2026-07-28T02:48:51Z,2026-08-11T02:48:50Z
8675031763,usdjpy-raw-ticks-2021-04-27-30315092496-2,789992,False,2026-07-28T02:48:49Z,2026-08-11T02:48:48Z
8675031466,usdjpy-raw-ticks-2021-04-21-30315092496-2,753611,False,2026-07-28T02:48:48Z,2026-08-11T02:48:47Z
8675030999,usdjpy-raw-ticks-2021-04-06-30315092496-2,912557,False,2026-07-28T02:48:46Z,2026-08-11T02:48:46Z
8675030655,usdjpy-raw-ticks-2021-04-04-30315092496-2,80690,False,2026-07-28T02:48:45Z,2026-08-11T02:48:44Z
8675029807,usdjpy-raw-ticks-2021-05-01-30315092496-2,7180,False,2026-07-28T02:48:41Z,2026-08-11T02:48:41Z
8675029479,usdjpy-raw-ticks-2021-04-03-30315092496-2,7180,False,2026-07-28T02:48:40Z,2026-08-11T02:48:39Z
8675029452,usdjpy-raw-ticks-2019-01-15-30315092496-2,1679922,False,2026-07-28T02:48:40Z,2026-08-11T02:48:38Z
8675029289,usdjpy-raw-ticks-2019-03-05-30315092496-2,1077730,False,2026-07-28T02:48:39Z,2026-08-11T02:48:37Z
8675029264,usdjpy-raw-ticks-2019-02-12-30315092496-2,1085686,False,2026-07-28T02:48:39Z,2026-08-11T02:48:38Z
8675028459,usdjpy-raw-ticks-2019-02-06-30315092496-2,1103759,False,2026-07-28T02:48:36Z,2026-08-11T02:48:34Z
8675028142,usdjpy-raw-ticks-2019-03-01-30315092496-2,1142089,False,2026-07-28T02:48:34Z,2026-08-11T02:48:33Z
8675027644,usdjpy-raw-ticks-2021-04-17-30315092496-2,7180,False,2026-07-28T02:48:32Z,2026-08-11T02:48:32Z
8675026454,usdjpy-raw-ticks-2019-01-27-30315092496-2,81642,False,2026-07-28T02:48:28Z,2026-08-11T02:48:27Z
8675026440,usdjpy-raw-ticks-2019-03-03-30315092496-2,153591,False,2026-07-28T02:48:27Z,2026-08-11T02:48:26Z
8675026105,usdjpy-raw-ticks-2021-04-22-30315092496-2,857802,False,2026-07-28T02:48:26Z,2026-08-11T02:48:26Z
8675025996,usdjpy-raw-ticks-2019-02-24-30315092496-2,127605,False,2026-07-28T02:48:26Z,2026-08-11T02:48:25Z
8675025845,usdjpy-raw-ticks-2019-02-28-30315092496-2,1242421,False,2026-07-28T02:48:25Z,2026-08-11T02:48:25Z
8675025422,usdjpy-raw-ticks-2019-02-22-30315092496-2,1010524,False,2026-07-28T02:48:23Z,2026-08-11T02:48:22Z
8675024608,usdjpy-raw-ticks-2019-02-02-30315092496-2,7180,False,2026-07-28T02:48:20Z,2026-08-11T02:48:19Z
8675024505,usdjpy-raw-ticks-2019-02-07-30315092496-2,1393753,False,2026-07-28T02:48:20Z,2026-08-11T02:48:19Z
8675024496,usdjpy-raw-ticks-2019-02-25-30315092496-2,1139333,False,2026-07-28T02:48:19Z,2026-08-11T02:48:18Z
8675024196,usdjpy-raw-ticks-2019-03-04-30315092496-2,1148979,False,2026-07-28T02:48:18Z,2026-08-11T02:48:17Z
8675024195,usdjpy-raw-ticks-2019-01-01-30315092496-2,97110,False,2026-07-28T02:48:18Z,2026-08-11T02:48:18Z
8675023914,usdjpy-raw-ticks-2019-02-18-30315092496-2,909741,False,2026-07-28T02:48:17Z,2026-08-11T02:48:17Z
8675022987,usdjpy-raw-ticks-2019-02-19-30315092496-2,1090593,False,2026-07-28T02:48:13Z,2026-08-11T02:48:12Z
8675022763,usdjpy-raw-ticks-2019-03-02-30315092496-2,7180,False,2026-07-28T02:48:12Z,2026-08-11T02:48:12Z
8675022100,usdjpy-raw-ticks-2019-02-27-30315092496-2,1194406,False,2026-07-28T02:48:10Z,2026-08-11T02:48:09Z
8675020656,usdjpy-raw-ticks-2019-02-16-30315092496-2,7180,False,2026-07-28T02:48:04Z,2026-08-11T02:48:03Z
8675019746,usdjpy-raw-ticks-2021-10-02-30315092496-2,7180,False,2026-07-28T02:48:00Z,2026-08-11T02:48:00Z
8675019561,usdjpy-raw-ticks-2021-11-01-30315092496-2,1009138,False,2026-07-28T02:47:59Z,2026-08-11T02:47:59Z
8675019102,usdjpy-raw-ticks-2019-02-13-30315092496-2,992220,False,2026-07-28T02:47:57Z,2026-08-11T02:47:57Z
8675018776,usdjpy-raw-ticks-2019-01-31-30315092496-2,1386473,False,2026-07-28T02:47:56Z,2026-08-11T02:47:55Z
8675018671,usdjpy-raw-ticks-2019-02-01-30315092496-2,1170712,False,2026-07-28T02:47:56Z,2026-08-11T02:47:55Z
8675018651,usdjpy-raw-ticks-2021-09-10-30315092496-2,590224,False,2026-07-28T02:47:56Z,2026-08-11T02:47:55Z
8675018176,usdjpy-raw-ticks-2019-02-26-30315092496-2,1142018,False,2026-07-28T02:47:54Z,2026-08-11T02:47:52Z
8675017713,usdjpy-raw-ticks-2019-02-21-30315092496-2,1219589,False,2026-07-28T02:47:52Z,2026-08-11T02:47:51Z
8675017455,usdjpy-raw-ticks-2021-09-23-30315092496-2,713661,False,2026-07-28T02:47:51Z,2026-08-11T02:47:50Z
8675017389,usdjpy-raw-ticks-2021-09-20-30315092496-2,843556,False,2026-07-28T02:47:51Z,2026-08-11T02:47:50Z
8675016618,usdjpy-raw-ticks-2019-01-10-30315092496-2,1815710,False,2026-07-28T02:47:48Z,2026-08-11T02:47:47Z
8675016521,usdjpy-raw-ticks-2021-09-18-30315092496-2,7180,False,2026-07-28T02:47:47Z,2026-08-11T02:47:46Z
8675016134,usdjpy-raw-ticks-2019-02-10-30315092496-2,91651,False,2026-07-28T02:47:46Z,2026-08-11T02:47:45Z
8675015690,usdjpy-raw-ticks-2019-02-14-30315092496-2,1373457,False,2026-07-28T02:47:44Z,2026-08-11T02:47:44Z
8675015326,usdjpy-raw-ticks-2019-02-20-30315092496-2,1142917,False,2026-07-28T02:47:43Z,2026-08-11T02:47:42Z
8675014451,usdjpy-raw-ticks-2021-09-13-30315092496-2,559808,False,2026-07-28T02:47:39Z,2026-08-11T02:47:38Z
8675014319,usdjpy-raw-ticks-2021-09-19-30315092496-2,31329,False,2026-07-28T02:47:39Z,2026-08-11T02:47:38Z
8675014147,usdjpy-raw-ticks-2021-10-01-30315092496-2,1155136,False,2026-07-28T02:47:38Z,2026-08-11T02:47:38Z
8675013160,usdjpy-raw-ticks-2021-10-03-30315092496-2,53690,False,2026-07-28T02:47:35Z,2026-08-11T02:47:34Z
8675012354,usdjpy-raw-ticks-2021-09-16-30315092496-2,680524,False,2026-07-28T02:47:31Z,2026-08-11T02:47:31Z
8675012320,usdjpy-raw-ticks-2021-10-22-30315092496-2,1073550,False,2026-07-28T02:47:31Z,2026-08-11T02:47:31Z
8675011704,usdjpy-raw-ticks-2021-10-17-30315092496-2,108894,False,2026-07-28T02:47:29Z,2026-08-11T02:47:28Z
8675010439,usdjpy-raw-ticks-2021-10-04-30315092496-2,1112657,False,2026-07-28T02:47:24Z,2026-08-11T02:47:23Z
8675008542,usdjpy-raw-ticks-2021-09-05-30315092496-2,38030,False,2026-07-28T02:47:16Z,2026-08-11T02:47:15Z
8675008119,usdjpy-raw-ticks-2021-10-05-30315092496-2,966977,False,2026-07-28T02:47:14Z,2026-08-11T02:47:13Z
8675007814,usdjpy-raw-ticks-2021-10-13-30315092496-2,1080840,False,2026-07-28T02:47:13Z,2026-08-11T02:47:06Z
8675007717,usdjpy-raw-ticks-2021-09-12-30315092496-2,49198,False,2026-07-28T02:47:13Z,2026-08-11T02:47:12Z
8675007493,usdjpy-raw-ticks-2021-09-28-30315092496-2,1082296,False,2026-07-28T02:47:12Z,2026-08-11T02:47:10Z
8675006372,usdjpy-raw-ticks-2021-09-14-30315092496-2,692726,False,2026-07-28T02:47:08Z,2026-08-11T02:47:07Z
8675005757,usdjpy-raw-ticks-2021-10-11-30315092496-2,827261,False,2026-07-28T02:47:06Z,2026-08-11T02:47:05Z
8675004764,usdjpy-raw-ticks-2021-10-27-30315092496-2,1206285,False,2026-07-28T02:47:01Z,2026-08-11T02:46:59Z
8675004199,usdjpy-raw-ticks-2021-10-18-30315092496-2,1168236,False,2026-07-28T02:46:59Z,2026-08-11T02:46:58Z
8675000020,usdjpy-raw-ticks-2021-09-25-30315092496-2,7180,False,2026-07-28T02:46:42Z,2026-08-11T02:46:41Z
8674999223,usdjpy-raw-ticks-2021-09-11-30315092496-2,7180,False,2026-07-28T02:46:38Z,2026-08-11T02:46:37Z
8674998853,usdjpy-raw-ticks-2021-10-31-30315092496-2,61991,False,2026-07-28T02:46:37Z,2026-08-11T02:46:37Z
8674997409,usdjpy-raw-ticks-2021-09-21-30315092496-2,855821,False,2026-07-28T02:46:31Z,2026-08-11T02:46:31Z
8674996441,usdjpy-raw-ticks-2021-10-07-30315092496-2,832333,False,2026-07-28T02:46:27Z,2026-08-11T02:46:26Z
8674994692,usdjpy-raw-ticks-2021-09-07-30315092496-2,778297,False,2026-07-28T02:46:20Z,2026-08-11T02:46:19Z
8674992469,usdjpy-raw-ticks-2021-11-02-30315092496-2,1100551,False,2026-07-28T02:46:12Z,2026-08-11T02:46:10Z
8674992281,usdjpy-raw-ticks-2021-09-08-30315092496-2,685133,False,2026-07-28T02:46:11Z,2026-08-11T02:46:10Z
8674988721,usdjpy-raw-ticks-2021-09-22-30315092496-2,1010438,False,2026-07-28T02:45:57Z,2026-08-11T02:45:57Z
8674987913,usdjpy-raw-ticks-2021-09-26-30315092496-2,40506,False,2026-07-28T02:45:54Z,2026-08-11T02:45:53Z
8674985843,usdjpy-raw-ticks-2021-11-03-30315092496-2,1110953,False,2026-07-28T02:45:46Z,2026-08-11T02:45:45Z
8674985060,usdjpy-raw-ticks-2021-10-09-30315092496-2,7180,False,2026-07-28T02:45:43Z,2026-08-11T02:45:42Z
8674982947,usdjpy-raw-ticks-2019-09-10-30315092496-2,1430493,False,2026-07-28T02:45:35Z,2026-08-11T02:45:34Z
8674982631,usdjpy-raw-ticks-2021-09-24-30315092496-2,703496,False,2026-07-28T02:45:34Z,2026-08-11T02:45:33Z
8674979270,usdjpy-raw-ticks-2019-10-14-30315092496-2,1060868,False,2026-07-28T02:45:21Z,2026-08-11T02:45:20Z
8674978730,usdjpy-raw-ticks-2019-10-30-30315092496-2,1124906,False,2026-07-28T02:45:19Z,2026-08-11T02:45:18Z
8674978680,usdjpy-raw-ticks-2021-09-29-30315092496-2,1034515,False,2026-07-28T02:45:19Z,2026-08-11T02:45:18Z
8674978632,usdjpy-raw-ticks-2021-09-15-30315092496-2,731777,False,2026-07-28T02:45:18Z,2026-08-11T02:45:18Z
8674972916,usdjpy-raw-ticks-2019-10-28-30315092496-2,898874,False,2026-07-28T02:44:55Z,2026-08-11T02:44:54Z
8674972001,usdjpy-raw-ticks-2021-09-04-30315092496-2,7180,False,2026-07-28T02:44:51Z,2026-08-11T02:44:50Z
8674971906,usdjpy-raw-ticks-2021-09-30-30315092496-2,1045705,False,2026-07-28T02:44:50Z,2026-08-11T02:44:50Z
8674969127,usdjpy-raw-ticks-2021-10-19-30315092496-2,972445,False,2026-07-28T02:44:39Z,2026-08-11T02:44:37Z
8674968285,usdjpy-raw-ticks-2021-10-06-30315092496-2,1128653,False,2026-07-28T02:44:35Z,2026-08-11T02:44:35Z
8674966146,usdjpy-raw-ticks-2021-04-15-30315092496-2,752636,False,2026-07-28T02:44:26Z,2026-08-11T02:44:25Z
8674964779,usdjpy-raw-ticks-2021-10-26-30315092496-2,872251,False,2026-07-28T02:44:21Z,2026-08-11T02:44:20Z
8674964664,usdjpy-raw-ticks-2021-09-06-30315092496-2,564641,False,2026-07-28T02:44:20Z,2026-08-11T02:44:20Z
8674964366,usdjpy-raw-ticks-2021-04-29-30315092496-2,805416,False,2026-07-28T02:44:19Z,2026-08-11T02:44:18Z
8674963735,usdjpy-raw-ticks-2021-10-25-30315092496-2,974969,False,2026-07-28T02:44:16Z,2026-08-11T02:44:16Z
8674963313,usdjpy-raw-ticks-2021-03-08-30315092496-2,917828,False,2026-07-28T02:44:15Z,2026-08-11T02:44:14Z
8674961642,usdjpy-raw-ticks-2021-03-20-30315092496-2,7180,False,2026-07-28T02:44:08Z,2026-08-11T02:44:07Z
8674960749,usdjpy-raw-ticks-2021-09-03-30315092496-2,774107,False,2026-07-28T02:44:04Z,2026-08-11T02:44:02Z
8674960281,usdjpy-raw-ticks-2021-03-12-30315092496-2,996009,False,2026-07-28T02:44:02Z,2026-08-11T02:44:01Z
8674959435,usdjpy-raw-ticks-2021-10-21-30315092496-2,1134338,False,2026-07-28T02:43:58Z,2026-08-11T02:43:57Z
8674957824,usdjpy-raw-ticks-2021-03-31-30315092496-2,970231,False,2026-07-28T02:43:52Z,2026-08-11T02:43:50Z
8674957158,usdjpy-raw-ticks-2021-09-27-30315092496-2,884987,False,2026-07-28T02:43:50Z,2026-08-11T02:43:49Z
8674956749,usdjpy-raw-ticks-2021-03-21-30315092496-2,85422,False,2026-07-28T02:43:48Z,2026-08-11T02:43:48Z
8674955492,usdjpy-raw-ticks-2021-04-26-30315092496-2,816531,False,2026-07-28T02:43:44Z,2026-08-11T02:43:42Z
8674952895,usdjpy-raw-ticks-2021-09-17-30315092496-2,634680,False,2026-07-28T02:43:33Z,2026-08-11T02:43:32Z
8674951396,usdjpy-raw-ticks-2021-03-16-30315092496-2,851038,False,2026-07-28T02:43:27Z,2026-08-11T02:43:26Z
8674950825,usdjpy-raw-ticks-2021-10-23-30315092496-2,7180,False,2026-07-28T02:43:25Z,2026-08-11T02:43:25Z
8674950725,usdjpy-raw-ticks-2021-03-09-30315092496-2,1119995,False,2026-07-28T02:43:25Z,2026-08-11T02:43:23Z
8674950255,usdjpy-raw-ticks-2019-10-27-30315092496-2,66619,False,2026-07-28T02:43:23Z,2026-08-11T02:43:22Z
8674947983,usdjpy-raw-ticks-2021-03-30-30315092496-2,806596,False,2026-07-28T02:43:14Z,2026-08-11T02:43:13Z
8674946539,usdjpy-raw-ticks-2019-10-12-30315092496-2,7180,False,2026-07-28T02:43:08Z,2026-08-11T02:43:07Z
8674946056,usdjpy-raw-ticks-2019-10-03-30315092496-2,1861444,False,2026-07-28T02:43:06Z,2026-08-11T02:43:05Z
8674942962,usdjpy-raw-ticks-2019-10-26-30315092496-2,7180,False,2026-07-28T02:42:54Z,2026-08-11T02:42:53Z
8674942960,usdjpy-raw-ticks-2019-10-09-30315092496-2,1519969,False,2026-07-28T02:42:54Z,2026-08-11T02:42:53Z
8674942198,usdjpy-raw-ticks-2019-09-27-30315092496-2,1578074,False,2026-07-28T02:42:51Z,2026-08-11T02:42:50Z
8674941908,usdjpy-raw-ticks-2021-03-06-30315092496-2,7180,False,2026-07-28T02:42:50Z,2026-08-11T02:42:49Z
8674940953,usdjpy-raw-ticks-2021-04-25-30315092496-2,43455,False,2026-07-28T02:42:46Z,2026-08-11T02:42:45Z
8674940716,usdjpy-raw-ticks-2019-10-13-30315092496-2,98685,False,2026-07-28T02:42:45Z,2026-08-11T02:42:45Z
8674940357,usdjpy-raw-ticks-2019-10-04-30315092496-2,1393413,False,2026-07-28T02:42:44Z,2026-08-11T02:42:43Z
8674940265,usdjpy-raw-ticks-2019-10-24-30315092496-2,1122739,False,2026-07-28T02:42:43Z,2026-08-11T02:42:42Z
8674938279,usdjpy-raw-ticks-2021-04-30-30315092496-2,780494,False,2026-07-28T02:42:35Z,2026-08-11T02:42:34Z
8674936707,usdjpy-raw-ticks-2021-04-14-30315092496-2,798262,False,2026-07-28T02:42:29Z,2026-08-11T02:42:28Z
8674936446,usdjpy-raw-ticks-2021-03-25-30315092496-2,795528,False,2026-07-28T02:42:28Z,2026-08-11T02:42:26Z
8674936124,usdjpy-raw-ticks-2021-03-19-30315092496-2,946925,False,2026-07-28T02:42:26Z,2026-08-11T02:42:26Z
8674934450,usdjpy-raw-ticks-2021-03-14-30315092496-2,81666,False,2026-07-28T02:42:19Z,2026-08-11T02:42:18Z
8674934277,usdjpy-raw-ticks-2021-03-07-30315092496-2,79835,False,2026-07-28T02:42:18Z,2026-08-11T02:42:17Z
8674932819,usdjpy-raw-ticks-2021-03-10-30315092496-2,1032105,False,2026-07-28T02:42:12Z,2026-08-11T02:42:11Z
8674931919,usdjpy-raw-ticks-2021-04-02-30315092496-2,749523,False,2026-07-28T02:42:09Z,2026-08-11T02:42:08Z
8674931453,usdjpy-raw-ticks-2021-03-24-30315092496-2,823951,False,2026-07-28T02:42:07Z,2026-08-11T02:42:06Z
8674931203,usdjpy-raw-ticks-2021-05-02-30315092496-2,32363,False,2026-07-28T02:42:06Z,2026-08-11T02:42:05Z
8674929849,usdjpy-raw-ticks-2021-04-12-30315092496-2,701579,False,2026-07-28T02:42:00Z,2026-08-11T02:41:59Z
8674929661,usdjpy-raw-ticks-2021-03-13-30315092496-2,7180,False,2026-07-28T02:42:00Z,2026-08-11T02:41:59Z
8674928543,usdjpy-raw-ticks-2021-04-07-30315092496-2,867436,False,2026-07-28T02:41:55Z,2026-08-11T02:41:55Z
8674928196,usdjpy-raw-ticks-2021-04-10-30315092496-2,7180,False,2026-07-28T02:41:54Z,2026-08-11T02:41:53Z
8674928120,usdjpy-raw-ticks-2021-04-09-30315092496-2,764457,False,2026-07-28T02:41:53Z,2026-08-11T02:41:53Z
8674926090,usdjpy-raw-ticks-2021-04-20-30315092496-2,916372,False,2026-07-28T02:41:46Z,2026-08-11T02:41:45Z
8674926004,usdjpy-raw-ticks-2021-04-28-30315092496-2,895069,False,2026-07-28T02:41:45Z,2026-08-11T02:41:44Z
8674925927,usdjpy-raw-ticks-2021-03-15-30315092496-2,891224,False,2026-07-28T02:41:45Z,2026-08-11T02:41:44Z
8674925770,usdjpy-raw-ticks-2021-05-05-30315092496-2,711451,False,2026-07-28T02:41:44Z,2026-08-11T02:41:43Z
8674925242,usdjpy-raw-ticks-2021-04-08-30315092496-2,866761,False,2026-07-28T02:41:42Z,2026-08-11T02:41:41Z
8674925146,usdjpy-raw-ticks-2019-10-02-30315092496-2,1994524,False,2026-07-28T02:41:42Z,2026-08-11T02:41:40Z
8674925000,usdjpy-raw-ticks-2019-09-18-30315092496-2,1198159,False,2026-07-28T02:41:41Z,2026-08-11T02:41:39Z
8674923442,usdjpy-raw-ticks-2019-09-16-30315092496-2,1474608,False,2026-07-28T02:41:34Z,2026-08-11T02:41:33Z
8674922560,usdjpy-raw-ticks-2021-04-18-30315092496-2,56932,False,2026-07-28T02:41:31Z,2026-08-11T02:41:30Z
8674922110,usdjpy-raw-ticks-2021-04-01-30315092496-2,726211,False,2026-07-28T02:41:29Z,2026-08-11T02:41:28Z
8674922012,usdjpy-raw-ticks-2021-03-11-30315092496-2,1062750,False,2026-07-28T02:41:28Z,2026-08-11T02:41:28Z
8674921261,usdjpy-raw-ticks-2021-05-07-30315092496-2,984197,False,2026-07-28T02:41:26Z,2026-08-11T02:41:25Z
8674919040,usdjpy-raw-ticks-2021-05-03-30315092496-2,732243,False,2026-07-28T02:41:16Z,2026-08-11T02:41:16Z
8674918603,usdjpy-raw-ticks-2021-03-27-30315092496-2,7180,False,2026-07-28T02:41:14Z,2026-08-11T02:41:14Z
8674918586,usdjpy-raw-ticks-2019-10-19-30315092496-2,7180,False,2026-07-28T02:41:14Z,2026-08-11T02:41:14Z
8674916941,usdjpy-raw-ticks-2021-04-24-30315092496-2,7180,False,2026-07-28T02:41:07Z,2026-08-11T02:41:07Z
8674916308,usdjpy-raw-ticks-2021-03-23-30315092496-2,849282,False,2026-07-28T02:41:05Z,2026-08-11T02:41:04Z
8674916206,usdjpy-raw-ticks-2021-05-04-30315092496-2,822159,False,2026-07-28T02:41:04Z,2026-08-11T02:41:04Z
8674916119,usdjpy-raw-ticks-2021-03-17-30315092496-2,942483,False,2026-07-28T02:41:04Z,2026-08-11T02:41:04Z
8674912225,usdjpy-raw-ticks-2021-04-23-30315092496-2,719724,False,2026-07-28T02:40:49Z,2026-08-11T02:40:48Z
8674912181,usdjpy-raw-ticks-2021-04-19-30315092496-2,928530,False,2026-07-28T02:40:48Z,2026-08-11T02:40:47Z
8674910780,usdjpy-raw-ticks-2021-03-28-30315092496-2,64558,False,2026-07-28T02:40:43Z,2026-08-11T02:40:42Z
8674910558,usdjpy-raw-ticks-2021-03-22-30315092496-2,782084,False,2026-07-28T02:40:42Z,2026-08-11T02:40:40Z
8674910046,usdjpy-raw-ticks-2019-10-18-30315092496-2,1147351,False,2026-07-28T02:40:40Z,2026-08-11T02:40:38Z
8674909935,usdjpy-raw-ticks-2019-10-20-30315092496-2,158456,False,2026-07-28T02:40:39Z,2026-08-11T02:40:39Z
8674909184,usdjpy-raw-ticks-2019-09-17-30315092496-2,1332774,False,2026-07-28T02:40:37Z,2026-08-11T02:40:36Z
8674908872,usdjpy-raw-ticks-2021-04-13-30315092496-2,961495,False,2026-07-28T02:40:35Z,2026-08-11T02:40:35Z
8674908045,usdjpy-raw-ticks-2021-04-11-30315092496-2,43829,False,2026-07-28T02:40:32Z,2026-08-11T02:40:32Z
8674904930,usdjpy-raw-ticks-2021-03-18-30315092496-2,1200343,False,2026-07-28T02:40:20Z,2026-08-11T02:40:20Z
8674903868,usdjpy-raw-ticks-2019-09-19-30315092496-2,1611707,False,2026-07-28T02:40:16Z,2026-08-11T02:40:15Z
8674903311,usdjpy-raw-ticks-2019-10-29-30315092496-2,931017,False,2026-07-28T02:40:13Z,2026-08-11T02:40:12Z
8674902917,usdjpy-raw-ticks-2019-10-15-30315092496-2,1388026,False,2026-07-28T02:40:12Z,2026-08-11T02:40:10Z
8674902506,usdjpy-raw-ticks-2019-10-16-30315092496-2,1511321,False,2026-07-28T02:40:10Z,2026-08-11T02:40:09Z
8674901407,usdjpy-raw-ticks-2019-09-29-30315092496-2,86189,False,2026-07-28T02:40:06Z,2026-08-11T02:40:05Z
8674901055,usdjpy-raw-ticks-2019-10-31-30315092496-2,1341890,False,2026-07-28T02:40:05Z,2026-08-11T02:40:04Z
8674900280,usdjpy-raw-ticks-2019-10-10-30315092496-2,1995620,False,2026-07-28T02:40:01Z,2026-08-11T02:40:00Z
8674899594,usdjpy-raw-ticks-2019-09-30-30315092496-2,1370336,False,2026-07-28T02:39:58Z,2026-08-11T02:39:58Z
8674898956,usdjpy-raw-ticks-2019-11-01-30315092496-2,961697,False,2026-07-28T02:39:56Z,2026-08-11T02:39:55Z
8674897585,usdjpy-raw-ticks-2019-09-23-30315092496-2,1248520,False,2026-07-28T02:39:51Z,2026-08-11T02:39:50Z
8674897283,usdjpy-raw-ticks-2019-09-12-30315092496-2,1916243,False,2026-07-28T02:39:49Z,2026-08-11T02:39:49Z
8674897219,usdjpy-raw-ticks-2019-09-06-30315092496-2,1466272,False,2026-07-28T02:39:49Z,2026-08-11T02:39:48Z
8674896893,usdjpy-raw-ticks-2019-09-25-30315092496-2,1911289,False,2026-07-28T02:39:48Z,2026-08-11T02:39:46Z
8674896079,usdjpy-raw-ticks-2019-09-09-30315092496-2,1198206,False,2026-07-28T02:39:44Z,2026-08-11T02:39:43Z
8674895812,usdjpy-raw-ticks-2019-09-05-30315092496-2,1616497,False,2026-07-28T02:39:43Z,2026-08-11T02:39:42Z
8674895765,usdjpy-raw-ticks-2019-09-07-30315092496-2,7180,False,2026-07-28T02:39:43Z,2026-08-11T02:39:42Z
8674894904,usdjpy-raw-ticks-2019-10-01-30315092496-2,1672490,False,2026-07-28T02:39:39Z,2026-08-11T02:39:38Z
8674894858,usdjpy-raw-ticks-2019-09-11-30315092496-2,1271727,False,2026-07-28T02:39:39Z,2026-08-11T02:39:38Z
8674894468,usdjpy-raw-ticks-2019-10-23-30315092496-2,1208946,False,2026-07-28T02:39:37Z,2026-08-11T02:39:37Z
8674893746,usdjpy-raw-ticks-2019-09-28-30315092496-2,7180,False,2026-07-28T02:39:34Z,2026-08-11T02:39:34Z
8674892842,usdjpy-raw-ticks-2019-10-21-30315092496-2,1119092,False,2026-07-28T02:39:30Z,2026-08-11T02:39:29Z
8674892712,usdjpy-raw-ticks-2019-10-22-30315092496-2,1101783,False,2026-07-28T02:39:30Z,2026-08-11T02:39:29Z
8674890708,usdjpy-raw-ticks-2019-09-22-30315092496-2,104928,False,2026-07-28T02:39:21Z,2026-08-11T02:39:21Z
8674889142,usdjpy-raw-ticks-2019-09-03-30315092496-2,1592040,False,2026-07-28T02:39:15Z,2026-08-11T02:39:14Z
8674888866,usdjpy-raw-ticks-2019-11-03-30315092496-2,90317,False,2026-07-28T02:39:14Z,2026-08-11T02:39:13Z
8674888826,usdjpy-raw-ticks-2019-11-05-30315092496-2,1022523,False,2026-07-28T02:39:14Z,2026-08-11T02:39:12Z
8674888504,usdjpy-raw-ticks-2019-09-13-30315092496-2,1225142,False,2026-07-28T02:39:12Z,2026-08-11T02:39:11Z
8674888134,usdjpy-raw-ticks-2019-09-08-30315092496-2,105041,False,2026-07-28T02:39:11Z,2026-08-11T02:39:10Z
8674888091,usdjpy-raw-ticks-2019-09-04-30315092496-2,1385664,False,2026-07-28T02:39:11Z,2026-08-11T02:39:09Z
8674887598,usdjpy-raw-ticks-2019-09-20-30315092496-2,1248884,False,2026-07-28T02:39:09Z,2026-08-11T02:39:07Z
8674887246,usdjpy-raw-ticks-2019-09-26-30315092496-2,1555676,False,2026-07-28T02:39:08Z,2026-08-11T02:39:07Z
8674887113,usdjpy-raw-ticks-2019-11-04-30315092496-2,780862,False,2026-07-28T02:39:07Z,2026-08-11T02:39:06Z
8674887041,usdjpy-raw-ticks-2019-10-06-30315092496-2,137046,False,2026-07-28T02:39:07Z,2026-08-11T02:39:06Z
8674886786,usdjpy-raw-ticks-2019-10-05-30315092496-2,7180,False,2026-07-28T02:39:06Z,2026-08-11T02:39:05Z
8674886475,usdjpy-raw-ticks-2019-10-08-30315092496-2,1804939,False,2026-07-28T02:39:05Z,2026-08-11T02:39:04Z
8674886061,usdjpy-raw-ticks-2019-10-25-30315092496-2,887170,False,2026-07-28T02:39:03Z,2026-08-11T02:39:02Z
8674885970,usdjpy-raw-ticks-2019-10-11-30315092496-2,1691304,False,2026-07-28T02:39:03Z,2026-08-11T02:39:02Z
8674885079,usdjpy-raw-ticks-2019-10-17-30315092496-2,1447004,False,2026-07-28T02:38:59Z,2026-08-11T02:38:58Z
8674884917,usdjpy-raw-ticks-2019-10-07-30315092496-2,1250742,False,2026-07-28T02:38:58Z,2026-08-11T02:38:57Z
8674884739,usdjpy-raw-ticks-2019-09-15-30315092496-2,206064,False,2026-07-28T02:38:58Z,2026-08-11T02:38:57Z
8674882512,usdjpy-raw-ticks-2019-09-21-30315092496-2,7180,False,2026-07-28T02:38:49Z,2026-08-11T02:38:48Z
8674881957,usdjpy-raw-ticks-2019-09-24-30315092496-2,1618622,False,2026-07-28T02:38:46Z,2026-08-11T02:38:46Z
8674881911,usdjpy-raw-ticks-2019-11-02-30315092496-2,7180,False,2026-07-28T02:38:46Z,2026-08-11T02:38:46Z
8674881870,usdjpy-raw-ticks-2019-09-14-30315092496-2,7180,False,2026-07-28T02:38:46Z,2026-08-11T02:38:46Z
8674880344,usdjpy-raw-ticks-2021-08-13-30315092496-2,535302,False,2026-07-28T02:38:40Z,2026-08-11T02:38:39Z
8674880268,usdjpy-raw-ticks-2021-08-31-30315092496-2,844157,False,2026-07-28T02:38:40Z,2026-08-11T02:38:39Z
8674880137,usdjpy-raw-ticks-2021-08-06-30315092496-2,734037,False,2026-07-28T02:38:39Z,2026-08-11T02:38:38Z
8674879715,usdjpy-raw-ticks-2021-09-01-30315092496-2,817889,False,2026-07-28T02:38:37Z,2026-08-11T02:38:36Z
8674879370,usdjpy-raw-ticks-2021-08-24-30315092496-2,673587,False,2026-07-28T02:38:36Z,2026-08-11T02:38:35Z
8674878703,usdjpy-raw-ticks-2021-08-27-30315092496-2,741651,False,2026-07-28T02:38:34Z,2026-08-11T02:38:33Z
8674878699,usdjpy-raw-ticks-2021-07-27-30315092496-2,938432,False,2026-07-28T02:38:34Z,2026-08-11T02:38:33Z
8674878612,usdjpy-raw-ticks-2021-08-09-30315092496-2,679368,False,2026-07-28T02:38:34Z,2026-08-11T02:38:32Z
8674878085,usdjpy-raw-ticks-2021-09-02-30315092496-2,574537,False,2026-07-28T02:38:32Z,2026-08-11T02:38:31Z
8674878020,usdjpy-raw-ticks-2021-08-21-30315092496-2,7180,False,2026-07-28T02:38:31Z,2026-08-11T02:38:31Z
8674877512,usdjpy-raw-ticks-2021-08-20-30315092496-2,669511,False,2026-07-28T02:38:29Z,2026-08-11T02:38:29Z
8674877102,usdjpy-raw-ticks-2021-07-12-30315092496-2,705156,False,2026-07-28T02:38:28Z,2026-08-11T02:38:27Z
8674876828,usdjpy-raw-ticks-2021-08-14-30315092496-2,7180,False,2026-07-28T02:38:27Z,2026-08-11T02:38:26Z
8674875443,usdjpy-raw-ticks-2021-07-19-30315092496-2,1048598,False,2026-07-28T02:38:21Z,2026-08-11T02:38:21Z
8674874615,usdjpy-raw-ticks-2021-08-10-30315092496-2,666315,False,2026-07-28T02:38:18Z,2026-08-11T02:38:17Z
8674874475,usdjpy-raw-ticks-2021-07-08-30315092496-2,1234572,False,2026-07-28T02:38:18Z,2026-08-11T02:38:16Z
8674874114,usdjpy-raw-ticks-2021-03-01-30315092496-2,881343,False,2026-07-28T02:38:16Z,2026-08-11T02:38:15Z
8674873617,usdjpy-raw-ticks-2021-01-31-30315092496-2,63964,False,2026-07-28T02:38:15Z,2026-08-11T02:38:14Z
8674873062,usdjpy-raw-ticks-2021-02-08-30315092496-2,695098,False,2026-07-28T02:38:12Z,2026-08-11T02:38:11Z
8674872858,usdjpy-raw-ticks-2021-03-05-30315092496-2,1312004,False,2026-07-28T02:38:11Z,2026-08-11T02:38:09Z
8674872607,usdjpy-raw-ticks-2021-08-03-30315092496-2,775434,False,2026-07-28T02:38:10Z,2026-08-11T02:38:10Z
8674872176,usdjpy-raw-ticks-2021-01-24-30315092496-2,43026,False,2026-07-28T02:38:09Z,2026-08-11T02:38:08Z
8674871624,usdjpy-raw-ticks-2021-08-04-30315092496-2,901356,False,2026-07-28T02:38:06Z,2026-08-11T02:38:05Z
8674871257,usdjpy-raw-ticks-2021-07-22-30315092496-2,831177,False,2026-07-28T02:38:05Z,2026-08-11T02:38:04Z
8674871243,usdjpy-raw-ticks-2021-02-27-30315092496-2,7180,False,2026-07-28T02:38:05Z,2026-08-11T02:38:05Z
8674871196,usdjpy-raw-ticks-2021-03-04-30315092496-2,1030666,False,2026-07-28T02:38:05Z,2026-08-11T02:38:04Z
8674870924,usdjpy-raw-ticks-2021-02-13-30315092496-2,7180,False,2026-07-28T02:38:04Z,2026-08-11T02:38:03Z
8674870865,usdjpy-raw-ticks-2021-02-28-30315092496-2,52441,False,2026-07-28T02:38:03Z,2026-08-11T02:38:02Z
8674870606,usdjpy-raw-ticks-2021-07-07-30315092496-2,899850,False,2026-07-28T02:38:02Z,2026-08-11T02:38:01Z
8674870583,usdjpy-raw-ticks-2021-01-13-30315092496-2,953711,False,2026-07-28T02:38:02Z,2026-08-11T02:38:01Z
8674869879,usdjpy-raw-ticks-2021-02-23-30315092496-2,677844,False,2026-07-28T02:37:59Z,2026-08-11T02:37:58Z
8674869188,usdjpy-raw-ticks-2021-07-16-30315092496-2,738873,False,2026-07-28T02:37:56Z,2026-08-11T02:37:55Z
8674869129,usdjpy-raw-ticks-2021-08-08-30315092496-2,70538,False,2026-07-28T02:37:56Z,2026-08-11T02:37:56Z
8674867694,usdjpy-raw-ticks-2021-07-17-30315092496-2,7180,False,2026-07-28T02:37:50Z,2026-08-11T02:37:49Z
8674867079,usdjpy-raw-ticks-2021-01-29-30315092496-2,869182,False,2026-07-28T02:37:47Z,2026-08-11T02:37:47Z
8674865674,usdjpy-raw-ticks-2021-02-09-30315092496-2,798970,False,2026-07-28T02:37:42Z,2026-08-11T02:37:40Z
8674865494,usdjpy-raw-ticks-2021-07-05-30315092496-2,828552,False,2026-07-28T02:37:41Z,2026-08-11T02:37:39Z
8674864821,usdjpy-raw-ticks-2021-07-18-30315092496-2,61798,False,2026-07-28T02:37:38Z,2026-08-11T02:37:36Z
8674864785,usdjpy-raw-ticks-2021-07-11-30315092496-2,52636,False,2026-07-28T02:37:38Z,2026-08-11T02:37:37Z
8674864751,usdjpy-raw-ticks-2021-08-01-30315092496-2,43795,False,2026-07-28T02:37:38Z,2026-08-11T02:37:37Z
8674864219,usdjpy-raw-ticks-2021-07-26-30315092496-2,833546,False,2026-07-28T02:37:36Z,2026-08-11T02:37:35Z
8674864147,usdjpy-raw-ticks-2021-01-23-30315092496-2,7180,False,2026-07-28T02:37:35Z,2026-08-11T02:37:35Z
8674862643,usdjpy-raw-ticks-2021-07-01-30315092496-2,740119,False,2026-07-28T02:37:30Z,2026-08-11T02:37:29Z
8674862524,usdjpy-raw-ticks-2021-08-22-30315092496-2,68294,False,2026-07-28T02:37:29Z,2026-08-11T02:37:29Z
8674860080,usdjpy-raw-ticks-2021-07-24-30315092496-2,7180,False,2026-07-28T02:37:19Z,2026-08-11T02:37:19Z
8674859151,usdjpy-raw-ticks-2021-08-15-30315092496-2,63458,False,2026-07-28T02:37:16Z,2026-08-11T02:37:15Z
8674859028,usdjpy-raw-ticks-2021-07-25-30315092496-2,36097,False,2026-07-28T02:37:15Z,2026-08-11T02:37:15Z
8674857446,usdjpy-raw-ticks-2021-07-10-30315092496-2,7180,False,2026-07-28T02:37:09Z,2026-08-11T02:37:09Z
8674856488,usdjpy-raw-ticks-2021-07-20-30315092496-2,1116567,False,2026-07-28T02:37:05Z,2026-08-11T02:37:04Z
8674856161,usdjpy-raw-ticks-2021-07-29-30315092496-2,877419,False,2026-07-28T02:37:04Z,2026-08-11T02:37:03Z
8674855762,usdjpy-raw-ticks-2021-07-31-30315092496-2,7180,False,2026-07-28T02:37:02Z,2026-08-11T02:37:02Z
8674854726,usdjpy-raw-ticks-2021-07-14-30315092496-2,843891,False,2026-07-28T02:36:58Z,2026-08-11T02:36:57Z
8674854668,usdjpy-raw-ticks-2021-07-23-30315092496-2,651787,False,2026-07-28T02:36:58Z,2026-08-11T02:36:57Z
8674852443,usdjpy-raw-ticks-2019-08-29-30315092496-2,1597275,False,2026-07-28T02:36:49Z,2026-08-11T02:36:49Z
8674851973,usdjpy-raw-ticks-2021-07-15-30315092496-2,828060,False,2026-07-28T02:36:48Z,2026-08-11T02:36:47Z
8674848843,usdjpy-raw-ticks-2021-08-16-30315092496-2,729723,False,2026-07-28T02:36:36Z,2026-08-11T02:36:34Z
8674848788,usdjpy-raw-ticks-2021-07-04-30315092496-2,59044,False,2026-07-28T02:36:35Z,2026-08-11T02:36:35Z
8674847854,usdjpy-raw-ticks-2021-08-30-30315092496-2,447918,False,2026-07-28T02:36:32Z,2026-08-11T02:36:30Z
8674847311,usdjpy-raw-ticks-2021-08-25-30315092496-2,755717,False,2026-07-28T02:36:29Z,2026-08-11T02:36:28Z
8674846595,usdjpy-raw-ticks-2021-08-19-30315092496-2,965976,False,2026-07-28T02:36:27Z,2026-08-11T02:36:26Z
8674845557,usdjpy-raw-ticks-2021-07-02-30315092496-2,753630,False,2026-07-28T02:36:22Z,2026-08-11T02:36:21Z
8674842424,usdjpy-raw-ticks-2021-08-29-30315092496-2,34522,False,2026-07-28T02:36:10Z,2026-08-11T02:36:09Z
8674842167,usdjpy-raw-ticks-2021-07-09-30315092496-2,878312,False,2026-07-28T02:36:09Z,2026-08-11T02:36:08Z
8674840675,usdjpy-raw-ticks-2019-08-22-30315092496-2,1368602,False,2026-07-28T02:36:03Z,2026-08-11T02:36:02Z
8674840528,usdjpy-raw-ticks-2021-08-02-30315092496-2,788135,False,2026-07-28T02:36:02Z,2026-08-11T02:36:02Z
8674839633,usdjpy-raw-ticks-2021-08-23-30315092496-2,763449,False,2026-07-28T02:35:59Z,2026-08-11T02:35:58Z
8674837199,usdjpy-raw-ticks-2021-07-28-30315092496-2,1001229,False,2026-07-28T02:35:49Z,2026-08-11T02:35:49Z
8674836393,usdjpy-raw-ticks-2021-07-06-30315092496-2,828655,False,2026-07-28T02:35:46Z,2026-08-11T02:35:45Z
8674834917,usdjpy-raw-ticks-2019-09-01-30315092496-2,121141,False,2026-07-28T02:35:41Z,2026-08-11T02:35:40Z
8674830241,usdjpy-raw-ticks-2021-08-26-30315092496-2,767020,False,2026-07-28T02:35:23Z,2026-08-11T02:35:23Z
8674830200,usdjpy-raw-ticks-2021-07-13-30315092496-2,887487,False,2026-07-28T02:35:23Z,2026-08-11T02:35:22Z
8674830198,usdjpy-raw-ticks-2021-08-28-30315092496-2,7180,False,2026-07-28T02:35:23Z,2026-08-11T02:35:23Z
8674829764,usdjpy-raw-ticks-2021-07-30-30315092496-2,734910,False,2026-07-28T02:35:22Z,2026-08-11T02:35:21Z
8674826721,usdjpy-raw-ticks-2019-08-12-30315092496-2,1682713,False,2026-07-28T02:35:10Z,2026-08-11T02:35:09Z
8674824163,usdjpy-raw-ticks-2021-08-17-30315092496-2,785590,False,2026-07-28T02:34:59Z,2026-08-11T02:34:58Z
8674824151,usdjpy-raw-ticks-2021-08-12-30315092496-2,581064,False,2026-07-28T02:34:59Z,2026-08-11T02:34:59Z
8674823692,usdjpy-raw-ticks-2019-08-09-30315092496-2,1483985,False,2026-07-28T02:34:57Z,2026-08-11T02:34:56Z
8674823507,usdjpy-raw-ticks-2019-08-26-30315092496-2,2760263,False,2026-07-28T02:34:57Z,2026-08-11T02:34:56Z
8674821904,usdjpy-raw-ticks-2021-08-05-30315092496-2,764845,False,2026-07-28T02:34:50Z,2026-08-11T02:34:50Z
8674817489,usdjpy-raw-ticks-2021-08-11-30315092496-2,699750,False,2026-07-28T02:34:32Z,2026-08-11T02:34:31Z
8674817305,usdjpy-raw-ticks-2019-08-20-30315092496-2,1371110,False,2026-07-28T02:34:31Z,2026-08-11T02:34:31Z
8674815630,usdjpy-raw-ticks-2019-08-06-30315092496-2,2610565,False,2026-07-28T02:34:25Z,2026-08-11T02:34:24Z
8674812179,usdjpy-raw-ticks-2021-07-03-30315092496-2,7180,False,2026-07-28T02:34:11Z,2026-08-11T02:34:11Z
8674812024,usdjpy-raw-ticks-2021-01-21-30315092496-2,907194,False,2026-07-28T02:34:10Z,2026-08-11T02:34:09Z
8674811281,usdjpy-raw-ticks-2019-08-07-30315092496-2,2865902,False,2026-07-28T02:34:07Z,2026-08-11T02:34:07Z
8674811115,usdjpy-raw-ticks-2021-01-18-30315092496-2,800862,False,2026-07-28T02:34:07Z,2026-08-11T02:34:05Z
8674807514,usdjpy-raw-ticks-2021-08-18-30315092496-2,716325,False,2026-07-28T02:33:52Z,2026-08-11T02:33:51Z
8674805449,usdjpy-raw-ticks-2021-02-25-30315092496-2,1301834,False,2026-07-28T02:33:44Z,2026-08-11T02:33:43Z
8674804182,usdjpy-raw-ticks-2021-03-03-30315092496-2,890706,False,2026-07-28T02:33:38Z,2026-08-11T02:33:37Z
8674802116,usdjpy-raw-ticks-2021-02-19-30315092496-2,685651,False,2026-07-28T02:33:30Z,2026-08-11T02:33:28Z
8674799105,usdjpy-raw-ticks-2021-07-21-30315092496-2,930166,False,2026-07-28T02:33:18Z,2026-08-11T02:33:16Z
8674797757,usdjpy-raw-ticks-2021-08-07-30315092496-2,7180,False,2026-07-28T02:33:12Z,2026-08-11T02:33:12Z
8674796529,usdjpy-raw-ticks-2021-02-15-30315092496-2,548445,False,2026-07-28T02:33:08Z,2026-08-11T02:33:07Z
8674793709,usdjpy-raw-ticks-2021-01-16-30315092496-2,7180,False,2026-07-28T02:32:56Z,2026-08-11T02:32:56Z
8674791975,usdjpy-raw-ticks-2019-08-01-30315092496-2,2263181,False,2026-07-28T02:32:50Z,2026-08-11T02:32:49Z
8674790395,usdjpy-raw-ticks-2021-01-27-30315092496-2,810613,False,2026-07-28T02:32:43Z,2026-08-11T02:32:42Z
8674789957,usdjpy-raw-ticks-2021-01-12-30315092496-2,952052,False,2026-07-28T02:32:41Z,2026-08-11T02:32:40Z
8674788074,usdjpy-raw-ticks-2019-08-25-30315092496-2,293755,False,2026-07-28T02:32:34Z,2026-08-11T02:32:33Z
8674787401,usdjpy-raw-ticks-2019-08-03-30315092496-2,7180,False,2026-07-28T02:32:31Z,2026-08-11T02:32:30Z
8674783820,usdjpy-raw-ticks-2021-02-17-30315092496-2,851607,False,2026-07-28T02:32:16Z,2026-08-11T02:32:15Z
8674783438,usdjpy-raw-ticks-2021-02-10-30315092496-2,740583,False,2026-07-28T02:32:14Z,2026-08-11T02:32:13Z
8674783390,usdjpy-raw-ticks-2021-01-03-30315092496-2,58168,False,2026-07-28T02:32:14Z,2026-08-11T02:32:13Z
8674783325,usdjpy-raw-ticks-2021-03-02-30315092496-2,763781,False,2026-07-28T02:32:14Z,2026-08-11T02:32:13Z
8674782781,usdjpy-raw-ticks-2021-02-07-30315092496-2,81925,False,2026-07-28T02:32:12Z,2026-08-11T02:32:11Z
8674782764,usdjpy-raw-ticks-2021-02-12-30315092496-2,577370,False,2026-07-28T02:32:12Z,2026-08-11T02:32:11Z
8674781984,usdjpy-raw-ticks-2021-02-03-30315092496-2,549179,False,2026-07-28T02:32:09Z,2026-08-11T02:32:08Z
8674781422,usdjpy-raw-ticks-2021-01-04-30315092496-2,1061120,False,2026-07-28T02:32:06Z,2026-08-11T02:32:05Z
8674779320,usdjpy-raw-ticks-2021-01-17-30315092496-2,50875,False,2026-07-28T02:31:58Z,2026-08-11T02:31:57Z
8674777583,usdjpy-raw-ticks-2021-01-22-30315092496-2,713955,False,2026-07-28T02:31:51Z,2026-08-11T02:31:50Z
8674777297,usdjpy-raw-ticks-2021-01-14-30315092496-2,1044315,False,2026-07-28T02:31:49Z,2026-08-11T02:31:49Z
8674776641,usdjpy-raw-ticks-2021-02-18-30315092496-2,682711,False,2026-07-28T02:31:47Z,2026-08-11T02:31:45Z
8674776502,usdjpy-raw-ticks-2021-02-11-30315092496-2,507835,False,2026-07-28T02:31:46Z,2026-08-11T02:31:45Z
8674776380,usdjpy-raw-ticks-2021-01-15-30315092496-2,807537,False,2026-07-28T02:31:46Z,2026-08-11T02:31:44Z
8674775253,usdjpy-raw-ticks-2021-02-05-30315092496-2,760575,False,2026-07-28T02:31:41Z,2026-08-11T02:31:40Z
8674775195,usdjpy-raw-ticks-2021-01-19-30315092496-2,896807,False,2026-07-28T02:31:41Z,2026-08-11T02:31:39Z
8674774991,usdjpy-raw-ticks-2021-01-28-30315092496-2,829954,False,2026-07-28T02:31:40Z,2026-08-11T02:31:39Z
8674774756,usdjpy-raw-ticks-2021-02-26-30315092496-2,1406587,False,2026-07-28T02:31:39Z,2026-08-11T02:31:38Z
8674774692,usdjpy-raw-ticks-2021-01-26-30315092496-2,624100,False,2026-07-28T02:31:39Z,2026-08-11T02:31:38Z
8674774176,usdjpy-raw-ticks-2021-02-21-30315092496-2,58046,False,2026-07-28T02:31:37Z,2026-08-11T02:31:36Z
8674771773,usdjpy-raw-ticks-2021-01-06-30315092496-2,1332827,False,2026-07-28T02:31:28Z,2026-08-11T02:31:27Z
8674771545,usdjpy-raw-ticks-2021-02-01-30315092496-2,645278,False,2026-07-28T02:31:27Z,2026-08-11T02:31:26Z
8674770945,usdjpy-raw-ticks-2021-01-10-30315092496-2,67421,False,2026-07-28T02:31:24Z,2026-08-11T02:31:23Z
8674770821,usdjpy-raw-ticks-2021-01-01-30315092496-2,7180,False,2026-07-28T02:31:24Z,2026-08-11T02:31:23Z
8674770188,usdjpy-raw-ticks-2021-01-08-30315092496-2,1286605,False,2026-07-28T02:31:21Z,2026-08-11T02:31:20Z
8674769258,usdjpy-raw-ticks-2021-02-16-30315092496-2,817384,False,2026-07-28T02:31:18Z,2026-08-11T02:31:17Z
8674769075,usdjpy-raw-ticks-2021-02-02-30315092496-2,717135,False,2026-07-28T02:31:17Z,2026-08-11T02:31:16Z
8674769049,usdjpy-raw-ticks-2021-01-30-30315092496-2,7180,False,2026-07-28T02:31:17Z,2026-08-11T02:31:17Z
8674767721,usdjpy-raw-ticks-2021-02-04-30315092496-2,635444,False,2026-07-28T02:31:12Z,2026-08-11T02:31:11Z
8674767145,usdjpy-raw-ticks-2019-08-05-30315092496-2,2987735,False,2026-07-28T02:31:10Z,2026-08-11T02:31:08Z
8674767016,usdjpy-raw-ticks-2021-02-20-30315092496-2,7180,False,2026-07-28T02:31:09Z,2026-08-11T02:31:09Z
8674765779,usdjpy-raw-ticks-2021-01-09-30315092496-2,7180,False,2026-07-28T02:31:04Z,2026-08-11T02:31:04Z
8674765295,usdjpy-raw-ticks-2019-08-28-30315092496-2,1647114,False,2026-07-28T02:31:02Z,2026-08-11T02:31:01Z
8674765165,usdjpy-raw-ticks-2021-01-02-30315092496-2,7180,False,2026-07-28T02:31:02Z,2026-08-11T02:31:01Z
8674764777,usdjpy-raw-ticks-2021-01-11-30315092496-2,943891,False,2026-07-28T02:31:00Z,2026-08-11T02:30:59Z
8674764446,usdjpy-raw-ticks-2021-01-05-30315092496-2,1016613,False,2026-07-28T02:30:59Z,2026-08-11T02:30:57Z
8674764124,usdjpy-raw-ticks-2021-01-20-30315092496-2,819972,False,2026-07-28T02:30:58Z,2026-08-11T02:30:57Z
8674763579,usdjpy-raw-ticks-2021-01-25-30315092496-2,749324,False,2026-07-28T02:30:55Z,2026-08-11T02:30:55Z
8674763567,usdjpy-raw-ticks-2021-01-07-30315092496-2,1147626,False,2026-07-28T02:30:55Z,2026-08-11T02:30:54Z
8674763325,usdjpy-raw-ticks-2021-02-24-30315092496-2,957362,False,2026-07-28T02:30:54Z,2026-08-11T02:30:53Z
8674763241,usdjpy-raw-ticks-2019-08-13-30315092496-2,2197739,False,2026-07-28T02:30:54Z,2026-08-11T02:30:53Z
8674763154,usdjpy-raw-ticks-2019-07-05-30315092496-2,984365,False,2026-07-28T02:30:53Z,2026-08-11T02:30:52Z
8674762780,usdjpy-raw-ticks-2021-02-06-30315092496-2,7180,False,2026-07-28T02:30:52Z,2026-08-11T02:30:51Z
8674762742,usdjpy-raw-ticks-2019-07-15-30315092496-2,909163,False,2026-07-28T02:30:52Z,2026-08-11T02:30:51Z
8674762435,usdjpy-raw-ticks-2021-02-22-30315092496-2,838161,False,2026-07-28T02:30:51Z,2026-08-11T02:30:50Z
8674762306,usdjpy-raw-ticks-2021-02-14-30315092496-2,98834,False,2026-07-28T02:30:50Z,2026-08-11T02:30:49Z
8674761935,usdjpy-raw-ticks-2019-08-15-30315092496-2,2777535,False,2026-07-28T02:30:49Z,2026-08-11T02:30:48Z
8674759119,usdjpy-raw-ticks-2019-07-10-30315092496-2,1141754,False,2026-07-28T02:30:37Z,2026-08-11T02:30:37Z
8674758736,usdjpy-raw-ticks-2019-08-04-30315092496-2,138018,False,2026-07-28T02:30:36Z,2026-08-11T02:30:35Z
8674757899,usdjpy-raw-ticks-2019-07-31-30315092496-2,1548568,False,2026-07-28T02:30:32Z,2026-08-11T02:30:32Z
8674757751,usdjpy-raw-ticks-2019-08-17-30315092496-2,7180,False,2026-07-28T02:30:32Z,2026-08-11T02:30:31Z
8674755330,usdjpy-raw-ticks-2019-08-11-30315092496-2,118979,False,2026-07-28T02:30:22Z,2026-08-11T02:30:22Z
8674755291,usdjpy-raw-ticks-2019-08-30-30315092496-2,1418127,False,2026-07-28T02:30:22Z,2026-08-11T02:30:21Z
8674755281,usdjpy-raw-ticks-2019-07-07-30315092496-2,74608,False,2026-07-28T02:30:22Z,2026-08-11T02:30:21Z
8674755019,usdjpy-raw-ticks-2019-07-21-30315092496-2,93640,False,2026-07-28T02:30:21Z,2026-08-11T02:30:20Z
8674755017,usdjpy-raw-ticks-2019-07-26-30315092496-2,811453,False,2026-07-28T02:30:21Z,2026-08-11T02:30:20Z
8674754955,usdjpy-raw-ticks-2019-07-03-30315092496-2,1088458,False,2026-07-28T02:30:21Z,2026-08-11T02:30:20Z
8674754852,usdjpy-raw-ticks-2019-08-02-30315092496-2,2708372,False,2026-07-28T02:30:20Z,2026-08-11T02:30:19Z
8674754555,usdjpy-raw-ticks-2022-12-20-30318515957-1,4649854,False,2026-07-28T02:30:19Z,2026-08-11T02:30:18Z
8674754271,usdjpy-raw-ticks-2019-07-11-30315092496-2,1126496,False,2026-07-28T02:30:18Z,2026-08-11T02:30:17Z
8674753339,usdjpy-raw-ticks-2019-08-18-30315092496-2,84446,False,2026-07-28T02:30:14Z,2026-08-11T02:30:13Z
8674753288,usdjpy-raw-ticks-2019-07-18-30315092496-2,1328865,False,2026-07-28T02:30:14Z,2026-08-11T02:30:13Z
8674752620,usdjpy-raw-ticks-2019-07-29-30315092496-2,754076,False,2026-07-28T02:30:11Z,2026-08-11T02:30:10Z
8674752504,usdjpy-raw-ticks-2019-07-08-30315092496-2,846332,False,2026-07-28T02:30:11Z,2026-08-11T02:30:10Z
8674751756,usdjpy-raw-ticks-2019-08-23-30315092496-2,1871245,False,2026-07-28T02:30:08Z,2026-08-11T02:30:07Z
8674751669,usdjpy-raw-ticks-2019-07-25-30315092496-2,1087457,False,2026-07-28T02:30:08Z,2026-08-11T02:30:06Z
8674751518,usdjpy-raw-ticks-2019-07-27-30315092496-2,7180,False,2026-07-28T02:30:07Z,2026-08-11T02:30:07Z
8674751004,usdjpy-raw-ticks-2019-07-13-30315092496-2,7180,False,2026-07-28T02:30:05Z,2026-08-11T02:30:04Z
8674750261,usdjpy-raw-ticks-2019-07-24-30315092496-2,869019,False,2026-07-28T02:30:02Z,2026-08-11T02:30:02Z
8674749737,usdjpy-raw-ticks-2022-06-27-30318515957-1,2096172,False,2026-07-28T02:30:00Z,2026-08-11T02:29:59Z
8674748681,usdjpy-raw-ticks-2019-07-23-30315092496-2,932277,False,2026-07-28T02:29:56Z,2026-08-11T02:29:55Z
8674747176,usdjpy-raw-ticks-2019-07-28-30315092496-2,43620,False,2026-07-28T02:29:50Z,2026-08-11T02:29:49Z
8674747155,usdjpy-raw-ticks-2019-07-01-30315092496-2,1188546,False,2026-07-28T02:29:50Z,2026-08-11T02:29:49Z
8674745125,usdjpy-raw-ticks-2019-08-24-30315092496-2,7180,False,2026-07-28T02:29:42Z,2026-08-11T02:29:41Z
8674744872,usdjpy-raw-ticks-2019-07-06-30315092496-2,7180,False,2026-07-28T02:29:41Z,2026-08-11T02:29:40Z
8674744237,usdjpy-raw-ticks-2019-08-08-30315092496-2,2009084,False,2026-07-28T02:29:38Z,2026-08-11T02:29:37Z
8674744145,usdjpy-raw-ticks-2022-12-02-30318515957-1,3659678,False,2026-07-28T02:29:38Z,2026-08-11T02:29:37Z
