trade_id,checkpoint_minute,checkpoint_target_utc,checkpoint_tick_utc,checkpoint_resolved,checkpoint_bid,checkpoint_ask,current_pl_pips,realized_favorable_excursion_pips,realized_adverse_excursion_pips,new_low_formed,ema20_adverse_recross,tick_velocity_last5_per_second,directional_close_location,volatility_expansion_atr,realized_range_pips,tick_count_since_entry,pre_entry_recent_swing_low
2023H1|J_PULLBACK_CONTINUATION|2023-01-08T23:15:00+00:00|-1,15,2023-01-08 23:30:00.066000+00:00,2023-01-08 23:30:00.114000+00:00,True,132.054,132.068,3.1999999999982265,14.699999999999136,-5.60000000000116,False,False,3.3766666666666665,0.5962732919254834,1.7777777777777217,19.999999999998863,2483,131.879
2023H1|J_PULLBACK_CONTINUATION|2023-01-08T23:15:00+00:00|-1,30,2023-01-08 23:45:00.066000+00:00,2023-01-08 23:45:00.394000+00:00,True,131.939,131.951,14.900000000000091,28.299999999998704,-5.60000000000116,True,False,2.81,0.8993710691824406,2.791591591591599,33.19999999999936,5375,131.879
2023H1|J_PULLBACK_CONTINUATION|2023-01-08T23:15:00+00:00|-1,60,2023-01-09 00:15:00.066000+00:00,2023-01-09 00:15:00.437000+00:00,True,131.895,131.909,19.10000000000025,38.49999999999909,-5.60000000000116,True,False,2.6633333333333336,0.12000000000005562,3.016881827209586,43.39999999999975,9915,131.879
2023H1|J_PULLBACK_CONTINUATION|2023-01-08T23:15:00+00:00|-1,90,2023-01-09 00:45:00.066000+00:00,2023-01-09 00:45:01.921000+00:00,True,132.087,132.097,0.2999999999985903,38.49999999999909,-5.60000000000116,True,True,1.9933333333333334,0.9964912280701587,2.583333333333377,43.39999999999975,13757,131.879
2023H1|J_PULLBACK_CONTINUATION|2023-01-08T23:15:00+00:00|-1,120,2023-01-09 01:15:00.066000+00:00,2023-01-09 01:15:00.203000+00:00,True,131.897,131.906,19.39999999999884,38.49999999999909,-5.60000000000116,True,False,2.5033333333333334,0.7939698492462599,2.4699186991869984,43.39999999999975,18504,131.879
2023H1|J_PULLBACK_CONTINUATION|2023-01-09T07:15:00+00:00|-1,15,2023-01-09 07:30:00.037000+00:00,2023-01-09 07:30:00.179000+00:00,True,131.963,131.971,-24.2999999999995,9.300000000001774,-25.499999999999545,False,True,4.336666666666667,0.27645051194544545,2.1486367634124237,34.899999999998954,3077,131.614
2023H1|J_PULLBACK_CONTINUATION|2023-01-09T07:15:00+00:00|-1,30,2023-01-09 07:45:00.037000+00:00,2023-01-09 07:45:00.125000+00:00,True,132.16,132.171,-44.29999999999836,9.300000000001774,-52.09999999999866,False,True,4.953333333333333,0.5867768595040701,3.5316872427983412,61.299999999999955,8157,131.614
2023H1|J_PULLBACK_CONTINUATION|2023-01-09T07:15:00+00:00|-1,60,2023-01-09 08:15:00.037000+00:00,2023-01-09 08:15:00.078000+00:00,True,132.153,132.16,-43.199999999998795,9.300000000001774,-64.69999999999914,False,True,4.536666666666667,0.5688888888888406,3.8958801498127262,74.2999999999995,16561,131.614
2023H1|J_PULLBACK_CONTINUATION|2023-01-09T07:15:00+00:00|-1,90,2023-01-09 08:45:00.037000+00:00,2023-01-09 08:45:00.066000+00:00,True,132.066,132.072,-34.39999999999941,9.300000000001774,-64.69999999999914,False,True,4.863333333333333,0.09826589595373258,3.8842419716206313,74.2999999999995,24714,131.614
2023H1|J_PULLBACK_CONTINUATION|2023-01-09T07:15:00+00:00|-1,120,2023-01-09 09:15:00.037000+00:00,2023-01-09 09:15:00.152000+00:00,True,132.284,132.29,-56.19999999999834,9.300000000001774,-64.69999999999914,False,True,3.776666666666667,0.6974358974358996,3.7770515613653135,74.2999999999995,32081,131.614
2023H1|J_PULLBACK_CONTINUATION|2023-01-09T15:45:00+00:00|-1,15,2023-01-09 16:00:00.213000+00:00,2023-01-09 16:00:00.216000+00:00,True,131.947,131.953,0.899999999998613,11.7999999999995,-2.000000000001023,False,False,3.6566666666666667,0.9672897196261446,0.7294380349833265,14.000000000001478,3538,131.684
2023H1|J_PULLBACK_CONTINUATION|2023-01-09T15:45:00+00:00|-1,30,2023-01-09 16:15:00.213000+00:00,2023-01-09 16:15:00.403000+00:00,True,131.746,131.752,20.999999999997954,21.999999999999886,-2.000000000001023,False,False,3.703333333333333,0.7976190476189349,1.2536530535781232,23.900000000000432,6807,131.684
2023H1|J_PULLBACK_CONTINUATION|2023-01-09T15:45:00+00:00|-1,60,2023-01-09 16:45:00.213000+00:00,2023-01-09 16:45:00.272000+00:00,True,131.69,131.696,26.599999999999113,29.899999999997817,-2.000000000001023,True,False,2.1066666666666665,0.8849557522123427,1.7993553585818636,31.900000000001683,12332,131.684
2023H1|J_PULLBACK_CONTINUATION|2023-01-09T15:45:00+00:00|-1,90,2023-01-09 17:15:00.213000+00:00,2023-01-09 17:15:00.218000+00:00,True,131.696,131.703,25.899999999998613,40.399999999999636,-2.000000000001023,True,False,2.203333333333333,0.31413612565445803,2.421652421652437,42.50000000000114,17505,131.684
2023H1|J_PULLBACK_CONTINUATION|2023-01-09T15:45:00+00:00|-1,120,2023-01-09 17:45:00.213000+00:00,2023-01-09 17:45:00.214000+00:00,True,131.89,131.898,6.399999999999295,40.399999999999636,-2.000000000001023,True,True,2.25,0.7784431137724205,2.516920473773268,42.50000000000114,21981,131.684
2023H1|J_PULLBACK_CONTINUATION|2023-01-09T23:15:00+00:00|-1,15,2023-01-09 23:30:00.119000+00:00,2023-01-09 23:30:00.200000+00:00,True,131.767,131.783,0.6000000000000227,1.5999999999991132,-8.00000000000125,False,False,1.44,0.08547008547012591,1.035332785538261,9.000000000000341,1031,131.738
2023H1|J_PULLBACK_CONTINUATION|2023-01-09T23:15:00+00:00|-1,30,2023-01-09 23:45:00.119000+00:00,2023-01-09 23:45:00.149000+00:00,True,131.804,131.812,-2.3000000000024556,18.899999999999295,-8.00000000000125,True,True,1.8,0.7984496124030052,2.916666666666795,27.000000000001023,3332,131.738
2023H1|J_PULLBACK_CONTINUATION|2023-01-09T23:15:00+00:00|-1,60,2023-01-10 00:15:00.119000+00:00,2023-01-10 00:15:01.137000+00:00,True,131.917,131.928,-13.900000000001,18.899999999999295,-22.800000000000864,True,True,3.1933333333333334,0.07317073170731914,3.3549119818284914,42.199999999999704,7447,131.738
2023H1|J_PULLBACK_CONTINUATION|2023-01-09T23:15:00+00:00|-1,90,2023-01-10 00:45:00.119000+00:00,2023-01-10 00:45:02.514000+00:00,True,132.138,132.147,-35.80000000000041,18.899999999999295,-44.10000000000025,True,True,2.6366666666666667,0.9389002036659871,3.8574532811821562,63.400000000001455,13031,131.738
2023H1|J_PULLBACK_CONTINUATION|2023-01-09T23:15:00+00:00|-1,120,2023-01-10 01:15:00.119000+00:00,2023-01-10 01:15:00.460000+00:00,True,131.682,131.693,9.599999999997522,26.599999999999113,-44.10000000000025,True,False,3.1633333333333336,0.8300970873786716,3.7690248565965865,70.40000000000077,20781,131.738
2023H1|J_PULLBACK_CONTINUATION|2023-01-12T04:15:00+00:00|-1,15,2023-01-12 04:30:01.342000+00:00,2023-01-12 04:30:03.004000+00:00,True,131.633,131.64,1.2000000000000455,5.3999999999973625,-5.100000000001614,False,False,2.236666666666667,0.661764705882399,0.7087719298245635,10.099999999999909,1735,131.463
2023H1|J_PULLBACK_CONTINUATION|2023-01-12T04:15:00+00:00|-1,30,2023-01-12 04:45:01.342000+00:00,2023-01-12 04:45:01.405000+00:00,True,131.582,131.591,6.099999999997863,11.099999999999,-5.100000000001614,False,False,1.8966666666666667,0.7253218884120523,1.1533498759305068,16.59999999999968,3622,131.463
2023H1|J_PULLBACK_CONTINUATION|2023-01-12T04:15:00+00:00|-1,60,2023-01-12 05:15:01.342000+00:00,2023-01-12 05:15:01.351000+00:00,True,131.461,131.472,17.99999999999784,26.29999999999768,-5.100000000001614,True,False,1.92,0.09629629629634151,2.467373117679955,31.60000000000025,7830,131.463
2023H1|J_PULLBACK_CONTINUATION|2023-01-12T04:15:00+00:00|-1,90,2023-01-12 05:45:01.342000+00:00,2023-01-12 05:45:01.365000+00:00,True,131.533,131.542,10.999999999998522,28.299999999998704,-5.100000000001614,True,False,3.5766666666666667,0.15200000000004366,2.5552501374382,33.19999999999936,13025,131.463
2023H1|J_PULLBACK_CONTINUATION|2023-01-12T04:15:00+00:00|-1,120,2023-01-12 06:15:01.342000+00:00,2023-01-12 06:15:01.387000+00:00,True,131.624,131.634,1.8000000000000682,28.299999999998704,-5.100000000001614,True,False,2.6,0.47014925373141614,2.7007553747820907,33.19999999999936,18160,131.463
2023H1|J_PULLBACK_CONTINUATION|2023-01-12T08:45:00+00:00|-1,15,2023-01-12 09:00:00.163000+00:00,2023-01-12 09:00:00.197000+00:00,True,131.691,131.698,-4.900000000000659,1.300000000000523,-7.30000000000075,False,True,2.6733333333333333,0.9320000000000164,0.5922282341368186,8.600000000001273,2596,131.555
2023H1|J_PULLBACK_CONTINUATION|2023-01-12T08:45:00+00:00|-1,30,2023-01-12 09:15:00.163000+00:00,2023-01-12 09:15:00.233000+00:00,True,131.492,131.5,14.900000000000091,16.59999999999968,-8.500000000000796,True,False,3.3966666666666665,0.8923076923077209,1.6143911439114134,25.0,4938,131.555
2023H1|J_PULLBACK_CONTINUATION|2023-01-12T08:45:00+00:00|-1,60,2023-01-12 09:45:00.163000+00:00,2023-01-12 09:45:00.311000+00:00,True,130.926,130.936,71.29999999999939,75.90000000000146,-8.500000000000796,True,False,6.153333333333333,0.5048076923077836,4.696202531645605,84.80000000000132,14414,131.555
2023H1|J_PULLBACK_CONTINUATION|2023-01-12T08:45:00+00:00|-1,90,2023-01-12 10:15:00.163000+00:00,2023-01-12 10:15:00.171000+00:00,True,131.033,131.038,61.099999999999,78.80000000000109,-8.500000000000796,True,False,4.62,0.44444444444446507,4.581055784350321,87.39999999999952,24444,131.555
2023H1|J_PULLBACK_CONTINUATION|2023-01-12T08:45:00+00:00|-1,120,2023-01-12 10:45:00.163000+00:00,2023-01-12 10:45:00.173000+00:00,True,131.038,131.044,60.49999999999898,78.80000000000109,-8.500000000000796,True,False,3.7,0.623853211009136,4.746314972847085,87.39999999999952,30859,131.555
2023H1|J_PULLBACK_CONTINUATION|2023-01-12T13:45:00+00:00|-1,15,2023-01-12 14:00:00.047000+00:00,2023-01-12 14:00:00.063000+00:00,True,129.643,129.651,59.600000000000364,74.20000000000186,-1.8999999999977035,True,False,9.996666666666666,0.08643815201191263,2.309877622377626,75.49999999999955,9597,129.642
2023H1|J_PULLBACK_CONTINUATION|2023-01-12T13:45:00+00:00|-1,30,2023-01-12 14:15:00.047000+00:00,2023-01-12 14:15:00.054000+00:00,True,130.192,130.202,4.500000000001592,74.20000000000186,-1.8999999999977035,True,False,8.233333333333333,0.5930851063830063,2.1825314887466365,75.49999999999955,17290,129.642
2023H1|J_PULLBACK_CONTINUATION|2023-01-12T13:45:00+00:00|-1,60,2023-01-12 14:45:00.047000+00:00,2023-01-12 14:45:00.134000+00:00,True,130.521,130.531,-28.39999999999918,74.20000000000186,-33.499999999997954,True,False,8.053333333333333,0.4852546916890146,2.735544680079677,107.79999999999745,31325,129.642
2023H1|J_PULLBACK_CONTINUATION|2023-01-12T13:45:00+00:00|-1,90,2023-01-12 15:15:00.047000+00:00,2023-01-12 15:15:00.353000+00:00,True,130.131,130.141,10.600000000002296,74.20000000000186,-54.19999999999732,True,False,8.26,0.35156249999990197,2.8756393861892375,128.49999999999966,45368,129.642
2023H1|J_PULLBACK_CONTINUATION|2023-01-12T13:45:00+00:00|-1,120,2023-01-12 15:45:00.047000+00:00,2023-01-12 15:45:00.257000+00:00,True,130.105,130.119,12.800000000001432,74.20000000000186,-54.19999999999732,True,False,5.8533333333333335,0.7972027972028102,2.6750929368029577,128.49999999999966,56121,129.642
2023H1|J_PULLBACK_CONTINUATION|2023-01-12T23:00:00+00:00|-1,15,2023-01-12 23:15:00.346000+00:00,2023-01-12 23:15:00.408000+00:00,True,129.332,129.344,-5.799999999999272,2.1000000000015007,-15.600000000000591,False,False,2.8133333333333335,0.7583892617449588,1.6212412028149608,18.099999999998317,3086,129.153
2023H1|J_PULLBACK_CONTINUATION|2023-01-12T23:00:00+00:00|-1,30,2023-01-12 23:30:00.346000+00:00,2023-01-12 23:30:00.448000+00:00,True,129.226,129.242,4.400000000001114,7.499999999998863,-15.600000000000591,False,False,2.3933333333333335,0.9341317365269726,1.8911819887427996,21.599999999997976,4875,129.153
2023H1|J_PULLBACK_CONTINUATION|2023-01-12T23:00:00+00:00|-1,60,2023-01-13 00:00:00.346000+00:00,2023-01-13 00:00:00.376000+00:00,True,129.192,129.196,9.000000000000341,21.000000000000796,-15.600000000000591,True,False,0.02,0.902654867256675,2.858468677494201,35.20000000000039,7530,129.153
2023H1|J_PULLBACK_CONTINUATION|2023-01-12T23:00:00+00:00|-1,90,2023-01-13 00:30:00.346000+00:00,2023-01-13 00:30:00.363000+00:00,True,128.896,128.91,37.60000000000048,63.900000000001,-15.600000000000591,True,False,5.1033333333333335,0.11182108626205478,4.7289156626505,78.49999999999966,14475,129.153
2023H1|J_PULLBACK_CONTINUATION|2023-01-12T23:00:00+00:00|-1,120,2023-01-13 01:00:00.346000+00:00,2023-01-13 01:00:00.350000+00:00,True,129.216,129.227,5.89999999999975,63.900000000001,-15.600000000000591,True,True,4.78,0.957854406130284,4.119190404797529,78.49999999999966,23103,129.153
2023H1|J_PULLBACK_CONTINUATION|2023-01-13T04:00:00+00:00|-1,15,2023-01-13 04:15:02.385000+00:00,2023-01-13 04:15:02.457000+00:00,True,129.196,129.206,-8.899999999999864,-0.6000000000000227,-12.20000000000141,False,True,1.9833333333333334,0.7091836734694462,0.673665791775937,10.999999999998522,1554,128.922
2023H1|J_PULLBACK_CONTINUATION|2023-01-13T04:00:00+00:00|-1,30,2023-01-13 04:30:02.385000+00:00,2023-01-13 04:30:03.649000+00:00,True,129.064,129.074,4.2999999999977945,10.499999999998977,-12.20000000000141,False,False,1.7066666666666668,0.6219512195122248,1.4883720930231665,22.399999999998954,3286,128.922
2023H1|J_PULLBACK_CONTINUATION|2023-01-13T04:00:00+00:00|-1,60,2023-01-13 05:00:02.385000+00:00,2023-01-13 05:00:03.050000+00:00,True,129.214,129.223,-10.600000000002296,10.499999999998977,-13.300000000000978,False,True,1.5833333333333333,0.19047619047607767,1.8191662154844148,23.999999999998067,6244,128.922
2023H1|J_PULLBACK_CONTINUATION|2023-01-13T04:00:00+00:00|-1,90,2023-01-13 05:30:02.385000+00:00,2023-01-13 05:30:03.715000+00:00,True,129.244,129.256,-13.900000000001,10.499999999998977,-14.19999999999959,False,True,1.73,0.8712121212119418,2.04596346493801,24.799999999999045,9367,128.922
2023H1|J_PULLBACK_CONTINUATION|2023-01-13T04:00:00+00:00|-1,120,2023-01-13 06:00:02.385000+00:00,2023-01-13 06:00:02.419000+00:00,True,129.16,129.172,-5.500000000000682,10.499999999998977,-18.900000000002137,False,True,2.033333333333333,0.2439024390244494,2.721970187945294,29.999999999998295,12967,128.922
2023H1|J_PULLBACK_CONTINUATION|2023-01-13T09:45:00+00:00|-1,15,2023-01-13 10:00:00.009000+00:00,2023-01-13 10:00:00.020000+00:00,True,128.519,128.528,1.8000000000000682,9.899999999998954,-2.600000000001046,False,False,3.21,0.9052631578947321,0.49871758335707567,12.5,2496,128.105
2023H1|J_PULLBACK_CONTINUATION|2023-01-13T09:45:00+00:00|-1,30,2023-01-13 10:15:00.009000+00:00,2023-01-13 10:15:00.391000+00:00,True,128.374,128.384,16.200000000000614,18.299999999999272,-2.600000000001046,False,False,2.56,0.052631578947250346,0.8664088069026962,20.79999999999984,4771,128.105
2023H1|J_PULLBACK_CONTINUATION|2023-01-13T09:45:00+00:00|-1,60,2023-01-13 10:45:00.009000+00:00,2023-01-13 10:45:00.050000+00:00,True,128.455,128.465,8.099999999998886,26.69999999999959,-2.600000000001046,False,False,1.4633333333333334,0.9565217391304348,1.2854465958775017,29.399999999998272,8432,128.105
2023H1|J_PULLBACK_CONTINUATION|2023-01-13T09:45:00+00:00|-1,90,2023-01-13 11:15:00.009000+00:00,2023-01-13 11:15:00.041000+00:00,True,128.45,128.458,8.799999999999386,26.69999999999959,-2.600000000001046,False,False,1.9633333333333334,0.062146892655345454,1.3765886287624567,29.399999999998272,12274,128.105
2023H1|J_PULLBACK_CONTINUATION|2023-01-13T09:45:00+00:00|-1,120,2023-01-13 11:45:00.009000+00:00,2023-01-13 11:45:00.314000+00:00,True,128.589,128.598,-5.200000000002092,26.69999999999959,-13.400000000001455,False,True,2.1566666666666667,0.18867924528296576,2.0815721171671058,40.099999999998204,16609,128.105
2023H1|J_PULLBACK_CONTINUATION|2023-01-13T17:00:00+00:00|-1,15,2023-01-13 17:15:00.396000+00:00,2023-01-13 17:15:00.432000+00:00,True,127.725,127.731,12.5,12.5,-4.300000000000637,False,False,1.63,0.838235294117601,0.6695476807836797,16.600000000001103,1436,127.454
2023H1|J_PULLBACK_CONTINUATION|2023-01-13T17:00:00+00:00|-1,30,2023-01-13 17:30:00.396000+00:00,2023-01-13 17:30:02.474000+00:00,True,127.631,127.636,21.999999999999886,24.199999999999022,-4.300000000000637,False,False,1.6533333333333333,0.2023121387283019,1.1748538011696201,28.700000000000614,3159,127.454
2023H1|J_PULLBACK_CONTINUATION|2023-01-13T17:00:00+00:00|-1,60,2023-01-13 18:00:00.396000+00:00,2023-01-13 18:00:00.408000+00:00,True,127.698,127.703,15.299999999999159,24.199999999999022,-4.300000000000637,False,False,1.6,0.4264705882352542,1.2948759265227558,28.700000000000614,6095,127.454
2023H1|J_PULLBACK_CONTINUATION|2023-01-13T17:00:00+00:00|-1,90,2023-01-13 18:30:00.396000+00:00,2023-01-13 18:30:00.416000+00:00,True,127.8,127.809,4.699999999999704,24.199999999999022,-4.300000000000637,False,False,1.5633333333333332,0.9024390243902326,1.5483622350674882,28.700000000000614,8423,127.454
2023H1|J_PULLBACK_CONTINUATION|2023-01-13T17:00:00+00:00|-1,120,2023-01-13 19:00:00.396000+00:00,2023-01-13 19:00:00.439000+00:00,True,127.847,127.858,-0.20000000000095497,24.199999999999022,-4.300000000000637,False,False,1.2566666666666666,0.9532710280374254,1.6776617954071567,28.700000000000614,10854,127.454
2023H1|J_PULLBACK_CONTINUATION|2023-01-13T21:30:00+00:00|-1,15,2023-01-13 21:45:00.012000+00:00,2023-01-13 21:45:00.083000+00:00,True,127.888,127.901,-12.099999999999511,-0.9000000000000341,-12.000000000000455,False,True,0.5366666666666666,0.48837209302328266,1.186625194401211,10.899999999999466,587,127.747
2023H1|J_PULLBACK_CONTINUATION|2023-01-13T21:30:00+00:00|-1,30,2023-01-13 22:00:00.012000+00:00,2023-01-15 22:00:04.184000+00:00,True,127.749,127.871,-9.099999999999397,-0.9000000000000341,-12.699999999999534,False,True,0.0033333333333333335,0.48837209302328266,1.25194401244165,11.499999999999488,1516,127.747
2023H1|J_PULLBACK_CONTINUATION|2023-01-13T21:30:00+00:00|-1,60,2023-01-13 22:30:00.012000+00:00,2023-01-15 22:00:04.184000+00:00,True,127.749,127.871,-9.099999999999397,-0.9000000000000341,-12.699999999999534,False,True,0.0033333333333333335,0.48837209302328266,1.25194401244165,11.499999999999488,1516,127.747
2023H1|J_PULLBACK_CONTINUATION|2023-01-13T21:30:00+00:00|-1,90,2023-01-13 23:00:00.012000+00:00,2023-01-15 22:00:04.184000+00:00,True,127.749,127.871,-9.099999999999397,-0.9000000000000341,-12.699999999999534,False,True,0.0033333333333333335,0.48837209302328266,1.25194401244165,11.499999999999488,1516,127.747
2023H1|J_PULLBACK_CONTINUATION|2023-01-13T21:30:00+00:00|-1,120,2023-01-13 23:30:00.012000+00:00,2023-01-15 22:00:04.184000+00:00,True,127.749,127.871,-9.099999999999397,-0.9000000000000341,-12.699999999999534,False,True,0.0033333333333333335,0.48837209302328266,1.25194401244165,11.499999999999488,1516,127.747
2023H1|J_PULLBACK_CONTINUATION|2023-01-17T20:15:00+00:00|-1,15,2023-01-17 20:30:02.521000+00:00,2023-01-17 20:30:08.293000+00:00,True,128.264,128.273,-1.2000000000000455,2.6999999999986812,-3.2000000000010687,False,False,0.6633333333333333,0.8030303030302313,0.5850439882699487,5.700000000001637,708,128.176
2023H1|J_PULLBACK_CONTINUATION|2023-01-17T20:15:00+00:00|-1,30,2023-01-17 20:45:02.521000+00:00,2023-01-17 20:45:04.894000+00:00,True,128.239,128.25,1.099999999999568,2.6999999999986812,-3.999999999999204,False,False,0.5466666666666666,0.5357142857144549,0.7204301075269484,6.700000000000728,1186,128.176
2023H1|J_PULLBACK_CONTINUATION|2023-01-17T20:15:00+00:00|-1,60,2023-01-17 21:15:02.521000+00:00,2023-01-17 21:15:04.895000+00:00,True,128.258,128.267,-0.6000000000000227,8.500000000000796,-3.999999999999204,True,False,0.42333333333333334,0.9612903225806368,1.2773722627737447,12.5,2495,128.176
2023H1|J_PULLBACK_CONTINUATION|2023-01-17T20:15:00+00:00|-1,90,2023-01-17 21:45:02.521000+00:00,2023-01-17 21:45:02.973000+00:00,True,128.163,128.174,8.699999999998909,14.900000000000091,-3.999999999999204,True,False,1.2466666666666666,0.5096153846154319,1.8522167487684036,18.799999999998818,3563,128.176
2023H1|J_PULLBACK_CONTINUATION|2023-01-17T20:15:00+00:00|-1,120,2023-01-17 22:15:02.521000+00:00,2023-01-17 22:15:06.185000+00:00,True,128.091,128.181,7.999999999998408,14.900000000000091,-3.999999999999204,True,False,1.5666666666666667,0.0,2.312684365781661,22.399999999998954,4600,128.176
2023H1|J_PULLBACK_CONTINUATION|2023-01-18T17:00:00+00:00|-1,15,2023-01-18 17:15:00.085000+00:00,2023-01-18 17:15:00.175000+00:00,True,128.68,128.689,-23.699999999999477,-0.9999999999990905,-26.099999999999568,False,True,3.31,0.16078431372548063,0.8849600387502871,26.099999999999568,2648,128.006
2023H1|J_PULLBACK_CONTINUATION|2023-01-18T17:00:00+00:00|-1,30,2023-01-18 17:30:00.085000+00:00,2023-01-18 17:30:00.181000+00:00,True,128.838,128.846,-39.400000000000546,-0.9999999999990905,-43.29999999999927,False,True,2.3466666666666667,0.7687499999999567,1.520732638005571,42.69999999999925,4921,128.006
2023H1|J_PULLBACK_CONTINUATION|2023-01-18T17:00:00+00:00|-1,60,2023-01-18 18:00:00.085000+00:00,2023-01-18 18:00:00.168000+00:00,True,128.807,128.81,-35.80000000000041,-0.9999999999990905,-50.900000000001455,False,True,2.433333333333333,0.6989247311827448,2.1728624535315944,50.10000000000048,9087,128.006
2023H1|J_PULLBACK_CONTINUATION|2023-01-18T17:00:00+00:00|-1,90,2023-01-18 18:30:00.085000+00:00,2023-01-18 18:30:00.470000+00:00,True,128.65,128.662,-21.000000000000796,-0.9999999999990905,-50.900000000001455,False,True,1.55,0.18548387096767538,2.414457831325276,50.10000000000048,13589,128.006
2023H1|J_PULLBACK_CONTINUATION|2023-01-18T17:00:00+00:00|-1,120,2023-01-18 19:00:00.085000+00:00,2023-01-18 19:00:00.146000+00:00,True,128.77,128.782,-33.00000000000125,-0.9999999999990905,-50.900000000001455,False,True,2.3766666666666665,0.42968749999987854,2.5881918819188092,50.10000000000048,17991,128.006
2023H1|J_PULLBACK_CONTINUATION|2023-01-18T23:00:00+00:00|-1,15,2023-01-18 23:15:00.182000+00:00,2023-01-18 23:15:00.219000+00:00,True,128.623,128.642,11.50000000000091,16.40000000000157,-10.099999999999909,False,False,1.81,0.7750000000000498,1.8603929679421276,25.7000000000005,1360,128.535
2023H1|J_PULLBACK_CONTINUATION|2023-01-18T23:00:00+00:00|-1,30,2023-01-18 23:30:00.182000+00:00,2023-01-18 23:30:00.192000+00:00,True,128.495,128.506,25.100000000000477,30.100000000001614,-10.099999999999909,True,False,1.8433333333333333,0.31343283582093984,2.9197465681097214,39.49999999999818,3173,128.535
2023H1|J_PULLBACK_CONTINUATION|2023-01-18T23:00:00+00:00|-1,60,2023-01-19 00:00:00.182000+00:00,2023-01-19 00:00:00.262000+00:00,True,128.535,128.544,21.299999999999386,30.100000000001614,-10.099999999999909,True,False,0.01,0.8370044052863194,2.7471435668155646,39.49999999999818,5844,128.535
2023H1|J_PULLBACK_CONTINUATION|2023-01-18T23:00:00+00:00|-1,90,2023-01-19 00:30:00.182000+00:00,2023-01-19 00:30:00.189000+00:00,True,128.466,128.471,28.600000000000136,41.70000000000016,-10.099999999999909,True,False,2.2533333333333334,0.3198198198198394,3.036433776253754,50.60000000000002,10922,128.535
2023H1|J_PULLBACK_CONTINUATION|2023-01-18T23:00:00+00:00|-1,120,2023-01-19 01:00:00.182000+00:00,2023-01-19 01:00:00.210000+00:00,True,128.419,128.429,32.800000000000296,46.50000000000034,-10.099999999999909,True,False,4.666666666666667,0.4932735426008643,3.01265822784814,56.100000000000705,17662,128.535
2023H1|J_PULLBACK_CONTINUATION|2023-01-25T13:45:00+00:00|-1,15,2023-01-25 14:00:00.412000+00:00,2023-01-25 14:00:00.499000+00:00,True,129.96,129.967,-9.800000000001319,2.5000000000005684,-17.099999999999227,False,True,3.0033333333333334,0.9440000000000737,1.174698795180847,19.50000000000216,2496,129.557
2023H1|J_PULLBACK_CONTINUATION|2023-01-25T13:45:00+00:00|-1,30,2023-01-25 14:15:00.412000+00:00,2023-01-25 14:15:02.018000+00:00,True,129.764,129.77,9.899999999998954,11.099999999999,-17.099999999999227,False,False,3.2466666666666666,0.8082901554403664,1.6550273453933813,28.10000000000059,5103,129.557
2023H1|J_PULLBACK_CONTINUATION|2023-01-25T13:45:00+00:00|-1,60,2023-01-25 14:45:00.412000+00:00,2023-01-25 14:45:00.484000+00:00,True,129.747,129.753,11.600000000001387,24.600000000000932,-17.099999999999227,False,False,3.86,0.7359999999998763,2.521212121212068,41.59999999999968,11694,129.557
2023H1|J_PULLBACK_CONTINUATION|2023-01-25T13:45:00+00:00|-1,90,2023-01-25 15:15:00.412000+00:00,2023-01-25 15:15:00.462000+00:00,True,129.502,129.508,36.099999999999,56.70000000000073,-17.099999999999227,True,False,5.023333333333333,0.3778625954199152,3.793912724605771,73.90000000000043,21351,129.557
2023H1|J_PULLBACK_CONTINUATION|2023-01-25T13:45:00+00:00|-1,120,2023-01-25 15:45:00.412000+00:00,2023-01-25 15:45:00.444000+00:00,True,129.569,129.576,29.300000000000637,59.600000000000364,-17.099999999999227,True,False,4.14,0.6135265700483742,3.853763440860151,76.80000000000007,29009,129.557
2023H1|J_PULLBACK_CONTINUATION|2023-01-25T19:45:00+00:00|-1,15,2023-01-25 20:00:00.181000+00:00,2023-01-25 20:00:00.305000+00:00,True,129.535,129.543,5.89999999999975,8.500000000000796,-2.2999999999996135,False,False,1.5266666666666666,0.016129032258142106,1.1237113402062502,10.900000000000887,1008,129.416
2023H1|J_PULLBACK_CONTINUATION|2023-01-25T19:45:00+00:00|-1,30,2023-01-25 20:15:00.181000+00:00,2023-01-25 20:15:00.200000+00:00,True,129.619,129.623,-2.0999999999986585,9.900000000001796,-2.2999999999996135,False,False,1.7233333333333334,0.24615384615371838,1.3499222395022497,12.399999999999523,2195,129.416
2023H1|J_PULLBACK_CONTINUATION|2023-01-25T19:45:00+00:00|-1,60,2023-01-25 20:45:00.181000+00:00,2023-01-25 20:45:00.304000+00:00,True,129.588,129.597,0.49999999999954525,9.900000000001796,-4.4999999999987494,False,False,0.78,0.4999999999997369,1.6384180790957588,14.499999999998181,4050,129.416
2023H1|J_PULLBACK_CONTINUATION|2023-01-25T19:45:00+00:00|-1,90,2023-01-25 21:15:00.181000+00:00,2023-01-25 21:15:01.853000+00:00,True,129.562,129.568,3.3999999999991815,9.900000000001796,-4.4999999999987494,False,False,0.84,0.6551724137923938,1.7454858125534625,14.499999999998181,6362,129.416
2023H1|J_PULLBACK_CONTINUATION|2023-01-25T19:45:00+00:00|-1,120,2023-01-25 21:45:00.181000+00:00,2023-01-25 21:45:02.799000+00:00,True,129.589,129.598,0.39999999999906777,9.900000000001796,-4.4999999999987494,False,False,1.01,0.8666666666667088,1.9500480307393815,14.499999999998181,8401,129.416
2023H1|J_PULLBACK_CONTINUATION|2023-01-26T03:15:00+00:00|-1,15,2023-01-26 03:30:00.332000+00:00,2023-01-26 03:30:00.392000+00:00,True,129.293,129.299,3.3999999999991815,4.599999999999227,-4.699999999999704,False,False,1.5166666666666666,0.038461538461720624,0.6625514403293153,9.200000000001296,1816,129.096
2023H1|J_PULLBACK_CONTINUATION|2023-01-26T03:15:00+00:00|-1,30,2023-01-26 03:45:00.332000+00:00,2023-01-26 03:45:00.688000+00:00,True,129.351,129.362,-2.899999999999636,5.89999999999975,-4.699999999999704,False,True,1.05,0.636363636363737,0.7468619246862295,10.200000000000387,3087,129.096
2023H1|J_PULLBACK_CONTINUATION|2023-01-26T03:15:00+00:00|-1,60,2023-01-26 04:15:00.332000+00:00,2023-01-26 04:15:00.452000+00:00,True,129.201,129.21,12.299999999999045,12.5,-4.699999999999704,False,False,1.2933333333333332,0.7513227513227577,1.2566929133859968,17.10000000000207,5690,129.096
2023H1|J_PULLBACK_CONTINUATION|2023-01-26T03:15:00+00:00|-1,90,2023-01-26 04:45:00.332000+00:00,2023-01-26 04:45:00.387000+00:00,True,129.194,129.203,12.999999999999545,30.500000000000682,-4.699999999999704,True,False,1.5766666666666667,0.5813953488371633,2.5109862033725836,35.09999999999991,9645,129.096
2023H1|J_PULLBACK_CONTINUATION|2023-01-26T03:15:00+00:00|-1,120,2023-01-26 05:15:00.332000+00:00,2023-01-26 05:15:02.536000+00:00,True,129.359,129.368,-3.499999999999659,30.500000000000682,-8.099999999998886,True,True,2.033333333333333,0.9504950495047136,2.8836712913554083,38.59999999999957,12048,129.096
2023H1|J_PULLBACK_CONTINUATION|2023-01-31T23:30:00+00:00|-1,15,2023-01-31 23:45:00.498000+00:00,2023-01-31 23:45:00.597000+00:00,True,130.118,130.125,-7.699999999999818,0.20000000000095497,-7.800000000000296,False,True,0.5566666666666666,0.35294117647068657,1.791469194312844,8.099999999998886,866,130.038
2023H1|J_PULLBACK_CONTINUATION|2023-01-31T23:30:00+00:00|-1,30,2023-02-01 00:00:00.498000+00:00,2023-02-01 00:00:01.271000+00:00,True,130.108,130.116,-6.800000000001205,0.20000000000095497,-8.899999999999864,False,True,0.013333333333333334,0.36904761904767547,1.887407407407274,9.099999999997976,1617,130.038
2023H1|J_PULLBACK_CONTINUATION|2023-01-31T23:30:00+00:00|-1,60,2023-02-01 00:30:00.498000+00:00,2023-02-01 00:30:00.668000+00:00,True,130.06,130.07,-2.199999999999136,0.9999999999990905,-16.200000000000614,True,False,1.57,0.43548387096790464,3.123359580052728,16.99999999999875,3880,130.038
2023H1|J_PULLBACK_CONTINUATION|2023-01-31T23:30:00+00:00|-1,90,2023-02-01 01:00:00.498000+00:00,2023-02-01 01:00:00.538000+00:00,True,129.916,129.926,12.20000000000141,18.199999999998795,-16.200000000000614,True,False,2.89,0.3739130434782867,4.6666666666669245,34.29999999999893,7453,130.038
2023H1|J_PULLBACK_CONTINUATION|2023-01-31T23:30:00+00:00|-1,120,2023-02-01 01:30:00.498000+00:00,2023-02-01 01:30:01.837000+00:00,True,129.994,130.004,4.400000000001114,18.199999999998795,-16.200000000000614,True,False,2.4266666666666667,0.7976190476191041,4.272241992882772,34.29999999999893,10751,130.038
2023H1|J_PULLBACK_CONTINUATION|2023-02-01T13:15:00+00:00|-1,15,2023-02-01 13:30:00.040000+00:00,2023-02-01 13:30:00.262000+00:00,True,129.597,129.603,12.5,25.100000000000477,-2.199999999999136,True,False,4.84,0.6146341463415343,2.259649122806935,27.599999999998204,5426,129.664
2023H1|J_PULLBACK_CONTINUATION|2023-02-01T13:15:00+00:00|-1,30,2023-02-01 13:45:00.040000+00:00,2023-02-01 13:45:00.064000+00:00,True,129.56,129.565,16.30000000000109,25.100000000000477,-2.199999999999136,True,False,3.62,0.7261904761904199,2.069630423138633,27.599999999998204,9125,129.664
2023H1|J_PULLBACK_CONTINUATION|2023-02-01T13:15:00+00:00|-1,60,2023-02-01 14:15:00.040000+00:00,2023-02-01 14:15:00.398000+00:00,True,129.32,129.326,40.20000000000152,41.70000000000016,-2.199999999999136,True,False,3.5033333333333334,0.11811023622057992,3.187969924811972,42.39999999999782,16446,129.664
2023H1|J_PULLBACK_CONTINUATION|2023-02-01T13:15:00+00:00|-1,90,2023-02-01 14:45:00.040000+00:00,2023-02-01 14:45:00.147000+00:00,True,129.522,129.532,19.599999999999795,42.70000000000209,-2.199999999999136,True,False,3.16,1.0,3.0416457601606055,43.29999999999927,22781,129.664
2023H1|J_PULLBACK_CONTINUATION|2023-02-01T13:15:00+00:00|-1,120,2023-02-01 15:15:00.040000+00:00,2023-02-01 15:15:00.085000+00:00,True,129.499,129.502,22.59999999999991,45.300000000000296,-2.199999999999136,True,False,4.79,1.0,2.6396181384247823,47.399999999998954,31704,129.664
2023H1|J_PULLBACK_CONTINUATION|2023-02-01T19:45:00+00:00|-1,15,2023-02-01 20:00:00.050000+00:00,2023-02-01 20:00:00.064000+00:00,True,128.757,128.767,-7.200000000000273,15.199999999998681,-25.499999999999545,True,False,9.163333333333334,0.13850415512468905,1.662960795787031,40.60000000000059,8985,128.694
2023H1|J_PULLBACK_CONTINUATION|2023-02-01T19:45:00+00:00|-1,30,2023-02-01 20:15:00.050000+00:00,2023-02-01 20:15:00.131000+00:00,True,128.972,128.987,-29.20000000000016,15.199999999998681,-33.60000000000127,True,False,7.286666666666667,0.9161290322580925,1.7937384898710598,48.69999999999948,16165,128.694
2023H1|J_PULLBACK_CONTINUATION|2023-02-01T19:45:00+00:00|-1,60,2023-02-01 20:45:00.050000+00:00,2023-02-01 20:45:00.157000+00:00,True,128.72,128.728,-3.300000000001546,15.199999999998681,-46.60000000000082,True,False,4.99,0.30000000000008975,2.141504733432994,61.40000000000043,26207,128.694
2023H1|J_PULLBACK_CONTINUATION|2023-02-01T19:45:00+00:00|-1,90,2023-02-01 21:15:00.050000+00:00,2023-02-01 21:15:00.781000+00:00,True,128.926,128.933,-23.799999999999955,15.199999999998681,-46.60000000000082,True,False,2.203333333333333,0.050632911392461954,2.050083472454085,61.40000000000043,32085,128.694
2023H1|J_PULLBACK_CONTINUATION|2023-02-01T19:45:00+00:00|-1,120,2023-02-01 21:45:00.050000+00:00,2023-02-01 21:45:00.070000+00:00,True,128.939,128.95,-25.499999999999545,15.199999999998681,-46.60000000000082,True,False,1.37,0.4526315789474409,2.0150023441162594,61.40000000000043,35522,128.694
2023H1|J_PULLBACK_CONTINUATION|2023-02-02T02:00:00+00:00|-1,15,2023-02-02 02:15:00.024000+00:00,2023-02-02 02:15:00.390000+00:00,True,128.592,128.598,0.39999999999906777,8.199999999999363,-4.4999999999987494,False,False,1.9666666666666666,0.968421052631727,0.6516363636364366,12.800000000001432,2265,128.173
2023H1|J_PULLBACK_CONTINUATION|2023-02-02T02:00:00+00:00|-1,30,2023-02-02 02:30:00.024000+00:00,2023-02-02 02:30:01.638000+00:00,True,128.546,128.555,4.699999999999704,8.199999999999363,-4.4999999999987494,False,False,1.2433333333333334,0.4269662921349606,0.7681837515951799,12.90000000000191,3451,128.173
2023H1|J_PULLBACK_CONTINUATION|2023-02-02T02:00:00+00:00|-1,60,2023-02-02 03:00:00.024000+00:00,2023-02-02 03:00:00.359000+00:00,True,128.521,128.528,7.400000000001228,9.200000000001296,-4.4999999999987494,False,False,1.7233333333333334,0.44565217391308376,0.9059990552668943,13.700000000000045,6045,128.173
2023H1|J_PULLBACK_CONTINUATION|2023-02-02T02:00:00+00:00|-1,90,2023-02-02 03:30:00.024000+00:00,2023-02-02 03:30:00.385000+00:00,True,128.534,128.543,5.89999999999975,14.6000000000015,-4.4999999999987494,False,False,0.81,0.2842105263159532,1.4007333682556558,19.10000000000025,8698,128.173
2023H1|J_PULLBACK_CONTINUATION|2023-02-02T02:00:00+00:00|-1,120,2023-02-02 04:00:00.024000+00:00,2023-02-02 04:00:00.213000+00:00,True,128.607,128.615,-1.300000000000523,14.6000000000015,-4.4999999999987494,False,True,0.76,0.9016393442623027,1.5674091441969826,19.10000000000025,10440,128.173
2023H1|J_PULLBACK_CONTINUATION|2023-02-02T08:15:00+00:00|-1,15,2023-02-02 08:30:00.537000+00:00,2023-02-02 08:30:00.587000+00:00,True,128.69,128.698,-11.400000000000432,2.5000000000005684,-11.599999999998545,False,True,3.1266666666666665,0.37234042553190205,1.135135135135098,14.099999999999113,2467,128.538
2023H1|J_PULLBACK_CONTINUATION|2023-02-02T08:15:00+00:00|-1,30,2023-02-02 08:45:00.537000+00:00,2023-02-02 08:45:01.847000+00:00,True,128.784,128.791,-20.699999999999363,2.5000000000005684,-28.000000000000114,False,True,3.5566666666666666,0.6522911051213276,2.13810483870971,30.299999999999727,5794,128.538
2023H1|J_PULLBACK_CONTINUATION|2023-02-02T08:15:00+00:00|-1,60,2023-02-02 09:15:00.537000+00:00,2023-02-02 09:15:00.584000+00:00,True,129.007,129.015,-43.09999999999832,2.5000000000005684,-55.699999999998795,False,True,3.74,0.4411764705883746,3.918918918919106,58.00000000000125,12949,128.538
2023H1|J_PULLBACK_CONTINUATION|2023-02-02T08:15:00+00:00|-1,90,2023-02-02 09:45:00.537000+00:00,2023-02-02 09:45:00.649000+00:00,True,128.937,128.945,-36.099999999999,2.5000000000005684,-55.699999999998795,False,True,2.6333333333333333,0.4144144144145321,3.864826273203374,58.00000000000125,19055,128.538
2023H1|J_PULLBACK_CONTINUATION|2023-02-02T08:15:00+00:00|-1,120,2023-02-02 10:15:00.537000+00:00,2023-02-02 10:15:00.603000+00:00,True,128.921,128.926,-34.199999999998454,2.5000000000005684,-55.699999999998795,False,True,3.52,0.36538461538467315,3.903846153846268,58.00000000000125,24421,128.538
2023H1|J_PULLBACK_CONTINUATION|2023-02-02T15:45:00+00:00|-1,15,2023-02-02 16:00:00.164000+00:00,2023-02-02 16:00:00.234000+00:00,True,128.418,128.424,4.200000000000159,11.199999999999477,-1.6999999999995907,False,False,3.9,0.9664804469273734,0.5739514348785736,12.999999999999545,4066,128.082
2023H1|J_PULLBACK_CONTINUATION|2023-02-02T15:45:00+00:00|-1,30,2023-02-02 16:15:00.164000+00:00,2023-02-02 16:15:01.221000+00:00,True,128.255,128.264,20.199999999999818,21.100000000001273,-1.6999999999995907,False,False,3.1366666666666667,0.026490066225106967,0.9978118161926118,22.800000000000864,7351,128.082
2023H1|J_PULLBACK_CONTINUATION|2023-02-02T15:45:00+00:00|-1,60,2023-02-02 16:45:00.164000+00:00,2023-02-02 16:45:00.237000+00:00,True,128.526,128.533,-6.699999999997885,21.399999999999864,-7.699999999999818,False,True,3.06,0.8717948717947348,1.3102331606217308,28.899999999998727,12883,128.082
2023H1|J_PULLBACK_CONTINUATION|2023-02-02T15:45:00+00:00|-1,90,2023-02-02 17:15:00.164000+00:00,2023-02-02 17:15:01.017000+00:00,True,128.373,128.379,8.70000000000175,21.399999999999864,-9.199999999998454,False,False,1.82,0.7570093457942932,1.4726643598614853,30.399999999997362,17226,128.082
2023H1|J_PULLBACK_CONTINUATION|2023-02-02T15:45:00+00:00|-1,120,2023-02-02 17:45:00.164000+00:00,2023-02-02 17:45:00.294000+00:00,True,128.458,128.464,0.20000000000095497,21.399999999999864,-9.199999999998454,False,False,2.2133333333333334,0.5052631578947621,1.5946047208691285,30.399999999997362,20883,128.082
2023H1|J_PULLBACK_CONTINUATION|2023-02-02T22:30:00+00:00|-1,15,2023-02-02 22:45:00.063000+00:00,2023-02-02 22:45:00.429000+00:00,True,128.616,128.694,-9.399999999999409,-9.100000000000819,-12.20000000000141,False,True,0.7266666666666667,0.764705882353433,1.1755725190840127,7.699999999999818,819,128.593
2023H1|J_PULLBACK_CONTINUATION|2023-02-02T22:30:00+00:00|-1,30,2023-02-02 23:00:00.063000+00:00,2023-02-02 23:00:00.150000+00:00,True,128.606,128.692,-9.200000000001296,-7.800000000000296,-12.20000000000141,False,True,2.85,0.5491803278689766,1.1182572614108295,7.699999999999818,3571,128.593
2023H1|J_PULLBACK_CONTINUATION|2023-02-02T22:30:00+00:00|-1,60,2023-02-02 23:30:00.063000+00:00,2023-02-02 23:30:00.444000+00:00,True,128.697,128.709,-10.900000000000887,-0.8000000000009777,-13.2000000000005,False,True,0.7966666666666666,0.272727272727214,1.903055848261642,12.90000000000191,6238,128.593
2023H1|J_PULLBACK_CONTINUATION|2023-02-02T22:30:00+00:00|-1,90,2023-02-03 00:00:00.063000+00:00,2023-02-03 00:00:00.122000+00:00,True,128.763,128.772,-17.199999999999704,-0.8000000000009777,-17.500000000001137,False,True,0.0033333333333333335,0.6066666666666982,2.3654223968565393,17.199999999999704,8146,128.593
2023H1|J_PULLBACK_CONTINUATION|2023-02-02T22:30:00+00:00|-1,120,2023-02-03 00:30:00.063000+00:00,2023-02-03 00:30:00.148000+00:00,True,128.594,128.605,-0.49999999999954525,5.89999999999975,-23.099999999999454,True,False,2.78,0.4466019417475835,3.4879725085912643,29.000000000002046,13047,128.593
2023H1|J_PULLBACK_CONTINUATION|2023-02-07T19:15:00+00:00|-1,15,2023-02-07 19:30:00.083000+00:00,2023-02-07 19:30:00.197000+00:00,True,131.244,131.25,-0.7000000000005002,3.3999999999991815,-8.100000000001728,False,False,2.966666666666667,0.830115830115778,0.4665314401623173,11.50000000000091,3354,130.472
2023H1|J_PULLBACK_CONTINUATION|2023-02-07T19:15:00+00:00|-1,30,2023-02-07 19:45:00.083000+00:00,2023-02-07 19:45:00.938000+00:00,True,131.048,131.053,18.999999999999773,22.8999999999985,-8.100000000001728,False,False,2.993333333333333,0.4000000000000541,1.293139293139348,31.100000000000705,6281,130.472
2023H1|J_PULLBACK_CONTINUATION|2023-02-07T19:15:00+00:00|-1,60,2023-02-07 20:15:00.083000+00:00,2023-02-07 20:15:00.386000+00:00,True,131.209,131.217,2.5999999999982037,22.8999999999985,-8.100000000001728,False,False,2.243333333333333,0.2941176470588629,1.2881656804734254,31.100000000000705,10173,130.472
2023H1|J_PULLBACK_CONTINUATION|2023-02-07T19:15:00+00:00|-1,90,2023-02-07 20:45:00.083000+00:00,2023-02-07 20:45:00.411000+00:00,True,131.109,131.119,12.399999999999523,22.8999999999985,-8.100000000001728,False,False,0.9633333333333334,0.3660714285714173,1.2794593006171453,31.100000000000705,12637,130.472
2023H1|J_PULLBACK_CONTINUATION|2023-02-07T19:15:00+00:00|-1,120,2023-02-07 21:15:00.083000+00:00,2023-02-07 21:15:00.182000+00:00,True,131.101,131.111,13.2000000000005,22.8999999999985,-8.100000000001728,False,False,0.9533333333333334,0.724137931034601,1.7168769716088899,31.100000000000705,15408,130.472
2023H1|J_PULLBACK_CONTINUATION|2023-02-08T03:30:00+00:00|-1,15,2023-02-08 03:45:00.027000+00:00,2023-02-08 03:45:00.050000+00:00,True,131.178,131.187,-8.200000000002206,-0.8000000000009777,-11.800000000002342,False,True,1.27,0.5398230088493705,0.8133405056479984,10.799999999997567,924,130.97
2023H1|J_PULLBACK_CONTINUATION|2023-02-08T03:30:00+00:00|-1,30,2023-02-08 04:00:00.027000+00:00,2023-02-08 04:00:00.081000+00:00,True,131.122,131.13,-2.5000000000005684,2.5999999999982037,-11.800000000002342,False,True,1.2233333333333334,0.562913907284782,1.0608324439700572,14.19999999999959,2129,130.97
2023H1|J_PULLBACK_CONTINUATION|2023-02-08T03:30:00+00:00|-1,60,2023-02-08 04:30:00.027000+00:00,2023-02-08 04:30:06.173000+00:00,True,131.134,131.139,-3.4000000000020236,6.699999999997885,-11.800000000002342,False,True,0.9166666666666666,0.5238095238094165,1.5076923076921847,18.199999999998795,4664,130.97
2023H1|J_PULLBACK_CONTINUATION|2023-02-08T03:30:00+00:00|-1,90,2023-02-08 05:00:00.027000+00:00,2023-02-08 05:00:00.297000+00:00,True,131.147,131.155,-5.000000000001137,6.699999999997885,-11.800000000002342,False,True,1.7133333333333334,0.36708860759485473,1.706630944407094,18.199999999998795,6718,130.97
2023H1|J_PULLBACK_CONTINUATION|2023-02-08T03:30:00+00:00|-1,120,2023-02-08 05:30:00.027000+00:00,2023-02-08 05:30:01.901000+00:00,True,131.154,131.162,-5.700000000001637,6.699999999997885,-12.90000000000191,False,True,0.2833333333333333,1.0,2.1010719754976623,19.599999999999795,8206,130.97
2023H1|J_PULLBACK_CONTINUATION|2023-02-08T10:45:00+00:00|-1,15,2023-02-08 11:00:00.658000+00:00,2023-02-08 11:00:00.701000+00:00,True,130.805,130.813,6.700000000000728,6.799999999998363,-1.2000000000000455,False,False,1.5466666666666666,0.36363636363627827,0.5236091631602695,7.999999999998408,1718,130.591
2023H1|J_PULLBACK_CONTINUATION|2023-02-08T10:45:00+00:00|-1,30,2023-02-08 11:15:00.658000+00:00,2023-02-08 11:15:00.997000+00:00,True,130.817,130.823,5.699999999998795,12.600000000000477,-1.2000000000000455,False,False,1.5533333333333332,0.6351351351349899,0.9664832416206778,13.79999999999768,3601,130.591
2023H1|J_PULLBACK_CONTINUATION|2023-02-08T10:45:00+00:00|-1,60,2023-02-08 11:45:00.658000+00:00,2023-02-08 11:45:01.274000+00:00,True,130.7,130.708,17.199999999999704,22.700000000000387,-1.2000000000000455,False,False,1.9566666666666668,0.021390374331499595,1.6552409339294512,23.799999999999955,7653,130.591
2023H1|J_PULLBACK_CONTINUATION|2023-02-08T10:45:00+00:00|-1,90,2023-02-08 12:15:00.658000+00:00,2023-02-08 12:15:02.383000+00:00,True,130.774,130.781,9.899999999998954,22.700000000000387,-1.2000000000000455,False,False,1.7933333333333332,0.5555555555555236,1.7131105398457358,23.799999999999955,11596,130.591
2023H1|J_PULLBACK_CONTINUATION|2023-02-08T10:45:00+00:00|-1,120,2023-02-08 12:45:00.658000+00:00,2023-02-08 12:45:00.697000+00:00,True,130.906,130.914,-3.3999999999991815,22.700000000000387,-7.400000000001228,False,True,3.243333333333333,0.06486486486486653,2.284487385936608,30.400000000000205,15245,130.591
2023H1|J_PULLBACK_CONTINUATION|2023-02-09T12:00:00+00:00|-1,15,2023-02-09 12:15:00.141000+00:00,2023-02-09 12:15:01.322000+00:00,True,130.898,130.905,0.8000000000009777,1.6000000000019554,-4.699999999999704,False,False,1.9666666666666666,0.6355140186915726,0.4623323013417329,6.400000000002137,1745,130.741
2023H1|J_PULLBACK_CONTINUATION|2023-02-09T12:00:00+00:00|-1,30,2023-02-09 12:30:00.141000+00:00,2023-02-09 12:30:00.176000+00:00,True,130.774,130.784,12.90000000000191,21.000000000000796,-4.699999999999704,True,False,3.4766666666666666,0.2065727699531099,1.8490566037736766,25.900000000001455,3838,130.741
2023H1|J_PULLBACK_CONTINUATION|2023-02-09T12:00:00+00:00|-1,60,2023-02-09 13:00:00.141000+00:00,2023-02-09 13:00:00.176000+00:00,True,130.791,130.798,11.50000000000091,23.799999999999955,-4.699999999999704,True,False,2.18,0.7649999999998927,2.053525476067899,28.49999999999966,8010,130.741
2023H1|J_PULLBACK_CONTINUATION|2023-02-09T12:00:00+00:00|-1,90,2023-02-09 13:30:00.141000+00:00,2023-02-09 13:30:00.405000+00:00,True,130.76,130.769,14.400000000000546,26.000000000001933,-4.699999999999704,True,False,3.3866666666666667,0.8823529411764706,2.1479260369816187,30.700000000001637,14429,130.741
2023H1|J_PULLBACK_CONTINUATION|2023-02-09T12:00:00+00:00|-1,120,2023-02-09 14:00:00.141000+00:00,2023-02-09 14:00:00.165000+00:00,True,130.402,130.406,50.7000000000005,56.70000000000073,-4.699999999999704,True,False,5.076666666666667,0.0656565656564555,3.8386090057958255,61.50000000000091,22907,130.741
2023H1|J_PULLBACK_CONTINUATION|2023-02-10T14:15:00+00:00|-1,15,2023-02-10 14:30:00.120000+00:00,2023-02-10 14:30:00.195000+00:00,True,130.802,130.808,-15.099999999998204,0.30000000000143245,-18.39999999999975,False,False,4.426666666666667,0.1688311688311177,1.1111111111112615,19.000000000002615,3576,130.576
2023H1|J_PULLBACK_CONTINUATION|2023-02-10T14:15:00+00:00|-1,30,2023-02-10 14:45:00.120000+00:00,2023-02-10 14:45:00.181000+00:00,True,130.943,130.95,-29.299999999997794,0.30000000000143245,-32.89999999999793,False,True,5.18,0.333333333333368,1.8468786808010145,33.60000000000127,8602,130.576
2023H1|J_PULLBACK_CONTINUATION|2023-02-10T14:15:00+00:00|-1,60,2023-02-10 15:15:00.120000+00:00,2023-02-10 15:15:00.230000+00:00,True,131.181,131.189,-53.19999999999823,0.30000000000143245,-60.3999999999985,False,True,6.29,0.44999999999995943,3.2036613272312606,60.000000000002274,18969,130.576
2023H1|J_PULLBACK_CONTINUATION|2023-02-10T14:15:00+00:00|-1,90,2023-02-10 15:45:00.120000+00:00,2023-02-10 15:45:00.146000+00:00,True,131.244,131.253,-59.59999999999752,0.30000000000143245,-61.099999999999,False,True,4.273333333333333,0.41436464088404557,3.2995001922337908,61.299999999999955,27360,130.576
2023H1|J_PULLBACK_CONTINUATION|2023-02-10T14:15:00+00:00|-1,120,2023-02-10 16:15:00.120000+00:00,2023-02-10 16:15:00.151000+00:00,True,131.415,131.42,-76.29999999999768,0.30000000000143245,-79.80000000000018,False,True,3.71,0.4197530864199134,4.384555382215392,80.30000000000257,33904,130.576
2023H1|J_PULLBACK_CONTINUATION|2023-02-14T06:30:00+00:00|-1,15,2023-02-14 06:45:00.107000+00:00,2023-02-14 06:45:00.501000+00:00,True,132.008,132.014,-6.000000000000227,3.100000000000591,-11.099999999999,False,True,2.09,0.4421768707483098,1.378932968536341,14.400000000000546,2062,131.784
2023H1|J_PULLBACK_CONTINUATION|2023-02-14T06:30:00+00:00|-1,30,2023-02-14 07:00:00.107000+00:00,2023-02-14 07:00:00.180000+00:00,True,131.946,131.957,-0.2999999999985903,8.00000000000125,-11.099999999999,False,False,1.54,0.6089385474860761,1.7133798351298812,19.299999999998363,3755,131.784
2023H1|J_PULLBACK_CONTINUATION|2023-02-14T06:30:00+00:00|-1,60,2023-02-14 07:30:00.107000+00:00,2023-02-14 07:30:00.118000+00:00,True,131.979,131.987,-3.299999999998704,10.599999999999454,-11.099999999999,False,False,4.43,0.3875000000000821,1.7856726849155478,21.89999999999941,10705,131.784
2023H1|J_PULLBACK_CONTINUATION|2023-02-14T06:30:00+00:00|-1,90,2023-02-14 08:00:00.107000+00:00,2023-02-14 08:00:00.169000+00:00,True,132.075,132.081,-12.699999999998113,10.599999999999454,-15.799999999998704,False,True,3.3033333333333332,0.9223744292237609,1.884339815762623,26.300000000000523,17873,131.784
2023H1|J_PULLBACK_CONTINUATION|2023-02-14T06:30:00+00:00|-1,120,2023-02-14 08:30:00.107000+00:00,2023-02-14 08:30:00.312000+00:00,True,132.006,132.013,-5.89999999999975,10.599999999999454,-19.499999999999318,False,True,2.92,0.29197080291985644,2.1721649484536174,30.099999999998772,24805,131.784
2023H1|J_PULLBACK_CONTINUATION|2023-02-17T21:15:00+00:00|-1,15,2023-02-17 21:30:00.546000+00:00,2023-02-17 21:30:00.587000+00:00,True,134.16,134.166,-0.10000000000047748,1.099999999999568,-5.60000000000116,False,False,0.6166666666666667,0.3214285714281726,0.9884088514226742,6.700000000000728,463,134.052
2023H1|J_PULLBACK_CONTINUATION|2023-02-17T21:15:00+00:00|-1,30,2023-02-17 21:45:00.546000+00:00,2023-02-17 21:45:01.262000+00:00,True,134.163,134.174,-0.9000000000014552,1.3999999999981583,-5.60000000000116,False,False,0.6933333333333334,1.0,1.0640608034744223,6.999999999999318,795,134.052
2023H1|J_PULLBACK_CONTINUATION|2023-02-17T21:15:00+00:00|-1,60,2023-02-17 22:15:00.546000+00:00,2023-02-19 22:00:00.029000+00:00,True,134.198,134.318,-15.300000000002001,2.5999999999982037,-5.60000000000116,False,True,0.0033333333333333335,1.0,1.8545059717696706,12.199999999998568,1410,134.052
2023H1|J_PULLBACK_CONTINUATION|2023-02-17T21:15:00+00:00|-1,90,2023-02-17 22:45:00.546000+00:00,2023-02-19 22:00:00.029000+00:00,True,134.198,134.318,-15.300000000002001,2.5999999999982037,-5.60000000000116,False,True,0.0033333333333333335,1.0,1.8545059717696706,12.199999999998568,1410,134.052
2023H1|J_PULLBACK_CONTINUATION|2023-02-17T21:15:00+00:00|-1,120,2023-02-17 23:15:00.546000+00:00,2023-02-19 22:00:00.029000+00:00,True,134.198,134.318,-15.300000000002001,2.5999999999982037,-5.60000000000116,False,True,0.0033333333333333335,1.0,1.8545059717696706,12.199999999998568,1410,134.052
2023H1|J_PULLBACK_CONTINUATION|2023-02-20T07:15:00+00:00|-1,15,2023-02-20 07:30:00.070000+00:00,2023-02-20 07:30:00.091000+00:00,True,134.082,134.088,3.2000000000010687,4.099999999999682,-5.299999999999727,False,False,2.18,0.8202247191012204,0.9340028694404242,9.299999999998931,1917,134.004
2023H1|J_PULLBACK_CONTINUATION|2023-02-20T07:15:00+00:00|-1,30,2023-02-20 07:45:00.070000+00:00,2023-02-20 07:45:00.444000+00:00,True,134.015,134.021,9.900000000001796,11.299999999999955,-5.299999999999727,True,False,2.316666666666667,0.3787878787879505,1.746031746031802,16.499999999999204,3746,134.004
2023H1|J_PULLBACK_CONTINUATION|2023-02-20T07:15:00+00:00|-1,60,2023-02-20 08:15:00.070000+00:00,2023-02-20 08:15:00.262000+00:00,True,134.063,134.073,4.699999999999704,12.20000000000141,-5.299999999999727,True,False,3.51,0.18226600985210428,1.8766184310738845,17.599999999998772,9641,134.004
2023H1|J_PULLBACK_CONTINUATION|2023-02-20T07:15:00+00:00|-1,90,2023-02-20 08:45:00.070000+00:00,2023-02-20 08:45:00.129000+00:00,True,134.268,134.274,-15.399999999999636,12.20000000000141,-23.099999999999454,True,True,3.74,1.0,3.676557863501525,35.3999999999985,15139,134.004
2023H1|J_PULLBACK_CONTINUATION|2023-02-20T07:15:00+00:00|-1,120,2023-02-20 09:15:00.070000+00:00,2023-02-20 09:15:00.315000+00:00,True,134.148,134.155,-3.499999999999659,12.20000000000141,-25.200000000000955,True,False,1.7233333333333334,0.753623188405815,3.93586875466073,37.69999999999811,20380,134.004
2023H1|J_PULLBACK_CONTINUATION|2023-02-20T12:45:00+00:00|-1,15,2023-02-20 13:00:05.864000+00:00,2023-02-20 13:00:06.298000+00:00,True,134.09,134.096,-3.0000000000001137,1.2000000000000455,-4.900000000000659,False,True,1.94,0.5357142857141166,0.6767036450080324,6.100000000000705,1637,133.953
2023H1|J_PULLBACK_CONTINUATION|2023-02-20T12:45:00+00:00|-1,30,2023-02-20 13:15:05.864000+00:00,2023-02-20 13:15:06.053000+00:00,True,134.055,134.061,0.49999999999954525,4.599999999999227,-4.900000000000659,False,False,1.65,0.8019801980199803,1.0850000000002686,9.300000000001774,3151,133.953
2023H1|J_PULLBACK_CONTINUATION|2023-02-20T12:45:00+00:00|-1,60,2023-02-20 13:45:05.864000+00:00,2023-02-20 13:45:07.184000+00:00,True,134.07,134.075,-0.899999999998613,13.800000000000523,-4.900000000000659,True,False,2.5166666666666666,0.887500000000151,2.1716171617164846,18.80000000000166,6934,133.953
2023H1|J_PULLBACK_CONTINUATION|2023-02-20T12:45:00+00:00|-1,90,2023-02-20 14:15:05.864000+00:00,2023-02-20 14:15:06.304000+00:00,True,134.059,134.065,0.10000000000047748,13.800000000000523,-7.099999999999795,True,False,2.066666666666667,0.9277108433734899,2.363344051447089,21.000000000000796,10545,133.953
2023H1|J_PULLBACK_CONTINUATION|2023-02-20T12:45:00+00:00|-1,120,2023-02-20 14:45:05.864000+00:00,2023-02-20 14:45:06.262000+00:00,True,134.043,134.05,1.5999999999991132,13.800000000000523,-7.099999999999795,True,False,1.8166666666666667,0.7692307692308626,2.256331542594153,21.000000000000796,13774,133.953
2023H1|J_PULLBACK_CONTINUATION|2023-02-23T21:45:00+00:00|-1,15,2023-02-23 22:00:02.055000+00:00,2023-02-23 22:00:02.125000+00:00,True,134.651,134.723,-2.600000000001046,1.9000000000005457,-2.600000000001046,False,True,0.9166666666666666,0.21538461538477682,0.9168399168397552,6.299999999998818,539,134.549
2023H1|J_PULLBACK_CONTINUATION|2023-02-23T21:45:00+00:00|-1,30,2023-02-23 22:15:02.055000+00:00,2023-02-23 22:16:11.682000+00:00,True,134.697,134.724,-2.6999999999986812,1.9000000000005457,-3.3999999999991815,False,True,0.09,0.37142857142794494,0.9891304347825876,6.499999999999773,620,134.549
2023H1|J_PULLBACK_CONTINUATION|2023-02-23T21:45:00+00:00|-1,60,2023-02-23 22:45:02.055000+00:00,2023-02-23 22:45:03.097000+00:00,True,134.717,134.74,-4.300000000000637,1.9000000000005457,-7.399999999998386,False,True,0.8533333333333334,0.6119402985076083,1.4629404617252664,8.599999999998431,2081,134.549
2023H1|J_PULLBACK_CONTINUATION|2023-02-23T21:45:00+00:00|-1,90,2023-02-23 23:15:02.055000+00:00,2023-02-23 23:15:02.199000+00:00,True,134.467,134.473,22.399999999998954,22.800000000000864,-7.399999999998386,True,False,1.67,0.1758793969850394,3.6609195402299934,27.299999999999613,3730,134.549
2023H1|J_PULLBACK_CONTINUATION|2023-02-23T21:45:00+00:00|-1,120,2023-02-23 23:45:02.055000+00:00,2023-02-23 23:45:04.231000+00:00,True,134.537,134.545,15.200000000001523,40.99999999999966,-7.399999999998386,True,False,1.34,0.0825688073393156,5.193181818181868,45.69999999999936,6841,134.549
2023H1|J_PULLBACK_CONTINUATION|2023-02-28T22:15:00+00:00|-1,15,2023-02-28 22:30:08.185000+00:00,2023-02-28 22:30:43.994000+00:00,True,136.169,136.203,-9.100000000000819,-5.89999999999975,-11.100000000001842,False,True,1.0366666666666666,0.43373493975906086,0.8204158790171091,6.200000000001182,333,136.084
2023H1|J_PULLBACK_CONTINUATION|2023-02-28T22:15:00+00:00|-1,30,2023-02-28 22:45:08.185000+00:00,2023-02-28 22:45:10.188000+00:00,True,136.201,136.234,-12.20000000000141,-5.89999999999975,-16.30000000000109,False,True,0.64,0.520000000000091,1.738025415444763,12.700000000000955,827,136.084
2023H1|J_PULLBACK_CONTINUATION|2023-02-28T22:15:00+00:00|-1,60,2023-02-28 23:15:08.185000+00:00,2023-02-28 23:15:10.337000+00:00,True,136.185,136.2,-8.799999999999386,-5.400000000000205,-16.30000000000109,False,True,1.1566666666666667,0.0786516853933158,1.8254620123203256,12.700000000000955,2440,136.084
2023H1|J_PULLBACK_CONTINUATION|2023-02-28T22:15:00+00:00|-1,90,2023-02-28 23:45:08.185000+00:00,2023-02-28 23:45:08.605000+00:00,True,136.28,136.289,-17.69999999999925,-5.400000000000205,-19.80000000000075,False,True,1.1633333333333333,0.15909090909103385,2.6566265060238967,18.899999999999295,3959,136.084
2023H1|J_PULLBACK_CONTINUATION|2023-02-28T22:15:00+00:00|-1,120,2023-03-01 00:15:08.185000+00:00,2023-03-01 00:15:08.407000+00:00,True,136.378,136.385,-27.299999999999613,-5.400000000000205,-28.90000000000157,False,True,1.8866666666666667,0.5689655172412272,3.907297830374819,28.300000000001546,7693,136.084
2023H1|J_PULLBACK_CONTINUATION|2023-03-03T09:15:00+00:00|-1,15,2023-03-03 09:30:00.262000+00:00,2023-03-03 09:30:00.337000+00:00,True,136.178,136.184,11.7999999999995,13.899999999998158,-5.299999999999727,True,False,3.1566666666666667,0.4249999999999823,1.519131924614459,18.999999999999773,2613,136.216
2023H1|J_PULLBACK_CONTINUATION|2023-03-03T09:15:00+00:00|-1,30,2023-03-03 09:45:00.262000+00:00,2023-03-03 09:45:00.417000+00:00,True,136.184,136.19,11.199999999999477,18.099999999998317,-5.299999999999727,True,False,3.76,0.6351351351352337,1.88554913294776,23.299999999997567,5743,136.216
2023H1|J_PULLBACK_CONTINUATION|2023-03-03T09:15:00+00:00|-1,60,2023-03-03 10:15:00.262000+00:00,2023-03-03 10:15:00.517000+00:00,True,136.242,136.249,5.299999999999727,18.099999999998317,-5.299999999999727,True,False,2.59,0.44444444444452247,1.8284753363227166,23.299999999997567,11287,136.216
2023H1|J_PULLBACK_CONTINUATION|2023-03-03T09:15:00+00:00|-1,90,2023-03-03 10:45:00.262000+00:00,2023-03-03 10:45:00.353000+00:00,True,136.186,136.192,10.999999999998522,18.099999999998317,-5.299999999999727,True,False,3.0433333333333334,0.4172185430464387,1.8597491448117045,23.299999999997567,16228,136.216
2023H1|J_PULLBACK_CONTINUATION|2023-03-03T09:15:00+00:00|-1,120,2023-03-03 11:15:00.262000+00:00,2023-03-03 11:15:03.481000+00:00,True,136.244,136.248,5.400000000000205,18.099999999998317,-5.299999999999727,True,False,0.9933333333333333,0.7954545454545895,1.9556354916065695,23.299999999997567,18770,136.216
2023H1|J_PULLBACK_CONTINUATION|2023-03-03T15:00:00+00:00|-1,15,2023-03-03 15:15:00.044000+00:00,2023-03-03 15:15:00.045000+00:00,True,136.184,136.193,-18.500000000000227,-0.699999999997658,-39.90000000000009,False,True,5.963333333333333,0.725581395348721,2.454382826475804,39.19999999999959,6745,135.805
2023H1|J_PULLBACK_CONTINUATION|2023-03-03T15:00:00+00:00|-1,30,2023-03-03 15:30:00.044000+00:00,2023-03-03 15:30:00.077000+00:00,True,136.109,136.116,-10.80000000000041,-0.699999999997658,-39.90000000000009,False,False,4.2,0.4681818181818599,2.39546049759928,39.19999999999959,11041,135.805
2023H1|J_PULLBACK_CONTINUATION|2023-03-03T15:00:00+00:00|-1,60,2023-03-03 16:00:00.044000+00:00,2023-03-03 16:00:00.111000+00:00,True,136.318,136.324,-31.60000000000025,-0.699999999997658,-39.90000000000009,False,True,3.8233333333333333,0.828828828828808,2.292397660818684,39.19999999999959,18431,135.805
2023H1|J_PULLBACK_CONTINUATION|2023-03-03T15:00:00+00:00|-1,90,2023-03-03 16:30:00.044000+00:00,2023-03-03 16:30:00.130000+00:00,True,136.233,136.236,-22.799999999998022,-0.699999999997658,-41.59999999999968,False,True,2.9833333333333334,0.9759036144577158,2.3709211069805742,40.99999999999966,24116,135.805
2023H1|J_PULLBACK_CONTINUATION|2023-03-03T15:00:00+00:00|-1,120,2023-03-03 17:00:00.044000+00:00,2023-03-03 17:00:00.109000+00:00,True,136.09,136.096,-8.799999999999386,-0.699999999997658,-41.59999999999968,False,False,2.4766666666666666,0.513513513513389,2.543198936641565,40.99999999999966,28874,135.805
2023H1|J_PULLBACK_CONTINUATION|2023-03-05T23:00:00+00:00|-1,15,2023-03-05 23:15:00.068000+00:00,2023-03-05 23:15:00.097000+00:00,True,135.871,135.898,-1.300000000000523,1.8999999999977035,-8.29999999999984,False,False,5.886666666666667,0.10999999999996302,1.3495618305743264,9.899999999998954,4238,135.794
2023H1|J_PULLBACK_CONTINUATION|2023-03-05T23:00:00+00:00|-1,30,2023-03-05 23:30:00.068000+00:00,2023-03-05 23:30:00.155000+00:00,True,135.948,135.958,-7.30000000000075,1.8999999999977035,-8.600000000001273,False,True,1.9033333333333333,0.29411764705862686,1.6238244514105227,11.099999999999,5836,135.794
2023H1|J_PULLBACK_CONTINUATION|2023-03-05T23:00:00+00:00|-1,60,2023-03-06 00:00:00.068000+00:00,2023-03-06 00:00:00.646000+00:00,True,136.016,136.025,-14.000000000001478,1.8999999999977035,-15.700000000001069,False,True,0.0033333333333333335,0.691056910569224,2.547892720306525,18.999999999999773,8850,135.794
2023H1|J_PULLBACK_CONTINUATION|2023-03-05T23:00:00+00:00|-1,90,2023-03-06 00:30:00.068000+00:00,2023-03-06 00:30:00.858000+00:00,True,135.903,135.908,-2.2999999999996135,1.8999999999977035,-17.900000000000205,False,False,0.98,0.5471698113207142,2.599814298978432,19.999999999998863,11558,135.794
2023H1|J_PULLBACK_CONTINUATION|2023-03-05T23:00:00+00:00|-1,120,2023-03-06 01:00:00.068000+00:00,2023-03-06 01:00:00.106000+00:00,True,135.841,135.846,3.8999999999987267,7.699999999999818,-17.900000000000205,False,False,2.9833333333333334,0.5060728744938983,2.550109729334172,24.899999999999523,14666,135.794
2023H1|J_PULLBACK_CONTINUATION|2023-03-06T05:30:00+00:00|-1,15,2023-03-06 05:45:00.017000+00:00,2023-03-06 05:45:00.328000+00:00,True,135.727,135.732,-8.500000000000796,0.0,-11.299999999999955,False,True,1.3566666666666667,0.14457831325302029,1.1494082840237836,11.100000000001842,936,135.364
2023H1|J_PULLBACK_CONTINUATION|2023-03-06T05:30:00+00:00|-1,30,2023-03-06 06:00:00.017000+00:00,2023-03-06 06:00:00.150000+00:00,True,135.781,135.79,-14.300000000000068,0.0,-15.399999999999636,False,True,1.3233333333333333,0.4900000000000938,1.543227665706153,15.300000000002001,1946,135.364
2023H1|J_PULLBACK_CONTINUATION|2023-03-06T05:30:00+00:00|-1,60,2023-03-06 06:30:00.017000+00:00,2023-03-06 06:30:00.093000+00:00,True,135.842,135.849,-20.199999999999818,0.0,-21.90000000000225,False,True,1.1566666666666667,0.9896907216494362,2.3730650154799084,21.90000000000225,3897,135.364
2023H1|J_PULLBACK_CONTINUATION|2023-03-06T05:30:00+00:00|-1,90,2023-03-06 07:00:00.017000+00:00,2023-03-06 07:00:00.073000+00:00,True,135.66,135.667,-2.000000000001023,0.0,-24.100000000001387,False,False,0.97,0.9934210526315482,2.3747338537968843,23.900000000000432,6059,135.364
2023H1|J_PULLBACK_CONTINUATION|2023-03-06T05:30:00+00:00|-1,120,2023-03-06 07:30:00.017000+00:00,2023-03-06 07:30:00.120000+00:00,True,135.623,135.628,1.9000000000005457,7.099999999999795,-24.100000000001387,False,False,2.1533333333333333,0.6727272727273009,3.1991182953708126,31.100000000000705,11061,135.364
2023H1|J_PULLBACK_CONTINUATION|2023-03-09T08:15:00+00:00|-1,15,2023-03-09 08:30:00.346000+00:00,2023-03-09 08:30:01.320000+00:00,True,136.547,136.554,23.30000000000041,31.000000000000227,-1.3999999999981583,True,False,3.27,0.7792915531334791,2.271991911021209,32.099999999999795,2646,136.579
2023H1|J_PULLBACK_CONTINUATION|2023-03-09T08:15:00+00:00|-1,30,2023-03-09 08:45:00.346000+00:00,2023-03-09 08:45:00.444000+00:00,True,136.282,136.287,50.0,58.00000000000125,-1.3999999999981583,True,False,4.6466666666666665,0.07299270072986042,4.059657701711638,59.30000000000177,6700,136.579
2023H1|J_PULLBACK_CONTINUATION|2023-03-09T08:15:00+00:00|-1,60,2023-03-09 09:15:00.346000+00:00,2023-03-09 09:15:00.627000+00:00,True,136.446,136.452,33.500000000000796,58.00000000000125,-1.3999999999981583,True,False,2.15,0.9090909090908844,3.8187672493101803,59.30000000000177,10967,136.579
2023H1|J_PULLBACK_CONTINUATION|2023-03-09T08:15:00+00:00|-1,90,2023-03-09 09:45:00.346000+00:00,2023-03-09 09:45:00.373000+00:00,True,136.14,136.146,64.10000000000196,67.00000000000159,-1.3999999999981583,True,False,3.1233333333333335,0.4161073825502216,4.217238346526011,68.50000000000023,15359,136.579
2023H1|J_PULLBACK_CONTINUATION|2023-03-09T08:15:00+00:00|-1,120,2023-03-09 10:15:00.346000+00:00,2023-03-09 10:15:00.399000+00:00,True,136.171,136.178,60.90000000000089,67.60000000000161,-1.3999999999981583,True,False,2.216666666666667,0.6363636363634896,4.1685393258428896,68.90000000000214,19809,136.579
2023H1|J_PULLBACK_CONTINUATION|2023-03-09T13:00:00+00:00|-1,15,2023-03-09 13:15:00.083000+00:00,2023-03-09 13:15:00.166000+00:00,True,136.277,136.282,-0.5000000000023874,8.199999999999363,-5.200000000002092,False,False,2.5366666666666666,0.575757575757504,1.0543601359004058,13.300000000000978,2113,136.019
2023H1|J_PULLBACK_CONTINUATION|2023-03-09T13:00:00+00:00|-1,30,2023-03-09 13:30:00.083000+00:00,2023-03-09 13:30:00.799000+00:00,True,136.309,136.313,-3.6000000000001364,8.199999999999363,-11.20000000000232,False,True,2.38,0.42818428184278357,1.3768188660310783,19.599999999999795,4463,136.019
2023H1|J_PULLBACK_CONTINUATION|2023-03-09T13:00:00+00:00|-1,60,2023-03-09 14:00:00.083000+00:00,2023-03-09 14:00:00.140000+00:00,True,136.088,136.094,18.299999999999272,33.099999999998886,-11.20000000000232,True,False,0.0033333333333333335,0.026119402984989937,2.770120053357046,44.49999999999932,12400,136.019
2023H1|J_PULLBACK_CONTINUATION|2023-03-09T13:00:00+00:00|-1,90,2023-03-09 14:30:00.083000+00:00,2023-03-09 14:30:00.231000+00:00,True,136.31,136.316,-3.900000000001569,33.099999999998886,-11.20000000000232,True,True,3.32,0.9107142857142011,2.6488095238094784,44.49999999999932,19276,136.019
2023H1|J_PULLBACK_CONTINUATION|2023-03-09T13:00:00+00:00|-1,120,2023-03-09 15:00:00.083000+00:00,2023-03-09 15:00:00.090000+00:00,True,136.161,136.164,11.299999999999955,33.099999999998886,-11.20000000000232,True,False,0.0033333333333333335,0.4603960396039116,2.748125275694679,44.49999999999932,24821,136.019
2023H1|J_PULLBACK_CONTINUATION|2023-03-09T17:30:00+00:00|-1,15,2023-03-09 17:45:00.213000+00:00,2023-03-09 17:45:00.292000+00:00,True,136.269,136.274,-1.300000000000523,0.49999999999954525,-4.699999999999704,False,False,1.21,0.7076923076922135,0.4177927927927755,5.299999999999727,1138,136.169
2023H1|J_PULLBACK_CONTINUATION|2023-03-09T17:30:00+00:00|-1,30,2023-03-09 18:00:00.213000+00:00,2023-03-09 18:00:00.218000+00:00,True,136.226,136.231,3.0000000000001137,4.999999999998295,-4.699999999999704,False,False,1.18,0.8435374149658403,0.7578347578347507,9.499999999999886,2165,136.169
2023H1|J_PULLBACK_CONTINUATION|2023-03-09T17:30:00+00:00|-1,60,2023-03-09 18:30:00.213000+00:00,2023-03-09 18:30:00.258000+00:00,True,136.237,136.243,1.8000000000000682,16.99999999999875,-4.699999999999704,True,False,1.8266666666666667,0.8703703703702826,1.7133144475919209,21.599999999997976,6584,136.169
2023H1|J_PULLBACK_CONTINUATION|2023-03-09T17:30:00+00:00|-1,90,2023-03-09 19:00:00.213000+00:00,2023-03-09 19:00:00.306000+00:00,True,136.056,136.062,19.899999999998386,21.000000000000796,-4.699999999999704,True,False,1.2666666666666666,0.41666666666674557,2.1755027422302824,25.499999999999545,9601,136.169
2023H1|J_PULLBACK_CONTINUATION|2023-03-09T17:30:00+00:00|-1,120,2023-03-09 19:30:00.213000+00:00,2023-03-09 19:30:00.245000+00:00,True,136.085,136.091,16.99999999999875,26.800000000000068,-4.699999999999704,True,False,1.5933333333333333,0.14423076923065892,2.7088452088451183,31.499999999999773,13148,136.169
2023H1|J_PULLBACK_CONTINUATION|2023-03-09T22:30:00+00:00|-1,15,2023-03-09 22:45:06.030000+00:00,2023-03-09 22:45:06.477000+00:00,True,136.149,136.176,-2.5999999999982037,-0.7999999999981355,-3.8999999999987267,False,True,0.043333333333333335,0.6956521739127748,0.09534619750284128,0.6000000000000227,27,136.061
2023H1|J_PULLBACK_CONTINUATION|2023-03-09T22:30:00+00:00|-1,30,2023-03-09 23:00:06.030000+00:00,2023-03-09 23:00:06.240000+00:00,True,136.148,136.182,-3.1999999999982265,-0.7999999999981355,-4.800000000000182,False,True,1.5066666666666666,0.0,0.38795180722884465,2.2999999999996135,1548,136.061
2023H1|J_PULLBACK_CONTINUATION|2023-03-09T22:30:00+00:00|-1,60,2023-03-09 23:30:06.030000+00:00,2023-03-09 23:30:06.062000+00:00,True,136.171,136.182,-3.1999999999982265,0.30000000000143245,-7.099999999999795,False,True,0.51,0.059523809523753135,1.2634146341459886,7.399999999998386,3030,136.061
2023H1|J_PULLBACK_CONTINUATION|2023-03-09T22:30:00+00:00|-1,90,2023-03-10 00:00:06.030000+00:00,2023-03-10 00:00:06.093000+00:00,True,136.357,136.368,-21.79999999999893,0.30000000000143245,-28.199999999998226,False,True,0.16,0.5773195876288735,3.737674418604573,28.700000000000614,6392,136.061
2023H1|J_PULLBACK_CONTINUATION|2023-03-09T22:30:00+00:00|-1,120,2023-03-10 00:30:06.030000+00:00,2023-03-10 00:30:06.145000+00:00,True,135.937,135.945,20.50000000000125,28.80000000000109,-28.199999999998226,True,False,5.433333333333334,0.47712418300642545,5.2112125162971745,57.099999999999795,12741,136.061
2023H1|J_PULLBACK_CONTINUATION|2023-03-12T23:00:00+00:00|-1,15,2023-03-12 23:15:00.066000+00:00,2023-03-12 23:15:00.217000+00:00,True,134.263,134.283,13.900000000001,28.49999999999966,-11.199999999999477,False,False,3.61,0.4304267161410108,1.0666666666666857,37.60000000000048,3518,133.525
2023H1|J_PULLBACK_CONTINUATION|2023-03-12T23:00:00+00:00|-1,30,2023-03-12 23:30:00.066000+00:00,2023-03-12 23:30:00.159000+00:00,True,134.564,134.584,-16.200000000000614,28.49999999999966,-37.39999999999952,False,True,5.48,0.014084507042187777,1.8893990816530062,67.59999999999877,8127,133.525
2023H1|J_PULLBACK_CONTINUATION|2023-03-12T23:00:00+00:00|-1,60,2023-03-13 00:00:00.066000+00:00,2023-03-13 00:00:00.085000+00:00,True,134.968,134.985,-56.30000000000166,28.49999999999966,-64.30000000000007,False,True,0.0033333333333333335,0.7744360902255558,2.293590869183502,93.29999999999927,16165,133.525
2023H1|J_PULLBACK_CONTINUATION|2023-03-12T23:00:00+00:00|-1,90,2023-03-13 00:30:00.066000+00:00,2023-03-13 00:30:00.118000+00:00,True,134.486,134.496,-7.400000000001228,28.49999999999966,-64.30000000000007,False,False,4.596666666666667,0.5703125000000582,2.325026699893196,93.29999999999927,26242,133.525
2023H1|J_PULLBACK_CONTINUATION|2023-03-12T23:00:00+00:00|-1,120,2023-03-13 01:00:00.066000+00:00,2023-03-13 01:00:00.191000+00:00,True,134.377,134.386,3.6000000000001364,28.49999999999966,-64.30000000000007,False,False,4.253333333333333,0.12269938650312207,2.248579789981047,93.29999999999927,33945,133.525
2023H1|J_PULLBACK_CONTINUATION|2023-03-13T04:15:00+00:00|-1,15,2023-03-13 04:30:00.958000+00:00,2023-03-13 04:30:01.057000+00:00,True,133.929,133.936,10.599999999999454,13.700000000000045,-8.099999999998886,False,False,2.6,0.9423076923076819,0.9125000000000824,21.90000000000225,2199,133.681
2023H1|J_PULLBACK_CONTINUATION|2023-03-13T04:15:00+00:00|-1,30,2023-03-13 04:45:00.958000+00:00,2023-03-13 04:45:05.368000+00:00,True,133.896,133.907,13.49999999999909,14.000000000001478,-8.099999999998886,False,False,2.1966666666666668,0.010909090909040575,0.9137625516834108,22.100000000000364,4649,133.681
2023H1|J_PULLBACK_CONTINUATION|2023-03-13T04:15:00+00:00|-1,60,2023-03-13 05:15:00.958000+00:00,2023-03-13 05:15:01.093000+00:00,True,134.024,134.032,0.9999999999990905,15.999999999999659,-15.600000000000591,False,False,2.816666666666667,0.13440860215056305,1.29180135174841,31.399999999999295,9761,133.681
2023H1|J_PULLBACK_CONTINUATION|2023-03-13T04:15:00+00:00|-1,90,2023-03-13 05:45:00.958000+00:00,2023-03-13 05:45:02.805000+00:00,True,134.306,134.312,-27.000000000001023,15.999999999999659,-28.299999999998704,False,True,2.4633333333333334,0.23863636363635077,1.9299781181618776,44.10000000000025,14349,133.681
2023H1|J_PULLBACK_CONTINUATION|2023-03-13T04:15:00+00:00|-1,120,2023-03-13 06:15:00.958000+00:00,2023-03-13 06:15:01.205000+00:00,True,134.135,134.143,-10.099999999999909,15.999999999999659,-37.79999999999859,False,False,3.1866666666666665,0.29457364341086356,2.3882877148312835,53.600000000000136,19882,133.681
2023H1|J_PULLBACK_CONTINUATION|2023-03-13T08:45:00+00:00|-1,15,2023-03-13 09:00:00.041000+00:00,2023-03-13 09:00:00.156000+00:00,True,133.805,133.813,22.400000000001796,27.299999999999613,-5.400000000000205,True,False,5.426666666666667,0.2033898305084909,1.3084862385320943,32.59999999999934,5383,134.025
2023H1|J_PULLBACK_CONTINUATION|2023-03-13T08:45:00+00:00|-1,30,2023-03-13 09:15:00.041000+00:00,2023-03-13 09:15:00.074000+00:00,True,133.908,133.914,12.300000000001887,31.000000000000227,-5.400000000000205,True,False,6.923333333333333,0.9411764705882321,1.3333333333333681,36.40000000000043,11992,134.025
2023H1|J_PULLBACK_CONTINUATION|2023-03-13T08:45:00+00:00|-1,60,2023-03-13 09:45:00.041000+00:00,2023-03-13 09:45:00.226000+00:00,True,133.065,133.072,96.50000000000034,108.5000000000008,-5.400000000000205,True,False,9.493333333333334,0.15929203539823678,3.940202619224209,113.900000000001,26884,134.025
2023H1|J_PULLBACK_CONTINUATION|2023-03-13T08:45:00+00:00|-1,90,2023-03-13 10:15:00.041000+00:00,2023-03-13 10:15:00.060000+00:00,True,133.511,133.517,52.00000000000102,108.5000000000008,-5.400000000000205,True,False,6.326666666666667,0.18248175182475468,3.6207992733879113,113.900000000001,40909,134.025
2023H1|J_PULLBACK_CONTINUATION|2023-03-13T08:45:00+00:00|-1,120,2023-03-13 10:45:00.041000+00:00,2023-03-13 10:45:00.373000+00:00,True,133.435,133.443,59.39999999999941,108.5000000000008,-5.400000000000205,True,False,6.433333333333334,0.3073770491803981,3.4793803185686762,113.900000000001,52858,134.025
2023H1|J_PULLBACK_CONTINUATION|2023-03-13T14:15:00+00:00|-1,15,2023-03-13 14:30:00.097000+00:00,2023-03-13 14:30:00.098000+00:00,True,133.157,133.161,-36.60000000000139,1.099999999999568,-41.500000000002046,False,True,6.65,0.9493975903614121,1.1602964118564438,42.499999999998295,5828,132.282
2023H1|J_PULLBACK_CONTINUATION|2023-03-13T14:15:00+00:00|-1,30,2023-03-13 14:45:00.097000+00:00,2023-03-13 14:45:00.268000+00:00,True,132.757,132.762,3.299999999998704,4.399999999998272,-41.500000000002046,False,False,7.176666666666667,0.20512820512828733,1.282122905027949,45.90000000000032,11673,132.282
2023H1|J_PULLBACK_CONTINUATION|2023-03-13T14:15:00+00:00|-1,60,2023-03-13 15:15:00.097000+00:00,2023-03-13 15:15:00.156000+00:00,True,132.811,132.819,-2.400000000000091,15.999999999999659,-41.500000000002046,False,False,5.15,0.98461538461542,1.7074626865671836,57.20000000000027,21807,132.282
2023H1|J_PULLBACK_CONTINUATION|2023-03-13T14:15:00+00:00|-1,90,2023-03-13 15:45:00.097000+00:00,2023-03-13 15:45:00.200000+00:00,True,133.131,133.136,-34.10000000000082,15.999999999999659,-41.500000000002046,False,True,5.763333333333334,0.6791666666666865,1.7125748502994138,57.20000000000027,31534,132.282
2023H1|J_PULLBACK_CONTINUATION|2023-03-13T14:15:00+00:00|-1,120,2023-03-13 16:15:00.097000+00:00,2023-03-13 16:15:00.166000+00:00,True,133.347,133.349,-55.400000000000205,15.999999999999659,-55.800000000002115,False,True,5.386666666666667,0.924731182795648,2.2659142212189844,71.7000000000013,43425,132.282
2023H1|J_PULLBACK_CONTINUATION|2023-03-13T20:45:00+00:00|-1,15,2023-03-13 21:00:00.096000+00:00,2023-03-13 21:00:00.167000+00:00,True,133.171,133.212,3.100000000000591,4.4999999999987494,-9.200000000001296,True,False,1.79,0.2820512820511606,0.5949851253718441,9.999999999999432,1298,133.24
2023H1|J_PULLBACK_CONTINUATION|2023-03-13T20:45:00+00:00|-1,30,2023-03-13 21:15:00.096000+00:00,2023-03-13 21:15:06.387000+00:00,True,133.21,133.259,-1.5999999999991132,4.699999999999704,-18.39999999999975,True,True,0.13,0.6739130434785026,0.752548656163034,11.599999999998545,1376,133.24
2023H1|J_PULLBACK_CONTINUATION|2023-03-13T20:45:00+00:00|-1,60,2023-03-13 21:45:00.096000+00:00,2023-03-13 21:45:06.152000+00:00,True,133.232,133.245,-0.20000000000095497,4.699999999999704,-18.39999999999975,True,True,0.11,0.6206896551725152,0.8735879505109403,11.599999999998545,1547,133.24
2023H1|J_PULLBACK_CONTINUATION|2023-03-13T20:45:00+00:00|-1,90,2023-03-13 22:15:00.096000+00:00,2023-03-13 22:15:00.319000+00:00,True,133.19,133.21,3.299999999998704,6.100000000000705,-18.39999999999975,True,False,4.953333333333333,0.8936170212761454,1.0005955926144852,11.999999999997613,6588,133.24
2023H1|J_PULLBACK_CONTINUATION|2023-03-13T20:45:00+00:00|-1,120,2023-03-13 22:45:00.096000+00:00,2023-03-13 22:45:00.118000+00:00,True,133.171,133.179,6.399999999999295,11.599999999998545,-18.39999999999975,True,False,1.6066666666666667,0.2413793103449121,1.6342412451359796,14.999999999997726,13928,133.24
2023H1|J_PULLBACK_CONTINUATION|2023-03-15T14:45:00+00:00|-1,15,2023-03-15 15:00:00.134000+00:00,2023-03-15 15:00:00.221000+00:00,True,132.957,132.964,15.000000000000568,22.30000000000132,-6.799999999998363,False,False,5.216666666666667,0.3418803418803824,0.6990223463687174,28.600000000000136,5596,132.212
2023H1|J_PULLBACK_CONTINUATION|2023-03-15T14:45:00+00:00|-1,30,2023-03-15 15:15:00.134000+00:00,2023-03-15 15:15:00.389000+00:00,True,133.03,133.036,7.800000000000296,23.099999999999454,-6.799999999998363,False,False,5.2,0.7480620155037842,0.722454672245446,29.599999999999227,10898,132.212
2023H1|J_PULLBACK_CONTINUATION|2023-03-15T14:45:00+00:00|-1,60,2023-03-15 15:45:00.134000+00:00,2023-03-15 15:45:00.419000+00:00,True,133.235,133.241,-12.700000000000955,30.500000000000682,-12.999999999999545,False,True,4.766666666666667,0.9703557312252673,1.035714285714287,43.50000000000023,20343,132.212
2023H1|J_PULLBACK_CONTINUATION|2023-03-15T14:45:00+00:00|-1,90,2023-03-15 16:15:00.134000+00:00,2023-03-15 16:15:00.221000+00:00,True,132.708,132.715,39.90000000000009,50.200000000000955,-20.199999999999818,False,False,4.7,0.663551401869144,1.752808988764032,70.19999999999982,30912,132.212
2023H1|J_PULLBACK_CONTINUATION|2023-03-15T14:45:00+00:00|-1,120,2023-03-15 16:45:00.134000+00:00,2023-03-15 16:45:00.138000+00:00,True,132.745,132.749,36.50000000000091,70.50000000000125,-20.199999999999818,False,False,4.27,0.7258883248730899,2.4952681388012503,90.39999999999964,39274,132.212
2023H1|J_PULLBACK_CONTINUATION|2023-03-15T22:45:00+00:00|-1,15,2023-03-15 23:00:00.229000+00:00,2023-03-15 23:00:00.559000+00:00,True,133.34,133.349,-7.699999999999818,0.0,-8.200000000002206,False,True,1.6033333333333333,0.9812030075188135,0.7386934673367054,8.400000000000318,2722,133.217
2023H1|J_PULLBACK_CONTINUATION|2023-03-15T22:45:00+00:00|-1,30,2023-03-15 23:15:00.229000+00:00,2023-03-15 23:15:00.299000+00:00,True,133.112,133.119,15.299999999999159,15.399999999999636,-11.000000000001364,True,False,2.466666666666667,0.723163841807905,2.2420228777843523,26.599999999999113,5229,133.217
2023H1|J_PULLBACK_CONTINUATION|2023-03-15T22:45:00+00:00|-1,60,2023-03-15 23:45:00.229000+00:00,2023-03-15 23:45:00.244000+00:00,True,133.077,133.086,18.599999999997863,26.099999999999568,-11.000000000001364,True,False,2.38,0.5949367088607174,2.7035490605427954,37.000000000000455,9351,133.217
2023H1|J_PULLBACK_CONTINUATION|2023-03-15T22:45:00+00:00|-1,90,2023-03-16 00:15:00.229000+00:00,2023-03-16 00:15:00.372000+00:00,True,132.715,132.731,54.09999999999968,57.59999999999934,-11.000000000001364,True,False,3.66,0.8697674418603741,4.579876013352247,68.59999999999786,15327,133.217
2023H1|J_PULLBACK_CONTINUATION|2023-03-15T22:45:00+00:00|-1,120,2023-03-16 00:45:00.229000+00:00,2023-03-16 00:45:00.240000+00:00,True,132.665,132.675,59.699999999998,76.59999999999911,-11.000000000001364,True,False,3.7066666666666666,0.10526315789476193,4.177534994878732,87.39999999999952,21623,133.217
2023H1|J_PULLBACK_CONTINUATION|2023-03-16T06:00:00+00:00|-1,15,2023-03-16 06:15:00.097000+00:00,2023-03-16 06:15:00.755000+00:00,True,132.856,132.862,-13.899999999998158,0.8000000000009777,-17.399999999997817,False,False,3.816666666666667,0.33576642335760665,1.1666666666666665,17.900000000000205,2952,132.561
2023H1|J_PULLBACK_CONTINUATION|2023-03-16T06:00:00+00:00|-1,30,2023-03-16 06:30:00.097000+00:00,2023-03-16 06:30:00.256000+00:00,True,132.891,132.9,-17.69999999999925,0.8000000000009777,-22.399999999998954,False,True,3.1766666666666667,0.33070866141738453,1.4922861150068762,22.799999999998022,5394,132.561
2023H1|J_PULLBACK_CONTINUATION|2023-03-16T06:00:00+00:00|-1,60,2023-03-16 07:00:00.097000+00:00,2023-03-16 07:00:00.187000+00:00,True,132.81,132.822,-9.899999999998954,0.8000000000009777,-22.999999999998977,False,False,3.1666666666666665,0.007518796992517118,1.3478082752969232,23.499999999998522,10529,132.561
2023H1|J_PULLBACK_CONTINUATION|2023-03-16T06:00:00+00:00|-1,90,2023-03-16 07:30:00.097000+00:00,2023-03-16 07:30:00.294000+00:00,True,133.037,133.047,-32.399999999998386,0.8000000000009777,-46.999999999999886,False,True,5.25,0.46391752577309464,2.604778691735214,47.49999999999943,20675,132.561
2023H1|J_PULLBACK_CONTINUATION|2023-03-16T06:00:00+00:00|-1,120,2023-03-16 08:00:00.097000+00:00,2023-03-16 08:00:00.117000+00:00,True,133.116,133.125,-40.19999999999868,0.8000000000009777,-46.999999999999886,False,True,6.586666666666667,1.0,2.2285522788203846,47.49999999999943,30729,132.561
2023H1|J_PULLBACK_CONTINUATION|2023-03-16T11:00:00+00:00|-1,15,2023-03-16 11:15:00.100000+00:00,2023-03-16 11:15:00.218000+00:00,True,132.744,132.75,10.099999999999909,12.100000000000932,-2.1000000000015007,False,False,3.8133333333333335,0.26612903225797024,0.7376509330406416,14.400000000000546,3271,132.655
2023H1|J_PULLBACK_CONTINUATION|2023-03-16T11:00:00+00:00|-1,30,2023-03-16 11:30:00.100000+00:00,2023-03-16 11:30:00.147000+00:00,True,132.778,132.784,6.700000000000728,15.799999999998704,-2.1000000000015007,False,False,4.046666666666667,0.8455882352942113,1.0368248772504685,18.10000000000116,6641,132.655
2023H1|J_PULLBACK_CONTINUATION|2023-03-16T11:00:00+00:00|-1,60,2023-03-16 12:00:00.100000+00:00,2023-03-16 12:00:00.190000+00:00,True,132.6,132.605,24.600000000000932,24.500000000000455,-2.1000000000015007,True,False,3.3333333333333335,0.9417475728155287,1.6090552895081367,26.400000000001,13284,132.655
2023H1|J_PULLBACK_CONTINUATION|2023-03-16T11:00:00+00:00|-1,90,2023-03-16 12:30:00.100000+00:00,2023-03-16 12:30:00.173000+00:00,True,132.41,132.451,40.00000000000057,49.39999999999998,-2.1000000000015007,True,False,6.053333333333334,0.5891608391608669,2.791394544756101,51.900000000000546,22375,132.655
2023H1|J_PULLBACK_CONTINUATION|2023-03-16T11:00:00+00:00|-1,120,2023-03-16 13:00:00.100000+00:00,2023-03-16 13:00:00.149000+00:00,True,132.311,132.324,52.69999999999868,67.1999999999997,-2.1000000000015007,True,False,7.013333333333334,0.4499999999999953,3.4257425742574927,69.20000000000073,37437,132.655
2023H1|J_PULLBACK_CONTINUATION|2023-03-17T17:30:00+00:00|-1,15,2023-03-17 17:45:00.044000+00:00,2023-03-17 17:45:04.522000+00:00,True,132.118,132.121,9.099999999997976,11.899999999999977,-3.100000000000591,False,False,2.9166666666666665,0.4099999999999915,0.895762711864442,15.100000000001046,2588,131.929
2023H1|J_PULLBACK_CONTINUATION|2023-03-17T17:30:00+00:00|-1,30,2023-03-17 18:00:00.044000+00:00,2023-03-17 18:00:00.111000+00:00,True,132.082,132.086,12.599999999997635,18.500000000000227,-3.100000000000591,False,False,2.5633333333333335,0.9756097560975846,1.3194984868135555,21.79999999999893,4981,131.929
2023H1|J_PULLBACK_CONTINUATION|2023-03-17T17:30:00+00:00|-1,60,2023-03-17 18:30:00.044000+00:00,2023-03-17 18:30:00.091000+00:00,True,131.763,131.766,44.599999999999795,45.19999999999982,-3.100000000000591,True,False,3.16,0.7823129251701759,3.0322869955156575,48.30000000000041,11130,131.929
2023H1|J_PULLBACK_CONTINUATION|2023-03-17T17:30:00+00:00|-1,90,2023-03-17 19:00:00.044000+00:00,2023-03-17 19:00:00.069000+00:00,True,131.663,131.667,54.49999999999875,65.39999999999964,-3.100000000000591,True,False,5.986666666666666,0.916666666666716,4.273092369477761,68.39999999999975,17660,131.929
2023H1|J_PULLBACK_CONTINUATION|2023-03-17T17:30:00+00:00|-1,120,2023-03-17 19:30:00.044000+00:00,2023-03-17 19:30:00.095000+00:00,True,131.737,131.744,46.79999999999893,65.39999999999964,-3.100000000000591,True,False,3.35,0.09420289855075892,4.282647584973007,68.39999999999975,23210,131.929
2023H1|J_PULLBACK_CONTINUATION|2023-03-20T03:15:00+00:00|-1,15,2023-03-20 03:30:01.096000+00:00,2023-03-20 03:30:01.136000+00:00,True,131.972,131.982,17.900000000000205,22.800000000000864,-4.200000000000159,True,False,5.016666666666667,0.16923076923070868,1.6020806241872663,26.400000000001,3652,132.033
2023H1|J_PULLBACK_CONTINUATION|2023-03-20T03:15:00+00:00|-1,30,2023-03-20 03:45:01.096000+00:00,2023-03-20 03:45:01.464000+00:00,True,132.02,132.026,13.49999999999909,24.199999999999022,-4.200000000000159,True,False,2.3266666666666667,0.5054945054946873,1.6955017301037627,28.000000000000114,6188,132.033
2023H1|J_PULLBACK_CONTINUATION|2023-03-20T03:15:00+00:00|-1,60,2023-03-20 04:15:01.096000+00:00,2023-03-20 04:15:01.170000+00:00,True,131.953,131.963,19.80000000000075,24.399999999999977,-4.200000000000159,True,False,3.2,0.6410256410255974,1.7453906935909347,28.400000000002024,11000,132.033
2023H1|J_PULLBACK_CONTINUATION|2023-03-20T03:15:00+00:00|-1,90,2023-03-20 04:45:01.096000+00:00,2023-03-20 04:45:01.148000+00:00,True,131.883,131.893,26.800000000000068,35.90000000000089,-4.200000000000159,True,False,2.8866666666666667,0.5578231292516902,2.4811696942844157,40.00000000000057,16519,132.033
2023H1|J_PULLBACK_CONTINUATION|2023-03-20T03:15:00+00:00|-1,120,2023-03-20 05:15:01.096000+00:00,2023-03-20 05:15:01.264000+00:00,True,131.822,131.829,33.19999999999936,43.39999999999975,-4.200000000000159,True,False,2.7866666666666666,0.05434782608691624,3.097287184284416,47.30000000000132,21038,132.033
2023H1|J_PULLBACK_CONTINUATION|2023-03-20T11:15:00+00:00|-1,15,2023-03-20 11:30:00.258000+00:00,2023-03-20 11:30:00.350000+00:00,True,131.237,131.245,-8.29999999999984,12.399999999999523,-8.599999999998431,False,True,3.96,0.919093851132759,0.8329519450800896,20.79999999999984,3909,130.813
2023H1|J_PULLBACK_CONTINUATION|2023-03-20T11:15:00+00:00|-1,30,2023-03-20 11:45:00.258000+00:00,2023-03-20 11:45:00.297000+00:00,True,131.005,131.011,15.100000000001046,17.69999999999925,-13.49999999999909,False,False,4.053333333333334,0.2113402061855323,1.2836795252225397,30.89999999999975,7833,130.813
2023H1|J_PULLBACK_CONTINUATION|2023-03-20T11:15:00+00:00|-1,60,2023-03-20 12:15:00.258000+00:00,2023-03-20 12:15:00.342000+00:00,True,131.119,131.128,3.4000000000020236,25.7000000000005,-13.49999999999909,False,False,4.543333333333333,0.3933649289099743,1.7080610021787586,39.20000000000243,16306,130.813
2023H1|J_PULLBACK_CONTINUATION|2023-03-20T11:15:00+00:00|-1,90,2023-03-20 12:45:00.258000+00:00,2023-03-20 12:45:00.317000+00:00,True,131.479,131.49,-32.800000000000296,25.7000000000005,-35.09999999999991,False,True,5.723333333333334,0.39912280701756464,2.651944012441739,60.90000000000089,27246,130.813
2023H1|J_PULLBACK_CONTINUATION|2023-03-20T11:15:00+00:00|-1,120,2023-03-20 13:15:00.258000+00:00,2023-03-20 13:15:00.316000+00:00,True,131.344,131.35,-18.799999999998818,25.7000000000005,-46.699999999998454,False,True,5.163333333333333,0.6449704142011934,3.121650754542746,72.4000000000018,37747,130.813
2023H1|J_PULLBACK_CONTINUATION|2023-03-20T16:15:00+00:00|-1,15,2023-03-20 16:30:00.112000+00:00,2023-03-20 16:30:00.135000+00:00,True,131.472,131.478,-7.500000000001705,0.6000000000000227,-14.19999999999959,False,False,4.296666666666667,0.55,0.7621483375959062,14.900000000000091,3828,131.359
2023H1|J_PULLBACK_CONTINUATION|2023-03-20T16:15:00+00:00|-1,30,2023-03-20 16:45:00.112000+00:00,2023-03-20 16:45:00.163000+00:00,True,131.518,131.524,-12.100000000000932,0.6000000000000227,-18.600000000000705,False,True,3.1366666666666667,0.1807228915662754,0.9780541331382686,19.10000000000025,6899,131.359
2023H1|J_PULLBACK_CONTINUATION|2023-03-20T16:15:00+00:00|-1,60,2023-03-20 17:15:00.112000+00:00,2023-03-20 17:15:00.600000+00:00,True,131.632,131.639,-23.60000000000184,0.6000000000000227,-26.000000000001933,False,True,2.723333333333333,0.5294117647060228,1.5161422149571555,26.500000000001478,11944,131.359
2023H1|J_PULLBACK_CONTINUATION|2023-03-20T16:15:00+00:00|-1,90,2023-03-20 17:45:00.112000+00:00,2023-03-20 17:45:00.424000+00:00,True,131.642,131.649,-24.600000000000932,0.6000000000000227,-34.40000000000225,False,True,2.0,0.44210526315791676,2.2272727272728545,35.000000000002274,16438,131.359
2023H1|J_PULLBACK_CONTINUATION|2023-03-20T16:15:00+00:00|-1,120,2023-03-20 18:15:00.112000+00:00,2023-03-20 18:15:00.456000+00:00,True,131.538,131.544,-14.100000000001955,0.6000000000000227,-34.40000000000225,False,False,1.9466666666666668,0.9560439560440624,2.314596126594367,35.000000000002274,20907,131.359
2023H1|J_PULLBACK_CONTINUATION|2023-03-20T22:45:00+00:00|-1,15,2023-03-20 23:00:01.264000+00:00,2023-03-20 23:00:01.537000+00:00,True,131.407,131.418,-2.800000000002001,0.09999999999763531,-3.2000000000010687,False,True,0.5733333333333334,0.4642857142855451,0.4516129032259,3.100000000000591,556,131.195
2023H1|J_PULLBACK_CONTINUATION|2023-03-20T22:45:00+00:00|-1,30,2023-03-20 23:15:01.264000+00:00,2023-03-20 23:15:04.554000+00:00,True,131.4,131.409,-1.9000000000005457,2.5999999999982037,-5.900000000002592,False,True,0.79,0.8717948717946289,1.2418162618797004,8.400000000000318,1573,131.195
2023H1|J_PULLBACK_CONTINUATION|2023-03-20T22:45:00+00:00|-1,60,2023-03-20 23:45:01.264000+00:00,2023-03-20 23:45:02.528000+00:00,True,131.346,131.353,3.6999999999977717,10.799999999997567,-5.900000000002592,False,False,2.19,0.11111111111132166,2.3448275862067556,16.99999999999875,4054,131.195
2023H1|J_PULLBACK_CONTINUATION|2023-03-20T22:45:00+00:00|-1,90,2023-03-21 00:15:01.264000+00:00,2023-03-21 00:15:04.629000+00:00,True,131.341,131.35,3.999999999999204,10.799999999997567,-5.900000000002592,False,False,1.5333333333333334,0.4676258992805733,1.9302514193023657,16.99999999999875,6706,131.195
2023H1|J_PULLBACK_CONTINUATION|2023-03-20T22:45:00+00:00|-1,120,2023-03-21 00:45:01.264000+00:00,2023-03-21 00:45:04.120000+00:00,True,131.27,131.282,10.799999999997567,21.4999999999975,-22.30000000000132,True,False,1.9733333333333334,0.6515837104072537,3.774213448488602,43.70000000000118,11468,131.195
2023H1|J_PULLBACK_CONTINUATION|2023-03-21T03:30:00+00:00|-1,15,2023-03-21 03:45:02.127000+00:00,2023-03-21 03:45:03.602000+00:00,True,131.228,131.233,2.2999999999996135,7.30000000000075,-0.7000000000005002,False,False,0.6033333333333334,0.23943661971825914,0.6823104693139713,8.099999999998886,650,131.071
2023H1|J_PULLBACK_CONTINUATION|2023-03-21T03:30:00+00:00|-1,30,2023-03-21 04:00:02.127000+00:00,2023-03-21 04:00:02.472000+00:00,True,131.208,131.216,3.999999999999204,9.000000000000341,-0.7000000000005002,False,False,1.06,0.026490066225290265,0.9059372915277494,9.700000000000841,1491,131.071
2023H1|J_PULLBACK_CONTINUATION|2023-03-21T03:30:00+00:00|-1,60,2023-03-21 04:30:02.127000+00:00,2023-03-21 04:30:02.237000+00:00,True,131.361,131.369,-11.299999999999955,9.000000000000341,-16.399999999998727,False,True,1.55,0.9492753623188063,2.667168674698883,25.300000000001432,4131,131.071
2023H1|J_PULLBACK_CONTINUATION|2023-03-21T03:30:00+00:00|-1,90,2023-03-21 05:00:02.127000+00:00,2023-03-21 05:00:03.645000+00:00,True,131.255,131.266,-0.9999999999990905,9.000000000000341,-16.399999999998727,False,False,0.44333333333333336,0.8736842105263095,2.9789739276704266,25.300000000001432,5994,131.071
2023H1|J_PULLBACK_CONTINUATION|2023-03-21T03:30:00+00:00|-1,120,2023-03-21 05:30:02.127000+00:00,2023-03-21 05:30:02.660000+00:00,True,131.299,131.308,-5.19999999999925,9.000000000000341,-16.399999999998727,False,True,0.9266666666666666,0.9491525423726609,2.9296939619521156,25.300000000001432,8071,131.071
2023H1|J_PULLBACK_CONTINUATION|2023-03-22T23:15:00+00:00|-1,15,2023-03-22 23:30:00.162000+00:00,2023-03-22 23:30:01.883000+00:00,True,131.26,131.272,6.800000000001205,17.00000000000159,-0.9999999999990905,True,False,1.02,0.648275862068879,1.533659730722158,17.900000000000205,1706,131.262
2023H1|J_PULLBACK_CONTINUATION|2023-03-22T23:15:00+00:00|-1,30,2023-03-22 23:45:00.162000+00:00,2023-03-22 23:45:00.705000+00:00,True,131.184,131.192,14.799999999999613,19.499999999999318,-0.9999999999990905,True,False,1.2733333333333334,0.7600000000000455,1.8439897698211014,20.600000000001728,2968,131.262
2023H1|J_PULLBACK_CONTINUATION|2023-03-22T23:15:00+00:00|-1,60,2023-03-23 00:15:00.162000+00:00,2023-03-23 00:15:01.441000+00:00,True,131.237,131.244,9.600000000000364,24.899999999999523,-0.9999999999990905,True,False,2.4,0.8186274509803689,2.1473936488915393,25.600000000000023,6952,131.262
2023H1|J_PULLBACK_CONTINUATION|2023-03-22T23:15:00+00:00|-1,90,2023-03-23 00:45:00.162000+00:00,2023-03-23 00:45:01.189000+00:00,True,131.093,131.105,23.500000000001364,35.90000000000089,-0.9999999999990905,True,False,3.6033333333333335,0.8361111111111242,2.510721247563258,36.7999999999995,12310,131.262
2023H1|J_PULLBACK_CONTINUATION|2023-03-22T23:15:00+00:00|-1,120,2023-03-23 01:15:00.162000+00:00,2023-03-23 01:15:00.218000+00:00,True,130.801,130.81,53.000000000000114,56.99999999999932,-0.9999999999990905,True,False,3.776666666666667,0.3797468354430835,3.6024844720496914,58.00000000000125,19703,131.262
2023H1|J_PULLBACK_CONTINUATION|2023-03-23T05:00:00+00:00|-1,15,2023-03-23 05:15:00.476000+00:00,2023-03-23 05:15:00.624000+00:00,True,130.63,130.636,9.300000000001774,10.200000000000387,-3.1999999999982265,False,False,3.526666666666667,0.3483146067413254,0.9862288135592254,13.299999999998136,2707,130.416
2023H1|J_PULLBACK_CONTINUATION|2023-03-23T05:00:00+00:00|-1,30,2023-03-23 05:30:00.476000+00:00,2023-03-23 05:30:02.194000+00:00,True,130.677,130.68,4.900000000000659,10.200000000000387,-3.1999999999982265,False,False,2.92,0.23943661971825914,0.9867514573395986,13.299999999998136,4925,130.416
2023H1|J_PULLBACK_CONTINUATION|2023-03-23T05:00:00+00:00|-1,60,2023-03-23 06:00:00.476000+00:00,2023-03-23 06:00:00.673000+00:00,True,130.78,130.789,-5.999999999997385,10.200000000000387,-10.599999999999454,False,True,2.55,0.9403973509934734,1.5690968443960758,20.599999999998886,9054,130.416
2023H1|J_PULLBACK_CONTINUATION|2023-03-23T05:00:00+00:00|-1,90,2023-03-23 06:30:00.476000+00:00,2023-03-23 06:30:00.549000+00:00,True,130.695,130.705,2.400000000000091,10.200000000000387,-10.599999999999454,False,False,3.716666666666667,0.6875000000000278,1.5889807162534841,20.599999999998886,14337,130.416
2023H1|J_PULLBACK_CONTINUATION|2023-03-23T05:00:00+00:00|-1,120,2023-03-23 07:00:00.476000+00:00,2023-03-23 07:00:00.481000+00:00,True,130.816,130.822,-9.299999999998931,10.200000000000387,-10.599999999999454,False,True,3.1433333333333335,0.3451327433627206,1.6461187214612227,20.599999999998886,19604,130.416
2023H1|J_PULLBACK_CONTINUATION|2023-03-23T12:15:00+00:00|-1,15,2023-03-23 12:30:00.080000+00:00,2023-03-23 12:30:00.104000+00:00,True,131.219,131.251,-10.599999999999454,3.700000000000614,-11.099999999999,True,True,3.4833333333333334,0.06140350877191292,0.8700906344411286,14.400000000000546,3726,131.121
2023H1|J_PULLBACK_CONTINUATION|2023-03-23T12:15:00+00:00|-1,30,2023-03-23 12:45:00.080000+00:00,2023-03-23 12:45:00.152000+00:00,True,131.63,131.638,-49.2999999999995,3.700000000000614,-52.29999999999961,True,True,5.6433333333333335,0.8357487922705659,3.2473029045643433,55.89999999999975,8334,131.121
2023H1|J_PULLBACK_CONTINUATION|2023-03-23T12:15:00+00:00|-1,60,2023-03-23 13:15:00.080000+00:00,2023-03-23 13:15:00.208000+00:00,True,131.32,131.325,-17.99999999999784,3.700000000000614,-52.29999999999961,True,True,3.953333333333333,0.6954545454546399,3.2649144764288667,55.89999999999975,15770,131.121
2023H1|J_PULLBACK_CONTINUATION|2023-03-23T12:15:00+00:00|-1,90,2023-03-23 13:45:00.080000+00:00,2023-03-23 13:45:00.263000+00:00,True,131.256,131.263,-11.7999999999995,3.700000000000614,-52.29999999999961,True,True,5.286666666666667,0.896774193548445,3.1142061281337194,55.89999999999975,23690,131.121
2023H1|J_PULLBACK_CONTINUATION|2023-03-23T12:15:00+00:00|-1,120,2023-03-23 14:15:00.080000+00:00,2023-03-23 14:15:00.091000+00:00,True,131.293,131.302,-15.699999999998226,9.000000000000341,-52.29999999999961,True,True,2.71,0.9288702928870477,3.0764811490126074,61.19999999999948,30904,131.121
2023H1|J_PULLBACK_CONTINUATION|2023-03-23T17:45:00+00:00|-1,15,2023-03-23 18:00:00.055000+00:00,2023-03-23 18:00:00.129000+00:00,True,130.857,130.862,4.599999999999227,6.299999999998818,-3.2000000000010687,False,False,3.0166666666666666,0.746666666666745,0.629436819687632,9.499999999999886,2745,130.649
2023H1|J_PULLBACK_CONTINUATION|2023-03-23T17:45:00+00:00|-1,30,2023-03-23 18:15:00.055000+00:00,2023-03-23 18:15:00.287000+00:00,True,130.772,130.779,12.899999999999068,16.699999999997317,-3.2000000000010687,False,False,2.5,0.9259259259259883,1.3480982185844028,19.999999999998863,4990,130.649
2023H1|J_PULLBACK_CONTINUATION|2023-03-23T17:45:00+00:00|-1,60,2023-03-23 18:45:00.055000+00:00,2023-03-23 18:45:00.329000+00:00,True,130.521,130.529,37.89999999999907,37.89999999999907,-3.2000000000010687,True,False,3.6566666666666667,0.27927927927919394,2.6329690346084167,41.30000000000109,10063,130.649
2023H1|J_PULLBACK_CONTINUATION|2023-03-23T17:45:00+00:00|-1,90,2023-03-23 19:15:00.055000+00:00,2023-03-23 19:15:00.064000+00:00,True,130.428,130.439,46.89999999999941,56.19999999999834,-13.900000000001,True,False,7.1466666666666665,0.3192488262911456,3.507526881720466,69.90000000000123,21058,130.649
2023H1|J_PULLBACK_CONTINUATION|2023-03-23T17:45:00+00:00|-1,120,2023-03-23 19:45:00.055000+00:00,2023-03-23 19:45:00.210000+00:00,True,130.535,130.541,36.69999999999902,58.19999999999936,-13.900000000001,True,False,5.613333333333333,0.7709923664122055,3.622166246851286,71.89999999999941,31272,130.649
2023H1|J_PULLBACK_CONTINUATION|2023-03-23T23:15:00+00:00|-1,15,2023-03-23 23:30:04.515000+00:00,2023-03-23 23:30:04.566000+00:00,True,130.738,130.752,0.0,1.9000000000005457,-3.099999999997749,False,False,0.7,0.4832214765100825,0.48787878787898886,4.600000000002069,676,130.643
2023H1|J_PULLBACK_CONTINUATION|2023-03-23T23:15:00+00:00|-1,30,2023-03-23 23:45:04.515000+00:00,2023-03-23 23:45:04.665000+00:00,True,130.744,130.755,-0.2999999999985903,6.200000000001182,-8.400000000000318,False,False,1.5766666666666667,0.02343749999989242,1.5555555555555225,14.900000000000091,2191,130.643
2023H1|J_PULLBACK_CONTINUATION|2023-03-23T23:15:00+00:00|-1,60,2023-03-24 00:15:04.515000+00:00,2023-03-24 00:15:07.436000+00:00,True,130.827,130.831,-7.899999999997931,6.200000000001182,-19.499999999999318,False,True,2.236666666666667,0.6018957345971117,2.645348837209255,25.99999999999909,5985,130.643
2023H1|J_PULLBACK_CONTINUATION|2023-03-23T23:15:00+00:00|-1,90,2023-03-24 00:45:04.515000+00:00,2023-03-24 00:45:04.581000+00:00,True,130.684,130.694,5.800000000002115,11.100000000001842,-19.499999999999318,True,False,2.54,1.0,2.715097915350496,30.699999999998795,11165,130.643
2023H1|J_PULLBACK_CONTINUATION|2023-03-23T23:15:00+00:00|-1,120,2023-03-24 01:15:04.515000+00:00,2023-03-24 01:15:04.603000+00:00,True,130.277,130.287,46.50000000000034,49.60000000000093,-19.499999999999318,True,False,5.006666666666667,0.10958904109589751,5.069473684210499,68.79999999999882,18568,130.643
2023H1|J_PULLBACK_CONTINUATION|2023-03-24T03:45:00+00:00|-1,15,2023-03-24 04:00:00.887000+00:00,2023-03-24 04:00:01.002000+00:00,True,130.336,130.341,9.299999999998931,17.900000000000205,-3.3999999999991815,True,False,2.92,0.8461538461537621,1.3375394321767873,21.20000000000175,2525,130.373
2023H1|J_PULLBACK_CONTINUATION|2023-03-24T03:45:00+00:00|-1,30,2023-03-24 04:15:00.887000+00:00,2023-03-24 04:15:00.907000+00:00,True,130.33,130.339,9.499999999999886,17.900000000000205,-3.3999999999991815,True,False,2.316666666666667,0.19811320754705342,1.4019839395372218,21.20000000000175,4939,130.373
2023H1|J_PULLBACK_CONTINUATION|2023-03-24T03:45:00+00:00|-1,60,2023-03-24 04:45:00.887000+00:00,2023-03-24 04:45:00.941000+00:00,True,130.329,130.335,9.899999999998954,17.900000000000205,-3.3999999999991815,True,False,2.0366666666666666,0.8923076923077209,1.5197132616489128,21.20000000000175,9847,130.373
2023H1|J_PULLBACK_CONTINUATION|2023-03-24T03:45:00+00:00|-1,90,2023-03-24 05:15:00.887000+00:00,2023-03-24 05:15:00.929000+00:00,True,130.112,130.122,31.19999999999834,37.299999999999045,-3.3999999999991815,True,False,3.566666666666667,0.03333333333326227,3.123903508772137,40.70000000000107,16511,130.373
2023H1|J_PULLBACK_CONTINUATION|2023-03-24T03:45:00+00:00|-1,120,2023-03-24 05:45:00.887000+00:00,2023-03-24 05:45:00.977000+00:00,True,130.199,130.208,22.59999999999991,37.299999999999045,-3.3999999999991815,True,False,1.81,0.5822784810126082,3.183240223463886,40.70000000000107,21115,130.373
2023H1|J_PULLBACK_CONTINUATION|2023-03-24T08:15:00+00:00|-1,15,2023-03-24 08:30:00.058000+00:00,2023-03-24 08:30:00.111000+00:00,True,130.226,130.23,-20.39999999999793,8.70000000000175,-22.999999999998977,True,False,5.33,0.8289855072463835,1.8483965014578259,31.700000000000728,5647,129.989
2023H1|J_PULLBACK_CONTINUATION|2023-03-24T08:15:00+00:00|-1,30,2023-03-24 08:45:00.058000+00:00,2023-03-24 08:45:00.086000+00:00,True,129.981,129.99,3.6000000000001364,9.400000000002251,-25.29999999999859,True,False,7.53,0.35294117647059575,1.930455635491637,34.499999999999886,11719,129.989
2023H1|J_PULLBACK_CONTINUATION|2023-03-24T08:15:00+00:00|-1,60,2023-03-24 09:15:00.058000+00:00,2023-03-24 09:15:00.618000+00:00,True,130.102,130.11,-8.400000000000318,9.400000000002251,-25.29999999999859,True,False,4.76,0.7178571428572179,1.723768736616719,34.499999999999886,21873,129.989
2023H1|J_PULLBACK_CONTINUATION|2023-03-24T08:15:00+00:00|-1,90,2023-03-24 09:45:00.058000+00:00,2023-03-24 09:45:00.147000+00:00,True,129.739,129.745,28.10000000000059,34.499999999999886,-25.29999999999859,True,False,5.963333333333333,0.5348837209303171,2.8103390399464203,59.80000000000132,31093,129.989
2023H1|J_PULLBACK_CONTINUATION|2023-03-24T08:15:00+00:00|-1,120,2023-03-24 10:15:00.058000+00:00,2023-03-24 10:15:00.065000+00:00,True,129.674,129.682,34.40000000000225,38.30000000000098,-25.29999999999859,True,False,6.52,0.2893890675241202,2.804444444444491,63.10000000000002,42106,129.989
2023H1|J_PULLBACK_CONTINUATION|2023-03-28T19:15:00+00:00|-1,15,2023-03-28 19:30:21.059000+00:00,2023-03-28 19:30:23.368000+00:00,True,130.749,130.753,2.400000000000091,2.9999999999972715,-1.700000000002433,False,False,0.6766666666666666,0.7924528301882138,0.5807590467784519,4.699999999999704,594,130.568
2023H1|J_PULLBACK_CONTINUATION|2023-03-28T19:15:00+00:00|-1,30,2023-03-28 19:45:21.059000+00:00,2023-03-28 19:45:21.205000+00:00,True,130.726,130.732,4.4999999999987494,5.89999999999975,-1.700000000002433,False,False,0.6266666666666667,0.04511278195488566,0.8837209302328479,7.600000000002183,1233,130.568
2023H1|J_PULLBACK_CONTINUATION|2023-03-28T19:15:00+00:00|-1,60,2023-03-28 20:15:21.059000+00:00,2023-03-28 20:15:21.135000+00:00,True,130.819,130.825,-4.800000000000182,9.999999999999432,-8.200000000002206,False,True,0.23,0.18749999999958367,2.135201978565677,18.500000000000227,3087,130.568
2023H1|J_PULLBACK_CONTINUATION|2023-03-28T19:15:00+00:00|-1,90,2023-03-28 20:45:21.059000+00:00,2023-03-28 20:45:26.756000+00:00,True,130.889,130.893,-11.600000000001387,9.999999999999432,-11.899999999999977,False,True,0.39666666666666667,0.976923076922966,2.7283950617285417,22.100000000000364,3621,130.568
2023H1|J_PULLBACK_CONTINUATION|2023-03-28T19:15:00+00:00|-1,120,2023-03-28 21:15:21.059000+00:00,2023-03-28 21:15:33.029000+00:00,True,130.886,130.948,-17.10000000000207,9.999999999999432,-19.300000000001205,False,True,0.4666666666666667,0.38461538461560885,3.9396984924623095,28.000000000000114,5032,130.568
2023H1|J_PULLBACK_CONTINUATION|2023-04-03T20:15:00+00:00|-1,15,2023-04-03 20:30:00.172000+00:00,2023-04-03 20:30:00.319000+00:00,True,132.387,132.391,-1.6999999999995907,0.0,-3.0000000000001137,False,False,0.31,0.3968253968255615,0.36416184971080096,2.6999999999986812,319,132.277
2023H1|J_PULLBACK_CONTINUATION|2023-04-03T20:15:00+00:00|-1,30,2023-04-03 20:45:00.172000+00:00,2023-04-03 20:45:00.212000+00:00,True,132.408,132.414,-3.999999999999204,0.0,-6.700000000000728,False,False,0.67,1.0,0.8582375478926165,6.399999999999295,743,132.277
2023H1|J_PULLBACK_CONTINUATION|2023-04-03T20:15:00+00:00|-1,60,2023-04-03 21:15:00.172000+00:00,2023-04-03 21:15:00.261000+00:00,True,132.412,132.449,-7.500000000001705,0.0,-17.500000000001137,False,True,3.39,0.0,1.238521836505873,7.899999999997931,3421,132.277
2023H1|J_PULLBACK_CONTINUATION|2023-04-03T20:15:00+00:00|-1,90,2023-04-03 21:45:00.172000+00:00,2023-04-03 21:45:20.520000+00:00,True,132.417,132.448,-7.400000000001228,0.0,-17.500000000001137,False,True,0.13,1.0,1.5171467764057285,7.899999999997931,6316,132.277
2023H1|J_PULLBACK_CONTINUATION|2023-04-03T20:15:00+00:00|-1,120,2023-04-03 22:15:00.172000+00:00,2023-04-03 22:15:00.208000+00:00,True,132.332,132.345,2.899999999999636,3.299999999998704,-17.500000000001137,False,False,2.703333333333333,0.0,2.100929614873948,11.299999999999955,10055,132.277
2023H1|J_PULLBACK_CONTINUATION|2023-04-04T21:00:00+00:00|-1,15,2023-04-04 21:15:00.019000+00:00,2023-04-04 21:15:00.084000+00:00,True,131.694,131.727,-4.099999999999682,-2.899999999999636,-4.4999999999987494,False,False,6.403333333333333,0.7857142857134156,0.2869692532939035,1.3999999999981583,3776,131.582
2023H1|J_PULLBACK_CONTINUATION|2023-04-04T21:00:00+00:00|-1,30,2023-04-04 21:30:00.019000+00:00,2023-04-04 21:30:00.292000+00:00,True,131.695,131.724,-3.7999999999982492,-2.5000000000005684,-4.4999999999987494,False,False,1.6366666666666667,0.23076923076805356,0.48049921996859535,2.199999999999136,4743,131.582
2023H1|J_PULLBACK_CONTINUATION|2023-04-04T21:00:00+00:00|-1,60,2023-04-04 22:00:00.019000+00:00,2023-04-04 22:00:00.113000+00:00,True,131.717,131.753,-6.699999999997885,-2.5000000000005684,-7.299999999997908,False,True,1.12,0.7575757575757924,0.8602150537632184,3.999999999999204,5490,131.582
2023H1|J_PULLBACK_CONTINUATION|2023-04-04T21:00:00+00:00|-1,90,2023-04-04 22:30:00.019000+00:00,2023-04-04 22:30:00.055000+00:00,True,131.655,131.664,2.200000000001978,4.600000000002069,-7.299999999997908,False,False,0.41,0.6666666666666667,2.074850299401378,9.900000000001796,6805,131.582
2023H1|J_PULLBACK_CONTINUATION|2023-04-04T21:00:00+00:00|-1,120,2023-04-04 23:00:00.019000+00:00,2023-04-04 23:00:00.107000+00:00,True,131.682,131.691,-0.49999999999954525,4.600000000002069,-7.299999999997908,False,False,0.42,0.9672131147539456,2.1421947449769507,9.900000000001796,8370,131.582
2023H1|J_PULLBACK_CONTINUATION|2023-04-05T05:45:00+00:00|-1,15,2023-04-05 06:00:00.113000+00:00,2023-04-05 06:00:00.161000+00:00,True,131.532,131.538,8.799999999999386,11.400000000000432,-1.4999999999986358,True,False,2.3466666666666667,0.49285714285721105,1.5196581196581396,12.700000000000955,1893,131.621
2023H1|J_PULLBACK_CONTINUATION|2023-04-05T05:45:00+00:00|-1,30,2023-04-05 06:15:00.113000+00:00,2023-04-05 06:15:00.122000+00:00,True,131.557,131.564,6.200000000001182,13.400000000001455,-1.4999999999986358,True,False,3.4133333333333336,0.3952095808383346,1.621749408983554,14.700000000001978,4897,131.621
2023H1|J_PULLBACK_CONTINUATION|2023-04-05T05:45:00+00:00|-1,60,2023-04-05 06:45:00.113000+00:00,2023-04-05 06:45:00.128000+00:00,True,131.545,131.552,7.400000000001228,20.400000000000773,-1.4999999999986358,True,False,2.8,0.6216216216215333,2.2829486224871256,21.90000000000225,10285,131.621
2023H1|J_PULLBACK_CONTINUATION|2023-04-05T05:45:00+00:00|-1,90,2023-04-05 07:15:00.113000+00:00,2023-04-05 07:15:00.147000+00:00,True,131.41,131.418,20.79999999999984,25.600000000000023,-1.4999999999986358,True,False,4.46,0.5967741935483106,2.4043092522180394,27.1000000000015,16521,131.621
2023H1|J_PULLBACK_CONTINUATION|2023-04-05T05:45:00+00:00|-1,120,2023-04-05 07:45:00.113000+00:00,2023-04-05 07:45:00.209000+00:00,True,131.523,131.528,9.800000000001319,25.600000000000023,-1.4999999999986358,True,False,3.9,0.6133333333332947,2.189267166762883,27.1000000000015,22901,131.621
2023H1|J_PULLBACK_CONTINUATION|2023-04-05T11:30:00+00:00|-1,15,2023-04-05 11:45:00.053000+00:00,2023-04-05 11:45:00.066000+00:00,True,131.465,131.471,9.299999999998931,9.799999999998477,-4.300000000000637,True,False,3.546666666666667,0.572916666666716,1.1038003403288705,13.899999999998158,2638,131.558
2023H1|J_PULLBACK_CONTINUATION|2023-04-05T11:30:00+00:00|-1,30,2023-04-05 12:00:00.053000+00:00,2023-04-05 12:00:00.228000+00:00,True,131.474,131.481,8.29999999999984,12.399999999999523,-4.300000000000637,True,False,3.25,0.2689075630253004,1.3375286041190566,16.70000000000016,5124,131.558
2023H1|J_PULLBACK_CONTINUATION|2023-04-05T11:30:00+00:00|-1,60,2023-04-05 12:30:00.053000+00:00,2023-04-05 12:30:00.204000+00:00,True,131.124,131.133,43.09999999999832,57.89999999999793,-4.300000000000637,True,False,4.283333333333333,0.12720848056536893,4.115694642010499,62.000000000000455,14168,131.558
2023H1|J_PULLBACK_CONTINUATION|2023-04-05T11:30:00+00:00|-1,90,2023-04-05 13:00:00.053000+00:00,2023-04-05 13:00:00.089000+00:00,True,131.017,131.024,53.999999999999204,64.19999999999959,-4.300000000000637,True,False,4.086666666666667,0.46086956521744504,4.2503328894807035,68.39999999999975,22229,131.558
2023H1|J_PULLBACK_CONTINUATION|2023-04-05T11:30:00+00:00|-1,120,2023-04-05 13:30:00.053000+00:00,2023-04-05 13:30:00.200000+00:00,True,131.158,131.164,40.00000000000057,64.19999999999959,-4.300000000000637,True,False,3.3966666666666665,0.6212121212120494,4.005018820577117,68.39999999999975,28665,131.558
2023H1|J_PULLBACK_CONTINUATION|2023-04-05T16:30:00+00:00|-1,15,2023-04-05 16:45:00.143000+00:00,2023-04-05 16:45:02.932000+00:00,True,131.15,131.155,-6.000000000000227,2.899999999999636,-7.599999999999341,False,True,1.8866666666666667,0.5714285714286129,0.5437405731522362,10.299999999998022,1893,130.815
2023H1|J_PULLBACK_CONTINUATION|2023-04-05T16:30:00+00:00|-1,30,2023-04-05 17:00:00.143000+00:00,2023-04-05 17:00:00.188000+00:00,True,131.185,131.19,-9.499999999999886,2.899999999999636,-15.200000000001523,False,True,1.81,0.12000000000016675,0.9657032755298766,17.900000000000205,3702,130.815
2023H1|J_PULLBACK_CONTINUATION|2023-04-05T16:30:00+00:00|-1,60,2023-04-05 17:30:00.143000+00:00,2023-04-05 17:30:00.265000+00:00,True,131.177,131.182,-8.699999999998909,2.899999999999636,-15.700000000001069,False,True,1.4266666666666667,0.34545454545460186,1.3118387909320306,18.600000000000705,6666,130.815
2023H1|J_PULLBACK_CONTINUATION|2023-04-05T16:30:00+00:00|-1,90,2023-04-05 18:00:00.143000+00:00,2023-04-05 18:00:00.244000+00:00,True,131.088,131.094,0.10000000000047748,2.899999999999636,-15.700000000001069,False,False,1.28,0.21428571428594634,1.5602156980228168,18.600000000000705,9220,130.815
2023H1|J_PULLBACK_CONTINUATION|2023-04-05T16:30:00+00:00|-1,120,2023-04-05 18:30:00.143000+00:00,2023-04-05 18:30:00.216000+00:00,True,131.113,131.117,-2.199999999999136,2.899999999999636,-15.700000000001069,False,False,1.07,0.5714285714284426,1.9652830188679737,18.600000000000705,11408,130.815
2023H1|J_PULLBACK_CONTINUATION|2023-04-05T22:00:00+00:00|-1,15,2023-04-05 22:15:00.152000+00:00,2023-04-05 22:15:00.201000+00:00,True,131.199,131.215,2.400000000000091,4.900000000000659,-4.200000000000159,True,False,1.4733333333333334,0.22580645161302149,1.280402010049997,9.099999999997976,1262,131.239
2023H1|J_PULLBACK_CONTINUATION|2023-04-05T22:00:00+00:00|-1,30,2023-04-05 22:30:00.152000+00:00,2023-04-05 22:30:00.154000+00:00,True,131.236,131.248,-0.899999999998613,4.900000000000659,-4.200000000000159,True,True,1.4366666666666668,0.9345794392522893,1.2714570858280847,9.099999999997976,2386,131.239
2023H1|J_PULLBACK_CONTINUATION|2023-04-05T22:00:00+00:00|-1,60,2023-04-05 23:00:00.152000+00:00,2023-04-05 23:00:00.201000+00:00,True,131.11,131.12,11.899999999999977,12.999999999999545,-4.200000000000159,True,False,1.77,0.7789473684210416,2.0318584070794454,16.399999999998727,4835,131.239
2023H1|J_PULLBACK_CONTINUATION|2023-04-05T22:00:00+00:00|-1,90,2023-04-05 23:30:00.152000+00:00,2023-04-05 23:30:00.284000+00:00,True,130.882,130.891,34.80000000000132,38.59999999999957,-4.200000000000159,True,False,1.35,0.9021739130436126,5.366880146385925,41.89999999999827,7598,131.239
2023H1|J_PULLBACK_CONTINUATION|2023-04-05T22:00:00+00:00|-1,120,2023-04-06 00:00:00.152000+00:00,2023-04-06 00:00:00.204000+00:00,True,130.938,130.945,29.400000000001114,41.100000000000136,-4.200000000000159,True,False,0.01,0.7172413793103314,4.889062499999823,44.69999999999743,10349,131.239
2023H1|J_PULLBACK_CONTINUATION|2023-04-12T18:15:00+00:00|-1,15,2023-04-12 18:30:00.120000+00:00,2023-04-12 18:30:00.166000+00:00,True,133.154,133.16,1.099999999999568,3.299999999998704,-4.900000000000659,False,False,1.9166666666666667,0.21111111111116376,0.7230864965774599,8.29999999999984,1587,133.088
2023H1|J_PULLBACK_CONTINUATION|2023-04-12T18:15:00+00:00|-1,30,2023-04-12 18:45:00.120000+00:00,2023-04-12 18:45:00.130000+00:00,True,133.14,133.148,2.2999999999996135,9.799999999998477,-4.900000000000659,True,False,1.6133333333333333,0.3333333333335191,1.242706393544374,14.300000000000068,3518,133.088
2023H1|J_PULLBACK_CONTINUATION|2023-04-12T18:15:00+00:00|-1,60,2023-04-12 19:15:00.120000+00:00,2023-04-12 19:15:00.813000+00:00,True,133.125,133.13,4.099999999999682,9.799999999998477,-5.200000000002092,True,False,1.1833333333333333,0.7681159420290751,1.3447368421053922,14.6000000000015,6626,133.088
2023H1|J_PULLBACK_CONTINUATION|2023-04-12T18:15:00+00:00|-1,90,2023-04-12 19:45:00.120000+00:00,2023-04-12 19:45:00.173000+00:00,True,133.161,133.167,0.39999999999906777,11.7999999999995,-5.200000000002092,True,False,1.0133333333333334,0.23255813953463778,1.617946974847159,17.00000000000159,8685,133.088
2023H1|J_PULLBACK_CONTINUATION|2023-04-12T18:15:00+00:00|-1,120,2023-04-12 20:15:00.120000+00:00,2023-04-12 20:15:00.239000+00:00,True,133.197,133.199,-2.800000000002001,11.7999999999995,-5.200000000002092,True,False,0.3333333333333333,0.20454545454508755,1.7682020802379022,17.00000000000159,10274,133.088
2023H1|J_PULLBACK_CONTINUATION|2023-04-12T22:45:00+00:00|-1,15,2023-04-12 23:00:00.212000+00:00,2023-04-12 23:00:00.274000+00:00,True,133.054,133.069,0.40000000000190994,2.7000000000015234,-6.89999999999884,True,False,0.9,0.9873417721518395,1.3340020060179811,9.499999999999886,780,133.04
2023H1|J_PULLBACK_CONTINUATION|2023-04-12T22:45:00+00:00|-1,30,2023-04-12 23:15:00.212000+00:00,2023-04-12 23:15:01.712000+00:00,True,132.99,132.997,7.599999999999341,7.599999999999341,-6.89999999999884,True,False,1.44,0.6533333333331413,1.9727891156459634,14.499999999998181,1943,133.04
2023H1|J_PULLBACK_CONTINUATION|2023-04-12T22:45:00+00:00|-1,60,2023-04-12 23:45:00.212000+00:00,2023-04-12 23:45:00.243000+00:00,True,132.967,132.976,9.700000000000841,12.600000000000477,-6.89999999999884,True,False,0.62,0.06164383561634901,2.3929515418500964,19.39999999999884,3661,133.04
2023H1|J_PULLBACK_CONTINUATION|2023-04-12T22:45:00+00:00|-1,90,2023-04-13 00:15:00.212000+00:00,2023-04-13 00:15:00.255000+00:00,True,133.058,133.067,0.6000000000000227,12.600000000000477,-7.899999999997931,True,False,1.2666666666666666,0.9411764705882353,2.331437855402265,20.50000000000125,6163,133.04
2023H1|J_PULLBACK_CONTINUATION|2023-04-12T22:45:00+00:00|-1,120,2023-04-13 00:45:00.212000+00:00,2023-04-13 00:45:00.220000+00:00,True,133.086,133.094,-2.0999999999986585,12.600000000000477,-7.899999999997931,True,True,1.35,0.4863013698630444,2.064748201438995,20.50000000000125,8902,133.04
2023H1|J_PULLBACK_CONTINUATION|2023-04-13T09:15:00+00:00|-1,15,2023-04-13 09:30:00.232000+00:00,2023-04-13 09:30:00.240000+00:00,True,133.071,133.08,4.79999999999734,7.699999999999818,-1.1000000000024102,False,False,1.5033333333333334,0.5405405405405509,0.8717948717949294,8.500000000000796,1455,132.9
2023H1|J_PULLBACK_CONTINUATION|2023-04-13T09:15:00+00:00|-1,30,2023-04-13 09:45:00.232000+00:00,2023-04-13 09:45:01.123000+00:00,True,133.053,133.059,6.89999999999884,10.199999999997544,-1.1000000000024102,False,False,1.58,0.02985074626858386,1.1219858156027898,11.299999999999955,2834,132.9
2023H1|J_PULLBACK_CONTINUATION|2023-04-13T09:15:00+00:00|-1,60,2023-04-13 10:15:00.232000+00:00,2023-04-13 10:15:00.263000+00:00,True,133.205,133.209,-8.100000000001728,10.199999999997544,-11.700000000001864,False,True,2.006666666666667,0.4109589041095624,2.201005025125523,21.89999999999941,6103,132.9
2023H1|J_PULLBACK_CONTINUATION|2023-04-13T09:15:00+00:00|-1,90,2023-04-13 10:45:00.232000+00:00,2023-04-13 10:45:00.247000+00:00,True,133.285,133.288,-16.0000000000025,10.199999999997544,-17.200000000002547,False,True,1.5633333333333332,0.8732394366195098,2.8226637233259066,27.40000000000009,9926,132.9
2023H1|J_PULLBACK_CONTINUATION|2023-04-13T09:15:00+00:00|-1,120,2023-04-13 11:15:00.232000+00:00,2023-04-13 11:15:02.229000+00:00,True,133.207,133.214,-8.600000000001273,10.199999999997544,-17.200000000002547,False,True,1.21,0.7222222222220906,2.8777194298574162,27.40000000000009,12871,132.9
2023H1|J_PULLBACK_CONTINUATION|2023-04-13T20:30:00+00:00|-1,15,2023-04-13 20:45:00.381000+00:00,2023-04-13 20:45:00.942000+00:00,True,132.599,132.605,0.20000000000095497,0.2999999999985903,-3.8999999999987267,False,False,0.5266666666666666,0.7380952380953509,0.6983372921616066,4.200000000000159,523,132.599
2023H1|J_PULLBACK_CONTINUATION|2023-04-13T20:30:00+00:00|-1,30,2023-04-13 21:00:00.381000+00:00,2023-04-13 21:00:00.651000+00:00,True,132.569,132.611,-0.39999999999906777,3.2000000000010687,-3.8999999999987267,True,False,0.5,0.16176470588267866,1.3702830188679689,8.29999999999984,1062,132.599
2023H1|J_PULLBACK_CONTINUATION|2023-04-13T20:30:00+00:00|-1,60,2023-04-13 21:30:00.381000+00:00,2023-04-13 21:30:00.452000+00:00,True,132.562,132.591,1.5999999999991132,6.100000000000705,-3.8999999999987267,True,False,3.526666666666667,0.3043478260872251,2.5540540540539487,13.49999999999909,5910,132.599
2023H1|J_PULLBACK_CONTINUATION|2023-04-13T20:30:00+00:00|-1,90,2023-04-13 22:00:00.381000+00:00,2023-04-13 22:00:01.060000+00:00,True,132.566,132.591,1.5999999999991132,6.100000000000705,-3.8999999999987267,True,False,0.22,0.7368421052634728,3.1239669421486025,13.49999999999909,6718,132.599
2023H1|J_PULLBACK_CONTINUATION|2023-04-13T20:30:00+00:00|-1,120,2023-04-13 22:30:00.381000+00:00,2023-04-13 22:30:00.481000+00:00,True,132.548,132.557,5.000000000001137,7.30000000000075,-3.8999999999987267,True,False,2.0533333333333332,0.05172413793128794,3.118811881187937,13.49999999999909,8517,132.599
2023H1|J_PULLBACK_CONTINUATION|2023-04-14T01:15:00+00:00|-1,15,2023-04-14 01:30:00.063000+00:00,2023-04-14 01:30:00.064000+00:00,True,132.462,132.472,8.899999999999864,18.000000000000682,-1.2000000000000455,True,False,2.723333333333333,0.6936936936937399,2.1155063291136678,19.099999999997408,2420,132.44
2023H1|J_PULLBACK_CONTINUATION|2023-04-14T01:15:00+00:00|-1,30,2023-04-14 01:45:00.063000+00:00,2023-04-14 01:45:00.188000+00:00,True,132.494,132.501,6.000000000000227,18.000000000000682,-1.9000000000005457,True,False,2.34,0.9569892473116308,2.1546790409897603,19.899999999998386,4161,132.44
2023H1|J_PULLBACK_CONTINUATION|2023-04-14T01:15:00+00:00|-1,60,2023-04-14 02:15:00.063000+00:00,2023-04-14 02:15:00.282000+00:00,True,132.371,132.376,18.500000000000227,28.80000000000109,-1.9000000000005457,True,False,1.9833333333333334,0.5000000000001921,2.8848484848485674,30.60000000000116,7622,132.44
2023H1|J_PULLBACK_CONTINUATION|2023-04-14T01:15:00+00:00|-1,90,2023-04-14 02:45:00.063000+00:00,2023-04-14 02:45:00.572000+00:00,True,132.382,132.386,17.500000000001137,28.80000000000109,-1.9000000000005457,True,False,1.6766666666666667,0.1060606060606778,2.8073394495414234,30.60000000000116,10801,132.44
2023H1|J_PULLBACK_CONTINUATION|2023-04-14T01:15:00+00:00|-1,120,2023-04-14 03:15:00.063000+00:00,2023-04-14 03:15:03.939000+00:00,True,132.432,132.438,12.300000000001887,28.80000000000109,-1.9000000000005457,True,False,1.6266666666666667,0.9555555555559626,2.8484042553192745,30.60000000000116,13740,132.44
2023H1|J_PULLBACK_CONTINUATION|2023-04-14T06:15:00+00:00|-1,15,2023-04-14 06:30:00.086000+00:00,2023-04-14 06:30:00.171000+00:00,True,132.466,132.472,-5.000000000001137,2.2999999999996135,-6.700000000000728,False,True,1.8466666666666667,0.6249999999999445,1.1402714932127527,9.000000000000341,1696,132.286
2023H1|J_PULLBACK_CONTINUATION|2023-04-14T06:15:00+00:00|-1,30,2023-04-14 06:45:00.086000+00:00,2023-04-14 06:45:00.097000+00:00,True,132.46,132.465,-4.300000000000637,2.2999999999996135,-8.199999999999363,False,True,1.76,0.9772727272726172,1.292682926829238,10.599999999999454,3120,132.286
2023H1|J_PULLBACK_CONTINUATION|2023-04-14T06:15:00+00:00|-1,60,2023-04-14 07:15:00.086000+00:00,2023-04-14 07:15:00.155000+00:00,True,132.494,132.502,-8.00000000000125,2.2999999999996135,-17.600000000001614,False,True,2.6866666666666665,0.9252336448597213,2.218152866242175,19.900000000001228,8054,132.286
2023H1|J_PULLBACK_CONTINUATION|2023-04-14T06:15:00+00:00|-1,90,2023-04-14 07:45:00.086000+00:00,2023-04-14 07:45:00.169000+00:00,True,132.355,132.358,6.399999999999295,12.79999999999859,-17.600000000001614,False,False,3.05,0.803571428571344,2.9270976616231126,30.400000000000205,13010,132.286
2023H1|J_PULLBACK_CONTINUATION|2023-04-14T06:15:00+00:00|-1,120,2023-04-14 08:15:00.086000+00:00,2023-04-14 08:15:00.704000+00:00,True,132.323,132.329,9.299999999998931,24.699999999998568,-17.600000000001614,True,False,2.8366666666666664,0.03448275862053196,3.975887474882861,42.40000000000066,18029,132.286
2023H1|J_PULLBACK_CONTINUATION|2023-04-18T19:15:00+00:00|-1,15,2023-04-18 19:30:04.236000+00:00,2023-04-18 19:30:04.250000+00:00,True,134.084,134.089,-3.700000000000614,0.10000000000047748,-3.700000000000614,False,True,0.8166666666666667,0.3928571428571066,0.6954248366014677,3.8000000000010914,710,134.013
2023H1|J_PULLBACK_CONTINUATION|2023-04-18T19:15:00+00:00|-1,30,2023-04-18 19:45:04.236000+00:00,2023-04-18 19:45:04.457000+00:00,True,134.073,134.078,-2.600000000001046,0.10000000000047748,-3.700000000000614,False,True,0.41,0.5312499999996947,0.7368421052633319,3.8000000000010914,1147,134.013
2023H1|J_PULLBACK_CONTINUATION|2023-04-18T19:15:00+00:00|-1,60,2023-04-18 20:15:04.236000+00:00,2023-04-18 20:15:06.552000+00:00,True,134.059,134.065,-1.300000000000523,1.300000000000523,-5.000000000001137,False,False,0.49,0.9047619047627427,1.3746223564953484,6.499999999999773,1943,134.013
2023H1|J_PULLBACK_CONTINUATION|2023-04-18T19:15:00+00:00|-1,90,2023-04-18 20:45:04.236000+00:00,2023-04-18 20:45:04.246000+00:00,True,134.091,134.095,-4.300000000000637,1.300000000000523,-5.000000000001137,False,True,0.17333333333333334,0.7954545454547803,1.3957055214723113,6.499999999999773,2305,134.013
2023H1|J_PULLBACK_CONTINUATION|2023-04-18T19:15:00+00:00|-1,120,2023-04-18 21:15:04.236000+00:00,2023-04-18 21:15:04.267000+00:00,True,134.08,134.123,-7.099999999999795,1.300000000000523,-14.300000000000068,False,True,0.31,0.0,2.0330882352935435,7.899999999997931,3944,134.013
2023H1|J_PULLBACK_CONTINUATION|2023-04-19T01:00:00+00:00|-1,15,2023-04-19 01:15:00.143000+00:00,2023-04-19 01:15:00.225000+00:00,True,133.961,133.966,4.2999999999977945,4.899999999997817,-4.900000000000659,False,False,3.08,0.18817204301075596,1.351243781094689,9.700000000000841,2472,133.951
2023H1|J_PULLBACK_CONTINUATION|2023-04-19T01:00:00+00:00|-1,30,2023-04-19 01:30:00.143000+00:00,2023-04-19 01:30:00.189000+00:00,True,134.104,134.111,-10.200000000000387,4.899999999997817,-13.900000000001,False,True,2.4566666666666666,0.06870229007644679,2.449017773620015,18.69999999999834,5041,133.951
2023H1|J_PULLBACK_CONTINUATION|2023-04-19T01:00:00+00:00|-1,60,2023-04-19 02:00:00.143000+00:00,2023-04-19 02:00:00.265000+00:00,True,134.264,134.272,-26.300000000000523,4.899999999997817,-32.800000000000296,False,True,3.2066666666666666,0.48101265822757944,4.487638533674389,37.60000000000048,10551,133.951
2023H1|J_PULLBACK_CONTINUATION|2023-04-19T01:00:00+00:00|-1,90,2023-04-19 02:30:00.143000+00:00,2023-04-19 02:30:00.339000+00:00,True,134.328,134.334,-32.500000000001705,4.899999999997817,-37.80000000000143,False,True,2.6433333333333335,0.0,4.8720456397717,42.69999999999925,16118,133.951
2023H1|J_PULLBACK_CONTINUATION|2023-04-19T01:00:00+00:00|-1,120,2023-04-19 03:00:00.143000+00:00,2023-04-19 03:00:00.257000+00:00,True,134.313,134.317,-30.800000000002115,4.899999999997817,-38.60000000000241,False,True,1.9766666666666666,0.40000000000012637,4.610271903323295,43.600000000000705,20239,133.951
2023H1|J_PULLBACK_CONTINUATION|2023-04-20T20:15:00+00:00|-1,15,2023-04-20 20:30:01.130000+00:00,2023-04-20 20:30:01.262000+00:00,True,134.229,134.235,-0.10000000000047748,0.49999999999954525,-1.5999999999991132,False,False,0.30666666666666664,0.5,0.46815286624172847,2.0999999999986585,269,134.201
2023H1|J_PULLBACK_CONTINUATION|2023-04-20T20:15:00+00:00|-1,30,2023-04-20 20:45:01.130000+00:00,2023-04-20 20:45:04.373000+00:00,True,134.245,134.25,-1.5999999999991132,0.49999999999954525,-2.899999999999636,False,False,0.35,0.6800000000002502,0.8068535825540006,3.6999999999977717,515,134.201
2023H1|J_PULLBACK_CONTINUATION|2023-04-20T20:15:00+00:00|-1,60,2023-04-20 21:15:01.130000+00:00,2023-04-20 21:15:01.186000+00:00,True,134.218,134.261,-2.6999999999986812,0.49999999999954525,-3.7999999999982492,False,True,3.3766666666666665,0.0714285714288615,1.2727272727270866,5.299999999999727,3048,134.201
2023H1|J_PULLBACK_CONTINUATION|2023-04-20T20:15:00+00:00|-1,90,2023-04-20 21:45:01.130000+00:00,2023-04-20 21:45:01.327000+00:00,True,134.223,134.258,-2.400000000000091,1.9000000000005457,-3.7999999999982492,True,True,4.283333333333333,0.6666666666670176,1.7469244288223065,7.099999999999795,8480,134.201
2023H1|J_PULLBACK_CONTINUATION|2023-04-20T20:15:00+00:00|-1,120,2023-04-20 22:15:01.130000+00:00,2023-04-20 22:15:02.170000+00:00,True,134.185,134.196,3.8000000000010914,5.60000000000116,-6.60000000000025,True,False,1.9666666666666666,0.591836734694067,2.588597842835225,12.000000000000455,12734,134.201
2023H1|J_PULLBACK_CONTINUATION|2023-04-21T00:45:00+00:00|-1,15,2023-04-21 01:00:00.165000+00:00,2023-04-21 01:00:01.146000+00:00,True,134.142,134.147,-0.2999999999985903,0.40000000000190994,-11.400000000000432,False,False,3.18,0.9830508474575455,1.5092936802972976,11.599999999998545,1993,133.952
2023H1|J_PULLBACK_CONTINUATION|2023-04-21T00:45:00+00:00|-1,30,2023-04-21 01:15:00.165000+00:00,2023-04-21 01:15:01.386000+00:00,True,134.1,134.106,3.8000000000010914,3.999999999999204,-11.400000000000432,False,False,1.8233333333333333,0.4255319148932568,1.9160583941607494,15.000000000000568,3691,133.952
2023H1|J_PULLBACK_CONTINUATION|2023-04-21T00:45:00+00:00|-1,60,2023-04-21 01:45:00.165000+00:00,2023-04-21 01:45:00.422000+00:00,True,134.034,134.042,10.200000000000387,12.000000000000455,-11.400000000000432,False,False,1.4066666666666667,0.6684210526316372,2.602564102564174,23.199999999999932,6736,133.952
2023H1|J_PULLBACK_CONTINUATION|2023-04-21T00:45:00+00:00|-1,90,2023-04-21 02:15:00.165000+00:00,2023-04-21 02:15:00.870000+00:00,True,133.909,133.916,22.800000000000864,33.29999999999984,-11.400000000000432,True,False,1.3633333333333333,0.13333333333356068,4.656250000000049,44.70000000000027,10293,133.952
2023H1|J_PULLBACK_CONTINUATION|2023-04-21T00:45:00+00:00|-1,120,2023-04-21 02:45:00.165000+00:00,2023-04-21 02:45:00.653000+00:00,True,133.875,133.88,26.400000000001,33.29999999999984,-11.400000000000432,True,False,1.2066666666666668,0.04237288135612616,4.257142857142886,44.70000000000027,12537,133.952
2023H1|J_PULLBACK_CONTINUATION|2023-04-21T07:15:00+00:00|-1,15,2023-04-21 07:30:00.093000+00:00,2023-04-21 07:30:00.100000+00:00,True,134.002,134.006,-14.400000000000546,-0.40000000000190994,-15.999999999999659,False,True,2.986666666666667,0.6315789473683986,1.5958549222797227,15.399999999999636,3207,133.697
2023H1|J_PULLBACK_CONTINUATION|2023-04-21T07:15:00+00:00|-1,30,2023-04-21 07:45:00.093000+00:00,2023-04-21 07:45:00.480000+00:00,True,134.024,134.03,-16.800000000000637,-0.40000000000190994,-25.300000000001432,False,True,2.703333333333333,0.9115646258502994,2.4705882352942017,24.600000000000932,6408,133.697
2023H1|J_PULLBACK_CONTINUATION|2023-04-21T07:15:00+00:00|-1,60,2023-04-21 08:15:00.093000+00:00,2023-04-21 08:15:00.225000+00:00,True,134.035,134.04,-17.799999999999727,-0.40000000000190994,-25.300000000001432,False,True,2.5366666666666666,0.9044117647060499,2.160602258469311,24.600000000000932,11502,133.697
2023H1|J_PULLBACK_CONTINUATION|2023-04-21T07:15:00+00:00|-1,90,2023-04-21 08:45:00.093000+00:00,2023-04-21 08:45:00.166000+00:00,True,133.814,133.82,4.200000000000159,4.300000000000637,-25.300000000001432,False,False,2.6466666666666665,0.5925925925925049,2.4294117647059483,29.50000000000159,16216,133.697
2023H1|J_PULLBACK_CONTINUATION|2023-04-21T07:15:00+00:00|-1,120,2023-04-21 09:15:00.093000+00:00,2023-04-21 09:15:00.222000+00:00,True,133.844,133.849,1.300000000000523,13.100000000000023,-25.300000000001432,False,False,1.7333333333333334,0.06249999999995559,3.067505720823844,38.30000000000098,20266,133.697
2023H1|J_PULLBACK_CONTINUATION|2023-04-21T11:45:00+00:00|-1,15,2023-04-21 12:00:00.239000+00:00,2023-04-21 12:00:00.488000+00:00,True,133.761,133.764,4.099999999999682,4.900000000000659,-1.2000000000000455,False,False,1.4366666666666668,0.36752136752136333,0.6656441717792525,6.200000000001182,1317,133.668
2023H1|J_PULLBACK_CONTINUATION|2023-04-21T11:45:00+00:00|-1,30,2023-04-21 12:15:00.239000+00:00,2023-04-21 12:15:00.283000+00:00,True,133.82,133.827,-2.199999999999136,5.299999999999727,-6.60000000000025,False,False,2.703333333333333,0.9777777777776748,1.2306536438769382,11.700000000001864,3318,133.668
2023H1|J_PULLBACK_CONTINUATION|2023-04-21T11:45:00+00:00|-1,60,2023-04-21 12:45:00.239000+00:00,2023-04-21 12:45:00.326000+00:00,True,133.736,133.742,6.30000000000166,19.499999999999318,-12.09999999999809,True,False,2.98,0.9059829059829351,3.040943789035428,31.30000000000166,8506,133.668
2023H1|J_PULLBACK_CONTINUATION|2023-04-21T11:45:00+00:00|-1,90,2023-04-21 13:15:00.239000+00:00,2023-04-21 13:15:00.847000+00:00,True,133.629,133.636,16.900000000001114,22.59999999999991,-12.09999999999809,True,False,2.6366666666666667,0.2584269662920954,3.4088669950738097,34.600000000000364,14114,133.668
2023H1|J_PULLBACK_CONTINUATION|2023-04-21T11:45:00+00:00|-1,120,2023-04-21 13:45:00.239000+00:00,2023-04-21 13:45:00.309000+00:00,True,133.77,133.816,-1.099999999999568,25.200000000000955,-12.09999999999809,True,True,3.6233333333333335,0.1202614379085114,2.380384967919351,37.10000000000093,19759,133.668
2023H1|J_PULLBACK_CONTINUATION|2023-04-25T00:30:00+00:00|-1,15,2023-04-25 00:45:00.389000+00:00,2023-04-25 00:45:02.342000+00:00,True,134.113,134.121,1.6999999999995907,8.00000000000125,-4.300000000000637,False,False,2.2933333333333334,0.09999999999993237,1.2496371552976855,12.300000000001887,1644,134.003
2023H1|J_PULLBACK_CONTINUATION|2023-04-25T00:30:00+00:00|-1,30,2023-04-25 01:00:00.389000+00:00,2023-04-25 01:00:00.415000+00:00,True,134.294,134.301,-16.29999999999825,8.00000000000125,-18.299999999999272,False,True,4.03,0.6190476190477608,2.5774058577405348,26.400000000001,4688,134.003
2023H1|J_PULLBACK_CONTINUATION|2023-04-25T00:30:00+00:00|-1,60,2023-04-25 01:30:00.389000+00:00,2023-04-25 01:30:01.178000+00:00,True,134.28,134.286,-14.799999999999613,8.00000000000125,-23.499999999998522,False,True,2.5633333333333335,0.13636363636385163,3.211944646759011,31.500000000002615,10250,134.003
2023H1|J_PULLBACK_CONTINUATION|2023-04-25T00:30:00+00:00|-1,90,2023-04-25 02:00:00.389000+00:00,2023-04-25 02:00:00.401000+00:00,True,134.254,134.261,-12.299999999999045,8.00000000000125,-23.499999999998522,False,True,2.7466666666666666,0.34146341463372365,3.2546125461256197,31.500000000002615,14188,134.003
2023H1|J_PULLBACK_CONTINUATION|2023-04-25T00:30:00+00:00|-1,120,2023-04-25 02:30:00.389000+00:00,2023-04-25 02:30:00.866000+00:00,True,134.191,134.199,-6.100000000000705,8.00000000000125,-23.499999999998522,False,False,1.9666666666666666,0.21476510067121135,2.977717758271582,31.500000000002615,17104,134.003
2023H1|J_PULLBACK_CONTINUATION|2023-04-25T11:15:00+00:00|-1,15,2023-04-25 11:30:04.455000+00:00,2023-04-25 11:30:04.860000+00:00,True,134.068,134.071,-2.199999999999136,-0.49999999999954525,-5.599999999998317,False,True,1.4566666666666668,0.32954545454543616,0.559999999999902,5.19999999999925,1359,133.815
2023H1|J_PULLBACK_CONTINUATION|2023-04-25T11:15:00+00:00|-1,30,2023-04-25 11:45:04.455000+00:00,2023-04-25 11:45:04.537000+00:00,True,134.118,134.124,-7.499999999998863,-0.49999999999954525,-10.599999999999454,False,True,2.466666666666667,0.10619469026549122,1.0432190760058697,9.999999999999432,3252,133.815
2023H1|J_PULLBACK_CONTINUATION|2023-04-25T11:15:00+00:00|-1,60,2023-04-25 12:15:04.455000+00:00,2023-04-25 12:15:04.823000+00:00,True,134.185,134.191,-14.19999999999959,-0.49999999999954525,-20.79999999999984,False,True,2.61,0.826086956521775,2.1727828746176865,20.300000000000296,7797,133.815
2023H1|J_PULLBACK_CONTINUATION|2023-04-25T11:15:00+00:00|-1,90,2023-04-25 12:45:04.455000+00:00,2023-04-25 12:45:04.465000+00:00,True,133.975,133.981,6.800000000001205,6.900000000001683,-20.79999999999984,False,False,2.8366666666666664,0.6542056074766678,3.0691024622715863,27.600000000001046,12912,133.815
2023H1|J_PULLBACK_CONTINUATION|2023-04-25T11:15:00+00:00|-1,120,2023-04-25 13:15:04.455000+00:00,2023-04-25 13:15:04.863000+00:00,True,133.925,133.931,11.7999999999995,25.300000000001432,-20.79999999999984,True,False,3.0,0.20634920634928156,4.4881780250346655,46.10000000000127,18470,133.815
2023H1|J_PULLBACK_CONTINUATION|2023-04-25T15:45:00+00:00|-1,15,2023-04-25 16:00:00.267000+00:00,2023-04-25 16:00:00.513000+00:00,True,133.969,133.975,-5.099999999998772,1.300000000000523,-5.799999999999272,False,True,1.9766666666666666,0.9065420560748507,0.5441421432536899,6.999999999999318,1619,133.728
2023H1|J_PULLBACK_CONTINUATION|2023-04-25T15:45:00+00:00|-1,30,2023-04-25 16:15:00.267000+00:00,2023-04-25 16:15:00.345000+00:00,True,133.921,133.927,-0.2999999999985903,1.300000000000523,-9.499999999999886,False,False,2.28,0.38461538461509026,0.8659793814433413,10.80000000000041,3613,133.728
2023H1|J_PULLBACK_CONTINUATION|2023-04-25T15:45:00+00:00|-1,60,2023-04-25 16:45:00.267000+00:00,2023-04-25 16:45:00.270000+00:00,True,133.965,133.972,-4.800000000000182,3.300000000001546,-9.499999999999886,False,True,2.3833333333333333,0.9722222222220906,1.057377049180503,12.90000000000191,6900,133.728
2023H1|J_PULLBACK_CONTINUATION|2023-04-25T15:45:00+00:00|-1,90,2023-04-25 17:15:00.267000+00:00,2023-04-25 17:15:00.333000+00:00,True,133.762,133.77,15.399999999999636,16.900000000001114,-9.499999999999886,False,False,2.3333333333333335,0.8444444444443555,2.1401273885351437,26.400000000001,10491,133.728
2023H1|J_PULLBACK_CONTINUATION|2023-04-25T15:45:00+00:00|-1,120,2023-04-25 17:45:00.267000+00:00,2023-04-25 17:45:00.325000+00:00,True,133.613,133.618,30.60000000000116,31.999999999999318,-9.499999999999886,True,False,2.033333333333333,0.8,3.775895765472464,41.40000000000157,14726,133.728
2023H1|J_PULLBACK_CONTINUATION|2023-04-25T23:15:00+00:00|-1,15,2023-04-25 23:30:02.671000+00:00,2023-04-25 23:30:03.140000+00:00,True,133.7,133.709,-2.000000000001023,0.9999999999990905,-6.200000000001182,False,True,1.52,0.48809523809518174,0.8435146443514813,7.200000000000273,1516,133.619
2023H1|J_PULLBACK_CONTINUATION|2023-04-25T23:15:00+00:00|-1,30,2023-04-25 23:45:02.671000+00:00,2023-04-25 23:45:02.863000+00:00,True,133.709,133.716,-2.7000000000015234,1.2000000000000455,-7.500000000001705,False,True,1.2333333333333334,0.13414634146337234,0.9727047146402327,8.400000000000318,2536,133.619
2023H1|J_PULLBACK_CONTINUATION|2023-04-25T23:15:00+00:00|-1,60,2023-04-26 00:15:02.671000+00:00,2023-04-26 00:15:02.814000+00:00,True,133.628,133.635,5.400000000000205,12.000000000000455,-7.500000000001705,True,False,2.85,0.8196721311473997,1.9227467811156735,19.199999999997885,6640,133.619
2023H1|J_PULLBACK_CONTINUATION|2023-04-25T23:15:00+00:00|-1,90,2023-04-26 00:45:02.671000+00:00,2023-04-26 00:45:02.705000+00:00,True,133.614,133.624,6.499999999999773,19.499999999999318,-7.500000000001705,True,False,3.29,0.31868131868125005,2.5532786885245535,26.69999999999959,12069,133.619
2023H1|J_PULLBACK_CONTINUATION|2023-04-25T23:15:00+00:00|-1,120,2023-04-26 01:15:02.671000+00:00,2023-04-26 01:15:03.163000+00:00,True,133.679,133.685,0.39999999999906777,19.499999999999318,-7.500000000001705,True,True,3.5966666666666667,0.9111111111110058,2.482071713147372,26.69999999999959,18854,133.619
2023H1|J_PULLBACK_CONTINUATION|2023-04-26T03:45:00+00:00|-1,15,2023-04-26 04:00:00.252000+00:00,2023-04-26 04:00:00.446000+00:00,True,133.528,133.536,0.9999999999990905,4.999999999998295,-4.000000000002046,False,False,2.29,0.2321428571429025,0.9968354430379597,9.000000000000341,1727,133.438
2023H1|J_PULLBACK_CONTINUATION|2023-04-26T03:45:00+00:00|-1,30,2023-04-26 04:15:00.252000+00:00,2023-04-26 04:15:00.504000+00:00,True,133.53,133.535,1.099999999999568,5.299999999999727,-4.000000000002046,False,False,2.1133333333333333,0.11764705882345072,1.115681233933346,9.300000000001774,3779,133.438
2023H1|J_PULLBACK_CONTINUATION|2023-04-26T03:45:00+00:00|-1,60,2023-04-26 04:45:00.252000+00:00,2023-04-26 04:45:00.409000+00:00,True,133.539,133.543,0.2999999999985903,5.299999999999727,-6.499999999999773,False,False,1.73,0.26865671641800537,1.458075904677772,11.7999999999995,7182,133.438
2023H1|J_PULLBACK_CONTINUATION|2023-04-26T03:45:00+00:00|-1,90,2023-04-26 05:15:00.252000+00:00,2023-04-26 05:15:00.625000+00:00,True,133.608,133.614,-6.800000000001205,5.299999999999727,-8.799999999999386,False,True,1.77,0.6444444444445427,2.0302114803626248,14.400000000000546,10571,133.438
2023H1|J_PULLBACK_CONTINUATION|2023-04-26T03:45:00+00:00|-1,120,2023-04-26 05:45:00.252000+00:00,2023-04-26 05:45:00.438000+00:00,True,133.617,133.623,-7.699999999999818,5.299999999999727,-9.999999999999432,False,True,3.1866666666666665,0.8217821782178134,2.237644584647979,15.200000000001523,14495,133.438
2023H1|J_PULLBACK_CONTINUATION|2023-04-26T09:00:00+00:00|-1,15,2023-04-26 09:15:00.187000+00:00,2023-04-26 09:15:00.188000+00:00,True,133.499,133.505,3.0000000000001137,5.89999999999975,-5.299999999999727,False,False,3.5033333333333334,0.35514018691572646,0.9165165165166111,10.900000000000887,3029,133.39
2023H1|J_PULLBACK_CONTINUATION|2023-04-26T09:00:00+00:00|-1,30,2023-04-26 09:30:00.187000+00:00,2023-04-26 09:30:00.267000+00:00,True,133.508,133.515,2.000000000001023,9.100000000000819,-5.299999999999727,False,False,3.02,0.12280701754394274,1.1833333333335514,14.200000000002433,5809,133.39
2023H1|J_PULLBACK_CONTINUATION|2023-04-26T09:00:00+00:00|-1,60,2023-04-26 10:00:00.187000+00:00,2023-04-26 10:00:00.213000+00:00,True,133.433,133.439,9.600000000000364,11.099999999999,-5.299999999999727,False,False,2.2333333333333334,0.92,1.2451361867705983,16.0000000000025,10804,133.39
2023H1|J_PULLBACK_CONTINUATION|2023-04-26T09:00:00+00:00|-1,90,2023-04-26 10:30:00.187000+00:00,2023-04-26 10:30:00.240000+00:00,True,133.369,133.377,15.799999999998704,24.00000000000091,-5.299999999999727,True,False,2.546666666666667,0.17054263565886008,2.2683741648108247,29.100000000002524,15954,133.39
2023H1|J_PULLBACK_CONTINUATION|2023-04-26T09:00:00+00:00|-1,120,2023-04-26 11:00:00.187000+00:00,2023-04-26 11:00:00.241000+00:00,True,133.416,133.418,11.699999999999022,24.00000000000091,-5.299999999999727,True,False,2.0633333333333335,0.8974358974358849,2.417804154302836,29.100000000002524,20420,133.39
2023H1|J_PULLBACK_CONTINUATION|2023-05-02T18:15:00+00:00|-1,15,2023-05-02 18:30:00.110000+00:00,2023-05-02 18:30:00.800000+00:00,True,136.572,136.576,-1.9000000000005457,4.200000000000159,-2.400000000000091,False,False,1.23,0.2000000000000598,0.4835051546392213,6.700000000000728,1450,136.315
2023H1|J_PULLBACK_CONTINUATION|2023-05-02T18:15:00+00:00|-1,30,2023-05-02 18:45:00.110000+00:00,2023-05-02 18:45:00.186000+00:00,True,136.64,136.645,-8.800000000002228,4.200000000000159,-10.80000000000041,False,False,1.7733333333333334,0.1428571428572879,1.1377825618945692,15.100000000001046,2785,136.315
2023H1|J_PULLBACK_CONTINUATION|2023-05-02T18:15:00+00:00|-1,60,2023-05-02 19:15:00.110000+00:00,2023-05-02 19:15:00.474000+00:00,True,136.522,136.527,3.0000000000001137,4.200000000000159,-14.200000000002433,False,False,1.9566666666666668,0.03703703703670569,1.59536867763567,18.700000000001182,5964,136.315
2023H1|J_PULLBACK_CONTINUATION|2023-05-02T18:15:00+00:00|-1,90,2023-05-02 19:45:00.110000+00:00,2023-05-02 19:45:01.738000+00:00,True,136.498,136.503,5.400000000000205,8.799999999999386,-14.200000000002433,False,False,1.4233333333333333,0.3999999999998579,2.1009055627425273,23.199999999999932,8507,136.315
2023H1|J_PULLBACK_CONTINUATION|2023-05-02T18:15:00+00:00|-1,120,2023-05-02 20:15:00.110000+00:00,2023-05-02 20:15:00.388000+00:00,True,136.496,136.501,5.599999999998317,9.899999999998954,-14.200000000002433,False,False,1.48,0.5303030303029586,2.6413043478260105,24.2999999999995,10891,136.315
2023H1|J_PULLBACK_CONTINUATION|2023-05-02T23:15:00+00:00|-1,15,2023-05-02 23:30:22.205000+00:00,2023-05-02 23:30:23.780000+00:00,True,136.421,136.428,-2.000000000001023,1.4999999999986358,-4.500000000001592,True,False,0.87,0.43283582089584527,0.8031651829870216,5.799999999999272,802,136.398
2023H1|J_PULLBACK_CONTINUATION|2023-05-02T23:15:00+00:00|-1,30,2023-05-02 23:45:22.205000+00:00,2023-05-02 23:45:22.404000+00:00,True,136.442,136.446,-3.8000000000010914,1.4999999999986358,-7.30000000000075,True,False,1.2133333333333334,0.09615384615377254,1.2076228686059793,8.600000000001273,1848,136.398
2023H1|J_PULLBACK_CONTINUATION|2023-05-02T23:15:00+00:00|-1,60,2023-05-03 00:15:22.205000+00:00,2023-05-03 00:15:22.528000+00:00,True,136.546,136.553,-14.500000000001023,1.4999999999986358,-17.00000000000159,True,True,2.6,0.8363636363633921,2.3981481481481497,18.500000000000227,5926,136.398
2023H1|J_PULLBACK_CONTINUATION|2023-05-02T23:15:00+00:00|-1,90,2023-05-03 00:45:22.205000+00:00,2023-05-03 00:45:23.162000+00:00,True,136.435,136.443,-3.500000000002501,1.4999999999986358,-17.00000000000159,True,False,1.29,0.7384615384615922,2.422825070159019,18.500000000000227,8175,136.398
2023H1|J_PULLBACK_CONTINUATION|2023-05-02T23:15:00+00:00|-1,120,2023-05-03 01:15:22.205000+00:00,2023-05-03 01:15:23.716000+00:00,True,136.376,136.381,2.6999999999986812,2.400000000000091,-17.00000000000159,True,False,1.2066666666666668,0.8888888888888054,2.3233532934134096,19.400000000001683,10509,136.398
2023H1|J_PULLBACK_CONTINUATION|2023-05-03T07:45:00+00:00|-1,15,2023-05-03 08:00:00.188000+00:00,2023-05-03 08:00:00.258000+00:00,True,135.798,135.804,-0.8000000000009777,2.2999999999996135,-10.099999999999909,False,False,2.93,0.9333333333332883,0.9795221843002597,12.299999999999045,2348,135.721
2023H1|J_PULLBACK_CONTINUATION|2023-05-03T07:45:00+00:00|-1,30,2023-05-03 08:15:00.188000+00:00,2023-05-03 08:15:00.197000+00:00,True,135.604,135.61,18.599999999997863,19.899999999998386,-10.099999999999909,True,False,3.78,0.09411764705892978,2.3501945525290786,30.19999999999925,5650,135.721
2023H1|J_PULLBACK_CONTINUATION|2023-05-03T07:45:00+00:00|-1,60,2023-05-03 08:45:00.188000+00:00,2023-05-03 08:45:00.289000+00:00,True,135.666,135.672,12.399999999999523,26.599999999999113,-10.099999999999909,True,False,2.76,0.4583333333333728,2.7115789473683356,36.7999999999995,11009,135.721
2023H1|J_PULLBACK_CONTINUATION|2023-05-03T07:45:00+00:00|-1,90,2023-05-03 09:15:00.188000+00:00,2023-05-03 09:15:00.677000+00:00,True,135.697,135.703,9.299999999998931,26.599999999999113,-10.099999999999909,True,False,2.61,0.9826086956520923,2.605968639352514,36.7999999999995,16478,135.721
2023H1|J_PULLBACK_CONTINUATION|2023-05-03T07:45:00+00:00|-1,120,2023-05-03 09:45:00.188000+00:00,2023-05-03 09:45:00.413000+00:00,True,135.645,135.652,14.400000000000546,26.599999999999113,-10.099999999999909,True,False,3.1466666666666665,0.7375000000001155,2.703043022035672,36.7999999999995,22000,135.721
2023H1|J_PULLBACK_CONTINUATION|2023-05-03T12:45:00+00:00|-1,15,2023-05-03 13:00:00.194000+00:00,2023-05-03 13:00:01.319000+00:00,True,135.394,135.397,20.400000000000773,26.900000000000546,-2.6999999999986812,True,False,3.39,0.6645962732919156,1.9276315789473717,29.300000000000637,3056,135.428
2023H1|J_PULLBACK_CONTINUATION|2023-05-03T12:45:00+00:00|-1,30,2023-05-03 13:15:00.194000+00:00,2023-05-03 13:15:00.243000+00:00,True,135.424,135.432,16.900000000001114,26.900000000000546,-2.6999999999986812,True,False,3.033333333333333,0.9662162162160605,1.867941712203977,29.300000000000637,5821,135.428
2023H1|J_PULLBACK_CONTINUATION|2023-05-03T12:45:00+00:00|-1,60,2023-05-03 13:45:00.194000+00:00,2023-05-03 13:45:00.208000+00:00,True,135.338,135.347,25.399999999999068,33.40000000000032,-2.6999999999986812,True,False,3.4066666666666667,0.12658227848090786,2.1753472222221912,35.80000000000041,12074,135.428
2023H1|J_PULLBACK_CONTINUATION|2023-05-03T12:45:00+00:00|-1,90,2023-05-03 14:15:00.194000+00:00,2023-05-03 14:15:00.295000+00:00,True,135.258,135.264,33.69999999999891,36.599999999998545,-2.6999999999986812,True,False,3.6733333333333333,0.40322580645149086,2.285832987120837,39.30000000000007,19513,135.428
2023H1|J_PULLBACK_CONTINUATION|2023-05-03T12:45:00+00:00|-1,120,2023-05-03 14:45:00.194000+00:00,2023-05-03 14:45:00.218000+00:00,True,135.164,135.167,43.39999999999975,44.300000000001205,-2.6999999999986812,True,False,3.3966666666666665,0.7227722772278036,2.554945054945015,46.50000000000034,25174,135.428
2023H1|J_PULLBACK_CONTINUATION|2023-05-03T18:00:00+00:00|-1,15,2023-05-03 18:15:00.148000+00:00,2023-05-03 18:15:00.236000+00:00,True,135.29,135.293,1.8000000000000682,47.100000000000364,-19.39999999999884,True,False,6.653333333333333,0.5401785714285114,4.602267126663465,66.70000000000016,7012,135.192
2023H1|J_PULLBACK_CONTINUATION|2023-05-03T18:00:00+00:00|-1,30,2023-05-03 18:30:00.148000+00:00,2023-05-03 18:30:00.241000+00:00,True,135.383,135.388,-7.699999999999818,47.100000000000364,-19.599999999999795,True,True,4.793333333333333,0.5815384615384969,4.148833113166042,67.30000000000018,11788,135.192
2023H1|J_PULLBACK_CONTINUATION|2023-05-03T18:00:00+00:00|-1,60,2023-05-03 19:00:00.148000+00:00,2023-05-03 19:00:00.249000+00:00,True,135.454,135.462,-15.099999999998204,47.100000000000364,-39.699999999999136,True,True,6.68,0.6651376146788919,5.042079207920887,87.30000000000189,25346,135.192
2023H1|J_PULLBACK_CONTINUATION|2023-05-03T18:00:00+00:00|-1,90,2023-05-03 19:30:00.148000+00:00,2023-05-03 19:30:00.261000+00:00,True,135.137,135.145,16.59999999999968,47.100000000000364,-39.699999999999136,True,False,5.52,0.9447004608294871,4.305036984854003,87.30000000000189,37076,135.192
2023H1|J_PULLBACK_CONTINUATION|2023-05-03T18:00:00+00:00|-1,120,2023-05-03 20:00:00.148000+00:00,2023-05-03 20:00:00.162000+00:00,True,135.011,135.018,29.300000000000637,47.100000000000364,-39.699999999999136,True,False,3.756666666666667,0.1374407582938133,3.883698760724629,87.30000000000189,45873,135.192
2023H1|J_PULLBACK_CONTINUATION|2023-05-04T01:45:00+00:00|-1,15,2023-05-04 02:00:00.143000+00:00,2023-05-04 02:00:00.539000+00:00,True,134.537,134.541,-3.999999999999204,0.20000000000095497,-8.199999999999363,False,False,2.05,0.5799999999997953,0.7777777777777923,8.400000000000318,1825,134.345
2023H1|J_PULLBACK_CONTINUATION|2023-05-04T01:45:00+00:00|-1,30,2023-05-04 02:15:00.143000+00:00,2023-05-04 02:15:05.697000+00:00,True,134.509,134.515,-1.3999999999981583,0.9000000000014552,-8.199999999999363,False,False,1.69,0.7169811320757145,0.9238578680203748,9.100000000000819,3421,134.345
2023H1|J_PULLBACK_CONTINUATION|2023-05-04T01:45:00+00:00|-1,60,2023-05-04 02:45:00.143000+00:00,2023-05-04 02:45:00.332000+00:00,True,134.472,134.478,2.2999999999996135,3.2000000000010687,-8.199999999999363,False,False,1.4333333333333333,0.5254237288136818,1.2474144789179955,11.199999999999477,5882,134.345
2023H1|J_PULLBACK_CONTINUATION|2023-05-04T01:45:00+00:00|-1,90,2023-05-04 03:15:00.143000+00:00,2023-05-04 03:15:00.276000+00:00,True,134.488,134.494,0.7000000000005002,5.000000000001137,-8.199999999999363,False,False,1.4266666666666667,0.6103896103899555,1.4660271782574243,13.100000000000023,8742,134.345
2023H1|J_PULLBACK_CONTINUATION|2023-05-04T01:45:00+00:00|-1,120,2023-05-04 03:45:00.143000+00:00,2023-05-04 03:45:00.175000+00:00,True,134.511,134.518,-1.6999999999995907,5.000000000001137,-8.199999999999363,False,False,1.6466666666666667,0.40909090909112444,1.8176412289395723,13.100000000000023,11399,134.345
2023H1|J_PULLBACK_CONTINUATION|2023-05-04T06:30:00+00:00|-1,15,2023-05-04 06:45:00.145000+00:00,2023-05-04 06:45:00.234000+00:00,True,134.222,134.228,7.399999999998386,15.199999999998681,-4.699999999999704,True,False,2.69,0.2165898617511255,1.9389204545456087,19.50000000000216,2615,134.292
2023H1|J_PULLBACK_CONTINUATION|2023-05-04T06:30:00+00:00|-1,30,2023-05-04 07:00:00.145000+00:00,2023-05-04 07:00:00.250000+00:00,True,134.346,134.353,-5.100000000001614,15.199999999998681,-9.800000000001319,True,False,3.07,0.16949152542370227,2.142503097893511,24.70000000000141,5272,134.292
2023H1|J_PULLBACK_CONTINUATION|2023-05-04T06:30:00+00:00|-1,60,2023-05-04 07:30:00.145000+00:00,2023-05-04 07:30:00.263000+00:00,True,134.721,134.727,-42.50000000000114,15.199999999998681,-43.99999999999977,True,True,5.3566666666666665,0.7327586206898157,4.447680690399094,58.899999999999864,14577,134.292
2023H1|J_PULLBACK_CONTINUATION|2023-05-04T06:30:00+00:00|-1,90,2023-05-04 08:00:00.145000+00:00,2023-05-04 08:00:00.180000+00:00,True,134.671,134.677,-37.5,15.199999999998681,-51.900000000000546,True,True,3.743333333333333,0.851562499999941,4.835573940020806,66.80000000000064,22067,134.292
2023H1|J_PULLBACK_CONTINUATION|2023-05-04T06:30:00+00:00|-1,120,2023-05-04 08:30:00.145000+00:00,2023-05-04 08:30:00.187000+00:00,True,134.654,134.659,-35.69999999999993,15.199999999998681,-51.900000000000546,True,True,2.67,0.307692307692345,4.735189873417917,66.80000000000064,28469,134.292
2023H1|J_PULLBACK_CONTINUATION|2023-05-04T11:00:00+00:00|-1,15,2023-05-04 11:15:00.216000+00:00,2023-05-04 11:15:00.358000+00:00,True,134.458,134.464,1.9000000000005457,6.200000000001182,-5.299999999999727,False,False,3.0033333333333334,0.3666666666665088,0.9186991869919071,11.299999999999955,2862,134.415
2023H1|J_PULLBACK_CONTINUATION|2023-05-04T11:00:00+00:00|-1,30,2023-05-04 11:30:00.216000+00:00,2023-05-04 11:30:00.319000+00:00,True,134.479,134.484,-0.10000000000047748,7.400000000001228,-5.299999999999727,True,False,3.1066666666666665,0.6562500000001481,1.0603550295859547,12.800000000001432,5233,134.415
2023H1|J_PULLBACK_CONTINUATION|2023-05-04T11:00:00+00:00|-1,60,2023-05-04 12:00:00.216000+00:00,2023-05-04 12:00:00.251000+00:00,True,134.417,134.423,6.000000000000227,12.600000000000477,-5.299999999999727,True,False,2.8266666666666667,0.5384615384614183,1.5132850241546532,17.900000000000205,9999,134.415
2023H1|J_PULLBACK_CONTINUATION|2023-05-04T11:00:00+00:00|-1,90,2023-05-04 12:30:00.216000+00:00,2023-05-04 12:30:00.235000+00:00,True,134.511,134.535,-5.19999999999925,15.899999999999181,-11.299999999999955,True,True,4.6033333333333335,0.732758620689696,1.8495794161306123,26.69999999999959,19111,134.415
2023H1|J_PULLBACK_CONTINUATION|2023-05-04T11:00:00+00:00|-1,120,2023-05-04 13:00:00.216000+00:00,2023-05-04 13:00:00.347000+00:00,True,134.824,134.83,-34.70000000000084,15.899999999999181,-38.900000000001,True,True,6.05,0.31491712707173647,3.2080876158382816,54.400000000001114,29638,134.415
2023H1|J_PULLBACK_CONTINUATION|2023-05-04T17:45:00+00:00|-1,15,2023-05-04 18:00:00.214000+00:00,2023-05-04 18:00:00.259000+00:00,True,134.038,134.046,-10.499999999998977,3.0000000000001137,-10.200000000000387,False,True,1.93,0.011627906976471314,0.6570218772054176,13.300000000000978,1654,133.498
2023H1|J_PULLBACK_CONTINUATION|2023-05-04T17:45:00+00:00|-1,30,2023-05-04 18:15:00.214000+00:00,2023-05-04 18:15:02.949000+00:00,True,134.105,134.11,-16.900000000001114,3.0000000000001137,-16.99999999999875,False,True,1.6766666666666667,0.7522935779815317,1.056205205582746,19.999999999998863,3505,133.498
2023H1|J_PULLBACK_CONTINUATION|2023-05-04T17:45:00+00:00|-1,60,2023-05-04 18:45:00.214000+00:00,2023-05-04 18:45:01.052000+00:00,True,134.025,134.03,-8.899999999999864,3.0000000000001137,-26.599999999999113,False,False,1.81,0.047244094488197774,1.619382571316898,29.599999999999227,6067,133.498
2023H1|J_PULLBACK_CONTINUATION|2023-05-04T17:45:00+00:00|-1,90,2023-05-04 19:15:00.214000+00:00,2023-05-04 19:15:00.225000+00:00,True,134.154,134.163,-22.20000000000084,3.0000000000001137,-29.699999999999704,False,True,1.6566666666666667,0.4494382022471085,2.0291648254529777,32.800000000000296,8729,133.498
2023H1|J_PULLBACK_CONTINUATION|2023-05-04T17:45:00+00:00|-1,120,2023-05-04 19:45:00.214000+00:00,2023-05-04 19:45:00.415000+00:00,True,134.119,134.126,-18.500000000000227,3.0000000000001137,-29.699999999999704,False,True,1.12,0.40476190476213036,2.4556149732620853,32.800000000000296,10820,133.498
2023H1|J_PULLBACK_CONTINUATION|2023-05-04T23:45:00+00:00|-1,15,2023-05-05 00:00:00.441000+00:00,2023-05-05 00:00:04.249000+00:00,True,134.152,134.159,1.099999999999568,1.4999999999986358,-6.700000000000728,True,False,0.023333333333333334,0.30701754385960756,1.1789473684212157,8.00000000000125,493,134.169
2023H1|J_PULLBACK_CONTINUATION|2023-05-04T23:45:00+00:00|-1,30,2023-05-05 00:15:00.441000+00:00,2023-05-05 00:15:00.461000+00:00,True,134.223,134.229,-5.900000000002592,1.8999999999977035,-9.499999999999886,True,True,0.5666666666666667,0.7684210526316672,1.6219512195122419,11.400000000000432,1164,134.169
2023H1|J_PULLBACK_CONTINUATION|2023-05-04T23:45:00+00:00|-1,60,2023-05-05 00:45:00.441000+00:00,2023-05-05 00:45:00.588000+00:00,True,134.097,134.104,6.599999999997408,8.399999999997476,-9.499999999999886,True,False,0.6133333333333333,0.5,2.305427782888674,17.900000000000205,2627,134.169
2023H1|J_PULLBACK_CONTINUATION|2023-05-04T23:45:00+00:00|-1,90,2023-05-05 01:15:00.441000+00:00,2023-05-05 01:15:00.685000+00:00,True,134.023,134.029,14.099999999999113,14.099999999999113,-9.499999999999886,True,False,1.1933333333333334,0.835616438356175,2.91358024691377,23.60000000000184,4572,134.169
2023H1|J_PULLBACK_CONTINUATION|2023-05-04T23:45:00+00:00|-1,120,2023-05-05 01:45:00.441000+00:00,2023-05-05 01:45:00.758000+00:00,True,134.02,134.027,14.300000000000068,18.999999999999773,-9.499999999999886,True,False,0.6933333333333334,0.5306122448981012,3.5187835420393565,28.10000000000059,6132,134.169
2023H1|J_PULLBACK_CONTINUATION|2023-05-05T08:00:00+00:00|-1,15,2023-05-05 08:15:00.119000+00:00,2023-05-05 08:15:00.261000+00:00,True,134.08,134.087,-3.3999999999991815,8.500000000000796,-3.8000000000010914,False,True,1.6566666666666667,0.5371900826445679,1.0351515151514257,12.199999999998568,1794,133.888
2023H1|J_PULLBACK_CONTINUATION|2023-05-05T08:00:00+00:00|-1,30,2023-05-05 08:30:00.119000+00:00,2023-05-05 08:30:01.713000+00:00,True,134.027,134.032,2.0999999999986585,8.500000000000796,-4.300000000000637,False,False,1.5966666666666667,0.11926605504590981,1.0957254665863734,12.999999999999545,3442,133.888
2023H1|J_PULLBACK_CONTINUATION|2023-05-05T08:00:00+00:00|-1,60,2023-05-05 09:00:00.119000+00:00,2023-05-05 09:00:01.231000+00:00,True,134.149,134.155,-10.200000000000387,8.500000000000796,-14.699999999999136,False,True,1.3266666666666667,0.6545454545453981,1.871527777777755,23.099999999999454,6268,133.888
2023H1|J_PULLBACK_CONTINUATION|2023-05-05T08:00:00+00:00|-1,90,2023-05-05 09:30:00.119000+00:00,2023-05-05 09:30:00.467000+00:00,True,134.192,134.2,-14.699999999999136,8.500000000000796,-15.600000000000591,False,True,1.2633333333333334,0.548387096773957,2.1731879409876886,24.199999999999022,8967,133.888
2023H1|J_PULLBACK_CONTINUATION|2023-05-05T08:00:00+00:00|-1,120,2023-05-05 10:00:00.119000+00:00,2023-05-05 10:00:00.163000+00:00,True,134.175,134.181,-12.800000000001432,8.500000000000796,-19.900000000001228,False,True,1.1433333333333333,0.6065573770492109,2.766875434933733,28.39999999999918,11125,133.888
2023H1|J_PULLBACK_CONTINUATION|2023-05-10T20:00:00+00:00|-1,15,2023-05-10 20:15:00.102000+00:00,2023-05-10 20:15:00.224000+00:00,True,134.326,134.331,1.8000000000000682,5.599999999998317,-0.7000000000005002,False,False,1.0533333333333332,1.0,0.7910313901346706,6.30000000000166,1041,134.193
2023H1|J_PULLBACK_CONTINUATION|2023-05-10T20:00:00+00:00|-1,30,2023-05-10 20:30:00.102000+00:00,2023-05-10 20:30:00.165000+00:00,True,134.325,134.333,1.5999999999991132,5.599999999998317,-0.8000000000009777,False,False,0.6933333333333334,0.6153846153846995,0.8802395209582575,6.30000000000166,1587,134.193
2023H1|J_PULLBACK_CONTINUATION|2023-05-10T20:00:00+00:00|-1,60,2023-05-10 21:00:00.102000+00:00,2023-05-10 21:00:05.367000+00:00,True,134.332,134.375,-2.600000000001046,5.599999999998317,-6.200000000001182,False,True,2.4,0.0806451612902338,1.6342975206610726,11.299999999999955,3619,134.193
2023H1|J_PULLBACK_CONTINUATION|2023-05-10T20:00:00+00:00|-1,90,2023-05-10 21:30:00.102000+00:00,2023-05-10 21:30:00.286000+00:00,True,134.257,134.295,5.400000000000205,6.699999999997885,-6.200000000001182,False,False,2.1066666666666665,0.46153846153843747,2.199349945828403,14.499999999998181,8219,134.193
2023H1|J_PULLBACK_CONTINUATION|2023-05-10T20:00:00+00:00|-1,120,2023-05-10 22:00:00.102000+00:00,2023-05-10 22:00:00.203000+00:00,True,134.282,134.309,3.999999999999204,8.699999999998909,-6.200000000001182,False,False,0.63,0.38823529411779256,2.4855614973259983,16.59999999999968,10603,134.193
2023H1|J_PULLBACK_CONTINUATION|2023-05-11T03:15:00+00:00|-1,15,2023-05-11 03:30:00.131000+00:00,2023-05-11 03:30:00.366000+00:00,True,134.126,134.134,1.8000000000000682,4.099999999999682,-1.8000000000000682,False,False,1.2633333333333334,0.08888888888870639,0.6392694063924328,5.999999999997385,788,134.008
2023H1|J_PULLBACK_CONTINUATION|2023-05-11T03:15:00+00:00|-1,30,2023-05-11 03:45:00.131000+00:00,2023-05-11 03:45:00.216000+00:00,True,134.164,134.167,-1.500000000001478,4.099999999999682,-1.8000000000000682,False,True,0.6233333333333333,0.2567567567567879,0.6976744186043591,5.999999999997385,1712,134.008
2023H1|J_PULLBACK_CONTINUATION|2023-05-11T03:15:00+00:00|-1,60,2023-05-11 04:15:00.131000+00:00,2023-05-11 04:15:00.217000+00:00,True,134.19,134.196,-4.400000000001114,4.099999999999682,-8.800000000002228,False,True,1.88,0.0,1.6794751640110948,12.79999999999859,3953,134.008
2023H1|J_PULLBACK_CONTINUATION|2023-05-11T03:15:00+00:00|-1,90,2023-05-11 04:45:00.131000+00:00,2023-05-11 04:45:03.778000+00:00,True,134.26,134.266,-11.400000000000432,4.099999999999682,-15.900000000002024,False,True,2.006666666666667,0.8333333333335965,2.7696850393700894,20.09999999999934,7569,134.008
2023H1|J_PULLBACK_CONTINUATION|2023-05-11T03:15:00+00:00|-1,120,2023-05-11 05:15:00.131000+00:00,2023-05-11 05:15:00.185000+00:00,True,134.194,134.198,-4.600000000002069,4.099999999999682,-15.900000000002024,False,True,1.44,0.12727272727280248,2.8597560975610214,20.09999999999934,11144,134.008
2023H1|J_PULLBACK_CONTINUATION|2023-05-21T21:00:00+00:00|-1,15,2023-05-21 21:15:00.096000+00:00,2023-05-21 21:15:01.371000+00:00,True,137.992,138.004,-4.099999999999682,-3.300000000001546,-10.099999999999909,False,True,0.043333333333333335,0.48148148148140346,0.4117647058825595,4.000000000002046,61,137.835
2023H1|J_PULLBACK_CONTINUATION|2023-05-21T21:00:00+00:00|-1,30,2023-05-21 21:30:00.096000+00:00,2023-05-21 21:30:04.838000+00:00,True,137.989,138.029,-6.60000000000025,-3.300000000001546,-10.099999999999909,False,True,0.016666666666666666,1.0,0.45197740113016277,4.000000000002046,93,137.835
2023H1|J_PULLBACK_CONTINUATION|2023-05-21T21:00:00+00:00|-1,60,2023-05-21 22:00:00.096000+00:00,2023-05-21 22:00:00.113000+00:00,True,137.982,138.02,-5.700000000001637,-3.300000000001546,-10.099999999999909,False,True,0.11333333333333333,0.7607361963190709,0.4697986577183583,4.000000000002046,292,137.835
2023H1|J_PULLBACK_CONTINUATION|2023-05-21T21:00:00+00:00|-1,90,2023-05-21 22:30:00.096000+00:00,2023-05-21 22:30:00.189000+00:00,True,137.753,137.759,20.400000000000773,22.49999999999943,-10.099999999999909,True,False,1.1833333333333333,0.20238095238089604,3.0996732026144334,27.1000000000015,2123,137.835
2023H1|J_PULLBACK_CONTINUATION|2023-05-21T21:00:00+00:00|-1,120,2023-05-21 23:00:00.096000+00:00,2023-05-21 23:00:00.097000+00:00,True,137.684,137.691,27.199999999999136,29.300000000000637,-10.099999999999909,True,False,0.7,0.9553571428571814,3.5951661631419967,34.00000000000034,3783,137.835
2023H1|J_PULLBACK_CONTINUATION|2023-05-22T03:00:00+00:00|-1,15,2023-05-22 03:15:00.134000+00:00,2023-05-22 03:15:00.302000+00:00,True,137.665,137.67,-4.099999999999682,0.2999999999985903,-7.200000000000273,False,False,1.63,0.04651162790653096,0.6542056074765406,7.499999999998863,1403,137.492
2023H1|J_PULLBACK_CONTINUATION|2023-05-22T03:00:00+00:00|-1,30,2023-05-22 03:30:00.134000+00:00,2023-05-22 03:30:06.268000+00:00,True,137.693,137.697,-6.800000000001205,0.2999999999985903,-7.200000000000273,False,True,0.9333333333333333,0.6867469879520176,0.7177033492821908,7.499999999998863,2279,137.492
2023H1|J_PULLBACK_CONTINUATION|2023-05-22T03:00:00+00:00|-1,60,2023-05-22 04:00:00.134000+00:00,2023-05-22 04:00:00.267000+00:00,True,137.696,137.7,-7.099999999999795,1.2999999999976808,-8.200000000002206,False,True,1.0166666666666666,0.9500000000002369,0.9822747415066255,9.499999999999886,4535,137.492
2023H1|J_PULLBACK_CONTINUATION|2023-05-22T03:00:00+00:00|-1,90,2023-05-22 04:30:00.134000+00:00,2023-05-22 04:30:00.234000+00:00,True,137.666,137.671,-4.200000000000159,1.2999999999976808,-8.200000000002206,False,False,0.87,0.10416666666656793,1.1874999999999811,9.499999999999886,6183,137.492
2023H1|J_PULLBACK_CONTINUATION|2023-05-22T03:00:00+00:00|-1,120,2023-05-22 05:00:00.134000+00:00,2023-05-22 05:00:00.472000+00:00,True,137.788,137.794,-16.500000000002046,1.2999999999976808,-18.200000000001637,False,True,1.79,0.6491228070172902,2.5243790248389395,19.599999999999795,8867,137.492
2023H1|J_PULLBACK_CONTINUATION|2023-05-29T14:15:00+00:00|-1,15,2023-05-29 14:30:01.792000+00:00,2023-05-29 14:30:02.045000+00:00,True,140.258,140.266,-4.699999999999704,-0.30000000000143245,-5.700000000001637,False,True,0.7666666666666667,0.595238095238208,0.8699654775604759,5.400000000000205,564,140.112
2023H1|J_PULLBACK_CONTINUATION|2023-05-29T14:15:00+00:00|-1,30,2023-05-29 14:45:01.792000+00:00,2023-05-29 14:45:03.116000+00:00,True,140.277,140.281,-6.200000000001182,-0.30000000000143245,-8.70000000000175,False,True,0.9033333333333333,0.22500000000024867,1.3983353151011568,8.400000000000318,1120,140.112
2023H1|J_PULLBACK_CONTINUATION|2023-05-29T14:15:00+00:00|-1,60,2023-05-29 15:15:01.792000+00:00,2023-05-29 15:15:03.576000+00:00,True,140.337,140.342,-12.300000000001887,-0.30000000000143245,-15.300000000002001,False,True,0.6666666666666666,0.8684210526317364,2.637168141592947,14.900000000000091,2943,140.112
2023H1|J_PULLBACK_CONTINUATION|2023-05-29T14:15:00+00:00|-1,90,2023-05-29 15:45:01.792000+00:00,2023-05-29 15:45:03.559000+00:00,True,140.304,140.313,-9.399999999999409,-0.30000000000143245,-15.700000000001069,False,True,0.31,0.5166666666662719,2.6260657734469603,15.399999999999636,4265,140.112
2023H1|J_PULLBACK_CONTINUATION|2023-05-29T14:15:00+00:00|-1,120,2023-05-29 16:15:01.792000+00:00,2023-05-29 16:15:01.898000+00:00,True,140.337,140.343,-12.399999999999523,-0.30000000000143245,-15.700000000001069,False,True,0.6466666666666666,0.9749999999998934,2.760563380281504,15.399999999999636,5655,140.112
2023H1|J_PULLBACK_CONTINUATION|2023-05-30T14:15:00+00:00|-1,15,2023-05-30 14:30:00.017000+00:00,2023-05-30 14:30:00.108000+00:00,True,139.767,139.771,9.000000000000341,9.699999999997999,-11.899999999999977,False,False,3.3766666666666665,0.46829268292681847,1.2273658336748632,21.400000000002706,2614,139.611
2023H1|J_PULLBACK_CONTINUATION|2023-05-30T14:15:00+00:00|-1,30,2023-05-30 14:45:00.017000+00:00,2023-05-30 14:45:00.082000+00:00,True,139.68,139.685,17.599999999998772,28.600000000000136,-11.899999999999977,True,False,3.08,0.1920529801324129,2.3420506434205755,40.300000000002,6220,139.611
2023H1|J_PULLBACK_CONTINUATION|2023-05-30T14:15:00+00:00|-1,60,2023-05-30 15:15:00.017000+00:00,2023-05-30 15:15:00.208000+00:00,True,139.751,139.756,10.499999999998977,28.600000000000136,-11.899999999999977,True,False,2.26,0.024390243902557396,2.5964104924069034,40.300000000002,11045,139.611
2023H1|J_PULLBACK_CONTINUATION|2023-05-30T14:15:00+00:00|-1,90,2023-05-30 15:45:00.017000+00:00,2023-05-30 15:45:00.490000+00:00,True,139.818,139.822,3.8999999999987267,28.600000000000136,-11.899999999999977,True,False,2.33,0.6849315068492777,2.7752090506641984,40.300000000002,15839,139.611
2023H1|J_PULLBACK_CONTINUATION|2023-05-30T14:15:00+00:00|-1,120,2023-05-30 16:15:00.017000+00:00,2023-05-30 16:15:02.227000+00:00,True,139.768,139.774,8.699999999998909,28.600000000000136,-11.899999999999977,True,False,1.21,0.21359223300960695,2.894817855310541,40.300000000002,19256,139.611
2023H1|J_PULLBACK_CONTINUATION|2023-05-30T19:15:00+00:00|-1,15,2023-05-30 19:30:00.983000+00:00,2023-05-30 19:30:01.190000+00:00,True,139.745,139.75,0.6000000000000227,2.600000000001046,-1.5999999999991132,False,False,1.0566666666666666,0.11475409836072448,0.5711574952562658,4.300000000000637,1306,139.713
2023H1|J_PULLBACK_CONTINUATION|2023-05-30T19:15:00+00:00|-1,30,2023-05-30 19:45:00.983000+00:00,2023-05-30 19:45:01.011000+00:00,True,139.796,139.802,-4.599999999999227,2.600000000001046,-4.699999999999704,False,False,1.3066666666666666,0.6486486486488148,0.9970731707318596,7.30000000000075,2191,139.713
2023H1|J_PULLBACK_CONTINUATION|2023-05-30T19:15:00+00:00|-1,60,2023-05-30 20:15:00.983000+00:00,2023-05-30 20:15:01.612000+00:00,True,139.824,139.831,-7.499999999998863,2.600000000001046,-8.099999999998886,False,True,0.78,0.6842105263157108,1.4794520547946302,10.80000000000041,4829,139.713
2023H1|J_PULLBACK_CONTINUATION|2023-05-30T19:15:00+00:00|-1,90,2023-05-30 20:45:00.983000+00:00,2023-05-30 20:45:01.446000+00:00,True,139.781,139.786,-3.0000000000001137,2.600000000001046,-8.099999999998886,False,False,0.7133333333333334,0.6363636363630492,1.6931690929452996,10.80000000000041,6092,139.713
2023H1|J_PULLBACK_CONTINUATION|2023-05-30T19:15:00+00:00|-1,120,2023-05-30 21:15:00.983000+00:00,2023-05-30 21:17:57.684000+00:00,True,139.745,139.853,-9.700000000000841,2.600000000001046,-12.399999999999523,False,True,0.09,0.09090909090891475,1.7399309551210087,10.80000000000041,6831,139.713
2023H1|J_PULLBACK_CONTINUATION|2023-05-31T00:45:00+00:00|-1,15,2023-05-31 01:00:00.235000+00:00,2023-05-31 01:00:00.288000+00:00,True,139.668,139.675,8.699999999998909,14.099999999999113,-5.699999999998795,True,False,3.24,0.10655737704921087,2.132520944402077,19.999999999998863,2203,139.674
2023H1|J_PULLBACK_CONTINUATION|2023-05-31T00:45:00+00:00|-1,30,2023-05-31 01:15:00.235000+00:00,2023-05-31 01:15:00.242000+00:00,True,139.723,139.73,3.2000000000010687,14.099999999999113,-5.699999999998795,True,False,2.0566666666666666,0.38596491228053553,2.0347071583513707,20.09999999999934,4207,139.674
2023H1|J_PULLBACK_CONTINUATION|2023-05-31T00:45:00+00:00|-1,60,2023-05-31 01:45:00.235000+00:00,2023-05-31 01:45:04.440000+00:00,True,139.831,139.838,-7.599999999999341,14.099999999999113,-14.099999999999113,True,True,1.7866666666666666,0.45714285714286873,2.8856518572467924,28.299999999998704,8745,139.674
2023H1|J_PULLBACK_CONTINUATION|2023-05-31T00:45:00+00:00|-1,90,2023-05-31 02:15:00.235000+00:00,2023-05-31 02:15:01.111000+00:00,True,139.859,139.867,-10.499999999998977,14.099999999999113,-14.099999999999113,True,True,1.32,0.6712328767123501,2.749479528105352,28.299999999998704,11800,139.674
2023H1|J_PULLBACK_CONTINUATION|2023-05-31T00:45:00+00:00|-1,120,2023-05-31 02:45:00.235000+00:00,2023-05-31 02:45:00.445000+00:00,True,139.789,139.796,-3.3999999999991815,14.099999999999113,-14.099999999999113,True,True,1.2566666666666666,0.9374999999997224,2.8219373219370856,28.299999999998704,14121,139.674
2023H1|J_PULLBACK_CONTINUATION|2023-05-31T05:15:00+00:00|-1,15,2023-05-31 05:30:00.371000+00:00,2023-05-31 05:30:00.402000+00:00,True,139.54,139.546,17.900000000000205,18.099999999998317,-1.6000000000019554,True,False,3.06,0.9536679536679545,2.2188254223652346,19.700000000000273,1861,139.647
2023H1|J_PULLBACK_CONTINUATION|2023-05-31T05:15:00+00:00|-1,30,2023-05-31 05:45:00.371000+00:00,2023-05-31 05:45:00.586000+00:00,True,139.354,139.358,36.69999999999902,37.89999999999907,-1.6000000000019554,True,False,3.4266666666666667,0.5,4.262269938650115,39.699999999999136,5348,139.647
2023H1|J_PULLBACK_CONTINUATION|2023-05-31T05:15:00+00:00|-1,60,2023-05-31 06:15:00.371000+00:00,2023-05-31 06:15:00.989000+00:00,True,139.42,139.426,29.90000000000066,40.799999999998704,-1.6000000000019554,True,False,3.1633333333333336,0.12432432432430185,3.854545454545276,42.39999999999782,11125,139.647
2023H1|J_PULLBACK_CONTINUATION|2023-05-31T05:15:00+00:00|-1,90,2023-05-31 06:45:00.371000+00:00,2023-05-31 06:45:00.420000+00:00,True,139.412,139.417,30.799999999999272,40.799999999998704,-1.6000000000019554,True,False,2.34,0.18181818181815423,3.3574660633482423,42.39999999999782,16049,139.647
2023H1|J_PULLBACK_CONTINUATION|2023-05-31T05:15:00+00:00|-1,120,2023-05-31 07:15:00.371000+00:00,2023-05-31 07:15:00.472000+00:00,True,139.629,139.632,9.299999999998931,40.799999999998704,-1.6000000000019554,True,True,2.9766666666666666,0.504273504273525,3.0456644433041267,42.39999999999782,21762,139.647
2023H1|J_PULLBACK_CONTINUATION|2023-06-01T01:00:00+00:00|-1,15,2023-06-01 01:15:00.767000+00:00,2023-06-01 01:15:02.430000+00:00,True,139.211,139.218,-2.7999999999991587,0.9999999999990905,-7.200000000000273,False,False,1.23,0.02690582959641541,0.7278287461774295,8.500000000000796,812,138.956
2023H1|J_PULLBACK_CONTINUATION|2023-06-01T01:00:00+00:00|-1,30,2023-06-01 01:30:00.767000+00:00,2023-06-01 01:30:00.841000+00:00,True,139.326,139.332,-14.19999999999959,6.60000000000025,-15.700000000001069,False,True,1.4666666666666666,0.4545454545454839,1.8332354668230941,22.299999999998477,2098,138.956
2023H1|J_PULLBACK_CONTINUATION|2023-06-01T01:00:00+00:00|-1,60,2023-06-01 02:00:00.767000+00:00,2023-06-01 02:00:00.792000+00:00,True,139.379,139.389,-19.900000000001228,6.60000000000025,-29.09999999999968,False,True,2.223333333333333,0.8082191780823891,2.8837744533947403,35.80000000000041,5772,138.956
2023H1|J_PULLBACK_CONTINUATION|2023-06-01T01:00:00+00:00|-1,90,2023-06-01 02:30:00.767000+00:00,2023-06-01 02:30:00.802000+00:00,True,139.454,139.461,-27.1000000000015,6.60000000000025,-29.09999999999968,False,True,1.26,0.6509433962264328,2.9105691056910277,35.80000000000041,8275,138.956
2023H1|J_PULLBACK_CONTINUATION|2023-06-01T01:00:00+00:00|-1,120,2023-06-01 03:00:00.767000+00:00,2023-06-01 03:00:04.103000+00:00,True,139.45,139.457,-26.69999999999959,6.60000000000025,-36.299999999999955,False,True,0.82,0.4666666666666919,3.5921052631579182,42.900000000000205,10519,138.956
2023H1|J_PULLBACK_CONTINUATION|2023-06-01T19:30:00+00:00|-1,15,2023-06-01 19:45:01.592000+00:00,2023-06-01 19:45:02.909000+00:00,True,138.823,138.829,-4.300000000000637,0.8000000000009777,-4.699999999999704,False,False,0.8966666666666666,0.5777777777779883,0.836956521739168,5.500000000000682,799,138.71
2023H1|J_PULLBACK_CONTINUATION|2023-06-01T19:30:00+00:00|-1,30,2023-06-01 20:00:01.592000+00:00,2023-06-01 20:00:01.644000+00:00,True,138.804,138.808,-2.199999999999136,2.400000000000091,-6.800000000001205,False,False,0.9666666666666667,0.12820512820505348,1.3770491803278475,9.000000000000341,1438,138.71
2023H1|J_PULLBACK_CONTINUATION|2023-06-01T19:30:00+00:00|-1,60,2023-06-01 20:30:01.592000+00:00,2023-06-01 20:30:01.658000+00:00,True,138.79,138.797,-1.099999999999568,2.400000000000091,-6.800000000001205,False,False,0.6766666666666666,0.17391304347788483,1.4634146341463175,9.000000000000341,2258,138.71
2023H1|J_PULLBACK_CONTINUATION|2023-06-01T19:30:00+00:00|-1,90,2023-06-01 21:00:01.592000+00:00,2023-06-01 21:00:02.042000+00:00,True,138.768,138.816,-3.0000000000001137,2.400000000000091,-6.800000000001205,False,False,0.5433333333333333,0.10344827586208583,1.4946619217082606,9.000000000000341,2827,138.71
2023H1|J_PULLBACK_CONTINUATION|2023-06-01T19:30:00+00:00|-1,120,2023-06-01 21:30:01.592000+00:00,2023-06-01 21:30:04.277000+00:00,True,138.813,138.849,-6.299999999998818,2.400000000000091,-11.7999999999995,False,True,0.16,0.38461538461560885,1.5955882352943616,9.300000000001774,2986,138.71
2023H1|J_PULLBACK_CONTINUATION|2023-06-02T00:00:00+00:00|-1,15,2023-06-02 00:15:00.068000+00:00,2023-06-02 00:15:00.107000+00:00,True,138.781,138.788,-4.699999999999704,7.400000000001228,-5.699999999998795,True,False,2.2733333333333334,0.4161073825502216,2.108045977011487,13.100000000000023,1663,138.71
2023H1|J_PULLBACK_CONTINUATION|2023-06-02T00:00:00+00:00|-1,30,2023-06-02 00:30:00.068000+00:00,2023-06-02 00:30:00.267000+00:00,True,138.865,138.871,-12.999999999999545,7.400000000001228,-19.39999999999884,True,True,0.9066666666666666,0.7204301075268226,4.161325966850778,26.900000000000546,2957,138.71
2023H1|J_PULLBACK_CONTINUATION|2023-06-02T00:00:00+00:00|-1,60,2023-06-02 01:00:00.068000+00:00,2023-06-02 01:00:00.155000+00:00,True,138.951,138.958,-21.699999999998454,7.400000000001228,-23.999999999998067,True,True,2.183333333333333,0.4929577464788394,3.854895104895059,31.499999999999773,5911,138.71
2023H1|J_PULLBACK_CONTINUATION|2023-06-02T00:00:00+00:00|-1,90,2023-06-02 01:30:00.068000+00:00,2023-06-02 01:30:00.068000+00:00,True,138.949,138.957,-21.599999999997976,7.400000000001228,-31.799999999998363,True,True,1.0366666666666666,0.8571428571430803,4.52095316351691,39.30000000000007,8707,138.71
2023H1|J_PULLBACK_CONTINUATION|2023-06-02T00:00:00+00:00|-1,120,2023-06-02 02:00:00.068000+00:00,2023-06-02 02:00:00.831000+00:00,True,138.871,138.877,-13.599999999999568,7.400000000001228,-31.799999999998363,True,True,1.2933333333333332,0.35937499999997913,4.419277108433827,39.30000000000007,11207,138.71
2023H1|J_PULLBACK_CONTINUATION|2023-06-02T06:15:00+00:00|-1,15,2023-06-02 06:30:00.407000+00:00,2023-06-02 06:30:00.485000+00:00,True,138.911,138.917,-7.900000000000773,0.7000000000005002,-9.499999999999886,False,True,1.66,0.8942307692307955,1.2352941176469114,10.499999999998977,1409,138.788
2023H1|J_PULLBACK_CONTINUATION|2023-06-02T06:15:00+00:00|-1,30,2023-06-02 06:45:00.407000+00:00,2023-06-02 06:45:00.791000+00:00,True,138.854,138.86,-2.200000000001978,0.7000000000005002,-11.299999999999955,False,True,1.1566666666666667,0.8767123287669366,1.4724342663273013,12.399999999999523,2741,138.788
2023H1|J_PULLBACK_CONTINUATION|2023-06-02T06:15:00+00:00|-1,60,2023-06-02 07:15:00.407000+00:00,2023-06-02 07:15:00.558000+00:00,True,138.867,138.87,-3.2000000000010687,0.7000000000005002,-11.299999999999955,False,True,2.1733333333333333,0.6031746031744385,1.4454621149041988,12.399999999999523,5860,138.788
2023H1|J_PULLBACK_CONTINUATION|2023-06-02T06:15:00+00:00|-1,90,2023-06-02 07:45:00.407000+00:00,2023-06-02 07:45:00.535000+00:00,True,138.976,138.982,-14.400000000000546,0.7000000000005002,-16.70000000000016,False,True,1.89,0.24299065420570676,1.9164733178653808,17.69999999999925,9491,138.788
2023H1|J_PULLBACK_CONTINUATION|2023-06-02T06:15:00+00:00|-1,120,2023-06-02 08:15:00.407000+00:00,2023-06-02 08:15:00.831000+00:00,True,139.022,139.027,-18.899999999999295,0.7000000000005002,-27.200000000001978,False,True,1.3433333333333333,0.960000000000091,2.9567164179103673,28.299999999998704,12797,138.788
2023H1|J_PULLBACK_CONTINUATION|2023-06-02T10:45:00+00:00|-1,15,2023-06-02 11:00:00.126000+00:00,2023-06-02 11:00:00.128000+00:00,True,138.889,138.894,-8.100000000001728,0.1999999999981128,-9.300000000001774,False,True,1.29,0.20000000000016238,1.0215053763440798,9.499999999999886,1133,138.739
2023H1|J_PULLBACK_CONTINUATION|2023-06-02T10:45:00+00:00|-1,30,2023-06-02 11:15:00.126000+00:00,2023-06-02 11:15:00.377000+00:00,True,138.928,138.933,-12.000000000000455,0.1999999999981128,-13.500000000001933,False,True,1.4766666666666666,0.9911504424778338,1.4663608562691264,13.700000000000045,2584,138.739
2023H1|J_PULLBACK_CONTINUATION|2023-06-02T10:45:00+00:00|-1,60,2023-06-02 11:45:00.126000+00:00,2023-06-02 11:45:00.466000+00:00,True,138.927,138.933,-12.000000000000455,0.1999999999981128,-17.40000000000066,False,True,1.6733333333333333,0.4468085106380405,1.993599999999924,17.799999999999727,5242,138.739
2023H1|J_PULLBACK_CONTINUATION|2023-06-02T10:45:00+00:00|-1,90,2023-06-02 12:15:00.126000+00:00,2023-06-02 12:15:00.143000+00:00,True,138.914,138.918,-10.500000000001819,0.1999999999981128,-17.40000000000066,False,True,2.21,0.2956521739131961,1.9856573705178602,17.799999999999727,8591,138.739
2023H1|J_PULLBACK_CONTINUATION|2023-06-02T10:45:00+00:00|-1,120,2023-06-02 12:45:00.126000+00:00,2023-06-02 12:45:00.159000+00:00,True,139.17,139.176,-36.299999999999955,7.399999999998386,-66.70000000000016,True,True,8.016666666666667,0.5681159420289814,4.725738396624443,71.99999999999989,19221,138.739
2023H1|J_PULLBACK_CONTINUATION|2023-06-05T22:45:00+00:00|-1,15,2023-06-05 23:00:00.050000+00:00,2023-06-05 23:00:02.111000+00:00,True,139.448,139.456,7.00000000000216,7.099999999999795,-1.2999999999976808,True,False,0.6233333333333333,0.47252747252749994,1.3023255813954102,8.400000000000318,538,139.48
2023H1|J_PULLBACK_CONTINUATION|2023-06-05T22:45:00+00:00|-1,30,2023-06-05 23:15:00.050000+00:00,2023-06-05 23:15:00.450000+00:00,True,139.405,139.412,11.400000000000432,16.100000000000136,-1.2999999999976808,True,False,0.38,0.07792207792208272,2.5793397231097375,17.300000000000182,1448,139.48
2023H1|J_PULLBACK_CONTINUATION|2023-06-05T22:45:00+00:00|-1,60,2023-06-05 23:45:00.050000+00:00,2023-06-05 23:45:00.156000+00:00,True,139.359,139.366,15.999999999999659,16.900000000001114,-1.2999999999976808,True,False,0.5333333333333333,0.0,2.348727615457064,17.799999999999727,2656,139.48
2023H1|J_PULLBACK_CONTINUATION|2023-06-05T22:45:00+00:00|-1,90,2023-06-06 00:15:00.050000+00:00,2023-06-06 00:15:00.497000+00:00,True,139.46,139.468,5.800000000002115,19.80000000000075,-1.2999999999976808,True,False,1.0233333333333334,0.5168539325841908,2.51903114186848,20.79999999999984,4923,139.48
2023H1|J_PULLBACK_CONTINUATION|2023-06-05T22:45:00+00:00|-1,120,2023-06-06 00:45:00.050000+00:00,2023-06-06 00:45:00.255000+00:00,True,139.548,139.555,-2.899999999999636,19.80000000000075,-3.7999999999982492,True,True,1.05,0.12500000000011102,2.828767123287467,23.599999999999,7076,139.48
2023H1|J_PULLBACK_CONTINUATION|2023-06-06T03:15:00+00:00|-1,15,2023-06-06 03:30:00.731000+00:00,2023-06-06 03:30:01.110000+00:00,True,139.478,139.484,-1.4000000000010004,0.6000000000000227,-3.8000000000010914,True,False,0.48,0.5909090909089147,0.6403326403327908,4.400000000001114,577,139.459
2023H1|J_PULLBACK_CONTINUATION|2023-06-06T03:15:00+00:00|-1,30,2023-06-06 03:45:00.731000+00:00,2023-06-06 03:45:00.908000+00:00,True,139.496,139.502,-3.2000000000010687,0.6000000000000227,-5.699999999998795,True,False,0.37333333333333335,0.01449275362326008,0.9363057324838934,6.299999999998818,1194,139.459
2023H1|J_PULLBACK_CONTINUATION|2023-06-06T03:15:00+00:00|-1,60,2023-06-06 04:15:00.731000+00:00,2023-06-06 04:15:02.556000+00:00,True,139.545,139.551,-8.099999999998886,0.6000000000000227,-9.499999999999886,True,True,0.8366666666666667,0.8000000000002274,1.6234213547646594,10.099999999999909,2635,139.459
2023H1|J_PULLBACK_CONTINUATION|2023-06-06T03:15:00+00:00|-1,90,2023-06-06 04:45:00.731000+00:00,2023-06-06 04:45:00.754000+00:00,True,139.511,139.515,-4.4999999999987494,0.6000000000000227,-17.099999999999227,True,False,1.6,0.775280898876286,2.7041942604858944,17.500000000001137,5799,139.459
2023H1|J_PULLBACK_CONTINUATION|2023-06-06T03:15:00+00:00|-1,120,2023-06-06 05:15:00.731000+00:00,2023-06-06 05:15:01.165000+00:00,True,139.408,139.415,5.500000000000682,12.700000000000955,-17.099999999999227,True,False,1.9633333333333334,0.13559322033908916,4.371308016877908,29.60000000000207,8985,139.459
2023H1|J_PULLBACK_CONTINUATION|2023-06-06T09:00:00+00:00|-1,15,2023-06-06 09:15:00.006000+00:00,2023-06-06 09:15:00.309000+00:00,True,139.193,139.197,1.300000000000523,5.500000000000682,-4.999999999998295,False,False,2.0633333333333335,0.26016260162612337,0.750766087844667,10.499999999998977,2159,139.095
2023H1|J_PULLBACK_CONTINUATION|2023-06-06T09:00:00+00:00|-1,30,2023-06-06 09:30:00.006000+00:00,2023-06-06 09:30:00.042000+00:00,True,139.248,139.254,-4.399999999998272,5.500000000000682,-7.599999999999341,False,False,1.9433333333333334,0.14062500000002087,0.9570747217805492,12.899999999999068,3909,139.095
2023H1|J_PULLBACK_CONTINUATION|2023-06-06T09:00:00+00:00|-1,60,2023-06-06 10:00:00.006000+00:00,2023-06-06 10:00:00.048000+00:00,True,139.338,139.344,-13.399999999998613,5.500000000000682,-17.900000000000205,False,True,1.4933333333333334,0.27058823529413734,1.7378795950984236,23.299999999997567,6972,139.095
2023H1|J_PULLBACK_CONTINUATION|2023-06-06T09:00:00+00:00|-1,90,2023-06-06 10:30:00.006000+00:00,2023-06-06 10:30:00.140000+00:00,True,139.364,139.369,-15.899999999999181,5.500000000000682,-21.09999999999843,False,True,1.63,0.018867924528382818,2.259168704156367,26.39999999999816,9653,139.095
2023H1|J_PULLBACK_CONTINUATION|2023-06-06T09:00:00+00:00|-1,120,2023-06-06 11:00:00.006000+00:00,2023-06-06 11:00:00.201000+00:00,True,139.442,139.447,-23.699999999999477,5.500000000000682,-25.7000000000005,False,True,1.4666666666666666,0.0877192982455528,2.849638870650167,31.000000000000227,12174,139.095
2023H1|J_PULLBACK_CONTINUATION|2023-06-07T05:30:00+00:00|-1,15,2023-06-07 05:45:03.158000+00:00,2023-06-07 05:45:03.661000+00:00,True,139.205,139.212,8.29999999999984,9.699999999997999,-1.2000000000000455,False,False,1.5566666666666666,0.9345794392522893,1.4315196998121227,10.899999999998045,1230,139.15
2023H1|J_PULLBACK_CONTINUATION|2023-06-07T05:30:00+00:00|-1,30,2023-06-07 06:00:03.158000+00:00,2023-06-07 06:00:03.238000+00:00,True,139.164,139.17,12.5,12.699999999998113,-1.2000000000000455,False,False,1.89,0.5714285714286738,1.7767776777676811,14.099999999999113,2481,139.15
2023H1|J_PULLBACK_CONTINUATION|2023-06-07T05:30:00+00:00|-1,60,2023-06-07 06:30:03.158000+00:00,2023-06-07 06:30:03.298000+00:00,True,139.283,139.291,0.39999999999906777,16.19999999999777,-1.2000000000000455,True,True,1.6733333333333333,0.08620689655165659,2.256830601092832,17.69999999999925,5499,139.15
2023H1|J_PULLBACK_CONTINUATION|2023-06-07T05:30:00+00:00|-1,90,2023-06-07 07:00:03.158000+00:00,2023-06-07 07:00:03.162000+00:00,True,139.234,139.24,5.49999999999784,16.19999999999777,-5.000000000001137,True,False,1.75,0.060773480662965174,2.3206816421379197,21.399999999999864,8237,139.15
2023H1|J_PULLBACK_CONTINUATION|2023-06-07T05:30:00+00:00|-1,120,2023-06-07 07:30:03.158000+00:00,2023-06-07 07:30:05.285000+00:00,True,139.291,139.298,-0.30000000000143245,16.19999999999777,-8.29999999999984,True,False,2.19,0.028735632183880866,2.468838526912123,24.899999999999523,12463,139.15
2023H1|J_PULLBACK_CONTINUATION|2023-06-07T10:00:00+00:00|-1,15,2023-06-07 10:15:00.100000+00:00,2023-06-07 10:15:00.776000+00:00,True,139.322,139.327,-5.299999999999727,2.400000000000091,-7.30000000000075,True,False,1.2633333333333334,0.5268817204299334,1.0264550264551096,9.700000000000841,1396,139.253
2023H1|J_PULLBACK_CONTINUATION|2023-06-07T10:00:00+00:00|-1,30,2023-06-07 10:30:00.100000+00:00,2023-06-07 10:30:00.131000+00:00,True,139.36,139.366,-9.200000000001296,2.400000000000091,-13.999999999998636,True,True,2.01,0.23636363636370217,1.9181286549705614,16.399999999998727,2736,139.253
2023H1|J_PULLBACK_CONTINUATION|2023-06-07T10:00:00+00:00|-1,60,2023-06-07 11:00:00.100000+00:00,2023-06-07 11:00:00.191000+00:00,True,139.376,139.383,-10.900000000000887,2.400000000000091,-13.999999999998636,True,True,1.4966666666666666,0.4503816793893908,2.08159564823197,16.399999999998727,5606,139.253
2023H1|J_PULLBACK_CONTINUATION|2023-06-07T10:00:00+00:00|-1,90,2023-06-07 11:30:00.100000+00:00,2023-06-07 11:30:00.199000+00:00,True,139.262,139.266,0.8000000000009777,2.400000000000091,-13.999999999998636,True,False,1.2666666666666666,0.032258064516276885,2.1298701298700147,16.399999999998727,8711,139.253
2023H1|J_PULLBACK_CONTINUATION|2023-06-07T10:00:00+00:00|-1,120,2023-06-07 12:00:00.100000+00:00,2023-06-07 12:00:00.140000+00:00,True,139.37,139.375,-10.099999999999909,2.400000000000091,-13.999999999998636,True,True,2.1966666666666668,0.6530612244898255,1.9197324414715176,16.399999999998727,11394,139.253
2023H1|J_PULLBACK_CONTINUATION|2023-06-08T19:45:00+00:00|-1,15,2023-06-08 20:00:00.096000+00:00,2023-06-08 20:00:00.096000+00:00,True,138.915,138.921,2.400000000000091,2.5000000000005684,-2.5000000000005684,False,False,1.0333333333333334,0.9777777777776655,0.861008610086249,5.000000000001137,785,138.893
2023H1|J_PULLBACK_CONTINUATION|2023-06-08T19:45:00+00:00|-1,30,2023-06-08 20:15:00.096000+00:00,2023-06-08 20:15:01.208000+00:00,True,138.883,138.889,5.599999999998317,5.699999999998795,-2.5000000000005684,True,False,0.38,0.09677419354800265,1.528628495339419,8.199999999999363,1347,138.893
2023H1|J_PULLBACK_CONTINUATION|2023-06-08T19:45:00+00:00|-1,60,2023-06-08 20:45:00.096000+00:00,2023-06-08 20:45:01.805000+00:00,True,138.922,138.929,1.5999999999991132,6.299999999998818,-2.5000000000005684,True,False,0.19,0.4285714285710419,1.8652373660028527,8.699999999998909,1983,138.893
2023H1|J_PULLBACK_CONTINUATION|2023-06-08T19:45:00+00:00|-1,90,2023-06-08 21:15:00.096000+00:00,2023-06-08 21:15:13.245000+00:00,True,138.879,138.933,1.2000000000000455,6.299999999998818,-2.5000000000005684,True,False,0.056666666666666664,0.8999999999994316,2.086092715231919,9.000000000000341,2495,138.893
2023H1|J_PULLBACK_CONTINUATION|2023-06-08T19:45:00+00:00|-1,120,2023-06-08 21:45:00.096000+00:00,2023-06-08 21:45:00.270000+00:00,True,138.885,138.924,2.0999999999986585,6.299999999998818,-2.5000000000005684,True,False,0.15666666666666668,0.4999999999991118,2.2790697674423073,9.100000000000819,2719,138.893
2023H1|J_PULLBACK_CONTINUATION|2023-06-16T00:15:00+00:00|-1,15,2023-06-16 00:30:00.351000+00:00,2023-06-16 00:30:00.440000+00:00,True,140.16,140.166,-11.899999999999977,-0.7000000000005002,-12.000000000000455,False,False,1.3166666666666667,0.8446601941748564,1.4812734082397565,11.299999999999955,1137,139.999
2023H1|J_PULLBACK_CONTINUATION|2023-06-16T00:15:00+00:00|-1,30,2023-06-16 00:45:00.351000+00:00,2023-06-16 00:45:00.414000+00:00,True,140.176,140.182,-13.49999999999909,-0.7000000000005002,-22.100000000000364,False,False,1.6166666666666667,0.8672566371680103,2.597938144330087,21.60000000000082,2527,139.999
2023H1|J_PULLBACK_CONTINUATION|2023-06-16T00:15:00+00:00|-1,60,2023-06-16 01:15:00.351000+00:00,2023-06-16 01:15:00.442000+00:00,True,140.044,140.05,-0.30000000000143245,2.400000000000091,-22.100000000000364,False,False,2.06,0.55932203389835,2.478853046595156,24.70000000000141,6275,139.999
2023H1|J_PULLBACK_CONTINUATION|2023-06-16T00:15:00+00:00|-1,90,2023-06-16 01:45:00.351000+00:00,2023-06-16 01:45:00.389000+00:00,True,139.898,139.904,14.300000000000068,15.000000000000568,-22.100000000000364,True,False,2.59,0.0,3.251556662515742,37.30000000000189,9969,139.999
2023H1|J_PULLBACK_CONTINUATION|2023-06-16T00:15:00+00:00|-1,120,2023-06-16 02:15:00.351000+00:00,2023-06-16 02:15:00.481000+00:00,True,140.038,140.041,0.6000000000000227,19.10000000000025,-22.100000000000364,True,False,2.4066666666666667,0.17924528301892861,3.311569301260093,41.30000000000109,14080,139.999
2023H1|J_PULLBACK_CONTINUATION|2023-06-20T13:00:00+00:00|-1,15,2023-06-20 13:15:00.103000+00:00,2023-06-20 13:15:00.152000+00:00,True,141.557,141.563,-8.999999999997499,1.4000000000010004,-11.199999999999477,False,True,2.6633333333333336,0.9705882352941853,1.1119449656035731,12.700000000000955,2586,141.284
2023H1|J_PULLBACK_CONTINUATION|2023-06-20T13:00:00+00:00|-1,30,2023-06-20 13:30:00.103000+00:00,2023-06-20 13:30:01.527000+00:00,True,141.469,141.476,-0.2999999999985903,1.4000000000010004,-13.299999999998136,False,False,3.493333333333333,0.07567567567572886,1.2345679012345987,15.000000000000568,5355,141.284
2023H1|J_PULLBACK_CONTINUATION|2023-06-20T13:00:00+00:00|-1,60,2023-06-20 14:00:00.103000+00:00,2023-06-20 14:00:00.215000+00:00,True,141.577,141.583,-10.999999999998522,11.100000000001842,-13.299999999998136,False,True,3.04,0.5526315789472438,2.054892601432039,24.600000000000932,11600,141.284
2023H1|J_PULLBACK_CONTINUATION|2023-06-20T13:00:00+00:00|-1,90,2023-06-20 14:30:00.103000+00:00,2023-06-20 14:30:00.194000+00:00,True,141.647,141.654,-18.099999999998317,11.100000000001842,-21.299999999999386,False,True,3.8433333333333333,0.9782608695651133,2.4759329367225145,32.69999999999982,17832,141.284
2023H1|J_PULLBACK_CONTINUATION|2023-06-20T13:00:00+00:00|-1,120,2023-06-20 15:00:00.103000+00:00,2023-06-20 15:00:00.164000+00:00,True,141.328,141.334,13.900000000001,16.70000000000016,-28.09999999999775,False,False,3.9066666666666667,0.8846153846153125,2.8934198331787973,44.599999999999795,23811,141.284
2023H1|J_PULLBACK_CONTINUATION|2023-06-20T18:30:00+00:00|-1,15,2023-06-20 18:45:00.123000+00:00,2023-06-20 18:45:00.544000+00:00,True,141.374,141.379,0.0,3.1999999999982265,-0.9000000000014552,False,False,0.6,0.7499999999997631,0.574626865671445,4.399999999998272,706,141.212
2023H1|J_PULLBACK_CONTINUATION|2023-06-20T18:30:00+00:00|-1,30,2023-06-20 19:00:00.123000+00:00,2023-06-20 19:00:00.139000+00:00,True,141.359,141.366,1.2999999999976808,3.1999999999982265,-3.0000000000001137,False,False,1.3733333333333333,0.011235955056233649,0.8093947606142258,6.399999999999295,1692,141.212
2023H1|J_PULLBACK_CONTINUATION|2023-06-20T18:30:00+00:00|-1,60,2023-06-20 19:30:00.123000+00:00,2023-06-20 19:30:00.320000+00:00,True,141.461,141.466,-8.70000000000175,4.099999999999682,-9.900000000001796,False,True,0.49666666666666665,0.7735849056603571,1.9857142857145067,13.900000000001,2840,141.212
2023H1|J_PULLBACK_CONTINUATION|2023-06-20T18:30:00+00:00|-1,90,2023-06-20 20:00:00.123000+00:00,2023-06-20 20:00:00.145000+00:00,True,141.45,141.454,-7.500000000001705,4.099999999999682,-9.900000000001796,False,True,1.1833333333333333,0.8888888888892398,2.2240000000003044,13.900000000001,4304,141.212
2023H1|J_PULLBACK_CONTINUATION|2023-06-20T18:30:00+00:00|-1,120,2023-06-20 20:30:00.123000+00:00,2023-06-20 20:30:04.042000+00:00,True,141.404,141.414,-3.499999999999659,4.099999999999682,-9.900000000001796,False,True,0.6266666666666667,0.08333333333293858,2.441656210790823,13.900000000001,5176,141.212
2023H2|J_PULLBACK_CONTINUATION|2023-07-03T00:15:00+00:00|-1,15,2023-07-03 00:30:01.175000+00:00,2023-07-03 00:30:01.218000+00:00,True,144.256,144.264,3.6999999999977717,7.499999999998863,-4.200000000000159,True,False,2.9133333333333336,0.07999999999992724,1.8094194961664423,11.7999999999995,1957,144.277
2023H2|J_PULLBACK_CONTINUATION|2023-07-03T00:15:00+00:00|-1,30,2023-07-03 00:45:01.175000+00:00,2023-07-03 00:45:01.247000+00:00,True,144.359,144.365,-6.400000000002137,7.499999999998863,-7.30000000000075,True,True,1.5333333333333334,0.29268292682923447,2.069930069930006,14.799999999999613,3354,144.277
2023H2|J_PULLBACK_CONTINUATION|2023-07-03T00:15:00+00:00|-1,60,2023-07-03 01:15:01.175000+00:00,2023-07-03 01:15:01.417000+00:00,True,144.484,144.49,-18.900000000002137,7.499999999998863,-23.900000000000432,True,True,1.61,0.23853211009162112,3.8573943661971484,31.299999999998818,6956,144.277
2023H2|J_PULLBACK_CONTINUATION|2023-07-03T00:15:00+00:00|-1,90,2023-07-03 01:45:01.175000+00:00,2023-07-03 01:45:01.185000+00:00,True,144.461,144.469,-16.800000000000637,7.499999999998863,-24.399999999999977,True,True,1.4366666666666668,0.289473684210651,3.651676206050693,31.89999999999884,10558,144.277
2023H2|J_PULLBACK_CONTINUATION|2023-07-03T00:15:00+00:00|-1,120,2023-07-03 02:15:01.175000+00:00,2023-07-03 02:15:01.439000+00:00,True,144.555,144.561,-26.000000000001933,7.499999999998863,-30.200000000002092,True,True,1.2433333333333334,0.0,4.00150829562595,37.89999999999907,13790,144.277
2023H2|J_PULLBACK_CONTINUATION|2023-07-04T10:45:00+00:00|-1,15,2023-07-04 11:00:00.475000+00:00,2023-07-04 11:00:03.991000+00:00,True,144.445,144.449,-5.400000000000205,1.0000000000019327,-5.799999999999272,False,True,0.8633333333333333,0.5714285714281073,1.0845070422535574,6.60000000000025,839,144.3
2023H2|J_PULLBACK_CONTINUATION|2023-07-04T10:45:00+00:00|-1,30,2023-07-04 11:15:00.475000+00:00,2023-07-04 11:15:01.064000+00:00,True,144.436,144.441,-4.599999999999227,1.0000000000019327,-6.60000000000025,False,False,1.0033333333333334,0.9523809523807268,1.2618757612664757,7.399999999998386,1721,144.3
2023H2|J_PULLBACK_CONTINUATION|2023-07-04T10:45:00+00:00|-1,60,2023-07-04 11:45:00.475000+00:00,2023-07-04 11:45:01.379000+00:00,True,144.403,144.407,-1.2000000000000455,1.0000000000019327,-7.299999999997908,False,False,0.6,0.016129032258138443,1.4404015056460666,8.199999999999363,3011,144.3
2023H2|J_PULLBACK_CONTINUATION|2023-07-04T10:45:00+00:00|-1,90,2023-07-04 12:15:00.475000+00:00,2023-07-04 12:15:01.854000+00:00,True,144.383,144.388,0.7000000000005002,3.8000000000010914,-7.299999999997908,False,False,0.7633333333333333,0.3571428571436547,2.0625814863103025,11.299999999999955,4662,144.3
2023H2|J_PULLBACK_CONTINUATION|2023-07-04T10:45:00+00:00|-1,120,2023-07-04 12:45:00.475000+00:00,2023-07-04 12:45:01.873000+00:00,True,144.371,144.378,1.700000000002433,3.8000000000010914,-7.299999999997908,False,False,0.82,0.6969696969695534,2.1263440860214975,11.299999999999955,6055,144.3
2023H2|J_PULLBACK_CONTINUATION|2023-07-06T08:00:00+00:00|-1,15,2023-07-06 08:15:00.089000+00:00,2023-07-06 08:15:00.574000+00:00,True,143.988,143.992,-8.099999999998886,3.300000000001546,-11.199999999999477,False,True,2.683333333333333,0.7913043478260955,0.9611742424240854,14.499999999998181,2432,143.552
2023H2|J_PULLBACK_CONTINUATION|2023-07-06T08:00:00+00:00|-1,30,2023-07-06 08:30:00.089000+00:00,2023-07-06 08:30:00.438000+00:00,True,143.969,143.98,-6.89999999999884,3.300000000001546,-15.799999999998704,False,True,2.01,0.8828124999998976,1.2757633587785884,19.10000000000025,4521,143.552
2023H2|J_PULLBACK_CONTINUATION|2023-07-06T08:00:00+00:00|-1,60,2023-07-06 09:00:00.089000+00:00,2023-07-06 09:00:00.263000+00:00,True,144.004,144.006,-9.499999999999886,3.300000000001546,-15.799999999998704,False,True,2.1633333333333336,0.012048192771142108,1.2559887271018808,19.10000000000025,8840,143.552
2023H2|J_PULLBACK_CONTINUATION|2023-07-06T08:00:00+00:00|-1,90,2023-07-06 09:30:00.089000+00:00,2023-07-06 09:30:03.095000+00:00,True,143.955,143.96,-4.900000000000659,3.300000000001546,-15.799999999998704,False,False,1.5233333333333334,0.1986301369862561,1.2507015902712284,19.10000000000025,11869,143.552
2023H2|J_PULLBACK_CONTINUATION|2023-07-06T08:00:00+00:00|-1,120,2023-07-06 10:00:00.089000+00:00,2023-07-06 10:00:00.531000+00:00,True,144.109,144.115,-20.400000000000773,3.300000000001546,-22.49999999999943,False,True,1.25,0.988235294117592,1.8594871794869825,25.899999999998613,14304,143.552
2023H2|J_PULLBACK_CONTINUATION|2023-07-06T22:45:00+00:00|-1,15,2023-07-06 23:00:20.023000+00:00,2023-07-06 23:00:20.432000+00:00,True,144.066,144.075,-3.099999999997749,0.20000000000095497,-3.8999999999987267,False,True,0.38,0.966386554621927,0.8306801736612245,4.099999999999682,273,143.997
2023H2|J_PULLBACK_CONTINUATION|2023-07-06T22:45:00+00:00|-1,30,2023-07-06 23:15:20.023000+00:00,2023-07-06 23:15:22.368000+00:00,True,143.955,143.963,8.100000000001728,9.000000000000341,-3.8999999999987267,True,False,0.41,0.16666666666677943,2.5880640465787943,12.699999999998113,1053,143.997
2023H2|J_PULLBACK_CONTINUATION|2023-07-06T22:45:00+00:00|-1,60,2023-07-06 23:45:20.023000+00:00,2023-07-06 23:45:21.151000+00:00,True,143.928,143.935,10.900000000000887,14.700000000001978,-3.8999999999987267,True,False,0.87,0.012820512820573504,3.286802030456611,18.500000000000227,2256,143.997
2023H2|J_PULLBACK_CONTINUATION|2023-07-06T22:45:00+00:00|-1,90,2023-07-07 00:15:20.023000+00:00,2023-07-07 00:15:21.508000+00:00,True,143.88,143.887,15.700000000001069,20.000000000001705,-3.8999999999987267,True,False,1.3233333333333333,0.014492753623051136,3.5073684210523517,23.799999999999955,4216,143.997
2023H2|J_PULLBACK_CONTINUATION|2023-07-06T22:45:00+00:00|-1,120,2023-07-07 00:45:20.023000+00:00,2023-07-07 00:45:22.474000+00:00,True,144.042,144.047,-0.2999999999985903,24.500000000000455,-4.599999999999227,True,True,2.7266666666666666,0.7085714285713552,3.385390428211466,28.80000000000109,7408,143.997
2023H2|J_PULLBACK_CONTINUATION|2023-07-07T03:15:00+00:00|-1,15,2023-07-07 03:30:00.019000+00:00,2023-07-07 03:30:00.310000+00:00,True,143.894,143.901,0.2999999999985903,2.2999999999996135,-2.899999999999636,True,False,1.19,0.3582089552238553,0.5772113943029065,5.500000000000682,1110,143.895
2023H2|J_PULLBACK_CONTINUATION|2023-07-07T03:15:00+00:00|-1,30,2023-07-07 03:45:00.019000+00:00,2023-07-07 03:45:00.302000+00:00,True,143.936,143.941,-3.700000000000614,2.2999999999996135,-6.100000000000705,True,False,1.0166666666666666,0.7826086956518515,0.9581320450886203,8.500000000000796,2333,143.895
2023H2|J_PULLBACK_CONTINUATION|2023-07-07T03:15:00+00:00|-1,60,2023-07-07 04:15:00.019000+00:00,2023-07-07 04:15:00.300000+00:00,True,143.935,143.941,-3.700000000000614,2.2999999999996135,-6.100000000000705,True,False,1.7266666666666666,0.8586956521738325,1.14975845410636,8.500000000000796,4763,143.895
2023H2|J_PULLBACK_CONTINUATION|2023-07-07T03:15:00+00:00|-1,90,2023-07-07 04:45:00.019000+00:00,2023-07-07 04:45:00.386000+00:00,True,143.844,143.851,5.299999999999727,6.700000000000728,-6.100000000000705,True,False,1.26,0.5636363636361756,1.8725182863116117,12.800000000001432,7150,143.895
2023H2|J_PULLBACK_CONTINUATION|2023-07-07T03:15:00+00:00|-1,120,2023-07-07 05:15:00.019000+00:00,2023-07-07 05:15:00.036000+00:00,True,143.722,143.729,17.499999999998295,19.999999999998863,-6.100000000000705,True,False,1.7233333333333334,0.514285714285575,3.479999999999999,26.099999999999568,9801,143.895
2023H2|J_PULLBACK_CONTINUATION|2023-07-07T12:00:00+00:00|-1,15,2023-07-07 12:15:00.105000+00:00,2023-07-07 12:15:01.237000+00:00,True,143.299,143.304,-6.700000000000728,1.5999999999991132,-9.700000000000841,False,True,2.39,1.0,0.747306562193772,10.899999999998045,2270,143.07
2023H2|J_PULLBACK_CONTINUATION|2023-07-07T12:00:00+00:00|-1,30,2023-07-07 12:30:00.105000+00:00,2023-07-07 12:30:00.149000+00:00,True,142.863,142.989,24.799999999999045,36.7999999999995,-14.500000000001023,True,False,3.546666666666667,0.09624796084828313,3.1004048582995085,54.699999999999704,4757,143.07
2023H2|J_PULLBACK_CONTINUATION|2023-07-07T12:00:00+00:00|-1,60,2023-07-07 13:00:00.105000+00:00,2023-07-07 13:00:00.146000+00:00,True,143.253,143.254,-1.6999999999995907,63.80000000000052,-14.500000000001023,True,True,5.666666666666667,0.908783783783826,4.00719165767715,79.60000000000207,17578,143.07
2023H2|J_PULLBACK_CONTINUATION|2023-07-07T12:00:00+00:00|-1,90,2023-07-07 13:30:00.105000+00:00,2023-07-07 13:30:00.201000+00:00,True,142.803,142.809,42.79999999999973,63.80000000000052,-18.500000000000227,True,False,4.82,0.8600682593856794,3.6336541446756176,83.60000000000127,26794,143.07
2023H2|J_PULLBACK_CONTINUATION|2023-07-07T12:00:00+00:00|-1,120,2023-07-07 14:00:00.105000+00:00,2023-07-07 14:00:00.153000+00:00,True,142.641,142.646,59.10000000000082,89.90000000000009,-18.500000000000227,True,False,4.08,0.8604651162790666,3.9816176470588256,108.29999999999984,36518,143.07
2023H2|J_PULLBACK_CONTINUATION|2023-07-10T08:45:00+00:00|-1,15,2023-07-10 09:00:00.668000+00:00,2023-07-10 09:00:00.716000+00:00,True,142.311,142.315,12.100000000000932,12.000000000000455,-2.5000000000005684,False,False,1.55,0.7974683544305118,1.1028446389496775,14.400000000000546,1329,142.239
2023H2|J_PULLBACK_CONTINUATION|2023-07-10T08:45:00+00:00|-1,30,2023-07-10 09:15:00.668000+00:00,2023-07-10 09:15:02.090000+00:00,True,142.286,142.291,14.500000000001023,16.100000000000136,-2.5000000000005684,False,False,1.39,0.2926829268292006,1.5201401050787966,18.600000000000705,2895,142.239
2023H2|J_PULLBACK_CONTINUATION|2023-07-10T08:45:00+00:00|-1,60,2023-07-10 09:45:00.668000+00:00,2023-07-10 09:45:00.976000+00:00,True,142.449,142.451,-1.4999999999986358,16.100000000000136,-3.6000000000001364,False,False,1.31,0.450549450549375,1.7079482439925615,19.80000000000075,5858,142.239
2023H2|J_PULLBACK_CONTINUATION|2023-07-10T08:45:00+00:00|-1,90,2023-07-10 10:15:00.668000+00:00,2023-07-10 10:15:00.823000+00:00,True,142.566,142.571,-13.49999999999909,16.100000000000136,-13.800000000000523,False,True,1.06,0.5849056603775001,2.7131782945732867,29.999999999998295,8671,142.239
2023H2|J_PULLBACK_CONTINUATION|2023-07-10T08:45:00+00:00|-1,120,2023-07-10 10:45:00.668000+00:00,2023-07-10 10:45:04.107000+00:00,True,142.466,142.473,-3.700000000000614,16.100000000000136,-16.800000000000637,False,False,1.2066666666666668,0.6129032258065108,3.229268292682493,33.099999999998886,10761,142.239
2023H2|J_PULLBACK_CONTINUATION|2023-07-10T13:15:00+00:00|-1,15,2023-07-10 13:30:00.444000+00:00,2023-07-10 13:30:01.271000+00:00,True,141.847,141.849,32.60000000000218,32.800000000000296,-3.0000000000001137,True,False,3.17,0.7191780821917768,2.4315432994678794,35.90000000000089,2949,142.071
2023H2|J_PULLBACK_CONTINUATION|2023-07-10T13:15:00+00:00|-1,30,2023-07-10 13:45:00.444000+00:00,2023-07-10 13:45:00.471000+00:00,True,141.81,141.816,35.90000000000089,40.00000000000057,-3.0000000000001137,True,False,3.27,0.563829787234049,2.733878292461444,43.00000000000068,6134,142.071
2023H2|J_PULLBACK_CONTINUATION|2023-07-10T13:15:00+00:00|-1,60,2023-07-10 14:15:00.444000+00:00,2023-07-10 14:15:01.472000+00:00,True,141.608,141.612,56.30000000000166,56.49999999999977,-3.0000000000001137,True,False,3.14,0.2601626016260632,3.5972222222222974,59.200000000001296,12257,142.071
2023H2|J_PULLBACK_CONTINUATION|2023-07-10T13:15:00+00:00|-1,90,2023-07-10 14:45:00.444000+00:00,2023-07-10 14:45:00.492000+00:00,True,141.761,141.767,40.800000000001546,61.299999999999955,-3.0000000000001137,True,False,2.566666666666667,0.8646616541353431,3.8508997429306846,64.20000000000243,17364,142.071
2023H2|J_PULLBACK_CONTINUATION|2023-07-10T13:15:00+00:00|-1,120,2023-07-10 15:15:00.444000+00:00,2023-07-10 15:15:00.538000+00:00,True,141.57,141.577,59.80000000000132,62.90000000000191,-3.0000000000001137,True,False,2.5866666666666664,0.9789473684209519,3.9520958083832496,66.0000000000025,22720,142.071
2023H2|J_PULLBACK_CONTINUATION|2023-07-11T00:30:00+00:00|-1,15,2023-07-11 00:45:01.006000+00:00,2023-07-11 00:45:01.072000+00:00,True,141.319,141.325,-3.7999999999982492,1.6000000000019554,-13.49999999999909,False,False,1.3566666666666667,0.7723577235772865,1.5269121813031041,15.399999999999636,1895,141.154
2023H2|J_PULLBACK_CONTINUATION|2023-07-11T00:30:00+00:00|-1,30,2023-07-11 01:00:01.006000+00:00,2023-07-11 01:00:01.162000+00:00,True,141.343,141.35,-6.299999999998818,1.6000000000019554,-15.699999999998226,False,True,2.0566666666666666,0.8712121212121293,1.6815114709851624,17.799999999999727,3944,141.154
2023H2|J_PULLBACK_CONTINUATION|2023-07-11T00:30:00+00:00|-1,60,2023-07-11 01:30:01.006000+00:00,2023-07-11 01:30:01.371000+00:00,True,141.134,141.14,14.700000000001978,17.500000000001137,-15.699999999998226,True,False,1.5966666666666667,0.38297872340429395,2.834042553191605,33.29999999999984,7262,141.154
2023H2|J_PULLBACK_CONTINUATION|2023-07-11T00:30:00+00:00|-1,90,2023-07-11 02:00:01.006000+00:00,2023-07-11 02:00:01.107000+00:00,True,141.066,141.073,21.399999999999864,21.89999999999941,-15.699999999998226,True,False,1.5133333333333334,0.10000000000019893,2.9783845278726724,37.39999999999952,10832,141.154
2023H2|J_PULLBACK_CONTINUATION|2023-07-11T00:30:00+00:00|-1,120,2023-07-11 02:30:01.006000+00:00,2023-07-11 02:30:01.168000+00:00,True,141.059,141.065,22.20000000000084,28.90000000000157,-15.699999999998226,True,False,1.3833333333333333,0.9875389408099978,3.190862944162416,44.899999999998386,14382,141.154
2023H2|J_PULLBACK_CONTINUATION|2023-07-11T06:15:00+00:00|-1,15,2023-07-11 06:30:00.002000+00:00,2023-07-11 06:30:00.171000+00:00,True,140.736,140.74,12.000000000000455,17.00000000000159,-0.6000000000000227,False,False,2.1933333333333334,0.6535947712418289,1.3756316676025333,17.500000000001137,2193,140.565
2023H2|J_PULLBACK_CONTINUATION|2023-07-11T06:15:00+00:00|-1,30,2023-07-11 06:45:00.002000+00:00,2023-07-11 06:45:00.080000+00:00,True,140.723,140.728,13.2000000000005,18.600000000000705,-0.6000000000000227,False,False,3.236666666666667,0.9641025641025425,1.4443847393874223,19.200000000000728,4413,140.565
2023H2|J_PULLBACK_CONTINUATION|2023-07-11T06:15:00+00:00|-1,60,2023-07-11 07:15:00.002000+00:00,2023-07-11 07:15:00.205000+00:00,True,140.804,140.81,5.000000000001137,32.70000000000266,-0.6000000000000227,True,False,4.05,0.8472222222220906,2.2126245847176973,33.30000000000268,10245,140.565
2023H2|J_PULLBACK_CONTINUATION|2023-07-11T06:15:00+00:00|-1,90,2023-07-11 07:45:00.002000+00:00,2023-07-11 07:45:00.151000+00:00,True,140.59,140.596,26.400000000001,32.70000000000266,-0.6000000000000227,True,False,2.9633333333333334,0.35882352941177253,2.0915208613728886,33.30000000000268,15417,140.565
2023H2|J_PULLBACK_CONTINUATION|2023-07-11T06:15:00+00:00|-1,120,2023-07-11 08:15:00.002000+00:00,2023-07-11 08:15:00.097000+00:00,True,140.512,140.519,34.10000000000082,43.40000000000259,-0.6000000000000227,True,False,3.06,0.1071428571427242,2.766052986080052,44.000000000002615,21022,140.565
2023H2|J_PULLBACK_CONTINUATION|2023-07-11T13:15:00+00:00|-1,15,2023-07-11 13:30:00.377000+00:00,2023-07-11 13:30:00.982000+00:00,True,140.595,140.601,-12.700000000000955,-0.30000000000143245,-18.999999999999773,False,True,2.29,0.039106145251424196,1.2435717625058067,18.999999999999773,2090,140.233
2023H2|J_PULLBACK_CONTINUATION|2023-07-11T13:15:00+00:00|-1,30,2023-07-11 13:45:00.377000+00:00,2023-07-11 13:45:00.407000+00:00,True,140.889,140.894,-42.00000000000159,-0.30000000000143245,-43.70000000000118,False,True,4.013333333333334,0.7517241379310426,2.806481481481365,43.29999999999927,5295,140.233
2023H2|J_PULLBACK_CONTINUATION|2023-07-11T13:15:00+00:00|-1,60,2023-07-11 14:15:00.377000+00:00,2023-07-11 14:15:00.651000+00:00,True,140.856,140.86,-38.60000000000241,-0.30000000000143245,-48.500000000001364,False,True,2.5433333333333334,0.84962406015031,3.026857654431449,48.30000000000041,10455,140.233
2023H2|J_PULLBACK_CONTINUATION|2023-07-11T13:15:00+00:00|-1,90,2023-07-11 14:45:00.377000+00:00,2023-07-11 14:45:00.892000+00:00,True,140.701,140.706,-23.199999999999932,-0.30000000000143245,-48.500000000001364,False,True,1.9933333333333334,0.9333333333333563,2.9476896251089544,48.30000000000041,14410,140.233
2023H2|J_PULLBACK_CONTINUATION|2023-07-11T13:15:00+00:00|-1,120,2023-07-11 15:15:00.377000+00:00,2023-07-11 15:15:00.593000+00:00,True,140.602,140.607,-13.300000000000978,-0.30000000000143245,-48.500000000001364,False,True,2.3633333333333333,0.5799999999999602,2.9723076923076728,48.30000000000041,19506,140.233
2023H2|J_PULLBACK_CONTINUATION|2023-07-11T19:15:00+00:00|-1,15,2023-07-11 19:30:00.402000+00:00,2023-07-11 19:30:15.508000+00:00,True,140.408,140.412,2.5000000000005684,2.400000000000091,-1.8999999999977035,False,False,0.4766666666666667,0.1333333333333755,0.6732240437156094,4.399999999998272,571,140.298
2023H2|J_PULLBACK_CONTINUATION|2023-07-11T19:15:00+00:00|-1,30,2023-07-11 19:45:00.402000+00:00,2023-07-11 19:45:01.409000+00:00,True,140.446,140.451,-1.3999999999981583,2.5000000000005684,-1.999999999998181,False,True,0.49666666666666665,0.9014084507041521,0.7342657342655754,4.4999999999987494,1205,140.298
2023H2|J_PULLBACK_CONTINUATION|2023-07-11T19:15:00+00:00|-1,60,2023-07-11 20:15:00.402000+00:00,2023-07-11 20:15:00.448000+00:00,True,140.358,140.365,7.200000000000273,9.000000000000341,-1.999999999998181,False,False,0.4766666666666667,0.46153846153879785,1.992307692307655,11.099999999999,2448,140.298
2023H2|J_PULLBACK_CONTINUATION|2023-07-11T19:15:00+00:00|-1,90,2023-07-11 20:45:00.402000+00:00,2023-07-11 20:45:00.635000+00:00,True,140.357,140.365,7.200000000000273,9.400000000002251,-1.999999999998181,False,False,0.4033333333333333,0.19402985074632562,2.303546099290729,11.599999999998545,2977,140.298
2023H2|J_PULLBACK_CONTINUATION|2023-07-11T19:15:00+00:00|-1,120,2023-07-11 21:15:00.402000+00:00,2023-07-11 21:15:13.799000+00:00,True,140.369,140.391,4.600000000002069,9.400000000002251,-1.999999999998181,False,False,0.1,0.6666666666668772,2.6915629322272947,13.900000000001,3726,140.298
2023H2|J_PULLBACK_CONTINUATION|2023-07-12T08:00:00+00:00|-1,15,2023-07-12 08:15:00.073000+00:00,2023-07-12 08:15:00.180000+00:00,True,139.626,139.631,-6.299999999998818,2.800000000002001,-10.3999999999985,False,True,1.7266666666666666,0.7979797979799603,0.9418310571573629,13.300000000000978,1955,139.309
2023H2|J_PULLBACK_CONTINUATION|2023-07-12T08:00:00+00:00|-1,30,2023-07-12 08:30:00.073000+00:00,2023-07-12 08:30:01.106000+00:00,True,139.633,139.635,-6.699999999997885,2.800000000002001,-14.399999999997704,False,True,1.8,0.06666666666650878,1.2097902097901996,17.300000000000182,3718,139.309
2023H2|J_PULLBACK_CONTINUATION|2023-07-12T08:00:00+00:00|-1,60,2023-07-12 09:00:00.073000+00:00,2023-07-12 09:00:00.910000+00:00,True,139.602,139.606,-3.7999999999982492,2.800000000002001,-17.099999999999227,False,False,1.4766666666666666,0.26153846153840776,1.3203791469195043,19.900000000001228,6676,139.309
2023H2|J_PULLBACK_CONTINUATION|2023-07-12T08:00:00+00:00|-1,90,2023-07-12 09:30:00.073000+00:00,2023-07-12 09:30:00.163000+00:00,True,139.664,139.67,-10.199999999997544,2.800000000002001,-17.099999999999227,False,True,1.7466666666666666,0.7910447761192764,1.3798910351660245,19.900000000001228,9760,139.309
2023H2|J_PULLBACK_CONTINUATION|2023-07-12T08:00:00+00:00|-1,120,2023-07-12 10:00:00.073000+00:00,2023-07-12 10:00:01.575000+00:00,True,139.642,139.648,-7.999999999998408,2.800000000002001,-17.099999999999227,False,True,1.57,0.2539682539684974,1.4850746268657595,19.900000000001228,12844,139.309
2023H2|J_PULLBACK_CONTINUATION|2023-07-12T12:30:00+00:00|-1,15,2023-07-12 12:45:00.037000+00:00,2023-07-12 12:45:00.115000+00:00,True,139.124,139.129,39.00000000000148,74.00000000000091,-8.400000000000318,True,False,8.013333333333334,0.44126074498572165,5.123543123543009,78.49999999999966,7988,139.459
2023H2|J_PULLBACK_CONTINUATION|2023-07-12T12:30:00+00:00|-1,30,2023-07-12 13:00:00.037000+00:00,2023-07-12 13:00:00.045000+00:00,True,139.269,139.277,24.200000000001864,74.00000000000091,-8.400000000000318,True,False,6.19,0.868181818181834,4.782419495213145,78.49999999999966,13987,139.459
2023H2|J_PULLBACK_CONTINUATION|2023-07-12T12:30:00+00:00|-1,60,2023-07-12 13:30:00.037000+00:00,2023-07-12 13:30:00.158000+00:00,True,139.099,139.101,41.80000000000064,74.00000000000091,-8.400000000000318,True,False,5.2,0.01562499999992828,4.284600389863533,78.49999999999966,23538,139.459
2023H2|J_PULLBACK_CONTINUATION|2023-07-12T12:30:00+00:00|-1,90,2023-07-12 14:00:00.037000+00:00,2023-07-12 14:00:00.237000+00:00,True,138.821,138.825,69.40000000000168,74.00000000000091,-8.400000000000318,True,False,3.8633333333333333,0.8588807785888259,3.471257106759306,78.49999999999966,32441,139.459
2023H2|J_PULLBACK_CONTINUATION|2023-07-12T12:30:00+00:00|-1,120,2023-07-12 14:30:00.037000+00:00,2023-07-12 14:30:00.648000+00:00,True,138.703,138.71,80.89999999999975,100.40000000000191,-8.400000000000318,True,False,3.55,0.9430604982206733,4.179582499285129,104.40000000000111,41084,139.459
2023H2|J_PULLBACK_CONTINUATION|2023-07-12T21:00:00+00:00|-1,15,2023-07-12 21:15:00.130000+00:00,2023-07-12 21:15:04.757000+00:00,True,138.428,138.454,0.39999999999906777,2.600000000001046,-4.699999999999704,False,False,0.23333333333333334,0.5098039215689553,1.0184287099901967,7.499999999998863,169,138.287
2023H2|J_PULLBACK_CONTINUATION|2023-07-12T21:00:00+00:00|-1,30,2023-07-12 21:30:00.130000+00:00,2023-07-12 21:30:01.221000+00:00,True,138.412,138.443,1.4999999999986358,3.8999999999987267,-4.699999999999704,False,False,0.42333333333333334,0.7031250000003262,1.1431451612902421,8.099999999998886,397,138.287
2023H2|J_PULLBACK_CONTINUATION|2023-07-12T21:00:00+00:00|-1,60,2023-07-12 22:00:00.130000+00:00,2023-07-12 22:00:00.170000+00:00,True,138.426,138.443,1.4999999999986358,3.8999999999987267,-4.900000000000659,False,False,0.08666666666666667,0.7083333333335307,1.2286023835318653,8.099999999998886,763,138.287
2023H2|J_PULLBACK_CONTINUATION|2023-07-12T21:00:00+00:00|-1,90,2023-07-12 22:30:00.130000+00:00,2023-07-12 22:30:01.912000+00:00,True,138.395,138.405,5.299999999999727,6.800000000001205,-4.900000000000659,False,False,0.29,0.5465116279070421,1.2591006423984146,8.400000000000318,2324,138.287
2023H2|J_PULLBACK_CONTINUATION|2023-07-12T21:00:00+00:00|-1,120,2023-07-12 23:00:00.130000+00:00,2023-07-12 23:00:01.222000+00:00,True,138.373,138.381,7.699999999999818,11.899999999999977,-4.900000000000659,False,False,0.7433333333333333,0.8024691358025514,1.9084287200833374,13.100000000000023,3521,138.287
2023H2|J_PULLBACK_CONTINUATION|2023-07-13T03:15:00+00:00|-1,15,2023-07-13 03:30:00.690000+00:00,2023-07-13 03:30:02.108000+00:00,True,138.422,138.429,4.099999999999682,4.200000000000159,-1.2000000000000455,True,False,1.37,0.5999999999998804,0.3736153071500276,5.299999999999727,1091,138.435
2023H2|J_PULLBACK_CONTINUATION|2023-07-13T03:15:00+00:00|-1,30,2023-07-13 03:45:00.690000+00:00,2023-07-13 03:45:02.165000+00:00,True,138.43,138.434,3.6000000000001364,7.099999999999795,-2.400000000000091,True,False,1.39,0.22834645669286757,0.6852138073158075,9.499999999999886,2445,138.435
2023H2|J_PULLBACK_CONTINUATION|2023-07-13T03:15:00+00:00|-1,60,2023-07-13 04:15:00.690000+00:00,2023-07-13 04:15:00.877000+00:00,True,138.5,138.505,-3.499999999999659,7.099999999999795,-7.30000000000075,True,True,2.15,1.0,1.1755725190839534,14.300000000000068,5564,138.435
2023H2|J_PULLBACK_CONTINUATION|2023-07-13T03:15:00+00:00|-1,90,2023-07-13 04:45:00.690000+00:00,2023-07-13 04:45:00.996000+00:00,True,138.416,138.42,5.000000000001137,7.900000000000773,-7.30000000000075,True,False,1.4066666666666667,0.1838235294116034,1.477288609364142,15.100000000001046,8454,138.435
2023H2|J_PULLBACK_CONTINUATION|2023-07-13T03:15:00+00:00|-1,120,2023-07-13 05:15:00.690000+00:00,2023-07-13 05:15:00.786000+00:00,True,138.604,138.61,-14.000000000001478,7.900000000000773,-17.300000000000182,True,True,1.92,0.3098591549294647,2.560351133869753,25.0,11880,138.435
2023H2|J_PULLBACK_CONTINUATION|2023-07-13T07:45:00+00:00|-1,15,2023-07-13 08:00:00.227000+00:00,2023-07-13 08:00:00.333000+00:00,True,138.37,138.375,0.49999999999954525,5.89999999999975,-4.300000000000637,False,False,2.03,0.30967741935484816,0.6171839856049544,9.799999999998477,1818,138.26
2023H2|J_PULLBACK_CONTINUATION|2023-07-13T07:45:00+00:00|-1,30,2023-07-13 08:15:00.227000+00:00,2023-07-13 08:15:00.299000+00:00,True,138.38,138.389,-0.9000000000014552,9.999999999999432,-5.500000000000682,False,False,2.23,0.4259259259259698,0.9422492401216002,15.500000000000114,3630,138.26
2023H2|J_PULLBACK_CONTINUATION|2023-07-13T07:45:00+00:00|-1,60,2023-07-13 08:45:00.227000+00:00,2023-07-13 08:45:00.280000+00:00,True,138.268,138.276,10.3999999999985,13.100000000000023,-15.299999999999159,True,False,2.29,0.0864197530864782,1.6171243941841762,28.600000000000136,7484,138.26
2023H2|J_PULLBACK_CONTINUATION|2023-07-13T07:45:00+00:00|-1,90,2023-07-13 09:15:00.227000+00:00,2023-07-13 09:15:00.236000+00:00,True,138.492,138.497,-11.700000000001864,14.400000000000546,-15.299999999999159,True,True,2.35,0.1576086956521563,1.6656126482214324,30.100000000001614,11146,138.26
2023H2|J_PULLBACK_CONTINUATION|2023-07-13T07:45:00+00:00|-1,120,2023-07-13 09:45:00.227000+00:00,2023-07-13 09:45:00.780000+00:00,True,138.532,138.539,-15.899999999999181,14.400000000000546,-24.70000000000141,True,True,2.2466666666666666,0.8382352941177392,2.443161634103044,39.30000000000007,14961,138.26
2023H2|J_PULLBACK_CONTINUATION|2023-07-13T12:30:00+00:00|-1,15,2023-07-13 12:45:00.099000+00:00,2023-07-13 12:45:00.129000+00:00,True,138.748,138.755,-36.299999999999955,14.799999999999613,-56.800000000001205,True,True,6.433333333333334,0.9565217391303542,4.346504559270489,71.50000000000034,7132,138.369
2023H2|J_PULLBACK_CONTINUATION|2023-07-13T12:30:00+00:00|-1,30,2023-07-13 13:00:00.099000+00:00,2023-07-13 13:00:00.149000+00:00,True,138.634,138.637,-24.500000000000455,14.799999999999613,-56.800000000001205,True,True,4.886666666666667,0.9420289855072423,4.158703780639753,71.50000000000034,11825,138.369
2023H2|J_PULLBACK_CONTINUATION|2023-07-13T12:30:00+00:00|-1,60,2023-07-13 13:30:00.099000+00:00,2023-07-13 13:30:00.111000+00:00,True,138.334,138.337,5.500000000000682,14.799999999999613,-56.800000000001205,True,False,3.3133333333333335,0.9576923076922181,3.7406576980567565,71.50000000000034,18886,138.369
2023H2|J_PULLBACK_CONTINUATION|2023-07-13T12:30:00+00:00|-1,90,2023-07-13 14:00:00.099000+00:00,2023-07-13 14:00:00.143000+00:00,True,138.152,138.155,23.699999999999477,28.899999999998727,-56.800000000001205,True,False,3.0166666666666666,0.7788018433179772,4.164926931106387,85.49999999999898,25939,138.369
2023H2|J_PULLBACK_CONTINUATION|2023-07-13T12:30:00+00:00|-1,120,2023-07-13 14:30:00.099000+00:00,2023-07-13 14:30:00.182000+00:00,True,138.414,138.421,-2.899999999999636,33.59999999999843,-56.800000000001205,True,True,3.1666666666666665,0.9901477832513232,3.9302832244009105,90.20000000000152,32111,138.369
2023H2|J_PULLBACK_CONTINUATION|2023-07-13T18:45:00+00:00|-1,15,2023-07-13 19:00:00.399000+00:00,2023-07-13 19:00:00.587000+00:00,True,138.013,138.019,-0.49999999999954525,0.6000000000000227,-7.099999999999795,False,False,1.1933333333333334,0.7195121951219765,0.8562351072279093,7.699999999999818,907,137.923
2023H2|J_PULLBACK_CONTINUATION|2023-07-13T18:45:00+00:00|-1,30,2023-07-13 19:15:00.399000+00:00,2023-07-13 19:15:00.407000+00:00,True,137.983,137.989,2.5000000000005684,4.600000000002069,-7.099999999999795,False,False,0.6933333333333334,0.5223880597016065,1.3700657894736725,11.899999999999977,1596,137.923
2023H2|J_PULLBACK_CONTINUATION|2023-07-13T18:45:00+00:00|-1,60,2023-07-13 19:45:00.399000+00:00,2023-07-13 19:45:02.550000+00:00,True,138.055,138.059,-4.4999999999987494,5.299999999999727,-7.099999999999795,False,False,0.5466666666666666,0.6326530612245254,1.586083853701843,12.699999999998113,3071,137.923
2023H2|J_PULLBACK_CONTINUATION|2023-07-13T18:45:00+00:00|-1,90,2023-07-13 20:15:00.399000+00:00,2023-07-13 20:15:02.003000+00:00,True,138.029,138.036,-2.199999999999136,5.299999999999727,-7.099999999999795,False,False,0.6333333333333333,0.3636363636365202,1.6119673617404964,12.699999999998113,4328,137.923
2023H2|J_PULLBACK_CONTINUATION|2023-07-13T18:45:00+00:00|-1,120,2023-07-13 20:45:00.399000+00:00,2023-07-13 20:45:01.114000+00:00,True,138.056,138.062,-4.800000000000182,5.299999999999727,-7.099999999999795,False,False,0.7966666666666666,1.0,1.8254620123200769,12.699999999998113,5365,137.923
2023H2|J_PULLBACK_CONTINUATION|2023-07-13T23:15:00+00:00|-1,15,2023-07-13 23:30:00.086000+00:00,2023-07-13 23:30:00.467000+00:00,True,137.897,137.901,3.7999999999982492,4.200000000000159,-3.6000000000001364,True,False,0.6566666666666666,0.3749999999996828,1.2348401323040399,7.999999999998408,335,137.897
2023H2|J_PULLBACK_CONTINUATION|2023-07-13T23:15:00+00:00|-1,30,2023-07-13 23:45:00.086000+00:00,2023-07-13 23:45:00.299000+00:00,True,137.932,137.937,0.1999999999981128,4.200000000000159,-3.6000000000001364,True,False,1.1166666666666667,0.06832298136643222,1.0821256038644929,7.999999999998408,1127,137.897
2023H2|J_PULLBACK_CONTINUATION|2023-07-13T23:15:00+00:00|-1,60,2023-07-14 00:15:00.086000+00:00,2023-07-14 00:15:01.295000+00:00,True,137.876,137.882,5.699999999998795,12.399999999999523,-18.10000000000116,True,False,2.1966666666666668,0.6126760563381691,3.0120311394196713,30.400000000000205,4287,137.897
2023H2|J_PULLBACK_CONTINUATION|2023-07-13T23:15:00+00:00|-1,90,2023-07-14 00:45:00.086000+00:00,2023-07-14 00:45:00.113000+00:00,True,137.983,137.991,-5.200000000002092,19.899999999998386,-18.10000000000116,True,True,2.4033333333333333,0.905569007263887,2.8433992517369475,37.999999999999545,8706,137.897
2023H2|J_PULLBACK_CONTINUATION|2023-07-13T23:15:00+00:00|-1,120,2023-07-14 01:15:00.086000+00:00,2023-07-14 01:15:00.280000+00:00,True,137.65,137.658,28.10000000000059,30.699999999998795,-18.10000000000116,True,False,2.433333333333333,0.749999999999952,3.356164383561688,49.00000000000091,14716,137.897
2023H2|J_PULLBACK_CONTINUATION|2023-07-14T04:45:00+00:00|-1,15,2023-07-14 05:00:00.172000+00:00,2023-07-14 05:00:00.315000+00:00,True,137.695,137.704,-8.400000000000318,-0.20000000000095497,-9.899999999998954,False,True,1.35,0.6250000000000846,0.7675613934892592,9.599999999997522,1672,137.367
2023H2|J_PULLBACK_CONTINUATION|2023-07-14T04:45:00+00:00|-1,30,2023-07-14 05:15:00.172000+00:00,2023-07-14 05:15:00.218000+00:00,True,137.651,137.661,-4.099999999999682,2.5000000000005684,-14.300000000000068,False,True,1.5033333333333334,0.44578313253020296,1.4438305709024823,16.800000000000637,3101,137.367
2023H2|J_PULLBACK_CONTINUATION|2023-07-14T04:45:00+00:00|-1,60,2023-07-14 05:45:00.172000+00:00,2023-07-14 05:45:00.279000+00:00,True,137.832,137.838,-21.79999999999893,2.5000000000005684,-25.399999999999068,False,True,1.87,0.7985074626866447,2.405850091407824,28.20000000000107,5805,137.367
2023H2|J_PULLBACK_CONTINUATION|2023-07-14T04:45:00+00:00|-1,90,2023-07-14 06:15:00.172000+00:00,2023-07-14 06:15:00.180000+00:00,True,137.871,137.875,-25.499999999999545,2.5000000000005684,-33.799999999999386,False,True,2.243333333333333,0.15000000000007896,2.9615384615384928,36.299999999999955,9801,137.367
2023H2|J_PULLBACK_CONTINUATION|2023-07-14T04:45:00+00:00|-1,120,2023-07-14 06:45:00.172000+00:00,2023-07-14 06:45:00.228000+00:00,True,138.157,138.163,-54.30000000000064,2.5000000000005684,-55.400000000000205,False,True,2.1033333333333335,0.2251908396946466,4.121827411167545,58.00000000000125,13632,137.367
2023H2|J_PULLBACK_CONTINUATION|2023-07-17T11:45:00+00:00|-1,15,2023-07-17 12:00:00.056000+00:00,2023-07-17 12:00:00.196000+00:00,True,138.361,138.366,-9.300000000001774,2.5000000000005684,-15.399999999999636,False,True,1.3066666666666666,0.30434782608695654,1.4595224228305,17.900000000000205,1220,137.996
2023H2|J_PULLBACK_CONTINUATION|2023-07-17T11:45:00+00:00|-1,30,2023-07-17 12:15:00.056000+00:00,2023-07-17 12:15:00.141000+00:00,True,138.405,138.41,-13.700000000000045,2.5000000000005684,-17.69999999999925,False,True,2.02,0.35968379446634324,1.537964458804559,20.400000000000773,2692,137.996
2023H2|J_PULLBACK_CONTINUATION|2023-07-17T11:45:00+00:00|-1,60,2023-07-17 12:45:00.056000+00:00,2023-07-17 12:45:00.155000+00:00,True,138.866,138.871,-59.80000000000132,2.5000000000005684,-61.40000000000043,False,True,3.57,0.6666666666666299,3.864362850971939,63.900000000001,9518,137.996
2023H2|J_PULLBACK_CONTINUATION|2023-07-17T11:45:00+00:00|-1,90,2023-07-17 13:15:00.056000+00:00,2023-07-17 13:15:00.085000+00:00,True,139.072,139.077,-80.4000000000002,2.5000000000005684,-82.69999999999982,False,True,3.0,0.11724137931030831,5.201219512195128,85.30000000000086,16187,137.996
2023H2|J_PULLBACK_CONTINUATION|2023-07-17T11:45:00+00:00|-1,120,2023-07-17 13:45:00.056000+00:00,2023-07-17 13:45:00.159000+00:00,True,139.324,139.331,-105.79999999999927,2.5000000000005684,-114.00000000000148,False,True,4.42,0.9222614840989747,5.983829474457906,116.30000000000109,23481,137.996
2023H2|J_PULLBACK_CONTINUATION|2023-07-18T06:45:00+00:00|-1,15,2023-07-18 07:00:00.789000+00:00,2023-07-18 07:00:01.078000+00:00,True,138.325,138.332,12.999999999999545,15.899999999999181,-1.700000000002433,True,False,2.183333333333333,0.7394957983192776,1.7040110650067992,17.599999999998772,1553,138.315
2023H2|J_PULLBACK_CONTINUATION|2023-07-18T06:45:00+00:00|-1,30,2023-07-18 07:15:00.789000+00:00,2023-07-18 07:15:00.830000+00:00,True,138.249,138.256,20.599999999998886,24.799999999999045,-1.700000000002433,True,False,2.6766666666666667,0.007518796992516563,2.4396039603958917,26.39999999999816,4149,138.315
2023H2|J_PULLBACK_CONTINUATION|2023-07-18T06:45:00+00:00|-1,60,2023-07-18 07:45:00.789000+00:00,2023-07-18 07:45:02.196000+00:00,True,138.317,138.323,13.899999999998158,24.799999999999045,-1.700000000002433,True,False,1.97,0.733990147783245,2.158878504672796,26.39999999999816,7932,138.315
2023H2|J_PULLBACK_CONTINUATION|2023-07-18T06:45:00+00:00|-1,90,2023-07-18 08:15:00.789000+00:00,2023-07-18 08:15:01.471000+00:00,True,138.143,138.15,31.19999999999834,36.49999999999807,-1.700000000002433,True,False,2.5166666666666666,0.12345679012351529,2.817702845099981,38.19999999999766,13814,138.315
2023H2|J_PULLBACK_CONTINUATION|2023-07-18T06:45:00+00:00|-1,120,2023-07-18 08:45:00.789000+00:00,2023-07-18 08:45:00.791000+00:00,True,138.269,138.275,18.69999999999834,36.7999999999995,-1.700000000002433,True,False,1.88,0.8023255813953604,2.8116545265349155,38.59999999999957,18423,138.315
2023H2|J_PULLBACK_CONTINUATION|2023-07-18T12:00:00+00:00|-1,15,2023-07-18 12:15:00.088000+00:00,2023-07-18 12:15:00.108000+00:00,True,138.154,138.16,11.600000000001387,20.50000000000125,-0.49999999999954525,True,False,2.5533333333333332,0.4959349593494582,1.7500000000000884,21.100000000001273,2232,138.111
2023H2|J_PULLBACK_CONTINUATION|2023-07-18T12:00:00+00:00|-1,30,2023-07-18 12:30:00.088000+00:00,2023-07-18 12:30:00.199000+00:00,True,138.215,138.236,4.000000000002046,20.50000000000125,-0.6000000000000227,True,False,2.5566666666666666,0.019027484143763984,1.1712707182319746,21.19999999999891,4448,138.111
2023H2|J_PULLBACK_CONTINUATION|2023-07-18T12:00:00+00:00|-1,60,2023-07-18 13:00:00.088000+00:00,2023-07-18 13:00:00.170000+00:00,True,138.102,138.109,16.70000000000016,58.500000000000796,-35.3999999999985,True,False,5.12,0.5972696245734046,4.335188216039221,94.5999999999998,17178,138.111
2023H2|J_PULLBACK_CONTINUATION|2023-07-18T12:00:00+00:00|-1,90,2023-07-18 13:30:00.088000+00:00,2023-07-18 13:30:00.168000+00:00,True,138.214,138.221,5.500000000000682,58.500000000000796,-35.3999999999985,True,False,3.783333333333333,0.2096273291925399,3.4507556018759753,94.5999999999998,24989,138.111
2023H2|J_PULLBACK_CONTINUATION|2023-07-18T12:00:00+00:00|-1,120,2023-07-18 14:00:00.088000+00:00,2023-07-18 14:00:00.127000+00:00,True,138.692,138.698,-42.199999999999704,58.500000000000796,-61.69999999999902,True,True,4.746666666666667,0.5202020202020097,3.607600341588391,120.69999999999936,36921,138.111
2023H2|J_PULLBACK_CONTINUATION|2023-07-24T13:45:00+00:00|-1,15,2023-07-24 14:00:00+00:00,2023-07-24 14:00:00.022000+00:00,True,141.153,141.162,-20.000000000001705,21.09999999999843,-33.60000000000127,True,True,4.66,0.21739130434784482,2.967147435897404,52.899999999999636,5819,140.844
2023H2|J_PULLBACK_CONTINUATION|2023-07-24T13:45:00+00:00|-1,30,2023-07-24 14:15:00+00:00,2023-07-24 14:15:00.486000+00:00,True,141.157,141.163,-20.100000000002183,21.09999999999843,-33.60000000000127,True,True,2.84,0.04929577464792401,2.900900900900884,52.899999999999636,9018,140.844
2023H2|J_PULLBACK_CONTINUATION|2023-07-24T13:45:00+00:00|-1,60,2023-07-24 14:45:00+00:00,2023-07-24 14:45:00.433000+00:00,True,141.232,141.237,-27.50000000000057,21.09999999999843,-46.30000000000223,True,True,3.486666666666667,0.7695473251029452,3.3590106007067426,67.9000000000002,15574,140.844
2023H2|J_PULLBACK_CONTINUATION|2023-07-24T13:45:00+00:00|-1,90,2023-07-24 15:15:00+00:00,2023-07-24 15:15:00.215000+00:00,True,141.267,141.272,-31.000000000000227,21.09999999999843,-46.30000000000223,True,True,2.506666666666667,0.07831325301208125,3.413285457809744,67.9000000000002,21591,140.844
2023H2|J_PULLBACK_CONTINUATION|2023-07-24T13:45:00+00:00|-1,120,2023-07-24 15:45:00+00:00,2023-07-24 15:45:00.082000+00:00,True,141.257,141.262,-30.000000000001137,21.09999999999843,-46.30000000000223,True,True,1.4366666666666668,0.1568627450979463,3.5871698113208343,67.9000000000002,24614,140.844
2023H2|J_PULLBACK_CONTINUATION|2023-07-25T17:30:00+00:00|-1,15,2023-07-25 17:45:00.006000+00:00,2023-07-25 17:45:01.120000+00:00,True,141.113,141.119,-2.2999999999996135,-0.39999999999906777,-4.699999999999704,False,False,0.5933333333333334,0.4473684210525627,0.3699699699700654,4.400000000001114,674,140.854
2023H2|J_PULLBACK_CONTINUATION|2023-07-25T17:30:00+00:00|-1,30,2023-07-25 18:00:00.006000+00:00,2023-07-25 18:00:00.123000+00:00,True,141.136,141.143,-4.699999999999704,-0.39999999999906777,-7.800000000000296,False,True,0.8433333333333334,0.07142857142839021,0.7575544624033543,7.699999999999818,1343,140.854
2023H2|J_PULLBACK_CONTINUATION|2023-07-25T17:30:00+00:00|-1,60,2023-07-25 18:30:00.006000+00:00,2023-07-25 18:30:00.351000+00:00,True,141.156,141.164,-6.799999999998363,-0.39999999999906777,-10.200000000000387,False,True,0.55,0.9264705882353432,1.248648648648892,9.900000000001796,2690,140.854
2023H2|J_PULLBACK_CONTINUATION|2023-07-25T17:30:00+00:00|-1,90,2023-07-25 19:00:00.006000+00:00,2023-07-25 19:00:00.059000+00:00,True,141.037,141.04,5.60000000000116,10.80000000000041,-10.200000000000387,False,False,1.5133333333333334,0.987654320987598,2.5962732919254834,20.90000000000032,4327,140.854
2023H2|J_PULLBACK_CONTINUATION|2023-07-25T17:30:00+00:00|-1,120,2023-07-25 19:30:00.006000+00:00,2023-07-25 19:30:00.071000+00:00,True,140.961,140.965,13.100000000000023,17.69999999999925,-10.200000000000387,False,False,0.59,0.27777777777751467,3.9816513761470493,27.90000000000248,5633,140.854
2023H2|J_PULLBACK_CONTINUATION|2023-07-25T22:30:00+00:00|-1,15,2023-07-25 22:45:00.588000+00:00,2023-07-25 22:45:02.963000+00:00,True,140.923,140.931,-0.5000000000023874,2.6999999999986812,-1.8000000000000682,False,False,0.30333333333333334,0.2926829268293021,0.5960539979231143,4.099999999999682,357,140.836
2023H2|J_PULLBACK_CONTINUATION|2023-07-25T22:30:00+00:00|-1,30,2023-07-25 23:00:00.588000+00:00,2023-07-25 23:00:01.215000+00:00,True,140.92,140.933,-0.7000000000005002,2.6999999999986812,-1.8000000000000682,False,False,0.6733333333333333,0.5740740740741618,0.5993883792049189,4.200000000000159,847,140.836
2023H2|J_PULLBACK_CONTINUATION|2023-07-25T22:30:00+00:00|-1,60,2023-07-25 23:30:00.588000+00:00,2023-07-25 23:30:00.651000+00:00,True,140.924,140.93,-0.40000000000190994,2.6999999999986812,-3.300000000001546,False,False,0.24,0.5135135135135758,0.9436464088398573,6.100000000000705,1545,140.836
2023H2|J_PULLBACK_CONTINUATION|2023-07-25T22:30:00+00:00|-1,90,2023-07-26 00:00:00.588000+00:00,2023-07-26 00:00:00.612000+00:00,True,140.908,140.913,1.2999999999976808,2.7999999999991587,-3.300000000001546,False,False,0.013333333333333334,0.1513513513514576,0.8281690140846828,6.30000000000166,2438,140.836
2023H2|J_PULLBACK_CONTINUATION|2023-07-25T22:30:00+00:00|-1,120,2023-07-26 00:30:00.588000+00:00,2023-07-26 00:30:02.672000+00:00,True,140.979,140.988,-6.200000000001182,6.599999999997408,-13.000000000002387,False,True,0.96,0.2470588235293134,2.6065259117080224,19.39999999999884,6016,140.836
2023H2|J_PULLBACK_CONTINUATION|2023-07-26T03:00:00+00:00|-1,15,2023-07-26 03:15:00.070000+00:00,2023-07-26 03:15:00.158000+00:00,True,141.058,141.065,-3.499999999999659,0.39999999999906777,-5.299999999999727,False,True,0.7166666666666667,0.5365853658534895,0.6792763157894562,5.89999999999975,732,141.005
2023H2|J_PULLBACK_CONTINUATION|2023-07-26T03:00:00+00:00|-1,30,2023-07-26 03:30:00.070000+00:00,2023-07-26 03:30:00.104000+00:00,True,141.07,141.075,-4.4999999999987494,0.39999999999906777,-6.60000000000025,False,True,0.9066666666666666,0.8124999999999722,0.907762557077624,7.099999999999795,1507,141.005
2023H2|J_PULLBACK_CONTINUATION|2023-07-26T03:00:00+00:00|-1,60,2023-07-26 04:00:00.070000+00:00,2023-07-26 04:00:00.745000+00:00,True,140.982,140.988,4.200000000000159,5.500000000000682,-6.60000000000025,True,False,1.3833333333333333,0.16393442622934018,1.5951035781545735,12.100000000000932,3413,141.005
2023H2|J_PULLBACK_CONTINUATION|2023-07-26T03:00:00+00:00|-1,90,2023-07-26 04:30:00.070000+00:00,2023-07-26 04:30:00.115000+00:00,True,141.05,141.056,-2.600000000001046,5.500000000000682,-6.60000000000025,True,True,1.15,0.47727272727260983,1.7268093781857177,12.100000000000932,5245,141.005
2023H2|J_PULLBACK_CONTINUATION|2023-07-26T03:00:00+00:00|-1,120,2023-07-26 05:00:00.070000+00:00,2023-07-26 05:00:00.095000+00:00,True,141.041,141.047,-1.6999999999995907,5.500000000000682,-6.999999999999318,True,True,0.6433333333333333,0.7346938775509494,1.9593679458239248,12.399999999999523,7083,141.005
2023H2|J_PULLBACK_CONTINUATION|2023-07-26T12:15:00+00:00|-1,15,2023-07-26 12:30:00.097000+00:00,2023-07-26 12:30:00.172000+00:00,True,140.346,140.353,1.099999999999568,3.499999999999659,-8.899999999999864,False,False,2.5433333333333334,0.5081967213115136,1.038600723763498,12.299999999999045,1937,140.178
2023H2|J_PULLBACK_CONTINUATION|2023-07-26T12:15:00+00:00|-1,30,2023-07-26 12:45:00.097000+00:00,2023-07-26 12:45:00.295000+00:00,True,140.297,140.305,5.89999999999975,12.100000000000932,-8.899999999999864,False,False,2.4966666666666666,0.37588652482269935,1.7721518987342835,21.000000000000796,4435,140.178
2023H2|J_PULLBACK_CONTINUATION|2023-07-26T12:15:00+00:00|-1,60,2023-07-26 13:15:00.097000+00:00,2023-07-26 13:15:00.354000+00:00,True,140.318,140.325,3.900000000001569,20.300000000000296,-8.899999999999864,True,False,2.06,0.28571428571405366,2.4650880388585183,28.999999999999204,9133,140.178
2023H2|J_PULLBACK_CONTINUATION|2023-07-26T12:15:00+00:00|-1,90,2023-07-26 13:45:00.097000+00:00,2023-07-26 13:45:00.155000+00:00,True,140.424,140.428,-6.399999999999295,20.300000000000296,-8.899999999999864,True,True,3.0966666666666667,0.8,2.344110854503478,28.999999999999204,14888,140.178
2023H2|J_PULLBACK_CONTINUATION|2023-07-26T12:15:00+00:00|-1,120,2023-07-26 14:15:00.097000+00:00,2023-07-26 14:15:00.256000+00:00,True,140.362,140.367,-0.2999999999985903,20.300000000000296,-18.199999999998795,True,False,2.296666666666667,0.31111111111100587,2.7883817427384927,38.39999999999861,20533,140.178
2023H2|J_PULLBACK_CONTINUATION|2023-07-26T18:15:00+00:00|-1,15,2023-07-26 18:30:00.094000+00:00,2023-07-26 18:30:00.102000+00:00,True,140.644,140.651,-19.80000000000075,2.600000000001046,-22.8999999999985,False,True,3.6066666666666665,0.9089403973510268,1.811015664477024,25.600000000000023,3042,140.341
2023H2|J_PULLBACK_CONTINUATION|2023-07-26T18:15:00+00:00|-1,30,2023-07-26 18:45:00.094000+00:00,2023-07-26 18:45:00.201000+00:00,True,140.144,140.15,30.299999999999727,35.300000000000864,-25.100000000000477,True,False,8.796666666666667,0.9791666666666508,3.759893285904808,60.3999999999985,10115,140.341
2023H2|J_PULLBACK_CONTINUATION|2023-07-26T18:15:00+00:00|-1,60,2023-07-26 19:15:00.094000+00:00,2023-07-26 19:15:00.135000+00:00,True,140.158,140.162,29.09999999999968,52.40000000000009,-25.100000000000477,True,False,4.486666666666666,0.5680473372780179,4.246758349705373,77.19999999999914,21279,140.341
2023H2|J_PULLBACK_CONTINUATION|2023-07-26T18:15:00+00:00|-1,90,2023-07-26 19:45:00.094000+00:00,2023-07-26 19:45:00.170000+00:00,True,140.188,140.198,25.499999999999545,52.40000000000009,-25.100000000000477,True,False,2.0633333333333335,0.5625000000000833,4.134659525631299,77.19999999999914,26529,140.341
2023H2|J_PULLBACK_CONTINUATION|2023-07-26T18:15:00+00:00|-1,120,2023-07-26 20:15:00.094000+00:00,2023-07-26 20:15:02.431000+00:00,True,140.283,140.289,16.40000000000157,52.40000000000009,-25.100000000000477,True,False,1.2933333333333332,0.4086021505376738,4.057057057057118,77.19999999999914,29278,140.341
2023H2|J_PULLBACK_CONTINUATION|2023-07-27T01:00:00+00:00|-1,15,2023-07-27 01:15:00.167000+00:00,2023-07-27 01:15:00.436000+00:00,True,140.229,140.237,10.900000000000887,11.199999999999477,-2.600000000001046,False,False,1.71,0.68131868131875,1.2777413000657074,13.900000000001,1724,140.224
2023H2|J_PULLBACK_CONTINUATION|2023-07-27T01:00:00+00:00|-1,30,2023-07-27 01:30:00.167000+00:00,2023-07-27 01:30:00.213000+00:00,True,140.176,140.184,16.200000000000614,19.10000000000025,-2.600000000001046,True,False,0.8966666666666666,0.9330024813896095,1.776484284051319,21.800000000001774,2844,140.224
2023H2|J_PULLBACK_CONTINUATION|2023-07-27T01:00:00+00:00|-1,60,2023-07-27 02:00:00.167000+00:00,2023-07-27 02:00:00.690000+00:00,True,139.773,139.782,56.399999999999295,62.999999999999545,-2.600000000001046,True,False,1.9233333333333333,0.9568527918781836,4.571570576540699,65.70000000000107,7410,140.224
2023H2|J_PULLBACK_CONTINUATION|2023-07-27T01:00:00+00:00|-1,90,2023-07-27 02:30:00.167000+00:00,2023-07-27 02:30:00.854000+00:00,True,139.611,139.617,72.90000000000134,95.90000000000032,-2.600000000001046,True,False,1.8966666666666667,0.1264367816091616,6.42996742671016,98.70000000000232,12435,140.224
2023H2|J_PULLBACK_CONTINUATION|2023-07-27T01:00:00+00:00|-1,120,2023-07-27 03:00:00.167000+00:00,2023-07-27 03:00:00.254000+00:00,True,139.705,139.713,63.30000000000098,95.90000000000032,-2.600000000001046,True,False,1.6933333333333334,0.37383177570086257,6.089907448215125,98.70000000000232,16178,140.224
2023H2|J_PULLBACK_CONTINUATION|2023-07-27T07:15:00+00:00|-1,15,2023-07-27 07:30:00.300000+00:00,2023-07-27 07:30:00.336000+00:00,True,140.061,140.067,-21.700000000001296,2.5000000000005684,-22.30000000000132,True,True,4.066666666666666,0.9399141630900869,1.6389280677009486,24.899999999999523,3039,139.828
2023H2|J_PULLBACK_CONTINUATION|2023-07-27T07:15:00+00:00|-1,30,2023-07-27 07:45:00.300000+00:00,2023-07-27 07:45:00.570000+00:00,True,139.892,139.896,-4.599999999999227,2.5000000000005684,-26.69999999999959,True,False,3.6966666666666668,0.052023121387366755,1.8730593607304544,29.299999999997794,6058,139.828
2023H2|J_PULLBACK_CONTINUATION|2023-07-27T07:15:00+00:00|-1,60,2023-07-27 08:15:00.300000+00:00,2023-07-27 08:15:01.329000+00:00,True,139.95,139.956,-10.599999999999454,3.3999999999991815,-26.69999999999959,True,False,3.01,0.9006622516555381,1.8901890189017758,29.999999999998295,11465,139.828
2023H2|J_PULLBACK_CONTINUATION|2023-07-27T07:15:00+00:00|-1,90,2023-07-27 08:45:00.300000+00:00,2023-07-27 08:45:01.297000+00:00,True,139.892,139.9,-5.000000000001137,3.3999999999991815,-26.69999999999959,True,False,2.38,0.3064516129030964,1.9607843137253564,29.999999999998295,17017,139.828
2023H2|J_PULLBACK_CONTINUATION|2023-07-27T07:15:00+00:00|-1,120,2023-07-27 09:15:00.300000+00:00,2023-07-27 09:15:00.505000+00:00,True,139.928,139.934,-8.400000000000318,3.3999999999991815,-26.69999999999959,True,False,2.5633333333333335,0.07589285714284244,1.921317474839775,29.999999999998295,21033,139.828
2023H2|J_PULLBACK_CONTINUATION|2023-07-28T02:45:00+00:00|-1,15,2023-07-28 03:00:00.413000+00:00,2023-07-28 03:00:00.549000+00:00,True,139.227,139.247,3.499999999999659,13.000000000002387,-2.4999999999977263,False,False,5.026666666666666,0.7315436241611288,0.6468085106382488,15.199999999998681,3100,139.055
2023H2|J_PULLBACK_CONTINUATION|2023-07-28T02:45:00+00:00|-1,30,2023-07-28 03:15:00.413000+00:00,2023-07-28 03:15:00.903000+00:00,True,139.182,139.192,9.000000000000341,13.000000000002387,-2.4999999999977263,False,False,2.6333333333333333,0.49144764288694265,0.392235854239132,15.299999999999159,5802,139.055
2023H2|J_PULLBACK_CONTINUATION|2023-07-28T02:45:00+00:00|-1,60,2023-07-28 03:45:00.413000+00:00,2023-07-28 03:45:00.595000+00:00,True,139.731,139.754,-47.199999999998,74.50000000000045,-181.19999999999834,True,True,10.316666666666666,0.6361940298507599,5.179190751445105,262.3999999999995,18343,139.055
2023H2|J_PULLBACK_CONTINUATION|2023-07-28T02:45:00+00:00|-1,90,2023-07-28 04:15:00.413000+00:00,2023-07-28 04:15:00.468000+00:00,True,138.118,138.129,115.300000000002,119.80000000000075,-181.19999999999834,True,False,9.05,0.09677419354839245,4.693208430913387,300.6,32490,139.055
2023H2|J_PULLBACK_CONTINUATION|2023-07-28T02:45:00+00:00|-1,120,2023-07-28 04:45:00.413000+00:00,2023-07-28 04:45:01.360000+00:00,True,138.885,138.899,38.30000000000098,121.39999999999986,-181.19999999999834,True,False,6.17,0.301932367149747,4.413202423229615,301.80000000000007,44542,139.055
2023H2|J_PULLBACK_CONTINUATION|2023-08-02T09:45:00+00:00|-1,15,2023-08-02 10:00:00.241000+00:00,2023-08-02 10:00:04.140000+00:00,True,142.643,142.649,-4.400000000001114,-0.9000000000014552,-9.400000000002251,False,False,1.27,0.11403508771933979,0.5584594222834511,8.70000000000175,1351,142.23
2023H2|J_PULLBACK_CONTINUATION|2023-08-02T09:45:00+00:00|-1,30,2023-08-02 10:15:00.241000+00:00,2023-08-02 10:15:00.294000+00:00,True,142.719,142.724,-11.899999999999977,-0.9000000000014552,-14.000000000001478,False,True,1.7733333333333334,0.16666666666666663,0.8870890900429231,13.300000000000978,2763,142.23
2023H2|J_PULLBACK_CONTINUATION|2023-08-02T09:45:00+00:00|-1,60,2023-08-02 10:45:00.241000+00:00,2023-08-02 10:45:02.911000+00:00,True,142.766,142.772,-16.70000000000016,-0.9000000000014552,-18.000000000000682,False,True,1.4166666666666667,0.5076923076925632,1.2577002053388675,17.500000000001137,5176,142.23
2023H2|J_PULLBACK_CONTINUATION|2023-08-02T09:45:00+00:00|-1,90,2023-08-02 11:15:00.241000+00:00,2023-08-02 11:15:00.247000+00:00,True,142.723,142.728,-12.300000000001887,-0.9000000000014552,-18.000000000000682,False,True,1.3,0.09589041095896278,1.3733183856502758,17.500000000001137,7475,142.23
2023H2|J_PULLBACK_CONTINUATION|2023-08-02T09:45:00+00:00|-1,120,2023-08-02 11:45:00.241000+00:00,2023-08-02 11:45:11.195000+00:00,True,142.836,142.841,-23.60000000000184,-0.9000000000014552,-28.80000000000109,False,True,2.0033333333333334,0.8815789473684285,2.397085610200385,28.20000000000107,9748,142.23
2023H2|J_PULLBACK_CONTINUATION|2023-08-03T12:45:00+00:00|-1,15,2023-08-03 13:00:00.097000+00:00,2023-08-03 13:00:00.147000+00:00,True,142.712,142.713,-9.199999999998454,0.20000000000095497,-21.19999999999891,False,False,4.48,0.0,1.2518891687657194,21.299999999999386,4237,142.498
2023H2|J_PULLBACK_CONTINUATION|2023-08-03T12:45:00+00:00|-1,30,2023-08-03 13:15:00.097000+00:00,2023-08-03 13:15:01.294000+00:00,True,142.794,142.799,-17.799999999999727,1.9000000000005457,-21.19999999999891,False,False,3.3866666666666667,0.5931034482758283,1.3094753965025985,22.999999999998977,7497,142.498
2023H2|J_PULLBACK_CONTINUATION|2023-08-03T12:45:00+00:00|-1,60,2023-08-03 13:45:00.097000+00:00,2023-08-03 13:45:00.108000+00:00,True,142.772,142.784,-16.29999999999825,1.9000000000005457,-23.999999999998067,False,False,3.5733333333333333,0.054878048780407473,1.436472945891815,25.600000000000023,14848,142.498
2023H2|J_PULLBACK_CONTINUATION|2023-08-03T12:45:00+00:00|-1,90,2023-08-03 14:15:00.097000+00:00,2023-08-03 14:15:00.118000+00:00,True,142.557,142.564,5.700000000001637,19.400000000001683,-23.999999999998067,True,False,5.056666666666667,0.7664670658682569,2.0331753554502803,42.900000000000205,24407,142.498
2023H2|J_PULLBACK_CONTINUATION|2023-08-03T12:45:00+00:00|-1,120,2023-08-03 14:45:00.097000+00:00,2023-08-03 14:45:00.188000+00:00,True,142.443,142.447,17.40000000000066,31.499999999999773,-23.999999999998067,True,False,2.9633333333333334,0.9563106796115836,2.5772303595206587,55.29999999999973,31785,142.498
2023H2|J_PULLBACK_CONTINUATION|2023-08-03T20:00:00+00:00|-1,15,2023-08-03 20:15:00.266000+00:00,2023-08-03 20:15:00.267000+00:00,True,142.549,142.556,-0.10000000000047748,2.000000000001023,-3.100000000000591,True,False,1.46,1.0,0.7353815659071429,5.300000000002569,1161,142.554
2023H2|J_PULLBACK_CONTINUATION|2023-08-03T20:00:00+00:00|-1,30,2023-08-03 20:30:00.266000+00:00,2023-08-03 20:30:00.483000+00:00,True,142.505,142.512,4.300000000000637,4.400000000001114,-3.100000000000591,True,False,0.7933333333333333,0.14545454545470515,1.1287958115186327,7.70000000000266,2024,142.554
2023H2|J_PULLBACK_CONTINUATION|2023-08-03T20:00:00+00:00|-1,60,2023-08-03 21:00:00.266000+00:00,2023-08-03 21:00:31.504000+00:00,True,142.495,142.627,-7.200000000000273,6.200000000001182,-9.799999999998477,True,True,1.12,0.18292682926831383,1.4340021119324522,9.700000000000841,3346,142.554
2023H2|J_PULLBACK_CONTINUATION|2023-08-03T20:00:00+00:00|-1,90,2023-08-03 21:30:00.266000+00:00,2023-08-03 21:30:02.129000+00:00,True,142.513,142.529,2.600000000001046,6.200000000001182,-9.799999999998477,True,False,0.36,0.5588235294118262,2.5005347593580782,16.70000000000016,3635,142.554
2023H2|J_PULLBACK_CONTINUATION|2023-08-03T20:00:00+00:00|-1,120,2023-08-03 22:00:00.266000+00:00,2023-08-03 22:00:00.329000+00:00,True,142.518,142.547,0.8000000000009777,6.200000000001182,-9.799999999998477,True,False,0.38,0.40384615384628,2.583425414364338,16.70000000000016,4588,142.554
2023H2|J_PULLBACK_CONTINUATION|2023-08-04T01:15:00+00:00|-1,15,2023-08-04 01:30:00.237000+00:00,2023-08-04 01:30:00.243000+00:00,True,142.594,142.601,-4.200000000000159,4.900000000000659,-10.699999999999932,True,False,2.4766666666666666,0.6503067484662941,1.538355217691694,15.899999999999181,2106,142.537
2023H2|J_PULLBACK_CONTINUATION|2023-08-04T01:15:00+00:00|-1,30,2023-08-04 01:45:00.237000+00:00,2023-08-04 01:45:00.243000+00:00,True,142.623,142.627,-6.800000000001205,4.900000000000659,-17.900000000000205,True,True,2.1466666666666665,0.3857142857141349,2.1750339213024508,22.8999999999985,4202,142.537
2023H2|J_PULLBACK_CONTINUATION|2023-08-04T01:15:00+00:00|-1,60,2023-08-04 02:15:00.237000+00:00,2023-08-04 02:15:00.421000+00:00,True,142.602,142.609,-5.000000000001137,4.900000000000659,-17.900000000000205,True,False,2.22,0.7615894039735174,1.9692874692873228,22.8999999999985,7475,142.537
2023H2|J_PULLBACK_CONTINUATION|2023-08-04T01:15:00+00:00|-1,90,2023-08-04 02:45:00.237000+00:00,2023-08-04 02:45:00.682000+00:00,True,142.341,142.348,21.09999999999843,21.19999999999891,-17.900000000000205,True,False,4.133333333333334,0.093922651933673,2.8422696512232335,38.999999999998636,12290,142.537
2023H2|J_PULLBACK_CONTINUATION|2023-08-04T01:15:00+00:00|-1,120,2023-08-04 03:15:00.237000+00:00,2023-08-04 03:15:00.250000+00:00,True,142.604,142.612,-5.299999999999727,23.900000000000432,-17.900000000000205,True,True,3.1266666666666665,0.553846153845952,2.8913043478260896,41.80000000000064,17613,142.537
2023H2|J_PULLBACK_CONTINUATION|2023-08-04T07:15:00+00:00|-1,15,2023-08-04 07:30:00.064000+00:00,2023-08-04 07:30:00.580000+00:00,True,142.639,142.644,-13.800000000000523,0.10000000000047748,-19.999999999998863,False,True,2.9133333333333336,0.9734513274335015,1.6823671497583117,19.899999999998386,2963,142.349
2023H2|J_PULLBACK_CONTINUATION|2023-08-04T07:15:00+00:00|-1,30,2023-08-04 07:45:00.064000+00:00,2023-08-04 07:45:00.123000+00:00,True,142.568,142.572,-6.60000000000025,0.10000000000047748,-19.999999999998863,False,True,2.1933333333333334,0.4362416107384278,1.57668364459521,19.899999999998386,5010,142.349
2023H2|J_PULLBACK_CONTINUATION|2023-08-04T07:15:00+00:00|-1,60,2023-08-04 08:15:00.064000+00:00,2023-08-04 08:15:00.100000+00:00,True,142.625,142.633,-12.700000000000955,0.10000000000047748,-21.700000000001296,False,True,2.4633333333333334,0.15517241379288382,1.767387492694414,21.60000000000082,9306,142.349
2023H2|J_PULLBACK_CONTINUATION|2023-08-04T07:15:00+00:00|-1,90,2023-08-04 08:45:00.064000+00:00,2023-08-04 08:45:00.310000+00:00,True,142.66,142.666,-15.999999999999659,0.10000000000047748,-22.20000000000084,False,True,2.68,0.7446808510638041,1.9265255292652594,22.100000000000364,13321,142.349
2023H2|J_PULLBACK_CONTINUATION|2023-08-04T07:15:00+00:00|-1,120,2023-08-04 09:15:00.064000+00:00,2023-08-04 09:15:00.154000+00:00,True,142.64,142.644,-13.800000000000523,0.10000000000047748,-22.20000000000084,False,True,1.76,0.24590163934447617,1.974473516273121,22.100000000000364,16876,142.349
2023H2|J_PULLBACK_CONTINUATION|2023-08-07T00:15:00+00:00|-1,15,2023-08-07 00:30:00.221000+00:00,2023-08-07 00:30:00.223000+00:00,True,141.705,141.713,-1.099999999999568,8.500000000000796,-2.000000000001023,True,False,1.45,0.6447368421051647,1.2376980817347614,10.599999999999454,1475,141.687
2023H2|J_PULLBACK_CONTINUATION|2023-08-07T00:15:00+00:00|-1,30,2023-08-07 00:45:00.221000+00:00,2023-08-07 00:45:01.113000+00:00,True,141.662,141.667,3.499999999999659,8.500000000000796,-2.000000000001023,True,False,1.1666666666666667,0.5423728813558152,1.1058122205662981,10.599999999999454,2581,141.687
2023H2|J_PULLBACK_CONTINUATION|2023-08-07T00:15:00+00:00|-1,60,2023-08-07 01:15:00.221000+00:00,2023-08-07 01:15:00.310000+00:00,True,141.903,141.911,-20.90000000000032,18.39999999999975,-23.699999999999477,True,True,4.226666666666667,0.5890410958902776,3.481393975192112,42.09999999999923,7902,141.687
2023H2|J_PULLBACK_CONTINUATION|2023-08-07T00:15:00+00:00|-1,90,2023-08-07 01:45:00.221000+00:00,2023-08-07 01:45:01.514000+00:00,True,141.814,141.823,-12.100000000000932,18.39999999999975,-23.699999999999477,True,True,1.8933333333333333,0.6741573033708224,3.5764563106797396,42.09999999999923,11828,141.687
2023H2|J_PULLBACK_CONTINUATION|2023-08-07T00:15:00+00:00|-1,120,2023-08-07 02:15:00.221000+00:00,2023-08-07 02:15:00.221000+00:00,True,141.931,141.937,-23.500000000001364,18.39999999999975,-28.999999999999204,True,True,1.5366666666666666,0.33333333333333337,3.598913043478521,47.30000000000132,14823,141.687
2023H2|J_PULLBACK_CONTINUATION|2023-08-18T00:30:00+00:00|-1,15,2023-08-18 00:45:00.067000+00:00,2023-08-18 00:45:00.147000+00:00,True,145.678,145.684,6.30000000000166,7.800000000000296,-0.7999999999981355,False,False,1.61,0.8896103896102494,1.0348343245537774,8.699999999998909,1070,145.574
2023H2|J_PULLBACK_CONTINUATION|2023-08-18T00:30:00+00:00|-1,30,2023-08-18 01:00:00.067000+00:00,2023-08-18 01:00:00.122000+00:00,True,145.545,145.552,19.50000000000216,21.400000000002706,-0.7999999999981355,True,False,2.6766666666666667,0.1809523809524506,2.5116653258247195,22.30000000000132,3460,145.574
2023H2|J_PULLBACK_CONTINUATION|2023-08-18T00:30:00+00:00|-1,60,2023-08-18 01:30:00.067000+00:00,2023-08-18 01:30:00.216000+00:00,True,145.455,145.459,28.80000000000109,34.00000000000034,-0.7999999999981355,True,False,1.85,0.7714285714285192,3.3557692307690905,34.899999999998954,7040,145.574
2023H2|J_PULLBACK_CONTINUATION|2023-08-18T00:30:00+00:00|-1,90,2023-08-18 02:00:00.067000+00:00,2023-08-18 02:00:00.137000+00:00,True,145.463,145.467,28.000000000000114,41.30000000000109,-0.7999999999981355,True,False,1.2733333333333334,0.27173913043489006,3.77678571428577,42.30000000000018,10842,145.574
2023H2|J_PULLBACK_CONTINUATION|2023-08-18T00:30:00+00:00|-1,120,2023-08-18 02:30:00.067000+00:00,2023-08-18 02:30:00.353000+00:00,True,145.477,145.482,26.500000000001478,41.30000000000109,-0.7999999999981355,True,False,1.7233333333333334,0.8313253012050379,3.6668730650155394,42.30000000000018,13578,145.574
2023H2|J_PULLBACK_CONTINUATION|2023-08-18T07:15:00+00:00|-1,15,2023-08-18 07:30:00.099000+00:00,2023-08-18 07:30:00.451000+00:00,True,145.223,145.23,6.200000000001182,8.600000000001273,-3.0000000000001137,False,False,2.55,0.7999999999998864,1.1813471502588184,11.39999999999759,2153,145.182
2023H2|J_PULLBACK_CONTINUATION|2023-08-18T07:15:00+00:00|-1,30,2023-08-18 07:45:00.099000+00:00,2023-08-18 07:45:00.889000+00:00,True,145.173,145.18,11.199999999999477,13.400000000001455,-3.0000000000001137,True,False,2.4633333333333334,0.14379084967331313,1.5752461322080957,15.999999999999659,4514,145.182
2023H2|J_PULLBACK_CONTINUATION|2023-08-18T07:15:00+00:00|-1,60,2023-08-18 08:15:00.099000+00:00,2023-08-18 08:15:01.214000+00:00,True,145.338,145.343,-5.099999999998772,13.400000000001455,-7.30000000000075,True,False,1.36,0.09259259259268027,1.8176060797974094,20.50000000000125,7795,145.182
2023H2|J_PULLBACK_CONTINUATION|2023-08-18T07:15:00+00:00|-1,90,2023-08-18 08:45:00.099000+00:00,2023-08-18 08:45:00.187000+00:00,True,145.582,145.589,-29.699999999999704,13.400000000001455,-32.099999999999795,True,True,2.5366666666666666,0.6321839080459282,3.8113432835820786,45.60000000000173,11319,145.182
2023H2|J_PULLBACK_CONTINUATION|2023-08-18T07:15:00+00:00|-1,120,2023-08-18 09:15:00.099000+00:00,2023-08-18 09:15:01.348000+00:00,True,145.539,145.541,-24.899999999999523,13.400000000001455,-34.600000000000364,True,True,2.04,0.9230769230771634,3.926229508196704,47.90000000000134,15098,145.182
2023H2|J_PULLBACK_CONTINUATION|2023-08-18T11:45:00+00:00|-1,15,2023-08-18 12:00:00.279000+00:00,2023-08-18 12:00:00.606000+00:00,True,145.386,145.39,-6.099999999997863,2.7000000000015234,-7.999999999998408,True,False,2.1666666666666665,0.1874999999999395,1.1394122079880362,10.80000000000041,1885,145.314
2023H2|J_PULLBACK_CONTINUATION|2023-08-18T11:45:00+00:00|-1,30,2023-08-18 12:15:00.279000+00:00,2023-08-18 12:15:00.431000+00:00,True,145.527,145.53,-20.09999999999934,2.7000000000015234,-23.399999999998045,True,True,2.276666666666667,0.12204724409440404,2.4551539491299974,26.200000000000045,4137,145.314
2023H2|J_PULLBACK_CONTINUATION|2023-08-18T11:45:00+00:00|-1,60,2023-08-18 12:45:00.279000+00:00,2023-08-18 12:45:00.337000+00:00,True,145.617,145.623,-29.399999999998272,2.7000000000015234,-44.29999999999836,True,True,3.39,0.19318181818178515,4.277524429967619,46.89999999999941,10579,145.314
2023H2|J_PULLBACK_CONTINUATION|2023-08-18T11:45:00+00:00|-1,90,2023-08-18 13:15:00.279000+00:00,2023-08-18 13:15:00.335000+00:00,True,145.453,145.459,-12.999999999999545,2.7000000000015234,-44.29999999999836,True,False,3.3966666666666665,0.5684210526316074,3.764908256880871,46.89999999999941,16168,145.314
2023H2|J_PULLBACK_CONTINUATION|2023-08-18T11:45:00+00:00|-1,120,2023-08-18 13:45:00.279000+00:00,2023-08-18 13:45:00.316000+00:00,True,145.353,145.358,-2.899999999999636,2.7000000000015234,-44.29999999999836,True,False,4.163333333333333,0.5677966101695773,3.5320064550834793,46.89999999999941,23311,145.314
2023H2|J_PULLBACK_CONTINUATION|2023-08-18T16:45:00+00:00|-1,15,2023-08-18 17:00:00.046000+00:00,2023-08-18 17:00:00.048000+00:00,True,145.067,145.072,12.399999999999523,13.100000000000023,-2.199999999999136,True,False,1.63,0.8142857142856592,1.1307972902553598,15.500000000000114,1513,145.094
2023H2|J_PULLBACK_CONTINUATION|2023-08-18T16:45:00+00:00|-1,30,2023-08-18 17:15:00.046000+00:00,2023-08-18 17:15:00.218000+00:00,True,144.953,144.96,23.599999999999,26.499999999998636,-2.199999999999136,True,False,1.82,0.03164556962022702,2.0510464522716374,28.700000000000614,2934,145.094
2023H2|J_PULLBACK_CONTINUATION|2023-08-18T16:45:00+00:00|-1,60,2023-08-18 17:45:00.046000+00:00,2023-08-18 17:45:01.941000+00:00,True,145.051,145.054,14.19999999999959,26.499999999998636,-2.199999999999136,True,False,1.5033333333333334,0.013333333333393926,2.153269024651724,28.700000000000614,5850,145.094
2023H2|J_PULLBACK_CONTINUATION|2023-08-18T16:45:00+00:00|-1,90,2023-08-18 18:15:00.046000+00:00,2023-08-18 18:15:00.848000+00:00,True,145.191,145.199,-0.30000000000143245,26.499999999998636,-3.0000000000001137,True,False,1.1933333333333334,0.33333333333333337,2.585705249841905,29.20000000000016,8484,145.094
2023H2|J_PULLBACK_CONTINUATION|2023-08-18T16:45:00+00:00|-1,120,2023-08-18 18:45:00.046000+00:00,2023-08-18 18:45:00.310000+00:00,True,145.235,145.241,-4.500000000001592,26.499999999998636,-4.699999999999704,True,True,1.93,0.07792207792208272,2.9428571428571217,30.89999999999975,10781,145.094
2023H2|J_PULLBACK_CONTINUATION|2023-08-20T22:30:00+00:00|-1,15,2023-08-20 22:45:00.126000+00:00,2023-08-20 22:45:00.198000+00:00,True,145.275,145.286,0.9999999999990905,2.199999999999136,-1.500000000001478,False,False,0.45,0.5762711864410454,0.4755838641186287,3.1999999999982265,349,145.259
2023H2|J_PULLBACK_CONTINUATION|2023-08-20T22:30:00+00:00|-1,30,2023-08-20 23:00:00.126000+00:00,2023-08-20 23:00:00.130000+00:00,True,145.297,145.305,-0.9000000000014552,2.199999999999136,-4.099999999999682,False,False,0.72,0.6666666666666667,0.9076923076922442,5.89999999999975,861,145.259
2023H2|J_PULLBACK_CONTINUATION|2023-08-20T22:30:00+00:00|-1,60,2023-08-20 23:30:00.126000+00:00,2023-08-20 23:30:03.507000+00:00,True,145.295,145.3,-0.40000000000190994,2.199999999999136,-6.400000000002137,False,False,0.47,0.2678571428568438,1.277027027026803,8.099999999998886,1776,145.259
2023H2|J_PULLBACK_CONTINUATION|2023-08-20T22:30:00+00:00|-1,90,2023-08-21 00:00:00.126000+00:00,2023-08-21 00:00:00.181000+00:00,True,145.323,145.327,-3.100000000000591,2.199999999999136,-6.400000000002137,False,True,0.0033333333333333335,0.8802816901408704,1.1690721649482598,8.099999999998886,2320,145.259
2023H2|J_PULLBACK_CONTINUATION|2023-08-20T22:30:00+00:00|-1,120,2023-08-21 00:30:00.126000+00:00,2023-08-21 00:30:00.191000+00:00,True,145.17,145.175,12.09999999999809,14.400000000000546,-6.400000000002137,True,False,1.0966666666666667,0.054945054945000016,2.8333333333333335,20.400000000000773,4636,145.259
2023H2|J_PULLBACK_CONTINUATION|2023-08-23T03:00:00+00:00|-1,15,2023-08-23 03:15:00.213000+00:00,2023-08-23 03:15:01.704000+00:00,True,145.681,145.685,-0.7000000000005002,1.8000000000000682,-2.5000000000005684,False,False,1.3033333333333332,0.37037037037054577,0.5878906250001191,4.300000000000637,1167,145.574
2023H2|J_PULLBACK_CONTINUATION|2023-08-23T03:00:00+00:00|-1,30,2023-08-23 03:30:00.213000+00:00,2023-08-23 03:30:00.372000+00:00,True,145.693,145.698,-2.000000000001023,1.8000000000000682,-4.300000000000637,False,True,1.07,0.6082474226805121,0.8600201409870613,6.100000000000705,2010,145.574
2023H2|J_PULLBACK_CONTINUATION|2023-08-23T03:00:00+00:00|-1,60,2023-08-23 04:00:00.213000+00:00,2023-08-23 04:00:00.885000+00:00,True,145.651,145.659,1.9000000000005457,6.799999999998363,-4.300000000000637,False,False,1.02,0.5909090909089147,1.679999999999931,11.099999999999,3994,145.574
2023H2|J_PULLBACK_CONTINUATION|2023-08-23T03:00:00+00:00|-1,90,2023-08-23 04:30:00.213000+00:00,2023-08-23 04:30:01.671000+00:00,True,145.722,145.728,-5.000000000001137,6.799999999998363,-6.60000000000025,False,True,0.88,0.6666666666669825,2.1874999999999134,13.49999999999909,5832,145.574
2023H2|J_PULLBACK_CONTINUATION|2023-08-23T03:00:00+00:00|-1,120,2023-08-23 05:00:00.213000+00:00,2023-08-23 05:00:00.320000+00:00,True,145.636,145.641,3.700000000000614,6.799999999998363,-6.60000000000025,False,False,1.1633333333333333,0.6271186440674454,2.362499999999891,13.49999999999909,7774,145.574
2023H2|J_PULLBACK_CONTINUATION|2023-08-23T07:30:00+00:00|-1,15,2023-08-23 07:45:00.044000+00:00,2023-08-23 07:45:00.265000+00:00,True,145.533,145.539,10.699999999999932,21.999999999999886,-11.299999999999955,True,False,4.6033333333333335,0.7664974619289765,3.06050748210805,33.60000000000127,5055,145.532
2023H2|J_PULLBACK_CONTINUATION|2023-08-23T07:30:00+00:00|-1,30,2023-08-23 08:00:00.044000+00:00,2023-08-23 08:00:01.134000+00:00,True,145.398,145.402,24.399999999999977,28.69999999999777,-11.299999999999955,True,False,2.46,0.8389830508474434,3.482758620689512,40.399999999999636,7692,145.532
2023H2|J_PULLBACK_CONTINUATION|2023-08-23T07:30:00+00:00|-1,60,2023-08-23 08:30:00.044000+00:00,2023-08-23 08:30:00.100000+00:00,True,145.396,145.399,24.699999999998568,32.69999999999982,-11.299999999999955,True,False,1.66,0.8027210884354254,3.576701268742753,44.300000000001205,11621,145.532
2023H2|J_PULLBACK_CONTINUATION|2023-08-23T07:30:00+00:00|-1,90,2023-08-23 09:00:00.044000+00:00,2023-08-23 09:00:00.131000+00:00,True,145.362,145.365,28.09999999999775,37.89999999999907,-11.299999999999955,True,False,1.4366666666666668,0.3255813953487988,3.8070175438595766,49.60000000000093,16960,145.532
2023H2|J_PULLBACK_CONTINUATION|2023-08-23T07:30:00+00:00|-1,120,2023-08-23 09:30:00.044000+00:00,2023-08-23 09:30:00.189000+00:00,True,145.409,145.414,23.199999999999932,37.89999999999907,-11.299999999999955,True,False,2.1533333333333333,0.4320987654321161,3.821684094661467,49.60000000000093,20913,145.532
2023H2|J_PULLBACK_CONTINUATION|2023-08-23T12:30:00+00:00|-1,15,2023-08-23 12:45:00.515000+00:00,2023-08-23 12:45:00.752000+00:00,True,145.497,145.503,-8.999999999997499,5.800000000002115,-18.500000000000227,False,True,3.1733333333333333,0.6027397260272933,1.9356659142212336,24.500000000000455,2678,145.241
2023H2|J_PULLBACK_CONTINUATION|2023-08-23T12:30:00+00:00|-1,30,2023-08-23 13:00:00.515000+00:00,2023-08-23 13:00:00.776000+00:00,True,145.475,145.48,-6.699999999997885,5.800000000002115,-18.500000000000227,False,True,3.473333333333333,0.902654867256675,1.7892540427751749,24.500000000000455,5383,145.241
2023H2|J_PULLBACK_CONTINUATION|2023-08-23T12:30:00+00:00|-1,60,2023-08-23 13:30:00.515000+00:00,2023-08-23 13:30:00.527000+00:00,True,145.169,145.175,23.799999999999955,28.000000000000114,-18.500000000000227,True,False,3.9066666666666667,0.08571428571429729,3.116346153846285,46.30000000000223,12100,145.241
2023H2|J_PULLBACK_CONTINUATION|2023-08-23T12:30:00+00:00|-1,90,2023-08-23 14:00:00.515000+00:00,2023-08-23 14:00:00.711000+00:00,True,144.754,144.768,64.50000000000102,70.3000000000003,-18.500000000000227,True,False,4.176666666666667,0.3901515151515331,4.535857298871548,89.00000000000148,20960,145.241
2023H2|J_PULLBACK_CONTINUATION|2023-08-23T12:30:00+00:00|-1,120,2023-08-23 14:30:00.515000+00:00,2023-08-23 14:30:00.543000+00:00,True,144.754,144.758,65.50000000000011,75.7000000000005,-18.500000000000227,True,False,3.35,0.6323529411764521,4.668318584070757,94.20000000000073,29487,145.241
2023H2|J_PULLBACK_CONTINUATION|2023-08-23T19:00:00+00:00|-1,15,2023-08-23 19:15:00.052000+00:00,2023-08-23 19:15:00.125000+00:00,True,144.891,144.897,-11.199999999999477,0.6000000000000227,-11.899999999999977,False,True,0.9133333333333333,0.8333333333332675,1.4332514332515958,12.5,1205,144.538
2023H2|J_PULLBACK_CONTINUATION|2023-08-23T19:00:00+00:00|-1,30,2023-08-23 19:30:00.052000+00:00,2023-08-23 19:30:00.108000+00:00,True,144.846,144.851,-6.60000000000025,0.6000000000000227,-12.800000000001432,False,True,1.01,0.6181818181815927,1.6030534351145478,13.49999999999909,1996,144.538
2023H2|J_PULLBACK_CONTINUATION|2023-08-23T19:00:00+00:00|-1,60,2023-08-23 20:00:00.052000+00:00,2023-08-23 20:00:00.933000+00:00,True,144.865,144.873,-8.799999999999386,0.6000000000000227,-12.800000000001432,False,True,1.4766666666666666,0.9615384615382934,1.690518783542019,13.49999999999909,3841,144.538
2023H2|J_PULLBACK_CONTINUATION|2023-08-23T19:00:00+00:00|-1,90,2023-08-23 20:30:00.052000+00:00,2023-08-23 20:30:00.120000+00:00,True,144.914,144.919,-13.400000000001455,0.6000000000000227,-13.49999999999909,False,True,0.5733333333333334,0.9705882352939701,1.8458681522748848,14.19999999999959,5207,144.538
2023H2|J_PULLBACK_CONTINUATION|2023-08-23T19:00:00+00:00|-1,120,2023-08-23 21:00:00.052000+00:00,2023-08-23 21:00:00.164000+00:00,True,144.801,144.888,-10.300000000000864,0.6000000000000227,-13.599999999999568,False,True,1.4833333333333334,0.38235294117639684,2.2113459399333335,14.19999999999959,6672,144.538
2023H2|J_PULLBACK_CONTINUATION|2023-08-29T22:15:00+00:00|-1,15,2023-08-29 22:30:00.117000+00:00,2023-08-29 22:30:00.886000+00:00,True,145.863,145.875,-2.5000000000005684,-0.9000000000014552,-7.699999999999818,False,False,0.68,0.8000000000002526,1.0259301014656108,6.499999999999773,787,145.754
2023H2|J_PULLBACK_CONTINUATION|2023-08-29T22:15:00+00:00|-1,30,2023-08-29 22:45:00.117000+00:00,2023-08-29 22:45:02.563000+00:00,True,145.838,145.844,0.6000000000000227,1.099999999999568,-7.699999999999818,False,False,0.21,0.9661016949150909,1.3934426229505086,8.499999999997954,1194,145.754
2023H2|J_PULLBACK_CONTINUATION|2023-08-29T22:15:00+00:00|-1,60,2023-08-29 23:15:00.117000+00:00,2023-08-29 23:15:00.224000+00:00,True,145.833,145.84,0.9999999999990905,6.499999999999773,-7.699999999999818,False,False,0.42,0.15957446808522535,2.263279445727226,13.999999999998636,2370,145.754
2023H2|J_PULLBACK_CONTINUATION|2023-08-29T22:15:00+00:00|-1,90,2023-08-29 23:45:00.117000+00:00,2023-08-29 23:45:00.199000+00:00,True,145.932,145.935,-8.500000000000796,6.499999999999773,-8.799999999999386,False,True,0.44,0.2142857142857143,2.3969465648852952,15.699999999998226,3439,145.754
2023H2|J_PULLBACK_CONTINUATION|2023-08-29T22:15:00+00:00|-1,120,2023-08-30 00:15:00.117000+00:00,2023-08-30 00:15:00.163000+00:00,True,146.075,146.082,-23.199999999999932,6.499999999999773,-24.500000000000455,False,True,1.7333333333333334,0.2277227722771915,4.224137931034638,31.499999999999773,6274,145.754
2023H2|J_PULLBACK_CONTINUATION|2023-08-31T04:45:00+00:00|-1,15,2023-08-31 05:00:00.549000+00:00,2023-08-31 05:00:01.169000+00:00,True,145.881,145.889,4.200000000000159,5.89999999999975,-0.6000000000000227,False,False,1.5866666666666667,0.08124999999985683,0.8864059590314104,6.799999999998363,1400,145.752
2023H2|J_PULLBACK_CONTINUATION|2023-08-31T04:45:00+00:00|-1,30,2023-08-31 05:15:00.549000+00:00,2023-08-31 05:15:00.863000+00:00,True,146.025,146.03,-9.899999999998954,5.89999999999975,-11.199999999999477,False,True,1.3466666666666667,0.47126436781611447,2.280898876404182,17.399999999997817,3052,145.752
2023H2|J_PULLBACK_CONTINUATION|2023-08-31T04:45:00+00:00|-1,60,2023-08-31 05:45:00.549000+00:00,2023-08-31 05:45:00.577000+00:00,True,145.947,145.951,-1.999999999998181,5.89999999999975,-11.699999999999022,False,True,1.68,0.6307692307692039,2.2944444444443204,17.69999999999925,5784,145.752
2023H2|J_PULLBACK_CONTINUATION|2023-08-31T04:45:00+00:00|-1,90,2023-08-31 06:15:00.549000+00:00,2023-08-31 06:15:00.877000+00:00,True,145.915,145.919,1.2000000000000455,5.89999999999975,-11.699999999999022,False,False,1.8466666666666667,0.039473684210718174,2.324577861163123,17.69999999999925,9152,145.752
2023H2|J_PULLBACK_CONTINUATION|2023-08-31T04:45:00+00:00|-1,120,2023-08-31 06:45:00.549000+00:00,2023-08-31 06:45:00.591000+00:00,True,146.036,146.04,-10.899999999998045,5.89999999999975,-11.699999999999022,False,True,1.65,0.0,2.232432432432368,17.69999999999925,11637,145.752
2023H2|J_PULLBACK_CONTINUATION|2023-08-31T09:15:00+00:00|-1,15,2023-08-31 09:30:00.145000+00:00,2023-08-31 09:30:00.185000+00:00,True,145.864,145.868,2.600000000001046,3.8000000000010914,-5.099999999998772,False,False,2.066666666666667,0.5,0.7870081199250911,9.000000000000341,1991,145.719
2023H2|J_PULLBACK_CONTINUATION|2023-08-31T09:15:00+00:00|-1,30,2023-08-31 09:45:00.145000+00:00,2023-08-31 09:45:01.061000+00:00,True,145.863,145.868,2.600000000001046,6.000000000000227,-5.099999999998772,False,False,2.37,0.19791666666671603,0.9759407772979718,11.299999999999955,4325,145.719
2023H2|J_PULLBACK_CONTINUATION|2023-08-31T09:15:00+00:00|-1,60,2023-08-31 10:15:00.145000+00:00,2023-08-31 10:15:00.440000+00:00,True,145.925,145.93,-3.6000000000001364,6.60000000000025,-5.099999999998772,False,True,1.2833333333333334,0.892857142857161,1.0223295111648452,12.100000000000932,7851,145.719
2023H2|J_PULLBACK_CONTINUATION|2023-08-31T09:15:00+00:00|-1,90,2023-08-31 10:45:00.145000+00:00,2023-08-31 10:45:00.343000+00:00,True,145.895,145.9,-0.6000000000000227,6.60000000000025,-8.500000000000796,False,True,1.3933333333333333,0.07272727272713175,1.4875000000002263,15.300000000002001,10643,145.719
2023H2|J_PULLBACK_CONTINUATION|2023-08-31T09:15:00+00:00|-1,120,2023-08-31 11:15:00.145000+00:00,2023-08-31 11:15:00.166000+00:00,True,145.915,145.92,-2.5999999999982037,6.60000000000025,-8.500000000000796,False,True,1.48,0.03370786516838142,1.5738427626747544,15.300000000002001,13353,145.719
2023H2|J_PULLBACK_CONTINUATION|2023-08-31T21:15:00+00:00|-1,15,2023-08-31 21:30:01.136000+00:00,2023-08-31 21:30:01.291000+00:00,True,145.505,145.53,-2.199999999999136,-0.2999999999985903,-3.8999999999987267,False,True,0.14333333333333334,0.3555555555558644,0.7153284671533094,4.200000000000159,158,145.367
2023H2|J_PULLBACK_CONTINUATION|2023-08-31T21:15:00+00:00|-1,30,2023-08-31 21:45:01.136000+00:00,2023-08-31 21:45:02.785000+00:00,True,145.517,145.535,-2.6999999999986812,-0.2999999999985903,-4.2999999999977945,False,True,0.2966666666666667,0.05405405405430319,1.0980392156862948,6.000000000000227,450,145.367
2023H2|J_PULLBACK_CONTINUATION|2023-08-31T21:15:00+00:00|-1,60,2023-08-31 22:15:01.136000+00:00,2023-08-31 22:15:10.315000+00:00,True,145.535,145.547,-3.8999999999987267,3.100000000000591,-5.49999999999784,False,True,0.54,0.9821428571427756,1.5493333333332449,8.29999999999984,1444,145.367
2023H2|J_PULLBACK_CONTINUATION|2023-08-31T21:15:00+00:00|-1,90,2023-08-31 22:45:01.136000+00:00,2023-08-31 22:45:01.381000+00:00,True,145.525,145.534,-2.5999999999982037,3.100000000000591,-6.89999999999884,False,True,0.25666666666666665,0.7837837837843236,1.9972027972027842,10.200000000000387,2031,145.367
2023H2|J_PULLBACK_CONTINUATION|2023-08-31T21:15:00+00:00|-1,120,2023-08-31 23:15:01.136000+00:00,2023-08-31 23:15:02.303000+00:00,True,145.487,145.491,1.6999999999995907,3.100000000000591,-6.89999999999884,False,False,0.32666666666666666,0.8636363636358351,2.183486238532015,10.200000000000387,2797,145.367
2023H2|J_PULLBACK_CONTINUATION|2023-09-01T02:15:00+00:00|-1,15,2023-09-01 02:30:00.173000+00:00,2023-09-01 02:30:00.732000+00:00,True,145.36,145.367,-1.3999999999981583,3.0000000000001137,-3.0000000000001137,False,False,1.0566666666666666,0.013071895424713986,0.5169491525421959,6.099999999997863,1013,145.236
2023H2|J_PULLBACK_CONTINUATION|2023-09-01T02:15:00+00:00|-1,30,2023-09-01 02:45:00.173000+00:00,2023-09-01 02:45:00.528000+00:00,True,145.431,145.434,-8.099999999998886,6.60000000000025,-8.699999999998909,False,False,1.7166666666666666,0.4925373134330131,1.2622274602238743,15.299999999999159,2361,145.236
2023H2|J_PULLBACK_CONTINUATION|2023-09-01T02:15:00+00:00|-1,60,2023-09-01 03:15:00.173000+00:00,2023-09-01 03:15:00.195000+00:00,True,145.487,145.493,-13.999999999998636,6.60000000000025,-13.2000000000005,False,True,0.6133333333333333,0.5686274509801408,1.6480282519127845,19.999999999998863,4358,145.236
2023H2|J_PULLBACK_CONTINUATION|2023-09-01T02:15:00+00:00|-1,90,2023-09-01 03:45:00.173000+00:00,2023-09-01 03:45:00.469000+00:00,True,145.47,145.476,-12.299999999999045,6.60000000000025,-14.900000000000091,False,True,0.36,0.5909090909088757,1.8907035175879543,21.50000000000034,5903,145.236
2023H2|J_PULLBACK_CONTINUATION|2023-09-01T02:15:00+00:00|-1,120,2023-09-01 04:15:00.173000+00:00,2023-09-01 04:15:00.312000+00:00,True,145.527,145.533,-17.99999999999784,6.60000000000025,-20.199999999999818,False,True,1.7466666666666666,0.45000000000010654,2.4970491803278265,27.199999999999136,7853,145.236
2023H2|J_PULLBACK_CONTINUATION|2023-09-01T07:15:00+00:00|-1,15,2023-09-01 07:30:00.146000+00:00,2023-09-01 07:30:00.229000+00:00,True,145.4,145.406,9.899999999998954,10.300000000000864,-3.100000000000591,True,False,2.1966666666666668,0.42105263157912454,1.6814946619216444,13.49999999999909,2182,145.401
2023H2|J_PULLBACK_CONTINUATION|2023-09-01T07:15:00+00:00|-1,30,2023-09-01 07:45:00.146000+00:00,2023-09-01 07:45:00.230000+00:00,True,145.412,145.417,8.799999999999386,13.399999999998613,-3.100000000000591,True,False,1.9333333333333333,0.8666666666668182,1.9913793103447373,16.499999999999204,4289,145.401
2023H2|J_PULLBACK_CONTINUATION|2023-09-01T07:15:00+00:00|-1,60,2023-09-01 08:15:00.146000+00:00,2023-09-01 08:15:00.639000+00:00,True,145.427,145.432,7.30000000000075,13.399999999998613,-3.100000000000591,True,False,1.41,0.08750000000004887,1.9576271186439622,16.499999999999204,7361,145.401
2023H2|J_PULLBACK_CONTINUATION|2023-09-01T07:15:00+00:00|-1,90,2023-09-01 08:45:00.146000+00:00,2023-09-01 08:45:01.833000+00:00,True,145.471,145.476,2.899999999999636,13.399999999998613,-3.100000000000591,True,False,1.8233333333333333,0.7499999999996052,1.98966408268724,16.499999999999204,9920,145.401
2023H2|J_PULLBACK_CONTINUATION|2023-09-01T07:15:00+00:00|-1,120,2023-09-01 09:15:00.146000+00:00,2023-09-01 09:15:00.272000+00:00,True,145.492,145.5,0.49999999999954525,13.399999999998613,-3.100000000000591,True,True,1.8233333333333333,0.4821428571425218,1.9913793103446886,16.499999999999204,12449,145.401
2023H2|J_PULLBACK_CONTINUATION|2023-09-07T13:00:00+00:00|-1,15,2023-09-07 13:15:00.112000+00:00,2023-09-07 13:15:00.166000+00:00,True,147.221,147.226,5.299999999999727,15.000000000000568,-5.89999999999975,True,False,4.3933333333333335,0.8638743455498138,1.7680631451123516,20.79999999999984,4240,147.218
2023H2|J_PULLBACK_CONTINUATION|2023-09-07T13:00:00+00:00|-1,30,2023-09-07 13:30:00.112000+00:00,2023-09-07 13:30:00.199000+00:00,True,147.13,147.137,14.19999999999959,17.099999999999227,-5.89999999999975,True,False,3.48,0.3933333333333018,1.8239999999998713,22.799999999998022,7187,147.218
2023H2|J_PULLBACK_CONTINUATION|2023-09-07T13:00:00+00:00|-1,60,2023-09-07 14:00:00.112000+00:00,2023-09-07 14:00:00.158000+00:00,True,147.398,147.405,-12.600000000000477,17.099999999999227,-14.900000000000091,True,True,3.58,0.1868131868131251,2.2815884476532844,31.599999999997408,13714,147.218
2023H2|J_PULLBACK_CONTINUATION|2023-09-07T13:00:00+00:00|-1,90,2023-09-07 14:30:00.112000+00:00,2023-09-07 14:30:00.158000+00:00,True,147.245,147.251,2.7999999999991587,17.099999999999227,-16.100000000000136,True,False,2.12,0.9671361502348508,2.1041195110910293,33.19999999999936,18705,147.218
2023H2|J_PULLBACK_CONTINUATION|2023-09-07T13:00:00+00:00|-1,120,2023-09-07 15:00:00.112000+00:00,2023-09-07 15:00:00.180000+00:00,True,147.109,147.115,16.399999999998727,22.8999999999985,-16.100000000000136,True,False,3.8033333333333332,0.07647058823533048,2.344297308842456,39.19999999999959,24708,147.218
2023H2|J_PULLBACK_CONTINUATION|2023-09-07T17:30:00+00:00|-1,15,2023-09-07 17:45:00.209000+00:00,2023-09-07 17:45:00.277000+00:00,True,147.164,147.167,-0.9000000000014552,4.699999999999704,-1.0000000000019327,False,False,0.6833333333333333,0.20202020202003967,0.6408068269976801,5.89999999999975,650,147.042
2023H2|J_PULLBACK_CONTINUATION|2023-09-07T17:30:00+00:00|-1,30,2023-09-07 18:00:00.209000+00:00,2023-09-07 18:00:00.762000+00:00,True,147.243,147.248,-9.000000000000341,4.699999999999704,-10.699999999999932,False,True,0.8566666666666667,1.0,1.8348936170213488,15.399999999999636,1510,147.042
2023H2|J_PULLBACK_CONTINUATION|2023-09-07T17:30:00+00:00|-1,60,2023-09-07 18:30:00.209000+00:00,2023-09-07 18:30:00.221000+00:00,True,147.15,147.156,0.1999999999981128,4.699999999999704,-11.600000000001387,False,False,1.0666666666666667,0.39534883720940994,2.270646766169445,16.30000000000109,3178,147.042
2023H2|J_PULLBACK_CONTINUATION|2023-09-07T17:30:00+00:00|-1,90,2023-09-07 19:00:00.209000+00:00,2023-09-07 19:00:00.522000+00:00,True,147.179,147.185,-2.7000000000015234,4.699999999999704,-11.600000000001387,False,False,0.9066666666666666,0.0,2.5021929824564473,16.30000000000109,4435,147.042
2023H2|J_PULLBACK_CONTINUATION|2023-09-07T17:30:00+00:00|-1,120,2023-09-07 19:30:00.209000+00:00,2023-09-07 19:30:00.259000+00:00,True,147.232,147.237,-7.900000000000773,4.699999999999704,-11.600000000001387,False,True,0.36,0.3939393939397071,2.6412037037040412,16.30000000000109,5640,147.042
2023H2|J_PULLBACK_CONTINUATION|2023-09-07T22:30:00+00:00|-1,15,2023-09-07 22:45:00.269000+00:00,2023-09-07 22:45:52.186000+00:00,True,147.26,147.267,-4.399999999998272,-1.2000000000000455,-4.599999999999227,False,True,0.23333333333333334,0.20833333333313597,0.8839590443680492,3.6999999999977717,266,147.2
2023H2|J_PULLBACK_CONTINUATION|2023-09-07T22:30:00+00:00|-1,30,2023-09-07 23:00:00.269000+00:00,2023-09-07 23:00:01.421000+00:00,True,147.28,147.289,-6.599999999997408,-1.2000000000000455,-6.799999999998363,False,True,0.16666666666666666,0.6382978723404898,1.4233333333327807,6.099999999997863,558,147.2
2023H2|J_PULLBACK_CONTINUATION|2023-09-07T22:30:00+00:00|-1,60,2023-09-07 23:30:00.269000+00:00,2023-09-07 23:30:00.768000+00:00,True,147.281,147.291,-6.799999999998363,-1.2000000000000455,-9.999999999999432,False,True,0.08666666666666667,0.5168539325841908,2.08609271523126,8.999999999997499,1039,147.2
2023H2|J_PULLBACK_CONTINUATION|2023-09-07T22:30:00+00:00|-1,90,2023-09-08 00:00:00.269000+00:00,2023-09-08 00:00:00.317000+00:00,True,147.323,147.328,-10.499999999998977,-1.2000000000000455,-16.499999999999204,False,True,0.01,0.7988826815642405,2.8178343949042395,15.799999999998704,2056,147.2
2023H2|J_PULLBACK_CONTINUATION|2023-09-07T22:30:00+00:00|-1,120,2023-09-08 00:30:00.269000+00:00,2023-09-08 00:30:00.384000+00:00,True,147.091,147.097,12.600000000000477,14.000000000001478,-16.499999999999204,True,False,1.9433333333333334,0.4826923076923074,3.1536189069424325,30.500000000000682,4675,147.2
2023H2|J_PULLBACK_CONTINUATION|2023-09-11T12:15:00+00:00|-1,15,2023-09-11 12:30:00.020000+00:00,2023-09-11 12:30:00.101000+00:00,True,146.469,146.475,-4.300000000000637,2.6999999999986812,-11.50000000000091,True,False,2.9966666666666666,0.4640883977900431,0.9378640776697443,13.79999999999768,2728,146.424
2023H2|J_PULLBACK_CONTINUATION|2023-09-11T12:15:00+00:00|-1,30,2023-09-11 12:45:00.020000+00:00,2023-09-11 12:45:00.094000+00:00,True,146.387,146.394,3.7999999999982492,13.49999999999909,-11.50000000000091,True,False,4.36,0.3198198198198394,1.5767484105358376,24.799999999999045,6034,146.424
2023H2|J_PULLBACK_CONTINUATION|2023-09-11T12:15:00+00:00|-1,60,2023-09-11 13:15:00.020000+00:00,2023-09-11 13:15:00.759000+00:00,True,146.483,146.489,-5.700000000001637,13.49999999999909,-14.100000000001955,True,False,3.03,0.4805194805195716,1.7809878844361462,27.299999999999613,11493,146.424
2023H2|J_PULLBACK_CONTINUATION|2023-09-11T12:15:00+00:00|-1,90,2023-09-11 13:45:00.020000+00:00,2023-09-11 13:45:00.104000+00:00,True,146.449,146.455,-2.3000000000024556,13.49999999999909,-16.30000000000109,True,False,4.073333333333333,0.577092511013207,1.8068427890861973,29.800000000000182,17332,146.424
2023H2|J_PULLBACK_CONTINUATION|2023-09-11T12:15:00+00:00|-1,120,2023-09-11 14:15:00.020000+00:00,2023-09-11 14:15:00.711000+00:00,True,146.204,146.208,22.399999999998954,22.999999999998977,-16.30000000000109,True,False,3.5633333333333335,0.061538461538538924,2.20578778135046,39.19999999999959,24510,146.424
2023H2|J_PULLBACK_CONTINUATION|2023-09-11T18:00:00+00:00|-1,15,2023-09-11 18:15:00.177000+00:00,2023-09-11 18:15:00.246000+00:00,True,146.489,146.492,-4.599999999999227,-0.49999999999954525,-7.800000000000296,False,True,1.1,0.0425531914895676,0.8772532188842377,7.30000000000075,898,146.331
2023H2|J_PULLBACK_CONTINUATION|2023-09-11T18:00:00+00:00|-1,30,2023-09-11 18:30:00.177000+00:00,2023-09-11 18:30:01.332000+00:00,True,146.51,146.515,-6.89999999999884,-0.49999999999954525,-7.800000000000296,False,True,1.01,0.11428571428545908,0.9307832422587848,7.30000000000075,1720,146.331
2023H2|J_PULLBACK_CONTINUATION|2023-09-11T18:00:00+00:00|-1,60,2023-09-11 19:00:00.177000+00:00,2023-09-11 19:00:00.235000+00:00,True,146.532,146.534,-8.799999999999386,-0.49999999999954525,-14.400000000000546,False,True,1.1633333333333333,0.2786885245901296,1.8738049713195741,14.000000000001478,3820,146.331
2023H2|J_PULLBACK_CONTINUATION|2023-09-11T18:00:00+00:00|-1,90,2023-09-11 19:30:00.177000+00:00,2023-09-11 19:30:00.217000+00:00,True,146.521,146.524,-7.800000000000296,-0.49999999999954525,-15.700000000001069,False,True,0.9433333333333334,0.014492753623254084,2.043893129770932,15.299999999999159,6499,146.331
2023H2|J_PULLBACK_CONTINUATION|2023-09-11T18:00:00+00:00|-1,120,2023-09-11 20:00:00.177000+00:00,2023-09-11 20:00:01.010000+00:00,True,146.531,146.536,-9.000000000000341,-0.49999999999954525,-15.700000000001069,False,True,1.0166666666666666,0.7608695652169749,2.303225806451469,15.299999999999159,8135,146.331
2023H2|J_PULLBACK_CONTINUATION|2023-09-11T22:45:00+00:00|-1,15,2023-09-11 23:00:00.526000+00:00,2023-09-11 23:00:01.344000+00:00,True,146.516,146.528,0.10000000000047748,2.7999999999991587,-0.9999999999990905,False,False,0.71,0.059999999999738485,0.6372413793100745,3.299999999998704,381,146.453
2023H2|J_PULLBACK_CONTINUATION|2023-09-11T22:45:00+00:00|-1,30,2023-09-11 23:15:00.526000+00:00,2023-09-11 23:15:02.628000+00:00,True,146.561,146.568,-3.900000000001569,2.7999999999991587,-4.200000000000159,False,True,0.48,0.34210526315744205,1.3229901269389277,6.699999999997885,852,146.453
2023H2|J_PULLBACK_CONTINUATION|2023-09-11T22:45:00+00:00|-1,60,2023-09-11 23:45:00.526000+00:00,2023-09-11 23:45:01.294000+00:00,True,146.608,146.613,-8.400000000000318,2.7999999999991587,-9.499999999999886,False,True,0.24333333333333335,0.13333333333356068,2.177377892030608,12.09999999999809,1511,146.453
2023H2|J_PULLBACK_CONTINUATION|2023-09-11T22:45:00+00:00|-1,90,2023-09-12 00:15:00.526000+00:00,2023-09-12 00:15:02.338000+00:00,True,146.699,146.701,-17.199999999999704,2.7999999999991587,-27.79999999999916,False,True,1.6033333333333333,0.053333333333207,4.35714285714272,30.49999999999784,3477,146.453
2023H2|J_PULLBACK_CONTINUATION|2023-09-11T22:45:00+00:00|-1,120,2023-09-12 00:45:00.526000+00:00,2023-09-12 00:45:01.038000+00:00,True,146.642,146.646,-11.699999999999022,2.7999999999991587,-27.79999999999916,False,True,1.6666666666666667,0.25477707006380723,3.6905790838373056,30.49999999999784,5792,146.453
2023H2|J_PULLBACK_CONTINUATION|2023-09-14T05:15:00+00:00|-1,15,2023-09-14 05:30:00.220000+00:00,2023-09-14 05:30:09.777000+00:00,True,147.093,147.097,-0.7000000000005002,0.0,-3.700000000000614,False,False,1.3633333333333333,0.20408163265284818,0.7112299465241965,3.8000000000010914,1216,147.018
2023H2|J_PULLBACK_CONTINUATION|2023-09-14T05:15:00+00:00|-1,30,2023-09-14 05:45:00.220000+00:00,2023-09-14 05:45:03.421000+00:00,True,147.12,147.122,-3.2000000000010687,0.49999999999954525,-4.4999999999987494,False,False,1.3133333333333332,0.7142857142857143,0.9621318373071756,4.900000000000659,2502,147.018
2023H2|J_PULLBACK_CONTINUATION|2023-09-14T05:15:00+00:00|-1,60,2023-09-14 06:15:00.220000+00:00,2023-09-14 06:15:00.327000+00:00,True,147.126,147.13,-3.999999999999204,0.49999999999954525,-7.099999999999795,False,True,1.3733333333333333,0.9749999999998756,1.4851485148517167,7.500000000001705,4958,147.018
2023H2|J_PULLBACK_CONTINUATION|2023-09-14T05:15:00+00:00|-1,90,2023-09-14 06:45:00.220000+00:00,2023-09-14 06:45:00.287000+00:00,True,147.133,147.136,-4.599999999999227,0.49999999999954525,-7.599999999999341,False,True,1.93,0.7903225806454792,1.6000000000002113,8.00000000000125,7457,147.018
2023H2|J_PULLBACK_CONTINUATION|2023-09-14T05:15:00+00:00|-1,120,2023-09-14 07:15:00.220000+00:00,2023-09-14 07:15:00.416000+00:00,True,147.155,147.16,-6.999999999999318,0.49999999999954525,-7.599999999999341,False,True,2.72,0.0,1.5686274509806404,8.00000000000125,10811,147.018
2023H2|J_PULLBACK_CONTINUATION|2023-09-18T23:15:00+00:00|-1,15,2023-09-18 23:30:00.168000+00:00,2023-09-18 23:30:00.224000+00:00,True,147.642,147.644,-5.700000000001637,-0.7000000000005002,-5.400000000000205,False,True,0.08666666666666667,0.4310344827582827,1.3947368421050144,5.299999999999727,124,147.533
2023H2|J_PULLBACK_CONTINUATION|2023-09-18T23:15:00+00:00|-1,30,2023-09-18 23:45:00.168000+00:00,2023-09-18 23:45:01.566000+00:00,True,147.62,147.626,-3.900000000001569,-0.7000000000005002,-6.60000000000025,False,True,0.68,0.2666666666667509,1.4920071047956744,6.000000000000227,580,147.533
2023H2|J_PULLBACK_CONTINUATION|2023-09-18T23:15:00+00:00|-1,60,2023-09-19 00:15:00.168000+00:00,2023-09-19 00:15:00.367000+00:00,True,147.618,147.625,-3.8000000000010914,7.599999999999341,-6.60000000000025,True,True,1.4033333333333333,0.04761904761893487,2.9175108538347616,14.400000000000546,2529,147.533
2023H2|J_PULLBACK_CONTINUATION|2023-09-18T23:15:00+00:00|-1,90,2023-09-19 00:45:00.168000+00:00,2023-09-19 00:45:00.718000+00:00,True,147.703,147.709,-12.20000000000141,7.599999999999341,-14.700000000001978,True,True,1.8633333333333333,0.8354430379746335,4.152230971128493,22.60000000000275,5043,147.533
2023H2|J_PULLBACK_CONTINUATION|2023-09-18T23:15:00+00:00|-1,120,2023-09-19 01:15:00.168000+00:00,2023-09-19 01:15:00.188000+00:00,True,147.756,147.76,-17.300000000000182,7.599999999999341,-19.300000000001205,True,True,1.6766666666666667,0.5227272727270524,4.161748633879603,27.200000000001978,7876,147.533
2023H2|J_PULLBACK_CONTINUATION|2023-09-21T18:15:00+00:00|-1,15,2023-09-21 18:30:00.079000+00:00,2023-09-21 18:30:00.738000+00:00,True,147.442,147.447,0.8000000000009777,1.8000000000000682,-2.5999999999982037,False,False,0.5166666666666667,0.29411764705862686,0.5206611570246453,4.4999999999987494,990,147.421
2023H2|J_PULLBACK_CONTINUATION|2023-09-21T18:15:00+00:00|-1,30,2023-09-21 18:45:00.079000+00:00,2023-09-21 18:45:04.602000+00:00,True,147.464,147.47,-1.4999999999986358,1.8000000000000682,-2.5999999999982037,False,False,0.4633333333333333,0.08333333333325443,0.555555555555408,4.4999999999987494,1558,147.421
2023H2|J_PULLBACK_CONTINUATION|2023-09-21T18:15:00+00:00|-1,60,2023-09-21 19:15:00.079000+00:00,2023-09-21 19:15:00.955000+00:00,True,147.499,147.503,-4.79999999999734,1.8000000000000682,-9.099999999997976,False,False,0.4266666666666667,0.4385964912282626,1.4779270633395305,10.999999999998522,2614,147.421
2023H2|J_PULLBACK_CONTINUATION|2023-09-21T18:15:00+00:00|-1,90,2023-09-21 19:45:00.079000+00:00,2023-09-21 19:45:00.087000+00:00,True,147.507,147.511,-5.599999999998317,1.8000000000000682,-9.099999999997976,False,False,0.9533333333333334,0.04761904761927316,1.5892672858615091,10.999999999998522,3870,147.421
2023H2|J_PULLBACK_CONTINUATION|2023-09-21T18:15:00+00:00|-1,120,2023-09-21 20:15:00.079000+00:00,2023-09-21 20:15:00.309000+00:00,True,147.562,147.567,-11.199999999999477,1.8000000000000682,-15.099999999998204,False,True,0.6233333333333333,0.5066666666665101,2.4901758014477737,17.199999999999704,5487,147.421
2023H2|J_PULLBACK_CONTINUATION|2023-09-29T08:30:00+00:00|-1,15,2023-09-29 08:45:00.159000+00:00,2023-09-29 08:45:00.450000+00:00,True,148.939,148.944,-0.9999999999990905,2.400000000000091,-3.999999999999204,False,False,1.1833333333333333,0.04918032786877857,0.460255152109972,6.700000000000728,1144,148.525
2023H2|J_PULLBACK_CONTINUATION|2023-09-29T08:30:00+00:00|-1,30,2023-09-29 09:00:00.159000+00:00,2023-09-29 09:00:00.181000+00:00,True,149.048,149.053,-11.899999999999977,3.0000000000001137,-15.200000000001523,False,True,3.1233333333333335,0.8932038834949206,1.2311388755405799,18.299999999999272,3053,148.525
2023H2|J_PULLBACK_CONTINUATION|2023-09-29T08:30:00+00:00|-1,60,2023-09-29 09:30:00.159000+00:00,2023-09-29 09:30:00.169000+00:00,True,149.06,149.064,-12.999999999999545,3.0000000000001137,-15.399999999999636,False,True,1.6433333333333333,0.6111111111112426,1.3015075376884893,18.500000000000227,6451,148.525
2023H2|J_PULLBACK_CONTINUATION|2023-09-29T08:30:00+00:00|-1,90,2023-09-29 10:00:00.159000+00:00,2023-09-29 10:00:00.219000+00:00,True,149.07,149.077,-14.300000000000068,3.0000000000001137,-20.599999999998886,False,True,1.69,0.7608695652175189,1.8177850518276033,23.799999999999955,9357,148.525
2023H2|J_PULLBACK_CONTINUATION|2023-09-29T08:30:00+00:00|-1,120,2023-09-29 10:30:00.159000+00:00,2023-09-29 10:30:00.163000+00:00,True,149.103,149.11,-17.600000000001614,3.0000000000001137,-20.599999999998886,False,True,1.4333333333333333,0.8750000000001332,2.0391676866584847,23.799999999999955,12170,148.525
2023H2|J_PULLBACK_CONTINUATION|2023-10-04T05:00:00+00:00|-1,15,2023-10-04 05:15:00.829000+00:00,2023-10-04 05:15:05.859000+00:00,True,149.19,149.195,-3.0000000000001137,1.4999999999986358,-3.300000000001546,True,False,1.3433333333333333,0.14925373134313158,0.8808567603747942,4.699999999999704,1215,149.163
2023H2|J_PULLBACK_CONTINUATION|2023-10-04T05:00:00+00:00|-1,30,2023-10-04 05:30:00.829000+00:00,2023-10-04 05:30:03.480000+00:00,True,149.215,149.222,-5.700000000001637,1.4999999999986358,-6.499999999999773,True,True,1.6033333333333333,0.4666666666665088,1.4921052631577072,8.099999999998886,2433,149.163
2023H2|J_PULLBACK_CONTINUATION|2023-10-04T05:00:00+00:00|-1,60,2023-10-04 06:00:00.829000+00:00,2023-10-04 06:00:01.131000+00:00,True,149.226,149.231,-6.60000000000025,1.4999999999986358,-7.800000000000296,True,True,1.2366666666666666,0.5694444444443787,1.6553459119496075,9.399999999999409,4262,149.163
2023H2|J_PULLBACK_CONTINUATION|2023-10-04T05:00:00+00:00|-1,90,2023-10-04 06:30:00.829000+00:00,2023-10-04 06:30:01.028000+00:00,True,149.253,149.258,-9.300000000001774,1.4999999999986358,-10.900000000000887,True,True,1.28,1.0,2.194690265486571,12.399999999999523,7114,149.163
2023H2|J_PULLBACK_CONTINUATION|2023-10-04T05:00:00+00:00|-1,120,2023-10-04 07:00:00.829000+00:00,2023-10-04 07:00:01.251000+00:00,True,149.195,149.199,-3.4000000000020236,1.8000000000000682,-10.900000000000887,True,False,2.006666666666667,0.9771428571429082,1.8235897435898911,12.700000000000955,10142,149.163
2023H2|J_PULLBACK_CONTINUATION|2023-10-04T11:00:00+00:00|-1,15,2023-10-04 11:15:00.094000+00:00,2023-10-04 11:15:00.540000+00:00,True,148.853,148.857,16.99999999999875,17.099999999999227,-1.500000000001478,True,False,2.6566666666666667,0.6575342465754278,1.8197064989519085,18.600000000000705,1835,148.972
2023H2|J_PULLBACK_CONTINUATION|2023-10-04T11:00:00+00:00|-1,30,2023-10-04 11:30:00.094000+00:00,2023-10-04 11:30:00.201000+00:00,True,148.896,148.898,12.899999999999068,18.199999999998795,-1.500000000001478,True,False,1.4633333333333334,0.9736842105261878,1.9684361549497966,19.599999999999795,3500,148.972
2023H2|J_PULLBACK_CONTINUATION|2023-10-04T11:00:00+00:00|-1,60,2023-10-04 12:00:00.094000+00:00,2023-10-04 12:00:00.103000+00:00,True,149.0,149.005,2.199999999999136,18.199999999998795,-1.500000000001478,True,False,1.79,0.3152173913043612,1.9283204497540183,19.599999999999795,7290,148.972
2023H2|J_PULLBACK_CONTINUATION|2023-10-04T11:00:00+00:00|-1,90,2023-10-04 12:30:00.094000+00:00,2023-10-04 12:30:00.187000+00:00,True,148.924,148.93,9.699999999997999,23.399999999998045,-6.200000000001182,True,False,4.3,0.9043478260867546,2.5805266380892853,30.099999999998772,14415,148.972
2023H2|J_PULLBACK_CONTINUATION|2023-10-04T11:00:00+00:00|-1,120,2023-10-04 13:00:00.094000+00:00,2023-10-04 13:00:00.118000+00:00,True,148.872,148.876,15.099999999998204,23.399999999998045,-6.200000000001182,True,False,3.0633333333333335,0.8839285714285193,2.4686584651434353,30.099999999998772,20439,148.972
2023H2|J_PULLBACK_CONTINUATION|2023-10-04T16:30:00+00:00|-1,15,2023-10-04 16:45:02.756000+00:00,2023-10-04 16:45:04.896000+00:00,True,148.88,148.884,-2.6999999999986812,2.5000000000005684,-3.0000000000001137,False,False,1.3233333333333333,0.25454545454560484,0.5039267015707459,5.500000000000682,1143,148.764
2023H2|J_PULLBACK_CONTINUATION|2023-10-04T16:30:00+00:00|-1,30,2023-10-04 17:00:02.756000+00:00,2023-10-04 17:00:04.621000+00:00,True,148.888,148.892,-3.499999999999659,2.5000000000005684,-4.300000000000637,False,False,1.3466666666666667,0.229508196720983,0.627005347593647,6.700000000000728,2220,148.764
2023H2|J_PULLBACK_CONTINUATION|2023-10-04T16:30:00+00:00|-1,60,2023-10-04 17:30:02.756000+00:00,2023-10-04 17:30:02.892000+00:00,True,149.032,149.036,-17.900000000000205,2.5000000000005684,-18.500000000000227,False,True,1.2633333333333334,0.7678571428570975,2.169741697416982,21.000000000000796,4613,148.764
2023H2|J_PULLBACK_CONTINUATION|2023-10-04T16:30:00+00:00|-1,90,2023-10-04 18:00:02.756000+00:00,2023-10-04 18:00:03.160000+00:00,True,149.075,149.081,-22.399999999998954,2.5000000000005684,-22.30000000000132,False,True,1.19,0.7692307692307272,2.9498725573489555,24.799999999999045,7150,148.764
2023H2|J_PULLBACK_CONTINUATION|2023-10-04T16:30:00+00:00|-1,120,2023-10-04 18:30:02.756000+00:00,2023-10-04 18:30:04.546000+00:00,True,149.07,149.075,-21.79999999999893,2.5000000000005684,-24.799999999999045,False,True,1.2866666666666666,0.4848484848486284,3.76762661370376,27.09999999999866,9742,148.764
2023H2|J_PULLBACK_CONTINUATION|2023-10-05T00:15:00+00:00|-1,15,2023-10-05 00:30:00.188000+00:00,2023-10-05 00:30:00.254000+00:00,True,148.938,148.943,-2.1000000000015007,-0.7000000000005002,-8.099999999998886,False,False,1.26,0.9661016949150909,1.2867647058825968,7.500000000001705,1012,148.916
2023H2|J_PULLBACK_CONTINUATION|2023-10-05T00:15:00+00:00|-1,30,2023-10-05 00:45:00.188000+00:00,2023-10-05 00:45:00.290000+00:00,True,148.84,148.848,7.399999999998386,7.900000000000773,-8.099999999998886,True,False,1.1566666666666667,0.8423913043478437,1.927272727272923,15.900000000002024,2066,148.916
2023H2|J_PULLBACK_CONTINUATION|2023-10-05T00:15:00+00:00|-1,60,2023-10-05 01:15:00.188000+00:00,2023-10-05 01:15:00.249000+00:00,True,148.36,148.368,55.400000000000205,65.89999999999918,-8.099999999998886,True,False,4.8,0.3630573248406629,6.474999999999988,74.00000000000091,7911,148.916
2023H2|J_PULLBACK_CONTINUATION|2023-10-05T00:15:00+00:00|-1,90,2023-10-05 01:45:00.188000+00:00,2023-10-05 01:45:00.194000+00:00,True,148.372,148.381,54.09999999999968,65.89999999999918,-8.099999999998886,True,False,2.3266666666666667,0.9736842105261911,5.981524249422611,74.00000000000091,12668,148.916
2023H2|J_PULLBACK_CONTINUATION|2023-10-05T00:15:00+00:00|-1,120,2023-10-05 02:15:00.188000+00:00,2023-10-05 02:15:00.555000+00:00,True,148.368,148.374,54.80000000000018,65.89999999999918,-8.099999999998886,True,False,1.03,0.07954545454551698,5.790944661822267,74.00000000000091,15553,148.916
2023H2|J_PULLBACK_CONTINUATION|2023-10-05T05:15:00+00:00|-1,15,2023-10-05 05:30:00.165000+00:00,2023-10-05 05:30:00.301000+00:00,True,148.566,148.571,-4.800000000000182,0.20000000000095497,-4.599999999999227,False,True,0.9366666666666666,0.5593220338985909,0.6505576208176603,4.999999999998295,617,148.414
2023H2|J_PULLBACK_CONTINUATION|2023-10-05T05:15:00+00:00|-1,30,2023-10-05 05:45:00.165000+00:00,2023-10-05 05:45:00.363000+00:00,True,148.551,148.557,-3.3999999999991815,0.20000000000095497,-6.60000000000025,False,False,0.9866666666666667,0.15217391304356553,0.9074074074073563,6.999999999999318,1486,148.414
2023H2|J_PULLBACK_CONTINUATION|2023-10-05T05:15:00+00:00|-1,60,2023-10-05 06:15:00.165000+00:00,2023-10-05 06:15:01.577000+00:00,True,148.696,148.7,-17.69999999999925,0.7000000000005002,-18.200000000001637,False,True,1.51,0.1999999999999289,2.3050259965341766,19.000000000002615,4140,148.414
2023H2|J_PULLBACK_CONTINUATION|2023-10-05T05:15:00+00:00|-1,90,2023-10-05 06:45:00.165000+00:00,2023-10-05 06:45:00.410000+00:00,True,148.751,148.757,-23.400000000000887,0.7000000000005002,-24.70000000000141,False,True,1.6766666666666667,0.024999999999769096,3.3631284916203787,25.800000000000978,6773,148.414
2023H2|J_PULLBACK_CONTINUATION|2023-10-05T05:15:00+00:00|-1,120,2023-10-05 07:15:00.165000+00:00,2023-10-05 07:15:00.245000+00:00,True,148.893,148.897,-37.39999999999952,0.7000000000005002,-37.700000000000955,False,True,2.4133333333333336,0.1764705882354206,4.757042253521441,38.60000000000241,9904,148.414
2023H2|J_PULLBACK_CONTINUATION|2023-10-05T19:45:00+00:00|-1,15,2023-10-05 20:00:00.141000+00:00,2023-10-05 20:00:00.186000+00:00,True,148.45,148.455,-1.0000000000019327,2.7999999999991587,-1.8000000000000682,False,False,1.37,0.0,0.7709637046305068,4.399999999998272,1013,148.326
2023H2|J_PULLBACK_CONTINUATION|2023-10-05T19:45:00+00:00|-1,30,2023-10-05 20:15:00.141000+00:00,2023-10-05 20:15:17.082000+00:00,True,148.47,148.475,-3.0000000000001137,2.7999999999991587,-3.0000000000001137,False,True,0.22333333333333333,0.5666666666665088,1.0283505154637238,5.699999999998795,1506,148.326
2023H2|J_PULLBACK_CONTINUATION|2023-10-05T19:45:00+00:00|-1,60,2023-10-05 20:45:00.141000+00:00,2023-10-05 20:45:00.438000+00:00,True,148.495,148.501,-5.60000000000116,2.7999999999991587,-6.700000000000728,False,True,0.7166666666666667,0.45454545454521966,1.8624813153961333,8.899999999999864,2981,148.326
2023H2|J_PULLBACK_CONTINUATION|2023-10-05T19:45:00+00:00|-1,90,2023-10-05 21:15:00.141000+00:00,2023-10-05 21:15:06.279000+00:00,True,148.466,148.505,-6.000000000000227,2.7999999999991587,-9.399999999999409,False,True,0.12333333333333334,0.5312499999996947,2.303225806451147,10.199999999997544,3836,148.326
2023H2|J_PULLBACK_CONTINUATION|2023-10-05T19:45:00+00:00|-1,120,2023-10-05 21:45:00.141000+00:00,2023-10-05 21:45:03.295000+00:00,True,148.453,148.479,-3.4000000000020236,2.7999999999991587,-9.399999999999409,False,True,0.2633333333333333,0.3749999999998731,2.3409836065569793,10.199999999997544,4200,148.326
2023H2|J_PULLBACK_CONTINUATION|2023-10-06T02:00:00+00:00|-1,15,2023-10-06 02:15:00.114000+00:00,2023-10-06 02:15:01.347000+00:00,True,148.507,148.513,0.2999999999985903,2.199999999999136,-1.2000000000000455,False,False,0.9933333333333333,0.24324324324301483,0.4406474820143588,3.499999999999659,818,148.463
2023H2|J_PULLBACK_CONTINUATION|2023-10-06T02:00:00+00:00|-1,30,2023-10-06 02:30:00.114000+00:00,2023-10-06 02:30:00.157000+00:00,True,148.523,148.529,-1.300000000000523,2.199999999999136,-2.2999999999996135,False,False,0.5866666666666667,0.2941176470587744,0.526755852842689,4.4999999999987494,1439,148.463
2023H2|J_PULLBACK_CONTINUATION|2023-10-06T02:00:00+00:00|-1,60,2023-10-06 03:00:00.114000+00:00,2023-10-06 03:00:00.161000+00:00,True,148.613,148.617,-10.099999999999909,2.199999999999136,-14.700000000001978,False,True,0.8133333333333334,0.26041666666671603,1.9983207388748392,16.99999999999875,3477,148.463
2023H2|J_PULLBACK_CONTINUATION|2023-10-06T02:00:00+00:00|-1,90,2023-10-06 03:30:00.114000+00:00,2023-10-06 03:30:00.167000+00:00,True,148.612,148.62,-10.400000000001342,2.199999999999136,-14.700000000001978,False,True,0.7933333333333333,0.25,2.0534943917169612,16.99999999999875,5436,148.463
2023H2|J_PULLBACK_CONTINUATION|2023-10-06T02:00:00+00:00|-1,120,2023-10-06 04:00:00.114000+00:00,2023-10-06 04:00:00.628000+00:00,True,148.69,148.696,-18.000000000000682,2.199999999999136,-18.200000000001637,False,True,1.0066666666666666,0.14084507042275507,2.65427509293699,20.400000000000773,7178,148.463
2023H2|J_PULLBACK_CONTINUATION|2023-10-09T22:15:00+00:00|-1,15,2023-10-09 22:30:00.031000+00:00,2023-10-09 22:30:08.461000+00:00,True,148.374,148.384,3.100000000000591,3.700000000000614,-1.4000000000010004,True,False,0.5833333333333334,0.6944444444445761,0.7368421052628503,4.2999999999977945,573,148.378
2023H2|J_PULLBACK_CONTINUATION|2023-10-09T22:15:00+00:00|-1,30,2023-10-09 22:45:00.031000+00:00,2023-10-09 22:45:02.379000+00:00,True,148.384,148.393,2.199999999999136,3.700000000000614,-1.4000000000010004,True,False,0.18666666666666668,0.02941176470600526,0.7601010101006733,4.2999999999977945,944,148.378
2023H2|J_PULLBACK_CONTINUATION|2023-10-09T22:15:00+00:00|-1,60,2023-10-09 23:15:00.031000+00:00,2023-10-09 23:15:02.280000+00:00,True,148.426,148.432,-1.6999999999995907,3.700000000000614,-5.000000000001137,True,False,0.27666666666666667,0.2857142857142857,1.6730769230767586,8.699999999998909,1589,148.378
2023H2|J_PULLBACK_CONTINUATION|2023-10-09T22:15:00+00:00|-1,90,2023-10-09 23:45:00.031000+00:00,2023-10-09 23:45:00.095000+00:00,True,148.325,148.335,7.999999999998408,11.599999999998545,-5.000000000001137,True,False,0.9766666666666667,0.35937499999997913,2.854368932038999,16.800000000000637,2465,148.378
2023H2|J_PULLBACK_CONTINUATION|2023-10-09T22:15:00+00:00|-1,120,2023-10-10 00:15:00.031000+00:00,2023-10-10 00:15:00.111000+00:00,True,148.332,148.338,7.699999999999818,24.899999999999523,-5.000000000001137,True,False,2.1633333333333336,0.29032258064522043,3.634146341463449,29.800000000000182,5254,148.378
2023H2|J_PULLBACK_CONTINUATION|2023-10-10T21:15:00+00:00|-1,15,2023-10-10 21:30:06.915000+00:00,2023-10-10 21:30:10.318000+00:00,True,148.698,148.716,-3.100000000000591,-2.600000000001046,-5.60000000000116,False,True,0.22666666666666666,0.6818181818182405,0.9103690685414702,3.700000000000614,150,148.652
2023H2|J_PULLBACK_CONTINUATION|2023-10-10T21:15:00+00:00|-1,30,2023-10-10 21:45:06.915000+00:00,2023-10-10 21:45:07.169000+00:00,True,148.685,148.715,-3.0000000000001137,-1.9000000000005457,-5.60000000000116,False,True,0.5133333333333333,0.9729729729728485,0.9866666666668197,3.700000000000614,388,148.652
2023H2|J_PULLBACK_CONTINUATION|2023-10-10T21:15:00+00:00|-1,60,2023-10-10 22:15:06.915000+00:00,2023-10-10 22:15:10.255000+00:00,True,148.633,148.637,4.800000000000182,4.800000000000182,-5.60000000000116,True,False,0.31666666666666665,0.24444444444441638,2.22500000000007,8.899999999999864,1753,148.652
2023H2|J_PULLBACK_CONTINUATION|2023-10-10T21:15:00+00:00|-1,90,2023-10-10 22:45:06.915000+00:00,2023-10-10 22:46:14.621000+00:00,True,148.65,148.657,2.7999999999991587,5.000000000001137,-5.60000000000116,True,False,0.03,0.8965517241384042,2.4722222222222303,8.899999999999864,2164,148.652
2023H2|J_PULLBACK_CONTINUATION|2023-10-10T21:15:00+00:00|-1,120,2023-10-10 23:15:06.915000+00:00,2023-10-10 23:15:39.132000+00:00,True,148.562,148.568,11.699999999999022,12.20000000000141,-5.60000000000116,True,False,0.4166666666666667,0.0,3.9454545454549006,15.500000000000114,3002,148.652
2023H2|J_PULLBACK_CONTINUATION|2023-10-23T21:15:00+00:00|-1,15,2023-10-23 21:30:01.147000+00:00,2023-10-23 21:30:02.145000+00:00,True,149.66,149.687,-3.8000000000010914,-0.6000000000000227,-6.999999999999318,False,True,0.22333333333333333,0.6400000000002274,1.7106109324758534,7.599999999999341,272,149.563
2023H2|J_PULLBACK_CONTINUATION|2023-10-23T21:15:00+00:00|-1,30,2023-10-23 21:45:01.147000+00:00,2023-10-23 21:45:04.251000+00:00,True,149.66,149.681,-3.2000000000010687,-0.6000000000000227,-6.999999999999318,False,False,0.21,0.10909090909089969,1.6835443037973845,7.599999999999341,564,149.563
2023H2|J_PULLBACK_CONTINUATION|2023-10-23T21:15:00+00:00|-1,60,2023-10-23 22:15:01.147000+00:00,2023-10-23 22:15:02.278000+00:00,True,149.678,149.687,-3.8000000000010914,-0.6000000000000227,-7.499999999998863,False,True,0.43666666666666665,0.9117647058827463,1.996758508914085,8.799999999999386,1715,149.563
2023H2|J_PULLBACK_CONTINUATION|2023-10-23T21:15:00+00:00|-1,90,2023-10-23 22:45:01.147000+00:00,2023-10-23 22:45:15.865000+00:00,True,149.665,149.67,-2.0999999999986585,-0.20000000000095497,-7.499999999998863,False,False,0.12333333333333334,0.0,2.05676126878139,8.799999999999386,2574,149.563
2023H2|J_PULLBACK_CONTINUATION|2023-10-23T21:15:00+00:00|-1,120,2023-10-23 23:15:01.147000+00:00,2023-10-23 23:15:01.196000+00:00,True,149.69,149.694,-4.4999999999987494,-0.20000000000095497,-7.499999999998863,False,True,0.45666666666666667,0.0,2.1576182136601023,8.799999999999386,3233,149.563
2023H2|J_PULLBACK_CONTINUATION|2023-10-24T03:30:00+00:00|-1,15,2023-10-24 03:45:00.837000+00:00,2023-10-24 03:45:01.598000+00:00,True,149.573,149.577,-3.499999999999659,1.6999999999995907,-4.300000000000637,False,False,0.8866666666666667,0.14035087719268502,0.8411405295315332,5.89999999999975,570,149.496
2023H2|J_PULLBACK_CONTINUATION|2023-10-24T03:30:00+00:00|-1,30,2023-10-24 04:00:00.837000+00:00,2023-10-24 04:00:04.054000+00:00,True,149.61,149.617,-7.499999999998863,1.6999999999995907,-8.400000000000318,False,False,0.6666666666666666,0.12499999999991118,1.4057377049178157,9.799999999998477,913,149.496
2023H2|J_PULLBACK_CONTINUATION|2023-10-24T03:30:00+00:00|-1,60,2023-10-24 04:30:00.837000+00:00,2023-10-24 04:30:01.095000+00:00,True,149.641,149.646,-10.3999999999985,1.6999999999995907,-12.79999999999859,False,True,0.39666666666666667,0.541666666666864,2.413793103448031,14.499999999998181,2138,149.496
2023H2|J_PULLBACK_CONTINUATION|2023-10-24T03:30:00+00:00|-1,90,2023-10-24 05:00:00.837000+00:00,2023-10-24 05:00:01.386000+00:00,True,149.651,149.657,-11.50000000000091,1.6999999999995907,-12.79999999999859,False,True,0.6533333333333333,0.06666666666696985,2.4877450980389826,14.499999999998181,2894,149.496
2023H2|J_PULLBACK_CONTINUATION|2023-10-24T03:30:00+00:00|-1,120,2023-10-24 05:30:00.837000+00:00,2023-10-24 05:30:01.017000+00:00,True,149.697,149.7,-15.799999999998704,1.6999999999995907,-16.200000000000614,False,True,0.8566666666666667,0.5692307692308836,3.234916559691658,17.99999999999784,4441,149.496
2023H2|J_PULLBACK_CONTINUATION|2023-10-24T09:00:00+00:00|-1,15,2023-10-24 09:15:00.232000+00:00,2023-10-24 09:15:00.721000+00:00,True,149.595,149.6,-8.29999999999984,-0.30000000000143245,-9.200000000001296,False,True,1.25,0.5963302752294439,0.9199395770394713,8.70000000000175,857,149.32
2023H2|J_PULLBACK_CONTINUATION|2023-10-24T09:00:00+00:00|-1,30,2023-10-24 09:30:00.232000+00:00,2023-10-24 09:30:00.938000+00:00,True,149.636,149.641,-12.399999999999523,-0.30000000000143245,-18.80000000000166,False,True,1.3566666666666667,0.742857142857108,1.9815384615384606,18.39999999999975,2427,149.32
2023H2|J_PULLBACK_CONTINUATION|2023-10-24T09:00:00+00:00|-1,60,2023-10-24 10:00:00.232000+00:00,2023-10-24 10:00:00.418000+00:00,True,149.645,149.649,-13.2000000000005,-0.30000000000143245,-18.80000000000166,False,True,0.29,0.0,1.998448409619853,18.39999999999975,4104,149.32
2023H2|J_PULLBACK_CONTINUATION|2023-10-24T09:00:00+00:00|-1,90,2023-10-24 10:30:00.232000+00:00,2023-10-24 10:30:00.290000+00:00,True,149.733,149.738,-22.100000000000364,-0.30000000000143245,-22.30000000000132,False,True,1.21,0.25714285714248597,2.922201138519982,21.999999999999886,5818,149.32
2023H2|J_PULLBACK_CONTINUATION|2023-10-24T09:00:00+00:00|-1,120,2023-10-24 11:00:00.232000+00:00,2023-10-24 11:00:00.238000+00:00,True,149.79,149.795,-27.79999999999916,-0.30000000000143245,-28.600000000000136,False,True,1.5433333333333332,0.3888888888886257,3.791387559808865,28.300000000001546,8447,149.32
2023H2|J_PULLBACK_CONTINUATION|2023-10-27T07:00:00+00:00|-1,15,2023-10-27 07:15:00.174000+00:00,2023-10-27 07:15:00.647000+00:00,True,150.218,150.221,-3.700000000000614,7.099999999999795,-6.700000000000728,False,True,1.83,0.891566265060406,2.096916299559435,13.599999999999568,1958,150.078
2023H2|J_PULLBACK_CONTINUATION|2023-10-27T07:00:00+00:00|-1,30,2023-10-27 07:30:00.174000+00:00,2023-10-27 07:30:01.554000+00:00,True,150.152,150.157,2.6999999999986812,7.099999999999795,-6.700000000000728,False,False,1.9733333333333334,0.18461538461539806,2.0341880341880163,13.599999999999568,3367,150.078
2023H2|J_PULLBACK_CONTINUATION|2023-10-27T07:00:00+00:00|-1,60,2023-10-27 08:00:00.174000+00:00,2023-10-27 08:00:00.201000+00:00,True,150.154,150.158,2.600000000001046,7.099999999999795,-6.700000000000728,False,False,1.2533333333333334,0.7600000000000455,1.9232323232322444,13.599999999999568,6048,150.078
2023H2|J_PULLBACK_CONTINUATION|2023-10-27T07:00:00+00:00|-1,90,2023-10-27 08:30:00.174000+00:00,2023-10-27 08:30:03.125000+00:00,True,150.082,150.088,9.600000000000364,11.299999999999955,-6.700000000000728,True,False,1.9733333333333334,0.3548387096776707,2.4829659318635753,17.69999999999925,8063,150.078
2023H2|J_PULLBACK_CONTINUATION|2023-10-27T07:00:00+00:00|-1,120,2023-10-27 09:00:00.174000+00:00,2023-10-27 09:00:01.256000+00:00,True,150.078,150.082,10.200000000000387,11.400000000000432,-6.700000000000728,True,False,0.9333333333333333,0.8823529411765886,2.3160813308688017,17.900000000000205,9944,150.078
2023H2|J_PULLBACK_CONTINUATION|2023-10-27T11:45:00+00:00|-1,15,2023-10-27 12:00:00.055000+00:00,2023-10-27 12:00:00.299000+00:00,True,150.083,150.087,-0.09999999999763531,2.400000000000091,-2.0999999999986585,False,True,1.0933333333333333,0.5894039735098839,0.6688382193270144,4.400000000001114,1161,149.969
2023H2|J_PULLBACK_CONTINUATION|2023-10-27T11:45:00+00:00|-1,30,2023-10-27 12:15:00.055000+00:00,2023-10-27 12:15:07.674000+00:00,True,149.997,150.001,8.500000000000796,15.000000000000568,-2.0999999999986585,True,False,1.79,0.22499999999997333,2.4705882352942163,16.800000000000637,3062,149.969
2023H2|J_PULLBACK_CONTINUATION|2023-10-27T11:45:00+00:00|-1,60,2023-10-27 12:45:00.055000+00:00,2023-10-27 12:45:00.254000+00:00,True,149.907,149.913,17.300000000000182,17.80000000000257,-2.0999999999986585,True,False,2.9166666666666665,0.2599999999999403,2.3235046335299163,19.700000000000273,7788,149.969
2023H2|J_PULLBACK_CONTINUATION|2023-10-27T11:45:00+00:00|-1,90,2023-10-27 13:15:00.055000+00:00,2023-10-27 13:15:00.611000+00:00,True,149.836,149.84,24.600000000000932,35.80000000000041,-2.0999999999986585,True,False,2.5533333333333332,0.8767123287671073,3.849744711889203,37.700000000000955,13848,149.969
2023H2|J_PULLBACK_CONTINUATION|2023-10-27T11:45:00+00:00|-1,120,2023-10-27 13:45:00.055000+00:00,2023-10-27 13:45:00.079000+00:00,True,149.669,149.673,41.30000000000109,47.100000000000364,-2.0999999999986585,True,False,2.9433333333333334,0.5238095238092982,4.747070985527057,49.19999999999902,19016,149.969
2023H2|J_PULLBACK_CONTINUATION|2023-10-29T21:00:00+00:00|-1,15,2023-10-29 21:15:10.687000+00:00,2023-10-29 21:16:03.230000+00:00,True,149.554,149.606,-13.599999999999568,-6.000000000000227,-15.100000000001046,True,True,0.07333333333333333,0.20731707317069792,1.5043859649125668,9.800000000001319,70,149.495
2023H2|J_PULLBACK_CONTINUATION|2023-10-29T21:00:00+00:00|-1,30,2023-10-29 21:30:10.687000+00:00,2023-10-29 21:30:10.839000+00:00,True,149.57,149.6,-12.999999999999545,-6.000000000000227,-15.100000000001046,True,True,0.08666666666666667,1.0,1.6343612334801663,10.599999999999454,132,149.495
2023H2|J_PULLBACK_CONTINUATION|2023-10-29T21:00:00+00:00|-1,60,2023-10-29 22:00:10.687000+00:00,2023-10-29 22:00:11.081000+00:00,True,149.588,149.66,-18.999999999999773,-6.000000000000227,-19.10000000000025,True,True,0.20666666666666667,0.17204301075261264,2.186550976139053,14.400000000000546,337,149.495
2023H2|J_PULLBACK_CONTINUATION|2023-10-29T21:00:00+00:00|-1,90,2023-10-29 22:30:10.687000+00:00,2023-10-29 22:30:10.909000+00:00,True,149.642,149.653,-18.299999999999272,-6.000000000000227,-19.599999999999795,True,True,1.15,0.05769230769259148,2.8090614886734406,18.600000000000705,1767,149.495
2023H2|J_PULLBACK_CONTINUATION|2023-10-29T21:00:00+00:00|-1,120,2023-10-29 23:00:10.687000+00:00,2023-10-29 23:00:10.930000+00:00,True,149.712,149.721,-25.100000000000477,-6.000000000000227,-25.399999999999068,True,True,0.8233333333333334,0.687500000000296,3.6896918172157993,24.799999999999045,2430,149.495
2023H2|J_PULLBACK_CONTINUATION|2023-10-30T02:15:00+00:00|-1,15,2023-10-30 02:30:17.291000+00:00,2023-10-30 02:30:18.138000+00:00,True,149.62,149.628,4.700000000002547,5.000000000001137,-1.5999999999991132,True,False,0.8133333333333334,0.37500000000022204,1.0532407407407332,6.499999999999773,697,149.67
2023H2|J_PULLBACK_CONTINUATION|2023-10-30T02:15:00+00:00|-1,30,2023-10-30 02:45:17.291000+00:00,2023-10-30 02:45:20.079000+00:00,True,149.632,149.637,3.8000000000010914,5.100000000001614,-1.5999999999991132,True,False,0.24666666666666667,0.33333333333284754,1.0820451843044243,6.499999999999773,972,149.67
2023H2|J_PULLBACK_CONTINUATION|2023-10-30T02:15:00+00:00|-1,60,2023-10-30 03:15:17.291000+00:00,2023-10-30 03:15:19.622000+00:00,True,149.62,149.627,4.800000000000182,5.100000000001614,-1.5999999999991132,True,False,0.4266666666666667,0.0,1.0731132075471514,6.499999999999773,1898,149.67
2023H2|J_PULLBACK_CONTINUATION|2023-10-30T02:15:00+00:00|-1,90,2023-10-30 03:45:17.291000+00:00,2023-10-30 03:45:27.722000+00:00,True,149.587,149.592,8.29999999999984,10.200000000000387,-1.5999999999991132,True,False,0.20666666666666667,0.41379310344793796,1.9708737864074906,11.599999999998545,2771,149.67
2023H2|J_PULLBACK_CONTINUATION|2023-10-30T02:15:00+00:00|-1,120,2023-10-30 04:15:17.291000+00:00,2023-10-30 04:15:19.440000+00:00,True,149.602,149.607,6.800000000001205,10.600000000002296,-1.5999999999991132,True,False,0.29,0.9000000000004738,2.5059171597633414,12.100000000000932,3298,149.67
2023H2|J_PULLBACK_CONTINUATION|2023-10-30T06:45:00+00:00|-1,15,2023-10-30 07:00:09.644000+00:00,2023-10-30 07:00:09.824000+00:00,True,149.439,149.444,10.000000000002274,12.700000000000955,-0.699999999997658,True,False,1.07,0.10975609756098825,2.324461343472792,13.100000000000023,954,149.53
2023H2|J_PULLBACK_CONTINUATION|2023-10-30T06:45:00+00:00|-1,30,2023-10-30 07:15:09.644000+00:00,2023-10-30 07:15:09.673000+00:00,True,149.413,149.419,12.5,25.800000000000978,-0.699999999997658,True,False,1.39,0.5604395604395501,4.343125734430542,26.400000000001,3003,149.53
2023H2|J_PULLBACK_CONTINUATION|2023-10-30T06:45:00+00:00|-1,60,2023-10-30 07:45:09.644000+00:00,2023-10-30 07:45:11.012000+00:00,True,149.569,149.575,-3.099999999997749,25.800000000000978,-5.299999999999727,True,True,2.1733333333333333,0.5368421052633343,4.070370370370553,31.399999999999295,6549,149.53
2023H2|J_PULLBACK_CONTINUATION|2023-10-30T06:45:00+00:00|-1,90,2023-10-30 08:15:09.644000+00:00,2023-10-30 08:15:10.831000+00:00,True,149.558,149.561,-1.6999999999995907,25.800000000000978,-5.299999999999727,True,False,1.8,0.2560975609757239,3.7508532423209267,31.399999999999295,9716,149.53
2023H2|J_PULLBACK_CONTINUATION|2023-10-30T06:45:00+00:00|-1,120,2023-10-30 08:45:09.644000+00:00,2023-10-30 08:45:09.913000+00:00,True,149.633,149.638,-9.399999999999409,25.800000000000978,-9.799999999998477,True,True,1.4866666666666666,0.9821428571427665,4.258283772302745,35.80000000000041,11977,149.53
2023H2|J_PULLBACK_CONTINUATION|2023-10-30T20:00:00+00:00|-1,15,2023-10-30 20:15:00.077000+00:00,2023-10-30 20:15:01.023000+00:00,True,149.086,149.091,-2.600000000001046,2.0999999999986585,-4.099999999999682,False,False,0.32,0.4482758620692021,1.0294117647059182,6.000000000000227,421,148.953
2023H2|J_PULLBACK_CONTINUATION|2023-10-30T20:00:00+00:00|-1,30,2023-10-30 20:30:00.077000+00:00,2023-10-30 20:30:00.445000+00:00,True,149.1,149.108,-4.300000000000637,2.0999999999986585,-5.299999999999727,False,True,0.17,0.6999999999995263,1.3644859813085601,7.30000000000075,654,148.953
2023H2|J_PULLBACK_CONTINUATION|2023-10-30T20:00:00+00:00|-1,60,2023-10-30 21:00:00.077000+00:00,2023-10-30 21:00:00.140000+00:00,True,149.026,149.142,-7.699999999999818,2.0999999999986585,-7.599999999999341,False,True,0.8533333333333334,0.14492753623177657,1.4148936170211892,7.599999999999341,1552,148.953
2023H2|J_PULLBACK_CONTINUATION|2023-10-30T20:00:00+00:00|-1,90,2023-10-30 21:30:00.077000+00:00,2023-10-30 21:30:00.195000+00:00,True,149.068,149.111,-4.599999999999227,2.0999999999986585,-9.299999999998931,False,True,0.07666666666666666,0.5476190476189349,2.0146842878116096,9.799999999998477,1925,148.953
2023H2|J_PULLBACK_CONTINUATION|2023-10-30T20:00:00+00:00|-1,120,2023-10-30 22:00:00.077000+00:00,2023-10-30 22:00:00.113000+00:00,True,149.052,149.082,-1.6999999999995907,2.0999999999986585,-9.299999999998931,False,True,1.0933333333333333,0.31111111111078826,1.9826589595372432,9.799999999998477,3172,148.953
2023H2|J_PULLBACK_CONTINUATION|2023-11-02T05:15:00+00:00|-1,15,2023-11-02 05:30:01.132000+00:00,2023-11-02 05:30:01.440000+00:00,True,150.423,150.431,-3.300000000001546,-0.49999999999954525,-6.499999999999773,False,True,0.9233333333333333,0.5102040816327005,0.8115942028986065,6.000000000000227,700,150.299
2023H2|J_PULLBACK_CONTINUATION|2023-11-02T05:15:00+00:00|-1,30,2023-11-02 05:45:01.132000+00:00,2023-11-02 05:45:04.201000+00:00,True,150.447,150.452,-5.400000000000205,-0.49999999999954525,-7.699999999999818,False,True,0.8533333333333334,0.13793103448294453,1.023391812865776,7.500000000001705,1416,150.299
2023H2|J_PULLBACK_CONTINUATION|2023-11-02T05:15:00+00:00|-1,60,2023-11-02 06:15:01.132000+00:00,2023-11-02 06:15:09.804000+00:00,True,150.425,150.43,-3.2000000000010687,0.0,-7.900000000000773,False,True,0.88,1.0,1.171487603306048,8.100000000001728,2766,150.299
2023H2|J_PULLBACK_CONTINUATION|2023-11-02T05:15:00+00:00|-1,90,2023-11-02 06:45:01.132000+00:00,2023-11-02 06:45:04.217000+00:00,True,150.377,150.38,1.8000000000000682,3.999999999999204,-7.900000000000773,False,False,0.9366666666666666,0.5757575757579673,1.8888888888889357,11.899999999999977,4446,150.299
2023H2|J_PULLBACK_CONTINUATION|2023-11-02T05:15:00+00:00|-1,120,2023-11-02 07:15:01.132000+00:00,2023-11-02 07:15:01.203000+00:00,True,150.413,150.418,-2.000000000001023,3.999999999999204,-7.900000000000773,False,True,1.0133333333333334,0.9090909090913006,2.066997518610461,11.899999999999977,5940,150.299
2023H2|J_PULLBACK_CONTINUATION|2023-11-02T10:45:00+00:00|-1,15,2023-11-02 11:00:00.016000+00:00,2023-11-02 11:00:00.039000+00:00,True,150.358,150.363,-1.5999999999991132,-0.2999999999985903,-5.89999999999975,False,True,1.6666666666666667,1.0,0.5126498002663622,5.500000000000682,1045,150.226
2023H2|J_PULLBACK_CONTINUATION|2023-11-02T10:45:00+00:00|-1,30,2023-11-02 11:15:00.016000+00:00,2023-11-02 11:15:00.097000+00:00,True,150.322,150.326,2.1000000000015007,2.1000000000015007,-5.89999999999975,False,False,0.7266666666666667,0.3846153846154855,0.9609035621199811,7.900000000000773,2081,150.226
2023H2|J_PULLBACK_CONTINUATION|2023-11-02T10:45:00+00:00|-1,60,2023-11-02 11:45:00.016000+00:00,2023-11-02 11:45:00.122000+00:00,True,150.354,150.36,-1.300000000000523,4.800000000000182,-5.89999999999975,False,True,0.9366666666666666,0.38095238095215533,1.5685863874345245,10.699999999999932,4135,150.226
2023H2|J_PULLBACK_CONTINUATION|2023-11-02T10:45:00+00:00|-1,90,2023-11-02 12:15:00.016000+00:00,2023-11-02 12:15:00.549000+00:00,True,150.241,150.248,9.900000000001796,11.000000000001364,-5.89999999999975,False,False,2.0233333333333334,0.7901234567901452,2.223684210526477,16.900000000001114,6946,150.226
2023H2|J_PULLBACK_CONTINUATION|2023-11-02T10:45:00+00:00|-1,120,2023-11-02 12:45:00.016000+00:00,2023-11-02 12:45:00.502000+00:00,True,150.091,150.095,25.200000000000955,31.700000000000728,-5.89999999999975,True,False,3.2266666666666666,0.798780487804803,4.410000000000104,37.80000000000143,12665,150.226
2023H2|J_PULLBACK_CONTINUATION|2023-11-03T05:45:00+00:00|-1,15,2023-11-03 06:00:04.400000+00:00,2023-11-03 06:00:16.920000+00:00,True,150.259,150.265,0.7000000000005002,2.0999999999986585,-0.49999999999954525,True,False,0.4166666666666667,0.3888888888891521,0.7745901639340487,2.6999999999986812,562,150.269
2023H2|J_PULLBACK_CONTINUATION|2023-11-03T05:45:00+00:00|-1,30,2023-11-03 06:15:04.400000+00:00,2023-11-03 06:15:04.760000+00:00,True,150.273,150.278,-0.6000000000000227,2.0999999999986585,-1.9000000000005457,True,False,0.4066666666666667,0.5199999999995453,1.2253829321661516,3.999999999999204,1102,150.269
2023H2|J_PULLBACK_CONTINUATION|2023-11-03T05:45:00+00:00|-1,60,2023-11-03 06:45:04.400000+00:00,2023-11-03 06:45:04.563000+00:00,True,150.28,150.286,-1.4000000000010004,2.0999999999986585,-2.899999999999636,True,False,0.22333333333333333,0.04347826086978013,1.6786570743401774,4.999999999998295,1657,150.269
2023H2|J_PULLBACK_CONTINUATION|2023-11-03T05:45:00+00:00|-1,90,2023-11-03 07:15:04.400000+00:00,2023-11-03 07:15:18.501000+00:00,True,150.281,150.285,-1.300000000000523,2.0999999999986585,-5.100000000001614,True,False,0.98,0.3913043478261675,2.1771058315338556,7.200000000000273,3146,150.269
2023H2|J_PULLBACK_CONTINUATION|2023-11-03T05:45:00+00:00|-1,120,2023-11-03 07:45:04.400000+00:00,2023-11-03 07:45:05.360000+00:00,True,150.279,150.286,-1.4000000000010004,3.1999999999982265,-5.100000000001614,True,False,1.5666666666666667,0.02739726027410061,2.2162162162161625,8.199999999999363,5106,150.269
2023H2|J_PULLBACK_CONTINUATION|2023-11-03T20:30:00+00:00|-1,15,2023-11-03 20:45:00.006000+00:00,2023-11-03 20:45:00.368000+00:00,True,149.35,149.361,1.1000000000024102,2.7000000000015234,-0.9999999999990905,False,False,0.54,1.0,0.6064356435648166,3.500000000002501,414,149.299
2023H2|J_PULLBACK_CONTINUATION|2023-11-03T20:30:00+00:00|-1,30,2023-11-03 21:00:00.006000+00:00,2023-11-05 22:00:01.632000+00:00,True,149.319,149.406,-3.3999999999991815,2.7000000000015234,-7.999999999998408,False,True,0.0033333333333333335,1.0,1.2995049504949099,7.499999999998863,1461,149.299
2023H2|J_PULLBACK_CONTINUATION|2023-11-03T20:30:00+00:00|-1,60,2023-11-03 21:30:00.006000+00:00,2023-11-05 22:00:01.632000+00:00,True,149.319,149.406,-3.3999999999991815,2.7000000000015234,-7.999999999998408,False,True,0.0033333333333333335,1.0,1.2995049504949099,7.499999999998863,1461,149.299
2023H2|J_PULLBACK_CONTINUATION|2023-11-03T20:30:00+00:00|-1,90,2023-11-03 22:00:00.006000+00:00,2023-11-05 22:00:01.632000+00:00,True,149.319,149.406,-3.3999999999991815,2.7000000000015234,-7.999999999998408,False,True,0.0033333333333333335,1.0,1.2995049504949099,7.499999999998863,1461,149.299
2023H2|J_PULLBACK_CONTINUATION|2023-11-03T20:30:00+00:00|-1,120,2023-11-03 22:30:00.006000+00:00,2023-11-05 22:00:01.632000+00:00,True,149.319,149.406,-3.3999999999991815,2.7000000000015234,-7.999999999998408,False,True,0.0033333333333333335,1.0,1.2995049504949099,7.499999999998863,1461,149.299
2023H2|J_PULLBACK_CONTINUATION|2023-11-06T04:15:00+00:00|-1,15,2023-11-06 04:30:01.189000+00:00,2023-11-06 04:30:02.921000+00:00,True,149.575,149.582,-5.500000000000682,2.2999999999996135,-6.900000000001683,True,True,0.63,0.38333333333325437,1.3169734151331367,9.200000000001296,661,149.528
2023H2|J_PULLBACK_CONTINUATION|2023-11-06T04:15:00+00:00|-1,30,2023-11-06 04:45:01.189000+00:00,2023-11-06 04:45:03.112000+00:00,True,149.61,149.615,-8.800000000002228,2.2999999999996135,-11.299999999999955,True,True,0.7566666666666667,0.9249999999998816,1.8519249753210727,13.400000000001455,1432,149.528
2023H2|J_PULLBACK_CONTINUATION|2023-11-06T04:15:00+00:00|-1,60,2023-11-06 05:15:01.189000+00:00,2023-11-06 05:15:01.248000+00:00,True,149.539,149.544,-1.700000000002433,2.2999999999996135,-13.900000000001,True,False,0.86,0.6842105263158682,2.408602150537565,15.999999999999659,3167,149.528
2023H2|J_PULLBACK_CONTINUATION|2023-11-06T04:15:00+00:00|-1,90,2023-11-06 05:45:01.189000+00:00,2023-11-06 05:45:02.941000+00:00,True,149.493,149.497,2.9999999999972715,4.4999999999987494,-13.900000000001,True,False,0.5866666666666667,0.26666666666674244,2.7575757575754705,18.199999999998795,4239,149.528
2023H2|J_PULLBACK_CONTINUATION|2023-11-06T04:15:00+00:00|-1,120,2023-11-06 06:15:01.189000+00:00,2023-11-06 06:15:02.168000+00:00,True,149.5,149.503,2.400000000000091,5.599999999998317,-13.900000000001,True,False,0.9,0.10112359550546368,2.959474260678794,19.299999999998363,5794,149.528
2023H2|J_PULLBACK_CONTINUATION|2023-11-06T09:15:00+00:00|-1,15,2023-11-06 09:30:00.050000+00:00,2023-11-06 09:30:00.129000+00:00,True,149.582,149.586,-10.099999999999909,2.000000000001023,-12.299999999999045,False,True,0.88,0.13414634146337234,1.3591310251187732,14.300000000000068,1154,149.375
2023H2|J_PULLBACK_CONTINUATION|2023-11-06T09:15:00+00:00|-1,30,2023-11-06 09:45:00.050000+00:00,2023-11-06 09:45:02.589000+00:00,True,149.634,149.639,-15.399999999999636,2.000000000001023,-16.29999999999825,False,True,1.2533333333333334,0.229508196720983,1.7826989619376303,18.39999999999975,2123,149.375
2023H2|J_PULLBACK_CONTINUATION|2023-11-06T09:15:00+00:00|-1,60,2023-11-06 10:15:00.050000+00:00,2023-11-06 10:15:00.523000+00:00,True,149.66,149.666,-18.099999999998317,2.000000000001023,-20.899999999997476,False,True,1.0933333333333333,0.2765957446809797,2.192886456908175,22.8999999999985,4031,149.375
2023H2|J_PULLBACK_CONTINUATION|2023-11-06T09:15:00+00:00|-1,90,2023-11-06 10:45:00.050000+00:00,2023-11-06 10:45:01.318000+00:00,True,149.645,149.65,-16.499999999999204,2.000000000001023,-20.899999999997476,False,True,0.8166666666666667,0.731707317072748,2.294917680744176,22.8999999999985,5480,149.375
2023H2|J_PULLBACK_CONTINUATION|2023-11-06T09:15:00+00:00|-1,120,2023-11-06 11:15:00.050000+00:00,2023-11-06 11:15:00.652000+00:00,True,149.619,149.624,-13.899999999998158,2.000000000001023,-20.899999999997476,False,True,0.7766666666666666,0.0,2.4910644910641513,22.8999999999985,6789,149.375
2023H2|J_PULLBACK_CONTINUATION|2023-11-14T23:15:00+00:00|-1,15,2023-11-14 23:30:00.070000+00:00,2023-11-14 23:30:06.010000+00:00,True,150.355,150.364,4.999999999998295,7.699999999999818,-1.2000000000000455,False,False,0.25,0.1627906976746184,1.0999146029036635,9.200000000001296,586,150.253
2023H2|J_PULLBACK_CONTINUATION|2023-11-14T23:15:00+00:00|-1,30,2023-11-14 23:45:00.070000+00:00,2023-11-14 23:45:00.161000+00:00,True,150.389,150.395,1.8999999999977035,7.699999999999818,-1.2000000000000455,False,False,0.44,0.0728476821191717,1.0679933665009642,9.200000000001296,1095,150.253
2023H2|J_PULLBACK_CONTINUATION|2023-11-14T23:15:00+00:00|-1,60,2023-11-15 00:15:00.070000+00:00,2023-11-15 00:15:00.368000+00:00,True,150.643,150.647,-23.30000000000041,7.699999999999818,-26.000000000001933,False,True,1.4433333333333334,0.24731182795697615,3.6391437308868277,34.00000000000034,3160,150.253
2023H2|J_PULLBACK_CONTINUATION|2023-11-14T23:15:00+00:00|-1,90,2023-11-15 00:45:00.070000+00:00,2023-11-15 00:45:00.152000+00:00,True,150.773,150.776,-36.20000000000232,7.699999999999818,-34.900000000001796,False,True,0.8233333333333334,0.6862745098039784,3.9352331606217104,43.39999999999975,4708,150.253
2023H2|J_PULLBACK_CONTINUATION|2023-11-14T23:15:00+00:00|-1,120,2023-11-15 01:15:00.070000+00:00,2023-11-15 01:15:00.308000+00:00,True,150.511,150.515,-10.099999999999909,7.699999999999818,-38.10000000000002,False,False,1.5866666666666667,0.5615384615383203,3.6717428087986814,46.50000000000034,7292,150.253
2023H2|J_PULLBACK_CONTINUATION|2023-11-15T03:45:00+00:00|-1,15,2023-11-15 04:00:00.035000+00:00,2023-11-15 04:00:00.429000+00:00,True,150.576,150.582,-2.199999999999136,3.0000000000001137,-3.100000000000591,False,True,0.91,0.7037037037042495,0.6837469975982068,6.100000000000705,569,150.5
2023H2|J_PULLBACK_CONTINUATION|2023-11-15T03:45:00+00:00|-1,30,2023-11-15 04:15:00.035000+00:00,2023-11-15 04:15:01.164000+00:00,True,150.564,150.568,-0.8000000000009777,3.0000000000001137,-3.100000000000591,False,True,0.23333333333333334,0.318181818181965,0.8227360308286703,6.100000000000705,1000,150.5
2023H2|J_PULLBACK_CONTINUATION|2023-11-15T03:45:00+00:00|-1,60,2023-11-15 04:45:00.035000+00:00,2023-11-15 04:45:00.226000+00:00,True,150.524,150.526,3.3999999999991815,4.500000000001592,-3.299999999998704,False,False,0.79,0.2678571428573513,1.2419354838714447,7.70000000000266,2008,150.5
2023H2|J_PULLBACK_CONTINUATION|2023-11-15T03:45:00+00:00|-1,90,2023-11-15 05:15:00.035000+00:00,2023-11-15 05:15:00.130000+00:00,True,150.603,150.607,-4.699999999999704,4.500000000001592,-6.100000000000705,False,True,0.8033333333333333,0.4492753623188167,1.840294840295269,10.700000000002774,3017,150.5
2023H2|J_PULLBACK_CONTINUATION|2023-11-15T03:45:00+00:00|-1,120,2023-11-15 05:45:00.035000+00:00,2023-11-15 05:45:02.294000+00:00,True,150.686,150.69,-12.999999999999545,4.500000000001592,-13.700000000000045,False,True,0.3933333333333333,0.7142857142859629,3.1568627450984743,18.400000000002592,4332,150.5
2023H2|J_PULLBACK_CONTINUATION|2023-11-15T08:30:00+00:00|-1,15,2023-11-15 08:45:00.130000+00:00,2023-11-15 08:45:00.175000+00:00,True,150.544,150.551,5.900000000002592,6.400000000002137,-1.5999999999991132,True,False,1.8033333333333332,0.7663551401871269,0.879751745539374,8.100000000001728,1451,150.569
2023H2|J_PULLBACK_CONTINUATION|2023-11-15T08:30:00+00:00|-1,30,2023-11-15 09:00:00.130000+00:00,2023-11-15 09:00:00.257000+00:00,True,150.486,150.492,11.800000000002342,14.500000000001023,-1.5999999999991132,True,False,1.5333333333333334,0.7499999999998633,1.7832278481013069,16.100000000000136,2696,150.569
2023H2|J_PULLBACK_CONTINUATION|2023-11-15T08:30:00+00:00|-1,60,2023-11-15 09:30:00.130000+00:00,2023-11-15 09:30:00.138000+00:00,True,150.475,150.48,13.000000000002387,20.300000000000296,-1.5999999999991132,True,False,1.4333333333333333,0.39999999999992164,2.190611664296093,22.00000000000273,5488,150.569
2023H2|J_PULLBACK_CONTINUATION|2023-11-15T08:30:00+00:00|-1,90,2023-11-15 10:00:00.130000+00:00,2023-11-15 10:00:01.366000+00:00,True,150.397,150.4,21.000000000000796,27.300000000002456,-1.5999999999991132,True,False,1.29,0.490909090909307,2.8996441281139522,29.100000000002524,8566,150.569
2023H2|J_PULLBACK_CONTINUATION|2023-11-15T08:30:00+00:00|-1,120,2023-11-15 10:30:00.130000+00:00,2023-11-15 10:30:05.744000+00:00,True,150.388,150.393,21.700000000001296,27.300000000002456,-1.5999999999991132,True,False,1.0733333333333333,0.2343750000002568,3.070082893745429,29.100000000002524,10902,150.569
2023H2|J_PULLBACK_CONTINUATION|2023-11-15T13:00:00+00:00|-1,15,2023-11-15 13:15:00.113000+00:00,2023-11-15 13:15:00.128000+00:00,True,150.323,150.325,6.499999999999773,6.499999999999773,-1.700000000002433,False,False,1.6166666666666667,0.9560439560437501,1.0970149253731731,8.400000000000318,1341,150.252
2023H2|J_PULLBACK_CONTINUATION|2023-11-15T13:00:00+00:00|-1,30,2023-11-15 13:30:00.113000+00:00,2023-11-15 13:30:01.052000+00:00,True,150.274,150.296,9.399999999999409,11.7999999999995,-1.700000000002433,False,False,1.8366666666666667,0.007237635705669709,1.023835319610112,13.500000000001933,3056,150.252
2023H2|J_PULLBACK_CONTINUATION|2023-11-15T13:00:00+00:00|-1,60,2023-11-15 14:00:00.113000+00:00,2023-11-15 14:00:00.196000+00:00,True,150.775,150.779,-38.900000000001,33.69999999999891,-50.0,True,True,3.1966666666666668,0.32278481012665283,5.663605606573026,83.69999999999891,12265,150.252
2023H2|J_PULLBACK_CONTINUATION|2023-11-15T13:00:00+00:00|-1,90,2023-11-15 14:30:00.113000+00:00,2023-11-15 14:30:00.161000+00:00,True,150.95,150.952,-56.20000000000118,33.69999999999891,-65.90000000000202,True,True,3.4133333333333336,0.02688172043008208,6.055531453362174,99.70000000000141,18224,150.252
2023H2|J_PULLBACK_CONTINUATION|2023-11-15T13:00:00+00:00|-1,120,2023-11-15 15:00:00.113000+00:00,2023-11-15 15:00:00.121000+00:00,True,151.152,151.156,-76.60000000000196,33.69999999999891,-85.80000000000041,True,True,2.9366666666666665,0.2571428571429577,6.6074249605052415,119.49999999999932,23921,150.252
2023H2|J_PULLBACK_CONTINUATION|2023-11-16T22:15:00+00:00|-1,15,2023-11-16 22:30:00.120000+00:00,2023-11-16 22:30:00.924000+00:00,True,150.605,150.64,0.40000000000190994,0.6000000000000227,-9.499999999999886,False,False,0.4866666666666667,0.2888888888889637,1.6586956521737917,10.899999999998045,195,150.504
2023H2|J_PULLBACK_CONTINUATION|2023-11-16T22:15:00+00:00|-1,30,2023-11-16 22:45:00.120000+00:00,2023-11-16 22:45:01.237000+00:00,True,150.694,150.72,-7.599999999999341,0.6000000000000227,-10.499999999998977,False,True,0.6166666666666667,0.36956521739127746,2.4137931034484534,15.999999999999659,998,150.504
2023H2|J_PULLBACK_CONTINUATION|2023-11-16T22:15:00+00:00|-1,60,2023-11-16 23:15:00.120000+00:00,2023-11-16 23:15:00.178000+00:00,True,150.671,150.681,-3.700000000000614,0.6000000000000227,-11.199999999999477,False,True,0.44666666666666666,0.19047619047561049,2.501057082452331,16.899999999998272,2079,150.504
2023H2|J_PULLBACK_CONTINUATION|2023-11-16T22:15:00+00:00|-1,90,2023-11-16 23:45:00.120000+00:00,2023-11-16 23:45:00.461000+00:00,True,150.68,150.689,-4.4999999999987494,0.6000000000000227,-11.199999999999477,False,True,0.36333333333333334,0.40476190476179197,2.6028602860284415,16.899999999998272,2543,150.504
2023H2|J_PULLBACK_CONTINUATION|2023-11-16T22:15:00+00:00|-1,120,2023-11-17 00:15:00.120000+00:00,2023-11-17 00:15:00.416000+00:00,True,150.658,150.665,-2.0999999999986585,1.6999999999995907,-11.199999999999477,False,False,0.9066666666666666,0.028571428571567803,2.45690550363424,16.899999999998272,3594,150.504
2023H2|J_PULLBACK_CONTINUATION|2023-11-17T04:00:00+00:00|-1,15,2023-11-17 04:15:00.107000+00:00,2023-11-17 04:15:04.247000+00:00,True,150.535,150.539,1.4000000000010004,1.6999999999995907,-0.9999999999990905,False,False,0.44666666666666666,0.025000000000106604,0.3757455268387826,2.6999999999986812,382,150.419
2023H2|J_PULLBACK_CONTINUATION|2023-11-17T04:00:00+00:00|-1,30,2023-11-17 04:30:00.107000+00:00,2023-11-17 04:30:00.241000+00:00,True,150.542,150.548,0.49999999999954525,4.4999999999987494,-0.9999999999990905,False,False,0.6566666666666666,0.3076923076921956,0.8546059933408287,5.500000000000682,930,150.419
2023H2|J_PULLBACK_CONTINUATION|2023-11-17T04:00:00+00:00|-1,60,2023-11-17 05:00:00.107000+00:00,2023-11-17 05:00:00.436000+00:00,True,150.575,150.579,-2.600000000001046,4.4999999999987494,-3.8000000000010914,False,True,0.5933333333333334,0.7118644067797182,1.365853658536698,8.400000000000318,1989,150.419
2023H2|J_PULLBACK_CONTINUATION|2023-11-17T04:00:00+00:00|-1,90,2023-11-17 05:30:00.107000+00:00,2023-11-17 05:30:00.112000+00:00,True,150.64,150.645,-9.200000000001296,4.4999999999987494,-11.400000000000432,False,True,0.7433333333333333,0.20547945205497586,2.6280991735542036,15.900000000002024,3488,150.419
2023H2|J_PULLBACK_CONTINUATION|2023-11-17T04:00:00+00:00|-1,120,2023-11-17 06:00:00.107000+00:00,2023-11-17 06:00:00.163000+00:00,True,150.634,150.639,-8.600000000001273,4.4999999999987494,-11.400000000000432,False,True,0.9466666666666667,0.9714285714284439,2.6949152542376527,15.900000000002024,4974,150.419
2023H2|J_PULLBACK_CONTINUATION|2023-11-17T16:00:00+00:00|-1,15,2023-11-17 16:15:01.052000+00:00,2023-11-17 16:15:01.106000+00:00,True,149.58,149.586,-3.0000000000001137,2.3000000000024556,-10.099999999999909,False,False,1.63,0.20796460176989928,0.7159090909091184,12.600000000000477,1628,149.482
2023H2|J_PULLBACK_CONTINUATION|2023-11-17T16:00:00+00:00|-1,30,2023-11-17 16:30:01.052000+00:00,2023-11-17 16:30:01.383000+00:00,True,149.752,149.753,-19.69999999999743,2.3000000000024556,-25.099999999997635,False,True,2.6566666666666667,0.3779527559055823,1.6299745977985327,27.50000000000057,3675,149.482
2023H2|J_PULLBACK_CONTINUATION|2023-11-17T16:00:00+00:00|-1,60,2023-11-17 17:00:01.052000+00:00,2023-11-17 17:00:01.571000+00:00,True,149.817,149.822,-26.599999999999113,2.3000000000024556,-32.19999999999743,False,True,1.2966666666666666,0.9784946236558154,2.4969072164948747,34.600000000000364,7023,149.482
2023H2|J_PULLBACK_CONTINUATION|2023-11-17T16:00:00+00:00|-1,90,2023-11-17 17:30:01.052000+00:00,2023-11-17 17:30:01.340000+00:00,True,149.785,149.79,-23.399999999998045,2.3000000000024556,-32.19999999999743,False,True,0.94,0.6222222222223275,2.849411764705884,34.600000000000364,9316,149.482
2023H2|J_PULLBACK_CONTINUATION|2023-11-17T16:00:00+00:00|-1,120,2023-11-17 18:00:01.052000+00:00,2023-11-17 18:00:01.366000+00:00,True,149.698,149.703,-14.699999999999136,2.3000000000024556,-32.19999999999743,False,True,1.1033333333333333,0.358490566037321,3.3615544760582563,34.600000000000364,10890,149.482
2023H2|J_PULLBACK_CONTINUATION|2023-11-17T20:30:00+00:00|-1,15,2023-11-17 20:45:00.115000+00:00,2023-11-17 20:45:00.181000+00:00,True,149.676,149.681,-2.3000000000024556,-0.10000000000047748,-3.0000000000001137,False,True,0.7233333333333334,0.09615384615426659,0.510416666666475,2.7999999999991587,667,149.583
2023H2|J_PULLBACK_CONTINUATION|2023-11-17T20:30:00+00:00|-1,30,2023-11-17 21:00:00.115000+00:00,2023-11-17 21:00:00.190000+00:00,True,149.69,149.693,-3.500000000002501,0.9999999999990905,-4.100000000002524,False,True,1.1766666666666667,0.12903225806419083,1.0282485875709548,5.200000000002092,1353,149.583
2023H2|J_PULLBACK_CONTINUATION|2023-11-17T20:30:00+00:00|-1,60,2023-11-17 21:30:00.115000+00:00,2023-11-17 21:30:00.209000+00:00,True,149.658,149.668,-1.0000000000019327,0.9999999999990905,-6.200000000001182,False,True,0.38666666666666666,0.9791666666665679,1.4530154277701237,7.400000000001228,2102,149.583
2023H2|J_PULLBACK_CONTINUATION|2023-11-17T20:30:00+00:00|-1,90,2023-11-17 22:00:00.115000+00:00,2023-11-19 22:04:02.064000+00:00,True,149.575,149.795,-13.700000000000045,4.399999999998272,-6.200000000001182,True,True,0.0033333333333333335,1.0,3.6851385390426934,20.90000000000032,3072,149.583
2023H2|J_PULLBACK_CONTINUATION|2023-11-17T20:30:00+00:00|-1,120,2023-11-17 22:30:00.115000+00:00,2023-11-19 22:04:02.064000+00:00,True,149.575,149.795,-13.700000000000045,4.399999999998272,-6.200000000001182,True,True,0.0033333333333333335,1.0,3.6851385390426934,20.90000000000032,3072,149.583
2023H2|J_PULLBACK_CONTINUATION|2023-11-20T01:15:00+00:00|-1,15,2023-11-20 01:30:00.199000+00:00,2023-11-20 01:30:00.214000+00:00,True,149.446,149.452,23.900000000000432,30.400000000000205,-0.39999999999906777,True,False,2.97,0.18023255813954253,2.299840510366703,30.89999999999975,2186,149.617
2023H2|J_PULLBACK_CONTINUATION|2023-11-20T01:15:00+00:00|-1,30,2023-11-20 01:45:00.199000+00:00,2023-11-20 01:45:00.213000+00:00,True,149.519,149.522,16.900000000001114,30.700000000001637,-0.39999999999906777,True,False,1.6333333333333333,0.6086956521738325,2.330851063829846,31.30000000000166,4132,149.617
2023H2|J_PULLBACK_CONTINUATION|2023-11-20T01:15:00+00:00|-1,60,2023-11-20 02:15:00.199000+00:00,2023-11-20 02:15:02.431000+00:00,True,149.476,149.482,20.90000000000032,30.700000000001637,-0.39999999999906777,True,False,1.0733333333333333,0.9059829059829351,2.2402862985685736,31.30000000000166,6409,149.617
2023H2|J_PULLBACK_CONTINUATION|2023-11-20T01:15:00+00:00|-1,90,2023-11-20 02:45:00.199000+00:00,2023-11-20 02:45:00.202000+00:00,True,149.058,149.064,62.700000000000955,74.00000000000091,-0.39999999999906777,True,False,3.5766666666666667,0.49130434782604615,4.570552147239156,74.50000000000045,11288,149.617
2023H2|J_PULLBACK_CONTINUATION|2023-11-20T01:15:00+00:00|-1,120,2023-11-20 03:15:00.199000+00:00,2023-11-20 03:15:00.270000+00:00,True,149.108,149.114,57.69999999999982,78.90000000000157,-0.39999999999906777,True,False,1.9366666666666668,0.8437499999999376,4.668626627467349,79.40000000000111,15615,149.617
2023H2|J_PULLBACK_CONTINUATION|2023-11-20T06:45:00+00:00|-1,15,2023-11-20 07:00:00.021000+00:00,2023-11-20 07:00:00.052000+00:00,True,149.146,149.152,-1.8000000000000682,1.1999999999972033,-7.600000000002183,False,True,1.5433333333333332,0.7391304347828639,0.773732119635972,8.500000000000796,1076,148.893
2023H2|J_PULLBACK_CONTINUATION|2023-11-20T06:45:00+00:00|-1,30,2023-11-20 07:15:00.021000+00:00,2023-11-20 07:15:01.547000+00:00,True,149.14,149.144,-1.0000000000019327,1.1999999999972033,-8.00000000000125,False,True,1.9566666666666668,0.494505494505625,0.8558139534882309,9.199999999998454,2857,148.893
2023H2|J_PULLBACK_CONTINUATION|2023-11-20T06:45:00+00:00|-1,60,2023-11-20 07:45:00.021000+00:00,2023-11-20 07:45:00.369000+00:00,True,148.957,148.962,17.199999999999704,18.999999999999773,-8.00000000000125,False,False,2.4033333333333333,0.47560975609753353,2.3984771573604204,27.000000000001023,6420,148.893
2023H2|J_PULLBACK_CONTINUATION|2023-11-20T06:45:00+00:00|-1,90,2023-11-20 08:15:00.021000+00:00,2023-11-20 08:15:00.109000+00:00,True,148.731,148.736,39.79999999999961,41.89999999999827,-8.00000000000125,True,False,2.53,0.07834101382487146,3.736334405144595,49.799999999999045,11340,148.893
2023H2|J_PULLBACK_CONTINUATION|2023-11-20T06:45:00+00:00|-1,120,2023-11-20 08:45:00.021000+00:00,2023-11-20 08:45:00.527000+00:00,True,148.746,148.751,38.299999999998136,43.499999999997385,-8.00000000000125,True,False,2.84,0.8052631578947023,3.36891385767793,51.400000000001,15881,148.893
2023H2|J_PULLBACK_CONTINUATION|2023-11-20T12:30:00+00:00|-1,15,2023-11-20 12:45:00.258000+00:00,2023-11-20 12:45:00.282000+00:00,True,148.268,148.272,10.80000000000041,18.500000000000227,-0.6000000000000227,False,False,1.34,0.6324786324785474,1.2368177613321127,19.10000000000025,1175,148.1
2023H2|J_PULLBACK_CONTINUATION|2023-11-20T12:30:00+00:00|-1,30,2023-11-20 13:00:00.258000+00:00,2023-11-20 13:00:00.516000+00:00,True,148.308,148.31,6.999999999999318,18.500000000000227,-1.300000000000523,False,False,1.3433333333333333,0.21111111111116376,1.2835538752362097,19.39999999999884,2502,148.1
2023H2|J_PULLBACK_CONTINUATION|2023-11-20T12:30:00+00:00|-1,60,2023-11-20 13:30:00.258000+00:00,2023-11-20 13:30:01.026000+00:00,True,148.433,148.437,-5.700000000001637,18.500000000000227,-9.999999999999432,False,False,2.23,0.7460317460316708,1.9840875186473914,28.49999999999966,6142,148.1
2023H2|J_PULLBACK_CONTINUATION|2023-11-20T12:30:00+00:00|-1,90,2023-11-20 14:00:00.258000+00:00,2023-11-20 14:00:00.276000+00:00,True,148.514,148.518,-13.800000000000523,18.500000000000227,-17.799999999999727,False,True,2.5966666666666667,0.0866666666666982,2.482657547630645,36.299999999999955,11043,148.1
2023H2|J_PULLBACK_CONTINUATION|2023-11-20T12:30:00+00:00|-1,120,2023-11-20 14:30:00.258000+00:00,2023-11-20 14:30:01.056000+00:00,True,148.643,148.647,-26.69999999999959,18.500000000000227,-31.499999999999773,False,True,1.9566666666666668,1.0,3.34548944337805,49.799999999999045,15464,148.1
2023H2|J_PULLBACK_CONTINUATION|2023-11-20T18:15:00+00:00|-1,15,2023-11-20 18:30:00.238000+00:00,2023-11-20 18:30:00.413000+00:00,True,148.221,148.225,0.0,6.89999999999884,-1.099999999999568,False,False,1.3933333333333333,0.2344827586206626,0.7296416938111501,8.00000000000125,1262,148.138
2023H2|J_PULLBACK_CONTINUATION|2023-11-20T18:15:00+00:00|-1,30,2023-11-20 18:45:00.238000+00:00,2023-11-20 18:45:08.755000+00:00,True,148.302,148.306,-8.100000000001728,6.89999999999884,-11.7999999999995,False,False,0.87,0.037974683544135246,1.7405913978494179,18.500000000000227,2268,148.138
2023H2|J_PULLBACK_CONTINUATION|2023-11-20T18:15:00+00:00|-1,60,2023-11-20 19:15:00.238000+00:00,2023-11-20 19:15:00.282000+00:00,True,148.364,148.372,-14.700000000001978,6.89999999999884,-16.70000000000016,False,True,1.04,1.0,2.5249424405219143,23.500000000001364,3683,148.138
2023H2|J_PULLBACK_CONTINUATION|2023-11-20T18:15:00+00:00|-1,90,2023-11-20 19:45:00.238000+00:00,2023-11-20 19:45:00.317000+00:00,True,148.358,148.363,-13.800000000000523,6.89999999999884,-16.70000000000016,False,True,0.77,0.8484848484849921,2.5864779874214356,23.500000000001364,5000,148.138
2023H2|J_PULLBACK_CONTINUATION|2023-11-20T18:15:00+00:00|-1,120,2023-11-20 20:15:00.238000+00:00,2023-11-20 20:15:16.928000+00:00,True,148.327,148.334,-10.900000000000887,6.89999999999884,-16.70000000000016,False,False,0.5166666666666667,0.04999999999953819,2.7905004240883002,23.500000000001364,6448,148.138
2023H2|J_PULLBACK_CONTINUATION|2023-11-20T22:45:00+00:00|-1,15,2023-11-20 23:00:03.914000+00:00,2023-11-20 23:00:04.183000+00:00,True,148.303,148.347,-3.4000000000020236,-1.500000000001478,-5.000000000001137,True,True,0.92,0.5398230088493705,1.2072072072068025,6.699999999997885,657,148.286
2023H2|J_PULLBACK_CONTINUATION|2023-11-20T22:45:00+00:00|-1,30,2023-11-20 23:15:03.914000+00:00,2023-11-20 23:15:04.933000+00:00,True,148.27,148.279,3.3999999999991815,8.499999999997954,-5.000000000001137,True,False,0.5733333333333334,0.7272727272724141,2.1263440860214162,11.299999999999955,1190,148.286
2023H2|J_PULLBACK_CONTINUATION|2023-11-20T22:45:00+00:00|-1,60,2023-11-20 23:45:03.914000+00:00,2023-11-20 23:45:07.735000+00:00,True,148.305,148.31,0.2999999999985903,8.499999999997954,-5.000000000001137,True,False,0.23333333333333334,0.0,1.9849435382683647,11.299999999999955,1816,148.286
2023H2|J_PULLBACK_CONTINUATION|2023-11-20T22:45:00+00:00|-1,90,2023-11-21 00:15:03.914000+00:00,2023-11-21 00:15:04.207000+00:00,True,148.386,148.391,-7.800000000000296,8.499999999997954,-10.900000000000887,True,True,1.08,0.6666666666667794,3.0852713178294824,19.900000000001228,3428,148.286
2023H2|J_PULLBACK_CONTINUATION|2023-11-20T22:45:00+00:00|-1,120,2023-11-21 00:45:03.914000+00:00,2023-11-21 00:45:04.016000+00:00,True,148.272,148.277,3.6000000000001364,8.499999999997954,-10.900000000000887,True,False,1.1466666666666667,0.9155555555555398,2.351054852320703,19.900000000001228,5252,148.286
2023H2|J_PULLBACK_CONTINUATION|2023-11-21T06:45:00+00:00|-1,15,2023-11-21 07:00:00.184000+00:00,2023-11-21 07:00:00.220000+00:00,True,147.674,147.681,-1.300000000000523,5.299999999999727,-4.200000000000159,False,True,1.1466666666666667,0.9572953736654797,0.6252302025783238,9.700000000000841,1163,147.321
2023H2|J_PULLBACK_CONTINUATION|2023-11-21T06:45:00+00:00|-1,30,2023-11-21 07:15:00.184000+00:00,2023-11-21 07:15:00.546000+00:00,True,147.421,147.426,24.200000000001864,25.7000000000005,-4.200000000000159,False,False,2.39,0.8465608465607328,1.898305084745877,29.60000000000207,3391,147.321
2023H2|J_PULLBACK_CONTINUATION|2023-11-21T06:45:00+00:00|-1,60,2023-11-21 07:45:00.184000+00:00,2023-11-21 07:45:01.308000+00:00,True,147.428,147.433,23.500000000001364,34.30000000000177,-4.200000000000159,True,False,2.52,0.23243243243246403,2.366024518388889,38.60000000000241,8212,147.321
2023H2|J_PULLBACK_CONTINUATION|2023-11-21T06:45:00+00:00|-1,90,2023-11-21 08:15:00.184000+00:00,2023-11-21 08:15:00.262000+00:00,True,147.534,147.537,13.100000000000023,34.30000000000177,-4.200000000000159,True,False,2.7933333333333334,0.9722222222222003,2.23029302517554,38.60000000000241,12775,147.321
2023H2|J_PULLBACK_CONTINUATION|2023-11-21T06:45:00+00:00|-1,120,2023-11-21 08:45:00.184000+00:00,2023-11-21 08:45:00.188000+00:00,True,147.315,147.32,34.80000000000132,51.200000000000045,-4.200000000000159,True,False,3.4133333333333336,0.2732240437158775,3.1210906174819866,55.60000000000116,18402,147.321
2023H2|J_PULLBACK_CONTINUATION|2023-11-21T12:15:00+00:00|-1,15,2023-11-21 12:30:00.217000+00:00,2023-11-21 12:30:00.570000+00:00,True,147.59,147.594,1.6000000000019554,5.500000000000682,-3.6999999999977717,False,False,1.9733333333333334,0.23529411764705888,0.7210648148147882,8.899999999999864,1483,147.499
2023H2|J_PULLBACK_CONTINUATION|2023-11-21T12:15:00+00:00|-1,30,2023-11-21 12:45:00.217000+00:00,2023-11-21 12:45:00.315000+00:00,True,147.617,147.622,-1.2000000000000455,6.100000000000705,-3.999999999999204,False,True,1.0733333333333333,0.7549019607842673,0.8919425359150716,10.200000000000387,2719,147.499
2023H2|J_PULLBACK_CONTINUATION|2023-11-21T12:15:00+00:00|-1,60,2023-11-21 13:15:00.217000+00:00,2023-11-21 13:15:00.393000+00:00,True,147.51,147.516,9.400000000002251,13.000000000002387,-5.19999999999925,True,False,2.7733333333333334,0.6030927835051985,1.5206611570247321,18.39999999999975,6243,147.499
2023H2|J_PULLBACK_CONTINUATION|2023-11-21T12:15:00+00:00|-1,90,2023-11-21 13:45:00.217000+00:00,2023-11-21 13:45:00.357000+00:00,True,147.724,147.729,-11.899999999999977,25.40000000000191,-13.79999999999768,True,True,4.216666666666667,0.8770491803277619,2.8244353182750657,39.30000000000007,11444,147.499
2023H2|J_PULLBACK_CONTINUATION|2023-11-21T12:15:00+00:00|-1,120,2023-11-21 14:15:00.217000+00:00,2023-11-21 14:15:00.223000+00:00,True,147.595,147.6,1.0000000000019327,25.40000000000191,-13.79999999999768,True,True,2.6333333333333333,0.7539682539683864,2.8331616889803857,39.30000000000007,16595,147.499
2023H2|J_PULLBACK_CONTINUATION|2023-11-27T06:15:00+00:00|-1,15,2023-11-27 06:30:00.063000+00:00,2023-11-27 06:30:00.199000+00:00,True,148.966,148.97,6.000000000000227,6.89999999999884,-3.999999999999204,False,False,1.1833333333333333,0.21649484536096064,1.0325581395347938,11.099999999999,990,148.886
2023H2|J_PULLBACK_CONTINUATION|2023-11-27T06:15:00+00:00|-1,30,2023-11-27 06:45:00.063000+00:00,2023-11-27 06:45:00.167000+00:00,True,149.004,149.01,2.000000000001023,9.800000000001319,-3.999999999999204,False,False,1.1533333333333333,0.1071428571427242,1.2915824915825087,13.700000000000045,2325,148.886
2023H2|J_PULLBACK_CONTINUATION|2023-11-27T06:15:00+00:00|-1,60,2023-11-27 07:15:00.063000+00:00,2023-11-27 07:15:00.171000+00:00,True,148.795,148.8,22.999999999998977,23.099999999999454,-3.999999999999204,True,False,2.36,0.22222222222226118,2.4477419354838217,27.09999999999866,5865,148.886
2023H2|J_PULLBACK_CONTINUATION|2023-11-27T06:15:00+00:00|-1,90,2023-11-27 07:45:00.063000+00:00,2023-11-27 07:45:00.119000+00:00,True,148.945,148.95,8.00000000000125,25.399999999999068,-3.999999999999204,True,False,0.8766666666666667,0.04137931034483433,2.6216216216216854,29.09999999999968,8616,148.886
2023H2|J_PULLBACK_CONTINUATION|2023-11-27T06:15:00+00:00|-1,120,2023-11-27 08:15:00.063000+00:00,2023-11-27 08:15:00.267000+00:00,True,149.024,149.031,-0.10000000000047748,25.399999999999068,-7.900000000000773,True,True,2.276666666666667,0.19999999999975637,2.8856964397253853,33.00000000000125,12646,148.886
2023H2|J_PULLBACK_CONTINUATION|2023-11-27T11:00:00+00:00|-1,15,2023-11-27 11:15:00.827000+00:00,2023-11-27 11:15:01.441000+00:00,True,148.982,148.986,0.30000000000143245,4.300000000000637,-4.900000000000659,True,False,1.2566666666666666,0.21739130434798726,0.9198555956679211,9.100000000000819,1148,148.986
2023H2|J_PULLBACK_CONTINUATION|2023-11-27T11:00:00+00:00|-1,30,2023-11-27 11:30:00.827000+00:00,2023-11-27 11:30:02.146000+00:00,True,149.029,149.033,-4.399999999998272,4.300000000000637,-6.499999999999773,True,False,1.1766666666666667,0.0714285714285714,1.143071161048751,10.900000000000887,2176,148.986
2023H2|J_PULLBACK_CONTINUATION|2023-11-27T11:00:00+00:00|-1,60,2023-11-27 12:00:00.827000+00:00,2023-11-27 12:00:04.860000+00:00,True,149.024,149.028,-3.8999999999987267,4.300000000000637,-9.199999999998454,True,False,0.8366666666666667,0.9436619718309154,1.3837209302324809,13.599999999999568,3840,148.986
2023H2|J_PULLBACK_CONTINUATION|2023-11-27T11:00:00+00:00|-1,90,2023-11-27 12:30:00.827000+00:00,2023-11-27 12:30:01.084000+00:00,True,148.968,148.971,1.8000000000000682,16.900000000001114,-9.199999999998454,True,False,1.5,0.6842105263159601,2.4437041972018156,26.200000000000045,6144,148.986
2023H2|J_PULLBACK_CONTINUATION|2023-11-27T11:00:00+00:00|-1,120,2023-11-27 13:00:00.827000+00:00,2023-11-27 13:00:01.147000+00:00,True,148.825,148.831,15.800000000001546,20.50000000000125,-9.199999999998454,True,False,2.29,0.716738197424887,2.3294249022892055,29.800000000000182,8989,148.986
2023H2|J_PULLBACK_CONTINUATION|2023-11-27T15:30:00+00:00|-1,15,2023-11-27 15:45:00.072000+00:00,2023-11-27 15:45:00.193000+00:00,True,148.895,148.9,-13.2000000000005,2.600000000001046,-15.899999999999181,False,True,1.9933333333333334,0.48672566371687653,1.2770270270270128,18.899999999999295,2432,148.657
2023H2|J_PULLBACK_CONTINUATION|2023-11-27T15:30:00+00:00|-1,30,2023-11-27 16:00:00.072000+00:00,2023-11-27 16:00:00.108000+00:00,True,148.918,148.923,-15.500000000000114,2.600000000001046,-20.90000000000032,False,True,2.6466666666666665,0.8863636363637318,1.6293398533007628,23.799999999999955,4888,148.657
2023H2|J_PULLBACK_CONTINUATION|2023-11-27T15:30:00+00:00|-1,60,2023-11-27 16:30:00.072000+00:00,2023-11-27 16:30:00.904000+00:00,True,148.956,148.96,-19.200000000000728,2.600000000001046,-23.099999999999454,False,True,1.56,0.687074829932007,1.8816813700051238,25.899999999998613,9124,148.657
2023H2|J_PULLBACK_CONTINUATION|2023-11-27T15:30:00+00:00|-1,90,2023-11-27 17:00:00.072000+00:00,2023-11-27 17:00:00.142000+00:00,True,148.888,148.894,-12.600000000000477,2.600000000001046,-31.499999999999773,False,False,1.9433333333333334,0.1641791044775993,2.5562632696390795,34.39999999999941,13162,148.657
2023H2|J_PULLBACK_CONTINUATION|2023-11-27T15:30:00+00:00|-1,120,2023-11-27 17:30:00.072000+00:00,2023-11-27 17:30:00.107000+00:00,True,148.913,148.918,-15.000000000000568,2.600000000001046,-31.499999999999773,False,True,1.1366666666666667,0.7910447761197006,2.7132394366197494,34.39999999999941,15013,148.657
2023H2|J_PULLBACK_CONTINUATION|2023-11-28T04:00:00+00:00|-1,15,2023-11-28 04:15:00.117000+00:00,2023-11-28 04:15:07.182000+00:00,True,148.217,148.226,-1.4999999999986358,3.0000000000001137,-2.4999999999977263,False,False,1.0033333333333334,0.8214285714284022,0.4169884169884289,5.400000000000205,998,147.968
2023H2|J_PULLBACK_CONTINUATION|2023-11-28T04:00:00+00:00|-1,30,2023-11-28 04:30:00.117000+00:00,2023-11-28 04:30:00.195000+00:00,True,148.175,148.18,3.100000000000591,4.800000000000182,-3.8999999999987267,False,False,1.06,0.8292682926827916,0.6979228486647021,8.400000000000318,1770,147.968
2023H2|J_PULLBACK_CONTINUATION|2023-11-28T04:00:00+00:00|-1,60,2023-11-28 05:00:00.117000+00:00,2023-11-28 05:00:00.147000+00:00,True,148.183,148.19,2.1000000000015007,7.800000000000296,-3.8999999999987267,False,False,0.7566666666666667,0.0,1.179265658747193,11.699999999999022,3398,147.968
2023H2|J_PULLBACK_CONTINUATION|2023-11-28T04:00:00+00:00|-1,90,2023-11-28 05:30:00.117000+00:00,2023-11-28 05:30:01.541000+00:00,True,148.264,148.272,-6.099999999997863,7.800000000000296,-8.899999999999864,False,True,0.94,0.4876033057851803,1.7267355982275097,16.70000000000016,5500,147.968
2023H2|J_PULLBACK_CONTINUATION|2023-11-28T04:00:00+00:00|-1,120,2023-11-28 06:00:00.117000+00:00,2023-11-28 06:00:00.190000+00:00,True,148.285,148.29,-7.899999999997931,7.800000000000296,-17.599999999998772,False,True,1.4,0.0657894736841318,3.036286919830941,25.699999999997658,7857,147.968
2023H2|J_PULLBACK_CONTINUATION|2023-11-29T03:00:00+00:00|-1,15,2023-11-29 03:15:00.641000+00:00,2023-11-29 03:15:00.815000+00:00,True,147.109,147.113,-7.900000000000773,3.499999999999659,-9.600000000000364,False,True,1.4233333333333333,0.45192307692299016,0.8484848484847558,13.399999999998613,1367,146.67
2023H2|J_PULLBACK_CONTINUATION|2023-11-29T03:00:00+00:00|-1,30,2023-11-29 03:30:00.641000+00:00,2023-11-29 03:30:00.811000+00:00,True,147.153,147.16,-12.600000000000477,3.499999999999659,-17.600000000001614,False,True,1.8866666666666667,0.14074074074076104,1.3993399339933026,21.19999999999891,2689,146.67
2023H2|J_PULLBACK_CONTINUATION|2023-11-29T03:00:00+00:00|-1,60,2023-11-29 04:00:00.641000+00:00,2023-11-29 04:00:00.747000+00:00,True,147.296,147.302,-26.800000000000068,3.499999999999659,-29.09999999999968,False,True,1.4733333333333334,0.7925925925926409,2.378181818181791,32.69999999999982,5628,146.67
2023H2|J_PULLBACK_CONTINUATION|2023-11-29T03:00:00+00:00|-1,90,2023-11-29 04:30:00.641000+00:00,2023-11-29 04:30:01.032000+00:00,True,147.231,147.236,-20.199999999999818,3.499999999999659,-29.09999999999968,False,True,1.4033333333333333,0.842105263157875,2.5996592844974784,32.69999999999982,8617,146.67
2023H2|J_PULLBACK_CONTINUATION|2023-11-29T03:00:00+00:00|-1,120,2023-11-29 05:00:00.641000+00:00,2023-11-29 05:00:00.790000+00:00,True,147.094,147.099,-6.499999999999773,3.499999999999659,-29.09999999999968,False,False,1.3166666666666667,0.22549019607838494,2.7528562838244275,32.69999999999982,10948,146.67
2023H2|J_PULLBACK_CONTINUATION|2023-11-29T20:00:00+00:00|-1,15,2023-11-29 20:15:00.207000+00:00,2023-11-29 20:15:01.579000+00:00,True,147.287,147.294,-5.299999999999727,0.10000000000047748,-8.29999999999984,False,False,1.15,0.090909090909158,0.8860759493671412,8.500000000000796,1202,147.077
2023H2|J_PULLBACK_CONTINUATION|2023-11-29T20:00:00+00:00|-1,30,2023-11-29 20:30:00.207000+00:00,2023-11-29 20:30:00.339000+00:00,True,147.356,147.362,-12.09999999999809,0.10000000000047748,-12.999999999999545,False,True,0.8833333333333333,1.0,1.4995911692558797,13.100000000000023,2036,147.077
2023H2|J_PULLBACK_CONTINUATION|2023-11-29T20:00:00+00:00|-1,60,2023-11-29 21:00:00.207000+00:00,2023-11-29 21:00:01.081000+00:00,True,147.297,147.301,-5.999999999997385,0.10000000000047748,-12.999999999999545,False,False,1.06,0.0,1.4850202429148975,13.100000000000023,3565,147.077
2023H2|J_PULLBACK_CONTINUATION|2023-11-29T20:00:00+00:00|-1,90,2023-11-29 21:30:00.207000+00:00,2023-11-29 21:30:00.833000+00:00,True,147.2,147.204,3.700000000000614,4.800000000000182,-12.999999999999545,False,False,0.44666666666666666,0.3492063492062776,1.961569255404369,17.500000000001137,4585,147.077
2023H2|J_PULLBACK_CONTINUATION|2023-11-29T20:00:00+00:00|-1,120,2023-11-29 22:00:00.207000+00:00,2023-11-29 22:00:07.797000+00:00,True,147.226,147.258,-1.6999999999995907,4.800000000000182,-12.999999999999545,False,False,1.7133333333333334,0.7906976744186277,2.0264681555004445,17.500000000001137,5904,147.077
2023H2|J_PULLBACK_CONTINUATION|2023-11-30T00:30:00+00:00|-1,15,2023-11-30 00:45:00.719000+00:00,2023-11-30 00:45:00.996000+00:00,True,147.043,147.05,-0.30000000000143245,13.599999999999568,-3.0000000000001137,False,False,2.033333333333333,0.49152542372885444,1.3794721407624826,16.800000000000637,1403,146.84
2023H2|J_PULLBACK_CONTINUATION|2023-11-30T00:30:00+00:00|-1,30,2023-11-30 01:00:00.719000+00:00,2023-11-30 01:00:00.814000+00:00,True,146.98,146.987,6.000000000000227,15.999999999999659,-3.0000000000001137,False,False,3.736666666666667,0.5887850467291309,1.4968553459119998,18.700000000001182,3927,146.84
2023H2|J_PULLBACK_CONTINUATION|2023-11-30T00:30:00+00:00|-1,60,2023-11-30 01:30:00.719000+00:00,2023-11-30 01:30:01.314000+00:00,True,147.133,147.141,-9.399999999999409,15.999999999999659,-12.600000000000477,False,True,1.8933333333333333,0.7941176470588629,2.079207920792188,28.5000000000025,8166,146.84
2023H2|J_PULLBACK_CONTINUATION|2023-11-30T00:30:00+00:00|-1,90,2023-11-30 02:00:00.719000+00:00,2023-11-30 02:00:00.842000+00:00,True,147.034,147.04,0.7000000000005002,15.999999999999659,-12.600000000000477,False,False,1.5833333333333333,0.3916083916082721,2.013118062563187,28.5000000000025,12068,146.84
2023H2|J_PULLBACK_CONTINUATION|2023-11-30T00:30:00+00:00|-1,120,2023-11-30 02:30:00.719000+00:00,2023-11-30 02:30:01.122000+00:00,True,147.088,147.092,-4.500000000001592,15.999999999999659,-13.400000000001455,False,True,1.3833333333333333,0.9145299145299851,2.1115702479338574,29.20000000000016,14764,146.84
2023H2|J_PULLBACK_CONTINUATION|2023-11-30T05:00:00+00:00|-1,15,2023-11-30 05:15:00.034000+00:00,2023-11-30 05:15:03.133000+00:00,True,147.0,147.006,3.700000000000614,8.70000000000175,-1.4999999999986358,True,False,0.97,0.12280701754394274,1.1464566929132112,10.3999999999985,1143,146.993
2023H2|J_PULLBACK_CONTINUATION|2023-11-30T05:00:00+00:00|-1,30,2023-11-30 05:30:00.034000+00:00,2023-11-30 05:30:00.174000+00:00,True,147.07,147.075,-3.1999999999982265,8.70000000000175,-4.4999999999987494,True,True,1.76,0.4,1.580454928390722,13.399999999998613,2555,146.993
2023H2|J_PULLBACK_CONTINUATION|2023-11-30T05:00:00+00:00|-1,60,2023-11-30 06:00:00.034000+00:00,2023-11-30 06:00:00.065000+00:00,True,147.029,147.034,0.9000000000014552,8.70000000000175,-7.699999999999818,True,False,1.6566666666666667,0.16363636363609113,2.078222222222137,16.70000000000016,4853,146.993
2023H2|J_PULLBACK_CONTINUATION|2023-11-30T05:00:00+00:00|-1,90,2023-11-30 06:30:00.034000+00:00,2023-11-30 06:30:00.085000+00:00,True,146.98,146.986,5.700000000001637,8.70000000000175,-7.699999999999818,True,False,1.4166666666666667,0.33858267716523094,1.9434746467165098,16.70000000000016,7126,146.993
2023H2|J_PULLBACK_CONTINUATION|2023-11-30T05:00:00+00:00|-1,120,2023-11-30 07:00:00.034000+00:00,2023-11-30 07:00:00.181000+00:00,True,146.958,146.966,7.699999999999818,17.500000000001137,-7.699999999999818,True,False,1.6066666666666667,0.07317073170738475,2.5800293685756293,25.100000000000477,9917,146.993
2023H2|J_PULLBACK_CONTINUATION|2023-12-04T02:30:00+00:00|-1,15,2023-12-04 02:45:00.164000+00:00,2023-12-04 02:45:01.843000+00:00,True,146.505,146.511,4.300000000000637,7.599999999999341,-2.2999999999996135,False,False,2.1066666666666665,0.09909909909904369,0.6434540389971561,9.899999999998954,1797,146.223
2023H2|J_PULLBACK_CONTINUATION|2023-12-04T02:30:00+00:00|-1,30,2023-12-04 03:00:00.164000+00:00,2023-12-04 03:00:00.178000+00:00,True,146.582,146.591,-3.700000000000614,7.599999999999341,-4.400000000001114,False,False,2.61,0.4821428571427756,0.8299853013229462,12.100000000000932,3921,146.223
2023H2|J_PULLBACK_CONTINUATION|2023-12-04T02:30:00+00:00|-1,60,2023-12-04 03:30:00.164000+00:00,2023-12-04 03:30:00.196000+00:00,True,146.569,146.575,-2.0999999999986585,7.599999999999341,-7.099999999999795,False,False,1.8666666666666667,0.3965517241379142,1.1031200423056704,14.900000000000091,7454,146.223
2023H2|J_PULLBACK_CONTINUATION|2023-12-04T02:30:00+00:00|-1,90,2023-12-04 04:00:00.164000+00:00,2023-12-04 04:00:00.420000+00:00,True,146.732,146.738,-18.39999999999975,7.599999999999341,-18.500000000000227,False,True,0.97,0.3800000000001308,2.1258660508083573,26.300000000000523,9969,146.223
2023H2|J_PULLBACK_CONTINUATION|2023-12-04T02:30:00+00:00|-1,120,2023-12-04 04:30:00.164000+00:00,2023-12-04 04:30:00.519000+00:00,True,146.71,146.716,-16.200000000000614,7.599999999999341,-27.79999999999916,False,True,1.6233333333333333,0.16363636363660794,3.381916329284791,35.80000000000041,12711,146.223
2023H2|J_PULLBACK_CONTINUATION|2023-12-04T09:15:00+00:00|-1,15,2023-12-04 09:30:00.242000+00:00,2023-12-04 09:30:00.735000+00:00,True,146.608,146.611,11.800000000002342,11.899999999999977,-1.8999999999977035,False,False,1.2133333333333334,0.2810457516339918,1.0410654827970098,13.400000000001455,1421,146.602
2023H2|J_PULLBACK_CONTINUATION|2023-12-04T09:15:00+00:00|-1,30,2023-12-04 09:45:00.242000+00:00,2023-12-04 09:45:03.237000+00:00,True,146.68,146.685,4.400000000001114,15.400000000002478,-1.8999999999977035,True,False,2.223333333333333,0.6568627450980857,1.304632152588708,17.10000000000207,3471,146.602
2023H2|J_PULLBACK_CONTINUATION|2023-12-04T09:15:00+00:00|-1,60,2023-12-04 10:15:00.242000+00:00,2023-12-04 10:15:00.975000+00:00,True,146.744,146.75,-2.0999999999986585,15.400000000002478,-3.299999999998704,True,True,2.1066666666666665,0.8353658536586042,1.3353846153846542,18.600000000000705,7206,146.602
2023H2|J_PULLBACK_CONTINUATION|2023-12-04T09:15:00+00:00|-1,90,2023-12-04 10:45:00.242000+00:00,2023-12-04 10:45:00.355000+00:00,True,146.556,146.562,16.70000000000016,26.500000000001478,-4.199999999997317,True,False,1.9666666666666666,0.5113636363635299,2.1832911392404295,30.799999999999272,10940,146.602
2023H2|J_PULLBACK_CONTINUATION|2023-12-04T09:15:00+00:00|-1,120,2023-12-04 11:15:00.242000+00:00,2023-12-04 11:15:00.340000+00:00,True,146.622,146.627,10.200000000000387,26.500000000001478,-4.199999999997317,True,False,2.0366666666666666,0.9696969696970349,2.2706687730384205,30.799999999999272,14656,146.602
2023H2|J_PULLBACK_CONTINUATION|2023-12-04T15:15:00+00:00|-1,15,2023-12-04 15:30:00.038000+00:00,2023-12-04 15:30:00.076000+00:00,True,146.907,146.913,-27.1000000000015,6.60000000000025,-29.800000000000182,False,True,5.136666666666667,0.35563380281687285,1.9243445692884757,36.700000000001864,4248,146.468
2023H2|J_PULLBACK_CONTINUATION|2023-12-04T15:15:00+00:00|-1,30,2023-12-04 15:45:00.038000+00:00,2023-12-04 15:45:00.352000+00:00,True,147.061,147.067,-42.50000000000114,6.60000000000025,-52.600000000001046,False,True,4.17,0.3235294117645665,3.1298456906286343,59.40000000000225,8523,146.468
2023H2|J_PULLBACK_CONTINUATION|2023-12-04T15:15:00+00:00|-1,60,2023-12-04 16:15:00.038000+00:00,2023-12-04 16:15:00.087000+00:00,True,147.008,147.014,-37.20000000000141,6.60000000000025,-54.30000000000064,False,True,3.89,0.1875000000000111,3.0752610731005197,61.000000000001364,15523,146.468
2023H2|J_PULLBACK_CONTINUATION|2023-12-04T15:15:00+00:00|-1,90,2023-12-04 16:45:00.038000+00:00,2023-12-04 16:45:00.163000+00:00,True,147.185,147.191,-54.90000000000066,6.60000000000025,-58.60000000000127,False,True,3.0566666666666666,0.8016528925619912,3.291157440690196,65.40000000000248,20943,146.468
2023H2|J_PULLBACK_CONTINUATION|2023-12-04T15:15:00+00:00|-1,120,2023-12-04 17:15:00.038000+00:00,2023-12-04 17:15:00.139000+00:00,True,147.098,147.102,-46.000000000000796,6.60000000000025,-60.90000000000089,False,True,1.48,0.05960264900671475,3.544436146377919,67.80000000000257,24874,146.468
2023H2|J_PULLBACK_CONTINUATION|2023-12-07T03:30:00+00:00|-1,15,2023-12-07 03:45:00.111000+00:00,2023-12-07 03:45:00.703000+00:00,True,146.787,146.791,11.50000000000091,11.299999999999955,-0.49999999999954525,False,False,1.6433333333333333,0.011627906976797941,0.9666471620830629,11.7999999999995,1358,146.688
2023H2|J_PULLBACK_CONTINUATION|2023-12-07T03:30:00+00:00|-1,30,2023-12-07 04:00:00.111000+00:00,2023-12-07 04:00:00.194000+00:00,True,146.861,146.868,3.8000000000010914,12.800000000001432,-0.49999999999954525,False,False,1.0266666666666666,0.7800000000000114,1.1529411764706867,13.300000000000978,2718,146.688
2023H2|J_PULLBACK_CONTINUATION|2023-12-07T03:30:00+00:00|-1,60,2023-12-07 04:30:00.111000+00:00,2023-12-07 04:30:00.227000+00:00,True,146.829,146.834,7.200000000000273,12.800000000001432,-0.49999999999954525,False,False,1.1066666666666667,0.70093457943923,1.1890166028097702,13.300000000000978,5070,146.688
2023H2|J_PULLBACK_CONTINUATION|2023-12-07T03:30:00+00:00|-1,90,2023-12-07 05:00:00.111000+00:00,2023-12-07 05:00:00.170000+00:00,True,146.729,146.735,17.099999999999227,18.999999999999773,-0.49999999999954525,False,False,1.46,0.17213114754089387,1.8187874750166206,19.499999999999318,7676,146.688
2023H2|J_PULLBACK_CONTINUATION|2023-12-07T03:30:00+00:00|-1,120,2023-12-07 05:30:00.111000+00:00,2023-12-07 05:30:02.162000+00:00,True,146.763,146.768,13.800000000000523,26.300000000000523,-0.49999999999954525,True,False,1.2233333333333334,0.9949238578679961,2.485372340425556,26.69999999999959,10786,146.688
2023H2|J_PULLBACK_CONTINUATION|2023-12-07T12:30:00+00:00|-1,15,2023-12-07 12:45:00.004000+00:00,2023-12-07 12:45:01.395000+00:00,True,145.102,145.109,11.400000000000432,21.60000000000082,-1.099999999999568,False,False,2.6,0.635761589403885,0.9549330085261372,22.399999999998954,2895,144.724
2023H2|J_PULLBACK_CONTINUATION|2023-12-07T12:30:00+00:00|-1,30,2023-12-07 13:00:00.004000+00:00,2023-12-07 13:00:00.395000+00:00,True,145.036,145.041,18.200000000001637,23.500000000001364,-1.099999999999568,False,False,3.45,0.019867549668967643,1.0667920978362833,24.2999999999995,5793,144.724
2023H2|J_PULLBACK_CONTINUATION|2023-12-07T12:30:00+00:00|-1,60,2023-12-07 13:30:00.004000+00:00,2023-12-07 13:30:00.013000+00:00,True,144.979,144.992,23.100000000002296,26.10000000000241,-1.099999999999568,False,False,3.046666666666667,0.852008456659638,1.2096569250317184,27.199999999999136,12335,144.724
2023H2|J_PULLBACK_CONTINUATION|2023-12-07T12:30:00+00:00|-1,90,2023-12-07 14:00:00.004000+00:00,2023-12-07 14:00:00.032000+00:00,True,144.836,144.843,38.00000000000239,49.70000000000141,-4.2999999999977945,True,False,6.16,0.15044247787607057,2.519063545150521,53.80000000000109,23490,144.724
2023H2|J_PULLBACK_CONTINUATION|2023-12-07T12:30:00+00:00|-1,120,2023-12-07 14:30:00.004000+00:00,2023-12-07 14:30:00.056000+00:00,True,144.768,144.772,45.10000000000218,49.70000000000141,-4.2999999999977945,True,False,4.11,0.5255813953488268,2.5241286863271215,53.80000000000109,31301,144.724
2023H2|J_PULLBACK_CONTINUATION|2023-12-07T23:15:00+00:00|-1,15,2023-12-07 23:30:00.099000+00:00,2023-12-07 23:30:00.261000+00:00,True,144.012,144.027,-7.499999999998863,0.9999999999990905,-20.400000000000773,False,True,2.3833333333333333,0.1796874999999697,1.2548015364917307,21.000000000000796,2317,143.802
2023H2|J_PULLBACK_CONTINUATION|2023-12-07T23:15:00+00:00|-1,30,2023-12-07 23:45:00.099000+00:00,2023-12-07 23:45:00.184000+00:00,True,144.149,144.156,-20.400000000000773,0.9999999999990905,-24.70000000000141,False,True,2.55,0.27739726027393297,1.405490196078442,25.600000000000023,4646,143.802
2023H2|J_PULLBACK_CONTINUATION|2023-12-07T23:15:00+00:00|-1,60,2023-12-08 00:15:00.099000+00:00,2023-12-08 00:15:01.127000+00:00,True,143.921,143.93,2.199999999999136,10.3999999999985,-37.60000000000048,False,False,4.013333333333334,0.5560538116591858,1.974201114042796,48.099999999999454,10341,143.802
2023H2|J_PULLBACK_CONTINUATION|2023-12-07T23:15:00+00:00|-1,90,2023-12-08 00:45:00.099000+00:00,2023-12-08 00:45:00.146000+00:00,True,143.515,143.523,42.900000000000205,67.59999999999877,-37.60000000000048,True,False,5.343333333333334,0.6003649635036099,3.7119879366674153,105.49999999999784,19767,143.802
2023H2|J_PULLBACK_CONTINUATION|2023-12-07T23:15:00+00:00|-1,120,2023-12-08 01:15:00.099000+00:00,2023-12-08 01:15:00.235000+00:00,True,142.961,142.971,98.09999999999945,144.99999999999886,-37.60000000000048,True,False,6.196666666666666,0.30255681818180613,4.936713760402457,182.19999999999743,31573,143.802
2023H2|J_PULLBACK_CONTINUATION|2023-12-08T08:45:00+00:00|-1,15,2023-12-08 09:00:00.087000+00:00,2023-12-08 09:00:00.102000+00:00,True,143.984,143.991,-5.700000000001637,20.699999999999363,-6.89999999999884,True,False,5.496666666666667,0.14411764705884145,1.0518036343911503,27.700000000001523,4312,143.897
2023H2|J_PULLBACK_CONTINUATION|2023-12-08T08:45:00+00:00|-1,30,2023-12-08 09:15:00.087000+00:00,2023-12-08 09:15:00.179000+00:00,True,144.255,144.261,-32.69999999999982,20.699999999999363,-37.10000000000093,True,True,4.48,0.6249999999999596,2.2574367528496406,58.00000000000125,8881,143.897
2023H2|J_PULLBACK_CONTINUATION|2023-12-08T08:45:00+00:00|-1,60,2023-12-08 09:45:00.087000+00:00,2023-12-08 09:45:00.177000+00:00,True,144.24,144.246,-31.200000000001182,20.699999999999363,-48.19999999999993,True,True,3.2733333333333334,0.2739726027396967,2.7742306586137158,68.8999999999993,15651,143.897
2023H2|J_PULLBACK_CONTINUATION|2023-12-08T08:45:00+00:00|-1,90,2023-12-08 10:15:00.087000+00:00,2023-12-08 10:15:00.428000+00:00,True,144.189,144.197,-26.300000000000523,20.699999999999363,-48.19999999999993,True,True,3.066666666666667,0.24528301886803583,3.020037570444537,68.8999999999993,21165,143.897
2023H2|J_PULLBACK_CONTINUATION|2023-12-08T08:45:00+00:00|-1,120,2023-12-08 10:45:00.087000+00:00,2023-12-08 10:45:00.416000+00:00,True,144.307,144.313,-37.89999999999907,20.699999999999363,-48.19999999999993,True,True,2.6733333333333333,0.19354838709677424,3.190869996691969,68.8999999999993,26225,143.897
2023H2|J_PULLBACK_CONTINUATION|2023-12-12T08:30:00+00:00|-1,15,2023-12-12 08:45:00.132000+00:00,2023-12-12 08:45:01.085000+00:00,True,145.523,145.527,-2.400000000000091,0.09999999999763531,-13.000000000002387,False,True,2.7733333333333334,0.013157894736719133,0.961998958875626,13.2000000000005,2668,145.221
2023H2|J_PULLBACK_CONTINUATION|2023-12-12T08:30:00+00:00|-1,30,2023-12-12 09:00:00.132000+00:00,2023-12-12 09:00:00.155000+00:00,True,145.564,145.57,-6.700000000000728,8.399999999997476,-13.000000000002387,False,True,3.183333333333333,0.7761194029853026,1.6010638297872635,21.50000000000034,5109,145.221
2023H2|J_PULLBACK_CONTINUATION|2023-12-12T08:30:00+00:00|-1,60,2023-12-12 09:30:00.132000+00:00,2023-12-12 09:30:00.208000+00:00,True,145.489,145.492,1.099999999999568,8.399999999997476,-13.000000000002387,False,False,2.506666666666667,0.5885714285714396,1.5959703075291913,21.50000000000034,9749,145.221
2023H2|J_PULLBACK_CONTINUATION|2023-12-12T08:30:00+00:00|-1,90,2023-12-12 10:00:00.132000+00:00,2023-12-12 10:00:00.212000+00:00,True,145.409,145.415,8.799999999999386,17.599999999998772,-13.000000000002387,False,False,1.4833333333333334,0.06410256410250337,2.3081896551725083,30.60000000000116,13581,145.221
2023H2|J_PULLBACK_CONTINUATION|2023-12-12T08:30:00+00:00|-1,120,2023-12-12 10:30:00.132000+00:00,2023-12-12 10:30:04.679000+00:00,True,145.37,145.373,12.999999999999545,17.69999999999925,-13.000000000002387,False,False,1.9466666666666668,0.5999999999997994,2.4208170117515495,30.89999999999975,17054,145.221
2023H2|J_PULLBACK_CONTINUATION|2023-12-12T13:15:00+00:00|-1,15,2023-12-12 13:30:00.080000+00:00,2023-12-12 13:30:00.533000+00:00,True,145.121,145.144,-10.80000000000041,2.400000000000091,-12.5,True,False,3.2933333333333334,0.05142857142855717,0.823204419889492,14.900000000000091,2665,145.034
2023H2|J_PULLBACK_CONTINUATION|2023-12-12T13:15:00+00:00|-1,30,2023-12-12 13:45:00.080000+00:00,2023-12-12 13:45:00.144000+00:00,True,145.562,145.569,-53.299999999998704,29.300000000000637,-59.39999999999941,True,True,7.736666666666666,0.3516949152543235,4.656024325351426,87.5,10944,145.034
2023H2|J_PULLBACK_CONTINUATION|2023-12-12T13:15:00+00:00|-1,60,2023-12-12 14:15:00.080000+00:00,2023-12-12 14:15:00.082000+00:00,True,145.346,145.353,-31.700000000000728,29.300000000000637,-70.40000000000077,True,True,5.24,0.17878787878787983,4.436964115592254,99.80000000000189,22235,145.034
2023H2|J_PULLBACK_CONTINUATION|2023-12-12T13:15:00+00:00|-1,90,2023-12-12 14:45:00.080000+00:00,2023-12-12 14:45:00.193000+00:00,True,145.797,145.801,-76.49999999999864,29.300000000000637,-79.49999999999875,True,True,4.43,0.7209302325581395,4.559594755661467,109.30000000000177,30314,145.034
2023H2|J_PULLBACK_CONTINUATION|2023-12-12T13:15:00+00:00|-1,120,2023-12-12 15:15:00.080000+00:00,2023-12-12 15:15:00.213000+00:00,True,145.671,145.674,-63.80000000000052,29.300000000000637,-82.0999999999998,True,True,2.96,0.6862745098038925,4.636309875813101,112.00000000000045,36997,145.034
2023H2|J_PULLBACK_CONTINUATION|2023-12-13T18:30:00+00:00|-1,15,2023-12-13 18:45:00.432000+00:00,2023-12-13 18:45:00.478000+00:00,True,145.171,145.175,2.899999999999636,3.0000000000001137,-6.699999999997885,False,False,1.33,0.9207920792078232,0.8817480719793068,9.799999999998477,1278,145.028
2023H2|J_PULLBACK_CONTINUATION|2023-12-13T18:30:00+00:00|-1,30,2023-12-13 19:00:00.432000+00:00,2023-12-13 19:00:00.809000+00:00,True,145.078,145.128,7.600000000002183,12.000000000000455,-6.699999999997885,False,True,3.18,0.9251290877796999,1.0508339952342733,18.899999999999295,3362,145.028
2023H2|J_PULLBACK_CONTINUATION|2023-12-13T18:30:00+00:00|-1,60,2023-12-13 19:30:00.432000+00:00,2023-12-13 19:30:00.472000+00:00,True,143.771,143.781,142.30000000000018,150.49999999999955,-6.699999999997885,True,False,7.21,0.9572400388727086,5.98426905343093,157.59999999999934,18224,145.028
2023H2|J_PULLBACK_CONTINUATION|2023-12-13T18:30:00+00:00|-1,90,2023-12-13 20:00:00.432000+00:00,2023-12-13 20:00:00.466000+00:00,True,143.137,143.143,206.1000000000007,231.90000000000168,-6.699999999997885,True,False,7.866666666666666,0.47491638795984203,7.336553238199724,238.70000000000005,34450,145.028
2023H2|J_PULLBACK_CONTINUATION|2023-12-13T18:30:00+00:00|-1,120,2023-12-13 20:30:00.432000+00:00,2023-12-13 20:30:00.638000+00:00,True,143.187,143.195,200.90000000000146,256.7000000000007,-6.699999999997885,True,False,5.69,0.4824281150159353,7.424370594159137,263.300000000001,47817,145.028
2023H2|J_PULLBACK_CONTINUATION|2023-12-14T06:45:00+00:00|-1,15,2023-12-14 07:00:00.104000+00:00,2023-12-14 07:00:00.189000+00:00,True,141.562,141.568,17.799999999999727,17.600000000001614,-6.999999999999318,False,False,3.283333333333333,0.004950495049528603,0.9034666666666369,24.199999999999022,3207,141.35
2023H2|J_PULLBACK_CONTINUATION|2023-12-14T06:45:00+00:00|-1,30,2023-12-14 07:15:00.104000+00:00,2023-12-14 07:15:00.151000+00:00,True,141.825,141.836,-9.000000000000341,31.400000000002137,-8.799999999999386,False,True,5.043333333333333,0.3568464730290779,1.597288901440271,40.399999999999636,7827,141.35
2023H2|J_PULLBACK_CONTINUATION|2023-12-14T06:45:00+00:00|-1,60,2023-12-14 07:45:00.104000+00:00,2023-12-14 07:45:00.184000+00:00,True,141.94,141.946,-19.999999999998863,31.400000000002137,-35.3999999999985,False,True,4.773333333333333,0.6036363636364019,2.629921259842557,66.80000000000064,16274,141.35
2023H2|J_PULLBACK_CONTINUATION|2023-12-14T06:45:00+00:00|-1,90,2023-12-14 08:15:00.104000+00:00,2023-12-14 08:15:00.143000+00:00,True,141.739,141.746,0.0,31.400000000002137,-43.69999999999834,False,False,5.623333333333333,0.7189189189189198,2.9050772626931334,75.19999999999811,25770,141.35
2023H2|J_PULLBACK_CONTINUATION|2023-12-14T06:45:00+00:00|-1,120,2023-12-14 08:45:00.104000+00:00,2023-12-14 08:45:00.282000+00:00,True,141.824,141.828,-8.199999999999363,31.400000000002137,-43.69999999999834,False,True,4.713333333333333,0.1535269709543735,2.763254593175802,75.19999999999811,34787,141.35
2023H2|J_PULLBACK_CONTINUATION|2023-12-14T14:45:00+00:00|-1,15,2023-12-14 15:00:00.100000+00:00,2023-12-14 15:00:00.231000+00:00,True,141.687,141.692,4.300000000000637,12.000000000000455,-6.999999999999318,True,False,3.93,0.40484429065742344,0.664310954063569,18.799999999998818,4164,141.625
2023H2|J_PULLBACK_CONTINUATION|2023-12-14T14:45:00+00:00|-1,30,2023-12-14 15:15:00.100000+00:00,2023-12-14 15:15:00.146000+00:00,True,141.674,141.679,5.60000000000116,22.800000000000864,-6.999999999999318,True,False,4.803333333333334,0.16260162601622163,1.04106159238858,29.699999999999704,8654,141.625
2023H2|J_PULLBACK_CONTINUATION|2023-12-14T14:45:00+00:00|-1,60,2023-12-14 15:45:00.100000+00:00,2023-12-14 15:45:00.253000+00:00,True,142.098,142.101,-36.599999999998545,22.800000000000864,-42.499999999998295,True,True,4.993333333333333,0.9637188208616984,2.1179487179487246,64.90000000000009,17590,141.625
2023H2|J_PULLBACK_CONTINUATION|2023-12-14T14:45:00+00:00|-1,90,2023-12-14 16:15:00.100000+00:00,2023-12-14 16:15:00.199000+00:00,True,141.601,141.608,12.700000000000955,22.800000000000864,-42.499999999998295,True,False,4.433333333333334,0.385542168674769,2.1464682258445555,64.90000000000009,26115,141.625
2023H2|J_PULLBACK_CONTINUATION|2023-12-14T14:45:00+00:00|-1,120,2023-12-14 16:45:00.100000+00:00,2023-12-14 16:45:00.138000+00:00,True,141.501,141.503,23.200000000002774,29.400000000001114,-42.499999999998295,True,False,4.0633333333333335,0.1942857142856549,2.4685573366214455,71.50000000000034,34525,141.625
2023H2|J_PULLBACK_CONTINUATION|2023-12-15T07:15:00+00:00|-1,15,2023-12-15 07:30:00.122000+00:00,2023-12-15 07:30:00.228000+00:00,True,141.979,141.987,-7.599999999999341,-0.6000000000000227,-14.900000000000091,False,True,3.3733333333333335,0.6818181818181451,0.9389846297158847,14.400000000000546,2934,141.564
2023H2|J_PULLBACK_CONTINUATION|2023-12-15T07:15:00+00:00|-1,30,2023-12-15 07:45:00.122000+00:00,2023-12-15 07:45:00.169000+00:00,True,141.86,141.868,4.300000000000637,10.099999999999909,-14.900000000000091,False,False,4.28,0.195804195804136,1.615632183908026,25.100000000000477,6500,141.564
2023H2|J_PULLBACK_CONTINUATION|2023-12-15T07:15:00+00:00|-1,60,2023-12-15 08:15:00.122000+00:00,2023-12-15 08:15:00.191000+00:00,True,141.871,141.877,3.3999999999991815,10.099999999999909,-15.500000000000114,False,False,4.1,0.12796208530812136,1.6057347670250506,25.600000000000023,13309,141.564
2023H2|J_PULLBACK_CONTINUATION|2023-12-15T07:15:00+00:00|-1,90,2023-12-15 08:45:00.122000+00:00,2023-12-15 08:45:00.213000+00:00,True,141.778,141.786,12.5,22.700000000000387,-15.500000000000114,False,False,3.6866666666666665,0.5396825396826148,2.3302911777488196,38.30000000000098,21310,141.564
2023H2|J_PULLBACK_CONTINUATION|2023-12-15T07:15:00+00:00|-1,120,2023-12-15 09:15:00.122000+00:00,2023-12-15 09:15:00.163000+00:00,True,141.701,141.706,20.50000000000125,26.599999999999113,-15.500000000000114,False,False,4.236666666666666,0.7073170731706979,2.646264626462558,41.99999999999875,28337,141.564
2023H2|J_PULLBACK_CONTINUATION|2023-12-15T12:15:00+00:00|-1,15,2023-12-15 12:30:00.077000+00:00,2023-12-15 12:30:00.149000+00:00,True,141.513,141.52,8.199999999999363,11.7999999999995,-6.399999999999295,False,False,3.4266666666666667,0.6666666666665453,1.2802768166090148,18.500000000000227,2855,141.469
2023H2|J_PULLBACK_CONTINUATION|2023-12-15T12:15:00+00:00|-1,30,2023-12-15 12:45:00.077000+00:00,2023-12-15 12:45:00.174000+00:00,True,141.524,141.53,7.200000000000273,11.7999999999995,-6.399999999999295,False,False,2.71,0.20792079207921765,1.2321598477640472,18.500000000000227,5151,141.469
2023H2|J_PULLBACK_CONTINUATION|2023-12-15T12:15:00+00:00|-1,60,2023-12-15 13:15:00.077000+00:00,2023-12-15 13:15:00.177000+00:00,True,141.664,141.67,-6.799999999998363,11.7999999999995,-16.499999999999204,False,False,2.953333333333333,0.027972027972161362,1.9584775086504334,28.299999999998704,10297,141.469
2023H2|J_PULLBACK_CONTINUATION|2023-12-15T12:15:00+00:00|-1,90,2023-12-15 13:45:00.077000+00:00,2023-12-15 13:45:00.208000+00:00,True,142.317,142.326,-72.39999999999895,11.7999999999995,-85.30000000000086,False,True,7.98,0.3524590163934951,4.733217391304389,97.20000000000084,20740,141.469
2023H2|J_PULLBACK_CONTINUATION|2023-12-15T12:15:00+00:00|-1,120,2023-12-15 14:15:00.077000+00:00,2023-12-15 14:15:00.770000+00:00,True,142.024,142.036,-43.39999999999975,11.7999999999995,-85.30000000000086,False,True,5.376666666666667,0.6047197640117549,4.223463687150864,97.20000000000084,31015,141.469
2023H2|J_PULLBACK_CONTINUATION|2023-12-20T13:45:00+00:00|-1,15,2023-12-20 14:00:00.023000+00:00,2023-12-20 14:00:00.071000+00:00,True,143.345,143.351,5.19999999999925,8.199999999999363,-1.6999999999995907,True,False,3.013333333333333,0.8947368421052544,0.8541793776692568,9.999999999999432,2484,143.316
2023H2|J_PULLBACK_CONTINUATION|2023-12-20T13:45:00+00:00|-1,30,2023-12-20 14:15:00.023000+00:00,2023-12-20 14:15:00.243000+00:00,True,143.32,143.328,7.499999999998863,9.099999999997976,-7.900000000000773,True,False,2.1633333333333336,0.5298507462686963,1.479604449938133,17.099999999999227,4989,143.316
2023H2|J_PULLBACK_CONTINUATION|2023-12-20T13:45:00+00:00|-1,60,2023-12-20 14:45:00.023000+00:00,2023-12-20 14:45:00.739000+00:00,True,143.413,143.417,-1.4000000000010004,9.099999999997976,-7.900000000000773,True,False,3.0233333333333334,1.0,1.5094577553593143,17.099999999999227,10096,143.316
2023H2|J_PULLBACK_CONTINUATION|2023-12-20T13:45:00+00:00|-1,90,2023-12-20 15:15:00.023000+00:00,2023-12-20 15:15:00.065000+00:00,True,143.498,143.505,-10.200000000000387,9.099999999997976,-14.400000000000546,True,True,3.9166666666666665,0.25698324022341756,1.8173817381736999,23.599999999999,16519,143.316
2023H2|J_PULLBACK_CONTINUATION|2023-12-20T13:45:00+00:00|-1,120,2023-12-20 15:45:00.023000+00:00,2023-12-20 15:45:00.322000+00:00,True,143.581,143.586,-18.300000000002115,9.099999999997976,-25.900000000001455,True,True,3.243333333333333,0.248120300751817,2.7825594563986034,35.09999999999991,22803,143.316
2023H2|J_PULLBACK_CONTINUATION|2023-12-21T06:00:00+00:00|-1,15,2023-12-21 06:15:00.060000+00:00,2023-12-21 06:15:00.188000+00:00,True,142.963,142.976,-2.0999999999986585,-0.899999999998613,-9.799999999998477,False,False,2.02,0.044117647058893206,0.8413234301147614,8.899999999999864,1729,142.811
2023H2|J_PULLBACK_CONTINUATION|2023-12-21T06:00:00+00:00|-1,30,2023-12-21 06:30:00.060000+00:00,2023-12-21 06:30:00.335000+00:00,True,143.11,143.12,-16.499999999999204,2.9000000000024784,-17.199999999999704,False,True,2.12,0.31999999999984086,1.965588437715143,20.400000000000773,3513,142.811
2023H2|J_PULLBACK_CONTINUATION|2023-12-21T06:00:00+00:00|-1,60,2023-12-21 07:00:00.060000+00:00,2023-12-21 07:00:00.153000+00:00,True,143.095,143.102,-14.699999999999136,2.9000000000024784,-22.199999999998,False,True,1.6066666666666667,0.258823529411806,2.2879377431907035,25.200000000000955,6531,142.811
2023H2|J_PULLBACK_CONTINUATION|2023-12-21T06:00:00+00:00|-1,90,2023-12-21 07:30:00.060000+00:00,2023-12-21 07:30:01.252000+00:00,True,143.186,143.194,-23.89999999999759,2.9000000000024784,-31.999999999999318,False,True,2.816666666666667,0.09677419354839445,3.1279439847231023,35.09999999999991,11486,142.811
2023H2|J_PULLBACK_CONTINUATION|2023-12-21T06:00:00+00:00|-1,120,2023-12-21 08:00:00.060000+00:00,2023-12-21 08:00:00.121000+00:00,True,143.257,143.263,-30.799999999999272,2.9000000000024784,-33.59999999999843,False,True,2.9433333333333334,0.5939849624060295,3.2254047322539834,37.000000000000455,16315,142.811
2023H2|J_PULLBACK_CONTINUATION|2023-12-21T10:45:00+00:00|-1,15,2023-12-21 11:00:00.303000+00:00,2023-12-21 11:00:00.363000+00:00,True,143.021,143.026,-1.1000000000024102,0.0,-4.000000000002046,False,False,1.5433333333333332,0.945054945055,0.3343808925205217,3.8000000000010914,1661,142.956
2023H2|J_PULLBACK_CONTINUATION|2023-12-21T10:45:00+00:00|-1,30,2023-12-21 11:15:00.303000+00:00,2023-12-21 11:15:00.327000+00:00,True,142.956,142.962,5.299999999999727,6.099999999997863,-4.000000000002046,True,False,1.8133333333333332,0.39823008849546615,0.8771712158808882,10.099999999999909,3313,142.956
2023H2|J_PULLBACK_CONTINUATION|2023-12-21T10:45:00+00:00|-1,60,2023-12-21 11:45:00.303000+00:00,2023-12-21 11:45:00.312000+00:00,True,142.754,142.762,25.29999999999859,30.599999999998317,-4.000000000002046,True,False,2.18,0.43537414965984156,2.7319004524887216,34.499999999999886,6838,142.956
2023H2|J_PULLBACK_CONTINUATION|2023-12-21T10:45:00+00:00|-1,90,2023-12-21 12:15:00.303000+00:00,2023-12-21 12:15:06.727000+00:00,True,142.71,142.714,30.099999999998772,36.49999999999807,-4.000000000002046,True,False,1.4133333333333333,0.1566265060241624,3.2518731988471687,40.29999999999916,9750,142.956
2023H2|J_PULLBACK_CONTINUATION|2023-12-21T10:45:00+00:00|-1,120,2023-12-21 12:45:00.303000+00:00,2023-12-21 12:45:00.903000+00:00,True,142.703,142.71,30.49999999999784,36.99999999999761,-4.000000000002046,True,False,1.2866666666666666,0.14843750000002598,3.6237373737373364,40.99999999999966,12684,142.956
2023H2|J_PULLBACK_CONTINUATION|2023-12-21T18:00:00+00:00|-1,15,2023-12-21 18:15:00.216000+00:00,2023-12-21 18:15:01.466000+00:00,True,142.358,142.367,-9.899999999998954,3.499999999999659,-10.999999999998522,False,True,2.2,0.4678899082569907,0.9393799167052577,14.500000000001023,2118,142.042
2023H2|J_PULLBACK_CONTINUATION|2023-12-21T18:00:00+00:00|-1,30,2023-12-21 18:30:00.216000+00:00,2023-12-21 18:30:00.226000+00:00,True,142.375,142.376,-10.80000000000041,3.499999999999659,-17.099999999999227,False,True,2.1466666666666665,0.2873563218388552,1.5139107611549139,20.600000000001728,4471,142.042
2023H2|J_PULLBACK_CONTINUATION|2023-12-21T18:00:00+00:00|-1,60,2023-12-21 19:00:00.216000+00:00,2023-12-21 19:00:00.286000+00:00,True,142.355,142.364,-9.600000000000364,3.499999999999659,-17.500000000001137,False,True,1.6633333333333333,0.9722222222224853,1.704974271011907,21.299999999999386,7755,142.042
2023H2|J_PULLBACK_CONTINUATION|2023-12-21T18:00:00+00:00|-1,90,2023-12-21 19:30:00.216000+00:00,2023-12-21 19:30:00.227000+00:00,True,142.251,142.258,0.9999999999990905,3.499999999999659,-17.500000000001137,False,False,1.5033333333333334,0.9285714285716564,1.867251095804537,21.299999999999386,10598,142.042
2023H2|J_PULLBACK_CONTINUATION|2023-12-21T18:00:00+00:00|-1,120,2023-12-21 20:00:00.216000+00:00,2023-12-21 20:00:00.271000+00:00,True,142.234,142.24,2.7999999999991587,7.30000000000075,-17.500000000001137,False,False,1.8366666666666667,0.27692307692309714,2.415120274913794,25.099999999997635,13354,142.042
2023H2|J_PULLBACK_CONTINUATION|2023-12-21T22:30:00+00:00|-1,15,2023-12-21 22:45:00.077000+00:00,2023-12-21 22:45:01.107000+00:00,True,142.177,142.195,-4.200000000000159,-3.700000000000614,-12.000000000000455,False,False,0.57,0.374999999999889,0.8379373848986716,6.499999999999773,325,142.06
2023H2|J_PULLBACK_CONTINUATION|2023-12-21T22:30:00+00:00|-1,30,2023-12-21 23:00:00.077000+00:00,2023-12-21 23:00:00.087000+00:00,True,142.182,142.229,-7.600000000002183,-3.4000000000020236,-12.000000000000455,False,True,0.8666666666666667,0.6263157894736905,0.7724957555177829,6.499999999999773,1180,142.06
2023H2|J_PULLBACK_CONTINUATION|2023-12-21T22:30:00+00:00|-1,60,2023-12-21 23:30:00.077000+00:00,2023-12-21 23:30:00.174000+00:00,True,142.145,142.156,-0.30000000000143245,13.2000000000005,-12.000000000000455,True,False,0.86,0.9324324324325051,2.3507030603804524,20.300000000000296,3466,142.06
2023H2|J_PULLBACK_CONTINUATION|2023-12-21T22:30:00+00:00|-1,90,2023-12-22 00:00:00.077000+00:00,2023-12-22 00:00:00.112000+00:00,True,142.069,142.075,7.800000000000296,13.2000000000005,-12.000000000000455,True,False,0.0033333333333333335,0.21285140562248306,1.9452429842573316,20.300000000000296,5748,142.06
2023H2|J_PULLBACK_CONTINUATION|2023-12-21T22:30:00+00:00|-1,120,2023-12-22 00:30:00.077000+00:00,2023-12-22 00:30:00.216000+00:00,True,142.061,142.067,8.599999999998431,23.999999999998067,-12.000000000000455,True,False,1.7366666666666666,0.17258883248740997,2.548463356973881,30.799999999999272,10013,142.06
2023H2|J_PULLBACK_CONTINUATION|2023-12-22T05:00:00+00:00|-1,15,2023-12-22 05:15:00.161000+00:00,2023-12-22 05:15:00.265000+00:00,True,142.472,142.478,-9.800000000001319,0.2999999999985903,-12.100000000000932,False,True,1.9433333333333334,0.5571428571427295,1.2699784017279268,12.600000000000477,2158,142.34
2023H2|J_PULLBACK_CONTINUATION|2023-12-22T05:00:00+00:00|-1,30,2023-12-22 05:30:00.161000+00:00,2023-12-22 05:30:01.815000+00:00,True,142.503,142.51,-12.999999999999545,0.2999999999985903,-17.00000000000159,False,True,2.4,0.9868421052630939,1.748721694667598,17.099999999999227,4129,142.34
2023H2|J_PULLBACK_CONTINUATION|2023-12-22T05:00:00+00:00|-1,60,2023-12-22 06:00:00.161000+00:00,2023-12-22 06:00:00.187000+00:00,True,142.401,142.409,-2.899999999999636,0.2999999999985903,-17.00000000000159,False,True,1.95,0.5629629629628335,1.813636363636291,17.099999999999227,7338,142.34
2023H2|J_PULLBACK_CONTINUATION|2023-12-22T05:00:00+00:00|-1,90,2023-12-22 06:30:00.161000+00:00,2023-12-22 06:30:00.371000+00:00,True,142.266,142.275,10.499999999998977,10.80000000000041,-17.00000000000159,True,False,2.2666666666666666,0.2371134020620883,2.8990963855422223,27.50000000000057,10961,142.34
2023H2|J_PULLBACK_CONTINUATION|2023-12-22T05:00:00+00:00|-1,120,2023-12-22 07:00:00.161000+00:00,2023-12-22 07:00:00.219000+00:00,True,142.344,142.35,3.0000000000001137,18.500000000000227,-17.00000000000159,True,False,1.8266666666666667,0.4579439252337094,3.5625446747676346,35.599999999999454,14444,142.34
2023H2|J_PULLBACK_CONTINUATION|2023-12-22T11:30:00+00:00|-1,15,2023-12-22 11:45:00.069000+00:00,2023-12-22 11:45:00.120000+00:00,True,141.966,141.972,8.499999999997954,12.699999999998113,-2.200000000001978,True,False,2.44,0.5204081632651107,1.4341463414632998,14.699999999999136,2309,141.983
2023H2|J_PULLBACK_CONTINUATION|2023-12-22T11:30:00+00:00|-1,30,2023-12-22 12:00:00.069000+00:00,2023-12-22 12:00:00.086000+00:00,True,141.997,142.002,5.49999999999784,12.699999999998113,-2.200000000001978,True,False,2.43,0.30952380952392233,1.497816593886349,14.699999999999136,4350,141.983
2023H2|J_PULLBACK_CONTINUATION|2023-12-22T11:30:00+00:00|-1,60,2023-12-22 12:30:00.069000+00:00,2023-12-22 12:30:00.079000+00:00,True,141.979,141.986,7.099999999999795,12.699999999998113,-2.200000000001978,True,False,2.1533333333333333,0.2857142857143502,1.5143487858718656,14.699999999999136,8356,141.983
2023H2|J_PULLBACK_CONTINUATION|2023-12-22T11:30:00+00:00|-1,90,2023-12-22 13:00:00.069000+00:00,2023-12-22 13:00:00.175000+00:00,True,142.123,142.13,-7.30000000000075,12.699999999998113,-14.300000000000068,True,True,3.32,0.8965517241380775,2.54545454545457,26.800000000000068,12500,141.983
2023H2|J_PULLBACK_CONTINUATION|2023-12-22T11:30:00+00:00|-1,120,2023-12-22 13:30:00.069000+00:00,2023-12-22 13:30:01.099000+00:00,True,142.077,142.088,-3.100000000000591,12.699999999998113,-14.300000000000068,True,False,2.8233333333333333,0.7687747035573317,1.968520461699894,26.800000000000068,17708,141.983
2023H2|J_PULLBACK_CONTINUATION|2023-12-28T01:15:00+00:00|-1,15,2023-12-28 01:30:01.314000+00:00,2023-12-28 01:30:02.533000+00:00,True,141.495,141.505,-3.700000000000614,0.09999999999763531,-10.200000000000387,False,False,2.06,0.29577464788734364,0.6960227272726518,10.499999999998977,1926,141.168
2023H2|J_PULLBACK_CONTINUATION|2023-12-28T01:15:00+00:00|-1,30,2023-12-28 01:45:01.314000+00:00,2023-12-28 01:45:01.692000+00:00,True,141.481,141.489,-2.1000000000015007,8.099999999998886,-10.200000000000387,False,False,1.72,1.0,1.2091503267973867,18.500000000000227,3814,141.168
2023H2|J_PULLBACK_CONTINUATION|2023-12-28T01:15:00+00:00|-1,60,2023-12-28 02:15:01.314000+00:00,2023-12-28 02:15:02.003000+00:00,True,141.346,141.36,10.799999999997567,19.599999999999795,-10.200000000000387,False,False,1.9233333333333333,0.03157894736857225,1.8625277161863036,30.000000000001137,8112,141.168
2023H2|J_PULLBACK_CONTINUATION|2023-12-28T01:15:00+00:00|-1,90,2023-12-28 02:45:01.314000+00:00,2023-12-28 02:45:01.683000+00:00,True,141.399,141.406,6.19999999999834,19.599999999999795,-10.200000000000387,False,False,1.3366666666666667,0.215909090909168,1.8944519621109972,30.000000000001137,10885,141.168
2023H2|J_PULLBACK_CONTINUATION|2023-12-28T01:15:00+00:00|-1,120,2023-12-28 03:15:01.314000+00:00,2023-12-28 03:15:01.341000+00:00,True,141.368,141.376,9.199999999998454,19.599999999999795,-10.200000000000387,False,False,1.4033333333333333,0.34482758620662624,1.9746121297602917,30.000000000001137,13499,141.168
2023H2|J_PULLBACK_CONTINUATION|2023-12-28T08:45:00+00:00|-1,15,2023-12-28 09:00:00.084000+00:00,2023-12-28 09:00:00.276000+00:00,True,140.871,140.878,3.700000000000614,9.000000000000341,-1.8000000000000682,False,False,2.776666666666667,0.18691588785029845,0.7266666666667475,10.900000000000887,2398,140.709
2023H2|J_PULLBACK_CONTINUATION|2023-12-28T08:45:00+00:00|-1,30,2023-12-28 09:15:00.084000+00:00,2023-12-28 09:15:00.446000+00:00,True,140.92,140.928,-1.300000000000523,9.000000000000341,-3.2000000000010687,False,False,2.6466666666666665,0.8181818181818609,0.839999999999965,12.299999999999045,4622,140.709
2023H2|J_PULLBACK_CONTINUATION|2023-12-28T08:45:00+00:00|-1,60,2023-12-28 09:45:00.084000+00:00,2023-12-28 09:45:00.561000+00:00,True,140.762,140.77,14.499999999998181,17.499999999998295,-4.800000000000182,False,False,2.54,0.5985401459855604,1.5207014125669154,22.299999999998477,8960,140.709
2023H2|J_PULLBACK_CONTINUATION|2023-12-28T08:45:00+00:00|-1,90,2023-12-28 10:15:00.084000+00:00,2023-12-28 10:15:00.156000+00:00,True,140.694,140.698,21.699999999998454,25.899999999998613,-4.800000000000182,True,False,2.2133333333333334,0.45614035087697424,2.071085494716661,30.799999999999272,13434,140.709
2023H2|J_PULLBACK_CONTINUATION|2023-12-28T08:45:00+00:00|-1,120,2023-12-28 10:45:00.084000+00:00,2023-12-28 10:45:00.568000+00:00,True,140.733,140.738,17.69999999999925,25.899999999998613,-4.800000000000182,True,False,2.1333333333333333,0.8715596330274415,2.4143337066069606,30.799999999999272,17001,140.709
2023H2|J_PULLBACK_CONTINUATION|2023-12-28T13:45:00+00:00|-1,15,2023-12-28 14:00:00.104000+00:00,2023-12-28 14:00:00.145000+00:00,True,141.117,141.127,-31.700000000000728,2.000000000001023,-33.29999999999984,False,True,3.8133333333333335,0.9304812834224363,2.7328499721136352,34.99999999999943,2962,140.704
2023H2|J_PULLBACK_CONTINUATION|2023-12-28T13:45:00+00:00|-1,30,2023-12-28 14:15:00.104000+00:00,2023-12-28 14:15:00.301000+00:00,True,140.948,140.955,-14.500000000001023,2.000000000001023,-33.29999999999984,False,True,2.4966666666666666,0.08264462809911144,2.7146814404431163,34.99999999999943,5446,140.704
2023H2|J_PULLBACK_CONTINUATION|2023-12-28T13:45:00+00:00|-1,60,2023-12-28 14:45:00.104000+00:00,2023-12-28 14:45:00.469000+00:00,True,140.921,140.931,-12.100000000000932,2.000000000001023,-33.29999999999984,False,True,2.79,0.979166666666716,2.4475524475523613,34.99999999999943,9881,140.704
2023H2|J_PULLBACK_CONTINUATION|2023-12-28T13:45:00+00:00|-1,90,2023-12-28 15:15:00.104000+00:00,2023-12-28 15:15:00.141000+00:00,True,140.719,140.727,8.29999999999984,12.20000000000141,-33.29999999999984,True,False,3.2,0.9674796747967467,2.7563825183902364,45.49999999999841,15209,140.704
2023H2|J_PULLBACK_CONTINUATION|2023-12-28T13:45:00+00:00|-1,120,2023-12-28 15:45:00.104000+00:00,2023-12-28 15:45:00.226000+00:00,True,140.289,140.298,51.200000000000045,55.19999999999925,-33.29999999999984,True,False,3.1533333333333333,0.022988505747142507,4.219959266802472,88.80000000000052,20387,140.704
2024H1|J_PULLBACK_CONTINUATION|2024-01-08T04:30:00+00:00|-1,15,2024-01-08 04:45:00.064000+00:00,2024-01-08 04:45:01.369000+00:00,True,144.423,144.428,3.900000000001569,4.600000000002069,-2.7999999999991587,False,False,1.4766666666666666,0.22891566265067254,0.7063770147161902,7.200000000000273,1278,144.312
2024H1|J_PULLBACK_CONTINUATION|2024-01-08T04:30:00+00:00|-1,30,2024-01-08 05:00:00.064000+00:00,2024-01-08 05:00:00.166000+00:00,True,144.467,144.469,-0.1999999999981128,6.200000000001182,-2.7999999999991587,False,False,1.6066666666666667,0.3999999999997933,0.9064748201438725,9.000000000000341,2519,144.312
2024H1|J_PULLBACK_CONTINUATION|2024-01-08T04:30:00+00:00|-1,60,2024-01-08 05:30:00.064000+00:00,2024-01-08 05:30:00.075000+00:00,True,144.421,144.428,3.900000000001569,6.400000000002137,-2.7999999999991587,False,False,0.92,0.7868852459019449,0.9737248840803566,9.000000000000341,4624,144.312
2024H1|J_PULLBACK_CONTINUATION|2024-01-08T04:30:00+00:00|-1,90,2024-01-08 06:00:00.064000+00:00,2024-01-08 06:00:00.097000+00:00,True,144.363,144.37,9.700000000000841,10.000000000002274,-2.7999999999991587,False,False,0.9333333333333333,0.8522727272726576,1.3449319213313857,12.700000000000955,6706,144.312
2024H1|J_PULLBACK_CONTINUATION|2024-01-08T04:30:00+00:00|-1,120,2024-01-08 06:30:00.064000+00:00,2024-01-08 06:30:00.998000+00:00,True,144.188,144.196,27.1000000000015,28.80000000000109,-2.7999999999991587,True,False,1.44,0.5128205128205752,3.2577319587629026,31.60000000000025,9452,144.312
2024H1|J_PULLBACK_CONTINUATION|2024-01-08T09:45:00+00:00|-1,15,2024-01-08 10:00:01.359000+00:00,2024-01-08 10:00:01.852000+00:00,True,144.232,144.237,14.19999999999959,18.999999999999773,-1.6999999999995907,True,False,2.4233333333333333,0.48739495798337196,1.4912099276111117,20.599999999998886,2376,144.319
2024H1|J_PULLBACK_CONTINUATION|2024-01-08T09:45:00+00:00|-1,30,2024-01-08 10:15:01.359000+00:00,2024-01-08 10:15:01.511000+00:00,True,144.26,144.265,11.400000000000432,18.999999999999773,-1.6999999999995907,True,False,2.243333333333333,0.12025316455700641,1.4298463063955829,20.599999999998886,4569,144.319
2024H1|J_PULLBACK_CONTINUATION|2024-01-08T09:45:00+00:00|-1,60,2024-01-08 10:45:01.359000+00:00,2024-01-08 10:45:05.758000+00:00,True,144.448,144.455,-7.600000000002183,18.999999999999773,-12.300000000001887,True,True,2.25,0.7282608695651939,2.227926078028755,31.000000000000227,8686,144.319
2024H1|J_PULLBACK_CONTINUATION|2024-01-08T09:45:00+00:00|-1,90,2024-01-08 11:15:01.359000+00:00,2024-01-08 11:15:02.780000+00:00,True,144.352,144.358,2.0999999999986585,18.999999999999773,-12.300000000001887,True,False,2.32,0.3768115942030359,2.2950819672131075,31.000000000000227,12300,144.319
2024H1|J_PULLBACK_CONTINUATION|2024-01-08T09:45:00+00:00|-1,120,2024-01-08 11:45:01.359000+00:00,2024-01-08 11:45:01.487000+00:00,True,144.492,144.498,-11.899999999999977,18.999999999999773,-12.5,True,True,1.9433333333333334,0.07920792079217676,2.4183222958055945,31.299999999998818,16368,144.319
2024H1|J_PULLBACK_CONTINUATION|2024-01-08T23:15:00+00:00|-1,15,2024-01-08 23:30:00.041000+00:00,2024-01-08 23:30:00.422000+00:00,True,144.157,144.167,-0.9000000000014552,0.899999999998613,-2.000000000001023,False,True,0.48333333333333334,0.8275862068962814,0.5119798234551466,2.899999999999636,526,144.101
2024H1|J_PULLBACK_CONTINUATION|2024-01-08T23:15:00+00:00|-1,30,2024-01-08 23:45:00.041000+00:00,2024-01-08 23:45:01.272000+00:00,True,144.146,144.151,0.699999999997658,1.5999999999991132,-4.000000000002046,False,False,0.48333333333333334,0.4179104477612352,0.9398148148151219,5.800000000002115,989,144.101
2024H1|J_PULLBACK_CONTINUATION|2024-01-08T23:15:00+00:00|-1,60,2024-01-09 00:15:00.041000+00:00,2024-01-09 00:15:00.240000+00:00,True,143.996,144.003,15.500000000000114,18.999999999999773,-12.700000000000955,True,False,2.1366666666666667,0.4396551724137424,4.0529680365296725,31.700000000000728,3456,144.101
2024H1|J_PULLBACK_CONTINUATION|2024-01-08T23:15:00+00:00|-1,90,2024-01-09 00:45:00.041000+00:00,2024-01-09 00:45:00.049000+00:00,True,143.89,143.897,26.099999999999568,28.49999999999966,-12.700000000000955,True,False,1.8,0.5529411764705942,4.444785276073476,41.39999999999873,6671,144.101
2024H1|J_PULLBACK_CONTINUATION|2024-01-08T23:15:00+00:00|-1,120,2024-01-09 01:15:00.041000+00:00,2024-01-09 01:15:00.224000+00:00,True,143.778,143.787,37.09999999999809,44.29999999999836,-12.700000000000955,True,False,2.6933333333333334,0.9815950920244533,4.845173041894321,56.99999999999932,11354,144.101
2024H1|J_PULLBACK_CONTINUATION|2024-01-12T01:00:00+00:00|-1,15,2024-01-12 01:15:00.095000+00:00,2024-01-12 01:15:00.209000+00:00,True,145.351,145.357,-10.400000000001342,-0.20000000000095497,-16.0000000000025,False,True,2.16,0.8778625954199153,1.1961311123052119,15.899999999999181,1801,144.938
2024H1|J_PULLBACK_CONTINUATION|2024-01-12T01:00:00+00:00|-1,30,2024-01-12 01:30:00.095000+00:00,2024-01-12 01:30:00.416000+00:00,True,145.251,145.261,-0.8000000000009777,1.099999999999568,-16.0000000000025,False,False,1.43,0.9852941176469897,1.153734939759022,17.099999999999227,3445,144.938
2024H1|J_PULLBACK_CONTINUATION|2024-01-12T01:00:00+00:00|-1,60,2024-01-12 02:00:00.095000+00:00,2024-01-12 02:00:00.433000+00:00,True,145.113,145.12,13.299999999998136,28.09999999999775,-16.0000000000025,False,False,2.5966666666666667,0.04166666666669483,2.712845243314441,44.20000000000073,7391,144.938
2024H1|J_PULLBACK_CONTINUATION|2024-01-12T01:00:00+00:00|-1,90,2024-01-12 02:30:00.095000+00:00,2024-01-12 02:30:00.140000+00:00,True,145.062,145.065,18.799999999998818,28.09999999999775,-16.0000000000025,False,False,1.82,0.5217391304347289,2.7368421052632423,44.20000000000073,10665,144.938
2024H1|J_PULLBACK_CONTINUATION|2024-01-12T01:00:00+00:00|-1,120,2024-01-12 03:00:00.095000+00:00,2024-01-12 03:00:00.114000+00:00,True,145.123,145.13,12.299999999999045,28.09999999999775,-16.0000000000025,False,False,0.5866666666666667,0.7153024911031644,2.7575757575758386,44.20000000000073,12278,144.938
2024H1|J_PULLBACK_CONTINUATION|2024-01-12T08:15:00+00:00|-1,15,2024-01-12 08:30:00.046000+00:00,2024-01-12 08:30:00.141000+00:00,True,144.961,144.969,2.1000000000015007,11.7999999999995,-0.899999999998613,True,False,2.5833333333333335,0.24342105263145342,1.00833333333339,12.100000000000932,2544,144.95
2024H1|J_PULLBACK_CONTINUATION|2024-01-12T08:15:00+00:00|-1,30,2024-01-12 08:45:00.046000+00:00,2024-01-12 08:45:00.173000+00:00,True,145.044,145.05,-6.000000000000227,11.7999999999995,-9.799999999998477,True,False,2.4766666666666666,0.5928571428571893,1.740762463343006,21.19999999999891,4701,144.95
2024H1|J_PULLBACK_CONTINUATION|2024-01-12T08:15:00+00:00|-1,60,2024-01-12 09:15:00.046000+00:00,2024-01-12 09:15:01.308000+00:00,True,144.977,144.984,0.6000000000000227,11.7999999999995,-10.499999999998977,True,False,2.9433333333333334,0.27272727272716835,1.7795918367346326,21.79999999999893,9790,144.95
2024H1|J_PULLBACK_CONTINUATION|2024-01-12T08:15:00+00:00|-1,90,2024-01-12 09:45:00.046000+00:00,2024-01-12 09:45:00.548000+00:00,True,145.054,145.062,-7.200000000000273,11.7999999999995,-12.600000000000477,True,False,2.026666666666667,0.16363636363639178,2.0337552742617655,24.100000000001387,13627,144.95
2024H1|J_PULLBACK_CONTINUATION|2024-01-12T08:15:00+00:00|-1,120,2024-01-12 10:15:00.046000+00:00,2024-01-12 10:15:00.124000+00:00,True,145.176,145.183,-19.299999999998363,11.7999999999995,-20.300000000000296,True,True,1.3666666666666667,0.6865671641793387,2.6718844069838954,31.700000000000728,17145,144.95
2024H1|J_PULLBACK_CONTINUATION|2024-01-12T16:30:00+00:00|-1,15,2024-01-12 16:45:00.093000+00:00,2024-01-12 16:45:00.140000+00:00,True,144.804,144.809,-17.500000000001137,6.399999999999295,-17.700000000002092,False,False,2.71,0.18487394957975967,0.9167803547067074,24.00000000000091,2674,144.354
2024H1|J_PULLBACK_CONTINUATION|2024-01-12T16:30:00+00:00|-1,30,2024-01-12 17:00:00.093000+00:00,2024-01-12 17:00:00.103000+00:00,True,144.856,144.862,-22.800000000000864,6.399999999999295,-24.600000000000932,False,True,2.4966666666666666,0.11009174311926129,1.3963963963963792,31.000000000000227,4944,144.354
2024H1|J_PULLBACK_CONTINUATION|2024-01-12T16:30:00+00:00|-1,60,2024-01-12 17:30:00.093000+00:00,2024-01-12 17:30:00.218000+00:00,True,144.908,144.912,-27.800000000002,6.399999999999295,-38.00000000000239,False,True,1.7566666666666666,0.6170212765957062,2.242028985507244,44.20000000000073,8994,144.354
2024H1|J_PULLBACK_CONTINUATION|2024-01-12T16:30:00+00:00|-1,90,2024-01-12 18:00:00.093000+00:00,2024-01-12 18:00:00.207000+00:00,True,144.955,144.96,-32.60000000000218,6.399999999999295,-38.00000000000239,False,True,1.7833333333333334,0.6265060240963072,2.5967268149391844,44.20000000000073,11990,144.354
2024H1|J_PULLBACK_CONTINUATION|2024-01-12T16:30:00+00:00|-1,120,2024-01-12 18:30:00.093000+00:00,2024-01-12 18:30:00.101000+00:00,True,144.919,144.923,-28.90000000000157,6.399999999999295,-39.100000000001955,False,True,0.82,0.23364485981287308,3.093658536585369,45.300000000000296,14330,144.354
2024H1|J_PULLBACK_CONTINUATION|2024-01-12T21:15:00+00:00|-1,15,2024-01-12 21:30:00.188000+00:00,2024-01-12 21:30:00.204000+00:00,True,144.913,144.922,-6.299999999998818,0.49999999999954525,-6.799999999998363,False,True,0.79,0.8249999999998401,1.02713567839169,7.299999999997908,548,144.795
2024H1|J_PULLBACK_CONTINUATION|2024-01-12T21:15:00+00:00|-1,30,2024-01-12 21:45:00.188000+00:00,2024-01-12 21:45:00.323000+00:00,True,144.893,144.899,-3.999999999999204,0.49999999999954525,-7.299999999997908,False,True,1.2066666666666668,0.444444444444576,1.0681586978635471,7.499999999998863,1446,144.795
2024H1|J_PULLBACK_CONTINUATION|2024-01-12T21:15:00+00:00|-1,60,2024-01-12 22:15:00.188000+00:00,2024-01-14 22:04:01.016000+00:00,True,144.78,145.064,-20.49999999999841,0.49999999999954525,-8.599999999998431,False,True,0.0033333333333333335,0.444444444444576,1.2675483214649153,8.899999999999864,2913,144.795
2024H1|J_PULLBACK_CONTINUATION|2024-01-12T21:15:00+00:00|-1,90,2024-01-12 22:45:00.188000+00:00,2024-01-14 22:04:01.016000+00:00,True,144.78,145.064,-20.49999999999841,0.49999999999954525,-8.599999999998431,False,True,0.0033333333333333335,0.444444444444576,1.2675483214649153,8.899999999999864,2913,144.795
2024H1|J_PULLBACK_CONTINUATION|2024-01-12T21:15:00+00:00|-1,120,2024-01-12 23:15:00.188000+00:00,2024-01-14 22:04:01.016000+00:00,True,144.78,145.064,-20.49999999999841,0.49999999999954525,-8.599999999998431,False,True,0.0033333333333333335,0.444444444444576,1.2675483214649153,8.899999999999864,2913,144.795
2024H1|J_PULLBACK_CONTINUATION|2024-01-22T04:00:00+00:00|-1,15,2024-01-22 04:15:00.141000+00:00,2024-01-22 04:15:02.543000+00:00,True,147.892,147.9,1.6999999999995907,1.8000000000000682,-2.899999999999636,False,False,1.01,0.2857142857142213,0.40966921119585176,4.599999999999227,1085,147.73
2024H1|J_PULLBACK_CONTINUATION|2024-01-22T04:00:00+00:00|-1,30,2024-01-22 04:30:00.141000+00:00,2024-01-22 04:30:01.638000+00:00,True,147.894,147.901,1.5999999999991132,5.89999999999975,-2.899999999999636,False,False,1.5066666666666666,0.45714285714286873,0.8676056338027293,8.799999999999386,2293,147.73
2024H1|J_PULLBACK_CONTINUATION|2024-01-22T04:00:00+00:00|-1,60,2024-01-22 05:00:00.141000+00:00,2024-01-22 05:00:00.358000+00:00,True,147.838,147.846,7.099999999999795,7.800000000000296,-2.899999999999636,False,False,0.93,0.3291139240504918,1.1815286624202945,10.599999999999454,4558,147.73
2024H1|J_PULLBACK_CONTINUATION|2024-01-22T04:00:00+00:00|-1,90,2024-01-22 05:30:00.141000+00:00,2024-01-22 05:30:00.151000+00:00,True,148.016,148.023,-10.599999999999454,8.00000000000125,-15.199999999998681,False,True,1.86,0.3478260869565889,2.3851851851849886,22.999999999998977,7055,147.73
2024H1|J_PULLBACK_CONTINUATION|2024-01-22T04:00:00+00:00|-1,120,2024-01-22 06:00:00.141000+00:00,2024-01-22 06:00:00.364000+00:00,True,148.05,148.058,-14.099999999999113,8.00000000000125,-21.09999999999843,False,True,1.53,0.27380952380946744,3.3673805601316604,29.20000000000016,9970,147.73
2024H1|J_PULLBACK_CONTINUATION|2024-01-22T13:30:00+00:00|-1,15,2024-01-22 13:45:00.235000+00:00,2024-01-22 13:45:00.297000+00:00,True,147.735,147.74,3.8999999999987267,9.199999999998454,-7.599999999999341,True,False,3.8766666666666665,0.4615384615384952,1.710999281092624,16.99999999999875,3447,147.707
2024H1|J_PULLBACK_CONTINUATION|2024-01-22T13:30:00+00:00|-1,30,2024-01-22 14:00:00.235000+00:00,2024-01-22 14:00:00.237000+00:00,True,147.686,147.691,8.799999999999386,15.699999999998226,-7.599999999999341,True,False,3.9433333333333334,0.686046511628003,2.316901408450579,23.499999999998522,6695,147.707
2024H1|J_PULLBACK_CONTINUATION|2024-01-22T13:30:00+00:00|-1,60,2024-01-22 14:30:00.235000+00:00,2024-01-22 14:30:00.265000+00:00,True,147.854,147.858,-7.900000000000773,15.699999999998226,-9.700000000000841,True,False,2.6533333333333333,0.22033898305091004,2.2529743268629,25.7000000000005,12020,147.707
2024H1|J_PULLBACK_CONTINUATION|2024-01-22T13:30:00+00:00|-1,90,2024-01-22 15:00:00.235000+00:00,2024-01-22 15:00:00.247000+00:00,True,147.847,147.854,-7.500000000001705,15.699999999998226,-18.10000000000116,True,False,2.2066666666666666,0.9367816091954192,2.7513043478261303,33.899999999999864,18012,147.707
2024H1|J_PULLBACK_CONTINUATION|2024-01-22T13:30:00+00:00|-1,120,2024-01-22 15:30:00.235000+00:00,2024-01-22 15:30:00.465000+00:00,True,147.775,147.784,-0.49999999999954525,15.699999999998226,-18.10000000000116,True,False,1.58,0.47619047619036337,2.6843891402715245,33.899999999999864,21785,147.707
2024H1|J_PULLBACK_CONTINUATION|2024-01-23T09:45:00+00:00|-1,15,2024-01-23 10:00:00.528000+00:00,2024-01-23 10:00:00.560000+00:00,True,147.717,147.725,-16.800000000000637,-0.9000000000014552,-18.200000000001637,False,True,2.2066666666666666,0.39303482587069816,0.7102321582114967,17.69999999999925,1962,147.252
2024H1|J_PULLBACK_CONTINUATION|2024-01-23T09:45:00+00:00|-1,30,2024-01-23 10:15:00.528000+00:00,2024-01-23 10:15:00.756000+00:00,True,147.835,147.838,-28.10000000000059,-0.9000000000014552,-36.000000000001364,False,True,2.763333333333333,0.7232142857142201,1.712126417038808,35.599999999999454,4325,147.252
2024H1|J_PULLBACK_CONTINUATION|2024-01-23T09:45:00+00:00|-1,60,2024-01-23 10:45:00.528000+00:00,2024-01-23 10:45:00.795000+00:00,True,147.878,147.882,-32.500000000001705,-0.9000000000014552,-36.000000000001364,False,True,1.52,0.8431372549020537,1.9415660303856503,35.599999999999454,8089,147.252
2024H1|J_PULLBACK_CONTINUATION|2024-01-23T09:45:00+00:00|-1,90,2024-01-23 11:15:00.528000+00:00,2024-01-23 11:15:01.137000+00:00,True,147.759,147.77,-21.30000000000223,-0.9000000000014552,-37.5,False,True,2.0833333333333335,0.2651515151514793,2.08980582524271,36.89999999999998,12000,147.252
2024H1|J_PULLBACK_CONTINUATION|2024-01-23T09:45:00+00:00|-1,120,2024-01-23 11:45:00.528000+00:00,2024-01-23 11:45:01.310000+00:00,True,147.992,147.999,-44.20000000000073,-0.9000000000014552,-60.40000000000134,False,True,2.2533333333333334,0.18000000000001704,3.6240276577354704,59.899999999998954,16924,147.252
2024H1|J_PULLBACK_CONTINUATION|2024-01-24T06:45:00+00:00|-1,15,2024-01-24 07:00:01.385000+00:00,2024-01-24 07:00:01.440000+00:00,True,147.87,147.873,0.49999999999954525,4.79999999999734,-2.9000000000024784,False,False,1.2966666666666666,0.6359223300971228,0.7230046948356845,7.699999999999818,1496,147.781
2024H1|J_PULLBACK_CONTINUATION|2024-01-24T06:45:00+00:00|-1,30,2024-01-24 07:15:01.385000+00:00,2024-01-24 07:15:01.398000+00:00,True,147.761,147.77,10.799999999997567,16.899999999998272,-3.700000000000614,True,False,2.026666666666667,0.06896551724132527,1.9278074866309731,20.599999999998886,4357,147.781
2024H1|J_PULLBACK_CONTINUATION|2024-01-24T06:45:00+00:00|-1,60,2024-01-24 07:45:01.385000+00:00,2024-01-24 07:45:02.519000+00:00,True,147.727,147.734,14.399999999997704,17.199999999999704,-3.700000000000614,True,False,2.993333333333333,0.23853211009162112,1.8148148148149421,21.000000000000796,8735,147.781
2024H1|J_PULLBACK_CONTINUATION|2024-01-24T06:45:00+00:00|-1,90,2024-01-24 08:15:01.385000+00:00,2024-01-24 08:15:01.544000+00:00,True,147.671,147.676,20.199999999999818,21.299999999999386,-3.700000000000614,True,False,2.92,0.866242038216474,2.131722054380744,25.200000000000955,14170,147.781
2024H1|J_PULLBACK_CONTINUATION|2024-01-24T06:45:00+00:00|-1,120,2024-01-24 08:45:01.385000+00:00,2024-01-24 08:45:01.689000+00:00,True,147.546,147.552,32.59999999999934,42.39999999999782,-3.700000000000614,True,False,2.4133333333333336,0.45600000000013097,3.7523255813952856,46.09999999999843,20560,147.781
2024H1|J_PULLBACK_CONTINUATION|2024-01-24T11:45:00+00:00|-1,15,2024-01-24 12:00:00.691000+00:00,2024-01-24 12:00:00.843000+00:00,True,147.515,147.521,-2.399999999997249,2.200000000001978,-6.799999999998363,False,False,1.7833333333333334,0.485074626865602,0.8610919143054616,8.899999999999864,1672,147.44
2024H1|J_PULLBACK_CONTINUATION|2024-01-24T11:45:00+00:00|-1,30,2024-01-24 12:15:00.691000+00:00,2024-01-24 12:15:00.734000+00:00,True,147.455,147.462,3.500000000002501,10.700000000002774,-6.799999999998363,True,False,1.48,0.5468750000000069,1.6606896551724308,17.199999999999704,3243,147.44
2024H1|J_PULLBACK_CONTINUATION|2024-01-24T11:45:00+00:00|-1,60,2024-01-24 12:45:00.691000+00:00,2024-01-24 12:45:00.865000+00:00,True,147.252,147.258,23.900000000000432,28.90000000000157,-6.799999999998363,True,False,2.993333333333333,0.3673469387755812,3.3051643192487536,35.199999999997544,7319,147.44
2024H1|J_PULLBACK_CONTINUATION|2024-01-24T11:45:00+00:00|-1,90,2024-01-24 13:15:00.691000+00:00,2024-01-24 13:15:01.387000+00:00,True,147.066,147.076,42.10000000000207,43.300000000002115,-6.799999999998363,True,False,2.95,0.7777777777777299,4.169856459330213,49.799999999999045,12793,147.44
2024H1|J_PULLBACK_CONTINUATION|2024-01-24T11:45:00+00:00|-1,120,2024-01-24 13:45:00.691000+00:00,2024-01-24 13:45:00.889000+00:00,True,146.993,147.0,49.70000000000141,64.50000000000102,-6.799999999998363,True,False,4.47,0.8512110726643459,5.133574007220197,71.09999999999843,21360,147.44
2024H1|J_PULLBACK_CONTINUATION|2024-01-24T22:15:00+00:00|-1,15,2024-01-24 22:30:09.667000+00:00,2024-01-24 22:30:16.086000+00:00,True,147.445,147.494,-4.900000000000659,-4.000000000002046,-8.199999999999363,False,True,0.043333333333333335,0.25373134328349345,0.6907894736840139,4.4999999999987494,114,147.398
2024H1|J_PULLBACK_CONTINUATION|2024-01-24T22:15:00+00:00|-1,30,2024-01-24 22:45:09.667000+00:00,2024-01-24 22:45:10.418000+00:00,True,147.431,147.449,-0.40000000000190994,1.9000000000005457,-8.199999999999363,True,False,0.9933333333333333,0.5245901639345407,1.4779582366590258,9.100000000000819,832,147.398
2024H1|J_PULLBACK_CONTINUATION|2024-01-24T22:15:00+00:00|-1,60,2024-01-24 23:15:09.667000+00:00,2024-01-24 23:15:10.044000+00:00,True,147.566,147.579,-13.400000000001455,1.9000000000005457,-18.39999999999975,True,True,1.1266666666666667,0.7096774193548165,3.175119617225143,23.70000000000232,2857,147.398
2024H1|J_PULLBACK_CONTINUATION|2024-01-24T22:15:00+00:00|-1,90,2024-01-24 23:45:09.667000+00:00,2024-01-24 23:45:10.737000+00:00,True,147.546,147.554,-10.900000000000887,1.9000000000005457,-18.39999999999975,True,True,0.84,0.2692307692306536,2.9362831858409333,23.70000000000232,4523,147.398
2024H1|J_PULLBACK_CONTINUATION|2024-01-24T22:15:00+00:00|-1,120,2024-01-25 00:15:09.667000+00:00,2024-01-25 00:15:10.633000+00:00,True,147.658,147.668,-22.30000000000132,1.9000000000005457,-26.900000000000546,True,True,2.0566666666666666,0.16513761467889188,3.4702702702702055,32.099999999999795,7426,147.398
2024H1|J_PULLBACK_CONTINUATION|2024-01-29T19:15:00+00:00|-1,15,2024-01-29 19:30:00.246000+00:00,2024-01-29 19:30:04.259000+00:00,True,147.646,147.651,-3.6000000000001364,0.6000000000000227,-6.000000000000227,False,False,0.38333333333333336,0.500000000000323,0.8970873786408098,6.60000000000025,682,147.582
2024H1|J_PULLBACK_CONTINUATION|2024-01-29T19:15:00+00:00|-1,30,2024-01-29 19:45:00.246000+00:00,2024-01-29 19:45:01.661000+00:00,True,147.631,147.64,-2.4999999999977263,0.6000000000000227,-6.000000000000227,False,False,0.7033333333333334,0.5777777777781707,0.9545454545455012,6.60000000000025,1163,147.582
2024H1|J_PULLBACK_CONTINUATION|2024-01-29T19:15:00+00:00|-1,60,2024-01-29 20:15:00.246000+00:00,2024-01-29 20:15:01.004000+00:00,True,147.405,147.413,20.199999999999818,21.30000000000223,-6.19999999999834,True,False,1.6,0.7650602409639277,3.1724137931035967,27.600000000001046,3920,147.582
2024H1|J_PULLBACK_CONTINUATION|2024-01-29T19:15:00+00:00|-1,90,2024-01-29 20:45:00.246000+00:00,2024-01-29 20:45:00.276000+00:00,True,147.431,147.438,17.700000000002092,35.69999999999993,-6.19999999999834,True,False,1.4733333333333334,0.416666666666864,4.3250366032211,42.199999999999704,7636,147.582
2024H1|J_PULLBACK_CONTINUATION|2024-01-29T19:15:00+00:00|-1,120,2024-01-29 21:15:00.246000+00:00,2024-01-29 21:15:00.552000+00:00,True,147.519,147.525,9.000000000000341,35.69999999999993,-6.19999999999834,True,False,0.63,0.7611940298504803,4.190070921985797,42.199999999999704,9607,147.582
2024H1|J_PULLBACK_CONTINUATION|2024-01-30T00:15:00+00:00|-1,15,2024-01-30 00:30:00.007000+00:00,2024-01-30 00:30:00.079000+00:00,True,147.235,147.242,9.499999999999886,10.699999999999932,-0.7000000000005002,True,False,1.4833333333333334,0.9416666666666272,1.546511627906719,11.39999999999759,1482,147.329
2024H1|J_PULLBACK_CONTINUATION|2024-01-30T00:15:00+00:00|-1,30,2024-01-30 00:45:00.007000+00:00,2024-01-30 00:45:00.639000+00:00,True,147.213,147.22,11.699999999999022,12.5,-0.7000000000005002,True,False,1.6266666666666667,0.2587412587413004,1.6552346570397927,13.100000000000023,2898,147.329
2024H1|J_PULLBACK_CONTINUATION|2024-01-30T00:15:00+00:00|-1,60,2024-01-30 01:15:00.007000+00:00,2024-01-30 01:15:00.883000+00:00,True,147.362,147.369,-3.2000000000010687,13.899999999998158,-10.000000000002274,True,False,1.5066666666666666,1.0,2.677290836653558,24.00000000000091,6341,147.329
2024H1|J_PULLBACK_CONTINUATION|2024-01-30T00:15:00+00:00|-1,90,2024-01-30 01:45:00.007000+00:00,2024-01-30 01:45:00.237000+00:00,True,147.322,147.327,0.9999999999990905,13.899999999998158,-10.000000000002274,True,False,1.2866666666666666,0.2978723404257635,2.5806451612904917,24.00000000000091,8931,147.329
2024H1|J_PULLBACK_CONTINUATION|2024-01-30T00:15:00+00:00|-1,120,2024-01-30 02:15:00.007000+00:00,2024-01-30 02:15:00.251000+00:00,True,147.303,147.309,2.7999999999991587,13.899999999998158,-10.000000000002274,True,False,1.4533333333333334,0.15151515151527328,2.488888888889046,24.00000000000091,11125,147.329
2024H1|J_PULLBACK_CONTINUATION|2024-01-30T05:00:00+00:00|-1,15,2024-01-30 05:15:00.074000+00:00,2024-01-30 05:15:00.173000+00:00,True,147.362,147.365,-0.30000000000143245,1.2000000000000455,-2.899999999999636,False,False,0.72,0.6969696969695534,0.6750861079219471,4.200000000000159,771,147.306
2024H1|J_PULLBACK_CONTINUATION|2024-01-30T05:00:00+00:00|-1,30,2024-01-30 05:30:00.074000+00:00,2024-01-30 05:30:00.189000+00:00,True,147.319,147.327,3.499999999999659,5.599999999998317,-2.899999999999636,True,False,1.3433333333333333,0.49230769230743665,1.3809523809521997,8.699999999998909,1838,147.306
2024H1|J_PULLBACK_CONTINUATION|2024-01-30T05:00:00+00:00|-1,60,2024-01-30 06:00:00.074000+00:00,2024-01-30 06:00:00.182000+00:00,True,147.385,147.389,-2.7000000000015234,5.599999999998317,-4.599999999999227,True,True,1.4,0.9870129870129247,1.649941656942865,10.099999999999909,4081,147.306
2024H1|J_PULLBACK_CONTINUATION|2024-01-30T05:00:00+00:00|-1,90,2024-01-30 06:30:00.074000+00:00,2024-01-30 06:30:00.112000+00:00,True,147.337,147.341,2.0999999999986585,5.599999999998317,-4.800000000000182,True,False,0.9766666666666667,0.07575757575750397,1.8394160583942878,10.80000000000041,6181,147.306
2024H1|J_PULLBACK_CONTINUATION|2024-01-30T05:00:00+00:00|-1,120,2024-01-30 07:00:00.074000+00:00,2024-01-30 07:00:00.082000+00:00,True,147.398,147.402,-3.999999999999204,8.099999999998886,-4.800000000000182,True,True,1.2766666666666666,0.8535031847134104,1.9264705882353013,13.100000000000023,8699,147.306
2024H1|J_PULLBACK_CONTINUATION|2024-01-30T09:30:00+00:00|-1,15,2024-01-30 09:45:00.107000+00:00,2024-01-30 09:45:00.256000+00:00,True,147.379,147.384,-5.299999999999727,2.7999999999991587,-6.499999999999773,False,True,1.7,0.7037037037037233,0.7787286063570403,9.100000000000819,1463,147.158
2024H1|J_PULLBACK_CONTINUATION|2024-01-30T09:30:00+00:00|-1,30,2024-01-30 10:00:00.107000+00:00,2024-01-30 10:00:00.186000+00:00,True,147.387,147.394,-6.30000000000166,2.7999999999991587,-10.000000000002274,False,True,1.29,0.9576271186441045,1.0616113744074733,12.79999999999859,2953,147.158
2024H1|J_PULLBACK_CONTINUATION|2024-01-30T09:30:00+00:00|-1,60,2024-01-30 10:30:00.107000+00:00,2024-01-30 10:30:00.136000+00:00,True,147.264,147.27,6.099999999997863,8.499999999997954,-10.000000000002274,False,False,2.15,0.5068493150685252,1.6029869321717274,18.39999999999975,6489,147.158
2024H1|J_PULLBACK_CONTINUATION|2024-01-30T09:30:00+00:00|-1,90,2024-01-30 11:00:00.107000+00:00,2024-01-30 11:00:00.136000+00:00,True,147.264,147.271,6.000000000000227,11.7999999999995,-10.000000000002274,False,False,1.6266666666666667,0.029702970296890396,1.9831824062095296,21.89999999999941,9631,147.158
2024H1|J_PULLBACK_CONTINUATION|2024-01-30T09:30:00+00:00|-1,120,2024-01-30 11:30:00.107000+00:00,2024-01-30 11:30:00.189000+00:00,True,147.312,147.316,1.4999999999986358,11.7999999999995,-10.000000000002274,False,False,1.6933333333333334,0.7090909090911064,2.3804347826085586,21.89999999999941,12715,147.158
2024H1|J_PULLBACK_CONTINUATION|2024-01-31T19:45:00+00:00|-1,15,2024-01-31 20:00:00.054000+00:00,2024-01-31 20:00:00.076000+00:00,True,146.381,146.387,-13.300000000000978,24.2999999999995,-13.700000000000045,True,False,6.656666666666666,0.31161780673181294,1.2991833704528593,37.5,6514,146.086
2024H1|J_PULLBACK_CONTINUATION|2024-01-31T19:45:00+00:00|-1,30,2024-01-31 20:15:00.054000+00:00,2024-01-31 20:15:00.186000+00:00,True,146.938,146.944,-68.99999999999977,24.2999999999995,-97.70000000000039,True,True,7.763333333333334,0.06088992974241436,3.9738562091503606,121.60000000000082,14549,146.086
2024H1|J_PULLBACK_CONTINUATION|2024-01-31T19:45:00+00:00|-1,60,2024-01-31 20:45:00.054000+00:00,2024-01-31 20:45:00.087000+00:00,True,147.316,147.322,-106.8000000000012,24.2999999999995,-119.5999999999998,True,True,4.503333333333333,0.9627906976743738,4.536189402480245,143.69999999999834,23888,146.086
2024H1|J_PULLBACK_CONTINUATION|2024-01-31T19:45:00+00:00|-1,90,2024-01-31 21:15:00.054000+00:00,2024-01-31 21:15:00.197000+00:00,True,147.022,147.029,-77.50000000000057,24.2999999999995,-119.5999999999998,True,True,2.57,0.4222222222223275,4.325521393248731,143.69999999999834,29465,146.086
2024H1|J_PULLBACK_CONTINUATION|2024-01-31T19:45:00+00:00|-1,120,2024-01-31 21:45:00.054000+00:00,2024-01-31 21:45:00.084000+00:00,True,146.96,146.969,-71.50000000000034,24.2999999999995,-119.5999999999998,True,True,1.52,1.0,4.267713194739078,143.69999999999834,32860,146.086
2024H1|J_PULLBACK_CONTINUATION|2024-02-01T00:45:00+00:00|-1,15,2024-02-01 01:00:00.032000+00:00,2024-02-01 01:00:00.053000+00:00,True,146.754,146.758,-11.299999999999955,0.8000000000009777,-12.999999999999545,False,False,2.77,0.2584269662920954,0.9626307922272389,13.800000000000523,2382,146.61
2024H1|J_PULLBACK_CONTINUATION|2024-02-01T00:45:00+00:00|-1,30,2024-02-01 01:15:00.032000+00:00,2024-02-01 01:15:00.321000+00:00,True,146.837,146.846,-20.09999999999934,0.8000000000009777,-27.09999999999866,False,True,2.5833333333333335,0.5142857142856795,1.9557788944722658,27.79999999999916,4855,146.61
2024H1|J_PULLBACK_CONTINUATION|2024-02-01T00:45:00+00:00|-1,60,2024-02-01 01:45:00.032000+00:00,2024-02-01 01:45:00.165000+00:00,True,146.785,146.795,-14.999999999997726,0.8000000000009777,-29.899999999997817,False,False,1.9233333333333333,0.4399999999998939,2.0948655256724056,30.60000000000116,8984,146.61
2024H1|J_PULLBACK_CONTINUATION|2024-02-01T00:45:00+00:00|-1,90,2024-02-01 02:15:00.032000+00:00,2024-02-01 02:15:00.102000+00:00,True,146.517,146.525,12.000000000000455,16.59999999999968,-29.899999999997817,True,False,2.3966666666666665,0.11333333333330176,2.6952182952182264,46.299999999999386,12389,146.61
2024H1|J_PULLBACK_CONTINUATION|2024-02-01T00:45:00+00:00|-1,120,2024-02-01 02:45:00.032000+00:00,2024-02-01 02:45:00.052000+00:00,True,146.558,146.566,7.900000000000773,16.59999999999968,-29.899999999997817,True,False,2.3733333333333335,0.1666666666664035,2.804846386845441,46.299999999999386,16068,146.61
2024H1|J_PULLBACK_CONTINUATION|2024-02-01T08:00:00+00:00|-1,15,2024-02-01 08:15:00.147000+00:00,2024-02-01 08:15:00.212000+00:00,True,146.667,146.67,13.400000000001455,16.900000000001114,-6.200000000001182,True,False,3.4233333333333333,0.6470588235293873,1.7509474824040105,23.100000000002296,2906,146.715
2024H1|J_PULLBACK_CONTINUATION|2024-02-01T08:00:00+00:00|-1,30,2024-02-01 08:30:00.147000+00:00,2024-02-01 08:30:00.199000+00:00,True,146.65,146.655,14.900000000000091,19.39999999999884,-6.200000000001182,True,False,2.47,0.8457142857142087,1.8508230452674557,25.7000000000005,5157,146.715
2024H1|J_PULLBACK_CONTINUATION|2024-02-01T08:00:00+00:00|-1,60,2024-02-01 09:00:00.147000+00:00,2024-02-01 09:00:00.155000+00:00,True,146.606,146.611,19.300000000001205,20.90000000000032,-6.200000000001182,True,False,3.18,0.07428571428575137,1.8607594936708063,27.299999999999613,10870,146.715
2024H1|J_PULLBACK_CONTINUATION|2024-02-01T08:00:00+00:00|-1,90,2024-02-01 09:30:00.147000+00:00,2024-02-01 09:30:00.171000+00:00,True,146.786,146.788,1.5999999999991132,20.90000000000032,-6.200000000001182,True,True,1.9633333333333334,0.027777777777711954,1.796052631578862,27.299999999999613,15358,146.715
2024H1|J_PULLBACK_CONTINUATION|2024-02-01T08:00:00+00:00|-1,120,2024-02-01 10:00:00.147000+00:00,2024-02-01 10:00:00.188000+00:00,True,146.793,146.798,0.6000000000000227,20.90000000000032,-11.199999999999477,True,True,1.7,0.6041666666665679,2.066514806377982,32.399999999998386,19217,146.715
2024H1|J_PULLBACK_CONTINUATION|2024-02-01T15:30:00+00:00|-1,15,2024-02-01 15:45:00.163000+00:00,2024-02-01 15:45:00.218000+00:00,True,146.465,146.47,8.099999999998886,9.399999999999409,-13.400000000001455,False,False,5.336666666666667,0.7198275862069055,1.0089285714285778,22.59999999999991,5070,146.316
2024H1|J_PULLBACK_CONTINUATION|2024-02-01T15:30:00+00:00|-1,30,2024-02-01 16:00:00.163000+00:00,2024-02-01 16:00:00.629000+00:00,True,146.311,146.321,22.999999999998977,29.899999999997817,-13.400000000001455,True,False,5.086666666666667,0.9786476868327398,1.8131009615384046,43.09999999999832,9904,146.316
2024H1|J_PULLBACK_CONTINUATION|2024-02-01T15:30:00+00:00|-1,60,2024-02-01 16:30:00.163000+00:00,2024-02-01 16:30:00.545000+00:00,True,146.2,146.207,34.39999999999941,56.99999999999932,-13.400000000001455,True,False,4.723333333333334,0.9841269841270581,2.865306122449014,70.19999999999982,19401,146.316
2024H1|J_PULLBACK_CONTINUATION|2024-02-01T15:30:00+00:00|-1,90,2024-02-01 17:00:00.163000+00:00,2024-02-01 17:00:00.233000+00:00,True,146.183,146.186,36.49999999999807,64.99999999999773,-13.400000000001455,True,False,4.21,0.14880952380955204,3.2428909952607032,78.20000000000107,27669,146.316
2024H1|J_PULLBACK_CONTINUATION|2024-02-01T15:30:00+00:00|-1,120,2024-02-01 17:30:00.163000+00:00,2024-02-01 17:30:00.215000+00:00,True,146.347,146.352,19.899999999998386,64.99999999999773,-13.400000000001455,True,False,2.9266666666666667,0.13698630136991896,3.403170655890614,78.20000000000107,34465,146.316
2024H1|J_PULLBACK_CONTINUATION|2024-02-01T21:00:00+00:00|-1,15,2024-02-01 21:15:00.041000+00:00,2024-02-01 21:15:00.408000+00:00,True,146.428,146.431,-10.600000000002296,-0.5000000000023874,-12.400000000002365,False,True,0.7266666666666667,0.14606741573039805,1.1103767349634444,11.999999999997613,1007,146.192
2024H1|J_PULLBACK_CONTINUATION|2024-02-01T21:00:00+00:00|-1,30,2024-02-01 21:30:00.041000+00:00,2024-02-01 21:30:00.052000+00:00,True,146.426,146.432,-10.699999999999932,-0.5000000000023874,-12.400000000002365,False,True,0.8466666666666667,0.7555555555557381,1.1642411642409458,11.999999999997613,1760,146.192
2024H1|J_PULLBACK_CONTINUATION|2024-02-01T21:00:00+00:00|-1,60,2024-02-01 22:00:00.041000+00:00,2024-02-01 22:00:00.095000+00:00,True,146.407,146.479,-15.400000000002478,-0.5000000000023874,-14.800000000002456,False,True,0.9866666666666667,0.11965811965818607,1.4079480940793896,12.399999999999523,3796,146.192
2024H1|J_PULLBACK_CONTINUATION|2024-02-01T21:00:00+00:00|-1,90,2024-02-01 22:30:00.041000+00:00,2024-02-01 22:30:00.267000+00:00,True,146.476,146.494,-16.900000000001114,-0.5000000000023874,-18.500000000000227,False,True,0.06666666666666667,0.2044444444445157,1.8931174089068363,16.70000000000016,4076,146.192
2024H1|J_PULLBACK_CONTINUATION|2024-02-01T21:00:00+00:00|-1,120,2024-02-01 23:00:00.041000+00:00,2024-02-01 23:00:00.063000+00:00,True,146.459,146.481,-15.600000000000591,-0.5000000000023874,-20.700000000002206,False,True,1.5233333333333334,1.0,2.737024221453195,22.59999999999991,5496,146.192
2024H1|J_PULLBACK_CONTINUATION|2024-02-02T02:00:00+00:00|-1,15,2024-02-02 02:15:00.110000+00:00,2024-02-02 02:15:00.175000+00:00,True,146.367,146.376,-2.1000000000015007,4.200000000000159,-4.200000000000159,False,False,0.7233333333333334,0.3861386138612636,0.7957699933904966,8.599999999998431,1132,146.24
2024H1|J_PULLBACK_CONTINUATION|2024-02-02T02:00:00+00:00|-1,30,2024-02-02 02:30:00.110000+00:00,2024-02-02 02:30:00.129000+00:00,True,146.418,146.424,-6.900000000001683,4.200000000000159,-10.80000000000041,False,True,0.71,0.7560975609758127,1.433734939759012,15.299999999999159,2103,146.24
2024H1|J_PULLBACK_CONTINUATION|2024-02-02T02:00:00+00:00|-1,60,2024-02-02 03:00:00.110000+00:00,2024-02-02 03:00:00.216000+00:00,True,146.339,146.348,0.699999999997658,4.200000000000159,-10.80000000000041,False,False,1.3966666666666667,0.333333333333965,1.4813278008298254,15.299999999999159,3894,146.24
2024H1|J_PULLBACK_CONTINUATION|2024-02-02T02:00:00+00:00|-1,90,2024-02-02 03:30:00.110000+00:00,2024-02-02 03:30:00.142000+00:00,True,146.348,146.353,0.1999999999981128,4.200000000000159,-10.80000000000041,False,False,0.20333333333333334,0.18181818181818177,1.6032934131735834,15.299999999999159,5252,146.24
2024H1|J_PULLBACK_CONTINUATION|2024-02-02T02:00:00+00:00|-1,120,2024-02-02 04:00:00.110000+00:00,2024-02-02 04:00:00.211000+00:00,True,146.379,146.385,-3.0000000000001137,4.200000000000159,-10.80000000000041,False,True,1.4933333333333334,0.40625000000020817,1.747145187601903,15.299999999999159,7538,146.24
2024H1|J_PULLBACK_CONTINUATION|2024-02-02T06:30:00+00:00|-1,15,2024-02-02 06:45:00.122000+00:00,2024-02-02 06:45:00.183000+00:00,True,146.414,146.422,-3.0000000000001137,0.20000000000095497,-7.800000000000296,False,True,1.5433333333333332,0.4035087719299908,1.034013605442449,7.600000000002183,1541,146.354
2024H1|J_PULLBACK_CONTINUATION|2024-02-02T06:30:00+00:00|-1,30,2024-02-02 07:00:00.122000+00:00,2024-02-02 07:00:00.172000+00:00,True,146.48,146.482,-9.000000000000341,0.20000000000095497,-14.099999999999113,False,True,1.75,0.7972972972971312,1.9170684667312194,14.200000000002433,3203,146.354
2024H1|J_PULLBACK_CONTINUATION|2024-02-02T06:30:00+00:00|-1,60,2024-02-02 07:30:00.122000+00:00,2024-02-02 07:30:00.233000+00:00,True,146.58,146.586,-19.400000000001683,0.20000000000095497,-20.199999999999818,False,True,2.6466666666666665,0.8000000000000669,2.578616352201285,20.50000000000125,7683,146.354
2024H1|J_PULLBACK_CONTINUATION|2024-02-02T06:30:00+00:00|-1,90,2024-02-02 08:00:00.122000+00:00,2024-02-02 08:00:00.161000+00:00,True,146.625,146.63,-23.799999999999955,0.20000000000095497,-25.100000000000477,False,True,2.1866666666666665,0.395833333333136,2.8659626320064877,25.200000000000955,12022,146.354
2024H1|J_PULLBACK_CONTINUATION|2024-02-02T06:30:00+00:00|-1,120,2024-02-02 08:30:00.122000+00:00,2024-02-02 08:30:00.218000+00:00,True,146.652,146.661,-26.900000000000546,0.20000000000095497,-29.699999999999704,False,True,2.736666666666667,0.5762711864405636,3.3492822966507934,30.000000000001137,17069,146.354
2024H1|J_PULLBACK_CONTINUATION|2024-02-07T00:45:00+00:00|-1,15,2024-02-07 01:00:02.542000+00:00,2024-02-07 01:00:02.717000+00:00,True,147.85,147.856,1.0000000000019327,3.6000000000001364,-8.499999999997954,False,False,2.7666666666666666,0.3571428571429731,1.6850551654962265,11.999999999997613,1887,147.74
2024H1|J_PULLBACK_CONTINUATION|2024-02-07T00:45:00+00:00|-1,30,2024-02-07 01:15:02.542000+00:00,2024-02-07 01:15:02.777000+00:00,True,147.836,147.844,2.200000000001978,6.60000000000025,-8.499999999997954,False,False,1.2166666666666666,0.5074626865669869,2.0821917808218124,15.199999999998681,3344,147.74
2024H1|J_PULLBACK_CONTINUATION|2024-02-07T00:45:00+00:00|-1,60,2024-02-07 01:45:02.542000+00:00,2024-02-07 01:45:02.857000+00:00,True,147.804,147.809,5.700000000001637,6.900000000001683,-8.499999999997954,False,False,1.31,0.03125000000014799,2.0036463081128977,15.699999999998226,6136,147.74
2024H1|J_PULLBACK_CONTINUATION|2024-02-07T00:45:00+00:00|-1,90,2024-02-07 02:15:02.542000+00:00,2024-02-07 02:15:02.755000+00:00,True,147.859,147.869,-0.2999999999985903,15.000000000000568,-8.499999999997954,True,True,1.5466666666666666,0.44897959183649794,2.8961267605632814,23.499999999998522,9095,147.74
2024H1|J_PULLBACK_CONTINUATION|2024-02-07T00:45:00+00:00|-1,120,2024-02-07 02:45:02.542000+00:00,2024-02-07 02:45:04.128000+00:00,True,147.916,147.923,-5.699999999998795,15.000000000000568,-8.499999999997954,True,True,1.15,0.7870370370370809,2.982774252039757,23.499999999998522,11037,147.74
2024H1|J_PULLBACK_CONTINUATION|2024-02-07T07:15:00+00:00|-1,15,2024-02-07 07:30:00.110000+00:00,2024-02-07 07:30:00.141000+00:00,True,147.806,147.812,8.899999999999864,10.200000000000387,-1.6999999999995907,True,False,2.2333333333333334,0.21929824561407663,1.490445859872424,11.699999999999022,2498,147.901
2024H1|J_PULLBACK_CONTINUATION|2024-02-07T07:15:00+00:00|-1,30,2024-02-07 07:45:00.110000+00:00,2024-02-07 07:45:00.168000+00:00,True,147.839,147.843,5.800000000002115,14.6000000000015,-1.6999999999995907,True,False,2.816666666666667,0.7710843373493275,2.0017761989342384,16.100000000000136,4848,147.901
2024H1|J_PULLBACK_CONTINUATION|2024-02-07T07:15:00+00:00|-1,60,2024-02-07 08:15:00.110000+00:00,2024-02-07 08:15:01.269000+00:00,True,147.896,147.902,-0.09999999999763531,14.6000000000015,-1.6999999999995907,True,False,2.8433333333333333,0.11864406779645909,1.8658940397350738,16.100000000000136,9693,147.901
2024H1|J_PULLBACK_CONTINUATION|2024-02-07T07:15:00+00:00|-1,90,2024-02-07 08:45:00.110000+00:00,2024-02-07 08:45:00.216000+00:00,True,147.996,148.002,-10.099999999999909,14.6000000000015,-16.100000000000136,True,True,2.52,0.17647058823530637,3.265243902439119,30.60000000000116,13849,147.901
2024H1|J_PULLBACK_CONTINUATION|2024-02-07T07:15:00+00:00|-1,120,2024-02-07 09:15:00.110000+00:00,2024-02-07 09:15:00.117000+00:00,True,148.033,148.039,-13.79999999999768,14.6000000000015,-19.799999999997908,True,True,2.4466666666666668,0.9306930693068806,3.505094614264872,34.39999999999941,18141,147.901
2024H1|J_PULLBACK_CONTINUATION|2024-02-12T03:15:00+00:00|-1,15,2024-02-12 03:30:00.074000+00:00,2024-02-12 03:30:03.430000+00:00,True,149.175,149.181,-2.800000000002001,0.0,-3.900000000001569,False,False,1.56,0.07142857142851344,0.8777429467089058,4.000000000002046,1256,149.125
2024H1|J_PULLBACK_CONTINUATION|2024-02-12T03:15:00+00:00|-1,30,2024-02-12 03:45:00.074000+00:00,2024-02-12 03:45:00.174000+00:00,True,149.234,149.241,-8.800000000002228,0.0,-9.200000000001296,False,True,1.6633333333333333,0.06250000000027756,2.0666666666669826,9.300000000001774,2564,149.125
2024H1|J_PULLBACK_CONTINUATION|2024-02-12T03:15:00+00:00|-1,60,2024-02-12 04:15:00.074000+00:00,2024-02-12 04:15:00.152000+00:00,True,149.224,149.233,-8.00000000000125,0.0,-10.500000000001819,False,True,1.7466666666666666,0.7000000000001421,2.525773195876507,10.500000000001819,5136,149.125
2024H1|J_PULLBACK_CONTINUATION|2024-02-12T03:15:00+00:00|-1,90,2024-02-12 04:45:00.074000+00:00,2024-02-12 04:45:00.077000+00:00,True,149.226,149.231,-7.800000000000296,0.0,-10.500000000001819,False,True,1.5433333333333332,0.8124999999993339,2.722222222222447,10.500000000001819,7898,149.125
2024H1|J_PULLBACK_CONTINUATION|2024-02-12T03:15:00+00:00|-1,120,2024-02-12 05:15:00.074000+00:00,2024-02-12 05:15:00.682000+00:00,True,149.218,149.224,-7.099999999999795,0.0,-10.500000000001819,False,True,1.3533333333333333,0.5531914893613548,2.8710937500003353,10.500000000001819,10524,149.125
2024H1|J_PULLBACK_CONTINUATION|2024-02-12T09:30:00+00:00|-1,15,2024-02-12 09:45:00.159000+00:00,2024-02-12 09:45:00.271000+00:00,True,149.113,149.121,0.1999999999981128,1.8999999999977035,-1.8000000000000682,False,False,1.65,0.5614035087717374,0.514285714285363,3.5999999999972943,1615,148.987
2024H1|J_PULLBACK_CONTINUATION|2024-02-12T09:30:00+00:00|-1,30,2024-02-12 10:00:00.159000+00:00,2024-02-12 10:00:00.323000+00:00,True,149.127,149.134,-1.099999999999568,1.8999999999977035,-4.300000000000637,False,True,2.57,0.8522727272726576,0.8235294117644802,6.099999999997863,3184,148.987
2024H1|J_PULLBACK_CONTINUATION|2024-02-12T09:30:00+00:00|-1,60,2024-02-12 10:30:00.159000+00:00,2024-02-12 10:30:00.981000+00:00,True,149.049,149.055,6.799999999998363,7.499999999998863,-4.300000000000637,False,False,2.473333333333333,0.24444444444441638,1.5797665369649263,11.599999999998545,6620,148.987
2024H1|J_PULLBACK_CONTINUATION|2024-02-12T09:30:00+00:00|-1,90,2024-02-12 11:00:00.159000+00:00,2024-02-12 11:00:00.189000+00:00,True,149.05,149.058,6.499999999999773,8.099999999998886,-4.300000000000637,False,False,2.276666666666667,0.6428571428570269,1.6865817825661438,12.299999999999045,9689,148.987
2024H1|J_PULLBACK_CONTINUATION|2024-02-12T09:30:00+00:00|-1,120,2024-02-12 11:30:00.159000+00:00,2024-02-12 11:30:00.199000+00:00,True,149.084,149.09,3.299999999998704,10.299999999998022,-4.300000000000637,False,False,1.91,0.5747126436783636,2.14931650893797,14.599999999998658,12743,148.987
2024H1|J_PULLBACK_CONTINUATION|2024-02-15T06:45:00+00:00|-1,15,2024-02-15 07:00:01.337000+00:00,2024-02-15 07:00:01.413000+00:00,True,150.088,150.095,0.30000000000143245,1.700000000002433,-4.399999999998272,True,False,1.4733333333333334,0.07058823529411373,0.9076923076922442,5.89999999999975,1279,150.078
2024H1|J_PULLBACK_CONTINUATION|2024-02-15T06:45:00+00:00|-1,30,2024-02-15 07:15:01.337000+00:00,2024-02-15 07:15:01.452000+00:00,True,150.139,150.144,-4.599999999999227,4.000000000002046,-4.699999999999704,True,False,2.47,0.9433962264150892,1.2118126272913214,8.500000000000796,3680,150.078
2024H1|J_PULLBACK_CONTINUATION|2024-02-15T06:45:00+00:00|-1,60,2024-02-15 07:45:01.337000+00:00,2024-02-15 07:45:01.337000+00:00,True,150.183,150.192,-9.399999999999409,4.000000000002046,-10.699999999999932,True,True,1.9466666666666668,0.2253521126759379,1.9378531073444971,14.699999999999136,7720,150.078
2024H1|J_PULLBACK_CONTINUATION|2024-02-15T06:45:00+00:00|-1,90,2024-02-15 08:15:01.337000+00:00,2024-02-15 08:15:02.115000+00:00,True,150.07,150.076,2.200000000001978,5.700000000001637,-12.5,True,False,3.06,0.7977528089888178,2.0821692686932445,18.099999999998317,11917,150.078
2024H1|J_PULLBACK_CONTINUATION|2024-02-15T06:45:00+00:00|-1,120,2024-02-15 08:45:01.337000+00:00,2024-02-15 08:45:01.468000+00:00,True,150.048,150.055,4.300000000000637,7.900000000000773,-12.5,True,False,2.11,0.6037735849053568,2.3837209302323012,20.49999999999841,16203,150.078
2024H1|J_PULLBACK_CONTINUATION|2024-02-15T12:15:00+00:00|-1,15,2024-02-15 12:30:00.260000+00:00,2024-02-15 12:30:01.743000+00:00,True,150.028,150.034,2.2999999999996135,4.200000000000159,-1.2000000000000455,False,False,1.5133333333333334,0.5555555555557895,0.8298572996706959,5.400000000000205,1109,149.987
2024H1|J_PULLBACK_CONTINUATION|2024-02-15T12:15:00+00:00|-1,30,2024-02-15 12:45:00.260000+00:00,2024-02-15 12:45:03.107000+00:00,True,150.032,150.036,2.0999999999986585,4.200000000000159,-1.2000000000000455,False,False,0.8033333333333333,0.2264150943396429,0.852311161217592,5.400000000000205,2020,149.987
2024H1|J_PULLBACK_CONTINUATION|2024-02-15T12:15:00+00:00|-1,60,2024-02-15 13:15:00.260000+00:00,2024-02-15 13:15:01.558000+00:00,True,150.046,150.054,0.2999999999985903,4.200000000000159,-4.300000000000637,False,True,0.9933333333333333,0.6382978723403612,1.4049008168029629,8.600000000001273,4410,149.987
2024H1|J_PULLBACK_CONTINUATION|2024-02-15T12:15:00+00:00|-1,90,2024-02-15 13:45:00.260000+00:00,2024-02-15 13:45:00.310000+00:00,True,149.762,149.768,28.899999999998727,51.80000000000007,-4.400000000001114,True,False,5.973333333333334,0.5732758620690093,5.432835820895482,57.20000000000027,13405,149.987
2024H1|J_PULLBACK_CONTINUATION|2024-02-15T12:15:00+00:00|-1,120,2024-02-15 14:15:00.260000+00:00,2024-02-15 14:15:00.763000+00:00,True,149.967,149.977,7.999999999998408,51.80000000000007,-4.400000000001114,True,False,2.973333333333333,0.68125000000007,4.60229885057471,57.20000000000027,21553,149.987
2024H1|J_PULLBACK_CONTINUATION|2024-02-15T20:30:00+00:00|-1,15,2024-02-15 20:45:00.364000+00:00,2024-02-15 20:45:00.650000+00:00,True,149.946,149.952,1.5999999999991132,3.0000000000001137,-0.6000000000000227,False,False,1.0766666666666667,0.8181818181818965,0.6200466200463519,3.7999999999982492,1086,149.853
2024H1|J_PULLBACK_CONTINUATION|2024-02-15T20:30:00+00:00|-1,30,2024-02-15 21:00:00.364000+00:00,2024-02-15 21:00:00.400000+00:00,True,149.951,149.959,0.899999999998613,3.0000000000001137,-1.500000000001478,False,False,1.4966666666666666,0.7906976744182972,0.8093480934808956,4.699999999999704,2178,149.853
2024H1|J_PULLBACK_CONTINUATION|2024-02-15T20:30:00+00:00|-1,60,2024-02-15 21:30:00.364000+00:00,2024-02-15 21:30:00.940000+00:00,True,149.963,149.971,-0.30000000000143245,3.0000000000001137,-3.100000000000591,False,False,0.2966666666666667,0.9512195121955784,1.226703755215357,6.299999999998818,2955,149.853
2024H1|J_PULLBACK_CONTINUATION|2024-02-15T20:30:00+00:00|-1,90,2024-02-15 22:00:00.364000+00:00,2024-02-15 22:00:00.421000+00:00,True,149.895,149.949,1.8999999999977035,3.499999999999659,-3.100000000000591,False,False,0.82,0.3157894736841318,2.017830609212651,9.700000000000841,3869,149.853
2024H1|J_PULLBACK_CONTINUATION|2024-02-15T20:30:00+00:00|-1,120,2024-02-15 22:30:00.364000+00:00,2024-02-15 22:30:03.657000+00:00,True,149.906,149.944,2.400000000000091,4.200000000000159,-3.100000000000591,False,False,0.08,0.9230769230765867,3.2006980802791953,13.100000000000023,4045,149.853
2024H1|J_PULLBACK_CONTINUATION|2024-02-19T05:30:00+00:00|-1,15,2024-02-19 05:45:03.036000+00:00,2024-02-19 05:45:05.359000+00:00,True,149.981,149.988,-3.3999999999991815,0.40000000000190994,-3.7999999999982492,False,False,1.45,0.04545454545413441,1.023172905525858,4.099999999999682,987,149.924
2024H1|J_PULLBACK_CONTINUATION|2024-02-19T05:30:00+00:00|-1,30,2024-02-19 06:00:03.036000+00:00,2024-02-19 06:00:03.428000+00:00,True,150.01,150.015,-6.099999999997863,0.40000000000190994,-6.399999999999295,False,True,1.2133333333333334,0.8387096774195323,1.6992753623191357,6.700000000000728,2133,149.924
2024H1|J_PULLBACK_CONTINUATION|2024-02-19T05:30:00+00:00|-1,60,2024-02-19 06:30:03.036000+00:00,2024-02-19 06:30:04.791000+00:00,True,150.004,150.01,-5.599999999998317,0.40000000000190994,-8.199999999999363,False,True,1.0266666666666666,0.853658536585349,2.1777777777781218,8.400000000000318,4026,149.924
2024H1|J_PULLBACK_CONTINUATION|2024-02-19T05:30:00+00:00|-1,90,2024-02-19 07:00:03.036000+00:00,2024-02-19 07:00:03.072000+00:00,True,149.98,149.988,-3.3999999999991815,0.40000000000190994,-8.199999999999363,False,True,0.89,0.7761194029853026,2.107526881720645,8.400000000000318,5710,149.924
2024H1|J_PULLBACK_CONTINUATION|2024-02-19T05:30:00+00:00|-1,120,2024-02-19 07:30:03.036000+00:00,2024-02-19 07:30:03.089000+00:00,True,149.945,149.951,0.30000000000143245,1.4000000000010004,-8.199999999999363,False,False,1.29,0.6428571428573604,2.418181818181864,9.499999999999886,8149,149.924
2024H1|J_PULLBACK_CONTINUATION|2024-02-19T10:30:00+00:00|-1,15,2024-02-19 10:45:00.084000+00:00,2024-02-19 10:45:00.576000+00:00,True,149.981,149.987,-4.099999999999682,0.10000000000047748,-4.200000000000159,False,True,0.9,0.3448275862072683,1.1261425959780607,4.400000000001114,642,149.89
2024H1|J_PULLBACK_CONTINUATION|2024-02-19T10:30:00+00:00|-1,30,2024-02-19 11:00:00.084000+00:00,2024-02-19 11:00:00.286000+00:00,True,149.988,149.995,-4.900000000000659,0.10000000000047748,-5.699999999998795,False,True,1.12,0.8888888888893567,1.4871794871796635,5.800000000002115,1592,149.89
2024H1|J_PULLBACK_CONTINUATION|2024-02-19T10:30:00+00:00|-1,60,2024-02-19 11:30:00.084000+00:00,2024-02-19 11:30:00.133000+00:00,True,149.979,149.983,-3.700000000000614,0.10000000000047748,-5.699999999998795,False,True,0.8866666666666667,0.39393939393936783,1.6487025948098257,5.89999999999975,3450,149.89
2024H1|J_PULLBACK_CONTINUATION|2024-02-19T10:30:00+00:00|-1,90,2024-02-19 12:00:00.084000+00:00,2024-02-19 12:00:00.087000+00:00,True,149.986,149.991,-4.500000000001592,0.10000000000047748,-5.699999999998795,False,True,1.2066666666666668,0.8620689655175455,1.619607843136764,5.89999999999975,5438,149.89
2024H1|J_PULLBACK_CONTINUATION|2024-02-19T10:30:00+00:00|-1,120,2024-02-19 12:30:00.084000+00:00,2024-02-19 12:30:01.141000+00:00,True,149.973,149.978,-3.2000000000010687,0.10000000000047748,-5.699999999998795,False,True,0.5133333333333333,0.9000000000004738,1.6653225806446779,5.89999999999975,6952,149.89
2024H1|J_PULLBACK_CONTINUATION|2024-02-20T17:45:00+00:00|-1,15,2024-02-20 18:00:04.934000+00:00,2024-02-20 18:00:08.232000+00:00,True,149.896,149.901,-0.30000000000143245,0.9999999999990905,-2.1000000000015007,False,False,1.4533333333333334,0.09523809523854643,0.3440677966101244,2.899999999999636,1150,149.741
2024H1|J_PULLBACK_CONTINUATION|2024-02-20T17:45:00+00:00|-1,30,2024-02-20 18:15:04.934000+00:00,2024-02-20 18:15:05.617000+00:00,True,149.921,149.928,-3.0000000000001137,0.9999999999990905,-3.2000000000010687,False,False,0.8933333333333333,0.41463414634139584,0.531165311653137,4.200000000000159,2036,149.741
2024H1|J_PULLBACK_CONTINUATION|2024-02-20T17:45:00+00:00|-1,60,2024-02-20 18:45:04.934000+00:00,2024-02-20 18:45:05.003000+00:00,True,149.974,149.98,-8.199999999999363,0.9999999999990905,-11.7999999999995,False,True,1.5166666666666666,0.3599999999999318,1.9118279569890078,12.699999999998113,4809,149.741
2024H1|J_PULLBACK_CONTINUATION|2024-02-20T17:45:00+00:00|-1,90,2024-02-20 19:15:04.934000+00:00,2024-02-20 19:15:05.014000+00:00,True,149.942,149.947,-4.900000000000659,0.9999999999990905,-11.7999999999995,False,True,1.46,0.14000000000014778,2.091764705882126,12.699999999998113,7753,149.741
2024H1|J_PULLBACK_CONTINUATION|2024-02-20T17:45:00+00:00|-1,120,2024-02-20 19:45:04.934000+00:00,2024-02-20 19:45:06.067000+00:00,True,149.975,149.981,-8.29999999999984,0.9999999999990905,-11.7999999999995,False,True,1.4466666666666668,0.10769230769195115,2.244949494949318,12.699999999998113,10666,149.741
2024H1|J_PULLBACK_CONTINUATION|2024-02-20T22:15:00+00:00|-1,15,2024-02-20 22:30:34.523000+00:00,2024-02-20 22:30:35.936000+00:00,True,149.952,149.972,-3.6000000000001364,-1.300000000000523,-6.399999999999295,True,False,0.13,0.3333333333330175,0.6038338658144518,2.6999999999986812,153,149.93
2024H1|J_PULLBACK_CONTINUATION|2024-02-20T22:15:00+00:00|-1,30,2024-02-20 22:45:34.523000+00:00,2024-02-20 22:45:35.560000+00:00,True,149.938,149.963,-2.6999999999986812,-0.899999999998613,-6.399999999999295,True,False,1.3033333333333332,0.7948717948716267,0.7056910569100788,3.099999999997749,869,149.93
2024H1|J_PULLBACK_CONTINUATION|2024-02-20T22:15:00+00:00|-1,60,2024-02-20 23:15:34.523000+00:00,2024-02-20 23:15:34.619000+00:00,True,149.958,149.964,-2.7999999999991587,-0.899999999998613,-6.399999999999295,True,True,0.7766666666666666,0.9024390243901509,1.2473118279568127,5.799999999999272,3204,149.93
2024H1|J_PULLBACK_CONTINUATION|2024-02-20T22:15:00+00:00|-1,90,2024-02-20 23:45:34.523000+00:00,2024-02-20 23:45:37.231000+00:00,True,149.931,149.937,-0.10000000000047748,4.500000000001592,-6.399999999999295,True,False,0.65,0.14545454545470515,1.7863501483681241,8.600000000001273,4815,149.93
2024H1|J_PULLBACK_CONTINUATION|2024-02-20T22:15:00+00:00|-1,120,2024-02-21 00:15:34.523000+00:00,2024-02-21 00:15:35.192000+00:00,True,150.02,150.028,-9.199999999998454,4.500000000001592,-10.200000000000387,True,True,2.013333333333333,0.7594936708860304,2.611675126903774,14.700000000001978,7140,149.93
2024H1|J_PULLBACK_CONTINUATION|2024-02-27T06:30:00+00:00|-1,15,2024-02-27 06:45:00.218000+00:00,2024-02-27 06:45:04.592000+00:00,True,150.501,150.504,-1.6999999999995907,1.999999999998181,-2.5000000000005684,False,True,0.8333333333333334,0.7777777777781287,1.1384083044982485,4.699999999999704,743,150.404
2024H1|J_PULLBACK_CONTINUATION|2024-02-27T06:30:00+00:00|-1,30,2024-02-27 07:00:00.218000+00:00,2024-02-27 07:00:00.298000+00:00,True,150.488,150.493,-0.6000000000000227,1.999999999998181,-3.300000000001546,False,True,0.8833333333333333,0.9473684210523954,1.2706270627057832,5.49999999999784,1498,150.404
2024H1|J_PULLBACK_CONTINUATION|2024-02-27T06:30:00+00:00|-1,60,2024-02-27 07:30:00.218000+00:00,2024-02-27 07:30:01.472000+00:00,True,150.389,150.392,9.499999999999886,9.499999999999886,-3.300000000001546,True,False,1.86,0.45714285714305436,2.6931297709919733,12.599999999997635,3884,150.404
2024H1|J_PULLBACK_CONTINUATION|2024-02-27T06:30:00+00:00|-1,90,2024-02-27 08:00:00.218000+00:00,2024-02-27 08:00:01.013000+00:00,True,150.354,150.357,12.999999999999545,16.200000000000614,-3.300000000001546,True,False,1.1266666666666667,0.7592592592591716,3.763231197771623,19.299999999998363,6486,150.404
2024H1|J_PULLBACK_CONTINUATION|2024-02-27T06:30:00+00:00|-1,120,2024-02-27 08:30:00.218000+00:00,2024-02-27 08:30:01.143000+00:00,True,150.254,150.258,22.8999999999985,24.500000000000455,-3.300000000001546,True,False,1.96,0.796296296296384,4.752136752137005,27.79999999999916,10345,150.404
2024H1|J_PULLBACK_CONTINUATION|2024-02-27T12:00:00+00:00|-1,15,2024-02-27 12:15:00.129000+00:00,2024-02-27 12:15:01.392000+00:00,True,150.237,150.241,7.099999999999795,7.00000000000216,-0.699999999997658,False,False,0.76,0.18604651162810681,1.3059701492536224,7.499999999998863,846,150.226
2024H1|J_PULLBACK_CONTINUATION|2024-02-27T12:00:00+00:00|-1,30,2024-02-27 12:30:00.129000+00:00,2024-02-27 12:30:00.196000+00:00,True,150.247,150.253,5.900000000002592,9.300000000001774,-0.699999999997658,True,False,1.19,0.37383177570086257,1.668653158522071,9.999999999999432,1845,150.226
2024H1|J_PULLBACK_CONTINUATION|2024-02-27T12:00:00+00:00|-1,60,2024-02-27 13:00:00.129000+00:00,2024-02-27 13:00:00.679000+00:00,True,150.225,150.229,8.29999999999984,14.000000000001478,-0.699999999997658,True,False,2.0566666666666666,0.7681159420291706,2.41491841491842,14.799999999999613,4874,150.226
2024H1|J_PULLBACK_CONTINUATION|2024-02-27T12:00:00+00:00|-1,90,2024-02-27 13:30:00.129000+00:00,2024-02-27 13:30:00.189000+00:00,True,150.225,150.236,7.600000000002183,14.300000000000068,-0.699999999997658,True,False,1.45,0.09543568464729257,1.958412098298639,14.799999999999613,7699,150.226
2024H1|J_PULLBACK_CONTINUATION|2024-02-27T12:00:00+00:00|-1,120,2024-02-27 14:00:00.129000+00:00,2024-02-27 14:00:00.205000+00:00,True,150.273,150.281,3.100000000000591,23.30000000000041,-0.7999999999981355,True,False,2.02,0.0,2.9237435008664554,24.099999999998545,12936,150.226
2024H1|J_PULLBACK_CONTINUATION|2024-02-29T05:45:00+00:00|-1,15,2024-02-29 06:00:00.059000+00:00,2024-02-29 06:00:00.074000+00:00,True,149.903,149.909,-3.7999999999982492,-0.699999999997658,-10.3999999999985,False,False,1.5633333333333332,0.530434782608715,0.8336402701041914,9.699999999997999,1398,149.694
2024H1|J_PULLBACK_CONTINUATION|2024-02-29T05:45:00+00:00|-1,30,2024-02-29 06:15:00.059000+00:00,2024-02-29 06:15:01.158000+00:00,True,149.871,149.878,-0.699999999997658,4.500000000001592,-10.3999999999985,False,False,0.6866666666666666,1.0,1.2852741836106356,14.900000000000091,2843,149.694
2024H1|J_PULLBACK_CONTINUATION|2024-02-29T05:45:00+00:00|-1,60,2024-02-29 06:45:00.059000+00:00,2024-02-29 06:45:00.724000+00:00,True,149.792,149.796,7.500000000001705,11.700000000001864,-10.3999999999985,False,False,2.27,0.5294117647056857,1.945431472081209,21.89999999999941,5846,149.694
2024H1|J_PULLBACK_CONTINUATION|2024-02-29T05:45:00+00:00|-1,90,2024-02-29 07:15:00.059000+00:00,2024-02-29 07:15:04.412000+00:00,True,149.749,149.752,11.899999999999977,24.399999999999977,-10.3999999999985,True,False,2.58,0.45864661654125694,2.8833333333332614,34.59999999999752,9354,149.694
2024H1|J_PULLBACK_CONTINUATION|2024-02-29T05:45:00+00:00|-1,120,2024-02-29 07:45:00.059000+00:00,2024-02-29 07:45:00.066000+00:00,True,149.78,149.782,8.899999999999864,24.399999999999977,-10.3999999999985,True,False,2.5366666666666666,0.9536423841059304,2.7398190045247772,34.59999999999752,13627,149.694
2024H1|J_PULLBACK_CONTINUATION|2024-02-29T13:45:00+00:00|-1,15,2024-02-29 14:00:00.144000+00:00,2024-02-29 14:00:00.148000+00:00,True,149.779,149.786,5.500000000000682,10.500000000001819,-0.49999999999954525,True,False,3.1066666666666665,0.6831275720164618,0.918982850384539,11.100000000001842,3697,149.763
2024H1|J_PULLBACK_CONTINUATION|2024-02-29T13:45:00+00:00|-1,30,2024-02-29 14:15:00.144000+00:00,2024-02-29 14:15:00.351000+00:00,True,149.643,149.648,19.300000000001205,27.000000000001023,-0.49999999999954525,True,False,3.6633333333333336,0.022900763358670972,2.2374059061957947,27.600000000001046,6625,149.763
2024H1|J_PULLBACK_CONTINUATION|2024-02-29T13:45:00+00:00|-1,60,2024-02-29 14:45:00.144000+00:00,2024-02-29 14:45:00.178000+00:00,True,149.678,149.681,15.999999999999659,27.000000000001023,-1.300000000000523,True,False,2.953333333333333,0.8524590163934369,2.0255623721882317,28.300000000001546,11411,149.763
2024H1|J_PULLBACK_CONTINUATION|2024-02-29T13:45:00+00:00|-1,90,2024-02-29 15:15:00.144000+00:00,2024-02-29 15:15:00.201000+00:00,True,149.351,149.355,48.60000000000184,57.60000000000218,-1.300000000000523,True,False,3.7733333333333334,0.7616580310881027,3.729534147444745,58.900000000002706,17763,149.763
2024H1|J_PULLBACK_CONTINUATION|2024-02-29T13:45:00+00:00|-1,120,2024-02-29 15:45:00.144000+00:00,2024-02-29 15:45:00.280000+00:00,True,149.397,149.4,44.10000000000025,62.999999999999545,-1.300000000000523,True,False,2.6,0.187702265372221,3.5317303902246686,64.00000000000148,22480,149.763
2024H1|J_PULLBACK_CONTINUATION|2024-03-01T21:15:00+00:00|-1,15,2024-03-01 21:30:00.174000+00:00,2024-03-01 21:30:00.194000+00:00,True,150.154,150.16,-2.7999999999991587,-0.49999999999954525,-2.7999999999991587,False,False,0.55,0.8846153846148801,0.5127388535031565,2.2999999999996135,344,150.05
2024H1|J_PULLBACK_CONTINUATION|2024-03-01T21:15:00+00:00|-1,30,2024-03-01 21:45:00.174000+00:00,2024-03-01 21:45:00.797000+00:00,True,150.131,150.137,-0.49999999999954525,-0.2999999999985903,-2.7999999999991587,False,False,0.48333333333333334,0.8470588235293646,0.561728395062007,2.600000000001046,755,150.05
2024H1|J_PULLBACK_CONTINUATION|2024-03-01T21:15:00+00:00|-1,60,2024-03-01 22:15:00.174000+00:00,2024-03-03 22:00:01.641000+00:00,True,149.944,150.055,7.699999999999818,2.000000000001023,-6.799999999998363,False,False,0.0033333333333333335,0.8470588235293646,2.2253086419757038,10.300000000000864,1962,150.05
2024H1|J_PULLBACK_CONTINUATION|2024-03-01T21:15:00+00:00|-1,90,2024-03-01 22:45:00.174000+00:00,2024-03-03 22:00:01.641000+00:00,True,149.944,150.055,7.699999999999818,2.000000000001023,-6.799999999998363,False,False,0.0033333333333333335,0.8470588235293646,2.2253086419757038,10.300000000000864,1962,150.05
2024H1|J_PULLBACK_CONTINUATION|2024-03-01T21:15:00+00:00|-1,120,2024-03-01 23:15:00.174000+00:00,2024-03-03 22:00:01.641000+00:00,True,149.944,150.055,7.699999999999818,2.000000000001023,-6.799999999998363,False,False,0.0033333333333333335,0.8470588235293646,2.2253086419757038,10.300000000000864,1962,150.05
2024H1|J_PULLBACK_CONTINUATION|2024-03-05T16:30:00+00:00|-1,15,2024-03-05 16:45:00.058000+00:00,2024-03-05 16:45:00.260000+00:00,True,150.182,150.185,-6.000000000000227,1.5999999999991132,-8.29999999999984,False,True,1.8333333333333333,0.787878787878901,0.7109947643979582,9.700000000000841,1816,149.701
2024H1|J_PULLBACK_CONTINUATION|2024-03-05T16:30:00+00:00|-1,30,2024-03-05 17:00:00.058000+00:00,2024-03-05 17:00:00.090000+00:00,True,150.147,150.15,-2.5000000000005684,1.5999999999991132,-10.400000000001342,False,True,1.6266666666666667,0.9803921568626468,0.9156756756757491,12.100000000000932,3457,149.701
2024H1|J_PULLBACK_CONTINUATION|2024-03-05T16:30:00+00:00|-1,60,2024-03-05 17:30:00.058000+00:00,2024-03-05 17:30:00.506000+00:00,True,150.076,150.078,4.699999999999704,6.800000000001205,-10.400000000001342,False,False,1.1766666666666667,0.0,1.3525818989450913,17.40000000000066,6304,149.701
2024H1|J_PULLBACK_CONTINUATION|2024-03-05T16:30:00+00:00|-1,90,2024-03-05 18:00:00.058000+00:00,2024-03-05 18:00:00.080000+00:00,True,150.093,150.095,3.0000000000001137,6.800000000001205,-10.400000000001342,False,False,0.6433333333333333,1.0,1.3975903614458172,17.40000000000066,8537,149.701
2024H1|J_PULLBACK_CONTINUATION|2024-03-05T16:30:00+00:00|-1,120,2024-03-05 18:30:00.058000+00:00,2024-03-05 18:30:00.101000+00:00,True,150.069,150.071,5.400000000000205,7.900000000000773,-10.400000000001342,False,False,0.53,0.3076923076924759,1.9557251908396134,18.299999999999272,10225,149.701
2024H1|J_PULLBACK_CONTINUATION|2024-03-05T23:15:00+00:00|-1,15,2024-03-05 23:30:04.045000+00:00,2024-03-05 23:30:09.876000+00:00,True,149.924,149.929,-1.500000000001478,2.0999999999986585,-2.000000000001023,False,False,0.32,0.01639344262302722,0.6205405405405038,4.099999999999682,304,149.815
2024H1|J_PULLBACK_CONTINUATION|2024-03-05T23:15:00+00:00|-1,30,2024-03-05 23:45:04.045000+00:00,2024-03-05 23:45:04.452000+00:00,True,149.974,149.978,-6.400000000002137,2.0999999999986585,-7.400000000001228,False,False,0.49,0.02173913043458109,1.4728850325381388,9.700000000000841,764,149.815
2024H1|J_PULLBACK_CONTINUATION|2024-03-05T23:15:00+00:00|-1,60,2024-03-06 00:15:04.045000+00:00,2024-03-06 00:15:05.055000+00:00,True,150.04,150.044,-13.000000000002387,2.0999999999986585,-17.40000000000066,False,True,0.68,0.697674418604728,2.7388282025821056,19.700000000000273,2130,149.815
2024H1|J_PULLBACK_CONTINUATION|2024-03-05T23:15:00+00:00|-1,90,2024-03-06 00:45:04.045000+00:00,2024-03-06 00:45:04.105000+00:00,True,149.938,149.943,-2.9000000000024784,2.0999999999986585,-17.40000000000066,False,False,1.2933333333333332,0.19166666666662724,2.5655813953489,19.700000000000273,3983,149.815
2024H1|J_PULLBACK_CONTINUATION|2024-03-05T23:15:00+00:00|-1,120,2024-03-06 01:15:04.045000+00:00,2024-03-06 01:15:05.580000+00:00,True,149.991,149.996,-8.200000000002206,2.0999999999986585,-17.40000000000066,False,True,0.6066666666666667,0.044444444444668996,2.546629732225406,19.700000000000273,5794,149.815
2024H1|J_PULLBACK_CONTINUATION|2024-03-06T04:15:00+00:00|-1,15,2024-03-06 04:30:00.314000+00:00,2024-03-06 04:30:00.604000+00:00,True,149.97,149.975,-1.8000000000000682,0.9999999999990905,-2.5000000000005684,False,True,0.46,0.7708333333334321,0.717948717948776,3.6000000000001364,314,149.891
2024H1|J_PULLBACK_CONTINUATION|2024-03-06T04:15:00+00:00|-1,30,2024-03-06 04:45:00.314000+00:00,2024-03-06 04:45:01.688000+00:00,True,149.97,149.974,-1.6999999999995907,0.9999999999990905,-5.19999999999925,False,True,0.8466666666666667,0.8571428571428572,1.241773962803702,6.19999999999834,1005,149.891
2024H1|J_PULLBACK_CONTINUATION|2024-03-06T04:15:00+00:00|-1,60,2024-03-06 05:15:00.314000+00:00,2024-03-06 05:15:01.249000+00:00,True,149.931,149.933,2.400000000000091,3.7999999999982492,-5.19999999999925,False,False,0.7,0.7155963302753848,1.6912751677853533,9.000000000000341,2456,149.891
2024H1|J_PULLBACK_CONTINUATION|2024-03-06T04:15:00+00:00|-1,90,2024-03-06 05:45:00.314000+00:00,2024-03-06 05:45:01.112000+00:00,True,149.88,149.883,7.399999999998386,14.499999999998181,-5.19999999999925,True,False,0.49333333333333335,0.0,3.540229885057664,19.80000000000075,4140,149.891
2024H1|J_PULLBACK_CONTINUATION|2024-03-06T04:15:00+00:00|-1,120,2024-03-06 06:15:00.314000+00:00,2024-03-06 06:15:01.283000+00:00,True,149.878,149.882,7.499999999998863,14.499999999998181,-5.19999999999925,True,False,1.05,0.10526315789450069,3.452054794520813,19.80000000000075,5131,149.891
2024H1|J_PULLBACK_CONTINUATION|2024-03-06T09:45:00+00:00|-1,15,2024-03-06 10:00:00.174000+00:00,2024-03-06 10:00:00.499000+00:00,True,149.648,149.65,6.999999999999318,9.399999999999409,-2.5000000000005684,False,False,0.94,0.2359550561799475,0.8091306459446104,11.899999999999977,919,149.324
2024H1|J_PULLBACK_CONTINUATION|2024-03-06T09:45:00+00:00|-1,30,2024-03-06 10:15:00.174000+00:00,2024-03-06 10:15:01.584000+00:00,True,149.712,149.717,0.2999999999985903,9.399999999999409,-2.5000000000005684,False,False,0.6833333333333333,0.25388601036271263,0.7600364963503412,11.899999999999977,1715,149.324
2024H1|J_PULLBACK_CONTINUATION|2024-03-06T09:45:00+00:00|-1,60,2024-03-06 10:45:00.174000+00:00,2024-03-06 10:45:06.092000+00:00,True,149.796,149.8,-8.00000000000125,15.000000000000568,-9.299999999998931,False,True,0.7366666666666667,0.9310344827587728,1.963365769891231,24.500000000000455,3652,149.324
2024H1|J_PULLBACK_CONTINUATION|2024-03-06T09:45:00+00:00|-1,90,2024-03-06 11:15:00.174000+00:00,2024-03-06 11:15:01.256000+00:00,True,149.717,149.72,0.0,15.000000000000568,-9.299999999998931,False,False,0.2966666666666667,0.09459459459468278,2.4036440084092594,24.500000000000455,4813,149.324
2024H1|J_PULLBACK_CONTINUATION|2024-03-06T09:45:00+00:00|-1,120,2024-03-06 11:45:00.174000+00:00,2024-03-06 11:45:00.605000+00:00,True,149.746,149.748,-2.7999999999991587,15.000000000000568,-9.299999999998931,False,True,0.7966666666666666,0.6290322580641908,2.5712143928036397,24.500000000000455,5822,149.324
2024H1|J_PULLBACK_CONTINUATION|2024-03-06T15:15:00+00:00|-1,15,2024-03-06 15:30:00.179000+00:00,2024-03-06 15:30:00.203000+00:00,True,149.453,149.458,-15.399999999999636,3.8000000000010914,-16.99999999999875,True,False,2.3,0.708333333333284,1.3209932279909717,20.90000000000032,2291,149.269
2024H1|J_PULLBACK_CONTINUATION|2024-03-06T15:15:00+00:00|-1,30,2024-03-06 15:45:00.179000+00:00,2024-03-06 15:45:00.639000+00:00,True,149.506,149.509,-20.49999999999841,3.8000000000010914,-34.29999999999893,True,True,2.0033333333333334,0.7272727272726881,2.3496932515337914,38.30000000000098,4686,149.269
2024H1|J_PULLBACK_CONTINUATION|2024-03-06T15:15:00+00:00|-1,60,2024-03-06 16:15:00.179000+00:00,2024-03-06 16:15:00.272000+00:00,True,149.367,149.371,-6.700000000000728,3.8000000000010914,-34.29999999999893,True,False,1.16,0.3012048192771827,2.327256944444473,38.30000000000098,8044,149.269
2024H1|J_PULLBACK_CONTINUATION|2024-03-06T15:15:00+00:00|-1,90,2024-03-06 16:45:00.179000+00:00,2024-03-06 16:45:01.029000+00:00,True,149.303,149.307,-0.2999999999985903,3.8000000000010914,-34.29999999999893,True,False,1.2733333333333334,0.7386363636364315,2.2904741563434654,38.30000000000098,10736,149.269
2024H1|J_PULLBACK_CONTINUATION|2024-03-06T15:15:00+00:00|-1,120,2024-03-06 17:15:00.179000+00:00,2024-03-06 17:15:00.804000+00:00,True,149.261,149.264,3.999999999999204,20.79999999999984,-34.29999999999893,True,False,1.2633333333333334,0.8190476190478201,3.7433155080213862,55.00000000000114,14070,149.269
2024H1|J_PULLBACK_CONTINUATION|2024-03-06T21:00:00+00:00|-1,15,2024-03-06 21:15:00.059000+00:00,2024-03-06 21:15:13.470000+00:00,True,149.397,149.4,-4.800000000000182,-0.2999999999985903,-4.999999999998295,False,True,0.27666666666666667,0.09259259259250485,0.6313725490194954,4.599999999999227,477,149.255
2024H1|J_PULLBACK_CONTINUATION|2024-03-06T21:00:00+00:00|-1,30,2024-03-06 21:30:00.059000+00:00,2024-03-06 21:30:00.066000+00:00,True,149.436,149.445,-9.299999999998931,-0.2999999999985903,-9.600000000000364,False,True,0.35,0.46153846153829337,1.3879310344825295,9.199999999998454,663,149.255
2024H1|J_PULLBACK_CONTINUATION|2024-03-06T21:00:00+00:00|-1,60,2024-03-06 22:00:00.059000+00:00,2024-03-06 22:00:00.142000+00:00,True,149.348,149.416,-6.399999999999295,-0.2999999999985903,-10.099999999999909,False,True,0.9733333333333334,0.8000000000001033,1.4539614561028693,9.700000000000841,2326,149.255
2024H1|J_PULLBACK_CONTINUATION|2024-03-06T21:00:00+00:00|-1,90,2024-03-06 22:30:00.059000+00:00,2024-03-06 22:30:01.527000+00:00,True,149.322,149.346,0.6000000000000227,6.60000000000025,-10.099999999999909,False,False,0.49,0.35416666666656793,2.7907995618836816,18.199999999998795,2710,149.255
2024H1|J_PULLBACK_CONTINUATION|2024-03-06T21:00:00+00:00|-1,120,2024-03-06 23:00:00.059000+00:00,2024-03-06 23:00:00.154000+00:00,True,149.327,149.336,1.5999999999991132,6.60000000000025,-10.099999999999909,False,False,0.26,0.9333333333334912,2.9287356321836033,18.199999999998795,3466,149.255
2024H1|J_PULLBACK_CONTINUATION|2024-03-07T06:15:00+00:00|-1,15,2024-03-07 06:30:00.177000+00:00,2024-03-07 06:30:01.380000+00:00,True,148.472,148.476,14.000000000001478,23.200000000002774,-0.2999999999985903,True,False,1.5133333333333334,0.6274509803921514,2.134366925064803,23.60000000000184,1265,148.401
2024H1|J_PULLBACK_CONTINUATION|2024-03-07T06:15:00+00:00|-1,30,2024-03-07 06:45:00.177000+00:00,2024-03-07 06:45:00.221000+00:00,True,148.354,148.36,25.600000000000023,33.00000000000125,-0.2999999999985903,True,False,2.0033333333333334,0.6887159533074609,2.7170249854735817,33.40000000000032,3103,148.401
2024H1|J_PULLBACK_CONTINUATION|2024-03-07T06:15:00+00:00|-1,60,2024-03-07 07:15:00.177000+00:00,2024-03-07 07:15:00.376000+00:00,True,148.101,148.104,51.200000000000045,58.70000000000175,-0.2999999999985903,True,False,2.4,0.052023121387366755,4.304347826087083,59.40000000000225,7791,148.401
2024H1|J_PULLBACK_CONTINUATION|2024-03-07T06:15:00+00:00|-1,90,2024-03-07 07:45:00.177000+00:00,2024-03-07 07:45:00.497000+00:00,True,148.135,148.14,47.60000000000275,58.70000000000175,-0.2999999999985903,True,False,1.8966666666666667,0.9863013698630777,4.019333011116601,59.40000000000225,11728,148.401
2024H1|J_PULLBACK_CONTINUATION|2024-03-07T06:15:00+00:00|-1,120,2024-03-07 08:15:00.177000+00:00,2024-03-07 08:15:02.242000+00:00,True,148.056,148.058,55.800000000002115,70.10000000000218,-0.2999999999985903,True,False,2.29,0.9570815450644174,4.396797153024981,70.60000000000173,16518,148.401
2024H1|J_PULLBACK_CONTINUATION|2024-03-07T13:30:00+00:00|-1,15,2024-03-07 13:45:00.042000+00:00,2024-03-07 13:45:00.061000+00:00,True,147.672,147.679,4.4999999999987494,11.199999999999477,-6.30000000000166,False,False,4.056666666666667,0.5,1.331542181622887,17.700000000002092,3730,147.582
2024H1|J_PULLBACK_CONTINUATION|2024-03-07T13:30:00+00:00|-1,30,2024-03-07 14:00:00.042000+00:00,2024-03-07 14:00:00.086000+00:00,True,147.767,147.771,-4.699999999999704,11.199999999999477,-14.700000000001978,False,False,3.466666666666667,0.26457399103136325,1.8188153310105564,26.10000000000241,7220,147.582
2024H1|J_PULLBACK_CONTINUATION|2024-03-07T13:30:00+00:00|-1,60,2024-03-07 14:30:00.042000+00:00,2024-03-07 14:30:00.109000+00:00,True,147.875,147.877,-15.300000000002001,11.199999999999477,-23.400000000000887,False,False,3.716666666666667,0.04472843450473518,2.227709190672168,34.80000000000132,14927,147.582
2024H1|J_PULLBACK_CONTINUATION|2024-03-07T13:30:00+00:00|-1,90,2024-03-07 15:00:00.042000+00:00,2024-03-07 15:00:00.091000+00:00,True,148.119,148.124,-40.00000000000057,11.199999999999477,-50.200000000000955,False,True,1.7433333333333334,0.5639534883719863,3.615545340576689,61.80000000000234,20065,147.582
2024H1|J_PULLBACK_CONTINUATION|2024-03-07T13:30:00+00:00|-1,120,2024-03-07 15:30:00.042000+00:00,2024-03-07 15:30:00.068000+00:00,True,148.24,148.245,-52.1000000000015,11.199999999999477,-57.90000000000077,False,True,3.18,0.8950617283950726,3.9462321792260444,69.20000000000073,24919,147.582
2024H1|J_PULLBACK_CONTINUATION|2024-03-07T18:30:00+00:00|-1,15,2024-03-07 18:45:01.021000+00:00,2024-03-07 18:45:02.384000+00:00,True,148.067,148.072,-1.5999999999991132,2.9000000000024784,-1.8999999999977035,False,True,1.1133333333333333,0.18987341772168753,0.41905925473431177,4.900000000000659,1073,147.967
2024H1|J_PULLBACK_CONTINUATION|2024-03-07T18:30:00+00:00|-1,30,2024-03-07 19:00:01.021000+00:00,2024-03-07 19:00:02.832000+00:00,True,148.111,148.115,-5.89999999999975,2.9000000000024784,-7.399999999998386,False,True,1.23,0.9571428571426484,0.9423948220065497,10.400000000001342,2092,147.967
2024H1|J_PULLBACK_CONTINUATION|2024-03-07T18:30:00+00:00|-1,60,2024-03-07 19:30:01.021000+00:00,2024-03-07 19:30:09.514000+00:00,True,148.062,148.065,-0.899999999998613,2.9000000000024784,-8.199999999999363,False,True,0.47333333333333333,0.976744186046404,1.1545319465080166,11.099999999999,3864,147.967
2024H1|J_PULLBACK_CONTINUATION|2024-03-07T18:30:00+00:00|-1,90,2024-03-07 20:00:01.021000+00:00,2024-03-07 20:00:01.163000+00:00,True,148.003,148.01,4.600000000002069,5.100000000001614,-8.199999999999363,False,False,0.7133333333333334,0.15094339622660735,1.8315163528242275,13.199999999997658,5047,147.967
2024H1|J_PULLBACK_CONTINUATION|2024-03-07T18:30:00+00:00|-1,120,2024-03-07 20:30:01.021000+00:00,2024-03-07 20:30:01.644000+00:00,True,148.047,148.05,0.6000000000000227,5.89999999999975,-8.199999999999363,False,False,0.7066666666666667,0.12121212121183411,2.3195266272186337,13.999999999998636,6965,147.967
2024H1|J_PULLBACK_CONTINUATION|2024-03-08T03:45:00+00:00|-1,15,2024-03-08 04:00:00.633000+00:00,2024-03-08 04:00:01.750000+00:00,True,147.812,147.815,7.099999999999795,7.699999999999818,-2.1000000000015007,True,False,0.8333333333333334,0.8235294117647305,0.8523985239851474,9.899999999998954,624,147.84
2024H1|J_PULLBACK_CONTINUATION|2024-03-08T03:45:00+00:00|-1,30,2024-03-08 04:15:00.633000+00:00,2024-03-08 04:15:04.091000+00:00,True,147.815,147.817,6.89999999999884,7.900000000000773,-2.1000000000015007,True,False,1.0966666666666667,0.19642857142850345,0.8992443324937243,10.200000000000387,1407,147.84
2024H1|J_PULLBACK_CONTINUATION|2024-03-08T03:45:00+00:00|-1,60,2024-03-08 04:45:00.633000+00:00,2024-03-08 04:45:02.785000+00:00,True,147.892,147.896,-0.9999999999990905,10.900000000000887,-2.2999999999996135,True,True,0.4666666666666667,0.47311827956976105,1.3333333333332777,12.999999999999545,2269,147.84
2024H1|J_PULLBACK_CONTINUATION|2024-03-08T03:45:00+00:00|-1,90,2024-03-08 05:15:00.633000+00:00,2024-03-08 05:15:01.246000+00:00,True,147.831,147.837,4.900000000000659,10.900000000000887,-2.2999999999996135,True,False,0.81,0.3921568627451746,1.4784727863524454,12.999999999999545,3507,147.84
2024H1|J_PULLBACK_CONTINUATION|2024-03-08T03:45:00+00:00|-1,120,2024-03-08 05:45:00.633000+00:00,2024-03-08 05:45:00.691000+00:00,True,147.829,147.832,5.400000000000205,10.900000000000887,-2.2999999999996135,True,False,0.7366666666666667,0.597222222222288,1.5992970123021812,12.999999999999545,5042,147.84
2024H1|J_PULLBACK_CONTINUATION|2024-03-08T08:15:00+00:00|-1,15,2024-03-08 08:30:00.792000+00:00,2024-03-08 08:30:00.821000+00:00,True,147.885,147.888,-3.700000000000614,-0.39999999999906777,-12.20000000000141,False,True,1.2933333333333332,0.7333333333333334,1.073394495412727,11.699999999999022,1311,147.797
2024H1|J_PULLBACK_CONTINUATION|2024-03-08T08:15:00+00:00|-1,30,2024-03-08 08:45:00.792000+00:00,2024-03-08 08:45:01.422000+00:00,True,147.884,147.888,-3.700000000000614,-0.39999999999906777,-12.20000000000141,False,True,0.8766666666666667,0.8313253012046955,1.0506735086592918,11.699999999999022,2554,147.797
2024H1|J_PULLBACK_CONTINUATION|2024-03-08T08:15:00+00:00|-1,60,2024-03-08 09:15:00.792000+00:00,2024-03-08 09:15:02.781000+00:00,True,147.663,147.665,18.600000000000705,20.09999999999934,-12.20000000000141,True,False,1.09,0.8975903614458058,2.3394065590837703,32.099999999999795,4692,147.797
2024H1|J_PULLBACK_CONTINUATION|2024-03-08T08:15:00+00:00|-1,90,2024-03-08 09:45:00.792000+00:00,2024-03-08 09:45:00.838000+00:00,True,147.096,147.098,75.29999999999859,80.29999999999973,-12.20000000000141,True,False,2.9233333333333333,0.019011406844088752,5.6329555361812575,92.30000000000018,10504,147.797
2024H1|J_PULLBACK_CONTINUATION|2024-03-08T08:15:00+00:00|-1,120,2024-03-08 10:15:00.792000+00:00,2024-03-08 10:15:00.875000+00:00,True,147.055,147.058,79.30000000000064,97.30000000000132,-12.20000000000141,True,False,1.8466666666666667,0.15894039735098842,6.06094182825471,109.39999999999941,15209,147.797
2024H1|J_PULLBACK_CONTINUATION|2024-03-08T13:30:00+00:00|-1,15,2024-03-08 13:45:00.145000+00:00,2024-03-08 13:45:00.227000+00:00,True,146.63,146.636,49.39999999999998,64.49999999999818,-40.00000000000057,True,False,7.67,0.005347593582837318,5.15602322206098,101.50000000000148,8300,147.003
2024H1|J_PULLBACK_CONTINUATION|2024-03-08T13:30:00+00:00|-1,30,2024-03-08 14:00:00.145000+00:00,2024-03-08 14:00:00.160000+00:00,True,146.962,146.967,16.29999999999825,64.49999999999818,-40.00000000000057,True,False,4.926666666666667,0.31693989071046147,5.0659536541889585,101.50000000000148,13109,147.003
2024H1|J_PULLBACK_CONTINUATION|2024-03-08T13:30:00+00:00|-1,60,2024-03-08 14:30:00.145000+00:00,2024-03-08 14:30:00.179000+00:00,True,146.818,146.82,31.000000000000227,64.49999999999818,-40.00000000000057,True,False,3.6433333333333335,0.44164037854893234,4.471365638766509,101.50000000000148,21332,147.003
2024H1|J_PULLBACK_CONTINUATION|2024-03-08T13:30:00+00:00|-1,90,2024-03-08 15:00:00.145000+00:00,2024-03-08 15:00:00.428000+00:00,True,146.889,146.896,23.400000000000887,64.49999999999818,-40.00000000000057,True,False,2.5566666666666666,0.011976047904078468,4.336283185840675,101.50000000000148,27712,147.003
2024H1|J_PULLBACK_CONTINUATION|2024-03-08T13:30:00+00:00|-1,120,2024-03-08 15:30:00.145000+00:00,2024-03-08 15:30:00.162000+00:00,True,147.121,147.124,0.6000000000000227,64.49999999999818,-40.00000000000057,True,True,1.8166666666666667,0.642276422764192,4.103378573491125,101.50000000000148,31480,147.003
2024H1|J_PULLBACK_CONTINUATION|2024-03-08T18:00:00+00:00|-1,15,2024-03-08 18:15:00.160000+00:00,2024-03-08 18:15:00.886000+00:00,True,147.114,147.117,-9.099999999997976,2.5000000000005684,-12.09999999999809,True,True,2.25,0.7600000000000455,1.1157781367796722,14.799999999999613,2014,147.026
2024H1|J_PULLBACK_CONTINUATION|2024-03-08T18:00:00+00:00|-1,30,2024-03-08 18:30:00.160000+00:00,2024-03-08 18:30:00.208000+00:00,True,147.084,147.088,-6.19999999999834,2.5000000000005684,-12.199999999998568,True,False,1.78,0.6565656565655145,1.1568955890563097,14.799999999999613,3735,147.026
2024H1|J_PULLBACK_CONTINUATION|2024-03-08T18:00:00+00:00|-1,60,2024-03-08 19:00:00.160000+00:00,2024-03-08 19:00:00.261000+00:00,True,147.066,147.071,-4.4999999999987494,3.6000000000001364,-12.199999999998568,True,False,1.43,0.2293577981651711,1.367965367965462,15.800000000001546,6595,147.026
2024H1|J_PULLBACK_CONTINUATION|2024-03-08T18:00:00+00:00|-1,90,2024-03-08 19:30:00.160000+00:00,2024-03-08 19:30:00.576000+00:00,True,147.111,147.114,-8.799999999999386,3.6000000000001364,-13.899999999998158,True,True,1.59,0.509090909090693,1.7215547703180616,17.40000000000066,9458,147.026
2024H1|J_PULLBACK_CONTINUATION|2024-03-08T18:00:00+00:00|-1,120,2024-03-08 20:00:00.160000+00:00,2024-03-08 20:00:00.222000+00:00,True,147.049,147.053,-2.6999999999986812,3.6000000000001364,-13.899999999998158,True,False,1.2433333333333334,0.4411764705879403,1.8398791540786026,17.40000000000066,11476,147.026
2024H1|J_PULLBACK_CONTINUATION|2024-03-10T21:45:00+00:00|-1,15,2024-03-10 22:00:00.113000+00:00,2024-03-10 22:00:00.123000+00:00,True,147.057,147.134,-12.399999999999523,-7.900000000000773,-18.10000000000116,False,True,0.21333333333333335,0.24590163934430054,1.8389261744966892,13.700000000000045,317,146.897
2024H1|J_PULLBACK_CONTINUATION|2024-03-10T21:45:00+00:00|-1,30,2024-03-10 22:15:00.113000+00:00,2024-03-10 22:15:00.151000+00:00,True,147.029,147.042,-3.2000000000010687,4.2999999999977945,-18.10000000000116,False,False,0.4166666666666667,0.16831683168312928,2.303473491773105,17.99999999999784,1038,146.897
2024H1|J_PULLBACK_CONTINUATION|2024-03-10T21:45:00+00:00|-1,60,2024-03-10 22:45:00.113000+00:00,2024-03-10 22:45:00.163000+00:00,True,147.08,147.087,-7.699999999999818,4.2999999999977945,-18.10000000000116,False,True,0.48333333333333334,0.9799999999998977,2.335392762577239,18.899999999999295,2018,146.897
2024H1|J_PULLBACK_CONTINUATION|2024-03-10T21:45:00+00:00|-1,90,2024-03-10 23:15:00.113000+00:00,2024-03-10 23:15:00.405000+00:00,True,146.885,146.89,12.000000000000455,14.599999999998658,-18.10000000000116,True,False,0.66,0.5769230769232592,2.8728943338439676,26.800000000000068,3757,146.897
2024H1|J_PULLBACK_CONTINUATION|2024-03-10T21:45:00+00:00|-1,120,2024-03-10 23:45:00.113000+00:00,2024-03-10 23:45:01.275000+00:00,True,146.751,146.759,25.100000000000477,28.09999999999775,-18.10000000000116,True,False,1.0833333333333333,0.3819444444444774,3.6383668178875137,40.100000000001046,5627,146.897
2024H1|J_PULLBACK_CONTINUATION|2024-03-11T04:45:00+00:00|-1,15,2024-03-11 05:00:02.662000+00:00,2024-03-11 05:00:02.895000+00:00,True,146.901,146.905,1.8000000000000682,3.100000000000591,-1.2000000000000455,True,False,0.7,0.815789473684063,0.5176268271711684,4.300000000000637,983,146.917
2024H1|J_PULLBACK_CONTINUATION|2024-03-11T04:45:00+00:00|-1,30,2024-03-11 05:15:02.662000+00:00,2024-03-11 05:15:02.896000+00:00,True,146.886,146.89,3.300000000001546,3.8000000000010914,-3.8000000000010914,True,False,0.4266666666666667,0.2093023255813723,0.9308836395449293,7.599999999999341,1413,146.917
2024H1|J_PULLBACK_CONTINUATION|2024-03-11T04:45:00+00:00|-1,60,2024-03-11 05:45:02.662000+00:00,2024-03-11 05:45:02.777000+00:00,True,147.014,147.017,-9.399999999999409,5.500000000000682,-12.700000000000955,True,True,0.6966666666666667,0.9380530973450882,2.163851351351218,18.299999999999272,2701,146.917
2024H1|J_PULLBACK_CONTINUATION|2024-03-11T04:45:00+00:00|-1,90,2024-03-11 06:15:02.662000+00:00,2024-03-11 06:15:04.381000+00:00,True,146.982,146.986,-6.299999999998818,5.500000000000682,-16.30000000000109,True,True,0.9333333333333333,0.7702702702703637,2.62424763542547,21.79999999999893,4402,146.917
2024H1|J_PULLBACK_CONTINUATION|2024-03-11T04:45:00+00:00|-1,120,2024-03-11 06:45:02.662000+00:00,2024-03-11 06:45:11.173000+00:00,True,146.971,146.974,-5.099999999998772,5.500000000000682,-16.30000000000109,True,True,0.6166666666666667,0.6016949152542455,2.582064297800176,21.79999999999893,5700,146.917
2024H1|J_PULLBACK_CONTINUATION|2024-03-11T11:45:00+00:00|-1,15,2024-03-11 12:00:00.542000+00:00,2024-03-11 12:00:00.569000+00:00,True,146.652,146.657,-2.7000000000015234,0.6000000000000227,-5.100000000001614,False,False,1.26,0.028571428571161794,0.5868263473052073,5.599999999998317,865,146.483
2024H1|J_PULLBACK_CONTINUATION|2024-03-11T11:45:00+00:00|-1,30,2024-03-11 12:15:00.542000+00:00,2024-03-11 12:15:01.134000+00:00,True,146.685,146.691,-6.100000000000705,0.899999999998613,-6.399999999999295,False,False,1.72,0.1708860759492976,0.7313432835820164,6.999999999999318,2413,146.483
2024H1|J_PULLBACK_CONTINUATION|2024-03-11T11:45:00+00:00|-1,60,2024-03-11 12:45:00.542000+00:00,2024-03-11 12:45:00.939000+00:00,True,146.854,146.862,-23.199999999999932,0.899999999998613,-25.0,False,True,2.09,0.6513761467890888,2.617302052785923,25.499999999999545,6435,146.483
2024H1|J_PULLBACK_CONTINUATION|2024-03-11T11:45:00+00:00|-1,90,2024-03-11 13:15:00.542000+00:00,2024-03-11 13:15:00.671000+00:00,True,146.834,146.837,-20.699999999999363,0.899999999998613,-27.199999999999136,False,True,2.1366666666666667,0.23846153846137363,2.8789903489233786,27.69999999999868,9985,146.483
2024H1|J_PULLBACK_CONTINUATION|2024-03-11T11:45:00+00:00|-1,120,2024-03-11 13:45:00.542000+00:00,2024-03-11 13:45:00.575000+00:00,True,146.842,146.848,-21.800000000001774,0.899999999998613,-28.300000000001546,False,True,2.5633333333333335,0.057142857142921,2.940406976744107,28.899999999998727,13940,146.483
2024H1|J_PULLBACK_CONTINUATION|2024-03-27T13:30:00+00:00|-1,15,2024-03-27 13:45:01.449000+00:00,2024-03-27 13:45:05.023000+00:00,True,151.349,151.351,-7.200000000000273,-0.20000000000095497,-7.699999999999818,False,True,2.1966666666666668,0.5222222222221695,0.7617647058824557,7.400000000001228,2111,151.025
2024H1|J_PULLBACK_CONTINUATION|2024-03-27T13:30:00+00:00|-1,30,2024-03-27 14:00:01.449000+00:00,2024-03-27 14:00:01.459000+00:00,True,151.326,151.329,-5.000000000001137,-0.20000000000095497,-9.800000000001319,False,True,2.23,1.0,1.049723756906021,9.499999999999886,3870,151.025
2024H1|J_PULLBACK_CONTINUATION|2024-03-27T13:30:00+00:00|-1,60,2024-03-27 14:30:01.449000+00:00,2024-03-27 14:30:01.508000+00:00,True,151.234,151.239,3.999999999999204,4.099999999999682,-9.800000000001319,False,False,1.4,0.24675324675332344,1.6443341604630253,14.19999999999959,7340,151.025
2024H1|J_PULLBACK_CONTINUATION|2024-03-27T13:30:00+00:00|-1,90,2024-03-27 15:00:01.449000+00:00,2024-03-27 15:00:01.659000+00:00,True,151.247,151.252,2.6999999999986812,6.299999999998818,-9.800000000001319,False,False,1.8633333333333333,0.6860465116277763,2.073597056117631,16.100000000000136,10381,151.025
2024H1|J_PULLBACK_CONTINUATION|2024-03-27T13:30:00+00:00|-1,120,2024-03-27 15:30:01.449000+00:00,2024-03-27 15:30:04.252000+00:00,True,151.253,151.258,2.0999999999986585,10.999999999998522,-9.800000000001319,False,False,1.2366666666666666,0.50724637681163,2.775977121067494,20.79999999999984,13083,151.025
2024H1|J_PULLBACK_CONTINUATION|2024-03-27T19:45:00+00:00|-1,15,2024-03-27 20:00:00.019000+00:00,2024-03-27 20:00:00.439000+00:00,True,151.322,151.328,2.000000000001023,4.700000000002547,-0.699999999997658,True,False,1.4033333333333333,0.5277777777779094,1.3725490196079266,5.500000000000682,942,151.333
2024H1|J_PULLBACK_CONTINUATION|2024-03-27T19:45:00+00:00|-1,30,2024-03-27 20:15:00.019000+00:00,2024-03-27 20:15:00.490000+00:00,True,151.338,151.342,0.6000000000000227,4.700000000002547,-1.5999999999991132,True,False,0.5666666666666667,1.0,1.5641025641026856,6.100000000000705,1598,151.333
2024H1|J_PULLBACK_CONTINUATION|2024-03-27T19:45:00+00:00|-1,60,2024-03-27 20:45:00.019000+00:00,2024-03-27 20:45:00.106000+00:00,True,151.312,151.318,3.0000000000001137,4.700000000002547,-1.5999999999991132,True,False,0.6266666666666667,0.4117647058827463,1.8935698447896034,6.100000000000705,2646,151.333
2024H1|J_PULLBACK_CONTINUATION|2024-03-27T19:45:00+00:00|-1,90,2024-03-27 21:15:00.019000+00:00,2024-03-27 21:15:00.341000+00:00,True,151.245,151.264,8.400000000000318,8.800000000002228,-1.5999999999991132,True,False,0.09,0.75,3.4182590233548082,11.50000000000091,3629,151.333
2024H1|J_PULLBACK_CONTINUATION|2024-03-27T19:45:00+00:00|-1,120,2024-03-27 21:45:00.019000+00:00,2024-03-27 21:45:00.165000+00:00,True,151.246,151.27,7.800000000000296,8.800000000002228,-1.5999999999991132,True,False,0.2633333333333333,0.06250000000022204,3.6909090909086473,11.599999999998545,3814,151.333
2024H1|J_PULLBACK_CONTINUATION|2024-03-28T00:30:00+00:00|-1,15,2024-03-28 00:45:00.389000+00:00,2024-03-28 00:45:02.077000+00:00,True,151.399,151.403,-11.299999999999955,0.2999999999985903,-11.7999999999995,False,True,1.5866666666666667,0.3026315789473438,1.6699801192843573,12.000000000000455,1217,151.263
2024H1|J_PULLBACK_CONTINUATION|2024-03-28T00:30:00+00:00|-1,30,2024-03-28 01:00:00.389000+00:00,2024-03-28 01:00:04.010000+00:00,True,151.414,151.42,-12.999999999999545,0.2999999999985903,-15.100000000001046,False,True,2.3133333333333335,0.20224719101092736,2.0147601476015464,15.600000000000591,3158,151.263
2024H1|J_PULLBACK_CONTINUATION|2024-03-28T00:30:00+00:00|-1,60,2024-03-28 01:30:00.389000+00:00,2024-03-28 01:30:00.432000+00:00,True,151.499,151.505,-21.50000000000034,0.2999999999985903,-25.900000000001455,False,True,1.5733333333333333,0.5044247787612088,3.202772963605063,26.400000000001,6114,151.263
2024H1|J_PULLBACK_CONTINUATION|2024-03-28T00:30:00+00:00|-1,90,2024-03-28 02:00:00.389000+00:00,2024-03-28 02:00:00.428000+00:00,True,151.347,151.354,-6.400000000002137,0.2999999999985903,-25.900000000001455,False,False,1.28,0.9813084112148639,3.0295081967214994,26.400000000001,9085,151.263
2024H1|J_PULLBACK_CONTINUATION|2024-03-28T00:30:00+00:00|-1,120,2024-03-28 02:30:00.389000+00:00,2024-03-28 02:30:00.572000+00:00,True,151.299,151.306,-1.6000000000019554,2.6999999999986812,-25.900000000001455,True,False,1.42,0.13888888888875728,3.29005751848822,28.600000000000136,11576,151.263
2024H1|J_PULLBACK_CONTINUATION|2024-03-29T15:15:00+00:00|-1,15,2024-03-29 15:30:03.172000+00:00,2024-03-29 15:30:05.443000+00:00,True,151.236,151.25,-1.099999999999568,-0.6000000000000227,-1.300000000000523,False,True,0.43,0.4893617021276081,0.18611521417990642,0.899999999998613,328,151.167
2024H1|J_PULLBACK_CONTINUATION|2024-03-29T15:15:00+00:00|-1,30,2024-03-29 15:45:03.172000+00:00,2024-03-29 15:45:14.174000+00:00,True,151.214,151.23,0.9000000000014552,2.199999999999136,-2.0999999999986585,False,False,0.3333333333333333,0.6666666666668922,1.1500789889413645,5.19999999999925,1175,151.167
2024H1|J_PULLBACK_CONTINUATION|2024-03-29T15:15:00+00:00|-1,60,2024-03-29 16:15:03.172000+00:00,2024-03-29 16:15:03.277000+00:00,True,151.239,151.256,-1.6999999999995907,2.199999999999136,-2.5999999999982037,False,True,1.76,0.7878787878787357,1.7399617590821699,6.499999999999773,3005,151.167
2024H1|J_PULLBACK_CONTINUATION|2024-03-29T15:15:00+00:00|-1,90,2024-03-29 16:45:03.172000+00:00,2024-03-29 16:45:08.060000+00:00,True,151.238,151.282,-4.300000000000637,2.199999999999136,-5.19999999999925,False,True,2.6733333333333333,0.148936170212277,1.780821917808172,6.499999999999773,6767,151.167
2024H1|J_PULLBACK_CONTINUATION|2024-03-29T15:15:00+00:00|-1,120,2024-03-29 17:15:03.172000+00:00,2024-03-29 17:15:08.124000+00:00,True,151.248,151.3,-6.100000000000705,2.199999999999136,-6.700000000000728,False,True,1.5933333333333333,0.7246376811594084,2.2326454033765084,8.499999999997954,8420,151.167
2024H1|J_PULLBACK_CONTINUATION|2024-04-02T23:45:00+00:00|-1,15,2024-04-03 00:00:01.888000+00:00,2024-04-03 00:00:02.148000+00:00,True,151.54,151.547,0.30000000000143245,0.9000000000014552,-1.999999999998181,False,True,0.023333333333333334,0.5794392523362972,0.6962699822377458,2.7999999999991587,792,151.49
2024H1|J_PULLBACK_CONTINUATION|2024-04-02T23:45:00+00:00|-1,30,2024-04-03 00:15:01.888000+00:00,2024-04-03 00:15:01.920000+00:00,True,151.482,151.488,6.200000000001182,10.300000000000864,-1.999999999998181,True,False,1.35,0.12380952380958565,2.8782894736840565,12.5,2526,151.49
2024H1|J_PULLBACK_CONTINUATION|2024-04-02T23:45:00+00:00|-1,60,2024-04-03 00:45:01.888000+00:00,2024-04-03 00:45:19.679000+00:00,True,151.517,151.523,2.7000000000015234,10.300000000000864,-1.999999999998181,True,False,1.01,0.0,2.536231884057875,12.5,4519,151.49
2024H1|J_PULLBACK_CONTINUATION|2024-04-02T23:45:00+00:00|-1,90,2024-04-03 01:15:01.888000+00:00,2024-04-03 01:15:02.137000+00:00,True,151.628,151.635,-8.499999999997954,10.300000000000864,-9.599999999997522,True,True,2.2533333333333334,0.620689655172211,3.522012578616582,20.000000000001705,7200,151.49
2024H1|J_PULLBACK_CONTINUATION|2024-04-02T23:45:00+00:00|-1,120,2024-04-03 01:45:01.888000+00:00,2024-04-03 01:45:05.902000+00:00,True,151.572,151.578,-2.7999999999991587,10.300000000000864,-9.599999999997522,True,True,1.2633333333333334,0.12244897959182488,3.56687898089191,20.000000000001705,9528,151.49
2024H1|J_PULLBACK_CONTINUATION|2024-04-04T23:15:00+00:00|-1,15,2024-04-04 23:30:00.249000+00:00,2024-04-04 23:30:00.291000+00:00,True,151.243,151.25,-2.5000000000005684,0.7000000000005002,-2.600000000001046,False,False,0.66,0.022727272727375514,0.5933774834439327,3.2000000000010687,561,151.208
2024H1|J_PULLBACK_CONTINUATION|2024-04-04T23:15:00+00:00|-1,30,2024-04-04 23:45:00.249000+00:00,2024-04-04 23:45:00.626000+00:00,True,151.256,151.264,-3.900000000001569,0.7000000000005002,-3.8000000000010914,False,False,0.9433333333333334,0.13461538461542666,0.8548168249663871,4.500000000001592,1251,151.208
2024H1|J_PULLBACK_CONTINUATION|2024-04-04T23:15:00+00:00|-1,60,2024-04-05 00:15:00.249000+00:00,2024-04-05 00:15:00.273000+00:00,True,151.035,151.038,18.69999999999834,19.39999999999884,-12.000000000000455,True,False,3.07,0.0,3.667506297229016,31.19999999999834,4523,151.208
2024H1|J_PULLBACK_CONTINUATION|2024-04-04T23:15:00+00:00|-1,90,2024-04-05 00:45:00.249000+00:00,2024-04-05 00:45:00.402000+00:00,True,150.986,150.992,23.30000000000041,41.200000000000614,-12.000000000000455,True,False,2.8833333333333333,0.4787878787879487,5.154811715480996,52.79999999999916,9853,151.208
2024H1|J_PULLBACK_CONTINUATION|2024-04-04T23:15:00+00:00|-1,120,2024-04-05 01:15:00.249000+00:00,2024-04-05 01:15:00.304000+00:00,True,150.883,150.891,33.40000000000032,41.200000000000614,-12.000000000000455,True,False,1.9233333333333333,0.15972222222218935,4.4184100418407795,52.79999999999916,14646,151.208
2024H1|J_PULLBACK_CONTINUATION|2024-04-05T05:30:00+00:00|-1,15,2024-04-05 05:45:00.130000+00:00,2024-04-05 05:45:00.987000+00:00,True,151.148,151.154,-0.39999999999906777,1.6000000000019554,-3.999999999999204,True,False,0.9633333333333334,0.1562499999998751,0.9256198347109573,5.60000000000116,1187,151.15
2024H1|J_PULLBACK_CONTINUATION|2024-04-05T05:30:00+00:00|-1,30,2024-04-05 06:00:00.130000+00:00,2024-04-05 06:00:00.180000+00:00,True,151.185,151.19,-3.999999999999204,1.6000000000019554,-4.900000000000659,True,True,1.5266666666666666,0.02439024390232636,0.9988851727981476,6.399999999999295,2326,151.15
2024H1|J_PULLBACK_CONTINUATION|2024-04-05T05:30:00+00:00|-1,60,2024-04-05 06:30:00.130000+00:00,2024-04-05 06:30:00.228000+00:00,True,151.228,151.233,-8.29999999999984,5.299999999999727,-9.899999999998954,True,True,1.6266666666666667,0.3484848484847767,2.5005875440657577,15.199999999998681,6004,151.15
2024H1|J_PULLBACK_CONTINUATION|2024-04-05T05:30:00+00:00|-1,90,2024-04-05 07:00:00.130000+00:00,2024-04-05 07:00:00.198000+00:00,True,151.259,151.267,-11.699999999999022,5.299999999999727,-14.699999999999136,True,True,1.21,0.2631578947369051,3.1954802259888075,20.199999999999818,8279,151.15
2024H1|J_PULLBACK_CONTINUATION|2024-04-05T05:30:00+00:00|-1,120,2024-04-05 07:30:00.130000+00:00,2024-04-05 07:30:00.622000+00:00,True,151.29,151.294,-14.400000000000546,5.299999999999727,-14.699999999999136,True,True,1.7933333333333332,0.9384615384616797,3.149220489977813,20.199999999999818,11516,151.15
2024H1|J_PULLBACK_CONTINUATION|2024-04-09T16:15:00+00:00|-1,15,2024-04-09 16:30:00.660000+00:00,2024-04-09 16:30:00.693000+00:00,True,151.702,151.708,-0.9999999999990905,0.0,-3.499999999999659,False,False,0.9866666666666667,0.7619047619043108,0.5433789954336032,3.3999999999991815,898,151.568
2024H1|J_PULLBACK_CONTINUATION|2024-04-09T16:15:00+00:00|-1,30,2024-04-09 16:45:00.660000+00:00,2024-04-09 16:45:07.489000+00:00,True,151.676,151.681,1.6999999999995907,2.800000000002001,-3.499999999999659,False,False,0.8333333333333334,0.520000000000091,1.0152046783626438,6.200000000001182,1583,151.568
2024H1|J_PULLBACK_CONTINUATION|2024-04-09T16:15:00+00:00|-1,60,2024-04-09 17:15:00.660000+00:00,2024-04-09 17:15:01.025000+00:00,True,151.693,151.701,-0.2999999999985903,3.900000000001569,-3.499999999999659,False,False,1.1566666666666667,0.6888888888885801,1.199074074074188,7.400000000001228,4101,151.568
2024H1|J_PULLBACK_CONTINUATION|2024-04-09T16:15:00+00:00|-1,90,2024-04-09 17:45:00.660000+00:00,2024-04-09 17:45:00.686000+00:00,True,151.677,151.682,1.6000000000019554,3.900000000001569,-3.499999999999659,False,False,1.6633333333333333,0.1818181818181035,1.260340632603524,7.400000000001228,6452,151.568
2024H1|J_PULLBACK_CONTINUATION|2024-04-09T16:15:00+00:00|-1,120,2024-04-09 18:15:00.660000+00:00,2024-04-09 18:15:13.097000+00:00,True,151.728,151.733,-3.499999999999659,3.900000000001569,-3.7999999999982492,False,True,0.9766666666666667,0.8666666666678036,1.628398791540662,7.699999999999818,8561,151.568
2024H1|J_PULLBACK_CONTINUATION|2024-04-09T21:00:00+00:00|-1,15,2024-04-09 21:15:00.050000+00:00,2024-04-09 21:15:01.893000+00:00,True,151.742,151.762,-3.499999999999659,-3.1999999999982265,-7.599999999999341,True,True,0.07666666666666666,0.19999999999999996,1.6775599128536716,5.49999999999784,55,151.727
2024H1|J_PULLBACK_CONTINUATION|2024-04-09T21:00:00+00:00|-1,30,2024-04-09 21:30:00.050000+00:00,2024-04-09 21:30:00.068000+00:00,True,151.756,151.77,-4.300000000000637,-2.400000000000091,-7.599999999999341,True,True,0.37,0.1599999999995907,2.5022624434387004,7.899999999997931,294,151.727
2024H1|J_PULLBACK_CONTINUATION|2024-04-09T21:00:00+00:00|-1,60,2024-04-09 22:00:00.050000+00:00,2024-04-09 22:00:00.061000+00:00,True,151.753,151.77,-4.300000000000637,-2.400000000000091,-7.599999999999341,True,True,0.26666666666666666,0.588235294117811,2.2993762993759947,7.899999999997931,1365,151.727
2024H1|J_PULLBACK_CONTINUATION|2024-04-09T21:00:00+00:00|-1,90,2024-04-09 22:30:00.050000+00:00,2024-04-09 22:30:00.059000+00:00,True,151.757,151.767,-3.999999999999204,-1.4999999999986358,-7.599999999999341,True,True,0.04,0.5714285714281848,2.8903225806445705,9.599999999997522,1989,151.727
2024H1|J_PULLBACK_CONTINUATION|2024-04-09T21:00:00+00:00|-1,120,2024-04-09 23:00:00.050000+00:00,2024-04-09 23:00:01.129000+00:00,True,151.748,151.759,-3.1999999999982265,-1.4999999999986358,-7.599999999999341,True,True,0.15666666666666668,0.3157894736841318,3.0407239818998124,9.599999999997522,2479,151.727
2024H1|J_PULLBACK_CONTINUATION|2024-04-17T19:30:00+00:00|-1,15,2024-04-17 19:45:00.471000+00:00,2024-04-17 19:45:02.113000+00:00,True,154.369,154.372,-1.2000000000000455,0.20000000000095497,-1.6999999999995907,False,False,0.5,0.6268656716417467,0.1835003855052786,1.700000000002433,494,154.157
2024H1|J_PULLBACK_CONTINUATION|2024-04-17T19:30:00+00:00|-1,30,2024-04-17 20:00:00.471000+00:00,2024-04-17 20:00:02.105000+00:00,True,154.333,154.336,2.400000000000091,4.700000000002547,-1.8999999999977035,False,False,1.4233333333333333,0.0535714285711657,0.7739273927393651,6.700000000000728,1610,154.157
2024H1|J_PULLBACK_CONTINUATION|2024-04-17T19:30:00+00:00|-1,60,2024-04-17 20:30:00.471000+00:00,2024-04-17 20:30:00.803000+00:00,True,154.379,154.39,-2.9999999999972715,5.000000000001137,-3.1999999999982265,False,False,0.89,0.5,1.1223021582734087,7.800000000000296,2801,154.157
2024H1|J_PULLBACK_CONTINUATION|2024-04-17T19:30:00+00:00|-1,90,2024-04-17 21:00:00.471000+00:00,2024-04-17 21:00:06.114000+00:00,True,154.362,154.407,-4.699999999999704,5.000000000001137,-5.099999999998772,False,True,0.7533333333333333,0.833333333333728,1.5905325443787606,9.600000000000364,3845,154.157
2024H1|J_PULLBACK_CONTINUATION|2024-04-17T19:30:00+00:00|-1,120,2024-04-17 21:30:00.471000+00:00,2024-04-17 21:30:07.186000+00:00,True,154.319,154.358,0.20000000000095497,5.000000000001137,-5.099999999998772,False,False,0.14333333333333334,0.7894736842110774,2.143540669856508,9.600000000000364,4048,154.157
2024H1|J_PULLBACK_CONTINUATION|2024-04-18T00:45:00+00:00|-1,15,2024-04-18 01:00:00.538000+00:00,2024-04-18 01:00:00.688000+00:00,True,154.283,154.29,0.30000000000143245,3.499999999999659,-6.700000000000728,False,False,1.4566666666666668,0.5851851851850713,1.5135135135137259,10.400000000001342,1350,154.177
2024H1|J_PULLBACK_CONTINUATION|2024-04-18T00:45:00+00:00|-1,30,2024-04-18 01:15:00.538000+00:00,2024-04-18 01:15:00.559000+00:00,True,154.226,154.228,6.499999999999773,12.000000000000455,-6.700000000000728,True,False,1.8066666666666666,0.9824561403507898,2.586956521739293,18.700000000001182,2820,154.177
2024H1|J_PULLBACK_CONTINUATION|2024-04-18T00:45:00+00:00|-1,60,2024-04-18 01:45:00.538000+00:00,2024-04-18 01:45:00.602000+00:00,True,154.282,154.292,0.10000000000047748,12.000000000000455,-6.700000000000728,True,True,1.3366666666666667,0.9761904761906937,2.421831637372981,18.700000000001182,5269,154.177
2024H1|J_PULLBACK_CONTINUATION|2024-04-18T00:45:00+00:00|-1,90,2024-04-18 02:15:00.538000+00:00,2024-04-18 02:15:00.624000+00:00,True,154.0,154.01,28.300000000001546,31.999999999999318,-6.700000000000728,True,False,3.3966666666666665,0.23750000000003113,3.7793199167245133,38.900000000001,7845,154.177
2024H1|J_PULLBACK_CONTINUATION|2024-04-18T00:45:00+00:00|-1,120,2024-04-18 02:45:00.538000+00:00,2024-04-18 02:45:01.490000+00:00,True,154.063,154.071,22.20000000000084,32.90000000000077,-6.700000000000728,True,False,1.5866666666666667,0.010101010101056462,3.888346127006463,39.800000000002456,11792,154.177
2024H1|J_PULLBACK_CONTINUATION|2024-04-18T06:15:00+00:00|-1,15,2024-04-18 06:30:01.162000+00:00,2024-04-18 06:30:02.308000+00:00,True,154.168,154.171,0.6000000000000227,10.599999999999454,-0.7000000000005002,True,False,1.5666666666666667,0.25252525252504954,1.5947580645161383,11.299999999999955,1516,154.142
2024H1|J_PULLBACK_CONTINUATION|2024-04-18T06:15:00+00:00|-1,30,2024-04-18 06:45:01.162000+00:00,2024-04-18 06:45:02.770000+00:00,True,154.242,154.245,-6.800000000001205,10.599999999999454,-9.300000000001774,True,False,0.81,0.4181818181816961,2.8629856850714703,19.999999999998863,2241,154.142
2024H1|J_PULLBACK_CONTINUATION|2024-04-18T06:15:00+00:00|-1,60,2024-04-18 07:15:01.162000+00:00,2024-04-18 07:15:01.234000+00:00,True,154.281,154.286,-10.900000000000887,10.599999999999454,-15.100000000001046,True,True,1.05,0.3559322033896182,3.61290322580649,25.600000000000023,4358,154.142
2024H1|J_PULLBACK_CONTINUATION|2024-04-18T06:15:00+00:00|-1,90,2024-04-18 07:45:01.162000+00:00,2024-04-18 07:45:02.106000+00:00,True,154.205,154.209,-3.2000000000010687,10.599999999999454,-15.100000000001046,True,False,1.3933333333333333,0.06172839506168071,3.436241610738237,25.600000000000023,6784,154.142
2024H1|J_PULLBACK_CONTINUATION|2024-04-18T06:15:00+00:00|-1,120,2024-04-18 08:15:01.162000+00:00,2024-04-18 08:15:01.232000+00:00,True,154.288,154.294,-11.700000000001864,10.599999999999454,-15.100000000001046,True,True,0.6766666666666666,0.4067796610169818,3.3558052434456576,25.600000000000023,8523,154.142
2024H1|J_PULLBACK_CONTINUATION|2024-04-29T16:30:00+00:00|-1,15,2024-04-29 16:45:00.121000+00:00,2024-04-29 16:45:00.134000+00:00,True,155.489,155.5,96.29999999999939,97.79999999999802,-9.399999999999409,True,False,7.546666666666667,0.042821158690166894,3.9387594870453118,107.5000000000017,3118,156.371
2024H1|J_PULLBACK_CONTINUATION|2024-04-29T16:30:00+00:00|-1,30,2024-04-29 17:00:00.121000+00:00,2024-04-29 17:00:00.128000+00:00,True,155.82,155.823,63.999999999998636,136.29999999999995,-9.399999999999409,True,False,3.37,0.13478260869568393,5.506716818914544,146.39999999999986,7727,156.371
2024H1|J_PULLBACK_CONTINUATION|2024-04-29T16:30:00+00:00|-1,60,2024-04-29 17:30:00.121000+00:00,2024-04-29 17:30:00.160000+00:00,True,155.994,155.996,46.699999999998454,136.29999999999995,-9.399999999999409,True,False,2.3433333333333333,0.10227272727273828,5.397945746642126,146.39999999999986,11244,156.371
2024H1|J_PULLBACK_CONTINUATION|2024-04-29T16:30:00+00:00|-1,90,2024-04-29 18:00:00.121000+00:00,2024-04-29 18:00:00.184000+00:00,True,156.094,156.104,35.899999999998045,136.29999999999995,-9.399999999999409,True,False,1.1566666666666667,0.1676190476190883,4.997805413313857,146.39999999999986,14223,156.371
2024H1|J_PULLBACK_CONTINUATION|2024-04-29T16:30:00+00:00|-1,120,2024-04-29 18:30:00.121000+00:00,2024-04-29 18:30:00.156000+00:00,True,156.06,156.065,39.79999999999961,136.29999999999995,-9.399999999999409,True,False,1.1366666666666667,0.04455445544561698,4.899832655988529,146.39999999999986,17434,156.371
2024H1|J_PULLBACK_CONTINUATION|2024-04-29T22:15:00+00:00|-1,15,2024-04-29 22:30:00.360000+00:00,2024-04-29 22:30:01.121000+00:00,True,156.239,156.247,-14.900000000000091,-0.7999999999981355,-18.499999999997385,False,True,1.66,0.33653846153847733,1.410724808485544,17.099999999999227,1197,156.057
2024H1|J_PULLBACK_CONTINUATION|2024-04-29T22:15:00+00:00|-1,30,2024-04-29 22:45:00.360000+00:00,2024-04-29 22:45:02.692000+00:00,True,156.219,156.226,-12.79999999999859,-0.7999999999981355,-18.499999999997385,False,True,0.36666666666666664,0.4482758620690557,1.4032825322391016,17.099999999999227,2003,156.057
2024H1|J_PULLBACK_CONTINUATION|2024-04-29T22:15:00+00:00|-1,60,2024-04-29 23:15:00.360000+00:00,2024-04-29 23:15:02.493000+00:00,True,156.218,156.228,-12.999999999999545,-0.7999999999981355,-21.599999999997976,False,True,0.6266666666666667,1.0,1.6925734024180035,21.000000000000796,3639,156.057
2024H1|J_PULLBACK_CONTINUATION|2024-04-29T22:15:00+00:00|-1,90,2024-04-29 23:45:00.360000+00:00,2024-04-29 23:45:01.083000+00:00,True,156.337,156.346,-24.799999999999045,-0.7999999999981355,-29.399999999998272,False,True,1.1466666666666667,0.5188679245283929,2.1362196409713565,28.899999999998727,4885,156.057
2024H1|J_PULLBACK_CONTINUATION|2024-04-29T22:15:00+00:00|-1,120,2024-04-30 00:15:00.360000+00:00,2024-04-30 00:15:00.433000+00:00,True,156.352,156.361,-26.29999999999768,-0.7999999999981355,-33.29999999999984,False,True,1.9233333333333333,0.7181818181817994,2.401888772297914,32.69999999999982,8210,156.057
2024H1|J_PULLBACK_CONTINUATION|2024-05-01T23:30:00+00:00|-1,15,2024-05-01 23:45:00.230000+00:00,2024-05-01 23:45:00.453000+00:00,True,155.582,155.591,-11.7999999999995,26.500000000001478,-18.39999999999975,False,False,1.74,0.1263736263736135,0.7042030134813503,44.39999999999884,2131,154.155
2024H1|J_PULLBACK_CONTINUATION|2024-05-01T23:30:00+00:00|-1,30,2024-05-02 00:00:00.230000+00:00,2024-05-02 00:00:00.294000+00:00,True,155.724,155.732,-25.899999999998613,26.500000000001478,-28.199999999998226,False,True,0.006666666666666667,0.37719298245605726,0.9854849068721974,54.80000000000018,4404,154.155
2024H1|J_PULLBACK_CONTINUATION|2024-05-01T23:30:00+00:00|-1,60,2024-05-02 00:30:00.230000+00:00,2024-05-02 00:30:00.242000+00:00,True,155.915,155.92,-44.69999999999743,26.500000000001478,-47.09999999999752,False,True,2.4166666666666665,0.27058823529413734,1.7346594740391623,73.50000000000136,9299,154.155
2024H1|J_PULLBACK_CONTINUATION|2024-05-01T23:30:00+00:00|-1,90,2024-05-02 01:00:00.230000+00:00,2024-05-02 01:00:00.324000+00:00,True,156.017,156.026,-55.29999999999973,26.500000000001478,-61.69999999999902,False,True,3.0366666666666666,0.06711409395967005,2.20407433881346,88.10000000000002,13335,154.155
2024H1|J_PULLBACK_CONTINUATION|2024-05-01T23:30:00+00:00|-1,120,2024-05-02 01:30:00.230000+00:00,2024-05-02 01:30:00.651000+00:00,True,156.172,156.179,-70.59999999999889,26.500000000001478,-70.99999999999795,False,True,1.8866666666666667,0.42016806722674827,3.7997775305895964,97.59999999999991,17025,154.155
2024H1|J_PULLBACK_CONTINUATION|2024-05-02T04:30:00+00:00|-1,15,2024-05-02 04:45:00.496000+00:00,2024-05-02 04:45:01.148000+00:00,True,155.892,155.895,2.5999999999982037,9.099999999997976,-1.300000000000523,False,False,2.0033333333333334,0.34554973821990387,0.5808219178081813,10.599999999999454,1682,155.698
2024H1|J_PULLBACK_CONTINUATION|2024-05-02T04:30:00+00:00|-1,30,2024-05-02 05:00:00.496000+00:00,2024-05-02 05:00:00.570000+00:00,True,155.828,155.835,8.599999999998431,21.299999999999386,-1.300000000000523,False,False,1.7533333333333334,0.1172413793103313,1.2150329329716516,22.399999999998954,3420,155.698
2024H1|J_PULLBACK_CONTINUATION|2024-05-02T04:30:00+00:00|-1,60,2024-05-02 05:30:00.496000+00:00,2024-05-02 05:30:01.544000+00:00,True,155.729,155.737,18.39999999999975,30.699999999998795,-1.300000000000523,True,False,1.7766666666666666,0.26490066225163444,1.915309446253991,33.59999999999843,6260,155.698
2024H1|J_PULLBACK_CONTINUATION|2024-05-02T04:30:00+00:00|-1,90,2024-05-02 06:00:00.496000+00:00,2024-05-02 06:00:00.523000+00:00,True,155.694,155.702,21.89999999999941,30.699999999998795,-1.300000000000523,True,False,1.6966666666666668,0.9712389380530857,1.7784499054819516,33.59999999999843,9210,155.698
2024H1|J_PULLBACK_CONTINUATION|2024-05-02T04:30:00+00:00|-1,120,2024-05-02 06:30:00.496000+00:00,2024-05-02 06:30:00.527000+00:00,True,155.34,155.35,57.099999999999795,75.39999999999907,-1.300000000000523,True,False,2.1766666666666667,0.02232142857140651,3.9214390602054348,76.29999999999768,14388,155.698
2024H1|J_PULLBACK_CONTINUATION|2024-05-02T10:45:00+00:00|-1,15,2024-05-02 11:00:00.213000+00:00,2024-05-02 11:00:00.239000+00:00,True,155.09,155.096,8.400000000000318,9.000000000000341,-3.0000000000001137,False,False,1.3066666666666666,0.2782608695652883,0.8206896551724003,11.899999999999977,1238,155.021
2024H1|J_PULLBACK_CONTINUATION|2024-05-02T10:45:00+00:00|-1,30,2024-05-02 11:15:00.213000+00:00,2024-05-02 11:15:00.438000+00:00,True,155.139,155.146,3.4000000000020236,12.100000000000932,-3.0000000000001137,False,False,1.7866666666666666,0.7138263665594702,0.9942418426105282,14.800000000002456,2848,155.021
2024H1|J_PULLBACK_CONTINUATION|2024-05-02T10:45:00+00:00|-1,60,2024-05-02 11:45:00.213000+00:00,2024-05-02 11:45:01.627000+00:00,True,154.834,154.838,34.200000000001296,50.10000000000048,-3.0000000000001137,True,False,2.0433333333333334,0.9620253164556917,3.4079782411605275,53.700000000000614,6922,155.021
2024H1|J_PULLBACK_CONTINUATION|2024-05-02T10:45:00+00:00|-1,90,2024-05-02 12:15:00.213000+00:00,2024-05-02 12:15:00.751000+00:00,True,154.65,154.658,52.20000000000198,55.29999999999973,-3.0000000000001137,True,False,3.3666666666666667,0.20418848167532333,3.636767317939689,58.500000000000796,11806,155.021
2024H1|J_PULLBACK_CONTINUATION|2024-05-02T10:45:00+00:00|-1,120,2024-05-02 12:45:00.213000+00:00,2024-05-02 12:45:00.892000+00:00,True,154.486,154.491,68.8999999999993,70.09999999999934,-3.0000000000001137,True,False,3.276666666666667,0.495689655172332,4.03613511390427,73.40000000000089,18116,155.021
2024H1|J_PULLBACK_CONTINUATION|2024-05-02T21:15:00+00:00|-1,15,2024-05-02 21:30:00.097000+00:00,2024-05-02 21:30:00.393000+00:00,True,153.695,153.78,-24.600000000000932,-16.800000000000637,-32.800000000000296,False,True,0.48,0.4299065420560052,1.4585726004921264,25.399999999999068,220,153.124
2024H1|J_PULLBACK_CONTINUATION|2024-05-02T21:15:00+00:00|-1,30,2024-05-02 21:45:00.097000+00:00,2024-05-02 21:45:00.335000+00:00,True,153.659,153.72,-18.600000000000705,-14.300000000000068,-32.800000000000296,False,True,0.15,0.42000000000020465,1.5508068033143354,25.399999999999068,377,153.124
2024H1|J_PULLBACK_CONTINUATION|2024-05-02T21:15:00+00:00|-1,60,2024-05-02 22:15:00.097000+00:00,2024-05-02 22:15:00.177000+00:00,True,153.441,153.455,7.899999999997931,16.899999999998272,-32.800000000000296,False,False,1.0866666666666667,0.9470899470899933,2.3587263200322592,41.80000000000064,1784,153.124
2024H1|J_PULLBACK_CONTINUATION|2024-05-02T21:15:00+00:00|-1,90,2024-05-02 22:45:00.097000+00:00,2024-05-02 22:45:19.896000+00:00,True,153.389,153.399,13.49999999999909,17.599999999998772,-32.800000000000296,False,False,1.3133333333333332,0.6842105263159233,2.297605025520232,41.80000000000064,3730,153.124
2024H1|J_PULLBACK_CONTINUATION|2024-05-02T21:15:00+00:00|-1,120,2024-05-02 23:15:00.097000+00:00,2024-05-02 23:15:00.141000+00:00,True,153.074,153.081,45.300000000000296,47.79999999999802,-32.800000000000296,True,False,1.4,0.10000000000004372,3.5495750708215903,71.60000000000082,5870,153.124
2024H1|J_PULLBACK_CONTINUATION|2024-05-03T03:30:00+00:00|-1,15,2024-05-03 03:45:00.122000+00:00,2024-05-03 03:45:00.697000+00:00,True,152.958,152.967,6.999999999999318,7.400000000001228,-5.500000000000682,False,False,1.0133333333333334,0.15853658536592974,0.7155309033281564,12.90000000000191,1081,152.748
2024H1|J_PULLBACK_CONTINUATION|2024-05-03T03:30:00+00:00|-1,30,2024-05-03 04:00:00.122000+00:00,2024-05-03 04:00:00.277000+00:00,True,153.005,153.014,2.2999999999996135,9.300000000001774,-5.500000000000682,False,False,1.47,0.2400000000000455,0.8535188216039372,14.900000000000091,2108,152.748
2024H1|J_PULLBACK_CONTINUATION|2024-05-03T03:30:00+00:00|-1,60,2024-05-03 04:30:00.122000+00:00,2024-05-03 04:30:00.172000+00:00,True,153.045,153.053,-1.5999999999991132,9.300000000001774,-5.500000000000682,False,False,0.44666666666666666,0.7720000000000482,0.9426118391323957,14.900000000000091,3381,152.748
2024H1|J_PULLBACK_CONTINUATION|2024-05-03T03:30:00+00:00|-1,90,2024-05-03 05:00:00.122000+00:00,2024-05-03 05:00:00.176000+00:00,True,152.919,152.925,11.199999999999477,22.20000000000084,-5.500000000000682,False,False,1.3833333333333333,0.23478260869576606,2.0740740740741215,27.600000000001046,5683,152.748
2024H1|J_PULLBACK_CONTINUATION|2024-05-03T03:30:00+00:00|-1,120,2024-05-03 05:30:00.122000+00:00,2024-05-03 05:30:00.200000+00:00,True,152.881,152.888,14.900000000000091,22.20000000000084,-5.500000000000682,False,False,0.99,0.6633663366337414,2.1371681415929764,27.600000000001046,7937,152.748
2024H1|J_PULLBACK_CONTINUATION|2024-05-03T09:15:00+00:00|-1,15,2024-05-03 09:30:00.085000+00:00,2024-05-03 09:30:00.101000+00:00,True,152.969,152.978,14.499999999998181,14.799999999999613,-1.500000000001478,True,False,0.9066666666666666,0.28915662650604057,1.3152235427277863,16.59999999999968,915,153.097
2024H1|J_PULLBACK_CONTINUATION|2024-05-03T09:15:00+00:00|-1,30,2024-05-03 09:45:00.085000+00:00,2024-05-03 09:45:00.218000+00:00,True,153.01,153.018,10.499999999998977,16.59999999999968,-1.500000000001478,True,False,1.4566666666666668,0.32500000000019535,1.539007092198685,18.600000000000705,2275,153.097
2024H1|J_PULLBACK_CONTINUATION|2024-05-03T09:15:00+00:00|-1,60,2024-05-03 10:15:00.085000+00:00,2024-05-03 10:15:00.220000+00:00,True,153.113,153.119,0.39999999999906777,16.59999999999968,-1.500000000001478,True,True,1.5733333333333333,0.879310344827544,1.7884615384616198,18.600000000000705,4841,153.097
2024H1|J_PULLBACK_CONTINUATION|2024-05-03T09:15:00+00:00|-1,90,2024-05-03 10:45:00.085000+00:00,2024-05-03 10:45:00.221000+00:00,True,153.057,153.064,5.89999999999975,16.59999999999968,-1.500000000001478,True,False,0.9966666666666667,0.3255813953486911,1.9021183345508395,18.600000000000705,7213,153.097
2024H1|J_PULLBACK_CONTINUATION|2024-05-03T09:15:00+00:00|-1,120,2024-05-03 11:15:00.085000+00:00,2024-05-03 11:15:12.571000+00:00,True,153.191,153.194,-7.099999999999795,16.59999999999968,-9.300000000001774,True,True,2.3433333333333333,0.6599999999995907,2.778544061302763,25.900000000001455,10227,153.097
2024H1|J_PULLBACK_CONTINUATION|2024-05-03T15:45:00+00:00|-1,15,2024-05-03 16:00:00.087000+00:00,2024-05-03 16:00:00.339000+00:00,True,152.854,152.862,-9.199999999998454,0.30000000000143245,-11.199999999999477,False,True,2.39,0.5000000000001128,0.4737310774710816,11.400000000000432,1791,152.141
2024H1|J_PULLBACK_CONTINUATION|2024-05-03T15:45:00+00:00|-1,30,2024-05-03 16:15:00.087000+00:00,2024-05-03 16:15:01.173000+00:00,True,152.825,152.83,-6.000000000000227,0.30000000000143245,-12.199999999998568,False,True,0.85,0.9019607843138184,0.5591125198098518,12.600000000000477,2833,152.141
2024H1|J_PULLBACK_CONTINUATION|2024-05-03T15:45:00+00:00|-1,60,2024-05-03 16:45:00.087000+00:00,2024-05-03 16:45:01.086000+00:00,True,152.791,152.794,-2.400000000000091,1.6000000000019554,-12.199999999998568,False,False,0.77,0.2276422764227135,0.7094422165512664,13.900000000001,4716,152.141
2024H1|J_PULLBACK_CONTINUATION|2024-05-03T15:45:00+00:00|-1,90,2024-05-03 17:15:00.087000+00:00,2024-05-03 17:15:00.444000+00:00,True,152.931,152.935,-16.499999999999204,1.6000000000019554,-19.10000000000025,False,True,0.5566666666666666,1.0,1.216882574174681,20.79999999999984,6491,152.141
2024H1|J_PULLBACK_CONTINUATION|2024-05-03T15:45:00+00:00|-1,120,2024-05-03 17:45:00.087000+00:00,2024-05-03 17:45:00.158000+00:00,True,152.897,152.9,-12.999999999999545,1.6000000000019554,-19.10000000000025,False,True,0.62,0.09090909090909094,1.793103448275885,20.79999999999984,7682,152.141
2024H1|J_PULLBACK_CONTINUATION|2024-05-03T20:15:00+00:00|-1,15,2024-05-03 20:30:42.524000+00:00,2024-05-03 20:30:50.127000+00:00,True,152.906,152.912,-6.30000000000166,-0.5000000000023874,-6.400000000002137,False,True,0.5866666666666667,0.8260869565221152,1.065420560747526,5.699999999998795,375,152.842
2024H1|J_PULLBACK_CONTINUATION|2024-05-03T20:15:00+00:00|-1,30,2024-05-03 20:45:42.524000+00:00,2024-05-03 20:45:50.814000+00:00,True,152.887,152.896,-4.699999999999704,-0.5000000000023874,-9.200000000001296,False,True,0.76,0.0,1.4350417163287523,8.599999999998431,908,152.842
2024H1|J_PULLBACK_CONTINUATION|2024-05-03T20:15:00+00:00|-1,60,2024-05-03 21:15:42.524000+00:00,2024-05-05 21:04:03.186000+00:00,True,152.886,153.105,-25.600000000000023,-0.5000000000023874,-23.00000000000182,False,True,0.0033333333333333335,0.0,2.669845053635318,15.999999999999659,1835,152.842
2024H1|J_PULLBACK_CONTINUATION|2024-05-03T20:15:00+00:00|-1,90,2024-05-03 21:45:42.524000+00:00,2024-05-05 21:04:03.186000+00:00,True,152.886,153.105,-25.600000000000023,-0.5000000000023874,-23.00000000000182,False,True,0.0033333333333333335,0.0,2.669845053635318,15.999999999999659,1835,152.842
2024H1|J_PULLBACK_CONTINUATION|2024-05-03T20:15:00+00:00|-1,120,2024-05-03 22:15:42.524000+00:00,2024-05-05 21:04:03.186000+00:00,True,152.886,153.105,-25.600000000000023,-0.5000000000023874,-23.00000000000182,False,True,0.0033333333333333335,0.0,2.669845053635318,15.999999999999659,1835,152.842
2024H1|J_PULLBACK_CONTINUATION|2024-05-09T22:15:00+00:00|-1,15,2024-05-09 22:30:00.599000+00:00,2024-05-09 22:30:01.272000+00:00,True,155.379,155.385,-5.799999999999272,1.2000000000000455,-7.499999999998863,False,False,0.5433333333333333,0.2666666666667509,1.6550764951317432,8.499999999997954,563,155.298
2024H1|J_PULLBACK_CONTINUATION|2024-05-09T22:15:00+00:00|-1,30,2024-05-09 22:45:00.599000+00:00,2024-05-09 22:45:02.100000+00:00,True,155.406,155.413,-8.600000000001273,1.2000000000000455,-9.700000000000841,False,False,0.39666666666666667,0.8846153846152024,2.0206185567009833,11.199999999999477,990,155.298
2024H1|J_PULLBACK_CONTINUATION|2024-05-09T22:15:00+00:00|-1,60,2024-05-09 23:15:00.599000+00:00,2024-05-09 23:15:00.831000+00:00,True,155.336,155.339,-1.2000000000000455,1.2000000000000455,-10.200000000000387,False,False,0.16,1.0,2.156657963446569,11.7999999999995,1546,155.298
2024H1|J_PULLBACK_CONTINUATION|2024-05-09T22:15:00+00:00|-1,90,2024-05-09 23:45:00.599000+00:00,2024-05-09 23:45:02.238000+00:00,True,155.323,155.33,-0.30000000000143245,5.799999999999272,-10.200000000000387,True,False,0.48,0.10975609756081495,2.7014563106797116,15.899999999999181,2049,155.298
2024H1|J_PULLBACK_CONTINUATION|2024-05-09T22:15:00+00:00|-1,120,2024-05-10 00:15:00.599000+00:00,2024-05-10 00:15:04.780000+00:00,True,155.506,155.51,-18.299999999999272,5.799999999999272,-20.90000000000032,True,True,1.1366666666666667,0.8933333333335658,3.711693548387125,26.29999999999768,3704,155.298
2024H1|J_PULLBACK_CONTINUATION|2024-05-15T14:30:00+00:00|-1,15,2024-05-15 14:45:00.072000+00:00,2024-05-15 14:45:00.211000+00:00,True,155.43,155.432,5.400000000000205,10.80000000000041,-3.4000000000020236,False,False,1.93,0.9150943396226339,0.5560283687943841,14.000000000001478,2201,154.75
2024H1|J_PULLBACK_CONTINUATION|2024-05-15T14:30:00+00:00|-1,30,2024-05-15 15:00:00.072000+00:00,2024-05-15 15:00:00.111000+00:00,True,155.314,155.317,16.899999999998272,18.599999999997863,-3.4000000000020236,False,False,2.56,0.9700374531834836,0.8297413793103431,21.999999999999886,4280,154.75
2024H1|J_PULLBACK_CONTINUATION|2024-05-15T14:30:00+00:00|-1,60,2024-05-15 15:30:00.072000+00:00,2024-05-15 15:30:00.092000+00:00,True,154.833,154.839,64.69999999999914,68.50000000000023,-3.4000000000020236,False,False,3.23,0.22772277227733217,2.5932595832261716,71.99999999999989,8778,154.75
2024H1|J_PULLBACK_CONTINUATION|2024-05-15T14:30:00+00:00|-1,90,2024-05-15 16:00:00.072000+00:00,2024-05-15 16:00:00.275000+00:00,True,155.024,155.029,45.69999999999936,73.99999999999807,-3.4000000000020236,True,False,2.46,0.8206521739131115,3.278668683812431,77.40000000000009,13830,154.75
2024H1|J_PULLBACK_CONTINUATION|2024-05-15T14:30:00+00:00|-1,120,2024-05-15 16:30:00.072000+00:00,2024-05-15 16:30:00.247000+00:00,True,154.914,154.918,56.79999999999836,73.99999999999807,-3.4000000000020236,True,False,1.2466666666666666,0.26865671641789146,3.5597897503285063,77.40000000000009,17370,154.75
2024H1|J_PULLBACK_CONTINUATION|2024-05-15T19:00:00+00:00|-1,15,2024-05-15 19:15:00.140000+00:00,2024-05-15 19:15:00.190000+00:00,True,154.92,154.926,-1.999999999998181,3.700000000000614,-4.4999999999987494,False,False,1.2566666666666666,0.09803921568615426,0.6146341463413793,8.099999999998886,1175,154.69
2024H1|J_PULLBACK_CONTINUATION|2024-05-15T19:00:00+00:00|-1,30,2024-05-15 19:30:00.140000+00:00,2024-05-15 19:30:00.614000+00:00,True,154.932,154.939,-3.299999999998704,3.700000000000614,-4.4999999999987494,False,False,0.97,0.32584269662917764,0.6479999999999109,8.099999999998886,2093,154.69
2024H1|J_PULLBACK_CONTINUATION|2024-05-15T19:00:00+00:00|-1,60,2024-05-15 20:00:00.140000+00:00,2024-05-15 20:00:00.671000+00:00,True,154.968,154.972,-6.60000000000025,3.700000000000614,-11.899999999999977,False,False,1.0533333333333332,0.9333333333336281,1.3858764186634118,15.700000000001069,3839,154.69
2024H1|J_PULLBACK_CONTINUATION|2024-05-15T19:00:00+00:00|-1,90,2024-05-15 20:30:00.140000+00:00,2024-05-15 20:30:00.173000+00:00,True,154.911,154.922,-1.5999999999991132,7.800000000000296,-11.899999999999977,False,False,0.68,0.8545454545458115,1.9742304939155728,19.700000000000273,4779,154.69
2024H1|J_PULLBACK_CONTINUATION|2024-05-15T19:00:00+00:00|-1,120,2024-05-15 21:00:00.140000+00:00,2024-05-15 21:00:00.224000+00:00,True,154.856,154.9,0.6000000000000227,7.800000000000296,-11.899999999999977,False,False,0.7566666666666667,0.8214285714284022,2.2241935483871114,19.700000000000273,5884,154.69
2024H1|J_PULLBACK_CONTINUATION|2024-05-16T02:30:00+00:00|-1,15,2024-05-16 02:45:00.063000+00:00,2024-05-16 02:45:01.639000+00:00,True,153.935,153.938,15.400000000002478,21.999999999999886,-3.3999999999991815,False,False,1.98,0.1330049261084475,1.03397341211228,25.0,1947,153.598
2024H1|J_PULLBACK_CONTINUATION|2024-05-16T02:30:00+00:00|-1,30,2024-05-16 03:00:00.063000+00:00,2024-05-16 03:00:00.435000+00:00,True,154.006,154.011,8.100000000001728,25.7000000000005,-3.3999999999991815,False,False,1.9766666666666666,0.5307692307693788,1.207185628742461,28.79999999999825,3772,153.598
2024H1|J_PULLBACK_CONTINUATION|2024-05-16T02:30:00+00:00|-1,60,2024-05-16 03:30:00.063000+00:00,2024-05-16 03:30:00.095000+00:00,True,153.934,153.938,15.400000000002478,25.7000000000005,-3.3999999999991815,False,False,1.0933333333333333,0.26153846153840776,1.2812202097234833,28.79999999999825,6079,153.598
2024H1|J_PULLBACK_CONTINUATION|2024-05-16T02:30:00+00:00|-1,90,2024-05-16 04:00:00.063000+00:00,2024-05-16 04:00:00.391000+00:00,True,153.969,153.974,11.800000000002342,25.7000000000005,-3.3999999999991815,False,False,1.2333333333333334,0.19753086419744859,1.4498381877021889,28.79999999999825,7909,153.598
2024H1|J_PULLBACK_CONTINUATION|2024-05-16T02:30:00+00:00|-1,120,2024-05-16 04:30:00.063000+00:00,2024-05-16 04:30:01.161000+00:00,True,153.992,154.0,9.200000000001296,25.7000000000005,-3.3999999999991815,False,False,0.7833333333333333,0.9682539682539706,1.699831365935826,28.79999999999825,9748,153.598
2024H1|J_PULLBACK_CONTINUATION|2024-05-27T05:30:00+00:00|-1,15,2024-05-27 05:45:01.086000+00:00,2024-05-27 05:45:01.351000+00:00,True,156.752,156.757,-0.9000000000014552,0.7999999999981355,-2.000000000001023,False,False,0.37666666666666665,0.2093023255817028,0.544323483669896,2.4999999999977263,469,156.685
2024H1|J_PULLBACK_CONTINUATION|2024-05-27T05:30:00+00:00|-1,30,2024-05-27 06:00:01.086000+00:00,2024-05-27 06:00:02.047000+00:00,True,156.761,156.771,-2.2999999999996135,1.8999999999977035,-2.899999999999636,False,False,1.5266666666666666,0.17721518987323104,0.9011976047906973,4.300000000000637,1446,156.685
2024H1|J_PULLBACK_CONTINUATION|2024-05-27T05:30:00+00:00|-1,60,2024-05-27 06:30:01.086000+00:00,2024-05-27 06:30:01.286000+00:00,True,156.809,156.815,-6.700000000000728,1.8999999999977035,-9.499999999999886,False,True,1.1533333333333333,0.0285714285715446,2.7560975609759493,11.299999999999955,3588,156.685
2024H1|J_PULLBACK_CONTINUATION|2024-05-27T05:30:00+00:00|-1,90,2024-05-27 07:00:01.086000+00:00,2024-05-27 07:00:01.100000+00:00,True,156.82,156.824,-7.600000000002183,1.8999999999977035,-10.000000000002274,False,True,0.5233333333333333,0.05000000000021321,2.785591766724183,11.600000000001387,5317,156.685
2024H1|J_PULLBACK_CONTINUATION|2024-05-27T05:30:00+00:00|-1,120,2024-05-27 07:30:01.086000+00:00,2024-05-27 07:30:01.367000+00:00,True,156.919,156.922,-17.40000000000066,1.8999999999977035,-19.300000000001205,False,True,0.98,0.01587301587264356,4.542901716068671,20.79999999999984,6288,156.685
2024H1|J_PULLBACK_CONTINUATION|2024-05-30T08:45:00+00:00|-1,15,2024-05-30 09:00:01.729000+00:00,2024-05-30 09:00:04.040000+00:00,True,156.942,156.947,6.999999999999318,10.499999999998977,-3.999999999999204,False,False,1.7366666666666666,0.23809523809535083,0.9850602409639351,14.6000000000015,1565,156.534
2024H1|J_PULLBACK_CONTINUATION|2024-05-30T08:45:00+00:00|-1,30,2024-05-30 09:15:01.729000+00:00,2024-05-30 09:15:04.260000+00:00,True,156.958,156.964,5.299999999999727,11.599999999998545,-3.999999999999204,False,False,2.3266666666666667,0.8651685393258355,1.084999999999977,15.500000000000114,3074,156.534
2024H1|J_PULLBACK_CONTINUATION|2024-05-30T08:45:00+00:00|-1,60,2024-05-30 09:45:01.729000+00:00,2024-05-30 09:45:01.787000+00:00,True,156.901,156.908,10.900000000000887,16.800000000000637,-3.999999999999204,False,False,2.1066666666666665,0.07894736842106242,1.5699510070768479,20.600000000001728,5906,156.534
2024H1|J_PULLBACK_CONTINUATION|2024-05-30T08:45:00+00:00|-1,90,2024-05-30 10:15:01.729000+00:00,2024-05-30 10:15:10.942000+00:00,True,157.046,157.048,-3.100000000000591,16.800000000000637,-3.999999999999204,False,True,0.46,0.9072164948452188,1.5733769776323816,20.600000000001728,8308,156.534
2024H1|J_PULLBACK_CONTINUATION|2024-05-30T08:45:00+00:00|-1,120,2024-05-30 10:45:01.729000+00:00,2024-05-30 10:45:03.099000+00:00,True,156.959,156.962,5.500000000000682,16.800000000000637,-7.500000000001705,False,False,1.1333333333333333,0.9903846153845707,2.2200647249190713,24.500000000000455,9907,156.534
2024H1|J_PULLBACK_CONTINUATION|2024-05-30T14:30:00+00:00|-1,15,2024-05-30 14:45:00.328000+00:00,2024-05-30 14:45:00.395000+00:00,True,156.633,156.637,6.100000000000705,6.400000000002137,-3.700000000000614,False,False,1.5866666666666667,0.4396551724137424,0.6644736842105424,10.099999999999909,1241,156.37
2024H1|J_PULLBACK_CONTINUATION|2024-05-30T14:30:00+00:00|-1,30,2024-05-30 15:00:00.328000+00:00,2024-05-30 15:00:00.763000+00:00,True,156.591,156.597,10.099999999999909,16.500000000002046,-3.700000000000614,False,False,2.43,0.4144144144145321,1.3783783783782746,20.39999999999793,3253,156.37
2024H1|J_PULLBACK_CONTINUATION|2024-05-30T14:30:00+00:00|-1,60,2024-05-30 15:30:00.328000+00:00,2024-05-30 15:30:00.344000+00:00,True,156.675,156.679,1.9000000000005457,16.500000000002046,-3.700000000000614,False,False,0.8933333333333333,0.8666666666666667,1.4223107569719804,20.39999999999793,6197,156.37
2024H1|J_PULLBACK_CONTINUATION|2024-05-30T14:30:00+00:00|-1,90,2024-05-30 16:00:00.328000+00:00,2024-05-30 16:00:00.346000+00:00,True,156.638,156.644,5.400000000000205,16.500000000002046,-3.700000000000614,False,False,0.93,0.054347826086899476,1.5280898876402946,20.39999999999793,8939,156.37
2024H1|J_PULLBACK_CONTINUATION|2024-05-30T14:30:00+00:00|-1,120,2024-05-30 16:30:00.328000+00:00,2024-05-30 16:30:09.249000+00:00,True,156.667,156.671,2.7000000000015234,16.500000000002046,-3.7999999999982492,False,False,0.57,0.11428571428586509,1.851612903225683,20.49999999999841,10598,156.37
2024H1|J_PULLBACK_CONTINUATION|2024-05-30T21:15:00+00:00|-1,15,2024-05-30 21:30:00.318000+00:00,2024-05-30 21:30:00.416000+00:00,True,156.755,156.789,-2.199999999999136,-1.2000000000000455,-6.900000000001683,False,True,0.12666666666666668,0.6153846153851199,0.8476562500001138,3.100000000000591,95,156.741
2024H1|J_PULLBACK_CONTINUATION|2024-05-30T21:15:00+00:00|-1,30,2024-05-30 21:45:00.318000+00:00,2024-05-30 21:45:10.170000+00:00,True,156.763,156.788,-2.1000000000015007,-1.2000000000000455,-6.900000000001683,False,True,0.63,0.13333333333301756,0.8509803921569927,3.100000000000591,399,156.741
2024H1|J_PULLBACK_CONTINUATION|2024-05-30T21:15:00+00:00|-1,60,2024-05-30 22:15:00.318000+00:00,2024-05-30 22:15:07.597000+00:00,True,156.751,156.753,1.4000000000010004,2.400000000000091,-7.800000000000296,True,False,0.3433333333333333,0.07575757575750397,2.229885057470876,9.699999999997999,1314,156.741
2024H1|J_PULLBACK_CONTINUATION|2024-05-30T21:15:00+00:00|-1,90,2024-05-30 22:45:00.318000+00:00,2024-05-30 22:45:01.158000+00:00,True,156.84,156.847,-8.00000000000125,2.400000000000091,-9.200000000001296,True,True,0.18333333333333332,0.9607843137252935,2.5615141955833307,11.599999999998545,1635,156.741
2024H1|J_PULLBACK_CONTINUATION|2024-05-30T21:15:00+00:00|-1,120,2024-05-30 23:15:00.318000+00:00,2024-05-30 23:15:01.555000+00:00,True,156.822,156.826,-5.89999999999975,2.400000000000091,-9.200000000001296,True,True,0.18,0.7037037037035088,2.6406504065036946,11.599999999998545,2419,156.741
2024H1|J_PULLBACK_CONTINUATION|2024-05-31T01:45:00+00:00|-1,15,2024-05-31 02:00:00.334000+00:00,2024-05-31 02:00:01.950000+00:00,True,156.677,156.682,-2.2999999999996135,1.8000000000000682,-10.699999999999932,False,False,1.56,0.7058823529412257,1.1034047919293535,12.5,1560,156.603
2024H1|J_PULLBACK_CONTINUATION|2024-05-31T01:45:00+00:00|-1,30,2024-05-31 02:15:00.334000+00:00,2024-05-31 02:15:00.365000+00:00,True,156.603,156.608,5.099999999998772,8.199999999999363,-10.699999999999932,True,False,1.2866666666666666,0.23863636363655083,1.6561922365989055,19.200000000000728,3065,156.603
2024H1|J_PULLBACK_CONTINUATION|2024-05-31T01:45:00+00:00|-1,60,2024-05-31 02:45:00.334000+00:00,2024-05-31 02:45:01.069000+00:00,True,156.729,156.733,-7.400000000001228,8.199999999999363,-10.699999999999932,True,False,1.22,0.1568627450979463,1.5421686746988328,19.200000000000728,5627,156.603
2024H1|J_PULLBACK_CONTINUATION|2024-05-31T01:45:00+00:00|-1,90,2024-05-31 03:15:00.334000+00:00,2024-05-31 03:15:01.612000+00:00,True,156.756,156.76,-10.099999999999909,8.199999999999363,-18.200000000001637,True,False,0.8733333333333333,0.1071428571428934,2.203470975463848,26.300000000000523,8095,156.603
2024H1|J_PULLBACK_CONTINUATION|2024-05-31T01:45:00+00:00|-1,120,2024-05-31 03:45:00.334000+00:00,2024-05-31 03:45:02.653000+00:00,True,156.829,156.833,-17.40000000000066,8.199999999999363,-22.20000000000084,True,True,1.7866666666666666,0.8548387096772123,2.587234042553193,30.400000000000205,10528,156.603
2024H1|J_PULLBACK_CONTINUATION|2024-06-03T12:30:00+00:00|-1,15,2024-06-03 12:45:00.296000+00:00,2024-06-03 12:45:00.397000+00:00,True,156.727,156.732,10.099999999999909,12.399999999999523,-1.8000000000000682,False,False,1.9233333333333333,0.010989010989062464,1.3337653920934742,14.700000000001978,1607,156.636
2024H1|J_PULLBACK_CONTINUATION|2024-06-03T12:30:00+00:00|-1,30,2024-06-03 13:00:00.296000+00:00,2024-06-03 13:00:00.367000+00:00,True,156.778,156.786,4.699999999999704,14.099999999999113,-1.8000000000000682,False,False,2.1733333333333333,0.8020833333335214,1.4260089686100406,15.900000000002024,3162,156.636
2024H1|J_PULLBACK_CONTINUATION|2024-06-03T12:30:00+00:00|-1,60,2024-06-03 13:30:00.296000+00:00,2024-06-03 13:30:00.591000+00:00,True,156.685,156.69,14.300000000000068,16.200000000000614,-1.8000000000000682,False,False,1.9833333333333334,0.48684210526328087,1.7322515212983587,18.300000000002115,6340,156.636
2024H1|J_PULLBACK_CONTINUATION|2024-06-03T12:30:00+00:00|-1,90,2024-06-03 14:00:00.296000+00:00,2024-06-03 14:00:00.439000+00:00,True,156.59,156.597,23.599999999999,25.100000000000477,-1.8000000000000682,True,False,1.8833333333333333,0.7439293598234333,1.9926739926741361,27.200000000001978,10279,156.636
2024H1|J_PULLBACK_CONTINUATION|2024-06-03T12:30:00+00:00|-1,120,2024-06-03 14:30:00.296000+00:00,2024-06-03 14:30:01.260000+00:00,True,156.324,156.332,50.10000000000048,67.50000000000114,-1.8000000000000682,True,False,2.67,0.6528925619834847,4.281553398058237,69.3000000000012,16567,156.636
2024H1|J_PULLBACK_CONTINUATION|2024-06-03T18:45:00+00:00|-1,15,2024-06-03 19:00:00.896000+00:00,2024-06-03 19:00:01.476000+00:00,True,156.214,156.219,1.500000000001478,4.300000000000637,-2.199999999999136,False,False,0.8166666666666667,0.4838709677418468,0.9371781668383571,6.499999999999773,1200,156.037
2024H1|J_PULLBACK_CONTINUATION|2024-06-03T18:45:00+00:00|-1,30,2024-06-03 19:15:00.896000+00:00,2024-06-03 19:15:01.289000+00:00,True,156.221,156.226,0.8000000000009777,4.300000000000637,-2.199999999999136,False,False,1.0366666666666666,0.04477611940319404,0.9827213822894559,6.499999999999773,2099,156.037
2024H1|J_PULLBACK_CONTINUATION|2024-06-03T18:45:00+00:00|-1,60,2024-06-03 19:45:00.896000+00:00,2024-06-03 19:45:05.180000+00:00,True,156.257,156.262,-2.7999999999991587,4.300000000000637,-5.799999999999272,False,True,0.7433333333333333,0.7435897435893513,1.6528925619834716,9.999999999999432,3891,156.037
2024H1|J_PULLBACK_CONTINUATION|2024-06-03T18:45:00+00:00|-1,90,2024-06-03 20:15:00.896000+00:00,2024-06-03 20:16:18.691000+00:00,True,156.211,156.217,1.6999999999995907,4.300000000000637,-5.799999999999272,False,False,0.11,0.3999999999998579,1.8087855297157238,9.999999999999432,4425,156.037
2024H1|J_PULLBACK_CONTINUATION|2024-06-03T18:45:00+00:00|-1,120,2024-06-03 20:45:00.896000+00:00,2024-06-03 20:45:01.025000+00:00,True,156.092,156.106,12.800000000001432,18.300000000002115,-5.799999999999272,False,False,0.72,0.8585858585857832,3.6240601503761036,24.100000000001387,5662,156.037
2024H1|J_PULLBACK_CONTINUATION|2024-06-03T23:45:00+00:00|-1,15,2024-06-04 00:00:00.275000+00:00,2024-06-04 00:00:00.356000+00:00,True,156.091,156.098,3.3999999999991815,13.599999999999568,-0.2999999999985903,True,False,0.006666666666666667,0.18309859154935026,1.9291866028709097,14.400000000000546,939,156.056
2024H1|J_PULLBACK_CONTINUATION|2024-06-03T23:45:00+00:00|-1,30,2024-06-04 00:15:00.275000+00:00,2024-06-04 00:15:00.429000+00:00,True,156.156,156.161,-2.899999999999636,14.6000000000015,-6.700000000000728,True,True,1.9533333333333334,0.7472527472527335,2.8756027000968736,21.30000000000223,2879,156.056
2024H1|J_PULLBACK_CONTINUATION|2024-06-03T23:45:00+00:00|-1,60,2024-06-04 00:45:00.275000+00:00,2024-06-04 00:45:00.924000+00:00,True,156.275,156.281,-14.900000000000091,14.6000000000015,-16.99999999999875,True,True,1.02,0.13071895424841584,3.450858034321524,31.60000000000025,5278,156.056
2024H1|J_PULLBACK_CONTINUATION|2024-06-03T23:45:00+00:00|-1,90,2024-06-04 01:15:00.275000+00:00,2024-06-04 01:15:00.450000+00:00,True,156.335,156.339,-20.699999999999363,14.6000000000015,-28.299999999998704,True,True,0.87,0.5301204819278553,4.356678700361247,43.10000000000116,8044,156.056
2024H1|J_PULLBACK_CONTINUATION|2024-06-03T23:45:00+00:00|-1,120,2024-06-04 01:45:00.275000+00:00,2024-06-04 01:45:00.282000+00:00,True,156.478,156.483,-35.09999999999991,14.6000000000015,-35.90000000000089,True,True,1.8733333333333333,0.4313725490198592,4.843556168160004,50.200000000000955,11024,156.056
2024H1|J_PULLBACK_CONTINUATION|2024-06-04T04:30:00+00:00|-1,15,2024-06-04 04:45:08.819000+00:00,2024-06-04 04:45:16.005000+00:00,True,156.324,156.329,-0.7000000000005002,1.8000000000000682,-2.000000000001023,True,True,0.38666666666666666,0.378378378378586,0.5773195876287348,3.999999999999204,292,156.311
2024H1|J_PULLBACK_CONTINUATION|2024-06-04T04:30:00+00:00|-1,30,2024-06-04 05:00:08.819000+00:00,2024-06-04 05:00:08.975000+00:00,True,156.299,156.304,1.8000000000000682,6.499999999999773,-2.000000000001023,True,False,1.1933333333333334,0.9711538461539775,1.3311965811965507,8.899999999999864,923,156.311
2024H1|J_PULLBACK_CONTINUATION|2024-06-04T04:30:00+00:00|-1,60,2024-06-04 05:30:08.819000+00:00,2024-06-04 05:30:10.609000+00:00,True,156.19,156.197,12.5,17.69999999999925,-2.000000000001023,True,False,1.29,0.606060606060693,2.8228105906314735,19.80000000000075,2768,156.311
2024H1|J_PULLBACK_CONTINUATION|2024-06-04T04:30:00+00:00|-1,90,2024-06-04 06:00:08.819000+00:00,2024-06-04 06:00:08.942000+00:00,True,156.195,156.198,12.399999999999523,22.59999999999991,-2.000000000001023,True,False,0.92,0.8878504672897246,2.8067906224735664,24.799999999999045,4734,156.311
2024H1|J_PULLBACK_CONTINUATION|2024-06-04T04:30:00+00:00|-1,120,2024-06-04 06:30:08.819000+00:00,2024-06-04 06:30:13.954000+00:00,True,155.952,155.955,36.69999999999902,51.69999999999959,-2.000000000001023,True,False,1.6466666666666667,0.247058823529398,5.2463363572923765,53.700000000000614,9351,156.311
2024H1|J_PULLBACK_CONTINUATION|2024-06-04T13:15:00+00:00|-1,15,2024-06-04 13:30:00.085000+00:00,2024-06-04 13:30:00.111000+00:00,True,155.009,155.018,2.2999999999996135,17.499999999998295,-4.300000000000637,False,False,2.683333333333333,0.5737704918033397,1.0690376569038562,21.90000000000225,2726,154.72
2024H1|J_PULLBACK_CONTINUATION|2024-06-04T13:15:00+00:00|-1,30,2024-06-04 13:45:00.085000+00:00,2024-06-04 13:45:00.207000+00:00,True,154.946,154.952,8.899999999999864,19.200000000000728,-4.900000000000659,False,False,3.0766666666666667,0.588235294117516,1.2113475177304738,24.399999999999977,5301,154.72
2024H1|J_PULLBACK_CONTINUATION|2024-06-04T13:15:00+00:00|-1,60,2024-06-04 14:15:00.085000+00:00,2024-06-04 14:15:00.138000+00:00,True,155.144,155.147,-10.599999999999454,48.69999999999948,-11.699999999999022,True,True,4.026666666666666,0.9950495049504714,2.642253521126757,60.300000000000864,12812,154.72
2024H1|J_PULLBACK_CONTINUATION|2024-06-04T13:15:00+00:00|-1,90,2024-06-04 14:45:00.085000+00:00,2024-06-04 14:45:00.226000+00:00,True,155.012,155.019,2.199999999999136,48.69999999999948,-21.299999999999386,True,False,3.4066666666666667,0.6714285714285946,3.072100313479549,69.99999999999886,19788,154.72
2024H1|J_PULLBACK_CONTINUATION|2024-06-04T13:15:00+00:00|-1,120,2024-06-04 15:15:00.085000+00:00,2024-06-04 15:15:00.260000+00:00,True,154.926,154.936,10.499999999998977,48.69999999999948,-21.299999999999386,True,False,3.3433333333333333,0.6809815950920919,3.139013452914733,69.99999999999886,25534,154.72
2024H1|J_PULLBACK_CONTINUATION|2024-06-04T20:00:00+00:00|-1,15,2024-06-04 20:15:00.088000+00:00,2024-06-04 20:15:00.171000+00:00,True,154.797,154.805,-3.4000000000020236,-0.6000000000000227,-3.4000000000020236,False,True,0.1,0.1311475409837517,0.4879807692307284,2.899999999999636,240,154.595
2024H1|J_PULLBACK_CONTINUATION|2024-06-04T20:00:00+00:00|-1,30,2024-06-04 20:30:00.088000+00:00,2024-06-04 20:30:00.093000+00:00,True,154.852,154.856,-8.500000000000796,-0.6000000000000227,-9.000000000000341,False,True,0.6233333333333333,0.7857142857142132,1.4653215636822845,8.29999999999984,764,154.595
2024H1|J_PULLBACK_CONTINUATION|2024-06-04T20:00:00+00:00|-1,60,2024-06-04 21:00:00.088000+00:00,2024-06-04 21:04:00.348000+00:00,True,154.817,154.953,-18.200000000001637,-0.6000000000000227,-15.300000000002001,False,True,1.16,0.2967032967032177,2.7004103967168867,14.099999999999113,1661,154.595
2024H1|J_PULLBACK_CONTINUATION|2024-06-04T20:00:00+00:00|-1,90,2024-06-04 21:30:00.088000+00:00,2024-06-04 21:30:03.474000+00:00,True,154.824,154.871,-10.000000000002274,-0.6000000000000227,-19.10000000000025,False,True,0.29,0.8421052631581047,2.6042216358840005,14.099999999999113,2018,154.595
2024H1|J_PULLBACK_CONTINUATION|2024-06-04T20:00:00+00:00|-1,120,2024-06-04 22:00:00.088000+00:00,2024-06-04 22:00:00.109000+00:00,True,154.805,154.828,-5.700000000001637,-0.6000000000000227,-19.10000000000025,False,True,0.6766666666666666,0.13186813186812496,2.4830188679245886,14.099999999999113,2808,154.595
2024H1|J_PULLBACK_CONTINUATION|2024-06-06T21:45:00+00:00|-1,15,2024-06-06 22:00:01.929000+00:00,2024-06-06 22:00:02.057000+00:00,True,155.586,155.625,-7.900000000000773,-4.300000000000637,-11.100000000001842,False,False,0.8466666666666667,0.30188679245267847,0.9542902967121876,8.500000000000796,794,155.471
2024H1|J_PULLBACK_CONTINUATION|2024-06-06T21:45:00+00:00|-1,30,2024-06-06 22:15:01.929000+00:00,2024-06-06 22:15:02.100000+00:00,True,155.599,155.603,-5.700000000001637,-2.5000000000005684,-11.100000000001842,False,False,0.11333333333333333,0.9591836734697547,0.9535256410257377,8.500000000000796,1220,155.471
2024H1|J_PULLBACK_CONTINUATION|2024-06-06T21:45:00+00:00|-1,60,2024-06-06 22:45:01.929000+00:00,2024-06-06 22:45:24.220000+00:00,True,155.56,155.563,-1.6999999999995907,-1.4000000000010004,-11.100000000001842,False,False,0.23333333333333334,0.034482758620841714,1.0144927536232817,8.500000000000796,1624,155.471
2024H1|J_PULLBACK_CONTINUATION|2024-06-06T21:45:00+00:00|-1,90,2024-06-06 23:15:01.929000+00:00,2024-06-06 23:15:32.044000+00:00,True,155.591,155.599,-5.299999999999727,-1.4000000000010004,-11.100000000001842,False,False,0.4,0.4693877551018988,1.3296089385475955,8.500000000000796,2239,155.471
2024H1|J_PULLBACK_CONTINUATION|2024-06-06T21:45:00+00:00|-1,120,2024-06-06 23:45:01.929000+00:00,2024-06-06 23:45:03.379000+00:00,True,155.677,155.685,-13.900000000001,-1.4000000000010004,-17.600000000001614,False,True,0.8033333333333333,0.36470588235297663,2.4697435897434894,17.199999999999704,3321,155.471
2024H1|J_PULLBACK_CONTINUATION|2024-06-07T08:30:00+00:00|-1,15,2024-06-07 08:45:00.087000+00:00,2024-06-07 08:45:00.097000+00:00,True,155.384,155.39,-4.099999999999682,0.899999999998613,-11.299999999999955,False,False,2.506666666666667,0.5000000000001614,0.7466666666666949,12.000000000000455,1975,155.119
2024H1|J_PULLBACK_CONTINUATION|2024-06-07T08:30:00+00:00|-1,30,2024-06-07 09:00:00.087000+00:00,2024-06-07 09:00:00.291000+00:00,True,155.357,155.361,-1.2000000000000455,3.3999999999991815,-11.299999999999955,False,False,1.2766666666666666,0.22388059701479246,0.9115401885944175,14.499999999998181,3292,155.119
2024H1|J_PULLBACK_CONTINUATION|2024-06-07T08:30:00+00:00|-1,60,2024-06-07 09:30:00.087000+00:00,2024-06-07 09:30:00.691000+00:00,True,155.468,155.473,-12.400000000002365,3.3999999999991815,-12.400000000002365,False,True,1.9666666666666666,0.7959183673468618,1.0779861796642172,15.599999999997749,6215,155.119
2024H1|J_PULLBACK_CONTINUATION|2024-06-07T08:30:00+00:00|-1,90,2024-06-07 10:00:00.087000+00:00,2024-06-07 10:00:00.590000+00:00,True,155.481,155.485,-13.60000000000241,3.3999999999991815,-14.700000000001978,False,True,0.7533333333333333,0.6538461538459717,1.4471730439747563,18.099999999998317,7776,155.119
2024H1|J_PULLBACK_CONTINUATION|2024-06-07T08:30:00+00:00|-1,120,2024-06-07 10:30:00.087000+00:00,2024-06-07 10:30:00.212000+00:00,True,155.532,155.537,-18.80000000000166,3.3999999999991815,-20.300000000000296,False,True,1.0033333333333334,0.8571428571430505,2.0110974106040356,23.299999999997567,9263,155.119
2024H1|J_PULLBACK_CONTINUATION|2024-06-25T06:15:00+00:00|-1,15,2024-06-25 06:30:01.887000+00:00,2024-06-25 06:30:05.388000+00:00,True,159.481,159.484,-6.30000000000166,1.099999999999568,-6.499999999999773,False,True,0.6,0.924242424242496,1.0301886792453199,7.800000000000296,512,159.273
2024H1|J_PULLBACK_CONTINUATION|2024-06-25T06:15:00+00:00|-1,30,2024-06-25 06:45:01.887000+00:00,2024-06-25 06:45:05.278000+00:00,True,159.439,159.444,-2.2999999999996135,1.099999999999568,-8.400000000000318,False,True,0.74,0.14953271028029191,1.2405063291140652,9.800000000001319,1113,159.273
2024H1|J_PULLBACK_CONTINUATION|2024-06-25T06:15:00+00:00|-1,60,2024-06-25 07:15:01.887000+00:00,2024-06-25 07:15:01.985000+00:00,True,159.467,159.469,-4.800000000000182,3.499999999999659,-13.300000000000978,False,True,0.9933333333333333,0.6547619047619612,2.127697841726769,16.900000000001114,3918,159.273
2024H1|J_PULLBACK_CONTINUATION|2024-06-25T06:15:00+00:00|-1,90,2024-06-25 07:45:01.887000+00:00,2024-06-25 07:45:02.717000+00:00,True,159.426,159.43,-0.9000000000014552,3.499999999999659,-13.300000000000978,False,False,1.0933333333333333,0.008695652173708934,2.010195412064668,16.900000000001114,6614,159.273
2024H1|J_PULLBACK_CONTINUATION|2024-06-25T06:15:00+00:00|-1,120,2024-06-25 08:15:01.887000+00:00,2024-06-25 08:15:03.031000+00:00,True,159.469,159.476,-5.500000000000682,4.599999999999227,-13.300000000000978,False,True,2.45,0.20967741935488304,2.137221269296662,17.799999999999727,9909,159.273
2024H1|J_PULLBACK_CONTINUATION|2024-06-28T14:30:00+00:00|-1,15,2024-06-28 14:45:00.162000+00:00,2024-06-28 14:45:00.321000+00:00,True,160.566,160.571,-14.699999999999136,2.400000000000091,-21.599999999997976,False,False,3.36,0.10638297872339142,1.463139635732793,24.099999999998545,2769,160.261
2024H1|J_PULLBACK_CONTINUATION|2024-06-28T14:30:00+00:00|-1,30,2024-06-28 15:00:00.162000+00:00,2024-06-28 15:00:00.175000+00:00,True,160.827,160.833,-40.89999999999918,2.400000000000091,-44.39999999999884,False,True,5.8566666666666665,0.6838709677418953,2.7556296914095615,47.20000000000084,7644,160.261
2024H1|J_PULLBACK_CONTINUATION|2024-06-28T14:30:00+00:00|-1,60,2024-06-28 15:30:00.162000+00:00,2024-06-28 15:30:00.464000+00:00,True,160.858,160.866,-44.20000000000073,2.400000000000091,-54.20000000000016,False,True,2.47,0.5731707317071268,3.2961586121436746,56.99999999999932,12847,160.261
2024H1|J_PULLBACK_CONTINUATION|2024-06-28T14:30:00+00:00|-1,90,2024-06-28 16:00:00.162000+00:00,2024-06-28 16:00:00.179000+00:00,True,160.881,160.887,-46.299999999999386,2.400000000000091,-54.20000000000016,False,True,2.0166666666666666,1.0,3.633879781420678,56.99999999999932,16091,160.261
2024H1|J_PULLBACK_CONTINUATION|2024-06-28T14:30:00+00:00|-1,120,2024-06-28 16:30:00.162000+00:00,2024-06-28 16:30:00.424000+00:00,True,160.834,160.839,-41.499999999999204,2.400000000000091,-54.20000000000016,False,True,1.18,0.04411764705862686,3.980049875311625,56.99999999999932,18787,160.261
2024H2|J_PULLBACK_CONTINUATION|2024-07-04T07:00:00+00:00|-1,15,2024-07-04 07:15:00.024000+00:00,2024-07-04 07:15:00.037000+00:00,True,161.398,161.404,-5.500000000000682,0.49999999999954525,-5.800000000002115,False,False,0.7933333333333333,0.1929824561407183,0.8920086393089114,5.89999999999975,972,161.335
2024H2|J_PULLBACK_CONTINUATION|2024-07-04T07:00:00+00:00|-1,30,2024-07-04 07:30:00.024000+00:00,2024-07-04 07:30:00.036000+00:00,True,161.445,161.448,-9.900000000001796,0.49999999999954525,-11.100000000001842,False,True,0.7533333333333333,0.9548387096773874,1.554054054054303,11.50000000000091,1743,161.335
2024H2|J_PULLBACK_CONTINUATION|2024-07-04T07:00:00+00:00|-1,60,2024-07-04 08:00:00.024000+00:00,2024-07-04 08:00:00.073000+00:00,True,161.281,161.284,6.499999999999773,7.899999999997931,-11.100000000001842,True,False,1.2066666666666668,1.0,2.4736355226643227,19.10000000000025,3816,161.335
2024H2|J_PULLBACK_CONTINUATION|2024-07-04T07:00:00+00:00|-1,90,2024-07-04 08:30:00.024000+00:00,2024-07-04 08:30:00.079000+00:00,True,161.246,161.25,9.899999999998954,15.399999999999636,-11.100000000001842,True,False,0.7333333333333333,0.39240506329117564,3.288256227757792,26.39999999999816,6347,161.335
2024H2|J_PULLBACK_CONTINUATION|2024-07-04T07:00:00+00:00|-1,120,2024-07-04 09:00:00.024000+00:00,2024-07-04 09:00:01.390000+00:00,True,161.244,161.249,9.999999999999432,15.399999999999636,-11.100000000001842,True,False,0.5833333333333334,0.2641509433958925,3.2167101827673967,26.39999999999816,8344,161.335
2024H2|J_PULLBACK_CONTINUATION|2024-07-04T13:15:00+00:00|-1,15,2024-07-04 13:30:14.330000+00:00,2024-07-04 13:30:14.879000+00:00,True,161.156,161.162,-6.100000000000705,0.0,-6.800000000001205,False,True,0.84,0.48148148148113057,0.7356507679870429,6.499999999999773,644,160.947
2024H2|J_PULLBACK_CONTINUATION|2024-07-04T13:15:00+00:00|-1,30,2024-07-04 13:45:14.330000+00:00,2024-07-04 13:45:16.560000+00:00,True,161.169,161.173,-7.200000000000273,0.0,-9.600000000000364,False,True,0.47333333333333333,0.8974358974361777,1.1993006993005073,9.799999999998477,1326,160.947
2024H2|J_PULLBACK_CONTINUATION|2024-07-04T13:15:00+00:00|-1,60,2024-07-04 14:15:14.330000+00:00,2024-07-04 14:15:26.576000+00:00,True,161.086,161.092,0.899999999998613,2.000000000001023,-9.700000000000841,False,False,1.0566666666666666,0.5764705882353177,1.4263698630136532,11.899999999999977,2505,160.947
2024H2|J_PULLBACK_CONTINUATION|2024-07-04T13:15:00+00:00|-1,90,2024-07-04 14:45:14.330000+00:00,2024-07-04 14:45:14.868000+00:00,True,160.996,161.003,9.800000000001319,11.099999999999,-9.700000000000841,False,False,0.5366666666666666,0.22834645669286757,2.6281588447651782,20.79999999999984,3868,160.947
2024H2|J_PULLBACK_CONTINUATION|2024-07-04T13:15:00+00:00|-1,120,2024-07-04 15:15:14.330000+00:00,2024-07-04 15:15:18.085000+00:00,True,161.111,161.116,-1.500000000001478,13.49999999999909,-9.700000000000841,False,False,0.8,0.1538461538460193,3.0526315789472984,23.199999999999932,6189,160.947
2024H2|J_PULLBACK_CONTINUATION|2024-07-05T08:00:00+00:00|-1,15,2024-07-05 08:15:00.092000+00:00,2024-07-05 08:15:02.935000+00:00,True,160.729,160.733,3.700000000000614,3.8000000000010914,-0.2999999999985903,False,False,2.033333333333333,0.6020408163264241,0.47438928289998933,4.300000000000637,1427,160.57
2024H2|J_PULLBACK_CONTINUATION|2024-07-05T08:00:00+00:00|-1,30,2024-07-05 08:30:00.092000+00:00,2024-07-05 08:30:00.909000+00:00,True,160.765,160.77,0.0,4.200000000000159,-5.799999999999272,False,True,1.32,0.2857142857141941,1.0718750000001669,9.800000000001319,2555,160.57
2024H2|J_PULLBACK_CONTINUATION|2024-07-05T08:00:00+00:00|-1,60,2024-07-05 09:00:00.092000+00:00,2024-07-05 09:00:00.267000+00:00,True,160.737,160.743,2.7000000000015234,13.300000000000978,-5.799999999999272,False,False,0.5033333333333333,0.9576271186441045,2.0014970059881163,19.10000000000025,4969,160.57
2024H2|J_PULLBACK_CONTINUATION|2024-07-05T08:00:00+00:00|-1,90,2024-07-05 09:30:00.092000+00:00,2024-07-05 09:30:00.401000+00:00,True,160.693,160.699,7.099999999999795,15.000000000000568,-5.799999999999272,False,False,1.1166666666666667,0.7619047619049337,2.2843822843825112,21.000000000000796,6824,160.57
2024H2|J_PULLBACK_CONTINUATION|2024-07-05T08:00:00+00:00|-1,120,2024-07-05 10:00:00.092000+00:00,2024-07-05 10:00:00.211000+00:00,True,160.701,160.703,6.700000000000728,15.000000000000568,-5.799999999999272,False,False,0.25333333333333335,0.8833333333337281,2.483108108108327,21.000000000000796,8772,160.57
2024H2|J_PULLBACK_CONTINUATION|2024-07-05T12:30:00+00:00|-1,15,2024-07-05 12:45:00.172000+00:00,2024-07-05 12:45:00.214000+00:00,True,160.823,160.834,-25.99999999999909,23.400000000000887,-59.099999999997976,True,True,7.62,0.3732394366197098,5.614900822447833,82.89999999999793,7827,160.574
2024H2|J_PULLBACK_CONTINUATION|2024-07-05T12:30:00+00:00|-1,30,2024-07-05 13:00:00.172000+00:00,2024-07-05 13:00:00.542000+00:00,True,160.944,160.952,-37.79999999999859,23.400000000000887,-59.099999999997976,True,True,5.273333333333333,0.6074380165289144,5.167408726624961,82.89999999999793,13484,160.574
2024H2|J_PULLBACK_CONTINUATION|2024-07-05T12:30:00+00:00|-1,60,2024-07-05 13:30:00.172000+00:00,2024-07-05 13:30:00.178000+00:00,True,160.912,160.916,-34.199999999998454,23.400000000000887,-59.099999999997976,True,True,3.5566666666666666,0.5882352941176348,4.8520066889630975,82.89999999999793,21506,160.574
2024H2|J_PULLBACK_CONTINUATION|2024-07-05T12:30:00+00:00|-1,90,2024-07-05 14:00:00.172000+00:00,2024-07-05 14:00:00.319000+00:00,True,161.262,161.268,-69.39999999999884,23.400000000000887,-75.39999999999907,True,True,3.7066666666666666,0.8627450980391356,4.9081309398097686,99.59999999999809,28232,160.574
2024H2|J_PULLBACK_CONTINUATION|2024-07-05T12:30:00+00:00|-1,120,2024-07-05 14:30:00.172000+00:00,2024-07-05 14:30:00.577000+00:00,True,161.204,161.207,-63.299999999998136,23.400000000000887,-75.89999999999861,True,True,2.8,0.989761092150219,4.569095066971504,99.89999999999952,33778,160.574
2024H2|J_PULLBACK_CONTINUATION|2024-07-07T21:00:00+00:00|-1,15,2024-07-07 21:15:07.970000+00:00,2024-07-07 21:15:07.979000+00:00,True,160.727,160.796,-7.499999999998863,-4.800000000000182,-8.899999999999864,True,True,0.10333333333333333,0.39583333333343207,1.2165242165244587,6.100000000000705,72,160.708
2024H2|J_PULLBACK_CONTINUATION|2024-07-07T21:00:00+00:00|-1,30,2024-07-07 21:30:07.970000+00:00,2024-07-07 21:30:18.295000+00:00,True,160.717,160.796,-7.499999999998863,-4.800000000000182,-8.899999999999864,True,True,0.08333333333333333,0.16981132075473215,1.1529411764709554,6.30000000000166,147,160.708
2024H2|J_PULLBACK_CONTINUATION|2024-07-07T21:00:00+00:00|-1,60,2024-07-07 22:00:07.970000+00:00,2024-07-07 22:00:08.478000+00:00,True,160.755,160.799,-7.800000000000296,-4.4999999999987494,-13.300000000000978,True,True,0.5966666666666667,0.7346938775508725,2.534629404617421,14.900000000000091,707,160.708
2024H2|J_PULLBACK_CONTINUATION|2024-07-07T21:00:00+00:00|-1,90,2024-07-07 22:30:07.970000+00:00,2024-07-07 22:30:07.989000+00:00,True,160.692,160.702,1.9000000000005457,4.800000000000182,-13.300000000000978,True,False,0.71,0.5066666666665101,2.4742729306486306,15.799999999998704,1901,160.708
2024H2|J_PULLBACK_CONTINUATION|2024-07-07T21:00:00+00:00|-1,120,2024-07-07 23:00:07.970000+00:00,2024-07-07 23:00:08.155000+00:00,True,160.763,160.77,-4.900000000000659,4.800000000000182,-13.300000000000978,True,True,0.7833333333333333,0.9919354838709289,2.196623634557964,15.799999999998704,2853,160.708
2024H2|J_PULLBACK_CONTINUATION|2024-07-08T01:30:00+00:00|-1,15,2024-07-08 01:45:04.995000+00:00,2024-07-08 01:45:04.998000+00:00,True,160.538,160.543,7.599999999999341,13.999999999998636,-1.4000000000010004,True,False,1.7366666666666666,0.8709677419354188,1.4137704918032663,15.399999999999636,2185,160.561
2024H2|J_PULLBACK_CONTINUATION|2024-07-08T01:30:00+00:00|-1,30,2024-07-08 02:00:04.995000+00:00,2024-07-08 02:00:05.227000+00:00,True,160.425,160.432,18.700000000001182,22.49999999999943,-1.4000000000010004,True,False,3.4066666666666667,0.5864661654136383,2.087176247631283,23.60000000000184,4657,160.561
2024H2|J_PULLBACK_CONTINUATION|2024-07-08T01:30:00+00:00|-1,60,2024-07-08 02:30:04.995000+00:00,2024-07-08 02:30:05.084000+00:00,True,160.359,160.366,25.29999999999859,33.60000000000127,-1.4000000000010004,True,False,1.78,0.6622516556290556,2.819277108433736,35.09999999999991,7914,160.561
2024H2|J_PULLBACK_CONTINUATION|2024-07-08T01:30:00+00:00|-1,90,2024-07-08 03:00:04.995000+00:00,2024-07-08 03:00:05.083000+00:00,True,160.377,160.384,23.500000000001364,35.20000000000039,-1.4000000000010004,True,False,3.486666666666667,0.04687500000022904,2.771227690643712,36.60000000000139,11460,160.561
2024H2|J_PULLBACK_CONTINUATION|2024-07-08T01:30:00+00:00|-1,120,2024-07-08 03:30:04.995000+00:00,2024-07-08 03:30:06.084000+00:00,True,160.385,160.392,22.700000000000387,35.20000000000039,-1.4000000000010004,True,False,0.57,0.041322314049546005,2.9380733944955724,36.60000000000139,13305,160.561
2024H2|J_PULLBACK_CONTINUATION|2024-07-11T20:45:00+00:00|-1,15,2024-07-11 21:00:00.099000+00:00,2024-07-11 21:03:15.953000+00:00,True,158.808,158.917,-6.200000000001182,0.09999999999763531,-7.800000000000296,False,True,0.7166666666666667,0.09230769230769909,1.8761552680223736,14.500000000001023,415,158.709
2024H2|J_PULLBACK_CONTINUATION|2024-07-11T20:45:00+00:00|-1,30,2024-07-11 21:15:00.099000+00:00,2024-07-11 21:15:00.142000+00:00,True,158.853,158.911,-5.60000000000116,0.09999999999763531,-7.800000000000296,False,True,0.09,0.0,2.121212121212348,14.500000000001023,495,158.709
2024H2|J_PULLBACK_CONTINUATION|2024-07-11T20:45:00+00:00|-1,60,2024-07-11 21:45:00.099000+00:00,2024-07-11 21:45:00.730000+00:00,True,158.884,158.905,-5.000000000001137,0.09999999999763531,-7.900000000000773,False,True,0.17666666666666667,0.1186440677967,2.296380090498009,14.500000000001023,686,158.709
2024H2|J_PULLBACK_CONTINUATION|2024-07-11T20:45:00+00:00|-1,90,2024-07-11 22:15:00.099000+00:00,2024-07-11 22:15:09.721000+00:00,True,159.12,159.132,-27.700000000001523,0.09999999999763531,-43.10000000000116,False,True,1.6233333333333333,0.22314049586787732,5.965116279069931,51.30000000000052,2314,158.709
2024H2|J_PULLBACK_CONTINUATION|2024-07-11T20:45:00+00:00|-1,120,2024-07-11 22:45:00.099000+00:00,2024-07-11 22:45:00.115000+00:00,True,159.193,159.204,-34.900000000001796,0.09999999999763531,-43.10000000000116,False,True,0.5966666666666667,0.16000000000008185,5.30820399113084,51.30000000000052,4597,158.709
2024H2|J_PULLBACK_CONTINUATION|2024-07-12T04:45:00+00:00|-1,15,2024-07-12 05:00:00.540000+00:00,2024-07-12 05:00:00.693000+00:00,True,159.109,159.116,-1.1000000000024102,6.699999999997885,-5.100000000001614,True,False,1.44,0.2923076923077865,0.8302796528448669,12.300000000001887,1557,159.091
2024H2|J_PULLBACK_CONTINUATION|2024-07-12T04:45:00+00:00|-1,30,2024-07-12 05:15:00.540000+00:00,2024-07-12 05:15:00.900000+00:00,True,159.12,159.124,-1.9000000000005457,6.699999999997885,-5.100000000001614,True,False,0.9266666666666666,0.43956043956031254,0.8790199081165194,12.300000000001887,2325,159.091
2024H2|J_PULLBACK_CONTINUATION|2024-07-12T04:45:00+00:00|-1,60,2024-07-12 05:45:00.540000+00:00,2024-07-12 05:45:01.106000+00:00,True,158.972,158.977,12.79999999999859,14.300000000000068,-5.100000000001614,True,False,3.4066666666666667,0.09947643979046916,1.750000000000063,19.700000000000273,5388,159.091
2024H2|J_PULLBACK_CONTINUATION|2024-07-12T04:45:00+00:00|-1,90,2024-07-12 06:15:00.540000+00:00,2024-07-12 06:15:00.930000+00:00,True,159.032,159.043,6.19999999999834,23.099999999999454,-7.30000000000075,True,False,2.4566666666666666,0.09405940594048123,2.4157175398633037,30.299999999999727,9919,159.091
2024H2|J_PULLBACK_CONTINUATION|2024-07-12T04:45:00+00:00|-1,120,2024-07-12 06:45:00.540000+00:00,2024-07-12 06:45:00.607000+00:00,True,159.184,159.189,-8.400000000000318,23.099999999999454,-9.100000000000819,True,True,2.223333333333333,0.48466257668713153,2.5176470588234783,32.099999999999795,13638,159.091
2024H2|J_PULLBACK_CONTINUATION|2024-07-12T09:15:00+00:00|-1,15,2024-07-12 09:30:02.490000+00:00,2024-07-12 09:30:02.901000+00:00,True,159.158,159.167,-7.200000000000273,0.49999999999954525,-10.699999999999932,False,True,1.9333333333333333,0.4953271028039816,0.9037558685444754,10.999999999998522,1474,159.03
2024H2|J_PULLBACK_CONTINUATION|2024-07-12T09:15:00+00:00|-1,30,2024-07-12 09:45:02.490000+00:00,2024-07-12 09:45:04.528000+00:00,True,159.165,159.17,-7.499999999998863,0.49999999999954525,-12.700000000000955,False,True,1.4233333333333333,0.23188405797124134,1.1852323360917285,13.300000000000978,2783,159.03
2024H2|J_PULLBACK_CONTINUATION|2024-07-12T09:15:00+00:00|-1,60,2024-07-12 10:15:02.490000+00:00,2024-07-12 10:15:02.973000+00:00,True,159.231,159.235,-14.000000000001478,0.49999999999954525,-15.700000000001069,False,True,1.8033333333333332,0.5606060606057017,1.5376271186441024,16.200000000000614,4839,159.03
2024H2|J_PULLBACK_CONTINUATION|2024-07-12T09:15:00+00:00|-1,90,2024-07-12 10:45:02.490000+00:00,2024-07-12 10:45:04.089000+00:00,True,159.198,159.202,-10.699999999999932,0.49999999999954525,-16.200000000000614,False,True,1.31,1.0,1.6987865810133895,16.99999999999875,6983,159.03
2024H2|J_PULLBACK_CONTINUATION|2024-07-12T09:15:00+00:00|-1,120,2024-07-12 11:15:02.490000+00:00,2024-07-12 11:15:06.260000+00:00,True,159.084,159.089,0.6000000000000227,1.5999999999991132,-16.200000000000614,False,False,0.48333333333333334,0.6601307189542787,1.826086956521526,17.99999999999784,9013,159.03
2024H2|J_PULLBACK_CONTINUATION|2024-07-12T17:45:00+00:00|-1,15,2024-07-12 18:00:06.317000+00:00,2024-07-12 18:00:07.713000+00:00,True,157.982,157.989,-2.1000000000015007,2.5999999999982037,-3.4000000000020236,False,False,0.6566666666666666,0.7777777777779094,0.4388489208633606,6.100000000000705,502,157.841
2024H2|J_PULLBACK_CONTINUATION|2024-07-12T17:45:00+00:00|-1,30,2024-07-12 18:15:06.317000+00:00,2024-07-12 18:15:10.001000+00:00,True,157.937,157.945,2.2999999999996135,4.200000000000159,-3.4000000000020236,False,False,1.27,0.8363636363639089,0.62507155123071,7.800000000000296,1509,157.841
2024H2|J_PULLBACK_CONTINUATION|2024-07-12T17:45:00+00:00|-1,60,2024-07-12 18:45:06.317000+00:00,2024-07-12 18:45:11.069000+00:00,True,157.902,157.91,5.799999999999272,9.199999999998454,-3.4000000000020236,False,False,1.1633333333333333,0.1428571428569495,1.4303405572756256,13.2000000000005,3610,157.841
2024H2|J_PULLBACK_CONTINUATION|2024-07-12T17:45:00+00:00|-1,90,2024-07-12 19:15:06.317000+00:00,2024-07-12 19:15:06.719000+00:00,True,157.835,157.841,12.699999999998113,14.900000000000091,-3.4000000000020236,True,False,0.6833333333333333,0.36708860759485473,2.2612533097972407,18.300000000002115,5314,157.841
2024H2|J_PULLBACK_CONTINUATION|2024-07-12T17:45:00+00:00|-1,120,2024-07-12 19:45:06.317000+00:00,2024-07-12 19:45:27.470000+00:00,True,157.803,157.807,16.100000000000136,16.499999999999204,-3.4000000000020236,True,False,0.49,0.5223880597013849,2.667298578199253,20.100000000002183,6652,157.841
2024H2|J_PULLBACK_CONTINUATION|2024-07-15T01:00:00+00:00|-1,15,2024-07-15 01:15:00.089000+00:00,2024-07-15 01:15:01.174000+00:00,True,158.159,158.164,-5.299999999999727,3.7999999999982492,-13.300000000000978,False,False,1.5766666666666667,0.6290322580644201,1.1310474401127144,17.199999999999704,1996,157.989
2024H2|J_PULLBACK_CONTINUATION|2024-07-15T01:00:00+00:00|-1,30,2024-07-15 01:30:00.089000+00:00,2024-07-15 01:30:00.123000+00:00,True,158.1,158.103,0.7999999999981355,5.099999999998772,-13.300000000000978,False,False,1.8933333333333333,0.005181347150283511,1.2789115646259501,18.80000000000166,3360,157.989
2024H2|J_PULLBACK_CONTINUATION|2024-07-15T01:00:00+00:00|-1,60,2024-07-15 02:00:00.089000+00:00,2024-07-15 02:00:00.242000+00:00,True,158.05,158.059,5.19999999999925,15.099999999998204,-13.300000000000978,True,False,1.38,0.22641509433958218,1.919354838709752,28.90000000000157,6350,157.989
2024H2|J_PULLBACK_CONTINUATION|2024-07-15T01:00:00+00:00|-1,90,2024-07-15 02:30:00.089000+00:00,2024-07-15 02:30:00.311000+00:00,True,158.105,158.113,-0.20000000000095497,15.099999999998204,-13.300000000000978,True,False,1.0733333333333333,0.766839378238387,1.996053280710475,28.90000000000157,8904,157.989
2024H2|J_PULLBACK_CONTINUATION|2024-07-15T01:00:00+00:00|-1,120,2024-07-15 03:00:00.089000+00:00,2024-07-15 03:00:00.100000+00:00,True,158.03,158.032,7.899999999997931,19.10000000000025,-13.300000000000978,True,False,1.6466666666666667,0.8595041322314166,2.2201745877788306,32.69999999999982,11336,157.989
2024H2|J_PULLBACK_CONTINUATION|2024-07-15T07:15:00+00:00|-1,15,2024-07-15 07:30:00.871000+00:00,2024-07-15 07:30:01.039000+00:00,True,157.913,157.92,4.800000000000182,7.899999999997931,-11.100000000001842,False,False,3.0866666666666664,0.8188405797101106,1.7974851091991035,19.39999999999884,1882,157.831
2024H2|J_PULLBACK_CONTINUATION|2024-07-15T07:15:00+00:00|-1,30,2024-07-15 07:45:00.871000+00:00,2024-07-15 07:45:01.160000+00:00,True,157.88,157.888,7.999999999998408,10.3999999999985,-11.100000000001842,False,False,3.256666666666667,0.13861386138623888,1.9642857142857244,21.999999999999886,4867,157.831
2024H2|J_PULLBACK_CONTINUATION|2024-07-15T07:15:00+00:00|-1,60,2024-07-15 08:15:00.871000+00:00,2024-07-15 08:15:00.926000+00:00,True,157.874,157.881,8.699999999998909,11.999999999997613,-11.100000000001842,False,False,2.2466666666666666,0.6456692913386285,1.8849252013807714,23.399999999998045,9027,157.831
2024H2|J_PULLBACK_CONTINUATION|2024-07-15T07:15:00+00:00|-1,90,2024-07-15 08:45:00.871000+00:00,2024-07-15 08:45:01.080000+00:00,True,157.839,157.846,12.199999999998568,17.99999999999784,-11.100000000001842,True,False,1.59,0.8426966292133683,2.3900462962962616,29.49999999999875,12709,157.831
2024H2|J_PULLBACK_CONTINUATION|2024-07-15T07:15:00+00:00|-1,120,2024-07-15 09:15:00.871000+00:00,2024-07-15 09:15:01.141000+00:00,True,157.829,157.837,13.100000000000023,21.19999999999891,-11.100000000001842,True,False,2.67,0.13483146067416452,2.592298980747492,32.69999999999982,16037,157.831
2024H2|J_PULLBACK_CONTINUATION|2024-07-15T13:00:00+00:00|-1,15,2024-07-15 13:15:00.073000+00:00,2024-07-15 13:15:01.893000+00:00,True,158.03,158.034,-7.399999999998386,-0.2999999999985903,-11.400000000000432,False,True,1.3833333333333333,0.8932038834951671,1.0709318497915397,11.000000000001364,1531,157.897
2024H2|J_PULLBACK_CONTINUATION|2024-07-15T13:00:00+00:00|-1,30,2024-07-15 13:30:00.073000+00:00,2024-07-15 13:30:00.125000+00:00,True,157.964,157.966,-0.6000000000000227,0.20000000000095497,-11.400000000000432,False,False,1.3933333333333333,0.3220338983051909,1.0988086895584908,11.199999999999477,2910,157.897
2024H2|J_PULLBACK_CONTINUATION|2024-07-15T13:00:00+00:00|-1,60,2024-07-15 14:00:00.073000+00:00,2024-07-15 14:00:00.611000+00:00,True,157.939,157.942,1.8000000000000682,8.200000000002206,-11.400000000000432,True,False,1.1233333333333333,0.5777777777776725,1.919831223628629,19.499999999999318,6182,157.897
2024H2|J_PULLBACK_CONTINUATION|2024-07-15T13:00:00+00:00|-1,90,2024-07-15 14:30:00.073000+00:00,2024-07-15 14:30:00.087000+00:00,True,157.885,157.891,6.900000000001683,10.699999999999932,-11.400000000000432,True,False,1.1766666666666667,0.4666666666666919,2.1327742837178785,21.800000000001774,9341,157.897
2024H2|J_PULLBACK_CONTINUATION|2024-07-15T13:00:00+00:00|-1,120,2024-07-15 15:00:00.073000+00:00,2024-07-15 15:00:00.117000+00:00,True,157.86,157.867,9.300000000001774,12.20000000000141,-11.400000000000432,True,False,3.28,0.18749999999986677,2.287323943662077,23.199999999999932,12849,157.897
2024H2|J_PULLBACK_CONTINUATION|2024-07-15T18:15:00+00:00|-1,15,2024-07-15 18:30:00.085000+00:00,2024-07-15 18:30:00.318000+00:00,True,157.858,157.862,3.2000000000010687,3.300000000001546,-4.399999999998272,False,False,1.1333333333333333,0.10909090909095609,0.49753208292203704,7.200000000000273,1091,157.163
2024H2|J_PULLBACK_CONTINUATION|2024-07-15T18:15:00+00:00|-1,30,2024-07-15 18:45:00.085000+00:00,2024-07-15 18:45:00.500000+00:00,True,157.891,157.898,-0.39999999999906777,4.500000000001592,-4.399999999998272,False,True,1.3933333333333333,0.9482758620687374,0.6008880118400863,8.699999999998909,2127,157.163
2024H2|J_PULLBACK_CONTINUATION|2024-07-15T18:15:00+00:00|-1,60,2024-07-15 19:15:00.085000+00:00,2024-07-15 19:15:27.726000+00:00,True,157.902,157.905,-1.099999999999568,4.500000000001592,-5.299999999999727,False,True,0.44333333333333336,0.019607843137342318,0.6907669760625157,10.099999999999909,3223,157.163
2024H2|J_PULLBACK_CONTINUATION|2024-07-15T18:15:00+00:00|-1,90,2024-07-15 19:45:00.085000+00:00,2024-07-15 19:45:04.052000+00:00,True,157.911,157.915,-2.0999999999986585,4.500000000001592,-9.399999999999409,False,True,0.5166666666666667,0.10638297872331415,0.9360076408786124,13.999999999998636,4224,157.163
2024H2|J_PULLBACK_CONTINUATION|2024-07-15T18:15:00+00:00|-1,120,2024-07-15 20:15:00.085000+00:00,2024-07-15 20:15:01.271000+00:00,True,157.925,157.938,-4.399999999998272,5.400000000000205,-9.399999999999409,False,True,0.36,0.052356020942360026,1.5221893491123002,14.699999999999136,5220,157.163
2024H2|J_PULLBACK_CONTINUATION|2024-07-17T12:45:00+00:00|-1,15,2024-07-17 13:00:00.013000+00:00,2024-07-17 13:00:00.038000+00:00,True,156.56,156.57,-8.799999999999386,-0.49999999999954525,-13.300000000000978,False,False,4.54,0.8312236286920129,0.6799235181644847,12.700000000000955,3200,156.355
2024H2|J_PULLBACK_CONTINUATION|2024-07-17T12:45:00+00:00|-1,30,2024-07-17 13:15:00.013000+00:00,2024-07-17 13:15:00.058000+00:00,True,156.418,156.433,4.900000000000659,9.200000000001296,-15.000000000000568,False,False,2.9,0.29100529100518757,1.2544423440453494,23.699999999999477,6037,156.355
2024H2|J_PULLBACK_CONTINUATION|2024-07-17T12:45:00+00:00|-1,60,2024-07-17 13:45:00.013000+00:00,2024-07-17 13:45:00.091000+00:00,True,156.309,156.312,16.99999999999875,32.40000000000123,-15.000000000000568,True,False,5.5633333333333335,0.5694444444445103,2.258679373723581,47.399999999998954,13406,156.355
2024H2|J_PULLBACK_CONTINUATION|2024-07-17T12:45:00+00:00|-1,90,2024-07-17 14:15:00.013000+00:00,2024-07-17 14:15:00.282000+00:00,True,156.494,156.499,-1.6999999999995907,32.40000000000123,-15.000000000000568,True,False,3.2533333333333334,0.9649122807015882,2.3640897755610313,47.399999999998954,20813,156.355
2024H2|J_PULLBACK_CONTINUATION|2024-07-17T12:45:00+00:00|-1,120,2024-07-17 14:45:00.013000+00:00,2024-07-17 14:45:01.097000+00:00,True,156.535,156.539,-5.699999999998795,32.40000000000123,-15.000000000000568,True,False,2.6,0.6459330143541496,2.3267882187937974,47.399999999998954,26321,156.355
2024H2|J_PULLBACK_CONTINUATION|2024-07-17T18:15:00+00:00|-1,15,2024-07-17 18:30:02.801000+00:00,2024-07-17 18:30:02.841000+00:00,True,156.202,156.208,6.60000000000025,10.099999999999909,-3.499999999999659,True,False,1.7733333333333334,0.125,0.9721199368753602,13.2000000000005,1880,156.187
2024H2|J_PULLBACK_CONTINUATION|2024-07-17T18:15:00+00:00|-1,30,2024-07-17 18:45:02.801000+00:00,2024-07-17 18:45:03.087000+00:00,True,156.241,156.246,2.7999999999991587,10.099999999999909,-3.499999999999659,True,False,1.8266666666666667,0.9221556886227239,0.9433384379785811,13.2000000000005,3055,156.187
2024H2|J_PULLBACK_CONTINUATION|2024-07-17T18:15:00+00:00|-1,60,2024-07-17 19:15:02.801000+00:00,2024-07-17 19:15:02.893000+00:00,True,156.101,156.106,16.800000000000637,21.100000000001273,-3.499999999999659,True,False,1.2566666666666666,0.33898305084764546,1.6853146853147742,24.100000000001387,6426,156.187
2024H2|J_PULLBACK_CONTINUATION|2024-07-17T18:15:00+00:00|-1,90,2024-07-17 19:45:02.801000+00:00,2024-07-17 19:45:04.291000+00:00,True,156.205,156.214,6.000000000000227,21.100000000001273,-3.499999999999659,True,False,0.6066666666666667,0.8888888888888888,1.8346927678086986,24.100000000001387,8315,156.187
2024H2|J_PULLBACK_CONTINUATION|2024-07-17T18:15:00+00:00|-1,120,2024-07-17 20:15:02.801000+00:00,2024-07-17 20:15:05.088000+00:00,True,156.246,156.254,2.000000000001023,21.100000000001273,-3.499999999999659,True,False,0.30333333333333334,0.17204301075261264,2.043609933373888,24.100000000001387,9597,156.187
2024H2|J_PULLBACK_CONTINUATION|2024-07-17T23:00:00+00:00|-1,15,2024-07-17 23:15:00.098000+00:00,2024-07-17 23:15:00.128000+00:00,True,155.871,155.878,27.700000000001523,45.09999999999934,-6.000000000000227,True,False,3.38,0.6054216867469797,3.6739130434784286,50.7000000000005,3561,155.993
2024H2|J_PULLBACK_CONTINUATION|2024-07-17T23:00:00+00:00|-1,30,2024-07-17 23:30:00.098000+00:00,2024-07-17 23:30:00.266000+00:00,True,155.68,155.688,46.700000000001296,59.200000000001296,-6.000000000000227,True,False,2.8366666666666664,0.885638297872325,4.108352144469661,65.00000000000057,5973,155.993
2024H2|J_PULLBACK_CONTINUATION|2024-07-17T23:00:00+00:00|-1,60,2024-07-18 00:00:00.098000+00:00,2024-07-18 00:00:00.107000+00:00,True,155.675,155.678,47.70000000000039,78.20000000000107,-6.000000000000227,True,False,0.0033333333333333335,0.6303630363036443,4.33890746934231,83.40000000000032,12257,155.993
2024H2|J_PULLBACK_CONTINUATION|2024-07-17T23:00:00+00:00|-1,90,2024-07-18 00:30:00.098000+00:00,2024-07-18 00:30:00.123000+00:00,True,155.529,155.542,61.299999999999955,78.20000000000107,-6.000000000000227,True,False,2.716666666666667,0.3282828282828043,4.093969144460038,83.40000000000032,17362,155.993
2024H2|J_PULLBACK_CONTINUATION|2024-07-17T23:00:00+00:00|-1,120,2024-07-18 01:00:00.098000+00:00,2024-07-18 01:00:00.176000+00:00,True,155.738,155.744,41.100000000000136,78.20000000000107,-6.000000000000227,True,False,2.9133333333333336,0.35294117647056855,3.656749138741029,83.40000000000032,23323,155.993
2024H2|J_PULLBACK_CONTINUATION|2024-07-18T05:45:00+00:00|-1,15,2024-07-18 06:00:01.046000+00:00,2024-07-18 06:00:01.135000+00:00,True,156.013,156.019,4.4999999999987494,5.099999999998772,-11.50000000000091,False,False,2.223333333333333,0.42328042328035487,0.9453939141309344,16.200000000000614,2110,155.796
2024H2|J_PULLBACK_CONTINUATION|2024-07-18T05:45:00+00:00|-1,30,2024-07-18 06:15:01.046000+00:00,2024-07-18 06:15:01.575000+00:00,True,156.098,156.103,-3.900000000001569,6.699999999997885,-11.899999999999977,False,False,3.2066666666666666,0.3147208121827968,1.0562874251496632,18.899999999999295,4615,155.796
2024H2|J_PULLBACK_CONTINUATION|2024-07-18T05:45:00+00:00|-1,60,2024-07-18 06:45:01.046000+00:00,2024-07-18 06:45:01.160000+00:00,True,156.275,156.278,-21.399999999999864,6.699999999997885,-34.99999999999943,False,True,2.91,0.936170212765951,2.2391469916221682,41.99999999999875,9952,155.796
2024H2|J_PULLBACK_CONTINUATION|2024-07-18T05:45:00+00:00|-1,90,2024-07-18 07:15:01.046000+00:00,2024-07-18 07:15:01.273000+00:00,True,156.111,156.12,-5.60000000000116,14.099999999999113,-34.99999999999943,False,False,2.1433333333333335,0.6249999999999778,2.4726492670718643,49.39999999999998,14531,155.796
2024H2|J_PULLBACK_CONTINUATION|2024-07-18T05:45:00+00:00|-1,120,2024-07-18 07:45:01.046000+00:00,2024-07-18 07:45:01.822000+00:00,True,156.1,156.106,-4.200000000000159,14.099999999999113,-34.99999999999943,False,False,2.54,0.029661016949175,2.516739446870459,49.39999999999998,21078,155.796
2024H2|J_PULLBACK_CONTINUATION|2024-07-22T08:45:00+00:00|-1,15,2024-07-22 09:00:00.054000+00:00,2024-07-22 09:00:00.076000+00:00,True,156.794,156.804,0.49999999999954525,0.6000000000000227,-15.700000000001069,False,False,2.973333333333333,0.9854368932039511,0.7726063829787206,16.59999999999968,2668,156.284
2024H2|J_PULLBACK_CONTINUATION|2024-07-22T08:45:00+00:00|-1,30,2024-07-22 09:15:00.054000+00:00,2024-07-22 09:15:00.088000+00:00,True,156.649,156.654,15.500000000000114,15.100000000001046,-15.700000000001069,False,False,2.29,0.2689075630253004,1.4423396477235269,31.000000000000227,5324,156.284
2024H2|J_PULLBACK_CONTINUATION|2024-07-22T08:45:00+00:00|-1,60,2024-07-22 09:45:00.054000+00:00,2024-07-22 09:45:00.231000+00:00,True,156.72,156.725,8.400000000000318,18.10000000000116,-15.700000000001069,False,False,1.9633333333333334,0.295652173913022,2.024818142918293,33.799999999999386,9619,156.284
2024H2|J_PULLBACK_CONTINUATION|2024-07-22T08:45:00+00:00|-1,90,2024-07-22 10:15:00.054000+00:00,2024-07-22 10:15:02.064000+00:00,True,156.575,156.581,22.800000000000864,24.00000000000091,-15.700000000001069,False,False,2.04,0.34862385321091105,2.6795553407445114,39.6000000000015,13356,156.284
2024H2|J_PULLBACK_CONTINUATION|2024-07-22T08:45:00+00:00|-1,120,2024-07-22 10:45:00.054000+00:00,2024-07-22 10:45:00.177000+00:00,True,156.809,156.817,-0.8000000000009777,24.699999999998568,-15.700000000001069,False,True,4.236666666666666,0.7483870967742776,2.569098323516166,40.500000000000114,17050,156.284
2024H2|J_PULLBACK_CONTINUATION|2024-07-22T13:15:00+00:00|-1,15,2024-07-22 13:30:00.157000+00:00,2024-07-22 13:30:00.324000+00:00,True,156.857,156.864,-8.29999999999984,2.5000000000005684,-11.699999999999022,False,True,2.6266666666666665,0.3249999999998816,0.8360941586748026,13.700000000000045,2381,156.655
2024H2|J_PULLBACK_CONTINUATION|2024-07-22T13:15:00+00:00|-1,30,2024-07-22 13:45:00.157000+00:00,2024-07-22 13:45:00.462000+00:00,True,156.866,156.875,-9.399999999999409,2.5000000000005684,-12.999999999999545,False,True,2.4766666666666666,0.5865384615383407,0.9296636085626041,15.199999999998681,4948,156.655
2024H2|J_PULLBACK_CONTINUATION|2024-07-22T13:15:00+00:00|-1,60,2024-07-22 14:15:00.157000+00:00,2024-07-22 14:15:00.252000+00:00,True,156.81,156.816,-3.499999999999659,2.5000000000005684,-14.599999999998658,False,False,2.0233333333333334,0.257861635220073,1.123745819397821,16.799999999997794,9140,156.655
2024H2|J_PULLBACK_CONTINUATION|2024-07-22T13:15:00+00:00|-1,90,2024-07-22 14:45:00.157000+00:00,2024-07-22 14:45:00.178000+00:00,True,156.857,156.862,-8.099999999998886,2.5000000000005684,-18.000000000000682,False,True,2.02,0.6603773584905357,1.3788395904436437,20.199999999999818,13331,156.655
2024H2|J_PULLBACK_CONTINUATION|2024-07-22T13:15:00+00:00|-1,120,2024-07-22 15:15:00.157000+00:00,2024-07-22 15:15:00.334000+00:00,True,156.954,156.957,-17.599999999998772,2.5000000000005684,-19.899999999998386,False,True,1.2466666666666666,0.3861386138615449,1.6643356643356584,22.100000000000364,16534,156.655
2024H2|J_PULLBACK_CONTINUATION|2024-07-23T06:45:00+00:00|-1,15,2024-07-23 07:00:00.004000+00:00,2024-07-23 07:00:00.107000+00:00,True,156.585,156.591,-9.999999999999432,-0.49999999999954525,-13.49999999999909,False,True,1.6166666666666667,0.7037037037037427,0.8985791278785065,13.100000000000023,1981,156.207
2024H2|J_PULLBACK_CONTINUATION|2024-07-23T06:45:00+00:00|-1,30,2024-07-23 07:15:00.004000+00:00,2024-07-23 07:15:00.083000+00:00,True,156.541,156.545,-5.3999999999973625,-0.49999999999954525,-15.199999999998681,False,True,1.51,0.6712328767123501,1.0306748466256082,14.399999999997704,4002,156.207
2024H2|J_PULLBACK_CONTINUATION|2024-07-23T06:45:00+00:00|-1,60,2024-07-23 07:45:00.004000+00:00,2024-07-23 07:45:00.220000+00:00,True,156.332,156.339,15.200000000001523,22.100000000000364,-15.199999999998681,False,False,4.233333333333333,0.7318840579710304,2.1754385964911656,37.19999999999857,10520,156.207
2024H2|J_PULLBACK_CONTINUATION|2024-07-23T06:45:00+00:00|-1,90,2024-07-23 08:15:00.004000+00:00,2024-07-23 08:15:00.377000+00:00,True,156.094,156.099,39.20000000000243,55.20000000000209,-15.199999999998681,True,False,3.22,0.5877551020408277,3.926897099721791,70.59999999999889,18574,156.207
2024H2|J_PULLBACK_CONTINUATION|2024-07-23T06:45:00+00:00|-1,120,2024-07-23 08:45:00.004000+00:00,2024-07-23 08:45:00.512000+00:00,True,155.925,155.931,56.00000000000023,66.30000000000109,-15.199999999998681,True,False,2.9033333333333333,0.11731843575427248,4.449315068492998,81.19999999999834,25279,156.207
2024H2|J_PULLBACK_CONTINUATION|2024-07-23T11:30:00+00:00|-1,15,2024-07-23 11:45:00.117000+00:00,2024-07-23 11:45:00.172000+00:00,True,156.155,156.161,-5.699999999998795,0.8000000000009777,-6.999999999999318,False,True,2.2266666666666666,0.12307692307707785,0.6152019002376223,7.400000000001228,1846,155.819
2024H2|J_PULLBACK_CONTINUATION|2024-07-23T11:30:00+00:00|-1,30,2024-07-23 12:00:00.117000+00:00,2024-07-23 12:00:00.195000+00:00,True,156.158,156.16,-5.599999999998317,0.8000000000009777,-6.999999999999318,False,True,2.3933333333333335,0.32432432432436586,0.6229705351774896,7.400000000001228,3437,155.819
2024H2|J_PULLBACK_CONTINUATION|2024-07-23T11:30:00+00:00|-1,60,2024-07-23 12:30:00.117000+00:00,2024-07-23 12:30:00.133000+00:00,True,156.247,156.251,-14.699999999999136,0.8000000000009777,-16.59999999999968,False,True,1.84,0.8169642857142914,1.4602789569436014,17.199999999999704,7307,155.819
2024H2|J_PULLBACK_CONTINUATION|2024-07-23T11:30:00+00:00|-1,90,2024-07-23 13:00:00.117000+00:00,2024-07-23 13:00:00.141000+00:00,True,156.027,156.038,6.60000000000025,15.500000000000114,-16.59999999999968,False,False,3.0,0.3217391304348105,2.750608272505943,32.29999999999791,13224,155.819
2024H2|J_PULLBACK_CONTINUATION|2024-07-23T11:30:00+00:00|-1,120,2024-07-23 13:30:00.117000+00:00,2024-07-23 13:30:00.167000+00:00,True,156.126,156.132,-2.7999999999991587,15.500000000000114,-16.59999999999968,False,True,2.51,0.8240000000000691,2.8351097178682076,32.29999999999791,18231,155.819
2024H2|J_PULLBACK_CONTINUATION|2024-07-23T16:15:00+00:00|-1,15,2024-07-23 16:30:01.932000+00:00,2024-07-23 16:30:04.720000+00:00,True,155.965,155.968,3.300000000001546,3.2000000000010687,-2.899999999999636,False,False,0.5333333333333333,0.7580071174376846,0.5570291777188504,6.000000000000227,721,155.945
2024H2|J_PULLBACK_CONTINUATION|2024-07-23T16:15:00+00:00|-1,30,2024-07-23 16:45:01.932000+00:00,2024-07-23 16:45:02.658000+00:00,True,155.761,155.769,23.199999999999932,30.19999999999925,-2.899999999999636,True,False,2.4433333333333334,0.7613636363635262,3.1278600269180092,33.200000000002206,1985,155.945
2024H2|J_PULLBACK_CONTINUATION|2024-07-23T16:15:00+00:00|-1,60,2024-07-23 17:15:01.932000+00:00,2024-07-23 17:15:02.190000+00:00,True,155.733,155.738,26.300000000000523,35.80000000000041,-2.899999999999636,True,False,1.4233333333333333,0.8571428571429464,3.3517495395948727,39.00000000000148,5115,155.945
2024H2|J_PULLBACK_CONTINUATION|2024-07-23T16:15:00+00:00|-1,90,2024-07-23 17:45:01.932000+00:00,2024-07-23 17:45:05.001000+00:00,True,155.606,155.609,39.19999999999959,41.80000000000064,-2.899999999999636,True,False,1.1566666666666667,0.211009174311929,4.052869116699047,44.90000000000123,7720,155.945
2024H2|J_PULLBACK_CONTINUATION|2024-07-23T16:15:00+00:00|-1,120,2024-07-23 18:15:01.932000+00:00,2024-07-23 18:15:06.640000+00:00,True,155.706,155.709,29.20000000000016,41.80000000000064,-2.899999999999636,True,False,0.75,0.2592592592594347,4.227303295225416,44.90000000000123,9784,155.945
2024H2|J_PULLBACK_CONTINUATION|2024-07-24T01:15:00+00:00|-1,15,2024-07-24 01:30:00.093000+00:00,2024-07-24 01:30:00.188000+00:00,True,155.434,155.44,-1.5999999999991132,10.80000000000041,-11.899999999999977,False,False,3.82,0.8964143426295439,1.4471468662301032,22.100000000000364,3496,155.25
2024H2|J_PULLBACK_CONTINUATION|2024-07-24T01:15:00+00:00|-1,30,2024-07-24 01:45:00.093000+00:00,2024-07-24 01:45:00.182000+00:00,True,155.279,155.288,13.599999999999568,16.800000000000637,-11.899999999999977,False,False,3.296666666666667,0.5138888888887574,1.7499999999999554,28.000000000000114,6116,155.25
2024H2|J_PULLBACK_CONTINUATION|2024-07-24T01:15:00+00:00|-1,60,2024-07-24 02:15:00.093000+00:00,2024-07-24 02:15:00.280000+00:00,True,155.341,155.344,8.00000000000125,24.2999999999995,-11.899999999999977,True,False,2.15,0.08235294117636827,1.9817097415508123,35.6000000000023,11341,155.25
2024H2|J_PULLBACK_CONTINUATION|2024-07-24T01:15:00+00:00|-1,90,2024-07-24 02:45:00.093000+00:00,2024-07-24 02:45:01.405000+00:00,True,155.451,155.459,-3.499999999999659,24.2999999999995,-11.899999999999977,True,False,1.21,0.9710144927536889,1.8330268481060628,35.6000000000023,14741,155.25
2024H2|J_PULLBACK_CONTINUATION|2024-07-24T01:15:00+00:00|-1,120,2024-07-24 03:15:00.093000+00:00,2024-07-24 03:15:00.581000+00:00,True,155.184,155.187,23.699999999999477,34.600000000000364,-11.899999999999977,True,False,3.296666666666667,0.4936708860759198,2.2333681644026764,45.79999999999984,19470,155.25
2024H2|J_PULLBACK_CONTINUATION|2024-07-24T07:45:00+00:00|-1,15,2024-07-24 08:00:00.095000+00:00,2024-07-24 08:00:00.169000+00:00,True,154.59,154.595,5.500000000000682,9.800000000001319,-5.19999999999925,False,False,2.2733333333333334,0.1356783919598672,0.6625607779578041,14.599999999998658,1954,154.373
2024H2|J_PULLBACK_CONTINUATION|2024-07-24T07:45:00+00:00|-1,30,2024-07-24 08:15:00.095000+00:00,2024-07-24 08:15:00.116000+00:00,True,154.715,154.717,-6.700000000000728,9.900000000001796,-9.999999999999432,False,False,2.1033333333333335,0.426086956521621,0.9216010585511836,19.900000000001228,3706,154.373
2024H2|J_PULLBACK_CONTINUATION|2024-07-24T07:45:00+00:00|-1,60,2024-07-24 08:45:00.095000+00:00,2024-07-24 08:45:00.148000+00:00,True,154.916,154.918,-26.800000000000068,9.900000000001796,-29.599999999999227,False,True,2.1433333333333335,0.6131386861314081,1.9369527145359977,39.50000000000102,6898,154.373
2024H2|J_PULLBACK_CONTINUATION|2024-07-24T07:45:00+00:00|-1,90,2024-07-24 09:15:00.095000+00:00,2024-07-24 09:15:03.717000+00:00,True,154.819,154.822,-17.199999999999704,9.900000000001796,-29.999999999998295,False,True,1.82,0.5916666666666273,2.0086956521740165,39.6000000000015,9981,154.373
2024H2|J_PULLBACK_CONTINUATION|2024-07-24T07:45:00+00:00|-1,120,2024-07-24 09:45:00.095000+00:00,2024-07-24 09:45:00.662000+00:00,True,154.634,154.64,1.0000000000019327,36.50000000000091,-29.999999999998295,True,False,5.903333333333333,0.08629441624363288,3.1204537871205575,66.80000000000064,14390,154.373
2024H2|J_PULLBACK_CONTINUATION|2024-07-24T21:00:00+00:00|-1,15,2024-07-24 21:15:00.022000+00:00,2024-07-24 21:15:00.286000+00:00,True,153.866,153.919,-7.099999999999795,-6.299999999998818,-10.699999999999932,True,True,0.06,0.9499999999997631,0.6277495769881146,5.299999999999727,72,153.85
2024H2|J_PULLBACK_CONTINUATION|2024-07-24T21:00:00+00:00|-1,30,2024-07-24 21:30:00.022000+00:00,2024-07-24 21:30:21.664000+00:00,True,153.81,153.831,1.700000000002433,1.4000000000010004,-10.699999999999932,True,False,0.18666666666666668,0.5833333333333637,0.7400434467777581,7.30000000000075,199,153.85
2024H2|J_PULLBACK_CONTINUATION|2024-07-24T21:00:00+00:00|-1,60,2024-07-24 22:00:00.022000+00:00,2024-07-24 22:00:00.611000+00:00,True,153.686,153.78,6.800000000001205,28.400000000002024,-12.399999999999523,True,False,0.36333333333333334,0.2638297872340776,3.3674418604650143,36.19999999999948,1308,153.85
2024H2|J_PULLBACK_CONTINUATION|2024-07-24T21:00:00+00:00|-1,90,2024-07-24 22:30:00.022000+00:00,2024-07-24 22:30:00.213000+00:00,True,153.723,153.735,11.299999999999955,28.5000000000025,-12.399999999999523,True,False,1.3633333333333333,0.5633802816904453,3.428958051420769,36.19999999999948,3266,153.85
2024H2|J_PULLBACK_CONTINUATION|2024-07-24T21:00:00+00:00|-1,120,2024-07-24 23:00:00.022000+00:00,2024-07-24 23:00:00.058000+00:00,True,153.59,153.594,25.40000000000191,28.5000000000025,-12.399999999999523,True,False,0.61,0.1333333333333544,3.177429467084653,36.19999999999948,5205,153.85
2024H2|J_PULLBACK_CONTINUATION|2024-07-25T05:45:00+00:00|-1,15,2024-07-25 06:00:00.316000+00:00,2024-07-25 06:00:00.406000+00:00,True,152.733,152.737,-8.400000000000318,3.7999999999982492,-11.899999999999977,False,False,2.3333333333333335,0.19067796610165,0.7829430269136605,15.999999999999659,2185,152.299
2024H2|J_PULLBACK_CONTINUATION|2024-07-25T05:45:00+00:00|-1,30,2024-07-25 06:15:00.316000+00:00,2024-07-25 06:15:00.383000+00:00,True,152.734,152.742,-8.899999999999864,10.3999999999985,-12.90000000000191,False,False,2.97,0.2176470588234144,1.2093704245973387,23.599999999999,5626,152.299
2024H2|J_PULLBACK_CONTINUATION|2024-07-25T05:45:00+00:00|-1,60,2024-07-25 06:45:00.316000+00:00,2024-07-25 06:45:00.366000+00:00,True,152.726,152.73,-7.699999999999818,10.3999999999985,-21.90000000000225,False,False,3.0433333333333334,0.06204379562042284,1.6414141414140893,32.49999999999886,12073,152.299
2024H2|J_PULLBACK_CONTINUATION|2024-07-25T05:45:00+00:00|-1,90,2024-07-25 07:15:00.316000+00:00,2024-07-25 07:15:00.344000+00:00,True,152.711,152.719,-6.60000000000025,10.3999999999985,-28.400000000002024,False,False,3.63,0.7471482889734109,1.6748068006182624,38.700000000000045,18505,152.299
2024H2|J_PULLBACK_CONTINUATION|2024-07-25T05:45:00+00:00|-1,120,2024-07-25 07:45:00.316000+00:00,2024-07-25 07:45:00.564000+00:00,True,152.127,152.137,51.59999999999911,52.29999999999961,-28.400000000002024,True,False,4.3533333333333335,0.4474708171205387,3.225548902195601,80.79999999999927,26598,152.299
2024H2|J_PULLBACK_CONTINUATION|2024-07-29T07:00:00+00:00|-1,15,2024-07-29 07:15:00.049000+00:00,2024-07-29 07:15:00.122000+00:00,True,153.375,153.381,-2.899999999999636,11.199999999999477,-13.49999999999909,False,False,3.4966666666666666,0.021739130434797915,1.2013840830449538,24.799999999999045,3525,153.138
2024H2|J_PULLBACK_CONTINUATION|2024-07-29T07:00:00+00:00|-1,30,2024-07-29 07:30:00.049000+00:00,2024-07-29 07:30:00.059000+00:00,True,153.57,153.58,-22.800000000000864,11.199999999999477,-23.30000000000041,False,True,3.27,0.7905405405406871,1.7056338028169513,34.600000000000364,7004,153.138
2024H2|J_PULLBACK_CONTINUATION|2024-07-29T07:00:00+00:00|-1,60,2024-07-29 08:00:00.049000+00:00,2024-07-29 08:00:00.085000+00:00,True,153.618,153.627,-27.50000000000057,11.199999999999477,-37.39999999999952,False,True,3.9066666666666667,0.016666666666652508,2.327014218009605,49.10000000000139,13961,153.138
2024H2|J_PULLBACK_CONTINUATION|2024-07-29T07:00:00+00:00|-1,90,2024-07-29 08:30:00.049000+00:00,2024-07-29 08:30:00.069000+00:00,True,153.806,153.812,-46.000000000000796,11.199999999999477,-56.89999999999884,False,True,1.7466666666666666,0.8081395348836278,3.1589032044929364,68.29999999999927,19608,153.138
2024H2|J_PULLBACK_CONTINUATION|2024-07-29T07:00:00+00:00|-1,120,2024-07-29 09:00:00.049000+00:00,2024-07-29 09:00:00.095000+00:00,True,153.685,153.693,-34.10000000000082,11.199999999999477,-56.89999999999884,False,True,2.3566666666666665,0.9530201342281547,3.1672739317655054,68.29999999999927,24763,153.138
2024H2|J_PULLBACK_CONTINUATION|2024-07-30T23:15:00+00:00|-1,15,2024-07-30 23:30:00.596000+00:00,2024-07-30 23:30:00.749000+00:00,True,152.675,152.689,11.100000000001842,17.600000000001614,-8.899999999999864,False,False,3.1466666666666665,0.6866197183098549,1.2846260387811328,26.499999999998636,2789,152.42
2024H2|J_PULLBACK_CONTINUATION|2024-07-30T23:15:00+00:00|-1,30,2024-07-30 23:45:00.596000+00:00,2024-07-30 23:45:00.710000+00:00,True,152.538,152.549,25.100000000000477,35.6000000000023,-8.899999999999864,False,False,4.5633333333333335,0.19127516778528864,2.108548168249661,44.39999999999884,5798,152.42
2024H2|J_PULLBACK_CONTINUATION|2024-07-30T23:15:00+00:00|-1,60,2024-07-31 00:15:00.596000+00:00,2024-07-31 00:15:00.636000+00:00,True,152.583,152.593,20.700000000002206,37.80000000000143,-8.899999999999864,True,False,4.206666666666667,0.8069498069497739,2.108213820078188,46.19999999999891,12194,152.42
2024H2|J_PULLBACK_CONTINUATION|2024-07-30T23:15:00+00:00|-1,90,2024-07-31 00:45:00.596000+00:00,2024-07-31 00:45:00.597000+00:00,True,152.361,152.364,43.600000000000705,55.60000000000116,-8.899999999999864,True,False,3.1766666666666667,0.3157894736842217,2.553082191780755,63.89999999999816,18034,152.42
2024H2|J_PULLBACK_CONTINUATION|2024-07-30T23:15:00+00:00|-1,120,2024-07-31 01:15:00.596000+00:00,2024-07-31 01:15:00.768000+00:00,True,152.167,152.177,62.30000000000189,68.50000000000023,-8.899999999999864,True,False,2.6633333333333336,0.21634615384609535,2.931025155531491,77.40000000000009,24358,152.42
2024H2|J_PULLBACK_CONTINUATION|2024-07-31T04:30:00+00:00|-1,15,2024-07-31 04:45:00.194000+00:00,2024-07-31 04:45:00.271000+00:00,True,152.771,152.783,-0.9999999999990905,16.899999999998272,-11.699999999999022,False,False,4.003333333333333,0.6594724220622931,0.5284394116881267,28.999999999999204,3537,151.587
2024H2|J_PULLBACK_CONTINUATION|2024-07-31T04:30:00+00:00|-1,30,2024-07-31 05:00:00.194000+00:00,2024-07-31 05:00:00.199000+00:00,True,152.544,152.55,22.299999999998477,35.20000000000039,-11.699999999999022,False,False,3.8066666666666666,0.39622641509432144,0.8593303919024357,47.30000000000132,6697,151.587
2024H2|J_PULLBACK_CONTINUATION|2024-07-31T04:30:00+00:00|-1,60,2024-07-31 05:30:00.194000+00:00,2024-07-31 05:30:00.219000+00:00,True,152.857,152.867,-9.399999999999409,35.20000000000039,-19.200000000000728,False,True,2.5866666666666664,0.13220338983055457,1.056567060458657,54.30000000000064,11924,151.587
2024H2|J_PULLBACK_CONTINUATION|2024-07-31T04:30:00+00:00|-1,90,2024-07-31 06:00:00.194000+00:00,2024-07-31 06:00:00.209000+00:00,True,152.857,152.861,-8.799999999999386,35.20000000000039,-39.79999999999961,False,True,4.423333333333333,0.9375000000000346,1.4809949692565645,75.7000000000005,18468,151.587
2024H2|J_PULLBACK_CONTINUATION|2024-07-31T04:30:00+00:00|-1,120,2024-07-31 06:30:00.194000+00:00,2024-07-31 06:30:00.284000+00:00,True,152.738,152.75,2.2999999999996135,35.20000000000039,-39.79999999999961,False,False,4.596666666666667,0.15415019762841675,1.466851211072664,75.7000000000005,26572,151.587
2024H2|J_PULLBACK_CONTINUATION|2024-07-31T15:15:00+00:00|-1,15,2024-07-31 15:30:01.489000+00:00,2024-07-31 15:30:01.588000+00:00,True,150.458,150.466,-12.90000000000191,5.19999999999925,-24.399999999999977,False,True,3.0733333333333333,0.7671957671957346,0.9751407129456724,29.700000000002547,2776,149.625
2024H2|J_PULLBACK_CONTINUATION|2024-07-31T15:15:00+00:00|-1,30,2024-07-31 15:45:01.489000+00:00,2024-07-31 15:45:01.540000+00:00,True,150.325,150.331,0.6000000000000227,5.19999999999925,-24.399999999999977,False,False,3.6566666666666667,0.4966887417219328,1.0338140228742756,29.700000000002547,6377,149.625
2024H2|J_PULLBACK_CONTINUATION|2024-07-31T15:15:00+00:00|-1,60,2024-07-31 16:15:01.489000+00:00,2024-07-31 16:15:01.689000+00:00,True,150.57,150.576,-23.900000000000432,5.19999999999925,-24.600000000000932,False,True,2.6066666666666665,0.14814814814814814,1.184433164128624,30.000000000001137,12414,149.625
2024H2|J_PULLBACK_CONTINUATION|2024-07-31T15:15:00+00:00|-1,90,2024-07-31 16:45:01.489000+00:00,2024-07-31 16:45:04.047000+00:00,True,150.584,150.587,-25.0,5.19999999999925,-33.00000000000125,False,True,1.4933333333333334,0.8571428571429296,1.592888888888909,38.400000000001455,16854,149.625
2024H2|J_PULLBACK_CONTINUATION|2024-07-31T15:15:00+00:00|-1,120,2024-07-31 17:15:01.489000+00:00,2024-07-31 17:15:01.806000+00:00,True,150.613,150.622,-28.5000000000025,5.19999999999925,-33.00000000000125,False,True,2.45,0.09677419354824912,1.8223728813559381,38.400000000001455,20527,149.625
2024H2|J_PULLBACK_CONTINUATION|2024-07-31T23:30:00+00:00|-1,15,2024-07-31 23:45:00.618000+00:00,2024-07-31 23:45:01.341000+00:00,True,150.019,150.026,-3.6000000000001364,1.300000000000523,-11.099999999999,False,False,1.2633333333333334,0.6619318181818226,0.7748592870543847,11.7999999999995,1339,149.794
2024H2|J_PULLBACK_CONTINUATION|2024-07-31T23:30:00+00:00|-1,30,2024-08-01 00:00:00.618000+00:00,2024-08-01 00:00:00.672000+00:00,True,149.798,149.807,18.300000000002115,31.499999999999773,-11.099999999999,True,False,0.023333333333333334,0.11581920903953469,2.476110645431672,42.199999999999704,4723,149.794
2024H2|J_PULLBACK_CONTINUATION|2024-07-31T23:30:00+00:00|-1,60,2024-08-01 00:30:00.618000+00:00,2024-08-01 00:30:00.629000+00:00,True,149.786,149.789,20.100000000002183,46.999999999999886,-11.099999999999,True,False,3.513333333333333,0.467741935483866,3.011597456041839,57.49999999999886,11753,149.794
2024H2|J_PULLBACK_CONTINUATION|2024-07-31T23:30:00+00:00|-1,90,2024-08-01 01:00:00.618000+00:00,2024-08-01 01:00:00.788000+00:00,True,149.44,149.45,54.000000000002046,63.59999999999957,-11.099999999999,True,False,5.036666666666667,0.9008042895442931,3.09263657957245,74.39999999999998,18722,149.794
2024H2|J_PULLBACK_CONTINUATION|2024-07-31T23:30:00+00:00|-1,120,2024-08-01 01:30:00.618000+00:00,2024-08-01 01:30:00.709000+00:00,True,148.839,148.843,114.70000000000198,116.90000000000111,-11.099999999999,True,False,4.6433333333333335,0.2493074792243931,4.700998423541731,127.79999999999916,26863,149.794
2024H2|J_PULLBACK_CONTINUATION|2024-08-01T04:15:00+00:00|-1,15,2024-08-01 04:30:00.178000+00:00,2024-08-01 04:30:01.110000+00:00,True,149.384,149.395,3.499999999999659,8.100000000001728,-8.599999999998431,False,False,2.6066666666666665,0.25000000000003175,0.5869947275922721,16.70000000000016,2460,149.061
2024H2|J_PULLBACK_CONTINUATION|2024-08-01T04:15:00+00:00|-1,30,2024-08-01 04:45:00.178000+00:00,2024-08-01 04:45:00.457000+00:00,True,149.529,149.538,-10.80000000000041,8.100000000001728,-16.59999999999968,False,False,2.6766666666666667,0.13333333333330366,0.8868940754040001,24.70000000000141,4673,149.061
2024H2|J_PULLBACK_CONTINUATION|2024-08-01T04:15:00+00:00|-1,60,2024-08-01 05:15:00.178000+00:00,2024-08-01 05:15:00.199000+00:00,True,149.803,149.813,-38.299999999998136,8.100000000001728,-48.99999999999807,False,True,3.66,0.29953917050701506,2.233009708737809,57.49999999999886,9425,149.061
2024H2|J_PULLBACK_CONTINUATION|2024-08-01T04:15:00+00:00|-1,90,2024-08-01 05:45:00.178000+00:00,2024-08-01 05:45:00.387000+00:00,True,149.946,149.953,-52.29999999999961,8.100000000001728,-55.59999999999832,False,True,2.8966666666666665,0.8965517241379679,2.5799021019292177,64.00000000000148,14988,149.061
2024H2|J_PULLBACK_CONTINUATION|2024-08-01T04:15:00+00:00|-1,120,2024-08-01 06:15:00.178000+00:00,2024-08-01 06:15:00.618000+00:00,True,149.795,149.803,-37.299999999999045,8.100000000001728,-62.39999999999952,False,True,4.1433333333333335,0.05604719764013433,2.896834701055049,70.59999999999889,22567,149.061
2024H2|J_PULLBACK_CONTINUATION|2024-08-01T09:00:00+00:00|-1,15,2024-08-01 09:15:00.082000+00:00,2024-08-01 09:15:00.103000+00:00,True,149.761,149.772,-7.399999999998386,8.29999999999984,-8.899999999999864,False,False,3.5,0.8170731707317179,0.6125442589782552,17.300000000000182,3033,149.426
2024H2|J_PULLBACK_CONTINUATION|2024-08-01T09:00:00+00:00|-1,30,2024-08-01 09:30:00.082000+00:00,2024-08-01 09:30:00.296000+00:00,True,149.665,149.674,2.400000000000091,8.29999999999984,-10.80000000000041,False,False,3.5,0.29702970297031095,0.7131661442007055,19.50000000000216,6031,149.426
2024H2|J_PULLBACK_CONTINUATION|2024-08-01T09:00:00+00:00|-1,60,2024-08-01 10:00:00.082000+00:00,2024-08-01 10:00:00.172000+00:00,True,149.951,149.956,-25.799999999998136,8.29999999999984,-27.69999999999868,False,True,2.66,0.8486486486486959,1.4046563192905541,36.20000000000232,12352,149.426
2024H2|J_PULLBACK_CONTINUATION|2024-08-01T09:00:00+00:00|-1,90,2024-08-01 10:30:00.082000+00:00,2024-08-01 10:30:00.098000+00:00,True,150.147,150.152,-45.39999999999793,8.29999999999984,-46.50000000000034,False,True,3.0966666666666667,0.8618421052632341,2.1920000000000073,54.80000000000018,18081,149.426
2024H2|J_PULLBACK_CONTINUATION|2024-08-01T09:00:00+00:00|-1,120,2024-08-01 11:00:00.082000+00:00,2024-08-01 11:00:00.126000+00:00,True,150.029,150.036,-33.799999999999386,8.29999999999984,-50.39999999999907,False,True,3.2066666666666666,0.039560439560439975,2.3379564109821525,59.00000000000034,22886,149.426
2024H2|J_PULLBACK_CONTINUATION|2024-08-01T20:15:00+00:00|-1,15,2024-08-01 20:30:00.113000+00:00,2024-08-01 20:30:00.244000+00:00,True,149.647,149.651,3.299999999998704,4.300000000000637,-1.6999999999995907,False,False,0.37666666666666665,0.9679487179487483,0.45137023105859025,6.000000000000227,1129,149.47
2024H2|J_PULLBACK_CONTINUATION|2024-08-01T20:15:00+00:00|-1,30,2024-08-01 20:45:00.113000+00:00,2024-08-01 20:45:00.137000+00:00,True,149.52,149.525,15.899999999999181,16.499999999999204,-1.6999999999995907,False,False,0.9066666666666666,0.7164750957854977,1.2797589151181554,18.200000000001637,2031,149.47
2024H2|J_PULLBACK_CONTINUATION|2024-08-01T20:15:00+00:00|-1,60,2024-08-01 21:15:00.113000+00:00,2024-08-01 21:15:05.071000+00:00,True,149.311,149.394,28.999999999999204,39.50000000000102,-1.6999999999995907,True,False,0.10333333333333333,0.12195121951209364,3.3311148086522673,42.900000000000205,3237,149.47
2024H2|J_PULLBACK_CONTINUATION|2024-08-01T20:15:00+00:00|-1,90,2024-08-01 21:45:00.113000+00:00,2024-08-01 21:45:00.412000+00:00,True,149.326,149.349,33.500000000000796,39.50000000000102,-1.6999999999995907,True,False,0.9166666666666666,0.906976744186277,3.613718411552351,42.900000000000205,4055,149.47
2024H2|J_PULLBACK_CONTINUATION|2024-08-01T20:15:00+00:00|-1,120,2024-08-01 22:15:00.113000+00:00,2024-08-01 22:15:00.581000+00:00,True,149.121,149.129,55.50000000000068,68.39999999999975,-1.6999999999995907,True,False,1.41,0.13199999999994816,5.034836065573763,70.19999999999982,6816,149.47
2024H2|J_PULLBACK_CONTINUATION|2024-08-02T02:30:00+00:00|-1,15,2024-08-02 02:45:00.039000+00:00,2024-08-02 02:45:00.050000+00:00,True,149.615,149.625,-24.500000000000455,3.299999999998704,-25.300000000001432,False,True,2.9833333333333334,0.8102189781023215,1.1784651992861168,28.299999999998704,3301,149.011
2024H2|J_PULLBACK_CONTINUATION|2024-08-02T02:30:00+00:00|-1,30,2024-08-02 03:00:00.039000+00:00,2024-08-02 03:00:00.114000+00:00,True,149.575,149.58,-20.000000000001705,3.299999999998704,-30.700000000001637,False,True,2.9366666666666665,0.9196428571428605,1.4544897333742128,33.899999999999864,5872,149.011
2024H2|J_PULLBACK_CONTINUATION|2024-08-02T02:30:00+00:00|-1,60,2024-08-02 03:30:00.039000+00:00,2024-08-02 03:30:00.062000+00:00,True,149.461,149.469,-8.899999999999864,3.299999999998704,-30.700000000001637,False,True,2.526666666666667,0.8444444444443555,1.5872909698996693,33.899999999999864,10269,149.011
2024H2|J_PULLBACK_CONTINUATION|2024-08-02T02:30:00+00:00|-1,90,2024-08-02 04:00:00.039000+00:00,2024-08-02 04:00:00.160000+00:00,True,149.49,149.497,-11.700000000001864,3.299999999998704,-30.700000000001637,False,True,1.79,0.406250000000148,1.790267823462849,33.899999999999864,13403,149.011
2024H2|J_PULLBACK_CONTINUATION|2024-08-02T02:30:00+00:00|-1,120,2024-08-02 04:30:00.039000+00:00,2024-08-02 04:30:00.210000+00:00,True,149.378,149.386,-0.6000000000000227,3.299999999998704,-30.700000000001637,False,False,2.96,0.44827586206891823,1.899919935948737,33.899999999999864,17877,149.011
2024H2|J_PULLBACK_CONTINUATION|2024-08-02T07:45:00+00:00|-1,15,2024-08-02 08:00:00.099000+00:00,2024-08-02 08:00:00.227000+00:00,True,149.21,149.218,-18.599999999997863,12.100000000000932,-19.599999999999795,False,True,3.1233333333333335,0.6348684210526669,1.1772557394553986,31.499999999999773,2865,148.623
2024H2|J_PULLBACK_CONTINUATION|2024-08-02T07:45:00+00:00|-1,30,2024-08-02 08:15:00.099000+00:00,2024-08-02 08:15:00.495000+00:00,True,149.128,149.137,-10.499999999998977,12.100000000000932,-29.20000000000016,False,False,2.183333333333333,0.6920000000000073,1.5185572399372225,41.499999999999204,5795,148.623
2024H2|J_PULLBACK_CONTINUATION|2024-08-02T07:45:00+00:00|-1,60,2024-08-02 08:45:00.099000+00:00,2024-08-02 08:45:00.728000+00:00,True,149.056,149.061,-2.899999999999636,19.10000000000025,-29.20000000000016,False,False,2.61,0.28472222222218935,1.7380045696877313,48.90000000000043,11460,148.623
2024H2|J_PULLBACK_CONTINUATION|2024-08-02T07:45:00+00:00|-1,90,2024-08-02 09:15:00.099000+00:00,2024-08-02 09:15:00.140000+00:00,True,149.025,149.032,0.0,19.10000000000025,-29.20000000000016,False,False,1.8733333333333333,0.5185185185186076,1.819776714513545,48.90000000000043,15972,148.623
2024H2|J_PULLBACK_CONTINUATION|2024-08-02T07:45:00+00:00|-1,120,2024-08-02 09:45:00.099000+00:00,2024-08-02 09:45:01.091000+00:00,True,148.838,148.841,19.10000000000025,20.400000000000773,-29.20000000000016,False,False,1.01,0.568807339449491,2.079454491550539,50.10000000000048,19118,148.623
2024H2|J_PULLBACK_CONTINUATION|2024-08-02T12:15:00+00:00|-1,15,2024-08-02 12:30:00.466000+00:00,2024-08-02 12:30:00.759000+00:00,True,148.886,149.059,-13.49999999999909,4.400000000001114,-15.899999999999181,False,True,4.11,0.8649068322981253,0.6900697283001014,20.50000000000125,4042,148.73
2024H2|J_PULLBACK_CONTINUATION|2024-08-02T12:15:00+00:00|-1,30,2024-08-02 12:45:00.466000+00:00,2024-08-02 12:45:00.620000+00:00,True,147.275,147.279,164.50000000000102,190.10000000000105,-15.899999999999181,True,False,8.556666666666667,0.19587628865979745,6.470482603815918,205.9000000000026,12566,148.73
2024H2|J_PULLBACK_CONTINUATION|2024-08-02T12:15:00+00:00|-1,60,2024-08-02 13:15:00.466000+00:00,2024-08-02 13:15:00.607000+00:00,True,147.908,147.914,101.00000000000193,190.10000000000105,-15.899999999999181,True,False,7.83,0.8650519031141825,5.456369487033877,205.9000000000026,27152,148.73
2024H2|J_PULLBACK_CONTINUATION|2024-08-02T12:15:00+00:00|-1,90,2024-08-02 13:45:00.466000+00:00,2024-08-02 13:45:00.489000+00:00,True,147.402,147.413,151.09999999999957,190.10000000000105,-15.899999999999181,True,False,7.903333333333333,0.9567307692307673,4.992379632836843,205.9000000000026,41444,148.73
2024H2|J_PULLBACK_CONTINUATION|2024-08-02T12:15:00+00:00|-1,120,2024-08-02 14:15:00.466000+00:00,2024-08-02 14:15:00.485000+00:00,True,146.851,146.856,206.8000000000012,210.8000000000004,-15.899999999999181,True,False,8.423333333333334,0.49848024316113015,4.948482490272354,227.1000000000015,54722,148.73
2024H2|J_PULLBACK_CONTINUATION|2024-08-04T22:45:00+00:00|-1,15,2024-08-04 23:00:00.177000+00:00,2024-08-04 23:00:00.191000+00:00,True,146.315,146.325,7.00000000000216,7.800000000000296,-14.799999999999613,False,False,3.0366666666666666,0.45384615384615046,1.428965517241299,22.199999999998,2132,145.983
2024H2|J_PULLBACK_CONTINUATION|2024-08-04T22:45:00+00:00|-1,30,2024-08-04 23:15:00.177000+00:00,2024-08-04 23:15:00.247000+00:00,True,146.228,146.232,16.30000000000109,30.000000000001137,-14.799999999999613,False,False,2.87,0.9711934156378422,2.7110530896431917,44.49999999999932,5219,145.983
2024H2|J_PULLBACK_CONTINUATION|2024-08-04T22:45:00+00:00|-1,60,2024-08-04 23:45:00.177000+00:00,2024-08-04 23:45:00.330000+00:00,True,145.932,145.942,45.300000000000296,61.000000000001364,-14.799999999999613,True,False,4.99,0.5281582952815871,3.3757595139111367,75.39999999999907,13106,145.983
2024H2|J_PULLBACK_CONTINUATION|2024-08-04T22:45:00+00:00|-1,90,2024-08-05 00:15:00.177000+00:00,2024-08-05 00:15:00.184000+00:00,True,145.383,145.388,100.7000000000005,110.20000000000039,-14.799999999999613,True,False,7.6066666666666665,0.012531328320790625,4.467552376085909,124.89999999999952,24872,145.983
2024H2|J_PULLBACK_CONTINUATION|2024-08-04T22:45:00+00:00|-1,120,2024-08-05 00:45:00.177000+00:00,2024-08-05 00:45:00.428000+00:00,True,145.602,145.61,78.49999999999966,119.80000000000075,-14.799999999999613,True,False,5.413333333333333,0.31762295081967473,4.030120481927745,133.7999999999994,36952,145.983
2024H2|J_PULLBACK_CONTINUATION|2024-08-05T07:30:00+00:00|-1,15,2024-08-05 07:45:00.023000+00:00,2024-08-05 07:45:00.140000+00:00,True,143.172,143.18,-19.200000000000728,13.49999999999909,-39.50000000000102,False,False,4.973333333333334,0.6240786240786066,0.7998708844415429,53.09999999999775,4819,141.676
2024H2|J_PULLBACK_CONTINUATION|2024-08-05T07:30:00+00:00|-1,30,2024-08-05 08:00:00.023000+00:00,2024-08-05 08:00:00.058000+00:00,True,143.474,143.492,-50.39999999999907,13.49999999999909,-101.30000000000052,False,True,4.763333333333334,0.7376861397480097,1.6802337716551596,114.99999999999773,9992,141.676
2024H2|J_PULLBACK_CONTINUATION|2024-08-05T07:30:00+00:00|-1,60,2024-08-05 08:30:00.023000+00:00,2024-08-05 08:30:00.059000+00:00,True,142.651,142.675,31.299999999998818,48.40000000000089,-101.30000000000052,False,False,4.75,0.8264925373134532,2.2436090225563827,149.19999999999902,18061,141.676
2024H2|J_PULLBACK_CONTINUATION|2024-08-05T07:30:00+00:00|-1,90,2024-08-05 09:00:00.023000+00:00,2024-08-05 09:00:00.072000+00:00,True,142.399,142.415,57.30000000000075,97.59999999999991,-101.30000000000052,False,False,3.66,0.5967078189300606,3.138339920948587,198.49999999999852,25551,141.676
2024H2|J_PULLBACK_CONTINUATION|2024-08-05T07:30:00+00:00|-1,120,2024-08-05 09:30:00.023000+00:00,2024-08-05 09:30:00.092000+00:00,True,141.969,141.984,100.39999999999907,124.19999999999902,-101.30000000000052,False,False,5.266666666666667,0.17286652078770326,3.763170498084262,224.4999999999976,33474,141.676
2024H2|J_PULLBACK_CONTINUATION|2024-08-05T12:00:00+00:00|-1,15,2024-08-05 12:15:00.011000+00:00,2024-08-05 12:15:00.159000+00:00,True,142.23,142.251,5.299999999999727,21.100000000001273,-18.199999999998795,False,False,4.493333333333333,0.5671981776765638,0.8642800318217984,38.80000000000052,4068,141.906
2024H2|J_PULLBACK_CONTINUATION|2024-08-05T12:00:00+00:00|-1,30,2024-08-05 12:30:00.011000+00:00,2024-08-05 12:30:00.028000+00:00,True,142.161,142.164,14.000000000001478,32.69999999999982,-18.199999999998795,False,False,4.56,0.5658536585366185,1.122886133032721,49.80000000000189,8292,141.906
2024H2|J_PULLBACK_CONTINUATION|2024-08-05T12:00:00+00:00|-1,60,2024-08-05 13:00:00.011000+00:00,2024-08-05 13:00:00.062000+00:00,True,142.25,142.257,4.699999999999704,45.90000000000032,-18.199999999998795,True,False,5.003333333333333,0.45252525252528464,1.4767441860465331,63.50000000000193,17092,141.906
2024H2|J_PULLBACK_CONTINUATION|2024-08-05T12:00:00+00:00|-1,90,2024-08-05 13:30:00.011000+00:00,2024-08-05 13:30:00.063000+00:00,True,142.324,142.333,-2.899999999999636,45.90000000000032,-42.09999999999923,True,False,3.6766666666666667,0.3275109170305538,1.9944894651539908,87.90000000000191,25111,141.906
2024H2|J_PULLBACK_CONTINUATION|2024-08-05T12:00:00+00:00|-1,120,2024-08-05 14:00:00.011000+00:00,2024-08-05 14:00:00.115000+00:00,True,142.726,142.81,-50.60000000000002,45.90000000000032,-69.99999999999886,True,True,3.953333333333333,0.5577439570277493,2.2340219048939463,115.10000000000105,33922,141.906
2024H2|J_PULLBACK_CONTINUATION|2024-08-05T18:45:00+00:00|-1,15,2024-08-05 19:00:00.141000+00:00,2024-08-05 19:00:00.179000+00:00,True,143.441,143.449,23.399999999998045,28.10000000000059,-14.100000000001955,True,False,4.466666666666667,0.864130434782576,0.9855926653569147,43.00000000000068,3399,143.642
2024H2|J_PULLBACK_CONTINUATION|2024-08-05T18:45:00+00:00|-1,30,2024-08-05 19:15:00.141000+00:00,2024-08-05 19:15:00.244000+00:00,True,143.491,143.501,18.199999999998795,28.10000000000059,-14.19999999999959,True,False,2.796666666666667,0.17665615141951707,1.0097282791009858,43.00000000000068,6233,143.642
2024H2|J_PULLBACK_CONTINUATION|2024-08-05T18:45:00+00:00|-1,60,2024-08-05 19:45:00.141000+00:00,2024-08-05 19:45:00.282000+00:00,True,143.76,143.783,-9.999999999999432,28.10000000000059,-19.300000000001205,True,True,1.9133333333333333,0.3677419354837905,1.3528678304239388,46.50000000000034,10543,143.642
2024H2|J_PULLBACK_CONTINUATION|2024-08-05T18:45:00+00:00|-1,90,2024-08-05 20:15:00.141000+00:00,2024-08-05 20:15:00.667000+00:00,True,143.919,143.93,-24.70000000000141,28.10000000000059,-28.10000000000059,True,True,1.31,0.27312775330392114,1.8466257668711579,55.89999999999975,14244,143.642
2024H2|J_PULLBACK_CONTINUATION|2024-08-05T18:45:00+00:00|-1,120,2024-08-05 20:45:00.141000+00:00,2024-08-05 20:45:00.589000+00:00,True,144.066,144.085,-40.20000000000152,28.10000000000059,-41.80000000000064,True,True,0.42333333333333334,0.6384976525821577,2.547774017182999,69.89999999999839,16562,143.642
2024H2|J_PULLBACK_CONTINUATION|2024-08-09T16:45:00+00:00|-1,15,2024-08-09 17:00:00.224000+00:00,2024-08-09 17:00:01.027000+00:00,True,146.609,146.617,-0.9999999999990905,3.8999999999987267,-6.200000000001182,False,False,2.546666666666667,0.09473684210541744,0.7140000000000474,10.200000000000387,1674,146.334
2024H2|J_PULLBACK_CONTINUATION|2024-08-09T16:45:00+00:00|-1,30,2024-08-09 17:15:00.224000+00:00,2024-08-09 17:15:00.247000+00:00,True,146.689,146.696,-8.899999999999864,3.8999999999987267,-9.399999999999409,False,True,3.0533333333333332,0.5420560747662906,0.9464378575145014,13.000000000002387,4249,146.334
2024H2|J_PULLBACK_CONTINUATION|2024-08-09T16:45:00+00:00|-1,60,2024-08-09 17:45:00.224000+00:00,2024-08-09 17:45:00.569000+00:00,True,146.626,146.632,-2.5000000000005684,3.8999999999987267,-16.100000000000136,False,False,1.7666666666666666,0.13043478260872254,1.6060254924682225,19.80000000000075,7607,146.334
2024H2|J_PULLBACK_CONTINUATION|2024-08-09T16:45:00+00:00|-1,90,2024-08-09 18:15:00.224000+00:00,2024-08-09 18:15:00.538000+00:00,True,146.676,146.682,-7.499999999998863,3.8999999999987267,-16.100000000000136,False,True,1.2033333333333334,0.4137931034481407,2.007241129616296,19.80000000000075,10602,146.334
2024H2|J_PULLBACK_CONTINUATION|2024-08-09T16:45:00+00:00|-1,120,2024-08-09 18:45:00.224000+00:00,2024-08-09 18:45:02.232000+00:00,True,146.693,146.701,-9.399999999999409,3.8999999999987267,-16.100000000000136,False,True,1.03,0.7941176470586842,2.3591489361702225,19.80000000000075,12684,146.334
2024H2|J_PULLBACK_CONTINUATION|2024-08-13T20:30:00+00:00|-1,15,2024-08-13 20:45:00.437000+00:00,2024-08-13 20:45:00.813000+00:00,True,146.807,146.82,-0.1999999999981128,2.400000000000091,-1.8000000000000682,False,False,2.1566666666666667,0.8000000000001033,0.48194794290510634,4.099999999999682,2460,146.596
2024H2|J_PULLBACK_CONTINUATION|2024-08-13T20:30:00+00:00|-1,30,2024-08-13 21:00:00.437000+00:00,2024-08-13 21:04:01.850000+00:00,True,146.602,146.914,-9.599999999997522,2.400000000000091,-5.299999999999727,False,True,3.81,0.009174311926519407,0.7668393782385019,7.400000000001228,5559,146.596
2024H2|J_PULLBACK_CONTINUATION|2024-08-13T20:30:00+00:00|-1,60,2024-08-13 21:30:00.437000+00:00,2024-08-13 21:30:07.321000+00:00,True,146.825,146.871,-5.299999999999727,2.400000000000091,-10.099999999999909,False,True,0.11666666666666667,0.30769230769255995,2.9966555183947277,25.600000000000023,5737,146.596
2024H2|J_PULLBACK_CONTINUATION|2024-08-13T20:30:00+00:00|-1,90,2024-08-13 22:00:00.437000+00:00,2024-08-13 22:00:00.778000+00:00,True,146.837,146.891,-7.299999999997908,2.400000000000091,-10.099999999999909,False,True,0.83,0.3913043478261675,3.403608736942174,25.600000000000023,6461,146.596
2024H2|J_PULLBACK_CONTINUATION|2024-08-13T20:30:00+00:00|-1,120,2024-08-13 22:30:00.437000+00:00,2024-08-13 22:30:01.084000+00:00,True,146.846,146.857,-3.8999999999987267,2.400000000000091,-10.099999999999909,False,True,0.9833333333333333,0.7251908396948635,3.5873320537428395,26.69999999999959,9108,146.596
2024H2|J_PULLBACK_CONTINUATION|2024-08-14T01:30:00+00:00|-1,15,2024-08-14 01:45:00.762000+00:00,2024-08-14 01:45:00.764000+00:00,True,146.884,146.895,-4.000000000002046,9.899999999998954,-7.200000000000273,True,False,3.25,0.3555555555555029,1.2319430315361217,17.300000000000182,2815,146.807
2024H2|J_PULLBACK_CONTINUATION|2024-08-14T01:30:00+00:00|-1,30,2024-08-14 02:00:00.762000+00:00,2024-08-14 02:00:00.801000+00:00,True,146.873,146.876,-2.1000000000015007,9.899999999998954,-8.100000000001728,True,False,1.7466666666666666,0.9045346062052722,1.1304347826087877,18.200000000001637,5144,146.807
2024H2|J_PULLBACK_CONTINUATION|2024-08-14T01:30:00+00:00|-1,60,2024-08-14 02:30:00.762000+00:00,2024-08-14 02:30:01.097000+00:00,True,146.528,146.539,31.60000000000025,47.399999999998954,-8.100000000001728,True,False,2.796666666666667,0.5338809034908052,2.8050000000000237,56.100000000000705,11776,146.807
2024H2|J_PULLBACK_CONTINUATION|2024-08-14T01:30:00+00:00|-1,90,2024-08-14 03:00:00.762000+00:00,2024-08-14 03:00:00.816000+00:00,True,146.461,146.471,38.39999999999861,77.49999999999773,-8.100000000001728,True,False,3.6566666666666667,0.5497382198952272,3.9684314370272364,86.19999999999948,19235,146.807
2024H2|J_PULLBACK_CONTINUATION|2024-08-14T01:30:00+00:00|-1,120,2024-08-14 03:30:00.762000+00:00,2024-08-14 03:30:00.773000+00:00,True,146.536,146.541,31.399999999999295,77.49999999999773,-8.100000000001728,True,False,2.0033333333333334,0.21543408360130467,3.7973568281937786,86.19999999999948,24053,146.807
2024H2|J_PULLBACK_CONTINUATION|2024-08-16T14:45:00+00:00|-1,15,2024-08-16 15:00:00.029000+00:00,2024-08-16 15:00:00.090000+00:00,True,147.999,148.006,6.200000000001182,10.099999999999909,-10.999999999998522,False,False,3.2,0.17355371900818095,0.9755443886097218,20.79999999999984,3373,147.622
2024H2|J_PULLBACK_CONTINUATION|2024-08-16T14:45:00+00:00|-1,30,2024-08-16 15:15:00.029000+00:00,2024-08-16 15:15:00.143000+00:00,True,148.073,148.078,-0.9999999999990905,10.099999999999909,-10.999999999998522,False,False,1.8333333333333333,0.09523809523809523,0.991150442477882,20.79999999999984,6092,147.622
2024H2|J_PULLBACK_CONTINUATION|2024-08-16T14:45:00+00:00|-1,60,2024-08-16 15:45:00.029000+00:00,2024-08-16 15:45:00.070000+00:00,True,148.221,148.226,-15.799999999998704,10.099999999999909,-19.899999999998386,False,True,2.3133333333333335,0.9060402684563093,1.470319634703239,29.90000000000066,10753,147.622
2024H2|J_PULLBACK_CONTINUATION|2024-08-16T14:45:00+00:00|-1,90,2024-08-16 16:15:00.029000+00:00,2024-08-16 16:15:00.550000+00:00,True,148.167,148.17,-10.199999999997544,10.099999999999909,-20.599999999998886,False,True,2.14,0.9561403508772346,1.7861052631579,30.299999999999727,16026,147.622
2024H2|J_PULLBACK_CONTINUATION|2024-08-16T14:45:00+00:00|-1,120,2024-08-16 16:45:00.029000+00:00,2024-08-16 16:45:00.167000+00:00,True,148.028,148.035,3.300000000001546,10.099999999999909,-20.599999999998886,False,False,2.21,0.7999999999997474,1.9721059972105985,30.299999999999727,19881,147.622
2024H2|J_PULLBACK_CONTINUATION|2024-08-19T00:15:00+00:00|-1,15,2024-08-19 00:30:00.101000+00:00,2024-08-19 00:30:00.183000+00:00,True,147.939,147.947,-14.799999999999613,-0.10000000000047748,-17.40000000000066,False,True,2.4833333333333334,0.9662921348316186,1.6164383561643587,17.69999999999925,2636,147.75
2024H2|J_PULLBACK_CONTINUATION|2024-08-19T00:15:00+00:00|-1,30,2024-08-19 00:45:00.101000+00:00,2024-08-19 00:45:01.880000+00:00,True,147.881,147.884,-8.499999999997954,-0.10000000000047748,-17.40000000000066,False,True,2.0966666666666667,0.6009389671361014,1.4423748544819275,17.69999999999925,4591,147.75
2024H2|J_PULLBACK_CONTINUATION|2024-08-19T00:15:00+00:00|-1,60,2024-08-19 01:15:00.101000+00:00,2024-08-19 01:15:00.125000+00:00,True,147.808,147.819,-1.999999999998181,13.2000000000005,-17.40000000000066,True,True,2.5166666666666666,0.9519650655021992,2.077332044465884,30.699999999998795,9897,147.75
2024H2|J_PULLBACK_CONTINUATION|2024-08-19T00:15:00+00:00|-1,90,2024-08-19 01:45:00.101000+00:00,2024-08-19 01:45:00.172000+00:00,True,147.537,147.552,24.70000000000141,38.2000000000005,-17.40000000000066,True,False,3.61,0.5945945945945945,3.601286173633467,56.00000000000023,15796,147.75
2024H2|J_PULLBACK_CONTINUATION|2024-08-19T00:15:00+00:00|-1,120,2024-08-19 02:15:00.101000+00:00,2024-08-19 02:15:00.109000+00:00,True,147.535,147.542,25.7000000000005,47.400000000001796,-17.40000000000066,True,False,2.24,0.10126582278492402,4.083595505617994,64.90000000000009,21042,147.75
2024H2|J_PULLBACK_CONTINUATION|2024-08-19T08:00:00+00:00|-1,15,2024-08-19 08:15:00.234000+00:00,2024-08-19 08:15:00.320000+00:00,True,146.044,146.053,4.900000000000659,19.10000000000025,-9.899999999998954,False,False,4.153333333333333,0.20312500000007405,0.9329073482428156,29.20000000000016,4642,145.182
2024H2|J_PULLBACK_CONTINUATION|2024-08-19T08:00:00+00:00|-1,30,2024-08-19 08:30:00.234000+00:00,2024-08-19 08:30:00.261000+00:00,True,146.118,146.123,-2.0999999999986585,19.10000000000025,-9.899999999998954,False,False,2.716666666666667,0.752631578947381,0.9449838187702331,29.20000000000016,8023,145.182
2024H2|J_PULLBACK_CONTINUATION|2024-08-19T08:00:00+00:00|-1,60,2024-08-19 09:00:00.234000+00:00,2024-08-19 09:00:00.318000+00:00,True,146.085,146.093,0.9000000000014552,19.10000000000025,-13.599999999999568,False,False,2.63,0.08461538461535434,1.180243082492962,32.60000000000218,14035,145.182
2024H2|J_PULLBACK_CONTINUATION|2024-08-19T08:00:00+00:00|-1,90,2024-08-19 09:30:00.234000+00:00,2024-08-19 09:30:00.297000+00:00,True,146.063,146.068,3.3999999999991815,19.10000000000025,-13.599999999999568,False,False,3.9766666666666666,0.05128205128211205,1.3530981322265991,32.60000000000218,19257,145.182
2024H2|J_PULLBACK_CONTINUATION|2024-08-19T08:00:00+00:00|-1,120,2024-08-19 10:00:00.234000+00:00,2024-08-19 10:00:00.293000+00:00,True,146.269,146.274,-17.199999999999704,19.10000000000025,-18.39999999999975,False,True,3.3066666666666666,0.21511627906977127,1.6439725171767716,37.60000000000048,23229,145.182
2024H2|J_PULLBACK_CONTINUATION|2024-08-19T14:45:00+00:00|-1,15,2024-08-19 15:00:00.129000+00:00,2024-08-19 15:00:00.220000+00:00,True,146.363,146.367,-9.600000000000364,5.099999999998772,-13.900000000001,False,True,3.3066666666666666,0.24087591240887118,0.917052331790689,18.39999999999975,2995,146.155
2024H2|J_PULLBACK_CONTINUATION|2024-08-19T14:45:00+00:00|-1,30,2024-08-19 15:15:00.129000+00:00,2024-08-19 15:15:00.202000+00:00,True,146.459,146.467,-19.600000000002638,5.099999999998772,-22.800000000000864,False,True,2.7866666666666666,0.13492063492059736,1.4066496163683475,27.50000000000057,5609,146.155
2024H2|J_PULLBACK_CONTINUATION|2024-08-19T14:45:00+00:00|-1,60,2024-08-19 15:45:00.129000+00:00,2024-08-19 15:45:00.443000+00:00,True,146.66,146.665,-39.400000000000546,5.099999999998772,-44.90000000000123,False,True,3.3233333333333333,0.8380281690140232,2.3887168902649374,49.60000000000093,9833,146.155
2024H2|J_PULLBACK_CONTINUATION|2024-08-19T14:45:00+00:00|-1,90,2024-08-19 16:15:00.129000+00:00,2024-08-19 16:15:02.435000+00:00,True,146.417,146.423,-15.200000000001523,5.099999999998772,-44.90000000000123,False,True,1.7433333333333334,0.08108108108119871,2.433076384022459,49.60000000000093,14345,146.155
2024H2|J_PULLBACK_CONTINUATION|2024-08-19T14:45:00+00:00|-1,120,2024-08-19 16:45:00.129000+00:00,2024-08-19 16:45:01.418000+00:00,True,146.582,146.586,-31.500000000002615,5.099999999998772,-44.90000000000123,False,True,1.43,0.7966101694915091,2.729559748427712,49.60000000000093,16852,146.155
2024H2|J_PULLBACK_CONTINUATION|2024-08-19T21:45:00+00:00|-1,15,2024-08-19 22:00:06.453000+00:00,2024-08-19 22:00:07.786000+00:00,True,146.561,146.638,-9.200000000001296,-5.800000000002115,-10.699999999999932,False,True,0.18666666666666668,0.8157894736844369,0.7811158798286743,5.200000000002092,91,146.521
2024H2|J_PULLBACK_CONTINUATION|2024-08-19T21:45:00+00:00|-1,30,2024-08-19 22:15:06.453000+00:00,2024-08-19 22:15:13.587000+00:00,True,146.552,146.561,-1.500000000001478,-0.40000000000190994,-10.699999999999932,False,False,0.30666666666666664,0.46153846153829337,1.260663507108904,7.599999999999341,357,146.521
2024H2|J_PULLBACK_CONTINUATION|2024-08-19T21:45:00+00:00|-1,60,2024-08-19 22:45:06.453000+00:00,2024-08-19 22:45:13.112000+00:00,True,146.604,146.613,-6.700000000000728,-0.40000000000190994,-10.699999999999932,False,True,0.3933333333333333,0.3913043478259258,1.3119605425399028,7.599999999999341,940,146.521
2024H2|J_PULLBACK_CONTINUATION|2024-08-19T21:45:00+00:00|-1,90,2024-08-19 23:15:06.453000+00:00,2024-08-19 23:15:07.100000+00:00,True,146.795,146.802,-25.600000000000023,-0.40000000000190994,-26.500000000001478,False,True,1.8266666666666667,0.3827160493827074,3.8823529411762077,26.39999999999816,2867,146.521
2024H2|J_PULLBACK_CONTINUATION|2024-08-19T21:45:00+00:00|-1,120,2024-08-19 23:45:06.453000+00:00,2024-08-19 23:45:07.198000+00:00,True,146.75,146.755,-20.90000000000032,-0.40000000000190994,-33.00000000000125,False,True,1.2333333333333334,0.6153846153846364,4.0474516695958584,32.90000000000077,4712,146.521
2024H2|J_PULLBACK_CONTINUATION|2024-08-20T13:00:00+00:00|-1,15,2024-08-20 13:15:00.060000+00:00,2024-08-20 13:15:00.311000+00:00,True,146.099,146.104,6.599999999997408,7.999999999998408,-8.200000000002206,True,False,4.033333333333333,0.6967213114753239,1.0935390549662838,16.200000000000614,3343,146.124
2024H2|J_PULLBACK_CONTINUATION|2024-08-20T13:00:00+00:00|-1,30,2024-08-20 13:30:00.060000+00:00,2024-08-20 13:30:00.159000+00:00,True,146.078,146.084,8.599999999998431,11.999999999997613,-8.200000000002206,True,False,3.81,0.5714285714285051,1.3271375464684423,20.400000000000773,6512,146.124
2024H2|J_PULLBACK_CONTINUATION|2024-08-20T13:00:00+00:00|-1,60,2024-08-20 14:00:00.060000+00:00,2024-08-20 14:00:00.072000+00:00,True,146.108,146.116,5.3999999999973625,12.09999999999809,-12.700000000000955,True,False,3.4466666666666668,0.7806122448980695,1.5534759358288277,24.899999999999523,12606,146.124
2024H2|J_PULLBACK_CONTINUATION|2024-08-20T13:00:00+00:00|-1,90,2024-08-20 14:30:00.060000+00:00,2024-08-20 14:30:00.145000+00:00,True,145.744,145.752,41.799999999997794,43.199999999998795,-12.700000000000955,True,False,5.946666666666666,0.8794326241134967,2.987804878048766,56.00000000000023,21272,146.124
2024H2|J_PULLBACK_CONTINUATION|2024-08-20T13:00:00+00:00|-1,120,2024-08-20 15:00:00.060000+00:00,2024-08-20 15:00:00.084000+00:00,True,145.599,145.605,56.49999999999977,64.69999999999914,-12.700000000000955,True,False,5.54,0.021739130434679677,4.045607476635476,77.29999999999961,29701,146.124
2024H2|J_PULLBACK_CONTINUATION|2024-08-20T23:30:00+00:00|-1,15,2024-08-20 23:45:00.075000+00:00,2024-08-20 23:45:00.077000+00:00,True,145.151,145.162,-15.700000000001069,5.299999999999727,-19.200000000000728,True,False,2.3933333333333335,0.14356435643562682,1.8100263852241423,24.499999999997613,2623,144.988
2024H2|J_PULLBACK_CONTINUATION|2024-08-20T23:30:00+00:00|-1,30,2024-08-21 00:00:00.075000+00:00,2024-08-21 00:00:00.184000+00:00,True,145.322,145.329,-32.40000000000123,5.299999999999727,-35.09999999999991,True,True,0.0033333333333333335,0.07281553398052021,2.772815533980568,40.799999999998704,4237,144.988
2024H2|J_PULLBACK_CONTINUATION|2024-08-20T23:30:00+00:00|-1,60,2024-08-21 00:30:00.075000+00:00,2024-08-21 00:30:00.088000+00:00,True,145.135,145.139,-13.400000000001455,5.299999999999727,-48.19999999999993,True,False,3.3066666666666666,0.07142857142855441,2.9436178543460976,53.69999999999777,10587,144.988
2024H2|J_PULLBACK_CONTINUATION|2024-08-20T23:30:00+00:00|-1,90,2024-08-21 01:00:00.075000+00:00,2024-08-21 01:00:00.239000+00:00,True,145.449,145.456,-45.09999999999934,6.299999999998818,-55.29999999999973,True,True,3.6733333333333333,0.5481481481481707,2.877726371447487,62.19999999999857,17344,144.988
2024H2|J_PULLBACK_CONTINUATION|2024-08-20T23:30:00+00:00|-1,120,2024-08-21 01:30:00.075000+00:00,2024-08-21 01:30:00.147000+00:00,True,145.4,145.41,-40.500000000000114,6.299999999998818,-58.29999999999984,True,True,3.3766666666666665,0.5637860082304662,2.7812023191943918,65.0999999999982,23105,144.988
2024H2|J_PULLBACK_CONTINUATION|2024-08-21T21:30:00+00:00|-1,15,2024-08-21 21:45:00.057000+00:00,2024-08-21 21:45:02.544000+00:00,True,145.109,145.194,-7.899999999997931,-7.200000000000273,-10.699999999999932,False,True,0.3433333333333333,0.004807692307715272,0.5444822557121197,7.999999999998408,322,144.905
2024H2|J_PULLBACK_CONTINUATION|2024-08-21T21:30:00+00:00|-1,30,2024-08-21 22:00:00.057000+00:00,2024-08-21 22:00:00.851000+00:00,True,145.163,145.189,-7.399999999998386,-7.200000000000273,-10.699999999999932,False,True,0.51,0.37799043062204085,1.6142709410547715,22.299999999998477,845,144.905
2024H2|J_PULLBACK_CONTINUATION|2024-08-21T21:30:00+00:00|-1,60,2024-08-21 22:30:00.057000+00:00,2024-08-21 22:30:01.731000+00:00,True,145.056,145.062,5.299999999999727,13.300000000000978,-10.699999999999932,False,False,0.8266666666666667,0.4473684210525627,1.6793975255513,22.299999999998477,2573,144.905
2024H2|J_PULLBACK_CONTINUATION|2024-08-21T21:30:00+00:00|-1,90,2024-08-21 23:00:00.057000+00:00,2024-08-21 23:00:00.061000+00:00,True,144.887,144.894,22.100000000000364,22.100000000000364,-10.699999999999932,True,False,1.2166666666666666,0.01941747572824648,2.1108808290155756,29.09999999999968,3874,144.905
2024H2|J_PULLBACK_CONTINUATION|2024-08-21T21:30:00+00:00|-1,120,2024-08-21 23:30:00.057000+00:00,2024-08-21 23:30:00.468000+00:00,True,144.933,144.937,17.799999999999727,26.099999999999568,-10.699999999999932,True,False,0.79,0.03375527426164138,2.3928571428572245,33.500000000000796,6699,144.905
2024H2|J_PULLBACK_CONTINUATION|2024-08-25T22:45:00+00:00|-1,15,2024-08-25 23:00:00.009000+00:00,2024-08-25 23:00:00.096000+00:00,True,143.89,143.901,4.399999999998272,6.60000000000025,-13.800000000000523,False,False,1.09,0.6600000000000228,1.1384863123993285,20.199999999999818,1213,143.845
2024H2|J_PULLBACK_CONTINUATION|2024-08-25T22:45:00+00:00|-1,30,2024-08-25 23:15:00.009000+00:00,2024-08-25 23:15:00.108000+00:00,True,143.708,143.714,23.099999999999454,33.59999999999843,-13.800000000000523,True,False,3.506666666666667,0.1973244147157064,2.4878413767303567,47.500000000002274,4252,143.845
2024H2|J_PULLBACK_CONTINUATION|2024-08-25T22:45:00+00:00|-1,60,2024-08-25 23:45:00.009000+00:00,2024-08-25 23:45:00.141000+00:00,True,143.867,143.879,6.60000000000025,37.999999999999545,-13.800000000000523,True,False,2.36,0.5819209039547152,2.523227383863152,51.600000000001955,9523,143.845
2024H2|J_PULLBACK_CONTINUATION|2024-08-25T22:45:00+00:00|-1,90,2024-08-26 00:15:00.009000+00:00,2024-08-26 00:15:00.255000+00:00,True,143.854,143.864,8.099999999998886,37.999999999999545,-13.800000000000523,True,False,3.56,0.8396501457726527,2.2448725916719185,51.600000000001955,15671,143.845
2024H2|J_PULLBACK_CONTINUATION|2024-08-25T22:45:00+00:00|-1,120,2024-08-26 00:45:00.009000+00:00,2024-08-26 00:45:00.096000+00:00,True,143.652,143.661,28.39999999999918,44.70000000000027,-13.800000000000523,True,False,3.006666666666667,0.12211221122104965,2.4070175438597294,58.80000000000223,22570,143.845
2024H2|J_PULLBACK_CONTINUATION|2024-08-26T04:15:00+00:00|-1,15,2024-08-26 04:30:00.062000+00:00,2024-08-26 04:30:00.307000+00:00,True,143.866,143.875,-2.000000000001023,11.199999999999477,-5.800000000002115,False,True,1.54,0.05263157894740211,0.8838782412627162,16.800000000000637,1632,143.533
2024H2|J_PULLBACK_CONTINUATION|2024-08-26T04:15:00+00:00|-1,30,2024-08-26 04:45:00.062000+00:00,2024-08-26 04:45:00.093000+00:00,True,143.963,143.966,-11.100000000001842,11.199999999999477,-11.899999999999977,False,True,1.71,0.0,1.2691848906561187,22.800000000000864,3179,143.533
2024H2|J_PULLBACK_CONTINUATION|2024-08-26T04:15:00+00:00|-1,60,2024-08-26 05:15:00.062000+00:00,2024-08-26 05:15:00.112000+00:00,True,143.961,143.963,-10.80000000000041,11.199999999999477,-23.00000000000182,False,True,1.2366666666666666,0.14102564102558035,2.0143037442153227,34.199999999998454,6219,143.533
2024H2|J_PULLBACK_CONTINUATION|2024-08-26T04:15:00+00:00|-1,90,2024-08-26 05:45:00.062000+00:00,2024-08-26 05:45:00.390000+00:00,True,144.149,144.157,-30.200000000002092,11.199999999999477,-30.500000000000682,False,True,1.49,0.9880952380951817,2.6400725294651224,41.59999999999968,9072,143.533
2024H2|J_PULLBACK_CONTINUATION|2024-08-26T04:15:00+00:00|-1,120,2024-08-26 06:15:00.062000+00:00,2024-08-26 06:15:01.334000+00:00,True,144.06,144.068,-21.30000000000223,11.199999999999477,-36.80000000000234,False,True,2.98,0.8909090909090862,3.1183902667290533,47.59999999999991,13349,143.533
2024H2|J_PULLBACK_CONTINUATION|2024-08-26T09:00:00+00:00|-1,15,2024-08-26 09:15:00.059000+00:00,2024-08-26 09:15:02.167000+00:00,True,143.893,143.897,-3.499999999999659,3.3999999999991815,-8.799999999999386,False,True,1.8833333333333333,0.5652173913042833,0.7920792079208399,12.000000000000455,1816,143.597
2024H2|J_PULLBACK_CONTINUATION|2024-08-26T09:00:00+00:00|-1,30,2024-08-26 09:30:00.059000+00:00,2024-08-26 09:30:00.161000+00:00,True,143.919,143.927,-6.499999999999773,3.3999999999991815,-12.800000000001432,False,True,2.06,0.7142857142857529,1.093113482056289,16.100000000000136,3313,143.597
2024H2|J_PULLBACK_CONTINUATION|2024-08-26T09:00:00+00:00|-1,60,2024-08-26 10:00:00.059000+00:00,2024-08-26 10:00:00.099000+00:00,True,143.966,143.973,-11.100000000001842,3.3999999999991815,-14.500000000001023,False,True,1.16,0.6060606060608931,1.4158192090395787,17.900000000000205,6286,143.597
2024H2|J_PULLBACK_CONTINUATION|2024-08-26T09:00:00+00:00|-1,90,2024-08-26 10:30:00.059000+00:00,2024-08-26 10:30:00.087000+00:00,True,144.047,144.05,-18.80000000000166,3.3999999999991815,-20.699999999999363,False,True,1.7933333333333332,0.8529411764703301,2.1683804627247887,24.099999999998545,9232,143.597
2024H2|J_PULLBACK_CONTINUATION|2024-08-26T09:00:00+00:00|-1,120,2024-08-26 11:00:00.059000+00:00,2024-08-26 11:00:00.153000+00:00,True,144.033,144.038,-17.600000000001614,3.3999999999991815,-26.400000000001,False,True,2.29,0.5,2.9219957835558352,29.699999999999704,12504,143.597
2024H2|J_PULLBACK_CONTINUATION|2024-09-03T11:15:00+00:00|-1,15,2024-09-03 11:30:00.295000+00:00,2024-09-03 11:30:00.403000+00:00,True,146.034,146.037,-11.7999999999995,1.2000000000000455,-13.399999999998613,False,True,2.1733333333333333,0.18999999999978112,1.160537069468739,14.19999999999959,1609,145.802
2024H2|J_PULLBACK_CONTINUATION|2024-09-03T11:15:00+00:00|-1,30,2024-09-03 11:45:00.295000+00:00,2024-09-03 11:45:00.471000+00:00,True,146.112,146.117,-19.799999999997908,1.2000000000000455,-21.699999999998454,False,True,2.013333333333333,0.49606299212596483,1.8980203959208388,22.59999999999991,3088,145.802
2024H2|J_PULLBACK_CONTINUATION|2024-09-03T11:15:00+00:00|-1,60,2024-09-03 12:15:00.295000+00:00,2024-09-03 12:15:00.329000+00:00,True,146.083,146.087,-16.799999999997794,1.2000000000000455,-32.399999999998386,False,True,2.23,0.4444444444445207,2.7044534412955956,33.40000000000032,7821,145.802
2024H2|J_PULLBACK_CONTINUATION|2024-09-03T11:15:00+00:00|-1,90,2024-09-03 12:45:00.295000+00:00,2024-09-03 12:45:00.448000+00:00,True,145.957,145.96,-4.099999999999682,1.2000000000000455,-37.299999999999045,False,False,3.776666666666667,0.9224806201551037,2.810272536687764,38.30000000000098,12877,145.802
2024H2|J_PULLBACK_CONTINUATION|2024-09-03T11:15:00+00:00|-1,120,2024-09-03 13:15:00.295000+00:00,2024-09-03 13:15:00.301000+00:00,True,145.587,145.591,32.800000000000296,36.299999999999955,-37.299999999999045,True,False,4.6433333333333335,0.48447204968945523,4.645626690712431,73.599999999999,19697,145.802
2024H2|J_PULLBACK_CONTINUATION|2024-09-03T16:15:00+00:00|-1,15,2024-09-03 16:30:00.147000+00:00,2024-09-03 16:30:00.187000+00:00,True,145.764,145.768,-2.5000000000005684,3.0000000000001137,-5.100000000001614,False,True,2.7933333333333334,0.19047619047641606,0.33406593406590784,7.599999999999341,2021,145.269
2024H2|J_PULLBACK_CONTINUATION|2024-09-03T16:15:00+00:00|-1,30,2024-09-03 16:45:00.147000+00:00,2024-09-03 16:45:00.235000+00:00,True,145.82,145.825,-8.199999999999363,3.0000000000001137,-9.999999999999432,False,True,1.63,0.8290598290599702,0.5616045845272486,12.600000000000477,3255,145.269
2024H2|J_PULLBACK_CONTINUATION|2024-09-03T16:15:00+00:00|-1,60,2024-09-03 17:15:00.147000+00:00,2024-09-03 17:15:00.202000+00:00,True,145.79,145.795,-5.19999999999925,3.0000000000001137,-12.300000000001887,False,True,1.2266666666666666,0.2765957446809797,0.7901968065354069,15.199999999998681,6270,145.269
2024H2|J_PULLBACK_CONTINUATION|2024-09-03T16:15:00+00:00|-1,90,2024-09-03 17:45:00.147000+00:00,2024-09-03 17:45:00.173000+00:00,True,145.822,145.827,-8.400000000000318,3.0000000000001137,-12.700000000000955,False,True,1.1066666666666667,0.06896551724139055,1.086146095717882,15.399999999999636,9078,145.269
2024H2|J_PULLBACK_CONTINUATION|2024-09-03T16:15:00+00:00|-1,120,2024-09-03 18:15:00.147000+00:00,2024-09-03 18:15:00.253000+00:00,True,145.784,145.79,-4.699999999999704,3.0000000000001137,-16.59999999999968,False,True,0.86,0.09302325581378446,1.6844689993861772,19.599999999999795,11103,145.269
2024H2|J_PULLBACK_CONTINUATION|2024-09-03T22:30:00+00:00|-1,15,2024-09-03 22:45:00.049000+00:00,2024-09-03 22:45:02.987000+00:00,True,145.355,145.362,1.099999999999568,9.600000000000364,-5.60000000000116,True,False,0.9666666666666667,0.5633802816902198,1.4503171247358841,14.700000000001978,1088,145.362
2024H2|J_PULLBACK_CONTINUATION|2024-09-03T22:30:00+00:00|-1,30,2024-09-03 23:00:00.049000+00:00,2024-09-03 23:00:00.151000+00:00,True,145.331,145.34,3.299999999998704,9.600000000000364,-5.60000000000116,True,False,1.1766666666666667,0.7,1.3656270736563985,14.700000000001978,1716,145.362
2024H2|J_PULLBACK_CONTINUATION|2024-09-03T22:30:00+00:00|-1,60,2024-09-03 23:30:00.049000+00:00,2024-09-03 23:30:00.061000+00:00,True,145.174,145.178,19.499999999999318,26.899999999997704,-5.60000000000116,True,False,1.4033333333333333,0.5789473684209965,2.7055990367247524,32.099999999999795,4405,145.362
2024H2|J_PULLBACK_CONTINUATION|2024-09-03T22:30:00+00:00|-1,90,2024-09-04 00:00:00.049000+00:00,2024-09-04 00:00:00.229000+00:00,True,145.365,145.372,0.09999999999763531,27.499999999997726,-5.60000000000116,True,False,0.0033333333333333335,0.07423580786024897,2.3536024527337367,32.90000000000077,8472,145.362
2024H2|J_PULLBACK_CONTINUATION|2024-09-03T22:30:00+00:00|-1,120,2024-09-04 00:30:00.049000+00:00,2024-09-04 00:30:00.617000+00:00,True,145.334,145.338,3.499999999999659,27.499999999997726,-18.300000000002115,True,False,1.7833333333333334,0.7700892857143191,2.626418152349997,46.299999999999386,13820,145.362
2024H2|J_PULLBACK_CONTINUATION|2024-09-04T03:15:00+00:00|-1,15,2024-09-04 03:30:00.437000+00:00,2024-09-04 03:30:01.166000+00:00,True,145.415,145.422,-5.599999999998317,2.000000000001023,-7.099999999999795,False,True,1.6766666666666667,0.7731958762887021,0.42189123657785554,8.70000000000175,1353,145.159
2024H2|J_PULLBACK_CONTINUATION|2024-09-04T03:15:00+00:00|-1,30,2024-09-04 03:45:00.437000+00:00,2024-09-04 03:45:00.492000+00:00,True,145.434,145.437,-7.099999999999795,2.000000000001023,-15.199999999998681,False,True,1.7833333333333334,0.741176470588194,0.8413098236775997,16.70000000000016,3325,145.159
2024H2|J_PULLBACK_CONTINUATION|2024-09-04T03:15:00+00:00|-1,60,2024-09-04 04:15:00.437000+00:00,2024-09-04 04:15:06.242000+00:00,True,145.47,145.474,-10.799999999997567,8.900000000002706,-15.199999999998681,False,True,1.56,0.47499999999987563,1.525681107637353,24.399999999999977,6527,145.159
2024H2|J_PULLBACK_CONTINUATION|2024-09-04T03:15:00+00:00|-1,90,2024-09-04 04:45:00.437000+00:00,2024-09-04 04:45:00.616000+00:00,True,145.334,145.34,2.600000000001046,8.900000000002706,-17.899999999997362,False,False,2.1233333333333335,0.7621951219512787,1.7099236641223026,27.200000000001978,9241,145.159
2024H2|J_PULLBACK_CONTINUATION|2024-09-04T03:15:00+00:00|-1,120,2024-09-04 05:15:00.437000+00:00,2024-09-04 05:15:00.694000+00:00,True,145.06,145.064,30.200000000002092,30.800000000002115,-17.899999999997362,True,False,2.776666666666667,0.31343283582093984,3.1011850501369103,48.60000000000184,13271,145.159
2024H2|J_PULLBACK_CONTINUATION|2024-09-04T08:45:00+00:00|-1,15,2024-09-04 09:00:00.228000+00:00,2024-09-04 09:00:00.322000+00:00,True,145.211,145.214,-9.499999999999886,4.099999999999682,-9.700000000000841,False,True,2.453333333333333,0.9523809523810651,0.7615293653922225,13.800000000000523,1988,144.753
2024H2|J_PULLBACK_CONTINUATION|2024-09-04T08:45:00+00:00|-1,30,2024-09-04 09:15:00.228000+00:00,2024-09-04 09:15:00.443000+00:00,True,145.156,145.159,-3.999999999999204,4.099999999999682,-12.299999999999045,False,True,2.2466666666666666,0.13698630136994572,0.8833333333334421,15.900000000002024,4114,144.753
2024H2|J_PULLBACK_CONTINUATION|2024-09-04T08:45:00+00:00|-1,60,2024-09-04 09:45:00.228000+00:00,2024-09-04 09:45:00.502000+00:00,True,145.182,145.187,-6.800000000001205,4.099999999999682,-15.600000000000591,False,True,0.7533333333333333,0.7681159420291228,1.1128500823723677,19.300000000001205,6843,144.753
2024H2|J_PULLBACK_CONTINUATION|2024-09-04T08:45:00+00:00|-1,90,2024-09-04 10:15:00.228000+00:00,2024-09-04 10:15:00.229000+00:00,True,145.002,145.004,11.50000000000091,13.2000000000005,-15.600000000000591,False,False,1.35,0.08387096774196856,1.8258122743681207,28.899999999998727,9657,144.753
2024H2|J_PULLBACK_CONTINUATION|2024-09-04T08:45:00+00:00|-1,120,2024-09-04 10:45:00.228000+00:00,2024-09-04 10:45:00.364000+00:00,True,145.153,145.161,-4.200000000000159,18.000000000000682,-15.600000000000591,False,True,1.5766666666666667,1.0,2.4230769230768674,33.29999999999984,12683,144.753
2024H2|J_PULLBACK_CONTINUATION|2024-09-04T13:15:00+00:00|-1,15,2024-09-04 13:30:00.020000+00:00,2024-09-04 13:30:00.104000+00:00,True,144.875,144.878,18.000000000000682,18.999999999999773,-1.099999999999568,False,False,3.783333333333333,0.7769230769229273,1.3618677042802454,20.000000000001705,3603,144.86
2024H2|J_PULLBACK_CONTINUATION|2024-09-04T13:15:00+00:00|-1,30,2024-09-04 13:45:00.020000+00:00,2024-09-04 13:45:00.161000+00:00,True,144.822,144.826,23.199999999999932,25.99999999999909,-1.099999999999568,True,False,3.0033333333333334,0.7339449541284954,1.8597014925374387,26.700000000002433,7333,144.86
2024H2|J_PULLBACK_CONTINUATION|2024-09-04T13:15:00+00:00|-1,60,2024-09-04 14:15:00.020000+00:00,2024-09-04 14:15:00.059000+00:00,True,144.289,144.294,76.39999999999816,101.30000000000052,-1.099999999999568,True,False,7.596666666666667,0.641891891891901,5.099502487562178,102.50000000000057,18852,144.86
2024H2|J_PULLBACK_CONTINUATION|2024-09-04T13:15:00+00:00|-1,90,2024-09-04 14:45:00.020000+00:00,2024-09-04 14:45:00.021000+00:00,True,144.196,144.202,85.59999999999945,105.50000000000068,-1.099999999999568,True,False,6.22,0.5654761904761623,5.044361666102317,106.40000000000214,31039,144.86
2024H2|J_PULLBACK_CONTINUATION|2024-09-04T13:15:00+00:00|-1,120,2024-09-04 15:15:00.020000+00:00,2024-09-04 15:15:00.084000+00:00,True,144.279,144.282,77.5999999999982,105.50000000000068,-1.099999999999568,True,False,3.5733333333333333,0.6781609195401754,4.668129113130687,106.40000000000214,39707,144.86
2024H2|J_PULLBACK_CONTINUATION|2024-09-05T01:15:00+00:00|-1,15,2024-09-05 01:30:00.220000+00:00,2024-09-05 01:30:00.343000+00:00,True,143.575,143.58,0.9999999999990905,15.500000000000114,-1.8000000000000682,False,False,1.8633333333333333,0.4809688581314453,0.9711307137129433,17.300000000000182,1862,143.183
2024H2|J_PULLBACK_CONTINUATION|2024-09-05T01:15:00+00:00|-1,30,2024-09-05 01:45:00.220000+00:00,2024-09-05 01:45:00.269000+00:00,True,143.689,143.698,-10.80000000000041,15.500000000000114,-25.29999999999859,False,True,2.9366666666666665,0.34054054054052474,2.2003929273084073,39.999999999997726,4623,143.183
2024H2|J_PULLBACK_CONTINUATION|2024-09-05T01:15:00+00:00|-1,60,2024-09-05 02:15:00.220000+00:00,2024-09-05 02:15:00.293000+00:00,True,143.67,143.678,-8.799999999999386,15.500000000000114,-25.29999999999859,False,True,2.6366666666666667,0.37254901960793607,2.1781408012446017,39.999999999997726,9463,143.183
2024H2|J_PULLBACK_CONTINUATION|2024-09-05T01:15:00+00:00|-1,90,2024-09-05 02:45:00.220000+00:00,2024-09-05 02:45:00.223000+00:00,True,143.678,143.687,-9.700000000000841,15.500000000000114,-25.29999999999859,False,True,1.6433333333333333,0.2962962962963136,2.1969399764613247,39.999999999997726,12860,143.183
2024H2|J_PULLBACK_CONTINUATION|2024-09-05T01:15:00+00:00|-1,120,2024-09-05 03:15:00.220000+00:00,2024-09-05 03:15:00.457000+00:00,True,143.795,143.799,-20.90000000000032,15.500000000000114,-32.099999999999795,False,True,2.216666666666667,0.27731092436987836,2.8035638523547055,47.199999999998,16580,143.183
2024H2|J_PULLBACK_CONTINUATION|2024-09-05T09:15:00+00:00|-1,15,2024-09-05 09:30:00.126000+00:00,2024-09-05 09:30:00.239000+00:00,True,143.45,143.455,7.299999999997908,7.200000000000273,-3.499999999999659,False,False,2.5633333333333335,0.6338028169013972,0.6835443037973352,10.799999999997567,2587,143.436
2024H2|J_PULLBACK_CONTINUATION|2024-09-05T09:15:00+00:00|-1,30,2024-09-05 09:45:00.126000+00:00,2024-09-05 09:45:00.297000+00:00,True,143.457,143.459,6.89999999999884,9.600000000000364,-3.499999999999659,True,False,1.63,0.15730337078647205,0.8534201954397631,13.100000000000023,4074,143.436
2024H2|J_PULLBACK_CONTINUATION|2024-09-05T09:15:00+00:00|-1,60,2024-09-05 10:15:00.126000+00:00,2024-09-05 10:15:00.719000+00:00,True,143.605,143.609,-8.100000000001728,9.600000000000364,-12.20000000000141,True,True,1.3133333333333332,0.9399999999999943,1.543086172344718,21.999999999999886,8420,143.436
2024H2|J_PULLBACK_CONTINUATION|2024-09-05T09:15:00+00:00|-1,90,2024-09-05 10:45:00.126000+00:00,2024-09-05 10:45:00.904000+00:00,True,143.538,143.545,-1.6999999999995907,9.600000000000364,-12.20000000000141,True,True,1.7833333333333334,0.7311827956988327,1.727425687044366,21.999999999999886,11807,143.436
2024H2|J_PULLBACK_CONTINUATION|2024-09-05T09:15:00+00:00|-1,120,2024-09-05 11:15:00.126000+00:00,2024-09-05 11:15:00.446000+00:00,True,143.46,143.462,6.60000000000025,9.600000000000364,-12.20000000000141,True,False,1.2033333333333334,0.10416666666656793,1.897720271102997,21.999999999999886,14673,143.436
2024H2|J_PULLBACK_CONTINUATION|2024-09-05T18:00:00+00:00|-1,15,2024-09-05 18:15:00.327000+00:00,2024-09-05 18:15:00.497000+00:00,True,143.214,143.221,12.700000000000955,14.000000000001478,-0.39999999999906777,False,False,2.026666666666667,0.26315789473684215,1.000000000000125,14.6000000000015,1841,143.194
2024H2|J_PULLBACK_CONTINUATION|2024-09-05T18:00:00+00:00|-1,30,2024-09-05 18:30:00.327000+00:00,2024-09-05 18:30:00.475000+00:00,True,143.286,143.293,5.500000000000682,14.000000000001478,-0.39999999999906777,False,False,1.98,0.09756097560953625,1.0476678626346883,14.6000000000015,3577,143.194
2024H2|J_PULLBACK_CONTINUATION|2024-09-05T18:00:00+00:00|-1,60,2024-09-05 19:00:00.327000+00:00,2024-09-05 19:00:00.332000+00:00,True,143.417,143.421,-7.299999999997908,14.000000000001478,-14.19999999999959,False,True,2.8133333333333335,0.6521739130434066,2.316725978647764,27.899999999999636,6993,143.194
2024H2|J_PULLBACK_CONTINUATION|2024-09-05T18:00:00+00:00|-1,90,2024-09-05 19:30:00.327000+00:00,2024-09-05 19:30:00.707000+00:00,True,143.399,143.404,-5.599999999998317,14.000000000001478,-14.19999999999959,False,True,2.013333333333333,0.7874015748032218,2.378806333739441,27.899999999999636,10785,143.194
2024H2|J_PULLBACK_CONTINUATION|2024-09-05T18:00:00+00:00|-1,120,2024-09-05 20:00:00.327000+00:00,2024-09-05 20:00:00.402000+00:00,True,143.44,143.452,-10.3999999999985,14.000000000001478,-16.399999999998727,False,True,3.19,1.0,2.6591194968554164,30.19999999999925,14765,143.194
2024H2|J_PULLBACK_CONTINUATION|2024-09-05T23:15:00+00:00|-1,15,2024-09-05 23:30:02.601000+00:00,2024-09-05 23:30:03.112000+00:00,True,143.403,143.414,-2.6999999999986812,0.30000000000143245,-5.000000000001137,False,True,0.2633333333333333,0.9886363636366315,0.8253968253967549,5.19999999999925,626,143.323
2024H2|J_PULLBACK_CONTINUATION|2024-09-05T23:15:00+00:00|-1,30,2024-09-05 23:45:02.601000+00:00,2024-09-05 23:45:03.776000+00:00,True,143.396,143.403,-1.5999999999991132,0.30000000000143245,-10.300000000000864,False,True,0.8566666666666667,0.4520547945207133,1.5973154362417632,10.200000000000387,1318,143.323
2024H2|J_PULLBACK_CONTINUATION|2024-09-05T23:15:00+00:00|-1,60,2024-09-06 00:15:02.601000+00:00,2024-09-06 00:15:02.628000+00:00,True,143.205,143.212,17.500000000001137,18.700000000001182,-10.300000000000864,True,False,2.7066666666666666,0.0,3.3395585738540676,28.10000000000059,4953,143.323
2024H2|J_PULLBACK_CONTINUATION|2024-09-05T23:15:00+00:00|-1,90,2024-09-06 00:45:02.601000+00:00,2024-09-06 00:45:02.613000+00:00,True,143.262,143.27,11.699999999999022,21.100000000001273,-10.300000000000864,True,False,1.7866666666666666,0.9012345679012288,2.9832869080781514,30.60000000000116,9089,143.323
2024H2|J_PULLBACK_CONTINUATION|2024-09-05T23:15:00+00:00|-1,120,2024-09-06 01:15:02.601000+00:00,2024-09-06 01:15:03.551000+00:00,True,143.224,143.229,15.799999999998704,28.49999999999966,-10.300000000000864,True,False,1.5633333333333332,0.024793388429639518,3.230769230769399,37.80000000000143,13553,143.323
2024H2|J_PULLBACK_CONTINUATION|2024-09-06T08:45:00+00:00|-1,15,2024-09-06 09:00:03.176000+00:00,2024-09-06 09:00:04.010000+00:00,True,142.6,142.603,-4.000000000002046,4.399999999998272,-7.800000000000296,False,False,2.506666666666667,0.23655913978488052,0.6054590570718896,12.199999999998568,1965,142.053
2024H2|J_PULLBACK_CONTINUATION|2024-09-06T08:45:00+00:00|-1,30,2024-09-06 09:15:03.176000+00:00,2024-09-06 09:15:03.508000+00:00,True,142.737,142.741,-17.80000000000257,4.399999999998272,-21.90000000000225,False,True,1.3733333333333333,0.1780821917805553,1.4345146379044342,26.599999999999113,3484,142.053
2024H2|J_PULLBACK_CONTINUATION|2024-09-06T08:45:00+00:00|-1,60,2024-09-06 09:45:03.176000+00:00,2024-09-06 09:45:03.367000+00:00,True,142.74,142.749,-18.600000000000705,4.399999999998272,-33.500000000000796,False,True,2.2866666666666666,0.02040816326540673,2.1295774647887145,37.79999999999859,7207,142.053
2024H2|J_PULLBACK_CONTINUATION|2024-09-06T08:45:00+00:00|-1,90,2024-09-06 10:15:03.176000+00:00,2024-09-06 10:15:05.370000+00:00,True,142.857,142.861,-29.800000000000182,4.399999999998272,-40.20000000000152,False,True,2.2066666666666666,0.33009708737862475,2.520226537216926,44.49999999999932,11720,142.053
2024H2|J_PULLBACK_CONTINUATION|2024-09-06T08:45:00+00:00|-1,120,2024-09-06 10:45:03.176000+00:00,2024-09-06 10:45:03.360000+00:00,True,142.836,142.843,-28.000000000000114,4.399999999998272,-40.20000000000152,False,True,2.243333333333333,0.324675324675037,2.9894433781191965,44.49999999999932,15113,142.053
2024H2|J_PULLBACK_CONTINUATION|2024-09-06T18:30:00+00:00|-1,15,2024-09-06 18:45:00.176000+00:00,2024-09-06 18:45:01.727000+00:00,True,142.376,142.383,-12.600000000000477,0.7000000000005002,-13.800000000000523,False,False,3.1466666666666665,0.9036144578312056,0.6558966074313994,14.500000000001023,2302,142.233
2024H2|J_PULLBACK_CONTINUATION|2024-09-06T18:30:00+00:00|-1,30,2024-09-06 19:00:00.176000+00:00,2024-09-06 19:00:00.273000+00:00,True,142.358,142.364,-10.699999999999932,0.7000000000005002,-18.199999999998795,False,False,3.05,0.5223880597013849,0.9632564841498845,19.10000000000025,4936,142.233
2024H2|J_PULLBACK_CONTINUATION|2024-09-06T18:30:00+00:00|-1,60,2024-09-06 19:30:00.176000+00:00,2024-09-06 19:30:00.242000+00:00,True,142.433,142.436,-17.900000000000205,0.7000000000005002,-19.39999999999884,False,False,2.0,0.8823529411765034,1.3563327032137027,20.50000000000125,8307,142.233
2024H2|J_PULLBACK_CONTINUATION|2024-09-06T18:30:00+00:00|-1,90,2024-09-06 20:00:00.176000+00:00,2024-09-06 20:00:00.176000+00:00,True,142.414,142.42,-16.29999999999825,0.7000000000005002,-22.800000000000864,False,False,2.0866666666666664,0.48809523809552,1.7843137254902512,23.400000000000887,11792,142.233
2024H2|J_PULLBACK_CONTINUATION|2024-09-06T18:30:00+00:00|-1,120,2024-09-06 20:30:00.176000+00:00,2024-09-06 20:30:00.295000+00:00,True,142.331,142.335,-7.800000000000296,0.7000000000005002,-22.800000000000864,False,False,1.4933333333333334,0.9292035398231736,2.0826446280992053,23.400000000000887,14393,142.233
2024H2|J_PULLBACK_CONTINUATION|2024-09-08T23:00:00+00:00|-1,15,2024-09-08 23:15:00.011000+00:00,2024-09-08 23:15:00.184000+00:00,True,142.268,142.273,-12.899999999999068,5.000000000001137,-19.10000000000025,False,True,1.0566666666666666,0.4999999999999174,1.4453193350832085,23.60000000000184,1805,141.948
2024H2|J_PULLBACK_CONTINUATION|2024-09-08T23:00:00+00:00|-1,30,2024-09-08 23:30:00.011000+00:00,2024-09-08 23:30:02.287000+00:00,True,142.335,142.343,-19.899999999998386,5.000000000001137,-28.49999999999966,False,True,2.223333333333333,0.35849056603779317,1.968657348581033,33.19999999999936,3798,141.948
2024H2|J_PULLBACK_CONTINUATION|2024-09-08T23:00:00+00:00|-1,60,2024-09-09 00:00:00.011000+00:00,2024-09-09 00:00:00.092000+00:00,True,142.487,142.495,-35.09999999999991,5.000000000001137,-39.09999999999911,False,True,0.0033333333333333335,0.5353982300884133,2.3297791317593632,43.70000000000118,8404,141.948
2024H2|J_PULLBACK_CONTINUATION|2024-09-08T23:00:00+00:00|-1,90,2024-09-09 00:30:00.011000+00:00,2024-09-09 00:30:00.147000+00:00,True,142.705,142.711,-56.70000000000073,5.000000000001137,-57.69999999999982,False,True,4.073333333333333,0.6241610738256186,3.2543631637578665,62.60000000000048,15476,141.948
2024H2|J_PULLBACK_CONTINUATION|2024-09-08T23:00:00+00:00|-1,120,2024-09-09 01:00:00.011000+00:00,2024-09-09 01:00:00.086000+00:00,True,142.699,142.702,-55.79999999999927,5.000000000001137,-60.3999999999985,False,True,3.49,0.6810810810810985,3.2510668563300675,65.300000000002,21196,141.948
2024H2|J_PULLBACK_CONTINUATION|2024-09-10T21:00:00+00:00|-1,15,2024-09-10 21:15:00.141000+00:00,2024-09-10 21:15:02.007000+00:00,True,142.364,142.46,-5.89999999999975,-3.7999999999982492,-14.599999999998658,False,True,0.15666666666666668,0.3063063063061817,0.8820678513731759,7.800000000000296,86,142.29
2024H2|J_PULLBACK_CONTINUATION|2024-09-10T21:00:00+00:00|-1,30,2024-09-10 21:30:00.141000+00:00,2024-09-10 21:30:00.999000+00:00,True,142.354,142.44,-3.8999999999987267,-2.400000000000091,-14.599999999998658,True,True,0.17333333333333334,0.09677419354841665,1.566787003610361,12.400000000002365,205,142.29
2024H2|J_PULLBACK_CONTINUATION|2024-09-10T21:00:00+00:00|-1,60,2024-09-10 22:00:00.141000+00:00,2024-09-10 22:00:03.485000+00:00,True,142.413,142.455,-5.400000000000205,-2.400000000000091,-14.599999999998658,True,True,0.04,0.35365853658534896,1.834118755890789,13.900000000001,355,142.29
2024H2|J_PULLBACK_CONTINUATION|2024-09-10T21:00:00+00:00|-1,90,2024-09-10 22:30:00.141000+00:00,2024-09-10 22:30:01.056000+00:00,True,142.413,142.415,-1.3999999999981583,5.500000000000682,-14.599999999998658,True,True,0.49666666666666665,0.5263157894738154,2.2695312500003433,16.600000000002524,1049,142.29
2024H2|J_PULLBACK_CONTINUATION|2024-09-10T21:00:00+00:00|-1,120,2024-09-10 23:00:00.141000+00:00,2024-09-10 23:00:00.241000+00:00,True,142.446,142.45,-4.899999999997817,5.500000000000682,-14.599999999998658,True,True,0.38,1.0,2.5371747211898206,19.50000000000216,1786,142.29
2024H2|J_PULLBACK_CONTINUATION|2024-09-11T01:30:00+00:00|-1,15,2024-09-11 01:45:00.002000+00:00,2024-09-11 01:45:00.004000+00:00,True,141.942,141.953,30.599999999998317,75.60000000000002,-1.300000000000523,True,False,6.966666666666667,0.7478632478632374,4.012772351615345,76.30000000000052,5994,142.019
2024H2|J_PULLBACK_CONTINUATION|2024-09-11T01:30:00+00:00|-1,30,2024-09-11 02:00:00.002000+00:00,2024-09-11 02:00:00.381000+00:00,True,141.829,141.834,42.499999999998295,75.60000000000002,-1.300000000000523,True,False,3.736666666666667,0.3389121338912796,3.7559774964838213,76.30000000000052,9398,142.019
2024H2|J_PULLBACK_CONTINUATION|2024-09-11T01:30:00+00:00|-1,60,2024-09-11 02:30:00.002000+00:00,2024-09-11 02:30:00.281000+00:00,True,141.657,141.664,59.499999999999886,75.60000000000002,-1.300000000000523,True,False,1.6766666666666667,0.16374269005850728,3.3975826972010044,76.30000000000052,15744,142.019
2024H2|J_PULLBACK_CONTINUATION|2024-09-11T01:30:00+00:00|-1,90,2024-09-11 03:00:00.002000+00:00,2024-09-11 03:00:00.452000+00:00,True,141.83,141.84,41.89999999999827,75.60000000000002,-1.300000000000523,True,False,1.8533333333333333,0.9753521126761381,3.1905615292712164,76.30000000000052,19623,142.019
2024H2|J_PULLBACK_CONTINUATION|2024-09-11T01:30:00+00:00|-1,120,2024-09-11 03:30:00.002000+00:00,2024-09-11 03:30:00.155000+00:00,True,141.587,141.598,66.0999999999973,75.60000000000002,-1.300000000000523,True,False,2.5166666666666666,0.849604221635837,2.9921568627451003,76.30000000000052,23644,142.019
2024H2|J_PULLBACK_CONTINUATION|2024-09-11T07:00:00+00:00|-1,15,2024-09-11 07:15:00.097000+00:00,2024-09-11 07:15:00.151000+00:00,True,141.438,141.446,-7.099999999999795,10.80000000000041,-12.100000000000932,False,True,4.53,0.5670995670995117,1.016093404859663,23.00000000000182,4251,140.707
2024H2|J_PULLBACK_CONTINUATION|2024-09-11T07:00:00+00:00|-1,30,2024-09-11 07:30:00.097000+00:00,2024-09-11 07:30:00.200000+00:00,True,141.408,141.412,-3.700000000000614,10.80000000000041,-16.499999999999204,False,True,3.2333333333333334,0.9759615384615601,1.2584269662922338,27.200000000001978,7392,140.707
2024H2|J_PULLBACK_CONTINUATION|2024-09-11T07:00:00+00:00|-1,60,2024-09-11 08:00:00.097000+00:00,2024-09-11 08:00:00.104000+00:00,True,141.386,141.393,-1.8000000000000682,20.400000000000773,-17.40000000000066,False,False,4.663333333333333,0.14728682170546303,1.7807848443843324,37.60000000000048,14657,140.707
2024H2|J_PULLBACK_CONTINUATION|2024-09-11T07:00:00+00:00|-1,90,2024-09-11 08:30:00.097000+00:00,2024-09-11 08:30:00.784000+00:00,True,141.673,141.679,-30.400000000000205,20.400000000000773,-32.69999999999982,False,True,2.5366666666666666,0.8584474885845739,2.5336982552172236,52.899999999999636,19949,140.707
2024H2|J_PULLBACK_CONTINUATION|2024-09-11T07:00:00+00:00|-1,120,2024-09-11 09:00:00.097000+00:00,2024-09-11 09:00:00.137000+00:00,True,141.536,141.54,-16.499999999999204,20.400000000000773,-32.69999999999982,False,True,3.3933333333333335,0.36129032258053395,2.861669242658379,52.899999999999636,25242,140.707
2024H2|J_PULLBACK_CONTINUATION|2024-09-13T05:30:00+00:00|-1,15,2024-09-13 05:45:00.458000+00:00,2024-09-13 05:45:03.784000+00:00,True,140.889,140.896,11.899999999999977,17.799999999999727,-2.000000000001023,False,False,2.05,0.5972222222221893,1.1255999999999502,20.09999999999934,1475,140.644
2024H2|J_PULLBACK_CONTINUATION|2024-09-13T05:30:00+00:00|-1,30,2024-09-13 06:00:00.458000+00:00,2024-09-13 06:00:00.511000+00:00,True,140.865,140.869,14.599999999998658,26.499999999998636,-2.3000000000024556,False,False,3.8033333333333332,0.4150943396226786,1.627775534921316,28.80000000000109,3620,140.644
2024H2|J_PULLBACK_CONTINUATION|2024-09-13T05:30:00+00:00|-1,60,2024-09-13 06:30:00.458000+00:00,2024-09-13 06:30:00.642000+00:00,True,140.944,140.952,6.299999999998818,26.499999999998636,-6.30000000000166,False,False,3.34,0.14583333333330561,1.8277624852537542,33.200000000002206,11170,140.644
2024H2|J_PULLBACK_CONTINUATION|2024-09-13T05:30:00+00:00|-1,90,2024-09-13 07:00:00.458000+00:00,2024-09-13 07:00:00.556000+00:00,True,141.086,141.092,-7.70000000000266,26.499999999998636,-16.30000000000109,False,True,2.533333333333333,0.0,2.298666666666679,43.10000000000116,16429,140.644
2024H2|J_PULLBACK_CONTINUATION|2024-09-13T05:30:00+00:00|-1,120,2024-09-13 07:30:00.458000+00:00,2024-09-13 07:30:00.488000+00:00,True,141.254,141.262,-24.70000000000141,26.499999999998636,-40.500000000000114,False,True,2.11,0.8942307692306734,3.4497977197498892,67.00000000000159,23203,140.644
2024H2|J_PULLBACK_CONTINUATION|2024-09-13T11:15:00+00:00|-1,15,2024-09-13 11:30:00.155000+00:00,2024-09-13 11:30:02.062000+00:00,True,140.779,140.785,-16.100000000000136,-0.30000000000143245,-17.300000000000182,False,True,2.6866666666666665,0.029411764705857713,0.8052472250251947,17.099999999999227,2565,140.361
2024H2|J_PULLBACK_CONTINUATION|2024-09-13T11:15:00+00:00|-1,30,2024-09-13 11:45:00.155000+00:00,2024-09-13 11:45:01.115000+00:00,True,140.936,140.94,-31.60000000000025,-0.30000000000143245,-32.099999999999795,False,True,2.243333333333333,0.791443850267461,1.6635722242851407,31.999999999999318,4651,140.361
2024H2|J_PULLBACK_CONTINUATION|2024-09-13T11:15:00+00:00|-1,60,2024-09-13 12:15:00.155000+00:00,2024-09-13 12:15:00.178000+00:00,True,140.888,140.896,-27.199999999999136,-0.30000000000143245,-40.100000000001046,False,True,2.98,0.7751937984496243,2.148887183422882,40.00000000000057,9840,140.361
2024H2|J_PULLBACK_CONTINUATION|2024-09-13T11:15:00+00:00|-1,90,2024-09-13 12:45:00.155000+00:00,2024-09-13 12:45:00.181000+00:00,True,140.822,140.828,-20.400000000000773,-0.30000000000143245,-40.100000000001046,False,True,3.3566666666666665,0.8677248677248327,2.134146341463426,40.00000000000057,15546,140.361
2024H2|J_PULLBACK_CONTINUATION|2024-09-13T11:15:00+00:00|-1,120,2024-09-13 13:15:00.155000+00:00,2024-09-13 13:15:00.175000+00:00,True,140.573,140.576,4.800000000000182,12.299999999999045,-40.100000000001046,False,False,3.81,0.6138613861386426,2.6934893928310615,52.600000000001046,21592,140.361
2024H2|J_PULLBACK_CONTINUATION|2024-09-13T16:15:00+00:00|-1,15,2024-09-13 16:30:00.075000+00:00,2024-09-13 16:30:00.096000+00:00,True,140.776,140.779,-15.600000000000591,2.899999999999636,-15.999999999999659,False,True,3.1566666666666667,0.28921568627448657,0.803173634421659,18.799999999998818,2195,140.338
2024H2|J_PULLBACK_CONTINUATION|2024-09-13T16:15:00+00:00|-1,30,2024-09-13 16:45:00.075000+00:00,2024-09-13 16:45:01.492000+00:00,True,140.875,140.877,-25.40000000000191,2.899999999999636,-32.40000000000123,False,True,2.9966666666666666,0.8965517241377846,1.6099313949689333,35.20000000000039,4841,140.338
2024H2|J_PULLBACK_CONTINUATION|2024-09-13T16:15:00+00:00|-1,60,2024-09-13 17:15:00.075000+00:00,2024-09-13 17:15:00.155000+00:00,True,140.876,140.879,-25.600000000000023,2.899999999999636,-32.40000000000123,False,True,2.7666666666666666,0.7073170731706979,1.8547233722242864,35.20000000000039,9899,140.338
2024H2|J_PULLBACK_CONTINUATION|2024-09-13T16:15:00+00:00|-1,90,2024-09-13 17:45:00.075000+00:00,2024-09-13 17:45:00.191000+00:00,True,140.932,140.937,-31.400000000002137,2.899999999999636,-33.00000000000125,False,True,2.2333333333333334,0.7466666666669345,2.177914110429348,35.49999999999898,13984,140.338
2024H2|J_PULLBACK_CONTINUATION|2024-09-13T16:15:00+00:00|-1,120,2024-09-13 18:15:00.075000+00:00,2024-09-13 18:15:00.129000+00:00,True,140.904,140.909,-28.600000000000136,2.899999999999636,-34.499999999999886,False,True,1.68,0.7674418604652854,2.6342197691921414,37.5,17053,140.338
2024H2|J_PULLBACK_CONTINUATION|2024-09-15T21:00:00+00:00|-1,15,2024-09-15 21:16:06.735000+00:00,2024-09-15 21:21:22.473000+00:00,True,140.753,140.887,-18.299999999999272,-11.699999999999022,-23.799999999999955,True,True,0.06333333333333334,0.18518518518491223,0.8580645161287658,5.699999999998795,48,140.768
2024H2|J_PULLBACK_CONTINUATION|2024-09-15T21:00:00+00:00|-1,30,2024-09-15 21:31:06.735000+00:00,2024-09-15 21:31:22.361000+00:00,True,140.785,140.888,-18.39999999999975,-11.699999999999022,-23.799999999999955,True,True,0.07,0.06557377049189117,1.1466127401412955,8.099999999998886,83,140.768
2024H2|J_PULLBACK_CONTINUATION|2024-09-15T21:00:00+00:00|-1,60,2024-09-15 22:01:06.735000+00:00,2024-09-15 22:01:06.819000+00:00,True,140.745,140.794,-9.000000000000341,-3.6000000000001364,-28.199999999998226,True,False,0.5433333333333333,0.853658536585349,3.7145073700539286,34.199999999998454,693,140.768
2024H2|J_PULLBACK_CONTINUATION|2024-09-15T21:00:00+00:00|-1,90,2024-09-15 22:31:06.735000+00:00,2024-09-15 22:31:08.125000+00:00,True,140.586,140.593,11.100000000001842,24.200000000001864,-28.199999999998226,True,False,1.4133333333333333,0.18421052631590262,4.144370860927046,44.70000000000027,2902,140.768
2024H2|J_PULLBACK_CONTINUATION|2024-09-15T21:00:00+00:00|-1,120,2024-09-15 23:01:06.735000+00:00,2024-09-15 23:01:06.863000+00:00,True,140.756,140.764,-6.000000000000227,24.200000000001864,-28.199999999998226,True,False,1.53,0.08490566037736613,3.698581560283695,44.70000000000027,5345,140.768
2024H2|J_PULLBACK_CONTINUATION|2024-09-16T03:30:00+00:00|-1,15,2024-09-16 03:45:00.485000+00:00,2024-09-16 03:45:00.591000+00:00,True,140.151,140.159,9.200000000001296,18.10000000000116,-0.9999999999990905,True,False,2.8033333333333332,0.3240740740740302,1.5091743119267635,18.80000000000166,2701,140.168
2024H2|J_PULLBACK_CONTINUATION|2024-09-16T03:30:00+00:00|-1,30,2024-09-16 04:00:00.485000+00:00,2024-09-16 04:00:00.640000+00:00,True,140.12,140.132,11.899999999999977,19.900000000001228,-0.9999999999990905,True,False,1.9433333333333334,0.3574879227053843,1.6117381489842935,20.400000000000773,4719,140.168
2024H2|J_PULLBACK_CONTINUATION|2024-09-16T03:30:00+00:00|-1,60,2024-09-16 04:30:00.485000+00:00,2024-09-16 04:30:00.553000+00:00,True,140.169,140.18,7.099999999999795,29.599999999999227,-0.9999999999990905,True,False,1.8,0.3254437869822674,2.3966101694915283,30.299999999999727,9945,140.168
2024H2|J_PULLBACK_CONTINUATION|2024-09-16T03:30:00+00:00|-1,90,2024-09-16 05:00:00.485000+00:00,2024-09-16 05:00:00.898000+00:00,True,140.212,140.218,3.300000000001546,29.599999999999227,-5.699999999998795,True,False,1.99,0.04433497536952913,2.679717237629219,35.20000000000039,14036,140.168
2024H2|J_PULLBACK_CONTINUATION|2024-09-16T03:30:00+00:00|-1,120,2024-09-16 05:30:00.485000+00:00,2024-09-16 05:30:03.776000+00:00,True,140.16,140.167,8.400000000000318,29.599999999999227,-5.699999999998795,True,False,1.5266666666666666,0.7111111111110058,2.588235294117642,35.20000000000039,17669,140.168
2024H2|J_PULLBACK_CONTINUATION|2024-09-16T11:45:00+00:00|-1,15,2024-09-16 12:00:00.141000+00:00,2024-09-16 12:00:00.190000+00:00,True,139.884,139.889,15.899999999999181,16.70000000000016,-5.099999999998772,True,False,2.7066666666666666,0.20930232558140682,1.5802975885069315,21.999999999999886,2313,139.981
2024H2|J_PULLBACK_CONTINUATION|2024-09-16T11:45:00+00:00|-1,30,2024-09-16 12:15:00.141000+00:00,2024-09-16 12:15:00.182000+00:00,True,139.89,139.896,15.200000000001523,29.20000000000016,-5.099999999998772,True,False,3.18,0.6338797814207675,2.3665847665846966,34.39999999999941,5183,139.981
2024H2|J_PULLBACK_CONTINUATION|2024-09-16T11:45:00+00:00|-1,60,2024-09-16 12:45:00.141000+00:00,2024-09-16 12:45:00.210000+00:00,True,140.34,140.346,-29.800000000000182,29.20000000000016,-40.29999999999916,True,True,5.6066666666666665,0.8649789029535546,3.5725925925924957,68.8999999999993,13050,139.981
2024H2|J_PULLBACK_CONTINUATION|2024-09-16T11:45:00+00:00|-1,90,2024-09-16 13:15:00.141000+00:00,2024-09-16 13:15:00.476000+00:00,True,140.4,140.41,-36.19999999999948,29.20000000000016,-40.29999999999916,True,True,3.3966666666666665,0.5540540540540255,3.5763401109056887,69.10000000000025,20872,139.981
2024H2|J_PULLBACK_CONTINUATION|2024-09-16T11:45:00+00:00|-1,120,2024-09-16 13:45:00.141000+00:00,2024-09-16 13:45:00.458000+00:00,True,140.422,140.427,-37.89999999999907,29.20000000000016,-43.50000000000023,True,True,4.876666666666667,0.19298245614026777,3.7045372050815617,72.8999999999985,29214,139.981
2024H2|J_PULLBACK_CONTINUATION|2024-09-20T06:15:00+00:00|-1,15,2024-09-20 06:30:00.201000+00:00,2024-09-20 06:30:01.015000+00:00,True,141.929,141.938,16.900000000001114,27.79999999999916,-6.100000000000705,True,False,4.26,0.24916573971077793,1.323480200780794,33.899999999999864,3752,142.051
2024H2|J_PULLBACK_CONTINUATION|2024-09-20T06:15:00+00:00|-1,30,2024-09-20 06:45:00.201000+00:00,2024-09-20 06:45:00.265000+00:00,True,142.419,142.429,-32.20000000000027,36.40000000000043,-53.600000000000136,True,True,5.153333333333333,0.09156976744184486,3.249677252775614,89.90000000000009,9093,142.051
2024H2|J_PULLBACK_CONTINUATION|2024-09-20T06:15:00+00:00|-1,60,2024-09-20 07:15:00.201000+00:00,2024-09-20 07:15:00.247000+00:00,True,142.837,142.845,-73.79999999999995,36.40000000000043,-109.60000000000036,True,True,3.7933333333333334,0.44028103044494493,4.872040181774723,145.50000000000125,18368,142.051
2024H2|J_PULLBACK_CONTINUATION|2024-09-20T06:15:00+00:00|-1,90,2024-09-20 07:45:00.201000+00:00,2024-09-20 07:45:01.356000+00:00,True,143.438,143.449,-134.2000000000013,36.40000000000043,-138.80000000000052,True,True,3.8333333333333335,0.04664723032075435,5.309926311226729,175.0,26257,142.051
2024H2|J_PULLBACK_CONTINUATION|2024-09-20T06:15:00+00:00|-1,120,2024-09-20 08:15:00.201000+00:00,2024-09-20 08:15:00.219000+00:00,True,143.654,143.664,-155.6999999999988,36.40000000000043,-164.40000000000055,True,True,5.136666666666667,0.3216783216783654,5.737282941777345,200.60000000000002,33907,142.051
2024H2|J_PULLBACK_CONTINUATION|2024-09-23T19:45:00+00:00|-1,15,2024-09-23 20:00:00.058000+00:00,2024-09-23 20:00:00.331000+00:00,True,143.49,143.495,-3.900000000001569,1.999999999998181,-6.000000000000227,False,True,3.1733333333333333,0.2987012987012556,0.8375184638108775,8.099999999998886,2168,143.264
2024H2|J_PULLBACK_CONTINUATION|2024-09-23T19:45:00+00:00|-1,30,2024-09-23 20:15:00.058000+00:00,2024-09-23 20:15:00.101000+00:00,True,143.543,143.548,-9.200000000001296,1.999999999998181,-11.700000000001864,False,True,1.8766666666666667,0.6603773584905357,1.4949337490258403,13.700000000000045,3924,143.264
2024H2|J_PULLBACK_CONTINUATION|2024-09-23T19:45:00+00:00|-1,60,2024-09-23 20:45:00.058000+00:00,2024-09-23 20:45:00.161000+00:00,True,143.6,143.604,-14.800000000002456,1.999999999998181,-17.199999999999704,False,True,0.82,0.7183098591551776,2.2386081193043164,19.300000000001205,5760,143.264
2024H2|J_PULLBACK_CONTINUATION|2024-09-23T19:45:00+00:00|-1,90,2024-09-23 21:15:00.058000+00:00,2024-09-23 21:15:11.933000+00:00,True,143.498,143.642,-18.600000000000705,1.999999999998181,-19.50000000000216,False,True,0.17333333333333334,0.0,2.7000000000002973,21.60000000000082,8676,143.264
2024H2|J_PULLBACK_CONTINUATION|2024-09-23T19:45:00+00:00|-1,120,2024-09-23 21:45:00.058000+00:00,2024-09-23 21:45:44.460000+00:00,True,143.558,143.601,-14.500000000001023,1.999999999998181,-19.50000000000216,False,True,0.30333333333333334,0.0,3.1698113207550946,21.60000000000082,8893,143.264
2024H2|J_PULLBACK_CONTINUATION|2024-09-25T00:45:00+00:00|-1,15,2024-09-25 01:00:00.290000+00:00,2024-09-25 01:00:00.318000+00:00,True,143.148,143.155,2.000000000001023,2.000000000001023,-11.39999999999759,False,False,3.8866666666666667,0.25098039215683954,0.9388560157790801,13.599999999999568,3047,142.887
2024H2|J_PULLBACK_CONTINUATION|2024-09-25T00:45:00+00:00|-1,30,2024-09-25 01:15:00.290000+00:00,2024-09-25 01:15:00.518000+00:00,True,143.325,143.333,-15.799999999998704,3.900000000001569,-21.4999999999975,False,True,3.236666666666667,0.17460317460321217,1.6338672768878624,25.499999999999545,5442,142.887
2024H2|J_PULLBACK_CONTINUATION|2024-09-25T00:45:00+00:00|-1,60,2024-09-25 01:45:00.290000+00:00,2024-09-25 01:45:00.423000+00:00,True,143.37,143.377,-20.199999999999818,7.400000000001228,-25.199999999998113,False,True,2.8033333333333332,0.21739130434785836,1.9544673539518431,32.49999999999886,10295,142.887
2024H2|J_PULLBACK_CONTINUATION|2024-09-25T00:45:00+00:00|-1,90,2024-09-25 02:15:00.290000+00:00,2024-09-25 02:15:00.455000+00:00,True,143.427,143.431,-25.600000000000023,7.400000000001228,-30.400000000000205,False,True,1.5666666666666667,0.1195652173912406,2.408945686901017,37.700000000000955,13768,142.887
2024H2|J_PULLBACK_CONTINUATION|2024-09-25T00:45:00+00:00|-1,120,2024-09-25 02:45:00.290000+00:00,2024-09-25 02:45:00.300000+00:00,True,143.303,143.308,-13.299999999998136,7.400000000001228,-32.29999999999791,False,True,1.54,0.1854838709677179,2.406911447084212,39.79999999999961,16205,142.887
2024H2|J_PULLBACK_CONTINUATION|2024-09-25T05:15:00+00:00|-1,15,2024-09-25 05:30:00.098000+00:00,2024-09-25 05:30:00.596000+00:00,True,143.299,143.307,-9.299999999998931,0.8000000000009777,-14.500000000001023,False,True,2.066666666666667,1.0,1.2355347749854855,15.100000000001046,1905,143.2
2024H2|J_PULLBACK_CONTINUATION|2024-09-25T05:15:00+00:00|-1,30,2024-09-25 05:45:00.098000+00:00,2024-09-25 05:45:00.180000+00:00,True,143.246,143.249,-3.499999999999659,0.8000000000009777,-16.70000000000016,False,False,1.2666666666666666,0.26470588235308046,1.3991865194654232,17.199999999999704,3435,143.2
2024H2|J_PULLBACK_CONTINUATION|2024-09-25T05:15:00+00:00|-1,60,2024-09-25 06:15:00.098000+00:00,2024-09-25 06:15:00.341000+00:00,True,143.484,143.489,-27.50000000000057,3.100000000000591,-33.19999999999936,True,True,2.8833333333333333,0.5669291338583735,2.7767955801104294,35.899999999998045,6930,143.2
2024H2|J_PULLBACK_CONTINUATION|2024-09-25T05:15:00+00:00|-1,90,2024-09-25 06:45:00.098000+00:00,2024-09-25 06:45:00.196000+00:00,True,143.551,143.559,-34.499999999999886,3.100000000000591,-37.89999999999907,True,True,2.8433333333333333,0.2415254237288641,2.8221343873517273,40.799999999998704,10955,143.2
2024H2|J_PULLBACK_CONTINUATION|2024-09-25T05:15:00+00:00|-1,120,2024-09-25 07:15:00.098000+00:00,2024-09-25 07:15:00.628000+00:00,True,143.6,143.605,-39.09999999999911,3.100000000000591,-53.89999999999873,True,True,3.3533333333333335,0.08474576271190115,3.585520361990999,56.60000000000025,16138,143.2
2024H2|J_PULLBACK_CONTINUATION|2024-09-27T15:30:00+00:00|-1,15,2024-09-27 15:45:00.082000+00:00,2024-09-27 15:45:00.128000+00:00,True,142.728,142.73,17.00000000000159,17.500000000001137,-0.1999999999981128,False,False,2.6733333333333333,0.7777777777777946,0.5823948517582539,18.10000000000116,2496,142.388
2024H2|J_PULLBACK_CONTINUATION|2024-09-27T15:30:00+00:00|-1,30,2024-09-27 16:00:00.082000+00:00,2024-09-27 16:00:01.068000+00:00,True,142.596,142.601,29.90000000000066,33.899999999999864,-0.1999999999981128,False,False,4.77,0.6567164179104699,1.240185950413292,34.30000000000177,5558,142.388
2024H2|J_PULLBACK_CONTINUATION|2024-09-27T15:30:00+00:00|-1,60,2024-09-27 16:30:00.082000+00:00,2024-09-27 16:30:00.217000+00:00,True,142.644,142.654,24.600000000000932,40.399999999999636,-0.1999999999981128,False,False,3.1233333333333335,0.7416666666667151,1.5670215670215615,40.99999999999966,10984,142.388
2024H2|J_PULLBACK_CONTINUATION|2024-09-27T15:30:00+00:00|-1,90,2024-09-27 17:00:00.082000+00:00,2024-09-27 17:00:00.154000+00:00,True,142.507,142.51,39.00000000000148,48.500000000001364,-0.1999999999981128,False,False,3.3433333333333333,0.7094594594594088,2.163636363636343,49.2999999999995,15466,142.388
2024H2|J_PULLBACK_CONTINUATION|2024-09-27T15:30:00+00:00|-1,120,2024-09-27 17:30:00.082000+00:00,2024-09-27 17:30:00.092000+00:00,True,142.411,142.42,48.00000000000182,60.90000000000089,-0.1999999999981128,True,False,2.3333333333333335,0.6559999999999491,2.851680949241883,61.7999999999995,20243,142.388
2024H2|J_PULLBACK_CONTINUATION|2024-09-29T22:00:00+00:00|-1,15,2024-09-29 22:15:00.087000+00:00,2024-09-29 22:15:00.369000+00:00,True,142.48,142.503,-25.399999999999068,-1.5999999999991132,-32.59999999999934,False,True,1.1866666666666668,0.05235602094250891,2.6002358490566753,31.499999999999773,1153,142.094
2024H2|J_PULLBACK_CONTINUATION|2024-09-29T22:00:00+00:00|-1,30,2024-09-29 22:30:00.087000+00:00,2024-09-29 22:30:00.115000+00:00,True,142.569,142.58,-33.10000000000173,-1.5999999999991132,-34.10000000000082,False,True,1.6833333333333333,0.6788990825688648,2.890931372549211,33.70000000000175,2626,142.094
2024H2|J_PULLBACK_CONTINUATION|2024-09-29T22:00:00+00:00|-1,60,2024-09-29 23:00:00.087000+00:00,2024-09-29 23:00:00.277000+00:00,True,142.674,142.681,-43.20000000000164,-1.5999999999991132,-46.700000000001296,False,True,1.1366666666666667,0.021739130434886733,3.6921335597057894,46.60000000000082,5083,142.094
2024H2|J_PULLBACK_CONTINUATION|2024-09-29T22:00:00+00:00|-1,90,2024-09-29 23:30:00.087000+00:00,2024-09-29 23:30:00.722000+00:00,True,142.811,142.813,-56.399999999999295,-1.5999999999991132,-59.600000000000364,False,True,0.88,0.971751412429247,4.790109258194265,59.499999999999886,7629,142.094
2024H2|J_PULLBACK_CONTINUATION|2024-09-29T22:00:00+00:00|-1,120,2024-09-30 00:00:00.087000+00:00,2024-09-30 00:00:00.121000+00:00,True,142.79,142.796,-54.699999999999704,-1.5999999999991132,-71.29999999999939,False,True,0.006666666666666667,0.1911111111111442,4.846679687499883,70.90000000000032,11241,142.094
2024H2|J_PULLBACK_CONTINUATION|2024-09-30T03:15:00+00:00|-1,15,2024-09-30 03:30:00.060000+00:00,2024-09-30 03:30:00.661000+00:00,True,142.371,142.379,4.800000000000182,8.699999999998909,-1.099999999999568,False,False,1.44,0.34482758620695286,0.5600000000000585,9.800000000001319,1338,142.267
2024H2|J_PULLBACK_CONTINUATION|2024-09-30T03:15:00+00:00|-1,30,2024-09-30 03:45:00.060000+00:00,2024-09-30 03:45:00.913000+00:00,True,142.406,142.415,1.2000000000000455,8.699999999998909,-1.6000000000019554,False,False,2.0733333333333333,0.3461538461539807,0.6141396933560809,10.300000000000864,3288,142.267
2024H2|J_PULLBACK_CONTINUATION|2024-09-30T03:15:00+00:00|-1,60,2024-09-30 04:15:00.060000+00:00,2024-09-30 04:15:00.629000+00:00,True,142.266,142.273,15.399999999999636,15.500000000000114,-8.00000000000125,True,False,1.81,0.7153284671533786,1.4956994114984916,23.60000000000184,6671,142.267
2024H2|J_PULLBACK_CONTINUATION|2024-09-30T03:15:00+00:00|-1,90,2024-09-30 04:45:00.060000+00:00,2024-09-30 04:45:00.171000+00:00,True,142.232,142.234,19.299999999998363,25.600000000000023,-8.00000000000125,True,False,1.0466666666666666,0.7540983606556791,2.212248714352392,33.799999999999386,9037,142.267
2024H2|J_PULLBACK_CONTINUATION|2024-09-30T03:15:00+00:00|-1,120,2024-09-30 05:15:00.060000+00:00,2024-09-30 05:15:00.253000+00:00,True,141.993,142.0,42.69999999999925,44.70000000000027,-8.00000000000125,True,False,2.953333333333333,0.2499999999998761,3.5777777777776665,52.899999999999636,13344,142.267
2024H2|J_PULLBACK_CONTINUATION|2024-09-30T11:30:00+00:00|-1,15,2024-09-30 11:45:00.087000+00:00,2024-09-30 11:45:00.158000+00:00,True,142.529,142.534,-9.999999999999432,2.400000000000091,-11.699999999999022,True,True,2.15,0.08235294117621494,1.087603305785074,14.099999999999113,1861,142.411
2024H2|J_PULLBACK_CONTINUATION|2024-09-30T11:30:00+00:00|-1,30,2024-09-30 12:00:00.087000+00:00,2024-09-30 12:00:00.100000+00:00,True,142.55,142.555,-12.100000000000932,2.400000000000091,-13.49999999999909,True,True,2.6133333333333333,0.22666666666661783,1.1672784478237577,15.899999999999181,3814,142.411
2024H2|J_PULLBACK_CONTINUATION|2024-09-30T11:30:00+00:00|-1,60,2024-09-30 12:30:00.087000+00:00,2024-09-30 12:30:00.301000+00:00,True,142.811,142.819,-38.49999999999909,2.400000000000091,-43.39999999999975,True,True,3.1766666666666667,0.7765957446807449,3.4527792768483425,45.69999999999936,8749,142.411
2024H2|J_PULLBACK_CONTINUATION|2024-09-30T11:30:00+00:00|-1,90,2024-09-30 13:00:00.087000+00:00,2024-09-30 13:00:00.203000+00:00,True,142.947,142.951,-51.69999999999959,2.400000000000091,-56.60000000000025,True,True,2.82,0.5561224489795622,4.12091179385526,59.39999999999941,13183,142.411
2024H2|J_PULLBACK_CONTINUATION|2024-09-30T11:30:00+00:00|-1,120,2024-09-30 13:30:00.087000+00:00,2024-09-30 13:30:00.137000+00:00,True,142.802,142.81,-37.60000000000048,2.400000000000091,-56.60000000000025,True,True,2.3133333333333335,0.03243243243243321,3.9487179487178663,59.39999999999941,18431,142.411
2024H2|J_PULLBACK_CONTINUATION|2024-10-04T07:45:00+00:00|-1,15,2024-10-04 08:00:00.146000+00:00,2024-10-04 08:00:00.187000+00:00,True,146.305,146.309,-6.89999999999884,2.899999999999636,-10.699999999999932,False,True,4.303333333333334,0.7549019607844776,1.0690045248870303,13.500000000001933,2573,145.918
2024H2|J_PULLBACK_CONTINUATION|2024-10-04T07:45:00+00:00|-1,30,2024-10-04 08:15:00.146000+00:00,2024-10-04 08:15:00.166000+00:00,True,146.273,146.279,-3.8999999999987267,2.899999999999636,-11.299999999999955,False,True,2.1,0.4429530201342423,1.0951859956236358,14.300000000000068,4454,145.918
2024H2|J_PULLBACK_CONTINUATION|2024-10-04T07:45:00+00:00|-1,60,2024-10-04 08:45:00.146000+00:00,2024-10-04 08:45:00.267000+00:00,True,146.372,146.375,-13.49999999999909,2.899999999999636,-17.399999999997817,False,True,1.2766666666666666,0.375,1.5564032697548205,20.400000000000773,7881,145.918
2024H2|J_PULLBACK_CONTINUATION|2024-10-04T07:45:00+00:00|-1,90,2024-10-04 09:15:00.146000+00:00,2024-10-04 09:15:00.189000+00:00,True,146.432,146.441,-20.09999999999934,2.899999999999636,-20.79999999999984,False,True,1.9133333333333333,0.13157894736831277,2.0012113870383366,23.60000000000184,11446,145.918
2024H2|J_PULLBACK_CONTINUATION|2024-10-04T07:45:00+00:00|-1,120,2024-10-04 09:45:00.146000+00:00,2024-10-04 09:45:00.336000+00:00,True,146.417,146.424,-18.39999999999975,2.899999999999636,-24.199999999999022,False,True,2.24,0.01587301587264356,2.470052083333514,27.1000000000015,15297,145.918
2024H2|J_PULLBACK_CONTINUATION|2024-10-10T23:30:00+00:00|-1,15,2024-10-10 23:45:02.554000+00:00,2024-10-10 23:45:02.821000+00:00,True,148.576,148.583,1.5999999999991132,1.999999999998181,-2.3000000000024556,False,False,0.56,0.21311475409842173,0.6882845188284166,4.699999999999704,454,148.499
2024H2|J_PULLBACK_CONTINUATION|2024-10-10T23:30:00+00:00|-1,30,2024-10-11 00:00:02.554000+00:00,2024-10-11 00:00:02.616000+00:00,True,148.726,148.733,-13.400000000001455,2.7999999999991587,-15.399999999999636,False,True,0.08666666666666667,0.98924731182821,2.544190665342955,18.300000000002115,1371,148.499
2024H2|J_PULLBACK_CONTINUATION|2024-10-10T23:30:00+00:00|-1,60,2024-10-11 00:30:02.554000+00:00,2024-10-11 00:30:04.164000+00:00,True,148.67,148.678,-7.900000000000773,2.7999999999991587,-16.900000000001114,False,True,1.4033333333333333,0.48648648648642423,2.5212669683259707,19.900000000001228,4266,148.499
2024H2|J_PULLBACK_CONTINUATION|2024-10-10T23:30:00+00:00|-1,90,2024-10-11 01:00:02.554000+00:00,2024-10-11 01:00:04.216000+00:00,True,148.454,148.459,13.999999999998636,17.599999999998772,-16.900000000001114,True,False,3.58,0.00970873786412585,3.3419972640218774,34.899999999998954,8270,148.499
2024H2|J_PULLBACK_CONTINUATION|2024-10-10T23:30:00+00:00|-1,120,2024-10-11 01:30:02.554000+00:00,2024-10-11 01:30:06.293000+00:00,True,148.556,148.559,3.999999999999204,19.199999999997885,-16.900000000001114,True,False,0.7333333333333333,0.15942028985503665,3.398789509078665,36.099999999999,10643,148.499
2024H2|J_PULLBACK_CONTINUATION|2024-10-15T11:00:00+00:00|-1,15,2024-10-15 11:15:00.599000+00:00,2024-10-15 11:15:00.809000+00:00,True,149.22,149.226,-8.400000000000318,-0.49999999999954525,-13.800000000000523,False,True,1.2466666666666666,0.24418604651151643,1.1630231105559887,13.300000000000978,1174,148.848
2024H2|J_PULLBACK_CONTINUATION|2024-10-15T11:00:00+00:00|-1,30,2024-10-15 11:30:00.599000+00:00,2024-10-15 11:30:00.602000+00:00,True,149.278,149.283,-14.099999999999113,-0.49999999999954525,-15.899999999999181,False,True,1.3633333333333333,0.07339449541292775,1.4473161033797624,15.600000000000591,2280,148.848
2024H2|J_PULLBACK_CONTINUATION|2024-10-15T11:00:00+00:00|-1,60,2024-10-15 12:00:00.599000+00:00,2024-10-15 12:00:01.146000+00:00,True,149.354,149.358,-21.60000000000082,-0.49999999999954525,-23.400000000000887,False,True,1.0933333333333333,0.9858156028368108,2.1394101876676146,22.800000000000864,5328,148.848
2024H2|J_PULLBACK_CONTINUATION|2024-10-15T11:00:00+00:00|-1,90,2024-10-15 12:30:00.599000+00:00,2024-10-15 12:30:00.643000+00:00,True,149.248,149.26,-11.7999999999995,-0.49999999999954525,-28.000000000000114,False,True,2.13,0.6879432624113497,2.2874180083482973,27.40000000000009,8597,148.848
2024H2|J_PULLBACK_CONTINUATION|2024-10-15T11:00:00+00:00|-1,120,2024-10-15 13:00:00.599000+00:00,2024-10-15 13:00:00.744000+00:00,True,149.08,149.087,5.500000000000682,13.999999999998636,-28.000000000000114,False,False,3.283333333333333,0.17610062893077372,3.3459119496854757,41.799999999997794,15116,148.848
2024H2|J_PULLBACK_CONTINUATION|2024-10-15T22:30:00+00:00|-1,15,2024-10-15 22:45:00.559000+00:00,2024-10-15 22:45:01.205000+00:00,True,149.257,149.266,-6.000000000000227,0.09999999999763531,-6.30000000000166,False,True,0.44333333333333336,0.8333333333333334,1.4809917355368432,6.399999999999295,407,149.151
2024H2|J_PULLBACK_CONTINUATION|2024-10-15T22:30:00+00:00|-1,30,2024-10-15 23:00:00.559000+00:00,2024-10-15 23:00:00.841000+00:00,True,149.227,149.24,-3.4000000000020236,0.09999999999763531,-6.400000000002137,False,False,0.34,0.0,1.453674121405557,6.499999999999773,754,149.151
2024H2|J_PULLBACK_CONTINUATION|2024-10-15T22:30:00+00:00|-1,60,2024-10-15 23:30:00.559000+00:00,2024-10-15 23:30:30.933000+00:00,True,149.274,149.281,-7.500000000001705,0.09999999999763531,-13.500000000001933,False,True,0.2,0.6274509803921677,3.009146341463414,14.100000000001955,1447,149.151
2024H2|J_PULLBACK_CONTINUATION|2024-10-15T22:30:00+00:00|-1,90,2024-10-16 00:00:00.559000+00:00,2024-10-16 00:00:00.568000+00:00,True,149.095,149.097,10.899999999998045,13.100000000000023,-13.500000000001933,True,False,0.013333333333333334,0.38732394366203104,3.9999999999998774,26.400000000001,3550,149.151
2024H2|J_PULLBACK_CONTINUATION|2024-10-15T22:30:00+00:00|-1,120,2024-10-16 00:30:00.559000+00:00,2024-10-16 00:30:04.842000+00:00,True,149.113,149.118,8.799999999999386,17.199999999999704,-13.500000000001933,True,False,1.6333333333333333,0.1553398058254195,3.9962686567162415,30.60000000000116,6915,149.151
2024H2|J_PULLBACK_CONTINUATION|2024-10-16T03:30:00+00:00|-1,15,2024-10-16 03:45:00.128000+00:00,2024-10-16 03:45:00.186000+00:00,True,149.17,149.176,-5.099999999998772,2.0999999999986585,-7.400000000001228,False,True,1.9233333333333333,0.5106382978723919,0.8761061946903493,9.900000000001796,1694,148.861
2024H2|J_PULLBACK_CONTINUATION|2024-10-16T03:30:00+00:00|-1,30,2024-10-16 04:00:00.128000+00:00,2024-10-16 04:00:00.488000+00:00,True,149.17,149.176,-5.099999999998772,2.0999999999986585,-7.800000000000296,False,True,1.9133333333333333,0.02702702702640425,0.9321028345417832,10.099999999999909,3500,148.861
2024H2|J_PULLBACK_CONTINUATION|2024-10-16T03:30:00+00:00|-1,60,2024-10-16 04:30:00.128000+00:00,2024-10-16 04:30:04.485000+00:00,True,149.18,149.184,-5.89999999999975,2.0999999999986585,-11.400000000000432,False,True,1.43,0.16853932584254594,1.3305785123966682,13.800000000000523,5476,148.861
2024H2|J_PULLBACK_CONTINUATION|2024-10-16T03:30:00+00:00|-1,90,2024-10-16 05:00:00.128000+00:00,2024-10-16 05:00:00.145000+00:00,True,149.262,149.27,-14.500000000001023,2.0999999999986585,-16.399999999998727,False,True,1.6833333333333333,0.3666666666665088,2.2495726495726536,18.80000000000166,8075,148.861
2024H2|J_PULLBACK_CONTINUATION|2024-10-16T03:30:00+00:00|-1,120,2024-10-16 05:30:00.128000+00:00,2024-10-16 05:30:00.295000+00:00,True,149.274,149.278,-15.299999999999159,2.0999999999986585,-16.399999999998727,False,True,1.0866666666666667,0.5208333333334321,2.40289069557341,18.999999999999773,11377,148.861
2024H2|J_PULLBACK_CONTINUATION|2024-10-18T18:00:00+00:00|-1,15,2024-10-18 18:15:00.194000+00:00,2024-10-18 18:15:00.377000+00:00,True,149.547,149.551,4.100000000002524,4.800000000000182,-0.6000000000000227,False,False,0.8866666666666667,0.8124999999999722,0.6772207563765299,5.500000000000682,737,149.363
2024H2|J_PULLBACK_CONTINUATION|2024-10-18T18:00:00+00:00|-1,30,2024-10-18 18:30:00.194000+00:00,2024-10-18 18:30:00.279000+00:00,True,149.5,149.506,8.600000000001273,9.800000000001319,-0.6000000000000227,False,False,1.1066666666666667,0.5774647887323662,1.4038997214485607,10.80000000000041,1478,149.363
2024H2|J_PULLBACK_CONTINUATION|2024-10-18T18:00:00+00:00|-1,60,2024-10-18 19:00:00.194000+00:00,2024-10-18 19:00:00.941000+00:00,True,149.527,149.53,6.200000000001182,12.90000000000191,-0.6000000000000227,False,False,1.1966666666666668,0.5694444444447734,1.8622009569379554,13.900000000001,3727,149.363
2024H2|J_PULLBACK_CONTINUATION|2024-10-18T18:00:00+00:00|-1,90,2024-10-18 19:30:00.194000+00:00,2024-10-18 19:30:00.249000+00:00,True,149.519,149.525,6.700000000000728,12.90000000000191,-0.6000000000000227,False,False,0.63,0.9701492537316155,1.9248269040556456,13.900000000001,6025,149.363
2024H2|J_PULLBACK_CONTINUATION|2024-10-18T18:00:00+00:00|-1,120,2024-10-18 20:00:00.194000+00:00,2024-10-18 20:00:00.315000+00:00,True,149.522,149.531,6.100000000000705,12.90000000000191,-0.6000000000000227,False,False,1.15,0.9433962264148211,2.050579557429116,13.900000000001,8313,149.363
2024H2|J_PULLBACK_CONTINUATION|2024-10-20T23:15:00+00:00|-1,15,2024-10-20 23:30:03.604000+00:00,2024-10-20 23:30:03.740000+00:00,True,149.55,149.554,-3.100000000000591,1.9000000000005457,-3.2000000000010687,False,True,0.26,0.031914893616873274,0.7338709677422379,5.200000000002092,298,149.412
2024H2|J_PULLBACK_CONTINUATION|2024-10-20T23:15:00+00:00|-1,30,2024-10-20 23:45:03.604000+00:00,2024-10-20 23:45:05.317000+00:00,True,149.569,149.572,-4.900000000000659,3.700000000000614,-5.60000000000116,False,True,0.37333333333333335,0.2499999999999193,1.3048543689321228,9.600000000000364,710,149.412
2024H2|J_PULLBACK_CONTINUATION|2024-10-20T23:15:00+00:00|-1,60,2024-10-21 00:15:03.604000+00:00,2024-10-21 00:15:04.262000+00:00,True,149.373,149.379,14.400000000000546,19.599999999999795,-10.80000000000041,True,False,2.8333333333333335,0.8431372549019462,3.1575802837938007,30.19999999999925,3455,149.412
2024H2|J_PULLBACK_CONTINUATION|2024-10-20T23:15:00+00:00|-1,90,2024-10-21 00:45:03.604000+00:00,2024-10-21 00:45:04.130000+00:00,True,149.365,149.375,14.799999999999613,26.599999999999113,-10.80000000000041,True,False,1.7566666666666666,0.31782945736433943,3.6166666666666756,37.19999999999857,6350,149.412
2024H2|J_PULLBACK_CONTINUATION|2024-10-20T23:15:00+00:00|-1,120,2024-10-21 01:15:03.604000+00:00,2024-10-21 01:15:05.479000+00:00,True,149.367,149.375,14.799999999999613,26.599999999999113,-10.80000000000041,True,False,2.07,0.6902173913042546,3.368693402328601,37.19999999999857,10239,149.412
2024H2|J_PULLBACK_CONTINUATION|2024-10-21T05:15:00+00:00|-1,15,2024-10-21 05:30:00.098000+00:00,2024-10-21 05:30:00.527000+00:00,True,149.292,149.297,-4.599999999999227,4.800000000000182,-5.699999999998795,False,True,0.8266666666666667,0.24731182795697615,1.1247130833970178,10.499999999998977,732,149.086
2024H2|J_PULLBACK_CONTINUATION|2024-10-21T05:15:00+00:00|-1,30,2024-10-21 05:45:00.098000+00:00,2024-10-21 05:45:05.172000+00:00,True,149.326,149.332,-8.099999999998886,4.800000000000182,-10.300000000000864,False,True,1.3533333333333333,0.12345679012366906,1.7128874388251902,14.999999999997726,1932,149.086
2024H2|J_PULLBACK_CONTINUATION|2024-10-21T05:15:00+00:00|-1,60,2024-10-21 06:15:00.098000+00:00,2024-10-21 06:15:00.523000+00:00,True,149.424,149.43,-17.900000000000205,4.800000000000182,-19.700000000000273,False,True,1.7766666666666666,0.1428571428571087,2.6771159874607307,24.399999999999977,4138,149.086
2024H2|J_PULLBACK_CONTINUATION|2024-10-21T05:15:00+00:00|-1,90,2024-10-21 06:45:00.098000+00:00,2024-10-21 06:45:00.175000+00:00,True,149.59,149.597,-34.600000000000364,4.800000000000182,-35.09999999999991,False,True,1.3266666666666667,0.16250000000003995,4.126206384558075,39.699999999999136,6692,149.086
2024H2|J_PULLBACK_CONTINUATION|2024-10-21T05:15:00+00:00|-1,120,2024-10-21 07:15:00.098000+00:00,2024-10-21 07:15:00.259000+00:00,True,149.745,149.749,-49.799999999999045,4.800000000000182,-52.199999999999136,False,True,2.033333333333333,0.15492957746473235,5.741516245487001,56.79999999999836,10105,149.086
2024H2|J_PULLBACK_CONTINUATION|2024-10-24T12:15:00+00:00|-1,15,2024-10-24 12:30:00.119000+00:00,2024-10-24 12:30:00.192000+00:00,True,151.873,151.888,3.999999999999204,8.500000000000796,-7.699999999999818,False,False,2.7066666666666666,0.5439672801635762,1.163797343826957,16.900000000001114,2408,151.766
2024H2|J_PULLBACK_CONTINUATION|2024-10-24T12:15:00+00:00|-1,30,2024-10-24 12:45:00.119000+00:00,2024-10-24 12:45:00.138000+00:00,True,152.054,152.058,-12.999999999999545,8.500000000000796,-41.499999999999204,False,True,5.25,0.4444444444445207,3.2020579981291983,48.90000000000043,7630,151.766
2024H2|J_PULLBACK_CONTINUATION|2024-10-24T12:15:00+00:00|-1,60,2024-10-24 13:15:00.119000+00:00,2024-10-24 13:15:00.124000+00:00,True,152.079,152.082,-15.399999999999636,8.500000000000796,-41.499999999999204,False,True,3.263333333333333,0.35057471264370543,3.1189066059225885,48.90000000000043,15155,151.766
2024H2|J_PULLBACK_CONTINUATION|2024-10-24T12:15:00+00:00|-1,90,2024-10-24 13:45:00.119000+00:00,2024-10-24 13:45:00.156000+00:00,True,152.177,152.185,-25.7000000000005,8.500000000000796,-41.499999999999204,False,True,4.336666666666667,0.6510416666667384,2.8371322005802364,48.90000000000043,22195,151.766
2024H2|J_PULLBACK_CONTINUATION|2024-10-24T12:15:00+00:00|-1,120,2024-10-24 14:15:00.119000+00:00,2024-10-24 14:15:00.192000+00:00,True,152.122,152.127,-19.900000000001228,8.500000000000796,-41.499999999999204,False,True,4.4,0.5393939393939571,2.624334600760491,49.2999999999995,31347,151.766
2024H2|J_PULLBACK_CONTINUATION|2024-10-24T20:30:00+00:00|-1,15,2024-10-24 20:45:00.060000+00:00,2024-10-24 20:45:00.069000+00:00,True,151.826,151.829,-0.6000000000000227,0.6000000000000227,-2.0999999999986585,False,True,0.7633333333333333,0.868421052631638,0.4374999999998474,2.7999999999991587,938,151.748
2024H2|J_PULLBACK_CONTINUATION|2024-10-24T20:30:00+00:00|-1,30,2024-10-24 21:00:00.060000+00:00,2024-10-24 21:00:00.202000+00:00,True,151.798,151.852,-2.899999999999636,1.2000000000000455,-2.899999999999636,False,True,1.6133333333333333,0.5865384615384537,0.5726587728737579,3.7999999999982492,2383,151.748
2024H2|J_PULLBACK_CONTINUATION|2024-10-24T20:30:00+00:00|-1,60,2024-10-24 21:30:00.060000+00:00,2024-10-24 21:30:00.332000+00:00,True,151.799,151.867,-4.399999999998272,1.2000000000000455,-16.499999999999204,True,True,0.16666666666666666,0.14000000000014778,2.2797814207649196,14.900000000000091,2560,151.748
2024H2|J_PULLBACK_CONTINUATION|2024-10-24T20:30:00+00:00|-1,90,2024-10-24 22:00:00.060000+00:00,2024-10-24 22:00:00.116000+00:00,True,151.815,151.851,-2.7999999999991587,1.2000000000000455,-16.499999999999204,True,True,0.7733333333333333,0.9764705882355105,2.5072115384614873,14.900000000000091,2899,151.748
2024H2|J_PULLBACK_CONTINUATION|2024-10-24T20:30:00+00:00|-1,120,2024-10-24 22:30:00.060000+00:00,2024-10-24 22:30:00.658000+00:00,True,151.756,151.764,5.89999999999975,8.199999999999363,-16.499999999999204,True,False,0.16,0.29411764705862686,2.822733423545441,14.900000000000091,3601,151.748
2024H2|J_PULLBACK_CONTINUATION|2024-10-25T02:00:00+00:00|-1,15,2024-10-25 02:15:00.942000+00:00,2024-10-25 02:15:03.780000+00:00,True,151.77,151.777,7.1000000000026375,7.900000000000773,-4.599999999999227,False,False,1.2333333333333334,0.3692307692307961,1.037037037037266,12.400000000002365,1128,151.751
2024H2|J_PULLBACK_CONTINUATION|2024-10-25T02:00:00+00:00|-1,30,2024-10-25 02:30:00.942000+00:00,2024-10-25 02:30:01.681000+00:00,True,151.795,151.799,4.900000000000659,9.500000000002728,-4.599999999999227,True,False,0.8366666666666667,0.6082474226803338,1.2036585365855637,14.100000000001955,1994,151.751
2024H2|J_PULLBACK_CONTINUATION|2024-10-25T02:00:00+00:00|-1,60,2024-10-25 03:00:00.942000+00:00,2024-10-25 03:00:01.774000+00:00,True,151.835,151.838,1.0000000000019327,10.80000000000041,-4.599999999999227,True,True,1.4133333333333333,0.38961038961004446,1.335844318895333,15.200000000001523,3770,151.751
2024H2|J_PULLBACK_CONTINUATION|2024-10-25T02:00:00+00:00|-1,90,2024-10-25 03:30:00.942000+00:00,2024-10-25 03:30:01.020000+00:00,True,151.882,151.885,-3.6999999999977717,10.80000000000041,-6.19999999999834,True,True,1.4266666666666667,0.8333333333333334,1.6755587599135182,16.59999999999968,5817,151.751
2024H2|J_PULLBACK_CONTINUATION|2024-10-25T02:00:00+00:00|-1,120,2024-10-25 04:00:00.942000+00:00,2024-10-25 04:00:00.952000+00:00,True,151.855,151.862,-1.3999999999981583,10.80000000000041,-6.19999999999834,True,True,1.57,0.9832402234636073,1.7113402061856007,16.59999999999968,8160,151.751
2024H2|J_PULLBACK_CONTINUATION|2024-10-30T12:15:00+00:00|-1,15,2024-10-30 12:30:00.143000+00:00,2024-10-30 12:30:00.273000+00:00,True,153.358,153.396,-37.999999999999545,-1.9000000000005457,-44.40000000000168,False,True,4.093333333333334,0.40070921985813923,2.987304687499995,43.70000000000118,4920,152.778
2024H2|J_PULLBACK_CONTINUATION|2024-10-30T12:15:00+00:00|-1,30,2024-10-30 12:45:00.143000+00:00,2024-10-30 12:45:00.702000+00:00,True,153.377,153.381,-36.50000000000091,-1.9000000000005457,-48.40000000000089,False,True,2.953333333333333,0.3546511627905795,3.1873198847262683,47.400000000001796,8988,152.778
2024H2|J_PULLBACK_CONTINUATION|2024-10-30T12:15:00+00:00|-1,60,2024-10-30 13:15:00.143000+00:00,2024-10-30 13:15:00.145000+00:00,True,153.368,153.372,-35.6000000000023,-1.9000000000005457,-48.40000000000089,False,True,2.3333333333333335,0.6603773584905357,3.0149931849160705,47.400000000001796,14742,152.778
2024H2|J_PULLBACK_CONTINUATION|2024-10-30T12:15:00+00:00|-1,90,2024-10-30 13:45:00.143000+00:00,2024-10-30 13:45:00.193000+00:00,True,153.105,153.111,-9.499999999999886,-1.9000000000005457,-48.40000000000089,False,False,4.956666666666667,0.7246963562752706,2.747826086956635,47.400000000001796,20453,152.778
2024H2|J_PULLBACK_CONTINUATION|2024-10-30T12:15:00+00:00|-1,120,2024-10-30 14:15:00.143000+00:00,2024-10-30 14:15:00.491000+00:00,True,153.065,153.068,-5.200000000002092,14.399999999997704,-48.40000000000089,False,False,2.7266666666666666,0.040540540540543124,3.3120000000000496,62.10000000000093,27232,152.778
2024H2|J_PULLBACK_CONTINUATION|2024-10-31T09:45:00+00:00|-1,15,2024-10-31 10:00:00.115000+00:00,2024-10-31 10:00:00.139000+00:00,True,152.556,152.561,-18.600000000000705,7.099999999999795,-20.09999999999934,False,True,2.4833333333333334,0.9159663865545787,1.0211132437620658,26.600000000001955,2390,151.921
2024H2|J_PULLBACK_CONTINUATION|2024-10-31T09:45:00+00:00|-1,30,2024-10-31 10:15:00.115000+00:00,2024-10-31 10:15:00.132000+00:00,True,152.343,152.347,2.7999999999991587,7.099999999999795,-20.09999999999934,False,False,1.8766666666666667,0.5394736842104304,1.1663012840589497,26.600000000001955,4236,151.921
2024H2|J_PULLBACK_CONTINUATION|2024-10-31T09:45:00+00:00|-1,60,2024-10-31 10:45:00.115000+00:00,2024-10-31 10:45:01.459000+00:00,True,152.494,152.498,-12.299999999999045,12.100000000000932,-20.09999999999934,False,True,1.6866666666666668,0.4074074074074854,1.489163054351503,31.900000000001683,8076,151.921
2024H2|J_PULLBACK_CONTINUATION|2024-10-31T09:45:00+00:00|-1,90,2024-10-31 11:15:00.115000+00:00,2024-10-31 11:15:08.941000+00:00,True,152.678,152.681,-30.60000000000116,12.100000000000932,-37.10000000000093,False,True,1.5933333333333333,0.24137931034472615,2.5070831819833193,49.30000000000234,11676,151.921
2024H2|J_PULLBACK_CONTINUATION|2024-10-31T09:45:00+00:00|-1,120,2024-10-31 11:45:00.115000+00:00,2024-10-31 11:45:00.168000+00:00,True,152.797,152.804,-42.900000000000205,12.100000000000932,-47.399999999998954,False,True,2.3466666666666667,0.8907563025209643,3.215490797545964,59.900000000001796,15077,151.921
2024H2|J_PULLBACK_CONTINUATION|2024-10-31T14:30:00+00:00|-1,15,2024-10-31 14:45:00.062000+00:00,2024-10-31 14:45:00.141000+00:00,True,152.594,152.599,1.300000000000523,5.89999999999975,-10.80000000000041,True,False,2.7133333333333334,0.21476510067121135,0.8142957252978081,16.59999999999968,3005,152.561
2024H2|J_PULLBACK_CONTINUATION|2024-10-31T14:30:00+00:00|-1,30,2024-10-31 15:00:00.062000+00:00,2024-10-31 15:00:00.074000+00:00,True,152.583,152.589,2.2999999999996135,14.099999999999113,-10.80000000000041,True,False,4.17,0.9022556390977122,1.2173913043477775,24.799999999999045,7107,152.561
2024H2|J_PULLBACK_CONTINUATION|2024-10-31T14:30:00+00:00|-1,60,2024-10-31 15:30:00.062000+00:00,2024-10-31 15:30:00.080000+00:00,True,152.401,152.404,20.79999999999984,28.79999999999825,-10.80000000000041,True,False,3.93,0.24666666666669823,1.8131147540984178,39.50000000000102,12662,152.561
2024H2|J_PULLBACK_CONTINUATION|2024-10-31T14:30:00+00:00|-1,90,2024-10-31 16:00:00.062000+00:00,2024-10-31 16:00:00.157000+00:00,True,152.351,152.359,25.29999999999859,52.899999999999636,-10.80000000000041,True,False,6.8133333333333335,0.4451612903225025,3.0162601626016365,63.59999999999957,20302,152.561
2024H2|J_PULLBACK_CONTINUATION|2024-10-31T14:30:00+00:00|-1,120,2024-10-31 16:30:00.062000+00:00,2024-10-31 16:30:00.280000+00:00,True,152.414,152.421,19.10000000000025,52.899999999999636,-10.80000000000041,True,False,2.83,0.17894736842101167,3.1788646911817455,63.59999999999957,26073,152.561
2024H2|J_PULLBACK_CONTINUATION|2024-10-31T22:15:00+00:00|-1,15,2024-10-31 22:30:00.113000+00:00,2024-10-31 22:30:00.156000+00:00,True,152.09,152.098,-5.800000000002115,1.300000000000523,-7.699999999999818,False,True,0.5766666666666667,0.5999999999996899,1.2112932604735591,9.499999999999886,696,151.945
2024H2|J_PULLBACK_CONTINUATION|2024-10-31T22:15:00+00:00|-1,30,2024-10-31 22:45:00.113000+00:00,2024-10-31 22:45:00.569000+00:00,True,152.104,152.111,-7.099999999999795,1.300000000000523,-10.599999999999454,False,True,0.41333333333333333,0.6226415094340179,1.6102661596959096,12.100000000000932,1143,151.945
2024H2|J_PULLBACK_CONTINUATION|2024-10-31T22:15:00+00:00|-1,60,2024-10-31 23:15:00.113000+00:00,2024-10-31 23:15:00.672000+00:00,True,151.852,151.859,18.099999999998317,23.099999999999454,-10.599999999999454,True,False,1.2633333333333334,0.13138686131387312,4.040990606319241,33.799999999999386,2818,151.945
2024H2|J_PULLBACK_CONTINUATION|2024-10-31T22:15:00+00:00|-1,90,2024-10-31 23:45:00.113000+00:00,2024-10-31 23:45:00.649000+00:00,True,151.861,151.868,17.199999999999704,24.500000000000455,-10.599999999999454,True,False,1.44,0.010362694300421249,3.403805496828783,34.499999999999886,4731,151.945
2024H2|J_PULLBACK_CONTINUATION|2024-10-31T22:15:00+00:00|-1,120,2024-11-01 00:15:00.113000+00:00,2024-11-01 00:15:00.327000+00:00,True,152.07,152.077,-3.700000000000614,24.59999999999809,-10.599999999999454,True,True,2.8033333333333332,0.49189189189193006,2.987908101571786,35.29999999999802,9447,151.945
2024H2|J_PULLBACK_CONTINUATION|2024-11-04T05:30:00+00:00|-1,15,2024-11-04 05:45:00.037000+00:00,2024-11-04 05:45:01.743000+00:00,True,151.871,151.874,3.3999999999991815,5.49999999999784,-2.800000000002001,False,False,1.5166666666666666,0.7247706422018468,0.7613563659629966,8.500000000000796,1463,151.598
2024H2|J_PULLBACK_CONTINUATION|2024-11-04T05:30:00+00:00|-1,30,2024-11-04 06:00:00.037000+00:00,2024-11-04 06:00:00.131000+00:00,True,151.851,151.858,4.999999999998295,8.199999999999363,-2.800000000002001,False,False,2.716666666666667,0.1764705882354206,0.974294670846592,11.100000000001842,2874,151.598
2024H2|J_PULLBACK_CONTINUATION|2024-11-04T05:30:00+00:00|-1,60,2024-11-04 06:30:00.037000+00:00,2024-11-04 06:30:00.276000+00:00,True,151.889,151.897,1.099999999999568,10.499999999998977,-6.500000000002615,False,False,2.27,0.08433734939765225,1.5142487046632995,16.70000000000016,5704,151.598
2024H2|J_PULLBACK_CONTINUATION|2024-11-04T05:30:00+00:00|-1,90,2024-11-04 07:00:00.037000+00:00,2024-11-04 07:00:00.135000+00:00,True,152.145,152.149,-24.100000000001387,10.499999999998977,-25.200000000000955,False,True,1.85,0.1888111888110957,3.170483460559857,35.599999999999454,10035,151.598
2024H2|J_PULLBACK_CONTINUATION|2024-11-04T05:30:00+00:00|-1,120,2024-11-04 07:30:00.037000+00:00,2024-11-04 07:30:00.138000+00:00,True,152.226,152.233,-32.500000000001705,10.499999999998977,-34.600000000000364,False,True,2.486666666666667,0.8266666666667601,3.9227895392278787,44.99999999999886,14662,151.598
2024H2|J_PULLBACK_CONTINUATION|2024-11-04T10:30:00+00:00|-1,15,2024-11-04 10:45:00.326000+00:00,2024-11-04 10:45:00.798000+00:00,True,151.786,151.792,11.899999999999977,12.20000000000141,-1.300000000000523,True,False,1.2566666666666666,0.4329896907216283,1.007940709370195,13.60000000000241,1100,151.8
2024H2|J_PULLBACK_CONTINUATION|2024-11-04T10:30:00+00:00|-1,30,2024-11-04 11:00:00.326000+00:00,2024-11-04 11:00:00.395000+00:00,True,151.808,151.813,9.800000000001319,15.500000000000114,-1.300000000000523,True,False,1.9866666666666666,0.6899224806201943,1.2591006423982996,16.800000000000637,2609,151.8
2024H2|J_PULLBACK_CONTINUATION|2024-11-04T10:30:00+00:00|-1,60,2024-11-04 11:30:00.326000+00:00,2024-11-04 11:30:01.828000+00:00,True,151.716,151.722,18.899999999999295,23.099999999999454,-1.300000000000523,True,False,1.7066666666666668,0.9006622516555381,1.8774834437087484,24.300000000002342,5428,151.8
2024H2|J_PULLBACK_CONTINUATION|2024-11-04T10:30:00+00:00|-1,90,2024-11-04 12:00:00.326000+00:00,2024-11-04 12:00:00.588000+00:00,True,151.558,151.56,35.09999999999991,37.20000000000141,-1.300000000000523,True,False,1.0666666666666667,0.18181818181815423,2.963447899618155,38.80000000000052,8547,151.8
2024H2|J_PULLBACK_CONTINUATION|2024-11-04T10:30:00+00:00|-1,120,2024-11-04 12:30:00.326000+00:00,2024-11-04 12:30:04.758000+00:00,True,151.623,151.626,28.49999999999966,37.20000000000141,-1.300000000000523,True,False,1.46,0.00581395348839997,2.900160170848915,38.80000000000052,11302,151.8
2024H2|J_PULLBACK_CONTINUATION|2024-11-04T15:00:00+00:00|-1,15,2024-11-04 15:15:00.191000+00:00,2024-11-04 15:15:00.284000+00:00,True,151.792,151.797,2.199999999999136,11.499999999998067,-4.200000000000159,False,False,3.28,0.0,0.9066442388563222,15.400000000002478,2872,151.623
2024H2|J_PULLBACK_CONTINUATION|2024-11-04T15:00:00+00:00|-1,30,2024-11-04 15:30:00.191000+00:00,2024-11-04 15:30:00.260000+00:00,True,151.946,151.951,-13.2000000000005,11.499999999998067,-13.300000000000978,False,True,2.4366666666666665,0.08333333333325443,1.502379922111731,24.800000000001887,5320,151.623
2024H2|J_PULLBACK_CONTINUATION|2024-11-04T15:00:00+00:00|-1,60,2024-11-04 16:00:00.191000+00:00,2024-11-04 16:00:00.222000+00:00,True,151.99,151.995,-17.600000000001614,11.499999999998067,-28.80000000000109,False,True,3.0833333333333335,0.592814371257587,2.464488017429298,40.40000000000248,10529,151.623
2024H2|J_PULLBACK_CONTINUATION|2024-11-04T15:00:00+00:00|-1,90,2024-11-04 16:30:00.191000+00:00,2024-11-04 16:30:00.220000+00:00,True,152.044,152.052,-23.30000000000041,11.499999999998067,-34.30000000000177,False,True,2.473333333333333,0.6147540983607245,2.7816993464052464,45.60000000000173,15654,151.623
2024H2|J_PULLBACK_CONTINUATION|2024-11-04T15:00:00+00:00|-1,120,2024-11-04 17:00:00.191000+00:00,2024-11-04 17:00:00.202000+00:00,True,152.02,152.026,-20.700000000002206,11.499999999998067,-34.30000000000177,False,True,2.96,0.6410256410257624,3.0692307692307415,45.60000000000173,20107,151.623
2024H2|J_PULLBACK_CONTINUATION|2024-11-05T21:45:00+00:00|-1,15,2024-11-05 22:00:00.101000+00:00,2024-11-05 22:00:00.362000+00:00,True,151.598,151.648,-6.60000000000025,-0.6000000000000227,-8.00000000000125,False,True,2.07,0.9029850746268372,0.6280587275694095,5.500000000000682,1200,151.334
2024H2|J_PULLBACK_CONTINUATION|2024-11-05T21:45:00+00:00|-1,30,2024-11-05 22:15:00.101000+00:00,2024-11-05 22:15:03.428000+00:00,True,151.488,151.647,-6.499999999999773,-0.6000000000000227,-11.000000000001364,False,True,0.13666666666666666,0.576923076923182,1.8135313531354535,15.700000000001069,1277,151.334
2024H2|J_PULLBACK_CONTINUATION|2024-11-05T21:45:00+00:00|-1,60,2024-11-05 22:45:00.101000+00:00,2024-11-05 22:45:17.787000+00:00,True,151.56,151.671,-8.899999999999864,-0.6000000000000227,-13.900000000001,False,True,0.37,0.309392265193306,2.0197418375094998,18.999999999999773,1830,151.334
2024H2|J_PULLBACK_CONTINUATION|2024-11-05T21:45:00+00:00|-1,90,2024-11-05 23:15:00.101000+00:00,2024-11-05 23:15:00.184000+00:00,True,151.79,151.812,-23.00000000000182,0.7999999999981355,-26.099999999999568,False,True,1.4366666666666668,0.2931034482757564,3.6740331491712794,37.999999999999545,3358,151.334
2024H2|J_PULLBACK_CONTINUATION|2024-11-05T21:45:00+00:00|-1,120,2024-11-05 23:45:00.101000+00:00,2024-11-05 23:45:00.127000+00:00,True,151.698,151.712,-12.999999999999545,0.7999999999981355,-33.40000000000032,False,True,3.0366666666666666,0.8717948717948905,3.4387267904510033,46.299999999999386,7895,151.334
2024H2|J_PULLBACK_CONTINUATION|2024-11-07T20:00:00+00:00|-1,15,2024-11-07 20:15:00.049000+00:00,2024-11-07 20:15:00.130000+00:00,True,152.743,152.746,33.499999999997954,38.19999999999766,-7.099999999999795,True,False,5.116666666666666,0.022598870056445453,2.10742705570292,45.40000000000077,4975,152.847
2024H2|J_PULLBACK_CONTINUATION|2024-11-07T20:00:00+00:00|-1,30,2024-11-07 20:30:00.049000+00:00,2024-11-07 20:30:00.143000+00:00,True,152.883,152.89,19.10000000000025,38.19999999999766,-7.099999999999795,True,False,3.3,0.06249999999988898,2.0483403158234075,45.40000000000077,8413,152.847
2024H2|J_PULLBACK_CONTINUATION|2024-11-07T20:00:00+00:00|-1,60,2024-11-07 21:00:00.049000+00:00,2024-11-07 21:00:00.184000+00:00,True,152.853,152.859,22.199999999998,38.19999999999766,-7.099999999999795,True,False,3.9433333333333334,0.2800000000002001,1.8939213349225301,45.40000000000077,13940,152.847
2024H2|J_PULLBACK_CONTINUATION|2024-11-07T20:00:00+00:00|-1,90,2024-11-07 21:30:00.049000+00:00,2024-11-07 21:30:00.052000+00:00,True,152.918,152.929,15.199999999998681,38.19999999999766,-7.099999999999795,True,False,1.2333333333333334,0.9444444444441813,1.9289833080424956,45.40000000000077,16812,152.847
2024H2|J_PULLBACK_CONTINUATION|2024-11-07T20:00:00+00:00|-1,120,2024-11-07 22:00:00.049000+00:00,2024-11-07 22:00:00.138000+00:00,True,152.922,152.958,12.299999999999045,38.19999999999766,-7.099999999999795,True,False,0.88,0.7809523809523964,1.9330900243309268,45.40000000000077,18167,152.847
2024H2|J_PULLBACK_CONTINUATION|2024-11-08T02:00:00+00:00|-1,15,2024-11-08 02:15:00.153000+00:00,2024-11-08 02:15:00.264000+00:00,True,153.016,153.022,7.00000000000216,10.099999999999909,-6.099999999997863,False,False,2.816666666666667,0.0823529411765217,1.0784688995215386,16.100000000000136,2183,152.97
2024H2|J_PULLBACK_CONTINUATION|2024-11-08T02:00:00+00:00|-1,30,2024-11-08 02:30:00.153000+00:00,2024-11-08 02:30:00.163000+00:00,True,153.042,153.046,4.600000000002069,12.5,-6.099999999997863,True,False,1.7566666666666666,0.3666666666666982,1.2430858806404121,18.299999999999272,3835,152.97
2024H2|J_PULLBACK_CONTINUATION|2024-11-08T02:00:00+00:00|-1,60,2024-11-08 03:00:00.153000+00:00,2024-11-08 03:00:00.237000+00:00,True,153.127,153.134,-4.199999999997317,12.5,-9.699999999997999,True,True,2.7,1.0,1.4480549199084405,22.59999999999991,7739,152.97
2024H2|J_PULLBACK_CONTINUATION|2024-11-08T02:00:00+00:00|-1,90,2024-11-08 03:30:00.153000+00:00,2024-11-08 03:30:00.196000+00:00,True,152.836,152.845,24.70000000000141,31.100000000000705,-9.699999999997999,True,False,2.006666666666667,0.1259259259258776,2.6024423337855445,41.100000000000136,11797,152.97
2024H2|J_PULLBACK_CONTINUATION|2024-11-08T02:00:00+00:00|-1,120,2024-11-08 04:00:00.153000+00:00,2024-11-08 04:00:00.329000+00:00,True,152.811,152.818,27.40000000000009,35.300000000000864,-9.699999999997999,True,False,1.6,0.9078947368420315,2.9193400549953994,45.50000000000125,15421,152.97
2024H2|J_PULLBACK_CONTINUATION|2024-11-08T06:30:00+00:00|-1,15,2024-11-08 06:45:00.072000+00:00,2024-11-08 06:45:00.089000+00:00,True,152.713,152.715,14.500000000001023,17.10000000000207,-3.299999999998704,False,False,3.0633333333333335,0.17355371900818095,1.5581140350875864,20.299999999997453,2375,152.587
2024H2|J_PULLBACK_CONTINUATION|2024-11-08T06:30:00+00:00|-1,30,2024-11-08 07:00:00.072000+00:00,2024-11-08 07:00:00.174000+00:00,True,152.76,152.764,9.600000000000364,19.000000000002615,-3.299999999998704,False,False,2.23,0.8266666666666035,1.6824361065795532,22.09999999999752,4355,152.587
2024H2|J_PULLBACK_CONTINUATION|2024-11-08T06:30:00+00:00|-1,60,2024-11-08 07:30:00.072000+00:00,2024-11-08 07:30:00.094000+00:00,True,152.821,152.829,3.100000000000591,19.50000000000216,-3.299999999998704,False,False,2.56,0.18333333333329782,1.6785145888594937,22.59999999999991,9924,152.587
2024H2|J_PULLBACK_CONTINUATION|2024-11-08T06:30:00+00:00|-1,90,2024-11-08 08:00:00.072000+00:00,2024-11-08 08:00:00.138000+00:00,True,152.639,152.645,21.50000000000034,24.100000000001387,-4.399999999998272,False,False,3.6633333333333336,0.7049180327868623,1.9547689282202891,28.39999999999918,15014,152.587
2024H2|J_PULLBACK_CONTINUATION|2024-11-08T06:30:00+00:00|-1,120,2024-11-08 08:30:00.072000+00:00,2024-11-08 08:30:00.220000+00:00,True,152.548,152.555,30.500000000000682,33.30000000000268,-4.399999999998272,True,False,4.036666666666667,0.2704918032786141,2.491244675816386,37.599999999997635,23269,152.587
2024H2|J_PULLBACK_CONTINUATION|2024-11-08T12:45:00+00:00|-1,15,2024-11-08 13:00:00.077000+00:00,2024-11-08 13:00:00.093000+00:00,True,152.371,152.377,3.3999999999991815,3.3999999999991815,-8.29999999999984,False,False,3.0933333333333333,0.24598930481281467,0.8631692806922903,11.400000000000432,2619,152.14
2024H2|J_PULLBACK_CONTINUATION|2024-11-08T12:45:00+00:00|-1,30,2024-11-08 13:15:00.077000+00:00,2024-11-08 13:15:00.166000+00:00,True,152.471,152.477,-6.60000000000025,7.599999999999341,-11.199999999999477,False,True,3.5966666666666667,0.5406504065040842,1.3018398806562586,18.69999999999834,5676,152.14
2024H2|J_PULLBACK_CONTINUATION|2024-11-08T12:45:00+00:00|-1,60,2024-11-08 13:45:00.077000+00:00,2024-11-08 13:45:00.141000+00:00,True,152.781,152.79,-37.89999999999907,7.599999999999341,-38.2000000000005,False,True,4.17,0.39690721649480154,3.0650095602293743,45.79999999999984,12528,152.14
2024H2|J_PULLBACK_CONTINUATION|2024-11-08T12:45:00+00:00|-1,90,2024-11-08 14:15:00.077000+00:00,2024-11-08 14:15:00.086000+00:00,True,152.73,152.737,-32.59999999999934,7.599999999999341,-45.300000000000296,False,True,3.34,0.9499999999999378,3.4966887417217447,52.79999999999916,18300,152.14
2024H2|J_PULLBACK_CONTINUATION|2024-11-08T12:45:00+00:00|-1,120,2024-11-08 14:45:00.077000+00:00,2024-11-08 14:45:00.148000+00:00,True,152.591,152.597,-18.600000000000705,7.599999999999341,-45.300000000000296,False,True,3.64,0.24691358024703058,3.3939393939392994,52.79999999999916,24198,152.14
2024H2|J_PULLBACK_CONTINUATION|2024-11-08T21:00:00+00:00|-1,15,2024-11-08 21:15:00.094000+00:00,2024-11-08 21:15:00.156000+00:00,True,152.507,152.518,-0.6000000000000227,1.5999999999991132,-1.6999999999995907,True,False,0.7333333333333333,0.49999999999981304,0.3447761194028488,3.299999999998704,905,152.494
2024H2|J_PULLBACK_CONTINUATION|2024-11-08T21:00:00+00:00|-1,30,2024-11-08 21:30:00.094000+00:00,2024-11-08 21:30:00.151000+00:00,True,152.471,152.48,3.2000000000010687,7.30000000000075,-1.6999999999995907,True,False,1.1133333333333333,0.34640522875817115,0.9207772795216143,8.799999999999386,1775,152.494
2024H2|J_PULLBACK_CONTINUATION|2024-11-08T21:00:00+00:00|-1,60,2024-11-08 22:00:00.094000+00:00,2024-11-10 22:00:04.949000+00:00,True,152.631,152.768,-25.600000000000023,7.30000000000075,-16.399999999998727,True,True,0.0033333333333333335,0.3857142857141349,2.162079510703357,20.199999999999818,4493,152.494
2024H2|J_PULLBACK_CONTINUATION|2024-11-08T21:00:00+00:00|-1,90,2024-11-08 22:30:00.094000+00:00,2024-11-10 22:00:04.949000+00:00,True,152.631,152.768,-25.600000000000023,7.30000000000075,-16.399999999998727,True,True,0.0033333333333333335,0.3857142857141349,2.162079510703357,20.199999999999818,4493,152.494
2024H2|J_PULLBACK_CONTINUATION|2024-11-08T21:00:00+00:00|-1,120,2024-11-08 23:00:00.094000+00:00,2024-11-10 22:00:04.949000+00:00,True,152.631,152.768,-25.600000000000023,7.30000000000075,-16.399999999998727,True,True,0.0033333333333333335,0.3857142857141349,2.162079510703357,20.199999999999818,4493,152.494
2024H2|J_PULLBACK_CONTINUATION|2024-11-15T12:30:00+00:00|-1,15,2024-11-15 12:45:00.130000+00:00,2024-11-15 12:45:00.244000+00:00,True,155.601,155.609,-8.200000000002206,0.6000000000000227,-10.500000000001819,False,True,2.5433333333333334,0.9098360655738058,0.7301435406698947,10.900000000000887,2432,155.218
2024H2|J_PULLBACK_CONTINUATION|2024-11-15T12:30:00+00:00|-1,30,2024-11-15 13:00:00.130000+00:00,2024-11-15 13:00:00.131000+00:00,True,155.379,155.382,14.499999999998181,14.900000000000091,-10.500000000001819,False,False,2.2466666666666666,0.7894736842105263,1.8541127780651376,25.600000000000023,4616,155.218
2024H2|J_PULLBACK_CONTINUATION|2024-11-15T12:30:00+00:00|-1,60,2024-11-15 13:30:00.130000+00:00,2024-11-15 13:30:00.227000+00:00,True,155.266,155.299,22.799999999998022,34.39999999999941,-10.500000000001819,True,False,2.9133333333333336,0.5827464788732366,2.699012451696072,44.90000000000123,10726,155.218
2024H2|J_PULLBACK_CONTINUATION|2024-11-15T12:30:00+00:00|-1,90,2024-11-15 14:00:00.130000+00:00,2024-11-15 14:00:00.219000+00:00,True,155.324,155.331,19.599999999999795,34.39999999999941,-20.000000000001705,True,False,4.993333333333333,0.11235955056180369,3.163086714399296,56.79999999999836,22641,155.218
2024H2|J_PULLBACK_CONTINUATION|2024-11-15T12:30:00+00:00|-1,120,2024-11-15 14:30:00.130000+00:00,2024-11-15 14:30:00.135000+00:00,True,155.279,155.284,24.2999999999995,40.19999999999868,-20.000000000001705,True,False,4.996666666666667,0.13800424628449515,2.7703997357118895,59.899999999998954,30628,155.218
2024H2|J_PULLBACK_CONTINUATION|2024-11-17T22:00:00+00:00|-1,15,2024-11-17 22:18:55.796000+00:00,2024-11-17 22:19:08.350000+00:00,True,154.479,154.581,-23.199999999999932,-9.900000000001796,-30.400000000000205,False,True,0.12,0.9960937499999813,1.074942528735637,16.70000000000016,235,154.173
2024H2|J_PULLBACK_CONTINUATION|2024-11-17T22:00:00+00:00|-1,30,2024-11-17 22:33:55.796000+00:00,2024-11-17 22:33:58.950000+00:00,True,154.332,154.433,-8.400000000000318,-7.099999999999795,-30.400000000000205,False,True,0.33,0.02439024390244182,1.8803106441296351,29.399999999998272,419,154.173
2024H2|J_PULLBACK_CONTINUATION|2024-11-17T22:00:00+00:00|-1,60,2024-11-17 23:03:55.796000+00:00,2024-11-17 23:03:56.640000+00:00,True,154.508,154.517,-16.800000000000637,-7.099999999999795,-30.400000000000205,False,True,1.8533333333333333,0.009118541033477978,1.9657534246575652,32.800000000000296,2302,154.173
2024H2|J_PULLBACK_CONTINUATION|2024-11-17T22:00:00+00:00|-1,90,2024-11-17 23:33:55.796000+00:00,2024-11-17 23:33:56.835000+00:00,True,154.668,154.675,-32.60000000000218,-7.099999999999795,-40.800000000001546,False,True,1.1466666666666667,0.9563318777291758,3.1337035454934115,52.40000000000009,4546,154.173
2024H2|J_PULLBACK_CONTINUATION|2024-11-17T22:00:00+00:00|-1,120,2024-11-18 00:03:55.796000+00:00,2024-11-18 00:03:55.833000+00:00,True,154.448,154.455,-10.600000000002296,-5.100000000001614,-40.800000000001546,False,False,3.236666666666667,0.8811881188118756,2.642651296829993,52.40000000000009,8608,154.173
2024H2|J_PULLBACK_CONTINUATION|2024-11-18T04:15:00+00:00|-1,15,2024-11-18 04:30:00.618000+00:00,2024-11-18 04:30:01.005000+00:00,True,154.441,154.45,13.2000000000005,16.29999999999825,-1.0000000000019327,True,False,2.1766666666666667,0.026315789473625117,0.7226079082402417,17.099999999999227,2277,154.507
2024H2|J_PULLBACK_CONTINUATION|2024-11-18T04:15:00+00:00|-1,30,2024-11-18 04:45:00.618000+00:00,2024-11-18 04:45:00.737000+00:00,True,154.573,154.58,0.1999999999981128,16.29999999999825,-1.0000000000019327,True,False,2.1066666666666665,0.0,0.8379418970948255,17.099999999999227,4180,154.507
2024H2|J_PULLBACK_CONTINUATION|2024-11-18T04:15:00+00:00|-1,60,2024-11-18 05:15:00.618000+00:00,2024-11-18 05:15:00.937000+00:00,True,154.55,154.559,2.2999999999996135,16.29999999999825,-17.099999999999227,True,False,2.6366666666666667,0.22123893805314854,1.7955693742712064,32.99999999999841,8213,154.507
2024H2|J_PULLBACK_CONTINUATION|2024-11-18T04:15:00+00:00|-1,90,2024-11-18 05:45:00.618000+00:00,2024-11-18 05:45:01.200000+00:00,True,154.437,154.445,13.700000000000045,16.29999999999825,-18.500000000000227,True,False,2.91,0.005586592178797534,1.8151071025930225,34.499999999999886,12732,154.507
2024H2|J_PULLBACK_CONTINUATION|2024-11-18T04:15:00+00:00|-1,120,2024-11-18 06:15:00.618000+00:00,2024-11-18 06:15:00.843000+00:00,True,154.399,154.405,17.69999999999925,20.599999999998886,-18.500000000000227,True,False,3.2466666666666666,0.39849624060145394,2.092755845151494,39.00000000000148,18176,154.507
2024H2|J_PULLBACK_CONTINUATION|2024-11-18T23:15:00+00:00|-1,15,2024-11-18 23:30:00.087000+00:00,2024-11-18 23:30:05.298000+00:00,True,154.467,154.476,2.000000000001023,5.500000000000682,-5.099999999998772,True,False,0.56,0.21111111111116376,1.5050709939151052,10.600000000002296,698,154.463
2024H2|J_PULLBACK_CONTINUATION|2024-11-18T23:15:00+00:00|-1,30,2024-11-18 23:45:00.087000+00:00,2024-11-18 23:45:01.254000+00:00,True,154.52,154.527,-3.099999999997749,5.500000000000682,-5.099999999998772,True,False,0.55,0.00819672131151361,1.4407766990293969,10.600000000002296,1100,154.463
2024H2|J_PULLBACK_CONTINUATION|2024-11-18T23:15:00+00:00|-1,60,2024-11-19 00:15:00.087000+00:00,2024-11-19 00:15:00.562000+00:00,True,154.432,154.439,5.700000000001637,8.500000000000796,-12.79999999999859,True,False,1.5966666666666667,0.962121212121248,2.3866231647634413,20.90000000000032,3718,154.463
2024H2|J_PULLBACK_CONTINUATION|2024-11-18T23:15:00+00:00|-1,90,2024-11-19 00:45:00.087000+00:00,2024-11-19 00:45:00.190000+00:00,True,154.441,154.443,5.299999999999727,17.10000000000207,-12.79999999999859,True,False,2.0033333333333334,0.503144654087976,2.982130092923412,29.800000000000182,7422,154.463
2024H2|J_PULLBACK_CONTINUATION|2024-11-18T23:15:00+00:00|-1,120,2024-11-19 01:15:00.087000+00:00,2024-11-19 01:15:00.105000+00:00,True,154.106,154.11,38.59999999999957,40.00000000000057,-12.79999999999859,True,False,3.77,0.6370370370371743,4.284552845528417,52.70000000000152,13389,154.463
2024H2|J_PULLBACK_CONTINUATION|2024-11-19T11:30:00+00:00|-1,15,2024-11-19 11:45:00.085000+00:00,2024-11-19 11:45:01.070000+00:00,True,153.973,153.98,-21.79999999999893,2.5000000000005684,-22.999999999998977,False,True,2.6466666666666665,0.3881856540083821,0.7531645569620989,25.500000000002387,2863,153.354
2024H2|J_PULLBACK_CONTINUATION|2024-11-19T11:30:00+00:00|-1,30,2024-11-19 12:00:00.085000+00:00,2024-11-19 12:00:00.135000+00:00,True,154.081,154.089,-32.69999999999982,2.5000000000005684,-41.900000000001114,False,True,4.463333333333333,0.36842105263168723,1.5743822491175108,44.599999999999795,5807,153.354
2024H2|J_PULLBACK_CONTINUATION|2024-11-19T11:30:00+00:00|-1,60,2024-11-19 12:30:00.085000+00:00,2024-11-19 12:30:00.105000+00:00,True,154.078,154.084,-32.20000000000027,2.5000000000005684,-43.00000000000068,False,True,3.4066666666666667,0.031007751937914496,1.7769080234834111,45.40000000000077,12948,153.354
2024H2|J_PULLBACK_CONTINUATION|2024-11-19T11:30:00+00:00|-1,90,2024-11-19 13:00:00.085000+00:00,2024-11-19 13:00:00.251000+00:00,True,153.973,153.978,-21.60000000000082,2.5000000000005684,-44.99999999999886,False,True,3.0733333333333333,0.7941176470587954,2.2868908716540894,47.59999999999991,17538,153.354
2024H2|J_PULLBACK_CONTINUATION|2024-11-19T11:30:00+00:00|-1,120,2024-11-19 13:30:00.085000+00:00,2024-11-19 13:30:00.132000+00:00,True,153.771,153.783,-2.0999999999986585,10.099999999999909,-44.99999999999886,False,False,2.18,0.8969849246231225,2.6887417218542717,55.09999999999877,22918,153.354
2024H2|J_PULLBACK_CONTINUATION|2024-11-21T04:45:00+00:00|-1,15,2024-11-21 05:00:00.074000+00:00,2024-11-21 05:00:00.280000+00:00,True,155.053,155.058,-3.0000000000001137,0.10000000000047748,-8.800000000002228,False,True,1.69,0.21897810218978864,0.7738246505719274,8.70000000000175,1433,154.86
2024H2|J_PULLBACK_CONTINUATION|2024-11-21T04:45:00+00:00|-1,30,2024-11-21 05:15:00.074000+00:00,2024-11-21 05:15:00.312000+00:00,True,155.133,155.141,-11.299999999999955,0.10000000000047748,-14.500000000001023,False,True,2.1033333333333335,0.5294117647058824,1.2703045685279073,14.300000000000068,2626,154.86
2024H2|J_PULLBACK_CONTINUATION|2024-11-21T04:45:00+00:00|-1,60,2024-11-21 05:45:00.074000+00:00,2024-11-21 05:45:00.243000+00:00,True,155.231,155.237,-20.90000000000032,0.10000000000047748,-20.79999999999984,False,True,2.42,0.5507246376810908,1.9124668435014383,20.600000000001728,6034,154.86
2024H2|J_PULLBACK_CONTINUATION|2024-11-21T04:45:00+00:00|-1,90,2024-11-21 06:15:00.074000+00:00,2024-11-21 06:15:00.279000+00:00,True,154.624,154.633,39.49999999999818,45.69999999999936,-24.100000000001387,True,False,5.483333333333333,0.15384615384613443,4.292920353982162,69.29999999999836,11873,154.86
2024H2|J_PULLBACK_CONTINUATION|2024-11-21T04:45:00+00:00|-1,120,2024-11-21 06:45:00.074000+00:00,2024-11-21 06:45:01.515000+00:00,True,154.674,154.684,34.39999999999941,46.09999999999843,-24.100000000001387,True,False,2.94,0.44700460829494293,3.967134268537031,70.69999999999936,17889,154.86
2024H2|J_PULLBACK_CONTINUATION|2024-11-21T12:45:00+00:00|-1,15,2024-11-21 13:00:00.052000+00:00,2024-11-21 13:00:00.188000+00:00,True,154.44,154.448,-5.299999999999727,9.100000000000819,-6.60000000000025,False,False,3.216666666666667,0.9833333333334123,1.0267983074753517,15.600000000000591,2790,154.233
2024H2|J_PULLBACK_CONTINUATION|2024-11-21T12:45:00+00:00|-1,30,2024-11-21 13:15:00.052000+00:00,2024-11-21 13:15:00.103000+00:00,True,154.378,154.384,1.1000000000024102,9.100000000000819,-16.70000000000016,False,False,2.4266666666666667,0.5511811023622831,1.5955654101995906,25.7000000000005,5481,154.233
2024H2|J_PULLBACK_CONTINUATION|2024-11-21T12:45:00+00:00|-1,60,2024-11-21 13:45:00.052000+00:00,2024-11-21 13:45:00.139000+00:00,True,154.189,154.199,19.599999999999795,28.90000000000157,-31.19999999999834,True,False,5.343333333333334,0.24742268041239535,2.981949458483791,59.00000000000034,13702,154.233
2024H2|J_PULLBACK_CONTINUATION|2024-11-21T12:45:00+00:00|-1,90,2024-11-21 14:15:00.052000+00:00,2024-11-21 14:15:00.139000+00:00,True,154.498,154.505,-10.999999999998522,28.90000000000157,-31.19999999999834,True,True,3.9633333333333334,0.9345794392522893,2.8881118881119194,59.00000000000034,21130,154.233
2024H2|J_PULLBACK_CONTINUATION|2024-11-21T12:45:00+00:00|-1,120,2024-11-21 14:45:00.052000+00:00,2024-11-21 14:45:00.148000+00:00,True,154.093,154.102,29.300000000000637,43.00000000000068,-31.19999999999834,True,False,7.196666666666666,0.7500000000000306,3.0824524312896906,72.90000000000134,29662,154.233
2024H2|J_PULLBACK_CONTINUATION|2024-11-21T18:00:00+00:00|-1,15,2024-11-21 18:15:00.582000+00:00,2024-11-21 18:15:01.489000+00:00,True,154.5,154.508,-6.900000000001683,0.10000000000047748,-17.900000000000205,False,True,2.316666666666667,0.0052631578947620605,0.9898989898990451,17.500000000001137,2634,154.307
2024H2|J_PULLBACK_CONTINUATION|2024-11-21T18:00:00+00:00|-1,30,2024-11-21 18:30:00.582000+00:00,2024-11-21 18:30:00.808000+00:00,True,154.636,154.645,-20.600000000001728,0.10000000000047748,-20.400000000000773,False,True,2.736666666666667,0.7884615384613756,1.220482437579436,20.600000000001728,4891,154.307
2024H2|J_PULLBACK_CONTINUATION|2024-11-21T18:00:00+00:00|-1,60,2024-11-21 19:00:00.582000+00:00,2024-11-21 19:00:00.770000+00:00,True,154.546,154.551,-11.199999999999477,0.10000000000047748,-26.400000000001,False,True,2.1033333333333335,0.13131313131316036,1.8448533068126116,26.500000000001478,8708,154.307
2024H2|J_PULLBACK_CONTINUATION|2024-11-21T18:00:00+00:00|-1,90,2024-11-21 19:30:00.582000+00:00,2024-11-21 19:30:00.854000+00:00,True,154.579,154.586,-14.700000000001978,0.10000000000047748,-26.400000000001,False,True,2.5533333333333332,0.8311688311687593,2.0130222463375858,26.500000000001478,12903,154.307
2024H2|J_PULLBACK_CONTINUATION|2024-11-21T18:00:00+00:00|-1,120,2024-11-21 20:00:00.582000+00:00,2024-11-21 20:00:01.027000+00:00,True,154.504,154.509,-6.999999999999318,0.10000000000047748,-26.400000000001,False,False,2.3766666666666665,0.15853658536592974,2.1346375143844694,26.500000000001478,16739,154.307
2024H2|J_PULLBACK_CONTINUATION|2024-11-21T23:15:00+00:00|-1,15,2024-11-21 23:30:06.066000+00:00,2024-11-21 23:30:07.161000+00:00,True,154.295,154.318,3.099999999997749,4.2999999999977945,-8.600000000001273,False,False,1.1066666666666667,0.12418300653599024,1.448657187993661,13.100000000000023,949,154.287
2024H2|J_PULLBACK_CONTINUATION|2024-11-21T23:15:00+00:00|-1,30,2024-11-21 23:45:06.066000+00:00,2024-11-21 23:45:06.996000+00:00,True,154.316,154.325,2.400000000000091,11.699999999999022,-8.600000000001273,True,False,1.8033333333333332,0.7959183673469885,2.0221147201106007,20.90000000000032,2711,154.287
2024H2|J_PULLBACK_CONTINUATION|2024-11-21T23:15:00+00:00|-1,60,2024-11-22 00:15:06.066000+00:00,2024-11-22 00:15:06.268000+00:00,True,154.045,154.056,29.299999999997794,37.599999999997635,-8.600000000001273,True,False,4.003333333333333,0.030042918454956546,3.6238068500842524,46.10000000000127,8340,154.287
2024H2|J_PULLBACK_CONTINUATION|2024-11-21T23:15:00+00:00|-1,90,2024-11-22 00:45:06.066000+00:00,2024-11-22 00:45:06.806000+00:00,True,154.263,154.271,7.800000000000296,37.599999999997635,-8.600000000001273,True,False,3.4633333333333334,0.4048780487804553,3.3268041237113875,46.10000000000127,13426,154.287
2024H2|J_PULLBACK_CONTINUATION|2024-11-21T23:15:00+00:00|-1,120,2024-11-22 01:15:06.066000+00:00,2024-11-22 01:15:07.816000+00:00,True,154.264,154.268,8.099999999998886,37.599999999997635,-8.600000000001273,True,False,3.0166666666666666,0.640211640211563,2.9006741573034582,46.10000000000127,19970,154.287
2024H2|J_PULLBACK_CONTINUATION|2024-11-22T03:45:00+00:00|-1,15,2024-11-22 04:00:00.104000+00:00,2024-11-22 04:00:00.123000+00:00,True,154.266,154.271,-2.4999999999977263,2.5000000000005684,-2.5999999999982037,False,False,1.6366666666666667,0.20454545454547657,0.40724478594949715,5.299999999999727,1509,154.185
2024H2|J_PULLBACK_CONTINUATION|2024-11-22T03:45:00+00:00|-1,30,2024-11-22 04:15:00.104000+00:00,2024-11-22 04:15:00.227000+00:00,True,154.333,154.342,-9.600000000000364,2.5000000000005684,-11.400000000000432,False,False,1.3833333333333333,0.42857142857148656,1.1452282157677283,13.800000000000523,3274,154.185
2024H2|J_PULLBACK_CONTINUATION|2024-11-22T03:45:00+00:00|-1,60,2024-11-22 04:45:00.104000+00:00,2024-11-22 04:45:00.366000+00:00,True,154.415,154.422,-17.599999999998772,2.5000000000005684,-20.49999999999841,False,True,1.3966666666666667,0.3285714285714054,2.1184210526318115,23.00000000000182,5758,154.185
2024H2|J_PULLBACK_CONTINUATION|2024-11-22T03:45:00+00:00|-1,90,2024-11-22 05:15:00.104000+00:00,2024-11-22 05:15:00.281000+00:00,True,154.533,154.544,-29.800000000000182,2.5000000000005684,-34.00000000000034,False,True,2.24,0.11666666666674563,3.3726009265388295,36.40000000000043,9273,154.185
2024H2|J_PULLBACK_CONTINUATION|2024-11-22T03:45:00+00:00|-1,120,2024-11-22 05:45:00.104000+00:00,2024-11-22 05:45:00.146000+00:00,True,154.644,154.651,-40.500000000000114,2.5000000000005684,-40.69999999999823,False,True,1.9133333333333333,0.2407407407408284,3.818987341772224,43.10000000000116,12757,154.185
2024H2|J_PULLBACK_CONTINUATION|2024-11-26T04:45:00+00:00|-1,15,2024-11-26 05:00:00.603000+00:00,2024-11-26 05:00:00.913000+00:00,True,153.832,153.838,-1.3999999999981583,1.500000000001478,-4.599999999999227,False,False,1.2633333333333334,0.9130434782609846,0.47328244274818104,6.200000000001182,1318,153.666
2024H2|J_PULLBACK_CONTINUATION|2024-11-26T04:45:00+00:00|-1,30,2024-11-26 05:15:00.603000+00:00,2024-11-26 05:15:00.875000+00:00,True,153.696,153.704,12.000000000000455,13.60000000000241,-4.599999999999227,False,False,2.98,0.9568345323740933,1.3510074231176232,18.199999999998795,3081,153.666
2024H2|J_PULLBACK_CONTINUATION|2024-11-26T04:45:00+00:00|-1,60,2024-11-26 05:45:00.603000+00:00,2024-11-26 05:45:01.102000+00:00,True,153.628,153.637,18.700000000001182,27.300000000002456,-4.599999999999227,True,False,2.1433333333333335,0.04395604395595132,2.5203160270879974,31.89999999999884,7101,153.666
2024H2|J_PULLBACK_CONTINUATION|2024-11-26T04:45:00+00:00|-1,90,2024-11-26 06:15:00.603000+00:00,2024-11-26 06:15:00.969000+00:00,True,153.786,153.793,3.100000000000591,27.300000000002456,-4.599999999999227,True,False,2.9266666666666667,0.0736842105260701,2.379328716036165,31.89999999999884,11037,153.666
2024H2|J_PULLBACK_CONTINUATION|2024-11-26T04:45:00+00:00|-1,120,2024-11-26 06:45:00.603000+00:00,2024-11-26 06:45:01.188000+00:00,True,153.871,153.878,-5.3999999999973625,27.300000000002456,-13.299999999998136,True,True,2.0533333333333332,0.047368421052708776,3.103410341034066,40.29999999999916,15103,153.666
2024H2|J_PULLBACK_CONTINUATION|2024-11-26T12:15:00+00:00|-1,15,2024-11-26 12:30:00.150000+00:00,2024-11-26 12:30:00.179000+00:00,True,153.147,153.156,15.399999999999636,20.09999999999934,-3.700000000000614,True,False,3.48,0.07926829268296487,1.6660000000000206,23.799999999999955,3950,153.307
2024H2|J_PULLBACK_CONTINUATION|2024-11-26T12:15:00+00:00|-1,30,2024-11-26 12:45:00.150000+00:00,2024-11-26 12:45:00.186000+00:00,True,153.217,153.227,8.29999999999984,23.900000000000432,-3.700000000000614,True,False,3.723333333333333,0.4244186046512137,1.8269598470363164,27.299999999999613,7607,153.307
2024H2|J_PULLBACK_CONTINUATION|2024-11-26T12:15:00+00:00|-1,60,2024-11-26 13:15:00.150000+00:00,2024-11-26 13:15:00.155000+00:00,True,153.19,153.198,11.199999999999477,32.099999999999795,-3.700000000000614,True,False,2.54,0.13968253968248578,2.026240262402703,35.300000000000864,14035,153.307
2024H2|J_PULLBACK_CONTINUATION|2024-11-26T12:15:00+00:00|-1,90,2024-11-26 13:45:00.150000+00:00,2024-11-26 13:45:01.021000+00:00,True,153.263,153.269,4.099999999999682,32.099999999999795,-10.499999999998977,True,False,2.9833333333333334,0.16666666666665175,2.1413555636100217,42.199999999999704,20857,153.307
2024H2|J_PULLBACK_CONTINUATION|2024-11-26T12:15:00+00:00|-1,120,2024-11-26 14:15:00.150000+00:00,2024-11-26 14:15:00.529000+00:00,True,153.576,153.583,-27.299999999999613,32.099999999999795,-27.50000000000057,True,True,3.3066666666666666,0.3366834170854429,2.8648461804356242,59.200000000001296,26916,153.307
2024H2|J_PULLBACK_CONTINUATION|2024-11-26T17:00:00+00:00|-1,15,2024-11-26 17:15:00.226000+00:00,2024-11-26 17:15:00.262000+00:00,True,153.272,153.278,21.100000000001273,22.59999999999991,-3.1999999999982265,True,False,2.8766666666666665,0.0,1.4168937329699842,25.99999999999909,2806,153.36
2024H2|J_PULLBACK_CONTINUATION|2024-11-26T17:00:00+00:00|-1,30,2024-11-26 17:30:00.226000+00:00,2024-11-26 17:30:00.255000+00:00,True,153.366,153.373,11.600000000001387,22.59999999999991,-3.1999999999982265,True,False,2.8266666666666667,0.413461538461386,1.4444444444444207,25.99999999999909,5248,153.36
2024H2|J_PULLBACK_CONTINUATION|2024-11-26T17:00:00+00:00|-1,60,2024-11-26 18:00:00.226000+00:00,2024-11-26 18:00:00.344000+00:00,True,153.324,153.33,15.899999999999181,23.099999999999454,-3.1999999999982265,True,False,2.9566666666666666,0.22834645669286757,1.5503552026744238,26.499999999998636,9969,153.36
2024H2|J_PULLBACK_CONTINUATION|2024-11-26T17:00:00+00:00|-1,90,2024-11-26 18:30:00.226000+00:00,2024-11-26 18:30:00.261000+00:00,True,153.476,153.482,0.7000000000005002,23.099999999999454,-3.1999999999982265,True,True,2.2266666666666666,0.9491525423729575,1.7049632352940616,26.499999999998636,14605,153.36
2024H2|J_PULLBACK_CONTINUATION|2024-11-26T17:00:00+00:00|-1,120,2024-11-26 19:00:00.226000+00:00,2024-11-26 19:00:00.287000+00:00,True,153.377,153.402,8.70000000000175,23.099999999999454,-3.1999999999982265,True,False,1.8266666666666667,0.4721030042918958,1.6711711711711288,26.499999999998636,18202,153.36
2024H2|J_PULLBACK_CONTINUATION|2024-11-26T23:45:00+00:00|-1,15,2024-11-27 00:00:00.009000+00:00,2024-11-27 00:00:00.115000+00:00,True,152.93,152.935,21.000000000000796,20.700000000002206,-1.8999999999977035,True,False,0.0033333333333333335,0.01680672268915595,2.3161004431314285,22.399999999998954,1384,152.993
2024H2|J_PULLBACK_CONTINUATION|2024-11-26T23:45:00+00:00|-1,30,2024-11-27 00:15:00.009000+00:00,2024-11-27 00:15:00.113000+00:00,True,152.949,152.954,19.10000000000025,30.500000000000682,-1.8999999999977035,True,False,2.4233333333333333,0.8075313807531739,3.030060120240359,32.399999999998386,3656,152.993
2024H2|J_PULLBACK_CONTINUATION|2024-11-26T23:45:00+00:00|-1,60,2024-11-27 00:45:00.009000+00:00,2024-11-27 00:45:00.361000+00:00,True,152.856,152.862,28.300000000001546,37.80000000000143,-1.8999999999977035,True,False,2.7933333333333334,0.17218543046363355,3.4135802469136594,39.50000000000102,8166,152.993
2024H2|J_PULLBACK_CONTINUATION|2024-11-26T23:45:00+00:00|-1,90,2024-11-27 01:15:00.009000+00:00,2024-11-27 01:15:00.072000+00:00,True,152.909,152.919,22.59999999999991,37.80000000000143,-1.8999999999977035,True,False,3.76,0.5186721991701557,2.841726618705113,39.50000000000102,15724,152.993
2024H2|J_PULLBACK_CONTINUATION|2024-11-26T23:45:00+00:00|-1,120,2024-11-27 01:45:00.009000+00:00,2024-11-27 01:45:00.127000+00:00,True,152.642,152.65,49.500000000000455,53.000000000000114,-1.8999999999977035,True,False,1.9266666666666667,0.7500000000000444,3.4999999999999547,54.49999999999875,21012,152.993
2024H2|J_PULLBACK_CONTINUATION|2024-11-27T06:15:00+00:00|-1,15,2024-11-27 06:30:00.131000+00:00,2024-11-27 06:30:04.297000+00:00,True,152.149,152.158,6.800000000001205,7.499999999998863,-8.600000000001273,True,False,2.51,0.01840490797537564,1.1629629629630505,15.700000000001069,2017,152.191
2024H2|J_PULLBACK_CONTINUATION|2024-11-27T06:15:00+00:00|-1,30,2024-11-27 06:45:00.131000+00:00,2024-11-27 06:45:00.261000+00:00,True,152.272,152.284,-5.799999999999272,10.499999999998977,-8.600000000001273,True,False,2.2933333333333334,0.9423076923076896,1.348200709579315,18.999999999999773,4289,152.191
2024H2|J_PULLBACK_CONTINUATION|2024-11-27T06:15:00+00:00|-1,60,2024-11-27 07:15:00.131000+00:00,2024-11-27 07:15:00.203000+00:00,True,152.106,152.112,11.400000000000432,16.59999999999968,-8.600000000001273,True,False,3.27,0.7956989247311631,1.8374070138151626,24.70000000000141,9646,152.191
2024H2|J_PULLBACK_CONTINUATION|2024-11-27T06:15:00+00:00|-1,90,2024-11-27 07:45:00.131000+00:00,2024-11-27 07:45:00.139000+00:00,True,151.844,151.85,37.60000000000048,37.89999999999907,-8.600000000001273,True,False,3.4133333333333336,0.11811023622057992,3.220138203356362,46.60000000000082,15942,152.191
2024H2|J_PULLBACK_CONTINUATION|2024-11-27T06:15:00+00:00|-1,120,2024-11-27 08:15:00.131000+00:00,2024-11-27 08:15:00.195000+00:00,True,151.577,151.583,64.30000000000007,67.69999999999925,-8.600000000001273,True,False,4.503333333333333,0.2382812500000273,4.198895027624273,75.99999999999909,23802,152.191
2024H2|J_PULLBACK_CONTINUATION|2024-11-27T13:00:00+00:00|-1,15,2024-11-27 13:15:00.072000+00:00,2024-11-27 13:15:00.121000+00:00,True,151.497,151.503,-2.0999999999986585,-0.39999999999906777,-13.49999999999909,False,False,3.4033333333333333,0.2640000000001237,0.847113163972302,13.100000000000023,2648,151.305
2024H2|J_PULLBACK_CONTINUATION|2024-11-27T13:00:00+00:00|-1,30,2024-11-27 13:30:00.072000+00:00,2024-11-27 13:30:00.161000+00:00,True,151.582,151.639,-15.700000000001069,-0.39999999999906777,-16.70000000000016,False,True,2.453333333333333,0.874999999999976,0.8558394160585064,13.400000000001455,5278,151.305
2024H2|J_PULLBACK_CONTINUATION|2024-11-27T13:00:00+00:00|-1,60,2024-11-27 14:00:00.072000+00:00,2024-11-27 14:00:00.254000+00:00,True,151.328,151.335,14.699999999999136,18.000000000000682,-18.000000000000682,True,False,4.953333333333333,0.9746835443036791,2.1318477251625394,32.800000000000296,13689,151.305
2024H2|J_PULLBACK_CONTINUATION|2024-11-27T13:00:00+00:00|-1,90,2024-11-27 14:30:00.072000+00:00,2024-11-27 14:30:00.104000+00:00,True,151.104,151.107,37.5,37.999999999999545,-18.000000000000682,True,False,2.8433333333333333,0.09999999999999398,2.8582434514637924,53.000000000000114,19741,151.305
2024H2|J_PULLBACK_CONTINUATION|2024-11-27T13:00:00+00:00|-1,120,2024-11-27 15:00:00.072000+00:00,2024-11-27 15:00:00.108000+00:00,True,151.372,151.414,6.800000000001205,47.59999999999991,-18.000000000000682,True,False,4.48,0.0,3.027157098659267,62.89999999999907,27913,151.305
2024H2|J_PULLBACK_CONTINUATION|2024-11-27T19:45:00+00:00|-1,15,2024-11-27 20:00:00.720000+00:00,2024-11-27 20:00:00.808000+00:00,True,151.021,151.027,-10.899999999998045,-0.7000000000005002,-14.19999999999959,False,True,3.7,0.15873015873004415,0.9669883189435985,13.599999999999568,2088,150.677
2024H2|J_PULLBACK_CONTINUATION|2024-11-27T19:45:00+00:00|-1,30,2024-11-27 20:15:00.720000+00:00,2024-11-27 20:15:01.196000+00:00,True,151.125,151.131,-21.299999999999386,-0.7000000000005002,-23.30000000000041,False,True,2.1733333333333333,0.6025641025642614,1.8239999999998713,22.799999999998022,4091,150.677
2024H2|J_PULLBACK_CONTINUATION|2024-11-27T19:45:00+00:00|-1,60,2024-11-27 20:45:00.720000+00:00,2024-11-27 20:45:00.985000+00:00,True,151.153,151.16,-24.199999999999022,-0.7000000000005002,-27.599999999998204,False,True,2.1866666666666665,0.9605263157892818,2.6213592233008844,26.99999999999818,7827,150.677
2024H2|J_PULLBACK_CONTINUATION|2024-11-27T19:45:00+00:00|-1,90,2024-11-27 21:15:00.720000+00:00,2024-11-27 21:15:04.105000+00:00,True,151.12,151.126,-20.79999999999984,-0.7000000000005002,-27.599999999998204,False,True,1.1966666666666668,0.749999999999778,2.9928741092635116,26.99999999999818,11196,150.677
2024H2|J_PULLBACK_CONTINUATION|2024-11-27T19:45:00+00:00|-1,120,2024-11-27 21:45:00.720000+00:00,2024-11-27 21:45:01.129000+00:00,True,151.179,151.185,-26.69999999999959,-0.7000000000005002,-27.899999999999636,False,True,2.5766666666666667,1.0,3.1238720262510142,27.199999999999136,13445,150.677
2024H2|J_PULLBACK_CONTINUATION|2024-11-28T19:15:00+00:00|-1,15,2024-11-28 19:30:24.942000+00:00,2024-11-28 19:30:41.964000+00:00,True,151.516,151.526,-0.5000000000023874,0.2999999999985903,-1.8000000000000682,False,False,0.11333333333333333,0.18181818181826015,0.46584938704034606,1.9000000000005457,128,151.454
2024H2|J_PULLBACK_CONTINUATION|2024-11-28T19:15:00+00:00|-1,30,2024-11-28 19:45:24.942000+00:00,2024-11-28 19:45:26.775000+00:00,True,151.542,151.55,-2.9000000000024784,0.2999999999985903,-3.6000000000001364,False,True,0.26666666666666666,0.6282051282051889,0.8764805414552097,3.700000000000614,313,151.454
2024H2|J_PULLBACK_CONTINUATION|2024-11-28T19:15:00+00:00|-1,60,2024-11-28 20:15:24.942000+00:00,2024-11-28 20:15:30.181000+00:00,True,151.51,151.518,0.2999999999985903,4.2999999999977945,-3.6000000000001364,False,False,0.31333333333333335,0.8750000000011102,2.2589641434256853,8.099999999998886,1042,151.454
2024H2|J_PULLBACK_CONTINUATION|2024-11-28T19:15:00+00:00|-1,90,2024-11-28 20:45:24.942000+00:00,2024-11-28 20:45:25.116000+00:00,True,151.505,151.511,0.9999999999990905,4.2999999999977945,-3.6000000000001364,False,False,0.23,0.9285714285710902,2.5598194130918004,8.099999999998886,1395,151.454
2024H2|J_PULLBACK_CONTINUATION|2024-11-28T19:15:00+00:00|-1,120,2024-11-28 21:15:24.942000+00:00,2024-11-28 21:16:04.435000+00:00,True,151.503,151.517,0.39999999999906777,8.199999999999363,-3.6000000000001364,True,True,0.25,0.7692307692306011,3.426160337552183,11.599999999998545,2046,151.454
2024H2|J_PULLBACK_CONTINUATION|2024-11-29T06:00:00+00:00|-1,15,2024-11-29 06:15:00.099000+00:00,2024-11-29 06:15:06.226000+00:00,True,150.179,150.188,-8.599999999998431,3.100000000000591,-10.80000000000041,False,False,2.1533333333333333,0.9447852760736988,0.8019639934534529,14.000000000001478,1787,149.758
2024H2|J_PULLBACK_CONTINUATION|2024-11-29T06:00:00+00:00|-1,30,2024-11-29 06:30:00.099000+00:00,2024-11-29 06:30:00.124000+00:00,True,150.041,150.049,5.299999999999727,6.499999999999773,-10.80000000000041,False,False,2.19,0.46927374301677216,0.9905388728918155,17.199999999999704,3559,149.758
2024H2|J_PULLBACK_CONTINUATION|2024-11-29T06:00:00+00:00|-1,60,2024-11-29 07:00:00.099000+00:00,2024-11-29 07:00:00.170000+00:00,True,149.997,149.999,10.300000000000864,13.100000000000023,-10.80000000000041,False,False,2.55,0.9808612440191836,1.3901936547178753,24.100000000001387,8094,149.758
2024H2|J_PULLBACK_CONTINUATION|2024-11-29T06:00:00+00:00|-1,90,2024-11-29 07:30:00.099000+00:00,2024-11-29 07:30:00.509000+00:00,True,149.597,149.603,49.89999999999952,56.399999999999295,-10.80000000000041,True,False,3.6966666666666668,0.36575875486378306,3.4844444444444442,67.1999999999997,14537,149.758
2024H2|J_PULLBACK_CONTINUATION|2024-11-29T06:00:00+00:00|-1,120,2024-11-29 08:00:00.099000+00:00,2024-11-29 08:00:00.147000+00:00,True,149.993,149.998,10.400000000001342,56.399999999999295,-10.80000000000041,True,False,2.82,0.05761316872431543,3.35042735042731,67.1999999999997,19604,149.758
2024H2|J_PULLBACK_CONTINUATION|2024-11-29T10:30:00+00:00|-1,15,2024-11-29 10:45:00.669000+00:00,2024-11-29 10:45:01.370000+00:00,True,150.09,150.097,-0.20000000000095497,8.099999999998886,-2.7999999999991587,False,True,2.0933333333333333,0.8598726114648517,0.5748413587158551,10.999999999998522,2244,149.926
2024H2|J_PULLBACK_CONTINUATION|2024-11-29T10:30:00+00:00|-1,30,2024-11-29 11:00:00.669000+00:00,2024-11-29 11:00:00.693000+00:00,True,149.96,149.966,12.899999999999068,15.100000000001046,-2.7999999999991587,False,False,2.71,0.4225352112676338,0.9719188767550473,17.799999999999727,4420,149.926
2024H2|J_PULLBACK_CONTINUATION|2024-11-29T10:30:00+00:00|-1,60,2024-11-29 11:30:00.669000+00:00,2024-11-29 11:30:00.908000+00:00,True,150.02,150.027,6.800000000001205,25.800000000000978,-2.7999999999991587,True,False,2.263333333333333,0.34722222222189325,1.7937499999998536,28.69999999999777,8118,149.926
2024H2|J_PULLBACK_CONTINUATION|2024-11-29T10:30:00+00:00|-1,90,2024-11-29 12:00:00.669000+00:00,2024-11-29 12:00:00.768000+00:00,True,150.035,150.041,5.400000000000205,25.800000000000978,-2.7999999999991587,True,False,1.95,0.2772277227721964,1.8164556962023994,28.69999999999777,11346,149.926
2024H2|J_PULLBACK_CONTINUATION|2024-11-29T10:30:00+00:00|-1,120,2024-11-29 12:30:00.669000+00:00,2024-11-29 12:30:00.947000+00:00,True,150.119,150.123,-2.7999999999991587,25.800000000000978,-2.899999999999636,True,True,1.9333333333333333,0.1802325581395724,1.9871858058155836,28.79999999999825,14556,149.926
2024H2|J_PULLBACK_CONTINUATION|2024-11-29T15:00:00+00:00|-1,15,2024-11-29 15:15:00.012000+00:00,2024-11-29 15:15:00.266000+00:00,True,150.097,150.106,-16.800000000000637,1.4999999999986358,-16.70000000000016,False,True,2.99,0.2275862068964909,1.3048403707519,18.10000000000116,2949,149.875
2024H2|J_PULLBACK_CONTINUATION|2024-11-29T15:00:00+00:00|-1,30,2024-11-29 15:30:00.012000+00:00,2024-11-29 15:30:00.808000+00:00,True,150.192,150.197,-25.900000000001455,1.4999999999986358,-29.60000000000207,False,True,2.2266666666666666,0.8639999999998054,2.193285859613399,30.799999999999272,5133,149.875
2024H2|J_PULLBACK_CONTINUATION|2024-11-29T15:00:00+00:00|-1,60,2024-11-29 16:00:00.012000+00:00,2024-11-29 16:00:00.061000+00:00,True,150.178,150.184,-24.600000000000932,1.4999999999986358,-41.30000000000109,False,True,6.01,0.2033195020747285,2.722749886929054,43.00000000000068,12065,149.875
2024H2|J_PULLBACK_CONTINUATION|2024-11-29T15:00:00+00:00|-1,90,2024-11-29 16:30:00.012000+00:00,2024-11-29 16:30:00.505000+00:00,True,150.506,150.514,-57.60000000000218,1.4999999999986358,-59.600000000000364,False,True,2.5,0.7142857142856532,3.6305186455208185,60.49999999999898,19213,149.875
2024H2|J_PULLBACK_CONTINUATION|2024-11-29T15:00:00+00:00|-1,120,2024-11-29 17:00:00.012000+00:00,2024-11-29 17:00:00.170000+00:00,True,150.417,150.423,-48.500000000001364,1.4999999999986358,-59.900000000001796,False,True,2.0166666666666666,0.6097087378640802,3.2138034508627604,61.19999999999948,23481,149.875
2024H2|J_PULLBACK_CONTINUATION|2024-11-29T21:15:00+00:00|-1,15,2024-11-29 21:30:00.020000+00:00,2024-11-29 21:30:00.200000+00:00,True,149.625,149.649,-0.49999999999954525,1.4000000000010004,-9.499999999999886,False,False,3.5866666666666664,0.41791044776120034,0.943396226415024,7.499999999998863,2451,149.479
2024H2|J_PULLBACK_CONTINUATION|2024-11-29T21:15:00+00:00|-1,30,2024-11-29 21:45:00.020000+00:00,2024-11-29 21:45:00.079000+00:00,True,149.638,149.711,-6.700000000000728,1.4000000000010004,-9.499999999999886,False,False,3.433333333333333,0.0,0.943396226415024,7.499999999998863,4714,149.479
2024H2|J_PULLBACK_CONTINUATION|2024-11-29T21:15:00+00:00|-1,60,2024-11-29 22:15:00.020000+00:00,2024-12-01 22:04:00.617000+00:00,True,149.514,149.816,-17.199999999999704,1.4000000000010004,-19.200000000000728,False,True,0.0033333333333333335,0.0,1.383647798742059,10.999999999998522,5359,149.479
2024H2|J_PULLBACK_CONTINUATION|2024-11-29T21:15:00+00:00|-1,90,2024-11-29 22:45:00.020000+00:00,2024-12-01 22:04:00.617000+00:00,True,149.514,149.816,-17.199999999999704,1.4000000000010004,-19.200000000000728,False,True,0.0033333333333333335,0.0,1.383647798742059,10.999999999998522,5359,149.479
2024H2|J_PULLBACK_CONTINUATION|2024-11-29T21:15:00+00:00|-1,120,2024-11-29 23:15:00.020000+00:00,2024-12-01 22:04:00.617000+00:00,True,149.514,149.816,-17.199999999999704,1.4000000000010004,-19.200000000000728,False,True,0.0033333333333333335,0.0,1.383647798742059,10.999999999998522,5359,149.479
2024H2|J_PULLBACK_CONTINUATION|2024-12-02T18:45:00+00:00|-1,15,2024-12-02 19:00:00.356000+00:00,2024-12-02 19:00:00.970000+00:00,True,149.648,149.656,-1.4000000000010004,2.400000000000091,-7.400000000001228,False,False,1.67,1.0,0.4674616695060251,9.800000000001319,1548,149.185
2024H2|J_PULLBACK_CONTINUATION|2024-12-02T18:45:00+00:00|-1,30,2024-12-02 19:15:00.356000+00:00,2024-12-02 19:15:00.398000+00:00,True,149.595,149.601,4.099999999999682,4.300000000000637,-7.400000000001228,False,False,1.72,0.33333333333345483,0.6249523082793801,11.700000000001864,3462,149.185
2024H2|J_PULLBACK_CONTINUATION|2024-12-02T18:45:00+00:00|-1,60,2024-12-02 19:45:00.356000+00:00,2024-12-02 19:45:00.808000+00:00,True,149.552,149.558,8.400000000000318,9.600000000000364,-7.400000000001228,False,False,1.5933333333333333,0.4843750000001458,1.2666666666668098,17.10000000000207,6713,149.185
2024H2|J_PULLBACK_CONTINUATION|2024-12-02T18:45:00+00:00|-1,90,2024-12-02 20:15:00.356000+00:00,2024-12-02 20:15:01.793000+00:00,True,149.621,149.628,1.4000000000010004,14.699999999999136,-7.400000000001228,False,True,1.3633333333333333,0.7661290322580263,1.5516549648946878,22.100000000000364,9561,149.185
2024H2|J_PULLBACK_CONTINUATION|2024-12-02T18:45:00+00:00|-1,120,2024-12-02 20:45:00.356000+00:00,2024-12-02 20:45:00.566000+00:00,True,149.351,149.357,28.49999999999966,40.799999999998704,-7.400000000001228,False,False,2.6333333333333333,0.04629629629625853,3.2917271407838125,48.60000000000184,16468,149.185
2024H2|J_PULLBACK_CONTINUATION|2024-12-03T00:00:00+00:00|-1,15,2024-12-03 00:15:00.114000+00:00,2024-12-03 00:15:00.350000+00:00,True,149.738,149.747,-23.100000000002296,1.300000000000523,-26.000000000001933,False,True,2.18,0.21126760563381686,2.419313850063437,27.199999999999136,2898,149.493
2024H2|J_PULLBACK_CONTINUATION|2024-12-03T00:00:00+00:00|-1,30,2024-12-03 00:30:00.114000+00:00,2024-12-03 00:30:00.495000+00:00,True,149.85,149.86,-34.40000000000225,1.300000000000523,-37.10000000000093,False,True,1.85,0.487999999999829,3.324240545567105,38.299999999998136,4910,149.493
2024H2|J_PULLBACK_CONTINUATION|2024-12-03T00:00:00+00:00|-1,60,2024-12-03 01:00:00.114000+00:00,2024-12-03 01:00:00.197000+00:00,True,149.867,149.871,-35.50000000000182,1.300000000000523,-42.10000000000207,False,True,2.99,0.978723404255317,3.1978947368420774,43.39999999999975,10169,149.493
2024H2|J_PULLBACK_CONTINUATION|2024-12-03T00:00:00+00:00|-1,90,2024-12-03 01:30:00.114000+00:00,2024-12-03 01:30:00.552000+00:00,True,149.842,149.848,-33.200000000002206,1.300000000000523,-42.10000000000207,False,True,3.0233333333333334,0.8410596026489817,2.7693710118505,43.39999999999975,14678,149.493
2024H2|J_PULLBACK_CONTINUATION|2024-12-03T00:00:00+00:00|-1,120,2024-12-03 02:00:00.114000+00:00,2024-12-03 02:00:00.259000+00:00,True,149.872,149.881,-36.50000000000091,1.300000000000523,-46.399999999999864,False,True,2.5833333333333335,0.39795918367340133,2.700854700854648,47.399999999998954,20077,149.493
2024H2|J_PULLBACK_CONTINUATION|2024-12-03T16:00:00+00:00|-1,15,2024-12-03 16:15:00.086000+00:00,2024-12-03 16:15:00.111000+00:00,True,149.393,149.398,-24.600000000000932,0.39999999999906777,-30.900000000002592,False,True,3.796666666666667,0.03225806451609947,1.1081700178162628,31.100000000000705,4422,148.646
2024H2|J_PULLBACK_CONTINUATION|2024-12-03T16:00:00+00:00|-1,30,2024-12-03 16:30:00.086000+00:00,2024-12-03 16:30:00.142000+00:00,True,149.512,149.52,-36.80000000000234,0.39999999999906777,-37.30000000000189,False,True,2.68,0.9465648854961451,1.2493438320209806,37.39999999999952,6961,148.646
2024H2|J_PULLBACK_CONTINUATION|2024-12-03T16:00:00+00:00|-1,60,2024-12-03 17:00:00.086000+00:00,2024-12-03 17:00:00.148000+00:00,True,149.127,149.13,2.199999999999136,6.599999999997408,-37.30000000000189,False,False,3.05,0.29343629343636124,1.503078059591245,43.600000000000705,13392,148.646
2024H2|J_PULLBACK_CONTINUATION|2024-12-03T16:00:00+00:00|-1,90,2024-12-03 17:30:00.086000+00:00,2024-12-03 17:30:00.095000+00:00,True,149.386,149.393,-24.100000000001387,6.599999999997408,-37.30000000000189,False,True,2.9833333333333334,0.2926829268293021,1.6290365625834204,43.600000000000705,19034,148.646
2024H2|J_PULLBACK_CONTINUATION|2024-12-03T16:00:00+00:00|-1,120,2024-12-03 18:00:00.086000+00:00,2024-12-03 18:00:00.322000+00:00,True,149.205,149.212,-6.000000000000227,6.599999999997408,-37.30000000000189,False,False,3.3233333333333333,0.48275862068977005,1.6650300054555658,43.600000000000705,23977,148.646
2024H2|J_PULLBACK_CONTINUATION|2024-12-06T05:45:00+00:00|-1,15,2024-12-06 06:00:00.869000+00:00,2024-12-06 06:00:01.479000+00:00,True,149.935,149.941,-1.4000000000010004,4.399999999998272,-4.699999999999704,False,False,1.94,0.8444444444443555,0.9787234042551951,9.199999999998454,1338,149.829
2024H2|J_PULLBACK_CONTINUATION|2024-12-06T05:45:00+00:00|-1,30,2024-12-06 06:15:00.869000+00:00,2024-12-06 06:15:02.460000+00:00,True,149.906,149.915,1.2000000000000455,4.399999999998272,-9.900000000001796,False,False,1.4933333333333334,0.2584269662920954,1.643031784841209,14.400000000000546,2741,149.829
2024H2|J_PULLBACK_CONTINUATION|2024-12-06T05:45:00+00:00|-1,60,2024-12-06 06:45:00.869000+00:00,2024-12-06 06:45:02.561000+00:00,True,149.774,149.781,14.599999999998658,14.900000000000091,-9.900000000001796,True,False,1.6833333333333333,0.39610389610395125,2.428868841082673,25.0,5643,149.829
2024H2|J_PULLBACK_CONTINUATION|2024-12-06T05:45:00+00:00|-1,90,2024-12-06 07:15:00.869000+00:00,2024-12-06 07:15:00.886000+00:00,True,149.988,149.995,-6.800000000001205,14.900000000000091,-13.300000000000978,True,True,2.3066666666666666,0.1094527363183686,2.3360849056603517,28.299999999998704,9518,149.829
2024H2|J_PULLBACK_CONTINUATION|2024-12-06T05:45:00+00:00|-1,120,2024-12-06 07:45:00.869000+00:00,2024-12-06 07:45:00.998000+00:00,True,150.132,150.138,-21.100000000001273,14.900000000000091,-24.899999999999523,True,True,1.8966666666666667,0.5376344086020289,3.1865373645180024,39.90000000000009,13070,149.829
2024H2|J_PULLBACK_CONTINUATION|2024-12-09T01:30:00+00:00|-1,15,2024-12-09 01:45:00.260000+00:00,2024-12-09 01:45:00.417000+00:00,True,150.007,150.016,-24.199999999999022,1.6999999999995907,-25.899999999998613,False,True,3.1133333333333333,0.8404907975459588,1.9363957597173542,27.40000000000009,1874,149.689
2024H2|J_PULLBACK_CONTINUATION|2024-12-09T01:30:00+00:00|-1,30,2024-12-09 02:00:00.260000+00:00,2024-12-09 02:00:00.353000+00:00,True,149.91,149.918,-14.400000000000546,1.6999999999995907,-28.49999999999966,False,True,2.58,0.6761904761905226,2.0449438202247956,29.90000000000066,3891,149.689
2024H2|J_PULLBACK_CONTINUATION|2024-12-09T01:30:00+00:00|-1,60,2024-12-09 02:30:00.260000+00:00,2024-12-09 02:30:01.254000+00:00,True,149.958,149.965,-19.10000000000025,1.6999999999995907,-28.49999999999966,False,True,1.5,0.8219178082191247,2.2230483271376507,29.90000000000066,7091,149.689
2024H2|J_PULLBACK_CONTINUATION|2024-12-09T01:30:00+00:00|-1,90,2024-12-09 03:00:00.260000+00:00,2024-12-09 03:00:01.227000+00:00,True,149.909,149.916,-14.19999999999959,1.6999999999995907,-28.49999999999966,False,False,1.2966666666666666,0.20652173913021987,2.251748251748394,29.90000000000066,9879,149.689
2024H2|J_PULLBACK_CONTINUATION|2024-12-09T01:30:00+00:00|-1,120,2024-12-09 03:30:00.260000+00:00,2024-12-09 03:30:00.277000+00:00,True,149.959,149.965,-19.10000000000025,1.6999999999995907,-28.49999999999966,False,True,1.47,0.6470588235294117,2.432306798373208,29.90000000000066,12470,149.689
2024H2|J_PULLBACK_CONTINUATION|2024-12-17T23:00:00+00:00|-1,15,2024-12-17 23:15:00.089000+00:00,2024-12-17 23:15:00.124000+00:00,True,153.517,153.518,-7.699999999999818,3.900000000001569,-9.299999999998931,False,True,0.4033333333333333,0.04687499999978484,1.488888888888712,13.399999999998613,507,153.271
2024H2|J_PULLBACK_CONTINUATION|2024-12-17T23:00:00+00:00|-1,30,2024-12-17 23:30:00.089000+00:00,2024-12-17 23:30:00.478000+00:00,True,153.579,153.589,-14.799999999999613,3.900000000001569,-15.000000000000568,False,True,0.5633333333333334,0.5,2.0956790123455202,19.39999999999884,1011,153.271
2024H2|J_PULLBACK_CONTINUATION|2024-12-17T23:00:00+00:00|-1,60,2024-12-18 00:00:00.089000+00:00,2024-12-18 00:00:00.492000+00:00,True,153.575,153.579,-13.800000000000523,3.900000000001569,-16.200000000000614,False,True,0.006666666666666667,0.07185628742515171,2.056777856635819,20.699999999999363,2212,153.271
2024H2|J_PULLBACK_CONTINUATION|2024-12-17T23:00:00+00:00|-1,90,2024-12-18 00:30:00.089000+00:00,2024-12-18 00:30:00.091000+00:00,True,153.682,153.689,-24.799999999999045,3.900000000001569,-29.599999999999227,False,True,1.1833333333333333,0.1538461538462379,3.263157894736871,34.10000000000082,5364,153.271
2024H2|J_PULLBACK_CONTINUATION|2024-12-17T23:00:00+00:00|-1,120,2024-12-18 01:00:00.089000+00:00,2024-12-18 01:00:00.542000+00:00,True,153.687,153.693,-25.200000000000955,3.900000000001569,-33.099999999998886,False,True,2.59,0.7131147540984217,3.3003134796237514,37.60000000000048,9104,153.271
2024H2|J_PULLBACK_CONTINUATION|2024-12-18T07:15:00+00:00|-1,15,2024-12-18 07:30:14.188000+00:00,2024-12-18 07:30:15.420000+00:00,True,153.39,153.399,3.6000000000001364,7.900000000000773,-2.899999999999636,False,False,1.4766666666666666,0.06951871657742226,1.0318725099600663,11.099999999999,1322,153.332
2024H2|J_PULLBACK_CONTINUATION|2024-12-18T07:15:00+00:00|-1,30,2024-12-18 07:45:14.188000+00:00,2024-12-18 07:45:14.311000+00:00,True,153.547,153.555,-12.000000000000455,7.900000000000773,-13.599999999999568,False,True,2.2066666666666666,0.630630630630626,2.0602327173166888,21.4999999999975,2860,153.332
2024H2|J_PULLBACK_CONTINUATION|2024-12-18T07:15:00+00:00|-1,60,2024-12-18 08:15:14.188000+00:00,2024-12-18 08:15:14.818000+00:00,True,153.541,153.547,-11.199999999999477,7.900000000000773,-21.699999999998454,False,True,1.95,0.5374999999999955,2.9921372408860663,29.899999999997817,6930,153.332
2024H2|J_PULLBACK_CONTINUATION|2024-12-18T07:15:00+00:00|-1,90,2024-12-18 08:45:14.188000+00:00,2024-12-18 08:45:15.486000+00:00,True,153.592,153.597,-16.200000000000614,7.900000000000773,-21.699999999998454,False,True,1.75,0.5689655172414385,2.9583038869255365,29.899999999997817,9433,153.332
2024H2|J_PULLBACK_CONTINUATION|2024-12-18T07:15:00+00:00|-1,120,2024-12-18 09:15:14.188000+00:00,2024-12-18 09:15:16.334000+00:00,True,153.681,153.689,-25.399999999999068,7.900000000000773,-25.399999999999068,False,True,1.6333333333333333,0.47887323943651827,3.1680216802165035,33.399999999997476,12115,153.332
2024H2|J_PULLBACK_CONTINUATION|2024-12-20T15:15:00+00:00|-1,15,2024-12-20 15:30:00.172000+00:00,2024-12-20 15:30:00.734000+00:00,True,156.728,156.736,-22.59999999999991,3.0000000000001137,-26.099999999999568,False,True,4.963333333333333,0.9189189189189937,1.5920281359906054,29.09999999999968,4348,156.317
2024H2|J_PULLBACK_CONTINUATION|2024-12-20T15:15:00+00:00|-1,30,2024-12-20 15:45:00.172000+00:00,2024-12-20 15:45:00.233000+00:00,True,156.605,156.617,-10.699999999999932,3.0000000000001137,-27.50000000000057,False,False,4.533333333333333,0.7777777777779142,1.6284069097888594,30.299999999999727,8417,156.317
2024H2|J_PULLBACK_CONTINUATION|2024-12-20T15:15:00+00:00|-1,60,2024-12-20 16:15:00.172000+00:00,2024-12-20 16:15:00.202000+00:00,True,156.565,156.573,-6.30000000000166,3.7999999999982492,-27.50000000000057,False,False,2.3133333333333335,0.7631578947368347,1.5351963211885669,31.000000000000227,15202,156.317
2024H2|J_PULLBACK_CONTINUATION|2024-12-20T15:15:00+00:00|-1,90,2024-12-20 16:45:00.172000+00:00,2024-12-20 16:45:00.321000+00:00,True,156.223,156.234,27.599999999998204,39.59999999999866,-27.50000000000057,True,False,4.193333333333333,0.9440559440560747,3.1194129419613765,66.80000000000064,22066,156.317
2024H2|J_PULLBACK_CONTINUATION|2024-12-20T15:15:00+00:00|-1,120,2024-12-20 17:15:00.172000+00:00,2024-12-20 17:15:00.642000+00:00,True,156.009,156.018,49.19999999999902,50.99999999999909,-27.50000000000057,True,False,2.203333333333333,0.09565217391302194,3.9839883551675452,78.20000000000107,27660,156.317
2024H2|J_PULLBACK_CONTINUATION|2024-12-30T17:00:00+00:00|-1,15,2024-12-30 17:15:00.109000+00:00,2024-12-30 17:15:00.169000+00:00,True,157.22,157.228,3.299999999998704,4.099999999999682,-9.800000000001319,False,False,1.5833333333333333,0.2835820895522895,0.7175572519083357,14.099999999999113,1891,156.669
2024H2|J_PULLBACK_CONTINUATION|2024-12-30T17:00:00+00:00|-1,30,2024-12-30 17:30:00.109000+00:00,2024-12-30 17:30:00.310000+00:00,True,157.234,157.241,1.999999999998181,6.799999999998363,-9.800000000001319,False,False,1.9666666666666666,0.42647058823516504,0.8517304189435229,16.70000000000016,3434,156.669
2024H2|J_PULLBACK_CONTINUATION|2024-12-30T17:00:00+00:00|-1,60,2024-12-30 18:00:00.109000+00:00,2024-12-30 18:00:00.290000+00:00,True,157.147,157.151,10.999999999998522,13.999999999998636,-9.800000000001319,False,False,1.9566666666666668,0.36470588235297663,1.2795698924730952,23.799999999999955,6040,156.669
2024H2|J_PULLBACK_CONTINUATION|2024-12-30T17:00:00+00:00|-1,90,2024-12-30 18:30:00.109000+00:00,2024-12-30 18:30:01.593000+00:00,True,157.1,157.106,15.500000000000114,21.50000000000034,-9.800000000001319,False,False,1.39,0.8787878787878614,1.9397963700753207,31.30000000000166,8564,156.669
2024H2|J_PULLBACK_CONTINUATION|2024-12-30T17:00:00+00:00|-1,120,2024-12-30 19:00:00.109000+00:00,2024-12-30 19:00:00.771000+00:00,True,156.969,156.977,28.39999999999918,31.19999999999834,-9.800000000001319,False,False,1.1,0.4677419354837231,3.4372759856629638,41.100000000000136,10610,156.669
2024H2|J_PULLBACK_CONTINUATION|2024-12-31T00:30:00+00:00|-1,15,2024-12-31 00:45:00.081000+00:00,2024-12-31 00:45:01.238000+00:00,True,156.791,156.802,7.500000000001705,7.699999999999818,-5.299999999999727,True,False,2.1633333333333336,0.9863945578230635,1.620539599651723,13.299999999998136,1318,156.827
2024H2|J_PULLBACK_CONTINUATION|2024-12-31T00:30:00+00:00|-1,30,2024-12-31 01:00:00.081000+00:00,2024-12-31 01:00:00.107000+00:00,True,156.692,156.701,17.600000000001614,17.700000000002092,-5.299999999999727,True,False,2.3966666666666665,0.4418604651163406,2.6771523178807977,23.099999999999454,3000,156.827
2024H2|J_PULLBACK_CONTINUATION|2024-12-31T00:30:00+00:00|-1,60,2024-12-31 01:30:00.081000+00:00,2024-12-31 01:30:00.447000+00:00,True,156.434,156.448,42.900000000000205,43.00000000000068,-5.299999999999727,True,False,2.61,0.6455696202530621,4.409090909090961,48.49999999999852,6273,156.827
2024H2|J_PULLBACK_CONTINUATION|2024-12-31T00:30:00+00:00|-1,90,2024-12-31 02:00:00.081000+00:00,2024-12-31 02:00:00.160000+00:00,True,156.439,156.449,42.79999999999973,50.200000000000955,-5.299999999999727,True,False,2.0966666666666667,0.33035714285712925,4.80442804428045,55.79999999999927,11365,156.827
2024H2|J_PULLBACK_CONTINUATION|2024-12-31T00:30:00+00:00|-1,120,2024-12-31 02:30:00.081000+00:00,2024-12-31 02:30:00.437000+00:00,True,156.447,156.458,41.900000000001114,50.200000000000955,-5.299999999999727,True,False,1.44,0.5492957746481242,5.066147859922108,55.79999999999927,14264,156.827
2024H2|J_PULLBACK_CONTINUATION|2024-12-31T07:15:00+00:00|-1,15,2024-12-31 07:30:00.074000+00:00,2024-12-31 07:30:00.159000+00:00,True,156.142,156.149,20.300000000000296,20.199999999999818,-1.4999999999986358,False,False,1.9566666666666668,0.4210526315789376,2.1446808510638298,21.60000000000082,1437,156.134
2024H2|J_PULLBACK_CONTINUATION|2024-12-31T07:15:00+00:00|-1,30,2024-12-31 07:45:00.074000+00:00,2024-12-31 07:45:00.828000+00:00,True,156.145,156.153,19.900000000001228,28.000000000000114,-1.4999999999986358,True,False,2.1,0.0,2.898891966758976,29.90000000000066,3315,156.134
2024H2|J_PULLBACK_CONTINUATION|2024-12-31T07:15:00+00:00|-1,60,2024-12-31 08:15:00.074000+00:00,2024-12-31 08:15:00.732000+00:00,True,156.108,156.114,23.799999999999955,28.000000000000114,-1.4999999999986358,True,False,1.3866666666666667,0.09016393442620474,2.908964558721355,29.90000000000066,6150,156.134
2024H2|J_PULLBACK_CONTINUATION|2024-12-31T07:15:00+00:00|-1,90,2024-12-31 08:45:00.074000+00:00,2024-12-31 08:45:00.142000+00:00,True,156.095,156.105,24.70000000000141,32.59999999999934,-1.4999999999986358,True,False,2.0566666666666666,0.33870967741938074,3.094928478543629,34.00000000000034,9716,156.134
2024H2|J_PULLBACK_CONTINUATION|2024-12-31T07:15:00+00:00|-1,120,2024-12-31 09:15:00.074000+00:00,2024-12-31 09:15:00.127000+00:00,True,156.254,156.262,9.000000000000341,32.59999999999934,-1.4999999999986358,True,True,1.88,0.1610738255033608,2.8451882845189505,34.00000000000034,13056,156.134
