trade_id,realized_pl_jpy,time_to_mfe_seconds,exit_tick_utc,entry_tick_utc,candidate_pl_jpy,admitted,candidate_exit_tick_utc,transition_reason,reference_rank,reference_winner,candidate_preserved_50pct,avoided_loss_jpy,sacrificed_profit_jpy
2023H2|J_PULLBACK_CONTINUATION|2023-12-13T18:30:00+00:00|-1,2622.0,14397.193,2023-12-13 22:30:00.347000+00:00,2023-12-13 18:30:00.432000+00:00,0.0,False,,ENTRY_REJECT_BASELINE_COEXPOSURE,1,True,False,0.0,2622.0
2024H2|J_PULLBACK_CONTINUATION|2024-07-31T04:30:00+00:00|-1,2078.0,13298.136,2024-07-31 08:30:00.033000+00:00,2024-07-31 04:30:00.194000+00:00,0.0,False,,ENTRY_REJECT_BASELINE_COEXPOSURE,2,True,False,0.0,2078.0
2024H2|J_PULLBACK_CONTINUATION|2024-08-02T12:15:00+00:00|-1,1833.0,11527.561,2024-08-02 16:15:00.074000+00:00,2024-08-02 12:15:00.466000+00:00,0.0,False,,ENTRY_REJECT_BASELINE_COEXPOSURE,3,True,False,0.0,1833.0
2024H2|J_PULLBACK_CONTINUATION|2024-07-12T09:15:00+00:00|-1,1684.0,14397.191,2024-07-12 13:15:00.057000+00:00,2024-07-12 09:15:02.490000+00:00,1683.9999999999975,True,2024-07-12 13:15:00.057000+00:00,REFERENCE_HOLD_240M,4,True,True,0.0,2.5011104298755527e-12
2024H2|J_PULLBACK_CONTINUATION|2024-09-11T01:30:00+00:00|-1,1453.0,14041.501,2024-09-11 05:30:00.033000+00:00,2024-09-11 01:30:00.002000+00:00,0.0,False,,ENTRY_REJECT_BASELINE_COEXPOSURE,5,True,False,0.0,1453.0
2023H1|J_PULLBACK_CONTINUATION|2023-03-13T08:45:00+00:00|-1,1425.0,13753.158,2023-03-13 12:45:00.160000+00:00,2023-03-13 08:45:00.041000+00:00,0.0,False,,ENTRY_REJECT_BASELINE_COEXPOSURE,6,True,False,0.0,1425.0
2024H2|J_PULLBACK_CONTINUATION|2024-08-04T22:45:00+00:00|-1,1273.0,9023.052,2024-08-05 02:45:00.725000+00:00,2024-08-04 22:45:00.177000+00:00,0.0,False,,ENTRY_REJECT_BASELINE_COEXPOSURE,7,True,False,0.0,1273.0
2024H2|J_PULLBACK_CONTINUATION|2024-08-19T00:15:00+00:00|-1,1249.0,13249.361,2024-08-19 04:15:00.100000+00:00,2024-08-19 00:15:00.101000+00:00,1248.9999999999952,True,2024-08-19 04:15:00.100000+00:00,REFERENCE_HOLD_240M,8,True,True,0.0,4.774847184307873e-12
2023H2|J_PULLBACK_CONTINUATION|2023-07-12T12:30:00+00:00|-1,1160.0,12191.606,2023-07-12 16:30:01.438000+00:00,2023-07-12 12:30:00.037000+00:00,1159.9999999999966,True,2023-07-12 16:30:01.438000+00:00,REFERENCE_HOLD_240M,9,True,True,0.0,3.410605131648481e-12
2023H2|J_PULLBACK_CONTINUATION|2023-12-07T12:30:00+00:00|-1,1058.0,12817.448,2023-12-07 16:30:00.085000+00:00,2023-12-07 12:30:00.004000+00:00,0.0,False,,ENTRY_REJECT_BASELINE_COEXPOSURE,10,True,False,0.0,1058.0
2023H2|J_PULLBACK_CONTINUATION|2023-12-07T03:30:00+00:00|-1,1040.0,13789.933,2023-12-07 07:30:00.042000+00:00,2023-12-07 03:30:00.111000+00:00,0.0,False,,ENTRY_REJECT_BASELINE_COEXPOSURE,11,True,False,0.0,1040.0
2023H2|J_PULLBACK_CONTINUATION|2023-07-07T12:00:00+00:00|-1,1017.0,10534.328,2023-07-07 16:00:00.026000+00:00,2023-07-07 12:00:00.105000+00:00,0.0,False,,ENTRY_REJECT_BASELINE_COEXPOSURE,12,True,False,0.0,1017.0
2024H2|J_PULLBACK_CONTINUATION|2024-09-04T13:15:00+00:00|-1,1002.0,5208.318,2024-09-04 17:15:00.106000+00:00,2024-09-04 13:15:00.020000+00:00,0.0,False,,ENTRY_REJECT_BASELINE_COEXPOSURE,13,True,False,0.0,1002.0
2023H1|J_PULLBACK_CONTINUATION|2023-03-20T03:15:00+00:00|-1,966.0,14044.443,2023-03-20 07:15:00.035000+00:00,2023-03-20 03:15:01.096000+00:00,966.0000000000082,True,2023-03-20 07:15:00.035000+00:00,REFERENCE_HOLD_240M,14,True,True,0.0,-8.185452315956354e-12
2023H1|J_PULLBACK_CONTINUATION|2023-01-12T13:45:00+00:00|-1,957.0,13939.517,2023-01-12 17:45:00.128000+00:00,2023-01-12 13:45:00.047000+00:00,0.0,False,,ENTRY_REJECT_BASELINE_COEXPOSURE,15,True,False,0.0,957.0
2023H1|J_PULLBACK_CONTINUATION|2023-01-12T08:45:00+00:00|-1,947.0,13633.968,2023-01-12 12:45:00.179000+00:00,2023-01-12 08:45:00.163000+00:00,0.0,False,,ENTRY_REJECT_BASELINE_COEXPOSURE,16,True,False,0.0,947.0
2024H1|J_PULLBACK_CONTINUATION|2024-06-04T04:30:00+00:00|-1,898.0,13371.076,2024-06-04 08:30:00.041000+00:00,2024-06-04 04:30:08.819000+00:00,897.9999999999961,True,2024-06-04 08:30:00.041000+00:00,REFERENCE_HOLD_240M,17,True,True,0.0,3.865352482534945e-12
2024H2|J_PULLBACK_CONTINUATION|2024-07-24T01:15:00+00:00|-1,875.0,14030.117,2024-07-24 05:15:01.675000+00:00,2024-07-24 01:15:00.093000+00:00,0.0,False,,ENTRY_REJECT_BASELINE_COEXPOSURE,18,True,False,0.0,875.0
2024H1|J_PULLBACK_CONTINUATION|2024-05-02T10:45:00+00:00|-1,812.0,12004.883,2024-05-02 14:45:00.095000+00:00,2024-05-02 10:45:00.213000+00:00,0.0,False,,ENTRY_REJECT_BASELINE_COEXPOSURE,19,True,False,0.0,812.0
2024H2|J_PULLBACK_CONTINUATION|2024-11-27T13:00:00+00:00|-1,770.0,13821.047,2024-11-27 17:00:00.081000+00:00,2024-11-27 13:00:00.072000+00:00,0.0,False,,ENTRY_REJECT_BASELINE_COEXPOSURE,20,True,False,0.0,770.0
2024H2|J_PULLBACK_CONTINUATION|2024-08-20T13:00:00+00:00|-1,768.0,14322.281,2024-08-20 17:00:00.049000+00:00,2024-08-20 13:00:00.060000+00:00,0.0,False,,ENTRY_REJECT_BASELINE_COEXPOSURE,21,True,False,0.0,768.0
2024H2|J_PULLBACK_CONTINUATION|2024-11-27T06:15:00+00:00|-1,767.0,13951.959,2024-11-27 10:15:00.072000+00:00,2024-11-27 06:15:00.131000+00:00,0.0,False,,ENTRY_REJECT_BASELINE_COEXPOSURE,22,True,False,0.0,767.0
2024H1|J_PULLBACK_CONTINUATION|2024-05-03T09:15:00+00:00|-1,749.0,12289.433,2024-05-03 13:15:00.150000+00:00,2024-05-03 09:15:00.085000+00:00,0.0,False,,ENTRY_REJECT_BASELINE_COEXPOSURE,23,True,False,0.0,749.0
2023H2|J_PULLBACK_CONTINUATION|2023-12-21T10:45:00+00:00|-1,746.0,10642.686,2023-12-21 14:45:00.038000+00:00,2023-12-21 10:45:00.303000+00:00,745.9999999999809,True,2023-12-21 14:45:00.038000+00:00,REFERENCE_HOLD_240M,24,True,True,0.0,1.9099388737231493e-11
2024H2|J_PULLBACK_CONTINUATION|2024-09-27T15:30:00+00:00|-1,746.0,10878.65,2024-09-27 19:30:00.448000+00:00,2024-09-27 15:30:00.082000+00:00,0.0,False,,ENTRY_REJECT_BASELINE_COEXPOSURE,25,True,False,0.0,746.0
2023H1|J_PULLBACK_CONTINUATION|2023-04-13T09:15:00+00:00|-1,738.0,14379.692,2023-04-13 13:15:00.090000+00:00,2023-04-13 09:15:00.232000+00:00,0.0,False,,ENTRY_REJECT_BASELINE_COEXPOSURE,26,True,False,0.0,738.0
2023H1|J_PULLBACK_CONTINUATION|2023-01-13T04:00:00+00:00|-1,733.0,14084.434,2023-01-13 08:00:00.030000+00:00,2023-01-13 04:00:02.385000+00:00,733.0000000000041,True,2023-01-13 08:00:00.030000+00:00,REFERENCE_HOLD_240M,27,True,True,0.0,-4.092726157978177e-12
2023H2|J_PULLBACK_CONTINUATION|2023-11-20T06:45:00+00:00|-1,732.0,10387.81,2023-11-20 10:45:00.159000+00:00,2023-11-20 06:45:00.021000+00:00,0.0,False,,ENTRY_REJECT_BASELINE_COEXPOSURE,28,True,False,0.0,732.0
2023H2|J_PULLBACK_CONTINUATION|2023-08-23T12:30:00+00:00|-1,721.0,11458.2,2023-08-23 16:30:00.239000+00:00,2023-08-23 12:30:00.515000+00:00,0.0,False,,ENTRY_REJECT_BASELINE_COEXPOSURE,29,True,False,0.0,721.0
2024H2|J_PULLBACK_CONTINUATION|2024-11-26T23:45:00+00:00|-1,721.0,14125.846,2024-11-27 03:45:00.082000+00:00,2024-11-26 23:45:00.009000+00:00,0.0,False,,ENTRY_REJECT_BASELINE_COEXPOSURE,30,True,False,0.0,721.0
2023H2|J_PULLBACK_CONTINUATION|2023-11-20T01:15:00+00:00|-1,713.0,11292.923,2023-11-20 05:15:00.137000+00:00,2023-11-20 01:15:00.199000+00:00,712.9999999999939,True,2023-11-20 05:15:00.137000+00:00,REFERENCE_HOLD_240M,31,True,True,0.0,6.139089236967266e-12
2024H2|J_PULLBACK_CONTINUATION|2024-11-15T12:30:00+00:00|-1,710.0,13236.726,2024-11-15 16:30:00.026000+00:00,2024-11-15 12:30:00.130000+00:00,0.0,False,,ENTRY_REJECT_BASELINE_COEXPOSURE,32,True,False,0.0,710.0
2023H2|J_PULLBACK_CONTINUATION|2023-07-10T13:15:00+00:00|-1,709.0,11940.896,2023-07-10 17:15:01.732000+00:00,2023-07-10 13:15:00.444000+00:00,709.0000000000032,True,2023-07-10 17:15:01.732000+00:00,REFERENCE_HOLD_240M,33,True,True,0.0,-3.183231456205249e-12
2024H1|J_PULLBACK_CONTINUATION|2024-03-07T06:15:00+00:00|-1,707.0,8470.344,2024-03-07 10:15:01.446000+00:00,2024-03-07 06:15:00.177000+00:00,0.0,False,,ENTRY_REJECT_BASELINE_COEXPOSURE,34,True,False,0.0,707.0
2023H1|J_PULLBACK_CONTINUATION|2023-03-22T23:15:00+00:00|-1,693.0,14041.699,2023-03-23 03:15:00.293000+00:00,2023-03-22 23:15:00.162000+00:00,0.0,False,,ENTRY_REJECT_BASELINE_COEXPOSURE,35,True,False,0.0,693.0
2024H1|J_PULLBACK_CONTINUATION|2024-06-03T12:30:00+00:00|-1,689.0,12368.059,2024-06-03 16:30:01.605000+00:00,2024-06-03 12:30:00.296000+00:00,0.0,False,,ENTRY_REJECT_BASELINE_COEXPOSURE,36,True,False,0.0,689.0
2023H1|J_PULLBACK_CONTINUATION|2023-05-03T18:00:00+00:00|-1,684.0,12675.064,2023-05-03 22:00:00.147000+00:00,2023-05-03 18:00:00.148000+00:00,0.0,False,,ENTRY_REJECT_BASELINE_COEXPOSURE,37,True,False,0.0,684.0
2024H1|J_PULLBACK_CONTINUATION|2024-01-24T11:45:00+00:00|-1,676.0,9913.123,2024-01-24 15:45:00.093000+00:00,2024-01-24 11:45:00.691000+00:00,0.0,False,,ENTRY_REJECT_BASELINE_COEXPOSURE,38,True,False,0.0,676.0
2024H1|J_PULLBACK_CONTINUATION|2024-03-08T08:15:00+00:00|-1,657.0,5614.452,2024-03-08 12:15:05.434000+00:00,2024-03-08 08:15:00.792000+00:00,657.0000000000107,True,2024-03-08 12:15:05.434000+00:00,REFERENCE_HOLD_240M,39,True,True,0.0,-1.0686562745831907e-11
2023H1|J_PULLBACK_CONTINUATION|2023-01-08T23:15:00+00:00|-1,640.0,13602.617,2023-01-09 03:15:00.350000+00:00,2023-01-08 23:15:00.066000+00:00,0.0,False,,ENTRY_REJECT_BASELINE_COEXPOSURE,40,True,False,0.0,640.0
2023H2|J_PULLBACK_CONTINUATION|2023-11-20T22:45:00+00:00|-1,639.0,14386.519,2023-11-21 02:45:00.250000+00:00,2023-11-20 22:45:03.914000+00:00,638.9999999999816,True,2023-11-21 02:45:00.250000+00:00,REFERENCE_HOLD_240M,41,True,True,0.0,1.8417267710901797e-11
2023H1|J_PULLBACK_CONTINUATION|2023-04-05T11:30:00+00:00|-1,627.0,9205.066,2023-04-05 15:30:00.038000+00:00,2023-04-05 11:30:00.053000+00:00,626.9999999999811,True,2023-04-05 15:30:00.038000+00:00,REFERENCE_HOLD_240M,42,True,True,0.0,1.887201506178826e-11
2024H2|J_PULLBACK_CONTINUATION|2024-07-24T21:00:00+00:00|-1,591.0,13722.193,2024-07-25 01:00:00.380000+00:00,2024-07-24 21:00:00.022000+00:00,0.0,False,,ENTRY_REJECT_BASELINE_COEXPOSURE,43,True,False,0.0,591.0
2023H1|J_PULLBACK_CONTINUATION|2023-05-04T11:00:00+00:00|-1,589.0,12805.951,2023-05-04 15:00:00.170000+00:00,2023-05-04 11:00:00.216000+00:00,0.0,False,,ENTRY_REJECT_BASELINE_COEXPOSURE,44,True,False,0.0,589.0
2024H1|J_PULLBACK_CONTINUATION|2024-01-08T23:15:00+00:00|-1,589.0,10292.213,2024-01-09 03:15:00.597000+00:00,2024-01-08 23:15:00.041000+00:00,0.0,False,,ENTRY_REJECT_BASELINE_COEXPOSURE,45,True,False,0.0,589.0
2023H1|J_PULLBACK_CONTINUATION|2023-03-12T23:00:00+00:00|-1,568.0,14260.096,2023-03-13 03:00:00.038000+00:00,2023-03-12 23:00:00.066000+00:00,567.9999999999836,True,2023-03-13 03:00:00.038000+00:00,REFERENCE_HOLD_240M,46,True,True,0.0,1.6370904631912708e-11
2024H2|J_PULLBACK_CONTINUATION|2024-11-08T06:30:00+00:00|-1,566.0,13042.133,2024-11-08 10:30:00.092000+00:00,2024-11-08 06:30:00.072000+00:00,0.0,False,,ENTRY_REJECT_BASELINE_COEXPOSURE,47,True,False,0.0,566.0
2023H2|J_PULLBACK_CONTINUATION|2023-07-11T00:30:00+00:00|-1,555.0,8911.556,2023-07-11 04:30:00.159000+00:00,2023-07-11 00:30:01.006000+00:00,0.0,False,,ENTRY_REJECT_BASELINE_COEXPOSURE,48,True,False,0.0,555.0
2023H2|J_PULLBACK_CONTINUATION|2023-07-11T06:15:00+00:00|-1,546.0,14375.936,2023-07-11 10:15:00.718000+00:00,2023-07-11 06:15:00.002000+00:00,0.0,False,,ENTRY_REJECT_BASELINE_COEXPOSURE,49,True,False,0.0,546.0
2024H2|J_PULLBACK_CONTINUATION|2024-11-21T04:45:00+00:00|-1,546.0,14347.285,2024-11-21 08:45:00.026000+00:00,2024-11-21 04:45:00.074000+00:00,545.9999999999923,True,2024-11-21 08:45:00.026000+00:00,REFERENCE_HOLD_240M,50,True,True,0.0,7.73070496506989e-12
2024H1|J_PULLBACK_CONTINUATION|2024-05-15T14:30:00+00:00|-1,537.0,11388.311,2024-05-15 18:30:00.094000+00:00,2024-05-15 14:30:00.072000+00:00,0.0,False,,ENTRY_REJECT_BASELINE_COEXPOSURE,51,True,False,0.0,537.0
2023H2|J_PULLBACK_CONTINUATION|2023-10-27T11:45:00+00:00|-1,529.0,11898.359,2023-10-27 15:45:01.138000+00:00,2023-10-27 11:45:00.055000+00:00,0.0,False,,ENTRY_REJECT_BASELINE_COEXPOSURE,52,True,False,0.0,529.0
2024H2|J_PULLBACK_CONTINUATION|2024-09-16T03:30:00+00:00|-1,523.0,14161.099,2024-09-16 07:30:00.092000+00:00,2024-09-16 03:30:00.485000+00:00,0.0,False,,ENTRY_REJECT_BASELINE_COEXPOSURE,53,True,False,0.0,523.0
2024H2|J_PULLBACK_CONTINUATION|2024-10-31T14:30:00+00:00|-1,508.0,13827.092,2024-10-31 18:30:00.098000+00:00,2024-10-31 14:30:00.062000+00:00,0.0,False,,ENTRY_REJECT_BASELINE_COEXPOSURE,54,True,False,0.0,508.0
2024H2|J_PULLBACK_CONTINUATION|2024-12-31T00:30:00+00:00|-1,492.0,9093.512,2024-12-31 04:30:00.835000+00:00,2024-12-31 00:30:00.081000+00:00,492.00000000001864,True,2024-12-31 04:30:00.835000+00:00,REFERENCE_HOLD_240M,55,True,True,0.0,-1.864464138634503e-11
2024H1|J_PULLBACK_CONTINUATION|2024-05-02T04:30:00+00:00|-1,482.0,6399.317,2024-05-02 08:30:00.726000+00:00,2024-05-02 04:30:00.496000+00:00,481.9999999999993,True,2024-05-02 08:30:00.726000+00:00,REFERENCE_HOLD_240M,56,True,True,0.0,6.821210263296962e-13
2024H2|J_PULLBACK_CONTINUATION|2024-08-01T20:15:00+00:00|-1,481.0,12402.943,2024-08-02 00:15:00.440000+00:00,2024-08-01 20:15:00.113000+00:00,0.0,False,,ENTRY_REJECT_BASELINE_COEXPOSURE,57,True,False,0.0,481.0
2024H2|J_PULLBACK_CONTINUATION|2024-09-13T05:30:00+00:00|-1,479.0,9931.612,2024-09-13 09:30:00.232000+00:00,2024-09-13 05:30:00.458000+00:00,0.0,False,,ENTRY_REJECT_BASELINE_COEXPOSURE,58,True,False,0.0,479.0
2023H2|J_PULLBACK_CONTINUATION|2023-07-07T03:15:00+00:00|-1,470.0,12723.448,2023-07-07 07:15:00.171000+00:00,2023-07-07 03:15:00.019000+00:00,469.99999999999886,True,2023-07-07 07:15:00.171000+00:00,REFERENCE_HOLD_240M,59,True,True,0.0,1.1368683772161603e-12
2024H2|J_PULLBACK_CONTINUATION|2024-12-20T15:15:00+00:00|-1,466.0,9521.486,2024-12-20 19:15:00.073000+00:00,2024-12-20 15:15:00.172000+00:00,0.0,False,,ENTRY_REJECT_BASELINE_COEXPOSURE,60,True,False,0.0,466.0
2023H2|J_PULLBACK_CONTINUATION|2023-10-05T00:15:00+00:00|-1,462.0,3502.129,2023-10-05 04:15:14.494000+00:00,2023-10-05 00:15:00.188000+00:00,461.9999999999891,True,2023-10-05 04:15:14.494000+00:00,REFERENCE_HOLD_240M,61,True,True,0.0,1.0913936421275139e-11
2024H2|J_PULLBACK_CONTINUATION|2024-07-24T07:45:00+00:00|-1,457.0,14398.322,2024-07-24 11:45:00.051000+00:00,2024-07-24 07:45:00.095000+00:00,0.0,False,,ENTRY_REJECT_BASELINE_COEXPOSURE,62,True,False,0.0,457.0
2024H1|J_PULLBACK_CONTINUATION|2024-03-06T21:00:00+00:00|-1,456.0,14071.048,2024-03-07 01:00:00.103000+00:00,2024-03-06 21:00:00.059000+00:00,0.0,False,,ENTRY_REJECT_BASELINE_COEXPOSURE,63,True,False,0.0,456.0
2023H1|J_PULLBACK_CONTINUATION|2023-04-25T15:45:00+00:00|-1,454.0,8997.369,2023-04-25 19:45:00.124000+00:00,2023-04-25 15:45:00.267000+00:00,0.0,False,,ENTRY_REJECT_BASELINE_COEXPOSURE,64,True,False,0.0,454.0
2023H1|J_PULLBACK_CONTINUATION|2023-03-09T08:15:00+00:00|-1,452.0,11592.962,2023-03-09 12:15:00.062000+00:00,2023-03-09 08:15:00.346000+00:00,451.9999999999982,True,2023-03-09 12:15:00.062000+00:00,REFERENCE_HOLD_240M,65,True,True,0.0,1.8189894035458565e-12
2024H2|J_PULLBACK_CONTINUATION|2024-11-18T23:15:00+00:00|-1,433.0,13848.062,2024-11-19 03:15:00.379000+00:00,2024-11-18 23:15:00.087000+00:00,0.0,False,,ENTRY_REJECT_BASELINE_COEXPOSURE,66,True,False,0.0,433.0
2024H2|J_PULLBACK_CONTINUATION|2024-12-30T17:00:00+00:00|-1,431.0,14337.013,2024-12-30 21:00:00.144000+00:00,2024-12-30 17:00:00.109000+00:00,0.0,False,,ENTRY_REJECT_BASELINE_COEXPOSURE,67,True,False,0.0,431.0
2023H1|J_PULLBACK_CONTINUATION|2023-02-01T13:15:00+00:00|-1,428.0,9690.352,2023-02-01 17:15:00.337000+00:00,2023-02-01 13:15:00.040000+00:00,0.0,False,,ENTRY_REJECT_BASELINE_COEXPOSURE,68,True,False,0.0,428.0
2024H2|J_PULLBACK_CONTINUATION|2024-11-26T17:00:00+00:00|-1,427.0,12690.654,2024-11-26 21:00:00.045000+00:00,2024-11-26 17:00:00.226000+00:00,0.0,False,,ENTRY_REJECT_BASELINE_COEXPOSURE,69,True,False,0.0,427.0
2024H2|J_PULLBACK_CONTINUATION|2024-07-23T06:45:00+00:00|-1,411.0,6629.839,2024-07-23 10:45:00.074000+00:00,2024-07-23 06:45:00.004000+00:00,0.0,False,,ENTRY_REJECT_BASELINE_COEXPOSURE,70,True,False,0.0,411.0
2024H1|J_PULLBACK_CONTINUATION|2024-03-06T04:15:00+00:00|-1,407.0,12752.678,2024-03-06 08:15:00.784000+00:00,2024-03-06 04:15:00.314000+00:00,406.99999999998226,True,2024-03-06 08:15:00.784000+00:00,REFERENCE_HOLD_240M,71,True,True,0.0,1.77351466845721e-11
2023H2|J_PULLBACK_CONTINUATION|2023-12-12T08:30:00+00:00|-1,399.0,11235.43,2023-12-12 12:30:00.011000+00:00,2023-12-12 08:30:00.132000+00:00,0.0,False,,ENTRY_REJECT_BASELINE_COEXPOSURE,72,True,False,0.0,399.0
2024H2|J_PULLBACK_CONTINUATION|2024-09-05T09:15:00+00:00|-1,389.0,11219.704,2024-09-05 13:15:00.319000+00:00,2024-09-05 09:15:00.126000+00:00,0.0,False,,ENTRY_REJECT_BASELINE_COEXPOSURE,73,True,False,0.0,389.0
2024H2|J_PULLBACK_CONTINUATION|2024-07-31T23:30:00+00:00|-1,383.0,7871.203,2024-08-01 03:30:00.161000+00:00,2024-07-31 23:30:00.618000+00:00,383.0000000000098,True,2024-08-01 03:30:00.161000+00:00,REFERENCE_HOLD_240M,74,True,True,0.0,-9.777068044058979e-12
2024H2|J_PULLBACK_CONTINUATION|2024-08-16T14:45:00+00:00|-1,378.0,13857.059,2024-08-16 18:45:00.829000+00:00,2024-08-16 14:45:00.029000+00:00,0.0,False,,ENTRY_REJECT_BASELINE_COEXPOSURE,75,True,False,0.0,378.0
2024H2|J_PULLBACK_CONTINUATION|2024-09-30T03:15:00+00:00|-1,376.0,11460.108,2024-09-30 07:15:00.091000+00:00,2024-09-30 03:15:00.060000+00:00,0.0,False,,ENTRY_REJECT_BASELINE_COEXPOSURE,76,True,False,0.0,376.0
2023H1|J_PULLBACK_CONTINUATION|2023-01-09T15:45:00+00:00|-1,374.0,4647.296,2023-01-09 19:45:10.137000+00:00,2023-01-09 15:45:00.213000+00:00,0.0,False,,ENTRY_REJECT_BASELINE_COEXPOSURE,77,True,False,0.0,374.0
2024H2|J_PULLBACK_CONTINUATION|2024-07-23T16:15:00+00:00|-1,367.0,5138.394,2024-07-23 20:15:00.193000+00:00,2024-07-23 16:15:01.932000+00:00,0.0,False,,ENTRY_REJECT_BASELINE_COEXPOSURE,78,True,False,0.0,367.0
2023H2|J_PULLBACK_CONTINUATION|2023-07-13T23:15:00+00:00|-1,363.0,8630.037,2023-07-14 03:15:00.050000+00:00,2023-07-13 23:15:00.086000+00:00,0.0,False,,ENTRY_REJECT_BASELINE_COEXPOSURE,79,True,False,0.0,363.0
2023H1|J_PULLBACK_CONTINUATION|2023-05-02T23:15:00+00:00|-1,360.0,10354.389,2023-05-03 03:15:01.058000+00:00,2023-05-02 23:15:22.205000+00:00,0.0,False,,ENTRY_REJECT_BASELINE_COEXPOSURE,80,True,False,0.0,360.0
2024H2|J_PULLBACK_CONTINUATION|2024-09-04T03:15:00+00:00|-1,357.0,13642.194,2024-09-04 07:15:00.144000+00:00,2024-09-04 03:15:00.437000+00:00,0.0,False,,ENTRY_REJECT_BASELINE_COEXPOSURE,81,True,False,0.0,357.0
2024H2|J_PULLBACK_CONTINUATION|2024-10-20T23:15:00+00:00|-1,355.0,8370.826,2024-10-21 03:15:03.401000+00:00,2024-10-20 23:15:03.604000+00:00,0.0,False,,ENTRY_REJECT_BASELINE_COEXPOSURE,82,True,False,0.0,355.0
2023H1|J_PULLBACK_CONTINUATION|2023-05-03T12:45:00+00:00|-1,351.0,9481.022,2023-05-03 16:45:00.282000+00:00,2023-05-03 12:45:00.194000+00:00,0.0,False,,ENTRY_REJECT_BASELINE_COEXPOSURE,83,True,False,0.0,351.0
2023H2|J_PULLBACK_CONTINUATION|2023-07-27T01:00:00+00:00|-1,344.0,4401.788,2023-07-27 05:00:00.093000+00:00,2023-07-27 01:00:00.167000+00:00,0.0,False,,ENTRY_REJECT_BASELINE_COEXPOSURE,84,True,False,0.0,344.0
2024H1|J_PULLBACK_CONTINUATION|2024-05-02T21:15:00+00:00|-1,344.0,9177.701,2024-05-03 01:15:00.320000+00:00,2024-05-02 21:15:00.097000+00:00,343.9999999999941,True,2024-05-03 01:15:00.320000+00:00,REFERENCE_HOLD_240M,85,True,True,0.0,5.9117155615240335e-12
2024H2|J_PULLBACK_CONTINUATION|2024-07-25T05:45:00+00:00|-1,343.0,9404.107,2024-07-25 09:45:00.155000+00:00,2024-07-25 05:45:00.316000+00:00,0.0,False,,ENTRY_REJECT_BASELINE_COEXPOSURE,86,True,False,0.0,343.0
2024H1|J_PULLBACK_CONTINUATION|2024-05-15T19:00:00+00:00|-1,340.0,13403.14,2024-05-15 23:00:00.048000+00:00,2024-05-15 19:00:00.140000+00:00,0.0,False,,ENTRY_REJECT_BASELINE_COEXPOSURE,87,True,False,0.0,340.0
2023H2|J_PULLBACK_CONTINUATION|2023-07-26T03:00:00+00:00|-1,332.0,12956.907,2023-07-26 07:00:00.104000+00:00,2023-07-26 03:00:00.070000+00:00,331.99999999999363,True,2023-07-26 07:00:00.104000+00:00,REFERENCE_HOLD_240M,88,True,True,0.0,6.366462912410498e-12
2023H1|J_PULLBACK_CONTINUATION|2023-03-17T17:30:00+00:00|-1,331.0,4999.203,2023-03-19 21:31:06.317000+00:00,2023-03-17 17:30:00.044000+00:00,0.0,False,,ENTRY_REJECT_BASELINE_COEXPOSURE,89,True,False,0.0,331.0
2023H1|J_PULLBACK_CONTINUATION|2023-01-18T23:00:00+00:00|-1,325.0,6841.465,2023-01-19 03:00:00.497000+00:00,2023-01-18 23:00:00.182000+00:00,325.00000000001705,True,2023-01-19 03:00:00.497000+00:00,REFERENCE_HOLD_240M,90,True,True,0.0,-1.7053025658242404e-11
2024H1|J_PULLBACK_CONTINUATION|2024-04-29T16:30:00+00:00|-1,322.0,1073.013,2024-04-29 20:30:00.721000+00:00,2024-04-29 16:30:00.121000+00:00,322.00000000000273,True,2024-04-29 20:30:00.721000+00:00,REFERENCE_HOLD_240M,91,True,True,0.0,-2.7284841053187847e-12
2023H2|J_PULLBACK_CONTINUATION|2023-07-13T12:30:00+00:00|-1,318.0,14111.922,2023-07-13 16:30:00.958000+00:00,2023-07-13 12:30:00.099000+00:00,317.99999999998363,True,2023-07-13 16:30:00.958000+00:00,REFERENCE_HOLD_240M,92,True,True,0.0,1.6370904631912708e-11
2024H2|J_PULLBACK_CONTINUATION|2024-08-02T02:30:00+00:00|-1,318.0,12630.13,2024-08-02 06:30:00.197000+00:00,2024-08-02 02:30:00.039000+00:00,317.99999999998363,True,2024-08-02 06:30:00.197000+00:00,REFERENCE_HOLD_240M,93,True,True,0.0,1.6370904631912708e-11
2024H1|J_PULLBACK_CONTINUATION|2024-05-30T08:45:00+00:00|-1,312.0,13787.841,2024-05-30 12:45:00.344000+00:00,2024-05-30 08:45:01.729000+00:00,0.0,False,,ENTRY_REJECT_BASELINE_COEXPOSURE,94,True,False,0.0,312.0
2024H1|J_PULLBACK_CONTINUATION|2024-02-01T15:30:00+00:00|-1,307.0,4630.727,2024-02-01 19:30:00.107000+00:00,2024-02-01 15:30:00.163000+00:00,306.99999999998795,True,2024-02-01 19:30:00.107000+00:00,REFERENCE_HOLD_240M,95,True,True,0.0,1.2050804798491299e-11
2024H1|J_PULLBACK_CONTINUATION|2024-01-24T06:45:00+00:00|-1,302.0,10285.057,2024-01-24 10:45:01.481000+00:00,2024-01-24 06:45:01.385000+00:00,301.9999999999925,True,2024-01-24 10:45:01.481000+00:00,REFERENCE_HOLD_240M,96,True,True,0.0,7.503331289626658e-12
2023H2|J_PULLBACK_CONTINUATION|2023-08-18T00:30:00+00:00|-1,296.0,11900.347,2023-08-18 04:30:00.773000+00:00,2023-08-18 00:30:00.067000+00:00,296.0000000000207,True,2023-08-18 04:30:00.773000+00:00,REFERENCE_HOLD_240M,97,True,True,0.0,-2.0691004465334117e-11
2023H1|J_PULLBACK_CONTINUATION|2023-01-25T19:45:00+00:00|-1,291.0,13914.267,2023-01-25 23:45:00.552000+00:00,2023-01-25 19:45:00.181000+00:00,0.0,False,,ENTRY_REJECT_BASELINE_COEXPOSURE,98,True,False,0.0,291.0
2023H1|J_PULLBACK_CONTINUATION|2023-03-15T22:45:00+00:00|-1,291.0,6474.903,2023-03-16 02:45:00.064000+00:00,2023-03-15 22:45:00.229000+00:00,290.9999999999968,True,2023-03-16 02:45:00.064000+00:00,REFERENCE_HOLD_240M,99,True,True,0.0,3.183231456205249e-12
2024H2|J_PULLBACK_CONTINUATION|2024-11-29T15:00:00+00:00|-1,288.0,11338.844,2024-11-29 19:00:00.110000+00:00,2024-11-29 15:00:00.012000+00:00,0.0,False,,ENTRY_REJECT_BASELINE_COEXPOSURE,100,True,False,0.0,288.0
2023H1|J_PULLBACK_CONTINUATION|2023-04-21T00:45:00+00:00|-1,286.0,12529.382,2023-04-21 04:45:00.383000+00:00,2023-04-21 00:45:00.165000+00:00,0.0,False,,ENTRY_REJECT_BASELINE_COEXPOSURE,101,True,False,0.0,286.0
2024H2|J_PULLBACK_CONTINUATION|2024-07-04T07:00:00+00:00|-1,285.0,14288.344,2024-07-04 11:00:00.066000+00:00,2024-07-04 07:00:00.024000+00:00,284.9999999999966,True,2024-07-04 11:00:00.066000+00:00,REFERENCE_HOLD_240M,102,True,True,0.0,3.410605131648481e-12
2023H1|J_PULLBACK_CONTINUATION|2023-05-21T21:00:00+00:00|-1,283.0,7954.08,2023-05-22 01:00:00.394000+00:00,2023-05-21 21:00:00.096000+00:00,0.0,False,,ENTRY_REJECT_BASELINE_COEXPOSURE,103,True,False,0.0,283.0
2024H2|J_PULLBACK_CONTINUATION|2024-11-08T02:00:00+00:00|-1,283.0,8267.372,2024-11-08 06:00:00.097000+00:00,2024-11-08 02:00:00.153000+00:00,283.00000000001546,True,2024-11-08 06:00:00.097000+00:00,REFERENCE_HOLD_240M,104,True,True,0.0,-1.546140993013978e-11
2023H1|J_PULLBACK_CONTINUATION|2023-03-23T12:15:00+00:00|-1,282.0,14371.448,2023-03-23 16:15:00.021000+00:00,2023-03-23 12:15:00.080000+00:00,0.0,False,,ENTRY_REJECT_BASELINE_COEXPOSURE,105,True,False,0.0,282.0
2023H2|J_PULLBACK_CONTINUATION|2023-08-23T07:30:00+00:00|-1,274.0,4012.354,2023-08-23 11:30:01.725000+00:00,2023-08-23 07:30:00.044000+00:00,273.9999999999725,True,2023-08-23 11:30:01.725000+00:00,REFERENCE_HOLD_240M,106,True,True,0.0,2.751221472863108e-11
2024H1|J_PULLBACK_CONTINUATION|2024-06-04T13:15:00+00:00|-1,274.0,2708.383,2024-06-04 17:15:00.155000+00:00,2024-06-04 13:15:00.085000+00:00,0.0,False,,ENTRY_REJECT_BASELINE_COEXPOSURE,107,True,False,0.0,274.0
2024H1|J_PULLBACK_CONTINUATION|2024-03-05T16:30:00+00:00|-1,272.0,14400.269,2024-03-05 20:30:00.327000+00:00,2024-03-05 16:30:00.058000+00:00,0.0,False,,ENTRY_REJECT_BASELINE_COEXPOSURE,108,True,False,0.0,272.0
2023H1|J_PULLBACK_CONTINUATION|2023-06-06T03:15:00+00:00|-1,264.0,14296.276,2023-06-06 07:15:00.260000+00:00,2023-06-06 03:15:00.731000+00:00,264.00000000001,True,2023-06-06 07:15:00.260000+00:00,REFERENCE_HOLD_240M,109,True,True,0.0,-1.000444171950221e-11
2023H2|J_PULLBACK_CONTINUATION|2023-12-15T07:15:00+00:00|-1,252.0,11788.43,2023-12-15 11:15:00.881000+00:00,2023-12-15 07:15:00.122000+00:00,252.00000000000955,True,2023-12-15 11:15:00.881000+00:00,REFERENCE_HOLD_240M,110,True,True,0.0,-9.549694368615746e-12
2024H1|J_PULLBACK_CONTINUATION|2024-01-12T01:00:00+00:00|-1,246.0,7787.54,2024-01-12 05:00:00.365000+00:00,2024-01-12 01:00:00.095000+00:00,245.9999999999809,True,2024-01-12 05:00:00.365000+00:00,REFERENCE_HOLD_240M,111,True,True,0.0,1.9099388737231493e-11
2024H2|J_PULLBACK_CONTINUATION|2024-07-15T13:00:00+00:00|-1,243.0,13325.68,2024-07-15 17:00:00.670000+00:00,2024-07-15 13:00:00.073000+00:00,0.0,False,,ENTRY_REJECT_BASELINE_COEXPOSURE,112,True,False,0.0,243.0
2024H2|J_PULLBACK_CONTINUATION|2024-08-25T22:45:00+00:00|-1,243.0,8624.062,2024-08-26 02:45:00.255000+00:00,2024-08-25 22:45:00.009000+00:00,0.0,False,,ENTRY_REJECT_BASELINE_COEXPOSURE,113,True,False,0.0,243.0
2023H1|J_PULLBACK_CONTINUATION|2023-05-10T20:00:00+00:00|-1,242.0,11897.173,2023-05-11 00:00:00.115000+00:00,2023-05-10 20:00:00.102000+00:00,0.0,False,,ENTRY_REJECT_BASELINE_COEXPOSURE,114,True,False,0.0,242.0
2023H1|J_PULLBACK_CONTINUATION|2023-03-23T23:15:00+00:00|-1,236.0,7351.711,2023-03-24 03:15:00.067000+00:00,2023-03-23 23:15:04.515000+00:00,236.00000000001842,True,2023-03-24 03:15:00.067000+00:00,REFERENCE_HOLD_240M,115,True,True,0.0,-1.8417267710901797e-11
2023H1|J_PULLBACK_CONTINUATION|2023-03-16T11:00:00+00:00|-1,229.0,9276.054,2023-03-16 15:00:00.017000+00:00,2023-03-16 11:00:00.100000+00:00,228.999999999985,True,2023-03-16 15:00:00.017000+00:00,REFERENCE_HOLD_240M,116,True,True,0.0,1.5006662579253316e-11
2023H1|J_PULLBACK_CONTINUATION|2023-06-07T10:00:00+00:00|-1,227.0,14328.147,2023-06-07 14:00:00.045000+00:00,2023-06-07 10:00:00.100000+00:00,227.00000000000387,True,2023-06-07 14:00:00.045000+00:00,REFERENCE_HOLD_240M,117,True,True,0.0,-3.865352482534945e-12
2023H2|J_PULLBACK_CONTINUATION|2023-07-06T08:00:00+00:00|-1,224.0,14322.534,2023-07-06 12:00:00.140000+00:00,2023-07-06 08:00:00.089000+00:00,0.0,False,,ENTRY_REJECT_BASELINE_COEXPOSURE,118,True,False,0.0,224.0
2023H2|J_PULLBACK_CONTINUATION|2023-12-28T01:15:00+00:00|-1,224.0,12300.089,2023-12-28 05:15:00.218000+00:00,2023-12-28 01:15:01.314000+00:00,0.0,False,,ENTRY_REJECT_BASELINE_COEXPOSURE,119,True,False,0.0,224.0
2024H2|J_PULLBACK_CONTINUATION|2024-07-17T12:45:00+00:00|-1,222.0,3262.529,2024-07-17 16:45:02.246000+00:00,2024-07-17 12:45:00.013000+00:00,0.0,False,,ENTRY_REJECT_BASELINE_COEXPOSURE,120,True,False,0.0,222.0
2023H1|J_PULLBACK_CONTINUATION|2023-01-25T13:45:00+00:00|-1,219.0,5773.508,2023-01-25 17:45:01.389000+00:00,2023-01-25 13:45:00.412000+00:00,0.0,False,,ENTRY_REJECT_BASELINE_COEXPOSURE,121,True,False,0.0,219.0
2023H2|J_PULLBACK_CONTINUATION|2023-08-31T21:15:00+00:00|-1,216.0,14268.143,2023-09-01 01:15:00.383000+00:00,2023-08-31 21:15:01.136000+00:00,0.0,False,,ENTRY_REJECT_BASELINE_COEXPOSURE,122,True,False,0.0,216.0
2023H1|J_PULLBACK_CONTINUATION|2023-01-13T09:45:00+00:00|-1,211.0,14284.19,2023-01-13 13:45:00.197000+00:00,2023-01-13 09:45:00.009000+00:00,0.0,False,,ENTRY_REJECT_BASELINE_COEXPOSURE,123,True,False,0.0,211.0
2024H1|J_PULLBACK_CONTINUATION|2024-03-10T21:45:00+00:00|-1,208.0,12494.792,2024-03-11 01:45:00.327000+00:00,2024-03-10 21:45:00.113000+00:00,207.9999999999984,True,2024-03-11 01:45:00.327000+00:00,REFERENCE_HOLD_240M,124,True,True,0.0,1.5916157281026244e-12
2024H1|J_PULLBACK_CONTINUATION|2024-02-27T06:30:00+00:00|-1,206.0,8294.653,2024-02-27 10:30:00.094000+00:00,2024-02-27 06:30:00.218000+00:00,205.99999999998886,True,2024-02-27 10:30:00.094000+00:00,REFERENCE_HOLD_240M,125,True,True,0.0,1.1141310096718371e-11
2023H2|J_PULLBACK_CONTINUATION|2023-07-18T06:45:00+00:00|-1,204.0,5683.058,2023-07-18 10:45:00.076000+00:00,2023-07-18 06:45:00.789000+00:00,203.9999999999793,True,2023-07-18 10:45:00.076000+00:00,REFERENCE_HOLD_240M,126,True,True,0.0,2.0691004465334117e-11
2023H1|J_PULLBACK_CONTINUATION|2023-05-03T07:45:00+00:00|-1,201.0,11208.143,2023-05-03 11:45:04.381000+00:00,2023-05-03 07:45:00.188000+00:00,0.0,False,,ENTRY_REJECT_BASELINE_COEXPOSURE,127,True,False,0.0,201.0
2023H1|J_PULLBACK_CONTINUATION|2023-03-20T22:45:00+00:00|-1,198.0,8542.438,2023-03-21 02:45:00.373000+00:00,2023-03-20 22:45:01.264000+00:00,197.99999999997908,True,2023-03-21 02:45:00.373000+00:00,REFERENCE_HOLD_240M,128,True,True,0.0,2.091837814077735e-11
2023H1|J_PULLBACK_CONTINUATION|2023-06-20T13:00:00+00:00|-1,197.0,7972.977,2023-06-20 17:00:00.208000+00:00,2023-06-20 13:00:00.103000+00:00,0.0,False,,ENTRY_REJECT_BASELINE_COEXPOSURE,129,True,False,0.0,197.0
2023H2|J_PULLBACK_CONTINUATION|2023-09-07T13:00:00+00:00|-1,185.0,12861.318,2023-09-07 17:00:00.518000+00:00,2023-09-07 13:00:00.112000+00:00,0.0,False,,ENTRY_REJECT_BASELINE_COEXPOSURE,130,True,False,0.0,185.0
2024H2|J_PULLBACK_CONTINUATION|2024-10-24T12:15:00+00:00|-1,181.0,14165.177,2024-10-24 16:15:00.110000+00:00,2024-10-24 12:15:00.119000+00:00,0.0,False,,ENTRY_REJECT_BASELINE_COEXPOSURE,131,True,False,0.0,181.0
2023H2|J_PULLBACK_CONTINUATION|2023-11-29T20:00:00+00:00|-1,178.0,11613.335,2023-11-30 00:00:00.652000+00:00,2023-11-29 20:00:00.207000+00:00,178.0000000000257,True,2023-11-30 00:00:00.652000+00:00,REFERENCE_HOLD_240M,132,True,True,0.0,-2.5693225325085223e-11
2023H1|J_PULLBACK_CONTINUATION|2023-03-09T22:30:00+00:00|-1,177.0,7931.094,2023-03-10 02:30:00.156000+00:00,2023-03-09 22:30:06.030000+00:00,176.9999999999925,True,2023-03-10 02:30:00.156000+00:00,REFERENCE_HOLD_240M,133,True,True,0.0,7.503331289626658e-12
2023H2|J_PULLBACK_CONTINUATION|2023-07-11T19:15:00+00:00|-1,177.0,13565.338,2023-07-11 23:15:00.562000+00:00,2023-07-11 19:15:00.402000+00:00,0.0,False,,ENTRY_REJECT_BASELINE_COEXPOSURE,134,True,False,0.0,177.0
2023H2|J_PULLBACK_CONTINUATION|2023-11-15T08:30:00+00:00|-1,176.0,12097.924,2023-11-15 12:30:00.080000+00:00,2023-11-15 08:30:00.130000+00:00,176.00000000001614,True,2023-11-15 12:30:00.080000+00:00,REFERENCE_HOLD_240M,135,True,True,0.0,-1.6143530956469476e-11
2024H2|J_PULLBACK_CONTINUATION|2024-07-31T15:15:00+00:00|-1,176.0,14253.021,2024-07-31 19:15:00.056000+00:00,2024-07-31 15:15:01.489000+00:00,0.0,False,,ENTRY_REJECT_BASELINE_COEXPOSURE,136,True,False,0.0,176.0
2024H2|J_PULLBACK_CONTINUATION|2024-09-15T21:00:00+00:00|-1,176.0,14059.632,2024-09-16 01:00:00.051000+00:00,2024-09-15 21:01:06.735000+00:00,176.00000000001614,True,2024-09-16 01:00:00.051000+00:00,REFERENCE_HOLD_240M,137,True,True,0.0,-1.6143530956469476e-11
2023H2|J_PULLBACK_CONTINUATION|2023-10-04T05:00:00+00:00|-1,175.0,9877.763,2023-10-04 09:00:00.007000+00:00,2023-10-04 05:00:00.829000+00:00,174.99999999998295,True,2023-10-04 09:00:00.007000+00:00,REFERENCE_HOLD_240M,138,True,True,0.0,1.7053025658242404e-11
2024H2|J_PULLBACK_CONTINUATION|2024-08-05T07:30:00+00:00|-1,174.0,6972.96,2024-08-05 11:30:00.003000+00:00,2024-08-05 07:30:00.023000+00:00,0.0,False,,ENTRY_REJECT_BASELINE_COEXPOSURE,139,True,False,0.0,174.0
2024H2|J_PULLBACK_CONTINUATION|2024-09-05T23:15:00+00:00|-1,172.0,6707.109,2024-09-06 03:15:00.192000+00:00,2024-09-05 23:15:02.601000+00:00,0.0,False,,ENTRY_REJECT_BASELINE_COEXPOSURE,140,True,False,0.0,172.0
2023H2|J_PULLBACK_CONTINUATION|2023-07-25T17:30:00+00:00|-1,162.0,9138.891,2023-07-25 21:30:02.944000+00:00,2023-07-25 17:30:00.006000+00:00,0.0,False,,ENTRY_REJECT_BASELINE_COEXPOSURE,141,True,False,0.0,162.0
2023H2|J_PULLBACK_CONTINUATION|2023-08-31T04:45:00+00:00|-1,161.0,10109.48,2023-08-31 08:45:00.046000+00:00,2023-08-31 04:45:00.549000+00:00,161.00000000000136,True,2023-08-31 08:45:00.046000+00:00,REFERENCE_HOLD_240M,142,True,True,0.0,-1.3642420526593924e-12
2023H2|J_PULLBACK_CONTINUATION|2023-12-07T23:15:00+00:00|-1,158.0,6784.656,2023-12-08 03:15:00.170000+00:00,2023-12-07 23:15:00.099000+00:00,0.0,False,,ENTRY_REJECT_BASELINE_COEXPOSURE,143,True,False,0.0,158.0
2023H2|J_PULLBACK_CONTINUATION|2023-12-22T05:00:00+00:00|-1,158.0,9363.975,2023-12-22 09:00:00.190000+00:00,2023-12-22 05:00:00.161000+00:00,157.99999999998704,True,2023-12-22 09:00:00.190000+00:00,REFERENCE_HOLD_240M,144,True,True,0.0,1.2960299500264227e-11
2024H1|J_PULLBACK_CONTINUATION|2024-01-29T19:15:00+00:00|-1,157.0,4096.39,2024-01-29 23:15:00.059000+00:00,2024-01-29 19:15:00.246000+00:00,157.0000000000107,True,2024-01-29 23:15:00.059000+00:00,REFERENCE_HOLD_240M,145,True,True,0.0,-1.0686562745831907e-11
2023H1|J_PULLBACK_CONTINUATION|2023-03-09T17:30:00+00:00|-1,150.0,6008.152,2023-03-09 21:30:00.874000+00:00,2023-03-09 17:30:00.213000+00:00,0.0,False,,ENTRY_REJECT_BASELINE_COEXPOSURE,146,True,False,0.0,150.0
2023H1|J_PULLBACK_CONTINUATION|2023-01-13T21:30:00+00:00|-1,146.0,187094.933,2023-01-16 01:30:00.311000+00:00,2023-01-13 21:30:00.012000+00:00,0.0,False,,ENTRY_REJECT_BASELINE_COEXPOSURE,147,True,False,0.0,146.0
2023H1|J_PULLBACK_CONTINUATION|2023-05-04T23:45:00+00:00|-1,144.0,6325.569,2023-05-05 03:45:00.098000+00:00,2023-05-04 23:45:00.441000+00:00,0.0,False,,ENTRY_REJECT_BASELINE_COEXPOSURE,148,True,False,0.0,144.0
2024H2|J_PULLBACK_CONTINUATION|2024-09-06T08:45:00+00:00|-1,142.0,13625.044,2024-09-06 12:45:00.033000+00:00,2024-09-06 08:45:03.176000+00:00,0.0,False,,ENTRY_REJECT_BASELINE_COEXPOSURE,149,True,False,0.0,142.0
2024H1|J_PULLBACK_CONTINUATION|2024-03-11T04:45:00+00:00|-1,135.0,12198.909,2024-03-11 08:45:00.024000+00:00,2024-03-11 04:45:02.662000+00:00,134.9999999999909,True,2024-03-11 08:45:00.024000+00:00,REFERENCE_HOLD_240M,150,True,True,0.0,9.094947017729282e-12
2023H1|J_PULLBACK_CONTINUATION|2023-04-04T21:00:00+00:00|-1,132.0,11105.796,2023-04-05 01:00:00.046000+00:00,2023-04-04 21:00:00.019000+00:00,0.0,False,,ENTRY_REJECT_BASELINE_COEXPOSURE,151,True,False,0.0,132.0
2024H2|J_PULLBACK_CONTINUATION|2024-07-17T18:15:00+00:00|-1,128.0,3515.194,2024-07-17 22:15:00.060000+00:00,2024-07-17 18:15:02.801000+00:00,0.0,False,,ENTRY_REJECT_BASELINE_COEXPOSURE,152,True,False,0.0,128.0
2023H2|J_PULLBACK_CONTINUATION|2023-11-27T15:30:00+00:00|-1,127.0,14117.51,2023-11-27 19:30:00.123000+00:00,2023-11-27 15:30:00.072000+00:00,0.0,False,,ENTRY_REJECT_BASELINE_COEXPOSURE,153,True,False,0.0,127.0
2023H2|J_PULLBACK_CONTINUATION|2023-12-21T18:00:00+00:00|-1,127.0,14004.111,2023-12-21 22:00:00.051000+00:00,2023-12-21 18:00:00.216000+00:00,0.0,False,,ENTRY_REJECT_BASELINE_COEXPOSURE,154,True,False,0.0,127.0
2024H2|J_PULLBACK_CONTINUATION|2024-08-19T21:45:00+00:00|-1,127.0,12073.271,2024-08-20 01:45:00.213000+00:00,2024-08-19 21:45:06.453000+00:00,126.99999999998113,True,2024-08-20 01:45:00.213000+00:00,REFERENCE_HOLD_240M,155,True,True,0.0,1.887201506178826e-11
2024H2|J_PULLBACK_CONTINUATION|2024-09-13T11:15:00+00:00|-1,127.0,10042.701,2024-09-13 15:15:00.519000+00:00,2024-09-13 11:15:00.155000+00:00,0.0,False,,ENTRY_REJECT_BASELINE_COEXPOSURE,156,True,False,0.0,127.0
2024H2|J_PULLBACK_CONTINUATION|2024-09-05T01:15:00+00:00|-1,126.0,14175.703,2024-09-05 05:15:00.110000+00:00,2024-09-05 01:15:00.220000+00:00,0.0,False,,ENTRY_REJECT_BASELINE_COEXPOSURE,157,True,False,0.0,126.0
2023H2|J_PULLBACK_CONTINUATION|2023-11-21T06:45:00+00:00|-1,123.0,6468.893,2023-11-21 10:45:04.384000+00:00,2023-11-21 06:45:00.184000+00:00,0.0,False,,ENTRY_REJECT_BASELINE_COEXPOSURE,158,True,False,0.0,123.0
2023H2|J_PULLBACK_CONTINUATION|2023-08-03T12:45:00+00:00|-1,122.0,9183.994,2023-08-03 16:45:00.542000+00:00,2023-08-03 12:45:00.097000+00:00,0.0,False,,ENTRY_REJECT_BASELINE_COEXPOSURE,159,True,False,0.0,122.0
2023H1|J_PULLBACK_CONTINUATION|2023-03-05T23:00:00+00:00|-1,121.0,7640.709,2023-03-06 03:00:00.235000+00:00,2023-03-05 23:00:00.068000+00:00,120.9999999999809,True,2023-03-06 03:00:00.235000+00:00,REFERENCE_HOLD_240M,160,True,True,0.0,1.9099388737231493e-11
2023H2|J_PULLBACK_CONTINUATION|2023-09-07T22:30:00+00:00|-1,121.0,7577.595,2023-09-08 02:30:00.686000+00:00,2023-09-07 22:30:00.269000+00:00,0.0,False,,ENTRY_REJECT_BASELINE_COEXPOSURE,161,True,False,0.0,121.0
2023H1|J_PULLBACK_CONTINUATION|2023-03-03T09:15:00+00:00|-1,119.0,9625.855,2023-03-03 13:15:01.630000+00:00,2023-03-03 09:15:00.262000+00:00,0.0,False,,ENTRY_REJECT_BASELINE_COEXPOSURE,162,True,False,0.0,119.0
2023H2|J_PULLBACK_CONTINUATION|2023-12-14T06:45:00+00:00|-1,119.0,11410.541,2023-12-14 10:45:00.102000+00:00,2023-12-14 06:45:00.104000+00:00,0.0,False,,ENTRY_REJECT_BASELINE_COEXPOSURE,163,True,False,0.0,119.0
2024H1|J_PULLBACK_CONTINUATION|2024-04-17T19:30:00+00:00|-1,119.0,13997.222,2024-04-17 23:30:00.063000+00:00,2024-04-17 19:30:00.471000+00:00,0.0,False,,ENTRY_REJECT_BASELINE_COEXPOSURE,164,True,False,0.0,119.0
2024H2|J_PULLBACK_CONTINUATION|2024-09-03T11:15:00+00:00|-1,119.0,9900.667,2024-09-03 15:15:00.212000+00:00,2024-09-03 11:15:00.295000+00:00,0.0,False,,ENTRY_REJECT_BASELINE_COEXPOSURE,165,True,False,0.0,119.0
2023H2|J_PULLBACK_CONTINUATION|2023-07-26T18:15:00+00:00|-1,118.0,2729.831,2023-07-26 22:15:00.067000+00:00,2023-07-26 18:15:00.094000+00:00,0.0,False,,ENTRY_REJECT_BASELINE_COEXPOSURE,166,True,False,0.0,118.0
2024H2|J_PULLBACK_CONTINUATION|2024-10-15T22:30:00+00:00|-1,115.0,10924.524,2024-10-16 02:30:00.144000+00:00,2024-10-15 22:30:00.559000+00:00,114.99999999998067,True,2024-10-16 02:30:00.144000+00:00,REFERENCE_HOLD_240M,167,True,True,0.0,1.9326762412674725e-11
2023H1|J_PULLBACK_CONTINUATION|2023-01-12T23:00:00+00:00|-1,114.0,5115.283,2023-01-13 03:00:00.318000+00:00,2023-01-12 23:00:00.346000+00:00,0.0,False,,ENTRY_REJECT_BASELINE_COEXPOSURE,168,True,False,0.0,114.0
2023H1|J_PULLBACK_CONTINUATION|2023-03-24T03:45:00+00:00|-1,114.0,5227.061,2023-03-24 07:45:00.066000+00:00,2023-03-24 03:45:00.887000+00:00,0.0,False,,ENTRY_REJECT_BASELINE_COEXPOSURE,169,True,False,0.0,114.0
2023H2|J_PULLBACK_CONTINUATION|2023-10-24T03:30:00+00:00|-1,114.0,13158.944,2023-10-24 07:30:00.094000+00:00,2023-10-24 03:30:00.837000+00:00,0.0,False,,ENTRY_REJECT_BASELINE_COEXPOSURE,170,True,False,0.0,114.0
2023H1|J_PULLBACK_CONTINUATION|2023-04-20T20:15:00+00:00|-1,112.0,13262.726,2023-04-21 00:15:00.792000+00:00,2023-04-20 20:15:01.130000+00:00,0.0,False,,ENTRY_REJECT_BASELINE_COEXPOSURE,171,True,False,0.0,112.0
2024H1|J_PULLBACK_CONTINUATION|2024-06-03T18:45:00+00:00|-1,112.0,6929.147,2024-06-03 22:45:12.692000+00:00,2024-06-03 18:45:00.896000+00:00,0.0,False,,ENTRY_REJECT_BASELINE_COEXPOSURE,172,True,False,0.0,112.0
2024H2|J_PULLBACK_CONTINUATION|2024-07-15T01:00:00+00:00|-1,112.0,8140.9,2024-07-15 05:00:00.171000+00:00,2024-07-15 01:00:00.089000+00:00,111.99999999999477,True,2024-07-15 05:00:00.171000+00:00,REFERENCE_HOLD_240M,173,True,True,0.0,5.229594535194337e-12
2024H2|J_PULLBACK_CONTINUATION|2024-10-25T02:00:00+00:00|-1,112.0,12147.927,2024-10-25 06:00:00.073000+00:00,2024-10-25 02:00:00.942000+00:00,112.00000000002319,True,2024-10-25 06:00:00.073000+00:00,REFERENCE_HOLD_240M,174,True,True,0.0,-2.319211489520967e-11
2024H1|J_PULLBACK_CONTINUATION|2024-03-06T09:45:00+00:00|-1,111.0,13522.563,2024-03-06 13:45:00.166000+00:00,2024-03-06 09:45:00.174000+00:00,0.0,False,,ENTRY_REJECT_BASELINE_COEXPOSURE,175,True,False,0.0,111.0
2023H1|J_PULLBACK_CONTINUATION|2023-02-07T19:15:00+00:00|-1,109.0,1689.51,2023-02-07 23:15:00.034000+00:00,2023-02-07 19:15:00.083000+00:00,0.0,False,,ENTRY_REJECT_BASELINE_COEXPOSURE,176,True,False,0.0,109.0
2023H2|J_PULLBACK_CONTINUATION|2023-10-27T07:00:00+00:00|-1,107.0,10296.578,2023-10-27 11:00:00.147000+00:00,2023-10-27 07:00:00.174000+00:00,106.99999999999932,True,2023-10-27 11:00:00.147000+00:00,REFERENCE_HOLD_240M,177,True,True,0.0,6.821210263296962e-13
2023H2|J_PULLBACK_CONTINUATION|2023-11-17T04:00:00+00:00|-1,107.0,14206.986,2023-11-17 08:00:00.097000+00:00,2023-11-17 04:00:00.107000+00:00,106.99999999999932,True,2023-11-17 08:00:00.097000+00:00,REFERENCE_HOLD_240M,178,True,True,0.0,6.821210263296962e-13
2024H2|J_PULLBACK_CONTINUATION|2024-09-10T21:00:00+00:00|-1,105.0,12508.071,2024-09-11 01:00:00.076000+00:00,2024-09-10 21:00:00.141000+00:00,0.0,False,,ENTRY_REJECT_BASELINE_COEXPOSURE,179,True,False,0.0,105.0
2024H2|J_PULLBACK_CONTINUATION|2024-07-07T21:00:00+00:00|-1,104.0,11651.273,2024-07-08 01:00:00.102000+00:00,2024-07-07 21:00:07.970000+00:00,104.00000000001342,True,2024-07-08 01:00:00.102000+00:00,REFERENCE_HOLD_240M,180,True,True,0.0,-1.3415046851150692e-11
2023H1|J_PULLBACK_CONTINUATION|2023-06-08T19:45:00+00:00|-1,103.0,13081.361,2023-06-08 23:45:00.025000+00:00,2023-06-08 19:45:00.096000+00:00,0.0,False,,ENTRY_REJECT_BASELINE_COEXPOSURE,181,True,False,0.0,103.0
2024H2|J_PULLBACK_CONTINUATION|2024-11-28T19:15:00+00:00|-1,103.0,14136.109,2024-11-28 23:15:00.250000+00:00,2024-11-28 19:15:24.942000+00:00,0.0,False,,ENTRY_REJECT_BASELINE_COEXPOSURE,182,True,False,0.0,103.0
2023H2|J_PULLBACK_CONTINUATION|2023-12-28T08:45:00+00:00|-1,101.0,4844.124,2023-12-28 12:45:00.190000+00:00,2023-12-28 08:45:00.084000+00:00,0.0,False,,ENTRY_REJECT_BASELINE_COEXPOSURE,183,True,False,0.0,101.0
2023H2|J_PULLBACK_CONTINUATION|2023-11-27T11:00:00+00:00|-1,100.0,7685.414,2023-11-27 15:00:00.040000+00:00,2023-11-27 11:00:00.827000+00:00,0.0,False,,ENTRY_REJECT_BASELINE_COEXPOSURE,184,True,False,0.0,100.0
2023H2|J_PULLBACK_CONTINUATION|2023-11-02T10:45:00+00:00|-1,99.0,8907.494,2023-11-02 14:45:00.159000+00:00,2023-11-02 10:45:00.016000+00:00,99.00000000001796,True,2023-11-02 14:45:00.159000+00:00,REFERENCE_HOLD_240M,185,True,True,0.0,-1.7962520360015333e-11
2023H1|J_PULLBACK_CONTINUATION|2023-04-25T11:15:00+00:00|-1,96.0,12890.26,2023-04-25 15:15:00.043000+00:00,2023-04-25 11:15:04.455000+00:00,0.0,False,,ENTRY_REJECT_BASELINE_COEXPOSURE,186,True,False,0.0,96.0
2023H2|J_PULLBACK_CONTINUATION|2023-11-16T22:15:00+00:00|-1,96.0,10128.872,2023-11-17 02:15:06.882000+00:00,2023-11-16 22:15:00.120000+00:00,0.0,False,,ENTRY_REJECT_BASELINE_COEXPOSURE,187,True,False,0.0,96.0
2023H2|J_PULLBACK_CONTINUATION|2023-07-13T03:15:00+00:00|-1,92.0,13160.87,2023-07-13 07:15:00.049000+00:00,2023-07-13 03:15:00.690000+00:00,92.00000000001296,True,2023-07-13 07:15:00.049000+00:00,REFERENCE_HOLD_240M,188,True,True,0.0,-1.2960299500264227e-11
2024H2|J_PULLBACK_CONTINUATION|2024-07-30T23:15:00+00:00|-1,92.0,5895.339,2024-07-31 03:15:00.290000+00:00,2024-07-30 23:15:00.596000+00:00,0.0,False,,ENTRY_REJECT_BASELINE_COEXPOSURE,189,True,False,0.0,92.0
2023H1|J_PULLBACK_CONTINUATION|2023-04-25T23:15:00+00:00|-1,90.0,9537.964,2023-04-26 03:15:00.736000+00:00,2023-04-25 23:15:02.671000+00:00,0.0,False,,ENTRY_REJECT_BASELINE_COEXPOSURE,190,True,False,0.0,90.0
2023H2|J_PULLBACK_CONTINUATION|2023-07-11T13:15:00+00:00|-1,90.0,13839.036,2023-07-11 17:15:00.086000+00:00,2023-07-11 13:15:00.377000+00:00,0.0,False,,ENTRY_REJECT_BASELINE_COEXPOSURE,191,True,False,0.0,90.0
2023H2|J_PULLBACK_CONTINUATION|2023-11-02T05:15:00+00:00|-1,90.0,9807.805,2023-11-02 09:15:01.111000+00:00,2023-11-02 05:15:01.132000+00:00,0.0,False,,ENTRY_REJECT_BASELINE_COEXPOSURE,192,True,False,0.0,90.0
2023H2|J_PULLBACK_CONTINUATION|2023-08-18T11:45:00+00:00|-1,87.0,11565.836,2023-08-18 15:45:00.284000+00:00,2023-08-18 11:45:00.279000+00:00,0.0,False,,ENTRY_REJECT_BASELINE_COEXPOSURE,193,True,False,0.0,87.0
2023H2|J_PULLBACK_CONTINUATION|2023-08-04T01:15:00+00:00|-1,86.0,5497.835,2023-08-04 05:15:00.205000+00:00,2023-08-04 01:15:00.237000+00:00,85.99999999998431,True,2023-08-04 05:15:00.205000+00:00,REFERENCE_HOLD_240M,194,True,True,0.0,1.5688783605583012e-11
2023H1|J_PULLBACK_CONTINUATION|2023-02-20T07:15:00+00:00|-1,83.0,3084.162,2023-02-20 11:15:00.085000+00:00,2023-02-20 07:15:00.070000+00:00,82.99999999999841,True,2023-02-20 11:15:00.085000+00:00,REFERENCE_HOLD_240M,195,True,True,0.0,1.5916157281026244e-12
2024H2|J_PULLBACK_CONTINUATION|2024-09-04T08:45:00+00:00|-1,83.0,11621.674,2024-09-04 12:45:00.029000+00:00,2024-09-04 08:45:00.228000+00:00,0.0,False,,ENTRY_REJECT_BASELINE_COEXPOSURE,196,True,False,0.0,83.0
2023H2|J_PULLBACK_CONTINUATION|2023-07-04T10:45:00+00:00|-1,80.0,13667.636,2023-07-04 14:45:00.071000+00:00,2023-07-04 10:45:00.475000+00:00,80.0000000000125,True,2023-07-04 14:45:00.071000+00:00,REFERENCE_HOLD_240M,197,True,True,0.0,-1.2505552149377763e-11
2023H1|J_PULLBACK_CONTINUATION|2023-04-05T22:00:00+00:00|-1,77.0,8687.713,2023-04-06 02:00:00.121000+00:00,2023-04-05 22:00:00.152000+00:00,0.0,False,,ENTRY_REJECT_BASELINE_COEXPOSURE,198,True,False,0.0,77.0
2023H1|J_PULLBACK_CONTINUATION|2023-02-01T19:45:00+00:00|-1,74.0,12571.45,2023-02-01 23:45:00.264000+00:00,2023-02-01 19:45:00.050000+00:00,0.0,False,,ENTRY_REJECT_BASELINE_COEXPOSURE,199,True,False,0.0,74.0
2024H2|J_PULLBACK_CONTINUATION|2024-07-23T11:30:00+00:00|-1,74.0,4806.004,2024-07-23 15:30:00.192000+00:00,2024-07-23 11:30:00.117000+00:00,0.0,False,,ENTRY_REJECT_BASELINE_COEXPOSURE,200,True,False,0.0,74.0
2023H2|J_PULLBACK_CONTINUATION|2023-09-01T07:15:00+00:00|-1,71.0,1476.175,2023-09-01 11:15:00.073000+00:00,2023-09-01 07:15:00.146000+00:00,0.0,False,,ENTRY_REJECT_BASELINE_COEXPOSURE,201,True,False,0.0,71.0
2024H1|J_PULLBACK_CONTINUATION|2024-06-25T06:15:00+00:00|-1,71.0,14056.528,2024-06-25 10:15:00.116000+00:00,2024-06-25 06:15:01.887000+00:00,70.99999999999795,True,2024-06-25 10:15:00.116000+00:00,REFERENCE_HOLD_240M,202,True,True,0.0,2.0463630789890885e-12
2024H2|J_PULLBACK_CONTINUATION|2024-09-03T16:15:00+00:00|-1,71.0,12768.602,2024-09-03 20:15:00.186000+00:00,2024-09-03 16:15:00.147000+00:00,0.0,False,,ENTRY_REJECT_BASELINE_COEXPOSURE,203,True,False,0.0,71.0
2024H1|J_PULLBACK_CONTINUATION|2024-03-08T13:30:00+00:00|-1,69.0,775.338,2024-03-08 17:30:00.077000+00:00,2024-03-08 13:30:00.145000+00:00,0.0,False,,ENTRY_REJECT_BASELINE_COEXPOSURE,204,True,False,0.0,69.0
2024H1|J_PULLBACK_CONTINUATION|2024-02-15T06:45:00+00:00|-1,68.0,10694.976,2024-02-15 10:45:03.375000+00:00,2024-02-15 06:45:01.337000+00:00,0.0,False,,ENTRY_REJECT_BASELINE_COEXPOSURE,205,True,False,0.0,68.0
2023H1|J_PULLBACK_CONTINUATION|2023-03-23T17:45:00+00:00|-1,67.0,5782.571,2023-03-23 21:45:00.014000+00:00,2023-03-23 17:45:00.055000+00:00,0.0,False,,ENTRY_REJECT_BASELINE_COEXPOSURE,206,True,False,0.0,67.0
2023H2|J_PULLBACK_CONTINUATION|2023-09-11T12:15:00+00:00|-1,67.0,7181.638,2023-09-11 16:15:00.137000+00:00,2023-09-11 12:15:00.020000+00:00,0.0,False,,ENTRY_REJECT_BASELINE_COEXPOSURE,207,True,False,0.0,67.0
2023H1|J_PULLBACK_CONTINUATION|2023-05-30T14:15:00+00:00|-1,66.0,1148.796,2023-05-30 18:15:00.840000+00:00,2023-05-30 14:15:00.017000+00:00,0.0,False,,ENTRY_REJECT_BASELINE_COEXPOSURE,208,True,False,0.0,66.0
2024H2|J_PULLBACK_CONTINUATION|2024-09-06T18:30:00+00:00|-1,66.0,185938.981,2024-09-08 22:30:02.639000+00:00,2024-09-06 18:30:00.176000+00:00,0.0,False,,ENTRY_REJECT_BASELINE_COEXPOSURE,209,True,False,0.0,66.0
2024H1|J_PULLBACK_CONTINUATION|2024-03-08T03:45:00+00:00|-1,65.0,1908.189,2024-03-08 07:45:00.026000+00:00,2024-03-08 03:45:00.633000+00:00,64.99999999999773,True,2024-03-08 07:45:00.026000+00:00,REFERENCE_HOLD_240M,210,True,True,0.0,2.2737367544323206e-12
2023H2|J_PULLBACK_CONTINUATION|2023-10-10T21:15:00+00:00|-1,63.0,12437.1,2023-10-11 01:15:00.136000+00:00,2023-10-10 21:15:06.915000+00:00,62.99999999998818,True,2023-10-11 01:15:00.136000+00:00,REFERENCE_HOLD_240M,211,True,True,0.0,1.1823431123048067e-11
2023H1|J_PULLBACK_CONTINUATION|2023-04-13T20:30:00+00:00|-1,62.0,12865.869,2023-04-14 00:30:00.022000+00:00,2023-04-13 20:30:00.381000+00:00,0.0,False,,ENTRY_REJECT_BASELINE_COEXPOSURE,212,True,False,0.0,62.0
2023H2|J_PULLBACK_CONTINUATION|2023-12-04T09:15:00+00:00|-1,60.0,5052.565,2023-12-04 13:15:01.262000+00:00,2023-12-04 09:15:00.242000+00:00,0.0,False,,ENTRY_REJECT_BASELINE_COEXPOSURE,213,True,False,0.0,60.0
2024H1|J_PULLBACK_CONTINUATION|2024-03-07T18:30:00+00:00|-1,60.0,14354.699,2024-03-07 22:30:47.538000+00:00,2024-03-07 18:30:01.021000+00:00,0.0,False,,ENTRY_REJECT_BASELINE_COEXPOSURE,214,True,False,0.0,60.0
2023H2|J_PULLBACK_CONTINUATION|2023-10-04T11:00:00+00:00|-1,59.0,4511.97,2023-10-04 15:00:00+00:00,2023-10-04 11:00:00.094000+00:00,0.0,False,,ENTRY_REJECT_BASELINE_COEXPOSURE,215,True,False,0.0,59.0
2023H1|J_PULLBACK_CONTINUATION|2023-04-14T01:15:00+00:00|-1,57.0,3263.588,2023-04-14 05:15:00.257000+00:00,2023-04-14 01:15:00.063000+00:00,57.00000000001637,True,2023-04-14 05:15:00.257000+00:00,REFERENCE_HOLD_240M,216,True,True,0.0,-1.6370904631912708e-11
2024H2|J_PULLBACK_CONTINUATION|2024-08-19T08:00:00+00:00|-1,57.0,457.866,2024-08-19 12:00:00.265000+00:00,2024-08-19 08:00:00.234000+00:00,0.0,False,,ENTRY_REJECT_BASELINE_COEXPOSURE,217,True,False,0.0,57.0
2023H1|J_PULLBACK_CONTINUATION|2023-03-24T08:15:00+00:00|-1,56.0,6755.339,2023-03-24 12:15:00.980000+00:00,2023-03-24 08:15:00.058000+00:00,0.0,False,,ENTRY_REJECT_BASELINE_COEXPOSURE,218,True,False,0.0,56.0
2024H1|J_PULLBACK_CONTINUATION|2024-03-27T19:45:00+00:00|-1,54.0,5336.014,2024-03-27 23:45:01.861000+00:00,2024-03-27 19:45:00.019000+00:00,0.0,False,,ENTRY_REJECT_BASELINE_COEXPOSURE,219,True,False,0.0,54.0
2024H2|J_PULLBACK_CONTINUATION|2024-11-04T10:30:00+00:00|-1,50.0,5003.917,2024-11-04 14:30:00.136000+00:00,2024-11-04 10:30:00.326000+00:00,0.0,False,,ENTRY_REJECT_BASELINE_COEXPOSURE,220,True,False,0.0,50.0
2024H2|J_PULLBACK_CONTINUATION|2024-12-02T18:45:00+00:00|-1,49.0,6441.246,2024-12-02 22:45:20.438000+00:00,2024-12-02 18:45:00.356000+00:00,0.0,False,,ENTRY_REJECT_BASELINE_COEXPOSURE,221,True,False,0.0,49.0
2023H1|J_PULLBACK_CONTINUATION|2023-03-13T20:45:00+00:00|-1,48.0,11706.643,2023-03-14 00:45:00.243000+00:00,2023-03-13 20:45:00.096000+00:00,48.00000000000182,True,2023-03-14 00:45:00.243000+00:00,REFERENCE_HOLD_240M,222,True,True,0.0,-1.8189894035458565e-12
2023H2|J_PULLBACK_CONTINUATION|2023-07-12T08:00:00+00:00|-1,45.0,13728.275,2023-07-12 12:00:00.472000+00:00,2023-07-12 08:00:00.073000+00:00,0.0,False,,ENTRY_REJECT_BASELINE_COEXPOSURE,223,True,False,0.0,45.0
2023H2|J_PULLBACK_CONTINUATION|2023-10-30T02:15:00+00:00|-1,45.0,9412.302,2023-10-30 06:15:09.411000+00:00,2023-10-30 02:15:17.291000+00:00,45.000000000015916,True,2023-10-30 06:15:09.411000+00:00,REFERENCE_HOLD_240M,224,True,True,0.0,-1.5916157281026244e-11
2023H1|J_PULLBACK_CONTINUATION|2023-04-18T19:15:00+00:00|-1,42.0,10989.197,2023-04-18 23:15:00.520000+00:00,2023-04-18 19:15:04.236000+00:00,0.0,False,,ENTRY_REJECT_BASELINE_COEXPOSURE,225,True,False,0.0,42.0
2023H1|J_PULLBACK_CONTINUATION|2023-05-02T18:15:00+00:00|-1,38.0,6159.229,2023-05-02 22:15:00.014000+00:00,2023-05-02 18:15:00.110000+00:00,0.0,False,,ENTRY_REJECT_BASELINE_COEXPOSURE,226,True,False,0.0,38.0
2023H1|J_PULLBACK_CONTINUATION|2023-06-02T06:15:00+00:00|-1,36.0,13307.301,2023-06-02 10:15:00.455000+00:00,2023-06-02 06:15:00.407000+00:00,36.000000000001364,True,2023-06-02 10:15:00.455000+00:00,REFERENCE_HOLD_240M,227,True,True,0.0,-1.3642420526593924e-12
2024H1|J_PULLBACK_CONTINUATION|2024-02-12T09:30:00+00:00|-1,36.0,12960.417,2024-02-12 13:30:00.286000+00:00,2024-02-12 09:30:00.159000+00:00,0.0,False,,ENTRY_REJECT_BASELINE_COEXPOSURE,228,True,False,0.0,36.0
2024H1|J_PULLBACK_CONTINUATION|2024-02-29T05:45:00+00:00|-1,36.0,9215.59,2024-02-29 09:45:00.262000+00:00,2024-02-29 05:45:00.059000+00:00,0.0,False,,ENTRY_REJECT_BASELINE_COEXPOSURE,229,True,False,0.0,36.0
2023H1|J_PULLBACK_CONTINUATION|2023-06-07T05:30:00+00:00|-1,30.0,1848.237,2023-06-07 09:30:00.508000+00:00,2023-06-07 05:30:03.158000+00:00,30.000000000001137,True,2023-06-07 09:30:00.508000+00:00,REFERENCE_HOLD_240M,230,True,True,0.0,-1.1368683772161603e-12
2024H1|J_PULLBACK_CONTINUATION|2024-02-19T05:30:00+00:00|-1,27.0,14133.377,2024-02-19 09:30:00.183000+00:00,2024-02-19 05:30:03.036000+00:00,0.0,False,,ENTRY_REJECT_BASELINE_COEXPOSURE,231,True,False,0.0,27.0
2024H1|J_PULLBACK_CONTINUATION|2024-03-01T21:15:00+00:00|-1,27.0,185221.801,2024-03-04 01:15:00.199000+00:00,2024-03-01 21:15:00.174000+00:00,27.000000000015234,True,2024-03-04 01:15:00.199000+00:00,REFERENCE_HOLD_240M,232,True,True,0.0,-1.5234036254696548e-11
2024H2|J_PULLBACK_CONTINUATION|2024-07-12T04:45:00+00:00|-1,25.0,3756.816,2024-07-12 08:45:00.107000+00:00,2024-07-12 04:45:00.540000+00:00,24.999999999977263,True,2024-07-12 08:45:00.107000+00:00,REFERENCE_HOLD_240M,233,True,True,0.0,2.2737367544323206e-11
2023H1|J_PULLBACK_CONTINUATION|2023-04-21T07:15:00+00:00|-1,21.0,13041.661,2023-04-21 11:15:00.046000+00:00,2023-04-21 07:15:00.093000+00:00,0.0,False,,ENTRY_REJECT_BASELINE_COEXPOSURE,234,True,False,0.0,21.0
2023H1|J_PULLBACK_CONTINUATION|2023-05-04T01:45:00+00:00|-1,18.0,9743.725,2023-05-04 05:45:00.087000+00:00,2023-05-04 01:45:00.143000+00:00,18.000000000000682,True,2023-05-04 05:45:00.087000+00:00,REFERENCE_HOLD_240M,235,True,True,0.0,-6.821210263296962e-13
2023H1|J_PULLBACK_CONTINUATION|2023-01-31T23:30:00+00:00|-1,16.0,5086.56,2023-02-01 03:30:00.876000+00:00,2023-01-31 23:30:00.498000+00:00,15.999999999991132,True,2023-02-01 03:30:00.876000+00:00,REFERENCE_HOLD_240M,236,True,True,0.0,8.86757334228605e-12
2024H2|J_PULLBACK_CONTINUATION|2024-08-26T04:15:00+00:00|-1,16.0,10137.336,2024-08-26 08:15:00.288000+00:00,2024-08-26 04:15:00.062000+00:00,0.0,False,,ENTRY_REJECT_BASELINE_COEXPOSURE,237,True,False,0.0,16.0
2024H1|J_PULLBACK_CONTINUATION|2024-03-06T15:15:00+00:00|-1,15.0,6449.711,2024-03-06 19:15:00.171000+00:00,2024-03-06 15:15:00.179000+00:00,0.0,False,,ENTRY_REJECT_BASELINE_COEXPOSURE,238,True,False,0.0,15.0
2023H2|J_PULLBACK_CONTINUATION|2023-07-06T22:45:00+00:00|-1,11.0,5836.1,2023-07-07 02:45:00.071000+00:00,2023-07-06 22:45:20.023000+00:00,11.000000000024102,True,2023-07-07 02:45:00.071000+00:00,REFERENCE_HOLD_240M,239,True,True,0.0,-2.4101609596982598e-11
2023H1|J_PULLBACK_CONTINUATION|2023-05-30T19:15:00+00:00|-1,10.0,10679.902,2023-05-30 23:15:03.266000+00:00,2023-05-30 19:15:00.983000+00:00,0.0,False,,ENTRY_REJECT_BASELINE_COEXPOSURE,240,True,False,0.0,10.0
2023H1|J_PULLBACK_CONTINUATION|2023-03-03T15:00:00+00:00|-1,9.0,14397.4,2023-03-03 19:00:00.193000+00:00,2023-03-03 15:00:00.044000+00:00,0.0,False,,ENTRY_REJECT_BASELINE_COEXPOSURE,241,True,False,0.0,9.0
2024H2|J_PULLBACK_CONTINUATION|2024-10-18T18:00:00+00:00|-1,9.0,8619.368,2024-10-20 22:00:00.119000+00:00,2024-10-18 18:00:00.194000+00:00,0.0,False,,ENTRY_REJECT_BASELINE_COEXPOSURE,242,True,False,0.0,9.0
2024H2|J_PULLBACK_CONTINUATION|2024-07-08T01:30:00+00:00|-1,8.0,4303.794,2024-07-08 05:30:15.912000+00:00,2024-07-08 01:30:04.995000+00:00,8.000000000009777,True,2024-07-08 05:30:15.912000+00:00,REFERENCE_HOLD_240M,243,True,True,0.0,-9.777068044058979e-12
2024H1|J_PULLBACK_CONTINUATION|2024-04-18T00:45:00+00:00|-1,6.0,5401.173,2024-04-18 04:45:00.126000+00:00,2024-04-18 00:45:00.538000+00:00,6.000000000000227,True,2024-04-18 04:45:00.126000+00:00,REFERENCE_HOLD_240M,244,True,True,0.0,-2.2737367544323206e-13
2023H1|J_PULLBACK_CONTINUATION|2023-04-14T06:15:00+00:00|-1,5.0,6488.659,2023-04-14 10:15:00.287000+00:00,2023-04-14 06:15:00.086000+00:00,4.9999999999954525,True,2023-04-14 10:15:00.287000+00:00,REFERENCE_HOLD_240M,245,True,True,0.0,4.547473508864641e-12
2023H1|J_PULLBACK_CONTINUATION|2023-02-09T12:00:00+00:00|-1,-0.0,6841.686,2023-02-09 16:00:00.138000+00:00,2023-02-09 12:00:00.141000+00:00,0.0,True,2023-02-09 16:00:00.138000+00:00,REFERENCE_HOLD_240M,246,False,True,0.0,0.0
2023H2|J_PULLBACK_CONTINUATION|2023-11-30T00:30:00+00:00|-1,-1.0,1552.866,2023-11-30 04:30:00.200000+00:00,2023-11-30 00:30:00.719000+00:00,-1.0000000000047748,True,2023-11-30 04:30:00.200000+00:00,REFERENCE_HOLD_240M,247,False,False,-4.774847184307873e-12,0.0
2024H1|J_PULLBACK_CONTINUATION|2024-04-09T21:00:00+00:00|-1,-1.0,12751.573,2024-04-10 01:00:00.785000+00:00,2024-04-09 21:00:00.050000+00:00,0.0,False,,ENTRY_REJECT_BASELINE_COEXPOSURE,248,False,False,1.0,0.0
2023H1|J_PULLBACK_CONTINUATION|2023-02-02T02:00:00+00:00|-1,-3.0,12558.176,2023-02-02 06:00:00.073000+00:00,2023-02-02 02:00:00.024000+00:00,0.0,False,,ENTRY_REJECT_BASELINE_COEXPOSURE,249,False,False,3.0,0.0
2023H1|J_PULLBACK_CONTINUATION|2023-06-02T00:00:00+00:00|-1,-4.0,12052.409,2023-06-02 04:00:00.297000+00:00,2023-06-02 00:00:00.068000+00:00,-3.9999999999906777,True,2023-06-02 04:00:00.297000+00:00,REFERENCE_HOLD_240M,250,False,False,9.322320693172514e-12,0.0
2024H1|J_PULLBACK_CONTINUATION|2024-03-05T23:15:00+00:00|-1,-4.0,572.843,2024-03-06 03:15:11.735000+00:00,2024-03-05 23:15:04.045000+00:00,-4.000000000019099,True,2024-03-06 03:15:11.735000+00:00,REFERENCE_HOLD_240M,251,False,False,-1.9099388737231493e-11,0.0
2024H2|J_PULLBACK_CONTINUATION|2024-07-15T07:15:00+00:00|-1,-5.0,6350.537,2024-07-15 11:15:03.432000+00:00,2024-07-15 07:15:00.871000+00:00,-5.000000000023874,True,2024-07-15 11:15:03.432000+00:00,REFERENCE_HOLD_240M,252,False,False,-2.3874235921539366e-11,0.0
2024H2|J_PULLBACK_CONTINUATION|2024-11-04T05:30:00+00:00|-1,-8.0,2254.283,2024-11-04 09:30:00.310000+00:00,2024-11-04 05:30:00.037000+00:00,0.0,False,,ENTRY_REJECT_BASELINE_COEXPOSURE,253,False,False,8.0,0.0
2024H1|J_PULLBACK_CONTINUATION|2024-01-30T00:15:00+00:00|-1,-10.0,1911.927,2024-01-30 04:15:00.795000+00:00,2024-01-30 00:15:00.007000+00:00,-10.000000000019327,True,2024-01-30 04:15:00.795000+00:00,REFERENCE_HOLD_240M,254,False,False,-1.9326762412674725e-11,0.0
2024H1|J_PULLBACK_CONTINUATION|2024-02-12T03:15:00+00:00|-1,-16.0,182.188,2024-02-12 07:15:00.567000+00:00,2024-02-12 03:15:00.074000+00:00,-16.000000000019554,True,2024-02-12 07:15:00.567000+00:00,REFERENCE_HOLD_240M,255,False,False,-1.9554136088117957e-11,0.0
2024H1|J_PULLBACK_CONTINUATION|2024-04-02T23:45:00+00:00|-1,-16.0,1268.698,2024-04-03 03:45:00.192000+00:00,2024-04-02 23:45:01.888000+00:00,-15.999999999991132,True,2024-04-03 03:45:00.192000+00:00,REFERENCE_HOLD_240M,256,False,False,8.86757334228605e-12,0.0
2024H2|J_PULLBACK_CONTINUATION|2024-08-02T07:45:00+00:00|-1,-16.0,10188.64,2024-08-02 11:45:00.900000+00:00,2024-08-02 07:45:00.099000+00:00,0.0,False,,ENTRY_REJECT_BASELINE_COEXPOSURE,257,False,False,16.0,0.0
2024H2|J_PULLBACK_CONTINUATION|2024-10-10T23:30:00+00:00|-1,-16.0,5437.573,2024-10-11 03:30:00.590000+00:00,2024-10-10 23:30:02.554000+00:00,-16.000000000019554,True,2024-10-11 03:30:00.590000+00:00,REFERENCE_HOLD_240M,258,False,False,-1.9554136088117957e-11,0.0
2023H2|J_PULLBACK_CONTINUATION|2023-08-23T19:00:00+00:00|-1,-17.0,9911.837,2023-08-23 23:00:00.572000+00:00,2023-08-23 19:00:00.052000+00:00,0.0,False,,ENTRY_REJECT_BASELINE_COEXPOSURE,259,False,False,17.0,0.0
2024H2|J_PULLBACK_CONTINUATION|2024-08-14T01:30:00+00:00|-1,-17.0,4075.889,2024-08-14 05:30:00.018000+00:00,2024-08-14 01:30:00.762000+00:00,0.0,False,,ENTRY_REJECT_BASELINE_COEXPOSURE,260,False,False,17.0,0.0
2023H2|J_PULLBACK_CONTINUATION|2023-08-23T03:00:00+00:00|-1,-18.0,12546.566,2023-08-23 07:00:00.189000+00:00,2023-08-23 03:00:00.213000+00:00,-18.000000000000682,True,2023-08-23 07:00:00.189000+00:00,REFERENCE_HOLD_240M,261,False,False,-6.821210263296962e-13,0.0
2024H2|J_PULLBACK_CONTINUATION|2024-11-29T10:30:00+00:00|-1,-18.0,2204.74,2024-11-29 14:30:00.087000+00:00,2024-11-29 10:30:00.669000+00:00,0.0,False,,ENTRY_REJECT_BASELINE_COEXPOSURE,262,False,False,18.0,0.0
2024H2|J_PULLBACK_CONTINUATION|2024-09-03T22:30:00+00:00|-1,-19.0,7923.711,2024-09-04 02:30:00.096000+00:00,2024-09-03 22:30:00.049000+00:00,-19.000000000005457,True,2024-09-04 02:30:00.096000+00:00,REFERENCE_HOLD_240M,263,False,False,-5.4569682106375694e-12,0.0
2023H2|J_PULLBACK_CONTINUATION|2023-07-10T08:45:00+00:00|-1,-24.0,11806.647,2023-07-10 12:45:00.544000+00:00,2023-07-10 08:45:00.668000+00:00,-24.00000000000091,True,2023-07-10 12:45:00.544000+00:00,REFERENCE_HOLD_240M,264,False,False,-9.094947017729282e-13,0.0
2023H2|J_PULLBACK_CONTINUATION|2023-10-23T21:15:00+00:00|-1,-24.0,14196.394,2023-10-24 01:15:01.126000+00:00,2023-10-23 21:15:01.147000+00:00,0.0,False,,ENTRY_REJECT_BASELINE_COEXPOSURE,265,False,False,24.0,0.0
2023H2|J_PULLBACK_CONTINUATION|2023-11-20T12:30:00+00:00|-1,-24.0,712.163,2023-11-20 16:30:00.010000+00:00,2023-11-20 12:30:00.258000+00:00,0.0,False,,ENTRY_REJECT_BASELINE_COEXPOSURE,266,False,False,24.0,0.0
2024H1|J_PULLBACK_CONTINUATION|2024-01-08T09:45:00+00:00|-1,-24.0,690.064,2024-01-08 13:45:00.306000+00:00,2024-01-08 09:45:01.359000+00:00,-24.00000000000091,True,2024-01-08 13:45:00.306000+00:00,REFERENCE_HOLD_240M,267,False,False,-9.094947017729282e-13,0.0
2023H1|J_PULLBACK_CONTINUATION|2023-01-12T04:15:00+00:00|-1,-27.0,4057.682,2023-01-12 08:15:00.043000+00:00,2023-01-12 04:15:01.342000+00:00,0.0,False,,ENTRY_REJECT_BASELINE_COEXPOSURE,268,False,False,27.0,0.0
2024H1|J_PULLBACK_CONTINUATION|2024-04-04T23:15:00+00:00|-1,-27.0,3633.495,2024-04-05 03:15:03.987000+00:00,2024-04-04 23:15:00.249000+00:00,0.0,False,,ENTRY_REJECT_BASELINE_COEXPOSURE,269,False,False,27.0,0.0
2023H1|J_PULLBACK_CONTINUATION|2023-02-20T12:45:00+00:00|-1,-32.0,2810.114,2023-02-20 16:45:01.134000+00:00,2023-02-20 12:45:05.864000+00:00,-32.00000000001069,True,2023-02-20 16:45:01.134000+00:00,REFERENCE_HOLD_240M,270,False,False,-1.0686562745831907e-11,0.0
2023H1|J_PULLBACK_CONTINUATION|2023-04-26T03:45:00+00:00|-1,-34.0,14103.728,2023-04-26 07:45:00.269000+00:00,2023-04-26 03:45:00.252000+00:00,-34.000000000020236,True,2023-04-26 07:45:00.269000+00:00,REFERENCE_HOLD_240M,271,False,False,-2.0236257114447653e-11,0.0
2023H1|J_PULLBACK_CONTINUATION|2023-06-01T19:30:00+00:00|-1,-35.0,10421.984,2023-06-01 23:30:06.259000+00:00,2023-06-01 19:30:01.592000+00:00,-34.99999999999659,True,2023-06-01 23:30:06.259000+00:00,REFERENCE_HOLD_240M,272,False,False,3.410605131648481e-12,0.0
2023H2|J_PULLBACK_CONTINUATION|2023-07-13T18:45:00+00:00|-1,-36.0,2559.149,2023-07-13 22:45:00.169000+00:00,2023-07-13 18:45:00.399000+00:00,0.0,False,,ENTRY_REJECT_BASELINE_COEXPOSURE,273,False,False,36.0,0.0
2023H1|J_PULLBACK_CONTINUATION|2023-01-13T17:00:00+00:00|-1,-38.0,1508.951,2023-01-13 21:00:00.033000+00:00,2023-01-13 17:00:00.396000+00:00,0.0,False,,ENTRY_REJECT_BASELINE_COEXPOSURE,274,False,False,38.0,0.0
2023H2|J_PULLBACK_CONTINUATION|2023-10-30T20:00:00+00:00|-1,-38.0,7220.227,2023-10-31 00:00:00.088000+00:00,2023-10-30 20:00:00.077000+00:00,0.0,False,,ENTRY_REJECT_BASELINE_COEXPOSURE,275,False,False,38.0,0.0
2024H1|J_PULLBACK_CONTINUATION|2024-05-30T21:15:00+00:00|-1,-38.0,12791.269,2024-05-31 01:15:00.437000+00:00,2024-05-30 21:15:00.318000+00:00,-38.000000000010914,True,2024-05-31 01:15:00.437000+00:00,REFERENCE_HOLD_240M,276,False,False,-1.0913936421275139e-11,0.0
2024H2|J_PULLBACK_CONTINUATION|2024-07-04T13:15:00+00:00|-1,-38.0,5456.306,2024-07-04 17:15:00.188000+00:00,2024-07-04 13:15:14.330000+00:00,0.0,False,,ENTRY_REJECT_BASELINE_COEXPOSURE,277,False,False,38.0,0.0
2023H1|J_PULLBACK_CONTINUATION|2023-06-20T18:30:00+00:00|-1,-43.0,2030.24,2023-06-20 22:30:00.203000+00:00,2023-06-20 18:30:00.123000+00:00,0.0,False,,ENTRY_REJECT_BASELINE_COEXPOSURE,278,False,False,43.0,0.0
2024H1|J_PULLBACK_CONTINUATION|2024-02-20T22:15:00+00:00|-1,-43.0,4419.016,2024-02-21 02:15:00.343000+00:00,2024-02-20 22:15:34.523000+00:00,0.0,False,,ENTRY_REJECT_BASELINE_COEXPOSURE,279,False,False,43.0,0.0
2023H1|J_PULLBACK_CONTINUATION|2023-03-20T16:15:00+00:00|-1,-45.0,9889.989,2023-03-20 20:15:00.039000+00:00,2023-03-20 16:15:00.112000+00:00,0.0,False,,ENTRY_REJECT_BASELINE_COEXPOSURE,280,False,False,45.0,0.0
2024H1|J_PULLBACK_CONTINUATION|2024-02-01T08:00:00+00:00|-1,-47.0,2742.149,2024-02-01 12:00:00.097000+00:00,2024-02-01 08:00:00.147000+00:00,-46.999999999997044,True,2024-02-01 12:00:00.097000+00:00,REFERENCE_HOLD_240M,281,False,False,2.9558577807620168e-12,0.0
2023H1|J_PULLBACK_CONTINUATION|2023-04-05T05:45:00+00:00|-1,-48.0,9562.847,2023-04-05 09:45:00.427000+00:00,2023-04-05 05:45:00.113000+00:00,-48.00000000000182,True,2023-04-05 09:45:00.427000+00:00,REFERENCE_HOLD_240M,282,False,False,-1.8189894035458565e-12,0.0
2023H1|J_PULLBACK_CONTINUATION|2023-04-12T18:15:00+00:00|-1,-48.0,4643.969,2023-04-12 22:15:00.105000+00:00,2023-04-12 18:15:00.120000+00:00,0.0,False,,ENTRY_REJECT_BASELINE_COEXPOSURE,283,False,False,48.0,0.0
2023H2|J_PULLBACK_CONTINUATION|2023-11-06T04:15:00+00:00|-1,-49.0,6852.64,2023-11-06 08:15:00.098000+00:00,2023-11-06 04:15:01.189000+00:00,-49.000000000006594,True,2023-11-06 08:15:00.098000+00:00,REFERENCE_HOLD_240M,284,False,False,-6.59383658785373e-12,0.0
2023H1|J_PULLBACK_CONTINUATION|2023-02-23T21:45:00+00:00|-1,-50.0,11375.43,2023-02-24 01:45:00.475000+00:00,2023-02-23 21:45:02.055000+00:00,0.0,False,,ENTRY_REJECT_BASELINE_COEXPOSURE,285,False,False,50.0,0.0
2024H1|J_PULLBACK_CONTINUATION|2024-04-09T16:15:00+00:00|-1,-51.0,2528.295,2024-04-09 20:15:13.309000+00:00,2024-04-09 16:15:00.660000+00:00,0.0,False,,ENTRY_REJECT_BASELINE_COEXPOSURE,286,False,False,51.0,0.0
2023H2|J_PULLBACK_CONTINUATION|2023-10-05T19:45:00+00:00|-1,-52.0,12931.243,2023-10-05 23:45:00.218000+00:00,2023-10-05 19:45:00.141000+00:00,-52.00000000002092,True,2023-10-05 23:45:00.218000+00:00,REFERENCE_HOLD_240M,287,False,False,-2.091837814077735e-11,0.0
2023H2|J_PULLBACK_CONTINUATION|2023-11-15T03:45:00+00:00|-1,-52.0,3564.585,2023-11-15 07:45:00.200000+00:00,2023-11-15 03:45:00.035000+00:00,-51.9999999999925,True,2023-11-15 07:45:00.200000+00:00,REFERENCE_HOLD_240M,288,False,False,7.503331289626658e-12,0.0
2024H2|J_PULLBACK_CONTINUATION|2024-07-05T08:00:00+00:00|-1,-52.0,4722.201,2024-07-05 12:00:00.089000+00:00,2024-07-05 08:00:00.092000+00:00,0.0,False,,ENTRY_REJECT_BASELINE_COEXPOSURE,289,False,False,52.0,0.0
2024H1|J_PULLBACK_CONTINUATION|2024-03-28T00:30:00+00:00|-1,-53.0,6348.23,2024-03-28 04:30:00.153000+00:00,2024-03-28 00:30:00.389000+00:00,-52.99999999999727,True,2024-03-28 04:30:00.153000+00:00,REFERENCE_HOLD_240M,290,False,False,2.7284841053187847e-12,0.0
2023H2|J_PULLBACK_CONTINUATION|2023-08-03T20:00:00+00:00|-1,-54.0,9479.111,2023-08-04 00:00:00.005000+00:00,2023-08-03 20:00:00.266000+00:00,0.0,False,,ENTRY_REJECT_BASELINE_COEXPOSURE,291,False,False,54.0,0.0
2024H2|J_PULLBACK_CONTINUATION|2024-10-24T20:30:00+00:00|-1,-57.0,9213.225,2024-10-25 00:30:00.172000+00:00,2024-10-24 20:30:00.060000+00:00,0.0,False,,ENTRY_REJECT_BASELINE_COEXPOSURE,292,False,False,57.0,0.0
2024H2|J_PULLBACK_CONTINUATION|2024-10-16T03:30:00+00:00|-1,-58.0,307.859,2024-10-16 07:30:00.032000+00:00,2024-10-16 03:30:00.128000+00:00,-57.999999999992724,True,2024-10-16 07:30:00.032000+00:00,REFERENCE_HOLD_240M,293,False,False,7.275957614183426e-12,0.0
2023H1|J_PULLBACK_CONTINUATION|2023-02-02T22:30:00+00:00|-1,-59.0,6867.161,2023-02-03 02:30:00.170000+00:00,2023-02-02 22:30:00.063000+00:00,-58.9999999999975,True,2023-02-03 02:30:00.170000+00:00,REFERENCE_HOLD_240M,294,False,False,2.5011104298755527e-12,0.0
2023H1|J_PULLBACK_CONTINUATION|2023-06-05T22:45:00+00:00|-1,-63.0,4139.159,2023-06-06 02:45:00.248000+00:00,2023-06-05 22:45:00.050000+00:00,-62.99999999998818,True,2023-06-06 02:45:00.248000+00:00,REFERENCE_HOLD_240M,295,False,False,1.1823431123048067e-11,0.0
2023H2|J_PULLBACK_CONTINUATION|2023-12-14T14:45:00+00:00|-1,-63.0,7647.587,2023-12-14 18:45:00.097000+00:00,2023-12-14 14:45:00.100000+00:00,-62.99999999998818,True,2023-12-14 18:45:00.097000+00:00,REFERENCE_HOLD_240M,296,False,False,1.1823431123048067e-11,0.0
2024H2|J_PULLBACK_CONTINUATION|2024-11-29T06:00:00+00:00|-1,-63.0,5351.004,2024-11-29 10:00:00.074000+00:00,2024-11-29 06:00:00.099000+00:00,0.0,False,,ENTRY_REJECT_BASELINE_COEXPOSURE,297,False,False,63.0,0.0
2024H1|J_PULLBACK_CONTINUATION|2024-02-07T00:45:00+00:00|-1,-64.0,3880.208,2024-02-07 04:45:02.059000+00:00,2024-02-07 00:45:02.542000+00:00,0.0,False,,ENTRY_REJECT_BASELINE_COEXPOSURE,298,False,False,64.0,0.0
2023H1|J_PULLBACK_CONTINUATION|2023-02-08T03:30:00+00:00|-1,-66.0,9116.428,2023-02-08 07:30:00.107000+00:00,2023-02-08 03:30:00.027000+00:00,-66.0000000000025,True,2023-02-08 07:30:00.107000+00:00,REFERENCE_HOLD_240M,299,False,False,-2.5011104298755527e-12,0.0
2024H2|J_PULLBACK_CONTINUATION|2024-11-26T04:45:00+00:00|-1,-67.0,2735.655,2024-11-26 08:45:00.105000+00:00,2024-11-26 04:45:00.603000+00:00,-66.99999999997885,True,2024-11-26 08:45:00.105000+00:00,REFERENCE_HOLD_240M,300,False,False,2.114575181622058e-11,0.0
2024H2|J_PULLBACK_CONTINUATION|2024-08-09T16:45:00+00:00|-1,-68.0,9363.127,2024-08-09 20:45:00.132000+00:00,2024-08-09 16:45:00.224000+00:00,0.0,False,,ENTRY_REJECT_BASELINE_COEXPOSURE,301,False,False,68.0,0.0
2024H1|J_PULLBACK_CONTINUATION|2024-02-01T21:00:00+00:00|-1,-69.0,12576.401,2024-02-02 01:00:00.064000+00:00,2024-02-01 21:00:00.041000+00:00,-69.00000000001683,True,2024-02-02 01:00:00.064000+00:00,REFERENCE_HOLD_240M,302,False,False,-1.6825651982799172e-11,0.0
2023H2|J_PULLBACK_CONTINUATION|2023-11-03T05:45:00+00:00|-1,-70.0,5540.061,2023-11-03 09:45:00.930000+00:00,2023-11-03 05:45:04.400000+00:00,-70.0000000000216,True,2023-11-03 09:45:00.930000+00:00,REFERENCE_HOLD_240M,303,False,False,-2.1600499167107046e-11,0.0
2024H1|J_PULLBACK_CONTINUATION|2024-01-30T05:00:00+00:00|-1,-70.0,10324.752,2024-01-30 09:00:00.069000+00:00,2024-01-30 05:00:00.074000+00:00,0.0,False,,ENTRY_REJECT_BASELINE_COEXPOSURE,304,False,False,70.0,0.0
2024H1|J_PULLBACK_CONTINUATION|2024-02-19T10:30:00+00:00|-1,-71.0,9616.419,2024-02-19 14:30:01.099000+00:00,2024-02-19 10:30:00.084000+00:00,-70.99999999999795,True,2024-02-19 14:30:01.099000+00:00,REFERENCE_HOLD_240M,305,False,False,2.0463630789890885e-12,0.0
2023H1|J_PULLBACK_CONTINUATION|2023-05-31T00:45:00+00:00|-1,-75.0,708.514,2023-05-31 04:45:00.853000+00:00,2023-05-31 00:45:00.235000+00:00,-74.99999999998863,True,2023-05-31 04:45:00.853000+00:00,REFERENCE_HOLD_240M,306,False,False,1.1368683772161603e-11,0.0
2023H2|J_PULLBACK_CONTINUATION|2023-07-13T07:45:00+00:00|-1,-77.0,3714.016,2023-07-13 11:45:02.773000+00:00,2023-07-13 07:45:00.227000+00:00,-76.99999999999818,True,2023-07-13 11:45:02.773000+00:00,REFERENCE_HOLD_240M,307,False,False,1.8189894035458565e-12,0.0
2024H1|J_PULLBACK_CONTINUATION|2024-01-08T04:30:00+00:00|-1,-78.0,9055.206,2024-01-08 08:30:00.155000+00:00,2024-01-08 04:30:00.064000+00:00,-77.99999999997453,True,2024-01-08 08:30:00.155000+00:00,REFERENCE_HOLD_240M,308,False,False,2.546585164964199e-11,0.0
2024H1|J_PULLBACK_CONTINUATION|2024-02-02T02:00:00+00:00|-1,-78.0,189.79,2024-02-02 06:00:00.066000+00:00,2024-02-02 02:00:00.110000+00:00,-78.00000000000296,True,2024-02-02 06:00:00.066000+00:00,REFERENCE_HOLD_240M,309,False,False,-2.9558577807620168e-12,0.0
2024H2|J_PULLBACK_CONTINUATION|2024-08-26T09:00:00+00:00|-1,-80.0,688.949,2024-08-26 13:00:00.048000+00:00,2024-08-26 09:00:00.059000+00:00,-80.0000000000125,True,2024-08-26 13:00:00.048000+00:00,REFERENCE_HOLD_240M,310,False,False,-1.2505552149377763e-11,0.0
2023H2|J_PULLBACK_CONTINUATION|2023-10-09T22:15:00+00:00|-1,-81.0,6677.855,2023-10-10 02:15:00.206000+00:00,2023-10-09 22:15:00.031000+00:00,0.0,False,,ENTRY_REJECT_BASELINE_COEXPOSURE,311,False,False,81.0,0.0
2024H2|J_PULLBACK_CONTINUATION|2024-09-25T00:45:00+00:00|-1,-81.0,2102.869,2024-09-25 04:45:03.596000+00:00,2024-09-25 00:45:00.290000+00:00,0.0,False,,ENTRY_REJECT_BASELINE_COEXPOSURE,312,False,False,81.0,0.0
2023H1|J_PULLBACK_CONTINUATION|2023-04-03T20:15:00+00:00|-1,-82.0,12218.981,2023-04-04 00:15:00.341000+00:00,2023-04-03 20:15:00.172000+00:00,0.0,False,,ENTRY_REJECT_BASELINE_COEXPOSURE,313,False,False,82.0,0.0
2023H2|J_PULLBACK_CONTINUATION|2023-07-26T12:15:00+00:00|-1,-82.0,2254.305,2023-07-26 16:15:00.302000+00:00,2023-07-26 12:15:00.097000+00:00,0.0,False,,ENTRY_REJECT_BASELINE_COEXPOSURE,314,False,False,82.0,0.0
2023H1|J_PULLBACK_CONTINUATION|2023-04-26T09:00:00+00:00|-1,-88.0,8906.375,2023-04-26 13:00:00.229000+00:00,2023-04-26 09:00:00.187000+00:00,-87.99999999999386,True,2023-04-26 13:00:00.229000+00:00,REFERENCE_HOLD_240M,315,False,False,6.139089236967266e-12,0.0
2024H1|J_PULLBACK_CONTINUATION|2024-02-01T00:45:00+00:00|-1,-91.0,5370.595,2024-02-01 04:45:00.167000+00:00,2024-02-01 00:45:00.032000+00:00,-90.99999999997976,True,2024-02-01 04:45:00.167000+00:00,REFERENCE_HOLD_240M,316,False,False,2.0236257114447653e-11,0.0
2023H2|J_PULLBACK_CONTINUATION|2023-07-12T21:00:00+00:00|-1,-93.0,12247.102,2023-07-13 01:00:00.044000+00:00,2023-07-12 21:00:00.130000+00:00,0.0,False,,ENTRY_REJECT_BASELINE_COEXPOSURE,317,False,False,93.0,0.0
2024H2|J_PULLBACK_CONTINUATION|2024-10-15T11:00:00+00:00|-1,-93.0,13305.217,2024-10-15 15:00:00.090000+00:00,2024-10-15 11:00:00.599000+00:00,0.0,False,,ENTRY_REJECT_BASELINE_COEXPOSURE,318,False,False,93.0,0.0
2023H2|J_PULLBACK_CONTINUATION|2023-10-30T06:45:00+00:00|-1,-95.0,1113.243,2023-10-30 10:45:03.035000+00:00,2023-10-30 06:45:09.644000+00:00,0.0,False,,ENTRY_REJECT_BASELINE_COEXPOSURE,319,False,False,95.0,0.0
2023H2|J_PULLBACK_CONTINUATION|2023-11-17T16:00:00+00:00|-1,-95.0,64.589,2023-11-17 20:00:00.136000+00:00,2023-11-17 16:00:01.052000+00:00,0.0,False,,ENTRY_REJECT_BASELINE_COEXPOSURE,320,False,False,95.0,0.0
2023H2|J_PULLBACK_CONTINUATION|2023-12-04T02:30:00+00:00|-1,-97.0,557.806,2023-12-04 06:30:00.161000+00:00,2023-12-04 02:30:00.164000+00:00,-97.00000000000841,True,2023-12-04 06:30:00.161000+00:00,REFERENCE_HOLD_240M,321,False,False,-8.412825991399586e-12,0.0
2024H2|J_PULLBACK_CONTINUATION|2024-11-07T20:00:00+00:00|-1,-99.0,875.406,2024-11-08 00:00:00.006000+00:00,2024-11-07 20:00:00.049000+00:00,0.0,False,,ENTRY_REJECT_BASELINE_COEXPOSURE,322,False,False,99.0,0.0
2024H1|J_PULLBACK_CONTINUATION|2024-05-30T14:30:00+00:00|-1,-101.0,1567.75,2024-05-30 18:30:00.865000+00:00,2024-05-30 14:30:00.328000+00:00,0.0,False,,ENTRY_REJECT_BASELINE_COEXPOSURE,323,False,False,101.0,0.0
2024H2|J_PULLBACK_CONTINUATION|2024-09-05T18:00:00+00:00|-1,-104.0,871.56,2024-09-05 22:00:00.192000+00:00,2024-09-05 18:00:00.327000+00:00,0.0,False,,ENTRY_REJECT_BASELINE_COEXPOSURE,324,False,False,104.0,0.0
2024H1|J_PULLBACK_CONTINUATION|2024-05-31T01:45:00+00:00|-1,-106.0,1366.622,2024-05-31 05:45:00.103000+00:00,2024-05-31 01:45:00.334000+00:00,-105.99999999999454,True,2024-05-31 05:45:00.103000+00:00,REFERENCE_HOLD_240M,325,False,False,5.4569682106375694e-12,0.0
2024H1|J_PULLBACK_CONTINUATION|2024-03-27T13:30:00+00:00|-1,-109.0,6223.004,2024-03-27 17:30:13.220000+00:00,2024-03-27 13:30:01.449000+00:00,0.0,False,,ENTRY_REJECT_BASELINE_COEXPOSURE,326,False,False,109.0,0.0
2024H1|J_PULLBACK_CONTINUATION|2024-05-16T02:30:00+00:00|-1,-109.0,8663.008,2024-05-16 06:30:00.066000+00:00,2024-05-16 02:30:00.063000+00:00,0.0,False,,ENTRY_REJECT_BASELINE_COEXPOSURE,327,False,False,109.0,0.0
2024H1|J_PULLBACK_CONTINUATION|2024-05-03T15:45:00+00:00|-1,-114.0,2682.736,2024-05-03 19:45:00.079000+00:00,2024-05-03 15:45:00.087000+00:00,0.0,False,,ENTRY_REJECT_BASELINE_COEXPOSURE,328,False,False,114.0,0.0
2023H1|J_PULLBACK_CONTINUATION|2023-01-09T23:15:00+00:00|-1,-116.0,8436.469,2023-01-10 03:15:00.155000+00:00,2023-01-09 23:15:00.119000+00:00,-116.00000000001387,True,2023-01-10 03:15:00.155000+00:00,REFERENCE_HOLD_240M,329,False,False,-1.3869794202037156e-11,0.0
2023H2|J_PULLBACK_CONTINUATION|2023-09-21T18:15:00+00:00|-1,-117.0,627.411,2023-09-21 22:15:00.117000+00:00,2023-09-21 18:15:00.079000+00:00,0.0,False,,ENTRY_REJECT_BASELINE_COEXPOSURE,330,False,False,117.0,0.0
2024H2|J_PULLBACK_CONTINUATION|2024-11-21T18:00:00+00:00|-1,-119.0,62.025,2024-11-21 22:00:00.070000+00:00,2024-11-21 18:00:00.582000+00:00,0.0,False,,ENTRY_REJECT_BASELINE_COEXPOSURE,331,False,False,119.0,0.0
2024H1|J_PULLBACK_CONTINUATION|2024-02-15T20:30:00+00:00|-1,-123.0,10136.99,2024-02-16 00:30:00.256000+00:00,2024-02-15 20:30:00.364000+00:00,0.0,False,,ENTRY_REJECT_BASELINE_COEXPOSURE,332,False,False,123.0,0.0
2024H1|J_PULLBACK_CONTINUATION|2024-01-22T04:00:00+00:00|-1,-124.0,3626.977,2024-01-22 08:00:00.093000+00:00,2024-01-22 04:00:00.141000+00:00,0.0,False,,ENTRY_REJECT_BASELINE_COEXPOSURE,333,False,False,124.0,0.0
2023H2|J_PULLBACK_CONTINUATION|2023-12-21T06:00:00+00:00|-1,-125.0,1013.303,2023-12-21 10:00:00.047000+00:00,2023-12-21 06:00:00.060000+00:00,0.0,False,,ENTRY_REJECT_BASELINE_COEXPOSURE,334,False,False,125.0,0.0
2024H2|J_PULLBACK_CONTINUATION|2024-11-21T23:15:00+00:00|-1,-127.0,3439.171,2024-11-22 03:15:00.628000+00:00,2024-11-21 23:15:06.066000+00:00,-127.00000000000955,True,2024-11-22 03:15:00.628000+00:00,REFERENCE_HOLD_240M,335,False,False,-9.549694368615746e-12,0.0
2024H1|J_PULLBACK_CONTINUATION|2024-02-27T12:00:00+00:00|-1,-128.0,5431.259,2024-02-27 16:00:00.075000+00:00,2024-02-27 12:00:00.129000+00:00,0.0,False,,ENTRY_REJECT_BASELINE_COEXPOSURE,336,False,False,128.0,0.0
2024H1|J_PULLBACK_CONTINUATION|2024-02-20T17:45:00+00:00|-1,-129.0,146.768,2024-02-20 21:45:00.053000+00:00,2024-02-20 17:45:04.934000+00:00,0.0,False,,ENTRY_REJECT_BASELINE_COEXPOSURE,337,False,False,129.0,0.0
2023H2|J_PULLBACK_CONTINUATION|2023-11-30T05:00:00+00:00|-1,-131.0,6129.26,2023-11-30 09:00:00.058000+00:00,2023-11-30 05:00:00.034000+00:00,-131.00000000000023,True,2023-11-30 09:00:00.058000+00:00,REFERENCE_HOLD_240M,338,False,False,-2.2737367544323206e-13,0.0
2023H1|J_PULLBACK_CONTINUATION|2023-04-12T22:45:00+00:00|-1,-134.0,2311.886,2023-04-13 02:45:00.237000+00:00,2023-04-12 22:45:00.212000+00:00,0.0,False,,ENTRY_REJECT_BASELINE_COEXPOSURE,339,False,False,134.0,0.0
2023H2|J_PULLBACK_CONTINUATION|2023-09-11T18:00:00+00:00|-1,-134.0,0.0,2023-09-11 22:00:00.065000+00:00,2023-09-11 18:00:00.177000+00:00,-134.00000000001455,True,2023-09-11 22:00:00.065000+00:00,REFERENCE_HOLD_240M,340,False,False,-1.4551915228366852e-11,0.0
2023H1|J_PULLBACK_CONTINUATION|2023-03-09T13:00:00+00:00|-1,-136.0,2423.444,2023-03-09 17:00:01.280000+00:00,2023-03-09 13:00:00.083000+00:00,0.0,False,,ENTRY_REJECT_BASELINE_COEXPOSURE,341,False,False,136.0,0.0
2023H2|J_PULLBACK_CONTINUATION|2023-07-25T22:30:00+00:00|-1,-138.0,5650.358,2023-07-26 02:30:00.949000+00:00,2023-07-25 22:30:00.588000+00:00,0.0,False,,ENTRY_REJECT_BASELINE_COEXPOSURE,342,False,False,138.0,0.0
2023H2|J_PULLBACK_CONTINUATION|2023-11-29T03:00:00+00:00|-1,-140.0,8908.408,2023-11-29 07:00:00.034000+00:00,2023-11-29 03:00:00.641000+00:00,0.0,False,,ENTRY_REJECT_BASELINE_COEXPOSURE,343,False,False,140.0,0.0
2023H1|J_PULLBACK_CONTINUATION|2023-02-02T15:45:00+00:00|-1,-142.0,1810.429,2023-02-02 19:45:00.197000+00:00,2023-02-02 15:45:00.164000+00:00,0.0,False,,ENTRY_REJECT_BASELINE_COEXPOSURE,344,False,False,142.0,0.0
2023H2|J_PULLBACK_CONTINUATION|2023-09-07T17:30:00+00:00|-1,-142.0,331.249,2023-09-07 21:30:00.059000+00:00,2023-09-07 17:30:00.209000+00:00,0.0,False,,ENTRY_REJECT_BASELINE_COEXPOSURE,345,False,False,142.0,0.0
2023H2|J_PULLBACK_CONTINUATION|2023-09-11T22:45:00+00:00|-1,-142.0,8903.05,2023-09-12 02:45:00.580000+00:00,2023-09-11 22:45:00.526000+00:00,-141.9999999999959,True,2023-09-12 02:45:00.580000+00:00,REFERENCE_HOLD_240M,346,False,False,4.092726157978177e-12,0.0
2024H1|J_PULLBACK_CONTINUATION|2024-03-29T15:15:00+00:00|-1,-142.0,1172.973,2024-03-29 19:15:09.635000+00:00,2024-03-29 15:15:03.172000+00:00,-141.9999999999959,True,2024-03-29 19:15:09.635000+00:00,REFERENCE_HOLD_240M,347,False,False,4.092726157978177e-12,0.0
2023H2|J_PULLBACK_CONTINUATION|2023-08-31T09:15:00+00:00|-1,-143.0,11843.073,2023-08-31 13:15:00.176000+00:00,2023-08-31 09:15:00.145000+00:00,-143.00000000000068,True,2023-08-31 13:15:00.176000+00:00,REFERENCE_HOLD_240M,348,False,False,-6.821210263296962e-13,0.0
2023H1|J_PULLBACK_CONTINUATION|2023-03-16T06:00:00+00:00|-1,-144.0,8703.279,2023-03-16 10:00:00.166000+00:00,2023-03-16 06:00:00.097000+00:00,-143.99999999997704,True,2023-03-16 10:00:00.166000+00:00,REFERENCE_HOLD_240M,349,False,False,2.2964741219766438e-11,0.0
2024H1|J_PULLBACK_CONTINUATION|2024-03-08T18:00:00+00:00|-1,-144.0,2459.643,2024-03-10 21:04:37.929000+00:00,2024-03-08 18:00:00.160000+00:00,0.0,False,,ENTRY_REJECT_BASELINE_COEXPOSURE,350,False,False,144.0,0.0
2023H1|J_PULLBACK_CONTINUATION|2023-01-17T20:15:00+00:00|-1,-145.0,4490.457,2023-01-18 00:15:00.082000+00:00,2023-01-17 20:15:02.521000+00:00,0.0,False,,ENTRY_REJECT_BASELINE_COEXPOSURE,351,False,False,145.0,0.0
2024H1|J_PULLBACK_CONTINUATION|2024-02-15T12:15:00+00:00|-1,-145.0,4518.594,2024-02-15 16:15:00.086000+00:00,2024-02-15 12:15:00.260000+00:00,0.0,False,,ENTRY_REJECT_BASELINE_COEXPOSURE,352,False,False,145.0,0.0
2024H2|J_PULLBACK_CONTINUATION|2024-12-09T01:30:00+00:00|-1,-145.0,182.328,2024-12-09 05:30:00.056000+00:00,2024-12-09 01:30:00.260000+00:00,0.0,False,,ENTRY_REJECT_BASELINE_COEXPOSURE,353,False,False,145.0,0.0
2023H1|J_PULLBACK_CONTINUATION|2023-02-02T08:15:00+00:00|-1,-149.0,281.526,2023-02-02 12:15:00.359000+00:00,2023-02-02 08:15:00.537000+00:00,-149.0000000000009,True,2023-02-02 12:15:00.359000+00:00,REFERENCE_HOLD_240M,354,False,False,-9.094947017729282e-13,0.0
2024H1|J_PULLBACK_CONTINUATION|2024-05-03T03:30:00+00:00|-1,-154.0,4452.156,2024-05-03 07:30:00.034000+00:00,2024-05-03 03:30:00.122000+00:00,0.0,False,,ENTRY_REJECT_BASELINE_COEXPOSURE,355,False,False,154.0,0.0
2024H2|J_PULLBACK_CONTINUATION|2024-10-31T22:15:00+00:00|-1,-154.0,5639.481,2024-11-01 02:15:00.214000+00:00,2024-10-31 22:15:00.113000+00:00,-153.99999999999636,True,2024-11-01 02:15:00.214000+00:00,REFERENCE_HOLD_240M,356,False,False,3.637978807091713e-12,0.0
2024H2|J_PULLBACK_CONTINUATION|2024-07-11T20:45:00+00:00|-1,-157.0,9876.936,2024-07-12 00:45:00.197000+00:00,2024-07-11 20:45:00.099000+00:00,0.0,False,,ENTRY_REJECT_BASELINE_COEXPOSURE,357,False,False,157.0,0.0
2024H1|J_PULLBACK_CONTINUATION|2024-01-30T09:30:00+00:00|-1,-159.0,4183.511,2024-01-30 13:30:00.905000+00:00,2024-01-30 09:30:00.107000+00:00,0.0,False,,ENTRY_REJECT_BASELINE_COEXPOSURE,358,False,False,159.0,0.0
2023H1|J_PULLBACK_CONTINUATION|2023-04-25T00:30:00+00:00|-1,-160.0,676.727,2023-04-25 04:30:00.161000+00:00,2023-04-25 00:30:00.389000+00:00,-159.9999999999966,True,2023-04-25 04:30:00.161000+00:00,REFERENCE_HOLD_240M,359,False,False,3.410605131648481e-12,0.0
2023H2|J_PULLBACK_CONTINUATION|2023-11-20T18:15:00+00:00|-1,-161.0,604.686,2023-11-20 22:15:02.115000+00:00,2023-11-20 18:15:00.238000+00:00,0.0,False,,ENTRY_REJECT_BASELINE_COEXPOSURE,360,False,False,161.0,0.0
2024H2|J_PULLBACK_CONTINUATION|2024-07-17T23:00:00+00:00|-1,-162.0,2651.122,2024-07-18 03:00:00.146000+00:00,2024-07-17 23:00:00.098000+00:00,-162.00000000000614,True,2024-07-18 03:00:00.146000+00:00,REFERENCE_HOLD_240M,361,False,False,-6.139089236967266e-12,0.0
2024H1|J_PULLBACK_CONTINUATION|2024-05-27T05:30:00+00:00|-1,-163.0,1673.652,2024-05-27 09:30:04.786000+00:00,2024-05-27 05:30:01.086000+00:00,0.0,False,,ENTRY_REJECT_BASELINE_COEXPOSURE,362,False,False,163.0,0.0
2024H2|J_PULLBACK_CONTINUATION|2024-10-30T12:15:00+00:00|-1,-163.0,6129.953,2024-10-30 16:15:00.026000+00:00,2024-10-30 12:15:00.143000+00:00,0.0,False,,ENTRY_REJECT_BASELINE_COEXPOSURE,363,False,False,163.0,0.0
2023H2|J_PULLBACK_CONTINUATION|2023-09-01T02:15:00+00:00|-1,-168.0,1092.199,2023-09-01 06:15:00.010000+00:00,2023-09-01 02:15:00.173000+00:00,0.0,False,,ENTRY_REJECT_BASELINE_COEXPOSURE,364,False,False,168.0,0.0
2023H1|J_PULLBACK_CONTINUATION|2023-05-29T14:15:00+00:00|-1,-170.0,261.997,2023-05-29 18:15:00.049000+00:00,2023-05-29 14:15:01.792000+00:00,0.0,False,,ENTRY_REJECT_BASELINE_COEXPOSURE,365,False,False,170.0,0.0
2024H1|J_PULLBACK_CONTINUATION|2024-02-29T13:45:00+00:00|-1,-170.0,6639.856,2024-02-29 17:45:00.071000+00:00,2024-02-29 13:45:00.144000+00:00,0.0,False,,ENTRY_REJECT_BASELINE_COEXPOSURE,366,False,False,170.0,0.0
2023H2|J_PULLBACK_CONTINUATION|2023-08-18T16:45:00+00:00|-1,-172.0,1757.928,2023-08-18 20:45:00.088000+00:00,2023-08-18 16:45:00.046000+00:00,0.0,False,,ENTRY_REJECT_BASELINE_COEXPOSURE,367,False,False,172.0,0.0
2024H2|J_PULLBACK_CONTINUATION|2024-11-18T04:15:00+00:00|-1,-172.0,8445.198,2024-11-18 08:15:00.163000+00:00,2024-11-18 04:15:00.618000+00:00,0.0,False,,ENTRY_REJECT_BASELINE_COEXPOSURE,368,False,False,172.0,0.0
2024H2|J_PULLBACK_CONTINUATION|2024-11-08T12:45:00+00:00|-1,-173.0,1075.098,2024-11-08 16:45:00.933000+00:00,2024-11-08 12:45:00.077000+00:00,0.0,False,,ENTRY_REJECT_BASELINE_COEXPOSURE,369,False,False,173.0,0.0
2023H2|J_PULLBACK_CONTINUATION|2023-12-15T12:15:00+00:00|-1,-176.0,10818.52,2023-12-15 16:15:00.017000+00:00,2023-12-15 12:15:00.077000+00:00,0.0,False,,ENTRY_REJECT_BASELINE_COEXPOSURE,370,False,False,176.0,0.0
2024H1|J_PULLBACK_CONTINUATION|2024-02-07T07:15:00+00:00|-1,-176.0,1448.184,2024-02-07 11:15:00.164000+00:00,2024-02-07 07:15:00.110000+00:00,-175.99999999998772,True,2024-02-07 11:15:00.164000+00:00,REFERENCE_HOLD_240M,371,False,False,1.2278178473934531e-11,0.0
2023H2|J_PULLBACK_CONTINUATION|2023-11-14T23:15:00+00:00|-1,-177.0,156.101,2023-11-15 03:15:01.290000+00:00,2023-11-14 23:15:00.070000+00:00,0.0,False,,ENTRY_REJECT_BASELINE_COEXPOSURE,372,False,False,177.0,0.0
2024H2|J_PULLBACK_CONTINUATION|2024-11-19T11:30:00+00:00|-1,-179.0,8949.556,2024-11-19 15:30:00.094000+00:00,2024-11-19 11:30:00.085000+00:00,0.0,False,,ENTRY_REJECT_BASELINE_COEXPOSURE,373,False,False,179.0,0.0
2023H2|J_PULLBACK_CONTINUATION|2023-09-14T05:15:00+00:00|-1,-180.0,962.146,2023-09-14 09:15:00.309000+00:00,2023-09-14 05:15:00.220000+00:00,0.0,False,,ENTRY_REJECT_BASELINE_COEXPOSURE,374,False,False,180.0,0.0
2023H2|J_PULLBACK_CONTINUATION|2023-09-18T23:15:00+00:00|-1,-182.0,3045.487,2023-09-19 03:15:00.194000+00:00,2023-09-18 23:15:00.168000+00:00,-182.00000000001637,True,2023-09-19 03:15:00.194000+00:00,REFERENCE_HOLD_240M,375,False,False,-1.6370904631912708e-11,0.0
2024H2|J_PULLBACK_CONTINUATION|2024-08-01T04:15:00+00:00|-1,-183.0,241.106,2024-08-01 08:15:00.406000+00:00,2024-08-01 04:15:00.178000+00:00,0.0,False,,ENTRY_REJECT_BASELINE_COEXPOSURE,376,False,False,183.0,0.0
2023H2|J_PULLBACK_CONTINUATION|2023-08-18T07:15:00+00:00|-1,-185.0,1510.782,2023-08-18 11:15:00.244000+00:00,2023-08-18 07:15:00.099000+00:00,0.0,False,,ENTRY_REJECT_BASELINE_COEXPOSURE,377,False,False,185.0,0.0
2024H2|J_PULLBACK_CONTINUATION|2024-12-18T07:15:00+00:00|-1,-185.0,673.722,2024-12-18 11:15:03.287000+00:00,2024-12-18 07:15:14.188000+00:00,-185.00000000000227,True,2024-12-18 11:15:03.287000+00:00,REFERENCE_HOLD_240M,378,False,False,-2.2737367544323206e-12,0.0
2024H1|J_PULLBACK_CONTINUATION|2024-01-22T13:30:00+00:00|-1,-187.0,1591.947,2024-01-22 17:30:08.346000+00:00,2024-01-22 13:30:00.235000+00:00,0.0,False,,ENTRY_REJECT_BASELINE_COEXPOSURE,379,False,False,187.0,0.0
2024H1|J_PULLBACK_CONTINUATION|2024-06-06T21:45:00+00:00|-1,-199.0,2698.34,2024-06-07 01:45:00.068000+00:00,2024-06-06 21:45:01.929000+00:00,-199.00000000001228,True,2024-06-07 01:45:00.068000+00:00,REFERENCE_HOLD_240M,380,False,False,-1.2278178473934531e-11,0.0
2023H1|J_PULLBACK_CONTINUATION|2023-05-05T08:00:00+00:00|-1,-200.0,295.201,2023-05-05 12:00:00.078000+00:00,2023-05-05 08:00:00.119000+00:00,-199.99999999998863,True,2023-05-05 12:00:00.078000+00:00,REFERENCE_HOLD_240M,381,False,False,1.1368683772161603e-11,0.0
2023H1|J_PULLBACK_CONTINUATION|2023-02-28T22:15:00+00:00|-1,-202.0,3033.405,2023-03-01 02:15:05.149000+00:00,2023-02-28 22:15:08.185000+00:00,0.0,False,,ENTRY_REJECT_BASELINE_COEXPOSURE,382,False,False,202.0,0.0
2024H2|J_PULLBACK_CONTINUATION|2024-07-12T17:45:00+00:00|-1,-210.0,9452.996,2024-07-14 21:46:00.221000+00:00,2024-07-12 17:45:06.317000+00:00,0.0,False,,ENTRY_REJECT_BASELINE_COEXPOSURE,383,False,False,210.0,0.0
2024H2|J_PULLBACK_CONTINUATION|2024-09-11T07:00:00+00:00|-1,-210.0,2840.825,2024-09-11 11:00:00.100000+00:00,2024-09-11 07:00:00.097000+00:00,0.0,False,,ENTRY_REJECT_BASELINE_COEXPOSURE,384,False,False,210.0,0.0
2023H2|J_PULLBACK_CONTINUATION|2023-09-29T08:30:00+00:00|-1,-211.0,1082.461,2023-09-29 12:30:00.075000+00:00,2023-09-29 08:30:00.159000+00:00,0.0,False,,ENTRY_REJECT_BASELINE_COEXPOSURE,385,False,False,211.0,0.0
2023H1|J_PULLBACK_CONTINUATION|2023-05-22T03:00:00+00:00|-1,-215.0,2366.138,2023-05-22 07:00:00.107000+00:00,2023-05-22 03:00:00.134000+00:00,-215.0000000000034,True,2023-05-22 07:00:00.107000+00:00,REFERENCE_HOLD_240M,386,False,False,-3.410605131648481e-12,0.0
2023H2|J_PULLBACK_CONTINUATION|2023-11-27T06:15:00+00:00|-1,-217.0,4026.912,2023-11-27 10:15:00.264000+00:00,2023-11-27 06:15:00.063000+00:00,0.0,False,,ENTRY_REJECT_BASELINE_COEXPOSURE,387,False,False,217.0,0.0
2023H2|J_PULLBACK_CONTINUATION|2023-08-20T22:30:00+00:00|-1,-219.0,10087.224,2023-08-21 02:30:00.845000+00:00,2023-08-20 22:30:00.126000+00:00,0.0,False,,ENTRY_REJECT_BASELINE_COEXPOSURE,388,False,False,219.0,0.0
2024H2|J_PULLBACK_CONTINUATION|2024-09-29T22:00:00+00:00|-1,-221.0,36.385,2024-09-30 02:00:00.317000+00:00,2024-09-29 22:00:00.087000+00:00,0.0,False,,ENTRY_REJECT_BASELINE_COEXPOSURE,389,False,False,221.0,0.0
2024H2|J_PULLBACK_CONTINUATION|2024-07-15T18:15:00+00:00|-1,-225.0,5618.859,2024-07-15 22:15:00.843000+00:00,2024-07-15 18:15:00.085000+00:00,0.0,False,,ENTRY_REJECT_BASELINE_COEXPOSURE,390,False,False,225.0,0.0
2024H1|J_PULLBACK_CONTINUATION|2024-01-24T22:15:00+00:00|-1,-227.0,1293.81,2024-01-25 02:15:00.056000+00:00,2024-01-24 22:15:09.667000+00:00,0.0,False,,ENTRY_REJECT_BASELINE_COEXPOSURE,391,False,False,227.0,0.0
2023H1|J_PULLBACK_CONTINUATION|2023-06-01T01:00:00+00:00|-1,-230.0,1289.89,2023-06-01 05:00:00.548000+00:00,2023-06-01 01:00:00.767000+00:00,0.0,False,,ENTRY_REJECT_BASELINE_COEXPOSURE,392,False,False,230.0,0.0
2024H1|J_PULLBACK_CONTINUATION|2024-01-12T08:15:00+00:00|-1,-233.0,78.049,2024-01-12 12:15:00.155000+00:00,2024-01-12 08:15:00.046000+00:00,0.0,False,,ENTRY_REJECT_BASELINE_COEXPOSURE,393,False,False,233.0,0.0
2023H1|J_PULLBACK_CONTINUATION|2023-05-31T05:15:00+00:00|-1,-235.0,3362.025,2023-05-31 09:15:00.359000+00:00,2023-05-31 05:15:00.371000+00:00,-235.00000000001364,True,2023-05-31 09:15:00.359000+00:00,REFERENCE_HOLD_240M,394,False,False,-1.3642420526593924e-11,0.0
2023H2|J_PULLBACK_CONTINUATION|2023-07-28T02:45:00+00:00|-1,-239.0,5401.688,2023-07-28 06:45:00.036000+00:00,2023-07-28 02:45:00.413000+00:00,0.0,False,,ENTRY_REJECT_BASELINE_COEXPOSURE,395,False,False,239.0,0.0
2024H2|J_PULLBACK_CONTINUATION|2024-07-22T08:45:00+00:00|-1,-239.0,5555.9,2024-07-22 12:45:00.080000+00:00,2024-07-22 08:45:00.054000+00:00,0.0,False,,ENTRY_REJECT_BASELINE_COEXPOSURE,396,False,False,239.0,0.0
2023H2|J_PULLBACK_CONTINUATION|2023-10-04T16:30:00+00:00|-1,-241.0,274.454,2023-10-04 20:30:00.012000+00:00,2023-10-04 16:30:02.756000+00:00,0.0,False,,ENTRY_REJECT_BASELINE_COEXPOSURE,397,False,False,241.0,0.0
2024H2|J_PULLBACK_CONTINUATION|2024-10-04T07:45:00+00:00|-1,-241.0,160.359,2024-10-04 11:45:00.765000+00:00,2024-10-04 07:45:00.146000+00:00,0.0,False,,ENTRY_REJECT_BASELINE_COEXPOSURE,398,False,False,241.0,0.0
2024H1|J_PULLBACK_CONTINUATION|2024-06-07T08:30:00+00:00|-1,-244.0,1512.43,2024-06-07 12:30:00.121000+00:00,2024-06-07 08:30:00.087000+00:00,0.0,False,,ENTRY_REJECT_BASELINE_COEXPOSURE,399,False,False,244.0,0.0
2024H1|J_PULLBACK_CONTINUATION|2024-06-03T23:45:00+00:00|-1,-249.0,952.463,2024-06-04 03:45:00.274000+00:00,2024-06-03 23:45:00.275000+00:00,-248.99999999999523,True,2024-06-04 03:45:00.274000+00:00,REFERENCE_HOLD_240M,400,False,False,4.774847184307873e-12,0.0
2024H2|J_PULLBACK_CONTINUATION|2024-11-04T15:00:00+00:00|-1,-249.0,552.72,2024-11-04 19:00:00.334000+00:00,2024-11-04 15:00:00.191000+00:00,0.0,False,,ENTRY_REJECT_BASELINE_COEXPOSURE,401,False,False,249.0,0.0
2024H2|J_PULLBACK_CONTINUATION|2024-11-21T12:45:00+00:00|-1,-252.0,8664.889,2024-11-21 16:45:00.014000+00:00,2024-11-21 12:45:00.052000+00:00,0.0,False,,ENTRY_REJECT_BASELINE_COEXPOSURE,402,False,False,252.0,0.0
2024H2|J_PULLBACK_CONTINUATION|2024-12-17T23:00:00+00:00|-1,-252.0,120.551,2024-12-18 03:00:00.116000+00:00,2024-12-17 23:00:00.089000+00:00,0.0,False,,ENTRY_REJECT_BASELINE_COEXPOSURE,403,False,False,252.0,0.0
2023H1|J_PULLBACK_CONTINUATION|2023-04-05T16:30:00+00:00|-1,-254.0,42.99,2023-04-05 20:30:04.174000+00:00,2023-04-05 16:30:00.143000+00:00,0.0,False,,ENTRY_REJECT_BASELINE_COEXPOSURE,404,False,False,254.0,0.0
2023H2|J_PULLBACK_CONTINUATION|2023-12-22T11:30:00+00:00|-1,-255.0,9354.561,2023-12-22 15:30:00.096000+00:00,2023-12-22 11:30:00.069000+00:00,-255.00000000002387,True,2023-12-22 15:30:00.096000+00:00,REFERENCE_HOLD_240M,405,False,False,-2.3874235921539366e-11,0.0
2024H2|J_PULLBACK_CONTINUATION|2024-11-17T22:00:00+00:00|-1,-256.0,9878.92,2024-11-18 02:00:00.120000+00:00,2024-11-17 22:03:55.796000+00:00,0.0,False,,ENTRY_REJECT_BASELINE_COEXPOSURE,406,False,False,256.0,0.0
2024H1|J_PULLBACK_CONTINUATION|2024-04-05T05:30:00+00:00|-1,-260.0,2051.732,2024-04-05 09:30:05.662000+00:00,2024-04-05 05:30:00.130000+00:00,0.0,False,,ENTRY_REJECT_BASELINE_COEXPOSURE,407,False,False,260.0,0.0
2024H1|J_PULLBACK_CONTINUATION|2024-01-12T16:30:00+00:00|-1,-263.0,370.378,2024-01-12 20:30:37.774000+00:00,2024-01-12 16:30:00.093000+00:00,0.0,False,,ENTRY_REJECT_BASELINE_COEXPOSURE,408,False,False,263.0,0.0
2024H2|J_PULLBACK_CONTINUATION|2024-08-13T20:30:00+00:00|-1,-263.0,7500.106,2024-08-14 00:30:00.389000+00:00,2024-08-13 20:30:00.437000+00:00,0.0,False,,ENTRY_REJECT_BASELINE_COEXPOSURE,409,False,False,263.0,0.0
2024H2|J_PULLBACK_CONTINUATION|2024-07-05T12:30:00+00:00|-1,-266.0,45.548,2024-07-05 16:30:00.783000+00:00,2024-07-05 12:30:00.172000+00:00,-265.99999999999113,True,2024-07-05 16:30:00.783000+00:00,REFERENCE_HOLD_240M,410,False,False,8.86757334228605e-12,0.0
2023H2|J_PULLBACK_CONTINUATION|2023-07-03T00:15:00+00:00|-1,-268.0,798.729,2023-07-03 04:15:03.715000+00:00,2023-07-03 00:15:01.175000+00:00,0.0,False,,ENTRY_REJECT_BASELINE_COEXPOSURE,411,False,False,268.0,0.0
2023H2|J_PULLBACK_CONTINUATION|2023-11-03T20:30:00+00:00|-1,-269.0,248.113,2023-11-06 01:30:00.103000+00:00,2023-11-03 20:30:00.006000+00:00,0.0,False,,ENTRY_REJECT_BASELINE_COEXPOSURE,412,False,False,269.0,0.0
2023H2|J_PULLBACK_CONTINUATION|2023-08-29T22:15:00+00:00|-1,-272.0,2975.844,2023-08-30 02:15:01.218000+00:00,2023-08-29 22:15:00.117000+00:00,0.0,False,,ENTRY_REJECT_BASELINE_COEXPOSURE,413,False,False,272.0,0.0
2023H2|J_PULLBACK_CONTINUATION|2023-11-17T20:30:00+00:00|-1,-272.0,178672.618,2023-11-20 00:30:10.469000+00:00,2023-11-17 20:30:00.115000+00:00,-272.0000000000198,True,2023-11-20 00:30:10.469000+00:00,REFERENCE_HOLD_240M,414,False,False,-1.978150976356119e-11,0.0
2023H2|J_PULLBACK_CONTINUATION|2023-08-04T07:15:00+00:00|-1,-273.0,1.68,2023-08-04 11:15:04.099000+00:00,2023-08-04 07:15:00.064000+00:00,-272.99999999999613,True,2023-08-04 11:15:04.099000+00:00,REFERENCE_HOLD_240M,415,False,False,3.865352482534945e-12,0.0
2024H1|J_PULLBACK_CONTINUATION|2024-04-18T06:15:00+00:00|-1,-278.0,260.916,2024-04-18 10:15:00.218000+00:00,2024-04-18 06:15:01.162000+00:00,0.0,False,,ENTRY_REJECT_BASELINE_COEXPOSURE,416,False,False,278.0,0.0
2024H1|J_PULLBACK_CONTINUATION|2024-03-11T11:45:00+00:00|-1,-280.0,1341.837,2024-03-11 15:45:00.151000+00:00,2024-03-11 11:45:00.542000+00:00,-280.00000000000114,True,2024-03-11 15:45:00.151000+00:00,REFERENCE_HOLD_240M,417,False,False,-1.1368683772161603e-12,0.0
2023H1|J_PULLBACK_CONTINUATION|2023-02-17T21:15:00+00:00|-1,-281.0,2549.153,2023-02-20 01:15:00.064000+00:00,2023-02-17 21:15:00.546000+00:00,-281.0000000000059,True,2023-02-20 01:15:00.064000+00:00,REFERENCE_HOLD_240M,418,False,False,-5.9117155615240335e-12,0.0
2024H1|J_PULLBACK_CONTINUATION|2024-01-12T21:15:00+00:00|-1,-281.0,443.155,2024-01-15 01:15:00.025000+00:00,2024-01-12 21:15:00.188000+00:00,0.0,False,,ENTRY_REJECT_BASELINE_COEXPOSURE,419,False,False,281.0,0.0
2024H1|J_PULLBACK_CONTINUATION|2024-02-02T06:30:00+00:00|-1,-284.0,31.154,2024-02-02 10:30:00.099000+00:00,2024-02-02 06:30:00.122000+00:00,-283.9999999999918,True,2024-02-02 10:30:00.099000+00:00,REFERENCE_HOLD_240M,420,False,False,8.185452315956354e-12,0.0
2023H1|J_PULLBACK_CONTINUATION|2023-03-28T19:15:00+00:00|-1,-285.0,1932.729,2023-03-28 23:15:00.463000+00:00,2023-03-28 19:15:21.059000+00:00,-285.000000000025,True,2023-03-28 23:15:00.463000+00:00,REFERENCE_HOLD_240M,421,False,False,-2.5011104298755527e-11,0.0
2024H2|J_PULLBACK_CONTINUATION|2024-08-21T21:30:00+00:00|-1,-287.0,5703.332,2024-08-22 01:30:00.050000+00:00,2024-08-21 21:30:00.057000+00:00,0.0,False,,ENTRY_REJECT_BASELINE_COEXPOSURE,422,False,False,287.0,0.0
2023H2|J_PULLBACK_CONTINUATION|2023-11-21T12:15:00+00:00|-1,-290.0,4301.591,2023-11-21 16:15:00.279000+00:00,2023-11-21 12:15:00.217000+00:00,0.0,False,,ENTRY_REJECT_BASELINE_COEXPOSURE,423,False,False,290.0,0.0
2024H2|J_PULLBACK_CONTINUATION|2024-09-23T19:45:00+00:00|-1,-290.0,214.86,2024-09-23 23:45:00.827000+00:00,2024-09-23 19:45:00.058000+00:00,-290.00000000002046,True,2024-09-23 23:45:00.827000+00:00,REFERENCE_HOLD_240M,424,False,False,-2.0463630789890885e-11,0.0
2023H2|J_PULLBACK_CONTINUATION|2023-10-24T09:00:00+00:00|-1,-295.0,0.0,2023-10-24 13:00:00.198000+00:00,2023-10-24 09:00:00.232000+00:00,0.0,False,,ENTRY_REJECT_BASELINE_COEXPOSURE,425,False,False,295.0,0.0
2023H2|J_PULLBACK_CONTINUATION|2023-12-21T22:30:00+00:00|-1,-295.0,7643.171,2023-12-22 02:30:00.703000+00:00,2023-12-21 22:30:00.077000+00:00,0.0,False,,ENTRY_REJECT_BASELINE_COEXPOSURE,426,False,False,295.0,0.0
2024H2|J_PULLBACK_CONTINUATION|2024-07-22T13:15:00+00:00|-1,-300.0,377.106,2024-07-22 17:15:00.183000+00:00,2024-07-22 13:15:00.157000+00:00,0.0,False,,ENTRY_REJECT_BASELINE_COEXPOSURE,427,False,False,300.0,0.0
2024H2|J_PULLBACK_CONTINUATION|2024-11-27T19:45:00+00:00|-1,-302.0,0.0,2024-11-27 23:45:00.182000+00:00,2024-11-27 19:45:00.720000+00:00,0.0,False,,ENTRY_REJECT_BASELINE_COEXPOSURE,428,False,False,302.0,0.0
2024H1|J_PULLBACK_CONTINUATION|2024-06-28T14:30:00+00:00|-1,-303.0,21.853,2024-06-28 18:30:00.552000+00:00,2024-06-28 14:30:00.162000+00:00,-302.99999999999727,True,2024-06-28 18:30:00.552000+00:00,REFERENCE_HOLD_240M,429,False,False,2.7284841053187847e-12,0.0
2023H2|J_PULLBACK_CONTINUATION|2023-11-28T04:00:00+00:00|-1,-304.0,2780.072,2023-11-28 08:00:00.176000+00:00,2023-11-28 04:00:00.117000+00:00,0.0,False,,ENTRY_REJECT_BASELINE_COEXPOSURE,430,False,False,304.0,0.0
2023H1|J_PULLBACK_CONTINUATION|2023-01-26T03:15:00+00:00|-1,-306.0,4112.582,2023-01-26 07:15:00.119000+00:00,2023-01-26 03:15:00.332000+00:00,0.0,False,,ENTRY_REJECT_BASELINE_COEXPOSURE,431,False,False,306.0,0.0
2023H1|J_PULLBACK_CONTINUATION|2023-05-04T06:30:00+00:00|-1,-309.0,662.865,2023-05-04 10:30:00.271000+00:00,2023-05-04 06:30:00.145000+00:00,0.0,False,,ENTRY_REJECT_BASELINE_COEXPOSURE,432,False,False,309.0,0.0
2023H1|J_PULLBACK_CONTINUATION|2023-04-19T01:00:00+00:00|-1,-316.0,889.043,2023-04-19 05:00:00.025000+00:00,2023-04-19 01:00:00.143000+00:00,-316.0000000000025,True,2023-04-19 05:00:00.025000+00:00,REFERENCE_HOLD_240M,433,False,False,-2.5011104298755527e-12,0.0
2023H1|J_PULLBACK_CONTINUATION|2023-05-11T03:15:00+00:00|-1,-318.0,830.562,2023-05-11 07:15:00.079000+00:00,2023-05-11 03:15:00.131000+00:00,0.0,False,,ENTRY_REJECT_BASELINE_COEXPOSURE,434,False,False,318.0,0.0
2024H2|J_PULLBACK_CONTINUATION|2024-12-31T07:15:00+00:00|-1,-318.0,4203.108,2024-12-31 11:15:00.059000+00:00,2024-12-31 07:15:00.074000+00:00,0.0,False,,ENTRY_REJECT_BASELINE_COEXPOSURE,435,False,False,318.0,0.0
2024H2|J_PULLBACK_CONTINUATION|2024-09-13T16:15:00+00:00|-1,-320.0,71.242,2024-09-13 20:15:01.460000+00:00,2024-09-13 16:15:00.075000+00:00,0.0,False,,ENTRY_REJECT_BASELINE_COEXPOSURE,436,False,False,320.0,0.0
2023H1|J_PULLBACK_CONTINUATION|2023-05-04T17:45:00+00:00|-1,-321.0,23.062,2023-05-04 21:45:00.443000+00:00,2023-05-04 17:45:00.214000+00:00,0.0,False,,ENTRY_REJECT_BASELINE_COEXPOSURE,437,False,False,321.0,0.0
2023H2|J_PULLBACK_CONTINUATION|2023-10-06T02:00:00+00:00|-1,-321.0,302.128,2023-10-06 06:00:00.064000+00:00,2023-10-06 02:00:00.114000+00:00,-320.99999999999795,True,2023-10-06 06:00:00.064000+00:00,REFERENCE_HOLD_240M,438,False,False,2.0463630789890885e-12,0.0
2024H2|J_PULLBACK_CONTINUATION|2024-08-19T14:45:00+00:00|-1,-327.0,260.91,2024-08-19 18:45:00.061000+00:00,2024-08-19 14:45:00.129000+00:00,-327.0000000000266,True,2024-08-19 18:45:00.061000+00:00,REFERENCE_HOLD_240M,439,False,False,-2.660272002685815e-11,0.0
2023H1|J_PULLBACK_CONTINUATION|2023-03-06T05:30:00+00:00|-1,-328.0,7357.985,2023-03-06 09:30:00.014000+00:00,2023-03-06 05:30:00.017000+00:00,0.0,False,,ENTRY_REJECT_BASELINE_COEXPOSURE,440,False,False,328.0,0.0
2024H2|J_PULLBACK_CONTINUATION|2024-07-29T07:00:00+00:00|-1,-334.0,50.161,2024-07-29 11:00:01.758000+00:00,2024-07-29 07:00:00.049000+00:00,-334.0000000000032,True,2024-07-29 11:00:01.758000+00:00,REFERENCE_HOLD_240M,441,False,False,-3.183231456205249e-12,0.0
2023H2|J_PULLBACK_CONTINUATION|2023-10-29T21:00:00+00:00|-1,-337.0,408.786,2023-10-30 01:00:00.084000+00:00,2023-10-29 21:00:10.687000+00:00,0.0,False,,ENTRY_REJECT_BASELINE_COEXPOSURE,442,False,False,337.0,0.0
2024H2|J_PULLBACK_CONTINUATION|2024-11-26T12:15:00+00:00|-1,-342.0,2955.598,2024-11-26 16:15:00.184000+00:00,2024-11-26 12:15:00.150000+00:00,0.0,False,,ENTRY_REJECT_BASELINE_COEXPOSURE,443,False,False,342.0,0.0
2024H1|J_PULLBACK_CONTINUATION|2024-06-04T20:00:00+00:00|-1,-347.0,0.0,2024-06-05 00:00:00.125000+00:00,2024-06-04 20:00:00.088000+00:00,-347.0000000000084,True,2024-06-05 00:00:00.125000+00:00,REFERENCE_HOLD_240M,444,False,False,-8.412825991399586e-12,0.0
2023H2|J_PULLBACK_CONTINUATION|2023-11-06T09:15:00+00:00|-1,-349.0,37.419,2023-11-06 13:15:00.084000+00:00,2023-11-06 09:15:00.050000+00:00,0.0,False,,ENTRY_REJECT_BASELINE_COEXPOSURE,445,False,False,349.0,0.0
2023H2|J_PULLBACK_CONTINUATION|2023-07-27T07:15:00+00:00|-1,-356.0,2101.487,2023-07-27 11:15:00.420000+00:00,2023-07-27 07:15:00.300000+00:00,0.0,False,,ENTRY_REJECT_BASELINE_COEXPOSURE,446,False,False,356.0,0.0
2024H1|J_PULLBACK_CONTINUATION|2024-05-09T22:15:00+00:00|-1,-357.0,4893.975,2024-05-10 02:15:00.094000+00:00,2024-05-09 22:15:00.599000+00:00,-356.9999999999993,True,2024-05-10 02:15:00.094000+00:00,REFERENCE_HOLD_240M,447,False,False,6.821210263296962e-13,0.0
2024H2|J_PULLBACK_CONTINUATION|2024-12-03T16:00:00+00:00|-1,-360.0,11095.87,2024-12-03 20:00:00.304000+00:00,2024-12-03 16:00:00.086000+00:00,0.0,False,,ENTRY_REJECT_BASELINE_COEXPOSURE,448,False,False,360.0,0.0
2023H1|J_PULLBACK_CONTINUATION|2023-02-14T06:30:00+00:00|-1,-364.0,1876.774,2023-02-14 10:30:00.224000+00:00,2023-02-14 06:30:00.107000+00:00,0.0,False,,ENTRY_REJECT_BASELINE_COEXPOSURE,449,False,False,364.0,0.0
2023H2|J_PULLBACK_CONTINUATION|2023-10-05T05:15:00+00:00|-1,-386.0,2108.713,2023-10-05 09:15:00.597000+00:00,2023-10-05 05:15:00.165000+00:00,0.0,False,,ENTRY_REJECT_BASELINE_COEXPOSURE,450,False,False,386.0,0.0
2024H2|J_PULLBACK_CONTINUATION|2024-10-31T09:45:00+00:00|-1,-386.0,2244.528,2024-10-31 13:45:00.290000+00:00,2024-10-31 09:45:00.115000+00:00,0.0,False,,ENTRY_REJECT_BASELINE_COEXPOSURE,451,False,False,386.0,0.0
2024H1|J_PULLBACK_CONTINUATION|2024-01-23T09:45:00+00:00|-1,-397.0,0.0,2024-01-23 13:45:00.139000+00:00,2024-01-23 09:45:00.528000+00:00,0.0,False,,ENTRY_REJECT_BASELINE_COEXPOSURE,452,False,False,397.0,0.0
2023H1|J_PULLBACK_CONTINUATION|2023-02-08T10:45:00+00:00|-1,-404.0,3274.39,2023-02-08 14:45:00.129000+00:00,2023-02-08 10:45:00.658000+00:00,0.0,False,,ENTRY_REJECT_BASELINE_COEXPOSURE,453,False,False,404.0,0.0
2023H2|J_PULLBACK_CONTINUATION|2023-12-08T08:45:00+00:00|-1,-410.0,338.139,2023-12-08 12:45:01.015000+00:00,2023-12-08 08:45:00.087000+00:00,-409.9999999999966,True,2023-12-08 12:45:01.015000+00:00,REFERENCE_HOLD_240M,454,False,False,3.410605131648481e-12,0.0
2024H2|J_PULLBACK_CONTINUATION|2024-07-18T05:45:00+00:00|-1,-417.0,4821.788,2024-07-18 09:45:04.575000+00:00,2024-07-18 05:45:01.046000+00:00,-417.0000000000016,True,2024-07-18 09:45:04.575000+00:00,REFERENCE_HOLD_240M,455,False,False,-1.5916157281026244e-12,0.0
2023H1|J_PULLBACK_CONTINUATION|2023-01-18T17:00:00+00:00|-1,-419.0,0.227,2023-01-18 21:00:00.106000+00:00,2023-01-18 17:00:00.085000+00:00,0.0,False,,ENTRY_REJECT_BASELINE_COEXPOSURE,456,False,False,419.0,0.0
2024H2|J_PULLBACK_CONTINUATION|2024-08-20T23:30:00+00:00|-1,-443.0,3723.773,2024-08-21 03:30:00.091000+00:00,2024-08-20 23:30:00.075000+00:00,0.0,False,,ENTRY_REJECT_BASELINE_COEXPOSURE,457,False,False,443.0,0.0
2023H1|J_PULLBACK_CONTINUATION|2023-03-13T04:15:00+00:00|-1,-454.0,1836.461,2023-03-13 08:15:00.170000+00:00,2023-03-13 04:15:00.958000+00:00,-454.00000000000773,True,2023-03-13 08:15:00.170000+00:00,REFERENCE_HOLD_240M,458,False,False,-7.73070496506989e-12,0.0
2023H2|J_PULLBACK_CONTINUATION|2023-12-28T13:45:00+00:00|-1,-460.0,7158.187,2023-12-28 17:45:01.637000+00:00,2023-12-28 13:45:00.104000+00:00,0.0,False,,ENTRY_REJECT_BASELINE_COEXPOSURE,459,False,False,460.0,0.0
2023H1|J_PULLBACK_CONTINUATION|2023-03-21T03:30:00+00:00|-1,-461.0,1437.819,2023-03-21 07:30:00.186000+00:00,2023-03-21 03:30:02.127000+00:00,-461.00000000001273,True,2023-03-21 07:30:00.186000+00:00,REFERENCE_HOLD_240M,460,False,False,-1.2732925824820995e-11,0.0
2023H1|J_PULLBACK_CONTINUATION|2023-06-16T00:15:00+00:00|-1,-463.0,5623.812,2023-06-16 04:15:00.202000+00:00,2023-06-16 00:15:00.351000+00:00,-462.99999999999386,True,2023-06-16 04:15:00.202000+00:00,REFERENCE_HOLD_240M,461,False,False,6.139089236967266e-12,0.0
2023H2|J_PULLBACK_CONTINUATION|2023-07-24T13:45:00+00:00|-1,-467.0,82.461,2023-07-24 17:45:01.009000+00:00,2023-07-24 13:45:00+00:00,0.0,False,,ENTRY_REJECT_BASELINE_COEXPOSURE,462,False,False,467.0,0.0
2023H1|J_PULLBACK_CONTINUATION|2023-03-23T05:00:00+00:00|-1,-477.0,8912.636,2023-03-23 09:00:00.104000+00:00,2023-03-23 05:00:00.476000+00:00,0.0,False,,ENTRY_REJECT_BASELINE_COEXPOSURE,463,False,False,477.0,0.0
2024H1|J_PULLBACK_CONTINUATION|2024-03-07T13:30:00+00:00|-1,-483.0,791.073,2024-03-07 17:30:00.041000+00:00,2024-03-07 13:30:00.042000+00:00,0.0,False,,ENTRY_REJECT_BASELINE_COEXPOSURE,464,False,False,483.0,0.0
2023H2|J_PULLBACK_CONTINUATION|2023-12-20T13:45:00+00:00|-1,-500.0,1779.322,2023-12-20 17:45:00.437000+00:00,2023-12-20 13:45:00.023000+00:00,0.0,False,,ENTRY_REJECT_BASELINE_COEXPOSURE,465,False,False,500.0,0.0
2023H1|J_PULLBACK_CONTINUATION|2023-03-20T11:15:00+00:00|-1,-504.0,2065.604,2023-03-20 15:15:00.452000+00:00,2023-03-20 11:15:00.258000+00:00,0.0,False,,ENTRY_REJECT_BASELINE_COEXPOSURE,466,False,False,504.0,0.0
2023H2|J_PULLBACK_CONTINUATION|2023-08-07T00:15:00+00:00|-1,-506.0,2455.065,2023-08-07 04:15:00.232000+00:00,2023-08-07 00:15:00.221000+00:00,0.0,False,,ENTRY_REJECT_BASELINE_COEXPOSURE,467,False,False,506.0,0.0
2023H1|J_PULLBACK_CONTINUATION|2023-04-21T11:45:00+00:00|-1,-514.0,6902.712,2023-04-21 15:45:00.107000+00:00,2023-04-21 11:45:00.239000+00:00,0.0,False,,ENTRY_REJECT_BASELINE_COEXPOSURE,468,False,False,514.0,0.0
2024H2|J_PULLBACK_CONTINUATION|2024-11-22T03:45:00+00:00|-1,-522.0,792.638,2024-11-22 07:45:00.333000+00:00,2024-11-22 03:45:00.104000+00:00,-521.9999999999914,True,2024-11-22 07:45:00.333000+00:00,REFERENCE_HOLD_240M,469,False,False,8.640199666842818e-12,0.0
2024H1|J_PULLBACK_CONTINUATION|2024-05-01T23:30:00+00:00|-1,-535.0,4.008,2024-05-02 03:30:00.095000+00:00,2024-05-01 23:30:00.230000+00:00,0.0,False,,ENTRY_REJECT_BASELINE_COEXPOSURE,470,False,False,535.0,0.0
2023H1|J_PULLBACK_CONTINUATION|2023-03-13T14:15:00+00:00|-1,-553.0,2527.714,2023-03-13 18:15:00.235000+00:00,2023-03-13 14:15:00.097000+00:00,0.0,False,,ENTRY_REJECT_BASELINE_COEXPOSURE,471,False,False,553.0,0.0
2023H1|J_PULLBACK_CONTINUATION|2023-06-06T09:00:00+00:00|-1,-571.0,89.268,2023-06-06 13:00:00.442000+00:00,2023-06-06 09:00:00.006000+00:00,0.0,False,,ENTRY_REJECT_BASELINE_COEXPOSURE,472,False,False,571.0,0.0
2024H1|J_PULLBACK_CONTINUATION|2024-01-31T19:45:00+00:00|-1,-582.0,160.021,2024-01-31 23:45:00.070000+00:00,2024-01-31 19:45:00.054000+00:00,0.0,False,,ENTRY_REJECT_BASELINE_COEXPOSURE,473,False,False,582.0,0.0
2024H2|J_PULLBACK_CONTINUATION|2024-12-03T00:00:00+00:00|-1,-584.0,30.895,2024-12-03 04:00:00.453000+00:00,2024-12-03 00:00:00.114000+00:00,0.0,False,,ENTRY_REJECT_BASELINE_COEXPOSURE,474,False,False,584.0,0.0
2023H1|J_PULLBACK_CONTINUATION|2023-03-15T14:45:00+00:00|-1,-611.0,6157.177,2023-03-15 18:45:00.117000+00:00,2023-03-15 14:45:00.134000+00:00,0.0,False,,ENTRY_REJECT_BASELINE_COEXPOSURE,475,False,False,611.0,0.0
2023H2|J_PULLBACK_CONTINUATION|2023-12-12T13:15:00+00:00|-1,-618.0,998.993,2023-12-12 17:15:00.123000+00:00,2023-12-12 13:15:00.080000+00:00,0.0,False,,ENTRY_REJECT_BASELINE_COEXPOSURE,476,False,False,618.0,0.0
2024H2|J_PULLBACK_CONTINUATION|2024-08-05T18:45:00+00:00|-1,-623.0,894.78,2024-08-05 22:45:00.485000+00:00,2024-08-05 18:45:00.141000+00:00,-623.0000000000189,True,2024-08-05 22:45:00.485000+00:00,REFERENCE_HOLD_240M,477,False,False,-1.887201506178826e-11,0.0
2023H2|J_PULLBACK_CONTINUATION|2023-08-02T09:45:00+00:00|-1,-627.0,0.0,2023-08-02 13:45:00.103000+00:00,2023-08-02 09:45:00.241000+00:00,0.0,False,,ENTRY_REJECT_BASELINE_COEXPOSURE,478,False,False,627.0,0.0
2024H2|J_PULLBACK_CONTINUATION|2024-11-29T21:15:00+00:00|-1,-633.0,178395.619,2024-12-02 01:15:00.105000+00:00,2024-11-29 21:15:00.020000+00:00,-632.9999999999814,True,2024-12-02 01:15:00.105000+00:00,REFERENCE_HOLD_240M,479,False,False,1.864464138634503e-11,0.0
2024H2|J_PULLBACK_CONTINUATION|2024-12-06T05:45:00+00:00|-1,-635.0,3584.973,2024-12-06 09:45:00.030000+00:00,2024-12-06 05:45:00.869000+00:00,-635.0000000000193,True,2024-12-06 09:45:00.030000+00:00,REFERENCE_HOLD_240M,480,False,False,-1.9326762412674725e-11,0.0
2024H2|J_PULLBACK_CONTINUATION|2024-11-08T21:00:00+00:00|-1,-638.0,1762.034,2024-11-11 01:00:00.127000+00:00,2024-11-08 21:00:00.094000+00:00,-638.0000000000052,True,2024-11-11 01:00:00.127000+00:00,REFERENCE_HOLD_240M,481,False,False,-5.229594535194337e-12,0.0
2023H2|J_PULLBACK_CONTINUATION|2023-07-14T04:45:00+00:00|-1,-655.0,1496.468,2023-07-14 08:45:00.106000+00:00,2023-07-14 04:45:00.172000+00:00,0.0,False,,ENTRY_REJECT_BASELINE_COEXPOSURE,482,False,False,655.0,0.0
2023H2|J_PULLBACK_CONTINUATION|2023-07-18T12:00:00+00:00|-1,-670.0,1839.293,2023-07-18 16:00:00.050000+00:00,2023-07-18 12:00:00.088000+00:00,0.0,False,,ENTRY_REJECT_BASELINE_COEXPOSURE,483,False,False,670.0,0.0
2024H2|J_PULLBACK_CONTINUATION|2024-09-08T23:00:00+00:00|-1,-682.0,119.572,2024-09-09 03:00:00.099000+00:00,2024-09-08 23:00:00.011000+00:00,-681.999999999988,True,2024-09-09 03:00:00.099000+00:00,REFERENCE_HOLD_240M,484,False,False,1.2050804798491299e-11,0.0
2024H2|J_PULLBACK_CONTINUATION|2024-10-21T05:15:00+00:00|-1,-685.0,89.423,2024-10-21 09:15:00.377000+00:00,2024-10-21 05:15:00.098000+00:00,0.0,False,,ENTRY_REJECT_BASELINE_COEXPOSURE,485,False,False,685.0,0.0
2023H2|J_PULLBACK_CONTINUATION|2023-11-15T13:00:00+00:00|-1,-689.0,1813.275,2023-11-15 17:00:01.623000+00:00,2023-11-15 13:00:00.113000+00:00,0.0,False,,ENTRY_REJECT_BASELINE_COEXPOSURE,486,False,False,689.0,0.0
2023H1|J_PULLBACK_CONTINUATION|2023-06-02T10:45:00+00:00|-1,-694.0,6589.886,2023-06-02 14:45:00.405000+00:00,2023-06-02 10:45:00.126000+00:00,-694.0000000000168,True,2023-06-02 14:45:00.405000+00:00,REFERENCE_HOLD_240M,487,False,False,-1.6825651982799172e-11,0.0
2024H2|J_PULLBACK_CONTINUATION|2024-09-16T11:45:00+00:00|-1,-715.0,1037.702,2024-09-16 15:45:00.038000+00:00,2024-09-16 11:45:00.141000+00:00,0.0,False,,ENTRY_REJECT_BASELINE_COEXPOSURE,488,False,False,715.0,0.0
2023H1|J_PULLBACK_CONTINUATION|2023-01-09T07:15:00+00:00|-1,-726.0,340.242,2023-01-09 11:15:00.628000+00:00,2023-01-09 07:15:00.037000+00:00,0.0,False,,ENTRY_REJECT_BASELINE_COEXPOSURE,489,False,False,726.0,0.0
2023H2|J_PULLBACK_CONTINUATION|2023-07-17T11:45:00+00:00|-1,-743.0,211.613,2023-07-17 15:45:00.127000+00:00,2023-07-17 11:45:00.056000+00:00,0.0,False,,ENTRY_REJECT_BASELINE_COEXPOSURE,490,False,False,743.0,0.0
2023H2|J_PULLBACK_CONTINUATION|2023-12-04T15:15:00+00:00|-1,-759.0,104.348,2023-12-04 19:15:04.404000+00:00,2023-12-04 15:15:00.038000+00:00,0.0,False,,ENTRY_REJECT_BASELINE_COEXPOSURE,491,False,False,759.0,0.0
2024H1|J_PULLBACK_CONTINUATION|2024-04-29T22:15:00+00:00|-1,-775.0,11.957,2024-04-30 02:15:04.504000+00:00,2024-04-29 22:15:00.360000+00:00,-774.9999999999773,True,2024-04-30 02:15:04.504000+00:00,REFERENCE_HOLD_240M,492,False,False,2.2737367544323206e-11,0.0
2024H1|J_PULLBACK_CONTINUATION|2024-05-03T20:15:00+00:00|-1,-777.0,178890.29,2024-05-06 00:15:00.169000+00:00,2024-05-03 20:15:42.524000+00:00,0.0,False,,ENTRY_REJECT_BASELINE_COEXPOSURE,493,False,False,777.0,0.0
2023H1|J_PULLBACK_CONTINUATION|2023-02-10T14:15:00+00:00|-1,-828.0,17.49,2023-02-10 18:15:04.785000+00:00,2023-02-10 14:15:00.120000+00:00,0.0,False,,ENTRY_REJECT_BASELINE_COEXPOSURE,494,False,False,828.0,0.0
2024H2|J_PULLBACK_CONTINUATION|2024-09-30T11:30:00+00:00|-1,-841.0,303.629,2024-09-30 15:30:00.096000+00:00,2024-09-30 11:30:00.087000+00:00,0.0,False,,ENTRY_REJECT_BASELINE_COEXPOSURE,495,False,False,841.0,0.0
2024H2|J_PULLBACK_CONTINUATION|2024-09-25T05:15:00+00:00|-1,-955.0,2047.587,2024-09-25 09:15:00.258000+00:00,2024-09-25 05:15:00.098000+00:00,-955.0000000000125,True,2024-09-25 09:15:00.258000+00:00,REFERENCE_HOLD_240M,496,False,False,-1.2505552149377763e-11,0.0
2024H2|J_PULLBACK_CONTINUATION|2024-08-01T09:00:00+00:00|-1,-1165.0,52.837,2024-08-01 13:00:00.100000+00:00,2024-08-01 09:00:00.082000+00:00,-1164.999999999992,True,2024-08-01 13:00:00.100000+00:00,REFERENCE_HOLD_240M,497,False,False,7.958078640513122e-12,0.0
2024H2|J_PULLBACK_CONTINUATION|2024-11-05T21:45:00+00:00|-1,-1316.0,8283.82,2024-11-06 01:45:00.277000+00:00,2024-11-05 21:45:00.101000+00:00,0.0,False,,ENTRY_REJECT_BASELINE_COEXPOSURE,498,False,False,1316.0,0.0
2024H2|J_PULLBACK_CONTINUATION|2024-08-05T12:00:00+00:00|-1,-1661.0,2410.55,2024-08-05 16:00:00.276000+00:00,2024-08-05 12:00:00.011000+00:00,-1661.0000000000014,True,2024-08-05 16:00:00.276000+00:00,REFERENCE_HOLD_240M,499,False,False,-1.3642420526593924e-12,0.0
2024H2|J_PULLBACK_CONTINUATION|2024-09-20T06:15:00+00:00|-1,-1775.0,1158.099,2024-09-20 10:15:00.141000+00:00,2024-09-20 06:15:00.201000+00:00,-1775.0000000000057,True,2024-09-20 10:15:00.141000+00:00,REFERENCE_HOLD_240M,500,False,False,-5.6843418860808015e-12,0.0
