candidate_id,family,definition_sha256,horizon_bars,trade_rows,trade_ledger_sha256
R1A01_legacy_impulse_lb3_ny,impulse_breakout,6bec510204b6918a5b46e722969db1b490d4be5ad11730cb005626e4483a9115,1,391,f2d6298de3e8d194449024161e0910af96b858ca5b0c9ce8d5bec07f25b239d3
R1A01_legacy_impulse_lb3_ny,impulse_breakout,6bec510204b6918a5b46e722969db1b490d4be5ad11730cb005626e4483a9115,2,391,59a4a30c85c1c3355a85acb07ff1b6a5155ccb95ed2222aa416ba488f016addc
R1A01_legacy_impulse_lb3_ny,impulse_breakout,6bec510204b6918a5b46e722969db1b490d4be5ad11730cb005626e4483a9115,3,391,26fb07c4f2c78e67944a62f836bc967f8ffc11ff5f1a5e367130aec5d51ca418
R1A01_legacy_impulse_lb3_ny,impulse_breakout,6bec510204b6918a5b46e722969db1b490d4be5ad11730cb005626e4483a9115,4,391,fed62ef54ac919662728fd778e7bd33d3e4d66cac758d18ec33006147283b761
R1A01_legacy_impulse_lb3_ny,impulse_breakout,6bec510204b6918a5b46e722969db1b490d4be5ad11730cb005626e4483a9115,6,391,d8cfae1e2757b06322eca15b44272494341d861468acc6d16339dc1a4ecd9ffa
R1A01_legacy_impulse_lb3_ny,impulse_breakout,6bec510204b6918a5b46e722969db1b490d4be5ad11730cb005626e4483a9115,8,391,929b64db8819071fff89745c2ebb2d7ba0cf2da87a41faa714d83900905244be
R1A01_legacy_impulse_lb3_ny,impulse_breakout,6bec510204b6918a5b46e722969db1b490d4be5ad11730cb005626e4483a9115,12,391,1d0d6b50095ff7d710311afc05b33ba6b6d514776f877c12c12f3b02dba8ae01
R1A01_legacy_impulse_lb3_ny,impulse_breakout,6bec510204b6918a5b46e722969db1b490d4be5ad11730cb005626e4483a9115,16,391,0d20f29e580825898313a97058f0534b7d8b54ceb531c1f9b85c1a320c2f290e
R1A01_legacy_impulse_lb3_ny,impulse_breakout,6bec510204b6918a5b46e722969db1b490d4be5ad11730cb005626e4483a9115,24,391,7338dce1045fa0566144a7ca0bbc25c6688881b63bd933237d0b3896539eb082
R1A01_legacy_impulse_lb3_ny,impulse_breakout,6bec510204b6918a5b46e722969db1b490d4be5ad11730cb005626e4483a9115,32,384,54d2935e550abcb553e19369b12ef551ed4e939e77805fea355b29fa3f7de1ab
R1A01_legacy_impulse_lb3_ny,impulse_breakout,6bec510204b6918a5b46e722969db1b490d4be5ad11730cb005626e4483a9115,48,371,981506368dbe9287c50fa03602df46c9decd4c5f889aedbed655a0bd8485e0a4
R1A02_impulse_lb6_med8_x1,impulse_breakout,b388fbae3bf4d437e4428ee977c7866943eb8b10d6d851ba7005c764af6eaa71,1,1570,ee6aa32abe2b27d68d54574269cf9fb953652f6bf9f7ceef91372658dde0da91
R1A02_impulse_lb6_med8_x1,impulse_breakout,b388fbae3bf4d437e4428ee977c7866943eb8b10d6d851ba7005c764af6eaa71,2,1570,9558c4fe8cceb88105658ae94338b08280872661b946c63db39c579ab373adb8
R1A02_impulse_lb6_med8_x1,impulse_breakout,b388fbae3bf4d437e4428ee977c7866943eb8b10d6d851ba7005c764af6eaa71,3,1570,17acd27b5e2765c4a0876511fd44d108e97f1be59bae6902d19379b2d69a460d
R1A02_impulse_lb6_med8_x1,impulse_breakout,b388fbae3bf4d437e4428ee977c7866943eb8b10d6d851ba7005c764af6eaa71,4,1570,60ede066a6d6960bd528ef9e07cf3628ca43bef555071bd77e53ef57d0433f56
R1A02_impulse_lb6_med8_x1,impulse_breakout,b388fbae3bf4d437e4428ee977c7866943eb8b10d6d851ba7005c764af6eaa71,6,1570,5e4b2982a2b0e0319b9527b3762bd21fba389cdb066d4d2da09c1835170e2325
R1A02_impulse_lb6_med8_x1,impulse_breakout,b388fbae3bf4d437e4428ee977c7866943eb8b10d6d851ba7005c764af6eaa71,8,1569,b643118c7b191bf5e9b5f3fc7c51edfbb2885b749d7d587a31c010ce11340057
R1A02_impulse_lb6_med8_x1,impulse_breakout,b388fbae3bf4d437e4428ee977c7866943eb8b10d6d851ba7005c764af6eaa71,12,1565,ccf1c52910efa7eb4fa722d2ead1eb2bb4bc0a8a8838951cd1c8b383c0629e26
R1A02_impulse_lb6_med8_x1,impulse_breakout,b388fbae3bf4d437e4428ee977c7866943eb8b10d6d851ba7005c764af6eaa71,16,1563,2adda79ea160c95697af79587bcad1350eb2e4bfe9a42fb63e061d1925fcfb50
R1A02_impulse_lb6_med8_x1,impulse_breakout,b388fbae3bf4d437e4428ee977c7866943eb8b10d6d851ba7005c764af6eaa71,24,1558,1e52de68f1583bdb8a59ebc6b0f826f1594af18fdeebf17adea66dad242b00ce
R1A02_impulse_lb6_med8_x1,impulse_breakout,b388fbae3bf4d437e4428ee977c7866943eb8b10d6d851ba7005c764af6eaa71,32,1553,e9be22202e5da0ffbf210db4177f8593c6ddb4494a8d8c7a12024d04aefd685d
R1A02_impulse_lb6_med8_x1,impulse_breakout,b388fbae3bf4d437e4428ee977c7866943eb8b10d6d851ba7005c764af6eaa71,48,1528,ed5dfc823a65680c08f0e5c474a2cd36979409b1d8f2a997ea4b7f05521024ba
R1A03_impulse_lb12_med12_x125,impulse_breakout,36e26515e5598753148b4dc9822bcf6015d332e58b917587fe4087fe4ee7fa75,1,978,eb339bda0c21af1151fabb1c177d2c32cddf3622a4d316bd198574e213284711
R1A03_impulse_lb12_med12_x125,impulse_breakout,36e26515e5598753148b4dc9822bcf6015d332e58b917587fe4087fe4ee7fa75,2,978,9e90a2cedf633957b3d519d488ee5c2827bae82b66ce2ec7b45fadb3724743ad
R1A03_impulse_lb12_med12_x125,impulse_breakout,36e26515e5598753148b4dc9822bcf6015d332e58b917587fe4087fe4ee7fa75,3,978,dce8d682e4d4d6eb375e4318fae0e40e615dac5ed7208576c3eb5a8b603e62cb
R1A03_impulse_lb12_med12_x125,impulse_breakout,36e26515e5598753148b4dc9822bcf6015d332e58b917587fe4087fe4ee7fa75,4,978,ebc0018c9c80dd94c09a1d6783388e3e2edc2c254d5cc67990879e3c926b6348
R1A03_impulse_lb12_med12_x125,impulse_breakout,36e26515e5598753148b4dc9822bcf6015d332e58b917587fe4087fe4ee7fa75,6,978,405079a1bf81fa3f29837ea20a2f697eb37c54ce512ed0146a288ef125869c97
R1A03_impulse_lb12_med12_x125,impulse_breakout,36e26515e5598753148b4dc9822bcf6015d332e58b917587fe4087fe4ee7fa75,8,977,e7efbbe3b4eae3ad42282d0bcc647425339ff4896f59903d9604a47dceb83fca
R1A03_impulse_lb12_med12_x125,impulse_breakout,36e26515e5598753148b4dc9822bcf6015d332e58b917587fe4087fe4ee7fa75,12,976,7bd2db03ecf7d8b6c8feef6fd7058fe88c7a670d833e72ddae78fdc10f560c30
R1A03_impulse_lb12_med12_x125,impulse_breakout,36e26515e5598753148b4dc9822bcf6015d332e58b917587fe4087fe4ee7fa75,16,975,34bbffad17f5329f13ad3f2af45eeccac224194848c51d4dcfeb819d596a75bc
R1A03_impulse_lb12_med12_x125,impulse_breakout,36e26515e5598753148b4dc9822bcf6015d332e58b917587fe4087fe4ee7fa75,24,972,85cb1cecd5145507eb72c67747d3f134ef93b1b3aa424d3827770aa144cf8eee
R1A03_impulse_lb12_med12_x125,impulse_breakout,36e26515e5598753148b4dc9822bcf6015d332e58b917587fe4087fe4ee7fa75,32,969,3b2ad380df687fa0ccd9f5e574ef78c9134a763d37e59e179095de23196d9938
R1A03_impulse_lb12_med12_x125,impulse_breakout,36e26515e5598753148b4dc9822bcf6015d332e58b917587fe4087fe4ee7fa75,48,949,1e04d4a525e04a1bf52e0901515b37053e79bf07f178a44dddc637d9a6828ccc
R1A04_impulse_lb24_med16_x125,impulse_breakout,f4be49b45f562ef8b3b1eda813bbb399c2d3552dd178f44789aeb620b73835ec,1,754,2502303f40174205b6cc0a1872b3af47535dc02a62e842d535af7ee3849ddca8
R1A04_impulse_lb24_med16_x125,impulse_breakout,f4be49b45f562ef8b3b1eda813bbb399c2d3552dd178f44789aeb620b73835ec,2,754,f57ce37f2a533f5806a1b9edbc92b408e5f5c93614f815cb0171209a36cd37de
R1A04_impulse_lb24_med16_x125,impulse_breakout,f4be49b45f562ef8b3b1eda813bbb399c2d3552dd178f44789aeb620b73835ec,3,754,477d4a079983e127b8216aa194851e6adf4e29a6c7e053e88cfcf95f1e0f56f7
R1A04_impulse_lb24_med16_x125,impulse_breakout,f4be49b45f562ef8b3b1eda813bbb399c2d3552dd178f44789aeb620b73835ec,4,754,5672f6370dbbf53ef009b761624aef4bcf9195919863870f5d59989911c82334
R1A04_impulse_lb24_med16_x125,impulse_breakout,f4be49b45f562ef8b3b1eda813bbb399c2d3552dd178f44789aeb620b73835ec,6,754,a72e8fa644749d0163afe0794df4eb464457b5b9e07644e54816cb177e371a41
R1A04_impulse_lb24_med16_x125,impulse_breakout,f4be49b45f562ef8b3b1eda813bbb399c2d3552dd178f44789aeb620b73835ec,8,753,7a70c1ad7cae03e0afe692dfbac852341a4e83bb3ebf99f6ec46eb0d499b2ac9
R1A04_impulse_lb24_med16_x125,impulse_breakout,f4be49b45f562ef8b3b1eda813bbb399c2d3552dd178f44789aeb620b73835ec,12,753,5c5111e7024283f9c8698954f0de9aaada42fa9c563a0575cdbd7a1b218985c1
R1A04_impulse_lb24_med16_x125,impulse_breakout,f4be49b45f562ef8b3b1eda813bbb399c2d3552dd178f44789aeb620b73835ec,16,753,30f6170b1074ab86865bdfb7437673553894e3d7a49a7e026eb2279c1248799b
R1A04_impulse_lb24_med16_x125,impulse_breakout,f4be49b45f562ef8b3b1eda813bbb399c2d3552dd178f44789aeb620b73835ec,24,753,285a701ba0c82c40cd3d79c904861f4eff548ab5f40f30fcff1befdaa37a85f7
R1A04_impulse_lb24_med16_x125,impulse_breakout,f4be49b45f562ef8b3b1eda813bbb399c2d3552dd178f44789aeb620b73835ec,32,751,3b19beb8570af55b308d49d8e9df48c1a80484ee5a69766462f9958aef86feac
R1A04_impulse_lb24_med16_x125,impulse_breakout,f4be49b45f562ef8b3b1eda813bbb399c2d3552dd178f44789aeb620b73835ec,48,739,566aef965739d896657e1fe10617124b2520efe27042e3302bc381d6a336fdbd
R1A05_impulse_lb48_med24_x15,impulse_breakout,1c5a71752aadaa97e5dce72538244e10ed7019080f5378c5fe10327e027b992b,1,469,7155bd2294cfcdc93df3e81d5fe948c44debd305d77b25b35cf45227982fc68d
R1A05_impulse_lb48_med24_x15,impulse_breakout,1c5a71752aadaa97e5dce72538244e10ed7019080f5378c5fe10327e027b992b,2,469,fcedb17a1e95b310544fb14f202497fea1fd0f5f948c165cf2aa6d2e5a078729
R1A05_impulse_lb48_med24_x15,impulse_breakout,1c5a71752aadaa97e5dce72538244e10ed7019080f5378c5fe10327e027b992b,3,469,8f37a47162fa0094340a0c3363bdad4faa681070ff67e26727c4010462e95fa7
R1A05_impulse_lb48_med24_x15,impulse_breakout,1c5a71752aadaa97e5dce72538244e10ed7019080f5378c5fe10327e027b992b,4,469,c6a98809b560f0bf1fea111ed4cd173508d0c01923a16bafb5a42a78c1029db2
R1A05_impulse_lb48_med24_x15,impulse_breakout,1c5a71752aadaa97e5dce72538244e10ed7019080f5378c5fe10327e027b992b,6,469,726b0548aefe764eb52e7634a11277ccf1393644e13eee4ed2bd931fec4fb2f1
R1A05_impulse_lb48_med24_x15,impulse_breakout,1c5a71752aadaa97e5dce72538244e10ed7019080f5378c5fe10327e027b992b,8,469,0aaec47190c2eb981abd25e2803f7382f214a5f2c361754201fb9ecf9ab74c81
R1A05_impulse_lb48_med24_x15,impulse_breakout,1c5a71752aadaa97e5dce72538244e10ed7019080f5378c5fe10327e027b992b,12,469,fc1e37a1da7ce3adc0a9d5be214b922abcc697938e9f53d71acbb3712162b238
R1A05_impulse_lb48_med24_x15,impulse_breakout,1c5a71752aadaa97e5dce72538244e10ed7019080f5378c5fe10327e027b992b,16,469,37cbe947e536c16b36e07fd9e4996cdb5c69d9c5ac9bebdbe862ebbd37b0c965
R1A05_impulse_lb48_med24_x15,impulse_breakout,1c5a71752aadaa97e5dce72538244e10ed7019080f5378c5fe10327e027b992b,24,469,6972047f10a9900d72d0cb1a0bb5c2ba135c16c3bb06ebacae6fbc53803216b8
R1A05_impulse_lb48_med24_x15,impulse_breakout,1c5a71752aadaa97e5dce72538244e10ed7019080f5378c5fe10327e027b992b,32,468,ac97a2433b8c6a6f711872ba44719bcd13b8b323793f9850378289bbb32a2d5e
R1A05_impulse_lb48_med24_x15,impulse_breakout,1c5a71752aadaa97e5dce72538244e10ed7019080f5378c5fe10327e027b992b,48,459,b9b30ebb855220b26df77c0557ef3d347372a0dcd7c62bab3c6a0232e82f96b6
R1B01_legacy_asia_00_06_breakout,session_range_breakout,96d816867f533f662767993b0f291703751bb08ed7289abc76b46e6248c4cdf1,1,110,fb5f03fb8cff51b6a6b1e02a7fa8e0f89b06b28163f657b9955e6c536ec7fdb2
R1B01_legacy_asia_00_06_breakout,session_range_breakout,96d816867f533f662767993b0f291703751bb08ed7289abc76b46e6248c4cdf1,2,110,c9744e4ab3eb1a5863baf4e85e294732bc73ecb61657e9b29d761ed529b35ea4
R1B01_legacy_asia_00_06_breakout,session_range_breakout,96d816867f533f662767993b0f291703751bb08ed7289abc76b46e6248c4cdf1,3,110,d4b19cb1894da6ce408b6b8ea8c6d2ec29d5337d1c908864082e28ce682d3407
R1B01_legacy_asia_00_06_breakout,session_range_breakout,96d816867f533f662767993b0f291703751bb08ed7289abc76b46e6248c4cdf1,4,110,15357edd2fc27295df311e0562607b26e7185ee2507dac2e233fb762a8f7c699
R1B01_legacy_asia_00_06_breakout,session_range_breakout,96d816867f533f662767993b0f291703751bb08ed7289abc76b46e6248c4cdf1,6,110,5ff5748cf9cc118b6937999a1ea3a5cfaea4f3df943bced8cf146cde8309de9b
R1B01_legacy_asia_00_06_breakout,session_range_breakout,96d816867f533f662767993b0f291703751bb08ed7289abc76b46e6248c4cdf1,8,110,1007d17673f2019b26b5e90a2e23f317c07996b584f7ac5c42e569f278a78f26
R1B01_legacy_asia_00_06_breakout,session_range_breakout,96d816867f533f662767993b0f291703751bb08ed7289abc76b46e6248c4cdf1,12,110,528e32c0ddb748b3385e6917ad7e5cd9b29acc3e44e77b4e72acf34226f5f7a8
R1B01_legacy_asia_00_06_breakout,session_range_breakout,96d816867f533f662767993b0f291703751bb08ed7289abc76b46e6248c4cdf1,16,110,2f94f52e9efcb340c6bd0d6c7275d16994137fa73628c3095fcbddda2b8d2223
R1B01_legacy_asia_00_06_breakout,session_range_breakout,96d816867f533f662767993b0f291703751bb08ed7289abc76b46e6248c4cdf1,24,110,03031bcfe43ea4106acc02186e02b958fad3a2709348dcb24edaf7dfac44fd4e
R1B01_legacy_asia_00_06_breakout,session_range_breakout,96d816867f533f662767993b0f291703751bb08ed7289abc76b46e6248c4cdf1,32,110,523bab9452f119a0859408c227f8780278477a0cb4f88bb6fc73fb19733bb0cd
R1B01_legacy_asia_00_06_breakout,session_range_breakout,96d816867f533f662767993b0f291703751bb08ed7289abc76b46e6248c4cdf1,48,108,2baf8e1626039a3b8a127581cfc8def2aa6e40913dd46f25c465a4e50a5c5e42
R1B02_legacy_asia_00_07_breakout,session_range_breakout,b9abb7ac1a44d270dbee702758652a023dff24407d4764f7ac03547bb7aa7990,1,99,31eb662fd0ae711248e5f8a6e5261daf2cb73b5a107b7f919e714d96befa6fcf
R1B02_legacy_asia_00_07_breakout,session_range_breakout,b9abb7ac1a44d270dbee702758652a023dff24407d4764f7ac03547bb7aa7990,2,99,391cbc05ee16cab65ec9f5cb62d2b09556d6c01f3e628c484224ff49de3d8e49
R1B02_legacy_asia_00_07_breakout,session_range_breakout,b9abb7ac1a44d270dbee702758652a023dff24407d4764f7ac03547bb7aa7990,3,99,466ff6ee92ec31aa366b80e9de84ca2a68ae730d3bf51ea5eae45482f2ae1808
R1B02_legacy_asia_00_07_breakout,session_range_breakout,b9abb7ac1a44d270dbee702758652a023dff24407d4764f7ac03547bb7aa7990,4,99,499138ba8d3e53c1cd8992b477f3617fec7ee26926ca763ff7415d6ee2118dd0
R1B02_legacy_asia_00_07_breakout,session_range_breakout,b9abb7ac1a44d270dbee702758652a023dff24407d4764f7ac03547bb7aa7990,6,99,77355464aa151fe712b2f7dcdb0bcc7905eeee15f6305a49a60b95a865d1ca82
R1B02_legacy_asia_00_07_breakout,session_range_breakout,b9abb7ac1a44d270dbee702758652a023dff24407d4764f7ac03547bb7aa7990,8,99,748a49439e366a713f48a8f8f94be8a5345bde83e4b9ab51c99b0a31171145a3
R1B02_legacy_asia_00_07_breakout,session_range_breakout,b9abb7ac1a44d270dbee702758652a023dff24407d4764f7ac03547bb7aa7990,12,99,c87fb8df7f6e5fa11012f0609625354c51da85ae95c57d15b1e556bcc54dd78e
R1B02_legacy_asia_00_07_breakout,session_range_breakout,b9abb7ac1a44d270dbee702758652a023dff24407d4764f7ac03547bb7aa7990,16,99,aae91cdf455539deff43b1cf6581084a87bbc7b1bd036b33bdfd91d408c8866e
R1B02_legacy_asia_00_07_breakout,session_range_breakout,b9abb7ac1a44d270dbee702758652a023dff24407d4764f7ac03547bb7aa7990,24,99,bd2f4a7cad2d55eb2cec7d3d3cd54c59eaa7e2a02e81a320d87d9d06d7796085
R1B02_legacy_asia_00_07_breakout,session_range_breakout,b9abb7ac1a44d270dbee702758652a023dff24407d4764f7ac03547bb7aa7990,32,99,451fe78db5216293baa5345ae6674e0f4c54f1c0f15775a4739ed5763cbece91
R1B02_legacy_asia_00_07_breakout,session_range_breakout,b9abb7ac1a44d270dbee702758652a023dff24407d4764f7ac03547bb7aa7990,48,97,7d00b2c3ed94ab7f91b2cbde1c164eb21db5999097b33fe6ec2259900f2f86db
R1B03_legacy_prior_day_breakout,session_range_breakout,629259b0868387914f65e82102137e324dc606d76e149c70d1bb7b3614c15a14,1,94,1e65d0f82be5ec3fafce706367e845ac613cf6091924d1f60aadda573af00e48
R1B03_legacy_prior_day_breakout,session_range_breakout,629259b0868387914f65e82102137e324dc606d76e149c70d1bb7b3614c15a14,2,94,8068d9141fbe4270b2aab94b97c5411424876762109b91cabf8d386215c7b497
R1B03_legacy_prior_day_breakout,session_range_breakout,629259b0868387914f65e82102137e324dc606d76e149c70d1bb7b3614c15a14,3,94,3a39906c3f18f5c774a925a4792511f9d1975e7e1c340f125d33ba0ace7d4b5e
R1B03_legacy_prior_day_breakout,session_range_breakout,629259b0868387914f65e82102137e324dc606d76e149c70d1bb7b3614c15a14,4,94,9bc26a2aaceeb74abd1848a99a70ffda75606e9d9c0b9ea52a54b02ded4274ad
R1B03_legacy_prior_day_breakout,session_range_breakout,629259b0868387914f65e82102137e324dc606d76e149c70d1bb7b3614c15a14,6,94,232660a6dbdf61ebff71919eb8c319611eeba23b9323e7e959255054909aa960
R1B03_legacy_prior_day_breakout,session_range_breakout,629259b0868387914f65e82102137e324dc606d76e149c70d1bb7b3614c15a14,8,94,de815bd8565b9024d689254f1f516a7a158ef8bcb61d2732573f8d7b4d91eec3
R1B03_legacy_prior_day_breakout,session_range_breakout,629259b0868387914f65e82102137e324dc606d76e149c70d1bb7b3614c15a14,12,94,b9c538981c2d81c7b6613da6eaf5b57081d00f457243b62a711e37710bb9910f
R1B03_legacy_prior_day_breakout,session_range_breakout,629259b0868387914f65e82102137e324dc606d76e149c70d1bb7b3614c15a14,16,94,590b86cfac4a8d2bb80e31cdf101ba716591509fe585d6b947c0431c3a5202f0
R1B03_legacy_prior_day_breakout,session_range_breakout,629259b0868387914f65e82102137e324dc606d76e149c70d1bb7b3614c15a14,24,94,f50da217428ebbbc0ecff536698d5aeebe74b3bb2a49b9bc5f8cb920fa00c7c7
R1B03_legacy_prior_day_breakout,session_range_breakout,629259b0868387914f65e82102137e324dc606d76e149c70d1bb7b3614c15a14,32,94,10f437b76c97e621937d609590c696646b1cb06f8268fdd128f2f6016255db2e
R1B03_legacy_prior_day_breakout,session_range_breakout,629259b0868387914f65e82102137e324dc606d76e149c70d1bb7b3614c15a14,48,93,980c5bec450b5a64fa2218953d896f60d83a46b12dba4de4127de5f37e693bc5
R1B04_london_open_07_09_breakout,session_range_breakout,03810bab04f6e72ce3ed1ec56b594b7646418719603dfa3f7caf8d948d38cb63,1,140,c7c71c16bd9bcccee927ba5fd834ddaa8b00a8a7ecd3eb8233b6df7086d33a2c
R1B04_london_open_07_09_breakout,session_range_breakout,03810bab04f6e72ce3ed1ec56b594b7646418719603dfa3f7caf8d948d38cb63,2,140,42bb6dfe76d644a26d17c69efe3809ff7928e9cb4854156e17ef219f6ed52169
R1B04_london_open_07_09_breakout,session_range_breakout,03810bab04f6e72ce3ed1ec56b594b7646418719603dfa3f7caf8d948d38cb63,3,140,c4463fb4ee82a191b16066e679104fec3840197c3b039fa67b644362700240bd
R1B04_london_open_07_09_breakout,session_range_breakout,03810bab04f6e72ce3ed1ec56b594b7646418719603dfa3f7caf8d948d38cb63,4,140,f5550de165ad2556d2f5f6c4afee9c380496715a4d1d118e95360730351af2c7
R1B04_london_open_07_09_breakout,session_range_breakout,03810bab04f6e72ce3ed1ec56b594b7646418719603dfa3f7caf8d948d38cb63,6,140,820e18f9875d0bd0568c2bea2f5ace04ef50406f9b3ce5d6275ebf61a1d378ee
R1B04_london_open_07_09_breakout,session_range_breakout,03810bab04f6e72ce3ed1ec56b594b7646418719603dfa3f7caf8d948d38cb63,8,140,b0e4be9f5877f3d20bfaba4208a76d3e8c24b0595fdd92411696948f37f9c138
R1B04_london_open_07_09_breakout,session_range_breakout,03810bab04f6e72ce3ed1ec56b594b7646418719603dfa3f7caf8d948d38cb63,12,140,8d01fd554475265107fb93a4da8cf736626451cadfc7eff196b878de5965a469
R1B04_london_open_07_09_breakout,session_range_breakout,03810bab04f6e72ce3ed1ec56b594b7646418719603dfa3f7caf8d948d38cb63,16,140,e0d4db0805af83a60f92188049e0202d331fd2dff70f88115ce07510ded69bac
R1B04_london_open_07_09_breakout,session_range_breakout,03810bab04f6e72ce3ed1ec56b594b7646418719603dfa3f7caf8d948d38cb63,24,140,ff32098616b7dbf14b3df650cece36da2d8dcf747b0b1c727f4f14f0acd2a665
R1B04_london_open_07_09_breakout,session_range_breakout,03810bab04f6e72ce3ed1ec56b594b7646418719603dfa3f7caf8d948d38cb63,32,140,f4e77ca30e62d9ab2ee9c2ffa55861d9f59ceb96f041f8c09cf0b88227c1a304
R1B04_london_open_07_09_breakout,session_range_breakout,03810bab04f6e72ce3ed1ec56b594b7646418719603dfa3f7caf8d948d38cb63,48,136,322973ff3da7568a95f9f0cf82d3999702fb0850e0f5b3b119830feb064dbcc6
R1B05_london_morning_07_13_breakout,session_range_breakout,8236982989cc19645e1a19b28b01cfe90099e4c67d509de02df1c8645641391e,1,108,7d62fc86efe4494aafd8637d4c977ba1d1fb129b0fd0cd47760cf3b4c467fc3f
R1B05_london_morning_07_13_breakout,session_range_breakout,8236982989cc19645e1a19b28b01cfe90099e4c67d509de02df1c8645641391e,2,108,6710d5c08721f37dc0fb22dfa1003fa8f75ffd9adc4f1ba80378d3393e7f8019
R1B05_london_morning_07_13_breakout,session_range_breakout,8236982989cc19645e1a19b28b01cfe90099e4c67d509de02df1c8645641391e,3,108,949ea8e0ddd3085372d600c2b495eaaa64c117c66752c6429e1616db3febd8f2
R1B05_london_morning_07_13_breakout,session_range_breakout,8236982989cc19645e1a19b28b01cfe90099e4c67d509de02df1c8645641391e,4,108,1ae5fd6d27391318e9a0fb380e610137adf9c787f813c9b7d901447467fb3714
R1B05_london_morning_07_13_breakout,session_range_breakout,8236982989cc19645e1a19b28b01cfe90099e4c67d509de02df1c8645641391e,6,108,55f7ab491a4800cda19038f73a44cd17fff4f2922fe9c61812170f4b854df9c6
R1B05_london_morning_07_13_breakout,session_range_breakout,8236982989cc19645e1a19b28b01cfe90099e4c67d509de02df1c8645641391e,8,108,3b9c6ce6ced054bf51c8e534f5bc06f9c579eb61f933e68c8010a206eebbbc1b
R1B05_london_morning_07_13_breakout,session_range_breakout,8236982989cc19645e1a19b28b01cfe90099e4c67d509de02df1c8645641391e,12,108,51fac56d03297d6d06af8b38fe84226750ede6037de482108485ab12d7762c2b
R1B05_london_morning_07_13_breakout,session_range_breakout,8236982989cc19645e1a19b28b01cfe90099e4c67d509de02df1c8645641391e,16,108,621d7a06126832a1b42a56a226ce919a68d48478ade8cafc14970612740fa736
R1B05_london_morning_07_13_breakout,session_range_breakout,8236982989cc19645e1a19b28b01cfe90099e4c67d509de02df1c8645641391e,24,108,9034629885cba9aaaab75de099766c5f0a6a5ef7194284450f466812c373b051
R1B05_london_morning_07_13_breakout,session_range_breakout,8236982989cc19645e1a19b28b01cfe90099e4c67d509de02df1c8645641391e,32,106,97ca4257f42530e8a29bc66f4aa2760523bf423ef8784b5576ab54769061bbe7
R1B05_london_morning_07_13_breakout,session_range_breakout,8236982989cc19645e1a19b28b01cfe90099e4c67d509de02df1c8645641391e,48,102,51091f53e990ac4825f780e3458e8d14967d1419925c5420d0b908fed6b0ee6f
R1C01_legacy_failed_12bar,failed_excursion_reversion,8816c326250871e2711da0ddf46da1f5d7c2c3d37426457c8738a75be35267c1,1,810,c6969d6c716fed10a7933c2fd6617d9fc7ee913850c0861a84134e265b9a4cfb
R1C01_legacy_failed_12bar,failed_excursion_reversion,8816c326250871e2711da0ddf46da1f5d7c2c3d37426457c8738a75be35267c1,2,810,336bcd675c8edf940039f41f1fdca8987434e8bd7625ccafc9ca138aa4c43af1
R1C01_legacy_failed_12bar,failed_excursion_reversion,8816c326250871e2711da0ddf46da1f5d7c2c3d37426457c8738a75be35267c1,3,810,0f6a99133f8b34f3eded3575b5eccc3c6cb22f9ec7bf63ca15dc663bb4599091
R1C01_legacy_failed_12bar,failed_excursion_reversion,8816c326250871e2711da0ddf46da1f5d7c2c3d37426457c8738a75be35267c1,4,810,9d21d8f014e17e309ba1976c23d95d61761a0a66b94a59511ccd526d55e230c7
R1C01_legacy_failed_12bar,failed_excursion_reversion,8816c326250871e2711da0ddf46da1f5d7c2c3d37426457c8738a75be35267c1,6,810,b48f1413c78d74bfc6be820017f133a0c7e63ff0aa54811d65273e6ce750a512
R1C01_legacy_failed_12bar,failed_excursion_reversion,8816c326250871e2711da0ddf46da1f5d7c2c3d37426457c8738a75be35267c1,8,810,d6e9ee6f91481192e77fe2eba13bc34becd70dc56ac785ca00a6860ca950d1b1
R1C01_legacy_failed_12bar,failed_excursion_reversion,8816c326250871e2711da0ddf46da1f5d7c2c3d37426457c8738a75be35267c1,12,810,7ac1837f7cfb40adce5c23b29b39a2273ebc3a6af3b2fd6c8e9d29a846a71f49
R1C01_legacy_failed_12bar,failed_excursion_reversion,8816c326250871e2711da0ddf46da1f5d7c2c3d37426457c8738a75be35267c1,16,810,63c6d3c93c3d99906749a416d386b0f25daa2e3bd7bfa0a43a9ec9f473a69034
R1C01_legacy_failed_12bar,failed_excursion_reversion,8816c326250871e2711da0ddf46da1f5d7c2c3d37426457c8738a75be35267c1,24,808,8f5ca397880527091530eb5b94afeb158fa683c476e721732f3d9b82e1baa8aa
R1C01_legacy_failed_12bar,failed_excursion_reversion,8816c326250871e2711da0ddf46da1f5d7c2c3d37426457c8738a75be35267c1,32,802,45d40a5752572a59522a65a8c6f3f0a49c214fee6e15e223c54915a8885e16f9
R1C01_legacy_failed_12bar,failed_excursion_reversion,8816c326250871e2711da0ddf46da1f5d7c2c3d37426457c8738a75be35267c1,48,785,4635e7c54f9d9d48ad014985ae3babca519a44b43822d9aba7a0e23b7e9017b2
R1C02_legacy_failed_24bar,failed_excursion_reversion,c3eeb7ba059c57ccf74800a329135eec91b8f4d1fb5f8d8c438e8b0a7c5f7430,1,605,47bbfa822e64a19c0bbd9aaf3b21bd5cd1761cd4dec61e4db7f38a93bab47f86
R1C02_legacy_failed_24bar,failed_excursion_reversion,c3eeb7ba059c57ccf74800a329135eec91b8f4d1fb5f8d8c438e8b0a7c5f7430,2,605,a98ba8faa8f7688b609c49ddbe3f34139e6f12c4aeb1df98666f986bb80be4a8
R1C02_legacy_failed_24bar,failed_excursion_reversion,c3eeb7ba059c57ccf74800a329135eec91b8f4d1fb5f8d8c438e8b0a7c5f7430,3,605,f44e8eb159b6fa6eed37d99de461b7b01c3865249b81cfd1e57934210ec8f4ce
R1C02_legacy_failed_24bar,failed_excursion_reversion,c3eeb7ba059c57ccf74800a329135eec91b8f4d1fb5f8d8c438e8b0a7c5f7430,4,605,5ee82def18923999f69d314ca62588c1104d320bdbd0d7d821bbfc0ee7471545
R1C02_legacy_failed_24bar,failed_excursion_reversion,c3eeb7ba059c57ccf74800a329135eec91b8f4d1fb5f8d8c438e8b0a7c5f7430,6,605,e801a4c1ea0379871c4f97ae9dd98d90eb20df2d4000aed3d4053237bd54d76d
R1C02_legacy_failed_24bar,failed_excursion_reversion,c3eeb7ba059c57ccf74800a329135eec91b8f4d1fb5f8d8c438e8b0a7c5f7430,8,605,6dc7de80dd3809c0031998d6aea7813212a22fc42091902286702dceeb10652a
R1C02_legacy_failed_24bar,failed_excursion_reversion,c3eeb7ba059c57ccf74800a329135eec91b8f4d1fb5f8d8c438e8b0a7c5f7430,12,605,9716f37ef57bac85c19ec15d11453c32719d979b75749f246bd4f9b9dbcabf19
R1C02_legacy_failed_24bar,failed_excursion_reversion,c3eeb7ba059c57ccf74800a329135eec91b8f4d1fb5f8d8c438e8b0a7c5f7430,16,605,887d592d0fd1608ce4ad179ab83575fab75f1754ca1cf3506c3dbe40752979dc
R1C02_legacy_failed_24bar,failed_excursion_reversion,c3eeb7ba059c57ccf74800a329135eec91b8f4d1fb5f8d8c438e8b0a7c5f7430,24,604,349bdd5e4d3f8baba10d307d80cb5365a39bf731968da45c982b8305c248fe90
R1C02_legacy_failed_24bar,failed_excursion_reversion,c3eeb7ba059c57ccf74800a329135eec91b8f4d1fb5f8d8c438e8b0a7c5f7430,32,598,25315041757a8d1f6cfb23fdfba3d6d4837426cd495a3d578f177ac46f06dcfc
R1C02_legacy_failed_24bar,failed_excursion_reversion,c3eeb7ba059c57ccf74800a329135eec91b8f4d1fb5f8d8c438e8b0a7c5f7430,48,584,b0b51b1ddc86151cac05b34fc844585be53d297d0bc931c6af34405ea2f79a27
R1C03_legacy_failed_asia_00_06,failed_excursion_reversion,9d916392c2496c11b1f8e1aca44641f8e39af5c280816f8c77c923ca2377e7d4,1,443,12f30c6912fdc73fd7a2394414004d1d0246afc5994a5f32f1bc21059f62eeca
R1C03_legacy_failed_asia_00_06,failed_excursion_reversion,9d916392c2496c11b1f8e1aca44641f8e39af5c280816f8c77c923ca2377e7d4,2,443,3aab1e86dc9494b119baf62357e7597aa0d0d731855324fa13407ce0cc458c5e
R1C03_legacy_failed_asia_00_06,failed_excursion_reversion,9d916392c2496c11b1f8e1aca44641f8e39af5c280816f8c77c923ca2377e7d4,3,443,402947f07f9c38da89eacbf06d94987acb988ed9a7b6f098f3fa3015be36889a
R1C03_legacy_failed_asia_00_06,failed_excursion_reversion,9d916392c2496c11b1f8e1aca44641f8e39af5c280816f8c77c923ca2377e7d4,4,443,d1148e56e91c98eefba9f028a85fc8af943d4e5e1a9bcabc6875e4bb452b1c58
R1C03_legacy_failed_asia_00_06,failed_excursion_reversion,9d916392c2496c11b1f8e1aca44641f8e39af5c280816f8c77c923ca2377e7d4,6,443,43ddec453b0336abdfd8f018dcabcfa2367a8a4b38227844a7cacf339574210a
R1C03_legacy_failed_asia_00_06,failed_excursion_reversion,9d916392c2496c11b1f8e1aca44641f8e39af5c280816f8c77c923ca2377e7d4,8,443,0854c666df4c64f2bca59ee14130e8e29f625f61ae29e6bed529bee6f629ed4f
R1C03_legacy_failed_asia_00_06,failed_excursion_reversion,9d916392c2496c11b1f8e1aca44641f8e39af5c280816f8c77c923ca2377e7d4,12,443,9332b3f441766e309d291ab82f9e3f75898c95bfb90b0244d133d9f2ff2fc204
R1C03_legacy_failed_asia_00_06,failed_excursion_reversion,9d916392c2496c11b1f8e1aca44641f8e39af5c280816f8c77c923ca2377e7d4,16,443,1a592508362eed6c57562b61981f7b78234a2481af220caadde7197acd8c5f2b
R1C03_legacy_failed_asia_00_06,failed_excursion_reversion,9d916392c2496c11b1f8e1aca44641f8e39af5c280816f8c77c923ca2377e7d4,24,443,ed684ab95ffc640da3294f1963236c6731034c1f2fff06453959be0e82348ead
R1C03_legacy_failed_asia_00_06,failed_excursion_reversion,9d916392c2496c11b1f8e1aca44641f8e39af5c280816f8c77c923ca2377e7d4,32,439,8672a4c9316025ed819b490413a9741d80a948714e391d6dfd55e9d20b0d926d
R1C03_legacy_failed_asia_00_06,failed_excursion_reversion,9d916392c2496c11b1f8e1aca44641f8e39af5c280816f8c77c923ca2377e7d4,48,433,cb27e21e1993ac81ebb862750b057ae82de57f0f00ebd9d77f5b810e04cb3d6a
R1C04_failed_48bar_all_liquid,failed_excursion_reversion,c8c63ffba2c5d3b0621cc92207ceeb2187c0720bc6ecdd2f5f8d887ca6f0cd93,1,778,783517de665b709d0286e634b08c4b1ba8df7a29529f8a74432b082c00ed78e9
R1C04_failed_48bar_all_liquid,failed_excursion_reversion,c8c63ffba2c5d3b0621cc92207ceeb2187c0720bc6ecdd2f5f8d887ca6f0cd93,2,778,be86cb6a6f547e5b1736cc1f87fc9ce8a936ff818d1e153ace5f07c66d236a19
R1C04_failed_48bar_all_liquid,failed_excursion_reversion,c8c63ffba2c5d3b0621cc92207ceeb2187c0720bc6ecdd2f5f8d887ca6f0cd93,3,778,2288ad71cb068186f9759b2d11ffc90fe48ac6a3936fdce9e0de1424203d68a5
R1C04_failed_48bar_all_liquid,failed_excursion_reversion,c8c63ffba2c5d3b0621cc92207ceeb2187c0720bc6ecdd2f5f8d887ca6f0cd93,4,778,5e7f4d09beed01371cf5393e4549618668aa112b883a0a31d0d073c324075990
R1C04_failed_48bar_all_liquid,failed_excursion_reversion,c8c63ffba2c5d3b0621cc92207ceeb2187c0720bc6ecdd2f5f8d887ca6f0cd93,6,778,bab3d4298ab0c41cda25c073ca221f694cf4a388aea167df36cb4e22dc971450
R1C04_failed_48bar_all_liquid,failed_excursion_reversion,c8c63ffba2c5d3b0621cc92207ceeb2187c0720bc6ecdd2f5f8d887ca6f0cd93,8,778,435c2021cc9ecc105dfb8697e959a787908a6c49fb3fba484bbd580d2dab8d4b
R1C04_failed_48bar_all_liquid,failed_excursion_reversion,c8c63ffba2c5d3b0621cc92207ceeb2187c0720bc6ecdd2f5f8d887ca6f0cd93,12,778,f3fbe6d11d9a14282a96e5ab48fb99900a2e49cea6c9289145ad677954816585
R1C04_failed_48bar_all_liquid,failed_excursion_reversion,c8c63ffba2c5d3b0621cc92207ceeb2187c0720bc6ecdd2f5f8d887ca6f0cd93,16,778,2549691ecaebee0aea31191b040ecbec90e56023b32acf8595fdc94babb83936
R1C04_failed_48bar_all_liquid,failed_excursion_reversion,c8c63ffba2c5d3b0621cc92207ceeb2187c0720bc6ecdd2f5f8d887ca6f0cd93,24,778,a253ec0414dbfd18e3332a0c48c5be7e341dd27bb11ba78b093625329ed38942
R1C04_failed_48bar_all_liquid,failed_excursion_reversion,c8c63ffba2c5d3b0621cc92207ceeb2187c0720bc6ecdd2f5f8d887ca6f0cd93,32,772,e623e3e4f942f78a594945845443b13d837a2b0fa3cec0a5bcd9544c18b8660e
R1C04_failed_48bar_all_liquid,failed_excursion_reversion,c8c63ffba2c5d3b0621cc92207ceeb2187c0720bc6ecdd2f5f8d887ca6f0cd93,48,762,3677dbf07ad14c1ce11cb4152899d04381b85ad648abb327fd9105275265bc67
R1C05_failed_prior_day,failed_excursion_reversion,d11c282ebdb4f8ca68e36904c707647706806db17dc14e04564d8101be2323d3,1,448,052a9bcb294ec0242445b6f0a3a68088745aefdd81350957a19841be1456d691
R1C05_failed_prior_day,failed_excursion_reversion,d11c282ebdb4f8ca68e36904c707647706806db17dc14e04564d8101be2323d3,2,448,d6065f36e6e7ff773da0088a87cab02f41922500a40525f1a41b67353f060541
R1C05_failed_prior_day,failed_excursion_reversion,d11c282ebdb4f8ca68e36904c707647706806db17dc14e04564d8101be2323d3,3,448,9ce8172c538c75d3327429a2e5ae932eff4945cbb5955f3491118d99034c8764
R1C05_failed_prior_day,failed_excursion_reversion,d11c282ebdb4f8ca68e36904c707647706806db17dc14e04564d8101be2323d3,4,448,dd2f53231691a8f328fd3da820c40da44cf74809e8ce0ed6a20828ba1bcc49db
R1C05_failed_prior_day,failed_excursion_reversion,d11c282ebdb4f8ca68e36904c707647706806db17dc14e04564d8101be2323d3,6,448,9d55ec7cc66e11a5a940ea6b61fa7733d8bbcbea45700668459e831d9349c0ae
R1C05_failed_prior_day,failed_excursion_reversion,d11c282ebdb4f8ca68e36904c707647706806db17dc14e04564d8101be2323d3,8,447,18a646f4065198ef0479596cf647f67a1bf00cf20a6caafe32640a346207da84
R1C05_failed_prior_day,failed_excursion_reversion,d11c282ebdb4f8ca68e36904c707647706806db17dc14e04564d8101be2323d3,12,447,1815d47684cd40e3b3d1a8c984c39f2f734010ef0feae6f4148a8e6ff520eb51
R1C05_failed_prior_day,failed_excursion_reversion,d11c282ebdb4f8ca68e36904c707647706806db17dc14e04564d8101be2323d3,16,445,bb21086eeb18ccfcafee268260d6d12abd4b8f522156fa2c01c02796f458921d
R1C05_failed_prior_day,failed_excursion_reversion,d11c282ebdb4f8ca68e36904c707647706806db17dc14e04564d8101be2323d3,24,444,ed7c102ce176f6a0a5b534fb590b1a43182c177345e23e1b1bd9c84c0ad186c3
R1C05_failed_prior_day,failed_excursion_reversion,d11c282ebdb4f8ca68e36904c707647706806db17dc14e04564d8101be2323d3,32,442,00f7b9eeb938819b0fdc44768626713d51d4a41a56152aa739aae4e50f662c5c
R1C05_failed_prior_day,failed_excursion_reversion,d11c282ebdb4f8ca68e36904c707647706806db17dc14e04564d8101be2323d3,48,441,02bab9cec0c7f3fac815f3faad2dc2a1a899ec62be9497cbefa1006497f60a0e
R1C06_failed_london_open_07_09,failed_excursion_reversion,e1454bb4248d56ee2082c0b60f500d503b36a154b309a1a87a48a97f6ea29dac,1,491,6d280181b34c495e2dd94ae93be6069ecc59ce00db26597d14d3043f808729e7
R1C06_failed_london_open_07_09,failed_excursion_reversion,e1454bb4248d56ee2082c0b60f500d503b36a154b309a1a87a48a97f6ea29dac,2,491,de56769bba68d0a16d815af40c0b839c200c69a71854b31028d3746b433fbcf1
R1C06_failed_london_open_07_09,failed_excursion_reversion,e1454bb4248d56ee2082c0b60f500d503b36a154b309a1a87a48a97f6ea29dac,3,491,66b0bb62dca02ebc94b63895ad5fd284f72988109afe506a8a18ac62a879fe08
R1C06_failed_london_open_07_09,failed_excursion_reversion,e1454bb4248d56ee2082c0b60f500d503b36a154b309a1a87a48a97f6ea29dac,4,491,b8a6cfb45a6a2995289eacac81509b6fb330b723234ce1b81755edf090a8f9a5
R1C06_failed_london_open_07_09,failed_excursion_reversion,e1454bb4248d56ee2082c0b60f500d503b36a154b309a1a87a48a97f6ea29dac,6,491,f3e9448846f9144338f2b0017bd6936ea67263ce7d31ca7bc96695f5951c1629
R1C06_failed_london_open_07_09,failed_excursion_reversion,e1454bb4248d56ee2082c0b60f500d503b36a154b309a1a87a48a97f6ea29dac,8,491,94d8993004035928d17476e37a6de3356066aab362d1aaf9513e2bbfc4953207
R1C06_failed_london_open_07_09,failed_excursion_reversion,e1454bb4248d56ee2082c0b60f500d503b36a154b309a1a87a48a97f6ea29dac,12,491,49ccc337a8a829cf3d4d5e56d40f61793ec250ea567fb77f5575cce0fb9509bb
R1C06_failed_london_open_07_09,failed_excursion_reversion,e1454bb4248d56ee2082c0b60f500d503b36a154b309a1a87a48a97f6ea29dac,16,491,a8d9b9f9c678c72642b3bb411952e130ce8482ab6598f41335e0da71851c3a02
R1C06_failed_london_open_07_09,failed_excursion_reversion,e1454bb4248d56ee2082c0b60f500d503b36a154b309a1a87a48a97f6ea29dac,24,486,5a36e43d7c6b9b2d9242a20c5b7026b0765b37c81563ed2f48f0288e8f627d59
R1C06_failed_london_open_07_09,failed_excursion_reversion,e1454bb4248d56ee2082c0b60f500d503b36a154b309a1a87a48a97f6ea29dac,32,484,b2ecb4b57baa8e5d24d580dc8343039648bb420e7f0b9a042bc8153b541c3e1f
R1C06_failed_london_open_07_09,failed_excursion_reversion,e1454bb4248d56ee2082c0b60f500d503b36a154b309a1a87a48a97f6ea29dac,48,471,7d7e0d61db4d69c98fed495847d5f0e05154bfc1d61b9d336f9281c64392ebc8
R1D01_legacy_compression_4v4,compression_expansion,07097a0c958d4f116f3718e4128a2de038164a8d3d185219c751dbb7330abba2,1,535,192d1d34b11994e5c1e27e795f1309278e0afe9efb58d27c6113a29260c8ad98
R1D01_legacy_compression_4v4,compression_expansion,07097a0c958d4f116f3718e4128a2de038164a8d3d185219c751dbb7330abba2,2,535,547d9dc20655d5b539dc5d2ec69c36c1516bf6d14dff0361839b580a8e1a94a1
R1D01_legacy_compression_4v4,compression_expansion,07097a0c958d4f116f3718e4128a2de038164a8d3d185219c751dbb7330abba2,3,535,0f7ab2a1586c288f4d8e6622b08e8d09b33b9a31b8e12877fc53536a9f660859
R1D01_legacy_compression_4v4,compression_expansion,07097a0c958d4f116f3718e4128a2de038164a8d3d185219c751dbb7330abba2,4,535,3a71e475e8888d1b838f3a8629b3b5b2f28c8a33ef433eef56a173de4a13311f
R1D01_legacy_compression_4v4,compression_expansion,07097a0c958d4f116f3718e4128a2de038164a8d3d185219c751dbb7330abba2,6,535,90941e98eae77af8f5fbe7135988702b672b952274e206fb2e746bff54bf088d
R1D01_legacy_compression_4v4,compression_expansion,07097a0c958d4f116f3718e4128a2de038164a8d3d185219c751dbb7330abba2,8,535,db55195624bb6ca3c4ca4d5d724ee90828d80d652ef93b1cc9bf40e5b038f046
R1D01_legacy_compression_4v4,compression_expansion,07097a0c958d4f116f3718e4128a2de038164a8d3d185219c751dbb7330abba2,12,535,be78f69916e7f8398c58b964fe52ea571255292c9f6c9c5fa0c754368ce6592c
R1D01_legacy_compression_4v4,compression_expansion,07097a0c958d4f116f3718e4128a2de038164a8d3d185219c751dbb7330abba2,16,535,c913725fb97a98df5ddf3eb07ae719dd7d709c7f6381f8a350ed9396a1bbfcb7
R1D01_legacy_compression_4v4,compression_expansion,07097a0c958d4f116f3718e4128a2de038164a8d3d185219c751dbb7330abba2,24,535,164e19f6f779e9abaaf0ec48b9dc589132285358004a75f5f867bc92ecdf23db
R1D01_legacy_compression_4v4,compression_expansion,07097a0c958d4f116f3718e4128a2de038164a8d3d185219c751dbb7330abba2,32,534,3834b61ba7f871da8437eb3c20d1ed35fdfda5851b414eebc6ec4d774cec22fd
R1D01_legacy_compression_4v4,compression_expansion,07097a0c958d4f116f3718e4128a2de038164a8d3d185219c751dbb7330abba2,48,521,8ac06e438fa75639d255484a096c843e919a866becba56498100e45b34381962
R1D02_legacy_compression_8v8,compression_expansion,af5346345fa844ff9d83ac5c60c99009f97967b9f0ea2aa1bc110a357bf621ec,1,324,28acc478a16df6984694acbbf0696775e5f1ad918262357c27486c842df7747b
R1D02_legacy_compression_8v8,compression_expansion,af5346345fa844ff9d83ac5c60c99009f97967b9f0ea2aa1bc110a357bf621ec,2,324,7af7a8d8d07c21c58b9222846ef047db9e5d83b7e354d893565b2b1d328be06f
R1D02_legacy_compression_8v8,compression_expansion,af5346345fa844ff9d83ac5c60c99009f97967b9f0ea2aa1bc110a357bf621ec,3,324,37e31c7ebeff6d9ad02513e19b1aa91b9ea1a0bb214f9fdae8e462099dbd0cf2
R1D02_legacy_compression_8v8,compression_expansion,af5346345fa844ff9d83ac5c60c99009f97967b9f0ea2aa1bc110a357bf621ec,4,324,1d31fbd9c97b751c67c93909a9830c9d43b986dc9c3fed8c6fd471bec4a91fa1
R1D02_legacy_compression_8v8,compression_expansion,af5346345fa844ff9d83ac5c60c99009f97967b9f0ea2aa1bc110a357bf621ec,6,324,4ab3373b7725a70284bd372c07c7f80b82ac47b49c9d64d552a97f0ee2d20a04
R1D02_legacy_compression_8v8,compression_expansion,af5346345fa844ff9d83ac5c60c99009f97967b9f0ea2aa1bc110a357bf621ec,8,324,dc490a72f7414a17283d651727cb4028bed4d7bee4589b4160eac7566048b900
R1D02_legacy_compression_8v8,compression_expansion,af5346345fa844ff9d83ac5c60c99009f97967b9f0ea2aa1bc110a357bf621ec,12,324,d15b8978ce1d9ae33395092defbe26a9afafe82bd232a1358b46181ce65cc27a
R1D02_legacy_compression_8v8,compression_expansion,af5346345fa844ff9d83ac5c60c99009f97967b9f0ea2aa1bc110a357bf621ec,16,324,c02a85e0aca543b6a5ad3ff5cfb6afc84688f345691c4126e173d2a14bd1e6fd
R1D02_legacy_compression_8v8,compression_expansion,af5346345fa844ff9d83ac5c60c99009f97967b9f0ea2aa1bc110a357bf621ec,24,324,50a5f5a8e00fc9b8c9051ae1bd0df46b16028591a37a2b42f044c951e28b60ed
R1D02_legacy_compression_8v8,compression_expansion,af5346345fa844ff9d83ac5c60c99009f97967b9f0ea2aa1bc110a357bf621ec,32,322,7209684c14b55a14b3da637ca5b4f68defa06db962a81622ab36353486d89b50
R1D02_legacy_compression_8v8,compression_expansion,af5346345fa844ff9d83ac5c60c99009f97967b9f0ea2aa1bc110a357bf621ec,48,313,f688ffae8d8027adfe6d9be5cac06b1ed5b59a1fcf44475e67a983d2e11de2c6
R1D03_compression_12v12,compression_expansion,ad63bdfe58004d6303f8acd53f6a80063e118e3d3fa9f8de2e05018adfaeb321,1,558,a63abd6cce638bda2fdf879f18221f74be5d1bbf3c29c4ca9fda91364e3941c4
R1D03_compression_12v12,compression_expansion,ad63bdfe58004d6303f8acd53f6a80063e118e3d3fa9f8de2e05018adfaeb321,2,558,ccbb9db8c7a553d54824e84600205dab14dd3cee49ec97cacfc49bddc77d8963
R1D03_compression_12v12,compression_expansion,ad63bdfe58004d6303f8acd53f6a80063e118e3d3fa9f8de2e05018adfaeb321,3,558,ed0bd85346552403bec616286ec14fbd0a9261400590f0de879775992ea450b9
R1D03_compression_12v12,compression_expansion,ad63bdfe58004d6303f8acd53f6a80063e118e3d3fa9f8de2e05018adfaeb321,4,558,1375a91e16b6e10c36bb69d44e61bc90f74172ada4a29f5f6924223a733ca9eb
R1D03_compression_12v12,compression_expansion,ad63bdfe58004d6303f8acd53f6a80063e118e3d3fa9f8de2e05018adfaeb321,6,558,5c46b95a042a4598d355c5c9e4fbde1aac375179cfae6821d9fc16065c7f14db
R1D03_compression_12v12,compression_expansion,ad63bdfe58004d6303f8acd53f6a80063e118e3d3fa9f8de2e05018adfaeb321,8,557,2c4c66390bec590e96b94e05cd810e836b4f602c0b8760ba88e84ad8e0c9a6da
R1D03_compression_12v12,compression_expansion,ad63bdfe58004d6303f8acd53f6a80063e118e3d3fa9f8de2e05018adfaeb321,12,554,9ba3a8edeb1b678523318f1752fe1ef346719fc073ae37cbf34a9307682e55e2
R1D03_compression_12v12,compression_expansion,ad63bdfe58004d6303f8acd53f6a80063e118e3d3fa9f8de2e05018adfaeb321,16,553,f355454afce45558ef6155fcb85d452f05f9aa4de11d9fe2cb079a950d78128f
R1D03_compression_12v12,compression_expansion,ad63bdfe58004d6303f8acd53f6a80063e118e3d3fa9f8de2e05018adfaeb321,24,549,71a14d570532fdcade23c051d259cc3a5f3257c94acc4b6e64fda4ef23e56d17
R1D03_compression_12v12,compression_expansion,ad63bdfe58004d6303f8acd53f6a80063e118e3d3fa9f8de2e05018adfaeb321,32,546,41ac495fdec0a3c2128ce9261910c94370ab8bb821897f44cc93ecab0ff8de90
R1D03_compression_12v12,compression_expansion,ad63bdfe58004d6303f8acd53f6a80063e118e3d3fa9f8de2e05018adfaeb321,48,534,9ff9bcdc25ba36493e677d4f4c616e5562cb600ab8f46a5645ba1d48bb75404c
R1D04_compression_16v16,compression_expansion,3a6ae9436a3a0d03076e6b961353dafa242eba6648771d85bca9a7b446a6d72b,1,486,eb14f11651566a6ea56bb5b49f0669e84cb0f44a21c06f2ac908616644ebd917
R1D04_compression_16v16,compression_expansion,3a6ae9436a3a0d03076e6b961353dafa242eba6648771d85bca9a7b446a6d72b,2,486,fa43ecc0ec6043996db80ed36873175e250569d44729e24c1e3a8971d264e711
R1D04_compression_16v16,compression_expansion,3a6ae9436a3a0d03076e6b961353dafa242eba6648771d85bca9a7b446a6d72b,3,486,86d03aa898e93f2fe9cf99900d70a28c67070f702618ae5ae993e46ddf15bfea
R1D04_compression_16v16,compression_expansion,3a6ae9436a3a0d03076e6b961353dafa242eba6648771d85bca9a7b446a6d72b,4,486,ea4a20a70b2017514d84d44da523ccb9fa11103a337c9ac85d21b961d7855a59
R1D04_compression_16v16,compression_expansion,3a6ae9436a3a0d03076e6b961353dafa242eba6648771d85bca9a7b446a6d72b,6,486,9b9cdfb446c8dd8bcbdd384c21ceb135f36a031b3e8e89680a7a707f41910c51
R1D04_compression_16v16,compression_expansion,3a6ae9436a3a0d03076e6b961353dafa242eba6648771d85bca9a7b446a6d72b,8,485,0e2e4910868321f838bbd7f1b55b087b832a2bf50714ba6f6ec969206bd107f0
R1D04_compression_16v16,compression_expansion,3a6ae9436a3a0d03076e6b961353dafa242eba6648771d85bca9a7b446a6d72b,12,483,e2043c0a206b0ee52f42fe9f9b2a8bb16b19e5a5a49ae890fd1e864ef6476461
R1D04_compression_16v16,compression_expansion,3a6ae9436a3a0d03076e6b961353dafa242eba6648771d85bca9a7b446a6d72b,16,482,3ced433bfa159a91e06325d3efb762caa6aba02538f6af12e4e55518e6ba9958
R1D04_compression_16v16,compression_expansion,3a6ae9436a3a0d03076e6b961353dafa242eba6648771d85bca9a7b446a6d72b,24,480,e245e98390e26ba2f46be52c42d12b6dbcb751102555fed6af97ee2af0b67809
R1D04_compression_16v16,compression_expansion,3a6ae9436a3a0d03076e6b961353dafa242eba6648771d85bca9a7b446a6d72b,32,478,d3ce4b4a43c5eaa7fd17a0faa6a72f7f5d43940333b4723a87525c75a21aa154
R1D04_compression_16v16,compression_expansion,3a6ae9436a3a0d03076e6b961353dafa242eba6648771d85bca9a7b446a6d72b,48,471,8b8c96919814c68d8a8cb3cc0433cf47f39793ea7a9427b258c1bca136168def
R1D05_compression_24v24,compression_expansion,f2d43ce0173f4f8669c4a947af9bbc78d48ed7325c0c675612c4c064dde25f22,1,388,36ff17413cf9556b52cefa7c1452e679d1955e57374d4ef2bf38608dc8466b99
R1D05_compression_24v24,compression_expansion,f2d43ce0173f4f8669c4a947af9bbc78d48ed7325c0c675612c4c064dde25f22,2,388,684a886a8e66f338caed64a60256c23877bfb40da6b8833bfba56659fac62240
R1D05_compression_24v24,compression_expansion,f2d43ce0173f4f8669c4a947af9bbc78d48ed7325c0c675612c4c064dde25f22,3,388,69a39d51f48e62a0d7ebb284b0c31772940bad6964375ebee94741b111e2d430
R1D05_compression_24v24,compression_expansion,f2d43ce0173f4f8669c4a947af9bbc78d48ed7325c0c675612c4c064dde25f22,4,388,2213a6a780b5f6a0ec0f17d9ffaf5201f713e14a60b7a668af62271d444ce52d
R1D05_compression_24v24,compression_expansion,f2d43ce0173f4f8669c4a947af9bbc78d48ed7325c0c675612c4c064dde25f22,6,388,7fb6b7e8ab1a970275c7a9e23d7928f1e1bd0cc2d70d61e501cc0b7a4a85fe43
R1D05_compression_24v24,compression_expansion,f2d43ce0173f4f8669c4a947af9bbc78d48ed7325c0c675612c4c064dde25f22,8,388,dd6dab8182f57b85cf4ddc20810a51a1abcf40a5b54ee69f6089cf5101922cac
R1D05_compression_24v24,compression_expansion,f2d43ce0173f4f8669c4a947af9bbc78d48ed7325c0c675612c4c064dde25f22,12,387,1b89b4d58020da4a45c53d235b51d9da38b38242154be4e4677cf04e0ba94636
R1D05_compression_24v24,compression_expansion,f2d43ce0173f4f8669c4a947af9bbc78d48ed7325c0c675612c4c064dde25f22,16,387,08de698445641ea8ee61f8387899e3a939a3a7c5f66194e3b9d055a1caf888b1
R1D05_compression_24v24,compression_expansion,f2d43ce0173f4f8669c4a947af9bbc78d48ed7325c0c675612c4c064dde25f22,24,385,537da039a723ba88b7e89297e52a9622e80a858c02912e852caace838da2abbf
R1D05_compression_24v24,compression_expansion,f2d43ce0173f4f8669c4a947af9bbc78d48ed7325c0c675612c4c064dde25f22,32,385,f3323be6c8cb14f7f3c66124f614a40d8903c0ff53ed89e0e841ce9f15dbe4da
R1D05_compression_24v24,compression_expansion,f2d43ce0173f4f8669c4a947af9bbc78d48ed7325c0c675612c4c064dde25f22,48,380,14d3db15ea4e24854f148e063dbdaa3db473d64b1f63ffbe0df7519591faad3d
R1E01_legacy_trend_4h_resumption,trend_pullback_resumption,c0da75c40bbbbf0f744d4249d3f61cb231f25d2d65dee0f149b7988d16ca27db,1,385,0ab20cda6affc25092da634ef34884ccefdb1549358b161b2cec62b7e1ba8dee
R1E01_legacy_trend_4h_resumption,trend_pullback_resumption,c0da75c40bbbbf0f744d4249d3f61cb231f25d2d65dee0f149b7988d16ca27db,2,385,eff2700db41c03972d826e1b195d31a32d26832288a463532a8b642f60b675cc
R1E01_legacy_trend_4h_resumption,trend_pullback_resumption,c0da75c40bbbbf0f744d4249d3f61cb231f25d2d65dee0f149b7988d16ca27db,3,385,7ea049a7a10efb96b6961e37db0333828d81c3c3bdeed2664b3d2bc221f76750
R1E01_legacy_trend_4h_resumption,trend_pullback_resumption,c0da75c40bbbbf0f744d4249d3f61cb231f25d2d65dee0f149b7988d16ca27db,4,385,86db7c6390feac2b1bcfe8c0d19a62516d079b7771b811992c83b5ea4ba891a6
R1E01_legacy_trend_4h_resumption,trend_pullback_resumption,c0da75c40bbbbf0f744d4249d3f61cb231f25d2d65dee0f149b7988d16ca27db,6,385,9fcc80d931f0de31fd69cd417e5b93b1048ad5056433e971bf6bbb0fc37e5469
R1E01_legacy_trend_4h_resumption,trend_pullback_resumption,c0da75c40bbbbf0f744d4249d3f61cb231f25d2d65dee0f149b7988d16ca27db,8,385,38cce567f8e1c1f468c49713e5a43fd531c07a42a9e05adfec995948d4bf4544
R1E01_legacy_trend_4h_resumption,trend_pullback_resumption,c0da75c40bbbbf0f744d4249d3f61cb231f25d2d65dee0f149b7988d16ca27db,12,385,461cebc801bf1af6b22d67a22b981307bccb02496b7404539bd5ae04a6fc4e6b
R1E01_legacy_trend_4h_resumption,trend_pullback_resumption,c0da75c40bbbbf0f744d4249d3f61cb231f25d2d65dee0f149b7988d16ca27db,16,385,7c5c1a84390a53c3d6b49107a14ef91520bb9fd484e77ffe813f7c2b2499decf
R1E01_legacy_trend_4h_resumption,trend_pullback_resumption,c0da75c40bbbbf0f744d4249d3f61cb231f25d2d65dee0f149b7988d16ca27db,24,384,fc89962e9659f8bce54f32df82ea31c2708c100e09cc80a9a004126c1a7b33ce
R1E01_legacy_trend_4h_resumption,trend_pullback_resumption,c0da75c40bbbbf0f744d4249d3f61cb231f25d2d65dee0f149b7988d16ca27db,32,382,f145d27f0ed40fcb769aa579fbd3375c0c6fea609cd8f36d6d0a5ea884ed5187
R1E01_legacy_trend_4h_resumption,trend_pullback_resumption,c0da75c40bbbbf0f744d4249d3f61cb231f25d2d65dee0f149b7988d16ca27db,48,376,f8f2b63699956fb953a6a78f5919d72baaa0b2d90d93db0bd7e82e3c129c9277
R1E02_legacy_trend_8h_resumption,trend_pullback_resumption,23e3724d872de13027eb769e830b148786cec42dd471b0e34bc062718f364017,1,372,6344165d615a4b2fdb290a70a0080c9ef8a343009acf2f74402249cbd4fc9d11
R1E02_legacy_trend_8h_resumption,trend_pullback_resumption,23e3724d872de13027eb769e830b148786cec42dd471b0e34bc062718f364017,2,372,3f82ee4d2f6a11f311523fa9f69cee14f422fd323fe5e5d9abbd836370b5df95
R1E02_legacy_trend_8h_resumption,trend_pullback_resumption,23e3724d872de13027eb769e830b148786cec42dd471b0e34bc062718f364017,3,372,922bf6a293712aceafa3c83799052b6a7abea23fa4a8eec6018d5821b9308109
R1E02_legacy_trend_8h_resumption,trend_pullback_resumption,23e3724d872de13027eb769e830b148786cec42dd471b0e34bc062718f364017,4,372,b3dc5557c807aa649547a93f4a22f43c068fb38d973f11571179c4e4b41833d8
R1E02_legacy_trend_8h_resumption,trend_pullback_resumption,23e3724d872de13027eb769e830b148786cec42dd471b0e34bc062718f364017,6,372,74482ccb98ab68f7ae6852ce1283f73e8deacaeff4bfe23aa3695634d9940af0
R1E02_legacy_trend_8h_resumption,trend_pullback_resumption,23e3724d872de13027eb769e830b148786cec42dd471b0e34bc062718f364017,8,372,c378735458a4467e6573a7edb6a1cca1ce5c83e5c2d3dbc12d69a2759e1a790b
R1E02_legacy_trend_8h_resumption,trend_pullback_resumption,23e3724d872de13027eb769e830b148786cec42dd471b0e34bc062718f364017,12,372,e63a517c92882576c35876cdce12afc9f250f568c856768053f5e262ccddcec8
R1E02_legacy_trend_8h_resumption,trend_pullback_resumption,23e3724d872de13027eb769e830b148786cec42dd471b0e34bc062718f364017,16,372,a80b1ff2f2b4d999ecbcf8ea446583fc8838d396fca465c112e5e16245cbcbea
R1E02_legacy_trend_8h_resumption,trend_pullback_resumption,23e3724d872de13027eb769e830b148786cec42dd471b0e34bc062718f364017,24,370,cdc96443224476421f61a8eb92fd9a5e8b825ed1c845f7546661d00e515b0231
R1E02_legacy_trend_8h_resumption,trend_pullback_resumption,23e3724d872de13027eb769e830b148786cec42dd471b0e34bc062718f364017,32,370,1ecfeff07ccf9b8a242a0ad8a2b24750baba2138de5a4fc89a452201db1b9e55
R1E02_legacy_trend_8h_resumption,trend_pullback_resumption,23e3724d872de13027eb769e830b148786cec42dd471b0e34bc062718f364017,48,366,4b933317f249e0a46c73eaba249bdeb0116f9f794ede5c4d4f145e7ccad9cc47
R1E03_trend_12h_resumption,trend_pullback_resumption,90d0f87208e9aff45443c6864be13ef853dec694ab5c5a2d97902e744cce55e8,1,729,6e3379ea585f08da76ba559b70b9bd5e6e05254135425cab6c7ca2239991cb00
R1E03_trend_12h_resumption,trend_pullback_resumption,90d0f87208e9aff45443c6864be13ef853dec694ab5c5a2d97902e744cce55e8,2,729,3818c84737a7df94f00f10e78fb2008e8bf8ee7d57a78efec66e75f8a610d064
R1E03_trend_12h_resumption,trend_pullback_resumption,90d0f87208e9aff45443c6864be13ef853dec694ab5c5a2d97902e744cce55e8,3,729,ad2d97e5d2847f2b36049eb35f5a464dd2d7bb057704f2cf54d8d487db7171b7
R1E03_trend_12h_resumption,trend_pullback_resumption,90d0f87208e9aff45443c6864be13ef853dec694ab5c5a2d97902e744cce55e8,4,729,333b09a1f16419ae3e4c527fd9177eab919e090b89ff62673f570e0ec43eb734
R1E03_trend_12h_resumption,trend_pullback_resumption,90d0f87208e9aff45443c6864be13ef853dec694ab5c5a2d97902e744cce55e8,6,729,dfe681962277d8ac13ad4c0851192b667f15808a3b78a0920c0d3e425223d97d
R1E03_trend_12h_resumption,trend_pullback_resumption,90d0f87208e9aff45443c6864be13ef853dec694ab5c5a2d97902e744cce55e8,8,728,26698adef47516745f344006cd01d08c0e52b02b8d9d1365bf4de58ed935ff50
R1E03_trend_12h_resumption,trend_pullback_resumption,90d0f87208e9aff45443c6864be13ef853dec694ab5c5a2d97902e744cce55e8,12,727,2251d040c55d5c4c3aaece138e7d41c949ec1d7bc9bfc83f085b975d4d09f0e1
R1E03_trend_12h_resumption,trend_pullback_resumption,90d0f87208e9aff45443c6864be13ef853dec694ab5c5a2d97902e744cce55e8,16,726,cb9276a6c7aeb0c21d489719fadd2bc1d0b8397a1b75553dc90a6b6b02027180
R1E03_trend_12h_resumption,trend_pullback_resumption,90d0f87208e9aff45443c6864be13ef853dec694ab5c5a2d97902e744cce55e8,24,722,2a923caa09af4e12d030904cfba9c36d74fe89912151920e36ef4dd3b1277c1f
R1E03_trend_12h_resumption,trend_pullback_resumption,90d0f87208e9aff45443c6864be13ef853dec694ab5c5a2d97902e744cce55e8,32,722,5b16949f1ce9131ebf094a89e13cbae042a6c82a4509e81082ff13c521b2a477
R1E03_trend_12h_resumption,trend_pullback_resumption,90d0f87208e9aff45443c6864be13ef853dec694ab5c5a2d97902e744cce55e8,48,720,2fd06203f5ff464714cc26402fed521e08a833a28c24db56d48d5dffc4607f38
R1E04_trend_16h_resumption,trend_pullback_resumption,88b02ad95db6eca41b982925a97f72f3cc23baf43d5ca2d042e0c5a8a755a494,1,762,6d4622e30e7f83bce1995cb794060398ef45c820df8740dde7d04aa4973a1eae
R1E04_trend_16h_resumption,trend_pullback_resumption,88b02ad95db6eca41b982925a97f72f3cc23baf43d5ca2d042e0c5a8a755a494,2,762,c2381a4068501a4bf71bb53e543facc0504fdf3d95947230f04ac7a316f30156
R1E04_trend_16h_resumption,trend_pullback_resumption,88b02ad95db6eca41b982925a97f72f3cc23baf43d5ca2d042e0c5a8a755a494,3,762,9ca7663050baf54e81e17acc5c031a88291279f406c7898c8e902b66c60190e1
R1E04_trend_16h_resumption,trend_pullback_resumption,88b02ad95db6eca41b982925a97f72f3cc23baf43d5ca2d042e0c5a8a755a494,4,762,7a6664fdf78e1f259340a2ea47a595f249a113c540df8cba47ba1b76e8b02307
R1E04_trend_16h_resumption,trend_pullback_resumption,88b02ad95db6eca41b982925a97f72f3cc23baf43d5ca2d042e0c5a8a755a494,6,762,be9d9fd5fd7a5ff872868984b83af66e357c0a196ddf79fa766c59383adc2e1f
R1E04_trend_16h_resumption,trend_pullback_resumption,88b02ad95db6eca41b982925a97f72f3cc23baf43d5ca2d042e0c5a8a755a494,8,761,82abf2de37ffd42bcbe7f9a19e2fb521cdb68c97f2262843bff36d05968a25fb
R1E04_trend_16h_resumption,trend_pullback_resumption,88b02ad95db6eca41b982925a97f72f3cc23baf43d5ca2d042e0c5a8a755a494,12,760,9d4398c8e4369b8de23e4ffd58afbc97576516fb2f207fcfb1d1d45cb852dd9a
R1E04_trend_16h_resumption,trend_pullback_resumption,88b02ad95db6eca41b982925a97f72f3cc23baf43d5ca2d042e0c5a8a755a494,16,759,6708b5f3037f62df249c0d2d39dba54f6f4e21f2ca8a24d1acd293c0038d9ab5
R1E04_trend_16h_resumption,trend_pullback_resumption,88b02ad95db6eca41b982925a97f72f3cc23baf43d5ca2d042e0c5a8a755a494,24,756,512b6598c69781205a236d4c9e55b6f350b155340dab089c456960a23feb61da
R1E04_trend_16h_resumption,trend_pullback_resumption,88b02ad95db6eca41b982925a97f72f3cc23baf43d5ca2d042e0c5a8a755a494,32,755,2e926ce2b0ddf29a57e00ce16dde87dee4d32fe11010e6dd2b520312c8d97c2d
R1E04_trend_16h_resumption,trend_pullback_resumption,88b02ad95db6eca41b982925a97f72f3cc23baf43d5ca2d042e0c5a8a755a494,48,753,7a326369b0c206def6a60bf1c488497b2c6f99b8b14faff91fabd4d6cdaf0a1c
R1E05_legacy_trend_24h_resumption,trend_pullback_resumption,eb9d5030db470ff6cdd7799ec682f3041d59ccdf58d2d29dc3cb3ebc1a9f7a7d,1,361,0468244860bacb51d5928d7560fffd1b8e8ec1c28e6cf9ff128f1fca58003f60
R1E05_legacy_trend_24h_resumption,trend_pullback_resumption,eb9d5030db470ff6cdd7799ec682f3041d59ccdf58d2d29dc3cb3ebc1a9f7a7d,2,361,885f0bd7f3492028ef0c6a2b666234bb872219890ccbf95e7bc1f1441a8427c4
R1E05_legacy_trend_24h_resumption,trend_pullback_resumption,eb9d5030db470ff6cdd7799ec682f3041d59ccdf58d2d29dc3cb3ebc1a9f7a7d,3,361,2a81f0740f08475148551bfcb70475606f19411d29bbddd3f16e094817f826ec
R1E05_legacy_trend_24h_resumption,trend_pullback_resumption,eb9d5030db470ff6cdd7799ec682f3041d59ccdf58d2d29dc3cb3ebc1a9f7a7d,4,361,749efa4a6781a3c805edffa85b41b34d40423145ba7183a0a727d25b52aed7fb
R1E05_legacy_trend_24h_resumption,trend_pullback_resumption,eb9d5030db470ff6cdd7799ec682f3041d59ccdf58d2d29dc3cb3ebc1a9f7a7d,6,361,02d3443d7a4bb2d6e28312371867554a75fcd8b2c3d36486027763463dbf2819
R1E05_legacy_trend_24h_resumption,trend_pullback_resumption,eb9d5030db470ff6cdd7799ec682f3041d59ccdf58d2d29dc3cb3ebc1a9f7a7d,8,361,ab06f80186d444882868e54ed0a0839cd489642eacfc995b700aca81cd92a04c
R1E05_legacy_trend_24h_resumption,trend_pullback_resumption,eb9d5030db470ff6cdd7799ec682f3041d59ccdf58d2d29dc3cb3ebc1a9f7a7d,12,361,c0466630dea4d89e7c2625fc928f0ec36f11e7679e1428e14f7c9dfeae957dd6
R1E05_legacy_trend_24h_resumption,trend_pullback_resumption,eb9d5030db470ff6cdd7799ec682f3041d59ccdf58d2d29dc3cb3ebc1a9f7a7d,16,361,42e0315b2cff3331da24da7d88b41a73c49c10c087b17f66b66fae8858ae7a0b
R1E05_legacy_trend_24h_resumption,trend_pullback_resumption,eb9d5030db470ff6cdd7799ec682f3041d59ccdf58d2d29dc3cb3ebc1a9f7a7d,24,360,f704f84453f7f0008519428a2a6d4a56bfafd5eb52920f077b6065bd74856b69
R1E05_legacy_trend_24h_resumption,trend_pullback_resumption,eb9d5030db470ff6cdd7799ec682f3041d59ccdf58d2d29dc3cb3ebc1a9f7a7d,32,359,5b3ffbba809fc5fe89f2925910c7c81220f56d1aaddba70da0f8c6155e3dccd0
R1E05_legacy_trend_24h_resumption,trend_pullback_resumption,eb9d5030db470ff6cdd7799ec682f3041d59ccdf58d2d29dc3cb3ebc1a9f7a7d,48,357,d5d0e5a05ec25a81f3d0a617a1421699f968fcac1b791b15353bee7323ce2741
R1F01_donchian_8,donchian_channel_breakout,85154b42f04ad0a21c737eed180193a672428a9452956a05179c84ade126fc06,1,1271,48507591ceb8b7ff460ebd85db37306d2a5af132d917e9edeb335d6c4f11a13d
R1F01_donchian_8,donchian_channel_breakout,85154b42f04ad0a21c737eed180193a672428a9452956a05179c84ade126fc06,2,1271,1ae99e22f20ddc9afc92c315672d1281fa2dfa3da9ee2bd22a4b863750a5dfb3
R1F01_donchian_8,donchian_channel_breakout,85154b42f04ad0a21c737eed180193a672428a9452956a05179c84ade126fc06,3,1271,4d80e7f283b6692ead6daa97132e4a3d10e29867b10f4a4baaf3f6c584484a74
R1F01_donchian_8,donchian_channel_breakout,85154b42f04ad0a21c737eed180193a672428a9452956a05179c84ade126fc06,4,1271,a5fb1770b2ffbbe288764c105e89d183b862af28672a8f8d29a20324270d2714
R1F01_donchian_8,donchian_channel_breakout,85154b42f04ad0a21c737eed180193a672428a9452956a05179c84ade126fc06,6,1271,7cd7658cec5f26b7eb18161af4d227760b3b94ea06c3db9c0635b645418caea7
R1F01_donchian_8,donchian_channel_breakout,85154b42f04ad0a21c737eed180193a672428a9452956a05179c84ade126fc06,8,1270,20eb17acfc5942bbe202a82df33fa93d5ef931b8137d97f009e2cddf3c506f51
R1F01_donchian_8,donchian_channel_breakout,85154b42f04ad0a21c737eed180193a672428a9452956a05179c84ade126fc06,12,1267,be26145584adf2c98f5af3222d4e844c5f5710794799c037a8eea9325b345946
R1F01_donchian_8,donchian_channel_breakout,85154b42f04ad0a21c737eed180193a672428a9452956a05179c84ade126fc06,16,1265,cfff40b352b08aa7bd107916db7361a95bf892cd9f4642e099676e2e30f78eab
R1F01_donchian_8,donchian_channel_breakout,85154b42f04ad0a21c737eed180193a672428a9452956a05179c84ade126fc06,24,1260,17850cb131baff197b20e75a5308af2aa34d4a0d9b32363c359034472c37e6b6
R1F01_donchian_8,donchian_channel_breakout,85154b42f04ad0a21c737eed180193a672428a9452956a05179c84ade126fc06,32,1254,de9b5d5d9137602ee109b6e708e57e9a56d9e08936307a80af92cca95b2f28f4
R1F01_donchian_8,donchian_channel_breakout,85154b42f04ad0a21c737eed180193a672428a9452956a05179c84ade126fc06,48,1236,661b590df58bf789b222a7aba8ed0979972b844959a585149fa9f1b60a1a367b
R1F02_donchian_16,donchian_channel_breakout,9e58ea13a2511cc359f223fb50e2f8978c76491084ac8ed4ef61ec02ef20747f,1,897,1f600b5e76a6405ca8070dad83652d95aaaaf3c9542945f8dbd37f711c38d8d5
R1F02_donchian_16,donchian_channel_breakout,9e58ea13a2511cc359f223fb50e2f8978c76491084ac8ed4ef61ec02ef20747f,2,897,18eb0db1949de1201c59b4f608c6daeb41220610444b7639f97f397ba67ccf50
R1F02_donchian_16,donchian_channel_breakout,9e58ea13a2511cc359f223fb50e2f8978c76491084ac8ed4ef61ec02ef20747f,3,897,a27a18ab9d0ac2d80d811edba22ce9d24c0a60aa5efdf718f9146b8c5566116d
R1F02_donchian_16,donchian_channel_breakout,9e58ea13a2511cc359f223fb50e2f8978c76491084ac8ed4ef61ec02ef20747f,4,897,651d91a08dec7a9d725fae796eda275c34732b2fedfd184d910ea27a979b9290
R1F02_donchian_16,donchian_channel_breakout,9e58ea13a2511cc359f223fb50e2f8978c76491084ac8ed4ef61ec02ef20747f,6,897,bbf96871b010f2bfa444ddc12f54681465fb942531a05666044e8b81a7ae040d
R1F02_donchian_16,donchian_channel_breakout,9e58ea13a2511cc359f223fb50e2f8978c76491084ac8ed4ef61ec02ef20747f,8,896,bea24251bd0f7cb832203cf8ae51cec0111919c5c9b2675e88edf572ccab305e
R1F02_donchian_16,donchian_channel_breakout,9e58ea13a2511cc359f223fb50e2f8978c76491084ac8ed4ef61ec02ef20747f,12,895,37f48a95b684cd40da74c4f520db45401a6cb55e404001604fd37667ded0eefb
R1F02_donchian_16,donchian_channel_breakout,9e58ea13a2511cc359f223fb50e2f8978c76491084ac8ed4ef61ec02ef20747f,16,894,283bff6ee8bfb79633fb142186d19e1d267bd2622d89b685d27bc276112eea48
R1F02_donchian_16,donchian_channel_breakout,9e58ea13a2511cc359f223fb50e2f8978c76491084ac8ed4ef61ec02ef20747f,24,892,7fe28b0bf7dbe0eed441a8ff8e686059e9d82ccdea7b18ea05f77484eb386404
R1F02_donchian_16,donchian_channel_breakout,9e58ea13a2511cc359f223fb50e2f8978c76491084ac8ed4ef61ec02ef20747f,32,888,e4daa8871739ae2afa77bd2e20a69c129d920bf1cc38158508bbe7b00c5ea882
R1F02_donchian_16,donchian_channel_breakout,9e58ea13a2511cc359f223fb50e2f8978c76491084ac8ed4ef61ec02ef20747f,48,875,4d2b5d996642dc141cff5635c607349d19d11f33346b3710d33d1d53c20ec22d
R1F03_donchian_32,donchian_channel_breakout,89c8565e92a080e3ace48f140ff09083828cdaf9fc7ee7de604c985725b819ad,1,657,5ebb68878d0f8964716c5c9abf449b37685fd9a96ffd5a45b7e658abc7d4e84c
R1F03_donchian_32,donchian_channel_breakout,89c8565e92a080e3ace48f140ff09083828cdaf9fc7ee7de604c985725b819ad,2,657,b059669670b2a60cad987892fd43be3101fff80be9639273f5d3adb5705c3e6f
R1F03_donchian_32,donchian_channel_breakout,89c8565e92a080e3ace48f140ff09083828cdaf9fc7ee7de604c985725b819ad,3,657,1f2d3e8b34a13f9c716dead907f0e84d1d5c1fc8f599374cd73cbbee9a40bf8a
R1F03_donchian_32,donchian_channel_breakout,89c8565e92a080e3ace48f140ff09083828cdaf9fc7ee7de604c985725b819ad,4,657,9c871587da88f10d2e4e18d4769f343e5a41f6acceac10c6f052c709b55d639d
R1F03_donchian_32,donchian_channel_breakout,89c8565e92a080e3ace48f140ff09083828cdaf9fc7ee7de604c985725b819ad,6,657,fc4aea5d2e39ffccc93dc3a7463e1840177fea8cf6a976ec70bdf535630711ce
R1F03_donchian_32,donchian_channel_breakout,89c8565e92a080e3ace48f140ff09083828cdaf9fc7ee7de604c985725b819ad,8,656,1d570aafadefcd56e115a18d8f0381917ad3c8d2abafaeadf4f64d35cb7077f6
R1F03_donchian_32,donchian_channel_breakout,89c8565e92a080e3ace48f140ff09083828cdaf9fc7ee7de604c985725b819ad,12,655,ef3b990c6d08122a54603701b86a662c15e7a74af478b00fc6771a9afe4e3ff8
R1F03_donchian_32,donchian_channel_breakout,89c8565e92a080e3ace48f140ff09083828cdaf9fc7ee7de604c985725b819ad,16,655,f2bd32fc809509db54ca9c89ed07e24b5bde458a3d1f3e9bc69fd97c50090023
R1F03_donchian_32,donchian_channel_breakout,89c8565e92a080e3ace48f140ff09083828cdaf9fc7ee7de604c985725b819ad,24,653,3eaf552a4eed298c362f35d92655ac6a48fe8e69f3f76e559c1a8de69daa8eb3
R1F03_donchian_32,donchian_channel_breakout,89c8565e92a080e3ace48f140ff09083828cdaf9fc7ee7de604c985725b819ad,32,650,e2cf6dbdb7dcd76d3b1e2dd720eec99843b59bfff2335516fdcac68a1110ca1b
R1F03_donchian_32,donchian_channel_breakout,89c8565e92a080e3ace48f140ff09083828cdaf9fc7ee7de604c985725b819ad,48,640,6b5cbb705115783e2188741a7d1f63b120e993657f6b46135fdeac8766d3770c
R1F04_donchian_64,donchian_channel_breakout,250f9463fb7001c7217b9f3d0e9df47dd574802cf9121fdec22aba32b07f7e21,1,446,6b7af22dd0ee94ff3c78bf6087b75e56292afcb2b7f3179699db996555624c67
R1F04_donchian_64,donchian_channel_breakout,250f9463fb7001c7217b9f3d0e9df47dd574802cf9121fdec22aba32b07f7e21,2,446,d689e7f2590fcd6e376ff93ec531c9ce9fffce07c15762d56ed8762cfaeff415
R1F04_donchian_64,donchian_channel_breakout,250f9463fb7001c7217b9f3d0e9df47dd574802cf9121fdec22aba32b07f7e21,3,446,280e6cfecb3100fe1b869ab048829b75029ebab9d21edfb5780e77808969c5b2
R1F04_donchian_64,donchian_channel_breakout,250f9463fb7001c7217b9f3d0e9df47dd574802cf9121fdec22aba32b07f7e21,4,446,12844ab8dbc670bd169427608453cffd21ca5bfae7c21dc61270f053e291fe70
R1F04_donchian_64,donchian_channel_breakout,250f9463fb7001c7217b9f3d0e9df47dd574802cf9121fdec22aba32b07f7e21,6,446,37c1b46a69981cbfc50146e6e0dd1835946c6a2824ac2db28f7e4d46414cb8fd
R1F04_donchian_64,donchian_channel_breakout,250f9463fb7001c7217b9f3d0e9df47dd574802cf9121fdec22aba32b07f7e21,8,446,c8baff3e1872dd643a7cdae31726a91656f4daf3e69557a8a874007b693a2035
R1F04_donchian_64,donchian_channel_breakout,250f9463fb7001c7217b9f3d0e9df47dd574802cf9121fdec22aba32b07f7e21,12,446,592d0f2ba8b8178274ab3c5795235a314fdae8162df2e370475bbf2d7e5da7fc
R1F04_donchian_64,donchian_channel_breakout,250f9463fb7001c7217b9f3d0e9df47dd574802cf9121fdec22aba32b07f7e21,16,446,458f6f52b1eef31a3842097cabfe124c088d27aaafe6c3be7252a8bbcb9d6485
R1F04_donchian_64,donchian_channel_breakout,250f9463fb7001c7217b9f3d0e9df47dd574802cf9121fdec22aba32b07f7e21,24,444,58c93fb31329476b1c731c37ad53d87f7ac762b817182a4d8491df5ce898145a
R1F04_donchian_64,donchian_channel_breakout,250f9463fb7001c7217b9f3d0e9df47dd574802cf9121fdec22aba32b07f7e21,32,442,d7c3dc9583d93322a51edb9a9cf8da4120ce194c69acee5d758b83ca3af651eb
R1F04_donchian_64,donchian_channel_breakout,250f9463fb7001c7217b9f3d0e9df47dd574802cf9121fdec22aba32b07f7e21,48,436,694dfa1d983b82ce622f45a31f492fbf327c230dd7ea614827c47faa6130035e
R1F05_donchian_96,donchian_channel_breakout,688e5f47d6a80ef2a8cbd9ed190579e2ce60536ae5168ef6edf736f3d72b2f1e,1,346,3ed0e179ac44ee106cd5c39e299c53505b32a3c11bcc2d4247cfa3d4e1a019c5
R1F05_donchian_96,donchian_channel_breakout,688e5f47d6a80ef2a8cbd9ed190579e2ce60536ae5168ef6edf736f3d72b2f1e,2,346,fb937df848241b2f60fb4ef58e0ffcfc3d81689a5adad00d098254fd22776b05
R1F05_donchian_96,donchian_channel_breakout,688e5f47d6a80ef2a8cbd9ed190579e2ce60536ae5168ef6edf736f3d72b2f1e,3,346,8eda58d8fd1063d1376d9dcdf3c8af0af588f94d25b8bd7a54603b2d2fb765fe
R1F05_donchian_96,donchian_channel_breakout,688e5f47d6a80ef2a8cbd9ed190579e2ce60536ae5168ef6edf736f3d72b2f1e,4,346,f22d575de046a389f6a497debfe698aff0edb90c9daf6b0aa6d689a001491a33
R1F05_donchian_96,donchian_channel_breakout,688e5f47d6a80ef2a8cbd9ed190579e2ce60536ae5168ef6edf736f3d72b2f1e,6,346,2bea8068fb97f247ca4133308100d012ac830c31b77af7172d8aea717c047e9f
R1F05_donchian_96,donchian_channel_breakout,688e5f47d6a80ef2a8cbd9ed190579e2ce60536ae5168ef6edf736f3d72b2f1e,8,346,ec2339bd5526b488cb411cbb56586d65c798d50bd28ba77e43cce2a2110f31b3
R1F05_donchian_96,donchian_channel_breakout,688e5f47d6a80ef2a8cbd9ed190579e2ce60536ae5168ef6edf736f3d72b2f1e,12,346,5c2ba1a59154e3b8371847a0f98f1a2cad150f21b8e954b76fb41ac6c604a8d1
R1F05_donchian_96,donchian_channel_breakout,688e5f47d6a80ef2a8cbd9ed190579e2ce60536ae5168ef6edf736f3d72b2f1e,16,346,742374a823cf2cdb13f5c8c1e3e432263f1616b9f9026d889624e38aff9cff48
R1F05_donchian_96,donchian_channel_breakout,688e5f47d6a80ef2a8cbd9ed190579e2ce60536ae5168ef6edf736f3d72b2f1e,24,344,bab9236958d6e7866b1f514a1eaad08bf9391010562f64541952ee7786f0e13a
R1F05_donchian_96,donchian_channel_breakout,688e5f47d6a80ef2a8cbd9ed190579e2ce60536ae5168ef6edf736f3d72b2f1e,32,343,27ff61a8e9abd84fde9c0f84f0bd6ba05374ce33491280d4ae94aa723555a1df
R1F05_donchian_96,donchian_channel_breakout,688e5f47d6a80ef2a8cbd9ed190579e2ce60536ae5168ef6edf736f3d72b2f1e,48,338,ef9c66bf6d2752b9bff4dfdbd33e03a9c19ce0415d18283eaa6fb201c94853c4
R1G01_ema_4_16,ema_trend_cross,964ecefd4343c93488d61415ecc54cfdf0fc2e9640af14fbab304692c69e81e6,1,753,f79be78c48c74b3c284e20ea5f460a67b1596835d4be22ce86b07dd6d6384978
R1G01_ema_4_16,ema_trend_cross,964ecefd4343c93488d61415ecc54cfdf0fc2e9640af14fbab304692c69e81e6,2,753,cb5c449f1bd4c19b3a6f105e36f8de7d5c594a3760975d4bf4738fd81ccead36
R1G01_ema_4_16,ema_trend_cross,964ecefd4343c93488d61415ecc54cfdf0fc2e9640af14fbab304692c69e81e6,3,753,a64aa45d0e3c732f96a96579f0f8a75bab2000461624b9a0ee5fa4918d7b2410
R1G01_ema_4_16,ema_trend_cross,964ecefd4343c93488d61415ecc54cfdf0fc2e9640af14fbab304692c69e81e6,4,753,48d3a0a5dd4ebc65359e01384b241babc2a581635938aba80d9c9b9bf6489cd9
R1G01_ema_4_16,ema_trend_cross,964ecefd4343c93488d61415ecc54cfdf0fc2e9640af14fbab304692c69e81e6,6,753,551f9a2eac48439b726d42486c3687cb43d6688583f04f38c9d748e07ed7445f
R1G01_ema_4_16,ema_trend_cross,964ecefd4343c93488d61415ecc54cfdf0fc2e9640af14fbab304692c69e81e6,8,753,a879e546f65b1b433183e5be6e2f00564b51255875351c690a8089af5b7eaf49
R1G01_ema_4_16,ema_trend_cross,964ecefd4343c93488d61415ecc54cfdf0fc2e9640af14fbab304692c69e81e6,12,751,756fc6eb9a9c929df13220461ab52add8844752d5f127dd49fc519cff71e5b24
R1G01_ema_4_16,ema_trend_cross,964ecefd4343c93488d61415ecc54cfdf0fc2e9640af14fbab304692c69e81e6,16,751,83b30c3dc1e45691b671ec1e15e86e1ec9ed3f3dd7403aba0a173f6296748f61
R1G01_ema_4_16,ema_trend_cross,964ecefd4343c93488d61415ecc54cfdf0fc2e9640af14fbab304692c69e81e6,24,747,ed2d8268374cd56c841f90769f38065dc5a8ee4e00714cc164a8d3c5da3624b3
R1G01_ema_4_16,ema_trend_cross,964ecefd4343c93488d61415ecc54cfdf0fc2e9640af14fbab304692c69e81e6,32,745,290d513ee88a75148148995c25baabc5678927bfe0b4084913e66e7599535687
R1G01_ema_4_16,ema_trend_cross,964ecefd4343c93488d61415ecc54cfdf0fc2e9640af14fbab304692c69e81e6,48,740,829e922307f7aca97ebd5bcec10307745cc16eedd5b220bcacc8a9d4d112a5ec
R1G02_ema_8_32,ema_trend_cross,7b74da38f808617f26d40d669d436262b2a3c59e08cc85df3b511a3adf18a466,1,384,38c426ea4d73bbe6d5d8eaff54f47f713ea409469d9c2690227679fc1512a9bb
R1G02_ema_8_32,ema_trend_cross,7b74da38f808617f26d40d669d436262b2a3c59e08cc85df3b511a3adf18a466,2,384,b0cb38beb2f4a6f27a7661c4b93a18328a04a80ff99ed6743c07619928fa88ab
R1G02_ema_8_32,ema_trend_cross,7b74da38f808617f26d40d669d436262b2a3c59e08cc85df3b511a3adf18a466,3,384,399ad7c1340f3202d015e0382a3d0c99a602054289dd17c2a7c7cf2e62f2e79b
R1G02_ema_8_32,ema_trend_cross,7b74da38f808617f26d40d669d436262b2a3c59e08cc85df3b511a3adf18a466,4,384,36124d3c22e75f43d56b6e1e26b139ec989e4e0e4b3a922e8d0757f90cd2ca29
R1G02_ema_8_32,ema_trend_cross,7b74da38f808617f26d40d669d436262b2a3c59e08cc85df3b511a3adf18a466,6,384,715aff382a5331d2f0b0429a245fe3d367637badfde788860602a503f3718ceb
R1G02_ema_8_32,ema_trend_cross,7b74da38f808617f26d40d669d436262b2a3c59e08cc85df3b511a3adf18a466,8,384,fd0753d1604c8a531728f628bf894f7d34cf6acf1df1970914b27e6fb63f1b4c
R1G02_ema_8_32,ema_trend_cross,7b74da38f808617f26d40d669d436262b2a3c59e08cc85df3b511a3adf18a466,12,384,8005e9c7b19b7a707b043a5bff49133457e1b51e98b877f3adeaa54ed3d44f6e
R1G02_ema_8_32,ema_trend_cross,7b74da38f808617f26d40d669d436262b2a3c59e08cc85df3b511a3adf18a466,16,383,8ac7323a3ea41a682349560bd377aa33472dd9a2feaf23b7cfd9e7bb4a0666f9
R1G02_ema_8_32,ema_trend_cross,7b74da38f808617f26d40d669d436262b2a3c59e08cc85df3b511a3adf18a466,24,381,440ee688c6acca47b39f8fb26a88b9bbe0bf17c618d072817220a8f6c994ff7b
R1G02_ema_8_32,ema_trend_cross,7b74da38f808617f26d40d669d436262b2a3c59e08cc85df3b511a3adf18a466,32,380,b96ed04306bc37f6c9167b77f99cb8e6b1c6636210dbeb02ed6df1b5e40bffdd
R1G02_ema_8_32,ema_trend_cross,7b74da38f808617f26d40d669d436262b2a3c59e08cc85df3b511a3adf18a466,48,376,3b42f1e28ad29b4f40f1e367f6fd6acd68c647f7c63484959c52a4da4eeb1309
R1G03_ema_12_48,ema_trend_cross,b7c6667b2a5b3c8fdce3b5b171a4ed7df3a9994cca61bf3beff49e0b683d1a9d,1,262,b190c1d0517816ae37ab51c6fb90b385b6155ee0ee54a83d76d8d1b7cbc71111
R1G03_ema_12_48,ema_trend_cross,b7c6667b2a5b3c8fdce3b5b171a4ed7df3a9994cca61bf3beff49e0b683d1a9d,2,262,cd65f3c8e638d36b5f419383a7d82565e76321ef88e8d5e9b63daf057490b4fe
R1G03_ema_12_48,ema_trend_cross,b7c6667b2a5b3c8fdce3b5b171a4ed7df3a9994cca61bf3beff49e0b683d1a9d,3,262,c87410fc9714aa878bd0fd25076aee67b8b8ad7a027c6a6d5a113a886ef7ae61
R1G03_ema_12_48,ema_trend_cross,b7c6667b2a5b3c8fdce3b5b171a4ed7df3a9994cca61bf3beff49e0b683d1a9d,4,262,bf2e79f276e4e36f09761dee4b84933216adbb832a055cf6ededf9770fda697e
R1G03_ema_12_48,ema_trend_cross,b7c6667b2a5b3c8fdce3b5b171a4ed7df3a9994cca61bf3beff49e0b683d1a9d,6,262,e1209421c449fedff3f3f5e7cb1e16c18aeb181e8af1c4d0fa4210c22c33726c
R1G03_ema_12_48,ema_trend_cross,b7c6667b2a5b3c8fdce3b5b171a4ed7df3a9994cca61bf3beff49e0b683d1a9d,8,262,69ba3341ba3e46fc59e41101044725258a1ae79a8ecec6cc8afd885cb03d3d30
R1G03_ema_12_48,ema_trend_cross,b7c6667b2a5b3c8fdce3b5b171a4ed7df3a9994cca61bf3beff49e0b683d1a9d,12,261,7d753d03f62fab9ed8062d86bd52e95009aa9dabb825bcb8a387030dc5975891
R1G03_ema_12_48,ema_trend_cross,b7c6667b2a5b3c8fdce3b5b171a4ed7df3a9994cca61bf3beff49e0b683d1a9d,16,261,a8ade52e57781c7ed4a03fb5a4c3b121ff6b5f72d23bc2c05b3dd5c33b99d6d9
R1G03_ema_12_48,ema_trend_cross,b7c6667b2a5b3c8fdce3b5b171a4ed7df3a9994cca61bf3beff49e0b683d1a9d,24,258,2fb21751ab6e610d51b4fe73bdbff27f09a62da3ca15f325f9736947ba808c3c
R1G03_ema_12_48,ema_trend_cross,b7c6667b2a5b3c8fdce3b5b171a4ed7df3a9994cca61bf3beff49e0b683d1a9d,32,257,cd0ca59b2db72cde8ffae39b7a12352b507ec441503dc126befb30f53218afed
R1G03_ema_12_48,ema_trend_cross,b7c6667b2a5b3c8fdce3b5b171a4ed7df3a9994cca61bf3beff49e0b683d1a9d,48,253,bdd258381d2f83fb60600c99f2ed443e535d6aa5292e8a10431fbcd27691a67c
R1G04_ema_16_64,ema_trend_cross,593a8b18f07230f4de78fb0ada18a014d44dc04d28c0c559505fa10873848af3,1,202,afb0803aa047311079d6b728826932bbe6ad4d25e62a8b2e3ccb79db6ab1cb1a
R1G04_ema_16_64,ema_trend_cross,593a8b18f07230f4de78fb0ada18a014d44dc04d28c0c559505fa10873848af3,2,202,9cd16fb32cb5e3c260e3c717fd1d69e5b993f0a76d7fc6a2502f8a0809566499
R1G04_ema_16_64,ema_trend_cross,593a8b18f07230f4de78fb0ada18a014d44dc04d28c0c559505fa10873848af3,3,202,e57474f69571bebc65098bf239b48bb422a779457baa429edbfb55038787cfb0
R1G04_ema_16_64,ema_trend_cross,593a8b18f07230f4de78fb0ada18a014d44dc04d28c0c559505fa10873848af3,4,202,17da91dcc6c126179fdb5a24e2406d89271c0778b2f440b2207bb9a53711c234
R1G04_ema_16_64,ema_trend_cross,593a8b18f07230f4de78fb0ada18a014d44dc04d28c0c559505fa10873848af3,6,202,e3150a5fe88ab8c9559ff15cfa8445df72db65df4a3a7460deec4cc1ba0049f4
R1G04_ema_16_64,ema_trend_cross,593a8b18f07230f4de78fb0ada18a014d44dc04d28c0c559505fa10873848af3,8,201,35ab449480edd4898cd7882fa1f1d0bd7f3509c53f366f2bc1d664f72dba27a4
R1G04_ema_16_64,ema_trend_cross,593a8b18f07230f4de78fb0ada18a014d44dc04d28c0c559505fa10873848af3,12,201,853a1b6407ef5d5fae1525e16d32fda2b78f82f2245f734246f4f0b73f0152a7
R1G04_ema_16_64,ema_trend_cross,593a8b18f07230f4de78fb0ada18a014d44dc04d28c0c559505fa10873848af3,16,201,e22aabee302351271a4a6a5acd041145eda4e1e7da12c375b891ca71140729e5
R1G04_ema_16_64,ema_trend_cross,593a8b18f07230f4de78fb0ada18a014d44dc04d28c0c559505fa10873848af3,24,199,abc93498e63fea723ee6426dcdd6fe277dfced48ff7204e378d3dbebf9d05ebd
R1G04_ema_16_64,ema_trend_cross,593a8b18f07230f4de78fb0ada18a014d44dc04d28c0c559505fa10873848af3,32,198,f9258faed4f0f3b8f757865e369e502990ce1e54d8a44a11f5616b23a0c6575a
R1G04_ema_16_64,ema_trend_cross,593a8b18f07230f4de78fb0ada18a014d44dc04d28c0c559505fa10873848af3,48,196,3dcd276fb8acd512332c623e23d69ec69fd054a2ea47f74c5f76af5f9634ee2a
R1G05_ema_24_96,ema_trend_cross,92af46625daeefb2b32386c92ba5be44fbd620b6e4c1a44b9893b32457b345e5,1,131,c7ba191949923c273467d2900dde9f593bc4f9b1c2d257ef01407ed477e3f65c
R1G05_ema_24_96,ema_trend_cross,92af46625daeefb2b32386c92ba5be44fbd620b6e4c1a44b9893b32457b345e5,2,131,678130dd620876cc9524d3ae5b9c4a8e5bd5d0257e91c0e1d6b1bb87f941d669
R1G05_ema_24_96,ema_trend_cross,92af46625daeefb2b32386c92ba5be44fbd620b6e4c1a44b9893b32457b345e5,3,131,32b2caf2514cbc23c5224889a5bb547dcf613e204eff0384384f6f1f4f503fde
R1G05_ema_24_96,ema_trend_cross,92af46625daeefb2b32386c92ba5be44fbd620b6e4c1a44b9893b32457b345e5,4,131,b16ba1c152502401229953b47c6c1cdb55af5a2fd215983d7be48060c6ef6583
R1G05_ema_24_96,ema_trend_cross,92af46625daeefb2b32386c92ba5be44fbd620b6e4c1a44b9893b32457b345e5,6,131,aec22258f2f84d9f431986a1dfcbcc3679a7177f42b3a043ef49fad89edcbb5b
R1G05_ema_24_96,ema_trend_cross,92af46625daeefb2b32386c92ba5be44fbd620b6e4c1a44b9893b32457b345e5,8,131,cf99ac4296682445da0d4dab5a8766d8415aacf28851660b9af4677399852be7
R1G05_ema_24_96,ema_trend_cross,92af46625daeefb2b32386c92ba5be44fbd620b6e4c1a44b9893b32457b345e5,12,131,3c4788e62d2ce4a35e0d792ca8d8e14e740666484d8b5a9f89286eaad6320be0
R1G05_ema_24_96,ema_trend_cross,92af46625daeefb2b32386c92ba5be44fbd620b6e4c1a44b9893b32457b345e5,16,131,b7aa4d7271062984e7810c7845d225ff1a32dd992d11bf92d9936a289d3e5c74
R1G05_ema_24_96,ema_trend_cross,92af46625daeefb2b32386c92ba5be44fbd620b6e4c1a44b9893b32457b345e5,24,130,18fc7410df7f7ceffd0ccc1289ab15fc05956d651f0df883b6e94e08746259f5
R1G05_ema_24_96,ema_trend_cross,92af46625daeefb2b32386c92ba5be44fbd620b6e4c1a44b9893b32457b345e5,32,128,04d0f4b4b10437e249cb7aed7757a17d9c78d53d2462ea31e33999f23a1933ac
R1G05_ema_24_96,ema_trend_cross,92af46625daeefb2b32386c92ba5be44fbd620b6e4c1a44b9893b32457b345e5,48,126,242d89797a4739118aac0b4af61ab4102abb87d8551f440f46dc823e9fb79d20
R1H01_ramom_8_16_z1,volatility_adjusted_momentum,5fd7019358087c11be8ae82568f5e5bc6aef20098306ba2f7f9c0eaedc2911bd,1,576,d52a6c8059fd3d3c7c6f917907ab5cc166a621736f9e61dc6a328d0153019ae3
R1H01_ramom_8_16_z1,volatility_adjusted_momentum,5fd7019358087c11be8ae82568f5e5bc6aef20098306ba2f7f9c0eaedc2911bd,2,576,b53e2dee32daadf471b93394b915e3b3a031b12eca9b101706fa7194fba44cb0
R1H01_ramom_8_16_z1,volatility_adjusted_momentum,5fd7019358087c11be8ae82568f5e5bc6aef20098306ba2f7f9c0eaedc2911bd,3,576,60adf66574ea18188ac2fba3e6d6c93862e1ae94fc8fcbe61736f2c4077adb01
R1H01_ramom_8_16_z1,volatility_adjusted_momentum,5fd7019358087c11be8ae82568f5e5bc6aef20098306ba2f7f9c0eaedc2911bd,4,576,6092bdf68187996c56a080d75d106ce6d6d7b3a99e74ba79a8f18862869ab39e
R1H01_ramom_8_16_z1,volatility_adjusted_momentum,5fd7019358087c11be8ae82568f5e5bc6aef20098306ba2f7f9c0eaedc2911bd,6,576,3a010849cb5af480916165e24984358a9793527ab0148d249b8acdc6f5ec6f6a
R1H01_ramom_8_16_z1,volatility_adjusted_momentum,5fd7019358087c11be8ae82568f5e5bc6aef20098306ba2f7f9c0eaedc2911bd,8,576,d375dea303b609a39db48bac13f1dd04e48ec5cb7656ec45c9685f88ce551a3a
R1H01_ramom_8_16_z1,volatility_adjusted_momentum,5fd7019358087c11be8ae82568f5e5bc6aef20098306ba2f7f9c0eaedc2911bd,12,575,68b2c222549b8673c4707ebbb50c9be763477dc58602db59f5842322fa3a10ca
R1H01_ramom_8_16_z1,volatility_adjusted_momentum,5fd7019358087c11be8ae82568f5e5bc6aef20098306ba2f7f9c0eaedc2911bd,16,574,c5ce5802ef2f3ab4bf611c4894904a140dcc8425379af7193e34adbbc828bbf3
R1H01_ramom_8_16_z1,volatility_adjusted_momentum,5fd7019358087c11be8ae82568f5e5bc6aef20098306ba2f7f9c0eaedc2911bd,24,570,2484cd3e2a9be84045f09891ec890a92df1cc613bb3fa8239f203e6d3b028145
R1H01_ramom_8_16_z1,volatility_adjusted_momentum,5fd7019358087c11be8ae82568f5e5bc6aef20098306ba2f7f9c0eaedc2911bd,32,565,911c9759df983e8eb5e66cae7f2721bbba27412cd3549e7472c0898820b76b20
R1H01_ramom_8_16_z1,volatility_adjusted_momentum,5fd7019358087c11be8ae82568f5e5bc6aef20098306ba2f7f9c0eaedc2911bd,48,559,21398a403f97334c04514c55c029bb6437493b0a45e1b40827aae6fd0f7b2af5
R1H02_ramom_16_32_z1,volatility_adjusted_momentum,8287c5868ddf07a36342867ccdbd2fa54d485377167bc8e2a4d3ff6556324813,1,446,92d54584532add2a91856ab5303a1567ab43f3fbc6ea8f12c937b8a32ee3031b
R1H02_ramom_16_32_z1,volatility_adjusted_momentum,8287c5868ddf07a36342867ccdbd2fa54d485377167bc8e2a4d3ff6556324813,2,446,eb5d67648425c620af7ea8a503f22046cdcb55d868a42a2a5a70f65613976cbb
R1H02_ramom_16_32_z1,volatility_adjusted_momentum,8287c5868ddf07a36342867ccdbd2fa54d485377167bc8e2a4d3ff6556324813,3,446,9aeee09d1d19fdd3a5770ea489f05a329b570c6c177c74bc1ffbfe4e84218a05
R1H02_ramom_16_32_z1,volatility_adjusted_momentum,8287c5868ddf07a36342867ccdbd2fa54d485377167bc8e2a4d3ff6556324813,4,446,cf556e12e57b09023c0bc73b8fc4d9608b7839f92a5bc7ec31bc322efb94721a
R1H02_ramom_16_32_z1,volatility_adjusted_momentum,8287c5868ddf07a36342867ccdbd2fa54d485377167bc8e2a4d3ff6556324813,6,446,213124fc75a26ef0e1692a7e8185c9868e14e0eee525931ffff672ac307a9b77
R1H02_ramom_16_32_z1,volatility_adjusted_momentum,8287c5868ddf07a36342867ccdbd2fa54d485377167bc8e2a4d3ff6556324813,8,446,575d623617376c10c7c0f2d3f98366e3885c85f9adabf4939c3a5e597bc360bc
R1H02_ramom_16_32_z1,volatility_adjusted_momentum,8287c5868ddf07a36342867ccdbd2fa54d485377167bc8e2a4d3ff6556324813,12,445,ddb3b9fcbc25ab9fd3385bcbf12b54dea979643ea11778925ac18d50c4aac730
R1H02_ramom_16_32_z1,volatility_adjusted_momentum,8287c5868ddf07a36342867ccdbd2fa54d485377167bc8e2a4d3ff6556324813,16,443,8121399256cdf8b1228e10c171554fc785b98b47f963f58fd0136534cfe3e7b7
R1H02_ramom_16_32_z1,volatility_adjusted_momentum,8287c5868ddf07a36342867ccdbd2fa54d485377167bc8e2a4d3ff6556324813,24,441,4f9bade6b5a8c0481ccbb933616b557f40d6eae7c4b6980e3969fe805c84b2db
R1H02_ramom_16_32_z1,volatility_adjusted_momentum,8287c5868ddf07a36342867ccdbd2fa54d485377167bc8e2a4d3ff6556324813,32,440,b360e0403f7250e0014d71cd5bfaf9995bca5884bc62cda46ec4a3024dea9cb3
R1H02_ramom_16_32_z1,volatility_adjusted_momentum,8287c5868ddf07a36342867ccdbd2fa54d485377167bc8e2a4d3ff6556324813,48,432,a4a8c23b300dc99c3f536e1921f5c7ea2c2ef7918c8e0bd4ac652915536ee777
R1H03_ramom_24_48_z1,volatility_adjusted_momentum,5f21c03621e75e6084e034393aa5f39de8302953c3c91f7a284a053370407919,1,326,8e4a4440fdd25651b03b567cf7aaacdc114bb5442f0747b85bdc23bda1a6e3bf
R1H03_ramom_24_48_z1,volatility_adjusted_momentum,5f21c03621e75e6084e034393aa5f39de8302953c3c91f7a284a053370407919,2,326,d86df779c9fd512d59c6614da9f44aa6908237168409041e0cc84f762f918ec6
R1H03_ramom_24_48_z1,volatility_adjusted_momentum,5f21c03621e75e6084e034393aa5f39de8302953c3c91f7a284a053370407919,3,326,1144088350d703c8ea39dd0d045b4d64b7ea63ae9807fc467835a058dcb6006e
R1H03_ramom_24_48_z1,volatility_adjusted_momentum,5f21c03621e75e6084e034393aa5f39de8302953c3c91f7a284a053370407919,4,326,61d85ce048694344b94dfbb472ecdac11868281903f561ba89a316828e49587e
R1H03_ramom_24_48_z1,volatility_adjusted_momentum,5f21c03621e75e6084e034393aa5f39de8302953c3c91f7a284a053370407919,6,325,a1c859435613c92bb7fd9775c8192d818cb065f90ff7ea77e87f8e3ca08ee652
R1H03_ramom_24_48_z1,volatility_adjusted_momentum,5f21c03621e75e6084e034393aa5f39de8302953c3c91f7a284a053370407919,8,325,cfb51754c146b637104761a5bb7abb48fd77439b777ad727d7164d2118e1ee0d
R1H03_ramom_24_48_z1,volatility_adjusted_momentum,5f21c03621e75e6084e034393aa5f39de8302953c3c91f7a284a053370407919,12,324,c1b80a08ce390152a7782ab6ce74af1e1b9c626b62f9a56a5adaa74163f828af
R1H03_ramom_24_48_z1,volatility_adjusted_momentum,5f21c03621e75e6084e034393aa5f39de8302953c3c91f7a284a053370407919,16,324,73b698e44d655a57f86de8353477c560f798c4c601df9c0494c419387d262073
R1H03_ramom_24_48_z1,volatility_adjusted_momentum,5f21c03621e75e6084e034393aa5f39de8302953c3c91f7a284a053370407919,24,324,501ecd2e1a2575c9900f8f6bc2e4d093e465661a44e82b7411842c3a7802b565
R1H03_ramom_24_48_z1,volatility_adjusted_momentum,5f21c03621e75e6084e034393aa5f39de8302953c3c91f7a284a053370407919,32,323,524c6d286cf65851c3d8e3907cb597a1b01a23ca6b1cb799037a9810e4bf8b2a
R1H03_ramom_24_48_z1,volatility_adjusted_momentum,5f21c03621e75e6084e034393aa5f39de8302953c3c91f7a284a053370407919,48,317,91d764e163a87ec206fb1bc04bb1ace6ce2417e9a93da0850e2a9ae32fe372b8
R1H04_ramom_32_64_z125,volatility_adjusted_momentum,72b1ce40434c8d8869a1546d72051fdd2224e81fc7124d7af2255067e11f89d6,1,147,9c4e32013700e62d37684e0fc39eac22c7bb1a0e0e8255e5015af32e038a3268
R1H04_ramom_32_64_z125,volatility_adjusted_momentum,72b1ce40434c8d8869a1546d72051fdd2224e81fc7124d7af2255067e11f89d6,2,147,b9979ee2050bebb16b9f7a644f4798a744d3d1c10def4272200bd85059981239
R1H04_ramom_32_64_z125,volatility_adjusted_momentum,72b1ce40434c8d8869a1546d72051fdd2224e81fc7124d7af2255067e11f89d6,3,147,8f5e8a23a4a7a2cdaa55e63abc91e8f1e9a9069f7a8f6c26b26f70bb2b12498b
R1H04_ramom_32_64_z125,volatility_adjusted_momentum,72b1ce40434c8d8869a1546d72051fdd2224e81fc7124d7af2255067e11f89d6,4,147,b77b62a4b82df76c229e3fe205a0fcb20ca03a53cb71ba120a26fbda662c274f
R1H04_ramom_32_64_z125,volatility_adjusted_momentum,72b1ce40434c8d8869a1546d72051fdd2224e81fc7124d7af2255067e11f89d6,6,147,6e924fb2a1d94039f7659d92f6998b8fb5bad9475df9eb3d793953eb99c4d106
R1H04_ramom_32_64_z125,volatility_adjusted_momentum,72b1ce40434c8d8869a1546d72051fdd2224e81fc7124d7af2255067e11f89d6,8,147,2782d890e2fa876a6308a5770e5249e4cfddcd13527a1e73e8339252dd1c826f
R1H04_ramom_32_64_z125,volatility_adjusted_momentum,72b1ce40434c8d8869a1546d72051fdd2224e81fc7124d7af2255067e11f89d6,12,147,15e0d3b1cf653cb9013db1ae8d4bd2e548a5f256404d0a64a70b3c1099975a24
R1H04_ramom_32_64_z125,volatility_adjusted_momentum,72b1ce40434c8d8869a1546d72051fdd2224e81fc7124d7af2255067e11f89d6,16,147,799fff1333070d4da0518c0c13e7e596df9966041aa3c83462bffbf14e5ad4cf
R1H04_ramom_32_64_z125,volatility_adjusted_momentum,72b1ce40434c8d8869a1546d72051fdd2224e81fc7124d7af2255067e11f89d6,24,147,173dba6728489737729235728ab12045c0647af4504c14fd07543b694d9ee00a
R1H04_ramom_32_64_z125,volatility_adjusted_momentum,72b1ce40434c8d8869a1546d72051fdd2224e81fc7124d7af2255067e11f89d6,32,146,6c4b169d767586e194f4037539ccab1d08bb5172f620b53453561a2fcfe61075
R1H04_ramom_32_64_z125,volatility_adjusted_momentum,72b1ce40434c8d8869a1546d72051fdd2224e81fc7124d7af2255067e11f89d6,48,144,878cee4c5408df60847088a8f53d9da6a3627306a4eddadb463848b135ea6d40
R1H05_ramom_48_96_z125,volatility_adjusted_momentum,cc2455296b4036f3c4eee7eb5bf8078bf4bcc925533b6025d409929688188aa9,1,125,07079a11943eac82ad513c9e4fc4c416cecb53857c21ec8c1d6488c6a410a9df
R1H05_ramom_48_96_z125,volatility_adjusted_momentum,cc2455296b4036f3c4eee7eb5bf8078bf4bcc925533b6025d409929688188aa9,2,125,9a604e4a70a83a2d47bc186ed4f7a6ffc8d71574492d6638c83bdb7e87be474b
R1H05_ramom_48_96_z125,volatility_adjusted_momentum,cc2455296b4036f3c4eee7eb5bf8078bf4bcc925533b6025d409929688188aa9,3,125,ab2ca637f2fe029be948d5b39417c685d2417cea272a816019e4634691f2230e
R1H05_ramom_48_96_z125,volatility_adjusted_momentum,cc2455296b4036f3c4eee7eb5bf8078bf4bcc925533b6025d409929688188aa9,4,125,32354315d7e2dc2ee43b3ec641bf9b3712a5dc1d521a7f95f4328965184fab4b
R1H05_ramom_48_96_z125,volatility_adjusted_momentum,cc2455296b4036f3c4eee7eb5bf8078bf4bcc925533b6025d409929688188aa9,6,125,2d4de256202505ec5906b31ad629036ab8d7c494028303072c4259b466b05a61
R1H05_ramom_48_96_z125,volatility_adjusted_momentum,cc2455296b4036f3c4eee7eb5bf8078bf4bcc925533b6025d409929688188aa9,8,125,98293418a6c72f71ce94f38841130b422b6223800766a682ef60dc7fad0eec96
R1H05_ramom_48_96_z125,volatility_adjusted_momentum,cc2455296b4036f3c4eee7eb5bf8078bf4bcc925533b6025d409929688188aa9,12,125,6145b0a640d40cd67a7847b4255c71046a6b5bda94d9726afa67cac7b40e8823
R1H05_ramom_48_96_z125,volatility_adjusted_momentum,cc2455296b4036f3c4eee7eb5bf8078bf4bcc925533b6025d409929688188aa9,16,125,52011b68194799b660f1e3a5ea790ece28cdcbdb22f226f8a96fe13300ac8ce2
R1H05_ramom_48_96_z125,volatility_adjusted_momentum,cc2455296b4036f3c4eee7eb5bf8078bf4bcc925533b6025d409929688188aa9,24,123,404efdaafa64b6aea54f05c2c0631eede687ac5f5a3997dbc9d02f927a1c74d9
R1H05_ramom_48_96_z125,volatility_adjusted_momentum,cc2455296b4036f3c4eee7eb5bf8078bf4bcc925533b6025d409929688188aa9,32,123,c8f6c3c66be6692cfcca583c61383dc30125c40e2f0aba62b8178117cf72e2f7
R1H05_ramom_48_96_z125,volatility_adjusted_momentum,cc2455296b4036f3c4eee7eb5bf8078bf4bcc925533b6025d409929688188aa9,48,122,e75b32495132217348e9531bdae7935aadd8c01bf66ea4831a3131c118502836
R1I01_boll_reentry_16_z15,bollinger_reentry_reversion,825a41751445974bcad1dc1fea845e2dd8b75d4b7634c2ab983187ede34957fd,1,1201,faba513297b127d0ff576440e7925aa4a7bba1b0909a8a3e1eb0b1b36ddfcf44
R1I01_boll_reentry_16_z15,bollinger_reentry_reversion,825a41751445974bcad1dc1fea845e2dd8b75d4b7634c2ab983187ede34957fd,2,1201,1e7c41ddc022e18f7be555bdf5fd0234285de8422ec7754852f0daa798fccf6d
R1I01_boll_reentry_16_z15,bollinger_reentry_reversion,825a41751445974bcad1dc1fea845e2dd8b75d4b7634c2ab983187ede34957fd,3,1201,f5cdbc2eaf54808e52d9f3c50f34d90e78ddb75ee7f6c845d64fa598065d50d7
R1I01_boll_reentry_16_z15,bollinger_reentry_reversion,825a41751445974bcad1dc1fea845e2dd8b75d4b7634c2ab983187ede34957fd,4,1201,06d81d4cfdaec908820fc7561282233f04d1ee38cefbef84eb1a62d2a1ee83ec
R1I01_boll_reentry_16_z15,bollinger_reentry_reversion,825a41751445974bcad1dc1fea845e2dd8b75d4b7634c2ab983187ede34957fd,6,1201,1d7a3e3c1bcd0f9cf9732f96b51ecdd0e5501ff8bb8d09c037e8295fd8c5d262
R1I01_boll_reentry_16_z15,bollinger_reentry_reversion,825a41751445974bcad1dc1fea845e2dd8b75d4b7634c2ab983187ede34957fd,8,1200,7bd7aa2495afe2629c71650aebfa5fe5d3a43e49e090b76fdd750c5bb1682d5b
R1I01_boll_reentry_16_z15,bollinger_reentry_reversion,825a41751445974bcad1dc1fea845e2dd8b75d4b7634c2ab983187ede34957fd,12,1200,def9d9d8eda4e65aa4221ff5ea0c485813f41feeca3bf76113669d33a949761f
R1I01_boll_reentry_16_z15,bollinger_reentry_reversion,825a41751445974bcad1dc1fea845e2dd8b75d4b7634c2ab983187ede34957fd,16,1199,0a4264a6294aa6e129256ff481e9bba25ec3ccb947c5310e3956c2becb17d4ff
R1I01_boll_reentry_16_z15,bollinger_reentry_reversion,825a41751445974bcad1dc1fea845e2dd8b75d4b7634c2ab983187ede34957fd,24,1196,fa7d6c50e144c399ecf83bc616514167f4f3cd362f344c04a904fdd06161660c
R1I01_boll_reentry_16_z15,bollinger_reentry_reversion,825a41751445974bcad1dc1fea845e2dd8b75d4b7634c2ab983187ede34957fd,32,1190,249b878b797c9bc3e2806e38faabf56f78e7936967b9108982f6b89ca87576cd
R1I01_boll_reentry_16_z15,bollinger_reentry_reversion,825a41751445974bcad1dc1fea845e2dd8b75d4b7634c2ab983187ede34957fd,48,1184,d2de7b6a97c9d62a521c2c0fac11fca65a154bdad923f1d46b8e90719e2cc145
R1I02_boll_reentry_24_z15,bollinger_reentry_reversion,542c5e7ae0bd31f4b30f3e6795efdd8396eefcec57d2f76ee0599adf311e3e09,1,990,7785a330d0610789bf64b141ef632a535b4e630999f7d0fbc5b857bfede84887
R1I02_boll_reentry_24_z15,bollinger_reentry_reversion,542c5e7ae0bd31f4b30f3e6795efdd8396eefcec57d2f76ee0599adf311e3e09,2,990,9544c6b30c7ec51773b30bf006a812e0a313278e054e51f9b57cd96f69d28892
R1I02_boll_reentry_24_z15,bollinger_reentry_reversion,542c5e7ae0bd31f4b30f3e6795efdd8396eefcec57d2f76ee0599adf311e3e09,3,990,3a0132a6caee20185b17a1457bb36958372c7df357e17d41e4014613a0abff3e
R1I02_boll_reentry_24_z15,bollinger_reentry_reversion,542c5e7ae0bd31f4b30f3e6795efdd8396eefcec57d2f76ee0599adf311e3e09,4,990,53d884154d904d84d39270a09eb8d70e6bd3108c51c925c66baba01adfbb8bdc
R1I02_boll_reentry_24_z15,bollinger_reentry_reversion,542c5e7ae0bd31f4b30f3e6795efdd8396eefcec57d2f76ee0599adf311e3e09,6,989,53110acdbc1c5c830c04b4332a7cf96952b8ce94c48296a7085cbf9a46c28e49
R1I02_boll_reentry_24_z15,bollinger_reentry_reversion,542c5e7ae0bd31f4b30f3e6795efdd8396eefcec57d2f76ee0599adf311e3e09,8,989,5b2037bbb1b98ca2b2757f7b40e7135b359ef2a9f3cd6c7e2de1801718cf60c2
R1I02_boll_reentry_24_z15,bollinger_reentry_reversion,542c5e7ae0bd31f4b30f3e6795efdd8396eefcec57d2f76ee0599adf311e3e09,12,989,5f2bdf24c9e5b83354c758ff74172841ea5befa8ba6ee72951d680af7d2fb67a
R1I02_boll_reentry_24_z15,bollinger_reentry_reversion,542c5e7ae0bd31f4b30f3e6795efdd8396eefcec57d2f76ee0599adf311e3e09,16,989,c465f14841884c295da5963776ade2627ef090ac43680878f36a9dbf0729edcf
R1I02_boll_reentry_24_z15,bollinger_reentry_reversion,542c5e7ae0bd31f4b30f3e6795efdd8396eefcec57d2f76ee0599adf311e3e09,24,987,48d1d71b32de34ad4542a72ba0356b2addabd360263c0fa9cbf4323ffae56d3a
R1I02_boll_reentry_24_z15,bollinger_reentry_reversion,542c5e7ae0bd31f4b30f3e6795efdd8396eefcec57d2f76ee0599adf311e3e09,32,982,bda598bb972e9e9b009a479a675da9395db22df582343b12347778e7222364ef
R1I02_boll_reentry_24_z15,bollinger_reentry_reversion,542c5e7ae0bd31f4b30f3e6795efdd8396eefcec57d2f76ee0599adf311e3e09,48,975,071145cbed3eda25c92f99a97a99b8484259afb433b1b0cb84f5838dfcb4166e
R1I03_boll_reentry_32_z2,bollinger_reentry_reversion,d53e4386fc53a9b43883d8144b38f80fbfea29dfc82c8482ea3ee8d43923c651,1,675,ba704aaf1ab49ad460360dd0e1af59ea72ba0c2e2036aeabb759afde89622e59
R1I03_boll_reentry_32_z2,bollinger_reentry_reversion,d53e4386fc53a9b43883d8144b38f80fbfea29dfc82c8482ea3ee8d43923c651,2,675,dcde0f5a0c7836046c718ffcc210b09ffe982c67605a6628088ad5cf9001f7c9
R1I03_boll_reentry_32_z2,bollinger_reentry_reversion,d53e4386fc53a9b43883d8144b38f80fbfea29dfc82c8482ea3ee8d43923c651,3,675,30e39541ef57dd0c447568ab0eef20879778e3e394e3be98404e7f496fcb642e
R1I03_boll_reentry_32_z2,bollinger_reentry_reversion,d53e4386fc53a9b43883d8144b38f80fbfea29dfc82c8482ea3ee8d43923c651,4,675,dcfc44b984b1f43fc2e85d6eab4f17ba788ce8fa34d30fbee340a1856d3595a1
R1I03_boll_reentry_32_z2,bollinger_reentry_reversion,d53e4386fc53a9b43883d8144b38f80fbfea29dfc82c8482ea3ee8d43923c651,6,675,4d0549767dd2622fd2ef7d3d3f4f8405a5ca3c705990da23e5f4574186c5370b
R1I03_boll_reentry_32_z2,bollinger_reentry_reversion,d53e4386fc53a9b43883d8144b38f80fbfea29dfc82c8482ea3ee8d43923c651,8,674,1c8030bfc5f87400661dfc420069bd524f574f42cc69ff03abd98d7c72aaf438
R1I03_boll_reentry_32_z2,bollinger_reentry_reversion,d53e4386fc53a9b43883d8144b38f80fbfea29dfc82c8482ea3ee8d43923c651,12,674,d02944f3c68bd1bc6cc949346574771f1031f303acb95a0a69bd03b0be4c3fee
R1I03_boll_reentry_32_z2,bollinger_reentry_reversion,d53e4386fc53a9b43883d8144b38f80fbfea29dfc82c8482ea3ee8d43923c651,16,674,f8c997011798adddf958f06ff07d13a36b2b52a5d931be983b717424eb70ab41
R1I03_boll_reentry_32_z2,bollinger_reentry_reversion,d53e4386fc53a9b43883d8144b38f80fbfea29dfc82c8482ea3ee8d43923c651,24,674,bac20aa6034f6a6c735bb86fe5ae2603c0db918ddd556c8acdf6bc7dc555fb9c
R1I03_boll_reentry_32_z2,bollinger_reentry_reversion,d53e4386fc53a9b43883d8144b38f80fbfea29dfc82c8482ea3ee8d43923c651,32,668,1c83be1be1856606fe1480d288325039f176cce2ef58b7cdda6c96a459688f94
R1I03_boll_reentry_32_z2,bollinger_reentry_reversion,d53e4386fc53a9b43883d8144b38f80fbfea29dfc82c8482ea3ee8d43923c651,48,662,bde37248f2c25e5740b024b39b6858418332a3b2357014d49234e6723fea99d8
R1I04_boll_reentry_48_z2,bollinger_reentry_reversion,d18e6bc755c7b28ff002559b5f0257d13dc6475cdb06ae6a1f6b00301fbed391,1,544,8f55311cddcf66b147c01e55f53fc161448e1f6ee643ecc2a64c7c3edcd95ec6
R1I04_boll_reentry_48_z2,bollinger_reentry_reversion,d18e6bc755c7b28ff002559b5f0257d13dc6475cdb06ae6a1f6b00301fbed391,2,544,ecbe29a67cfb11c74afd474b25863817063ad6a06bcd9f3ba00c092954194517
R1I04_boll_reentry_48_z2,bollinger_reentry_reversion,d18e6bc755c7b28ff002559b5f0257d13dc6475cdb06ae6a1f6b00301fbed391,3,544,06ab1ede3340d86c93dd0ea9a5492dcddfeb44e0cc6aa00bfe70b86a3f050515
R1I04_boll_reentry_48_z2,bollinger_reentry_reversion,d18e6bc755c7b28ff002559b5f0257d13dc6475cdb06ae6a1f6b00301fbed391,4,544,0a8fa8f73bbe7d7825701d447412f6baf319842f365271a4b13f450087ecf422
R1I04_boll_reentry_48_z2,bollinger_reentry_reversion,d18e6bc755c7b28ff002559b5f0257d13dc6475cdb06ae6a1f6b00301fbed391,6,544,c51e5d433e14bb96150f9651706f3eca7dfc8a3ed752f15aa9615194d8625fe9
R1I04_boll_reentry_48_z2,bollinger_reentry_reversion,d18e6bc755c7b28ff002559b5f0257d13dc6475cdb06ae6a1f6b00301fbed391,8,544,0880368706e05baac0d3fbf2b666a75828a0dee59fc6f27f31735f17dc1c12f2
R1I04_boll_reentry_48_z2,bollinger_reentry_reversion,d18e6bc755c7b28ff002559b5f0257d13dc6475cdb06ae6a1f6b00301fbed391,12,544,5b3d96f217180f20ac184a25851ba57a9633613024160a469999a4a0b40d8030
R1I04_boll_reentry_48_z2,bollinger_reentry_reversion,d18e6bc755c7b28ff002559b5f0257d13dc6475cdb06ae6a1f6b00301fbed391,16,544,fd15d0c84194d7640b493774dd08fb9750e0ea53a209fb694ed1bdafb030a065
R1I04_boll_reentry_48_z2,bollinger_reentry_reversion,d18e6bc755c7b28ff002559b5f0257d13dc6475cdb06ae6a1f6b00301fbed391,24,544,31402c0ff0fd1872a69dc3e030b3dc9c87f062406a2f776aac79643cc18b4da7
R1I04_boll_reentry_48_z2,bollinger_reentry_reversion,d18e6bc755c7b28ff002559b5f0257d13dc6475cdb06ae6a1f6b00301fbed391,32,538,74d94cb5e7c9003ff9280eaeee95202738222c38035c785fdb09f78dca78bebb
R1I04_boll_reentry_48_z2,bollinger_reentry_reversion,d18e6bc755c7b28ff002559b5f0257d13dc6475cdb06ae6a1f6b00301fbed391,48,534,d8e99affdc5d097bc52f10e6bfba965baf0e3b1dc5c69134fc183c6382b2c7ca
R1I05_boll_reentry_64_z225,bollinger_reentry_reversion,0960cc1c912a5fc793e2a6f8adf301e5a174897f52bbc77e78cf19fe0de056b6,1,338,e55adcbe276a029d959d81cdc852093d8b7b09f2b0b963f6dc3d1a62ed0b7de3
R1I05_boll_reentry_64_z225,bollinger_reentry_reversion,0960cc1c912a5fc793e2a6f8adf301e5a174897f52bbc77e78cf19fe0de056b6,2,338,5969bc33f8c12e88acd7d948c06f8cf95c1396d462e8c8f418ff68ca3d0c8835
R1I05_boll_reentry_64_z225,bollinger_reentry_reversion,0960cc1c912a5fc793e2a6f8adf301e5a174897f52bbc77e78cf19fe0de056b6,3,338,a6dab711c3cc248c962e0e59e84dcf5da7efdc9078c162c5c627a5e02cbd1833
R1I05_boll_reentry_64_z225,bollinger_reentry_reversion,0960cc1c912a5fc793e2a6f8adf301e5a174897f52bbc77e78cf19fe0de056b6,4,338,ee35f67e754bfb975e5873fbc322d9549edb1da9b1574fd48beb59e3e8131e81
R1I05_boll_reentry_64_z225,bollinger_reentry_reversion,0960cc1c912a5fc793e2a6f8adf301e5a174897f52bbc77e78cf19fe0de056b6,6,338,1ec213bb25aab26eb0abd2b6ab9c3f3d906bb2609783f62bc85944fca31619f8
R1I05_boll_reentry_64_z225,bollinger_reentry_reversion,0960cc1c912a5fc793e2a6f8adf301e5a174897f52bbc77e78cf19fe0de056b6,8,338,974527c18b8513a9d37bc14da34d39adc830b7b8931faa1bb3629e31910d2b74
R1I05_boll_reentry_64_z225,bollinger_reentry_reversion,0960cc1c912a5fc793e2a6f8adf301e5a174897f52bbc77e78cf19fe0de056b6,12,338,22060bd3163cd9b74a5081ca580452a699013fd3b14b43ced544f379ff910f17
R1I05_boll_reentry_64_z225,bollinger_reentry_reversion,0960cc1c912a5fc793e2a6f8adf301e5a174897f52bbc77e78cf19fe0de056b6,16,338,c1778b4029f1ff793db3df6b0a7c5fdd08762b9adb8ffe850962118dad9a09d5
R1I05_boll_reentry_64_z225,bollinger_reentry_reversion,0960cc1c912a5fc793e2a6f8adf301e5a174897f52bbc77e78cf19fe0de056b6,24,338,39b7c5a66b41dcdc0a9a67a704755d6b209fbb69a813712451802e5c95033157
R1I05_boll_reentry_64_z225,bollinger_reentry_reversion,0960cc1c912a5fc793e2a6f8adf301e5a174897f52bbc77e78cf19fe0de056b6,32,334,7eb7b5e003170cba3f17f1226d29bce67b73a1d20d2747bb914fb931cb196835
R1I05_boll_reentry_64_z225,bollinger_reentry_reversion,0960cc1c912a5fc793e2a6f8adf301e5a174897f52bbc77e78cf19fe0de056b6,48,329,23f213cbdcffbc582285a863045a07758016a1836edc7605490a6e8ccc842f7d
R1J01_shockrev_1_x15,return_shock_reversal,1e394077ccbd99f2be76b7f430b03d91032f20bea5ab8ad6fbefd076397b966c,1,210,0ae9ad319994ffaf289aabc20f9a4d8399891f890de1c8ffe6eff561b64f8757
R1J01_shockrev_1_x15,return_shock_reversal,1e394077ccbd99f2be76b7f430b03d91032f20bea5ab8ad6fbefd076397b966c,2,210,2c10ece62e3776a3c83f8229fc6f69c05d44b67db2de3eda5b02c44f46822680
R1J01_shockrev_1_x15,return_shock_reversal,1e394077ccbd99f2be76b7f430b03d91032f20bea5ab8ad6fbefd076397b966c,3,210,42237239ea9164987b0bb5f6c597820ab7b7cbc497cc1abc3d18248c3316d7e3
R1J01_shockrev_1_x15,return_shock_reversal,1e394077ccbd99f2be76b7f430b03d91032f20bea5ab8ad6fbefd076397b966c,4,210,60d1e94e249aff052fb6777be6d5b06527c7703b01782e6c8081998cb9410622
R1J01_shockrev_1_x15,return_shock_reversal,1e394077ccbd99f2be76b7f430b03d91032f20bea5ab8ad6fbefd076397b966c,6,210,b807f083e88278c0a293b4cc652d4dd0c1963e7b4e16524e6ce4c344266055dc
R1J01_shockrev_1_x15,return_shock_reversal,1e394077ccbd99f2be76b7f430b03d91032f20bea5ab8ad6fbefd076397b966c,8,210,0b5035dd27ce7a0fae81b254659c75200dce66fd0e4971a6c395bb991c0394c6
R1J01_shockrev_1_x15,return_shock_reversal,1e394077ccbd99f2be76b7f430b03d91032f20bea5ab8ad6fbefd076397b966c,12,210,3541dd37536620fd32886c24170e76d0b5a65f8630b27b00d160a5fea13520ab
R1J01_shockrev_1_x15,return_shock_reversal,1e394077ccbd99f2be76b7f430b03d91032f20bea5ab8ad6fbefd076397b966c,16,210,b044f8de6fa888509cb1640a6975c6f4fdb944e2f7090f2980ab429acf6d6e4e
R1J01_shockrev_1_x15,return_shock_reversal,1e394077ccbd99f2be76b7f430b03d91032f20bea5ab8ad6fbefd076397b966c,24,210,afb13e58fe722a942e8c8c83b9cd0be64888a6318ec412e8813028fc0887c8e8
R1J01_shockrev_1_x15,return_shock_reversal,1e394077ccbd99f2be76b7f430b03d91032f20bea5ab8ad6fbefd076397b966c,32,209,447f14a64bc75a77b9930b6f49181054c3ef54338e7e45c42ea2087f8398763c
R1J01_shockrev_1_x15,return_shock_reversal,1e394077ccbd99f2be76b7f430b03d91032f20bea5ab8ad6fbefd076397b966c,48,209,c282fe0591ecc6f3289f0c54fbee5c3ee84c596e070bb3385fc006cca4ce517a
R1J02_shockrev_2_x15,return_shock_reversal,d27511da469608e0d7a00aa2f9d0ff80cc4a942f8c9902929d15dc4c2df6b536,1,522,f3e791b529c7037c88ff3f932a61573e16de8e2a32f4233782bee711486e64ff
R1J02_shockrev_2_x15,return_shock_reversal,d27511da469608e0d7a00aa2f9d0ff80cc4a942f8c9902929d15dc4c2df6b536,2,522,157ab6bc811fa379ad4c5cac54d2baa9ea436564993f30cac8f48e724a39ae63
R1J02_shockrev_2_x15,return_shock_reversal,d27511da469608e0d7a00aa2f9d0ff80cc4a942f8c9902929d15dc4c2df6b536,3,522,f7c6a959a5a057e5a97d5927c24c29e99ccfe5cb646a32a17a7e912ddf8fcf5a
R1J02_shockrev_2_x15,return_shock_reversal,d27511da469608e0d7a00aa2f9d0ff80cc4a942f8c9902929d15dc4c2df6b536,4,522,85db65e63228e8c8fbe7355e53efeb99785e780c8b3185356a345a0c61ae2fb8
R1J02_shockrev_2_x15,return_shock_reversal,d27511da469608e0d7a00aa2f9d0ff80cc4a942f8c9902929d15dc4c2df6b536,6,522,53a26b7fba6bfde555af608e7ba34a6dbada49a21393d328c5ee0d9b9bbc479d
R1J02_shockrev_2_x15,return_shock_reversal,d27511da469608e0d7a00aa2f9d0ff80cc4a942f8c9902929d15dc4c2df6b536,8,522,9980ff7de6a5cf8ffbc4d79dcdcd09507cbd2da688e178157a07d323636a766f
R1J02_shockrev_2_x15,return_shock_reversal,d27511da469608e0d7a00aa2f9d0ff80cc4a942f8c9902929d15dc4c2df6b536,12,522,139463d1203db62414bb587e7adb04ac4313375a72032fef89ba13635f1a7c21
R1J02_shockrev_2_x15,return_shock_reversal,d27511da469608e0d7a00aa2f9d0ff80cc4a942f8c9902929d15dc4c2df6b536,16,522,318ed5add38f25240eb02af489c5bfa3f340e9bb5214fcbffc98d4888eea90a0
R1J02_shockrev_2_x15,return_shock_reversal,d27511da469608e0d7a00aa2f9d0ff80cc4a942f8c9902929d15dc4c2df6b536,24,522,4b6ad9617c900afb566adef51435f3589d333295bf9ba2f05375ef8366631322
R1J02_shockrev_2_x15,return_shock_reversal,d27511da469608e0d7a00aa2f9d0ff80cc4a942f8c9902929d15dc4c2df6b536,32,519,6892395db46357052d881866c07b0420e031b6e841bfe9ce2b2cd70deca479ad
R1J02_shockrev_2_x15,return_shock_reversal,d27511da469608e0d7a00aa2f9d0ff80cc4a942f8c9902929d15dc4c2df6b536,48,515,b5bd914159d89b1070ed91ab48268eeed74cf375d74a4dfcc3ea3bb1c95a695c
R1J03_shockrev_4_x15,return_shock_reversal,93a643c601fb56d8094588d62490f9d3767e176c52c25599d282a9cf40fd75b2,1,940,b107cc5e79214cab97c322120fcf72938a87858253e0102b55583d0828c605e9
R1J03_shockrev_4_x15,return_shock_reversal,93a643c601fb56d8094588d62490f9d3767e176c52c25599d282a9cf40fd75b2,2,940,32cecdb012d9310c9ac814258fbd5c31efaf1098da7904d1fdbc03e766e070a6
R1J03_shockrev_4_x15,return_shock_reversal,93a643c601fb56d8094588d62490f9d3767e176c52c25599d282a9cf40fd75b2,3,940,87ed014b56dc5c96352857e2194ae5a22a4cf68d9d6ebcca0bd0534e67ef650c
R1J03_shockrev_4_x15,return_shock_reversal,93a643c601fb56d8094588d62490f9d3767e176c52c25599d282a9cf40fd75b2,4,940,b7e3d6ce8d82e6406abaedff3963fe32e4dbf6d10eea244a174f14ee236736b6
R1J03_shockrev_4_x15,return_shock_reversal,93a643c601fb56d8094588d62490f9d3767e176c52c25599d282a9cf40fd75b2,6,940,f20d2f62ecb75b3ec60eeeb668592eaccbd6d2f66c538f6162d56862f2e92efe
R1J03_shockrev_4_x15,return_shock_reversal,93a643c601fb56d8094588d62490f9d3767e176c52c25599d282a9cf40fd75b2,8,939,23e4f18dc1e32bfdde26bc3973454bc1ace0c47f7f37a2a2d28f558683d9bdf0
R1J03_shockrev_4_x15,return_shock_reversal,93a643c601fb56d8094588d62490f9d3767e176c52c25599d282a9cf40fd75b2,12,939,fede8e9bab7b52ea0e2c2e6891c36bd5e820fb41d291c766a14bee0ca84efcfc
R1J03_shockrev_4_x15,return_shock_reversal,93a643c601fb56d8094588d62490f9d3767e176c52c25599d282a9cf40fd75b2,16,939,3dadcb2718ccc8f402f96bac37fd72eb215ebea9ce87d04198f5f86ec90a7b06
R1J03_shockrev_4_x15,return_shock_reversal,93a643c601fb56d8094588d62490f9d3767e176c52c25599d282a9cf40fd75b2,24,939,18b8e8d37f11c0a6b23d1995b0e618d12053c1cb736d9d06ffaecc321c69d039
R1J03_shockrev_4_x15,return_shock_reversal,93a643c601fb56d8094588d62490f9d3767e176c52c25599d282a9cf40fd75b2,32,932,7a0bcde48781f550bd9786f7196527d7596cf95d65070d5c9627a47b876f2ed0
R1J03_shockrev_4_x15,return_shock_reversal,93a643c601fb56d8094588d62490f9d3767e176c52c25599d282a9cf40fd75b2,48,924,17c67d30aa6a7dc1a77bdf9d8f5400e45ef1a233159a74a1f1c735205e09feae
R1J04_shockrev_4_x2,return_shock_reversal,268e14aa85a3ba2af085a411e9eff228c81dfb8b140b3388dee5ff26081fe327,1,562,a8ac87756d6de710d7ca2112b6c3b885f2ca6f1a2894104b12b5404b50156b78
R1J04_shockrev_4_x2,return_shock_reversal,268e14aa85a3ba2af085a411e9eff228c81dfb8b140b3388dee5ff26081fe327,2,562,8e4abbc40b5f48984edadf87308eeba146f96eda9fd6c46417767799ec0fa94e
R1J04_shockrev_4_x2,return_shock_reversal,268e14aa85a3ba2af085a411e9eff228c81dfb8b140b3388dee5ff26081fe327,3,562,0a372d67c833b0f53e6810c9492bba3274a52661dd4ec5475249be816b05d9cc
R1J04_shockrev_4_x2,return_shock_reversal,268e14aa85a3ba2af085a411e9eff228c81dfb8b140b3388dee5ff26081fe327,4,562,a36115ede62a792950e5877718fd5b33994be9800e348537c2be00a71af0c770
R1J04_shockrev_4_x2,return_shock_reversal,268e14aa85a3ba2af085a411e9eff228c81dfb8b140b3388dee5ff26081fe327,6,562,b9ffd35846e4224b3720666b7167d55a33fc45db26312c9e90d0cebc45466a61
R1J04_shockrev_4_x2,return_shock_reversal,268e14aa85a3ba2af085a411e9eff228c81dfb8b140b3388dee5ff26081fe327,8,562,47beddece1afc4d7ba5f0c38f5cc37c1cebd05411b6ec7d6dbdfd14c98af6a57
R1J04_shockrev_4_x2,return_shock_reversal,268e14aa85a3ba2af085a411e9eff228c81dfb8b140b3388dee5ff26081fe327,12,562,b9e3ad49110afd8841dfd2bf41ef03e5fbe02e84012ddf3b1fa205e57a671093
R1J04_shockrev_4_x2,return_shock_reversal,268e14aa85a3ba2af085a411e9eff228c81dfb8b140b3388dee5ff26081fe327,16,562,e0865cc51bdd27ad0da8fe5f70b16fb356eb0fdc4de5676e1db0d707626fbbba
R1J04_shockrev_4_x2,return_shock_reversal,268e14aa85a3ba2af085a411e9eff228c81dfb8b140b3388dee5ff26081fe327,24,562,0472e621460b7dd753139de92a21e5ebce4f802b3e560838bba6021027d729c0
R1J04_shockrev_4_x2,return_shock_reversal,268e14aa85a3ba2af085a411e9eff228c81dfb8b140b3388dee5ff26081fe327,32,555,0108a0328700fa9fa798c57a3f10253e03a2430345dc10ea75380d507ed1cc71
R1J04_shockrev_4_x2,return_shock_reversal,268e14aa85a3ba2af085a411e9eff228c81dfb8b140b3388dee5ff26081fe327,48,550,6cd3597308d75203a9abdf5c75fa64b1d841d8a1629ff86e74f03ee78ca0f9aa
R1J05_shockrev_8_x2,return_shock_reversal,a13f0781f1a42f9717fc4382b54a0f11dcde2d532c27fb9d8e566eaff368622b,1,1039,ade2a4e41ad951f1ba8124b78a7dc6ed85a43673c96d470c72a64bc0d20370d2
R1J05_shockrev_8_x2,return_shock_reversal,a13f0781f1a42f9717fc4382b54a0f11dcde2d532c27fb9d8e566eaff368622b,2,1039,94e6ba91458f3be30b6212af1d71f9a7abbb02f35c1f0e4b92e76279b95914fc
R1J05_shockrev_8_x2,return_shock_reversal,a13f0781f1a42f9717fc4382b54a0f11dcde2d532c27fb9d8e566eaff368622b,3,1039,cb62ae23d5e23ded5ff4d53177efa1ab0dde636acd2851838c0940b9ac8fe6bf
R1J05_shockrev_8_x2,return_shock_reversal,a13f0781f1a42f9717fc4382b54a0f11dcde2d532c27fb9d8e566eaff368622b,4,1039,fad08e5684b089d2a2a3969c5acf8e1d4eb27d961c8968118a5163b0e9f5262a
R1J05_shockrev_8_x2,return_shock_reversal,a13f0781f1a42f9717fc4382b54a0f11dcde2d532c27fb9d8e566eaff368622b,6,1039,da8449f7f1c097c2630d2235292fa587140de7f63c2bb03904cc32b4c8587d68
R1J05_shockrev_8_x2,return_shock_reversal,a13f0781f1a42f9717fc4382b54a0f11dcde2d532c27fb9d8e566eaff368622b,8,1037,a36ffb42796bfb27559062d51fd9af7e371b585134c39bb7879e6299ff4caa18
R1J05_shockrev_8_x2,return_shock_reversal,a13f0781f1a42f9717fc4382b54a0f11dcde2d532c27fb9d8e566eaff368622b,12,1037,01e0d2cfe8f6e8f40f8dae85aaa2ce1086e4a52f9cf7254cc667a9d86cd2c464
R1J05_shockrev_8_x2,return_shock_reversal,a13f0781f1a42f9717fc4382b54a0f11dcde2d532c27fb9d8e566eaff368622b,16,1037,cc2a233832d819b9a3d7fad7de4b17105c46299959a01be30342aaa357919145
R1J05_shockrev_8_x2,return_shock_reversal,a13f0781f1a42f9717fc4382b54a0f11dcde2d532c27fb9d8e566eaff368622b,24,1034,2d01b4d991125f358025decde2dbc764ff52a94400836b01d4721740c2d51e66
R1J05_shockrev_8_x2,return_shock_reversal,a13f0781f1a42f9717fc4382b54a0f11dcde2d532c27fb9d8e566eaff368622b,32,1028,557dc2bd01bdc3f3e32e5a965a673becef95d46ec5ae1ab1915a80ca89db54ed
R1J05_shockrev_8_x2,return_shock_reversal,a13f0781f1a42f9717fc4382b54a0f11dcde2d532c27fb9d8e566eaff368622b,48,1018,4f5ab35460032f806fe36c822f96a35956593231c22fb47d989af79a374f1f85
R1K01_asia_to_london_cont,session_handoff,d966e56b90a6e0d8bb6913e9777f25a6141d84bdbebe31031e174a1440666275,1,31,fc5848a3ac774083b4a21c715f4b60cf18cc5eeaac1578e61ca945de174f21de
R1K01_asia_to_london_cont,session_handoff,d966e56b90a6e0d8bb6913e9777f25a6141d84bdbebe31031e174a1440666275,2,31,bdea2f6ff731cc1f0e946f2b51b850f71eda1f6e4a2e9262f82dc0924110cf8c
R1K01_asia_to_london_cont,session_handoff,d966e56b90a6e0d8bb6913e9777f25a6141d84bdbebe31031e174a1440666275,3,31,36886d4deb80699193e7ea629950d7d589e5f8fafc02196c891ef95a7f81a9ca
R1K01_asia_to_london_cont,session_handoff,d966e56b90a6e0d8bb6913e9777f25a6141d84bdbebe31031e174a1440666275,4,31,aefbea7855d3cdeac17a2ec06e6bda9be9f66f31338027957a3c047b68493bc3
R1K01_asia_to_london_cont,session_handoff,d966e56b90a6e0d8bb6913e9777f25a6141d84bdbebe31031e174a1440666275,6,31,63c9c4fbee6d4d44f8086338efe4ea86fd0e0e46b648724bd29711feb5753503
R1K01_asia_to_london_cont,session_handoff,d966e56b90a6e0d8bb6913e9777f25a6141d84bdbebe31031e174a1440666275,8,31,592a3cb9ec37003cd4c0df1bdce8053558000c51b0c79d36bebaefbe4a288840
R1K01_asia_to_london_cont,session_handoff,d966e56b90a6e0d8bb6913e9777f25a6141d84bdbebe31031e174a1440666275,12,31,37d4d1573fd2c90558641381b2758618f35f69491efb49384edfc5e2fb32055e
R1K01_asia_to_london_cont,session_handoff,d966e56b90a6e0d8bb6913e9777f25a6141d84bdbebe31031e174a1440666275,16,31,6336e11bc320df425c1d46322ba33b034d50f0b23124d00a85fd479eec110755
R1K01_asia_to_london_cont,session_handoff,d966e56b90a6e0d8bb6913e9777f25a6141d84bdbebe31031e174a1440666275,24,31,950708af9c1047d5beb6c6c9a377bad60129a7399a5624969bf4b149036178b0
R1K01_asia_to_london_cont,session_handoff,d966e56b90a6e0d8bb6913e9777f25a6141d84bdbebe31031e174a1440666275,32,31,29b431cf88a235952176f556959adf64987994d87f46a8e97d8e364109f8b436
R1K01_asia_to_london_cont,session_handoff,d966e56b90a6e0d8bb6913e9777f25a6141d84bdbebe31031e174a1440666275,48,31,93a2759020c02ab286ef0e2a880b7eb380badf032200e224f50fd40365126d5f
R1K02_asia_to_london_rev,session_handoff,f8cde777dfb0945e8ade838073d92a65106ea384ad6918e1965e397ea22e90f1,1,20,af1016e87709ebf2936dd2f7b0c33261754dc63c3a9712cde05e05d0021ca912
R1K02_asia_to_london_rev,session_handoff,f8cde777dfb0945e8ade838073d92a65106ea384ad6918e1965e397ea22e90f1,2,20,52c9531d0c2ed7e2db914bad09bee4ced9d4cd0861b91e3f99ba3cfa51332b98
R1K02_asia_to_london_rev,session_handoff,f8cde777dfb0945e8ade838073d92a65106ea384ad6918e1965e397ea22e90f1,3,20,9ce41903640884157252724d89b13c6fe8aee61365d70fa03f5b1907cde1136d
R1K02_asia_to_london_rev,session_handoff,f8cde777dfb0945e8ade838073d92a65106ea384ad6918e1965e397ea22e90f1,4,20,7e68450f0836ecb139b8834a966061d8967b75560c8739c9f541c75547e23c58
R1K02_asia_to_london_rev,session_handoff,f8cde777dfb0945e8ade838073d92a65106ea384ad6918e1965e397ea22e90f1,6,20,1a09ce03ee5c04f0d188e12e03e54249bbb535dff33c90e317706d033dc32904
R1K02_asia_to_london_rev,session_handoff,f8cde777dfb0945e8ade838073d92a65106ea384ad6918e1965e397ea22e90f1,8,20,11ee245f5fb7fbe1a9fafa4c59ade79d9df2e45498e25f656967af39bc092aed
R1K02_asia_to_london_rev,session_handoff,f8cde777dfb0945e8ade838073d92a65106ea384ad6918e1965e397ea22e90f1,12,20,e184c0dbafc6e7b5b04a94cefaa75bdcb7b2db5897ee77068dda239684003b7f
R1K02_asia_to_london_rev,session_handoff,f8cde777dfb0945e8ade838073d92a65106ea384ad6918e1965e397ea22e90f1,16,20,e004a50bd009ba7131bc4889966dea0baff8fc16da93abaff0b4b885ff19cd8b
R1K02_asia_to_london_rev,session_handoff,f8cde777dfb0945e8ade838073d92a65106ea384ad6918e1965e397ea22e90f1,24,20,93270c02a9b8a31c111b2c4918d1b941feaf6413418ccd88c3972ad44247cb02
R1K02_asia_to_london_rev,session_handoff,f8cde777dfb0945e8ade838073d92a65106ea384ad6918e1965e397ea22e90f1,32,20,5dc89d5e7d732b245a00bfc4dd1b48cf49eea20ce66cb32fdff2b5c37e262170
R1K02_asia_to_london_rev,session_handoff,f8cde777dfb0945e8ade838073d92a65106ea384ad6918e1965e397ea22e90f1,48,20,28b2d9d52c21870247b2139130e626d0f30598bbc528ba26fec3d3469754538e
R1K03_london_to_ny_cont,session_handoff,b4c79f8a68e1fea6e2c128f95466614db5e67dcb419c615ac52bcc09cedf0448,1,25,b7ced7422152a0441a79dde54bcc1a499e0f0697c554f7edc2e496faaf8b8c58
R1K03_london_to_ny_cont,session_handoff,b4c79f8a68e1fea6e2c128f95466614db5e67dcb419c615ac52bcc09cedf0448,2,25,f0e1bd380be326592c101c64062eb8b179a67871511bbc8d3b089a222bb71943
R1K03_london_to_ny_cont,session_handoff,b4c79f8a68e1fea6e2c128f95466614db5e67dcb419c615ac52bcc09cedf0448,3,25,4518be63c5a88eef22488cad700719bfe7482f12b982dc92e498684dbbb2a8f6
R1K03_london_to_ny_cont,session_handoff,b4c79f8a68e1fea6e2c128f95466614db5e67dcb419c615ac52bcc09cedf0448,4,25,e8abb2d0c249d5f3a9afee584a5d365c4f4f9a9d39ac2c2ac65e204ad2adf8f4
R1K03_london_to_ny_cont,session_handoff,b4c79f8a68e1fea6e2c128f95466614db5e67dcb419c615ac52bcc09cedf0448,6,25,2a06fbc5535cad94803badfb6718767bcb5dbcb2e66649cc10923ba253ef23ff
R1K03_london_to_ny_cont,session_handoff,b4c79f8a68e1fea6e2c128f95466614db5e67dcb419c615ac52bcc09cedf0448,8,25,7dc3ede29dec3c5e315f2fd2adc7003fcb75a6ff9f6c0b9d176cc71d1a98c0a4
R1K03_london_to_ny_cont,session_handoff,b4c79f8a68e1fea6e2c128f95466614db5e67dcb419c615ac52bcc09cedf0448,12,25,867c4838832b848ee1303b7271c7ea285bd0cc60724abeea0e8c627cd4f5c667
R1K03_london_to_ny_cont,session_handoff,b4c79f8a68e1fea6e2c128f95466614db5e67dcb419c615ac52bcc09cedf0448,16,25,22943d4b2ab3c6ce857c41b3b36f8264215069bed0581fb4504d28e93eab565d
R1K03_london_to_ny_cont,session_handoff,b4c79f8a68e1fea6e2c128f95466614db5e67dcb419c615ac52bcc09cedf0448,24,25,be803d9032b3e841863e69f172f293fdd125784145df37ee4c36f6ee410b6100
R1K03_london_to_ny_cont,session_handoff,b4c79f8a68e1fea6e2c128f95466614db5e67dcb419c615ac52bcc09cedf0448,32,24,8e275181371f43add9d4b103a9bcc817b80efcc4bfec9850128b2c68db845f01
R1K03_london_to_ny_cont,session_handoff,b4c79f8a68e1fea6e2c128f95466614db5e67dcb419c615ac52bcc09cedf0448,48,24,0b7645c681750beda13b7d4de48e63a4ab6cbd2313a31752b9af49bebda293ff
R1K04_london_to_ny_rev,session_handoff,72e054a3355caa2821d70d47dfb9d8f34b6bcdb1c8b809e83ff4e202651c4c68,1,26,28fe52661395848b98d40b49476570f96d22bd716bf6a30229296b6a0bf1986c
R1K04_london_to_ny_rev,session_handoff,72e054a3355caa2821d70d47dfb9d8f34b6bcdb1c8b809e83ff4e202651c4c68,2,26,78bf20c1898919be0a01c2f57b25a543a9b22ac077c2f0bd6d826ad781921bf6
R1K04_london_to_ny_rev,session_handoff,72e054a3355caa2821d70d47dfb9d8f34b6bcdb1c8b809e83ff4e202651c4c68,3,26,e6ec5da8a1e39f347efa52260eb8726f7d75e5d30d7d5656b510fbece76b5b28
R1K04_london_to_ny_rev,session_handoff,72e054a3355caa2821d70d47dfb9d8f34b6bcdb1c8b809e83ff4e202651c4c68,4,26,7f77d76a41addfad06354f294dbe3aa98741835783902939c4fe89e809fca642
R1K04_london_to_ny_rev,session_handoff,72e054a3355caa2821d70d47dfb9d8f34b6bcdb1c8b809e83ff4e202651c4c68,6,26,3054d995c223311c336ec185b03148a547021333483db887bb4df187b4718dba
R1K04_london_to_ny_rev,session_handoff,72e054a3355caa2821d70d47dfb9d8f34b6bcdb1c8b809e83ff4e202651c4c68,8,26,3f9205040a95a3afbf71d4d67e1959de89089a0adc41a44e56bf31ebf61781ea
R1K04_london_to_ny_rev,session_handoff,72e054a3355caa2821d70d47dfb9d8f34b6bcdb1c8b809e83ff4e202651c4c68,12,26,fd73ef91107723c13a690f92110405ff6ec9bdfdcce2798c66d48e582a8eae67
R1K04_london_to_ny_rev,session_handoff,72e054a3355caa2821d70d47dfb9d8f34b6bcdb1c8b809e83ff4e202651c4c68,16,26,94d5b44f5a1dbe1b28083579befbf4159605715b3d9333f34ff01f422ee16009
R1K04_london_to_ny_rev,session_handoff,72e054a3355caa2821d70d47dfb9d8f34b6bcdb1c8b809e83ff4e202651c4c68,24,26,a974e3e48114828f0a905636a0a6d2ecb778522616a6cf5b877c8b4cd4fe9875
R1K04_london_to_ny_rev,session_handoff,72e054a3355caa2821d70d47dfb9d8f34b6bcdb1c8b809e83ff4e202651c4c68,32,26,ad1e4640272a4c374d881d4108a80c18cf4fec86924d933a133c4a6cda631a13
R1K04_london_to_ny_rev,session_handoff,72e054a3355caa2821d70d47dfb9d8f34b6bcdb1c8b809e83ff4e202651c4c68,48,26,b5befd2ffdf6a9a5210fd6eb1834f96ff6c3a65ae60ea9c47d57f49bb6b22a72
R1L01_filter_atr05,atr_filter_directional_change,2831dc1bd921fbc488b5699dd049d16929fc40038071804937d68a2db409304b,1,2544,b66f51ee702e8ee01aef5aa26546fa0d03e8e602817394a7cb0a1f302964e8f3
R1L01_filter_atr05,atr_filter_directional_change,2831dc1bd921fbc488b5699dd049d16929fc40038071804937d68a2db409304b,2,2544,377ba0605dac919b9a37954e93af30d845c7a3c3f96a2048d65525dd18d69143
R1L01_filter_atr05,atr_filter_directional_change,2831dc1bd921fbc488b5699dd049d16929fc40038071804937d68a2db409304b,3,2544,491b2fbe89f6b7320f2198f873b91c4f4ad880d2db6bc50d6e2beae63fdff654
R1L01_filter_atr05,atr_filter_directional_change,2831dc1bd921fbc488b5699dd049d16929fc40038071804937d68a2db409304b,4,2544,9950d5b2ad5957d440f37d468fb21e1acea987764f4f3de89e21b2d2dbad2744
R1L01_filter_atr05,atr_filter_directional_change,2831dc1bd921fbc488b5699dd049d16929fc40038071804937d68a2db409304b,6,2544,2f18ac5ecda16d08138d315a0ddb16928c8ce25a8a0395a9dd5a3e8e1fedf197
R1L01_filter_atr05,atr_filter_directional_change,2831dc1bd921fbc488b5699dd049d16929fc40038071804937d68a2db409304b,8,2543,540506034778e3266c88bebbaa898a817000082dbb5eeea21fd44897e7b339b4
R1L01_filter_atr05,atr_filter_directional_change,2831dc1bd921fbc488b5699dd049d16929fc40038071804937d68a2db409304b,12,2542,f65fc048c9fb63f0517ffaa3fc20a959ae4083fb3f99c620774320ffeb4006fa
R1L01_filter_atr05,atr_filter_directional_change,2831dc1bd921fbc488b5699dd049d16929fc40038071804937d68a2db409304b,16,2539,771849e0db232c8378d7f1d35b9c1d7b2ce502b7529521a982edec37bdbb2bdd
R1L01_filter_atr05,atr_filter_directional_change,2831dc1bd921fbc488b5699dd049d16929fc40038071804937d68a2db409304b,24,2531,aa51806476a90e77488414842582095e6bafaa04675862384721b8073f0728b1
R1L01_filter_atr05,atr_filter_directional_change,2831dc1bd921fbc488b5699dd049d16929fc40038071804937d68a2db409304b,32,2514,a16224d97627a33d619b956cbd1dfb9e84829d023f218de845e6e04215d61d3f
R1L01_filter_atr05,atr_filter_directional_change,2831dc1bd921fbc488b5699dd049d16929fc40038071804937d68a2db409304b,48,2497,01d055a86b6a558e774a06f635769020e4edbd61a4c4afa1cd08f31da22dabc8
R1L02_filter_atr075,atr_filter_directional_change,1b6dbafcf594db890c772e665b1902e37ebdc6881ee9f4c2d2f9245c472278e0,1,1827,8c5cc23cac225461a23f697c04d8b209abdf85dca3ef3ea7151ff769632f5cb0
R1L02_filter_atr075,atr_filter_directional_change,1b6dbafcf594db890c772e665b1902e37ebdc6881ee9f4c2d2f9245c472278e0,2,1827,f74c70325d58f713d36abf75c4d8b6bc6848badf9f176e564a173653c881f037
R1L02_filter_atr075,atr_filter_directional_change,1b6dbafcf594db890c772e665b1902e37ebdc6881ee9f4c2d2f9245c472278e0,3,1827,0187bb2ef476a583c832e48a46143ce28383e9c9f9bd42c2e0bfc6c9cc982066
R1L02_filter_atr075,atr_filter_directional_change,1b6dbafcf594db890c772e665b1902e37ebdc6881ee9f4c2d2f9245c472278e0,4,1827,cdff1804f2292f8d62ab83d11a5d99cb4e35256283c2bd82c39956b9876e807c
R1L02_filter_atr075,atr_filter_directional_change,1b6dbafcf594db890c772e665b1902e37ebdc6881ee9f4c2d2f9245c472278e0,6,1827,3db55879b52509720469a14071bccbe38cf8ab79eaeef99fdbdc5bd686b08777
R1L02_filter_atr075,atr_filter_directional_change,1b6dbafcf594db890c772e665b1902e37ebdc6881ee9f4c2d2f9245c472278e0,8,1825,ee4a806a256cd62461dd2e6d95ddc3295598fc2152202479054e5a231b650015
R1L02_filter_atr075,atr_filter_directional_change,1b6dbafcf594db890c772e665b1902e37ebdc6881ee9f4c2d2f9245c472278e0,12,1824,287b4e1dd3bbf81ec8fea833cfa93d7d86ea5ccf156940374d38343cf808bca6
R1L02_filter_atr075,atr_filter_directional_change,1b6dbafcf594db890c772e665b1902e37ebdc6881ee9f4c2d2f9245c472278e0,16,1822,79c2e378f443ac0b793abcda91b2e3fd236d090c5e58ce216ac486fa9f2b0669
R1L02_filter_atr075,atr_filter_directional_change,1b6dbafcf594db890c772e665b1902e37ebdc6881ee9f4c2d2f9245c472278e0,24,1819,3026e24b3dd15a98f772a1fb64d017e9acea1c46aedd04a6b4e5c9c16e4b32e6
R1L02_filter_atr075,atr_filter_directional_change,1b6dbafcf594db890c772e665b1902e37ebdc6881ee9f4c2d2f9245c472278e0,32,1811,37508c3b76431f278ff027b5aba8012ff315a6b3e5d1eb3ab27ed93ee50a1196
R1L02_filter_atr075,atr_filter_directional_change,1b6dbafcf594db890c772e665b1902e37ebdc6881ee9f4c2d2f9245c472278e0,48,1798,943ee91591f6ab9132b65daf67fc057704e605b044baedd7276997f4aee4efb0
R1L03_filter_atr10,atr_filter_directional_change,5caf8703d5ff347869f4508c67bdd584309b6f0f0f4402c7af6fcbe8dab3a0ec,1,1374,8a487133a413d8d15b423198b8ab4a8e48c7ea1ee162940b78ab12b18f2bca82
R1L03_filter_atr10,atr_filter_directional_change,5caf8703d5ff347869f4508c67bdd584309b6f0f0f4402c7af6fcbe8dab3a0ec,2,1374,f11a131e15a47cccbb50a1ab006aa1ff586a4904c8612ab7d3010288eef041e0
R1L03_filter_atr10,atr_filter_directional_change,5caf8703d5ff347869f4508c67bdd584309b6f0f0f4402c7af6fcbe8dab3a0ec,3,1374,7021c5b0f23fb98d564065b6855aa795210c5417898eb976fa1b8567b092a5ca
R1L03_filter_atr10,atr_filter_directional_change,5caf8703d5ff347869f4508c67bdd584309b6f0f0f4402c7af6fcbe8dab3a0ec,4,1374,191cc5a742a28d94967963b11e88c0d26a7b01f61a740bf7ca1961dd83b20c79
R1L03_filter_atr10,atr_filter_directional_change,5caf8703d5ff347869f4508c67bdd584309b6f0f0f4402c7af6fcbe8dab3a0ec,6,1373,21db3bafa743d20a2956b131372d6a01cc2666a4d37a79b0f19ea39a663b269c
R1L03_filter_atr10,atr_filter_directional_change,5caf8703d5ff347869f4508c67bdd584309b6f0f0f4402c7af6fcbe8dab3a0ec,8,1373,8b49b13b32dc3332f90b20e29e16ab5598f6f9322b93de60406f2d291f9ff343
R1L03_filter_atr10,atr_filter_directional_change,5caf8703d5ff347869f4508c67bdd584309b6f0f0f4402c7af6fcbe8dab3a0ec,12,1372,fba9f23199c8a8f102fa7b00fe58bfa6feaf5956e126ddeb19499b13d55ece00
R1L03_filter_atr10,atr_filter_directional_change,5caf8703d5ff347869f4508c67bdd584309b6f0f0f4402c7af6fcbe8dab3a0ec,16,1372,4dcdda129b9b1c28fad1b8fc5fd37b654a59d77cb4ced2b3c2cdf08f5c1ac1bf
R1L03_filter_atr10,atr_filter_directional_change,5caf8703d5ff347869f4508c67bdd584309b6f0f0f4402c7af6fcbe8dab3a0ec,24,1370,c32f69d821249fde7ce3a58d2992d1987cf9d56002669dc7b89df30b0027edf2
R1L03_filter_atr10,atr_filter_directional_change,5caf8703d5ff347869f4508c67bdd584309b6f0f0f4402c7af6fcbe8dab3a0ec,32,1366,e534e1ec2dfa33f9252ae71426851710dfdd22676ee7903d823673c471652f6a
R1L03_filter_atr10,atr_filter_directional_change,5caf8703d5ff347869f4508c67bdd584309b6f0f0f4402c7af6fcbe8dab3a0ec,48,1353,f2f268fb5407dda97060deb8f002a392fb077fd6421d18f76a280ed822946e20
R1L04_filter_atr125,atr_filter_directional_change,ca5d229762381cffa3834f0ef636ece5fac14129c9f351459a170d22fb448dc0,1,1057,9018063901693185ac4fa8911e3035ad10d1274835176a19a967b8d1725ecf39
R1L04_filter_atr125,atr_filter_directional_change,ca5d229762381cffa3834f0ef636ece5fac14129c9f351459a170d22fb448dc0,2,1057,c9c3f2ad329c8db512c090cf4ff6133496c3cc9b9f08ae21b9c9f3aac9cfd156
R1L04_filter_atr125,atr_filter_directional_change,ca5d229762381cffa3834f0ef636ece5fac14129c9f351459a170d22fb448dc0,3,1057,f4ba95286da8912c72b3c324d68aa6b64ffc4d8c0d30bf1b89d4b8b221fdd1c0
R1L04_filter_atr125,atr_filter_directional_change,ca5d229762381cffa3834f0ef636ece5fac14129c9f351459a170d22fb448dc0,4,1057,8bc338bdac27fa1cf328b0cc8212d515a577771b7c1e32161c7be99986ba8408
R1L04_filter_atr125,atr_filter_directional_change,ca5d229762381cffa3834f0ef636ece5fac14129c9f351459a170d22fb448dc0,6,1057,0721234efca2f285c8f401c6c444c4663b84397c8da5913313b30f02beb03b7c
R1L04_filter_atr125,atr_filter_directional_change,ca5d229762381cffa3834f0ef636ece5fac14129c9f351459a170d22fb448dc0,8,1057,e17a1fab87a5cebf22becafa8a5c463fe97820d692222e517692294d97cbe288
R1L04_filter_atr125,atr_filter_directional_change,ca5d229762381cffa3834f0ef636ece5fac14129c9f351459a170d22fb448dc0,12,1056,dc8dc6941d363e5d9b550d6e725a829a40cfe70a34e0a365d6bf6d226977825b
R1L04_filter_atr125,atr_filter_directional_change,ca5d229762381cffa3834f0ef636ece5fac14129c9f351459a170d22fb448dc0,16,1056,fe04221adf90f3ac23edb734d8f5a4eda9ed4cf51896130e2354c8220c1c4170
R1L04_filter_atr125,atr_filter_directional_change,ca5d229762381cffa3834f0ef636ece5fac14129c9f351459a170d22fb448dc0,24,1053,2807a8f7c057a152c55870d999ae6237dae99a527558d61c44721f4490ae0424
R1L04_filter_atr125,atr_filter_directional_change,ca5d229762381cffa3834f0ef636ece5fac14129c9f351459a170d22fb448dc0,32,1051,a078f2187e7c6d45f44e33a151185e6285d210cd9e8427c0a388df2fcd53dc5d
R1L04_filter_atr125,atr_filter_directional_change,ca5d229762381cffa3834f0ef636ece5fac14129c9f351459a170d22fb448dc0,48,1043,461a88f6e3eeb04060ca0e8320afafa4b7f2b1ddd9dfda09fd7b0e4695b012a7
R1L05_filter_atr15,atr_filter_directional_change,898388236cf6c4d5e60c7cf575c78b7e45bd9a29929ecb77404e1df3756f4156,1,873,286990b7f2e01644089d242ac2f207003b451199d11251a0fdd38a64829ea9a3
R1L05_filter_atr15,atr_filter_directional_change,898388236cf6c4d5e60c7cf575c78b7e45bd9a29929ecb77404e1df3756f4156,2,873,8b14fe6b7ea6d01ede80f7559e0fa84352e6f809732ba867a01a2de506f6c27a
R1L05_filter_atr15,atr_filter_directional_change,898388236cf6c4d5e60c7cf575c78b7e45bd9a29929ecb77404e1df3756f4156,3,873,a3aa5eb66a62359d30241045de7b0119db82c6508efaeb62d31ffc7e860c28d2
R1L05_filter_atr15,atr_filter_directional_change,898388236cf6c4d5e60c7cf575c78b7e45bd9a29929ecb77404e1df3756f4156,4,873,d086a0341d0fffc4d2ed278644c863a6d15c54030fa8cee8ccfdb55fb7748a69
R1L05_filter_atr15,atr_filter_directional_change,898388236cf6c4d5e60c7cf575c78b7e45bd9a29929ecb77404e1df3756f4156,6,873,1f86d02755b89a5e72bb6c5d8b928c198bedb8910e3037b73c23561ecf1a8ae2
R1L05_filter_atr15,atr_filter_directional_change,898388236cf6c4d5e60c7cf575c78b7e45bd9a29929ecb77404e1df3756f4156,8,873,7be23586f8c4d0baee5eb7787463bb6c7ee101d8c383d5043e59fc8ede1a15e1
R1L05_filter_atr15,atr_filter_directional_change,898388236cf6c4d5e60c7cf575c78b7e45bd9a29929ecb77404e1df3756f4156,12,873,c0522347272ccb57ededc8a7573453dd8916c1df56424169652b2679d6232f2b
R1L05_filter_atr15,atr_filter_directional_change,898388236cf6c4d5e60c7cf575c78b7e45bd9a29929ecb77404e1df3756f4156,16,873,e9e5d8b5a23e745b4c3f85ee75b2e5b701ddabdf879a27e6a038ed55686b9087
R1L05_filter_atr15,atr_filter_directional_change,898388236cf6c4d5e60c7cf575c78b7e45bd9a29929ecb77404e1df3756f4156,24,870,51eac02cd2764039531558313052023c6f93efbca200b70ecba3cfe41c78a4d2
R1L05_filter_atr15,atr_filter_directional_change,898388236cf6c4d5e60c7cf575c78b7e45bd9a29929ecb77404e1df3756f4156,32,867,bf560826a20e19429b067707c54e82b0ae8abea8a04dacd097d02298d03b66fe
R1L05_filter_atr15,atr_filter_directional_change,898388236cf6c4d5e60c7cf575c78b7e45bd9a29929ecb77404e1df3756f4156,48,860,a38461422ba6b9bb459f61e4d935c764e82e287fa7d666b0bea035f81ceb6723
