candidate_id,family,definition_sha256,horizon_bars,trades,win_rate,avg_gross_pips,avg_default_net_pips,total_default_net_pips,avg_severe_net_pips,total_severe_net_pips,median_default_net_pips,avg_mfe_pips,avg_mae_pips,median_mfe_pips,median_mae_pips,avg_bars_to_mfe,avg_bars_to_mae,q05_default_net_pips,q95_default_net_pips,default_profit_factor,severe_profit_factor,total_excluding_best_utc_day,total_excluding_best_two_utc_days,positive_months,minimum_monthly_trades
R1A01_legacy_impulse_lb3_ny,impulse_breakout,6bec510204b6918a5b46e722969db1b490d4be5ad11730cb005626e4483a9115,1,391,0.462915601023,0.749488491049,0.165003837824,64.516500589230,-2.003965468625,-783.550498232328,-0.606746031747,7.493861892583,-6.595524296675,4.750000000001,-4.499999999999,0.976982097187,0.976982097187,-14.170431708226,14.864513459088,1.046106992820,0.587327608145,-96.801406782877,-184.079717055232,4,55
R1A01_legacy_impulse_lb3_ny,impulse_breakout,6bec510204b6918a5b46e722969db1b490d4be5ad11730cb005626e4483a9115,2,391,0.511508951407,1.617647058823,1.033162405599,403.966500589158,-1.135806900850,-444.100498232399,0.245691976305,10.759462915601,-9.421867007673,7.050000000004,-6.449999999998,1.475703324808,1.439897698210,-19.758967761186,21.611278722789,1.229539626920,0.798611972858,216.348593217050,82.920282944704,4,55
R1A01_legacy_impulse_lb3_ny,impulse_breakout,6bec510204b6918a5b46e722969db1b490d4be5ad11730cb005626e4483a9115,3,391,0.514066496164,1.509462915601,0.924978262377,361.666500589217,-1.243991044072,-486.400498232340,0.489514298683,13.326726342711,-11.440792838875,8.749999999998,-7.399999999998,1.989769820972,1.849104859335,-25.081432639520,27.903364816613,1.161681612343,0.818593900698,185.798593217110,42.080549589600,4,55
R1A01_legacy_impulse_lb3_ny,impulse_breakout,6bec510204b6918a5b46e722969db1b490d4be5ad11730cb005626e4483a9115,4,391,0.485933503836,1.641687979540,1.057203326315,413.366500589200,-1.111765980134,-434.700498232357,-0.282409739715,14.739769820972,-12.623273657289,9.699999999995,-8.100000000002,2.439897698210,2.225063938619,-26.124207552949,31.151740109425,1.173659723976,0.846877726940,211.348456961693,53.830549589587,3,55
R1A01_legacy_impulse_lb3_ny,impulse_breakout,6bec510204b6918a5b46e722969db1b490d4be5ad11730cb005626e4483a9115,6,391,0.524296675192,2.600383631714,2.015898978489,788.216500589226,-0.153070327960,-59.850498232331,0.491007194243,17.943094629156,-14.667135549872,11.849999999998,-9.199999999998,3.378516624041,3.030690537084,-32.950199417515,39.789954809021,1.280577360892,0.981540453489,473.398456961718,251.580549589606,4,55
R1A01_legacy_impulse_lb3_ny,impulse_breakout,6bec510204b6918a5b46e722969db1b490d4be5ad11730cb005626e4483a9115,8,391,0.531969309463,2.287979539642,1.703494886417,666.066500589213,-0.465474420032,-182.000498232344,1.391936601417,19.867135549872,-16.227109974425,12.599999999998,-10.100000000000,4.222506393862,3.815856777494,-38.645148280201,40.241381860328,1.211594156308,0.948980908251,311.148456961703,74.630549589589,4,55
R1A01_legacy_impulse_lb3_ny,impulse_breakout,6bec510204b6918a5b46e722969db1b490d4be5ad11730cb005626e4483a9115,12,391,0.485933503836,1.901406649616,1.316921996392,514.916500589192,-0.852047310057,-333.150498232365,-0.199999999999,22.113171355498,-18.739258312021,13.700000000000,-12.349999999998,5.468030690537,5.452685421995,-41.635225995053,48.912693703601,1.141019751490,0.918878177355,108.098456961682,-159.269450410425,4,55
R1A01_legacy_impulse_lb3_ny,impulse_breakout,6bec510204b6918a5b46e722969db1b490d4be5ad11730cb005626e4483a9115,16,391,0.503836317136,1.967391304348,1.382906651123,540.716500589190,-0.786062655326,-307.350498232367,0.314240903385,23.650767263427,-20.145140664962,14.650000000000,-13.600000000002,6.757033248082,6.721227621483,-42.871380577039,48.587595892948,1.148009989556,0.924979320266,158.398456961680,-169.914741559230,4,55
R1A01_legacy_impulse_lb3_ny,impulse_breakout,6bec510204b6918a5b46e722969db1b490d4be5ad11730cb005626e4483a9115,24,391,0.498721227621,0.351918158568,-0.232566494657,-90.933499410806,-2.401535801106,-939.000498232363,-0.299999999999,26.408695652174,-23.460358056266,17.099999999999,-15.049999999997,8.994884910486,9.342710997442,-46.975000000001,49.451952890494,0.979836541221,0.810460131384,-397.151406782915,-661.137757533495,3,55
R1A01_legacy_impulse_lb3_ny,impulse_breakout,6bec510204b6918a5b46e722969db1b490d4be5ad11730cb005626e4483a9115,32,384,0.486979166667,2.803255208333,2.221053370093,852.884494115789,0.056649693613,21.753482347452,-0.698734837307,33.135026041666,-25.320703125000,19.125000000001,-16.549999999998,12.078125000000,12.669270833333,-52.371803074408,61.039173191443,1.183304172352,1.004267049630,290.848143365208,-183.801272053132,4,52
R1A01_legacy_impulse_lb3_ny,impulse_breakout,6bec510204b6918a5b46e722969db1b490d4be5ad11730cb005626e4483a9115,48,371,0.458221024259,1.289083557951,0.706761049302,262.208349290895,-1.457883967998,-540.874952127179,-2.500000000001,38.979245283019,-33.084501347709,25.999999999999,-21.449999999999,21.247978436658,22.477088948787,-66.828708507714,72.750000000000,1.045269184080,0.913265579514,-151.754849230013,-466.124240709527,3,52
R1A02_impulse_lb6_med8_x1,impulse_breakout,b388fbae3bf4d437e4428ee977c7866943eb8b10d6d851ba7005c764af6eaa71,1,1570,0.436305732484,0.217038216560,-0.388855550743,-610.503214667119,-2.600643085351,-4083.009644001078,-0.849999999997,6.108980891720,-5.508184713376,3.650000000002,-3.775000000000,0.975159235669,0.978343949045,-11.471270226535,12.211423858177,0.872965908069,0.421354076047,-845.238223443170,-1005.865916612664,2,241
R1A02_impulse_lb6_med8_x1,impulse_breakout,b388fbae3bf4d437e4428ee977c7866943eb8b10d6d851ba7005c764af6eaa71,2,1570,0.455414012739,0.274777070064,-0.331116697240,-519.853214667068,-2.542904231848,-3992.359644001027,-0.806526243095,8.530891719745,-8.024363057325,5.149999999999,-5.599999999998,1.438216560510,1.491719745223,-16.882849135917,17.750554638677,0.919658885847,0.534848099057,-862.430907836565,-1198.765916612621,2,241
R1A02_impulse_lb6_med8_x1,impulse_breakout,b388fbae3bf4d437e4428ee977c7866943eb8b10d6d851ba7005c764af6eaa71,3,1570,0.463057324841,0.236624203822,-0.369269563482,-579.753214667008,-2.581057098090,-4052.259644000967,-0.805546099427,10.434713375796,-9.927547770701,6.675000000000,-6.850000000000,1.936942675159,1.977707006369,-21.232925812315,21.533087445141,0.927397935938,0.595897033532,-1003.980907836506,-1253.415916612566,3,241
R1A02_impulse_lb6_med8_x1,impulse_breakout,b388fbae3bf4d437e4428ee977c7866943eb8b10d6d851ba7005c764af6eaa71,4,1570,0.459872611465,0.514840764331,-0.091053002973,-142.953214667039,-2.302840537580,-3615.459644000999,-0.939667892978,11.992866242038,-11.423439490446,7.700000000000,-7.900000000001,2.366242038217,2.450318471338,-24.289461668547,25.063220069433,0.983730298849,0.665353623323,-634.480907836535,-910.198461019748,3,241
R1A02_impulse_lb6_med8_x1,impulse_breakout,b388fbae3bf4d437e4428ee977c7866943eb8b10d6d851ba7005c764af6eaa71,6,1570,0.468789808917,0.399426751592,-0.206467015711,-324.153214666964,-2.418254550319,-3796.659644000923,-1.141420990565,14.419140127389,-13.646719745223,9.125000000000,-9.199999999998,3.245222929936,3.359235668790,-30.293927086359,30.830822443512,0.969448423685,0.698411528797,-868.380907836470,-1216.998461019689,3,241
R1A02_impulse_lb6_med8_x1,impulse_breakout,b388fbae3bf4d437e4428ee977c7866943eb8b10d6d851ba7005c764af6eaa71,8,1569,0.463989802422,0.089483747610,-0.516477510941,-810.353214667017,-2.728400028044,-4280.859644000976,-1.302959641255,16.188846398980,-15.494104525175,10.400000000001,-10.100000000000,4.094327597196,4.244104525175,-34.017903133708,33.544525689322,0.933817084616,0.698786846780,-1323.330907836517,-1757.726169877567,3,241
R1A02_impulse_lb6_med8_x1,impulse_breakout,b388fbae3bf4d437e4428ee977c7866943eb8b10d6d851ba7005c764af6eaa71,12,1565,0.469648562300,0.251309904153,-0.352759723553,-552.068967360053,-2.560898978965,-4007.806902080112,-1.038540332907,19.609552715655,-18.888466453674,12.549999999999,-12.500000000000,5.791693290735,6.025559105431,-39.950942621215,39.021472721959,0.962081190065,0.757000224834,-1038.710331134199,-1494.855593175243,3,241
R1A02_impulse_lb6_med8_x1,impulse_breakout,b388fbae3bf4d437e4428ee977c7866943eb8b10d6d851ba7005c764af6eaa71,16,1563,0.480486244402,0.839475367882,0.236936043338,370.331035737669,-1.968142605750,-3076.206892786979,-0.964397905758,22.525495841331,-21.067562380038,14.299999999997,-14.200000000000,7.535508637236,7.692898272553,-44.438619445070,48.642015114954,1.023253828182,0.827211020138,-325.010328036479,-896.560583724172,3,241
R1A02_impulse_lb6_med8_x1,impulse_breakout,b388fbae3bf4d437e4428ee977c7866943eb8b10d6d851ba7005c764af6eaa71,24,1558,0.485879332478,0.809724005135,0.208918571051,325.495133696754,-1.992692297118,-3104.614598909704,-0.848060246461,27.980616174583,-25.636264441592,18.299999999999,-17.250000000001,11.427471116816,11.568677792041,-59.040551735300,61.788615879560,1.016351528259,0.857235916425,-503.246230077394,-1079.791492118444,2,239
R1A02_impulse_lb6_med8_x1,impulse_breakout,b388fbae3bf4d437e4428ee977c7866943eb8b10d6d851ba7005c764af6eaa71,32,1553,0.498390212492,2.606406954282,2.005431010070,3114.434358638633,-0.196520878354,-305.196924083703,-0.203745928340,34.698873148744,-30.467675466838,21.650000000002,-20.900000000000,15.649066323245,15.878943979395,-64.449555155612,78.622331182795,1.134676184451,0.987747577371,1541.839096597588,129.138840909902,3,238
R1A02_impulse_lb6_med8_x1,impulse_breakout,b388fbae3bf4d437e4428ee977c7866943eb8b10d6d851ba7005c764af6eaa71,48,1528,0.497382198953,2.956773560209,2.357795913224,3602.712155406983,0.159840619255,244.236466221070,-0.312120624209,41.436976439791,-37.722185863874,27.650000000000,-25.999999999999,22.853403141361,23.225130890052,-81.052525774767,99.271079496090,1.132500417281,1.008447802645,2195.409163578119,894.367799803976,3,234
R1A03_impulse_lb12_med12_x125,impulse_breakout,36e26515e5598753148b4dc9822bcf6015d332e58b917587fe4087fe4ee7fa75,1,978,0.436605316973,0.140899795501,-0.471648645129,-461.272374935907,-2.696745526388,-2637.417124807559,-1.009528145156,6.872648261759,-6.244069529652,4.175000000001,-4.250000000002,0.980572597137,0.976482617587,-13.302770733380,12.841632678129,0.862791560139,0.443654955358,-607.535118290123,-700.153926766384,1,145
R1A03_impulse_lb12_med12_x125,impulse_breakout,36e26515e5598753148b4dc9822bcf6015d332e58b917587fe4087fe4ee7fa75,2,978,0.460122699387,0.332055214724,-0.280493225906,-274.322374935880,-2.505590107165,-2450.467124807531,-0.806526243095,9.449948875256,-8.895092024540,5.799999999999,-6.349999999999,1.439672801636,1.487730061350,-18.073935839820,19.247138404995,0.936222481885,0.562437837813,-591.035118290098,-809.703926766366,2,145
R1A03_impulse_lb12_med12_x125,impulse_breakout,36e26515e5598753148b4dc9822bcf6015d332e58b917587fe4087fe4ee7fa75,3,978,0.451942740286,0.121114519427,-0.491433921202,-480.622374935853,-2.716530802462,-2656.767124807505,-1.220059494067,11.530112474438,-11.133231083845,7.524999999998,-7.899999999999,1.915132924335,1.978527607362,-22.573340360383,23.323557801284,0.913569767226,0.611951158645,-745.935118290073,-1007.353926766342,2,145
R1A03_impulse_lb12_med12_x125,impulse_breakout,36e26515e5598753148b4dc9822bcf6015d332e58b917587fe4087fe4ee7fa75,4,978,0.461145194274,0.597648261759,-0.014900178871,-14.572374935871,-2.239997060130,-2190.717124807523,-0.805675494556,13.263854805726,-12.700511247444,8.600000000003,-8.574999999999,2.358895705521,2.436605316973,-27.461535299480,28.120797546013,0.997574043501,0.698032245686,-314.291183412138,-573.039382280021,2,145
R1A03_impulse_lb12_med12_x125,impulse_breakout,36e26515e5598753148b4dc9822bcf6015d332e58b917587fe4087fe4ee7fa75,6,978,0.469325153374,0.342689161554,-0.269859279075,-263.922374935819,-2.494956160335,-2440.067124807470,-1.136386986301,15.798159509202,-14.974437627812,10.400000000000,-10.100000000000,3.191206543967,3.362985685072,-33.827289431820,33.487515952598,0.963637215639,0.712706052104,-634.070573803699,-953.839382279972,3,145
R1A03_impulse_lb12_med12_x125,impulse_breakout,36e26515e5598753148b4dc9822bcf6015d332e58b917587fe4087fe4ee7fa75,8,977,0.471852610031,0.229631525077,-0.383032113547,-374.222374935890,-2.608359390796,-2548.367124807542,-1.117491749176,17.609467758444,-16.774513817810,11.399999999998,-11.199999999997,4.019447287615,4.204708290686,-35.426332916146,36.653757560251,0.954125126158,0.728062573629,-807.517636976938,-1163.765835844820,3,145
R1A03_impulse_lb12_med12_x125,impulse_breakout,36e26515e5598753148b4dc9822bcf6015d332e58b917587fe4087fe4ee7fa75,12,976,0.476434426230,1.093698770492,0.480919697812,469.377625064131,-1.744638447549,-1702.767124807521,-0.644483041654,21.331352459016,-19.712295081967,13.475000000000,-13.050000000001,5.617827868852,5.855532786885,-40.832585537119,43.278475303860,1.050691979000,0.837151550077,26.882363023087,-414.752756316579,3,145
R1A03_impulse_lb12_med12_x125,impulse_breakout,36e26515e5598753148b4dc9822bcf6015d332e58b917587fe4087fe4ee7fa75,16,975,0.491282051282,1.821076923077,1.210697985438,1180.430535801576,-1.010059889841,-984.808392595302,-0.457481018314,24.346205128205,-21.752410256410,15.350000000001,-14.849999999998,7.368205128205,7.391794871795,-42.841763038211,50.440492227979,1.118460257518,0.911448330487,536.830073494416,-56.838709634569,3,144
R1A03_impulse_lb12_med12_x125,impulse_breakout,36e26515e5598753148b4dc9822bcf6015d332e58b917587fe4087fe4ee7fa75,24,972,0.482510288066,1.284567901235,0.673937061518,655.066823795403,-1.547324617915,-1503.999528613760,-0.848060246463,29.623508230453,-26.554783950617,19.000000000000,-17.825000000001,11.271604938272,11.444444444444,-57.896289053859,64.056882337811,1.050980249021,0.892675648158,-41.801959333583,-613.047221374629,3,144
R1A03_impulse_lb12_med12_x125,impulse_breakout,36e26515e5598753148b4dc9822bcf6015d332e58b917587fe4087fe4ee7fa75,32,969,0.505675954592,3.813622291022,3.202748116881,3103.462925258169,0.980999768601,950.588775774819,0.150000000002,37.257017543860,-31.393911248710,22.199999999998,-21.899999999999,15.625386996904,15.798761609907,-66.028907833839,80.682489626556,1.210934707849,1.060078348953,1517.167663217127,138.517200909968,3,144
R1A03_impulse_lb12_med12_x125,impulse_breakout,36e26515e5598753148b4dc9822bcf6015d332e58b917587fe4087fe4ee7fa75,48,949,0.510010537408,4.847787144362,4.239058481650,4022.866499085689,2.021601156225,1918.499497257099,1.043146853150,44.350210748156,-38.157165437302,28.350000000000,-26.600000000002,23.062170706006,22.859852476291,-81.692662335450,102.368319962153,1.237869448077,1.106832732633,2902.947715956709,1852.202453915667,4,142
R1A04_impulse_lb24_med16_x125,impulse_breakout,f4be49b45f562ef8b3b1eda813bbb399c2d3552dd178f44789aeb620b73835ec,1,754,0.448275862069,0.155039787798,-0.456365583171,-344.099649711149,-2.679176325110,-2020.098949133272,-1.040130151845,7.080305039788,-6.395092838196,4.550000000000,-4.375000000000,0.978779840849,0.976127320955,-13.243520330844,13.606067980251,0.867961267147,0.446242375012,-414.519724929752,-471.991595616724,2,111
R1A04_impulse_lb24_med16_x125,impulse_breakout,f4be49b45f562ef8b3b1eda813bbb399c2d3552dd178f44789aeb620b73835ec,2,754,0.473474801061,0.245092838196,-0.366312532773,-276.199649711094,-2.589123274712,-1952.198949133218,-0.439928741093,9.663063660477,-9.004376657825,6.549999999999,-6.499999999998,1.445623342175,1.470822281167,-18.177848987563,18.181874573677,0.916249200300,0.543291696039,-395.269724929695,-489.942294167352,2,111
R1A04_impulse_lb24_med16_x125,impulse_breakout,f4be49b45f562ef8b3b1eda813bbb399c2d3552dd178f44789aeb620b73835ec,3,754,0.456233421751,-0.039124668435,-0.650530039405,-490.499649711077,-2.873340781344,-2166.498949133201,-1.220059494067,11.573010610080,-11.305636604775,7.999999999998,-8.050000000001,1.920424403183,1.956233421751,-22.764754600849,23.013843832870,0.885545289834,0.587463250678,-610.419724929681,-703.989868362870,3,111
R1A04_impulse_lb24_med16_x125,impulse_breakout,f4be49b45f562ef8b3b1eda813bbb399c2d3552dd178f44789aeb620b73835ec,4,754,0.469496021220,0.058753315650,-0.552652055320,-416.699649711086,-2.775462797259,-2092.698949133210,-0.655542671614,13.143965517241,-12.950596816976,9.275000000000,-8.800000000002,2.363395225464,2.404509283820,-27.776271228928,27.139998557414,0.911812360288,0.631275081408,-546.596809464770,-661.897271771926,3,111
R1A04_impulse_lb24_med16_x125,impulse_breakout,f4be49b45f562ef8b3b1eda813bbb399c2d3552dd178f44789aeb620b73835ec,6,754,0.468169761273,-0.523076923077,-1.134482294046,-855.399649711043,-3.357293035986,-2531.398949133167,-1.347349823320,15.527519893899,-15.438196286472,10.900000000002,-10.350000000000,3.144562334218,3.355437665782,-35.269712415526,32.026362660892,0.853447354598,0.626957346437,-1016.509530826211,-1174.159993133375,4,111
R1A04_impulse_lb24_med16_x125,impulse_breakout,f4be49b45f562ef8b3b1eda813bbb399c2d3552dd178f44789aeb620b73835ec,8,753,0.470119521912,-0.841633466136,-1.453186785805,-1094.249649711125,-3.676293425144,-2768.248949133249,-1.293019413466,17.248671978752,-17.234528552457,12.049999999999,-11.400000000003,3.970783532537,4.184594953519,-36.688965038201,31.595449620802,0.831352888432,0.627417108668,-1381.726285995907,-1595.976748303062,3,111
R1A04_impulse_lb24_med16_x125,impulse_breakout,f4be49b45f562ef8b3b1eda813bbb399c2d3552dd178f44789aeb620b73835ec,12,753,0.466135458167,-0.055046480744,-0.666599800413,-501.949649711096,-2.889706439752,-2175.948949133220,-0.798451053281,20.449203187251,-20.234395750332,13.749999999999,-13.700000000000,5.498007968127,5.932270916335,-42.531229941029,43.286149227046,0.931280922291,0.735869811173,-924.450112018253,-1342.918895147237,4,111
R1A04_impulse_lb24_med16_x125,impulse_breakout,f4be49b45f562ef8b3b1eda813bbb399c2d3552dd178f44789aeb620b73835ec,16,753,0.491367861886,0.882536520584,0.270983200915,204.050350288930,-1.952123438424,-1469.948949133194,-0.313418803422,23.338911022576,-22.433598937583,15.700000000004,-15.550000000002,7.292164674635,7.451527224436,-42.215894764584,47.092381868708,1.026355580288,0.829908720063,-439.550112018231,-1033.218895147216,4,111
R1A04_impulse_lb24_med16_x125,impulse_breakout,f4be49b45f562ef8b3b1eda813bbb399c2d3552dd178f44789aeb620b73835ec,24,753,0.482071713147,0.803386454183,0.191833134514,144.450350288909,-2.031273504825,-1529.548949133214,-0.850000000000,29.569123505976,-27.754913678619,19.550000000001,-19.200000000001,11.572377158035,11.572377158035,-60.005976157870,66.064529220193,1.013799137680,0.865566398103,-552.418432840076,-1086.618895147232,4,111
R1A04_impulse_lb24_med16_x125,impulse_breakout,f4be49b45f562ef8b3b1eda813bbb399c2d3552dd178f44789aeb620b73835ec,32,751,0.517976031957,5.110785619174,4.499038811581,3378.778147497035,2.275545196393,1708.934442491389,0.972286220644,38.503794940080,-32.560852197071,22.749999999996,-22.449999999998,16.038615179760,15.597869507324,-66.133114699413,85.233036263061,1.295076412471,1.139049569189,1946.501511212258,567.851048905099,4,111
R1A04_impulse_lb24_med16_x125,impulse_breakout,f4be49b45f562ef8b3b1eda813bbb399c2d3552dd178f44789aeb620b73835ec,48,739,0.518267929635,5.708186738836,5.098650431944,3767.902669206599,2.879577818159,2128.008007619795,2.475205855444,46.225507442490,-39.383761840325,28.500000000003,-27.449999999999,23.617050067659,22.414073071719,-82.815333656004,104.541394694531,1.284906273137,1.151732528443,2647.983886077618,1777.548523857331,4,109
R1A05_impulse_lb48_med24_x15,impulse_breakout,1c5a71752aadaa97e5dce72538244e10ed7019080f5378c5fe10327e027b992b,1,469,0.458422174840,0.398081023454,-0.214634642615,-100.663647386547,-2.440065974754,-1144.390942159515,-0.915201793722,7.609914712154,-6.756823027719,4.900000000001,-4.649999999998,0.982942430704,0.972281449893,-12.864934302693,14.974604575271,0.937221241745,0.488511010228,-171.083722605150,-231.877204325770,1,67
R1A05_impulse_lb48_med24_x15,impulse_breakout,1c5a71752aadaa97e5dce72538244e10ed7019080f5378c5fe10327e027b992b,2,469,0.515991471215,1.198081023454,0.585365357385,274.536352613505,-1.640065974754,-769.190942159462,0.149999999999,10.211513859275,-9.089978678038,7.350000000000,-6.700000000001,1.458422174840,1.422174840085,-17.637707168276,20.149599377075,1.150953619562,0.678037809509,155.466277394904,69.772795674284,5,67
R1A05_impulse_lb48_med24_x15,impulse_breakout,1c5a71752aadaa97e5dce72538244e10ed7019080f5378c5fe10327e027b992b,3,469,0.486140724947,0.563432835821,-0.049282830248,-23.113647386488,-2.274714162387,-1066.840942159456,-0.560350194554,12.153198294243,-11.364925373134,8.949999999999,-8.050000000003,1.948827292111,1.852878464819,-21.868894182285,23.293154751918,0.990983840787,0.659969124697,-143.033722605092,-246.133333412211,4,67
R1A05_impulse_lb48_med24_x15,impulse_breakout,1c5a71752aadaa97e5dce72538244e10ed7019080f5378c5fe10327e027b992b,4,469,0.469083155650,0.438379530917,-0.174336135152,-81.763647386474,-2.399767467291,-1125.490942159441,-0.750917702784,13.642324093817,-13.332089552239,10.449999999997,-9.050000000002,2.360341151386,2.347547974414,-26.109171159445,27.859482439337,0.971984979685,0.678918249168,-229.513258193589,-349.356739914214,3,67
R1A05_impulse_lb48_med24_x15,impulse_breakout,1c5a71752aadaa97e5dce72538244e10ed7019080f5378c5fe10327e027b992b,6,469,0.477611940299,0.423667377399,-0.189048288671,-88.663647386476,-2.414479620809,-1132.390942159443,-0.700000000001,16.120042643923,-16.004051172708,11.199999999999,-10.800000000000,3.196162046908,3.264392324094,-33.036386720120,33.675279441625,0.974945443965,0.724842922573,-246.007129107104,-400.206739914223,3,67
R1A05_impulse_lb48_med24_x15,impulse_breakout,1c5a71752aadaa97e5dce72538244e10ed7019080f5378c5fe10327e027b992b,8,469,0.479744136461,0.344669509595,-0.268046156474,-125.713647386506,-2.493477488613,-1169.440942159474,-0.843768894861,17.981769722815,-17.825159914712,12.249999999997,-12.449999999998,4.000000000000,4.093816631130,-34.785175304072,36.972864600834,0.968179619356,0.741718472091,-384.605451219790,-600.148932940412,3,67
R1A05_impulse_lb48_med24_x15,impulse_breakout,1c5a71752aadaa97e5dce72538244e10ed7019080f5378c5fe10327e027b992b,12,469,0.484008528785,1.174946695096,0.562231029027,263.686352613491,-1.663200303112,-780.040942159476,-0.199999999999,21.412153518124,-20.586567164179,14.099999999999,-14.500000000001,5.727078891258,5.752665245203,-38.456963419294,44.302428936880,1.060316895577,0.841970636705,-111.457129107133,-448.951937026520,3,67
R1A05_impulse_lb48_med24_x15,impulse_breakout,1c5a71752aadaa97e5dce72538244e10ed7019080f5378c5fe10327e027b992b,16,469,0.513859275053,2.749466950959,2.136751284890,1002.136352613520,-0.088680047248,-41.590942159447,0.786530264279,24.634754797441,-22.955010660981,16.499999999999,-16.150000000002,7.590618336887,7.249466950959,-38.605935567295,52.325718185489,1.215913655786,0.991967985219,428.892870892893,-83.601937026493,5,67
R1A05_impulse_lb48_med24_x15,impulse_breakout,1c5a71752aadaa97e5dce72538244e10ed7019080f5378c5fe10327e027b992b,24,469,0.507462686567,2.718336886994,2.105621220924,987.536352613510,-0.119810111214,-56.190942159457,0.514063969896,31.581130063966,-28.292857142857,20.800000000000,-19.900000000001,12.049040511727,11.202558635394,-57.661175137975,65.708998747461,1.157573206369,0.991739572678,490.141544694125,35.448062973503,4,67
R1A05_impulse_lb48_med24_x15,impulse_breakout,1c5a71752aadaa97e5dce72538244e10ed7019080f5378c5fe10327e027b992b,32,468,0.549145299145,7.041132478632,6.428236366242,3008.414619401077,4.202444141460,1966.743858203427,4.731125471414,41.227029914530,-33.144230769231,26.525000000002,-22.225000000002,17.029914529915,14.799145299145,-68.129615109706,87.710529260453,1.426880453337,1.260991259855,1728.421137680454,945.079333847174,4,66
R1A05_impulse_lb48_med24_x15,impulse_breakout,1c5a71752aadaa97e5dce72538244e10ed7019080f5378c5fe10327e027b992b,48,459,0.535947712418,6.635620915033,6.022839520726,2764.483340013329,3.797276732113,1742.950020040013,3.131898539583,48.211873638344,-40.824945533769,31.150000000002,-27.700000000002,24.533769063181,21.799564270153,-82.922803659740,108.844013934550,1.335996883910,1.200067405539,1993.738532093950,1251.910251658788,3,65
R1B01_legacy_asia_00_06_breakout,session_range_breakout,96d816867f533f662767993b0f291703751bb08ed7289abc76b46e6248c4cdf1,1,110,0.481818181818,-0.020909090909,-0.594210613915,-65.363167530624,-2.740813659926,-301.489502591845,-0.203269968818,6.128181818182,-5.635454545454,3.649999999999,-4.174999999999,0.981818181818,0.963636363636,-13.198286452354,12.086327391378,0.815981653062,0.396374618918,-95.563167530623,-124.973202819551,3,16
R1B01_legacy_asia_00_06_breakout,session_range_breakout,96d816867f533f662767993b0f291703751bb08ed7289abc76b46e6248c4cdf1,2,110,0.481818181818,0.511363636364,-0.061937886642,-6.813167530613,-2.208540932653,-242.939502591834,-0.949999999999,9.136818181818,-7.837727272727,5.599999999998,-5.900000000000,1.490909090909,1.436363636364,-18.777257920174,16.709156547079,0.985286587173,0.594896325387,-49.223202819541,-80.916287812048,4,16
R1B01_legacy_asia_00_06_breakout,session_range_breakout,96d816867f533f662767993b0f291703751bb08ed7289abc76b46e6248c4cdf1,3,110,0.481818181818,0.080454545455,-0.492846977551,-54.213167530612,-2.639450023562,-290.339502591833,-0.512464772230,10.771818181818,-9.242727272727,6.474999999999,-7.175000000001,1.972727272727,1.881818181818,-21.703979158172,22.125765243822,0.906309191466,0.592965064535,-97.856252523118,-138.966287812045,4,16
R1B01_legacy_asia_00_06_breakout,session_range_breakout,96d816867f533f662767993b0f291703751bb08ed7289abc76b46e6248c4cdf1,4,110,0.418181818182,-0.457727272727,-1.031028795733,-113.413167530616,-3.177631841744,-349.539502591837,-1.589193133351,11.910909090909,-12.369545454546,7.999999999998,-8.500000000001,2.363636363636,2.481818181818,-25.465381827958,23.648424087139,0.835190680171,0.577729185265,-157.173202819543,-195.066287812052,3,16
R1B01_legacy_asia_00_06_breakout,session_range_breakout,96d816867f533f662767993b0f291703751bb08ed7289abc76b46e6248c4cdf1,6,110,0.463636363636,0.544545454546,-0.028756068460,-3.163167530591,-2.175359114471,-239.289502591812,-0.700810360890,13.713181818182,-14.085454545455,8.699999999999,-8.625000000002,3.172727272727,3.309090909091,-29.062171276079,31.019497767857,0.995346032374,0.704364704765,-48.258783878650,-87.768819167578,3,16
R1B01_legacy_asia_00_06_breakout,session_range_breakout,96d816867f533f662767993b0f291703751bb08ed7289abc76b46e6248c4cdf1,8,110,0.472727272727,0.265454545455,-0.307846977551,-33.863167530596,-2.454450023562,-269.989502591817,-0.547317436056,15.194090909091,-15.277727272727,10.199999999999,-9.350000000001,3.981818181818,4.136363636364,-30.116073508826,26.920337194037,0.954889246325,0.693896483537,-72.906252523103,-111.106252523100,4,16
R1B01_legacy_asia_00_06_breakout,session_range_breakout,96d816867f533f662767993b0f291703751bb08ed7289abc76b46e6248c4cdf1,12,110,0.472727272727,-0.992272727273,-1.565574250278,-172.213167530621,-3.712177296289,-408.339502591842,-0.161952453476,17.079545454545,-18.052727272727,11.350000000002,-11.999999999999,5.327272727273,6.145454545455,-36.156705128206,31.481979514019,0.815607855776,0.615117132146,-230.948141623885,-283.491226616390,2,16
R1B01_legacy_asia_00_06_breakout,session_range_breakout,96d816867f533f662767993b0f291703751bb08ed7289abc76b46e6248c4cdf1,16,110,0.500000000000,0.733636363636,0.160334840631,17.636832469400,-1.986268205380,-218.489502591821,0.102713469783,20.107272727273,-19.575909090909,13.374999999999,-13.350000000001,7.490909090909,7.445454545455,-34.660240921242,44.310162773294,1.017165484475,0.811143962089,-58.176243730033,-119.568516457306,2,16
R1B01_legacy_asia_00_06_breakout,session_range_breakout,96d816867f533f662767993b0f291703751bb08ed7289abc76b46e6248c4cdf1,24,110,0.490909090909,-0.935909090909,-1.509210613915,-166.013167530617,-3.655813659926,-402.139502591838,-0.590656008819,27.815909090909,-29.116363636364,19.625000000003,-19.325000000002,12.854545454545,13.409090909091,-60.685533216782,64.010879293732,0.898655819858,0.771594375477,-247.255440257887,-322.251056605947,3,16
R1B01_legacy_asia_00_06_breakout,session_range_breakout,96d816867f533f662767993b0f291703751bb08ed7289abc76b46e6248c4cdf1,32,110,0.545454545455,4.620454545455,4.047153022449,445.186832469394,1.900549976438,209.060497408173,5.075887265135,36.805909090909,-35.286363636364,25.749999999998,-25.050000000000,18.663636363636,17.772727272727,-82.816354018789,84.784523965250,1.248615213390,1.110072493714,279.857418054980,131.349013799660,4,16
R1B01_legacy_asia_00_06_breakout,session_range_breakout,96d816867f533f662767993b0f291703751bb08ed7289abc76b46e6248c4cdf1,48,108,0.564814814815,5.708796296296,5.136063270857,554.694833252607,2.990597219980,322.984499757819,4.888113666518,41.384722222222,-40.259259259259,28.399999999999,-28.400000000001,23.055555555556,22.657407407407,-78.937179843069,113.233164029266,1.291175223905,1.160672635103,332.086428997286,160.157014582875,5,16
R1B02_legacy_asia_00_07_breakout,session_range_breakout,b9abb7ac1a44d270dbee702758652a023dff24407d4764f7ac03547bb7aa7990,1,99,0.484848484848,0.488383838384,-0.081584488702,-8.076864381451,-2.221521142872,-219.930593144323,-0.207727272728,6.374747474748,-5.476262626263,3.900000000002,-4.249999999999,0.979797979798,0.969696969697,-11.607385078325,14.393404154747,0.971031771864,0.464939362784,-38.276864381450,-67.686899670378,3,15
R1B02_legacy_asia_00_07_breakout,session_range_breakout,b9abb7ac1a44d270dbee702758652a023dff24407d4764f7ac03547bb7aa7990,2,99,0.515151515152,1.283333333333,0.713365006248,70.623135618567,-1.426571647922,-141.230593144305,0.295616348058,9.657575757576,-7.586868686869,6.000000000000,-5.599999999998,1.535353535354,1.404040404040,-14.899569136690,16.638833966221,1.197423738963,0.701416640087,28.213100329639,-3.479984662868,4,15
R1B02_legacy_asia_00_07_breakout,session_range_breakout,b9abb7ac1a44d270dbee702758652a023dff24407d4764f7ac03547bb7aa7990,3,99,0.505050505051,0.946464646465,0.376496319379,37.273135618559,-1.763440334791,-174.580593144313,0.166628308401,11.363131313131,-8.854040404040,7.400000000001,-7.150000000001,2.020202020202,1.848484848485,-17.179344186576,20.340700294810,1.083629790046,0.691297699195,-6.369949373947,-47.479984662874,4,15
R1B02_legacy_asia_00_07_breakout,session_range_breakout,b9abb7ac1a44d270dbee702758652a023dff24407d4764f7ac03547bb7aa7990,4,99,0.454545454545,0.691919191919,0.121950864834,12.073135618556,-2.017985789337,-199.780593144316,-0.750917702784,12.472222222222,-11.807070707071,8.249999999998,-8.150000000001,2.404040404040,2.363636363636,-20.400941062897,22.621330214295,1.022977635349,0.690692981017,-31.686899670371,-69.579984662880,3,15
R1B02_legacy_asia_00_07_breakout,session_range_breakout,b9abb7ac1a44d270dbee702758652a023dff24407d4764f7ac03547bb7aa7990,6,99,0.444444444444,0.561111111111,-0.008857215974,-0.876864381414,-2.148793870144,-212.730593144286,-0.950917702782,14.190404040404,-13.816666666667,9.100000000001,-8.650000000003,3.090909090909,3.292929292929,-26.707792540793,31.063497409325,0.998527213064,0.703066325443,-45.972480729473,-85.482516018401,4,15
R1B02_legacy_asia_00_07_breakout,session_range_breakout,b9abb7ac1a44d270dbee702758652a023dff24407d4764f7ac03547bb7aa7990,8,99,0.474747474747,0.776767676768,0.206799349682,20.473135618562,-1.933137304488,-191.380593144310,-1.000000000002,15.570707070707,-15.182828282828,10.949999999997,-9.849999999997,4.000000000000,4.292929292929,-29.527804465495,25.005700294811,1.032178966842,0.744993698715,-18.569949373945,-56.769949373942,5,15
R1B02_legacy_asia_00_07_breakout,session_range_breakout,b9abb7ac1a44d270dbee702758652a023dff24407d4764f7ac03547bb7aa7990,12,99,0.474747474747,0.695959595960,0.125991268874,12.473135618555,-2.013945385296,-199.380593144317,-0.131312017640,17.855555555556,-18.494444444445,11.300000000000,-11.949999999999,5.333333333333,6.313131313131,-34.785484848485,34.607314541841,1.017031107220,0.763882903788,-46.261838474708,-98.804923467214,3,15
R1B02_legacy_asia_00_07_breakout,session_range_breakout,b9abb7ac1a44d270dbee702758652a023dff24407d4764f7ac03547bb7aa7990,16,99,0.515151515152,3.189898989899,2.619930662814,259.373135618560,0.479994008643,47.519406855688,0.600000000002,21.606565656566,-19.651515151515,14.450000000002,-14.400000000001,7.666666666667,7.181818181818,-32.129426063521,50.535785183185,1.329148196773,1.052894970461,183.560059419127,121.691112050707,4,15
R1B02_legacy_asia_00_07_breakout,session_range_breakout,b9abb7ac1a44d270dbee702758652a023dff24407d4764f7ac03547bb7aa7990,24,99,0.454545454545,3.059595959596,2.489627632511,246.473135618564,0.349690978340,34.619406855691,-2.150000000001,28.967676767677,-27.480808080808,18.750000000003,-20.099999999999,12.757575757576,13.060606060606,-53.453833205795,64.895048010278,1.211957800508,1.027047007575,139.554188250143,58.311915522873,5,15
R1B02_legacy_asia_00_07_breakout,session_range_breakout,b9abb7ac1a44d270dbee702758652a023dff24407d4764f7ac03547bb7aa7990,32,99,0.565656565657,11.260101010101,10.690132683016,1058.323135618551,8.550196028845,846.469406855678,4.699999999999,37.852525252525,-30.933838383838,26.100000000000,-22.900000000001,19.000000000000,16.272727272727,-46.865256770778,88.288691367861,1.949009902191,1.701149318448,892.993721204137,755.874773835717,5,15
R1B02_legacy_asia_00_07_breakout,session_range_breakout,b9abb7ac1a44d270dbee702758652a023dff24407d4764f7ac03547bb7aa7990,48,97,0.587628865979,10.488659793814,9.919393158781,962.181136401772,7.780859888715,754.743409205333,4.595588235292,41.509793814433,-35.313402061856,28.050000000002,-26.800000000000,23.000000000000,20.412371134021,-65.262266112265,115.143506065309,1.729682598095,1.536142464487,790.251721987361,638.132774618941,6,15
R1B03_legacy_prior_day_breakout,session_range_breakout,629259b0868387914f65e82102137e324dc606d76e149c70d1bb7b3614c15a14,1,94,0.468085106383,-0.107446808511,-0.690208661827,-64.879614211749,-2.855732368460,-268.438842635209,-1.138901453921,7.384042553192,-8.346808510638,4.250000000000,-4.675000000000,0.978723404255,0.978723404255,-16.769749919403,21.898652993663,0.838886516670,0.487910798123,-98.107981241299,-129.366735120114,2,12
R1B03_legacy_prior_day_breakout,session_range_breakout,629259b0868387914f65e82102137e324dc606d76e149c70d1bb7b3614c15a14,2,94,0.436170212766,-0.998404255319,-1.581166108636,-148.629614211739,-3.746689815268,-352.188842635198,-1.659082584083,9.630319148936,-11.719148936170,5.074999999999,-8.024999999999,1.382978723404,1.521276595745,-23.754061032865,24.180156993391,0.739737539272,0.491351509940,-183.522699204244,-211.785719799211,2,12
R1B03_legacy_prior_day_breakout,session_range_breakout,629259b0868387914f65e82102137e324dc606d76e149c70d1bb7b3614c15a14,3,94,0.468085106383,-0.256382978723,-0.839144832040,-78.879614211722,-3.004668538672,-282.438842635182,-1.016051912566,11.127127659574,-12.985638297872,6.525000000001,-8.350000000000,1.765957446809,1.914893617021,-29.318882955074,26.200893880940,0.868493589813,0.604362149412,-130.422699204230,-165.722699204227,2,12
R1B03_legacy_prior_day_breakout,session_range_breakout,629259b0868387914f65e82102137e324dc606d76e149c70d1bb7b3614c15a14,4,94,0.510638297872,0.406914893617,-0.175846959700,-16.529614211756,-2.341370666332,-220.088842635215,0.609230992337,12.761170212766,-16.803723404255,8.900000000000,-10.374999999999,2.382978723404,2.287234042553,-28.958933735317,30.473328361632,0.975107094377,0.713773364255,-61.909136529689,-106.652221522195,4,12
R1B03_legacy_prior_day_breakout,session_range_breakout,629259b0868387914f65e82102137e324dc606d76e149c70d1bb7b3614c15a14,6,94,0.510638297872,2.960638297872,2.377876444556,223.520385788249,0.212352737923,19.961157364790,0.748465257477,16.068085106383,-18.129255319149,12.199999999999,-11.649999999999,3.563829787234,2.925531914894,-32.768116138763,36.608589568171,1.336151310682,1.025970696342,169.714765867794,122.332704420818,4,12
R1B03_legacy_prior_day_breakout,session_range_breakout,629259b0868387914f65e82102137e324dc606d76e149c70d1bb7b3614c15a14,8,94,0.489361702128,-0.055851063830,-0.638612917146,-60.029614211756,-2.804136623779,-263.588842635215,-0.528298969071,17.467021276596,-20.404255319149,12.725000000002,-13.074999999998,4.436170212766,3.787234042553,-40.750092431645,39.515981848182,0.933142051506,0.738606711507,-124.235234132213,-181.743988011029,1,12
R1B03_legacy_prior_day_breakout,session_range_breakout,629259b0868387914f65e82102137e324dc606d76e149c70d1bb7b3614c15a14,12,94,0.468085106383,-0.254787234043,-0.837549087359,-78.729614211743,-3.003072793992,-282.288842635202,-2.357919254657,19.964893617021,-23.094680851064,13.799999999999,-15.275000000000,5.648936170213,5.382978723404,-50.334861758752,41.636585914926,0.927486929375,0.763960950184,-162.938368090559,-227.843988011016,1,12
R1B03_legacy_prior_day_breakout,session_range_breakout,629259b0868387914f65e82102137e324dc606d76e149c70d1bb7b3614c15a14,16,94,0.478723404255,-0.852659574468,-1.435421427784,-134.929614211733,-3.600945134417,-338.488842635192,-1.760238841033,21.606382978723,-25.392021276596,14.674999999998,-17.699999999999,6.882978723404,7.361702127660,-54.500130754572,49.018120161410,0.886050494618,0.739011708577,-215.438368090548,-269.070429537524,1,12
R1B03_legacy_prior_day_breakout,session_range_breakout,629259b0868387914f65e82102137e324dc606d76e149c70d1bb7b3614c15a14,24,94,0.446808510638,-3.898936170213,-4.481698023529,-421.279614211740,-6.647221730162,-624.838842635199,-5.699999999998,27.087234042553,-31.658510638298,18.424999999998,-24.674999999998,11.329787234043,11.670212765957,-62.313711596708,56.891608614140,0.727064031662,0.623234959505,-530.161675658717,-622.771623796387,1,12
R1B03_legacy_prior_day_breakout,session_range_breakout,629259b0868387914f65e82102137e324dc606d76e149c70d1bb7b3614c15a14,32,94,0.510638297872,1.672872340425,1.090110487109,102.470385788252,-1.075413219523,-101.088842635207,0.167571119195,33.868617021276,-37.186170212766,23.450000000000,-29.700000000000,16.904255319149,15.382978723404,-66.615873720054,77.388792473118,1.066483234943,0.938630498886,-8.161675658723,-108.966720030510,5,12
R1B03_legacy_prior_day_breakout,session_range_breakout,629259b0868387914f65e82102137e324dc606d76e149c70d1bb7b3614c15a14,48,93,0.494623655914,2.073655913978,1.492094256643,138.764765867801,-0.671029058028,-62.405702396571,-2.655766871169,38.849462365591,-42.134408602151,26.799999999997,-32.750000000001,22.236559139785,21.268817204301,-85.256392084546,99.137518413803,1.075737360137,0.967793287970,2.023571785377,-126.881472586411,3,12
R1B04_london_open_07_09_breakout,session_range_breakout,03810bab04f6e72ce3ed1ec56b594b7646418719603dfa3f7caf8d948d38cb63,1,140,0.400000000000,-0.468571428572,-1.053366463385,-147.471304873917,-3.222956533012,-451.213914621727,-1.125173852571,6.352142857143,-6.742500000000,3.449999999998,-3.700000000002,0.985714285714,0.978571428571,-11.204253492582,12.471172275068,0.716690872737,0.380136131325,-232.746367179213,-262.156402468141,0,21
R1B04_london_open_07_09_breakout,session_range_breakout,03810bab04f6e72ce3ed1ec56b594b7646418719603dfa3f7caf8d948d38cb63,2,140,0.442857142857,0.332857142857,-0.251937891956,-35.271304873907,-2.421527961584,-339.013914621717,-0.862101865135,9.390714285714,-9.273571428571,4.974999999999,-5.300000000001,1.478571428571,1.485714285714,-20.371652886274,17.663993875308,0.945960861681,0.595316218721,-138.246367179205,-193.896367179205,3,21
R1B04_london_open_07_09_breakout,session_range_breakout,03810bab04f6e72ce3ed1ec56b594b7646418719603dfa3f7caf8d948d38cb63,3,140,0.442857142857,0.917142857143,0.332347822329,46.528695126105,-1.837242247298,-257.213914621705,-1.062019652676,11.931071428571,-11.056428571428,6.374999999998,-6.750000000000,1.921428571429,2.000000000000,-17.881162784151,31.749084428495,1.064863972737,0.715415893987,-74.096367179193,-126.496367179193,3,21
R1B04_london_open_07_09_breakout,session_range_breakout,03810bab04f6e72ce3ed1ec56b594b7646418719603dfa3f7caf8d948d38cb63,4,140,0.464285714286,1.467857142857,0.883062108043,123.628695126084,-1.286527961584,-180.113914621726,-0.625000000001,13.342500000000,-12.090714285714,7.725000000002,-8.125000000001,2.392857142857,2.414285714286,-17.038459091327,30.349891817740,1.163251402149,0.805844658312,-13.646367179216,-74.396367179214,4,21
R1B04_london_open_07_09_breakout,session_range_breakout,03810bab04f6e72ce3ed1ec56b594b7646418719603dfa3f7caf8d948d38cb63,6,140,0.442857142857,0.777500000000,0.192704965187,26.978695126113,-1.976885104441,-276.763914621697,-1.909656488551,15.847857142857,-14.562142857143,9.674999999997,-10.749999999999,3.207142857143,3.264285714286,-24.105772893775,31.588209010981,1.027477537869,0.761346135536,-114.046367179186,-176.863908021835,3,21
R1B04_london_open_07_09_breakout,session_range_breakout,03810bab04f6e72ce3ed1ec56b594b7646418719603dfa3f7caf8d948d38cb63,8,140,0.450000000000,1.252500000000,0.667704965187,93.478695126112,-1.501885104441,-210.263914621698,-1.233964686649,18.947857142857,-16.766071428571,11.025000000002,-11.549999999998,4.057142857143,4.414285714286,-28.059477226194,38.603606971092,1.081759831128,0.840092848878,-42.596367179187,-162.408821166917,3,21
R1B04_london_open_07_09_breakout,session_range_breakout,03810bab04f6e72ce3ed1ec56b594b7646418719603dfa3f7caf8d948d38cb63,12,140,0.471428571429,0.774285714286,0.189490679472,26.528695126101,-1.980099390155,-277.213914621709,-0.984700889444,21.593571428571,-21.314642857143,12.725000000000,-15.175000000001,5.914285714286,6.592857142857,-44.362715576460,44.582011972928,1.017409081236,0.835641303979,-111.233758861630,-247.858821166928,2,21
R1B04_london_open_07_09_breakout,session_range_breakout,03810bab04f6e72ce3ed1ec56b594b7646418719603dfa3f7caf8d948d38cb63,16,140,0.435714285714,0.256785714286,-0.328009320528,-45.921304873911,-2.497599390155,-349.663914621721,-3.644347974534,25.852500000000,-25.244285714286,14.425000000003,-20.525000000001,7.885714285714,8.621428571429,-47.576905550004,54.390891098140,0.974576504290,0.823450811019,-186.296367179211,-315.358821166941,2,21
R1B04_london_open_07_09_breakout,session_range_breakout,03810bab04f6e72ce3ed1ec56b594b7646418719603dfa3f7caf8d948d38cb63,24,140,0.457142857143,1.439642857143,0.854847822329,119.678695126081,-1.314742247298,-184.063914621729,-4.426714545430,31.934285714286,-30.003214285714,20.300000000000,-23.200000000000,11.478571428571,11.957142857143,-55.348153846155,81.565995464493,1.058975452518,0.916254766938,-12.193885519081,-142.812292248424,3,21
R1B04_london_open_07_09_breakout,session_range_breakout,03810bab04f6e72ce3ed1ec56b594b7646418719603dfa3f7caf8d948d38cb63,32,140,0.471428571429,4.337142857143,3.752347822329,525.328695126070,1.582757752702,221.586085378259,-3.448404639736,35.120000000000,-31.960000000000,21.199999999999,-24.600000000000,14.021428571429,14.400000000000,-55.408382664793,77.200030931363,1.259052561797,1.100926952953,322.506114480909,145.569049634492,3,21
R1B04_london_open_07_09_breakout,session_range_breakout,03810bab04f6e72ce3ed1ec56b594b7646418719603dfa3f7caf8d948d38cb63,48,136,0.492647058824,4.338602941177,3.757794276144,511.060021555587,1.596176946079,217.080064666752,-0.589094270645,41.816176470588,-35.327941176471,22.475000000000,-28.274999999999,18.500000000000,17.632352941176,-65.508626373627,81.364987034418,1.239919256832,1.094937484498,268.593294083860,63.006229237442,3,20
R1B05_london_morning_07_13_breakout,session_range_breakout,8236982989cc19645e1a19b28b01cfe90099e4c67d509de02df1c8645641391e,1,108,0.444444444444,-1.083796296296,-1.673560483960,-180.744532267721,-3.853088859289,-416.133596803190,-1.086542671908,7.054166666667,-9.450462962963,4.825000000004,-6.350000000000,0.962962962963,0.972222222222,-16.591639144540,13.406239045752,0.656988694304,0.379692564174,-213.972899297271,-245.231653176086,1,13
R1B05_london_morning_07_13_breakout,session_range_breakout,8236982989cc19645e1a19b28b01cfe90099e4c67d509de02df1c8645641391e,2,108,0.462962962963,-1.229166666667,-1.818930854331,-196.444532267739,-3.998459229659,-431.833596803208,-0.889839056564,10.600925925926,-13.674537037037,6.699999999999,-9.300000000000,1.425925925926,1.407407407407,-26.605251709380,23.530433207814,0.753885234452,0.534795495048,-241.105517829569,-273.618343250704,1,13
R1B05_london_morning_07_13_breakout,session_range_breakout,8236982989cc19645e1a19b28b01cfe90099e4c67d509de02df1c8645641391e,3,108,0.398148148148,-1.194907407407,-1.784671595071,-192.744532267716,-3.964199970400,-428.133596803185,-2.882302394411,12.848148148148,-15.162962962963,6.975000000000,-10.075000000001,1.842592592593,1.805555555556,-26.858121522826,29.502615913090,0.790598251767,0.597879889667,-264.755517829547,-312.868343250680,1,13
R1B05_london_morning_07_13_breakout,session_range_breakout,8236982989cc19645e1a19b28b01cfe90099e4c67d509de02df1c8645641391e,4,108,0.444444444444,-1.382870370370,-1.972634558035,-213.044532267736,-4.152162933363,-448.433596803205,-2.375000000001,13.973611111111,-17.007407407407,7.500000000002,-10.900000000002,2.212962962963,2.250000000000,-44.145139429314,29.431297108512,0.782035952352,0.597146482312,-283.605517829568,-342.118343250702,1,13
R1B05_london_morning_07_13_breakout,session_range_breakout,8236982989cc19645e1a19b28b01cfe90099e4c67d509de02df1c8645641391e,6,108,0.462962962963,-2.627314814815,-3.217079002479,-347.444532267735,-5.396607377807,-582.833596803204,-0.835394053799,15.984722222222,-20.325462962963,9.674999999999,-12.524999999999,3.037037037037,3.129629629630,-49.530081187012,36.345265529367,0.729051127791,0.588275636762,-433.805517829569,-494.818343250703,1,13
R1B05_london_morning_07_13_breakout,session_range_breakout,8236982989cc19645e1a19b28b01cfe90099e4c67d509de02df1c8645641391e,8,108,0.490740740741,-4.485185185185,-5.074949372849,-548.094532267740,-7.254477748178,-783.483596803209,-0.141204869856,18.368518518519,-22.749537037037,11.700000000002,-13.450000000000,4.027777777778,4.083333333333,-56.830078167601,35.089459735404,0.637371041230,0.521853356366,-647.405517829571,-734.968343250703,1,13
R1B05_london_morning_07_13_breakout,session_range_breakout,8236982989cc19645e1a19b28b01cfe90099e4c67d509de02df1c8645641391e,12,108,0.435185185185,-4.295370370370,-4.885134558035,-527.594532267738,-7.064662933363,-762.983596803208,-4.261663525053,20.155555555555,-24.756018518519,12.500000000001,-15.625000000000,4.962962962963,5.805555555556,-57.227668216628,49.073970523777,0.668617161462,0.559361188722,-626.805517829569,-711.014271708385,1,13
R1B05_london_morning_07_13_breakout,session_range_breakout,8236982989cc19645e1a19b28b01cfe90099e4c67d509de02df1c8645641391e,16,108,0.453703703704,-3.313425925926,-3.903190113590,-421.544532267742,-6.082718488919,-656.933596803211,-0.907770876910,21.157870370370,-25.750462962963,13.150000000002,-17.300000000002,6.305555555556,6.768518518519,-50.517742520398,43.615429737070,0.710317336929,0.587578367504,-534.657357688876,-627.518343250709,1,13
R1B05_london_morning_07_13_breakout,session_range_breakout,8236982989cc19645e1a19b28b01cfe90099e4c67d509de02df1c8645641391e,24,108,0.425925925926,-6.207870370371,-6.797634558035,-734.144532267751,-8.977162933363,-969.533596803220,-3.617229905553,22.841203703703,-28.551388888889,14.000000000000,-18.800000000000,8.064814814815,9.194444444444,-67.205231284441,43.978220962900,0.579199479222,0.485390742122,-827.174044347335,-910.136869768468,1,13
R1B05_london_morning_07_13_breakout,session_range_breakout,8236982989cc19645e1a19b28b01cfe90099e4c67d509de02df1c8645641391e,32,106,0.443396226415,-1.623113207547,-2.213837123203,-234.666735059526,-4.395284954514,-465.900205178518,-3.406134528198,28.779716981132,-29.631132075472,18.300000000001,-20.150000000001,10.669811320755,12.264150943396,-57.751714774572,50.362397900329,0.855346650799,0.734855290755,-520.201567511022,-658.431079590606,2,12
R1B05_london_morning_07_13_breakout,session_range_breakout,8236982989cc19645e1a19b28b01cfe90099e4c67d509de02df1c8645641391e,48,102,0.431372549020,-5.503431372549,-6.095292795906,-621.719865182367,-8.279015642618,-844.459595547080,-4.094929846940,36.223529411765,-37.416666666666,25.200000000000,-24.674999999999,21.137254901961,21.901960784314,-103.399237089205,61.394266446346,0.703450529448,0.620764161186,-790.304697633863,-930.417523054998,2,12
R1C01_legacy_failed_12bar,failed_excursion_reversion,8816c326250871e2711da0ddf46da1f5d7c2c3d37426457c8738a75be35267c1,1,810,0.449382716049,0.337407407407,-0.244658184571,-198.173129502591,-2.408789368528,-1951.119388507661,-0.633650914633,6.330246913580,-5.723024691358,3.899999999999,-3.699999999999,0.970370370370,0.974074074074,-13.077306717364,12.467528758617,0.922645417027,0.464965613157,-302.851359574446,-403.175450560958,3,111
R1C01_legacy_failed_12bar,failed_excursion_reversion,8816c326250871e2711da0ddf46da1f5d7c2c3d37426457c8738a75be35267c1,2,810,0.471604938272,0.184691358025,-0.397374233954,-321.873129502580,-2.561505417911,-2074.819388507649,-0.521162528217,8.763765432099,-8.351790123457,5.300000000000,-5.500000000001,1.469135802469,1.459259259259,-20.086998609176,16.897963410704,0.912093286033,0.555576815460,-440.601359574432,-555.375450560940,2,111
R1C01_legacy_failed_12bar,failed_excursion_reversion,8816c326250871e2711da0ddf46da1f5d7c2c3d37426457c8738a75be35267c1,3,810,0.470370370370,0.169506172839,-0.412559419139,-334.173129502618,-2.576690603096,-2087.119388507688,-0.511927906209,10.757098765432,-10.183209876543,6.599999999999,-6.725000000000,1.958024691358,1.927160493827,-23.344643422356,20.974820498764,0.922552359047,0.607182313666,-515.851359574471,-688.271303463885,3,111
R1C01_legacy_failed_12bar,failed_excursion_reversion,8816c326250871e2711da0ddf46da1f5d7c2c3d37426457c8738a75be35267c1,4,810,0.486419753086,-0.142160493827,-0.724226085806,-586.623129502629,-2.888357269763,-2339.569388507698,-0.483051529791,12.240246913580,-11.794259259259,7.625000000000,-7.724999999999,2.455555555556,2.374074074074,-27.319339773904,24.003503401362,0.887024976265,0.620653925084,-783.399320450672,-947.277550522522,2,111
R1C01_legacy_failed_12bar,failed_excursion_reversion,8816c326250871e2711da0ddf46da1f5d7c2c3d37426457c8738a75be35267c1,6,810,0.487654320988,0.027592592592,-0.554472999386,-449.123129502623,-2.718604183343,-2202.069388507693,-0.311862606231,14.627839506173,-14.365987654321,9.450000000001,-9.150000000001,3.333333333333,3.228395061728,-32.492582858814,29.769278905674,0.925297807086,0.683690699787,-774.993073392035,-979.969264340075,4,111
R1C01_legacy_failed_12bar,failed_excursion_reversion,8816c326250871e2711da0ddf46da1f5d7c2c3d37426457c8738a75be35267c1,8,810,0.496296296296,0.320864197531,-0.261201394448,-211.573129502587,-2.425332578405,-1964.519388507657,-0.233679192374,16.625925925926,-16.320123456790,10.899999999999,-10.374999999998,4.276543209877,4.083950617284,-35.887997207627,38.449704286895,0.968146599959,0.740501252061,-540.120402328244,-814.290346217660,3,111
R1C01_legacy_failed_12bar,failed_excursion_reversion,8816c326250871e2711da0ddf46da1f5d7c2c3d37426457c8738a75be35267c1,12,810,0.508641975309,0.995370370370,0.413304778392,334.776870497448,-1.750826405565,-1418.169388507622,0.390033855270,20.313271604938,-19.490802469136,13.475000000001,-12.400000000001,6.032098765432,5.603703703704,-43.704136484072,41.289940676940,1.043678743270,0.834448940128,-61.859963711710,-397.007236537376,4,111
R1C01_legacy_failed_12bar,failed_excursion_reversion,8816c326250871e2711da0ddf46da1f5d7c2c3d37426457c8738a75be35267c1,16,810,0.529629629630,1.531481481481,0.949415889503,769.026870497411,-1.214715294454,-983.919388507659,1.500000000000,23.512037037037,-22.304320987654,15.800000000000,-14.375000000001,7.885185185185,7.023456790123,-50.784888377600,50.518214406778,1.089649346922,0.895739830092,297.140036288256,-36.322962084376,4,111
R1C01_legacy_failed_12bar,failed_excursion_reversion,8816c326250871e2711da0ddf46da1f5d7c2c3d37426457c8738a75be35267c1,24,808,0.490099009901,-0.083972772277,-0.666241496909,-538.323129502585,-2.830778946173,-2287.269388507655,-0.522481359127,28.640222772277,-27.535148514852,19.024999999999,-18.750000000003,11.397277227723,10.860148514851,-64.779926900967,59.640490596917,0.951090625532,0.808230476306,-1286.559963711747,-1631.472962084370,2,110
R1C01_legacy_failed_12bar,failed_excursion_reversion,8816c326250871e2711da0ddf46da1f5d7c2c3d37426457c8738a75be35267c1,32,802,0.503740648379,-2.808478802993,-3.390066538351,-2718.833363757795,-5.553242009069,-4453.700091273259,0.104707612084,31.881109725686,-33.313154613466,21.599999999999,-22.199999999999,14.956359102244,14.365336658354,-75.942500000001,59.765964784241,0.804597056113,0.699400077480,-3425.420197966959,-3816.067470792623,2,108
R1C01_legacy_failed_12bar,failed_excursion_reversion,8816c326250871e2711da0ddf46da1f5d7c2c3d37426457c8738a75be35267c1,48,785,0.456050955414,-4.100000000000,-4.675573867854,-3670.325486265082,-6.826721603561,-5358.976458795045,-3.832484076436,36.655605095541,-39.712420382166,25.849999999997,-26.549999999997,21.207643312102,21.521019108280,-81.110015533309,71.649999999999,0.764147595815,0.675198314734,-4168.412320474247,-4523.897579284339,2,105
R1C02_legacy_failed_24bar,failed_excursion_reversion,c3eeb7ba059c57ccf74800a329135eec91b8f4d1fb5f8d8c438e8b0a7c5f7430,1,605,0.466115702479,0.676694214876,0.096082055009,58.129643280231,-2.065142264726,-1249.411070159220,-0.500000000000,6.765371900826,-5.866446280992,4.150000000001,-3.800000000001,0.975206611570,0.973553719008,-11.910032596105,13.328721828574,1.030824770744,0.532302617411,-46.548586791624,-114.424016237493,4,76
R1C02_legacy_failed_24bar,failed_excursion_reversion,c3eeb7ba059c57ccf74800a329135eec91b8f4d1fb5f8d8c438e8b0a7c5f7430,2,605,0.502479338843,0.933719008264,0.353106848397,213.629643280243,-1.808117471338,-1093.911070159208,0.083463687150,9.745537190083,-8.379586776860,5.800000000002,-5.300000000000,1.502479338843,1.431404958678,-20.322089716094,18.296373697907,1.080515719138,0.674523628009,58.390602380729,-60.337627691123,5,76
R1C02_legacy_failed_24bar,failed_excursion_reversion,c3eeb7ba059c57ccf74800a329135eec91b8f4d1fb5f8d8c438e8b0a7c5f7430,3,605,0.509090909091,0.733223140496,0.152610980628,92.329643280198,-2.008613339106,-1215.211070159253,0.299999999998,11.800330578512,-10.356611570248,7.300000000004,-6.500000000000,1.983471074380,1.861157024793,-24.080328298491,21.736114536477,1.028281286005,0.693162958540,-138.509397619316,-320.187627691169,5,76
R1C02_legacy_failed_24bar,failed_excursion_reversion,c3eeb7ba059c57ccf74800a329135eec91b8f4d1fb5f8d8c438e8b0a7c5f7430,4,605,0.517355371901,0.591735537190,0.011123377323,6.729643280193,-2.150100942412,-1300.811070159258,0.530428954421,13.279586776859,-11.882809917355,9.000000000000,-7.350000000000,2.509090909091,2.310743801653,-28.804984704162,25.890150066696,1.001741675999,0.713387029419,-277.659397619322,-441.537627691172,4,76
R1C02_legacy_failed_24bar,failed_excursion_reversion,c3eeb7ba059c57ccf74800a329135eec91b8f4d1fb5f8d8c438e8b0a7c5f7430,6,605,0.523966942149,0.876033057851,0.295420897984,178.729643280247,-1.865803421751,-1128.811070159204,0.850000000002,15.571900826446,-14.219090909091,10.450000000000,-8.499999999998,3.396694214876,3.130578512397,-32.517721982950,33.216447538725,1.040792865697,0.776276101179,-108.909397619265,-295.084827065137,4,76
R1C02_legacy_failed_24bar,failed_excursion_reversion,c3eeb7ba059c57ccf74800a329135eec91b8f4d1fb5f8d8c438e8b0a7c5f7430,8,605,0.537190082645,1.498677685950,0.918065526083,555.429643280261,-1.243158793652,-752.111070159190,1.292773054283,17.566446280992,-15.779421487603,11.750000000001,-9.200000000001,4.393388429752,3.920661157025,-36.020310839960,42.340968387356,1.118026995628,0.859403822955,377.169185969574,205.782351760418,4,76
R1C02_legacy_failed_24bar,failed_excursion_reversion,c3eeb7ba059c57ccf74800a329135eec91b8f4d1fb5f8d8c438e8b0a7c5f7430,12,605,0.533884297521,2.186611570248,1.605999410381,971.629643280230,-0.555224909354,-335.911070159221,1.600000000002,21.309338842975,-18.481487603306,15.099999999998,-10.850000000002,6.183471074380,5.251239669421,-42.979571207198,42.398356643357,1.179727602135,0.944427762712,574.992809071072,329.787693975553,4,76
R1C02_legacy_failed_24bar,failed_excursion_reversion,c3eeb7ba059c57ccf74800a329135eec91b8f4d1fb5f8d8c438e8b0a7c5f7430,16,605,0.552066115702,1.905537190083,1.324925030215,801.579643280241,-0.836299289519,-505.961070159210,2.301200000001,23.882231404959,-21.382892561984,16.700000000000,-12.750000000003,8.052892561983,6.757024793388,-51.935232349165,51.792976217005,1.125669349580,0.927701676229,329.692809071086,42.037693975568,3,76
R1C02_legacy_failed_24bar,failed_excursion_reversion,c3eeb7ba059c57ccf74800a329135eec91b8f4d1fb5f8d8c438e8b0a7c5f7430,24,604,0.513245033113,-0.349917218543,-0.930662842251,-562.120356719759,-3.092154089668,-1867.661070159210,0.518193224591,28.760513245033,-26.975496688742,19.975000000001,-16.550000000001,11.642384105960,10.849337748344,-70.681288083956,57.336635486917,0.934948040034,0.799100965019,-1310.357190928921,-1553.698424704374,1,76
R1C02_legacy_failed_24bar,failed_excursion_reversion,c3eeb7ba059c57ccf74800a329135eec91b8f4d1fb5f8d8c438e8b0a7c5f7430,32,598,0.511705685619,-3.534698996656,-4.114516038420,-2460.480590974981,-6.274150121948,-3751.941772924827,0.483622007131,31.910367892977,-33.434197324415,22.624999999998,-20.449999999998,14.941471571906,14.351170568562,-89.839119485403,60.135035209903,0.779709895891,0.682825184372,-3167.067425184145,-3456.856466083658,2,75
R1C02_legacy_failed_24bar,failed_excursion_reversion,c3eeb7ba059c57ccf74800a329135eec91b8f4d1fb5f8d8c438e8b0a7c5f7430,48,584,0.470890410959,-4.723886986301,-5.302583964708,-3096.709035389358,-7.459977921520,-4356.627106167969,-2.146938361902,36.113955479452,-40.270976027397,25.749999999999,-25.250000000001,20.684931506849,21.436643835616,-88.268203214695,69.431837610569,0.743807366741,0.658812570812,-3594.795869598524,-3904.347513611993,1,74
R1C03_legacy_failed_asia_00_06,failed_excursion_reversion,9d916392c2496c11b1f8e1aca44641f8e39af5c280816f8c77c923ca2377e7d4,1,443,0.455981941309,0.335553047404,-0.230442650002,-102.086093950944,-2.362434044815,-1046.558281852997,-0.568583450209,5.634762979684,-5.149209932280,3.500000000003,-3.149999999999,0.986455981941,0.966139954853,-11.044371241824,12.048987730063,0.921459590962,0.442952735708,-194.888734188352,-273.053248942512,3,54
R1C03_legacy_failed_asia_00_06,failed_excursion_reversion,9d916392c2496c11b1f8e1aca44641f8e39af5c280816f8c77c923ca2377e7d4,2,443,0.478555304740,0.668397291196,0.102401593790,45.363906049020,-2.029589801023,-899.108281853033,-0.426066024762,8.194582392777,-7.048871331828,4.899999999998,-4.700000000003,1.483069977427,1.437923250564,-17.144402826956,15.771543433424,1.027254049535,0.592116345664,-126.750608705140,-236.953248942550,4,54
R1C03_legacy_failed_asia_00_06,failed_excursion_reversion,9d916392c2496c11b1f8e1aca44641f8e39af5c280816f8c77c923ca2377e7d4,3,443,0.492099322799,0.716365688488,0.150369991081,66.613906048975,-1.981621403732,-877.858281853078,-0.100000000001,9.841760722348,-8.561738148984,5.950000000001,-5.400000000000,1.918735891648,1.882618510158,-19.209588502364,18.231534903282,1.033652075615,0.649997790909,-142.150608705182,-257.753248942592,4,54
R1C03_legacy_failed_asia_00_06,failed_excursion_reversion,9d916392c2496c11b1f8e1aca44641f8e39af5c280816f8c77c923ca2377e7d4,4,443,0.483069977427,0.724040632054,0.158044934648,70.013906049006,-1.973946460165,-874.458281853048,-0.356537282942,11.048194130926,-9.646388261851,6.850000000000,-6.399999999999,2.379232505643,2.386004514673,-23.817897793267,21.869091725006,1.031071065865,0.685624809709,-119.950608705153,-235.591470364739,4,54
R1C03_legacy_failed_asia_00_06,failed_excursion_reversion,9d916392c2496c11b1f8e1aca44641f8e39af5c280816f8c77c923ca2377e7d4,6,443,0.494356659142,1.413656884876,0.847661187470,375.513906048995,-1.284330207343,-568.958281853058,-0.299999999999,13.530586907449,-11.424040632054,8.650000000003,-7.600000000005,3.275395033860,3.248306997743,-24.937228968525,24.878572931277,1.151250782732,0.810640925998,191.899391294834,12.911448770403,4,54
R1C03_legacy_failed_asia_00_06,failed_excursion_reversion,9d916392c2496c11b1f8e1aca44641f8e39af5c280816f8c77c923ca2377e7d4,8,443,0.501128668172,1.680812641084,1.114816943677,493.863906049036,-1.017174451135,-450.608281853018,0.069779116465,15.642550790068,-13.272911963882,10.200000000000,-8.650000000000,4.252821670429,4.072234762980,-29.978020075497,31.159098653794,1.169005158695,0.868572426236,203.175963524603,60.585214695654,4,54
R1C03_legacy_failed_asia_00_06,failed_excursion_reversion,9d916392c2496c11b1f8e1aca44641f8e39af5c280816f8c77c923ca2377e7d4,12,443,0.534988713318,2.383069977427,1.817074280020,804.963906049015,-0.314917114792,-139.508281853038,1.300000000000,19.159819413093,-16.146839729120,13.049999999998,-10.799999999998,6.225733634312,5.724604966140,-34.251914913113,35.732819575575,1.230496388405,0.964703856360,346.925963524580,53.035214695631,3,54
R1C03_legacy_failed_asia_00_06,failed_excursion_reversion,9d916392c2496c11b1f8e1aca44641f8e39af5c280816f8c77c923ca2377e7d4,16,443,0.550790067720,3.498419864560,2.932424167154,1299.063906049063,0.800432772341,354.591718147010,1.699999999999,23.017155756208,-18.628442437923,15.599999999998,-12.100000000001,8.139954853273,7.376975169300,-41.051863462638,42.944777953339,1.323350283181,1.079339427936,751.175963524633,354.135214695681,4,54
R1C03_legacy_failed_asia_00_06,failed_excursion_reversion,9d916392c2496c11b1f8e1aca44641f8e39af5c280816f8c77c923ca2377e7d4,24,443,0.566591422122,4.763656884876,4.197661187470,1859.563906049045,2.065669792657,915.091718146992,3.200000000001,29.529796839729,-22.577878103837,20.900000000000,-14.050000000000,12.372460496614,10.772009029345,-52.313783882784,66.577719359443,1.375801711871,1.170014197240,1332.175963524611,825.235101865027,4,54
R1C03_legacy_failed_asia_00_06,failed_excursion_reversion,9d916392c2496c11b1f8e1aca44641f8e39af5c280816f8c77c923ca2377e7d4,32,439,0.514806378132,2.568792710706,2.003495132550,879.534363189642,-0.127100023761,-55.796910431157,0.296284612685,32.647380410023,-26.204328018223,25.350000000000,-16.600000000000,14.940774487472,13.792710706150,-62.726423914115,71.364999999999,1.147746729696,0.991317803204,408.693501530057,-44.644440994375,2,53
R1C03_legacy_failed_asia_00_06,failed_excursion_reversion,9d916392c2496c11b1f8e1aca44641f8e39af5c280816f8c77c923ca2377e7d4,48,433,0.494226327945,2.512817551963,1.948438929654,843.674056540197,-0.180318314964,-78.077830379462,-0.250000000000,37.204157043880,-29.523094688222,28.899999999999,-19.200000000001,20.041570438799,21.041570438799,-64.821844681934,77.258365408730,1.128705335753,0.988901361604,226.477735590762,-308.813013238186,2,53
R1C04_failed_48bar_all_liquid,failed_excursion_reversion,c8c63ffba2c5d3b0621cc92207ceeb2187c0720bc6ecdd2f5f8d887ca6f0cd93,1,778,0.467866323907,0.332197943445,-0.269283738180,-209.502748304045,-2.472247101429,-1923.408244911958,-0.432426015593,6.371272493573,-5.820051413882,3.850000000000,-3.700000000001,0.974293059126,0.970437017995,-13.267641990156,12.875722926265,0.917781588318,0.461829065406,-310.771587794717,-392.157310405621,2,97
R1C04_failed_48bar_all_liquid,failed_excursion_reversion,c8c63ffba2c5d3b0621cc92207ceeb2187c0720bc6ecdd2f5f8d887ca6f0cd93,2,778,0.485861182519,0.378663239075,-0.222818442550,-173.352748303937,-2.425781805799,-1887.258244911850,-0.244780043449,9.018958868895,-8.359961439589,5.500000000001,-4.925000000000,1.493573264781,1.426735218509,-21.033116787944,17.568141294270,0.949756140699,0.573018864577,-306.588470914843,-413.007310405515,3,97
R1C04_failed_48bar_all_liquid,failed_excursion_reversion,c8c63ffba2c5d3b0621cc92207ceeb2187c0720bc6ecdd2f5f8d887ca6f0cd93,3,778,0.491002570694,0.183804627249,-0.417677054375,-324.952748304016,-2.620640417625,-2038.858244911929,-0.275508153227,10.735989717224,-9.970501285347,6.600000000000,-6.099999999998,1.947300771208,1.871465295630,-23.644284810320,20.657160786877,0.920373775961,0.595171433886,-507.738470914921,-580.929385720587,4,97
R1C04_failed_48bar_all_liquid,failed_excursion_reversion,c8c63ffba2c5d3b0621cc92207ceeb2187c0720bc6ecdd2f5f8d887ca6f0cd93,4,778,0.488431876607,-0.056619537275,-0.658101218900,-512.002748304003,-2.861064582149,-2225.908244911916,-0.393720892948,11.983161953728,-11.317737789203,7.700000000000,-6.899999999999,2.417737789203,2.329048843188,-27.944968152865,21.841324370174,0.890263586403,0.602352254694,-725.038470914906,-852.313947300618,4,97
R1C04_failed_48bar_all_liquid,failed_excursion_reversion,c8c63ffba2c5d3b0621cc92207ceeb2187c0720bc6ecdd2f5f8d887ca6f0cd93,6,778,0.500000000000,-0.018251928021,-0.619733609645,-482.152748303962,-2.822696972894,-2196.058244911875,0.006622240733,14.185218508997,-13.685025706941,9.249999999999,-7.925000000000,3.293059125964,3.155526992288,-33.061545695428,29.965000000002,0.912511361276,0.658770988546,-737.528224689671,-960.613947300569,3,97
R1C04_failed_48bar_all_liquid,failed_excursion_reversion,c8c63ffba2c5d3b0621cc92207ceeb2187c0720bc6ecdd2f5f8d887ca6f0cd93,8,778,0.507712082262,0.007904884319,-0.593576797306,-461.802748303948,-2.796540160555,-2175.708244911862,0.610722269195,15.953663239074,-15.568444730077,10.675000000001,-8.975000000001,4.199228791774,4.001285347044,-34.133319161410,33.547582469369,0.923935064665,0.687594528189,-640.063205614636,-805.750039823791,4,97
R1C04_failed_48bar_all_liquid,failed_excursion_reversion,c8c63ffba2c5d3b0621cc92207ceeb2187c0720bc6ecdd2f5f8d887ca6f0cd93,12,778,0.476863753213,-1.456169665810,-2.057651347434,-1600.852748303989,-4.260614710684,-3314.758244911902,-0.866714666466,18.793830334190,-19.141259640103,13.425000000001,-10.975000000002,5.893316195373,5.717223650386,-47.527791463850,38.418183021600,0.798508563847,0.626650362492,-1988.289582513147,-2194.550039823829,2,97
R1C04_failed_48bar_all_liquid,failed_excursion_reversion,c8c63ffba2c5d3b0621cc92207ceeb2187c0720bc6ecdd2f5f8d887ca6f0cd93,16,778,0.488431876607,-1.515616966581,-2.117098648206,-1647.102748303992,-4.320062011455,-3361.008244911905,-0.604765193368,20.941902313625,-22.038110539846,15.350000000001,-13.225000000000,7.672236503856,7.398457583548,-51.680215164956,42.206688773457,0.812622281090,0.653731997296,-2101.289582513146,-2285.901436763600,2,97
R1C04_failed_48bar_all_liquid,failed_excursion_reversion,c8c63ffba2c5d3b0621cc92207ceeb2187c0720bc6ecdd2f5f8d887ca6f0cd93,24,778,0.465295629820,-3.132904884319,-3.734386565943,-2905.352748304036,-5.937349929193,-4619.258244911949,-1.858051529794,25.256876606684,-27.519344473008,17.449999999999,-17.625000000000,11.404884318766,11.827763496144,-67.360975570916,51.374233789650,0.747390634740,0.629196134198,-3642.389582513198,-3887.851436763651,1,97
R1C04_failed_48bar_all_liquid,failed_excursion_reversion,c8c63ffba2c5d3b0621cc92207ceeb2187c0720bc6ecdd2f5f8d887ca6f0cd93,32,772,0.471502590674,-4.793134715026,-5.394058267564,-4164.212982559192,-7.595905372639,-5864.038947677499,-1.640346266591,29.244235751295,-33.513730569948,20.025000000003,-22.050000000002,14.926165803109,16.128238341969,-77.796898994380,57.263664313661,0.703369673272,0.608190690009,-5144.049816768356,-5411.530890883530,1,96
R1C04_failed_48bar_all_liquid,failed_excursion_reversion,c8c63ffba2c5d3b0621cc92207ceeb2187c0720bc6ecdd2f5f8d887ca6f0cd93,48,762,0.455380577428,-7.386745406824,-7.988240365654,-6087.039158628373,-10.191230283314,-7765.717475885112,-3.906206891401,34.469422572178,-41.778412073491,24.575000000002,-28.674999999998,21.523622047244,24.560367454068,-82.402031914894,68.463078379734,0.639185897607,0.563935486038,-6804.425992837540,-7098.828857274238,1,96
R1C05_failed_prior_day,failed_excursion_reversion,d11c282ebdb4f8ca68e36904c707647706806db17dc14e04564d8101be2323d3,1,448,0.493303571429,0.257700892857,-0.333018725691,-149.192389109448,-2.514457962786,-1126.477167328319,-0.127610627057,5.750000000000,-5.391294642857,3.550000000001,-3.500000000001,0.979910714286,0.968750000000,-12.549931421244,12.294757479603,0.888016350955,0.413154892186,-267.645105357241,-303.013106717487,1,62
R1C05_failed_prior_day,failed_excursion_reversion,d11c282ebdb4f8ca68e36904c707647706806db17dc14e04564d8101be2323d3,2,448,0.500000000000,0.518750000000,-0.071969618548,-32.242389109428,-2.253408855644,-1009.527167328299,0.001930729549,8.177232142857,-7.165401785714,5.500000000001,-4.550000000000,1.482142857143,1.379464285714,-16.661728616222,15.239516603324,0.980929559488,0.550296912063,-314.245105357219,-373.163106717480,2,62
R1C05_failed_prior_day,failed_excursion_reversion,d11c282ebdb4f8ca68e36904c707647706806db17dc14e04564d8101be2323d3,3,448,0.484375000000,0.400334821429,-0.190384797119,-85.292389109439,-2.371824034215,-1062.577167328309,-0.329367327665,9.833705357143,-8.391629464286,7.074999999999,-5.575000000000,1.984375000000,1.830357142857,-19.700505996579,16.087007173428,0.956372412300,0.575461937659,-318.395105357229,-398.663106717488,3,62
R1C05_failed_prior_day,failed_excursion_reversion,d11c282ebdb4f8ca68e36904c707647706806db17dc14e04564d8101be2323d3,4,448,0.515625000000,0.954129464286,0.363409845738,162.807610890547,-1.818029391358,-814.477167328324,0.414192913383,11.185937500000,-9.394084821429,8.175000000001,-6.375000000001,2.488839285714,2.281250000000,-21.700721937903,18.753721983477,1.078039917504,0.687132673690,-123.445105357246,-210.618349110215,4,62
R1C05_failed_prior_day,failed_excursion_reversion,d11c282ebdb4f8ca68e36904c707647706806db17dc14e04564d8101be2323d3,6,448,0.546875000000,1.189620535714,0.598900917166,268.307610890564,-1.582538319929,-708.977167328306,1.485812386970,13.905915178571,-11.214955357143,10.375000000001,-7.574999999999,3.500000000000,3.087053571429,-24.690899818676,24.894594631986,1.105292559312,0.766038124325,49.054894642774,-96.354187144498,4,62
R1C05_failed_prior_day,failed_excursion_reversion,d11c282ebdb4f8ca68e36904c707647706806db17dc14e04564d8101be2323d3,8,447,0.507829977629,0.295413870246,-0.295343622953,-132.018599460036,-2.476858609351,-1107.155798380075,0.298940914158,15.458165548098,-13.203803131991,11.699999999996,-8.500000000004,4.288590604027,3.953020134228,-32.715882469987,28.064215773172,0.958450065764,0.699536319464,-322.277681247304,-491.480397495096,3,62
R1C05_failed_prior_day,failed_excursion_reversion,d11c282ebdb4f8ca68e36904c707647706806db17dc14e04564d8101be2323d3,12,447,0.510067114094,0.206823266219,-0.383934226980,-171.618599460043,-2.565449213378,-1146.755798380082,0.387245533859,17.722147651007,-15.817897091723,13.650000000001,-9.649999999999,5.847874720358,5.476510067114,-40.083432324388,31.090374173338,0.955671974179,0.737976634827,-478.621315707833,-732.422698715292,3,62
R1C05_failed_prior_day,failed_excursion_reversion,d11c282ebdb4f8ca68e36904c707647706806db17dc14e04564d8101be2323d3,16,445,0.523595505618,2.276404494382,1.685811895307,750.186293411822,-0.495373302842,-220.441119764560,1.722781316349,22.083483146067,-18.032359550562,16.700000000000,-10.899999999998,8.013483146067,7.235955056180,-41.499999999999,42.169663876832,1.181324881216,0.952184844099,169.511802756086,-159.596287384737,4,62
R1C05_failed_prior_day,failed_excursion_reversion,d11c282ebdb4f8ca68e36904c707647706806db17dc14e04564d8101be2323d3,24,444,0.554054054054,4.000000000000,3.409311793841,1513.734436465476,1.227935381523,545.203309396383,2.567316335486,28.077815315315,-21.494256756757,20.900000000000,-13.225000000000,12.468468468468,10.763513513514,-52.797911744416,56.440768965922,1.311820083140,1.102717410515,550.859945809739,27.751855668922,5,62
R1C05_failed_prior_day,failed_excursion_reversion,d11c282ebdb4f8ca68e36904c707647706806db17dc14e04564d8101be2323d3,32,442,0.542986425339,3.324321266968,2.733739633411,1208.312917967799,0.552576366297,244.238753903421,2.535665102778,32.751244343891,-26.089253393665,23.775000000002,-16.749999999999,16.273755656109,15.090497737557,-60.926100809170,75.164601506343,1.198389818760,1.037324609279,298.238427312062,-275.019662828757,4,61
R1C05_failed_prior_day,failed_excursion_reversion,d11c282ebdb4f8ca68e36904c707647706806db17dc14e04564d8101be2323d3,48,441,0.507936507937,-0.407029478458,-0.997624407534,-439.952363722326,-3.178814265685,-1401.857091166986,0.690147401086,38.501587301587,-33.853741496599,27.700000000002,-20.950000000002,23.467120181406,22.596371882086,-89.167078825347,87.570462925028,0.945829452709,0.837094146811,-1382.376854378063,-2076.434944518876,4,60
R1C06_failed_london_open_07_09,failed_excursion_reversion,e1454bb4248d56ee2082c0b60f500d503b36a154b309a1a87a48a97f6ea29dac,1,491,0.446028513238,-0.201629327902,-0.780021908495,-382.990757071027,-2.936807069680,-1441.972271213072,-0.617619472978,5.828309572301,-6.172097759674,3.750000000002,-3.450000000001,0.977596741344,0.967413441955,-14.024999999998,10.980899664738,0.775827248641,0.392415920127,-447.674448399585,-507.589251955821,1,75
R1C06_failed_london_open_07_09,failed_excursion_reversion,e1454bb4248d56ee2082c0b60f500d503b36a154b309a1a87a48a97f6ea29dac,2,491,0.476578411405,-0.762525458248,-1.340918038841,-658.390757071006,-3.497703200027,-1717.372271213051,-0.492325056436,8.271079429735,-9.056415478615,5.150000000003,-5.400000000000,1.482688391039,1.441955193483,-22.145309580741,17.222035401054,0.740858916602,0.454913691611,-747.743633807533,-835.358437363770,1,75
R1C06_failed_london_open_07_09,failed_excursion_reversion,e1454bb4248d56ee2082c0b60f500d503b36a154b309a1a87a48a97f6ea29dac,3,491,0.478615071283,-0.241140529532,-0.819533110124,-402.390757071037,-2.976318271310,-1461.372271213082,-0.450052465897,10.217107942974,-10.706517311609,6.800000000001,-6.399999999996,1.973523421589,1.912423625255,-24.128680877958,21.693434105603,0.855807706568,0.568223640060,-553.055560627270,-680.508437363797,2,75
R1C06_failed_london_open_07_09,failed_excursion_reversion,e1454bb4248d56ee2082c0b60f500d503b36a154b309a1a87a48a97f6ea29dac,4,491,0.509164969450,0.230753564155,-0.347639016438,-170.690757070993,-2.504424177623,-1229.672271213039,0.200000000001,11.753258655805,-11.994908350305,7.950000000000,-7.249999999999,2.478615071283,2.307535641548,-29.155682736332,24.960504014275,0.943305063708,0.655519984176,-347.405560627227,-508.158437363754,3,75
R1C06_failed_london_open_07_09,failed_excursion_reversion,e1454bb4248d56ee2082c0b60f500d503b36a154b309a1a87a48a97f6ea29dac,6,491,0.539714867617,0.107841140530,-0.470551440063,-231.040757070996,-2.627336601249,-1290.022271213041,1.000000000001,14.481466395112,-15.253869653768,9.600000000000,-8.400000000000,3.513238289206,3.103869653768,-35.930628709042,32.212249785201,0.938992578152,0.701501288131,-379.155560627230,-499.827094405478,3,75
R1C06_failed_london_open_07_09,failed_excursion_reversion,e1454bb4248d56ee2082c0b60f500d503b36a154b309a1a87a48a97f6ea29dac,8,491,0.539714867617,1.382382892057,0.803990311464,394.759242929045,-1.352794849721,-664.222271213001,1.166801619433,17.230855397149,-16.746028513238,11.850000000001,-9.850000000000,4.629327902240,3.847250509165,-34.751319590944,38.843713824589,1.099821172524,0.851781883362,29.287709150796,-130.125911409815,3,75
R1C06_failed_london_open_07_09,failed_excursion_reversion,e1454bb4248d56ee2082c0b60f500d503b36a154b309a1a87a48a97f6ea29dac,12,491,0.509164969450,1.628309572301,1.049916991709,515.509242928969,-1.106868169477,-543.472271213076,0.599709396190,21.452851323829,-20.744908350306,14.449999999999,-13.400000000001,6.435845213849,5.564154786151,-42.202294531442,46.735893051921,1.103694960902,0.901532087565,-67.712290849284,-291.897228619171,3,75
R1C06_failed_london_open_07_09,failed_excursion_reversion,e1454bb4248d56ee2082c0b60f500d503b36a154b309a1a87a48a97f6ea29dac,16,491,0.519348268839,0.351934826884,-0.226457753709,-111.190757071013,-2.383242914894,-1170.172271213059,0.959825102881,24.527596741344,-24.206619144603,17.449999999999,-16.550000000001,8.201629327902,7.152749490835,-52.733280393000,54.379899493382,0.981090926877,0.817764860952,-564.912290849262,-819.045244901474,3,75
R1C06_failed_london_open_07_09,failed_excursion_reversion,e1454bb4248d56ee2082c0b60f500d503b36a154b309a1a87a48a97f6ea29dac,24,486,0.543209876543,0.127983539095,-0.451094293808,-219.231826790598,-2.609249959613,-1268.095480371824,1.947462502623,28.358024691358,-27.597325102881,19.499999999999,-20.049999999999,10.872427983539,9.524691358025,-61.915360587462,58.899410035541,0.964705705330,0.811424424302,-683.503360568852,-1085.036314621073,3,71
R1C06_failed_london_open_07_09,failed_excursion_reversion,e1454bb4248d56ee2082c0b60f500d503b36a154b309a1a87a48a97f6ea29dac,32,484,0.522727272727,-1.611880165289,-2.191083587205,-1060.484456207212,-4.349490431036,-2105.153368621635,1.573806963841,30.075206611570,-29.766219008264,20.774999999999,-20.900000000000,13.400826446281,11.828512396694,-72.647309417040,52.451500904200,0.849767470354,0.722287075797,-1352.917410259437,-1620.216701344465,3,71
R1C06_failed_london_open_07_09,failed_excursion_reversion,e1454bb4248d56ee2082c0b60f500d503b36a154b309a1a87a48a97f6ea29dac,48,471,0.524416135881,-2.521974522293,-3.088172831732,-1454.529403745589,-5.220569450609,-2458.888211236761,1.900000000000,34.286199575371,-38.248726114650,26.350000000002,-24.650000000000,20.074309978769,19.063694267516,-73.203186856691,67.000404492008,0.830961099825,0.729793855850,-1838.462357797807,-2169.448675105998,2,71
R1D01_legacy_compression_4v4,compression_expansion,07097a0c958d4f116f3718e4128a2de038164a8d3d185219c751dbb7330abba2,1,535,0.422429906542,0.013551401869,-0.562262518312,-300.810447297183,-2.713890358676,-1451.931341891456,-0.707098381071,5.392242990654,-5.352803738318,3.500000000000,-3.600000000000,0.971962616822,0.986915887850,-11.302793431109,11.678242775779,0.806201199814,0.371779690675,-429.060794604953,-481.074233746042,1,76
R1D01_legacy_compression_4v4,compression_expansion,07097a0c958d4f116f3718e4128a2de038164a8d3d185219c751dbb7330abba2,2,535,0.471028037383,0.278691588785,-0.297122331397,-158.960447297209,-2.448750171760,-1310.081341891482,-0.550000000002,8.052242990654,-7.745046728972,5.050000000000,-5.150000000000,1.456074766355,1.467289719626,-17.106351648353,17.589813795800,0.925980486626,0.536771893867,-255.660794604975,-347.644090983393,2,76
R1D01_legacy_compression_4v4,compression_expansion,07097a0c958d4f116f3718e4128a2de038164a8d3d185219c751dbb7330abba2,3,535,0.444859813084,0.116168224299,-0.459645695883,-245.910447297159,-2.611273536246,-1397.031341891432,-1.188100752752,9.942803738318,-9.407850467290,6.399999999999,-6.150000000000,1.932710280374,1.960747663551,-18.025709532659,20.077140531741,0.903667133979,0.570723291141,-364.423886438253,-474.107182816673,2,76
R1D01_legacy_compression_4v4,compression_expansion,07097a0c958d4f116f3718e4128a2de038164a8d3d185219c751dbb7330abba2,4,535,0.452336448598,0.450934579439,-0.124879340742,-66.810447297214,-2.276507181106,-1217.931341891486,-0.845674967234,11.407009345794,-10.628317757009,7.600000000002,-7.249999999999,2.400000000000,2.429906542056,-20.400633305372,21.730880929332,0.975612967368,0.643810281555,-212.811266432998,-350.974705574094,2,76
R1D01_legacy_compression_4v4,compression_expansion,07097a0c958d4f116f3718e4128a2de038164a8d3d185219c751dbb7330abba2,6,535,0.472897196262,0.084579439252,-0.491234480929,-262.810447297149,-2.642862321292,-1413.931341891422,-1.394699646641,14.282616822430,-13.475794392523,9.049999999999,-9.249999999997,3.293457943925,3.379439252336,-32.729099929014,28.865757372228,0.929635835834,0.677817565784,-461.111266432936,-602.111613740709,3,76
R1D01_legacy_compression_4v4,compression_expansion,07097a0c958d4f116f3718e4128a2de038164a8d3d185219c751dbb7330abba2,8,535,0.487850467290,0.588878504673,0.013064584491,6.989552702869,-2.138563255872,-1144.131341891404,-0.250372066401,16.455794392523,-15.636448598131,11.050000000000,-10.599999999999,4.164485981308,4.362616822430,-33.136937244202,34.816912046112,1.001690191638,0.759498213615,-137.061266432919,-265.194562811341,3,76
R1D01_legacy_compression_4v4,compression_expansion,07097a0c958d4f116f3718e4128a2de038164a8d3d185219c751dbb7330abba2,12,535,0.504672897196,0.012523364486,-0.563290555696,-301.360447297158,-2.714918396059,-1452.481341891431,0.088429752069,20.136168224299,-20.178971962617,12.649999999996,-13.600000000002,5.958878504673,6.299065420561,-44.546100130116,39.261666666664,0.943545311891,0.755562454882,-446.286514765334,-586.819811143752,3,76
R1D01_legacy_compression_4v4,compression_expansion,07097a0c958d4f116f3718e4128a2de038164a8d3d185219c751dbb7330abba2,16,535,0.500934579439,0.603644859813,0.027830939632,14.889552702861,-2.123796900732,-1136.231341891412,0.151405009162,23.205700934579,-22.708691588785,14.800000000002,-15.150000000000,7.773831775701,7.747663551402,-48.523998895553,46.169918784287,1.002533175075,0.824680854616,-149.901686905172,-303.844037864610,3,76
R1D01_legacy_compression_4v4,compression_expansion,07097a0c958d4f116f3718e4128a2de038164a8d3d185219c751dbb7330abba2,24,535,0.489719626168,0.567663551402,-0.008150368780,-4.360447297164,-2.159778209143,-1155.481341891437,-0.500000000000,28.430093457944,-27.879252336449,19.000000000000,-18.699999999998,11.056074766355,11.405607476636,-61.595984315845,63.853201542950,0.999395000990,0.852199264223,-291.390187803319,-517.616255271499,3,76
R1D01_legacy_compression_4v4,compression_expansion,07097a0c958d4f116f3718e4128a2de038164a8d3d185219c751dbb7330abba2,32,534,0.503745318352,1.199250936330,0.624238543989,333.343382490052,-1.525786240692,-814.769852529751,0.083933134583,31.968352059925,-30.421910112360,21.350000000000,-21.249999999999,14.024344569288,14.117977528090,-57.660606770007,72.808376725552,1.044440216957,0.899361268225,-18.436358016105,-271.860531834915,3,76
R1D01_legacy_compression_4v4,compression_expansion,07097a0c958d4f116f3718e4128a2de038164a8d3d185219c751dbb7330abba2,48,521,0.479846449136,1.767754318618,1.198551457184,624.445309192881,-0.939854265684,-489.664072421240,-1.959006211179,36.965163147793,-34.929078694818,26.599999999996,-23.949999999999,19.627639155470,20.568138195777,-67.347735191635,82.100000000002,1.074488919019,0.945464817529,292.465568686726,11.896664595996,5,72
R1D02_legacy_compression_8v8,compression_expansion,af5346345fa844ff9d83ac5c60c99009f97967b9f0ea2aa1bc110a357bf621ec,1,324,0.447530864198,0.651697530864,0.065927123934,21.360388154545,-2.105613689927,-682.218835536383,-0.697834288000,6.942901234568,-5.649845679012,3.925000000000,-3.399999999999,0.987654320988,0.972222222222,-13.044938391525,14.934029786002,1.020469505680,0.541146112801,-129.727341611408,-192.427537650593,3,45
R1D02_legacy_compression_8v8,compression_expansion,af5346345fa844ff9d83ac5c60c99009f97967b9f0ea2aa1bc110a357bf621ec,2,324,0.462962962963,0.508950617284,-0.076819789647,-24.889611845527,-2.248360603508,-728.468835536455,-0.592029352227,9.768209876543,-8.662962962963,5.674999999999,-5.374999999998,1.447530864198,1.493827160494,-19.601350869048,20.761099447191,0.983511854274,0.621997108136,-200.927341611481,-290.110637989902,3,45
R1D02_legacy_compression_8v8,compression_expansion,af5346345fa844ff9d83ac5c60c99009f97967b9f0ea2aa1bc110a357bf621ec,3,324,0.432098765432,-0.725617283951,-1.311387690881,-424.889611845492,-3.482928504742,-1128.468835536421,-1.232812410509,11.152006172839,-11.072685185185,6.774999999999,-7.149999999999,1.867283950617,2.021604938272,-23.780734126989,22.981773467260,0.788895050500,0.538915873442,-588.227341611449,-687.810637989868,2,45
R1D02_legacy_compression_8v8,compression_expansion,af5346345fa844ff9d83ac5c60c99009f97967b9f0ea2aa1bc110a357bf621ec,4,324,0.425925925926,-0.579629629630,-1.165400036560,-377.589611845491,-3.336940850421,-1081.168835536419,-1.244099704370,12.546604938272,-13.151697530864,7.825000000000,-8.425000000001,2.287037037037,2.564814814815,-30.252894531818,24.949342452210,0.820798846990,0.574110325204,-512.777341611443,-633.460637989866,2,45
R1D02_legacy_compression_8v8,compression_expansion,af5346345fa844ff9d83ac5c60c99009f97967b9f0ea2aa1bc110a357bf621ec,6,324,0.462962962963,0.312191358025,-0.273579048906,-88.639611845474,-2.445119862767,-792.218835536403,-1.566912406067,15.522067901235,-16.186574074074,9.800000000001,-9.674999999999,3.055555555556,3.521604938272,-36.434971959734,36.022658103622,0.965119183204,0.730391554628,-303.121254073240,-477.558983839198,3,45
R1D02_legacy_compression_8v8,compression_expansion,af5346345fa844ff9d83ac5c60c99009f97967b9f0ea2aa1bc110a357bf621ec,8,324,0.453703703704,-0.988580246914,-1.574350653844,-510.089611845473,-3.745891467705,-1213.668835536401,-2.016945532218,17.489043209876,-19.054938271605,11.375000000001,-12.349999999998,4.015432098765,4.567901234568,-38.224433554948,33.425743884977,0.838174262287,0.658432079487,-707.871254073244,-828.869681354629,1,45
R1D02_legacy_compression_8v8,compression_expansion,af5346345fa844ff9d83ac5c60c99009f97967b9f0ea2aa1bc110a357bf621ec,12,324,0.484567901235,-0.314351851852,-0.900122258782,-291.639611845494,-3.071663072643,-995.218835536423,-0.238993927123,21.414969135802,-24.134259259259,12.600000000000,-16.099999999999,5.848765432099,6.265432098765,-49.846537354569,44.375664217659,0.923889384751,0.763525423370,-541.321254073263,-785.458937107484,3,45
R1D02_legacy_compression_8v8,compression_expansion,af5346345fa844ff9d83ac5c60c99009f97967b9f0ea2aa1bc110a357bf621ec,16,324,0.466049382716,-0.241975308642,-0.827745715572,-268.189611845469,-2.999286529433,-971.768835536397,-1.879949769779,25.264969135802,-26.866203703704,14.450000000001,-16.899999999998,7.558641975309,7.922839506173,-52.338610249868,56.299776139778,0.938972845125,0.796845624925,-569.038039126861,-854.216441567390,4,45
R1D02_legacy_compression_8v8,compression_expansion,af5346345fa844ff9d83ac5c60c99009f97967b9f0ea2aa1bc110a357bf621ec,24,324,0.490740740741,-0.143981481482,-0.729751888412,-236.439611845486,-2.901292702273,-940.018835536415,-0.747608941710,30.264197530864,-31.565432098765,18.275000000000,-19.950000000000,10.694444444444,10.845679012346,-66.659052697450,73.112419146186,0.951878094191,0.822074746135,-766.988039126873,-1012.469681354639,4,45
R1D02_legacy_compression_8v8,compression_expansion,af5346345fa844ff9d83ac5c60c99009f97967b9f0ea2aa1bc110a357bf621ec,32,322,0.487577639752,1.534472049689,0.948559085483,305.436025525537,-1.223266842929,-393.891923423270,-0.779028095075,35.001552795031,-33.727173913043,20.950000000002,-22.949999999997,14.304347826087,13.928571428571,-60.696208126840,82.027903072676,1.058763544241,0.929285537678,-536.062401755855,-867.540804196383,4,44
R1D02_legacy_compression_8v8,compression_expansion,af5346345fa844ff9d83ac5c60c99009f97967b9f0ea2aa1bc110a357bf621ec,48,313,0.456869009585,-0.713099041534,-1.293939102933,-405.002939218067,-3.455619225732,-1081.608817654128,-5.613539445629,39.921884984025,-40.542332268371,24.599999999998,-30.099999999999,19.552715654952,21.162939297125,-77.744901245821,88.976443574225,0.934950338444,0.836083677400,-1175.351366499456,-1534.729768939984,3,42
R1D03_compression_12v12,compression_expansion,ad63bdfe58004d6303f8acd53f6a80063e118e3d3fa9f8de2e05018adfaeb321,1,558,0.426523297491,-0.238709677419,-0.845063015738,-471.545162781802,-3.057769692375,-1706.235488345327,-0.857057772482,5.429032258065,-5.273387096774,3.500000000000,-3.500000000001,0.985663082437,0.980286738351,-11.654735788496,11.071043233081,0.718710869259,0.318155944962,-527.322039968672,-555.086779981673,1,83
R1D03_compression_12v12,compression_expansion,ad63bdfe58004d6303f8acd53f6a80063e118e3d3fa9f8de2e05018adfaeb321,2,558,0.435483870968,-0.332795698925,-0.939149037243,-524.045162781788,-3.151855713880,-1758.735488345313,-1.122644276252,7.450537634409,-7.791935483871,4.500000000003,-4.975000000000,1.412186379928,1.514336917563,-16.297466491670,17.244562311643,0.769249839528,0.424518292743,-606.222039968654,-654.959390900315,1,83
R1D03_compression_12v12,compression_expansion,ad63bdfe58004d6303f8acd53f6a80063e118e3d3fa9f8de2e05018adfaeb321,3,558,0.431899641577,-0.816308243728,-1.422661582046,-793.845162781814,-3.635368258683,-2028.535488345339,-1.382313892841,8.998118279570,-9.657974910394,5.300000000000,-6.375000000000,1.876344086022,2.017921146953,-19.307500000002,20.840872882278,0.724018806648,0.445680052206,-878.622039968684,-956.751154302952,2,83
R1D03_compression_12v12,compression_expansion,ad63bdfe58004d6303f8acd53f6a80063e118e3d3fa9f8de2e05018adfaeb321,4,558,0.433691756272,-0.291845878136,-0.898199216455,-501.195162781811,-3.110905893092,-1735.885488345336,-1.352730695591,10.521594982079,-11.197222222222,6.699999999999,-7.500000000002,2.308243727599,2.510752688172,-25.552420053153,25.322800590581,0.836108148631,0.545324694047,-662.387869391962,-757.064746578831,3,83
R1D03_compression_12v12,compression_expansion,ad63bdfe58004d6303f8acd53f6a80063e118e3d3fa9f8de2e05018adfaeb321,6,558,0.469534050179,0.337724014337,-0.268629323982,-149.895162781754,-2.481336000619,-1384.585488345279,-1.121017858784,13.483333333333,-13.750985663082,8.549999999998,-8.625000000001,3.306451612903,3.480286738351,-33.724220039639,35.230944235851,0.961006645004,0.695656434235,-456.287869391905,-576.664746578783,4,83
R1D03_compression_12v12,compression_expansion,ad63bdfe58004d6303f8acd53f6a80063e118e3d3fa9f8de2e05018adfaeb321,8,557,0.466786355476,0.676211849192,0.069667571307,38.804837218224,-2.143420984462,-1193.885488345301,-1.293019413466,16.048473967684,-16.101974865350,9.750000000003,-10.100000000000,4.201077199282,4.459605026930,-34.363413206207,37.556469639520,1.008631934995,0.769943150149,-398.810036932874,-683.052743543029,4,83
R1D03_compression_12v12,compression_expansion,ad63bdfe58004d6303f8acd53f6a80063e118e3d3fa9f8de2e05018adfaeb321,12,554,0.483754512635,1.994584837545,1.390220641173,770.182235210112,-0.818507751570,-453.453294369649,-0.441748768472,20.602617328520,-18.967238267148,11.650000000000,-11.999999999999,5.992779783394,6.057761732852,-39.024081828875,43.283591252651,1.161173469241,0.916747659025,325.617361059016,-21.525345551135,4,82
R1D03_compression_12v12,compression_expansion,ad63bdfe58004d6303f8acd53f6a80063e118e3d3fa9f8de2e05018adfaeb321,16,553,0.479204339964,2.509584086799,1.909466810032,1055.935145947505,-0.290767743504,-160.794562157483,-0.658773181168,23.590235081374,-20.992405063291,13.399999999999,-13.700000000003,7.490054249548,7.674502712477,-42.587061423948,49.606376518216,1.199799203944,0.972965290042,636.270271796408,260.393394609532,4,82
R1D03_compression_12v12,compression_expansion,ad63bdfe58004d6303f8acd53f6a80063e118e3d3fa9f8de2e05018adfaeb321,24,549,0.473588342441,1.402185792350,0.807272956313,443.192853015705,-1.382552715761,-759.021440952852,-1.800000000003,28.228779599271,-25.978779599271,16.999999999999,-17.050000000000,10.998178506375,11.730418943534,-54.423478485647,62.908926293227,1.063821862273,0.900143417407,65.921920601410,-216.592953549687,4,82
R1D03_compression_12v12,compression_expansion,ad63bdfe58004d6303f8acd53f6a80063e118e3d3fa9f8de2e05018adfaeb321,32,546,0.481684981685,2.881776556776,2.286511313102,1248.435176953736,0.095980825753,52.405530861338,-1.402439024389,33.328296703297,-30.399725274725,20.524999999998,-21.475000000001,15.272893772894,16.119047619048,-55.401916883950,78.551882497785,1.162942309604,1.006301655256,675.758299766861,147.261599058829,4,80
R1D03_compression_12v12,compression_expansion,ad63bdfe58004d6303f8acd53f6a80063e118e3d3fa9f8de2e05018adfaeb321,48,534,0.485018726592,2.732771535581,2.141616403370,1143.623159399443,-0.040693861052,-21.730521801720,-2.000846389172,39.410674157303,-38.177340823970,26.750000000000,-26.524999999999,23.127340823970,23.500000000000,-73.312315696536,97.795000000001,1.121505416623,0.997831432465,553.976458691416,168.005526277116,4,79
R1D04_compression_16v16,compression_expansion,3a6ae9436a3a0d03076e6b961353dafa242eba6648771d85bca9a7b446a6d72b,1,486,0.430041152263,-0.646090534980,-1.260663004324,-612.682220101474,-3.489807943013,-1696.046660304333,-0.835239541161,5.643106995885,-5.832098765432,3.649999999999,-3.775000000000,0.985596707819,0.981481481481,-12.997608924931,10.608409015918,0.626804116955,0.281524332104,-640.541551610797,-666.388295646132,0,60
R1D04_compression_16v16,compression_expansion,3a6ae9436a3a0d03076e6b961353dafa242eba6648771d85bca9a7b446a6d72b,2,486,0.448559670782,-0.415226337449,-1.029798806793,-500.482220101458,-3.258943745482,-1583.846660304318,-1.000333046196,7.775720164609,-8.255761316872,5.050000000000,-5.824999999999,1.438271604938,1.504115226337,-17.907143281270,14.747445701449,0.752964861888,0.411478336561,-541.507025270198,-580.112576548860,0,60
R1D04_compression_16v16,compression_expansion,3a6ae9436a3a0d03076e6b961353dafa242eba6648771d85bca9a7b446a6d72b,3,486,0.438271604938,-0.818209876543,-1.432782345888,-696.332220101414,-3.661927284577,-1779.696660304274,-1.350000000000,9.310905349794,-10.031995884774,6.350000000000,-7.374999999998,1.890946502058,2.004115226337,-21.764256178771,20.406374722838,0.723534907389,0.444778309810,-776.057025270157,-839.396181048026,0,60
R1D04_compression_16v16,compression_expansion,3a6ae9436a3a0d03076e6b961353dafa242eba6648771d85bca9a7b446a6d72b,4,486,0.452674897119,-0.459156378601,-1.073728847945,-521.832220101442,-3.302873786634,-1605.196660304302,-0.847778428699,10.851543209877,-11.336213991770,7.599999999996,-8.100000000000,2.374485596708,2.462962962963,-27.247796149964,21.795789047100,0.813867965073,0.534638194188,-614.104001344036,-706.031370920862,1,60
R1D04_compression_16v16,compression_expansion,3a6ae9436a3a0d03076e6b961353dafa242eba6648771d85bca9a7b446a6d72b,6,486,0.469135802469,-0.227057613169,-0.841630082513,-409.032220101395,-3.070775021202,-1492.396660304255,-1.158802133851,13.565226337449,-13.704218106996,9.150000000001,-9.625000000000,3.335390946502,3.399176954733,-33.391654609521,33.242663484020,0.883432321066,0.638484759533,-534.154001343996,-642.043157121867,3,60
R1D04_compression_16v16,compression_expansion,3a6ae9436a3a0d03076e6b961353dafa242eba6648771d85bca9a7b446a6d72b,8,485,0.453608247423,-0.030103092784,-0.644911794024,-312.782220101451,-2.874529196504,-1394.146660304310,-1.494699646639,15.993505154639,-15.658969072165,10.449999999997,-10.700000000003,4.189690721649,4.338144329897,-33.346361592084,34.868091969801,0.923010258792,0.702875628933,-604.378468496285,-771.720065340055,3,60
R1D04_compression_16v16,compression_expansion,3a6ae9436a3a0d03076e6b961353dafa242eba6648771d85bca9a7b446a6d72b,12,483,0.480331262940,0.162732919255,-0.445551135820,-215.201198600900,-2.662119245968,-1285.803595802762,-0.351244269808,19.724844720497,-19.228157349896,12.549999999999,-12.450000000001,5.832298136646,5.931677018634,-39.995085108185,42.392270291768,0.954228704784,0.756962571462,-497.372979843496,-722.514576687272,2,60
R1D04_compression_16v16,compression_expansion,3a6ae9436a3a0d03076e6b961353dafa242eba6648771d85bca9a7b446a6d72b,16,482,0.489626556017,1.576244813278,0.972825128914,468.901712136444,-1.234014239815,-594.794863590645,-0.506292471163,22.274896265560,-20.687240663900,14.299999999997,-13.675000000002,7.321576763485,7.329875518672,-41.305501743501,45.612737118984,1.098982468848,0.887987207825,133.379930893844,-139.661665949930,2,60
R1D04_compression_16v16,compression_expansion,3a6ae9436a3a0d03076e6b961353dafa242eba6648771d85bca9a7b446a6d72b,24,480,0.475000000000,0.823750000000,0.219993429076,105.596845956374,-1.987519712773,-954.009462130812,-1.753696925330,27.364270833333,-25.421562500000,17.750000000001,-17.550000000001,10.970833333333,11.604166666667,-54.136610767788,63.693316184875,1.016930300897,0.860042409331,-210.044750887399,-523.427198404301,2,60
R1D04_compression_16v16,compression_expansion,3a6ae9436a3a0d03076e6b961353dafa242eba6648771d85bca9a7b446a6d72b,32,478,0.495815899582,2.696652719665,2.092596031604,1000.260903106807,-0.115517344518,-55.217290679537,-0.253484848484,32.923849372385,-29.978661087866,20.875000000001,-21.725000000001,15.081589958159,16.309623430962,-52.275750683486,77.687575804510,1.145214635776,0.992585680212,419.589121864209,84.456674347304,4,60
R1D04_compression_16v16,compression_expansion,3a6ae9436a3a0d03076e6b961353dafa242eba6648771d85bca9a7b446a6d72b,48,471,0.496815286624,3.893630573248,3.293792944465,1551.376476843048,1.094117686898,515.329430529134,-0.227713779356,40.012314225053,-37.932908704883,26.349999999999,-26.600000000002,22.653927813163,23.938428874735,-72.770729478053,91.090891840607,1.188906539680,1.058939609383,1123.734879999269,732.902432482365,4,60
R1D05_compression_24v24,compression_expansion,f2d43ce0173f4f8669c4a947af9bbc78d48ed7325c0c675612c4c064dde25f22,1,388,0.440721649485,-0.327835051547,-0.937342462741,-363.688875543616,-3.156357285131,-1224.666626630731,-0.835239541161,5.901417525773,-5.850257731959,3.924999999997,-3.725000000001,0.979381443299,0.989690721649,-11.953258845514,9.898843771869,0.712970806647,0.326312554519,-414.688875543614,-465.219748725800,0,51
R1D05_compression_24v24,compression_expansion,f2d43ce0173f4f8669c4a947af9bbc78d48ed7325c0c675612c4c064dde25f22,2,388,0.435567010309,-0.616108247423,-1.225615658617,-475.538875543541,-3.444630481007,-1336.516626630656,-1.325851607960,8.230154639175,-8.346778350515,5.674999999999,-6.175000000000,1.409793814433,1.515463917526,-18.397049486493,16.347671103361,0.728080143416,0.416857971256,-561.188875543540,-617.320582242144,2,51
R1D05_compression_24v24,compression_expansion,f2d43ce0173f4f8669c4a947af9bbc78d48ed7325c0c675612c4c064dde25f22,3,388,0.414948453608,-1.031314432990,-1.640821844184,-636.638875543534,-3.859836666574,-1497.616626630649,-1.602429149801,9.783891752577,-10.381185567010,6.875000000001,-7.599999999999,1.871134020619,2.061855670103,-22.803121526138,22.384075929154,0.713547364644,0.458791272235,-716.688875543533,-785.219748725717,2,51
R1D05_compression_24v24,compression_expansion,f2d43ce0173f4f8669c4a947af9bbc78d48ed7325c0c675612c4c064dde25f22,4,388,0.420103092784,-0.728865979381,-1.338373390576,-519.288875543558,-3.557388212966,-1380.266626630673,-2.081733444276,11.181443298969,-11.533247422680,7.650000000002,-8.325000000001,2.247422680412,2.512886597938,-27.674696452646,26.117147541229,0.786469580390,0.534084816566,-643.119748725741,-737.009600069366,2,51
R1D05_compression_24v24,compression_expansion,f2d43ce0173f4f8669c4a947af9bbc78d48ed7325c0c675612c4c064dde25f22,6,388,0.430412371134,-1.120231958763,-1.729739369958,-671.138875543534,-3.948754192347,-1532.116626630649,-2.287965964343,13.293041237113,-13.714819587629,8.525000000002,-9.575000000000,3.041237113402,3.489690721649,-31.889103642146,28.521725501027,0.767013458140,0.548693687633,-829.369748725720,-944.859600069346,3,51
R1D05_compression_24v24,compression_expansion,f2d43ce0173f4f8669c4a947af9bbc78d48ed7325c0c675612c4c064dde25f22,8,388,0.448453608247,-2.029768041237,-2.639275452432,-1024.038875543562,-4.858290274821,-1885.016626630677,-2.000000000001,14.656314432990,-15.888917525773,10.250000000002,-10.550000000002,3.858247422680,4.365979381443,-34.463846102127,28.803125384144,0.698574255191,0.517261319969,-1190.219748725742,-1304.709600069369,1,51
R1D05_compression_24v24,compression_expansion,f2d43ce0173f4f8669c4a947af9bbc78d48ed7325c0c675612c4c064dde25f22,12,387,0.462532299742,-1.976614987080,-2.581607302916,-999.082026228463,-4.791591934588,-1854.346078685442,-0.351244269808,17.595348837209,-19.612661498708,11.850000000001,-12.649999999999,5.382428940568,5.937984496124,-38.023380507550,34.098161299918,0.747244345776,0.582585951009,-1245.012899410650,-1386.061297299349,2,51
R1D05_compression_24v24,compression_expansion,f2d43ce0173f4f8669c4a947af9bbc78d48ed7325c0c675612c4c064dde25f22,16,387,0.470284237726,-1.116537467700,-1.721529783536,-666.232026228481,-3.931514415208,-1521.496078685460,-0.745040485828,19.711240310077,-21.633462532300,13.849999999999,-14.150000000001,7.059431524548,7.325581395349,-38.200101200893,39.970425375259,0.838054755371,0.668766892369,-1024.162899410665,-1220.361297299364,2,51
R1D05_compression_24v24,compression_expansion,f2d43ce0173f4f8669c4a947af9bbc78d48ed7325c0c675612c4c064dde25f22,24,385,0.449350649351,-2.961038961039,-3.566459460801,-1373.086892408521,-5.777300460326,-2224.260677225597,-3.460140562246,24.793636363636,-27.289870129870,16.450000000000,-18.450000000001,11.101298701299,12.158441558442,-59.624592545385,61.570718901453,0.762782017352,0.645851374811,-1691.235290297219,-1942.479370851213,2,51
R1D05_compression_24v24,compression_expansion,f2d43ce0173f4f8669c4a947af9bbc78d48ed7325c0c675612c4c064dde25f22,32,385,0.464935064935,-0.601428571429,-1.206849071191,-464.636892408565,-3.417690070716,-1315.810677225641,-2.995040485829,31.814155844156,-32.769090909091,19.550000000001,-23.400000000001,14.825974025974,16.275324675325,-62.576872483222,72.920177391895,0.928659218769,0.811732908826,-1031.567765590750,-1361.477809144235,3,51
R1D05_compression_24v24,compression_expansion,f2d43ce0173f4f8669c4a947af9bbc78d48ed7325c0c675612c4c064dde25f22,48,380,0.484210526316,-0.463026315789,-1.064642581644,-404.564181024554,-3.267875113352,-1241.792543073657,-2.663109828252,38.974210526316,-42.267105263158,24.000000000001,-29.275000000000,22.542105263158,24.852631578947,-88.252490739434,88.290793610888,0.948058417193,0.848991042431,-888.962578913251,-1303.475234302208,3,51
R1E01_legacy_trend_4h_resumption,trend_pullback_resumption,c0da75c40bbbbf0f744d4249d3f61cb231f25d2d65dee0f149b7988d16ca27db,1,385,0.402597402597,-0.359870129870,-0.929754774845,-357.955588315300,-3.069524064795,-1181.766764945951,-1.292563038622,5.412857142857,-5.598441558442,3.350000000000,-3.700000000003,0.992207792208,0.966233766234,-12.857915666781,10.153544217446,0.711029390113,0.340884815313,-410.694418294820,-443.303099700250,1,57
R1E01_legacy_trend_4h_resumption,trend_pullback_resumption,c0da75c40bbbbf0f744d4249d3f61cb231f25d2d65dee0f149b7988d16ca27db,2,385,0.444155844156,-0.403376623377,-0.973261268351,-374.705588315322,-3.113030558301,-1198.516764945973,-0.820743034057,7.690519480520,-7.918051948052,5.000000000001,-5.199999999999,1.438961038961,1.503896103896,-18.059776838227,16.916442560656,0.766381793509,0.433558058282,-419.864269720751,-461.436934797857,2,57
R1E01_legacy_trend_4h_resumption,trend_pullback_resumption,c0da75c40bbbbf0f744d4249d3f61cb231f25d2d65dee0f149b7988d16ca27db,3,385,0.436363636364,-0.571428571429,-1.141313216403,-439.405588315316,-3.281082506353,-1263.216764945966,-1.400000000001,9.524155844156,-9.615974025974,6.150000000002,-6.549999999999,1.911688311688,1.989610389610,-22.219999999999,21.685929727928,0.776228354329,0.488302111032,-492.777985639977,-544.100370288503,2,57
R1E01_legacy_trend_4h_resumption,trend_pullback_resumption,c0da75c40bbbbf0f744d4249d3f61cb231f25d2d65dee0f149b7988d16ca27db,4,385,0.444155844156,-0.439090909091,-1.008975554066,-388.455588315307,-3.148744844015,-1212.266764945957,-0.780507343124,10.921298701299,-11.264155844156,7.050000000001,-7.799999999997,2.322077922078,2.535064935065,-27.004507158133,21.687252979863,0.827399941757,0.557829625251,-465.284563507109,-538.457931043723,2,57
R1E01_legacy_trend_4h_resumption,trend_pullback_resumption,c0da75c40bbbbf0f744d4249d3f61cb231f25d2d65dee0f149b7988d16ca27db,6,385,0.446753246753,0.177272727273,-0.392611917702,-151.155588315279,-2.532381207652,-974.966764945930,-1.325735294117,13.830779220779,-13.942987012987,8.349999999999,-9.649999999999,3.311688311688,3.542857142857,-33.551356622616,33.701936864632,0.944071439430,0.693189987386,-265.777972963810,-370.791957610876,2,57
R1E01_legacy_trend_4h_resumption,trend_pullback_resumption,c0da75c40bbbbf0f744d4249d3f61cb231f25d2d65dee0f149b7988d16ca27db,8,385,0.441558441558,-0.218181818182,-0.788066463157,-303.405588315286,-2.927835753106,-1127.216764945937,-1.749999999999,16.323376623377,-16.590259740260,10.050000000001,-11.349999999999,4.244155844156,4.342857142857,-34.667527905183,37.413689847923,0.905545678637,0.694362868146,-431.427972963812,-553.941957610879,2,57
R1E01_legacy_trend_4h_resumption,trend_pullback_resumption,c0da75c40bbbbf0f744d4249d3f61cb231f25d2d65dee0f149b7988d16ca27db,12,385,0.462337662338,0.394285714286,-0.175598930689,-67.605588315297,-2.315368220639,-891.416764945947,-1.014199395770,20.446363636364,-19.930389610390,12.700000000001,-14.550000000003,6.025974025974,6.285714285714,-42.480156555773,45.686908060503,0.982373353057,0.792383976620,-277.919572962365,-476.922705176015,2,57
R1E01_legacy_trend_4h_resumption,trend_pullback_resumption,c0da75c40bbbbf0f744d4249d3f61cb231f25d2d65dee0f149b7988d16ca27db,16,385,0.449350649351,0.334415584416,-0.235469060559,-90.655588315309,-2.375238350509,-914.466764945960,-2.350000000002,23.307792207792,-22.688961038961,14.950000000002,-16.849999999999,7.358441558442,7.935064935065,-46.400638470923,49.835514266188,0.978984608033,0.808605075351,-365.069572962377,-577.422705176020,3,57
R1E01_legacy_trend_4h_resumption,trend_pullback_resumption,c0da75c40bbbbf0f744d4249d3f61cb231f25d2d65dee0f149b7988d16ca27db,24,384,0.484375000000,3.778776041667,3.208709405429,1232.144411684681,1.068576132953,410.333235054030,-0.948060246462,31.189192708333,-27.899739583333,20.575000000001,-20.275000000001,10.937500000000,11.778645833333,-53.573549896049,81.008628171616,1.241060504621,1.073945908980,798.093576893278,374.379592246211,3,57
R1E01_legacy_trend_4h_resumption,trend_pullback_resumption,c0da75c40bbbbf0f744d4249d3f61cb231f25d2d65dee0f149b7988d16ca27db,32,382,0.518324607330,7.608376963351,7.037943486086,2688.494411684665,4.897076531555,1870.683235054015,0.568241379310,37.101178010471,-30.557591623037,22.449999999998,-22.200000000001,15.196335078534,14.649214659686,-59.787539138944,105.650062306113,1.521167945366,1.335722477430,2151.143576893269,1666.667623370437,4,56
R1E01_legacy_trend_4h_resumption,trend_pullback_resumption,c0da75c40bbbbf0f744d4249d3f61cb231f25d2d65dee0f149b7988d16ca27db,48,376,0.529255319149,7.335372340426,6.767886485225,2544.725318444692,4.632914774825,1741.975955334025,2.030509499135,45.403989361702,-35.864893617021,27.475000000001,-25.875000000001,22.484042553191,20.707446808511,-80.871094913315,112.451308571735,1.405955241375,1.261512005896,1809.524483653290,1300.760499006225,5,54
R1E02_legacy_trend_8h_resumption,trend_pullback_resumption,23e3724d872de13027eb769e830b148786cec42dd471b0e34bc062718f364017,1,372,0.413978494624,-0.346639784946,-0.915009739657,-340.383623152364,-3.051749649078,-1135.250869457074,-1.150000000000,5.344892473118,-5.586693548387,3.350000000000,-3.700000000002,0.986559139785,0.975806451613,-13.747046509218,10.004207232536,0.711569157035,0.333540182409,-393.122453131883,-425.731134537313,1,53
R1E02_legacy_trend_8h_resumption,trend_pullback_resumption,23e3724d872de13027eb769e830b148786cec42dd471b0e34bc062718f364017,2,372,0.443548387097,-0.779838709678,-1.348208664388,-501.533623152387,-3.484948573809,-1296.400869457097,-0.856935771633,7.295161290323,-7.847446236559,4.774999999998,-4.975000000002,1.424731182796,1.510752688172,-19.962688403978,14.803144141915,0.686811009930,0.382763369283,-546.692304557816,-584.904768046653,0,53
R1E02_legacy_trend_8h_resumption,trend_pullback_resumption,23e3724d872de13027eb769e830b148786cec42dd471b0e34bc062718f364017,3,372,0.478494623656,-0.407526881720,-0.975896836431,-363.033623152351,-3.112636745852,-1157.900869457061,-0.327584493040,9.191263440860,-9.416263440860,6.025000000001,-5.900000000000,1.940860215054,1.973118279570,-22.488996934605,20.021896271830,0.796794773151,0.485227670563,-416.406020477012,-467.728405125538,3,53
R1E02_legacy_trend_8h_resumption,trend_pullback_resumption,23e3724d872de13027eb769e830b148786cec42dd471b0e34bc062718f364017,4,372,0.465053763441,-0.166397849462,-0.734767804173,-273.333623152398,-2.871507713594,-1068.200869457108,-0.576287665835,10.809677419355,-10.819892473118,6.925000000001,-6.999999999999,2.354838709677,2.465053763441,-24.118986814858,21.523166730992,0.868743841723,0.579212552030,-352.486859619474,-421.009244268003,3,53
R1E02_legacy_trend_8h_resumption,trend_pullback_resumption,23e3724d872de13027eb769e830b148786cec42dd471b0e34bc062718f364017,6,372,0.470430107527,0.598924731183,0.030554776472,11.366376847632,-2.106185132949,-783.500869457078,-0.500000000000,13.697446236559,-13.449596774194,8.275000000000,-9.000000000000,3.336021505376,3.451612903226,-32.844321050649,31.362193703752,1.004578993869,0.732000297942,-103.256007800898,-208.269992447965,3,53
R1E02_legacy_trend_8h_resumption,trend_pullback_resumption,23e3724d872de13027eb769e830b148786cec42dd471b0e34bc062718f364017,8,372,0.481182795699,0.318951612903,-0.249418341807,-92.783623152372,-2.386158251229,-887.650869457082,-0.594756333972,15.984139784946,-16.041935483871,10.000000000001,-10.200000000000,4.306451612903,4.298387096774,-34.981512368817,36.983974847332,0.968290795345,0.735803296954,-227.036859619453,-355.059244267979,3,53
R1E02_legacy_trend_8h_resumption,trend_pullback_resumption,23e3724d872de13027eb769e830b148786cec42dd471b0e34bc062718f364017,12,372,0.505376344086,1.327688172043,0.759318217332,282.466376847641,-1.377421692089,-512.400869457068,0.226100029100,19.898655913978,-19.104435483871,12.150000000001,-13.374999999998,6.185483870968,5.954301075269,-40.059945846548,45.153595245250,1.085167125548,0.862704742785,72.152392200573,-87.795583696953,4,53
R1E02_legacy_trend_8h_resumption,trend_pullback_resumption,23e3724d872de13027eb769e830b148786cec42dd471b0e34bc062718f364017,16,372,0.483870967742,1.047043010753,0.478673056042,178.066376847618,-1.658066853379,-616.800869457092,-0.911199052997,22.646505376344,-22.363709677419,14.350000000000,-15.450000000000,7.666666666667,7.653225806452,-43.848083916082,49.046865228569,1.045464643717,0.857946477338,-96.347607799450,-282.832455627099,3,53
R1E02_legacy_trend_8h_resumption,trend_pullback_resumption,23e3724d872de13027eb769e830b148786cec42dd471b0e34bc062718f364017,24,370,0.505405405405,4.218243243243,3.649503721210,1350.316376847615,1.512024677143,559.449130542905,0.162768093998,30.310000000000,-27.272432432432,19.174999999998,-19.650000000000,11.456756756757,11.421621621622,-54.563455811285,74.311133093526,1.293864810577,1.111862598377,804.523570131891,380.809585484824,5,53
R1E02_legacy_trend_8h_resumption,trend_pullback_resumption,23e3724d872de13027eb769e830b148786cec42dd471b0e34bc062718f364017,32,370,0.527027027027,7.821486486486,7.252746964453,2683.516376847623,5.115267920386,1892.649130542913,2.272415506959,35.959324324324,-29.881081081081,21.225000000000,-22.600000000000,15.959459459459,14.275675675676,-56.091450880993,94.767932621556,1.591539981754,1.384458663974,2017.673570131901,1547.559585484834,5,53
R1E02_legacy_trend_8h_resumption,trend_pullback_resumption,23e3724d872de13027eb769e830b148786cec42dd471b0e34bc062718f364017,48,366,0.527322404372,6.990573770492,6.421357631171,2350.216893008666,4.282925352530,1567.550679026022,1.936037296037,42.920901639344,-35.785382513661,26.774999999998,-27.475000000003,23.303278688525,20.387978142077,-76.519390257309,108.065221784248,1.407761363492,1.254908772888,1655.774086292944,1147.010101645879,6,51
R1E03_trend_12h_resumption,trend_pullback_resumption,90d0f87208e9aff45443c6864be13ef853dec694ab5c5a2d97902e744cce55e8,1,729,0.401920438957,-0.312345679012,-0.895722745599,-652.981881541344,-3.062476878771,-2232.545644623945,-1.099999999997,4.915363511660,-5.120096021948,2.949999999998,-3.450000000001,0.983539094650,0.979423868313,-11.619715193704,10.020591060784,0.687437160405,0.297478706165,-691.162539868119,-722.720714753480,0,100
R1E03_trend_12h_resumption,trend_pullback_resumption,90d0f87208e9aff45443c6864be13ef853dec694ab5c5a2d97902e744cce55e8,2,729,0.438957475995,-0.052674897119,-0.636051963706,-463.681881541350,-2.802806096878,-2043.245644623951,-0.820139291934,7.204320987654,-7.104869684499,4.349999999999,-4.750000000001,1.425240054870,1.485596707819,-16.560000000000,13.984168126095,0.828715168661,0.448423184655,-609.816301080858,-691.259024470682,1,100
R1E03_trend_12h_resumption,trend_pullback_resumption,90d0f87208e9aff45443c6864be13ef853dec694ab5c5a2d97902e744cce55e8,3,729,0.459533607682,0.080452674897,-0.502924391689,-366.631881541380,-2.669678524861,-1946.195644623980,-0.600000000000,8.905486968450,-8.537105624143,5.199999999999,-5.900000000000,1.925925925926,1.950617283951,-20.160000000000,20.289140835520,0.887765096716,0.538099749768,-501.616301080878,-606.874475966230,1,100
R1E03_trend_12h_resumption,trend_pullback_resumption,90d0f87208e9aff45443c6864be13ef853dec694ab5c5a2d97902e744cce55e8,4,729,0.466392318244,0.155281207133,-0.428095859453,-312.081881541351,-2.594849992625,-1891.645644623952,-0.531823529408,10.224622770919,-10.012002743484,6.350000000000,-6.649999999999,2.379972565158,2.454046639232,-21.922520759195,24.443140412629,0.916084654151,0.592672939977,-444.716301080860,-563.324475966217,1,100
R1E03_trend_12h_resumption,trend_pullback_resumption,90d0f87208e9aff45443c6864be13ef853dec694ab5c5a2d97902e744cce55e8,6,729,0.484224965706,0.704458161865,0.121081095279,88.268118458638,-2.045673037893,-1491.295644623963,-0.321556886226,12.672908093278,-12.185116598080,7.700000000000,-7.999999999998,3.371742112483,3.392318244170,-25.742151917947,28.352547304200,1.020912919156,0.707356209931,-59.485532972392,-202.226211880230,2,100
R1E03_trend_12h_resumption,trend_pullback_resumption,90d0f87208e9aff45443c6864be13ef853dec694ab5c5a2d97902e744cce55e8,8,728,0.490384615385,0.656318681319,0.072827085795,53.018118458656,-2.094156105253,-1524.545644623944,-0.462688172044,14.615041208791,-14.062156593407,9.099999999999,-9.424999999999,4.230769230769,4.263736263736,-28.418437543765,34.772389438725,1.010642408350,0.738810338967,-140.590056426701,-314.443707857734,2,100
R1E03_trend_12h_resumption,trend_pullback_resumption,90d0f87208e9aff45443c6864be13ef853dec694ab5c5a2d97902e744cce55e8,12,727,0.489683631362,1.761554332875,1.177947893341,856.368118458737,-0.989264985727,-719.195644623864,-0.299999999999,18.568294360385,-16.925034387896,11.000000000001,-11.650000000003,6.006877579092,6.134800550206,-34.479893008702,42.081357845433,1.149284769001,0.890835541846,227.066091074678,-35.542083810679,3,100
R1E03_trend_12h_resumption,trend_pullback_resumption,90d0f87208e9aff45443c6864be13ef853dec694ab5c5a2d97902e744cce55e8,16,726,0.479338842975,0.684504132231,0.100931017865,73.275918970218,-2.066215210867,-1500.072243089364,-1.032520307770,21.334228650138,-20.242217630854,12.950000000001,-13.600000000001,7.575757575758,7.898071625344,-42.287500000001,43.793724857920,1.010420719711,0.809946775131,-410.226108413831,-712.475016778791,3,100
R1E03_trend_12h_resumption,trend_pullback_resumption,90d0f87208e9aff45443c6864be13ef853dec694ab5c5a2d97902e744cce55e8,24,722,0.481994459834,2.661149584488,2.077268744049,1499.788033203268,-0.090492936828,-65.335900390170,-0.684156378600,28.048684210526,-24.782756232687,16.974999999998,-17.550000000001,11.709141274238,11.818559556787,-54.342031951642,67.262726601016,1.173078991809,0.993126638678,779.636005819209,218.627830933849,4,99
R1E03_trend_12h_resumption,trend_pullback_resumption,90d0f87208e9aff45443c6864be13ef853dec694ab5c5a2d97902e744cce55e8,32,722,0.512465373961,5.488019390582,4.904138550143,3540.788033203248,2.736376869266,1975.664099609810,0.538279445726,34.001523545706,-28.646745152355,20.774999999999,-20.200000000000,16.155124653740,15.603878116343,-57.353166825161,83.592281012017,1.387019810574,1.198722215360,2873.476937114790,2234.624909730742,5,99
R1E03_trend_12h_resumption,trend_pullback_resumption,90d0f87208e9aff45443c6864be13ef853dec694ab5c5a2d97902e744cce55e8,48,720,0.523611111111,6.841388888889,6.259019750100,4506.494220071981,4.094281472522,2947.882660215916,2.030509499135,42.660069444444,-36.123819444445,25.374999999998,-25.725000000000,25.383333333333,22.629166666667,-75.994061119293,107.432105075225,1.386599347762,1.237235692764,3550.740568640944,2641.091660275988,6,99
R1E04_trend_16h_resumption,trend_pullback_resumption,88b02ad95db6eca41b982925a97f72f3cc23baf43d5ca2d042e0c5a8a755a494,1,762,0.404199475066,-0.127230971129,-0.710941696876,-541.737573019403,-2.878363148370,-2193.312719058082,-1.080230483213,4.947769028871,-4.926574803150,2.925000000000,-3.100000000001,0.979002624672,0.979002624672,-10.925623877060,9.858486124853,0.740808963051,0.320006917548,-593.722750079125,-624.207880019654,1,111
R1E04_trend_16h_resumption,trend_pullback_resumption,88b02ad95db6eca41b982925a97f72f3cc23baf43d5ca2d042e0c5a8a755a494,2,762,0.458005249344,0.248425196850,-0.335285528897,-255.487573019359,-2.502706980391,-1907.062719058039,-0.599999999998,7.320275590551,-6.858005249344,4.349999999999,-4.499999999997,1.430446194226,1.480314960630,-16.787674315976,15.186628992399,0.907230187544,0.492450512618,-401.621992558867,-489.589431210651,3,111
R1E04_trend_16h_resumption,trend_pullback_resumption,88b02ad95db6eca41b982925a97f72f3cc23baf43d5ca2d042e0c5a8a755a494,3,762,0.472440944882,0.575000000000,-0.008710725747,-6.637573019412,-2.176132177242,-1658.212719058091,-0.291340426386,9.310104986877,-8.329921259843,5.549999999999,-5.600000000000,1.954068241470,1.954068241470,-19.685367431034,21.464617784926,0.997977895464,0.609211943645,-141.621992558910,-245.339431210694,3,111
R1E04_trend_16h_resumption,trend_pullback_resumption,88b02ad95db6eca41b982925a97f72f3cc23baf43d5ca2d042e0c5a8a755a494,4,762,0.477690288714,0.611154855643,0.027444129896,20.912426980625,-2.139977321598,-1630.662719058055,-0.316061663758,10.633333333333,-9.681955380577,6.550000000000,-6.500000000000,2.396325459318,2.422572178478,-20.782838203472,25.069201437180,1.005540373660,0.654477257518,-111.721992558884,-231.211234217929,3,111
R1E04_trend_16h_resumption,trend_pullback_resumption,88b02ad95db6eca41b982925a97f72f3cc23baf43d5ca2d042e0c5a8a755a494,6,762,0.484251968504,1.298950131234,0.715239405486,545.012426980646,-1.452182046008,-1106.562719058034,-0.299999999999,13.140551181102,-11.765813648294,7.899999999999,-7.800000000000,3.381889763780,3.380577427822,-24.911689085798,30.895149700595,1.127805694062,0.786104047299,368.773185321599,204.546212275127,3,111
R1E04_trend_16h_resumption,trend_pullback_resumption,88b02ad95db6eca41b982925a97f72f3cc23baf43d5ca2d042e0c5a8a755a494,8,761,0.488830486202,1.038501971091,0.454681244390,346.012426980628,-1.712960209012,-1303.562719058051,-0.450000000001,15.097897503285,-13.699868593955,9.100000000001,-9.299999999999,4.233902759527,4.294349540079,-29.265514436763,36.982212803276,1.067406353950,0.784380047428,118.385453934149,-100.453787724897,3,111
R1E04_trend_16h_resumption,trend_pullback_resumption,88b02ad95db6eca41b982925a97f72f3cc23baf43d5ca2d042e0c5a8a755a494,12,760,0.492105263158,2.085789473684,1.501858456554,1141.412426980740,-0.666003577708,-506.162719057939,-0.155892481447,19.006447368421,-16.495197368421,11.200000000001,-11.224999999999,6.011842105263,6.100000000000,-33.733814167623,44.673645661832,1.192524923283,0.925719892373,512.110399596682,252.771157937628,4,111
R1E04_trend_16h_resumption,trend_pullback_resumption,88b02ad95db6eca41b982925a97f72f3cc23baf43d5ca2d042e0c5a8a755a494,16,759,0.490118577075,1.623649538867,1.039749970345,789.170227492192,-1.128049166698,-856.189317523469,-0.549999999999,22.102569169960,-19.644071146245,13.300000000001,-12.600000000000,7.691699604743,7.899868247694,-41.129548595758,48.065861680928,1.110223581186,0.893567865651,305.668200108142,-77.530708256816,4,110
R1E04_trend_16h_resumption,trend_pullback_resumption,88b02ad95db6eca41b982925a97f72f3cc23baf43d5ca2d042e0c5a8a755a494,24,756,0.488095238095,3.623677248677,3.039593044610,2297.932341725274,0.871424636476,658.797025175757,-0.507311320755,28.823082010582,-24.134589947090,17.050000000000,-17.000000000000,11.763227513228,11.900793650794,-52.942400775738,71.035041254595,1.262068355479,1.068328037869,1577.780314341215,942.581405976262,5,110
R1E04_trend_16h_resumption,trend_pullback_resumption,88b02ad95db6eca41b982925a97f72f3cc23baf43d5ca2d042e0c5a8a755a494,32,755,0.517880794702,5.986754966887,5.402559393014,4078.932341725249,3.234168245266,2441.797025175733,0.647851562501,34.723509933775,-28.193973509934,21.199999999999,-19.900000000001,16.402649006623,16.029139072848,-56.780984287673,85.106250768285,1.427022951023,1.235402417177,3277.183433360298,2638.331405976250,5,110
R1E04_trend_16h_resumption,trend_pullback_resumption,88b02ad95db6eca41b982925a97f72f3cc23baf43d5ca2d042e0c5a8a755a494,48,753,0.527224435591,7.062350597610,6.479599639567,4879.138528593939,4.314097723482,3248.515585781796,2.061018998270,43.074302788845,-35.771978751660,27.350000000001,-25.099999999998,25.580345285525,22.892430278884,-76.358622832438,106.374752981260,1.396687393525,1.248011359234,3791.189620228985,2827.150378569931,5,110
R1E05_legacy_trend_24h_resumption,trend_pullback_resumption,eb9d5030db470ff6cdd7799ec682f3041d59ccdf58d2d29dc3cb3ebc1a9f7a7d,1,361,0.443213296399,0.220914127424,-0.346562100242,-125.108918187440,-2.481514555574,-895.826754562381,-0.689481707315,5.790858725762,-5.311218836565,3.800000000001,-3.300000000002,0.977839335180,0.966759002770,-12.900000000000,10.822367324254,0.881316714792,0.419676226683,-170.997748166962,-203.935628188297,2,49
R1E05_legacy_trend_24h_resumption,trend_pullback_resumption,eb9d5030db470ff6cdd7799ec682f3041d59ccdf58d2d29dc3cb3ebc1a9f7a7d,2,361,0.448753462604,0.018836565097,-0.548639662569,-198.058918187443,-2.683592117901,-968.776754562384,-0.620287958116,8.001939058172,-7.536703601108,4.900000000001,-4.950000000002,1.426592797784,1.495844875346,-19.377494491658,17.867079646016,0.862351388773,0.494114195829,-288.623014117928,-333.781695523357,3,49
R1E05_legacy_trend_24h_resumption,trend_pullback_resumption,eb9d5030db470ff6cdd7799ec682f3041d59ccdf58d2d29dc3cb3ebc1a9f7a7d,3,361,0.481994459834,0.416343490305,-0.151132737361,-54.558918187472,-2.286085192694,-825.276754562412,-0.270287958115,10.251939058172,-9.171052631579,6.600000000003,-6.149999999997,1.966759002770,1.991689750693,-21.027925407926,23.288829979517,0.967334139826,0.608295159590,-121.927482852170,-178.641578782650,3,49
R1E05_legacy_trend_24h_resumption,trend_pullback_resumption,eb9d5030db470ff6cdd7799ec682f3041d59ccdf58d2d29dc3cb3ebc1a9f7a7d,4,361,0.473684210526,0.763019390582,0.195543162916,70.591081812545,-1.939409292417,-700.126754562396,-0.400000000000,11.753462603878,-10.571052631579,7.300000000004,-7.299999999998,2.343490304709,2.479224376731,-21.841666666670,26.436128456737,1.038185964498,0.692946813416,-22.027482852150,-101.180719319227,3,49
R1E05_legacy_trend_24h_resumption,trend_pullback_resumption,eb9d5030db470ff6cdd7799ec682f3041d59ccdf58d2d29dc3cb3ebc1a9f7a7d,6,361,0.484764542936,2.350831024931,1.783354797265,643.791081812593,-0.351597658067,-126.926754562348,-0.150000000003,14.827008310249,-12.842797783933,8.800000000002,-8.950000000002,3.387811634349,3.365650969529,-23.946120492925,38.102886178860,1.305343033399,0.949636037634,508.622517147895,394.000132499365,4,49
R1E05_legacy_trend_24h_resumption,trend_pullback_resumption,eb9d5030db470ff6cdd7799ec682f3041d59ccdf58d2d29dc3cb3ebc1a9f7a7d,8,361,0.487534626039,2.051246537396,1.483770309730,535.641081812578,-0.651182145602,-235.076754562362,-0.325452488687,17.532686980610,-15.241828254847,10.850000000002,-10.700000000000,4.390581717452,4.243767313019,-29.997336729970,40.849577702703,1.205633580070,0.922092295247,389.672517147874,255.419280680794,4,49
R1E05_legacy_trend_24h_resumption,trend_pullback_resumption,eb9d5030db470ff6cdd7799ec682f3041d59ccdf58d2d29dc3cb3ebc1a9f7a7d,12,361,0.523545706371,1.971052631579,1.403576403913,506.691081812578,-0.731376051419,-264.026754562363,0.936531585220,20.960249307479,-18.629778393352,13.600000000000,-13.149999999999,6.232686980609,5.994459833795,-41.600782778866,47.792303306728,1.159137318060,0.925982511721,296.377097165509,136.429121267983,4,49
R1E05_legacy_trend_24h_resumption,trend_pullback_resumption,eb9d5030db470ff6cdd7799ec682f3041d59ccdf58d2d29dc3cb3ebc1a9f7a7d,16,361,0.506925207756,0.808033240997,0.240557013331,86.841081812598,-1.894395442001,-683.876754562342,0.599999999997,23.886980609418,-21.833518005540,16.300000000001,-15.100000000001,7.628808864266,7.695290858726,-46.966104868912,49.691334894612,1.021736826619,0.844149537620,-187.572902834470,-381.041467499167,3,49
R1E05_legacy_trend_24h_resumption,trend_pullback_resumption,eb9d5030db470ff6cdd7799ec682f3041d59ccdf58d2d29dc3cb3ebc1a9f7a7d,24,360,0.486111111111,0.969583333333,0.401919671702,144.691081812572,-1.733407651562,-624.026754562368,-0.723060246461,29.359583333333,-27.916805555555,19.675000000002,-19.499999999999,11.072222222222,11.808333333333,-62.111564225951,64.139999999999,1.027841947609,0.888533088887,-279.022902834495,-624.991467499190,3,49
R1E05_legacy_trend_24h_resumption,trend_pullback_resumption,eb9d5030db470ff6cdd7799ec682f3041d59ccdf58d2d29dc3cb3ebc1a9f7a7d,32,359,0.515320334262,3.912256267410,3.344404127612,1200.641081812551,1.208699848016,433.923245437611,1.394918330309,34.060167130919,-31.076462395543,23.349999999999,-22.700000000000,15.779944289694,14.526462395543,-64.901394710553,76.794999999999,1.229040920286,1.077138489493,730.527097165484,303.554712516953,3,48
R1E05_legacy_trend_24h_resumption,trend_pullback_resumption,eb9d5030db470ff6cdd7799ec682f3041d59ccdf58d2d29dc3cb3ebc1a9f7a7d,48,357,0.518207282913,2.867226890756,2.302513357651,821.997268681267,0.173086291439,61.791806043700,1.036235538417,40.431232492997,-36.903501400560,27.950000000001,-27.150000000000,22.473389355742,20.358543417367,-83.168333333334,87.557958510137,1.127194995746,1.009029094107,313.233284034201,-168.785280630497,4,48
R1F01_donchian_8,donchian_channel_breakout,85154b42f04ad0a21c737eed180193a672428a9452956a05179c84ade126fc06,1,1271,0.436664044060,0.220495672699,-0.380034663942,-483.024057870734,-2.581095337224,-3280.572173612084,-0.719516728626,5.665696302124,-5.047836349331,3.399999999999,-3.500000000000,0.981117230527,0.977970102282,-11.055558971937,11.472563906453,0.864477176857,0.391282961223,-663.130483536448,-776.609288430089,1,190
R1F01_donchian_8,donchian_channel_breakout,85154b42f04ad0a21c737eed180193a672428a9452956a05179c84ade126fc06,2,1271,0.446105428796,0.136152635720,-0.464377700921,-590.224057870720,-2.665438374203,-3387.772173612071,-0.798494825965,7.980251770260,-7.525177025964,4.749999999999,-5.050000000003,1.453186467349,1.497246262785,-16.475473384565,15.953694927843,0.883554928456,0.502125011921,-870.680483536434,-1029.659288430065,2,190
R1F01_donchian_8,donchian_channel_breakout,85154b42f04ad0a21c737eed180193a672428a9452956a05179c84ade126fc06,3,1271,0.442958300551,-0.092643587726,-0.693173924367,-881.024057870688,-2.894234597649,-3678.572173612038,-1.100000000003,9.690833988985,-9.314398111723,6.000000000000,-6.500000000000,1.918174665618,2.003933910307,-20.124999999999,20.526619564168,0.859611620556,0.539218100206,-1102.280483536406,-1265.359288430042,1,190
R1F01_donchian_8,donchian_channel_breakout,85154b42f04ad0a21c737eed180193a672428a9452956a05179c84ade126fc06,4,1271,0.453186467349,0.373996852872,-0.226533483769,-287.924057870712,-2.427594157051,-3085.472173612063,-0.949048442911,11.132061369001,-10.769748229740,7.100000000000,-7.399999999998,2.342250196696,2.482297403619,-21.784121621622,24.830650889973,0.957596837162,0.635157383067,-565.630483536428,-745.094356026173,3,190
R1F01_donchian_8,donchian_channel_breakout,85154b42f04ad0a21c737eed180193a672428a9452956a05179c84ade126fc06,6,1271,0.470495672699,0.407435090480,-0.193095246161,-245.424057870674,-2.394155919443,-3042.972173612025,-1.089473684210,13.455822187254,-12.948623131393,8.400000000000,-8.599999999998,3.235247836349,3.423288749017,-29.192731456417,30.592603407626,0.970126998231,0.689961134021,-456.944002179546,-657.707874669296,3,190
R1F01_donchian_8,donchian_channel_breakout,85154b42f04ad0a21c737eed180193a672428a9452956a05179c84ade126fc06,8,1270,0.468503937008,0.185905511811,-0.414703982575,-526.674057870673,-2.615922971348,-3322.222173612024,-1.052412868634,15.309251968504,-14.952165354331,9.850000000000,-9.900000000002,4.122047244094,4.325984251969,-31.244927731894,31.674339820949,0.944578860320,0.700101185723,-1017.444002179548,-1273.172166376072,3,190
R1F01_donchian_8,donchian_channel_breakout,85154b42f04ad0a21c737eed180193a672428a9452956a05179c84ade126fc06,12,1267,0.477505919495,0.590331491713,-0.009310702351,-11.796659878788,-2.208595090479,-2798.289979636374,-0.529996193376,19.261404893449,-18.468863456985,11.799999999999,-12.349999999998,5.885556432518,6.183898973954,-38.816450467042,39.618541947438,0.998981431660,0.786724228376,-957.066604187658,-1388.744768384188,3,189
R1F01_donchian_8,donchian_channel_breakout,85154b42f04ad0a21c737eed180193a672428a9452956a05179c84ade126fc06,16,1265,0.472727272727,0.547391304348,-0.050353088365,-63.696656781156,-2.245841873789,-2840.989970343331,-1.407153127246,22.297430830040,-21.062332015810,13.200000000001,-14.250000000001,7.513043478261,7.959683794466,-42.989084884823,46.134151230547,0.995160130855,0.806620618652,-1007.416601090023,-1609.344765286552,3,188
R1F01_donchian_8,donchian_channel_breakout,85154b42f04ad0a21c737eed180193a672428a9452956a05179c84ade126fc06,24,1260,0.481746031746,0.488928571429,-0.106540346433,-134.240836505307,-2.297478182156,-2894.822509515956,-0.995000576635,27.395515873016,-25.882777777778,17.250000000001,-17.300000000000,11.392063492063,11.721428571429,-55.239997440308,61.785661903083,0.991710311032,0.836414676253,-1073.760780814176,-1559.064700379032,4,187
R1F01_donchian_8,donchian_channel_breakout,85154b42f04ad0a21c737eed180193a672428a9452956a05179c84ade126fc06,32,1254,0.500000000000,2.494059011164,1.898350300372,2380.531276666110,-0.293067121213,-367.506170001466,-0.000602421036,33.297966507177,-30.295135566188,20.599999999999,-20.650000000001,15.736044657097,15.825358851675,-62.496077586207,77.003845846645,1.130238509365,0.981350321428,982.111332357243,27.583168160710,3,187
R1F01_donchian_8,donchian_channel_breakout,85154b42f04ad0a21c737eed180193a672428a9452956a05179c84ade126fc06,48,1236,0.502427184466,3.928964401294,3.335355174108,4122.498995197331,1.148136719735,1419.096985592078,0.519269260289,40.908009708738,-37.198139158576,26.275000000000,-25.999999999999,23.366504854369,23.167475728155,-82.659313278639,98.670739830202,1.190939345577,1.061782558964,3023.879050888469,2211.175131323611,4,185
R1F02_donchian_16,donchian_channel_breakout,9e58ea13a2511cc359f223fb50e2f8978c76491084ac8ed4ef61ec02ef20747f,1,897,0.440356744705,0.199498327759,-0.405691443005,-363.905224375787,-2.616070984534,-2346.615673127231,-0.845040485828,6.029988851728,-5.520122630992,3.700000000003,-3.650000000002,0.983277591973,0.976588628763,-11.971342588918,12.205910067732,0.867620187464,0.416382257792,-468.611290126960,-516.325380349595,1,130
R1F02_donchian_16,donchian_channel_breakout,9e58ea13a2511cc359f223fb50e2f8978c76491084ac8ed4ef61ec02ef20747f,2,897,0.457079152731,-0.128149386845,-0.733339157610,-657.805224375758,-2.943718699138,-2640.515673127202,-0.659979209977,8.235953177257,-8.050111482720,5.050000000003,-5.550000000002,1.448160535117,1.488294314381,-17.948932469129,15.723852233703,0.825423799210,0.468161442475,-774.810862792378,-852.289026988904,1,130
R1F02_donchian_16,donchian_channel_breakout,9e58ea13a2511cc359f223fb50e2f8978c76491084ac8ed4ef61ec02ef20747f,3,897,0.440356744705,-0.246767001115,-0.851956771879,-764.205224375734,-3.062336313408,-2746.915673127179,-1.181831290555,10.078539576366,-9.970345596433,6.500000000000,-6.949999999998,1.903010033445,2.007803790412,-21.843681483166,20.996195052373,0.839226464471,0.539556537261,-919.861290126914,-1074.466928543531,1,130
R1F02_donchian_16,donchian_channel_breakout,9e58ea13a2511cc359f223fb50e2f8978c76491084ac8ed4ef61ec02ef20747f,4,897,0.457079152731,0.056410256410,-0.548779514354,-492.255224375753,-2.759159055883,-2474.965673127198,-0.860780984720,11.479041248606,-11.365384615385,7.499999999999,-8.050000000003,2.324414715719,2.451505016722,-25.452672153379,25.707210944393,0.904624678248,0.608489463712,-675.510862792376,-823.939026988903,2,130
R1F02_donchian_16,donchian_channel_breakout,9e58ea13a2511cc359f223fb50e2f8978c76491084ac8ed4ef61ec02ef20747f,6,897,0.464882943144,-0.032274247492,-0.637464018256,-571.805224375717,-2.847843559785,-2554.515673127161,-1.170788107598,13.783277591973,-13.593868450390,8.700000000002,-9.199999999998,3.229654403567,3.391304347826,-33.541015058574,30.324880694530,0.906678931533,0.648644514373,-774.310862792344,-927.389026988881,3,130
R1F02_donchian_16,donchian_channel_breakout,9e58ea13a2511cc359f223fb50e2f8978c76491084ac8ed4ef61ec02ef20747f,8,896,0.467633928571,-0.412779017857,-1.018086187919,-912.205224375773,-3.228700528044,-2892.915673127217,-1.208005472562,15.733314732143,-15.792801339286,10.525000000000,-10.300000000001,4.098214285714,4.284598214286,-36.492060810809,32.660433548351,0.876385534350,0.659503815838,-1208.072886418685,-1444.451050615213,3,130
R1F02_donchian_16,donchian_channel_breakout,9e58ea13a2511cc359f223fb50e2f8978c76491084ac8ed4ef61ec02ef20747f,12,895,0.471508379888,-0.012625698324,-0.616347544347,-551.631052190294,-2.823791236392,-2527.293156570878,-0.700000000001,19.155418994413,-18.903798882682,12.050000000002,-12.500000000000,5.745251396648,6.065921787709,-40.853423283941,41.806667434585,0.934881807407,0.735745969079,-957.359216386826,-1213.091212868184,3,130
R1F02_donchian_16,donchian_channel_breakout,9e58ea13a2511cc359f223fb50e2f8978c76491084ac8ed4ef61ec02ef20747f,16,894,0.479865771812,0.187136465324,-0.413957652632,-370.078141452930,-2.616145888544,-2338.834424358740,-1.018950399277,21.613031319911,-21.278914988814,13.674999999999,-14.149999999999,7.373601789709,7.812080536913,-42.849167422918,45.796904238156,0.960370745521,0.775286455004,-909.506305649460,-1283.888302130815,3,130
R1F02_donchian_16,donchian_channel_breakout,9e58ea13a2511cc359f223fb50e2f8978c76491084ac8ed4ef61ec02ef20747f,24,892,0.477578475336,0.638396860987,0.037126673057,33.116992367033,-2.165413702801,-1931.549022898874,-1.325000000002,26.952802690583,-26.014742152466,17.600000000002,-17.575000000001,11.377802690583,11.835201793722,-56.067301401147,62.906595990801,1.002901985714,0.845327461936,-442.315004114325,-807.332666157234,4,128
R1F02_donchian_16,donchian_channel_breakout,9e58ea13a2511cc359f223fb50e2f8978c76491084ac8ed4ef61ec02ef20747f,32,888,0.509009009009,3.138063063063,2.536496449015,2252.408846725608,0.333363220920,296.026540177021,0.335826129871,33.357713963964,-30.550506756757,20.875000000001,-21.650000000000,15.760135135135,16.086711711712,-64.934873106061,76.139866773084,1.175599428936,1.021400854985,1291.791184682701,526.063020486167,3,127
R1F02_donchian_16,donchian_channel_breakout,9e58ea13a2511cc359f223fb50e2f8978c76491084ac8ed4ef61ec02ef20747f,48,875,0.510857142857,4.463428571429,3.863858455938,3380.876148945356,1.664718224956,1456.628446836119,1.036235538417,41.258971428571,-37.115542857143,26.800000000000,-26.649999999998,23.381714285714,23.293714285714,-80.877049696872,95.009999999999,1.224523675157,1.090928317769,2660.444152464002,2092.480062241374,5,125
R1F03_donchian_32,donchian_channel_breakout,89c8565e92a080e3ace48f140ff09083828cdaf9fc7ee7de604c985725b819ad,1,657,0.445966514460,0.340639269406,-0.262438069293,-172.421811525654,-2.468592746692,-1621.865434576780,-0.759931972788,6.104794520548,-5.531582952816,3.800000000001,-3.700000000003,0.975646879756,0.975646879756,-11.347968359700,12.416130206301,0.909484540755,0.424550520139,-312.488181912756,-365.869125328281,2,99
R1F03_donchian_32,donchian_channel_breakout,89c8565e92a080e3ace48f140ff09083828cdaf9fc7ee7de604c985725b819ad,2,657,0.467275494673,0.097412480974,-0.505664857725,-332.221811525593,-2.711819535124,-1781.665434576718,-0.521202113608,8.428462709285,-8.069101978691,5.349999999999,-5.549999999999,1.441400304414,1.474885844749,-17.370938511323,17.373964184352,0.877295473112,0.501227394751,-423.188181912696,-500.666346109222,1,99
R1F03_donchian_32,donchian_channel_breakout,89c8565e92a080e3ace48f140ff09083828cdaf9fc7ee7de604c985725b819ad,3,657,0.449010654490,-0.118493150685,-0.721570489384,-474.071811525589,-2.927725166783,-1923.515434576715,-1.309852598912,10.084779299848,-9.921156773212,6.750000000002,-7.150000000001,1.910197869102,1.998477929985,-21.488363130954,21.655303072092,0.861724535822,0.551719260137,-646.988181912693,-752.266346109221,1,99
R1F03_donchian_32,donchian_channel_breakout,89c8565e92a080e3ace48f140ff09083828cdaf9fc7ee7de604c985725b819ad,4,657,0.455098934551,-0.088888888889,-0.691966227588,-454.621811525600,-2.898120904987,-1904.065434576726,-0.899372384937,11.418340943683,-11.375799086758,7.500000000002,-8.249999999998,2.312024353120,2.461187214612,-24.223797216701,25.711461815473,0.879260878339,0.587571286613,-603.049975722128,-684.866346109232,2,99
R1F03_donchian_32,donchian_channel_breakout,89c8565e92a080e3ace48f140ff09083828cdaf9fc7ee7de604c985725b819ad,6,657,0.450532724505,-0.531050228311,-1.134127567010,-745.121811525569,-3.340282244409,-2194.565434576694,-1.497359454858,13.571385083714,-13.841704718417,8.400000000000,-9.250000000000,3.126331811263,3.414003044140,-32.998536351039,29.762314754091,0.840381715193,0.602458119945,-898.199975722106,-1021.567637765016,2,99
R1F03_donchian_32,donchian_channel_breakout,89c8565e92a080e3ace48f140ff09083828cdaf9fc7ee7de604c985725b819ad,8,656,0.472560975610,-0.841463414634,-1.444697883423,-947.721811525606,-3.651166821001,-2395.165434576732,-1.081734867861,15.425685975610,-16.045198170732,9.950000000002,-10.599999999999,3.977134146341,4.353658536585,-36.920663784414,31.511982285585,0.827308779361,0.620148866598,-1243.589473568519,-1479.967637765047,3,99
R1F03_donchian_32,donchian_channel_breakout,89c8565e92a080e3ace48f140ff09083828cdaf9fc7ee7de604c985725b819ad,12,655,0.471755725191,0.079389312977,-0.521167881237,-341.364962210516,-2.722282269666,-1783.094886631506,-0.551249362567,19.030152671756,-19.221526717557,11.550000000000,-12.649999999999,5.682442748092,6.187786259542,-42.752354838710,43.909682862695,0.945013920768,0.745518339587,-747.093126407048,-1028.914352975067,3,99
R1F03_donchian_32,donchian_channel_breakout,89c8565e92a080e3ace48f140ff09083828cdaf9fc7ee7de604c985725b819ad,16,655,0.497709923664,0.724580152672,0.124022958457,81.235037789449,-2.077091429972,-1360.494886631540,-0.080578827113,21.722900763359,-21.641755725191,13.399999999999,-14.449999999999,7.488549618321,7.841221374046,-41.504087512933,48.452673646580,1.012039994918,0.818898548484,-458.193126407081,-899.864352975101,3,99
R1F03_donchian_32,donchian_channel_breakout,89c8565e92a080e3ace48f140ff09083828cdaf9fc7ee7de604c985725b819ad,24,653,0.486983154671,1.316079632465,0.715283570612,467.080171609422,-1.486308553096,-970.559485171664,-0.629401853412,27.567764165390,-26.513705972435,18.000000000001,-18.400000000000,11.767228177642,11.794793261868,-59.122747399670,64.663233674041,1.055477443544,0.894432828707,-87.141054958599,-582.771998374123,4,97
R1F03_donchian_32,donchian_channel_breakout,89c8565e92a080e3ace48f140ff09083828cdaf9fc7ee7de604c985725b819ad,32,650,0.529230769231,4.862769230769,4.261698033405,2770.103721713327,2.059555638677,1338.711165140224,1.871759259259,35.048615384615,-31.112923076923,21.374999999999,-21.350000000000,16.483076923077,15.466153846154,-67.183017607066,78.218679210697,1.298457550398,1.134073456246,1809.486059670419,990.555116254898,4,96
R1F03_donchian_32,donchian_channel_breakout,89c8565e92a080e3ace48f140ff09083828cdaf9fc7ee7de604c985725b819ad,48,640,0.518750000000,5.493906250000,4.895022469570,3132.814380524539,2.697254908709,1726.243141573673,2.388406532293,43.446796875000,-37.729296875000,28.050000000002,-27.674999999999,24.331250000000,22.715625000000,-84.156802079831,102.594495543543,1.282577892772,1.146540302992,2318.943153956521,1548.912210541003,4,94
R1F04_donchian_64,donchian_channel_breakout,250f9463fb7001c7217b9f3d0e9df47dd574802cf9121fdec22aba32b07f7e21,1,446,0.459641255605,0.491031390134,-0.109874921342,-49.004214918602,-2.311687544295,-1031.012644755618,-0.651591386298,6.655717488789,-5.933408071749,4.100000000000,-3.600000000000,0.977578475336,0.975336322870,-11.491319035387,14.251684450952,0.962821645531,0.464969748218,-108.455743919713,-155.807640374513,3,67
R1F04_donchian_64,donchian_channel_breakout,250f9463fb7001c7217b9f3d0e9df47dd574802cf9121fdec22aba32b07f7e21,2,446,0.502242152466,0.989013452915,0.388107141438,173.095785081472,-1.813705481515,-808.912644755543,0.039288884849,8.910538116592,-8.129596412556,5.699999999997,-5.374999999999,1.473094170404,1.430493273543,-14.290526216294,17.684868082581,1.110490845523,0.617769888294,95.617620884947,30.466091883837,4,67
R1F04_donchian_64,donchian_channel_breakout,250f9463fb7001c7217b9f3d0e9df47dd574802cf9121fdec22aba32b07f7e21,3,446,0.473094170404,0.642713004484,0.041806693008,18.645785081461,-2.160005929945,-963.362644755555,-0.876953333526,10.661210762332,-9.805605381166,7.249999999999,-7.049999999998,1.959641255605,1.905829596413,-19.654238066097,22.449378997963,1.009030326090,0.633442416383,-86.632379115067,-161.800321268325,3,67
R1F04_donchian_64,donchian_channel_breakout,250f9463fb7001c7217b9f3d0e9df47dd574802cf9121fdec22aba32b07f7e21,4,446,0.484304932735,0.698878923767,0.097972612290,43.695785081477,-2.103840010663,-938.312644755539,-0.215326867231,11.906614349776,-11.225560538117,8.149999999999,-8.175000000000,2.338565022422,2.372197309417,-21.356770833334,26.092813588850,1.019184754217,0.668754142189,-104.732379115051,-183.450321268305,4,67
R1F04_donchian_64,donchian_channel_breakout,250f9463fb7001c7217b9f3d0e9df47dd574802cf9121fdec22aba32b07f7e21,6,446,0.470852017937,0.301345291480,-0.299561019997,-133.604214918531,-2.501373642950,-1115.612644755547,-1.407568232055,14.183968609865,-13.803923766816,9.474999999999,-9.075000000001,3.217488789238,3.291479820628,-27.385439423706,32.829841872592,0.956108822166,0.690080879398,-286.682379115068,-394.698955674435,2,67
R1F04_donchian_64,donchian_channel_breakout,250f9463fb7001c7217b9f3d0e9df47dd574802cf9121fdec22aba32b07f7e21,8,446,0.477578475336,0.435201793722,-0.165704517755,-73.904214918536,-2.367517140708,-1055.912644755552,-0.954779411765,16.151905829596,-15.884977578475,10.599999999999,-10.550000000001,4.062780269058,4.246636771300,-35.987499999998,35.343296885281,0.979105980048,0.741445549836,-344.357888499720,-580.736052696249,5,67
R1F04_donchian_64,donchian_channel_breakout,250f9463fb7001c7217b9f3d0e9df47dd574802cf9121fdec22aba32b07f7e21,12,446,0.495515695067,1.222533632287,0.621627320811,277.245785081496,-1.580185302142,-704.762644755519,-0.043073136426,19.598542600897,-18.950560538117,11.925000000002,-12.474999999999,5.896860986547,5.966367713004,-38.033111842938,44.051171523112,1.071928470854,0.838954650180,-128.482379115035,-310.469534502405,5,67
R1F04_donchian_64,donchian_channel_breakout,250f9463fb7001c7217b9f3d0e9df47dd574802cf9121fdec22aba32b07f7e21,16,446,0.524663677130,2.182511210762,1.581604899286,705.395785081413,-0.620207723667,-276.612644755602,0.857694508010,22.488565022421,-21.302130044843,13.475000000000,-13.625000000003,7.672645739910,7.598654708520,-37.476649484538,50.501230569946,1.166807043486,0.941494817821,165.967620884883,-58.698955674479,5,67
R1F04_donchian_64,donchian_channel_breakout,250f9463fb7001c7217b9f3d0e9df47dd574802cf9121fdec22aba32b07f7e21,24,444,0.509009009009,3.597860360360,2.996601168697,1330.490918901430,0.794082785370,352.572756704317,0.421414753473,29.233445945946,-26.114076576577,18.574999999998,-17.600000000000,12.322072072072,11.506756756757,-45.574240018150,65.602541883090,1.256921836376,1.062023082807,843.039389900319,499.046899161688,5,67
R1F04_donchian_64,donchian_channel_breakout,250f9463fb7001c7217b9f3d0e9df47dd574802cf9121fdec22aba32b07f7e21,32,442,0.552036199095,7.987669683258,7.386119770554,3264.664938584781,5.183019945146,2290.894815754492,4.208279044516,37.259954751131,-30.304298642534,24.175000000000,-20.724999999999,17.425339366516,15.117647058824,-56.690452529867,84.316869439612,1.579894386848,1.376367939937,2498.936774388248,1845.335245387140,5,66
R1F04_donchian_64,donchian_channel_breakout,250f9463fb7001c7217b9f3d0e9df47dd574802cf9121fdec22aba32b07f7e21,48,436,0.522935779817,7.544151376147,6.942578243134,3026.964114006405,4.739431977108,2066.392342019264,2.734836786696,45.383486238532,-36.994495412844,28.875000000001,-26.724999999999,24.607798165138,21.931192660550,-75.039637628034,105.655757328992,1.434393306701,1.277839253777,2428.862585005298,1866.925429617934,6,65
R1F05_donchian_96,donchian_channel_breakout,688e5f47d6a80ef2a8cbd9ed190579e2ce60536ae5168ef6edf736f3d72b2f1e,1,346,0.445086705202,0.361560693641,-0.239770832571,-82.960708069395,-2.442433884994,-845.082124208096,-0.771706617557,6.548699421965,-6.295375722543,4.100000000000,-3.925000000001,0.973988439306,0.976878612717,-11.636150100434,14.093712160707,0.921680487736,0.451245410592,-143.009472727662,-187.387636924194,2,45
R1F05_donchian_96,donchian_channel_breakout,688e5f47d6a80ef2a8cbd9ed190579e2ce60536ae5168ef6edf736f3d72b2f1e,2,346,0.491329479769,0.760693641618,0.159362115406,55.139291930645,-2.043300937018,-706.982124208056,-0.110858585857,8.858815028902,-8.468786127168,5.425000000000,-6.025000000001,1.456647398844,1.424855491329,-16.292256114852,17.811664910980,1.042634745940,0.590924701484,-22.338872265881,-78.187636924147,3,45
R1F05_donchian_96,donchian_channel_breakout,688e5f47d6a80ef2a8cbd9ed190579e2ce60536ae5168ef6edf736f3d72b2f1e,3,346,0.447976878613,0.253179190752,-0.348152335460,-120.460708069330,-2.550815387884,-882.582124208030,-1.355921641024,10.336705202312,-10.289161849711,7.150000000000,-7.800000000000,1.916184971098,1.878612716763,-20.566709064085,22.449378997963,0.929093388794,0.589327645921,-225.738872265858,-287.407043743158,3,45
R1F05_donchian_96,donchian_channel_breakout,688e5f47d6a80ef2a8cbd9ed190579e2ce60536ae5168ef6edf736f3d72b2f1e,4,346,0.482658959538,0.717341040462,0.116009514250,40.139291930672,-2.086653538173,-721.982124208028,-0.244832707962,11.612572254335,-11.706936416185,7.950000000000,-8.349999999999,2.303468208092,2.369942196532,-21.939993583920,25.752569186675,1.022116269949,0.678494568639,-108.288872265855,-159.516634513580,3,45
R1F05_donchian_96,donchian_channel_breakout,688e5f47d6a80ef2a8cbd9ed190579e2ce60536ae5168ef6edf736f3d72b2f1e,6,346,0.479768786127,0.392919075145,-0.208412451067,-72.110708069342,-2.411075503491,-834.232124208042,-1.156176964129,14.019797687861,-14.478323699422,9.425000000000,-9.425000000000,3.213872832370,3.280346820809,-30.069350698772,33.242663484020,0.970310918456,0.707923561986,-225.188872265879,-333.205448825245,3,45
R1F05_donchian_96,donchian_channel_breakout,688e5f47d6a80ef2a8cbd9ed190579e2ce60536ae5168ef6edf736f3d72b2f1e,8,346,0.473988439306,0.717485549133,0.116154022921,40.189291930651,-2.086509029503,-721.932124208049,-1.052687548336,16.126156069364,-16.467919075145,10.849999999999,-11.099999999999,4.078034682081,4.184971098266,-36.137499999999,36.390678134843,1.014405021102,0.775047033319,-246.743537660762,-483.121701857290,5,45
R1F05_donchian_96,donchian_channel_breakout,688e5f47d6a80ef2a8cbd9ed190579e2ce60536ae5168ef6edf736f3d72b2f1e,12,346,0.485549132948,0.767196531792,0.165865005580,57.389291930671,-2.036798046844,-704.732124208030,-0.344233539339,19.599277456647,-19.708526011561,12.025000000001,-12.674999999999,5.820809248555,5.933526011561,-41.466454016053,43.994777369505,1.017637468583,0.807923411232,-348.338872265860,-528.955448825227,5,45
R1F05_donchian_96,donchian_channel_breakout,688e5f47d6a80ef2a8cbd9ed190579e2ce60536ae5168ef6edf736f3d72b2f1e,16,346,0.514450867052,1.706358381503,1.105026855291,382.339291930624,-1.097636197133,-379.782124208077,0.795915308819,22.462138728324,-22.324421965318,13.999999999999,-14.300000000000,7.664739884393,7.569364161850,-38.739442161526,49.963904980115,1.106613461668,0.904521907680,-157.088872265906,-381.755448825268,5,45
R1F05_donchian_96,donchian_channel_breakout,688e5f47d6a80ef2a8cbd9ed190579e2ce60536ae5168ef6edf736f3d72b2f1e,24,344,0.494186046512,1.504360465116,0.902571005089,310.484425750634,-1.301007914966,-447.546722748164,-0.331709401710,28.084011627907,-27.537063953488,18.574999999998,-18.899999999998,12.171511627907,11.616279069767,-54.795534577090,63.453619909357,1.069434478158,0.908196586799,-33.508064987997,-366.561780621710,4,45
R1F05_donchian_96,donchian_channel_breakout,688e5f47d6a80ef2a8cbd9ed190579e2ce60536ae5168ef6edf736f3d72b2f1e,32,343,0.542274052478,5.135714285714,4.533761453779,1555.080178646323,2.329855789910,799.140535939031,3.449295774647,34.752769679300,-32.044169096210,23.450000000003,-21.849999999998,17.620991253644,15.122448979592,-62.242399232246,80.483385807883,1.322515482784,1.154175824523,789.352014449789,419.548298816076,5,45
R1F05_donchian_96,donchian_channel_breakout,688e5f47d6a80ef2a8cbd9ed190579e2ce60536ae5168ef6edf736f3d72b2f1e,48,338,0.505917159763,5.445562130177,4.843672538449,1637.161317995779,2.639893354992,892.283953987346,0.574647887325,43.713609467456,-39.615828402367,28.925000000002,-27.750000000000,24.606508875740,22.295857988166,-83.946776211335,94.986820112120,1.272552311843,1.139728714134,1149.057602362060,668.669065117632,6,45
R1G01_ema_4_16,ema_trend_cross,964ecefd4343c93488d61415ecc54cfdf0fc2e9640af14fbab304692c69e81e6,1,753,0.413014608234,-0.436586985392,-1.027928095806,-774.029856142147,-3.210610316636,-2417.589568426555,-0.849999999997,4.821580345286,-4.950796812749,3.100000000001,-3.450000000001,0.976095617530,0.982735723772,-10.716805874747,8.604585937084,0.641894826813,0.263013982446,-829.693812315206,-881.726221440782,0,102
R1G01_ema_4_16,ema_trend_cross,964ecefd4343c93488d61415ecc54cfdf0fc2e9640af14fbab304692c69e81e6,2,753,0.454183266932,-0.021447543161,-0.612788653575,-461.429856142203,-2.795470874405,-2104.989568426611,-0.654322580646,7.148007968127,-7.046015936255,4.550000000000,-4.850000000002,1.446215139442,1.503320053121,-14.412845617897,12.131461318052,0.840811837215,0.458762059154,-656.762265267781,-795.267416127951,0,102
R1G01_ema_4_16,ema_trend_cross,964ecefd4343c93488d61415ecc54cfdf0fc2e9640af14fbab304692c69e81e6,3,753,0.458167330677,-0.259760956175,-0.851102066590,-640.879856142143,-3.033784287419,-2284.439568426551,-0.700000000001,8.764409030545,-8.562483399734,5.549999999999,-5.900000000000,1.903054448871,1.996015936255,-18.406635697336,15.734239802401,0.817937422677,0.491924612028,-774.162265267719,-907.009742472286,1,102
R1G01_ema_4_16,ema_trend_cross,964ecefd4343c93488d61415ecc54cfdf0fc2e9640af14fbab304692c69e81e6,4,753,0.454183266932,-0.008764940239,-0.600106050654,-451.879856142184,-2.782788271483,-2095.439568426592,-1.295116279067,10.190239043825,-10.017729083665,6.500000000000,-6.800000000001,2.330677290837,2.486055776892,-20.380000000001,20.819052794055,0.888009612780,0.582969964819,-659.762265267764,-807.009742472334,0,102
R1G01_ema_4_16,ema_trend_cross,964ecefd4343c93488d61415ecc54cfdf0fc2e9640af14fbab304692c69e81e6,6,753,0.464807436919,-0.166201859230,-0.757542969644,-570.429856142195,-2.940225190474,-2213.989568426603,-0.773320659063,12.125232403718,-12.375099601594,7.449999999997,-8.200000000002,3.205843293493,3.418326693227,-24.276848220405,25.476813285265,0.880180552427,0.613040236941,-735.077333346760,-852.809742472340,2,102
R1G01_ema_4_16,ema_trend_cross,964ecefd4343c93488d61415ecc54cfdf0fc2e9640af14fbab304692c69e81e6,8,753,0.456839309429,-0.269721115538,-0.861062225952,-648.379856142136,-3.043744446782,-2291.939568426544,-1.136129568105,13.741102257636,-14.032934926959,8.300000000003,-9.299999999999,4.041168658699,4.335989375830,-30.673294301327,30.040541191111,0.881054527466,0.642296467403,-819.527333346710,-930.491210051458,1,102
R1G01_ema_4_16,ema_trend_cross,964ecefd4343c93488d61415ecc54cfdf0fc2e9640af14fbab304692c69e81e6,12,751,0.478029294274,0.332889480692,-0.258503089181,-194.135819975266,-2.441288228929,-1833.407459925871,-0.908733360228,16.980692410120,-16.883488681758,10.700000000000,-10.999999999999,5.933422103862,6.110519307590,-38.371795432383,37.341308731513,0.969631787373,0.749022624322,-443.418229100842,-618.086873168636,1,100
R1G01_ema_4_16,ema_trend_cross,964ecefd4343c93488d61415ecc54cfdf0fc2e9640af14fbab304692c69e81e6,16,751,0.454061251664,-0.065446071904,-0.656838641778,-493.285819975240,-2.839623781526,-2132.557459925846,-1.862776025234,19.672436750999,-19.461651131824,11.900000000003,-13.400000000001,7.599201065246,7.902796271638,-43.374999999999,42.137237283347,0.932223375019,0.740156413275,-686.768229100823,-856.286873168619,1,100
R1G01_ema_4_16,ema_trend_cross,964ecefd4343c93488d61415ecc54cfdf0fc2e9640af14fbab304692c69e81e6,24,747,0.483266398929,-0.355354752343,-0.944259311603,-705.361705767069,-3.122068430122,-2332.185117301200,-1.368350324373,24.140562248996,-23.550267737617,15.549999999999,-16.099999999997,11.117804551539,11.414993306560,-53.545907338025,48.118434579440,0.919092271014,0.756773639720,-839.080349834866,-962.877827039436,2,100
R1G01_ema_4_16,ema_trend_cross,964ecefd4343c93488d61415ecc54cfdf0fc2e9640af14fbab304692c69e81e6,32,745,0.492617449664,0.027852348993,-0.561266310755,-418.143401512379,-2.739503630251,-2040.930204537174,-0.831350608559,28.356375838926,-27.531677852349,18.550000000002,-19.349999999997,15.216107382550,15.456375838926,-57.875477792731,60.032594836120,0.957894693370,0.810810985891,-546.381668906649,-667.700312974446,2,99
R1G01_ema_4_16,ema_trend_cross,964ecefd4343c93488d61415ecc54cfdf0fc2e9640af14fbab304692c69e81e6,48,740,0.485135135135,1.080810810811,0.496929473760,367.727810582608,-1.670833200341,-1236.416568252138,-1.128659510273,35.500878378378,-34.244797297297,23.050000000001,-23.175000000002,22.354054054054,22.868918918919,-76.133637281372,84.622128793501,1.029857784439,0.906050726751,100.927810582608,-64.964329828154,4,99
R1G02_ema_8_32,ema_trend_cross,7b74da38f808617f26d40d669d436262b2a3c59e08cc85df3b511a3adf18a466,1,384,0.421875000000,-0.098958333334,-0.693615780831,-266.348459839105,-2.882930675826,-1107.045379517181,-0.974428913593,5.276562500000,-5.195312500000,2.949999999998,-3.775000000002,0.971354166667,0.979166666667,-10.239070032087,12.923039852077,0.762671603684,0.345127310489,-296.540283378438,-322.130215661164,1,61
R1G02_ema_8_32,ema_trend_cross,7b74da38f808617f26d40d669d436262b2a3c59e08cc85df3b511a3adf18a466,2,384,0.460937500000,0.293880208333,-0.300777239164,-115.498459839071,-2.490092134159,-956.195379517147,-0.763764783179,7.493619791667,-7.228125000000,4.475000000002,-5.025000000001,1.429687500000,1.489583333333,-14.404459070053,16.923472503496,0.916212669867,0.491281544093,-162.543669671858,-202.135493211196,2,61
R1G02_ema_8_32,ema_trend_cross,7b74da38f808617f26d40d669d436262b2a3c59e08cc85df3b511a3adf18a466,3,384,0.484375000000,0.479557291666,-0.115100155831,-44.198459839126,-2.304415050826,-884.895379517201,-0.516733621381,9.392317708333,-8.520052083333,5.950000000000,-5.850000000002,1.955729166667,1.955729166667,-19.750174002046,19.321492464414,0.972938945303,0.582003403766,-114.043669671914,-171.047143231620,2,61
R1G02_ema_8_32,ema_trend_cross,7b74da38f808617f26d40d669d436262b2a3c59e08cc85df3b511a3adf18a466,4,384,0.492187500000,0.333593750000,-0.261063697498,-100.248459839043,-2.450378592492,-940.945379517118,-0.127234073638,10.839583333333,-10.037500000000,6.775000000000,-6.500000000000,2.390625000000,2.414062500000,-20.753691512528,22.319344520192,0.949997167676,0.619748461817,-193.912731287987,-285.116204847694,3,61
R1G02_ema_8_32,ema_trend_cross,7b74da38f808617f26d40d669d436262b2a3c59e08cc85df3b511a3adf18a466,6,384,0.484375000000,0.403125000000,-0.191532447498,-73.548459839074,-2.380847342493,-914.245379517150,-0.775253171420,12.948828125000,-11.895312500000,8.025000000001,-7.924999999999,3.315104166667,3.359375000000,-24.512701335997,28.198413738858,0.968563105473,0.676574046761,-201.412731288014,-268.416204847725,2,61
R1G02_ema_8_32,ema_trend_cross,7b74da38f808617f26d40d669d436262b2a3c59e08cc85df3b511a3adf18a466,8,384,0.484375000000,0.406380208333,-0.188277239164,-72.298459839090,-2.377592134159,-912.995379517165,-0.564023773394,14.943489583333,-13.701953125000,9.125000000002,-8.475000000001,4.276041666667,4.200520833333,-34.017349717791,31.162840375587,0.973770829795,0.716681008884,-245.262731288032,-346.616204847738,3,61
R1G02_ema_8_32,ema_trend_cross,7b74da38f808617f26d40d669d436262b2a3c59e08cc85df3b511a3adf18a466,12,384,0.445312500000,-0.788151041667,-1.382808489164,-530.998459839086,-3.572123384159,-1371.695379517161,-2.291421315614,17.717187500000,-17.162630208333,12.000000000002,-11.050000000000,5.880208333333,6.104166666667,-38.864422457365,38.366137223119,0.842497789195,0.644455355403,-693.112731288028,-772.255541477017,1,61
R1G02_ema_8_32,ema_trend_cross,7b74da38f808617f26d40d669d436262b2a3c59e08cc85df3b511a3adf18a466,16,383,0.480417754569,-0.887989556136,-1.476008584406,-565.311287827394,-3.652046640946,-1398.733863482145,-1.038601036270,20.053785900783,-19.626501305483,14.200000000000,-13.100000000000,7.443864229765,7.945169712794,-43.211054111035,36.461769598732,0.848454252215,0.665863593300,-672.375559276337,-766.982608494297,1,61
R1G02_ema_8_32,ema_trend_cross,7b74da38f808617f26d40d669d436262b2a3c59e08cc85df3b511a3adf18a466,24,381,0.477690288714,-0.823097112861,-1.411516684053,-537.787856624180,-3.588355826437,-1367.163569872483,-1.869787516600,24.598556430446,-24.011679790026,17.599999999999,-15.800000000002,11.511811023622,11.706036745407,-49.319347240918,47.716392092259,0.881341255251,0.725168946423,-649.803750010160,-747.553750010158,2,61
R1G02_ema_8_32,ema_trend_cross,7b74da38f808617f26d40d669d436262b2a3c59e08cc85df3b511a3adf18a466,32,380,0.452631578947,-0.298026315790,-0.886590565407,-336.904414854498,-3.063719064641,-1164.213244563440,-2.806560723701,28.862368421053,-27.765921052632,19.350000000000,-18.175000000001,15.052631578947,15.544736842105,-54.837563335010,60.128722800873,0.934373963804,0.792052171868,-621.104414854499,-738.070308240479,2,61
R1G02_ema_8_32,ema_trend_cross,7b74da38f808617f26d40d669d436262b2a3c59e08cc85df3b511a3adf18a466,48,376,0.489361702128,1.329255319149,0.740608834818,278.468921891568,-1.436684133844,-540.193234325266,-0.553551320981,36.670744680851,-35.524335106383,24.350000000000,-23.950000000001,23.191489361702,23.481382978723,-80.261982758621,86.389170292961,1.042669807412,0.922314632072,87.168921891567,-98.422472207290,4,60
R1G03_ema_12_48,ema_trend_cross,b7c6667b2a5b3c8fdce3b5b171a4ed7df3a9994cca61bf3beff49e0b683d1a9d,1,262,0.477099236641,1.617557251908,1.002757829838,262.722551417578,-1.226841014302,-321.432345747164,-0.194544259421,6.672328244275,-4.994465648855,3.574999999999,-3.049999999999,0.969465648855,0.980916030534,-10.403477773530,17.206981706369,1.407302919586,0.674634828681,95.256421188313,58.416436846434,5,33
R1G03_ema_12_48,ema_trend_cross,b7c6667b2a5b3c8fdce3b5b171a4ed7df3a9994cca61bf3beff49e0b683d1a9d,2,262,0.484732824427,0.942366412214,0.327566990143,85.822551417589,-1.902031853997,-498.332345747153,-0.525000000001,9.099618320611,-7.196374045802,5.199999999999,-4.549999999999,1.450381679389,1.473282442748,-15.099307971016,19.209641018513,1.087778817621,0.621631202302,33.531176081437,-11.308808260445,4,33
R1G03_ema_12_48,ema_trend_cross,b7c6667b2a5b3c8fdce3b5b171a4ed7df3a9994cca61bf3beff49e0b683d1a9d,3,262,0.465648854962,0.799045801527,0.184246379457,48.272551417607,-2.045352464684,-535.882345747135,-0.850281803542,10.976145038168,-8.764122137405,6.175000000000,-5.700000000000,1.938931297710,1.969465648855,-18.097787809952,19.292532840465,1.040885294146,0.648227303382,-32.018823918550,-85.543562072117,4,33
R1G03_ema_12_48,ema_trend_cross,b7c6667b2a5b3c8fdce3b5b171a4ed7df3a9994cca61bf3beff49e0b683d1a9d,4,262,0.450381679389,-0.681679389313,-1.296478811383,-339.677448582397,-3.526077655523,-923.832345747139,-1.037689655171,11.987404580153,-10.579770992367,6.850000000000,-6.425000000000,2.332061068702,2.492366412214,-23.760342877602,22.118253302914,0.786855009166,0.527024259269,-387.969161011935,-431.110536348092,2,33
R1G03_ema_12_48,ema_trend_cross,b7c6667b2a5b3c8fdce3b5b171a4ed7df3a9994cca61bf3beff49e0b683d1a9d,6,262,0.442748091603,-1.306679389313,-1.921478811383,-503.427448582396,-4.151077655523,-1087.582345747138,-1.474733790693,13.848473282443,-13.411832061069,8.350000000002,-8.075000000001,3.145038167939,3.568702290076,-34.558640843053,27.284047560727,0.743970853532,0.529286830086,-580.318736823749,-641.710112159904,1,33
R1G03_ema_12_48,ema_trend_cross,b7c6667b2a5b3c8fdce3b5b171a4ed7df3a9994cca61bf3beff49e0b683d1a9d,8,262,0.461832061069,-2.166412213741,-2.781211635811,-728.677448582444,-5.010810479951,-1312.832345747186,-1.213117037833,15.151145038168,-15.408206106870,9.700000000001,-9.800000000001,4.007633587786,4.461832061069,-34.941690456848,28.279529268293,0.675411762260,0.491033042439,-791.918736823798,-851.560112159952,1,33
R1G03_ema_12_48,ema_trend_cross,b7c6667b2a5b3c8fdce3b5b171a4ed7df3a9994cca61bf3beff49e0b683d1a9d,12,261,0.429118773946,-1.418199233717,-2.028782928796,-529.512344415720,-4.249950318955,-1109.237033247129,-1.633655394522,17.857471264368,-18.246360153257,11.499999999998,-11.349999999999,5.505747126437,6.386973180077,-37.382738853504,36.749999999997,0.775676161439,0.591110525479,-615.403632657073,-679.641415908306,1,33
R1G03_ema_12_48,ema_trend_cross,b7c6667b2a5b3c8fdce3b5b171a4ed7df3a9994cca61bf3beff49e0b683d1a9d,16,261,0.448275862069,-1.427586206897,-2.038169901976,-531.962344415713,-4.259337292135,-1111.687033247122,-1.862418300656,20.083333333333,-20.353831417625,12.950000000001,-13.349999999997,7.122605363985,8.318007662835,-43.234504567816,36.899999999997,0.797977742644,0.625809459173,-620.910580507979,-704.001868749336,1,33
R1G03_ema_12_48,ema_trend_cross,b7c6667b2a5b3c8fdce3b5b171a4ed7df3a9994cca61bf3beff49e0b683d1a9d,24,258,0.476744186047,-2.104457364341,-2.716140315357,-700.764201362110,-4.939506217388,-1274.392604086228,-2.577131102513,24.751744186046,-24.958720930233,16.950000000001,-16.149999999998,11.023255813953,12.565891472868,-54.673674727690,43.695825279942,0.784000344691,0.641830288048,-828.462437454377,-913.412437454374,3,32
R1G03_ema_12_48,ema_trend_cross,b7c6667b2a5b3c8fdce3b5b171a4ed7df3a9994cca61bf3beff49e0b683d1a9d,32,257,0.463035019455,-0.410894941634,-1.023012456662,-262.914201362117,-3.247247486717,-834.542604086236,-4.265907653387,29.828988326848,-28.513618677043,19.050000000001,-18.699999999998,14.326848249027,16.326848249027,-54.980269228794,57.641736413082,0.927240867125,0.787635869734,-511.785045351887,-643.533281444153,2,32
R1G03_ema_12_48,ema_trend_cross,b7c6667b2a5b3c8fdce3b5b171a4ed7df3a9994cca61bf3beff49e0b683d1a9d,48,253,0.490118577075,-0.172924901186,-0.785307879349,-198.682893475175,-3.010073835674,-761.548680425434,-0.569204152248,37.014031620553,-36.767984189723,24.400000000000,-24.750000000000,23.367588932806,24.794466403162,-86.660188829426,82.224823222485,0.957710206296,0.847630584617,-375.023477430980,-520.494321420751,3,31
R1G04_ema_16_64,ema_trend_cross,593a8b18f07230f4de78fb0ada18a014d44dc04d28c0c559505fa10873848af3,1,202,0.410891089109,-0.252227722772,-0.863470325894,-174.421005830645,-3.085955532138,-623.363017491860,-1.352177177178,5.534653465347,-5.372277227723,2.750000000000,-3.850000000000,0.970297029703,0.975247524752,-11.198235622554,10.373000747491,0.723437278417,0.335001700292,-211.400773113175,-245.390747672507,1,30
R1G04_ema_16_64,ema_trend_cross,593a8b18f07230f4de78fb0ada18a014d44dc04d28c0c559505fa10873848af3,2,202,0.455445544554,-0.699752475247,-1.310995078369,-264.821005830602,-3.533480284613,-713.763017491817,-1.435369487484,7.513366336634,-8.132425742574,3.749999999999,-5.975000000001,1.430693069307,1.529702970297,-18.384660693887,11.984416399806,0.706953917514,0.394198429803,-307.500773113134,-342.043858105639,2,30
R1G04_ema_16_64,ema_trend_cross,593a8b18f07230f4de78fb0ada18a014d44dc04d28c0c559505fa10873848af3,3,202,0.435643564356,-1.693811881188,-2.305054484310,-465.621005830609,-4.527539690554,-914.563017491824,-2.168222935350,9.412871287129,-10.364603960396,5.849999999998,-7.249999999999,1.866336633663,2.029702970297,-22.752076286952,18.754983639606,0.629217802587,0.404291401340,-515.314090823116,-551.026026056584,1,30
R1G04_ema_16_64,ema_trend_cross,593a8b18f07230f4de78fb0ada18a014d44dc04d28c0c559505fa10873848af3,4,202,0.430693069307,-1.689851485149,-2.301094088270,-464.821005830605,-4.523579294514,-913.763017491820,-1.874646983310,10.659158415842,-11.696534653465,6.925000000000,-8.274999999999,2.287128712871,2.524752475248,-23.242493384620,17.578838229439,0.663746181781,0.447646131695,-549.162855916376,-594.024791149849,1,30
R1G04_ema_16_64,ema_trend_cross,593a8b18f07230f4de78fb0ada18a014d44dc04d28c0c559505fa10873848af3,6,202,0.435643564356,-2.170297029703,-2.781539632825,-561.871005830615,-5.004024839068,-1010.813017491830,-2.003027812558,12.772277227723,-14.526485148515,7.949999999998,-9.800000000000,3.178217821782,3.485148514851,-39.607027118643,28.926952207064,0.670071346304,0.487699984334,-631.962855916391,-695.892623198923,2,30
R1G04_ema_16_64,ema_trend_cross,593a8b18f07230f4de78fb0ada18a014d44dc04d28c0c559505fa10873848af3,8,201,0.462686567164,-2.523383084577,-3.127218934481,-628.571005830602,-5.334890634288,-1072.313017491818,-0.666683518705,14.059950248756,-16.377363184080,8.499999999998,-11.050000000003,3.955223880597,4.243781094527,-39.756588669950,30.900706033376,0.654873246771,0.483250197196,-744.702800939046,-811.544651024822,2,30
R1G04_ema_16_64,ema_trend_cross,593a8b18f07230f4de78fb0ada18a014d44dc04d28c0c559505fa10873848af3,12,201,0.452736318408,-2.017661691542,-2.621497541446,-526.921005830613,-4.829169241253,-970.663017491829,-2.149999999998,16.886567164179,-18.484577114428,9.799999999998,-12.850000000003,5.681592039801,6.044776119403,-40.852974910393,39.979261025030,0.740601226088,0.576350564511,-632.412855916385,-703.012855916386,1,30
R1G04_ema_16_64,ema_trend_cross,593a8b18f07230f4de78fb0ada18a014d44dc04d28c0c559505fa10873848af3,16,201,0.402985074627,-3.241044776119,-3.844880626023,-772.821005830625,-6.052552325830,-1216.563017491840,-4.485923217551,18.909452736318,-20.912935323383,11.699999999999,-14.750000000001,7.228855721393,8.716417910448,-46.520573108009,38.350000000002,0.669824070708,0.534556100600,-849.012855916396,-922.212855916398,2,30
R1G04_ema_16_64,ema_trend_cross,593a8b18f07230f4de78fb0ada18a014d44dc04d28c0c559505fa10873848af3,24,199,0.457286432161,-2.404271356784,-3.009048936386,-598.800738340900,-5.218604095591,-1038.502215022691,-3.123112047770,24.232914572864,-25.963065326633,15.500000000000,-19.250000000000,10.944723618090,12.824120603015,-50.657031508373,52.270080699391,0.774086074025,0.640765604907,-713.090045569814,-824.350758170099,2,30
R1G04_ema_16_64,ema_trend_cross,593a8b18f07230f4de78fb0ada18a014d44dc04d28c0c559505fa10873848af3,32,198,0.479797979798,1.425000000000,0.820111383895,162.382054011251,-1.389665848314,-275.153837966228,-1.586556023886,29.608080808081,-28.204040404041,18.074999999999,-21.599999999999,13.904040404040,15.601010101010,-53.508018651399,60.385481901536,1.063048150704,0.902300508423,-170.120070171756,-339.530782772041,4,30
R1G04_ema_16_64,ema_trend_cross,593a8b18f07230f4de78fb0ada18a014d44dc04d28c0c559505fa10873848af3,48,196,0.494897959184,0.338010204082,-0.266826004640,-52.297896909429,-2.476498422083,-485.393690728360,-0.295233808676,35.751785714286,-34.899489795918,24.100000000000,-26.049999999998,23.484693877551,23.321428571429,-76.857047551984,72.845873098963,0.984613247007,0.866010597081,-227.858609509714,-379.610733692720,4,30
R1G05_ema_24_96,ema_trend_cross,92af46625daeefb2b32386c92ba5be44fbd620b6e4c1a44b9893b32457b345e5,1,131,0.450381679389,0.126717557252,-0.470452734196,-61.629308179687,-2.664793317092,-349.087924539019,-0.694281524928,6.286641221374,-5.466030534351,3.450000000001,-4.150000000001,0.954198473282,0.984732824427,-12.371929354298,8.163537930627,0.839328751207,0.377399658545,-116.332304041188,-138.091238690610,1,17
R1G05_ema_24_96,ema_trend_cross,92af46625daeefb2b32386c92ba5be44fbd620b6e4c1a44b9893b32457b345e5,2,131,0.419847328244,-1.085496183206,-1.682666474654,-220.429308179663,-3.877007057550,-507.887924538996,-1.376440677966,8.032824427481,-8.231679389313,5.050000000000,-5.750000000003,1.381679389313,1.511450381679,-20.537229458543,14.661565696302,0.649442262217,0.378111785468,-271.482304041165,-305.369321744299,0,17
R1G05_ema_24_96,ema_trend_cross,92af46625daeefb2b32386c92ba5be44fbd620b6e4c1a44b9893b32457b345e5,3,131,0.488549618321,-0.521374045802,-1.118544337249,-146.529308179683,-3.312884920145,-433.987924539015,-0.100000000004,9.272519083969,-9.759541984733,6.700000000001,-6.750000000000,1.862595419847,1.923664122137,-19.727826414678,16.266651059997,0.770406536278,0.456103549064,-175.682304041183,-202.769321744315,2,17
R1G05_ema_24_96,ema_trend_cross,92af46625daeefb2b32386c92ba5be44fbd620b6e4c1a44b9893b32457b345e5,4,131,0.488549618321,-0.772519083970,-1.369689375417,-179.429308179681,-3.564029958313,-466.887924539013,-0.830724637684,10.494274809160,-11.061832061069,7.149999999999,-7.049999999998,2.358778625954,2.374045801527,-24.285678373295,21.523910675383,0.753287110661,0.476697616054,-223.179308179680,-260.816325882813,2,17
R1G05_ema_24_96,ema_trend_cross,92af46625daeefb2b32386c92ba5be44fbd620b6e4c1a44b9893b32457b345e5,6,131,0.412213740458,-1.317557251909,-1.914727543356,-250.829308179683,-4.109068126252,-538.287924539016,-1.950000000000,12.870992366412,-12.662213740458,8.100000000002,-7.950000000000,3.145038167939,3.160305343511,-27.650900838936,27.629158750026,0.722343185547,0.502512551883,-315.879308179685,-359.932304041185,2,17
R1G05_ema_24_96,ema_trend_cross,92af46625daeefb2b32386c92ba5be44fbd620b6e4c1a44b9893b32457b345e5,8,131,0.465648854962,1.295419847328,0.698249555880,91.470691820323,-1.496091027015,-195.987924539010,-1.098961038962,15.757633587786,-14.011068702290,9.350000000001,-9.850000000000,4.030534351145,4.229007633588,-31.524228028616,28.739766788291,1.099363469591,0.819616232649,-142.938242829099,-208.288242829100,3,17
R1G05_ema_24_96,ema_trend_cross,92af46625daeefb2b32386c92ba5be44fbd620b6e4c1a44b9893b32457b345e5,12,131,0.419847328244,1.276335877862,0.679165586414,88.970691820299,-1.515174996481,-198.487924539033,-2.549999999997,19.852671755725,-15.968702290077,11.650000000000,-11.250000000001,5.343511450382,5.977099236641,-33.923634808277,35.637166356300,1.083247704749,0.840262749948,-131.638242829122,-197.988242829121,3,17
R1G05_ema_24_96,ema_trend_cross,92af46625daeefb2b32386c92ba5be44fbd620b6e4c1a44b9893b32457b345e5,16,131,0.419847328244,0.435114503817,-0.162055787631,-21.229308179684,-2.356396370527,-308.687924539017,-2.857879924954,21.745038167939,-18.304198473283,12.400000000002,-12.850000000003,7.083969465649,7.824427480916,-38.357960932017,49.127809960226,0.982885290562,0.780954957953,-235.388242829104,-301.115787255600,3,17
R1G05_ema_24_96,ema_trend_cross,92af46625daeefb2b32386c92ba5be44fbd620b6e4c1a44b9893b32457b345e5,24,130,0.415384615385,-1.100769230769,-1.698389579915,-220.790645388987,-3.893630278207,-506.171936166924,-2.528758200461,25.921153846154,-22.829230769231,17.724999999999,-16.024999999999,10.376923076923,12.384615384615,-48.176242678800,55.955040349694,0.860797887466,0.712549494722,-362.299580038409,-492.917986767752,2,17
R1G05_ema_24_96,ema_trend_cross,92af46625daeefb2b32386c92ba5be44fbd620b6e4c1a44b9893b32457b345e5,32,128,0.507812500000,1.860546875000,1.262539439790,161.605048293140,-0.933475430629,-119.484855120545,0.341753622200,29.930859375000,-25.020703125000,19.824999999999,-17.450000000001,14.851562500000,15.257812500000,-58.021821232697,64.599580718623,1.106247691303,0.928412859866,-13.113358436204,-147.022293085626,2,15
R1G05_ema_24_96,ema_trend_cross,92af46625daeefb2b32386c92ba5be44fbd620b6e4c1a44b9893b32457b345e5,48,126,0.547619047619,4.947619047619,4.349918109397,548.089681784022,2.154516232953,271.469045352037,6.600000000001,36.574206349206,-30.758730158731,23.400000000001,-21.649999999998,25.944444444444,22.992063492063,-73.872634635507,73.376610576922,1.299147575703,1.138194652478,351.180747134601,199.512340405258,4,15
R1H01_ramom_8_16_z1,volatility_adjusted_momentum,5fd7019358087c11be8ae82568f5e5bc6aef20098306ba2f7f9c0eaedc2911bd,1,576,0.430555555556,0.429600694444,-0.185382941700,-106.780574419411,-2.415350213990,-1391.241723258142,-0.849534161490,6.488194444444,-5.823524305556,3.600000000000,-3.974999999998,0.975694444444,0.982638888889,-12.145985704367,12.417957229171,0.941368772882,0.476763805434,-437.516400829626,-495.719639131302,1,73
R1H01_ramom_8_16_z1,volatility_adjusted_momentum,5fd7019358087c11be8ae82568f5e5bc6aef20098306ba2f7f9c0eaedc2911bd,2,576,0.463541666667,0.298611111111,-0.316372525034,-182.230574419443,-2.546339797323,-1466.691723258174,-0.700000000001,8.871788194444,-8.111024305556,5.074999999999,-5.974999999998,1.430555555556,1.460069444444,-18.043704050002,17.009745179066,0.923881833636,0.534309833093,-399.916400829653,-520.119639131333,2,73
R1H01_ramom_8_16_z1,volatility_adjusted_momentum,5fd7019358087c11be8ae82568f5e5bc6aef20098306ba2f7f9c0eaedc2911bd,3,576,0.465277777778,0.366927083333,-0.248056552812,-142.880574419444,-2.478023825101,-1427.341723258175,-0.984547632324,10.807552083333,-10.361371527778,6.699999999999,-7.375000000000,1.916666666667,1.932291666667,-22.054820035128,21.242021326351,0.952519231576,0.620857011633,-438.216400829657,-598.569639131334,3,73
R1H01_ramom_8_16_z1,volatility_adjusted_momentum,5fd7019358087c11be8ae82568f5e5bc6aef20098306ba2f7f9c0eaedc2911bd,4,576,0.467013888889,0.590451388889,-0.024532247256,-14.130574419359,-2.254499519545,-1298.591723258090,-0.661749805144,12.174913194444,-11.488541666667,7.299999999999,-8.075000000001,2.355902777778,2.362847222222,-24.277263387442,26.912499999998,0.995608699707,0.672392959588,-249.166400829572,-438.419639131256,3,73
R1H01_ramom_8_16_z1,volatility_adjusted_momentum,5fd7019358087c11be8ae82568f5e5bc6aef20098306ba2f7f9c0eaedc2911bd,6,576,0.451388888889,-0.149913194445,-0.764896830589,-440.580574419430,-2.994864102879,-1725.041723258161,-1.572689873416,14.090364583333,-13.760329861111,8.624999999999,-9.899999999999,3.159722222222,3.289930555556,-28.836252621963,33.216189423288,0.891370890902,0.641412842778,-652.483812721110,-856.319639131324,2,73
R1H01_ramom_8_16_z1,volatility_adjusted_momentum,5fd7019358087c11be8ae82568f5e5bc6aef20098306ba2f7f9c0eaedc2911bd,8,576,0.427083333333,-0.790972222222,-1.405955858367,-809.830574419446,-3.635923130657,-2094.291723258178,-3.014097632377,15.979600694444,-15.975000000000,9.825000000001,-11.000000000000,3.895833333333,4.342013888889,-33.923235048972,32.504218821893,0.834265578114,0.629577384688,-1125.754512268441,-1319.857750570127,2,73
R1H01_ramom_8_16_z1,volatility_adjusted_momentum,5fd7019358087c11be8ae82568f5e5bc6aef20098306ba2f7f9c0eaedc2911bd,12,575,0.462608695652,-1.126782608696,-1.739315482146,-1000.106402233973,-3.964381229047,-2279.519206701844,-1.099999999997,18.852260869565,-19.566434782609,11.500000000001,-12.799999999999,5.732173913043,6.142608695652,-41.920313679222,39.346558095236,0.831566857566,0.657931280787,-1199.080340082968,-1395.496010545064,2,73
R1H01_ramom_8_16_z1,volatility_adjusted_momentum,5fd7019358087c11be8ae82568f5e5bc6aef20098306ba2f7f9c0eaedc2911bd,16,574,0.468641114983,-0.723170731707,-1.331626291806,-764.353491496601,-3.548537412003,-2036.860474489697,-2.044005974201,22.012891986063,-22.433362369338,14.300000000003,-14.524999999998,7.533101045296,8.052264808362,-48.019994551295,46.134780569074,0.884151360275,0.721293502824,-1005.969161958696,-1210.393099807687,2,73
R1H01_ramom_8_16_z1,volatility_adjusted_momentum,5fd7019358087c11be8ae82568f5e5bc6aef20098306ba2f7f9c0eaedc2911bd,24,570,0.482456140351,-0.382105263158,-0.991309925133,-565.046657325782,-3.209719249083,-1829.539971977170,-0.626711258314,27.678596491228,-27.480526315790,18.299999999999,-17.774999999999,11.552631578947,11.866666666667,-54.356993675576,61.332641690881,0.929857941090,0.790660856086,-883.362327787875,-1163.631131153399,2,72
R1H01_ramom_8_16_z1,volatility_adjusted_momentum,5fd7019358087c11be8ae82568f5e5bc6aef20098306ba2f7f9c0eaedc2911bd,32,565,0.518584070796,1.480619469026,0.877312166334,495.681373978919,-1.329302439050,-751.055878063101,1.900619834710,33.400353982301,-32.463008849558,21.850000000001,-20.099999999999,16.030088495575,15.745132743363,-68.138359374999,76.379923870333,1.054230405893,0.923010586469,11.757436129926,-447.994891340267,2,72
R1H01_ramom_8_16_z1,volatility_adjusted_momentum,5fd7019358087c11be8ae82568f5e5bc6aef20098306ba2f7f9c0eaedc2911bd,48,559,0.499105545617,3.005277280858,2.402028788360,1342.734092693298,0.195531803363,109.302278080093,-0.234805825242,41.094633273703,-38.488550983900,28.049999999999,-25.749999999999,23.438282647585,22.354203935599,-76.252234621391,92.864970819961,1.131764694629,1.010097562523,730.618422231204,147.116094761004,4,71
R1H02_ramom_16_32_z1,volatility_adjusted_momentum,8287c5868ddf07a36342867ccdbd2fa54d485377167bc8e2a4d3ff6556324813,1,446,0.448430493274,-0.181390134529,-0.790820597174,-352.705986339401,-3.009681522462,-1342.317959018273,-0.871842222326,5.966479820628,-5.864686098655,4.049999999999,-3.850000000001,0.970852017937,0.973094170404,-10.954963047479,12.238414967893,0.753281377794,0.350308953716,-389.980421012766,-425.390076338844,1,65
R1H02_ramom_16_32_z1,volatility_adjusted_momentum,8287c5868ddf07a36342867ccdbd2fa54d485377167bc8e2a4d3ff6556324813,2,446,0.448430493274,0.173766816144,-0.435663646501,-194.305986339395,-2.654524571790,-1183.917959018267,-0.850000000000,8.999775784753,-8.357735426009,5.400000000000,-5.750000000000,1.419282511211,1.495515695067,-16.778014829323,20.104495325880,0.897747766163,0.529857813543,-269.237045678412,-311.447147172049,3,65
R1H02_ramom_16_32_z1,volatility_adjusted_momentum,8287c5868ddf07a36342867ccdbd2fa54d485377167bc8e2a4d3ff6556324813,3,446,0.466367713004,-0.081502242152,-0.690932704797,-308.155986339403,-2.909793630086,-1297.767959018274,-0.638616704959,10.851681614350,-10.367825112108,6.900000000002,-6.674999999998,1.948430493274,1.946188340807,-23.085259835464,22.362419745223,0.876248166370,0.576436593117,-419.337045678421,-487.312229902902,2,65
R1H02_ramom_16_32_z1,volatility_adjusted_momentum,8287c5868ddf07a36342867ccdbd2fa54d485377167bc8e2a4d3ff6556324813,4,446,0.461883408072,-0.302578475336,-0.912008937981,-406.755986339431,-3.130869863270,-1396.367959018302,-1.129782196969,12.476345291480,-12.059753363229,7.900000000001,-7.775000000001,2.403587443946,2.459641255605,-29.499348388382,27.721077543388,0.862285431449,0.604531030825,-523.037045678447,-618.296403064376,2,65
R1H02_ramom_16_32_z1,volatility_adjusted_momentum,8287c5868ddf07a36342867ccdbd2fa54d485377167bc8e2a4d3ff6556324813,6,446,0.430493273543,-0.464237668161,-1.073668130806,-478.855986339385,-3.292529056095,-1468.467959018257,-1.594506553586,15.270515695067,-15.418721973094,9.075000000000,-9.375000000000,3.195067264574,3.408071748879,-36.368103148876,35.578557267696,0.866163933074,0.648613331041,-601.679924188376,-721.189281574309,2,65
R1H02_ramom_16_32_z1,volatility_adjusted_momentum,8287c5868ddf07a36342867ccdbd2fa54d485377167bc8e2a4d3ff6556324813,8,446,0.461883408072,0.179035874440,-0.430394588205,-191.955986339411,-2.649255513494,-1181.567959018282,-2.015294405567,17.270852017937,-17.224327354260,10.575000000000,-10.499999999999,4.035874439462,4.434977578475,-34.956790657439,38.754032258067,0.948884251593,0.726669123060,-498.329924188401,-649.239281574333,2,65
R1H02_ramom_16_32_z1,volatility_adjusted_momentum,8287c5868ddf07a36342867ccdbd2fa54d485377167bc8e2a4d3ff6556324813,12,445,0.453932584270,0.662808988764,0.056557721002,25.168185845964,-2.155944814521,-959.395442462047,-1.754858299595,21.249325842697,-20.260674157303,12.550000000002,-14.000000000004,5.723595505618,6.400000000000,-42.181617664015,48.505691722766,1.005912593362,0.801045350362,-272.662873493046,-486.071695365944,3,65
R1H02_ramom_16_32_z1,volatility_adjusted_momentum,8287c5868ddf07a36342867ccdbd2fa54d485377167bc8e2a4d3ff6556324813,16,443,0.503386004515,1.969751693002,1.363020735544,603.818185845961,-0.850441179373,-376.745442462050,0.155756731661,24.427878103838,-22.916365688488,15.400000000000,-16.000000000000,7.525959367946,7.997742663657,-42.059999999999,54.222355147931,1.131270874754,0.926411764471,255.437126506942,-49.421695365957,4,65
R1H02_ramom_16_32_z1,volatility_adjusted_momentum,8287c5868ddf07a36342867ccdbd2fa54d485377167bc8e2a4d3ff6556324813,24,441,0.519274376417,2.071428571429,1.467483480066,647.160214709214,-0.740406702659,-326.519355872406,1.141335372068,30.278458049887,-28.401247165533,18.500000000000,-19.049999999999,11.761904761905,11.623582766440,-57.347932053172,67.177014462809,1.111133030473,0.948283371514,95.001392836312,-374.801119280820,3,65
R1H02_ramom_16_32_z1,volatility_adjusted_momentum,8287c5868ddf07a36342867ccdbd2fa54d485377167bc8e2a4d3ff6556324813,32,440,0.527272727273,4.818522727273,4.215486464765,1854.814044496420,2.009413939748,884.142133489268,1.339111277294,36.434431818182,-32.574431818182,21.949999999998,-22.324999999999,16.018181818182,14.756818181818,-65.895642608886,80.249999999998,1.292387393878,1.129440901750,1205.411532379283,557.502710506380,3,65
R1H02_ramom_16_32_z1,volatility_adjusted_momentum,8287c5868ddf07a36342867ccdbd2fa54d485377167bc8e2a4d3ff6556324813,48,432,0.530092592593,7.484259259259,6.881591092761,2972.847352072947,4.676254759766,2020.142056218734,2.583027384142,45.324537037037,-38.333912037037,29.425000000001,-27.475000000000,24.761574074074,21.444444444444,-78.803723080552,118.036919954531,1.400638138020,1.256411211161,2015.888530200047,1256.236185464299,5,63
R1H03_ramom_24_48_z1,volatility_adjusted_momentum,5f21c03621e75e6084e034393aa5f39de8302953c3c91f7a284a053370407919,1,326,0.411042944785,-0.698006134970,-1.296842394738,-422.770620684434,-3.494514914273,-1139.211862053081,-1.263676447862,5.897699386503,-6.536809815951,3.425000000000,-4.124999999999,0.987730061350,0.975460122699,-12.052121402567,12.558107469993,0.662143673280,0.341593021097,-457.267771692431,-487.467771692430,1,48
R1H03_ramom_24_48_z1,volatility_adjusted_momentum,5f21c03621e75e6084e034393aa5f39de8302953c3c91f7a284a053370407919,2,326,0.453987730061,-0.236503067485,-0.835339327253,-272.320620684399,-3.033011846788,-988.761862053046,-0.733789473686,8.970092024540,-9.039723926381,5.025000000001,-5.924999999999,1.438650306748,1.463190184049,-19.167785475981,19.336081443807,0.822276979652,0.498918533329,-341.529903599349,-386.992607179840,2,48
R1H03_ramom_24_48_z1,volatility_adjusted_momentum,5f21c03621e75e6084e034393aa5f39de8302953c3c91f7a284a053370407919,3,326,0.404907975460,-0.622085889571,-1.220922149339,-398.020620684385,-3.418594668874,-1114.461862053033,-1.735628586334,10.665184049079,-10.992638036810,6.375000000000,-7.374999999999,1.871165644172,1.975460122699,-22.176707229872,23.541870673094,0.802377108821,0.546519477540,-507.979903599330,-565.773278672693,2,48
R1H03_ramom_24_48_z1,volatility_adjusted_momentum,5f21c03621e75e6084e034393aa5f39de8302953c3c91f7a284a053370407919,4,326,0.429447852761,-0.184662576687,-0.783498836455,-255.420620684398,-2.981171355991,-971.861862053045,-2.133645443196,11.953220858895,-12.481288343558,7.525000000000,-8.624999999998,2.303680981595,2.524539877301,-24.730584979202,30.506089162663,0.882257334678,0.625178443864,-351.979903599344,-412.400591799224,2,48
R1H03_ramom_24_48_z1,volatility_adjusted_momentum,5f21c03621e75e6084e034393aa5f39de8302953c3c91f7a284a053370407919,6,325,0.415384615385,-0.428923076923,-1.027720557595,-334.009181218217,-3.225315518937,-1048.227543654548,-2.563703382480,14.111076923077,-15.094153846154,8.350000000002,-10.550000000001,3.141538461538,3.406153846154,-30.419716464762,35.661478986170,0.866576655109,0.644407649441,-457.279869418095,-519.551463307382,3,48
R1H03_ramom_24_48_z1,volatility_adjusted_momentum,5f21c03621e75e6084e034393aa5f39de8302953c3c91f7a284a053370407919,8,325,0.415384615385,-0.432000000000,-1.030797480672,-335.009181218239,-3.228392442014,-1049.227543654570,-3.000000000001,16.261384615384,-17.127846153846,9.399999999999,-12.699999999998,3.892307692308,4.510769230769,-33.007925164364,39.391508379886,0.884086637952,0.685058615361,-571.477717253881,-686.948405453762,2,48
R1H03_ramom_24_48_z1,volatility_adjusted_momentum,5f21c03621e75e6084e034393aa5f39de8302953c3c91f7a284a053370407919,12,324,0.441358024691,0.148611111111,-0.444760283652,-144.102331903145,-2.631503073177,-852.606995709339,-3.667615239889,20.353395061728,-20.390432098766,11.324999999998,-15.450000000001,5.657407407407,6.540123456790,-42.208607135312,47.010757128504,0.955385773390,0.765707498039,-388.320867938786,-597.691556138665,3,47
R1H03_ramom_24_48_z1,volatility_adjusted_momentum,5f21c03621e75e6084e034393aa5f39de8302953c3c91f7a284a053370407919,16,324,0.475308641975,-0.206635802469,-0.800007197232,-259.202331903146,-2.986749986757,-967.706995709340,-1.096992433797,22.991820987654,-24.130555555556,12.200000000000,-17.250000000000,7.345679012346,8.277777777778,-45.555965670722,50.163177791654,0.932356420860,0.771058390019,-570.773020103024,-846.982303017974,3,47
R1H03_ramom_24_48_z1,volatility_adjusted_momentum,5f21c03621e75e6084e034393aa5f39de8302953c3c91f7a284a053370407919,24,324,0.453703703704,1.091666666667,0.498295271904,161.447668096855,-1.688447517621,-547.056995709340,-2.597066320931,30.056018518518,-30.152314814815,16.549999999998,-21.600000000001,11.308641975309,11.984567901235,-65.121816739495,64.502533425408,1.034024319155,0.893666262012,-249.320867938784,-644.441556138665,2,47
R1H03_ramom_24_48_z1,volatility_adjusted_momentum,5f21c03621e75e6084e034393aa5f39de8302953c3c91f7a284a053370407919,32,323,0.517027863777,5.219349845201,4.625945697984,1494.180460448962,2.439137403551,787.841381347080,1.386887182518,37.760371517028,-33.956965944273,20.700000000002,-24.350000000001,16.445820433437,15.058823529412,-69.182523504670,84.260794800277,1.296223969516,1.145972169702,900.611924413322,352.302641498378,4,47
R1H03_ramom_24_48_z1,volatility_adjusted_momentum,5f21c03621e75e6084e034393aa5f39de8302953c3c91f7a284a053370407919,48,317,0.523659305994,7.750473186120,7.157010052969,2268.772186791251,4.970083786668,1575.516560373801,2.715794066316,47.159621451104,-39.982018927445,28.350000000000,-28.100000000001,24.946372239748,20.943217665615,-84.313333333335,112.723445404837,1.391965796733,1.257234467690,1577.412903876301,1041.440887043987,5,46
R1H04_ramom_32_64_z125,volatility_adjusted_momentum,72b1ce40434c8d8869a1546d72051fdd2224e81fc7124d7af2255067e11f89d6,1,147,0.353741496599,-0.875510204082,-1.446637404089,-212.655698401077,-3.588891804104,-527.567095203235,-1.971346023113,5.664965986395,-7.143877551020,3.199999999998,-4.949999999999,0.986394557823,0.972789115646,-14.373471794627,15.415245806824,0.637605300083,0.345726762130,-234.414633050499,-254.004049536212,1,21
R1H04_ramom_32_64_z125,volatility_adjusted_momentum,72b1ce40434c8d8869a1546d72051fdd2224e81fc7124d7af2255067e11f89d6,2,147,0.408163265306,-0.147959183673,-0.719086383681,-105.705698401056,-2.861340783695,-420.617095203214,-1.317491749177,7.756462585034,-9.220748299320,4.349999999999,-6.700000000001,1.408163265306,1.455782312925,-19.800526700803,22.266254254595,0.833067773936,0.499345923290,-149.845114886762,-190.771017840567,3,21
R1H04_ramom_32_64_z125,volatility_adjusted_momentum,72b1ce40434c8d8869a1546d72051fdd2224e81fc7124d7af2255067e11f89d6,3,147,0.442176870748,0.985034013606,0.413906813598,60.844301598930,-1.728347586417,-254.067095203228,-1.364627785681,10.339455782313,-10.685034013605,6.049999999999,-8.249999999998,1.918367346939,2.000000000000,-20.675134488942,30.914186713824,1.082202487909,0.725285546677,-27.981601354878,-75.141287163584,2,21
R1H04_ramom_32_64_z125,volatility_adjusted_momentum,72b1ce40434c8d8869a1546d72051fdd2224e81fc7124d7af2255067e11f89d6,4,147,0.489795918367,1.498639455782,0.927512255775,136.344301598930,-1.214742144240,-178.567095203228,-0.071346023112,11.775850340136,-12.029931972789,7.100000000003,-8.649999999994,2.421768707483,2.428571428571,-23.305102717033,31.008370628952,1.177260454629,0.811159585255,33.068398645122,-28.221017840588,4,21
R1H04_ramom_32_64_z125,volatility_adjusted_momentum,72b1ce40434c8d8869a1546d72051fdd2224e81fc7124d7af2255067e11f89d6,6,147,0.551020408163,2.920068027211,2.348940827204,345.294301598946,0.206686427189,30.382904796787,1.248444790045,15.098639455782,-14.841496598639,9.050000000002,-10.550000000001,3.408163265306,3.244897959184,-29.522748761822,35.937817679556,1.374731695845,1.028222118645,258.868398645137,174.628982159427,4,21
R1H04_ramom_32_64_z125,volatility_adjusted_momentum,72b1ce40434c8d8869a1546d72051fdd2224e81fc7124d7af2255067e11f89d6,8,147,0.537414965986,5.274829931973,4.703702731965,691.444301598926,2.561448331951,376.532904796768,2.049999999999,18.624489795918,-16.385714285714,10.249999999996,-12.299999999999,4.442176870748,4.040816326531,-33.588064816810,39.135984662566,1.723189952413,1.340324439410,457.035366949504,362.141965753584,4,21
R1H04_ramom_32_64_z125,volatility_adjusted_momentum,72b1ce40434c8d8869a1546d72051fdd2224e81fc7124d7af2255067e11f89d6,12,147,0.537414965986,6.976870748299,6.405743548292,941.644301598947,4.263489148277,626.732904796788,2.327397260274,24.418027210884,-18.239795918367,13.900000000001,-13.999999999999,6.721088435374,5.687074829932,-33.112236111112,61.111054088176,1.875953947324,1.511848984711,721.035366949525,555.809369523520,5,21
R1H04_ramom_32_64_z125,volatility_adjusted_momentum,72b1ce40434c8d8869a1546d72051fdd2224e81fc7124d7af2255067e11f89d6,16,147,0.578231292517,9.298299319728,8.727172119721,1282.894301598952,6.584917719706,967.982904796794,4.849061032864,28.932993197279,-20.518367346939,15.600000000001,-14.599999999996,8.598639455782,6.925170068027,-44.627055944056,57.915193259928,2.092070804434,1.737374146443,981.204885113239,767.045950463819,6,21
R1H04_ramom_32_64_z125,volatility_adjusted_momentum,72b1ce40434c8d8869a1546d72051fdd2224e81fc7124d7af2255067e11f89d6,24,147,0.578231292517,10.536394557823,9.965267357816,1464.894301598917,7.823012957801,1149.982904796759,6.629563182529,38.515646258503,-25.583333333333,26.399999999998,-18.850000000000,13.285714285714,10.136054421769,-52.192396337551,65.202505298572,1.946705411877,1.682350632364,1113.226300507712,784.436884022005,6,21
R1H04_ramom_32_64_z125,volatility_adjusted_momentum,72b1ce40434c8d8869a1546d72051fdd2224e81fc7124d7af2255067e11f89d6,32,146,0.568493150685,13.445547945205,12.874060021489,1879.612763137367,10.731084174056,1566.738289412132,11.980529411764,45.449657534247,-29.485616438356,31.000000000002,-19.825000000002,17.465753424658,12.739726027397,-51.990047427429,94.138199888020,2.120087631332,1.863499703740,1435.473346651658,1021.405345560451,6,21
R1H04_ramom_32_64_z125,volatility_adjusted_momentum,72b1ce40434c8d8869a1546d72051fdd2224e81fc7124d7af2255067e11f89d6,48,144,0.548611111111,7.947569444445,7.376618040023,1062.232997763320,5.234715231180,753.798993289891,3.951031745202,51.432986111111,-38.113888888889,35.775000000002,-23.450000000003,24.465277777778,18.590277777778,-74.939725292991,99.312532572827,1.415368925612,1.279173001977,641.807094809511,380.989093718302,4,20
R1H05_ramom_48_96_z125,volatility_adjusted_momentum,cc2455296b4036f3c4eee7eb5bf8078bf4bcc925533b6025d409929688188aa9,1,125,0.464000000000,-0.203200000000,-0.796758703046,-99.594837880724,-2.983876109137,-372.984513642173,-0.714657980459,6.622400000000,-6.467200000000,3.950000000000,-4.150000000001,0.976000000000,0.960000000000,-14.527644778729,14.232663841355,0.793816212398,0.426011548904,-123.116503113620,-145.923986869106,3,15
R1H05_ramom_48_96_z125,volatility_adjusted_momentum,cc2455296b4036f3c4eee7eb5bf8078bf4bcc925533b6025d409929688188aa9,2,125,0.496000000000,0.128800000000,-0.464758703046,-58.094837880727,-2.651876109137,-331.484513642177,-0.222798468500,9.290400000000,-9.485200000000,4.700000000000,-5.300000000000,1.416000000000,1.384000000000,-19.630460456180,17.302856044455,0.893226023010,0.529667122113,-88.595764586709,-116.638885936479,3,15
R1H05_ramom_48_96_z125,volatility_adjusted_momentum,cc2455296b4036f3c4eee7eb5bf8078bf4bcc925533b6025d409929688188aa9,3,125,0.520000000000,0.060400000000,-0.533158703046,-66.644837880747,-2.720276109138,-340.034513642196,0.950000000000,11.434400000000,-11.190400000000,7.599999999994,-7.250000000002,1.944000000000,1.776000000000,-23.658733278405,21.187992639289,0.907726033655,0.605422367151,-126.552321636231,-169.345442985998,4,15
R1H05_ramom_48_96_z125,volatility_adjusted_momentum,cc2455296b4036f3c4eee7eb5bf8078bf4bcc925533b6025d409929688188aa9,4,125,0.504000000000,-0.015600000000,-0.609158703046,-76.144837880704,-2.796276109137,-349.534513642153,0.289106145252,13.570800000000,-14.310000000000,9.250000000000,-8.649999999994,2.432000000000,2.312000000000,-28.841060802599,27.223641742422,0.907809070919,0.639576310219,-148.402321636192,-211.795442985958,2,15
R1H05_ramom_48_96_z125,volatility_adjusted_momentum,cc2455296b4036f3c4eee7eb5bf8078bf4bcc925533b6025d409929688188aa9,6,125,0.544000000000,3.404800000000,2.811241296954,351.405162119287,0.624123890863,78.015486357837,1.314834673816,16.778400000000,-15.796800000000,10.900000000004,-10.599999999999,3.176000000000,2.928000000000,-24.691404535478,39.576066370805,1.505898408134,1.093875188258,247.681224270296,154.473740514812,3,15
R1H05_ramom_48_96_z125,volatility_adjusted_momentum,cc2455296b4036f3c4eee7eb5bf8078bf4bcc925533b6025d409929688188aa9,8,125,0.472000000000,4.378000000000,3.784441296954,473.055162119278,1.597323890863,199.665486357829,-1.063469735722,20.583600000000,-17.881600000000,12.750000000003,-12.250000000000,3.832000000000,3.704000000000,-27.741404535480,39.457809768693,1.557990997811,1.199857871926,178.031224270286,72.438102920520,4,15
R1H05_ramom_48_96_z125,volatility_adjusted_momentum,cc2455296b4036f3c4eee7eb5bf8078bf4bcc925533b6025d409929688188aa9,12,125,0.504000000000,4.566800000000,3.973241296954,496.655162119265,1.786123890863,223.265486357816,0.249999999999,25.794000000000,-19.862000000000,15.150000000003,-14.449999999999,5.696000000000,5.704000000000,-27.468011110450,51.606523091947,1.555793408282,1.215065830957,312.331224270274,154.884795870166,4,15
R1H05_ramom_48_96_z125,volatility_adjusted_momentum,cc2455296b4036f3c4eee7eb5bf8078bf4bcc925533b6025d409929688188aa9,16,125,0.512000000000,4.287200000000,3.693641296954,461.705162119296,1.506523890863,188.315486357847,0.250000000002,29.136000000000,-22.826000000000,19.050000000001,-17.200000000000,7.728000000000,7.568000000000,-40.659228346457,46.293519713264,1.430902791521,1.155149233127,272.081224270305,93.634795870194,4,15
R1H05_ramom_48_96_z125,volatility_adjusted_momentum,cc2455296b4036f3c4eee7eb5bf8078bf4bcc925533b6025d409929688188aa9,24,123,0.536585365854,-0.539024390244,-1.132825933559,-139.337589827705,-3.320429020188,-408.412769483106,4.100000000002,33.859756097561,-29.273170731707,24.400000000000,-19.250000000000,11.756097560976,11.609756097561,-87.182881889762,53.282012383901,0.921203163521,0.784943449384,-300.030711177472,-442.365506206214,3,15
R1H05_ramom_48_96_z125,volatility_adjusted_momentum,cc2455296b4036f3c4eee7eb5bf8078bf4bcc925533b6025d409929688188aa9,32,123,0.577235772358,1.715853658537,1.122052115222,138.012410172291,-1.065550971407,-131.062769483111,3.917616033755,36.866260162602,-33.328861788618,28.800000000001,-21.550000000002,15.463414634146,14.813008130081,-79.609570652001,62.985651182769,1.075008934465,0.933186965733,-113.480711177475,-337.215506206216,4,15
R1H05_ramom_48_96_z125,volatility_adjusted_momentum,cc2455296b4036f3c4eee7eb5bf8078bf4bcc925533b6025d409929688188aa9,48,122,0.549180327869,3.423770491803,2.830832583879,345.361575233296,0.644956768032,78.684725699924,3.790305319905,45.212704918033,-38.991803278688,35.149999999999,-27.675000000001,23.442622950820,23.032786885246,-93.180558653646,76.040700337196,1.146776013340,1.031803467090,1.776780204556,-337.116341145210,4,15
R1I01_boll_reentry_16_z15,bollinger_reentry_reversion,825a41751445974bcad1dc1fea845e2dd8b75d4b7634c2ab983187ede34957fd,1,1201,0.419650291424,-0.077560366361,-0.670297324833,-805.027087124944,-2.855771241777,-3429.781261374662,-0.834037267079,5.161573688593,-5.227560366361,3.100000000001,-3.299999999999,0.971690258118,0.975853455454,-11.741307814994,10.670462925030,0.776894888874,0.357311349829,-885.087425814682,-955.515915689300,1,184
R1I01_boll_reentry_16_z15,bollinger_reentry_reversion,825a41751445974bcad1dc1fea845e2dd8b75d4b7634c2ab983187ede34957fd,2,1201,0.446294754371,-0.474979184013,-1.067716142485,-1282.327087124876,-3.253190059429,-3907.081261374593,-0.850000000000,7.021856786012,-7.450374687760,4.349999999999,-4.749999999999,1.431307243963,1.463780183181,-16.698646793489,14.083823529413,0.739257285898,0.403764552524,-1413.351623965550,-1483.969481802987,1,184
R1I01_boll_reentry_16_z15,bollinger_reentry_reversion,825a41751445974bcad1dc1fea845e2dd8b75d4b7634c2ab983187ede34957fd,3,1201,0.451290591174,-0.492922564530,-1.085659523002,-1303.877087124909,-3.271133439946,-3928.631261374626,-0.692274052476,8.619900083264,-9.246586178185,5.349999999999,-5.799999999999,1.900915903414,1.945878434638,-20.544259818731,18.613006670089,0.780488245036,0.477889312695,-1442.551623965584,-1555.263507093008,2,184
R1I01_boll_reentry_16_z15,bollinger_reentry_reversion,825a41751445974bcad1dc1fea845e2dd8b75d4b7634c2ab983187ede34957fd,4,1201,0.453788509575,-0.555578684430,-1.148315642902,-1379.127087124891,-3.333789559846,-4003.881261374609,-0.999825174823,10.186303080766,-10.677102414654,6.250000000000,-6.950000000001,2.378018318068,2.384679433805,-24.558604887985,21.250000000000,0.801451323090,0.529755857088,-1549.987425814623,-1688.861962655302,2,184
R1I01_boll_reentry_16_z15,bollinger_reentry_reversion,825a41751445974bcad1dc1fea845e2dd8b75d4b7634c2ab983187ede34957fd,6,1201,0.468776019983,-0.729808492923,-1.322545451395,-1588.377087124849,-3.508019368339,-4213.131261374567,-0.733856893544,12.300624479600,-13.335636969192,7.649999999998,-8.349999999999,3.248959200666,3.320566194838,-29.987184973846,25.242881032014,0.811937656413,0.576969173171,-1805.629388526143,-2006.739727215880,2,184
R1I01_boll_reentry_16_z15,bollinger_reentry_reversion,825a41751445974bcad1dc1fea845e2dd8b75d4b7634c2ab983187ede34957fd,8,1200,0.468333333333,-0.926375000000,-1.517108812914,-1820.530575497051,-3.698576438742,-4438.291726490955,-1.100000000000,14.226791666667,-15.460666666667,8.750000000001,-9.650000000001,4.135000000000,4.241666666667,-34.496176895326,30.545832950895,0.814172750735,0.607123227718,-2042.681745629013,-2222.942084318752,1,184
R1I01_boll_reentry_16_z15,bollinger_reentry_reversion,825a41751445974bcad1dc1fea845e2dd8b75d4b7634c2ab983187ede34957fd,12,1200,0.471666666667,-1.513875000000,-2.104608812914,-2525.530575496947,-4.286076438742,-5143.291726490851,-0.990337078650,16.710916666667,-18.639125000000,10.849999999999,-11.499999999998,5.893333333333,5.862500000000,-43.710405989502,30.773666787784,0.777521188587,0.598748564313,-2866.790914186688,-3126.592084318651,1,184
R1I01_boll_reentry_16_z15,bollinger_reentry_reversion,825a41751445974bcad1dc1fea845e2dd8b75d4b7634c2ab983187ede34957fd,16,1199,0.502919099249,-0.489616346956,-1.077651586295,-1292.104251967658,-3.253722064973,-3901.212755902738,0.164203316510,19.666305254379,-21.381025854879,12.199999999999,-13.299999999998,8.066722268557,7.481234361968,-50.368381385646,40.570652472526,0.896788799029,0.719204029516,-2139.306553368951,-2522.316892058685,2,184
R1I01_boll_reentry_16_z15,bollinger_reentry_reversion,825a41751445974bcad1dc1fea845e2dd8b75d4b7634c2ab983187ede34957fd,24,1196,0.481605351171,-1.537416387960,-2.125538457091,-2542.143994680801,-4.301782595353,-5144.931984042445,-1.172240884374,24.559991638796,-26.253219063545,15.750000000000,-16.575000000000,12.131270903010,11.385451505017,-64.577541807807,51.250174013922,0.840197295439,0.702669918268,-3281.396296082095,-3765.847466214056,1,183
R1I01_boll_reentry_16_z15,bollinger_reentry_reversion,825a41751445974bcad1dc1fea845e2dd8b75d4b7634c2ab983187ede34957fd,32,1190,0.484873949580,-2.643403361345,-3.229043117082,-3842.561309327715,-5.400322628557,-6426.383927983103,-0.796057692307,28.648949579832,-31.281596638656,18.925000000002,-19.850000000002,16.061344537815,15.395798319328,-75.499942263279,59.904246399801,0.799847338307,0.687470757677,-4925.713610729013,-5351.014780860977,2,182
R1I01_boll_reentry_16_z15,bollinger_reentry_reversion,825a41751445974bcad1dc1fea845e2dd8b75d4b7634c2ab983187ede34957fd,48,1184,0.475506756757,-3.291089527027,-3.876037423312,-4589.228309201314,-6.045933215882,-7158.384927603761,-1.655415617128,35.804180743243,-39.208657094595,23.950000000001,-25.149999999999,23.288006756757,23.602195945946,-90.262797830276,80.163981247547,0.808500025644,0.717728957955,-5284.130610602608,-5903.131780734564,2,181
R1I02_boll_reentry_24_z15,bollinger_reentry_reversion,542c5e7ae0bd31f4b30f3e6795efdd8396eefcec57d2f76ee0599adf311e3e09,1,990,0.419191919192,-0.211666666667,-0.802940965162,-794.911555510154,-2.985489562152,-2955.634666530426,-0.887031142419,4.951868686869,-5.201161616162,3.049999999999,-3.300000000002,0.968686868687,0.980808080808,-12.400372549170,10.464039154092,0.734297386867,0.332742026446,-912.904424514424,-964.471246528037,0,155
R1I02_boll_reentry_24_z15,bollinger_reentry_reversion,542c5e7ae0bd31f4b30f3e6795efdd8396eefcec57d2f76ee0599adf311e3e09,2,990,0.455555555556,-0.167929292929,-0.759203591424,-751.611555510161,-2.941752188415,-2912.334666530432,-0.707930744030,7.057121212121,-7.256818181818,4.424999999999,-4.800000000000,1.453535353535,1.464646464646,-16.709789329622,14.541503846156,0.807720064722,0.442277707209,-970.215181499629,-1126.058050503896,1,155
R1I02_boll_reentry_24_z15,bollinger_reentry_reversion,542c5e7ae0bd31f4b30f3e6795efdd8396eefcec57d2f76ee0599adf311e3e09,3,990,0.463636363636,-0.132373737374,-0.723648035869,-716.411555510177,-2.906196632859,-2877.134666530449,-0.591349527665,8.839343434343,-8.975454545455,5.350000000001,-5.799999999999,1.932323232323,1.938383838384,-20.196193415636,18.320099827884,0.848589240645,0.521469620801,-997.315181499647,-1160.658050503916,2,155
R1I02_boll_reentry_24_z15,bollinger_reentry_reversion,542c5e7ae0bd31f4b30f3e6795efdd8396eefcec57d2f76ee0599adf311e3e09,4,990,0.455555555556,-0.280858585859,-0.872132884354,-863.411555510126,-3.054681481344,-3024.134666530398,-1.073503388387,10.234040404040,-10.385303030303,6.274999999999,-6.800000000000,2.352525252525,2.375757575758,-23.638049327354,21.600744408945,0.842937061450,0.554501036327,-1293.365181499593,-1492.343427647097,3,155
R1I02_boll_reentry_24_z15,bollinger_reentry_reversion,542c5e7ae0bd31f4b30f3e6795efdd8396eefcec57d2f76ee0599adf311e3e09,6,989,0.465116279070,-0.249191102123,-0.837421959440,-828.210317886344,-3.013883674074,-2980.730953659090,-0.589750692522,12.397320525784,-12.952578361982,7.550000000003,-8.150000000001,3.213346814965,3.313447927199,-29.994157478635,27.876480185895,0.873815472270,0.618224248476,-1133.813943875815,-1284.792190023323,2,155
R1I02_boll_reentry_24_z15,bollinger_reentry_reversion,542c5e7ae0bd31f4b30f3e6795efdd8396eefcec57d2f76ee0599adf311e3e09,8,989,0.479271991911,-0.618756319515,-1.206987176832,-1193.710317886378,-3.383448891465,-3346.230953659125,-0.709591373439,14.307229524772,-14.990343781598,8.850000000001,-9.800000000001,4.218402426694,4.215369059656,-34.208198976950,29.918657518583,0.845260012081,0.624709736091,-1485.113943875841,-1720.856147583216,1,155
R1I02_boll_reentry_24_z15,bollinger_reentry_reversion,542c5e7ae0bd31f4b30f3e6795efdd8396eefcec57d2f76ee0599adf311e3e09,12,989,0.494438827098,-1.139737108190,-1.727967965507,-1708.960317886378,-3.904429680141,-3861.480953659125,-0.167333333333,16.976491405460,-18.303791708797,11.300000000003,-11.650000000000,5.990899898888,5.850353892821,-42.996446703918,31.519097560978,0.813173484567,0.625176103783,-2026.502521593752,-2277.056147583217,1,155
R1I02_boll_reentry_24_z15,bollinger_reentry_reversion,542c5e7ae0bd31f4b30f3e6795efdd8396eefcec57d2f76ee0599adf311e3e09,16,989,0.487360970677,-0.750505561173,-1.338736418490,-1324.010317886443,-3.515198133124,-3476.530953659189,-0.311355311354,19.736299292214,-21.031445904955,12.799999999996,-13.250000000002,8.113245702730,7.546006066734,-49.539564034783,40.639999999998,0.873057648865,0.699779472235,-1828.113943875907,-2158.856147583281,1,155
R1I02_boll_reentry_24_z15,bollinger_reentry_reversion,542c5e7ae0bd31f4b30f3e6795efdd8396eefcec57d2f76ee0599adf311e3e09,24,987,0.480243161094,-2.069554204661,-2.657875898725,-2623.323512041999,-4.834519286855,-4771.670536126061,-1.055885997521,24.368439716312,-26.357852077001,16.449999999998,-16.950000000003,12.005065856130,11.495440729483,-60.342221840658,48.339997705367,0.802008310266,0.668500052568,-3179.227138031469,-3667.319341738851,1,153
R1I02_boll_reentry_24_z15,bollinger_reentry_reversion,542c5e7ae0bd31f4b30f3e6795efdd8396eefcec57d2f76ee0599adf311e3e09,32,982,0.486761710794,-2.596283095723,-3.184181616693,-3126.866347592323,-5.359978658632,-5263.499042777016,-0.774999999999,28.619602851324,-30.704582484725,19.225000000000,-19.975000000002,15.689409368635,15.072301425662,-72.854710884353,54.697768771332,0.796404887275,0.680839055093,-3747.269973581788,-4199.312177289170,1,152
R1I02_boll_reentry_24_z15,bollinger_reentry_reversion,542c5e7ae0bd31f4b30f3e6795efdd8396eefcec57d2f76ee0599adf311e3e09,48,975,0.463589743590,-3.852769230769,-4.440998336315,-4329.973377907597,-6.617456547408,-6452.020133722773,-2.501673151750,35.605641025641,-38.185692307692,24.100000000001,-25.099999999998,22.864615384615,23.934358974359,-89.331112501442,72.041916786916,0.778674421554,0.688893249245,-4910.615581614973,-5320.919207604441,1,151
R1I03_boll_reentry_32_z2,bollinger_reentry_reversion,d53e4386fc53a9b43883d8144b38f80fbfea29dfc82c8482ea3ee8d43923c651,1,675,0.444444444444,0.275629629630,-0.323458314422,-218.334362235116,-2.521634202526,-1702.103086705293,-0.705184534267,5.577925925926,-5.496814814815,3.449999999998,-3.450000000001,0.979259259259,0.971851851852,-11.719903753154,11.652029771134,0.888582200830,0.408523728063,-300.277806480329,-357.641965157047,2,101
R1I03_boll_reentry_32_z2,bollinger_reentry_reversion,d53e4386fc53a9b43883d8144b38f80fbfea29dfc82c8482ea3ee8d43923c651,2,675,0.456296296296,-0.028296296296,-0.627384240348,-423.484362235091,-2.825560128452,-1907.253086705267,-0.569571045575,7.631925925926,-7.701925925926,4.900000000001,-4.899999999998,1.471111111111,1.454814814815,-17.920769473957,15.009717537942,0.843684611359,0.470901322886,-500.759751142006,-567.003195387217,1,101
R1I03_boll_reentry_32_z2,bollinger_reentry_reversion,d53e4386fc53a9b43883d8144b38f80fbfea29dfc82c8482ea3ee8d43923c651,3,675,0.466666666667,0.043333333333,-0.555754610719,-375.134362235103,-2.753930498823,-1858.903086705280,-0.470283018866,9.468666666667,-9.469777777778,5.749999999998,-6.000000000000,1.936296296296,1.934814814815,-21.467432586403,19.425310748855,0.883388359287,0.544679442102,-613.809751142016,-717.307737388526,3,101
R1I03_boll_reentry_32_z2,bollinger_reentry_reversion,d53e4386fc53a9b43883d8144b38f80fbfea29dfc82c8482ea3ee8d43923c651,4,675,0.465185185185,-0.152518518519,-0.751606462571,-507.334362235115,-2.949782350675,-1991.103086705291,-0.707508650518,11.068740740741,-10.976814814815,6.750000000000,-6.950000000003,2.392592592593,2.342222222222,-24.599455745976,21.474979637954,0.869349549137,0.581886255500,-847.959751142030,-1015.003195387236,2,101
R1I03_boll_reentry_32_z2,bollinger_reentry_reversion,d53e4386fc53a9b43883d8144b38f80fbfea29dfc82c8482ea3ee8d43923c651,6,675,0.469629629630,-0.264222222222,-0.863310166274,-582.734362235026,-3.061486054378,-2066.503086705202,-0.627574370707,13.121037037037,-13.758074074074,8.050000000003,-8.300000000000,3.214814814815,3.352592592593,-30.095754252334,27.126074964471,0.876407741185,0.629101545823,-923.109751141935,-1119.603195387150,3,101
R1I03_boll_reentry_32_z2,bollinger_reentry_reversion,d53e4386fc53a9b43883d8144b38f80fbfea29dfc82c8482ea3ee8d43923c651,8,674,0.455489614243,-0.927818991098,-1.524680062663,-1027.634362235117,-3.718402205794,-2506.203086705294,-1.479426991439,14.796142433234,-15.676112759644,9.375000000000,-9.999999999999,4.075667655786,4.209198813056,-34.497094476425,29.803843037360,0.812995468747,0.605706520449,-1306.677806480324,-1436.807086511576,1,101
R1I03_boll_reentry_32_z2,bollinger_reentry_reversion,d53e4386fc53a9b43883d8144b38f80fbfea29dfc82c8482ea3ee8d43923c651,12,674,0.482195845697,-2.009198813056,-2.606059884622,-1756.484362235063,-4.799782027753,-3235.053086705239,-0.857667667341,17.111201780415,-18.820994065282,11.350000000000,-11.800000000001,5.838278931751,5.908011869436,-42.750272905627,29.826798986484,0.735762034768,0.566012896065,-2083.577806480279,-2188.207086511532,1,101
R1I03_boll_reentry_32_z2,bollinger_reentry_reversion,d53e4386fc53a9b43883d8144b38f80fbfea29dfc82c8482ea3ee8d43923c651,16,674,0.504451038576,-1.147477744807,-1.744338816373,-1175.684362235112,-3.938060959503,-2654.253086705288,0.237200657715,19.717804154303,-21.887537091988,13.275000000000,-13.399999999999,7.970326409496,7.661721068249,-49.432521959095,37.410193259226,0.839722559993,0.672948881528,-1682.359751142025,-2058.503195387244,1,101
R1I03_boll_reentry_32_z2,bollinger_reentry_reversion,d53e4386fc53a9b43883d8144b38f80fbfea29dfc82c8482ea3ee8d43923c651,24,674,0.476261127596,-1.362166172107,-1.959027243672,-1320.384362235053,-4.152749386803,-2798.953086705229,-1.375000000001,25.166246290801,-27.313353115727,16.349999999997,-16.275000000002,12.054896142433,11.492581602374,-64.882149173162,53.523998437864,0.857229123603,0.721438390352,-1914.209751141965,-2284.251105945934,2,101
R1I03_boll_reentry_32_z2,bollinger_reentry_reversion,d53e4386fc53a9b43883d8144b38f80fbfea29dfc82c8482ea3ee8d43923c651,32,668,0.482035928144,-2.271556886228,-2.863892005891,-1913.079859935163,-5.048562245218,-3372.439579805476,-0.750000000000,29.317514970060,-31.963173652695,19.050000000001,-19.900000000001,15.836826347305,15.276946107784,-76.385062645620,61.205583132565,0.824205120053,0.710716278970,-2732.105248842082,-3238.284694177086,1,99
R1I03_boll_reentry_32_z2,bollinger_reentry_reversion,d53e4386fc53a9b43883d8144b38f80fbfea29dfc82c8482ea3ee8d43923c651,48,662,0.445619335347,-5.538444108761,-6.131302337293,-4058.922147288076,-8.317018794357,-5505.866441864116,-4.170101195491,35.394486404834,-40.235574018127,24.075000000001,-26.225000000002,22.735649546828,24.719033232628,-90.396216560710,81.391132761564,0.719619734100,0.640181413717,-4621.497536194992,-5042.126981529992,1,98
R1I04_boll_reentry_48_z2,bollinger_reentry_reversion,d18e6bc755c7b28ff002559b5f0257d13dc6475cdb06ae6a1f6b00301fbed391,1,544,0.459558823529,0.039522058823,-0.554383157554,-301.584437709245,-2.742193590308,-1491.753313127623,-0.453242320819,5.357904411765,-5.271047794118,3.500000000003,-3.325000000001,0.966911764706,0.976102941176,-12.255910341007,10.367126119956,0.811469018786,0.367337914089,-388.865359629194,-442.400851239414,2,84
R1I04_boll_reentry_48_z2,bollinger_reentry_reversion,d18e6bc755c7b28ff002559b5f0257d13dc6475cdb06ae6a1f6b00301fbed391,2,544,0.450367647059,0.047426470588,-0.546478745789,-297.284437709222,-2.734289178543,-1487.453313127600,-0.626630423662,7.650643382353,-7.333455882353,4.874999999998,-4.424999999999,1.463235294118,1.461397058824,-18.503530150550,14.832841234156,0.862853195036,0.485068375670,-475.129076873458,-578.509998793407,2,84
R1I04_boll_reentry_48_z2,bollinger_reentry_reversion,d18e6bc755c7b28ff002559b5f0257d13dc6475cdb06ae6a1f6b00301fbed391,3,544,0.466911764706,-0.169577205882,-0.763482422260,-415.334437709247,-2.951292855014,-1605.503313127625,-0.528138143587,9.385202205882,-9.396691176471,5.924999999998,-5.599999999998,1.922794117647,1.959558823529,-20.467543648771,18.569255130023,0.848550069253,0.534049942534,-680.629076873484,-789.459998793435,3,84
R1I04_boll_reentry_48_z2,bollinger_reentry_reversion,d18e6bc755c7b28ff002559b5f0257d13dc6475cdb06ae6a1f6b00301fbed391,4,544,0.448529411765,-0.552297794118,-1.146203010495,-623.534437709201,-3.334013443249,-1813.703313127578,-1.188314580404,10.829595588235,-10.982996323529,6.425000000000,-6.774999999999,2.356617647059,2.378676470588,-26.177888508314,20.895836682103,0.812020710404,0.551102164371,-1072.279076873434,-1254.957689802084,3,84
R1I04_boll_reentry_48_z2,bollinger_reentry_reversion,d18e6bc755c7b28ff002559b5f0257d13dc6475cdb06ae6a1f6b00301fbed391,6,544,0.443014705882,-1.262959558824,-1.856864775201,-1010.134437709231,-4.044675207955,-2200.303313127608,-1.114947368421,13.009466911765,-14.249632352941,7.650000000000,-8.400000000000,3.165441176471,3.435661764706,-34.333592550790,26.247740533923,0.759874923069,0.553391194827,-1371.979076873467,-1551.757689802111,3,84
R1I04_boll_reentry_48_z2,bollinger_reentry_reversion,d18e6bc755c7b28ff002559b5f0257d13dc6475cdb06ae6a1f6b00301fbed391,8,544,0.441176470588,-2.368841911765,-2.962747128142,-1611.734437709233,-5.150557560896,-2801.903313127610,-2.010832738515,14.774908088235,-16.327297794118,8.875000000000,-9.525000000001,4.101102941176,4.332720588235,-36.755942386832,25.735884184506,0.670093328069,0.499749079097,-1728.315359629188,-1842.143972557845,1,84
R1I04_boll_reentry_48_z2,bollinger_reentry_reversion,d18e6bc755c7b28ff002559b5f0257d13dc6475cdb06ae6a1f6b00301fbed391,12,544,0.466911764706,-2.580514705882,-3.174419922260,-1726.884437709227,-5.362230355014,-2917.053313127604,-1.328861191524,17.498621323529,-19.909283088235,11.149999999998,-12.050000000001,5.808823529412,6.290441176471,-50.823620225238,30.798547852627,0.706305763419,0.554359910627,-1922.106215216893,-2093.937137136847,1,84
R1I04_boll_reentry_48_z2,bollinger_reentry_reversion,d18e6bc755c7b28ff002559b5f0257d13dc6475cdb06ae6a1f6b00301fbed391,16,544,0.492647058824,-2.225275735294,-2.819180951671,-1533.634437709204,-5.006991384426,-2723.803313127581,-0.231919875439,19.992922794118,-22.875459558824,13.300000000001,-13.600000000000,7.814338235294,8.055147058824,-52.735279639417,38.546766863764,0.761775564283,0.614768541269,-1950.679076873439,-2179.200854381103,0,84
R1I04_boll_reentry_48_z2,bollinger_reentry_reversion,d18e6bc755c7b28ff002559b5f0257d13dc6475cdb06ae6a1f6b00301fbed391,24,544,0.457720588235,-3.997426470588,-4.591331686966,-2497.684437709255,-6.779142119720,-3687.853313127633,-2.025000000001,24.842187500000,-29.569485294118,16.600000000001,-17.700000000001,11.470588235294,11.939338235294,-73.574381054338,51.073675832780,0.704184688146,0.595286317035,-3048.879076873493,-3420.800854381159,1,84
R1I04_boll_reentry_48_z2,bollinger_reentry_reversion,d18e6bc755c7b28ff002559b5f0257d13dc6475cdb06ae6a1f6b00301fbed391,32,538,0.466542750929,-3.384479553903,-3.972872276029,-2137.405284503839,-6.149657720282,-3308.515853511543,-1.737948389590,29.657899628253,-34.508178438662,19.650000000000,-20.725000000002,15.576208178439,15.886617100372,-91.833872699387,60.642188911964,0.775590489921,0.674294002502,-2799.299923668077,-3273.571701175745,2,83
R1I04_boll_reentry_48_z2,bollinger_reentry_reversion,d18e6bc755c7b28ff002559b5f0257d13dc6475cdb06ae6a1f6b00301fbed391,48,534,0.462546816479,-6.256741573034,-6.845672203657,-3655.588956752724,-9.023533464903,-4818.566870258133,-2.766094887194,35.699344569288,-42.697191011236,24.350000000000,-27.425000000001,22.387640449438,24.290262172285,-111.652302835426,77.474852963351,0.697626909171,0.621626543120,-4173.605339147638,-4618.299978311874,0,82
R1I05_boll_reentry_64_z225,bollinger_reentry_reversion,0960cc1c912a5fc793e2a6f8adf301e5a174897f52bbc77e78cf19fe0de056b6,1,338,0.417159763314,-0.507840236686,-1.106038140454,-373.840891473558,-3.302433947990,-1116.222674420675,-1.055553629152,5.562278106509,-6.179437869822,3.325000000001,-3.699999999998,0.964497041420,0.970414201183,-12.737878289008,10.916532393291,0.667207996475,0.308801552415,-408.722407048919,-438.912639067484,1,51
R1I05_boll_reentry_64_z225,bollinger_reentry_reversion,0960cc1c912a5fc793e2a6f8adf301e5a174897f52bbc77e78cf19fe0de056b6,2,338,0.467455621302,-0.230621301775,-0.828819205543,-280.140891473517,-3.025215013079,-1022.522674420634,-0.450000000000,7.815532544379,-8.487426035503,5.150000000003,-5.324999999999,1.434911242604,1.461538461538,-19.396968816176,14.815022943727,0.802738768735,0.449988329188,-347.971823582113,-398.837744159362,2,51
R1I05_boll_reentry_64_z225,bollinger_reentry_reversion,0960cc1c912a5fc793e2a6f8adf301e5a174897f52bbc77e78cf19fe0de056b6,3,338,0.434911242604,-1.174704142012,-1.772902045780,-599.240891473560,-3.969297853316,-1341.622674420677,-1.402417051196,9.771153846154,-11.051183431953,6.299999999999,-7.200000000000,1.902366863905,2.000000000000,-23.645481350898,16.755547061635,0.688506219150,0.435860262675,-789.171823582156,-837.586179380774,2,51
R1I05_boll_reentry_64_z225,bollinger_reentry_reversion,0960cc1c912a5fc793e2a6f8adf301e5a174897f52bbc77e78cf19fe0de056b6,4,338,0.446745562130,-0.903846153846,-1.502044057614,-507.690891473548,-3.698439865150,-1250.072674420665,-1.005528170737,11.384911242604,-12.756213017751,7.075000000000,-7.925000000000,2.322485207101,2.393491124260,-27.808849774466,20.484549999998,0.767209556482,0.523143588769,-884.921823582140,-960.337744159386,2,51
R1I05_boll_reentry_64_z225,bollinger_reentry_reversion,0960cc1c912a5fc793e2a6f8adf301e5a174897f52bbc77e78cf19fe0de056b6,6,338,0.464497041420,-1.070562130177,-1.668760033945,-564.040891473543,-3.865155841481,-1306.422674420660,-1.337989441268,14.189497041420,-15.806213017751,8.475000000000,-9.625000000001,3.121301775148,3.523668639053,-34.956952367525,26.570320604946,0.794452259766,0.587827150612,-1046.921823582138,-1233.887744159386,3,51
R1I05_boll_reentry_64_z225,bollinger_reentry_reversion,0960cc1c912a5fc793e2a6f8adf301e5a174897f52bbc77e78cf19fe0de056b6,8,338,0.440828402367,-2.310502958580,-2.908700862348,-983.140891473566,-5.105096669884,-1725.522674420683,-2.379605290113,16.155177514793,-18.312426035503,10.475000000001,-11.375000000001,4.050295857988,4.402366863905,-38.263118161191,26.066445065921,0.698890993858,0.535033032295,-1244.271823582161,-1417.287744159418,2,51
R1I05_boll_reentry_64_z225,bollinger_reentry_reversion,0960cc1c912a5fc793e2a6f8adf301e5a174897f52bbc77e78cf19fe0de056b6,12,338,0.467455621302,-3.403698224852,-4.001896128620,-1352.640891473573,-6.198291936156,-2095.022674420690,-2.429014598538,18.847189349112,-22.465532544379,12.025000000000,-13.150000000000,5.760355029586,6.257396449704,-58.889133829482,36.878729236098,0.664891785228,0.529860557213,-1484.222407048936,-1599.003339157529,1,51
R1I05_boll_reentry_64_z225,bollinger_reentry_reversion,0960cc1c912a5fc793e2a6f8adf301e5a174897f52bbc77e78cf19fe0de056b6,16,338,0.494082840237,-3.160355029586,-3.758552933354,-1270.390891473509,-5.954948740889,-2012.772674420626,-0.231919875439,21.226331360947,-25.637869822485,13.975000000002,-15.999999999998,7.677514792899,8.142011834320,-55.962336695031,40.634771084337,0.724676231959,0.598107152920,-1649.621823582102,-1792.203339157469,1,51
R1I05_boll_reentry_64_z225,bollinger_reentry_reversion,0960cc1c912a5fc793e2a6f8adf301e5a174897f52bbc77e78cf19fe0de056b6,24,338,0.437869822485,-6.759171597633,-7.357369501401,-2486.790891473604,-9.553765308937,-3229.172674420721,-3.684032006451,25.904437869822,-32.841124260355,16.999999999999,-20.725000000000,11.165680473373,12.112426035503,-79.360083839043,53.460108034404,0.602040986672,0.516826413042,-2852.871823582196,-3124.765701559631,1,51
R1I05_boll_reentry_64_z225,bollinger_reentry_reversion,0960cc1c912a5fc793e2a6f8adf301e5a174897f52bbc77e78cf19fe0de056b6,32,334,0.449101796407,-7.307185628742,-7.898384151988,-2638.060306764040,-10.080781198480,-3366.980920292199,-2.412511071744,29.896257485030,-38.582485029940,19.300000000000,-23.249999999996,14.910179640719,16.452095808383,-92.989879386039,62.557597402596,0.618306483309,0.539717732602,-3112.091238872637,-3439.307159449886,1,51
R1I05_boll_reentry_64_z225,bollinger_reentry_reversion,0960cc1c912a5fc793e2a6f8adf301e5a174897f52bbc77e78cf19fe0de056b6,48,329,0.428571428571,-9.912765957447,-10.504752235089,-3456.063485344213,-12.688724790373,-4174.590456032652,-4.589804386487,34.258358662614,-46.974012158055,22.650000000002,-29.199999999997,20.550151975684,24.358662613982,-123.035988909427,73.219340500577,0.586182652047,0.523942604998,-3717.083668335267,-3939.927546312701,1,49
R1J01_shockrev_1_x15,return_shock_reversal,1e394077ccbd99f2be76b7f430b03d91032f20bea5ab8ad6fbefd076397b966c,1,210,0.471428571429,-1.157142857143,-1.795770344746,-377.111772396600,-4.073025319951,-855.335317189793,-0.502429149798,6.523333333333,-8.308571428572,4.349999999999,-4.425000000001,0.990476190476,0.961904761905,-20.198545972833,12.928686008385,0.598206427532,0.304865149631,-425.406413452361,-445.521439141033,1,30
R1J01_shockrev_1_x15,return_shock_reversal,1e394077ccbd99f2be76b7f430b03d91032f20bea5ab8ad6fbefd076397b966c,2,210,0.490476190476,-0.836666666667,-1.475294154270,-309.811772396637,-3.752549129475,-788.035317189830,-0.445411705420,10.045238095238,-11.329285714286,6.199999999998,-6.025000000001,1.466666666667,1.442857142857,-24.548552858114,16.698263199401,0.743230359231,0.464197959697,-405.606413452395,-446.471439141065,0,30
R1J01_shockrev_1_x15,return_shock_reversal,1e394077ccbd99f2be76b7f430b03d91032f20bea5ab8ad6fbefd076397b966c,3,210,0.452380952381,-1.232857142857,-1.871484630460,-393.011772396628,-4.148739605666,-871.235317189821,-1.594196293733,11.909761904762,-13.626666666667,7.225000000000,-7.550000000002,1.895238095238,1.990476190476,-30.538665381317,24.809511404872,0.730503225394,0.498416507486,-471.929401982105,-530.124043037865,1,30
R1J01_shockrev_1_x15,return_shock_reversal,1e394077ccbd99f2be76b7f430b03d91032f20bea5ab8ad6fbefd076397b966c,4,210,0.471428571429,-1.600476190476,-2.239103678079,-470.211772396618,-4.516358653285,-948.435317189811,-0.841767143935,13.321428571429,-15.476428571429,7.975000000000,-10.025000000000,2.371428571429,2.385714285714,-32.445369608508,24.106774650615,0.715395197655,0.506663556844,-531.879401982097,-581.395143585012,0,30
R1J01_shockrev_1_x15,return_shock_reversal,1e394077ccbd99f2be76b7f430b03d91032f20bea5ab8ad6fbefd076397b966c,6,210,0.476190476190,-0.945714285714,-1.584341773317,-332.711772396632,-3.861596748523,-810.935317189825,-0.558942457958,16.109523809524,-17.744523809524,10.099999999998,-11.775000000000,3.252380952381,3.204761904762,-37.661368022984,32.157823771501,0.825672823835,0.627426817563,-422.027513999547,-467.130669329582,1,30
R1J01_shockrev_1_x15,return_shock_reversal,1e394077ccbd99f2be76b7f430b03d91032f20bea5ab8ad6fbefd076397b966c,8,210,0.495238095238,-1.344523809524,-1.983151297127,-416.461772396593,-4.260406272332,-894.685317189786,-0.090939718068,17.625952380952,-19.603809523810,10.925000000002,-12.425000000002,4.076190476190,4.042857142857,-40.514474996502,28.768190876883,0.793060380291,0.604736777887,-499.929401982080,-579.395143584994,1,30
R1J01_shockrev_1_x15,return_shock_reversal,1e394077ccbd99f2be76b7f430b03d91032f20bea5ab8ad6fbefd076397b966c,12,210,0.461904761905,-2.862857142857,-3.501484630460,-735.311772396605,-5.778739605666,-1213.535317189798,-1.778660210404,20.279047619048,-23.295714285714,13.549999999999,-13.275000000000,5.523809523810,5.419047619048,-59.566547367738,34.308628562262,0.697444721758,0.551759413487,-864.027513999518,-937.714264775903,0,30
R1J01_shockrev_1_x15,return_shock_reversal,1e394077ccbd99f2be76b7f430b03d91032f20bea5ab8ad6fbefd076397b966c,16,210,0.500000000000,-1.886190476191,-2.524817963794,-530.211772396660,-4.802072938999,-1008.435317189853,0.216590909091,22.656666666667,-25.937857142857,15.350000000001,-16.050000000000,7.195238095238,6.947619047619,-55.933809953264,45.621996553150,0.798391692466,0.649646537311,-661.627513999574,-776.395143585054,1,30
R1J01_shockrev_1_x15,return_shock_reversal,1e394077ccbd99f2be76b7f430b03d91032f20bea5ab8ad6fbefd076397b966c,24,210,0.476190476190,-5.083333333333,-5.721960820936,-1201.611772396598,-7.999215796142,-1679.835317189790,-2.547509894458,26.940000000000,-31.928095238095,17.625000000001,-19.700000000000,11.152380952381,11.023809523810,-76.861422942206,58.937036906619,0.668441005026,0.567828967397,-1338.306413452361,-1456.215043896827,1,30
R1J01_shockrev_1_x15,return_shock_reversal,1e394077ccbd99f2be76b7f430b03d91032f20bea5ab8ad6fbefd076397b966c,32,209,0.478468899522,-8.628947368421,-9.267274915938,-1936.860457431083,-11.543930010972,-2412.681372293154,-1.171794871795,29.895454545454,-39.618660287082,17.850000000001,-22.900000000001,13.961722488038,14.937799043062,-89.882461005199,63.049806897584,0.571013936414,0.494390080694,-2100.319087875549,-2237.763728931309,0,30
R1J01_shockrev_1_x15,return_shock_reversal,1e394077ccbd99f2be76b7f430b03d91032f20bea5ab8ad6fbefd076397b966c,48,209,0.421052631579,-10.559569377990,-11.197896925507,-2340.360457431048,-13.474552020541,-2816.181372293120,-6.678794266445,35.701435406698,-47.969377990431,21.299999999999,-29.349999999999,21.100478468900,24.473684210526,-124.505988909427,87.594553724285,0.587926181209,0.527480795250,-2514.419087875517,-2672.863728931275,0,30
R1J02_shockrev_2_x15,return_shock_reversal,d27511da469608e0d7a00aa2f9d0ff80cc4a942f8c9902929d15dc4c2df6b536,1,522,0.454022988506,-0.330363984674,-0.934893379822,-488.014344267287,-3.143952170118,-1641.143032801820,-0.702592267134,6.476915708812,-6.762260536399,4.225000000001,-4.199999999999,0.973180076628,0.982758620690,-15.432010917841,13.184634044322,0.748199957294,0.379464403030,-602.266306943881,-648.859833098230,1,67
R1J02_shockrev_2_x15,return_shock_reversal,d27511da469608e0d7a00aa2f9d0ff80cc4a942f8c9902929d15dc4c2df6b536,2,522,0.494252873563,-0.448659003832,-1.053188398980,-549.764344267364,-3.262247189276,-1702.893032801897,-0.259716100889,9.057471264368,-9.384578544061,6.025000000000,-6.025000000001,1.444444444444,1.454022988506,-20.999082435987,16.070463799379,0.788526418061,0.475179929461,-720.266306943956,-768.134803441007,0,67
R1J02_shockrev_2_x15,return_shock_reversal,d27511da469608e0d7a00aa2f9d0ff80cc4a942f8c9902929d15dc4c2df6b536,3,522,0.469348659004,-0.861877394636,-1.466406789784,-765.464344267252,-3.675465580080,-1918.593032801785,-0.639878048782,10.762931034483,-11.295881226054,7.599999999999,-7.399999999996,1.919540229885,1.921455938697,-26.546031120761,19.932373480947,0.749651622362,0.482110386724,-905.716306943848,-968.488026263265,0,67
R1J02_shockrev_2_x15,return_shock_reversal,d27511da469608e0d7a00aa2f9d0ff80cc4a942f8c9902929d15dc4c2df6b536,4,522,0.473180076628,-1.172988505747,-1.777517900895,-927.864344267291,-3.986576691191,-2080.993032801824,-0.780046826223,12.322892720306,-13.150383141763,8.350000000000,-8.949999999999,2.296934865900,2.369731800766,-30.715514486581,22.914505595830,0.739805192784,0.508175399560,-1066.970016248029,-1180.071978924625,1,67
R1J02_shockrev_2_x15,return_shock_reversal,d27511da469608e0d7a00aa2f9d0ff80cc4a942f8c9902929d15dc4c2df6b536,6,522,0.471264367816,-1.013984674329,-1.618514069478,-844.864344267264,-3.827572859774,-1997.993032801797,-0.919838945830,14.665325670498,-16.135057471264,9.849999999997,-11.225000000002,3.168582375479,3.275862068966,-34.789891299988,29.621136360602,0.802954388145,0.595934837247,-958.170016248001,-1067.188512745053,3,67
R1J02_shockrev_2_x15,return_shock_reversal,d27511da469608e0d7a00aa2f9d0ff80cc4a942f8c9902929d15dc4c2df6b536,8,522,0.471264367816,-0.892911877395,-1.497441272543,-781.664344267284,-3.706500062839,-1934.793032801816,-0.731610206367,16.455938697318,-17.985632183908,11.375000000000,-12.150000000000,4.034482758621,4.157088122605,-34.708812056739,34.628762875368,0.830380036673,0.631966631844,-918.532840764337,-1014.511310321832,3,67
R1J02_shockrev_2_x15,return_shock_reversal,d27511da469608e0d7a00aa2f9d0ff80cc4a942f8c9902929d15dc4c2df6b536,12,522,0.463601532567,-1.913505747126,-2.518035142274,-1314.414344267248,-4.727093932570,-2467.543032801781,-1.767001785995,18.966666666667,-21.370977011494,13.000000000000,-14.174999999999,5.689655172414,5.923371647510,-48.866576727737,37.693070885473,0.769926298306,0.611979496840,-1437.482840764301,-1545.217455995326,2,67
R1J02_shockrev_2_x15,return_shock_reversal,d27511da469608e0d7a00aa2f9d0ff80cc4a942f8c9902929d15dc4c2df6b536,16,522,0.503831417625,-1.748563218391,-2.353092613539,-1228.314344267283,-4.562151403835,-2381.443032801816,0.254913551366,21.400670498084,-24.389272030651,14.875000000001,-15.975000000002,7.496168582375,7.674329501916,-53.360738025503,44.832901025819,0.805950496259,0.656452379892,-1392.582840764333,-1544.857512910091,2,67
R1J02_shockrev_2_x15,return_shock_reversal,d27511da469608e0d7a00aa2f9d0ff80cc4a942f8c9902929d15dc4c2df6b536,24,522,0.475095785441,-1.792624521073,-2.397153916221,-1251.314344267268,-4.606212706517,-2404.443032801801,-1.257291465927,27.098754789272,-30.205555555556,17.325000000000,-19.775000000000,11.517241379310,11.484674329502,-68.018619375607,61.160585302548,0.841238447344,0.717553392963,-1525.882840764319,-1700.444211791636,2,67
R1J02_shockrev_2_x15,return_shock_reversal,d27511da469608e0d7a00aa2f9d0ff80cc4a942f8c9902929d15dc4c2df6b536,32,519,0.472061657033,-4.196917148362,-4.801244208045,-2491.845743975537,-7.009898327412,-3638.137231926596,-1.660214851116,31.469267822736,-35.986030828517,19.450000000001,-22.649999999999,15.015414258189,15.302504816956,-88.302823170942,71.606337153773,0.748030192048,0.653981840238,-2660.564240472587,-2826.583056961152,0,67
R1J02_shockrev_2_x15,return_shock_reversal,d27511da469608e0d7a00aa2f9d0ff80cc4a942f8c9902929d15dc4c2df6b536,48,515,0.454368932039,-5.540582524272,-6.145197727712,-3164.776829771879,-8.354428134594,-4302.530489315695,-4.388336293663,38.208058252427,-44.339126213592,23.200000000000,-28.600000000000,22.580582524272,23.897087378641,-111.713261339509,93.835322282338,0.746576492281,0.672103845560,-3376.434687400691,-3545.053183897738,0,65
R1J03_shockrev_4_x15,return_shock_reversal,93a643c601fb56d8094588d62490f9d3767e176c52c25599d282a9cf40fd75b2,1,940,0.451063829787,-0.351755319149,-0.960720778805,-903.077532076766,-3.178651698117,-2987.932596230217,-0.732191654388,6.111755319149,-6.321382978723,4.050000000001,-3.850000000000,0.965957446809,0.972340425532,-14.178320605920,12.242926883638,0.730138359200,0.353749433284,-993.577448607271,-1049.090720468253,0,140
R1J03_shockrev_4_x15,return_shock_reversal,93a643c601fb56d8094588d62490f9d3767e176c52c25599d282a9cf40fd75b2,2,940,0.460638297872,-0.397021276596,-1.005986736252,-945.627532076802,-3.223917655564,-3030.482596230254,-0.700000000000,8.664095744681,-8.909680851064,5.449999999999,-5.725000000001,1.444680851064,1.462765957447,-21.204347881068,16.178417404991,0.789828000778,0.470664808777,-1156.123437676083,-1243.236709537070,1,140
R1J03_shockrev_4_x15,return_shock_reversal,93a643c601fb56d8094588d62490f9d3767e176c52c25599d282a9cf40fd75b2,3,940,0.467021276596,-0.486914893617,-1.095880353273,-1030.127532076788,-3.313811272585,-3114.982596230240,-0.534071046759,10.327234042553,-10.809308510638,6.699999999999,-7.075000000000,1.893617021277,1.942553191489,-24.544634382807,19.559239079383,0.799671025805,0.510695937165,-1306.273437676065,-1434.312231917573,1,140
R1J03_shockrev_4_x15,return_shock_reversal,93a643c601fb56d8094588d62490f9d3767e176c52c25599d282a9cf40fd75b2,4,940,0.477659574468,-0.584095744681,-1.193061204337,-1121.477532076797,-3.410992123649,-3206.332596230248,-0.639625184942,11.792978723404,-12.508297872340,7.650000000001,-7.900000000001,2.325531914894,2.378723404255,-27.960061411386,21.142076533483,0.812448417630,0.552843342077,-1455.423437676071,-1653.962231917583,1,140
R1J03_shockrev_4_x15,return_shock_reversal,93a643c601fb56d8094588d62490f9d3767e176c52c25599d282a9cf40fd75b2,6,940,0.482978723404,-0.129734042553,-0.738699502209,-694.377532076701,-2.956630421521,-2779.232596230153,-0.361488250655,14.257500000000,-15.407765957447,9.249999999997,-10.225000000000,3.162765957447,3.197872340426,-32.543752014555,28.501382494007,0.900852451608,0.659461880557,-1024.423437675980,-1345.062231917498,3,140
R1J03_shockrev_4_x15,return_shock_reversal,93a643c601fb56d8094588d62490f9d3767e176c52c25599d282a9cf40fd75b2,8,939,0.492012779553,0.089616613419,-0.517760950028,-486.177532076735,-2.732516076922,-2565.832596230187,-0.199999999999,16.422630457934,-17.229605963791,11.000000000001,-11.300000000000,4.101171458999,4.045793397231,-34.506235001465,34.817520838458,0.936684765249,0.708801912811,-823.173437676017,-1095.862231917538,3,140
R1J03_shockrev_4_x15,return_shock_reversal,93a643c601fb56d8094588d62490f9d3767e176c52c25599d282a9cf40fd75b2,12,939,0.480298189563,-1.171192758254,-1.778570321700,-1670.077532076763,-3.993325448594,-3749.732596230215,-0.829137115841,19.093503727369,-20.713897763578,13.100000000000,-13.250000000002,5.798722044728,5.841320553781,-45.262731824115,36.729432374629,0.825253438751,0.649690036402,-1907.223437676041,-2072.946154856481,2,140
R1J03_shockrev_4_x15,return_shock_reversal,93a643c601fb56d8094588d62490f9d3767e176c52c25599d282a9cf40fd75b2,16,939,0.505857294995,-0.969701810437,-1.577079373884,-1480.877532076792,-3.791834500778,-3560.532596230244,0.244462607275,21.638338658147,-23.662726304579,14.950000000002,-15.199999999999,7.744408945687,7.535676251331,-52.528260452935,45.021251152268,0.858981778060,0.692799280324,-1944.173437676068,-2205.659935168076,2,140
R1J03_shockrev_4_x15,return_shock_reversal,93a643c601fb56d8094588d62490f9d3767e176c52c25599d282a9cf40fd75b2,24,939,0.482428115016,-1.076091586795,-1.683469150242,-1580.777532076769,-3.898224277135,-3660.432596230221,-1.278751258812,26.890841320554,-29.498988285410,17.699999999999,-19.549999999998,11.534611288605,11.286474973376,-67.850413737852,59.049503126944,0.883517834990,0.750642182658,-2329.873437676049,-2616.912231917563,3,140
R1J03_shockrev_4_x15,return_shock_reversal,93a643c601fb56d8094588d62490f9d3767e176c52c25599d282a9cf40fd75b2,32,932,0.479613733906,-2.336748927039,-2.939768480605,-2739.864223923893,-5.145807587738,-4795.892671771685,-1.335643343538,31.388680257511,-34.636051502146,20.675000000001,-23.275000000001,15.325107296137,15.135193133047,-79.145501818120,67.684610842914,0.829915652383,0.721390143364,-3802.060129523179,-4137.198923764693,2,138
R1J03_shockrev_4_x15,return_shock_reversal,93a643c601fb56d8094588d62490f9d3767e176c52c25599d282a9cf40fd75b2,48,924,0.463203463203,-3.503300865801,-4.106801428218,-3794.684519673326,-6.313802553052,-5833.953559019847,-3.475699677073,38.465909090909,-42.306709956710,24.499999999999,-28.725000000003,21.839826839827,23.305194805195,-94.243810777957,91.381335174459,0.811133863419,0.724997476280,-4538.380425272611,-4864.019219514124,2,136
R1J04_shockrev_4_x2,return_shock_reversal,268e14aa85a3ba2af085a411e9eff228c81dfb8b140b3388dee5ff26081fe327,1,562,0.467971530249,-0.157918149466,-0.781821309882,-439.383576153613,-3.029627630713,-1702.650728460751,-0.652592267134,6.983985765125,-6.789501779360,4.850000000000,-4.125000000001,0.969750889680,0.971530249110,-17.203627286151,13.178837099706,0.795104288289,0.410456049641,-520.742047730144,-584.869235884752,0,79
R1J04_shockrev_4_x2,return_shock_reversal,268e14aa85a3ba2af085a411e9eff228c81dfb8b140b3388dee5ff26081fe327,2,562,0.471530249110,-0.273487544484,-0.897390704900,-504.333576153632,-3.145197025731,-1767.600728460770,-0.687195285831,9.796441281139,-9.747508896797,6.450000000001,-6.150000000000,1.444839857651,1.451957295374,-23.142421353115,18.785199999998,0.827816454693,0.515156457418,-588.810764308245,-672.569235884773,1,79
R1J04_shockrev_4_x2,return_shock_reversal,268e14aa85a3ba2af085a411e9eff228c81dfb8b140b3388dee5ff26081fe327,3,562,0.482206405694,-0.483007117438,-1.106910277853,-622.083576153588,-3.354716598685,-1885.350728460725,-0.421992932512,11.507473309608,-11.944039145908,7.625000000000,-7.450000000001,1.884341637011,1.943060498221,-25.648991097920,22.492795856354,0.814800210977,0.536392997187,-728.960764308202,-818.527774723344,1,79
R1J04_shockrev_4_x2,return_shock_reversal,268e14aa85a3ba2af085a411e9eff228c81dfb8b140b3388dee5ff26081fe327,4,562,0.480427046263,-0.777224199288,-1.401127359704,-787.433576153625,-3.648933680535,-2050.700728460763,-0.718327974277,12.905516014235,-13.892081850534,8.749999999999,-8.749999999999,2.277580071174,2.391459074733,-28.925970955202,26.126529169799,0.802259563620,0.562574524160,-945.250586568765,-1076.727774723375,1,79
R1J04_shockrev_4_x2,return_shock_reversal,268e14aa85a3ba2af085a411e9eff228c81dfb8b140b3388dee5ff26081fe327,6,562,0.476868327402,-0.240747330961,-0.864650491376,-485.933576153550,-3.112456812208,-1749.200728460688,-0.630690040619,15.557117437722,-17.058096085409,10.500000000002,-11.250000000001,3.106761565836,3.185053380783,-34.468049313531,34.064657177226,0.896307451274,0.675124123058,-724.992143822255,-927.309154237396,3,79
R1J04_shockrev_4_x2,return_shock_reversal,268e14aa85a3ba2af085a411e9eff228c81dfb8b140b3388dee5ff26081fe327,8,562,0.480427046263,0.057918149466,-0.565985010949,-318.083576153588,-2.813791331781,-1581.350728460726,-0.555666103775,17.743327402135,-19.005960854093,12.125000000000,-12.375000000000,3.946619217082,4.010676156584,-35.593693273632,37.731704230964,0.937427028785,0.726741024056,-532.842143822297,-733.759154237443,3,79
R1J04_shockrev_4_x2,return_shock_reversal,268e14aa85a3ba2af085a411e9eff228c81dfb8b140b3388dee5ff26081fe327,12,562,0.475088967972,-1.427402135231,-2.051305295647,-1152.833576153619,-4.299111616478,-2416.100728460757,-1.018333333333,20.486476868327,-22.564234875445,14.000000000000,-14.099999999996,5.642348754448,5.814946619217,-48.225703915447,38.983619514855,0.813191809188,0.648674223935,-1287.550208760770,-1407.149623581639,2,79
R1J04_shockrev_4_x2,return_shock_reversal,268e14aa85a3ba2af085a411e9eff228c81dfb8b140b3388dee5ff26081fe327,16,562,0.501779359431,-1.356583629893,-1.980486790309,-1113.033576153631,-4.228293111140,-2376.300728460768,0.100917092562,23.268594306050,-25.674644128114,15.800000000000,-16.275000000002,7.485765124555,7.658362989324,-56.132733750858,52.434666902954,0.838969470498,0.686328299066,-1451.800586568772,-1695.967219175926,3,79
R1J04_shockrev_4_x2,return_shock_reversal,268e14aa85a3ba2af085a411e9eff228c81dfb8b140b3388dee5ff26081fe327,24,562,0.478647686833,-1.013879003559,-1.637782163974,-920.433576153601,-3.885588484806,-2183.700728460738,-1.856097838783,29.386476868327,-31.788345195730,17.725000000000,-20.675000000000,11.533807829181,11.252669039146,-73.500273509591,64.752099350297,0.898164489266,0.775121544757,-1612.250586568746,-1913.710008078214,3,79
R1J04_shockrev_4_x2,return_shock_reversal,268e14aa85a3ba2af085a411e9eff228c81dfb8b140b3388dee5ff26081fe327,32,555,0.473873873874,-3.386486486487,-4.003279762164,-2221.820268000754,-6.236866313518,-3461.460804002231,-1.660214851116,33.668918918919,-38.397567567568,20.650000000001,-24.850000000001,15.016216216216,15.261261261261,-92.705990902075,72.662095316262,0.799626515394,0.705737388837,-3253.037278415903,-3534.609993975585,2,78
R1J04_shockrev_4_x2,return_shock_reversal,268e14aa85a3ba2af085a411e9eff228c81dfb8b140b3388dee5ff26081fe327,48,550,0.440000000000,-6.047545454546,-6.664946214371,-3665.720417904250,-8.899747734023,-4894.861253712677,-6.616997982479,40.215818181818,-46.907000000000,25.799999999998,-31.774999999999,20.681818181818,23.436363636364,-112.957397241443,92.878274757081,0.737058684126,0.665738047174,-4309.687428319398,-4539.995995988103,1,75
R1J05_shockrev_8_x2,return_shock_reversal,a13f0781f1a42f9717fc4382b54a0f11dcde2d532c27fb9d8e566eaff368622b,1,1039,0.456207892204,-0.016746871992,-0.626574776457,-651.011192739277,-2.846230585388,-2957.233578217706,-0.654378459989,6.043022136670,-5.945139557267,3.949999999998,-3.700000000001,0.973051010587,0.971126082772,-13.512561983472,11.753846834874,0.807868134837,0.387296976988,-724.028777922242,-792.942988715265,1,145
R1J05_shockrev_8_x2,return_shock_reversal,a13f0781f1a42f9717fc4382b54a0f11dcde2d532c27fb9d8e566eaff368622b,2,1039,0.472569778633,-0.157314725698,-0.767142630163,-797.061192739240,-2.986798439093,-3103.283578217668,-0.600000000000,8.419489894129,-8.350240615977,5.300000000000,-5.400000000000,1.459095283927,1.452358036574,-19.780603051171,16.082227880332,0.829023202704,0.482579514564,-977.328777922209,-1082.913688558590,2,145
R1J05_shockrev_8_x2,return_shock_reversal,a13f0781f1a42f9717fc4382b54a0f11dcde2d532c27fb9d8e566eaff368622b,3,1039,0.463907603465,-0.703368623677,-1.313196528142,-1364.411192739242,-3.532852337072,-3670.633578217671,-0.600000000000,9.914244465832,-10.550384985563,6.450000000001,-6.500000000000,1.929740134745,1.933589990375,-22.986157894737,20.266273857302,0.763205621672,0.483993975974,-1530.828777922209,-1657.471007468872,1,145
R1J05_shockrev_8_x2,return_shock_reversal,a13f0781f1a42f9717fc4382b54a0f11dcde2d532c27fb9d8e566eaff368622b,4,1039,0.473532242541,-0.842829643888,-1.452657548353,-1509.311192739240,-3.672313357284,-3815.533578217669,-0.666818181817,11.203320500481,-12.199470644851,7.599999999999,-7.499999999999,2.392685274302,2.355149181906,-26.149789563226,21.517192898274,0.769021789495,0.514310268076,-1734.528777922213,-1893.076707461633,1,145
R1J05_shockrev_8_x2,return_shock_reversal,a13f0781f1a42f9717fc4382b54a0f11dcde2d532c27fb9d8e566eaff368622b,6,1039,0.485081809432,-0.919393647738,-1.529221552203,-1588.861192739167,-3.748877361133,-3895.083578217595,-0.343215613382,13.543022136670,-15.136092396535,9.050000000002,-9.750000000000,3.269489894129,3.256015399423,-33.087497590807,28.018914078571,0.801070039297,0.579926100606,-1958.478777922146,-2109.928976831590,2,145
R1J05_shockrev_8_x2,return_shock_reversal,a13f0781f1a42f9717fc4382b54a0f11dcde2d532c27fb9d8e566eaff368622b,8,1037,0.476374156220,-1.156123432980,-1.762212807243,-1827.414681111336,-3.974391555770,-4121.444043333951,-1.100206611571,15.687994214079,-17.473384763742,10.750000000002,-11.449999999996,4.188042430087,4.226615236258,-36.173401237697,34.294207920792,0.801032942164,0.606410287091,-2055.732266294323,-2229.243616411111,2,145
R1J05_shockrev_8_x2,return_shock_reversal,a13f0781f1a42f9717fc4382b54a0f11dcde2d532c27fb9d8e566eaff368622b,12,1037,0.490838958534,-1.605496624879,-2.211585999143,-2293.414681111316,-4.423764747670,-4587.444043333930,-0.356142759092,18.851494696239,-20.943249758920,13.350000000003,-13.300000000001,5.919961427194,5.887174541948,-47.417691233487,35.053089802131,0.788468321168,0.620377558873,-2501.582812304207,-2689.094162421000,2,145
R1J05_shockrev_8_x2,return_shock_reversal,a13f0781f1a42f9717fc4382b54a0f11dcde2d532c27fb9d8e566eaff368622b,16,1037,0.512054001929,-0.743587270974,-1.349676645238,-1399.614681111368,-3.561855393765,-3693.644043333983,0.400000000001,22.077097396336,-24.136692381871,15.150000000000,-15.500000000000,7.944069431051,7.748312439730,-53.856635176237,45.168034482757,0.885493869999,0.724360809989,-1667.382812304254,-1895.718191899909,2,145
R1J05_shockrev_8_x2,return_shock_reversal,a13f0781f1a42f9717fc4382b54a0f11dcde2d532c27fb9d8e566eaff368622b,24,1034,0.490328820116,-1.602852998066,-2.209203615143,-2284.316538057650,-4.421904849297,-4572.249614172974,-0.857757984093,28.128094777563,-30.819729206963,19.000000000001,-19.100000000002,11.971953578337,11.446808510638,-71.873062856566,61.219090493812,0.861876028314,0.742210949686,-2891.485497870721,-3322.602565183711,3,145
R1J05_shockrev_8_x2,return_shock_reversal,a13f0781f1a42f9717fc4382b54a0f11dcde2d532c27fb9d8e566eaff368622b,32,1028,0.482490272374,-2.950048638132,-3.552311192257,-3651.775905640664,-5.756836300508,-5918.027716921956,-0.849999999999,33.046692607004,-36.662597276265,22.275000000000,-22.875000000001,15.585603112840,15.581712062257,-91.057708333334,72.348691499524,0.815572737127,0.718189004792,-4574.942972953662,-5332.811932766737,3,145
R1J05_shockrev_8_x2,return_shock_reversal,a13f0781f1a42f9717fc4382b54a0f11dcde2d532c27fb9d8e566eaff368622b,48,1018,0.466601178782,-4.732563850688,-5.335403816003,-5431.441084691527,-7.541083746635,-7676.823254074511,-4.030724465558,39.663998035363,-44.705992141454,27.199999999999,-29.274999999998,21.736738703340,23.706286836935,-103.883238590874,97.027413578021,0.775481679651,0.698054569548,-6050.516842816925,-6556.109072363586,2,142
R1K01_asia_to_london_cont,session_handoff,d966e56b90a6e0d8bb6913e9777f25a6141d84bdbebe31031e174a1440666275,1,31,0.419354838710,-1.580645161291,-2.146155962729,-66.530834844588,-4.277177565603,-132.592504533705,-3.558665105391,4.888709677419,-7.548387096774,4.150000000001,-5.400000000000,1.000000000000,0.935483870968,-13.523753200138,7.762613457300,0.508358458124,0.248249412355,-85.948813339208,-95.330874786184,1,4
R1K01_asia_to_london_cont,session_handoff,d966e56b90a6e0d8bb6913e9777f25a6141d84bdbebe31031e174a1440666275,2,31,0.387096774194,-0.191935483871,-0.757446285309,-23.480834844568,-2.888467888183,-89.542504533686,-2.127740863786,7.969354838710,-9.658064516129,6.500000000000,-7.599999999999,1.451612903226,1.419354838710,-18.635761944200,16.675019970800,0.831079256049,0.505392103741,-45.593558058853,-63.325619505830,3,4
R1K01_asia_to_london_cont,session_handoff,d966e56b90a6e0d8bb6913e9777f25a6141d84bdbebe31031e174a1440666275,3,31,0.387096774194,-1.061290322582,-1.626801124019,-50.430834844588,-3.757822726894,-116.492504533705,-2.855355450239,8.987096774193,-11.667741935484,6.900000000002,-8.199999999999,1.838709677419,1.967741935484,-24.178681482308,13.946736292429,0.699353952400,0.447759296504,-72.343558058871,-87.737030643729,2,4
R1K01_asia_to_london_cont,session_handoff,d966e56b90a6e0d8bb6913e9777f25a6141d84bdbebe31031e174a1440666275,4,31,0.387096774194,-4.319354838710,-4.884865640147,-151.430834844561,-7.015887243022,-217.492504533678,-4.358665105389,10.411290322580,-20.017741935484,6.999999999999,-10.399999999998,2.258064516129,2.677419354839,-40.171365648487,19.249999999999,0.447210520339,0.316527784244,-173.530834844561,-192.830834844562,1,4
R1K01_asia_to_london_cont,session_handoff,d966e56b90a6e0d8bb6913e9777f25a6141d84bdbebe31031e174a1440666275,6,31,0.451612903226,1.927419354838,1.361908553401,42.219165155433,-0.769113049474,-23.842504533684,-0.705355450239,14.546774193548,-21.491935483871,9.099999999998,-10.999999999999,3.451612903226,3.322580645161,-36.198129734849,30.027029054448,1.194715550388,0.906011416766,-5.162896291543,-36.525619505830,4,4
R1K01_asia_to_london_cont,session_handoff,d966e56b90a6e0d8bb6913e9777f25a6141d84bdbebe31031e174a1440666275,8,31,0.451612903226,1.493548387097,0.928037585659,28.769165155435,-1.202984017216,-37.292504533682,-2.150000000001,15.924193548387,-22.185483870968,10.449999999997,-12.349999999998,4.064516129032,3.806451612903,-36.648129734849,29.181361607144,1.120360279893,0.864968448409,-23.412896291541,-54.775619505828,2,4
R1K01_asia_to_london_cont,session_handoff,d966e56b90a6e0d8bb6913e9777f25a6141d84bdbebe31031e174a1440666275,12,31,0.451612903226,-2.335483870968,-2.900994672405,-89.930834844569,-5.032016275280,-155.992504533686,-0.049999999999,19.933870967741,-25.146774193549,14.099999999999,-15.249999999997,5.225806451613,5.741935483871,-39.765618319323,35.186527617899,0.742698813654,0.596028662493,-130.272169739180,-165.913163528002,3,4
R1K01_asia_to_london_cont,session_handoff,d966e56b90a6e0d8bb6913e9777f25a6141d84bdbebe31031e174a1440666275,16,31,0.516129032258,-0.072580645161,-0.638091446599,-19.780834844562,-2.769113049474,-85.842504533679,0.600000000002,20.658064516129,-27.146774193549,14.099999999999,-17.300000000000,6.677419354839,7.096774193548,-31.909493371212,38.467403739736,0.937795767600,0.756646000084,-73.412896291538,-123.104231186150,3,4
R1K01_asia_to_london_cont,session_handoff,d966e56b90a6e0d8bb6913e9777f25a6141d84bdbebe31031e174a1440666275,24,31,0.580645161290,4.672580645161,4.107069843724,127.319165155438,1.976048240849,61.257495466321,2.600000000001,31.816129032258,-34.519354838710,21.899999999999,-24.100000000001,14.161290322581,9.870967741935,-54.938710319917,62.475177954738,1.329533902251,1.147934925354,18.437103708462,-51.771917306403,4,4
R1K01_asia_to_london_cont,session_handoff,d966e56b90a6e0d8bb6913e9777f25a6141d84bdbebe31031e174a1440666275,32,31,0.580645161290,10.196774193548,9.631263392111,298.569165155427,7.500241789236,232.507495466310,15.843165467625,41.430645161290,-39.982258064517,34.249999999997,-32.400000000001,22.032258064516,17.161290322581,-64.165655705258,79.363499754744,1.702626753088,1.512723425559,187.937103708452,107.878082693588,4,4
R1K01_asia_to_london_cont,session_handoff,d966e56b90a6e0d8bb6913e9777f25a6141d84bdbebe31031e174a1440666275,48,31,0.516129032258,14.095161290322,13.529650488885,419.419165155432,11.398628886010,353.357495466315,2.643472584856,49.243548387096,-42.017741935484,38.600000000000,-32.400000000001,25.967741935484,19.645161290323,-60.870488004439,111.529656694618,2.052852279370,1.821964143941,291.737103708456,176.969125213834,4,4
R1K02_asia_to_london_rev,session_handoff,f8cde777dfb0945e8ade838073d92a65106ea384ad6918e1965e397ea22e90f1,1,20,0.600000000000,2.605000000000,2.026384711684,40.527694233683,-0.130845864947,-2.616917298931,2.007384365932,7.092499999999,-3.722500000000,4.449999999997,-3.450000000001,1.000000000000,0.950000000000,-6.399299382140,14.665562119358,2.332949027835,0.946815188963,20.407325286719,6.028858263551,3,1
R1K02_asia_to_london_rev,session_handoff,f8cde777dfb0945e8ade838073d92a65106ea384ad6918e1965e397ea22e90f1,2,20,0.800000000000,5.102500000000,4.523884711684,90.477694233684,2.366654135054,47.333082701070,4.087134170385,10.464999999999,-4.397500000000,9.800000000001,-4.124999999999,1.750000000000,1.250000000000,-5.844578598484,16.072617647058,7.991572974393,2.918159827250,72.849227210513,56.858496372724,5,1
R1K02_asia_to_london_rev,session_handoff,f8cde777dfb0945e8ade838073d92a65106ea384ad6918e1965e397ea22e90f1,3,20,0.550000000000,3.160000000000,2.581384711684,51.627694233685,0.424154135054,8.483082701071,0.606695099771,11.777499999999,-4.975000000000,9.800000000001,-4.325000000001,2.200000000000,1.450000000000,-8.154845013479,15.272300828731,2.459505053226,1.147071200309,29.822551099285,14.894084076116,4,1
R1K02_asia_to_london_rev,session_handoff,f8cde777dfb0945e8ade838073d92a65106ea384ad6918e1965e397ea22e90f1,4,20,0.400000000000,1.440000000000,0.861384711684,17.227694233686,-1.295845864946,-25.916917298929,-3.733563738638,13.474999999999,-6.787500000000,10.825000000000,-5.800000000001,2.650000000000,2.400000000000,-10.904504728079,21.277300828733,1.179705823546,0.790353645264,-19.227448900715,-39.705915923886,3,1
R1K02_asia_to_london_rev,session_handoff,f8cde777dfb0945e8ade838073d92a65106ea384ad6918e1965e397ea22e90f1,6,20,0.350000000000,-0.360000000000,-0.938615288315,-18.772305766307,-3.095845864946,-61.916917298921,-2.560099756121,14.597499999999,-9.822500000000,10.850000000001,-6.650000000000,3.100000000000,3.950000000000,-18.551112958496,29.532841902480,0.839196216100,0.576845001139,-49.477448900707,-78.948590738349,1,1
R1K02_asia_to_london_rev,session_handoff,f8cde777dfb0945e8ade838073d92a65106ea384ad6918e1965e397ea22e90f1,8,20,0.450000000000,2.552500000000,1.973884711684,39.477694233688,-0.183345864946,-3.666917298926,-1.188033012382,16.872499999999,-11.120000000000,11.575000000001,-7.700000000001,4.250000000000,4.600000000000,-15.843612958496,30.516309328838,1.381890004212,0.971754285155,-7.400772789488,-37.055915923886,3,1
R1K02_asia_to_london_rev,session_handoff,f8cde777dfb0945e8ade838073d92a65106ea384ad6918e1965e397ea22e90f1,12,20,0.450000000000,-1.447500000000,-2.026115288316,-40.522305766316,-4.183345864947,-83.666917298930,-1.164429081178,17.549999999999,-15.605000000000,11.675000000000,-12.450000000000,5.300000000000,8.400000000000,-24.566112958496,25.736423351159,0.742521244437,0.538117991384,-94.500772789486,-118.750772789486,3,1
R1K02_asia_to_london_rev,session_handoff,f8cde777dfb0945e8ade838073d92a65106ea384ad6918e1965e397ea22e90f1,16,20,0.500000000000,-3.755000000000,-4.333615288316,-86.672305766310,-6.490845864946,-129.816917298924,0.237134170385,18.522500000000,-19.130000000001,13.775000000003,-12.450000000000,7.550000000000,9.650000000000,-47.524956829322,17.626423351160,0.591517432986,0.445426180018,-125.700772789481,-142.200772789483,3,1
R1K02_asia_to_london_rev,session_handoff,f8cde777dfb0945e8ade838073d92a65106ea384ad6918e1965e397ea22e90f1,24,20,0.400000000000,-4.580000000000,-5.158615288315,-103.172305766310,-7.315845864946,-146.316917298924,-3.912865829615,23.647499999999,-25.295000000001,18.825000000000,-13.775000000001,12.850000000000,12.600000000000,-49.285123172709,34.058809328838,0.621979817717,0.511681367428,-141.100772789481,-174.955915923880,3,1
R1K02_asia_to_london_rev,session_handoff,f8cde777dfb0945e8ade838073d92a65106ea384ad6918e1965e397ea22e90f1,32,20,0.400000000000,-6.057500000001,-6.636115288316,-132.722305766319,-8.793345864947,-175.866917298933,-8.195878567570,35.174999999999,-32.607500000001,29.575000000003,-14.950000000002,17.750000000000,19.250000000000,-69.674956829323,40.604842499606,0.659134625134,0.576842290823,-244.093447603962,-280.973748033146,3,1
R1K02_asia_to_london_rev,session_handoff,f8cde777dfb0945e8ade838073d92a65106ea384ad6918e1965e397ea22e90f1,48,20,0.400000000000,-1.945000000000,-2.523615288316,-50.472305766317,-4.680845864947,-93.616917298931,-5.022428432799,42.957499999999,-38.657500000000,32.724999999999,-28.374999999997,23.750000000000,28.450000000000,-66.337456829322,72.721850091018,0.876036836336,0.783828112270,-166.193447603960,-236.652177076734,3,1
R1K03_london_to_ny_cont,session_handoff,b4c79f8a68e1fea6e2c128f95466614db5e67dcb419c615ac52bcc09cedf0448,1,25,0.400000000000,-2.244000000000,-2.838025881077,-70.950647026917,-5.026077643231,-125.651941080773,-1.031087408948,5.622000000000,-6.486000000000,4.450000000003,-4.350000000002,1.000000000000,1.000000000000,-16.080810271879,11.038382333995,0.375821433075,0.172583011269,-84.037732796898,-96.272565248397,1,0
R1K03_london_to_ny_cont,session_handoff,b4c79f8a68e1fea6e2c128f95466614db5e67dcb419c615ac52bcc09cedf0448,2,25,0.400000000000,-3.024000000000,-3.618025881077,-90.450647026928,-5.806077643231,-145.151941080784,-3.002490886997,9.122000000001,-13.071999999999,7.300000000001,-8.400000000000,1.440000000000,1.680000000000,-37.753945684692,19.801204887373,0.559070767001,0.389115012292,-113.341380465413,-134.976212916911,2,0
R1K03_london_to_ny_cont,session_handoff,b4c79f8a68e1fea6e2c128f95466614db5e67dcb419c615ac52bcc09cedf0448,3,25,0.480000000000,-0.402000000000,-0.996025881078,-24.900647026938,-3.184077643232,-79.601941080794,-0.398576512456,10.966000000000,-15.479999999999,7.300000000001,-13.050000000001,2.000000000000,2.080000000000,-20.296915348576,27.266369268998,0.868064415259,0.636297490863,-54.537732796919,-83.478466235403,3,0
R1K03_london_to_ny_cont,session_handoff,b4c79f8a68e1fea6e2c128f95466614db5e67dcb419c615ac52bcc09cedf0448,4,25,0.400000000000,1.532000000000,0.937974118923,23.449352973070,-1.250077643231,-31.251941080786,-5.052490887000,16.248000000000,-17.119999999999,7.899999999998,-13.150000000002,2.400000000000,2.600000000000,-22.435145438950,44.139482645181,1.110244182520,0.872741944883,-30.991380465413,-78.693962329395,3,0
R1K03_london_to_ny_cont,session_handoff,b4c79f8a68e1fea6e2c128f95466614db5e67dcb419c615ac52bcc09cedf0448,6,25,0.520000000000,2.690000000000,2.095974118923,52.399352973071,-0.092077643231,-2.301941080785,0.082022471913,19.320000000000,-19.880000000000,7.899999999998,-16.550000000004,3.360000000000,3.320000000000,-33.120101145496,35.456479477255,1.255244199836,0.990161459437,-1.453228890907,-37.488644877854,3,0
R1K03_london_to_ny_cont,session_handoff,b4c79f8a68e1fea6e2c128f95466614db5e67dcb419c615ac52bcc09cedf0448,8,25,0.520000000000,6.088000000000,5.493974118922,137.349352973060,3.305922356768,82.648058919204,1.144338207723,23.058000000000,-21.888000000000,8.449999999999,-19.899999999998,5.280000000000,4.040000000000,-39.759860805822,38.991534567224,1.712992401748,1.376047914747,68.596771109082,29.027858518029,3,0
R1K03_london_to_ny_cont,session_handoff,b4c79f8a68e1fea6e2c128f95466614db5e67dcb419c615ac52bcc09cedf0448,12,25,0.520000000000,7.270000000000,6.675974118923,166.899352973072,4.487922356769,112.198058919216,2.901423487545,29.016000000000,-24.084000000000,36.850000000001,-19.899999999998,6.440000000000,5.400000000000,-35.356150921122,50.242115307769,1.725185907964,1.438032465536,99.346771109093,48.111355122145,4,0
R1K03_london_to_ny_cont,session_handoff,b4c79f8a68e1fea6e2c128f95466614db5e67dcb419c615ac52bcc09cedf0448,16,25,0.480000000000,9.678000000000,9.083974118923,227.099352973078,6.895922356769,172.398058919222,-0.054120676968,29.664000000000,-25.214000000000,36.850000000001,-20.249999999999,7.360000000000,6.080000000000,-32.967718075121,61.270637604893,1.984365823569,1.665324483067,157.046771109096,92.961355122148,4,0
R1K03_london_to_ny_cont,session_handoff,b4c79f8a68e1fea6e2c128f95466614db5e67dcb419c615ac52bcc09cedf0448,24,25,0.520000000000,9.946000000000,9.351974118923,233.799352973073,7.163922356769,179.098058919217,11.451423487545,33.110000000000,-25.976000000000,41.800000000001,-20.649999999998,11.400000000000,8.000000000000,-41.161551633045,53.191302074707,1.915774320809,1.635759821872,159.963936986124,106.711355122144,4,0
R1K03_london_to_ny_cont,session_handoff,b4c79f8a68e1fea6e2c128f95466614db5e67dcb419c615ac52bcc09cedf0448,32,24,0.583333333333,16.800000000000,16.202805437548,388.867330501152,14.008416312645,336.201991503475,7.781286976951,51.766666666667,-27.179166666667,35.775000000001,-20.274999999998,13.416666666667,10.208333333333,-48.888908743088,65.755031473039,2.522925879580,2.206561400998,103.332498049655,35.779916185677,4,0
R1K03_london_to_ny_cont,session_handoff,b4c79f8a68e1fea6e2c128f95466614db5e67dcb419c615ac52bcc09cedf0448,48,24,0.666666666667,9.487500000000,8.890305437548,213.367330501158,6.695916312645,160.701991503482,9.456286976950,59.987500000000,-32.416666666667,41.325000000001,-25.549999999998,21.916666666667,17.375000000000,-75.812716470735,119.464614914208,1.553719564819,1.396357428224,44.782498049661,-85.211840158064,2,0
R1K04_london_to_ny_rev,session_handoff,72e054a3355caa2821d70d47dfb9d8f34b6bcdb1c8b809e83ff4e202651c4c68,1,26,0.307692307692,-2.903846153846,-3.473972219017,-90.323277694433,-5.614224349358,-145.969833083299,-2.399999999999,4.421153846154,-9.882692307693,3.599999999999,-5.900000000000,0.961538461538,1.000000000000,-15.996654987295,8.608752526989,0.354373195120,0.180867007244,-104.100650762865,-113.314315359140,2,2
R1K04_london_to_ny_rev,session_handoff,72e054a3355caa2821d70d47dfb9d8f34b6bcdb1c8b809e83ff4e202651c4c68,2,26,0.307692307692,-7.826923076923,-8.397049142093,-218.323277694427,-10.537301272434,-273.969833083293,-5.826174997404,6.963461538461,-16.311538461539,4.875000000000,-9.225000000001,1.423076923077,1.576923076923,-33.777424222053,13.548928388416,0.224952811888,0.153514775656,-233.800650762859,-247.994667081989,0,2
R1K04_london_to_ny_rev,session_handoff,72e054a3355caa2821d70d47dfb9d8f34b6bcdb1c8b809e83ff4e202651c4c68,3,26,0.269230769231,-5.878846153847,-6.448972219017,-167.673277694442,-8.589224349358,-223.319833083308,-7.997056237188,8.961538461538,-18.086538461539,5.850000000001,-11.699999999999,1.846153846154,2.038461538462,-30.451463977872,18.461428388417,0.375653633072,0.277689573764,-200.350650762874,-219.394667082005,1,2
R1K04_london_to_ny_rev,session_handoff,72e054a3355caa2821d70d47dfb9d8f34b6bcdb1c8b809e83ff4e202651c4c68,4,26,0.346153846154,-5.778846153846,-6.348972219017,-165.073277694433,-8.489224349358,-220.719833083299,-5.696450511946,10.632692307692,-21.855769230770,7.700000000000,-16.350000000000,2.269230769231,2.576923076923,-37.455619917633,24.045176907879,0.391367842251,0.288769466634,-191.736942290704,-217.049172728165,1,2
R1K04_london_to_ny_rev,session_handoff,72e054a3355caa2821d70d47dfb9d8f34b6bcdb1c8b809e83ff4e202651c4c68,6,26,0.500000000000,-3.978846153846,-4.548972219017,-118.273277694440,-6.689224349358,-173.919833083305,-0.121607806690,13.701923076923,-23.205769230770,8.050000000000,-16.650000000001,3.269230769231,3.346153846154,-37.186887243178,28.287781731227,0.613459651059,0.481712113777,-148.567294013569,-176.930958609840,1,2
R1K04_london_to_ny_rev,session_handoff,72e054a3355caa2821d70d47dfb9d8f34b6bcdb1c8b809e83ff4e202651c4c68,8,26,0.500000000000,-2.921153846154,-3.491279911325,-90.773277694442,-5.631532041666,-146.419833083308,-1.758353996222,18.692307692307,-25.826923076924,11.349999999999,-18.900000000001,4.192307692308,4.153846153846,-48.792039826871,37.530797876114,0.745397300351,0.620730850505,-129.817294013572,-167.980958609844,2,2
R1K04_london_to_ny_rev,session_handoff,72e054a3355caa2821d70d47dfb9d8f34b6bcdb1c8b809e83ff4e202651c4c68,12,26,0.500000000000,-2.915384615385,-3.485510680555,-90.623277694437,-5.625762810896,-146.269833083303,0.730698151951,20.978846153846,-28.478846153847,16.725000000000,-19.900000000001,6.115384615385,5.423076923077,-47.469000199066,36.712023191230,0.736796970211,0.607164807800,-131.767294013568,-168.530958609839,3,2
R1K04_london_to_ny_rev,session_handoff,72e054a3355caa2821d70d47dfb9d8f34b6bcdb1c8b809e83ff4e202651c4c68,16,26,0.500000000000,-3.938461538462,-4.508587603632,-117.223277694442,-6.648839733973,-172.869833083308,0.628392193308,22.736538461538,-29.811538461539,19.925000000002,-26.924999999999,6.769230769231,6.769230769231,-41.749609741342,29.466746681816,0.658337965054,0.534446588267,-160.380376670550,-190.174392989679,3,2
R1K04_london_to_ny_rev,session_handoff,72e054a3355caa2821d70d47dfb9d8f34b6bcdb1c8b809e83ff4e202651c4c68,24,26,0.500000000000,-5.525000000000,-6.095126065170,-158.473277694430,-8.235378195511,-214.119833083296,0.181832298137,26.817307692307,-31.842307692308,21.450000000000,-26.924999999999,8.423076923077,8.538461538462,-48.731500199065,47.236861088825,0.622672747235,0.522231889113,-224.560794563525,-276.417893539632,3,2
R1K04_london_to_ny_rev,session_handoff,72e054a3355caa2821d70d47dfb9d8f34b6bcdb1c8b809e83ff4e202651c4c68,32,26,0.538461538462,-3.311538461539,-3.881664526709,-100.923277694438,-6.021916657050,-156.569833083304,0.913686534217,27.144230769230,-32.588461538462,24.625000000000,-26.924999999999,9.730769230769,12.230769230769,-48.719000199066,48.259674508567,0.732388893885,0.613501157096,-162.030376670545,-213.917893539641,3,2
R1K04_london_to_ny_rev,session_handoff,72e054a3355caa2821d70d47dfb9d8f34b6bcdb1c8b809e83ff4e202651c4c68,48,26,0.615384615385,1.361538461538,0.791412396368,20.576722305557,-1.348839733973,-35.069833083309,5.546165425867,31.971153846153,-37.409615384615,26.725000000000,-26.924999999999,20.307692307692,23.769230769231,-63.354842483477,62.749667499190,1.046344574061,0.924972727321,-111.360794563539,-176.617893539647,3,2
R1L01_filter_atr05,atr_filter_directional_change,2831dc1bd921fbc488b5699dd049d16929fc40038071804937d68a2db409304b,1,2544,0.433569182390,-0.010023584906,-0.603830307374,-1536.144301959370,-2.791443752310,-7101.432905877888,-0.747693778870,5.284001572327,-5.149980345912,3.150000000002,-3.450000000002,0.975235849057,0.975628930818,-11.630322580645,10.237878196585,0.791900560888,0.354607174973,-1638.369009401693,-1740.517436390929,0,383
R1L01_filter_atr05,atr_filter_directional_change,2831dc1bd921fbc488b5699dd049d16929fc40038071804937d68a2db409304b,2,2544,0.459119496855,-0.175904088050,-0.769710810519,-1958.144301959301,-2.957324255455,-7523.432905877819,-0.699999999998,7.365448113208,-7.363109276730,4.649999999998,-4.774999999999,1.441037735849,1.471305031447,-16.301174309278,14.528700056276,0.807444966554,0.444218060853,-2222.730176948990,-2328.931184449482,0,383
R1L01_filter_atr05,atr_filter_directional_change,2831dc1bd921fbc488b5699dd049d16929fc40038071804937d68a2db409304b,3,2544,0.455188679245,-0.315664308176,-0.909471030644,-2313.694301959343,-3.097084475581,-7878.982905877861,-0.680994638506,8.963207547170,-9.014327830189,5.725000000000,-5.750000000000,1.910377358491,1.945361635220,-21.013038674034,17.491402451363,0.810619368445,0.493079972198,-2424.835154984498,-2514.721029974189,0,383
R1L01_filter_atr05,atr_filter_directional_change,2831dc1bd921fbc488b5699dd049d16929fc40038071804937d68a2db409304b,4,2544,0.459512578616,-0.169221698113,-0.763028420581,-1941.144301959285,-2.950641865518,-7506.432905877804,-0.843974509856,10.422759433962,-10.386399371069,6.799999999998,-6.649999999999,2.354166666667,2.416273584906,-24.296298245108,21.725423420293,0.858921484673,0.559382547835,-2254.180176948974,-2376.421029974123,0,383
R1L01_filter_atr05,atr_filter_directional_change,2831dc1bd921fbc488b5699dd049d16929fc40038071804937d68a2db409304b,6,2544,0.461084905660,-0.205542452830,-0.799349175298,-2033.544301959204,-2.986962620235,-7598.832905877722,-0.950000000001,12.729834905660,-12.955758647799,8.149999999998,-8.024999999999,3.222877358491,3.345911949686,-28.791607962288,27.497598656108,0.880083826381,0.623092276575,-2191.730176948890,-2292.148363372618,0,383
R1L01_filter_atr05,atr_filter_directional_change,2831dc1bd921fbc488b5699dd049d16929fc40038071804937d68a2db409304b,8,2543,0.480141565081,-0.194003145891,-0.786865037488,-2000.997790331393,-2.972588820682,-7559.293370994097,-0.600000000003,14.788104600865,-14.975304758160,9.500000000000,-9.500000000000,4.162799842705,4.291388124263,-31.887224223323,32.289652906022,0.897365107025,0.665295022679,-2177.909461443196,-2283.495336432893,1,383
R1L01_filter_atr05,atr_filter_directional_change,2831dc1bd921fbc488b5699dd049d16929fc40038071804937d68a2db409304b,12,2542,0.477183320220,-0.434185680566,-1.027028968395,-2610.707637659620,-3.212715544051,-8166.722912978812,-0.828531873498,18.080114083399,-18.452616050354,11.349999999999,-11.650000000002,5.943351691581,6.122738001574,-40.689168188437,38.938081929408,0.889565270025,0.694241911720,-2764.997657918985,-2865.854943346300,0,382
R1L01_filter_atr05,atr_filter_directional_change,2831dc1bd921fbc488b5699dd049d16929fc40038071804937d68a2db409304b,16,2539,0.482867270579,-0.182079558881,-0.774990089464,-1967.699837148123,-2.960811150628,-7517.499511444298,-0.779189189189,21.015222528555,-21.280326900355,13.100000000003,-13.550000000004,7.776289877905,7.841669948799,-47.102408096069,46.059205209553,0.926397695588,0.747190012967,-2100.239857407477,-2230.447142834797,0,380
R1L01_filter_atr05,atr_filter_directional_change,2831dc1bd921fbc488b5699dd049d16929fc40038071804937d68a2db409304b,24,2531,0.484788621098,-0.151698933228,-0.743258890379,-1881.188251548511,-2.926378804680,-7406.664754645502,-0.742023026314,26.321019359937,-26.496523113394,16.300000000001,-16.800000000001,11.541683129198,11.605294350059,-59.538022967010,58.785736398979,0.943445362547,0.795547622060,-2039.641275885996,-2180.765983328323,0,379
R1L01_filter_atr05,atr_filter_directional_change,2831dc1bd921fbc488b5699dd049d16929fc40038071804937d68a2db409304b,32,2514,0.487669053302,-0.320743834527,-0.910620947629,-2289.301062339641,-3.090375173834,-7769.203187018946,-0.750000000000,30.535242641209,-30.782836117741,19.125000000001,-19.800000000001,15.404136833731,15.385043754972,-67.881495364298,64.649819671742,0.940444080615,0.812053262361,-2482.336937329331,-2648.285364318562,0,376
R1L01_filter_atr05,atr_filter_directional_change,2831dc1bd921fbc488b5699dd049d16929fc40038071804937d68a2db409304b,48,2497,0.482579094914,-0.258790548658,-0.846765399910,-2114.373203575192,-3.022715102413,-7547.719610725635,-1.164974619290,37.329735682819,-37.590568682419,24.350000000004,-25.300000000004,23.075690828995,23.217460953144,-87.706973465151,88.145600381028,0.954700054965,0.847778901075,-2286.914056600336,-2430.267080937829,1,373
R1L02_filter_atr075,atr_filter_directional_change,1b6dbafcf594db890c772e665b1902e37ebdc6881ee9f4c2d2f9245c472278e0,1,1827,0.430760810071,-0.127996715928,-0.725264133701,-1325.057572270936,-2.919798969246,-5334.472716812693,-0.803118908383,5.464094143404,-5.368856048166,3.350000000000,-3.500000000000,0.971538040504,0.975916803503,-12.087772277227,11.247206244614,0.764710208118,0.352213222617,-1394.451340599597,-1459.885614516928,0,271
R1L02_filter_atr075,atr_filter_directional_change,1b6dbafcf594db890c772e665b1902e37ebdc6881ee9f4c2d2f9245c472278e0,2,1827,0.447181171319,-0.537520525452,-1.134787943224,-2073.257572270908,-3.329322778770,-6082.672716812664,-0.917170329671,7.500109469075,-7.873672687466,4.649999999998,-5.099999999999,1.423097974822,1.480021893815,-17.808669378340,14.832816698657,0.738977723642,0.415912501106,-2374.614826048094,-2446.313302163083,0,271
R1L02_filter_atr075,atr_filter_directional_change,1b6dbafcf594db890c772e665b1902e37ebdc6881ee9f4c2d2f9245c472278e0,3,1827,0.442802408320,-0.620963327860,-1.218230745633,-2225.707572270881,-3.412765581178,-6235.122716812638,-0.987430683920,9.126081007115,-9.504241926656,5.800000000002,-6.099999999998,1.881773399015,1.978653530378,-21.820226417650,19.316838433978,0.763463604770,0.472747050528,-2422.014826048065,-2504.461917478151,0,271
R1L02_filter_atr075,atr_filter_directional_change,1b6dbafcf594db890c772e665b1902e37ebdc6881ee9f4c2d2f9245c472278e0,4,1827,0.452107279693,-0.321620142310,-0.918887560083,-1678.807572270839,-3.113422395628,-5688.222716812596,-1.085570258349,10.783196496990,-10.999096880131,6.900000000002,-7.149999999999,2.323481116585,2.449370552819,-25.133127832321,23.839806399094,0.841341794278,0.561359147383,-2051.814826048022,-2175.529713314728,0,271
R1L02_filter_atr075,atr_filter_directional_change,1b6dbafcf594db890c772e665b1902e37ebdc6881ee9f4c2d2f9245c472278e0,6,1827,0.467432950192,-0.441488779420,-1.038756197193,-1897.807572270807,-3.233291032738,-5907.222716812564,-0.773320659063,12.981444991790,-13.518171866448,8.200000000002,-8.499999999998,3.205254515599,3.374931581828,-30.420554997810,27.929690709814,0.851174355459,0.607337814264,-2102.414826047988,-2241.029713314700,0,271
R1L02_filter_atr075,atr_filter_directional_change,1b6dbafcf594db890c772e665b1902e37ebdc6881ee9f4c2d2f9245c472278e0,8,1825,0.470136986301,-0.557123287671,-1.153088915613,-2104.387270993504,-3.345020171496,-6104.661812980614,-0.900000000000,14.875972602740,-15.473452054795,9.750000000000,-9.699999999998,4.099178082192,4.280547945205,-35.447983036304,33.215540540537,0.856387518452,0.638847611766,-2226.502158260216,-2325.994700766059,0,270
R1L02_filter_atr075,atr_filter_directional_change,1b6dbafcf594db890c772e665b1902e37ebdc6881ee9f4c2d2f9245c472278e0,12,1824,0.476425438596,-0.861266447368,-1.457282919510,-2658.084045187060,-3.649315863795,-6656.352135561268,-0.811954022990,17.890158991228,-18.858662280702,11.450000000001,-12.000000000000,5.800438596491,6.026864035088,-41.649847939832,37.731772011542,0.848417963444,0.662869862052,-2826.048932453780,-2935.606186230963,0,269
R1L02_filter_atr075,atr_filter_directional_change,1b6dbafcf594db890c772e665b1902e37ebdc6881ee9f4c2d2f9245c472278e0,16,1822,0.483534577387,-0.403951701427,-0.999992839093,-1821.986952826775,-3.192075114424,-5815.960858480345,-0.789162722588,20.891081229418,-21.520197585071,13.200000000001,-13.574999999999,7.630625686059,7.718441273326,-46.397784590044,45.768311452678,0.905669627579,0.729321294148,-1947.035428941768,-2049.472748313887,1,267
R1L02_filter_atr075,atr_filter_directional_change,1b6dbafcf594db890c772e665b1902e37ebdc6881ee9f4c2d2f9245c472278e0,24,1819,0.481033534909,-0.456652006597,-1.052751728504,-1914.955394149174,-3.244951172319,-5902.566182447711,-0.846120492925,26.172897196262,-26.867262231996,16.450000000003,-16.900000000004,11.374931280924,11.565145684442,-59.997111000349,59.938338639900,0.920887492341,0.776002110477,-2083.612647926358,-2206.600570604020,0,267
R1L02_filter_atr075,atr_filter_directional_change,1b6dbafcf594db890c772e665b1902e37ebdc6881ee9f4c2d2f9245c472278e0,32,1811,0.485919381557,-0.743152954169,-1.337067706993,-2421.429617364887,-3.524897212642,-6383.588852094704,-0.979391602399,30.618995030370,-31.451518498067,19.350000000000,-20.250000000001,15.219215902816,15.255107675318,-69.021671840865,65.680384179325,0.914369351665,0.789947159126,-2584.686871142076,-2740.885347257069,0,266
R1L02_filter_atr075,atr_filter_directional_change,1b6dbafcf594db890c772e665b1902e37ebdc6881ee9f4c2d2f9245c472278e0,48,1798,0.478309232481,-0.472997775306,-1.065528665089,-1915.820539829398,-3.250590444654,-5844.561619488250,-1.777037523177,37.509288097887,-38.294187986652,24.625000000000,-25.450000000001,22.877085650723,23.043381535039,-86.358432395415,88.949036772777,0.943912006275,0.838894750336,-2047.459312961274,-2167.012551702022,1,264
R1L03_filter_atr10,atr_filter_directional_change,5caf8703d5ff347869f4508c67bdd584309b6f0f0f4402c7af6fcbe8dab3a0ec,1,1374,0.416302765648,-0.495378457060,-1.097696509584,-1508.235004168516,-3.302332614633,-4537.405012505231,-1.099402907581,5.470742358079,-5.801491994178,3.250000000000,-3.750000000001,0.972343522562,0.976710334789,-12.808687349996,11.378413905228,0.674756802647,0.317649017842,-1591.839106763029,-1657.202909362390,0,204
R1L03_filter_atr10,atr_filter_directional_change,5caf8703d5ff347869f4508c67bdd584309b6f0f0f4402c7af6fcbe8dab3a0ec,2,1374,0.446142649199,-0.259898107715,-0.862216160239,-1184.685004168346,-3.066852265288,-4213.855012505060,-0.779777486909,7.684352256186,-8.142721979622,4.799999999997,-5.449999999999,1.421397379913,1.468704512373,-17.604085327236,15.934853785362,0.800568542019,0.458427326361,-1489.334118856545,-1568.851171513145,0,204
R1L03_filter_atr10,atr_filter_directional_change,5caf8703d5ff347869f4508c67bdd584309b6f0f0f4402c7af6fcbe8dab3a0ec,3,1374,0.448326055313,-0.440793304221,-1.043111356746,-1433.235004168468,-3.247747461794,-4462.405012505183,-0.941121571533,9.469395924309,-9.713573508006,5.849999999998,-6.399999999998,1.888646288210,1.934497816594,-20.799709287034,19.430645695365,0.798908095579,0.500788195133,-1613.084118856668,-1707.252928845652,0,204
R1L03_filter_atr10,atr_filter_directional_change,5caf8703d5ff347869f4508c67bdd584309b6f0f0f4402c7af6fcbe8dab3a0ec,4,1374,0.453420669578,-0.096033478894,-0.698351531418,-959.535004168358,-2.902987636467,-3988.705012505072,-1.125317647057,11.168631732169,-11.224563318777,6.850000000003,-7.374999999998,2.331149927220,2.437409024745,-25.116396838191,22.266496693499,0.881481802432,0.596267355880,-1306.584118856561,-1422.702928845554,1,204
R1L03_filter_atr10,atr_filter_directional_change,5caf8703d5ff347869f4508c67bdd584309b6f0f0f4402c7af6fcbe8dab3a0ec,6,1373,0.466132556446,-0.233284777859,-0.833418620936,-1144.283766544552,-3.033686307089,-4165.251299633742,-1.000000000000,13.396285506191,-13.925928623452,8.100000000002,-9.000000000000,3.219227967953,3.343044428259,-30.024633489097,27.915244113366,0.882822354427,0.636933074672,-1302.582881232751,-1428.013558344037,0,204
R1L03_filter_atr10,atr_filter_directional_change,5caf8703d5ff347869f4508c67bdd584309b6f0f0f4402c7af6fcbe8dab3a0ec,8,1373,0.477057538237,-0.118099053168,-0.718232896245,-986.133766544546,-2.918500582399,-4007.101299633736,-0.649623250807,15.354770575382,-15.800182083030,9.700000000001,-10.049999999998,4.139111434814,4.213401310998,-35.185010845987,34.765257814934,0.910263421467,0.683644513523,-1107.818427962101,-1219.672530556616,1,204
R1L03_filter_atr10,atr_filter_directional_change,5caf8703d5ff347869f4508c67bdd584309b6f0f0f4402c7af6fcbe8dab3a0ec,12,1372,0.475218658892,-0.722776967930,-1.322981443687,-1815.130540738105,-3.523390395200,-4834.091622214391,-0.904366680114,18.457507288630,-19.370772594752,11.550000000000,-12.325000000000,5.795189504373,5.999271137026,-42.960953315441,39.135000000000,0.865884527444,0.682308185459,-1993.947353571140,-2119.682014988692,0,203
R1L03_filter_atr10,atr_filter_directional_change,5caf8703d5ff347869f4508c67bdd584309b6f0f0f4402c7af6fcbe8dab3a0ec,16,1372,0.480320699708,-0.594241982507,-1.194446458264,-1638.780540738151,-3.394855409777,-4657.741622214437,-1.310060602000,21.163921282799,-21.986734693878,13.375000000001,-13.875000000000,7.559766763848,7.663265306122,-48.067614908931,46.569397869986,0.891728029086,0.722512447945,-1750.097353571181,-1854.596791158134,0,203
R1L03_filter_atr10,atr_filter_directional_change,5caf8703d5ff347869f4508c67bdd584309b6f0f0f4402c7af6fcbe8dab3a0ec,24,1370,0.485401459854,-0.767773722628,-1.367992056751,-1874.149117749270,-3.568428724998,-4888.747353247892,-1.026502397902,26.455000000000,-27.112627737226,16.600000000000,-17.100000000001,11.251824817518,11.516788321168,-62.162358165317,60.620012528258,0.900543260798,0.760979729756,-1975.098232437474,-2075.398232437477,0,203
R1L03_filter_atr10,atr_filter_directional_change,5caf8703d5ff347869f4508c67bdd584309b6f0f0f4402c7af6fcbe8dab3a0ec,32,1366,0.480966325037,-0.875000000000,-1.474813335867,-2014.595016794086,-3.674440007600,-5019.285050382198,-1.235106382981,30.970168374817,-31.837005856515,19.524999999999,-20.200000000000,15.133235724744,15.254026354319,-77.445588042140,64.411744721652,0.908739493081,0.788191777367,-2174.136316429495,-2260.405126418481,0,202
R1L03_filter_atr10,atr_filter_directional_change,5caf8703d5ff347869f4508c67bdd584309b6f0f0f4402c7af6fcbe8dab3a0ec,48,1353,0.478935698448,-0.071027346637,-0.669043452226,-905.215790861257,-2.865075663402,-3876.447372583551,-1.399999999999,38.008943089431,-38.506762749446,25.050000000002,-24.850000000001,22.717664449372,22.805617147081,-87.752857436680,93.169789109224,0.965053361032,0.859030917778,-1043.116207160060,-1136.057506795469,2,200
R1L04_filter_atr125,atr_filter_directional_change,ca5d229762381cffa3834f0ef636ece5fac14129c9f351459a170d22fb448dc0,1,1057,0.422894985809,-0.319299905393,-0.920386378793,-972.848402383982,-3.122559325593,-3300.545207151661,-1.161975116640,5.682544938505,-5.848817407758,3.450000000001,-3.750000000002,0.971617786187,0.981078524125,-12.508047825370,11.555205302388,0.725369923994,0.349249420560,-1084.513840635048,-1150.059131215194,0,143
R1L04_filter_atr125,atr_filter_directional_change,ca5d229762381cffa3834f0ef636ece5fac14129c9f351459a170d22fb448dc0,2,1057,0.452223273415,-0.104966887417,-0.706053360817,-746.298402383888,-2.908226307617,-3073.995207151567,-0.725813008128,8.202365184484,-8.266272469253,5.050000000000,-5.499999999998,1.426679280984,1.483443708609,-17.692300050257,15.783331803579,0.838086172805,0.488246844491,-1029.243692964034,-1095.548359530060,1,143
R1L04_filter_atr125,atr_filter_directional_change,ca5d229762381cffa3834f0ef636ece5fac14129c9f351459a170d22fb448dc0,3,1057,0.463576158940,0.230510879849,-0.370575593551,-391.698402383931,-2.572748540352,-2719.395207151611,-0.649999999999,10.026773888363,-9.764758751183,6.250000000000,-6.400000000002,1.886471144749,1.934720908231,-19.417867273616,20.687036408563,0.925406116558,0.589332163805,-579.443692964081,-718.858587941989,2,143
R1L04_filter_atr125,atr_filter_directional_change,ca5d229762381cffa3834f0ef636ece5fac14129c9f351459a170d22fb448dc0,4,1057,0.474929044465,0.517928098392,-0.083158375008,-87.898402383788,-2.285331321808,-2415.595207151468,-0.764090909092,11.810879848628,-11.220056764428,7.200000000000,-7.399999999996,2.375591296121,2.439924314096,-22.877495104556,24.444484167517,0.985349554330,0.670197871131,-464.593692963937,-613.608587941857,3,143
R1L04_filter_atr125,atr_filter_directional_change,ca5d229762381cffa3834f0ef636ece5fac14129c9f351459a170d22fb448dc0,6,1057,0.473036896878,0.354162724693,-0.246923748708,-260.998402383858,-2.449096695508,-2588.695207151538,-0.701304347828,14.270766319773,-14.218826868496,8.699999999999,-9.199999999998,3.238410596026,3.299905392621,-28.066462593056,30.485770242619,0.964610998972,0.701518238871,-462.843692964004,-604.537911384722,3,143
R1L04_filter_atr125,atr_filter_directional_change,ca5d229762381cffa3834f0ef636ece5fac14129c9f351459a170d22fb448dc0,8,1057,0.487228003784,0.123320719016,-0.477765754384,-504.998402383838,-2.679938701184,-2832.695207151517,-0.349999999998,15.952175969726,-16.053831598865,10.450000000000,-10.100000000000,4.130558183538,4.140964995270,-34.509946422831,35.871019764520,0.939645440383,0.706026110165,-642.842620804550,-757.248626287474,1,143
R1L04_filter_atr125,atr_filter_directional_change,ca5d229762381cffa3834f0ef636ece5fac14129c9f351459a170d22fb448dc0,12,1056,0.468750000000,-0.047301136364,-0.648480280850,-684.795176577378,-2.850838569822,-3010.485529732155,-1.163764783180,19.115625000000,-19.009517045455,12.049999999999,-12.174999999999,5.735795454545,5.910984848485,-42.777495543672,39.086659602456,0.931611008233,0.734048553513,-843.740467157524,-964.891179804312,1,142
R1L04_filter_atr125,atr_filter_directional_change,ca5d229762381cffa3834f0ef636ece5fac14129c9f351459a170d22fb448dc0,16,1056,0.472537878788,-0.433996212121,-1.035175356607,-1093.145176577433,-3.237533645580,-3418.835529732210,-1.447595087188,21.739062500000,-22.081107954546,13.549999999999,-14.175000000000,7.416666666667,7.723484848485,-49.614512479476,45.878507971433,0.904466923822,0.731421310180,-1200.210071555345,-1307.204289976053,2,142
R1L04_filter_atr125,atr_filter_directional_change,ca5d229762381cffa3834f0ef636ece5fac14129c9f351459a170d22fb448dc0,24,1053,0.479582146249,-0.623836657170,-1.223205441451,-1288.035329847467,-3.421943010012,-3603.305989542324,-1.397525676940,26.502896486230,-26.963580246914,17.550000000000,-16.849999999999,11.318138651472,11.463437796771,-60.877528449581,56.748914172304,0.907665360939,0.762867135053,-1410.591335330386,-1502.485007531642,0,142
R1L04_filter_atr125,atr_filter_directional_change,ca5d229762381cffa3834f0ef636ece5fac14129c9f351459a170d22fb448dc0,32,1051,0.482397716461,-0.735775451951,-1.335260928246,-1403.359235587066,-3.534231880838,-3714.477706761180,-1.400000000001,31.248572787821,-31.595670789724,20.650000000001,-20.250000000001,15.072312083730,14.935299714558,-70.308639662843,63.287093495934,0.913929248368,0.788247295504,-1539.574599534468,-1646.268271735730,1,141
R1L04_filter_atr125,atr_filter_directional_change,ca5d229762381cffa3834f0ef636ece5fac14129c9f351459a170d22fb448dc0,48,1043,0.480345158198,-0.296069031640,-0.896002616446,-934.530728953508,-3.095869786060,-3228.992186860434,-1.550000000001,37.739932885906,-38.424209012464,26.149999999998,-25.300000000004,22.459252157239,22.695110258869,-86.233902374669,92.163422216036,0.952404463885,0.845207037274,-1128.136901743152,-1230.208136314095,2,139
R1L05_filter_atr15,atr_filter_directional_change,898388236cf6c4d5e60c7cf575c78b7e45bd9a29929ecb77404e1df3756f4156,1,873,0.418098510882,-0.310137457045,-0.917951302842,-801.371487381233,-3.133578994437,-2735.614462143531,-1.138854489162,5.893241695304,-6.038144329897,3.550000000001,-3.949999999998,0.970217640321,0.986254295533,-12.877216133935,11.509146070160,0.735234648430,0.365731865858,-882.893713661986,-946.940851012609,2,126
R1L05_filter_atr15,atr_filter_directional_change,898388236cf6c4d5e60c7cf575c78b7e45bd9a29929ecb77404e1df3756f4156,2,873,0.441008018328,0.026403207331,-0.581410638466,-507.571487381174,-2.797038330061,-2441.814462143473,-1.100000000000,8.764719358534,-8.499770904926,5.150000000000,-5.549999999999,1.420389461627,1.500572737686,-17.931954748472,16.125951159048,0.873086607345,0.527697972595,-864.593713661930,-961.583192523959,3,126
R1L05_filter_atr15,atr_filter_directional_change,898388236cf6c4d5e60c7cf575c78b7e45bd9a29929ecb77404e1df3756f4156,3,873,0.452462772050,-0.050687285223,-0.658501131021,-574.871487381191,-2.874128822616,-2509.114462143490,-1.100000000000,10.528865979381,-10.366380297824,6.450000000001,-6.900000000002,1.880870561283,1.965635738832,-20.579567556137,21.077479355091,0.878675793995,0.573869368233,-830.943713661947,-967.883192523975,2,126
R1L05_filter_atr15,atr_filter_directional_change,898388236cf6c4d5e60c7cf575c78b7e45bd9a29929ecb77404e1df3756f4156,4,873,0.466208476518,-0.060939289805,-0.668753135603,-583.821487381113,-2.884380827197,-2518.064462143412,-1.169773519167,12.032760595647,-11.936082474227,7.399999999998,-7.950000000000,2.340206185567,2.450171821306,-25.038880220499,24.876980273141,0.892605217620,0.615774577545,-964.993713661869,-1095.083192523901,1,126
R1L05_filter_atr15,atr_filter_directional_change,898388236cf6c4d5e60c7cf575c78b7e45bd9a29929ecb77404e1df3756f4156,6,873,0.466208476518,-0.167182130584,-0.774995976382,-676.571487381148,-2.990623667976,-2610.814462143447,-0.979212598425,14.459679266896,-15.148568155785,8.799999999999,-9.600000000000,3.187857961054,3.329896907216,-30.031514506739,30.379865394452,0.897632859326,0.660802765450,-870.093713661902,-1026.083879031805,0,126
R1L05_filter_atr15,atr_filter_directional_change,898388236cf6c4d5e60c7cf575c78b7e45bd9a29929ecb77404e1df3756f4156,8,873,0.483390607102,-0.265578465063,-0.873392310860,-762.471487381118,-3.089020002455,-2696.714462143416,-0.662583668007,16.255269186712,-16.837857961054,10.500000000002,-10.550000000001,4.041237113402,4.177548682703,-35.407855157704,34.898876404029,0.896562042586,0.679773891215,-915.811652751024,-1041.351131613055,1,126
R1L05_filter_atr15,atr_filter_directional_change,898388236cf6c4d5e60c7cf575c78b7e45bd9a29929ecb77404e1df3756f4156,12,873,0.470790378007,-0.820847651775,-1.428661497573,-1247.221487381140,-3.644289189168,-3181.464462143439,-1.365580736546,19.595589919817,-20.186655211913,12.200000000001,-12.600000000000,5.634593356243,5.998854524628,-45.223412407297,39.965980641874,0.860839757820,0.682822390909,-1383.161652751040,-1479.203617844371,1,126
R1L05_filter_atr15,atr_filter_directional_change,898388236cf6c4d5e60c7cf575c78b7e45bd9a29929ecb77404e1df3756f4156,16,873,0.462772050401,-0.925773195876,-1.533587041674,-1338.821487381177,-3.749214733269,-3273.064462143475,-1.747090701653,22.092325315006,-23.045589919817,13.650000000001,-14.600000000002,7.289805269187,7.759450171821,-50.494871874033,45.901509306016,0.866013619000,0.704158096908,-1464.661652751080,-1566.461608724575,2,126
R1L05_filter_atr15,atr_filter_directional_change,898388236cf6c4d5e60c7cf575c78b7e45bd9a29929ecb77404e1df3756f4156,24,870,0.477011494253,-1.310632183908,-1.916293092616,-1667.174990575710,-4.127614910031,-3591.024971727130,-1.634259734331,26.733908045977,-27.622471264368,17.824999999999,-17.300000000000,11.140229885057,11.380459770115,-61.946398220671,53.623807339448,0.860540583593,0.723644219137,-1827.752629882448,-1949.942795252349,1,126
R1L05_filter_atr15,atr_filter_directional_change,898388236cf6c4d5e60c7cf575c78b7e45bd9a29929ecb77404e1df3756f4156,32,867,0.477508650519,-0.484140715110,-1.089969081204,-945.003193403689,-3.301625813392,-2862.509580211143,-1.650000000001,31.493252595156,-31.938869665513,21.450000000002,-20.550000000000,15.016147635525,15.119953863899,-67.430163470715,67.604436466855,0.929343795214,0.801269213438,-1106.930832710432,-1204.746282148636,2,124
R1L05_filter_atr15,atr_filter_directional_change,898388236cf6c4d5e60c7cf575c78b7e45bd9a29929ecb77404e1df3756f4156,48,860,0.476744186047,0.228720930233,-0.377468697669,-324.623079995051,-2.589847953471,-2227.269239985230,-1.782336851523,38.504127906977,-39.025523255814,27.199999999999,-25.750000000001,22.146511627907,22.769767441860,-85.914546902141,93.203551624863,0.980073244196,0.871324974789,-526.138529433252,-710.897819196444,2,123
