candidate_id,family,definition_sha256,horizon_bars,side,trades,win_rate,avg_gross_pips,avg_default_net_pips,total_default_net_pips,avg_severe_net_pips,total_severe_net_pips,median_default_net_pips,avg_mfe_pips,avg_mae_pips,median_mfe_pips,median_mae_pips,avg_bars_to_mfe,avg_bars_to_mae,q05_default_net_pips,q95_default_net_pips,default_profit_factor,severe_profit_factor,total_excluding_best_utc_day,total_excluding_best_two_utc_days
R1A01_legacy_impulse_lb3_ny,impulse_breakout,6bec510204b6918a5b46e722969db1b490d4be5ad11730cb005626e4483a9115,1,-1,175,0.394285714286,-0.857714285714,-1.454071147269,-254.462450772054,-3.646784870378,-638.187352316201,-2.299999999997,7.902857142857,-8.239428571429,4.650000000001,-5.950000000001,0.977142857143,0.977142857143,-16.780175871503,15.156625469735,0.710465685618,0.433962039232,0.000000000000,0.000000000000
R1A01_legacy_impulse_lb3_ny,impulse_breakout,6bec510204b6918a5b46e722969db1b490d4be5ad11730cb005626e4483a9115,1,1,216,0.518518518519,2.051620370370,1.476754404450,318.978951361283,-0.672977527389,-145.363145916127,0.583825738606,7.162500000000,-5.263657407407,4.775000000001,-3.399999999999,0.976851851852,0.976851851852,-10.685613218015,14.220070970208,1.612937813580,0.811524855702,0.000000000000,0.000000000000
R1A01_legacy_impulse_lb3_ny,impulse_breakout,6bec510204b6918a5b46e722969db1b490d4be5ad11730cb005626e4483a9115,2,-1,175,0.451428571429,0.546571428571,-0.049785432983,-8.712450772070,-2.242499156093,-392.437352316217,-1.374190177639,11.891142857143,-11.044285714286,7.299999999998,-8.000000000001,1.417142857143,1.497142857143,-20.989419110105,25.154179751144,0.991494953290,0.684880655721,0.000000000000,0.000000000000
R1A01_legacy_impulse_lb3_ny,impulse_breakout,6bec510204b6918a5b46e722969db1b490d4be5ad11730cb005626e4483a9115,2,1,216,0.560185185185,2.485416666666,1.910550700746,412.678951361228,-0.239181231093,-51.663145916183,1.450000000001,9.842592592592,-8.107407407407,6.974999999998,-5.050000000001,1.523148148148,1.393518518519,-14.047910684270,18.677840872743,1.561076549089,0.946175088653,0.000000000000,0.000000000000
R1A01_legacy_impulse_lb3_ny,impulse_breakout,6bec510204b6918a5b46e722969db1b490d4be5ad11730cb005626e4483a9115,3,-1,175,0.468571428571,0.174285714286,-0.422071147269,-73.862450772050,-2.614784870378,-457.587352316197,-0.567588932806,14.979428571428,-13.030285714286,8.949999999999,-9.800000000001,1.897142857143,1.977142857143,-26.568906315683,30.267790386176,0.941828482275,0.692233003933,0.000000000000,0.000000000000
R1A01_legacy_impulse_lb3_ny,impulse_breakout,6bec510204b6918a5b46e722969db1b490d4be5ad11730cb005626e4483a9115,3,1,216,0.550925925926,2.591203703704,2.016337737784,435.528951361267,-0.133394194056,-28.813145916143,1.351294946147,11.987731481481,-10.153009259259,8.600000000001,-6.124999999999,2.064814814815,1.745370370370,-23.413534896316,23.861306446878,1.450312758406,0.975878119461,0.000000000000,0.000000000000
R1A01_legacy_impulse_lb3_ny,impulse_breakout,6bec510204b6918a5b46e722969db1b490d4be5ad11730cb005626e4483a9115,4,-1,175,0.371428571429,-0.799714285714,-1.396071147269,-244.312450772078,-3.588784870378,-628.037352316225,-3.189326556544,16.453428571428,-14.743142857143,9.699999999995,-10.300000000001,2.348571428571,2.445714285714,-30.664437980989,33.791904411766,0.828030659379,0.623586055423,0.000000000000,0.000000000000
R1A01_legacy_impulse_lb3_ny,impulse_breakout,6bec510204b6918a5b46e722969db1b490d4be5ad11730cb005626e4483a9115,4,1,216,0.578703703704,3.619675925926,3.044809960006,657.678951361278,0.895078028166,193.336854083867,2.268925818739,13.351388888889,-10.905787037037,9.675000000000,-6.624999999998,2.513888888889,2.046296296296,-20.952356744843,27.049189581157,1.685332055456,1.165183661417,0.000000000000,0.000000000000
R1A01_legacy_impulse_lb3_ny,impulse_breakout,6bec510204b6918a5b46e722969db1b490d4be5ad11730cb005626e4483a9115,6,-1,175,0.405714285714,0.491142857143,-0.105214004412,-18.412450772071,-2.297927727521,-402.137352316218,-4.122998768473,20.221142857143,-16.862857142857,11.400000000000,-13.000000000002,3.080000000000,3.422857142857,-36.670336433260,51.044276102375,0.988489842078,0.781151075673,0.000000000000,0.000000000000
R1A01_legacy_impulse_lb3_ny,impulse_breakout,6bec510204b6918a5b46e722969db1b490d4be5ad11730cb005626e4483a9115,6,1,216,0.620370370370,4.309259259259,3.734393293339,806.628951361297,1.584661361499,342.286854083887,3.671450809465,16.097453703704,-12.888194444444,12.100000000000,-7.275000000000,3.620370370370,2.712962962963,-28.090679258634,35.652328030940,1.666857861974,1.243665522880,0.000000000000,0.000000000000
R1A01_legacy_impulse_lb3_ny,impulse_breakout,6bec510204b6918a5b46e722969db1b490d4be5ad11730cb005626e4483a9115,8,-1,175,0.394285714286,-0.467428571429,-1.063785432983,-186.162450772072,-3.256499156093,-569.887352316218,-3.876906697641,22.333428571428,-18.624285714286,11.950000000002,-13.999999999999,3.760000000000,4.388571428571,-46.730239673074,47.806494495833,0.897206191611,0.721654689809,0.000000000000,0.000000000000
R1A01_legacy_impulse_lb3_ny,impulse_breakout,6bec510204b6918a5b46e722969db1b490d4be5ad11730cb005626e4483a9115,8,1,216,0.643518518519,4.520370370370,3.945504404450,852.228951361284,1.795772472611,387.886854083874,4.105775123210,17.868981481481,-14.284953703704,13.075000000001,-7.750000000000,4.597222222222,3.351851851852,-27.437500000003,37.806945033438,1.637503988498,1.255207114869,0.000000000000,0.000000000000
R1A01_legacy_impulse_lb3_ny,impulse_breakout,6bec510204b6918a5b46e722969db1b490d4be5ad11730cb005626e4483a9115,12,-1,175,0.377142857143,-1.656571428571,-2.252928290126,-394.262450772068,-4.445642013236,-777.987352316214,-6.705725806449,25.213142857143,-21.035428571429,12.950000000001,-15.799999999999,4.742857142857,6.337142857143,-49.271698338508,61.101070557829,0.821636964965,0.684119798562,0.000000000000,0.000000000000
R1A01_legacy_impulse_lb3_ny,impulse_breakout,6bec510204b6918a5b46e722969db1b490d4be5ad11730cb005626e4483a9115,12,1,216,0.574074074074,4.784027777778,4.209161811858,909.178951361259,2.059429880018,444.836854083849,3.813036770948,19.601620370370,-16.878935185185,13.749999999999,-9.224999999999,6.055555555556,4.736111111111,-33.907045941304,40.031277054728,1.630967097564,1.270602840282,0.000000000000,0.000000000000
R1A01_legacy_impulse_lb3_ny,impulse_breakout,6bec510204b6918a5b46e722969db1b490d4be5ad11730cb005626e4483a9115,16,-1,175,0.377142857143,-2.282285714286,-2.878642575840,-503.762450772062,-5.071356298950,-887.487352316209,-6.100359712230,27.110857142857,-22.556571428572,14.049999999997,-16.950000000000,5.782857142857,7.554285714286,-46.189400797330,57.466630692538,0.774269231082,0.642568829225,0.000000000000,0.000000000000
R1A01_legacy_impulse_lb3_ny,impulse_breakout,6bec510204b6918a5b46e722969db1b490d4be5ad11730cb005626e4483a9115,16,1,216,0.606481481481,5.410416666666,4.835550700747,1044.478951361252,2.685818768907,580.136854083841,4.761379129524,20.847453703703,-18.191435185185,14.800000000001,-10.400000000000,7.546296296296,6.046296296296,-32.776119486394,42.613017466658,1.734747940496,1.359458945274,0.000000000000,0.000000000000
R1A01_legacy_impulse_lb3_ny,impulse_breakout,6bec510204b6918a5b46e722969db1b490d4be5ad11730cb005626e4483a9115,24,-1,175,0.382857142857,-4.464000000000,-5.060356861555,-885.562450772069,-7.253070584664,-1269.287352316215,-6.549999999999,30.423714285714,-26.323714285714,17.349999999999,-20.000000000002,7.622857142857,10.805714285714,-63.513759347026,49.268410672351,0.677448456819,0.574992022988,0.000000000000,0.000000000000
R1A01_legacy_impulse_lb3_ny,impulse_breakout,6bec510204b6918a5b46e722969db1b490d4be5ad11730cb005626e4483a9115,24,1,216,0.592592592593,4.253703703704,3.678837737784,794.628951361262,1.529105805944,330.286854083852,3.734987567899,23.155787037037,-21.140509259259,16.600000000000,-11.775000000000,10.106481481481,8.157407407407,-35.911508702093,46.991760916603,1.450386888773,1.167862545108,0.000000000000,0.000000000000
R1A01_legacy_impulse_lb3_ny,impulse_breakout,6bec510204b6918a5b46e722969db1b490d4be5ad11730cb005626e4483a9115,32,-1,173,0.410404624277,-0.271098265896,-0.865493376863,-149.730354197228,-3.054283598795,-528.391062591588,-5.799944913699,39.096242774566,-27.910982658960,20.599999999999,-20.500000000001,10.421965317919,14.104046242775,-58.092676056339,67.866804037006,0.945738771213,0.823340305405,0.000000000000,0.000000000000
R1A01_legacy_impulse_lb3_ny,impulse_breakout,6bec510204b6918a5b46e722969db1b490d4be5ad11730cb005626e4483a9115,32,1,211,0.549763033175,5.323933649289,4.751729138924,1002.614848313016,2.607320118195,550.144544939040,2.726192145866,28.247393364929,-23.196919431280,18.950000000004,-13.200000000001,13.436018957346,11.492890995261,-43.031291834003,52.037236386529,1.529530906326,1.261102753423,0.000000000000,0.000000000000
R1A01_legacy_impulse_lb3_ny,impulse_breakout,6bec510204b6918a5b46e722969db1b490d4be5ad11730cb005626e4483a9115,48,-1,164,0.396341463415,-0.027439024390,-0.620925207943,-101.831734102684,-2.807897575049,-460.495202308003,-7.325285640435,44.155487804878,-33.255487804878,26.774999999998,-25.075000000001,18.628048780488,23.554878048780,-85.704797336422,100.466446126337,0.967274029261,0.861811277283,0.000000000000,0.000000000000
R1A01_legacy_impulse_lb3_ny,impulse_breakout,6bec510204b6918a5b46e722969db1b490d4be5ad11730cb005626e4483a9115,48,1,207,0.507246376812,2.332125603865,1.758647745863,364.040083393579,-0.388307970141,-80.379749819176,0.996604296603,34.878260869565,-32.949033816425,25.100000000003,-20.349999999996,23.323671497585,21.623188405797,-59.456458850057,62.541952816531,1.135807727410,0.972317449333,0.000000000000,0.000000000000
R1A02_impulse_lb6_med8_x1,impulse_breakout,b388fbae3bf4d437e4428ee977c7866943eb8b10d6d851ba7005c764af6eaa71,1,-1,714,0.436974789916,0.159453781513,-0.453166946136,-323.561199541016,-2.678408401433,-1912.383598623040,-1.158806254188,7.149579831933,-6.160924369748,4.150000000000,-4.500000000000,0.973389355742,0.984593837535,-13.516392773010,14.127240990750,0.874653316514,0.468022211345,0.000000000000,0.000000000000
R1A02_impulse_lb6_med8_x1,impulse_breakout,b388fbae3bf4d437e4428ee977c7866943eb8b10d6d851ba7005c764af6eaa71,1,1,856,0.435747663551,0.265070093458,-0.335212634493,-286.942015126103,-2.535778090395,-2170.626045378038,-0.712915234823,5.241004672897,-4.963726635514,3.250000000003,-3.375000000000,0.976635514019,0.973130841121,-9.994468391396,10.965394110542,0.871007816223,0.372885072954,0.000000000000,0.000000000000
R1A02_impulse_lb6_med8_x1,impulse_breakout,b388fbae3bf4d437e4428ee977c7866943eb8b10d6d851ba7005c764af6eaa71,2,-1,714,0.443977591036,0.582422969188,-0.030197758461,-21.561199541037,-2.255439213758,-1610.383598623061,-1.640552016985,10.207703081232,-8.551750700280,5.950000000000,-6.349999999999,1.429971988796,1.523809523810,-18.786877523033,20.819032062925,0.993503961100,0.624622079896,0.000000000000,0.000000000000
R1A02_impulse_lb6_med8_x1,impulse_breakout,b388fbae3bf4d437e4428ee977c7866943eb8b10d6d851ba7005c764af6eaa71,2,1,856,0.464953271028,0.018165887850,-0.582116840101,-498.292015126031,-2.782682296002,-2381.976045377966,-0.544706959706,7.132242990654,-7.584462616823,4.599999999999,-4.700000000000,1.445093457944,1.464953271028,-14.454826799143,15.134047034863,0.841884582177,0.445133723380,0.000000000000,0.000000000000
R1A02_impulse_lb6_med8_x1,impulse_breakout,b388fbae3bf4d437e4428ee977c7866943eb8b10d6d851ba7005c764af6eaa71,3,-1,714,0.424369747899,0.183403361345,-0.429217366304,-306.461199540951,-2.654458821601,-1895.283598622975,-2.106777316736,12.432492997199,-10.422268907563,7.325000000000,-7.825000000001,1.861344537815,2.056022408964,-22.235471190296,25.868239039638,0.927360601503,0.635363566054,0.000000000000,0.000000000000
R1A02_impulse_lb6_med8_x1,impulse_breakout,b388fbae3bf4d437e4428ee977c7866943eb8b10d6d851ba7005c764af6eaa71,3,1,856,0.495327102804,0.281016355140,-0.319266372811,-273.292015126057,-2.519831828713,-2156.976045377992,-0.107563025211,8.768341121495,-9.514894859813,6.049999999999,-5.900000000001,2.000000000000,1.912383177570,-20.219170781894,17.771465838691,0.927439755998,0.553426173129,0.000000000000,0.000000000000
R1A02_impulse_lb6_med8_x1,impulse_breakout,b388fbae3bf4d437e4428ee977c7866943eb8b10d6d851ba7005c764af6eaa71,4,-1,714,0.410364145658,-0.118977591036,-0.731598318685,-522.361199541021,-2.956839773982,-2111.183598623045,-3.084237288136,14.173669467787,-12.130462184874,8.550000000001,-8.600000000001,2.274509803922,2.588235294118,-29.403551555523,28.250168711657,0.894194243706,0.643758358533,0.000000000000,0.000000000000
R1A02_impulse_lb6_med8_x1,impulse_breakout,b388fbae3bf4d437e4428ee977c7866943eb8b10d6d851ba7005c764af6eaa71,4,1,856,0.501168224299,1.043516355140,0.443233627189,379.407984873982,-1.757331828713,-1504.276045377953,0.043115714030,10.173831775701,-10.833703271028,7.200000000002,-6.849999999999,2.442757009346,2.335280373832,-19.977087464921,21.174393009306,1.098560698004,0.691592054917,0.000000000000,0.000000000000
R1A02_impulse_lb6_med8_x1,impulse_breakout,b388fbae3bf4d437e4428ee977c7866943eb8b10d6d851ba7005c764af6eaa71,6,-1,714,0.408963585434,-0.753151260504,-1.365771988153,-975.161199540998,-3.591013443450,-2563.983598623022,-3.410183027622,16.836904761905,-14.563095238095,10.424999999999,-10.525000000000,3.007002801120,3.598039215686,-35.325521456286,35.698430333356,0.835026311898,0.628803351115,0.000000000000,0.000000000000
R1A02_impulse_lb6_med8_x1,impulse_breakout,b388fbae3bf4d437e4428ee977c7866943eb8b10d6d851ba7005c764af6eaa71,6,1,856,0.518691588785,1.360806074766,0.760523346815,651.007984874034,-1.440042109086,-1232.676045377901,0.652210654842,12.402453271028,-12.882359813084,8.525000000000,-8.300000000003,3.443925233645,3.160046728972,-24.068504683915,26.447110849058,1.138541167871,0.783037992649,0.000000000000,0.000000000000
R1A02_impulse_lb6_med8_x1,impulse_breakout,b388fbae3bf4d437e4428ee977c7866943eb8b10d6d851ba7005c764af6eaa71,8,-1,714,0.394957983193,-1.519047619048,-2.131668346696,-1522.011199541029,-4.356909801993,-3110.833598623054,-4.011857379767,18.869677871148,-16.870028011205,11.499999999999,-12.325000000000,3.729691876751,4.689075630252,-38.727950752997,38.167500000000,0.780149137099,0.607328003375,0.000000000000,0.000000000000
R1A02_impulse_lb6_med8_x1,impulse_breakout,b388fbae3bf4d437e4428ee977c7866943eb8b10d6d851ba7005c764af6eaa71,8,1,855,0.521637426901,1.432748538012,0.832348520320,711.657984874013,-1.368451515062,-1170.026045377922,0.656699029127,13.950116959064,-14.345087719298,9.599999999998,-9.250000000000,4.398830409357,3.872514619883,-26.628992406210,30.969278803916,1.133739646271,0.813981637930,0.000000000000,0.000000000000
R1A02_impulse_lb6_med8_x1,impulse_breakout,b388fbae3bf4d437e4428ee977c7866943eb8b10d6d851ba7005c764af6eaa71,12,-1,713,0.396914446003,-2.194389901823,-2.807164058534,-2001.507973734553,-5.032712371955,-3588.323921203675,-5.389859693877,22.466199158485,-20.487026647966,13.300000000001,-14.800000000000,5.119214586255,6.601683029453,-48.948251438190,46.081348533069,0.766968560671,0.625597562123,0.000000000000,0.000000000000
R1A02_impulse_lb6_med8_x1,impulse_breakout,b388fbae3bf4d437e4428ee977c7866943eb8b10d6d851ba7005c764af6eaa71,12,1,852,0.530516431925,2.298004694836,1.701219491050,1449.439006374500,-0.492350916522,-419.482980876438,1.127650176680,17.218955399061,-17.550704225352,11.725000000001,-10.750000000000,6.354460093897,5.543427230047,-31.163167613792,37.795336763774,1.242777600913,0.939283782969,0.000000000000,0.000000000000
R1A02_impulse_lb6_med8_x1,impulse_breakout,b388fbae3bf4d437e4428ee977c7866943eb8b10d6d851ba7005c764af6eaa71,16,-1,712,0.407303370787,-2.052387640449,-2.665113597436,-1897.560881374244,-4.890565511408,-3482.082644122727,-5.303887399465,25.519241573034,-22.797612359551,14.575000000001,-15.675000000000,6.803370786517,8.226123595506,-52.894741731319,52.133123440346,0.797077940957,0.662707090471,0.000000000000,0.000000000000
R1A02_impulse_lb6_med8_x1,impulse_breakout,b388fbae3bf4d437e4428ee977c7866943eb8b10d6d851ba7005c764af6eaa71,16,1,851,0.541715628672,3.258989424207,2.664972875572,2267.891917111913,0.476939778303,405.875751335749,1.616152086907,20.020740305523,-19.620094007051,13.700000000000,-12.450000000001,8.148061104583,7.246768507638,-32.824309591545,44.615538063029,1.344957298007,1.054264060398,0.000000000000,0.000000000000
R1A02_impulse_lb6_med8_x1,impulse_breakout,b388fbae3bf4d437e4428ee977c7866943eb8b10d6d851ba7005c764af6eaa71,24,-1,712,0.396067415730,-3.643117977528,-4.255843934514,-3030.160881374224,-6.481295848487,-4614.682644122706,-6.261664575714,31.010533707865,-27.344592696629,18.549999999999,-20.200000000000,10.035112359551,12.619382022472,-64.747199723104,65.432387861485,0.741908693726,0.637106347228,0.000000000000,0.000000000000
R1A02_impulse_lb6_med8_x1,impulse_breakout,b388fbae3bf4d437e4428ee977c7866943eb8b10d6d851ba7005c764af6eaa71,24,1,846,0.561465721040,4.557269503546,3.966496471715,3355.656015070977,1.784950408053,1510.068045213002,2.896118143462,25.430614657210,-24.198522458629,18.149999999997,-15.600000000001,12.599290780142,10.684397163121,-47.462500000001,59.834857759063,1.410958181334,1.167225720728,0.000000000000,0.000000000000
R1A02_impulse_lb6_med8_x1,impulse_breakout,b388fbae3bf4d437e4428ee977c7866943eb8b10d6d851ba7005c764af6eaa71,32,-1,710,0.378873239437,-3.443239436620,-4.056173357980,-2879.883084166097,-6.282041200702,-4460.249252498102,-9.484785615489,38.168450704225,-32.483028169014,21.074999999996,-24.049999999998,13.276056338028,17.381690140845,-72.859233050850,82.082443557803,0.794225465263,0.702725794642,0.000000000000,0.000000000000
R1A02_impulse_lb6_med8_x1,impulse_breakout,b388fbae3bf4d437e4428ee977c7866943eb8b10d6d851ba7005c764af6eaa71,32,1,843,0.599051008304,7.701601423487,7.110696847930,5994.317442804730,4.928887696814,4155.052328414399,6.502636054423,31.776690391459,-28.770284697509,22.250000000003,-18.650000000002,17.647686832740,14.613285883749,-51.407907697473,74.222402604398,1.656550261623,1.419478258833,0.000000000000,0.000000000000
R1A02_impulse_lb6_med8_x1,impulse_breakout,b388fbae3bf4d437e4428ee977c7866943eb8b10d6d851ba7005c764af6eaa71,48,-1,689,0.393323657475,-4.721698113208,-5.330242558438,-3672.537122763700,-7.547331448899,-5200.111368291088,-10.100000000000,43.198476052250,-38.960449927431,25.500000000000,-28.900000000002,19.338171262700,25.532656023222,-90.370080741421,105.185064308679,0.772600116674,0.695720610822,0.000000000000,0.000000000000
R1A02_impulse_lb6_med8_x1,impulse_breakout,b388fbae3bf4d437e4428ee977c7866943eb8b10d6d851ba7005c764af6eaa71,48,1,839,0.582836710369,9.262455303933,8.671334062182,7275.249278170682,6.489091578680,5444.347834512158,6.800000000001,39.990405244339,-36.705303933254,28.500000000003,-22.950000000000,25.740166865316,21.330154946365,-67.375331614668,93.486726860037,1.658985957919,1.460553337008,0.000000000000,0.000000000000
R1A03_impulse_lb12_med12_x125,impulse_breakout,36e26515e5598753148b4dc9822bcf6015d332e58b917587fe4087fe4ee7fa75,1,-1,456,0.453947368421,0.023464912281,-0.600896604767,-274.008851773762,-2.849619638863,-1299.426555321319,-0.936134924571,8.090899122807,-7.149451754386,4.774999999998,-5.175000000000,0.982456140351,0.982456140351,-15.725623905104,13.770995194805,0.856180024497,0.487485419212,0.000000000000,0.000000000000
R1A03_impulse_lb12_med12_x125,impulse_breakout,36e26515e5598753148b4dc9822bcf6015d332e58b917587fe4087fe4ee7fa75,1,1,522,0.421455938697,0.243486590038,-0.358742381537,-187.263523162145,-2.563200324686,-1337.990569486239,-1.040130151845,5.808429118774,-5.453160919540,3.724999999999,-3.700000000001,0.978927203065,0.971264367816,-10.276250111344,12.280886081879,0.871439302754,0.393262013459,0.000000000000,0.000000000000
R1A03_impulse_lb12_med12_x125,impulse_breakout,36e26515e5598753148b4dc9822bcf6015d332e58b917587fe4087fe4ee7fa75,2,-1,456,0.449561403509,0.763706140351,0.139344623303,63.541148226237,-2.109378410792,-961.876555321321,-1.518304643979,11.480263157895,-9.737828947368,7.150000000000,-7.300000000001,1.440789473684,1.504385964912,-19.758601757252,23.892608744311,1.027203575293,0.672609703663,0.000000000000,0.000000000000
R1A03_impulse_lb12_med12_x125,impulse_breakout,36e26515e5598753148b4dc9822bcf6015d332e58b917587fe4087fe4ee7fa75,2,1,522,0.469348659004,-0.045019157088,-0.647248128663,-337.863523162117,-2.851706071813,-1488.590569486211,-0.410509441348,7.676340996169,-8.158908045977,4.850000000002,-5.275000000000,1.438697318008,1.473180076628,-15.122854083143,15.912394694454,0.828100812910,0.440854589474,0.000000000000,0.000000000000
R1A03_impulse_lb12_med12_x125,impulse_breakout,36e26515e5598753148b4dc9822bcf6015d332e58b917587fe4087fe4ee7fa75,3,-1,456,0.423245614035,0.403399122807,-0.220962394241,-100.758851773740,-2.469685428336,-1126.176555321298,-2.656106282682,14.171929824561,-11.758662280702,8.874999999999,-8.650000000002,1.885964912281,2.030701754386,-23.451372372208,28.202667255664,0.966548196462,0.690686844447,0.000000000000,0.000000000000
R1A03_impulse_lb12_med12_x125,impulse_breakout,36e26515e5598753148b4dc9822bcf6015d332e58b917587fe4087fe4ee7fa75,3,1,522,0.477011494253,-0.125478927203,-0.727707898778,-379.863523162113,-2.932165841928,-1530.590569486207,-0.575891087720,9.222318007663,-10.586877394636,6.649999999998,-6.850000000000,1.940613026820,1.932950191571,-21.823815959319,20.310054151425,0.850961016564,0.522523293962,0.000000000000,0.000000000000
R1A03_impulse_lb12_med12_x125,impulse_breakout,36e26515e5598753148b4dc9822bcf6015d332e58b917587fe4087fe4ee7fa75,4,-1,456,0.407894736842,0.147258771930,-0.477102745118,-217.558851773784,-2.725825779213,-1242.976555321341,-3.304993252361,16.092763157895,-13.731140350877,10.774999999998,-9.975000000001,2.313596491228,2.565789473684,-31.972973082195,32.358743523315,0.938907231586,0.703546888147,0.000000000000,0.000000000000
R1A03_impulse_lb12_med12_x125,impulse_breakout,36e26515e5598753148b4dc9822bcf6015d332e58b917587fe4087fe4ee7fa75,4,1,522,0.507662835249,0.991091954023,0.388862982448,202.986476837912,-1.815594960701,-947.740569486182,0.180648572436,10.792624521073,-11.800191570881,7.850000000002,-7.974999999999,2.398467432950,2.323754789272,-19.951373229952,24.282545619156,1.082996115856,0.690480937169,0.000000000000,0.000000000000
R1A03_impulse_lb12_med12_x125,impulse_breakout,36e26515e5598753148b4dc9822bcf6015d332e58b917587fe4087fe4ee7fa75,6,-1,456,0.407894736842,-0.620065789474,-1.244427306521,-567.458851773758,-3.493150340617,-1592.876555321315,-3.997276785713,18.860964912281,-16.131798245614,11.850000000003,-12.299999999999,3.000000000000,3.587719298246,-39.788609462299,40.838041411008,0.864689847097,0.670358468562,0.000000000000,0.000000000000
R1A03_impulse_lb12_med12_x125,impulse_breakout,36e26515e5598753148b4dc9822bcf6015d332e58b917587fe4087fe4ee7fa75,6,1,522,0.522988505747,1.183716475096,0.581487503521,303.536476837939,-1.622970439629,-847.190569486155,0.673620472479,13.122605363985,-13.963409961686,9.399999999999,-8.975000000001,3.358237547893,3.166666666667,-25.068973846542,27.740415279321,1.099056657584,0.768598578464,0.000000000000,0.000000000000
R1A03_impulse_lb12_med12_x125,impulse_breakout,36e26515e5598753148b4dc9822bcf6015d332e58b917587fe4087fe4ee7fa75,8,-1,456,0.403508771930,-1.174451754386,-1.798813271434,-820.258851773819,-4.047536305529,-1845.676555321377,-4.352013450637,21.160635964912,-18.416995614035,13.249999999999,-13.300000000000,3.697368421053,4.594298245614,-45.767062114162,41.815565480840,0.830139762522,0.662317478165,0.000000000000,0.000000000000
R1A03_impulse_lb12_med12_x125,impulse_breakout,36e26515e5598753148b4dc9822bcf6015d332e58b917587fe4087fe4ee7fa75,8,1,521,0.531669865643,1.458541266795,0.856116078384,446.036476837929,-1.348734298438,-702.690569486165,1.150000000001,14.501343570058,-15.336948176584,10.450000000000,-9.600000000000,4.301343570058,3.863723608445,-27.597835656640,31.592416034670,1.134007817933,0.820073777149,0.000000000000,0.000000000000
R1A03_impulse_lb12_med12_x125,impulse_breakout,36e26515e5598753148b4dc9822bcf6015d332e58b917587fe4087fe4ee7fa75,12,-1,456,0.403508771930,-1.055921052632,-1.680282569679,-766.208851773770,-3.929005603775,-1791.626555321328,-5.281462521058,25.089692982456,-21.694956140351,14.149999999999,-15.249999999999,4.892543859649,6.449561403509,-48.923231442357,52.062236909768,0.865511267572,0.717019215341,0.000000000000,0.000000000000
R1A03_impulse_lb12_med12_x125,impulse_breakout,36e26515e5598753148b4dc9822bcf6015d332e58b917587fe4087fe4ee7fa75,12,1,520,0.540384615385,2.978750000000,2.376127840073,1235.586476837901,0.170883520219,88.859430513807,1.487117312956,18.035576923077,-17.973653846154,12.824999999999,-10.825000000000,6.253846153846,5.334615384615,-30.228042383187,38.756705183650,1.346859639785,1.021542307000,0.000000000000,0.000000000000
R1A03_impulse_lb12_med12_x125,impulse_breakout,36e26515e5598753148b4dc9822bcf6015d332e58b917587fe4087fe4ee7fa75,16,-1,456,0.414473684211,-0.603837719298,-1.228199236346,-560.058851773762,-3.476922270441,-1585.476555321320,-5.201947645927,28.535087719298,-23.557785087719,15.700000000001,-17.174999999997,6.697368421053,7.986842105263,-51.072350601389,53.898022788206,0.907773131580,0.763246684476,0.000000000000,0.000000000000
R1A03_impulse_lb12_med12_x125,impulse_breakout,36e26515e5598753148b4dc9822bcf6015d332e58b917587fe4087fe4ee7fa75,16,1,519,0.558766859345,3.951637764933,3.353544099374,1740.489387575338,1.157356768258,600.668162726018,2.150326797390,20.665799614644,-20.166184971098,14.600000000002,-12.500000000000,7.957610789981,6.868978805395,-32.537109850897,45.279709967869,1.447178303236,1.135758313426,0.000000000000,0.000000000000
R1A03_impulse_lb12_med12_x125,impulse_breakout,36e26515e5598753148b4dc9822bcf6015d332e58b917587fe4087fe4ee7fa75,24,-1,456,0.388157894737,-3.233223684210,-3.857585201258,-1759.058851773751,-6.106308235354,-2784.476555321309,-9.274297495418,33.708552631579,-28.498903508772,19.799999999999,-21.000000000002,9.686403508772,12.826754385965,-60.459076888379,69.405352923803,0.776206302996,0.672365648049,0.000000000000,0.000000000000
R1A03_impulse_lb12_med12_x125,impulse_breakout,36e26515e5598753148b4dc9822bcf6015d332e58b917587fe4087fe4ee7fa75,24,1,516,0.565891472868,5.277034883721,4.678538130948,2414.125675569155,2.481544625402,1280.477026707549,3.231844443787,26.013468992248,-24.836724806202,18.750000000001,-15.774999999998,12.672480620155,10.222868217054,-43.487500000000,60.447397138343,1.483866097452,1.232186737941,0.000000000000,0.000000000000
R1A03_impulse_lb12_med12_x125,impulse_breakout,36e26515e5598753148b4dc9822bcf6015d332e58b917587fe4087fe4ee7fa75,32,-1,454,0.367841409692,-2.482158590309,-3.106896595960,-1410.531054565617,-5.356372607261,-2431.793163696698,-11.500000000000,41.657599118943,-33.618612334802,21.425000000002,-26.349999999999,12.870044052863,17.735682819383,-70.399986237506,89.161312889922,0.847244260081,0.754339232485,0.000000000000,0.000000000000
R1A03_impulse_lb12_med12_x125,impulse_breakout,36e26515e5598753148b4dc9822bcf6015d332e58b917587fe4087fe4ee7fa75,32,1,515,0.627184466019,9.363689320388,8.765036854027,4513.993979823787,6.567731921304,3382.381939471517,8.708471275563,33.377669902913,-29.432718446602,22.649999999999,-18.550000000002,18.054368932039,14.091262135922,-51.688289786121,74.989617860016,1.823870516281,1.571011066241,0.000000000000,0.000000000000
R1A03_impulse_lb12_med12_x125,impulse_breakout,36e26515e5598753148b4dc9822bcf6015d332e58b917587fe4087fe4ee7fa75,48,-1,437,0.395881006865,-3.007665903890,-3.627938938453,-1585.409316104070,-5.868485007579,-2564.527948312196,-9.972918032786,46.609725400458,-39.122997711671,26.200000000000,-29.900000000004,19.423340961098,25.048054919908,-90.087053244523,112.982688542467,0.845570925367,0.763895007047,0.000000000000,0.000000000000
R1A03_impulse_lb12_med12_x125,impulse_breakout,36e26515e5598753148b4dc9822bcf6015d332e58b917587fe4087fe4ee7fa75,48,1,512,0.607421875000,11.552539062500,10.953663701542,5608.275815189760,8.755912979628,4483.027445569295,9.019584569732,42.421679687500,-37.332812500000,30.475000000001,-23.450000000000,26.167968750000,20.992187500000,-66.338001746598,92.674755625552,1.843880759132,1.631753730629,0.000000000000,0.000000000000
R1A04_impulse_lb24_med16_x125,impulse_breakout,f4be49b45f562ef8b3b1eda813bbb399c2d3552dd178f44789aeb620b73835ec,1,-1,331,0.471299093656,-0.024924471299,-0.652472664296,-215.968451882128,-2.907569050291,-962.405355646336,-0.582409739713,8.584290030211,-7.515558912387,5.549999999999,-5.349999999999,0.978851963746,0.981873111782,-16.602230046949,15.672989761462,0.850410813320,0.489472011011,0.000000000000,0.000000000000
R1A04_impulse_lb24_med16_x125,impulse_breakout,f4be49b45f562ef8b3b1eda813bbb399c2d3552dd178f44789aeb620b73835ec,1,1,423,0.430260047281,0.295862884161,-0.302910633166,-128.131197829021,-2.500457667818,-1057.693593486936,-1.100000000000,5.903427895981,-5.518321513003,3.850000000003,-3.800000000001,0.978723404255,0.971631205674,-10.267197851673,12.275580278803,0.889761321551,0.400014845551,0.000000000000,0.000000000000
R1A04_impulse_lb24_med16_x125,impulse_breakout,f4be49b45f562ef8b3b1eda813bbb399c2d3552dd178f44789aeb620b73835ec,2,-1,331,0.468277945619,0.157703927492,-0.469844265505,-155.518451882114,-2.724940651499,-901.955355646322,-0.941157702826,11.974924471299,-10.339728096677,8.049999999997,-7.499999999999,1.450151057402,1.495468277946,-21.325171195052,24.461803776659,0.914701356424,0.599246750725,0.000000000000,0.000000000000
R1A04_impulse_lb24_med16_x125,impulse_breakout,f4be49b45f562ef8b3b1eda813bbb399c2d3552dd178f44789aeb620b73835ec,2,1,423,0.477541371158,0.313475177305,-0.285298340021,-120.681197828981,-2.482845374674,-1050.243593486896,-0.300000000002,7.854018912530,-7.959456264775,5.399999999997,-5.699999999999,1.442080378251,1.451536643026,-15.110361724335,15.586475964309,0.918162916289,0.481066059284,0.000000000000,0.000000000000
R1A04_impulse_lb24_med16_x125,impulse_breakout,f4be49b45f562ef8b3b1eda813bbb399c2d3552dd178f44789aeb620b73835ec,3,-1,331,0.438066465257,-0.005135951662,-0.632684144659,-209.418451882092,-2.887780530653,-955.855355646301,-2.405687830687,14.480966767371,-12.358610271904,10.849999999999,-9.199999999998,1.906344410876,2.039274924471,-26.296641915646,27.473090982940,0.907282478858,0.646346040819,0.000000000000,0.000000000000
R1A04_impulse_lb24_med16_x125,impulse_breakout,f4be49b45f562ef8b3b1eda813bbb399c2d3552dd178f44789aeb620b73835ec,3,1,423,0.470449172577,-0.065721040189,-0.664494557515,-281.081197828985,-2.862041592168,-1210.643593486900,-0.771802841918,9.297517730497,-10.481678486998,7.049999999998,-7.250000000002,1.931442080378,1.891252955083,-21.319372643205,18.475807939114,0.861322056551,0.525024048132,0.000000000000,0.000000000000
R1A04_impulse_lb24_med16_x125,impulse_breakout,f4be49b45f562ef8b3b1eda813bbb399c2d3552dd178f44789aeb620b73835ec,4,-1,331,0.404833836858,-0.906797583082,-1.534345776079,-507.868451882149,-3.789442162074,-1254.305355646357,-3.219566242340,16.280060422961,-14.430966767372,11.650000000000,-10.249999999999,2.335347432024,2.528700906344,-32.896074155457,30.053650123596,0.813733539722,0.606731591694,0.000000000000,0.000000000000
R1A04_impulse_lb24_med16_x125,impulse_breakout,f4be49b45f562ef8b3b1eda813bbb399c2d3552dd178f44789aeb620b73835ec,4,1,423,0.520094562648,0.814302600473,0.215529083147,91.168802171063,-1.982017951506,-838.393593486853,0.393601190479,10.689952718676,-11.792198581560,8.199999999999,-8.250000000001,2.385342789598,2.307328605201,-20.652687139792,20.712910324407,1.045616823460,0.662762591610,0.000000000000,0.000000000000
R1A04_impulse_lb24_med16_x125,impulse_breakout,f4be49b45f562ef8b3b1eda813bbb399c2d3552dd178f44789aeb620b73835ec,6,-1,331,0.398791540785,-2.308308157100,-2.935856350097,-971.768451882096,-5.190952736092,-1718.205355646304,-4.699999999997,18.860422960725,-17.144410876133,13.350000000000,-12.850000000003,2.972809667674,3.580060422961,-42.708636363637,35.821542496252,0.704247198775,0.542198148799,0.000000000000,0.000000000000
R1A04_impulse_lb24_med16_x125,impulse_breakout,f4be49b45f562ef8b3b1eda813bbb399c2d3552dd178f44789aeb620b73835ec,6,1,423,0.522458628842,0.873877068558,0.275103551232,116.368802171052,-1.922443483420,-813.193593486863,0.659279609281,12.919503546099,-14.103073286052,9.399999999999,-9.200000000001,3.278959810875,3.179669030733,-25.289937428976,27.096081951084,1.045615819180,0.731854017653,0.000000000000,0.000000000000
R1A04_impulse_lb24_med16_x125,impulse_breakout,f4be49b45f562ef8b3b1eda813bbb399c2d3552dd178f44789aeb620b73835ec,8,-1,331,0.389728096677,-3.124320241692,-3.751868434689,-1241.868451882161,-6.006964820684,-1988.305355646369,-4.378588304784,21.054531722054,-19.456495468278,14.049999999997,-13.650000000001,3.613293051360,4.649546827795,-46.873698433707,34.700204281114,0.666985569723,0.527521206497,0.000000000000,0.000000000000
R1A04_impulse_lb24_med16_x125,impulse_breakout,f4be49b45f562ef8b3b1eda813bbb399c2d3552dd178f44789aeb620b73835ec,8,1,422,0.533175355450,0.948815165877,0.349807588083,147.618802171036,-1.848207567504,-779.943593486879,1.129368703512,14.263507109005,-15.491706161137,10.850000000001,-9.725000000002,4.251184834123,3.819905213270,-26.901796441120,30.419795337748,1.053500089809,0.757905165357,0.000000000000,0.000000000000
R1A04_impulse_lb24_med16_x125,impulse_breakout,f4be49b45f562ef8b3b1eda813bbb399c2d3552dd178f44789aeb620b73835ec,12,-1,331,0.395770392749,-3.191842900302,-3.819391093299,-1264.218451882107,-6.074487479294,-2010.655355646315,-5.456128747797,23.877945619335,-22.498791540786,15.100000000001,-15.699999999998,4.731117824773,6.580060422961,-49.734084330034,49.753465494822,0.702584360896,0.573738735525,0.000000000000,0.000000000000
R1A04_impulse_lb24_med16_x125,impulse_breakout,f4be49b45f562ef8b3b1eda813bbb399c2d3552dd178f44789aeb620b73835ec,12,1,422,0.521327014218,2.405331753554,1.806324175761,762.268802171011,-0.391690979827,-165.293593486905,0.874083206562,17.759834123223,-18.458293838863,12.700000000001,-11.324999999998,6.099526066351,5.424170616114,-29.647693095376,39.660521315544,1.249622029639,0.953057768401,0.000000000000,0.000000000000
R1A04_impulse_lb24_med16_x125,impulse_breakout,f4be49b45f562ef8b3b1eda813bbb399c2d3552dd178f44789aeb620b73835ec,16,-1,331,0.413897280967,-2.506193353474,-3.133741546472,-1037.268451882122,-5.388837932466,-1783.705355646330,-5.789859693876,27.059063444109,-24.516616314200,17.300000000000,-19.200000000001,6.489425981873,8.069486404834,-51.506624057805,51.940412226519,0.767498216512,0.637608949383,0.000000000000,0.000000000000
R1A04_impulse_lb24_med16_x125,impulse_breakout,f4be49b45f562ef8b3b1eda813bbb399c2d3552dd178f44789aeb620b73835ec,16,1,422,0.552132701422,3.540521327014,2.941513749221,1241.318802171051,0.743498593633,313.756406513136,1.974894347596,20.420971563981,-20.799763033175,14.625000000001,-13.600000000001,7.921800947867,6.966824644550,-32.490696457108,44.806864447414,1.378350356509,1.084341478566,0.000000000000,0.000000000000
R1A04_impulse_lb24_med16_x125,impulse_breakout,f4be49b45f562ef8b3b1eda813bbb399c2d3552dd178f44789aeb620b73835ec,24,-1,331,0.377643504532,-4.930664652568,-5.558212845565,-1839.768451882114,-7.813309231560,-2586.205355646322,-10.250000000000,33.028247734139,-30.246374622357,20.499999999998,-23.099999999994,9.743202416918,13.151057401813,-64.947485420104,67.463300970875,0.699692174159,0.608182294276,0.000000000000,0.000000000000
R1A04_impulse_lb24_med16_x125,impulse_breakout,f4be49b45f562ef8b3b1eda813bbb399c2d3552dd178f44789aeb620b73835ec,24,1,422,0.563981042654,5.300947867299,4.701940289505,1984.218802171023,2.503925133917,1056.656406513108,2.737034035657,26.855924170616,-25.800710900474,18.875000000000,-16.324999999999,13.007109004739,10.334123222749,-48.292500000002,63.924606409369,1.457004217374,1.221187585195,0.000000000000,0.000000000000
R1A04_impulse_lb24_med16_x125,impulse_breakout,f4be49b45f562ef8b3b1eda813bbb399c2d3552dd178f44789aeb620b73835ec,32,-1,329,0.358662613982,-2.882218844985,-3.510305941258,-1154.890654673964,-5.766480133805,-1897.171964021695,-13.025870069608,42.680851063830,-35.983282674772,22.549999999998,-28.450000000001,12.765957446809,17.741641337386,-74.308309421200,90.937648940422,0.838379258327,0.751530204000,0.000000000000,0.000000000000
R1A04_impulse_lb24_med16_x125,impulse_breakout,f4be49b45f562ef8b3b1eda813bbb399c2d3552dd178f44789aeb620b73835ec,32,1,422,0.642180094787,11.342298578199,10.743291000405,4533.668802170999,8.545275844818,3606.106406513084,9.482138108826,35.247274881517,-29.892654028436,22.774999999999,-18.750000000001,18.590047393365,13.926540284360,-49.584454437343,82.065159490812,2.053157184746,1.774725912635,0.000000000000,0.000000000000
R1A04_impulse_lb24_med16_x125,impulse_breakout,f4be49b45f562ef8b3b1eda813bbb399c2d3552dd178f44789aeb620b73835ec,48,-1,319,0.407523510972,-2.807523510972,-3.430859417598,-1094.444154213751,-5.677531230850,-1811.132462641214,-8.103464624362,48.685893416928,-40.553448275862,26.800000000000,-31.450000000001,19.805642633229,24.438871473354,-90.827451765080,112.805206138938,0.857901205289,0.777189573876,0.000000000000,0.000000000000
R1A04_impulse_lb24_med16_x125,impulse_breakout,f4be49b45f562ef8b3b1eda813bbb399c2d3552dd178f44789aeb620b73835ec,48,1,420,0.602380952381,12.176071428571,11.577016246239,4862.346823420349,9.378905881574,3939.140470261009,9.330249831197,44.356785714286,-38.495357142857,30.400000000000,-24.550000000001,26.511904761905,20.876190476190,-68.059468054019,96.857770534550,1.880370981033,1.668086730310,0.000000000000,0.000000000000
R1A05_impulse_lb48_med24_x15,impulse_breakout,1c5a71752aadaa97e5dce72538244e10ed7019080f5378c5fe10327e027b992b,1,-1,185,0.464864864865,-0.036216216216,-0.659576417573,-122.021637251000,-2.906296820286,-537.664911752960,-0.668101460415,9.442162162162,-8.308108108108,6.199999999998,-6.250000000000,0.983783783784,0.967567567568,-17.614841923880,17.028947914863,0.855795195993,0.506507215998,0.000000000000,0.000000000000
R1A05_impulse_lb48_med24_x15,impulse_breakout,1c5a71752aadaa97e5dce72538244e10ed7019080f5378c5fe10327e027b992b,1,1,284,0.454225352113,0.680985915493,0.075204189664,21.357989864453,-2.136359261995,-606.726030406555,-0.920123804619,6.416373239437,-5.746302816902,4.225000000001,-3.775000000002,0.982394366197,0.975352112676,-10.140000886670,12.493201264106,1.028202899291,0.471429668002,0.000000000000,0.000000000000
R1A05_impulse_lb48_med24_x15,impulse_breakout,1c5a71752aadaa97e5dce72538244e10ed7019080f5378c5fe10327e027b992b,2,-1,185,0.513513513514,1.545135135135,0.921774933778,170.528362749011,-1.324945468935,-245.114911752948,0.207313432833,13.016486486486,-10.977297297297,9.200000000001,-8.400000000000,1.454054054054,1.448648648649,-21.604364310103,25.402702731319,1.184932369353,0.785561233118,0.000000000000,0.000000000000
R1A05_impulse_lb48_med24_x15,impulse_breakout,1c5a71752aadaa97e5dce72538244e10ed7019080f5378c5fe10327e027b992b,2,1,284,0.517605633803,0.972007042254,0.366225316424,104.007989864494,-1.845338135234,-524.076030406514,0.133953669963,8.384330985916,-7.860563380282,6.025000000000,-5.424999999998,1.461267605634,1.404929577465,-13.380788269810,16.113838560483,1.116006789457,0.579399683130,0.000000000000,0.000000000000
R1A05_impulse_lb48_med24_x15,impulse_breakout,1c5a71752aadaa97e5dce72538244e10ed7019080f5378c5fe10327e027b992b,3,-1,185,0.481081081081,0.788378378378,0.165018177022,30.528362749010,-2.081702225692,-385.114911752949,-0.982103825134,15.620810810811,-12.846756756757,11.900000000000,-10.249999999999,1.945945945946,1.886486486486,-26.002794808717,28.106690938628,1.024587157184,0.738056741374,0.000000000000,0.000000000000
R1A05_impulse_lb48_med24_x15,impulse_breakout,1c5a71752aadaa97e5dce72538244e10ed7019080f5378c5fe10327e027b992b,3,1,284,0.489436619718,0.416901408451,-0.188880317379,-53.642010135499,-2.400443769037,-681.726030406507,-0.456087884019,9.894366197183,-10.399647887324,7.574999999996,-6.774999999999,1.950704225352,1.830985915493,-20.962055994731,20.870584706489,0.959421801723,0.591109925376,0.000000000000,0.000000000000
R1A05_impulse_lb48_med24_x15,impulse_breakout,1c5a71752aadaa97e5dce72538244e10ed7019080f5378c5fe10327e027b992b,4,-1,185,0.394594594595,-0.641081081081,-1.264441282438,-233.921637251012,-3.511161685151,-649.564911752971,-3.600000000001,17.275945945946,-15.347297297297,13.299999999998,-12.500000000000,2.378378378378,2.416216216216,-32.432908345369,32.597979274610,0.851038955362,0.645640484450,0.000000000000,0.000000000000
R1A05_impulse_lb48_med24_x15,impulse_breakout,1c5a71752aadaa97e5dce72538244e10ed7019080f5378c5fe10327e027b992b,4,1,284,0.517605633803,1.141549295775,0.535767569946,152.157989864538,-1.675795881713,-475.926030406471,0.485371882173,11.275352112676,-12.019366197183,8.700000000000,-8.224999999999,2.348591549296,2.302816901408,-19.950608351157,24.218701744148,1.112859248952,0.715396453631,0.000000000000,0.000000000000
R1A05_impulse_lb48_med24_x15,impulse_breakout,1c5a71752aadaa97e5dce72538244e10ed7019080f5378c5fe10327e027b992b,6,-1,185,0.394594594595,-0.892702702703,-1.516062904059,-280.471637251002,-3.762783306773,-696.114911752962,-5.021752368064,20.402432432432,-18.004594594595,14.049999999997,-13.550000000004,3.048648648649,3.427027027027,-41.165702760085,42.644157293988,0.848930593482,0.671187892534,0.000000000000,0.000000000000
R1A05_impulse_lb48_med24_x15,impulse_breakout,1c5a71752aadaa97e5dce72538244e10ed7019080f5378c5fe10327e027b992b,6,1,284,0.531690140845,1.281161971831,0.675380246002,191.807989864527,-1.536183205657,-436.276030406482,0.869299323910,13.330457746479,-14.700880281690,9.825000000004,-9.200000000000,3.292253521127,3.158450704225,-24.641265458692,28.895109505984,1.114018811463,0.781684570102,0.000000000000,0.000000000000
R1A05_impulse_lb48_med24_x15,impulse_breakout,1c5a71752aadaa97e5dce72538244e10ed7019080f5378c5fe10327e027b992b,8,-1,185,0.389189189189,-1.031891891892,-1.655252093249,-306.221637251021,-3.901972495962,-721.864911752981,-4.903818034116,23.154324324324,-20.379189189189,14.350000000002,-14.849999999998,3.627027027027,4.508108108108,-45.574655750159,40.892733686704,0.854957495762,0.697268517704,0.000000000000,0.000000000000
R1A05_impulse_lb48_med24_x15,impulse_breakout,1c5a71752aadaa97e5dce72538244e10ed7019080f5378c5fe10327e027b992b,8,1,284,0.538732394366,1.241373239437,0.635591513607,180.507989864515,-1.575971938051,-447.576030406493,2.088091931548,14.612323943662,-16.161443661972,11.075000000000,-10.024999999999,4.242957746479,3.823943661972,-26.831215381362,29.319953252032,1.098130282466,0.791171474737,0.000000000000,0.000000000000
R1A05_impulse_lb48_med24_x15,impulse_breakout,1c5a71752aadaa97e5dce72538244e10ed7019080f5378c5fe10327e027b992b,12,-1,185,0.400000000000,-1.238648648649,-1.862008850005,-344.471637250995,-4.108729252719,-760.114911752955,-6.003818034119,26.575405405405,-22.972432432433,15.499999999997,-18.150000000000,4.908108108108,6.372972972973,-48.871490094861,54.968651410674,0.854282677200,0.709944528677,0.000000000000,0.000000000000
R1A05_impulse_lb48_med24_x15,impulse_breakout,1c5a71752aadaa97e5dce72538244e10ed7019080f5378c5fe10327e027b992b,12,1,284,0.538732394366,2.747183098592,2.141401372762,608.157989864487,-0.070162078896,-19.926030406521,1.276161342934,18.048767605634,-19.032394366197,13.825000000000,-11.974999999998,6.260563380282,5.348591549296,-28.514974148192,41.132975014937,1.302911072120,0.991394375799,0.000000000000,0.000000000000
R1A05_impulse_lb48_med24_x15,impulse_breakout,1c5a71752aadaa97e5dce72538244e10ed7019080f5378c5fe10327e027b992b,16,-1,185,0.448648648649,1.201891891892,0.578531690535,107.028362749015,-1.668188712178,-308.614911752945,-3.132409739716,30.628108108108,-25.116756756757,18.200000000004,-20.349999999999,6.859459459459,7.616216216216,-51.524158544222,60.096354129530,1.044345741700,0.883926653420,0.000000000000,0.000000000000
R1A05_impulse_lb48_med24_x15,impulse_breakout,1c5a71752aadaa97e5dce72538244e10ed7019080f5378c5fe10327e027b992b,16,1,284,0.556338028169,3.757570422535,3.151788696706,895.107989864505,0.940225245048,267.023969593497,2.456807671208,20.730633802817,-21.546830985915,15.750000000003,-13.849999999998,8.066901408451,7.010563380282,-30.471459072486,44.284680346265,1.401776140625,1.105989088478,0.000000000000,0.000000000000
R1A05_impulse_lb48_med24_x15,impulse_breakout,1c5a71752aadaa97e5dce72538244e10ed7019080f5378c5fe10327e027b992b,24,-1,185,0.432432432432,-1.252432432433,-1.875792633789,-347.021637250997,-4.122513036502,-762.664911752957,-6.279511947128,38.261351351351,-30.854324324324,26.249999999999,-24.750000000000,10.648648648649,12.459459459459,-62.826369007725,73.717149958575,0.896120130471,0.787257221181,0.000000000000,0.000000000000
R1A05_impulse_lb48_med24_x15,impulse_breakout,1c5a71752aadaa97e5dce72538244e10ed7019080f5378c5fe10327e027b992b,24,1,284,0.556338028169,5.304929577465,4.699147851636,1334.557989864508,2.487584399977,706.473969593500,3.513210427432,27.229577464789,-26.624295774648,19.124999999998,-16.550000000001,12.961267605634,10.383802816901,-35.782272133332,61.804165977676,1.456016892810,1.219571649571,0.000000000000,0.000000000000
R1A05_impulse_lb48_med24_x15,impulse_breakout,1c5a71752aadaa97e5dce72538244e10ed7019080f5378c5fe10327e027b992b,32,-1,184,0.429347826087,-0.073369565218,-0.697246578605,-128.293370463394,-2.945000605381,-541.880111390035,-13.979931682323,48.458967391304,-37.261956521739,28.325000000000,-29.374999999999,14.597826086957,16.826086956522,-74.684747846206,95.452882165604,0.969359134699,0.877710955575,0.000000000000,0.000000000000
R1A05_impulse_lb48_med24_x15,impulse_breakout,1c5a71752aadaa97e5dce72538244e10ed7019080f5378c5fe10327e027b992b,32,1,284,0.626760563380,11.650528169014,11.044746443185,3136.707989864471,8.833182991526,2508.623969593463,8.624251336898,36.541549295775,-30.476408450704,24.225000000000,-19.374999999999,18.605633802817,13.485915492958,-47.124534082298,80.483723745147,2.096582971151,1.808053387816,0.000000000000,0.000000000000
R1A05_impulse_lb48_med24_x15,impulse_breakout,1c5a71752aadaa97e5dce72538244e10ed7019080f5378c5fe10327e027b992b,48,-1,177,0.451977401130,1.332768361582,0.709024457059,125.497328899531,-1.538463351985,-272.308013301351,-6.413112817480,53.804802259887,-40.595762711865,32.599999999999,-29.749999999999,21.237288135593,22.988700564972,-96.123450285850,118.744296488677,1.029421394238,0.939307794409,0.000000000000,0.000000000000
R1A05_impulse_lb48_med24_x15,impulse_breakout,1c5a71752aadaa97e5dce72538244e10ed7019080f5378c5fe10327e027b992b,48,1,282,0.588652482270,9.964007092199,9.358106422389,2638.986011113798,7.146305082771,2015.258033341364,8.594130925508,44.701418439716,-40.968794326241,30.999999999999,-26.149999999998,26.602836879433,21.053191489362,-70.605531657275,94.048267415236,1.666041820804,1.476971830409,0.000000000000,0.000000000000
R1B01_legacy_asia_00_06_breakout,session_range_breakout,96d816867f533f662767993b0f291703751bb08ed7289abc76b46e6248c4cdf1,1,-1,41,0.439024390244,-1.586585365854,-2.182891638532,-89.498557179828,-4.375504183889,-179.395671539467,-3.106128747796,6.974390243902,-7.985365853658,4.599999999999,-6.150000000000,0.975609756098,0.975609756098,-23.419674185465,11.030639097742,0.553147632031,0.306005144679,0.000000000000,0.000000000000
R1B01_legacy_asia_00_06_breakout,session_range_breakout,96d816867f533f662767993b0f291703751bb08ed7289abc76b46e6248c4cdf1,1,1,69,0.507246376812,0.909420289855,0.349788255786,24.135389649204,-1.769475812353,-122.093831052378,0.590869565214,5.625362318841,-4.239130434783,3.400000000002,-3.300000000002,0.985507246377,0.956521739130,-10.296755244755,11.769250962510,1.155800089142,0.493318198098,0.000000000000,0.000000000000
R1B01_legacy_asia_00_06_breakout,session_range_breakout,96d816867f533f662767993b0f291703751bb08ed7289abc76b46e6248c4cdf1,2,-1,41,0.463414634146,-0.940243902439,-1.536550175117,-62.998557179812,-3.729162720474,-152.895671539452,-2.449999999999,11.752439024390,-10.774390243902,6.899999999999,-7.749999999999,1.439024390244,1.512195121951,-22.819674185465,26.949999999999,0.752342405247,0.506492185655,0.000000000000,0.000000000000
R1B01_legacy_asia_00_06_breakout,session_range_breakout,96d816867f533f662767993b0f291703751bb08ed7289abc76b46e6248c4cdf1,2,1,69,0.492753623188,1.373913043478,0.814281009409,56.185389649199,-1.304983058730,-90.043831052382,-0.850000000000,7.582608695652,-6.092753623188,4.999999999998,-4.400000000004,1.521739130435,1.391304347826,-12.233529249195,15.817234813188,1.269241049509,0.689378738035,0.000000000000,0.000000000000
R1B01_legacy_asia_00_06_breakout,session_range_breakout,96d816867f533f662767993b0f291703751bb08ed7289abc76b46e6248c4cdf1,3,-1,41,0.365853658537,-2.591463414634,-3.187769687313,-130.698557179820,-5.380382232670,-220.595671539459,-5.671868978804,13.836585365853,-12.885365853659,8.699999999999,-9.299999999999,1.853658536585,2.000000000000,-38.153774104682,26.284974093263,0.612024468356,0.443752682653,0.000000000000,0.000000000000
R1B01_legacy_asia_00_06_breakout,session_range_breakout,96d816867f533f662767993b0f291703751bb08ed7289abc76b46e6248c4cdf1,3,1,69,0.550724637681,1.668115942029,1.108483907960,76.485389649208,-1.010780160179,-69.743831052373,0.745588235292,8.950724637681,-7.078260869565,6.199999999995,-5.349999999999,2.043478260870,1.811594202899,-15.846993224187,21.019724099896,1.316361323753,0.779797055649,0.000000000000,0.000000000000
R1B01_legacy_asia_00_06_breakout,session_range_breakout,96d816867f533f662767993b0f291703751bb08ed7289abc76b46e6248c4cdf1,4,-1,41,0.292682926829,-3.228048780488,-3.824355053166,-156.798557179825,-6.016967598524,-246.695671539465,-5.750000000001,15.398780487805,-14.889024390244,10.949999999997,-10.849999999999,2.146341463415,2.707317073171,-37.644856865598,32.249999999999,0.575519332504,0.430747153359,0.000000000000,0.000000000000
R1B01_legacy_asia_00_06_breakout,session_range_breakout,96d816867f533f662767993b0f291703751bb08ed7289abc76b46e6248c4cdf1,4,1,69,0.492753623188,1.188405797101,0.628773763032,43.385389649209,-1.490490305107,-102.843831052372,-0.248225469727,9.838405797102,-10.872463768116,6.500000000000,-6.149999999997,2.492753623188,2.347826086957,-19.272664082240,17.996841475742,1.136107345643,0.739235793637,0.000000000000,0.000000000000
R1B01_legacy_asia_00_06_breakout,session_range_breakout,96d816867f533f662767993b0f291703751bb08ed7289abc76b46e6248c4cdf1,6,-1,41,0.365853658537,-3.141463414634,-3.737769687313,-153.248557179815,-5.930382232670,-243.145671539455,-6.500000000000,16.940243902439,-17.825609756097,10.949999999997,-14.400000000001,2.731707317073,4.000000000000,-46.307114044740,35.234974093265,0.633803020226,0.489692278999,0.000000000000,0.000000000000
R1B01_legacy_asia_00_06_breakout,session_range_breakout,96d816867f533f662767993b0f291703751bb08ed7289abc76b46e6248c4cdf1,6,1,69,0.521739130435,2.734782608696,2.175150574626,150.085389649224,0.055886506488,3.856168947643,1.250000000001,11.795652173913,-11.863043478261,8.500000000001,-7.399999999998,3.434782608696,2.898550724638,-13.451849710980,25.514323352630,1.574633658835,1.011582207480,0.000000000000,0.000000000000
R1B01_legacy_asia_00_06_breakout,session_range_breakout,96d816867f533f662767993b0f291703751bb08ed7289abc76b46e6248c4cdf1,8,-1,41,0.341463414634,-3.612195121951,-4.208501394630,-172.548557179822,-6.401113939987,-262.445671539462,-4.090332640331,18.390243902439,-19.954878048780,11.150000000001,-14.400000000001,3.341463414634,4.975609756098,-41.046259469699,37.345616348057,0.609871505694,0.477792431948,0.000000000000,0.000000000000
R1B01_legacy_asia_00_06_breakout,session_range_breakout,96d816867f533f662767993b0f291703751bb08ed7289abc76b46e6248c4cdf1,8,1,69,0.550724637681,2.569565217392,2.009933183322,138.685389649226,-0.109330884817,-7.543831052355,1.179967426712,13.294927536232,-12.498550724638,9.600000000000,-7.849999999999,4.362318840580,3.637681159420,-21.752307692308,24.382376234508,1.449721190333,0.980119070121,0.000000000000,0.000000000000
R1B01_legacy_asia_00_06_breakout,session_range_breakout,96d816867f533f662767993b0f291703751bb08ed7289abc76b46e6248c4cdf1,12,-1,41,0.439024390244,-4.854878048780,-5.451184321459,-223.498557179819,-7.643796866816,-313.395671539459,-5.140332640332,20.319512195122,-22.597560975610,12.599999999998,-15.249999999997,4.878048780488,6.414634146341,-54.707114044740,25.895616348058,0.578205775086,0.460014030467,0.000000000000,0.000000000000
R1B01_legacy_asia_00_06_breakout,session_range_breakout,96d816867f533f662767993b0f291703751bb08ed7289abc76b46e6248c4cdf1,12,1,69,0.492753623188,1.302898550724,0.743266516655,51.285389649198,-1.375997551484,-94.943831052383,-0.049999999999,15.154347826087,-15.352173913044,9.899999999999,-9.850000000000,5.594202898551,5.985507246377,-25.787240335768,31.504320905726,1.126920514722,0.802433904549,0.000000000000,0.000000000000
R1B01_legacy_asia_00_06_breakout,session_range_breakout,96d816867f533f662767993b0f291703751bb08ed7289abc76b46e6248c4cdf1,16,-1,41,0.439024390244,-3.693902439024,-4.290208711703,-175.898557179814,-6.482821257060,-265.795671539453,-7.850000000000,23.079268292683,-23.174390243903,12.649999999999,-15.850000000003,6.390243902439,7.658536585366,-55.653774104680,50.534974093261,0.691164358507,0.574284400328,0.000000000000,0.000000000000
R1B01_legacy_asia_00_06_breakout,session_range_breakout,96d816867f533f662767993b0f291703751bb08ed7289abc76b46e6248c4cdf1,16,1,69,0.536231884058,3.364492753623,2.804860719554,193.535389649214,0.685596651415,47.306168947633,0.600000000002,18.341304347826,-17.437681159421,13.399999999996,-11.449999999999,8.144927536232,7.318840579710,-24.650000000001,36.155675920090,1.422653916831,1.088827864493,0.000000000000,0.000000000000
R1B01_legacy_asia_00_06_breakout,session_range_breakout,96d816867f533f662767993b0f291703751bb08ed7289abc76b46e6248c4cdf1,24,-1,41,0.341463414634,-6.384146341463,-6.980452614142,-286.198557179818,-9.173065159499,-376.095671539457,-11.649999999998,31.686585365854,-31.698780487805,15.499999999997,-22.200000000001,9.926829268293,14.268292682927,-74.257114044741,71.966166936792,0.644700755706,0.565077770756,0.000000000000,0.000000000000
R1B01_legacy_asia_00_06_breakout,session_range_breakout,96d816867f533f662767993b0f291703751bb08ed7289abc76b46e6248c4cdf1,24,1,69,0.579710144928,2.301449275362,1.741817241293,120.185389649200,-0.377446826846,-26.043831052381,3.230225428315,25.515942028986,-27.581884057971,22.499999999999,-18.549999999999,14.594202898551,12.898550724638,-58.177512940376,60.178730565026,1.144349776851,0.970929821674,0.000000000000,0.000000000000
R1B01_legacy_asia_00_06_breakout,session_range_breakout,96d816867f533f662767993b0f291703751bb08ed7289abc76b46e6248c4cdf1,32,-1,41,0.341463414634,-9.291463414634,-9.887769687313,-405.398557179824,-12.080382232670,-495.295671539464,-10.100000000000,37.253658536585,-40.257317073171,20.999999999998,-35.499999999999,14.146341463415,19.365853658537,-87.619674185464,90.516166936791,0.609342994153,0.548461085668,0.000000000000,0.000000000000
R1B01_legacy_asia_00_06_breakout,session_range_breakout,96d816867f533f662767993b0f291703751bb08ed7289abc76b46e6248c4cdf1,32,1,69,0.666666666667,12.886956521739,12.327324487670,850.585389649218,10.208060419531,704.356168947636,10.424661705006,36.539855072464,-32.332608695652,27.599999999998,-21.500000000000,21.347826086957,16.826086956522,-61.387377622378,79.949681024405,2.129699271279,1.877820050794,0.000000000000,0.000000000000
R1B01_legacy_asia_00_06_breakout,session_range_breakout,96d816867f533f662767993b0f291703751bb08ed7289abc76b46e6248c4cdf1,48,-1,40,0.400000000000,-12.267500000000,-12.864513027692,-514.580521107685,-15.058539083076,-602.341563323036,-10.915570466810,41.793750000000,-46.202500000000,26.250000000000,-36.624999999999,17.550000000000,25.150000000000,-124.484448732780,94.215506206002,0.561325731698,0.510197070411,0.000000000000,0.000000000000
R1B01_legacy_asia_00_06_breakout,session_range_breakout,96d816867f533f662767993b0f291703751bb08ed7289abc76b46e6248c4cdf1,48,1,68,0.661764705882,16.283088235294,15.724637564122,1069.275354360292,13.607736221777,925.326063080854,12.484028671819,41.144117647059,-36.763235294117,30.099999999999,-25.574999999999,26.294117647059,21.191176470588,-63.069325842696,113.233164029266,2.460788328908,2.185647844948,0.000000000000,0.000000000000
R1B02_legacy_asia_00_07_breakout,session_range_breakout,b9abb7ac1a44d270dbee702758652a023dff24407d4764f7ac03547bb7aa7990,1,-1,33,0.515151515152,-0.037878787879,-0.630149740457,-20.794941435071,-2.814691645613,-92.884824305214,0.130433757664,8.037878787879,-7.036363636363,5.449999999999,-5.300000000000,0.969696969697,0.969696969697,-13.155930933979,13.515617455647,0.841586646362,0.463700490191,0.000000000000,0.000000000000
R1B02_legacy_asia_00_07_breakout,session_range_breakout,b9abb7ac1a44d270dbee702758652a023dff24407d4764f7ac03547bb7aa7990,1,1,66,0.469696969697,0.751515151515,0.192698137176,12.718077053620,-1.924935891502,-127.045768839109,-0.241316598362,5.543181818182,-4.696212121212,3.199999999998,-3.975000000000,0.984848484848,0.969696969697,-8.718834573748,13.097173788216,1.086196257396,0.465841502795,0.000000000000,0.000000000000
R1B02_legacy_asia_00_07_breakout,session_range_breakout,b9abb7ac1a44d270dbee702758652a023dff24407d4764f7ac03547bb7aa7990,2,-1,33,0.515151515152,1.098484848485,0.506213895907,16.705058564935,-1.678328009249,-55.384824305209,0.216166936792,13.613636363636,-9.280303030303,8.699999999999,-7.749999999999,1.484848484848,1.424242424242,-16.846481738792,28.811231172233,1.101077253248,0.730786194421,0.000000000000,0.000000000000
R1B02_legacy_asia_00_07_breakout,session_range_breakout,b9abb7ac1a44d270dbee702758652a023dff24407d4764f7ac03547bb7aa7990,2,1,66,0.515151515152,1.375757575758,0.816940561419,53.918077053632,-1.300693467259,-85.845768839097,0.694621342515,7.679545454546,-6.740151515152,4.999999999998,-4.600000000001,1.560606060606,1.393939393939,-12.746719253801,14.954252920824,1.280161701093,0.678810116900,0.000000000000,0.000000000000
R1B02_legacy_asia_00_07_breakout,session_range_breakout,b9abb7ac1a44d270dbee702758652a023dff24407d4764f7ac03547bb7aa7990,3,-1,33,0.454545454545,0.575757575757,-0.016513376820,-0.544941435075,-2.201055281976,-72.634824305219,-0.464579349907,16.015151515151,-11.013636363636,10.949999999997,-8.500000000001,1.939393939394,1.848484848485,-19.445897038734,29.890984455957,0.997363861540,0.707845149002,0.000000000000,0.000000000000
R1B02_legacy_asia_00_07_breakout,session_range_breakout,b9abb7ac1a44d270dbee702758652a023dff24407d4764f7ac03547bb7aa7990,3,1,66,0.530303030303,1.131818181818,0.573001167479,37.818077053634,-1.544632861198,-101.945768839094,0.466526019691,9.037121212121,-7.774242424242,6.149999999997,-5.474999999998,2.060606060606,1.848484848485,-15.822728379791,14.768947187927,1.158252836673,0.678316262449,0.000000000000,0.000000000000
R1B02_legacy_asia_00_07_breakout,session_range_breakout,b9abb7ac1a44d270dbee702758652a023dff24407d4764f7ac03547bb7aa7990,4,-1,33,0.363636363636,0.651515151515,0.059244198937,1.955058564929,-2.125297706219,-70.134824305215,-3.219566242340,17.956060606061,-12.366666666667,12.449999999998,-9.299999999999,2.303030303030,2.454545454545,-17.336509851473,32.423989637304,1.009281712507,0.726896367146,0.000000000000,0.000000000000
R1B02_legacy_asia_00_07_breakout,session_range_breakout,b9abb7ac1a44d270dbee702758652a023dff24407d4764f7ac03547bb7aa7990,4,1,66,0.500000000000,0.712121212121,0.153304197782,10.118077053627,-1.964329830895,-129.645768839101,-0.024112734863,9.730303030303,-11.527272727273,6.950000000001,-7.050000000001,2.454545454545,2.318181818182,-22.662019436097,17.521665688279,1.032141867544,0.666798119098,0.000000000000,0.000000000000
R1B02_legacy_asia_00_07_breakout,session_range_breakout,b9abb7ac1a44d270dbee702758652a023dff24407d4764f7ac03547bb7aa7990,6,-1,33,0.393939393939,-1.834848484848,-2.427119437426,-80.094941435070,-4.611661342582,-152.184824305213,-4.518036072145,19.757575757576,-16.281818181818,12.449999999998,-13.200000000001,2.878787878788,3.878787878788,-46.502772214723,35.418218452962,0.756568573996,0.592743157019,0.000000000000,0.000000000000
R1B02_legacy_asia_00_07_breakout,session_range_breakout,b9abb7ac1a44d270dbee702758652a023dff24407d4764f7ac03547bb7aa7990,6,1,66,0.469696969697,1.759090909091,1.200273894752,79.218077053656,-0.917360133925,-60.545768839073,-0.378100408479,11.406818181818,-12.584090909091,7.575000000000,-8.125000000001,3.196969696970,3.000000000000,-13.677312138726,25.832605670181,1.297417667069,0.823348820150,0.000000000000,0.000000000000
R1B02_legacy_asia_00_07_breakout,session_range_breakout,b9abb7ac1a44d270dbee702758652a023dff24407d4764f7ac03547bb7aa7990,8,-1,33,0.424242424242,-1.275757575758,-1.868028528336,-61.644941435082,-4.052570433492,-133.734824305226,-3.157727272729,20.869696969697,-18.771212121212,14.450000000002,-13.200000000001,3.666666666667,4.969696969697,-44.929968993769,37.687369808833,0.804079981809,0.625644763149,0.000000000000,0.000000000000
R1B02_legacy_asia_00_07_breakout,session_range_breakout,b9abb7ac1a44d270dbee702758652a023dff24407d4764f7ac03547bb7aa7990,8,1,66,0.500000000000,1.803030303030,1.244213288692,82.118077053644,-0.873420739986,-57.645768839084,-0.356417531368,12.921212121212,-13.388636363637,9.475000000000,-8.850000000001,4.166666666667,3.954545454545,-20.818493164139,24.192591550890,1.255355104991,0.853413081149,0.000000000000,0.000000000000
R1B02_legacy_asia_00_07_breakout,session_range_breakout,b9abb7ac1a44d270dbee702758652a023dff24407d4764f7ac03547bb7aa7990,12,-1,33,0.545454545455,-0.509090909091,-1.101361861669,-36.344941435072,-3.285903766825,-108.434824305216,2.680433757660,24.130303030303,-21.145454545455,15.350000000001,-14.400000000001,5.272727272727,6.333333333333,-51.430601299715,44.868602418053,0.902254595566,0.732026931253,0.000000000000,0.000000000000
R1B02_legacy_asia_00_07_breakout,session_range_breakout,b9abb7ac1a44d270dbee702758652a023dff24407d4764f7ac03547bb7aa7990,12,1,66,0.439393939394,1.298484848485,0.739667834146,48.818077053627,-1.377966194532,-90.945768839101,-0.409620810129,14.718181818182,-17.168939393939,10.199999999999,-11.050000000000,5.363636363636,6.303030303030,-25.275000000000,30.225485155446,1.135402291188,0.793195009287,0.000000000000,0.000000000000
R1B02_legacy_asia_00_07_breakout,session_range_breakout,b9abb7ac1a44d270dbee702758652a023dff24407d4764f7ac03547bb7aa7990,16,-1,33,0.545454545455,1.748484848485,1.156213895907,38.155058564928,-1.028328009249,-33.934824305216,0.930433757662,28.372727272727,-21.927272727273,15.499999999997,-14.599999999996,7.303030303030,7.242424242424,-40.371494571232,54.882760086412,1.097431050837,0.920846387041,0.000000000000,0.000000000000
R1B02_legacy_asia_00_07_breakout,session_range_breakout,b9abb7ac1a44d270dbee702758652a023dff24407d4764f7ac03547bb7aa7990,16,1,66,0.500000000000,3.910606060606,3.351789046267,221.218077053632,1.234155017589,81.454231160903,0.041397153947,18.223484848485,-18.513636363637,12.875000000003,-12.800000000001,7.848484848485,7.151515151515,-23.398962655603,41.460823623065,1.558064471854,1.173435373975,0.000000000000,0.000000000000
R1B02_legacy_asia_00_07_breakout,session_range_breakout,b9abb7ac1a44d270dbee702758652a023dff24407d4764f7ac03547bb7aa7990,24,-1,33,0.393939393939,2.374242424243,1.781971471665,58.805058564931,-0.402570433491,-13.284824305212,-11.496922069415,37.174242424242,-27.228787878788,19.700000000003,-20.650000000001,10.424242424242,13.272727272727,-41.887852709311,77.494278899744,1.125190230115,0.974122666457,0.000000000000,0.000000000000
R1B02_legacy_asia_00_07_breakout,session_range_breakout,b9abb7ac1a44d270dbee702758652a023dff24407d4764f7ac03547bb7aa7990,24,1,66,0.484848484848,3.402272727273,2.843455712934,187.668077053632,0.725821684256,47.904231160904,-0.590656008819,24.864393939394,-27.606818181818,18.750000000001,-19.150000000000,13.924242424242,12.954545454545,-50.476696028938,60.970904384051,1.270760383314,1.062489626640,0.000000000000,0.000000000000
R1B02_legacy_asia_00_07_breakout,session_range_breakout,b9abb7ac1a44d270dbee702758652a023dff24407d4764f7ac03547bb7aa7990,32,-1,33,0.363636363636,1.350000000000,0.757729047422,25.005058564918,-1.426812857734,-47.084824305226,-9.346922069418,43.537878787879,-33.083333333334,28.050000000002,-35.100000000000,14.848484848485,17.363636363636,-55.957045202092,104.907946701298,1.042920386859,0.925068899423,0.000000000000,0.000000000000
R1B02_legacy_asia_00_07_breakout,session_range_breakout,b9abb7ac1a44d270dbee702758652a023dff24407d4764f7ac03547bb7aa7990,32,1,66,0.666666666667,16.215151515151,15.656334500813,1033.318077053633,13.538700472135,893.554231160904,9.482138108826,35.009848484848,-29.859090909091,25.524999999999,-21.425000000001,21.075757575758,15.727272727273,-36.862499999998,80.270106656850,2.940157408853,2.543578378897,0.000000000000,0.000000000000
R1B02_legacy_asia_00_07_breakout,session_range_breakout,b9abb7ac1a44d270dbee702758652a023dff24407d4764f7ac03547bb7aa7990,48,-1,32,0.437500000000,-4.317187500000,-4.910215792592,-157.126905362941,-7.096272377775,-227.080716088795,-10.194132089969,46.248437500000,-38.265625000000,28.275000000001,-34.999999999999,17.750000000000,22.937500000000,-77.849099184519,103.659763107920,0.783478513056,0.704675159294,0.000000000000,0.000000000000
R1B02_legacy_asia_00_07_breakout,session_range_breakout,b9abb7ac1a44d270dbee702758652a023dff24407d4764f7ac03547bb7aa7990,48,1,65,0.661538461538,17.777692307692,17.220123719457,1119.308041764713,15.104986542987,981.824125294128,11.750000000003,39.176923076923,-33.860000000000,26.600000000002,-25.149999999999,25.584615384615,19.169230769231,-46.639040767386,113.890941657276,2.887718217968,2.536956121191,0.000000000000,0.000000000000
R1B03_legacy_prior_day_breakout,session_range_breakout,629259b0868387914f65e82102137e324dc606d76e149c70d1bb7b3614c15a14,1,-1,29,0.551724137931,-0.241379310345,-0.841744410728,-24.410587911114,-3.042474611494,-88.231763733321,1.082733333331,9.350000000000,-9.831034482759,6.550000000001,-8.349999999999,1.000000000000,1.000000000000,-20.924048500369,22.800605949276,0.845518166298,0.536245259754,0.000000000000,0.000000000000
R1B03_legacy_prior_day_breakout,session_range_breakout,629259b0868387914f65e82102137e324dc606d76e149c70d1bb7b3614c15a14,1,1,65,0.430769230769,-0.047692307692,-0.622600404625,-40.469026300635,-2.772416598491,-180.207078901887,-1.512834224600,6.506923076923,-7.684615384615,4.150000000001,-3.949999999998,0.969230769231,0.969230769231,-15.039798138060,17.533986569281,0.834603741035,0.460373928947,0.000000000000,0.000000000000
R1B03_legacy_prior_day_breakout,session_range_breakout,629259b0868387914f65e82102137e324dc606d76e149c70d1bb7b3614c15a14,2,-1,29,0.448275862069,-1.825862068966,-2.426227169348,-70.360587911105,-4.626957370114,-134.181763733312,-1.468165168163,12.751724137931,-14.439655172414,8.950000000002,-13.499999999999,1.379310344828,1.551724137931,-33.449539719378,26.192247968182,0.697362961917,0.504455366849,0.000000000000,0.000000000000
R1B03_legacy_prior_day_breakout,session_range_breakout,629259b0868387914f65e82102137e324dc606d76e149c70d1bb7b3614c15a14,2,1,65,0.430769230769,-0.629230769231,-1.204138866164,-78.269026300634,-3.353955060029,-218.007078901886,-1.850000000002,8.237692307692,-10.505384615384,4.700000000000,-6.000000000000,1.384615384615,1.507692307692,-20.564912082943,17.023470451762,0.768834394152,0.482935938353,0.000000000000,0.000000000000
R1B03_legacy_prior_day_breakout,session_range_breakout,629259b0868387914f65e82102137e324dc606d76e149c70d1bb7b3614c15a14,3,-1,29,0.448275862069,0.325862068966,-0.274503031417,-7.960587911097,-2.475233232183,-71.781763733304,-1.049999999998,15.124137931034,-15.943103448276,10.949999999997,-13.499999999999,1.758620689655,1.965517241379,-34.273514983859,34.411808927172,0.969049177160,0.754679080217,0.000000000000,0.000000000000
R1B03_legacy_prior_day_breakout,session_range_breakout,629259b0868387914f65e82102137e324dc606d76e149c70d1bb7b3614c15a14,3,1,65,0.476923076923,-0.516153846154,-1.091061943087,-70.919026300626,-3.240878136952,-210.657078901878,-0.150000000005,9.343846153846,-11.666153846153,5.349999999999,-7.800000000000,1.769230769231,1.892307692308,-20.815508028204,19.795812054092,0.793006387429,0.499957967556,0.000000000000,0.000000000000
R1B03_legacy_prior_day_breakout,session_range_breakout,629259b0868387914f65e82102137e324dc606d76e149c70d1bb7b3614c15a14,4,-1,29,0.517241379310,2.693103448276,2.092738347893,60.689412088889,-0.107991852873,-3.131763733318,0.967083541769,17.286206896552,-17.168965517242,12.649999999999,-13.499999999999,2.620689655172,2.241379310345,-27.925308704648,43.188098963687,1.274938753780,0.987646580041,0.000000000000,0.000000000000
R1B03_legacy_prior_day_breakout,session_range_breakout,629259b0868387914f65e82102137e324dc606d76e149c70d1bb7b3614c15a14,4,1,65,0.507692307692,-0.613076923077,-1.187985020010,-77.219026300644,-3.337801213875,-216.957078901897,0.583089770355,10.742307692308,-16.640769230769,6.900000000002,-10.350000000000,2.276923076923,2.307692307692,-27.807777691634,20.540138648182,0.825805185142,0.579065913813,0.000000000000,0.000000000000
R1B03_legacy_prior_day_breakout,session_range_breakout,629259b0868387914f65e82102137e324dc606d76e149c70d1bb7b3614c15a14,6,-1,29,0.413793103448,2.081034482758,1.480669382375,42.939412088888,-0.720060818390,-20.881763733319,-1.600000000000,20.884482758620,-19.872413793104,13.749999999999,-15.249999999997,3.517241379310,3.310344827586,-38.024268426844,46.641045795359,1.150330318156,0.935461618066,0.000000000000,0.000000000000
R1B03_legacy_prior_day_breakout,session_range_breakout,629259b0868387914f65e82102137e324dc606d76e149c70d1bb7b3614c15a14,6,1,65,0.553846153846,3.353076923077,2.778168826144,180.580973699362,0.628352632279,40.842921098109,2.379967426712,13.919230769231,-17.351538461538,8.799999999997,-10.399999999998,3.584615384615,2.753846153846,-30.008390954218,29.869000620230,1.476082497643,1.091772080330,0.000000000000,0.000000000000
R1B03_legacy_prior_day_breakout,session_range_breakout,629259b0868387914f65e82102137e324dc606d76e149c70d1bb7b3614c15a14,8,-1,29,0.448275862069,-0.420689655173,-1.021054755556,-29.610587911119,-3.221784956322,-93.431763733326,-3.000000000001,22.193103448276,-21.489655172414,13.849999999999,-15.249999999997,4.206896551724,3.827586206897,-39.843348082511,49.706470865187,0.916187049230,0.759618463386,0.000000000000,0.000000000000
R1B03_legacy_prior_day_breakout,session_range_breakout,629259b0868387914f65e82102137e324dc606d76e149c70d1bb7b3614c15a14,8,1,65,0.507692307692,0.106923076923,-0.467985020010,-30.419026300637,-2.617801213875,-170.157078901889,0.565863066538,15.358461538462,-19.920000000000,11.100000000002,-12.299999999999,4.538461538462,3.769230769231,-39.948079379739,31.075931333311,0.944141643935,0.725428351302,0.000000000000,0.000000000000
R1B03_legacy_prior_day_breakout,session_range_breakout,629259b0868387914f65e82102137e324dc606d76e149c70d1bb7b3614c15a14,12,-1,29,0.379310344828,-4.967241379310,-5.567606479693,-161.460587911105,-7.768336680459,-225.281763733312,-7.499999999996,23.663793103448,-24.775862068966,13.849999999999,-15.699999999998,4.724137931034,6.413793103448,-52.522772214724,56.278218452960,0.664289539625,0.568100652923,0.000000000000,0.000000000000
R1B03_legacy_prior_day_breakout,session_range_breakout,629259b0868387914f65e82102137e324dc606d76e149c70d1bb7b3614c15a14,12,1,65,0.507692307692,1.847692307692,1.272784210759,82.730973699362,-0.877031983106,-57.007078901890,1.200000000000,18.314615384615,-22.344615384615,13.399999999996,-13.749999999999,6.061538461538,4.923076923077,-39.566791877136,34.926197326621,1.136795593428,0.915461679941,0.000000000000,0.000000000000
R1B03_legacy_prior_day_breakout,session_range_breakout,629259b0868387914f65e82102137e324dc606d76e149c70d1bb7b3614c15a14,16,-1,29,0.344827586207,-6.591379310345,-7.191744410728,-208.560587911108,-9.392474611494,-272.381763733315,-9.129511947126,24.817241379310,-27.412068965518,13.849999999999,-19.000000000000,5.379310344828,8.379310344828,-55.147856863499,50.539840632808,0.586836524814,0.504236297356,0.000000000000,0.000000000000
R1B03_legacy_prior_day_breakout,session_range_breakout,629259b0868387914f65e82102137e324dc606d76e149c70d1bb7b3614c15a14,16,1,65,0.538461538462,1.707692307692,1.132784210760,73.630973699375,-1.017031983106,-66.107078901877,1.284161490683,20.173846153846,-24.490769230769,16.049999999998,-17.300000000000,7.553846153846,6.907692307692,-46.377075959274,43.778732051776,1.108387942884,0.911566194974,0.000000000000,0.000000000000
R1B03_legacy_prior_day_breakout,session_range_breakout,629259b0868387914f65e82102137e324dc606d76e149c70d1bb7b3614c15a14,24,-1,29,0.310344827586,-17.310344827586,-17.910709927969,-519.410587911107,-20.111440128735,-583.231763733314,-17.113536444275,30.286206896551,-37.268965517242,16.950000000000,-25.899999999999,8.517241379310,14.482758620690,-80.015110080707,48.797315894523,0.346673126891,0.305239932315,0.000000000000,0.000000000000
R1B03_legacy_prior_day_breakout,session_range_breakout,629259b0868387914f65e82102137e324dc606d76e149c70d1bb7b3614c15a14,24,1,65,0.507692307692,2.084615384615,1.509707287683,98.130973699367,-0.640108906183,-41.607078901885,1.349999999996,25.660000000000,-29.155384615384,22.850000000000,-23.350000000002,12.584615384615,10.415384615385,-50.443364953851,53.316399719269,1.131105829546,0.949195153251,0.000000000000,0.000000000000
R1B03_legacy_prior_day_breakout,session_range_breakout,629259b0868387914f65e82102137e324dc606d76e149c70d1bb7b3614c15a14,32,-1,29,0.344827586207,-15.786206896552,-16.386571996935,-475.210587911107,-18.587302197700,-539.031763733314,-15.968165168164,34.381034482758,-43.168965517242,18.150000000000,-34.600000000000,13.206896551724,19.172413793103,-95.505110080704,58.957817872666,0.425275633835,0.383077619047,0.000000000000,0.000000000000
R1B03_legacy_prior_day_breakout,session_range_breakout,629259b0868387914f65e82102137e324dc606d76e149c70d1bb7b3614c15a14,32,1,65,0.584615384615,9.462307692307,8.887399595375,577.680973699359,6.737583401509,437.942921098107,6.008812351545,33.640000000000,-34.516923076923,26.499999999999,-29.450000000000,18.553846153846,13.692307692308,-61.793772377220,78.274382795698,1.808570709048,1.566203202784,0.000000000000,0.000000000000
R1B03_legacy_prior_day_breakout,session_range_breakout,629259b0868387914f65e82102137e324dc606d76e149c70d1bb7b3614c15a14,48,-1,28,0.285714285714,-23.783928571429,-24.380935993985,-682.666207831572,-26.574950839096,-744.098623494692,-18.644321425116,34.403571428571,-51.978571428572,18.374999999999,-35.825000000001,16.428571428571,29.821428571429,-134.452544269973,72.588273169365,0.328287702398,0.298773834476,0.000000000000,0.000000000000
R1B03_legacy_prior_day_breakout,session_range_breakout,629259b0868387914f65e82102137e324dc606d76e149c70d1bb7b3614c15a14,48,1,65,0.584615384615,13.212307692308,12.637399595375,821.430973699373,10.487583401510,681.692921098121,3.484873949579,40.764615384615,-37.893846153846,28.500000000003,-32.400000000001,24.738461538462,17.584615384615,-60.349855743939,104.383067915690,2.006808134722,1.777724723607,0.000000000000,0.000000000000
R1B04_london_open_07_09_breakout,session_range_breakout,03810bab04f6e72ce3ed1ec56b594b7646418719603dfa3f7caf8d948d38cb63,1,-1,67,0.388059701493,-0.668656716418,-1.267284181856,-84.908040184332,-3.464539112731,-232.124120552973,-1.194461925740,7.687313432836,-7.220149253731,3.250000000000,-4.350000000002,0.970149253731,1.000000000000,-12.984015885150,16.642399228881,0.739384610084,0.455843593428,0.000000000000,0.000000000000
R1B04_london_open_07_09_breakout,session_range_breakout,03810bab04f6e72ce3ed1ec56b594b7646418719603dfa3f7caf8d948d38cb63,1,1,73,0.410958904110,-0.284931506849,-0.857031023145,-62.563264689585,-3.001230055736,-219.089794068755,-1.061316211879,5.126712328767,-6.304109589041,3.449999999998,-3.199999999998,1.000000000000,0.958904109589,-10.442188890112,8.648722070099,0.678723123901,0.272967729714,0.000000000000,0.000000000000
R1B04_london_open_07_09_breakout,session_range_breakout,03810bab04f6e72ce3ed1ec56b594b7646418719603dfa3f7caf8d948d38cb63,2,-1,67,0.447761194030,0.721641791045,0.123014325607,8.241959815682,-2.074240605268,-138.974120552959,-0.674203730273,10.460447761194,-9.358955223880,4.850000000002,-5.849999999998,1.447761194030,1.537313432836,-19.821311539275,19.923555186760,1.024156606695,0.678815010503,0.000000000000,0.000000000000
R1B04_london_open_07_09_breakout,session_range_breakout,03810bab04f6e72ce3ed1ec56b594b7646418719603dfa3f7caf8d948d38cb63,2,1,73,0.438356164384,-0.023972602740,-0.596072119035,-43.513264689589,-2.740271151627,-200.039794068759,-1.049999999998,8.408904109589,-9.195205479452,4.999999999998,-4.250000000002,1.506849315068,1.438356164384,-18.977199792801,16.158738328762,0.860315302509,0.506115617949,0.000000000000,0.000000000000
R1B04_london_open_07_09_breakout,session_range_breakout,03810bab04f6e72ce3ed1ec56b594b7646418719603dfa3f7caf8d948d38cb63,3,-1,67,0.373134328358,1.871641791045,1.273014325607,85.291959815690,-0.924240605268,-61.924120552950,-1.924203730271,14.505223880597,-10.814179104477,7.149999999999,-8.000000000001,1.910447761194,2.029850746269,-18.028881611608,33.821780993210,1.208825028777,0.877376913695,0.000000000000,0.000000000000
R1B04_london_open_07_09_breakout,session_range_breakout,03810bab04f6e72ce3ed1ec56b594b7646418719603dfa3f7caf8d948d38cb63,3,1,73,0.506849315068,0.041095890411,-0.531003625885,-38.763264689585,-2.675202658476,-195.289794068755,0.003951650396,9.568493150685,-11.278767123288,5.850000000004,-6.350000000000,1.931506849315,1.972602739726,-17.530808488461,15.821580485709,0.874507790979,0.510341158184,0.000000000000,0.000000000000
R1B04_london_open_07_09_breakout,session_range_breakout,03810bab04f6e72ce3ed1ec56b594b7646418719603dfa3f7caf8d948d38cb63,4,-1,67,0.432835820896,2.176119402985,1.577491937548,105.691959815691,-0.619762993328,-41.524120552949,-1.950000000000,16.101492537313,-11.673134328358,8.049999999997,-9.249999999997,2.298507462687,2.507462686567,-17.282193056151,33.974934837949,1.250304455663,0.918466960776,0.000000000000,0.000000000000
R1B04_london_open_07_09_breakout,session_range_breakout,03810bab04f6e72ce3ed1ec56b594b7646418719603dfa3f7caf8d948d38cb63,4,1,73,0.493150684932,0.817808219178,0.245708702882,17.936735310393,-1.898490329709,-138.589794068777,-0.150000000000,10.810273972603,-12.473972602740,7.549999999998,-7.700000000000,2.479452054795,2.328767123288,-16.968682221861,21.272640277401,1.053536637894,0.668752521710,0.000000000000,0.000000000000
R1B04_london_open_07_09_breakout,session_range_breakout,03810bab04f6e72ce3ed1ec56b594b7646418719603dfa3f7caf8d948d38cb63,6,-1,67,0.343283582090,-0.361940298507,-0.960567763945,-64.358040184307,-3.157822694820,-211.574120552947,-5.021752368064,18.393283582089,-14.611194029851,9.150000000000,-11.149999999998,3.074626865672,3.567164179104,-23.655212188503,34.921925905538,0.892525998843,0.696963945561,0.000000000000,0.000000000000
R1B04_london_open_07_09_breakout,session_range_breakout,03810bab04f6e72ce3ed1ec56b594b7646418719603dfa3f7caf8d948d38cb63,6,1,73,0.534246575342,1.823287671233,1.251188154937,91.336735310420,-0.893010877654,-65.189794068750,0.900000000001,13.511643835616,-14.517123287671,9.749999999997,-8.650000000000,3.328767123288,2.986301369863,-22.172831719351,28.421240636640,1.238463937224,0.858745572574,0.000000000000,0.000000000000
R1B04_london_open_07_09_breakout,session_range_breakout,03810bab04f6e72ce3ed1ec56b594b7646418719603dfa3f7caf8d948d38cb63,8,-1,67,0.388059701493,0.452985074627,-0.145642390811,-9.758040184313,-2.342897321686,-156.974120552953,-3.599999999998,21.326865671642,-16.714925373134,11.850000000001,-12.799999999999,4.134328358209,4.791044776119,-27.950491253276,51.181925905538,0.983925690237,0.774491475674,0.000000000000,0.000000000000
R1B04_london_open_07_09_breakout,session_range_breakout,03810bab04f6e72ce3ed1ec56b594b7646418719603dfa3f7caf8d948d38cb63,8,1,73,0.506849315068,1.986301369863,1.414201853567,103.236735310425,-0.729997179024,-53.289794068744,0.165194174759,16.764383561644,-16.813013698630,10.499999999999,-11.050000000000,3.986301369863,4.068493150685,-27.777356595808,32.806769802896,1.192507201604,0.913885239663,0.000000000000,0.000000000000
R1B04_london_open_07_09_breakout,session_range_breakout,03810bab04f6e72ce3ed1ec56b594b7646418719603dfa3f7caf8d948d38cb63,12,-1,67,0.328358208955,-4.385074626866,-4.983702092303,-333.908040184310,-7.180957023178,-481.124120552951,-7.825870069606,23.330597014925,-22.792537313433,11.950000000002,-16.999999999996,5.179104477612,7.194029850746,-43.939031147541,54.602864854508,0.658691019666,0.552775112812,0.000000000000,0.000000000000
R1B04_london_open_07_09_breakout,session_range_breakout,03810bab04f6e72ce3ed1ec56b594b7646418719603dfa3f7caf8d948d38cb63,12,1,73,0.602739726027,5.509589041096,4.937489524800,360.436735310411,2.793290492209,203.910205931242,4.364261838442,19.999315068493,-19.958219178082,13.350000000000,-13.649999999998,6.589041095890,6.041095890411,-43.765839847514,43.156630897397,1.660713726811,1.333818956844,0.000000000000,0.000000000000
R1B04_london_open_07_09_breakout,session_range_breakout,03810bab04f6e72ce3ed1ec56b594b7646418719603dfa3f7caf8d948d38cb63,16,-1,67,0.343283582090,-3.784328358209,-4.382955823647,-293.658040184324,-6.580210754522,-440.874120552965,-9.203527607361,27.623134328358,-26.010447761194,13.849999999999,-21.899999999999,7.104477611940,9.641791044776,-47.028199800391,60.923073364005,0.717148420493,0.611299003956,0.000000000000,0.000000000000
R1B04_london_open_07_09_breakout,session_range_breakout,03810bab04f6e72ce3ed1ec56b594b7646418719603dfa3f7caf8d948d38cb63,16,1,73,0.520547945205,3.965753424658,3.393653908362,247.736735310413,1.249454875770,91.210205931244,0.991678486997,24.227397260274,-24.541095890411,15.199999999999,-20.249999999999,8.602739726027,7.684931506849,-41.882197660283,51.024775752110,1.322553234727,1.107772412524,0.000000000000,0.000000000000
R1B04_london_open_07_09_breakout,session_range_breakout,03810bab04f6e72ce3ed1ec56b594b7646418719603dfa3f7caf8d948d38cb63,24,-1,67,0.328358208955,-7.426119402985,-8.024746868423,-537.658040184321,-10.222001799298,-684.874120552962,-10.083964569336,31.826865671642,-30.694776119403,18.250000000000,-23.800000000000,10.298507462687,13.805970149254,-53.349979840288,61.988482454912,0.575354130847,0.497983249611,0.000000000000,0.000000000000
R1B04_london_open_07_09_breakout,session_range_breakout,03810bab04f6e72ce3ed1ec56b594b7646418719603dfa3f7caf8d948d38cb63,24,1,73,0.575342465753,9.576712328767,9.004612812471,657.336735310402,6.860413779880,500.810205931232,3.400000000002,32.032876712329,-29.368493150685,20.749999999998,-23.000000000002,12.561643835616,10.260273972603,-56.735230769232,89.231948180805,1.861330876211,1.600738465315,0.000000000000,0.000000000000
R1B04_london_open_07_09_breakout,session_range_breakout,03810bab04f6e72ce3ed1ec56b594b7646418719603dfa3f7caf8d948d38cb63,32,-1,67,0.283582089552,-7.023880597015,-7.622508062453,-510.708040184322,-9.819762993328,-657.924120552962,-14.368622795118,34.803731343283,-33.329104477612,19.799999999998,-27.350000000001,11.447761194030,17.537313432836,-57.447964954023,57.464792394798,0.624214015730,0.551373567774,0.000000000000,0.000000000000
R1B04_london_open_07_09_breakout,session_range_breakout,03810bab04f6e72ce3ed1ec56b594b7646418719603dfa3f7caf8d948d38cb63,32,1,73,0.643835616438,14.764383561644,14.192284045348,1036.036735310392,12.048085012756,879.510205931222,9.175308641979,35.410273972603,-30.703424657534,21.550000000002,-23.349999999999,16.383561643836,11.520547945205,-49.654465787652,86.342659871293,2.548993854960,2.206495088925,0.000000000000,0.000000000000
R1B04_london_open_07_09_breakout,session_range_breakout,03810bab04f6e72ce3ed1ec56b594b7646418719603dfa3f7caf8d948d38cb63,48,-1,64,0.343750000000,-5.783593750000,-6.375260601030,-408.016678465906,-8.558594303089,-547.750035397715,-15.836335012596,42.657812500000,-37.621875000000,21.200000000000,-31.250000000001,14.156250000000,22.109375000000,-62.621239256992,76.500534871615,0.705552131211,0.629882437001,0.000000000000,0.000000000000
R1B04_london_open_07_09_breakout,session_range_breakout,03810bab04f6e72ce3ed1ec56b594b7646418719603dfa3f7caf8d948d38cb63,48,1,72,0.625000000000,13.336111111111,12.764954166965,919.076700021493,10.622640278673,764.830100064467,7.237654320988,41.068055555556,-33.288888888889,23.525000000001,-25.200000000000,22.361111111111,13.652777777778,-65.998039973541,82.936976661952,2.234600465200,1.948188132326,0.000000000000,0.000000000000
R1B05_london_morning_07_13_breakout,session_range_breakout,8236982989cc19645e1a19b28b01cfe90099e4c67d509de02df1c8645641391e,1,-1,47,0.446808510638,-3.262765957446,-3.853591286227,-181.118790452660,-6.035241943788,-283.656371358023,-2.818622795118,7.197872340425,-10.763829787234,5.149999999998,-8.500000000001,0.957446808511,0.957446808511,-21.505061759841,13.430789297734,0.432152616963,0.253275905431,0.000000000000,0.000000000000
R1B05_london_morning_07_13_breakout,session_range_breakout,8236982989cc19645e1a19b28b01cfe90099e4c67d509de02df1c8645641391e,1,1,61,0.442622950820,0.595081967213,0.006135380081,0.374258184939,-2.171757794183,-132.477225445167,-1.030260303688,6.943442622951,-8.438524590164,4.750000000001,-5.599999999998,0.967213114754,0.983606557377,-11.593255512321,11.852953191489,1.001799510176,0.544724987436,0.000000000000,0.000000000000
R1B05_london_morning_07_13_breakout,session_range_breakout,8236982989cc19645e1a19b28b01cfe90099e4c67d509de02df1c8645641391e,2,-1,47,0.446808510638,-3.417021276596,-4.007846605376,-188.368790452684,-6.189497262937,-290.906371358048,-1.189859693876,10.731914893617,-15.569148936170,6.250000000000,-9.700000000001,1.340425531915,1.446808510638,-29.221338028171,28.181584377598,0.593541407429,0.441710449813,0.000000000000,0.000000000000
R1B05_london_morning_07_13_breakout,session_range_breakout,8236982989cc19645e1a19b28b01cfe90099e4c67d509de02df1c8645641391e,2,1,61,0.475409836066,0.456557377049,-0.132389210083,-8.075741815055,-2.310282384347,-140.927225445160,-0.600000000000,10.500000000000,-12.214754098361,6.900000000002,-8.799999999997,1.491803278689,1.377049180328,-20.924237089198,23.199266247380,0.975874841099,0.653910642204,0.000000000000,0.000000000000
R1B05_london_morning_07_13_breakout,session_range_breakout,8236982989cc19645e1a19b28b01cfe90099e4c67d509de02df1c8645641391e,3,-1,47,0.425531914894,-2.210638297872,-2.801463626653,-131.668790452675,-4.983114284214,-234.206371358039,-3.377713779355,14.142553191489,-17.257446808511,6.850000000000,-12.450000000001,1.808510638298,1.914893617021,-26.899437980989,33.243461085271,0.740470865501,0.587258127117,0.000000000000,0.000000000000
R1B05_london_morning_07_13_breakout,session_range_breakout,8236982989cc19645e1a19b28b01cfe90099e4c67d509de02df1c8645641391e,3,1,61,0.377049180328,-0.412295081967,-1.001241669099,-61.075741815041,-3.179134843363,-193.927225445146,-2.453898713824,11.850819672131,-13.549180327869,7.049999999998,-9.000000000000,1.868852459016,1.721311475410,-24.006746031751,22.558753878816,0.852158403448,0.610000974786,0.000000000000,0.000000000000
R1B05_london_morning_07_13_breakout,session_range_breakout,8236982989cc19645e1a19b28b01cfe90099e4c67d509de02df1c8645641391e,4,-1,47,0.340425531915,-5.014893617021,-5.605718945802,-263.468790452688,-7.787369603363,-366.006371358051,-6.181104033969,15.021276595745,-19.882978723404,7.550000000003,-14.299999999997,2.191489361702,2.404255319149,-46.929671294407,29.496409774436,0.551070665922,0.443160963550,0.000000000000,0.000000000000
R1B05_london_morning_07_13_breakout,session_range_breakout,8236982989cc19645e1a19b28b01cfe90099e4c67d509de02df1c8645641391e,4,1,61,0.524590163934,1.415573770492,0.826627183360,50.424258184952,-1.351265990904,-82.427225445154,1.844008782937,13.166393442623,-14.791803278688,7.450000000000,-9.250000000000,2.229508196721,2.131147540984,-21.997243697479,25.771254355403,1.129111833202,0.819179104282,0.000000000000,0.000000000000
R1B05_london_morning_07_13_breakout,session_range_breakout,8236982989cc19645e1a19b28b01cfe90099e4c67d509de02df1c8645641391e,6,-1,47,0.361702127660,-6.391489361702,-6.982314690482,-328.168790452672,-9.163965348043,-430.706371358036,-6.645175023653,16.244680851064,-22.486170212766,7.550000000003,-14.849999999998,2.595744680851,3.276595744681,-51.727224928947,24.552906724207,0.506776359030,0.410496860857,0.000000000000,0.000000000000
R1B05_london_morning_07_13_breakout,session_range_breakout,8236982989cc19645e1a19b28b01cfe90099e4c67d509de02df1c8645641391e,6,1,61,0.540983606557,0.272950819672,-0.315995767460,-19.275741815063,-2.493888941724,-152.127225445168,0.450000000000,15.784426229508,-18.660655737705,11.099999999999,-10.450000000000,3.377049180328,3.016393442623,-39.399999999998,38.102886178860,0.968757414547,0.777905314652,0.000000000000,0.000000000000
R1B05_london_morning_07_13_breakout,session_range_breakout,8236982989cc19645e1a19b28b01cfe90099e4c67d509de02df1c8645641391e,8,-1,47,0.382978723404,-8.834042553192,-9.424867881972,-442.968790452695,-11.606518539533,-545.506371358059,-5.089859693875,18.867021276596,-25.597872340425,10.649999999998,-19.000000000000,3.553191489362,4.212765957447,-57.351658763525,28.127980992862,0.454482845217,0.378187287679,0.000000000000,0.000000000000
R1B05_london_morning_07_13_breakout,session_range_breakout,8236982989cc19645e1a19b28b01cfe90099e4c67d509de02df1c8645641391e,8,1,61,0.573770491803,-1.134426229508,-1.723372816640,-105.125741815045,-3.901265990904,-237.977225445150,3.016266025642,17.984426229509,-20.554918032787,12.950000000001,-11.749999999998,4.393442622951,3.983606557377,-37.347853463079,36.982212803276,0.849698190404,0.687406887072,0.000000000000,0.000000000000
R1B05_london_morning_07_13_breakout,session_range_breakout,8236982989cc19645e1a19b28b01cfe90099e4c67d509de02df1c8645641391e,12,-1,47,0.319148936170,-12.541489361702,-13.132314690482,-617.218790452676,-15.313965348043,-719.756371358039,-10.477733026469,20.338297872340,-28.457446808511,10.750000000002,-21.699999999998,3.893617021277,6.489361702128,-69.562224928948,46.079329464238,0.378156108547,0.325226567283,0.000000000000,0.000000000000
R1B05_london_morning_07_13_breakout,session_range_breakout,8236982989cc19645e1a19b28b01cfe90099e4c67d509de02df1c8645641391e,12,1,61,0.524590163934,2.058196721311,1.469250134179,89.624258184937,-0.708643040085,-43.227225445168,1.500000000001,20.014754098361,-21.904098360656,13.350000000003,-12.649999999999,5.786885245902,5.278688524590,-34.824237089199,43.852953191489,1.149489003718,0.934984524146,0.000000000000,0.000000000000
R1B05_london_morning_07_13_breakout,session_range_breakout,8236982989cc19645e1a19b28b01cfe90099e4c67d509de02df1c8645641391e,16,-1,47,0.319148936170,-12.240425531915,-12.831250860695,-603.068790452683,-15.012901518256,-705.606371358047,-11.518622795117,21.351063829787,-30.175531914894,10.750000000002,-21.950000000001,5.297872340426,7.531914893617,-52.919859126175,21.499449863122,0.369869966724,0.315529022782,0.000000000000,0.000000000000
R1B05_london_morning_07_13_breakout,session_range_breakout,8236982989cc19645e1a19b28b01cfe90099e4c67d509de02df1c8645641391e,16,1,61,0.557377049180,3.564754098361,2.975807511229,181.524258184941,0.797914336965,48.672774554836,1.496101286174,21.009016393442,-22.340983606557,14.350000000002,-13.000000000000,7.081967213115,6.180327868852,-35.549999999998,44.402953191490,1.364404323807,1.086607828413,0.000000000000,0.000000000000
R1B05_london_morning_07_13_breakout,session_range_breakout,8236982989cc19645e1a19b28b01cfe90099e4c67d509de02df1c8645641391e,24,-1,47,0.340425531915,-14.287234042553,-14.878059371334,-699.268790452682,-17.059710028895,-801.806371358046,-14.126799271182,24.287234042553,-33.168085106383,13.500000000002,-25.749999999999,7.808510638298,10.553191489362,-66.922799008815,39.293358683091,0.351667627070,0.300740791146,0.000000000000,0.000000000000
R1B05_london_morning_07_13_breakout,session_range_breakout,8236982989cc19645e1a19b28b01cfe90099e4c67d509de02df1c8645641391e,24,1,61,0.491803278689,0.017213114754,-0.571733472378,-34.875741815069,-2.749626646642,-167.727225445174,-0.541528724440,21.727049180328,-24.994262295082,16.050000000001,-13.300000000001,8.262295081967,8.147540983607,-64.092825040125,44.902886178861,0.947639729372,0.772532483023,0.000000000000,0.000000000000
R1B05_london_morning_07_13_breakout,session_range_breakout,8236982989cc19645e1a19b28b01cfe90099e4c67d509de02df1c8645641391e,32,-1,45,0.377777777778,-7.290000000000,-7.883133183210,-354.740993244462,-10.069399549630,-453.122979733349,-12.526027152554,35.047777777778,-33.876666666667,21.099999999998,-25.749999999999,10.444444444444,13.955555555556,-64.233557009353,44.031954168749,0.641381035279,0.570378338543,0.000000000000,0.000000000000
R1B05_london_morning_07_13_breakout,session_range_breakout,8236982989cc19645e1a19b28b01cfe90099e4c67d509de02df1c8645641391e,32,1,61,0.491803278689,2.557377049180,1.968430462048,120.074258184936,-0.209462712216,-12.777225445169,-0.018887105402,24.155737704918,-26.499180327869,17.300000000000,-14.900000000000,10.836065573770,11.016393442623,-57.328383977899,50.832212803275,1.189665825597,0.981810538193,0.000000000000,0.000000000000
R1B05_london_morning_07_13_breakout,session_range_breakout,8236982989cc19645e1a19b28b01cfe90099e4c67d509de02df1c8645641391e,48,-1,43,0.302325581395,-8.094186046512,-8.686745805021,-373.530069615913,-10.871865322040,-467.490208847722,-12.699261083742,38.381395348837,-38.368604651163,24.750000000000,-27.450000000002,18.883720930233,24.534883720930,-101.074347208331,63.862006369426,0.629424002512,0.564361381111,0.000000000000,0.000000000000
R1B05_london_morning_07_13_breakout,session_range_breakout,8236982989cc19645e1a19b28b01cfe90099e4c67d509de02df1c8645641391e,48,1,59,0.525423728814,-3.615254237288,-4.206606704516,-248.189795566453,-6.389311638972,-376.969386699358,1.036235538417,34.650847457627,-36.722881355932,25.649999999999,-23.749999999998,22.779661016949,19.983050847458,-101.169325551231,54.052146004738,0.771997873599,0.673230638312,0.000000000000,0.000000000000
R1C01_legacy_failed_12bar,failed_excursion_reversion,8816c326250871e2711da0ddf46da1f5d7c2c3d37426457c8738a75be35267c1,1,-1,460,0.419565217391,-0.016956521739,-0.591355951964,-272.023737903513,-2.740154812414,-1260.471213710537,-0.829659554290,5.835760869565,-5.060869565217,3.550000000000,-3.574999999999,0.963043478261,0.978260869565,-10.904956310678,11.100071780547,0.803918199406,0.379557674481,0.000000000000,0.000000000000
R1C01_legacy_failed_12bar,failed_excursion_reversion,8816c326250871e2711da0ddf46da1f5d7c2c3d37426457c8738a75be35267c1,1,1,350,0.488571428571,0.803142857143,0.211001738288,73.850608400921,-1.973280499420,-690.648174797124,-0.259738451897,6.980142857143,-6.593285714286,4.350000000001,-4.049999999999,0.980000000000,0.968571428571,-16.227122544376,14.951034490623,1.062873927654,0.572393530033,0.000000000000,0.000000000000
R1C01_legacy_failed_12bar,failed_excursion_reversion,8816c326250871e2711da0ddf46da1f5d7c2c3d37426457c8738a75be35267c1,2,-1,460,0.465217391304,-0.663260869565,-1.237660299790,-569.323737903517,-3.386459160240,-1557.771213710541,-0.674625131150,8.034239130435,-7.477173913044,4.949999999999,-5.150000000000,1.447826086957,1.484782608696,-19.192582700650,14.689834428853,0.722436265331,0.409551197008,0.000000000000,0.000000000000
R1C01_legacy_failed_12bar,failed_excursion_reversion,8816c326250871e2711da0ddf46da1f5d7c2c3d37426457c8738a75be35267c1,2,1,350,0.480000000000,1.299142857143,0.707001738288,247.450608400937,-1.477280499420,-517.048174797108,-0.430213270143,9.722571428571,-9.501285714286,5.850000000000,-6.274999999999,1.497142857143,1.425714285714,-21.137632644230,21.395650207300,1.153659314572,0.745332049963,0.000000000000,0.000000000000
R1C01_legacy_failed_12bar,failed_excursion_reversion,8816c326250871e2711da0ddf46da1f5d7c2c3d37426457c8738a75be35267c1,3,-1,460,0.436956521739,-1.469456521739,-2.043855951964,-940.173737903572,-4.192654812414,-1928.621213710597,-1.134785522789,9.594891304348,-9.406195652174,5.950000000000,-6.300000000000,1.906521739130,1.976086956522,-23.150000000002,16.953376356702,0.635543183547,0.393637021528,0.000000000000,0.000000000000
R1C01_legacy_failed_12bar,failed_excursion_reversion,8816c326250871e2711da0ddf46da1f5d7c2c3d37426457c8738a75be35267c1,3,1,350,0.514285714286,2.323571428571,1.731430309717,606.000608400954,-0.452851927992,-158.498174797091,0.738296148132,12.284571428571,-11.204428571429,7.249999999999,-7.450000000000,2.025714285714,1.862857142857,-23.900193558823,27.574045731269,1.349245869114,0.925677144035,0.000000000000,0.000000000000
R1C01_legacy_failed_12bar,failed_excursion_reversion,8816c326250871e2711da0ddf46da1f5d7c2c3d37426457c8738a75be35267c1,4,-1,460,0.452173913043,-1.747065217391,-2.321464647616,-1067.873737903551,-4.470263508066,-2056.321213710576,-1.290846501127,11.170978260870,-10.915108695652,7.024999999999,-6.975000000000,2.415217391304,2.443478260870,-28.513959112809,19.300204941160,0.650485172880,0.435313490556,0.000000000000,0.000000000000
R1C01_legacy_failed_12bar,failed_excursion_reversion,8816c326250871e2711da0ddf46da1f5d7c2c3d37426457c8738a75be35267c1,4,1,350,0.531428571429,1.967142857143,1.375001738288,481.250608400922,-0.809280499420,-283.248174797123,0.749864947272,13.645571428571,-12.949714285714,8.575000000000,-8.700000000000,2.508571428571,2.282857142857,-26.585000000001,32.239729015162,1.225178117683,0.887860149961,0.000000000000,0.000000000000
R1C01_legacy_failed_12bar,failed_excursion_reversion,8816c326250871e2711da0ddf46da1f5d7c2c3d37426457c8738a75be35267c1,6,-1,460,0.463043478261,-1.960760869565,-2.535160299790,-1166.173737903549,-4.683959160240,-2154.621213710573,-0.834785522789,13.153913043478,-13.149673913044,9.049999999999,-8.200000000002,3.221739130435,3.315217391304,-32.148305120424,22.992486139480,0.669062542552,0.472302662565,0.000000000000,0.000000000000
R1C01_legacy_failed_12bar,failed_excursion_reversion,8816c326250871e2711da0ddf46da1f5d7c2c3d37426457c8738a75be35267c1,6,1,350,0.520000000000,2.640857142857,2.048716024003,717.050608400926,-0.135566213706,-47.448174797120,0.739678899082,16.565000000000,-15.964571428571,10.250000000001,-10.825000000000,3.480000000000,3.114285714286,-32.606639311489,43.960335724556,1.288165167972,0.983517484112,0.000000000000,0.000000000000
R1C01_legacy_failed_12bar,failed_excursion_reversion,8816c326250871e2711da0ddf46da1f5d7c2c3d37426457c8738a75be35267c1,8,-1,460,0.458695652174,-2.155108695652,-2.729508125877,-1255.573737903527,-4.878306986327,-2244.021213710551,-1.424999999998,14.962391304348,-14.738369565218,10.175000000000,-9.250000000002,4.047826086957,4.297826086957,-37.277500000001,25.833042508218,0.681591677849,0.502242388365,0.000000000000,0.000000000000
R1C01_legacy_failed_12bar,failed_excursion_reversion,8816c326250871e2711da0ddf46da1f5d7c2c3d37426457c8738a75be35267c1,8,1,350,0.545714285714,3.575000000000,2.982858881146,1044.000608400939,0.798576643437,279.501825202894,2.249999999999,18.812285714286,-18.399000000000,11.475000000000,-11.925000000001,4.577142857143,3.802857142857,-33.030542347697,49.063116105556,1.386837734987,1.091275504346,0.000000000000,0.000000000000
R1C01_legacy_failed_12bar,failed_excursion_reversion,8816c326250871e2711da0ddf46da1f5d7c2c3d37426457c8738a75be35267c1,12,-1,460,0.458695652174,-1.911847826087,-2.486247256312,-1143.673737903529,-4.635046116762,-2132.121213710554,-2.535677382322,18.822282608696,-17.655434782609,13.024999999999,-10.825000000000,5.628260869565,5.943478260870,-40.482126983358,30.285184660411,0.750679367806,0.585815733059,0.000000000000,0.000000000000
R1C01_legacy_failed_12bar,failed_excursion_reversion,8816c326250871e2711da0ddf46da1f5d7c2c3d37426457c8738a75be35267c1,12,1,350,0.574285714286,4.816285714286,4.224144595431,1478.450608400977,2.039862357723,713.951825202932,4.049363208196,22.272857142857,-21.903000000000,14.349999999999,-13.600000000000,6.562857142857,5.157142857143,-50.473350617271,51.112805623470,1.480427331836,1.208843554031,0.000000000000,0.000000000000
R1C01_legacy_failed_12bar,failed_excursion_reversion,8816c326250871e2711da0ddf46da1f5d7c2c3d37426457c8738a75be35267c1,16,-1,460,0.465217391304,-2.253043478261,-2.827442908486,-1300.623737903527,-4.976241768936,-2289.071213710552,-1.616839287836,22.231847826087,-20.748478260870,15.425000000000,-13.724999999999,7.480434782609,7.726086956522,-49.682083461608,38.109212244898,0.757003851282,0.612258257530,0.000000000000,0.000000000000
R1C01_legacy_failed_12bar,failed_excursion_reversion,8816c326250871e2711da0ddf46da1f5d7c2c3d37426457c8738a75be35267c1,16,1,350,0.614285714286,6.505428571428,5.913287452574,2069.650608400938,3.729005214865,1305.151825202893,4.935029336578,25.194571428571,-24.349142857143,16.675000000001,-14.725000000001,8.417142857143,6.100000000000,-51.887499999999,57.784964013546,1.641609104449,1.369359162548,0.000000000000,0.000000000000
R1C01_legacy_failed_12bar,failed_excursion_reversion,8816c326250871e2711da0ddf46da1f5d7c2c3d37426457c8738a75be35267c1,24,-1,458,0.421397379913,-4.745851528384,-5.320575846951,-2436.823737903525,-7.470024484084,-3421.271213710550,-3.806001304631,27.583406113537,-26.310371179039,17.624999999998,-18.475000000001,10.698689956332,11.853711790393,-65.127929482176,49.052897328975,0.651215569088,0.548415395214,0.000000000000,0.000000000000
R1C01_legacy_failed_12bar,failed_excursion_reversion,8816c326250871e2711da0ddf46da1f5d7c2c3d37426457c8738a75be35267c1,24,1,350,0.580000000000,6.016428571428,5.424287452574,1898.500608400941,3.240005214865,1134.001825202895,5.133061622382,30.023142857143,-29.137857142857,21.250000000001,-18.875000000000,12.311428571429,9.560000000000,-62.694972037150,67.228270702153,1.472272704975,1.260628239824,0.000000000000,0.000000000000
R1C01_legacy_failed_12bar,failed_excursion_reversion,8816c326250871e2711da0ddf46da1f5d7c2c3d37426457c8738a75be35267c1,32,-1,457,0.422319474836,-7.068599562363,-7.643487391474,-3493.073737903536,-9.793263049695,-4475.521213710561,-6.100000000001,30.923741794311,-30.813457330416,19.549999999998,-20.750000000001,13.606126914661,15.809628008753,-76.227188587336,54.798987069965,0.593683785539,0.512948406554,0.000000000000,0.000000000000
R1C01_legacy_failed_12bar,failed_excursion_reversion,8816c326250871e2711da0ddf46da1f5d7c2c3d37426457c8738a75be35267c1,32,1,345,0.611594202899,2.834637681159,2.244174997524,774.240374145742,0.063249630253,21.821122437302,6.450000000001,33.149275362319,-36.624347826087,24.900000000000,-23.499999999999,16.744927536232,12.452173913043,-75.309999999999,62.633303076957,1.145614663816,1.003877910983,0.000000000000,0.000000000000
R1C01_legacy_failed_12bar,failed_excursion_reversion,8816c326250871e2711da0ddf46da1f5d7c2c3d37426457c8738a75be35267c1,48,-1,453,0.368653421634,-9.542494481236,-10.111937565365,-4580.707717110167,-12.250823733621,-5549.623151330429,-8.633766233768,35.752097130243,-36.883554083885,24.449999999999,-26.549999999997,19.044150110375,23.958057395143,-75.211521035598,66.263228710971,0.528546423713,0.463363806573,0.000000000000,0.000000000000
R1C01_legacy_failed_12bar,failed_excursion_reversion,8816c326250871e2711da0ddf46da1f5d7c2c3d37426457c8738a75be35267c1,48,1,332,0.575301204819,3.326054216867,2.742115153148,910.382230845086,0.574237025709,190.646692535385,6.543924109356,37.888403614458,-43.572289156627,29.175000000001,-26.674999999999,24.159638554217,18.195783132530,-98.339611681645,84.976901279006,1.155732121613,1.030960566521,0.000000000000,0.000000000000
R1C02_legacy_failed_24bar,failed_excursion_reversion,c3eeb7ba059c57ccf74800a329135eec91b8f4d1fb5f8d8c438e8b0a7c5f7430,1,-1,364,0.431318681319,0.004945054945,-0.563811086675,-205.227235549761,-2.701323369916,-983.281706649255,-0.777083333334,5.992857142857,-5.135714285714,3.524999999999,-3.600000000000,0.969780219780,0.975274725275,-10.297238785177,11.716959377385,0.816401628198,0.392486372382,0.000000000000,0.000000000000
R1C02_legacy_failed_24bar,failed_excursion_reversion,c3eeb7ba059c57ccf74800a329135eec91b8f4d1fb5f8d8c438e8b0a7c5f7430,1,1,241,0.518672199170,1.691286307054,1.092767132075,263.356878829992,-1.104271217884,-266.129363509965,0.299999999998,7.932157676348,-6.970124481328,5.199999999999,-4.500000000002,0.983402489627,0.970954356846,-16.208711839167,18.511629526460,1.342910765586,0.747235497161,0.000000000000,0.000000000000
R1C02_legacy_failed_24bar,failed_excursion_reversion,c3eeb7ba059c57ccf74800a329135eec91b8f4d1fb5f8d8c438e8b0a7c5f7430,2,-1,364,0.480769230769,-0.295879120879,-0.864635262499,-314.727235549758,-3.002147545740,-1092.781706649252,-0.355658105938,8.541483516483,-7.356868131868,5.075000000001,-5.000000000001,1.472527472527,1.464285714286,-18.491987898232,14.869190385798,0.797253394591,0.452712436829,0.000000000000,0.000000000000
R1C02_legacy_failed_24bar,failed_excursion_reversion,c3eeb7ba059c57ccf74800a329135eec91b8f4d1fb5f8d8c438e8b0a7c5f7430,2,1,241,0.535269709544,2.790871369295,2.192352194315,528.356878830001,-0.004686155643,-1.129363509956,1.196243739566,11.564107883817,-9.924273858921,7.249999999996,-6.350000000000,1.547717842324,1.381742738589,-21.260195758569,29.023316523290,1.479910779324,0.999172160957,0.000000000000,0.000000000000
R1C02_legacy_failed_24bar,failed_excursion_reversion,c3eeb7ba059c57ccf74800a329135eec91b8f4d1fb5f8d8c438e8b0a7c5f7430,3,-1,364,0.461538461538,-1.235714285714,-1.804470427335,-656.827235549814,-3.941982710575,-1434.881706649308,-0.533157022565,10.027472527473,-9.146840659341,6.525000000001,-5.800000000001,1.923076923077,1.928571428571,-21.389137675843,16.961761094753,0.666455175639,0.407880337904,0.000000000000,0.000000000000
R1C02_legacy_failed_24bar,failed_excursion_reversion,c3eeb7ba059c57ccf74800a329135eec91b8f4d1fb5f8d8c438e8b0a7c5f7430,3,1,241,0.580912863071,3.707053941909,3.108534766930,749.156878830013,0.911496416971,219.670636490055,2.031810561610,14.478008298755,-12.183817427386,9.249999999997,-7.699999999997,2.074688796680,1.759336099585,-26.554584108417,38.580325814536,1.578294937458,1.142907961146,0.000000000000,0.000000000000
R1C02_legacy_failed_24bar,failed_excursion_reversion,c3eeb7ba059c57ccf74800a329135eec91b8f4d1fb5f8d8c438e8b0a7c5f7430,4,-1,364,0.475274725275,-1.351373626374,-1.920129767994,-698.927235549796,-4.057642051234,-1476.981706649290,-0.574200278164,11.477884615385,-10.504670329670,7.725000000001,-6.600000000000,2.436813186813,2.401098901099,-25.256196172248,18.935488645181,0.694616406398,0.458840181920,0.000000000000,0.000000000000
R1C02_legacy_failed_24bar,failed_excursion_reversion,c3eeb7ba059c57ccf74800a329135eec91b8f4d1fb5f8d8c438e8b0a7c5f7430,4,1,241,0.580912863071,3.526556016597,2.928036841618,705.656878829990,0.730998491660,176.170636490032,2.850990099009,16.000829875519,-13.964315352697,10.499999999999,-8.699999999999,2.618257261411,2.174273858921,-30.578129205923,37.149843505475,1.447978359564,1.097370907274,0.000000000000,0.000000000000
R1C02_legacy_failed_24bar,failed_excursion_reversion,c3eeb7ba059c57ccf74800a329135eec91b8f4d1fb5f8d8c438e8b0a7c5f7430,6,-1,364,0.505494505495,-1.380769230769,-1.949525372389,-709.627235549768,-4.087037655630,-1487.681706649262,0.130528436584,13.435576923077,-12.495467032967,9.524999999999,-7.500000000000,3.244505494505,3.214285714286,-30.848549931687,23.672497811496,0.732252569121,0.514467304801,0.000000000000,0.000000000000
R1C02_legacy_failed_24bar,failed_excursion_reversion,c3eeb7ba059c57ccf74800a329135eec91b8f4d1fb5f8d8c438e8b0a7c5f7430,6,1,241,0.551867219917,4.284647302905,3.686128127925,888.356878830015,1.489089777967,358.870636490058,2.300111193477,18.798547717842,-16.822406639004,12.199999999999,-10.950000000000,3.626556016598,3.004149377593,-32.799999999998,53.601676901280,1.513194336278,1.181107425845,0.000000000000,0.000000000000
R1C02_legacy_failed_24bar,failed_excursion_reversion,c3eeb7ba059c57ccf74800a329135eec91b8f4d1fb5f8d8c438e8b0a7c5f7430,8,-1,364,0.494505494505,-1.787362637363,-2.356118778983,-857.627235549753,-4.493631062223,-1635.681706649247,-0.347814685314,15.235851648352,-14.092032967033,11.024999999995,-8.425000000000,4.178571428571,4.184065934066,-38.045420827390,25.057309462957,0.720442749209,0.531019204714,0.000000000000,0.000000000000
R1C02_legacy_failed_24bar,failed_excursion_reversion,c3eeb7ba059c57ccf74800a329135eec91b8f4d1fb5f8d8c438e8b0a7c5f7430,8,1,241,0.601659751037,6.461825726141,5.863306551162,1413.056878830014,3.666268201204,883.570636490056,3.499999999999,21.086514522822,-18.328008298755,12.850000000003,-11.300000000003,4.717842323651,3.522821576763,-32.787833282258,50.990756302523,1.862593678470,1.474602986938,0.000000000000,0.000000000000
R1C02_legacy_failed_24bar,failed_excursion_reversion,c3eeb7ba059c57ccf74800a329135eec91b8f4d1fb5f8d8c438e8b0a7c5f7430,12,-1,364,0.483516483516,-1.680631868132,-2.249388009752,-818.777235549802,-4.386900292993,-1596.831706649296,-0.300007295010,19.018956043956,-16.960302197802,14.150000000001,-9.649999999999,5.780219780220,5.662087912088,-40.417143394405,28.691844978167,0.771234542315,0.600903540455,0.000000000000,0.000000000000
R1C02_legacy_failed_24bar,failed_excursion_reversion,c3eeb7ba059c57ccf74800a329135eec91b8f4d1fb5f8d8c438e8b0a7c5f7430,12,1,241,0.609958506224,8.027593360996,7.429074186017,1790.406878830032,5.232035836058,1260.920636490075,5.093275632490,24.768672199170,-20.779045643154,16.699999999997,-12.750000000003,6.792531120332,4.630705394191,-49.475711574952,54.390756302523,1.979964762723,1.617049653047,0.000000000000,0.000000000000
R1C02_legacy_failed_24bar,failed_excursion_reversion,c3eeb7ba059c57ccf74800a329135eec91b8f4d1fb5f8d8c438e8b0a7c5f7430,16,-1,364,0.486263736264,-2.725549450549,-3.294305592170,-1199.127235549752,-5.431817875410,-1977.181706649246,-0.604000801996,21.392170329670,-20.027884615385,15.725000000000,-11.899999999999,7.670329670330,7.486263736264,-51.365799031494,32.949334712548,0.715523243719,0.573837637219,0.000000000000,0.000000000000
R1C02_legacy_failed_24bar,failed_excursion_reversion,c3eeb7ba059c57ccf74800a329135eec91b8f4d1fb5f8d8c438e8b0a7c5f7430,16,1,241,0.651452282158,8.900207468880,8.301688293900,2000.706878829993,6.104649943942,1471.220636490036,7.261273344651,27.643153526971,-23.429460580913,20.000000000002,-14.249999999998,8.630705394191,5.655601659751,-51.999999999999,60.480325814538,1.924849289982,1.623732289415,0.000000000000,0.000000000000
R1C02_legacy_failed_24bar,failed_excursion_reversion,c3eeb7ba059c57ccf74800a329135eec91b8f4d1fb5f8d8c438e8b0a7c5f7430,24,-1,363,0.438016528926,-5.470385674931,-6.039331227410,-2192.277235549760,-8.177222332367,-2968.331706649254,-2.800000000002,26.496418732782,-25.738292011019,18.450000000001,-15.300000000002,10.691460055096,11.796143250689,-68.542218543049,47.020000000001,0.617233789009,0.519520953158,0.000000000000,0.000000000000
R1C02_legacy_failed_24bar,failed_excursion_reversion,c3eeb7ba059c57ccf74800a329135eec91b8f4d1fb5f8d8c438e8b0a7c5f7430,24,1,241,0.626556016598,7.362655601660,6.764136426681,1630.156878830001,4.567098076722,1100.670636490044,7.850000000002,32.170746887967,-28.839004149378,24.750000000000,-18.750000000003,13.074688796680,9.423236514523,-71.590978985136,65.881752751904,1.559491454213,1.352930958860,0.000000000000,0.000000000000
R1C02_legacy_failed_24bar,failed_excursion_reversion,c3eeb7ba059c57ccf74800a329135eec91b8f4d1fb5f8d8c438e8b0a7c5f7430,32,-1,362,0.430939226519,-8.346132596685,-8.915268606491,-3227.327235549806,-11.053540626103,-4001.381706649300,-4.562039274924,29.795718232044,-30.752209944752,20.275000000001,-18.675000000002,13.676795580110,15.729281767956,-89.541406727828,54.431418641467,0.554262724818,0.480392900861,0.000000000000,0.000000000000
R1C02_legacy_failed_24bar,failed_excursion_reversion,c3eeb7ba059c57ccf74800a329135eec91b8f4d1fb5f8d8c438e8b0a7c5f7430,32,1,236,0.635593220339,3.845550847458,3.249350188876,766.846644574825,1.056948871714,249.439933724473,8.635766547594,35.154025423729,-37.548093220339,28.300000000000,-23.649999999999,16.881355932203,12.237288135593,-83.765326857237,69.689135514020,1.195183515499,1.060419437521,0.000000000000,0.000000000000
R1C02_legacy_failed_24bar,failed_excursion_reversion,c3eeb7ba059c57ccf74800a329135eec91b8f4d1fb5f8d8c438e8b0a7c5f7430,48,-1,358,0.388268156425,-9.905307262570,-10.474992116858,-3750.047177835073,-12.614361825433,-4515.941533505136,-8.272478779424,35.059776536313,-37.508659217877,24.425000000001,-23.900000000000,18.698324022346,23.952513966480,-80.169431175602,65.954180528600,0.534500786789,0.470926073939,0.000000000000,0.000000000000
R1C02_legacy_failed_24bar,failed_excursion_reversion,c3eeb7ba059c57ccf74800a329135eec91b8f4d1fb5f8d8c438e8b0a7c5f7430,48,1,226,0.601769911504,3.483849557522,2.890876736485,653.338142445715,0.704931094412,159.314427337168,10.655604888644,37.783849557522,-44.646681415929,30.975000000001,-26.275000000000,23.831858407080,17.451327433628,-107.624823491657,73.187537708702,1.162060122537,1.037632243544,0.000000000000,0.000000000000
R1C03_legacy_failed_asia_00_06,failed_excursion_reversion,9d916392c2496c11b1f8e1aca44641f8e39af5c280816f8c77c923ca2377e7d4,1,-1,263,0.403041825095,-0.630418250950,-1.189776228446,-312.911148081403,-3.308492183439,-870.133444244326,-1.217111111112,5.019201520913,-5.072623574144,3.049999999996,-3.199999999998,0.984790874525,0.969581749049,-11.951250293201,12.619481109518,0.632574843476,0.290510197124,0.000000000000,0.000000000000
R1C03_legacy_failed_asia_00_06,failed_excursion_reversion,9d916392c2496c11b1f8e1aca44641f8e39af5c280816f8c77c923ca2377e7d4,1,1,180,0.533333333333,1.746944444445,1.171250300725,210.825054130460,-0.980137986715,-176.424837608671,0.595986322265,6.534166666667,-5.261111111111,4.499999999999,-3.049999999996,0.988888888889,0.961111111111,-9.460339198555,12.040383435583,1.470425348697,0.729550350734,0.000000000000,0.000000000000
R1C03_legacy_failed_asia_00_06,failed_excursion_reversion,9d916392c2496c11b1f8e1aca44641f8e39af5c280816f8c77c923ca2377e7d4,2,-1,263,0.391634980989,-1.042775665399,-1.602133642895,-421.361148081431,-3.720849597887,-978.583444244354,-1.549999999998,7.129657794677,-6.989543726236,3.900000000002,-4.499999999999,1.406844106464,1.509505703422,-18.350748168499,11.304214557215,0.624997698405,0.343559073484,0.000000000000,0.000000000000
R1C03_legacy_failed_asia_00_06,failed_excursion_reversion,9d916392c2496c11b1f8e1aca44641f8e39af5c280816f8c77c923ca2377e7d4,2,1,180,0.605555555556,3.168611111111,2.592916967391,466.725054130451,0.441528679952,79.475162391320,2.280999043979,9.750555555556,-7.135555555555,6.549999999999,-5.175000000000,1.594444444444,1.333333333333,-13.547477635935,18.070666294696,1.862930860174,1.111374595867,0.000000000000,0.000000000000
R1C03_legacy_failed_asia_00_06,failed_excursion_reversion,9d916392c2496c11b1f8e1aca44641f8e39af5c280816f8c77c923ca2377e7d4,3,-1,263,0.387832699620,-1.493536121673,-2.052894099169,-539.911148081484,-4.171610054161,-1097.133444244407,-1.774441687345,8.528707224335,-8.451520912547,4.349999999999,-5.250000000001,1.737642585551,2.030418250951,-19.764027888718,14.761422343183,0.600815039058,0.363117233347,0.000000000000,0.000000000000
R1C03_legacy_failed_asia_00_06,failed_excursion_reversion,9d916392c2496c11b1f8e1aca44641f8e39af5c280816f8c77c923ca2377e7d4,3,1,180,0.644444444444,3.945277777778,3.369583634058,606.525054130459,1.218195346618,219.275162391329,2.400000000000,11.760277777778,-8.722777777778,7.899999999999,-5.600000000001,2.183333333333,1.666666666667,-16.959664488598,26.053786556481,1.967414033318,1.279157466685,0.000000000000,0.000000000000
R1C03_legacy_failed_asia_00_06,failed_excursion_reversion,9d916392c2496c11b1f8e1aca44641f8e39af5c280816f8c77c923ca2377e7d4,4,-1,263,0.387832699620,-1.679847908745,-2.239205886241,-588.911148081453,-4.357921841233,-1146.133444244376,-2.249999999998,9.692965779468,-9.752851711026,4.950000000002,-6.399999999999,2.136882129278,2.615969581749,-26.668599624128,17.087914817742,0.627210274774,0.411866788048,0.000000000000,0.000000000000
R1C03_legacy_failed_asia_00_06,failed_excursion_reversion,9d916392c2496c11b1f8e1aca44641f8e39af5c280816f8c77c923ca2377e7d4,4,1,180,0.622222222222,4.236388888889,3.660694745169,658.925054130459,1.509306457730,271.675162391329,3.194336577438,13.028333333334,-9.490833333333,9.174999999999,-6.474999999999,2.733333333333,2.050000000000,-17.056376877489,29.569582516950,1.978204579259,1.326214935429,0.000000000000,0.000000000000
R1C03_legacy_failed_asia_00_06,failed_excursion_reversion,9d916392c2496c11b1f8e1aca44641f8e39af5c280816f8c77c923ca2377e7d4,6,-1,263,0.410646387833,-1.282889733840,-1.842247711336,-484.511148081472,-3.960963666328,-1041.733444244395,-2.048589626935,11.791634980989,-11.557034220532,6.600000000000,-7.399999999996,2.916349809886,3.452471482890,-27.977332409161,21.426822559261,0.725574128377,0.508571573564,0.000000000000,0.000000000000
R1C03_legacy_failed_asia_00_06,failed_excursion_reversion,9d916392c2496c11b1f8e1aca44641f8e39af5c280816f8c77c923ca2377e7d4,6,1,180,0.616666666667,5.353611111111,4.777916967391,860.025054130467,2.626528679952,472.775162391337,3.183715351813,16.071388888889,-11.229722222222,11.600000000000,-7.724999999999,3.800000000000,2.950000000000,-17.119576044251,30.073326067004,2.199177681998,1.534302318512,0.000000000000,0.000000000000
R1C03_legacy_failed_asia_00_06,failed_excursion_reversion,9d916392c2496c11b1f8e1aca44641f8e39af5c280816f8c77c923ca2377e7d4,8,-1,263,0.406844106464,-1.437642585551,-1.997000563047,-525.211148081442,-4.115716518039,-1082.433444244365,-2.836566757490,14.264638783270,-13.813117870722,7.899999999998,-8.299999999997,3.844106463878,4.406844106464,-31.492413442193,26.857142752076,0.756627878174,0.568344382777,0.000000000000,0.000000000000
R1C03_legacy_failed_asia_00_06,failed_excursion_reversion,9d916392c2496c11b1f8e1aca44641f8e39af5c280816f8c77c923ca2377e7d4,8,1,180,0.638888888889,6.237222222222,5.661528078503,1019.075054130478,3.510139791063,631.825162391347,4.230635558015,17.655833333333,-12.483611111111,12.674999999999,-8.900000000000,4.850000000000,3.583333333333,-27.261393913868,31.596394628875,2.333650611434,1.686069011034,0.000000000000,0.000000000000
R1C03_legacy_failed_asia_00_06,failed_excursion_reversion,9d916392c2496c11b1f8e1aca44641f8e39af5c280816f8c77c923ca2377e7d4,12,-1,263,0.437262357414,-1.755323193916,-2.314681171412,-608.761148081450,-4.433397126404,-1165.983444244373,-1.550610252237,17.269011406844,-17.042965779468,10.100000000000,-10.749999999999,5.555133079848,6.178707224335,-36.602303987909,32.626468623870,0.764635691864,0.599882726545,0.000000000000,0.000000000000
R1C03_legacy_failed_asia_00_06,failed_excursion_reversion,9d916392c2496c11b1f8e1aca44641f8e39af5c280816f8c77c923ca2377e7d4,12,1,180,0.677777777778,8.429722222222,7.854028078503,1413.725054130465,5.702639791063,1026.475162391335,6.227852750136,21.922500000000,-14.837500000000,17.375000000001,-10.800000000002,7.205555555556,5.061111111111,-29.271852257782,39.095566546764,2.560674021649,1.988512788558,0.000000000000,0.000000000000
R1C03_legacy_failed_asia_00_06,failed_excursion_reversion,9d916392c2496c11b1f8e1aca44641f8e39af5c280816f8c77c923ca2377e7d4,16,-1,263,0.460076045627,-1.597148288973,-2.156506266469,-567.161148081405,-4.275222221461,-1124.383444244328,-1.484294320136,20.854942965780,-19.544866920152,11.849999999998,-12.099999999998,7.372623574144,8.178707224335,-47.089599558029,37.603695090440,0.810841748203,0.661103956937,0.000000000000,0.000000000000
R1C03_legacy_failed_asia_00_06,failed_excursion_reversion,9d916392c2496c11b1f8e1aca44641f8e39af5c280816f8c77c923ca2377e7d4,16,1,180,0.683333333333,10.943611111111,10.367916967391,1866.225054130468,8.216528679952,1478.975162391338,9.250000000000,26.176388888889,-17.289444444444,19.900000000003,-12.125000000002,9.261111111111,6.205555555556,-31.335766334833,44.877029411766,2.831121136902,2.284370640914,0.000000000000,0.000000000000
R1C03_legacy_failed_asia_00_06,failed_excursion_reversion,9d916392c2496c11b1f8e1aca44641f8e39af5c280816f8c77c923ca2377e7d4,24,-1,263,0.471482889734,-1.586501901141,-2.145859878637,-564.361148081429,-4.264575833629,-1121.583444244351,-1.016387959866,26.732509505703,-23.462167300380,16.550000000001,-14.650000000003,11.418250950570,12.015209125475,-60.764680054423,57.301633421149,0.844889428517,0.715845776531,0.000000000000,0.000000000000
R1C03_legacy_failed_asia_00_06,failed_excursion_reversion,9d916392c2496c11b1f8e1aca44641f8e39af5c280816f8c77c923ca2377e7d4,24,1,180,0.705555555556,14.041944444445,13.466250300725,2423.925054130474,11.314862013285,2036.675162391344,13.271611719843,33.616944444445,-21.285833333333,30.850000000000,-13.625000000000,13.766666666667,8.955555555556,-33.796338832494,74.293212290502,2.850587108967,2.418940825568,0.000000000000,0.000000000000
R1C03_legacy_failed_asia_00_06,failed_excursion_reversion,9d916392c2496c11b1f8e1aca44641f8e39af5c280816f8c77c923ca2377e7d4,32,-1,263,0.403041825095,-6.285361216730,-6.844719194226,-1800.161148081452,-8.963435149218,-2357.383444244374,-4.810468262227,29.598288973384,-27.112167300380,20.850000000002,-18.099999999998,13.859315589354,15.346007604563,-77.098323361574,67.987435233158,0.614947059929,0.530888331502,0.000000000000,0.000000000000
R1C03_legacy_failed_asia_00_06,failed_excursion_reversion,9d916392c2496c11b1f8e1aca44641f8e39af5c280816f8c77c923ca2377e7d4,32,1,176,0.681818181818,15.799715909091,15.225542677677,2679.695511271094,13.077196214848,2301.586533813218,15.716242564441,37.203693181819,-24.847727272727,35.350000000001,-14.875000000001,16.556818181818,11.471590909091,-32.634362210092,76.928561452517,3.096974371289,2.642369636561,0.000000000000,0.000000000000
R1C03_legacy_failed_asia_00_06,failed_excursion_reversion,9d916392c2496c11b1f8e1aca44641f8e39af5c280816f8c77c923ca2377e7d4,48,-1,258,0.352713178295,-8.114534883721,-8.672250378248,-2237.440597588002,-10.787681367303,-2783.221792764071,-6.923842843119,34.647093023256,-31.789922480620,21.625000000000,-21.974999999999,18.829457364341,25.058139534884,-82.295285846928,66.574298617614,0.586811082147,0.518402799146,0.000000000000,0.000000000000
R1C03_legacy_failed_asia_00_06,failed_excursion_reversion,9d916392c2496c11b1f8e1aca44641f8e39af5c280816f8c77c923ca2377e7d4,48,1,175,0.702857142857,18.180571428571,17.606369452161,3081.114654128200,15.457965499341,2705.143962384609,15.322415310160,40.974000000000,-26.181142857143,35.700000000003,-15.200000000004,21.828571428571,15.120000000000,-36.390000000000,99.319999999997,3.702666970831,3.154200478164,0.000000000000,0.000000000000
R1C04_failed_48bar_all_liquid,failed_excursion_reversion,c8c63ffba2c5d3b0621cc92207ceeb2187c0720bc6ecdd2f5f8d887ca6f0cd93,1,-1,505,0.433663366337,0.056534653465,-0.532232602842,-268.777464435014,-2.709767115455,-1368.432393304948,-0.686809269162,5.520594059406,-4.812871287129,3.449999999998,-3.299999999999,0.970297029703,0.976237623762,-10.457859410430,11.060285263980,0.813452114059,0.364371327386,0.000000000000,0.000000000000
R1C04_failed_48bar_all_liquid,failed_excursion_reversion,c8c63ffba2c5d3b0621cc92207ceeb2187c0720bc6ecdd2f5f8d887ca6f0cd93,1,1,273,0.531135531136,0.842124542124,0.217123502311,59.274716130969,-2.032878577315,-554.975851607010,1.097108843537,7.944871794872,-7.683150183150,5.199999999999,-4.550000000000,0.981684981685,0.959706959707,-17.590607371432,16.202936389143,1.053529482389,0.609472398675,0.000000000000,0.000000000000
R1C04_failed_48bar_all_liquid,failed_excursion_reversion,c8c63ffba2c5d3b0621cc92207ceeb2187c0720bc6ecdd2f5f8d887ca6f0cd93,2,-1,505,0.451485148515,-0.505247524752,-1.094014781059,-552.477464434919,-3.271549293673,-1652.132393304853,-0.703681645913,7.895049504950,-7.119306930693,4.599999999999,-4.249999999999,1.453465346535,1.455445544554,-19.198419439831,14.719935268941,0.743049687494,0.414599775996,0.000000000000,0.000000000000
R1C04_failed_48bar_all_liquid,failed_excursion_reversion,c8c63ffba2c5d3b0621cc92207ceeb2187c0720bc6ecdd2f5f8d887ca6f0cd93,2,1,273,0.549450549451,2.013736263736,1.388735223923,379.124716130982,-0.861266855703,-235.125851606996,1.473093302363,11.097985347985,-10.654945054945,6.900000000002,-6.550000000001,1.567765567766,1.373626373626,-21.331918737860,22.038259034062,1.291613287669,0.852841855492,0.000000000000,0.000000000000
R1C04_failed_48bar_all_liquid,failed_excursion_reversion,c8c63ffba2c5d3b0621cc92207ceeb2187c0720bc6ecdd2f5f8d887ca6f0cd93,3,-1,505,0.441584158416,-0.841287128713,-1.430054385020,-722.177464435028,-3.607588897634,-1821.832393304962,-0.954255319148,9.345544554455,-8.573366336634,5.400000000000,-5.599999999998,1.877227722772,1.936633663366,-22.605521908907,16.943172414986,0.712735568982,0.427162614578,0.000000000000,0.000000000000
R1C04_failed_48bar_all_liquid,failed_excursion_reversion,c8c63ffba2c5d3b0621cc92207ceeb2187c0720bc6ecdd2f5f8d887ca6f0cd93,3,1,273,0.582417582418,2.080036630037,1.455035590223,397.224716131012,-0.794966489403,-217.025851606967,1.690722166499,13.308058608059,-12.554945054945,9.249999999997,-7.499999999999,2.076923076923,1.750915750916,-28.255427526986,26.370637576881,1.253494566323,0.883066960238,0.000000000000,0.000000000000
R1C04_failed_48bar_all_liquid,failed_excursion_reversion,c8c63ffba2c5d3b0621cc92207ceeb2187c0720bc6ecdd2f5f8d887ca6f0cd93,4,-1,505,0.455445544554,-1.148712871287,-1.737480127594,-877.427464435017,-3.915014640208,-1977.082393304951,-0.899999999999,10.571089108911,-9.734653465346,6.600000000000,-6.100000000001,2.344554455446,2.417821782178,-24.307927204375,18.145641768376,0.696422942067,0.439782100709,0.000000000000,0.000000000000
R1C04_failed_48bar_all_liquid,failed_excursion_reversion,c8c63ffba2c5d3b0621cc92207ceeb2187c0720bc6ecdd2f5f8d887ca6f0cd93,4,1,273,0.549450549451,1.963553113553,1.338552073740,365.424716131014,-0.911450005886,-248.825851606965,1.826726726729,14.595238095238,-14.246153846154,10.049999999995,-8.350000000002,2.553113553114,2.164835164835,-33.240540447420,34.871853738744,1.205820319923,0.879710450626,0.000000000000,0.000000000000
R1C04_failed_48bar_all_liquid,failed_excursion_reversion,c8c63ffba2c5d3b0621cc92207ceeb2187c0720bc6ecdd2f5f8d887ca6f0cd93,6,-1,505,0.475247524752,-1.183564356436,-1.772331612742,-895.027464434953,-3.949866125356,-1994.682393304887,-0.446178343952,12.456336633663,-11.629702970297,8.199999999999,-7.249999999999,3.184158415842,3.249504950495,-30.579296640741,24.293009761640,0.732487125191,0.497577751557,0.000000000000,0.000000000000
R1C04_failed_48bar_all_liquid,failed_excursion_reversion,c8c63ffba2c5d3b0621cc92207ceeb2187c0720bc6ecdd2f5f8d887ca6f0cd93,6,1,273,0.545787545788,2.137362637363,1.512361597549,412.874716130991,-0.737640482077,-201.375851606987,1.526791277258,17.383333333333,-17.486996336996,11.800000000002,-10.399999999998,3.494505494505,2.981684981685,-42.288661003929,51.678777705108,1.190678129061,0.918325817652,0.000000000000,0.000000000000
R1C04_failed_48bar_all_liquid,failed_excursion_reversion,c8c63ffba2c5d3b0621cc92207ceeb2187c0720bc6ecdd2f5f8d887ca6f0cd93,8,-1,505,0.465346534653,-1.576237623762,-2.165004880069,-1093.327464434959,-4.342539392683,-2192.982393304894,-1.250027218296,14.124455445544,-13.204059405941,9.549999999996,-8.400000000000,4.061386138614,4.215841584158,-33.736114864864,23.802154091972,0.717187754980,0.511369841434,0.000000000000,0.000000000000
R1C04_failed_48bar_all_liquid,failed_excursion_reversion,c8c63ffba2c5d3b0621cc92207ceeb2187c0720bc6ecdd2f5f8d887ca6f0cd93,8,1,273,0.586080586081,2.938278388278,2.313277348465,631.524716131011,0.063275268839,17.274148393032,2.813674698793,19.337362637363,-19.942124542125,12.550000000002,-10.950000000000,4.454212454212,3.604395604396,-34.123164667686,49.733627378310,1.286373048780,1.006975643142,0.000000000000,0.000000000000
R1C04_failed_48bar_all_liquid,failed_excursion_reversion,c8c63ffba2c5d3b0621cc92207ceeb2187c0720bc6ecdd2f5f8d887ca6f0cd93,12,-1,505,0.427722772277,-3.103861386139,-3.692628642446,-1864.777464435001,-5.870163155059,-2964.432393304935,-2.550000000003,16.704356435643,-16.495643564357,11.900000000003,-10.400000000004,5.491089108911,6.146534653465,-42.519176361207,25.584575334720,0.626448232961,0.475059631258,0.000000000000,0.000000000000
R1C04_failed_48bar_all_liquid,failed_excursion_reversion,c8c63ffba2c5d3b0621cc92207ceeb2187c0720bc6ecdd2f5f8d887ca6f0cd93,12,1,273,0.567765567766,1.591758241758,0.966757201945,263.924716131012,-1.283244877681,-350.325851606967,4.669977511244,22.658974358974,-24.035164835165,16.600000000000,-12.599999999998,6.637362637363,4.923076923077,-54.588594578340,49.596982744511,1.089375192289,0.891581930473,0.000000000000,0.000000000000
R1C04_failed_48bar_all_liquid,failed_excursion_reversion,c8c63ffba2c5d3b0621cc92207ceeb2187c0720bc6ecdd2f5f8d887ca6f0cd93,16,-1,505,0.427722772277,-3.979603960396,-4.568371216703,-2307.027464434991,-6.745905729317,-3406.682393304925,-2.793028169013,18.694059405940,-19.499405940594,13.550000000001,-12.500000000000,7.295049504950,8.041584158416,-50.792130050918,28.783734390162,0.599215820888,0.468356282154,0.000000000000,0.000000000000
R1C04_failed_48bar_all_liquid,failed_excursion_reversion,c8c63ffba2c5d3b0621cc92207ceeb2187c0720bc6ecdd2f5f8d887ca6f0cd93,16,1,273,0.600732600733,3.042307692308,2.417306652495,659.924716130999,0.167304572868,45.674148393020,5.768452012382,25.100000000000,-26.734249084249,17.800000000000,-14.399999999998,8.369963369963,6.208791208791,-57.805395392798,52.234004093844,1.217510013449,1.013846740772,0.000000000000,0.000000000000
R1C04_failed_48bar_all_liquid,failed_excursion_reversion,c8c63ffba2c5d3b0621cc92207ceeb2187c0720bc6ecdd2f5f8d887ca6f0cd93,24,-1,505,0.396039603960,-6.763069306931,-7.351836563238,-3712.677464435030,-9.529371075851,-4812.332393304965,-4.809699170126,22.950396039604,-25.322871287129,16.049999999998,-16.399999999999,10.673267326733,12.697029702970,-65.085714309074,38.868968097674,0.527665858288,0.437225828908,0.000000000000,0.000000000000
R1C04_failed_48bar_all_liquid,failed_excursion_reversion,c8c63ffba2c5d3b0621cc92207ceeb2187c0720bc6ecdd2f5f8d887ca6f0cd93,24,1,273,0.593406593407,3.582234432234,2.957233392421,807.324716130995,0.707231312795,193.074148393016,5.665195369029,29.523443223443,-31.582417582418,20.949999999999,-18.750000000003,12.758241758242,10.219780219780,-72.030027919716,57.633294242899,1.221726208646,1.049426008016,0.000000000000,0.000000000000
R1C04_failed_48bar_all_liquid,failed_excursion_reversion,c8c63ffba2c5d3b0621cc92207ceeb2187c0720bc6ecdd2f5f8d887ca6f0cd93,32,-1,504,0.402777777778,-9.078968253968,-9.667911635784,-4872.627464435031,-11.845798399415,-5970.282393304965,-6.891865808823,26.881944444444,-31.277678571429,18.300000000001,-21.924999999999,13.956349206349,17.466269841270,-77.128051496174,49.739091316054,0.505346957427,0.432949772120,0.000000000000,0.000000000000
R1C04_failed_48bar_all_liquid,failed_excursion_reversion,c8c63ffba2c5d3b0621cc92207ceeb2187c0720bc6ecdd2f5f8d887ca6f0cd93,32,1,268,0.600746268657,3.266791044776,2.643337618940,708.414481875839,0.396430767267,106.243445627465,8.950276062946,33.686753731343,-37.718843283582,24.950000000001,-22.500000000001,16.750000000000,13.611940298507,-77.477747421414,67.357014619791,1.169161640923,1.023940039449,0.000000000000,0.000000000000
R1C04_failed_48bar_all_liquid,failed_excursion_reversion,c8c63ffba2c5d3b0621cc92207ceeb2187c0720bc6ecdd2f5f8d887ca6f0cd93,48,-1,500,0.390000000000,-12.102400000000,-12.691894813441,-6345.947406720257,-14.870884440322,-7435.442220160761,-8.759339190222,33.043000000000,-40.343900000000,22.300000000000,-28.849999999997,20.480000000000,26.420000000000,-82.021159574468,65.352760897055,0.477295093636,0.420051428262,0.000000000000,0.000000000000
R1C04_failed_48bar_all_liquid,failed_excursion_reversion,c8c63ffba2c5d3b0621cc92207ceeb2187c0720bc6ecdd2f5f8d887ca6f0cd93,48,1,262,0.580152671756,1.612595419847,0.988199420198,258.908248091885,-1.260592579101,-330.275255724350,5.614499737584,37.191603053435,-44.516030534351,29.575000000000,-28.400000000003,23.515267175573,21.011450381679,-84.900423615433,75.257255897664,1.054740957431,0.933783097850,0.000000000000,0.000000000000
R1C05_failed_prior_day,failed_excursion_reversion,d11c282ebdb4f8ca68e36904c707647706806db17dc14e04564d8101be2323d3,1,-1,291,0.463917525773,0.086597938144,-0.506473284133,-147.383725682818,-2.692615728689,-783.551177048376,-0.449068322980,5.451202749141,-5.106872852234,3.200000000001,-3.500000000000,0.982817869416,0.975945017182,-11.345565832847,12.742564394447,0.827415733999,0.375044044110,0.000000000000,0.000000000000
R1C05_failed_prior_day,failed_excursion_reversion,d11c282ebdb4f8ca68e36904c707647706806db17dc14e04564d8101be2323d3,1,1,157,0.547770700637,0.574840764331,-0.011520149214,-1.808663426630,-2.184241976305,-342.925990279942,0.341146711635,6.303821656051,-5.918471337579,4.700000000000,-3.600000000000,0.974522292994,0.955414012739,-13.740694341850,11.623271568414,0.996218464984,0.484923990539,0.000000000000,0.000000000000
R1C05_failed_prior_day,failed_excursion_reversion,d11c282ebdb4f8ca68e36904c707647706806db17dc14e04564d8101be2323d3,2,-1,291,0.463917525773,0.393127147766,-0.199944074511,-58.183725682770,-2.386086519066,-694.351177048329,-0.491426344505,8.105841924399,-6.956701030928,5.150000000000,-4.400000000004,1.477663230241,1.419243986254,-15.809403656327,14.810165829619,0.947671543310,0.537210107563,0.000000000000,0.000000000000
R1C05_failed_prior_day,failed_excursion_reversion,d11c282ebdb4f8ca68e36904c707647706806db17dc14e04564d8101be2323d3,2,1,157,0.566878980892,0.751592356688,0.165231443142,25.941336573342,-2.007490383949,-315.175990279970,1.388267394268,8.309554140127,-7.552229299363,6.850000000000,-4.800000000000,1.490445859873,1.305732484076,-18.279722279039,16.645425631432,1.044818768434,0.576669649191,0.000000000000,0.000000000000
R1C05_failed_prior_day,failed_excursion_reversion,d11c282ebdb4f8ca68e36904c707647706806db17dc14e04564d8101be2323d3,3,-1,291,0.422680412371,-0.279725085911,-0.872796308188,-253.983725682793,-3.058938752743,-890.151177048351,-1.129144786198,9.734020618556,-8.131271477663,6.299999999999,-5.349999999999,1.927835051546,1.907216494845,-19.675016205961,16.245343377404,0.815737964159,0.496890797840,0.000000000000,0.000000000000
R1C05_failed_prior_day,failed_excursion_reversion,d11c282ebdb4f8ca68e36904c707647706806db17dc14e04564d8101be2323d3,3,1,157,0.598726114650,1.660828025478,1.074467111932,168.691336573354,-1.098254715159,-172.425990279958,1.918452012385,10.018471337580,-8.874203821656,8.549999999997,-6.249999999997,2.089171974522,1.687898089172,-17.150073035197,16.074623839384,1.292548420087,0.764959719522,0.000000000000,0.000000000000
R1C05_failed_prior_day,failed_excursion_reversion,d11c282ebdb4f8ca68e36904c707647706806db17dc14e04564d8101be2323d3,4,-1,291,0.436426116838,-0.244158075601,-0.837229297879,-243.633725682807,-3.023371742434,-879.801177048366,-1.301756311746,10.747079037801,-9.191924398625,7.099999999997,-6.350000000000,2.357388316151,2.426116838488,-23.216973333327,16.131948980286,0.840785511401,0.539948427187,0.000000000000,0.000000000000
R1C05_failed_prior_day,failed_excursion_reversion,d11c282ebdb4f8ca68e36904c707647706806db17dc14e04564d8101be2323d3,4,1,157,0.662420382166,3.175159235669,2.588798322123,406.441336573354,0.416076495032,65.324009720042,3.300000000001,11.999363057325,-9.768789808917,10.050000000001,-6.400000000002,2.732484076433,2.012738853503,-16.926761983297,20.215256587584,1.731027895623,1.094553245663,0.000000000000,0.000000000000
R1C05_failed_prior_day,failed_excursion_reversion,d11c282ebdb4f8ca68e36904c707647706806db17dc14e04564d8101be2323d3,6,-1,291,0.470790378007,-1.525601374571,-2.118672596848,-616.533725682806,-4.304815041403,-1252.701177048364,-1.700000000000,12.783161512027,-11.538659793814,8.249999999998,-7.650000000001,3.288659793814,3.378006872852,-27.924299356312,19.529669845755,0.694793353951,0.474370630847,0.000000000000,0.000000000000
R1C05_failed_prior_day,failed_excursion_reversion,d11c282ebdb4f8ca68e36904c707647706806db17dc14e04564d8101be2323d3,6,1,157,0.687898089172,6.222292993631,5.635932080085,884.841336573370,3.463210252994,543.724009720058,4.829248197734,15.986942675159,-10.614968152866,13.300000000001,-7.299999999998,3.891719745223,2.547770700637,-19.179571609356,31.603824027072,2.675337244632,1.840285954432,0.000000000000,0.000000000000
R1C05_failed_prior_day,failed_excursion_reversion,d11c282ebdb4f8ca68e36904c707647706806db17dc14e04564d8101be2323d3,8,-1,290,0.413793103448,-3.298620689655,-3.891758400115,-1128.609936033378,-6.078033821035,-1762.629808100105,-3.124999999999,14.130862068965,-14.107758620690,9.550000000000,-8.574999999998,3.972413793103,4.482758620690,-34.383900328625,22.038438777170,0.556264334411,0.398805596210,0.000000000000,0.000000000000
R1C05_failed_prior_day,failed_excursion_reversion,d11c282ebdb4f8ca68e36904c707647706806db17dc14e04564d8101be2323d3,8,1,157,0.681528662420,6.934076433121,6.347715519575,996.591336573342,4.174993692484,655.474009720030,5.868636755825,17.909872611465,-11.534076433121,14.650000000000,-7.700000000000,4.872611464968,2.974522292994,-19.004112302212,34.050000000002,2.572110284874,1.870548010514,0.000000000000,0.000000000000
R1C05_failed_prior_day,failed_excursion_reversion,d11c282ebdb4f8ca68e36904c707647706806db17dc14e04564d8101be2323d3,12,-1,290,0.389655172414,-4.530344827586,-5.123482538046,-1485.809936033395,-7.309757958966,-2119.829808100123,-4.119683626875,16.066896551724,-17.429827586207,10.524999999998,-10.724999999998,5.279310344828,6.275862068966,-42.423176106060,24.135951351351,0.538965426304,0.415182398116,0.000000000000,0.000000000000
R1C05_failed_prior_day,failed_excursion_reversion,d11c282ebdb4f8ca68e36904c707647706806db17dc14e04564d8101be2323d3,12,1,157,0.732484076433,8.957006369427,8.370645455881,1314.191336573352,6.197923628790,973.074009720040,7.922426177176,20.779617834395,-12.840445859872,18.100000000001,-8.850000000001,6.898089171975,4.000000000000,-24.292495405092,37.759087815512,3.025614871952,2.294378389345,0.000000000000,0.000000000000
R1C05_failed_prior_day,failed_excursion_reversion,d11c282ebdb4f8ca68e36904c707647706806db17dc14e04564d8101be2323d3,16,-1,288,0.378472222222,-4.769270833333,-5.362170288755,-1544.305043161547,-7.547969199599,-2173.815129484618,-4.805023170537,18.346006944444,-19.828298611111,12.124999999999,-11.800000000001,6.760416666667,8.256944444444,-47.956380148742,28.619649529537,0.546994876367,0.429252391812,0.000000000000,0.000000000000
R1C05_failed_prior_day,failed_excursion_reversion,d11c282ebdb4f8ca68e36904c707647706806db17dc14e04564d8101be2323d3,16,1,157,0.789808917197,15.200955414013,14.614594500467,2294.491336573369,12.441872673376,1953.374009720057,10.837297570846,28.939490445860,-14.737898089172,21.899999999999,-9.600000000003,10.312101910828,5.363057324841,-33.770000000001,64.586425741990,4.150794564442,3.436959765759,0.000000000000,0.000000000000
R1C05_failed_prior_day,failed_excursion_reversion,d11c282ebdb4f8ca68e36904c707647706806db17dc14e04564d8101be2323d3,24,-1,287,0.414634146341,-5.458536585366,-6.051591986439,-1736.806900107895,-8.237702788584,-2364.220700323676,-3.499999999997,22.619337979094,-23.875435540070,17.599999999999,-15.850000000000,10.648083623693,12.662020905923,-55.042012484334,31.610440321863,0.562468686364,0.456467972350,0.000000000000,0.000000000000
R1C05_failed_prior_day,failed_excursion_reversion,d11c282ebdb4f8ca68e36904c707647706806db17dc14e04564d8101be2323d3,24,1,157,0.808917197452,21.290445859873,20.704084946327,3250.541336573371,18.531363119236,2909.424009720059,16.897457627113,38.056050955414,-17.141401273885,28.750000000002,-10.449999999997,15.796178343949,7.292993630573,-39.411886879928,100.707699115045,4.673126876519,4.036778431065,0.000000000000,0.000000000000
R1C05_failed_prior_day,failed_excursion_reversion,d11c282ebdb4f8ca68e36904c707647706806db17dc14e04564d8101be2323d3,32,-1,287,0.404181184669,-7.462717770035,-8.055773171108,-2312.006900107908,-10.241883973253,-2939.420700323688,-6.778036895229,26.308013937282,-28.921602787457,19.799999999998,-21.450000000002,14.006968641115,17.362369337979,-64.382061973461,38.345711181493,0.536699921153,0.452954943760,0.000000000000,0.000000000000
R1C05_failed_prior_day,failed_excursion_reversion,d11c282ebdb4f8ca68e36904c707647706806db17dc14e04564d8101be2323d3,32,1,155,0.800000000000,23.297741935484,22.711740761779,3520.319818075707,20.539738414368,3183.659454227109,17.360333470560,44.681612903226,-20.844838709677,31.500000000000,-11.649999999997,20.470967741935,10.883870967742,-46.925012787723,116.448485931219,4.199423061712,3.720219099482,0.000000000000,0.000000000000
R1C05_failed_prior_day,failed_excursion_reversion,d11c282ebdb4f8ca68e36904c707647706806db17dc14e04564d8101be2323d3,48,-1,286,0.377622377622,-14.907167832168,-15.500252383909,-4433.072181798034,-17.686421487392,-5058.316545394096,-8.900738984941,31.478671328671,-38.582692307692,24.050000000000,-27.025000000002,20.608391608392,26.552447552448,-104.826187835827,46.406834237142,0.354096512661,0.303148152417,0.000000000000,0.000000000000
R1C05_failed_prior_day,failed_excursion_reversion,d11c282ebdb4f8ca68e36904c707647706806db17dc14e04564d8101be2323d3,48,1,155,0.748387096774,26.348064516129,25.762063342424,3993.119818075708,23.590060995014,3656.459454227110,19.700000000000,51.460000000000,-25.128064516129,41.849999999999,-13.799999999998,28.741935483871,15.296774193548,-44.915000000000,110.941610601534,4.173551923577,3.715511416119,0.000000000000,0.000000000000
R1C06_failed_london_open_07_09,failed_excursion_reversion,e1454bb4248d56ee2082c0b60f500d503b36a154b309a1a87a48a97f6ea29dac,1,-1,240,0.400000000000,-1.009791666667,-1.575004564104,-378.001095385039,-3.705430358980,-889.303286155112,-1.258486713287,5.679583333333,-6.226458333333,3.750000000001,-3.450000000001,0.970833333333,0.966666666667,-15.098768457054,10.822727655428,0.599203447726,0.304345057956,0.000000000000,0.000000000000
R1C06_failed_london_open_07_09,failed_excursion_reversion,e1454bb4248d56ee2082c0b60f500d503b36a154b309a1a87a48a97f6ea29dac,1,1,251,0.490039840637,0.571115537849,-0.019879130223,-4.989661685988,-2.201868466366,-552.668985057960,-0.100000000001,5.970517928287,-6.120119521912,3.850000000000,-3.449999999998,0.984063745020,0.968127490040,-13.043190106641,11.378121397869,0.993480446629,0.495242611465,0.000000000000,0.000000000000
R1C06_failed_london_open_07_09,failed_excursion_reversion,e1454bb4248d56ee2082c0b60f500d503b36a154b309a1a87a48a97f6ea29dac,2,-1,240,0.458333333333,-1.798333333333,-2.363546230771,-567.251095385040,-4.493972025646,-1078.553286155114,-0.936066965619,7.974375000000,-8.954791666667,5.075000000002,-5.350000000001,1.445833333333,1.462500000000,-23.359003482656,13.173279382470,0.574198605586,0.341165366788,0.000000000000,0.000000000000
R1C06_failed_london_open_07_09,failed_excursion_reversion,e1454bb4248d56ee2082c0b60f500d503b36a154b309a1a87a48a97f6ea29dac,2,1,251,0.494023904382,0.227888446215,-0.363106221856,-91.139661685966,-2.545095558000,-638.818985057938,-0.306186868684,8.554780876494,-9.153585657370,5.300000000000,-5.449999999996,1.517928286853,1.422310756972,-21.737915766796,18.669170992173,0.924582532530,0.577941882569,0.000000000000,0.000000000000
R1C06_failed_london_open_07_09,failed_excursion_reversion,e1454bb4248d56ee2082c0b60f500d503b36a154b309a1a87a48a97f6ea29dac,3,-1,240,0.437500000000,-1.505416666667,-2.070629564104,-496.951095385045,-4.201055358980,-1008.253286155119,-1.184785522789,9.996875000000,-10.729791666667,6.250000000001,-6.374999999997,1.858333333333,1.983333333333,-27.550604240259,19.041230863443,0.682227040573,0.458288735652,0.000000000000,0.000000000000
R1C06_failed_london_open_07_09,failed_excursion_reversion,e1454bb4248d56ee2082c0b60f500d503b36a154b309a1a87a48a97f6ea29dac,3,1,251,0.517928286853,0.967729083665,0.376734415594,94.560338314009,-1.805254920550,-453.118985057963,0.400000000001,10.427689243028,-10.684262948207,7.149999999999,-6.449999999998,2.083665338645,1.844621513944,-20.438972505413,21.906125471190,1.077078988091,0.702545280676,0.000000000000,0.000000000000
R1C06_failed_london_open_07_09,failed_excursion_reversion,e1454bb4248d56ee2082c0b60f500d503b36a154b309a1a87a48a97f6ea29dac,4,-1,240,0.466666666667,-0.909791666667,-1.475004564104,-354.001095385029,-3.605430358980,-865.303286155103,-0.900000000002,11.738958333333,-11.827291666667,7.600000000001,-7.199999999997,2.333333333333,2.354166666667,-29.408509845998,24.951050401428,0.783163758255,0.549177815086,0.000000000000,0.000000000000
R1C06_failed_london_open_07_09,failed_excursion_reversion,e1454bb4248d56ee2082c0b60f500d503b36a154b309a1a87a48a97f6ea29dac,4,1,251,0.549800796813,1.321314741036,0.730320072964,183.310338314036,-1.451669263179,-364.368985057936,1.395281638625,11.766932270916,-12.155179282868,8.199999999999,-7.399999999996,2.617529880478,2.262948207171,-26.899986923525,25.043825301204,1.133015327304,0.779204877798,0.000000000000,0.000000000000
R1C06_failed_london_open_07_09,failed_excursion_reversion,e1454bb4248d56ee2082c0b60f500d503b36a154b309a1a87a48a97f6ea29dac,6,-1,240,0.491666666667,-1.702708333333,-2.267921230771,-544.301095385023,-4.398347025646,-1055.603286155096,-0.339567552692,14.313958333333,-14.973958333333,9.525000000002,-8.775000000001,3.325000000000,3.225000000000,-36.863850552916,28.477942242505,0.742680255411,0.559134799489,0.000000000000,0.000000000000
R1C06_failed_london_open_07_09,failed_excursion_reversion,e1454bb4248d56ee2082c0b60f500d503b36a154b309a1a87a48a97f6ea29dac,6,1,251,0.585657370518,1.839043824701,1.248049156630,313.260338314027,-0.933940179514,-234.418985057945,2.346882871537,14.641633466135,-15.521513944223,9.700000000001,-8.249999999998,3.693227091633,2.988047808765,-32.420309580741,34.615203804349,1.187376696602,0.878369933689,0.000000000000,0.000000000000
R1C06_failed_london_open_07_09,failed_excursion_reversion,e1454bb4248d56ee2082c0b60f500d503b36a154b309a1a87a48a97f6ea29dac,8,-1,240,0.450000000000,-2.400416666667,-2.965629564104,-711.751095385014,-5.096055358980,-1223.053286155087,-2.044760479043,16.522500000000,-16.830625000000,11.525000000000,-10.550000000001,4.150000000000,4.179166666667,-35.626343379607,28.895800000001,0.707774225772,0.552430022215,0.000000000000,0.000000000000
R1C06_failed_london_open_07_09,failed_excursion_reversion,e1454bb4248d56ee2082c0b60f500d503b36a154b309a1a87a48a97f6ea29dac,8,1,251,0.625498007968,4.999402390438,4.408407722367,1106.510338314059,2.226418386223,558.831014942087,3.969780971937,17.908167330677,-16.665139442231,11.999999999998,-9.050000000002,5.087649402390,3.529880478088,-32.353380386330,43.008538747201,1.728425505106,1.319563705132,0.000000000000,0.000000000000
R1C06_failed_london_open_07_09,failed_excursion_reversion,e1454bb4248d56ee2082c0b60f500d503b36a154b309a1a87a48a97f6ea29dac,12,-1,240,0.458333333333,-2.641458333333,-3.206671230771,-769.601095385058,-5.337097025646,-1280.903286155132,-3.549999999999,21.345000000000,-21.725416666667,14.024999999999,-14.399999999999,5.962500000000,6.158333333333,-44.071880424650,40.574646596858,0.759151268716,0.632633083983,0.000000000000,0.000000000000
R1C06_failed_london_open_07_09,failed_excursion_reversion,e1454bb4248d56ee2082c0b60f500d503b36a154b309a1a87a48a97f6ea29dac,12,1,251,0.557768924303,5.710956175299,5.119961507227,1285.110338314028,2.937972171084,737.431014942056,2.836762481087,21.555976095618,-19.807370517928,15.499999999997,-12.700000000001,6.888446215139,4.996015936255,-35.868734015346,47.801663469863,1.723585973585,1.362807337620,0.000000000000,0.000000000000
R1C06_failed_london_open_07_09,failed_excursion_reversion,e1454bb4248d56ee2082c0b60f500d503b36a154b309a1a87a48a97f6ea29dac,16,-1,240,0.454166666667,-4.190208333333,-4.755421230771,-1141.301095385034,-6.885847025646,-1652.603286155108,-4.929984779301,25.073958333333,-25.740208333333,16.449999999999,-19.199999999999,7.625000000000,8.070833333333,-55.626901150155,56.179699798354,0.697357249985,0.593429718293,0.000000000000,0.000000000000
R1C06_failed_london_open_07_09,failed_excursion_reversion,e1454bb4248d56ee2082c0b60f500d503b36a154b309a1a87a48a97f6ea29dac,16,1,251,0.581673306773,4.695019920319,4.104025252247,1030.110338314021,1.922035916104,482.431014942049,3.577839335183,24.005179282869,-22.740239043825,18.250000000000,-15.499999999997,8.752988047809,6.274900398406,-44.050293646555,48.488219703267,1.488396217164,1.204725277688,0.000000000000,0.000000000000
R1C06_failed_london_open_07_09,failed_excursion_reversion,e1454bb4248d56ee2082c0b60f500d503b36a154b309a1a87a48a97f6ea29dac,24,-1,240,0.441666666667,-6.176041666667,-6.741254564104,-1617.901095385039,-8.871680358980,-2129.203286155112,-5.560011507481,28.866666666667,-29.455625000000,18.550000000002,-21.650000000000,9.358333333333,10.725000000000,-73.590831398286,57.057759614607,0.609310587195,0.520730504138,0.000000000000,0.000000000000
R1C06_failed_london_open_07_09,failed_excursion_reversion,e1454bb4248d56ee2082c0b60f500d503b36a154b309a1a87a48a97f6ea29dac,24,1,246,0.642276422764,6.278252032520,5.685647433311,1398.669268594441,3.500438234891,861.107805783289,5.082483847809,27.861788617886,-25.784349593496,21.150000000002,-17.925000000001,12.349593495935,8.353658536585,-48.666531627173,58.899410035541,1.675557271977,1.377347926696,0.000000000000,0.000000000000
R1C06_failed_london_open_07_09,failed_excursion_reversion,e1454bb4248d56ee2082c0b60f500d503b36a154b309a1a87a48a97f6ea29dac,32,-1,239,0.439330543933,-7.654602510460,-8.220088265209,-1964.601095385037,-10.351059774708,-2473.903286155110,-7.650000000001,30.833472803347,-31.715062761506,19.099999999997,-21.850000000001,11.866108786611,13.309623430962,-85.787412177987,55.425000000001,0.567344553690,0.488060249479,0.000000000000,0.000000000000
R1C06_failed_london_open_07_09,failed_excursion_reversion,e1454bb4248d56ee2082c0b60f500d503b36a154b309a1a87a48a97f6ea29dac,32,1,245,0.604081632653,4.282857142857,3.690271996644,904.116639177825,1.505101704218,368.749917533476,5.945281638625,29.335510204082,-27.865102040816,22.700000000000,-19.550000000001,14.897959183673,10.383673469388,-52.289287749290,50.742368605630,1.359039262706,1.134192820853,0.000000000000,0.000000000000
R1C06_failed_london_open_07_09,failed_excursion_reversion,e1454bb4248d56ee2082c0b60f500d503b36a154b309a1a87a48a97f6ea29dac,48,-1,232,0.465517241379,-7.287715517241,-7.854963726315,-1822.351584505137,-9.989460144463,-2317.554753515396,-3.750117437721,34.607327586207,-39.213362068965,20.849999999999,-25.575000000002,17.456896551724,20.081896551724,-78.090261430043,66.993673723497,0.642510407482,0.568617481244,0.000000000000,0.000000000000
R1C06_failed_london_open_07_09,failed_excursion_reversion,e1454bb4248d56ee2082c0b60f500d503b36a154b309a1a87a48a97f6ea29dac,48,1,239,0.581589958159,2.104184100418,1.539004940417,367.822180759549,-0.591353379587,-141.333457721365,5.418684257447,33.974476987448,-37.312343096234,28.650000000002,-23.800000000000,22.615062761506,18.075313807531,-59.970000000002,63.523004734291,1.104880286562,0.962085170177,0.000000000000,0.000000000000
R1D01_legacy_compression_4v4,compression_expansion,07097a0c958d4f116f3718e4128a2de038164a8d3d185219c751dbb7330abba2,1,-1,231,0.389610389610,-0.466883116883,-1.057827276977,-244.358100981751,-3.239715597165,-748.374302945219,-1.803553615959,5.782251082251,-6.133333333333,3.550000000004,-4.249999999999,0.965367965368,0.991341991342,-13.790990662989,13.214045404814,0.709281568247,0.365846561331,0.000000000000,0.000000000000
R1D01_legacy_compression_4v4,compression_expansion,07097a0c958d4f116f3718e4128a2de038164a8d3d185219c751dbb7330abba2,1,1,304,0.447368421053,0.378618421053,-0.185698507617,-56.452346315432,-2.314332364955,-703.557038946236,-0.400000000000,5.095888157895,-4.759703947369,3.450000000001,-3.000000000000,0.976973684211,0.983552631579,-10.654911925677,10.186918258822,0.920673695824,0.377970112888,0.000000000000,0.000000000000
R1D01_legacy_compression_4v4,compression_expansion,07097a0c958d4f116f3718e4128a2de038164a8d3d185219c751dbb7330abba2,2,-1,231,0.441558441558,-0.182034632035,-0.772978792129,-178.558100981760,-2.954867112317,-682.574302945229,-1.249999999999,8.846536796537,-8.536796536797,5.250000000004,-5.649999999997,1.402597402597,1.523809523810,-18.861136439280,19.210564643213,0.837883248947,0.517273418374,0.000000000000,0.000000000000
R1D01_legacy_compression_4v4,compression_expansion,07097a0c958d4f116f3718e4128a2de038164a8d3d185219c751dbb7330abba2,2,1,304,0.493421052632,0.628782894737,0.064465966068,19.597653684552,-2.064167891271,-627.507038946252,-0.113725342133,7.448684210526,-7.143421052632,4.650000000001,-4.175000000001,1.496710526316,1.424342105263,-15.016725474665,15.425655974412,1.018733458061,0.556268156705,0.000000000000,0.000000000000
R1D01_legacy_compression_4v4,compression_expansion,07097a0c958d4f116f3718e4128a2de038164a8d3d185219c751dbb7330abba2,3,-1,231,0.389610389610,-1.041558441558,-1.632502601653,-377.108100981729,-3.814390921841,-881.124302945198,-2.189673913044,10.581818181818,-10.275324675325,6.150000000000,-7.199999999995,1.800865800866,2.069264069264,-20.919490500863,18.773228171670,0.719181728985,0.474961031912,0.000000000000,0.000000000000
R1D01_legacy_compression_4v4,compression_expansion,07097a0c958d4f116f3718e4128a2de038164a8d3d185219c751dbb7330abba2,3,1,304,0.486842105263,0.995888157895,0.431571229226,131.197653684570,-1.697062628113,-515.907038946234,-0.588648248502,9.457236842105,-8.748684210526,6.424999999999,-5.499999999998,2.032894736842,1.878289473684,-14.392206554879,20.212894736841,1.108443425270,0.672684530130,0.000000000000,0.000000000000
R1D01_legacy_compression_4v4,compression_expansion,07097a0c958d4f116f3718e4128a2de038164a8d3d185219c751dbb7330abba2,4,-1,231,0.376623376623,-1.390476190476,-1.981420350570,-457.708100981776,-4.163308670759,-961.724302945245,-2.850558943088,11.937878787879,-11.353463203463,7.600000000002,-8.850000000001,2.298701298701,2.580086580087,-24.488341738357,20.893248874716,0.683705623736,0.460344144451,0.000000000000,0.000000000000
R1D01_legacy_compression_4v4,compression_expansion,07097a0c958d4f116f3718e4128a2de038164a8d3d185219c751dbb7330abba2,4,1,304,0.509868421053,1.850164473684,1.285847545015,390.897653684562,-0.842786312323,-256.207038946242,0.266832440705,11.003618421053,-10.077302631579,7.674999999999,-6.299999999999,2.476973684211,2.315789473684,-17.776368750000,24.452469125807,1.302436783779,0.843511554525,0.000000000000,0.000000000000
R1D01_legacy_compression_4v4,compression_expansion,07097a0c958d4f116f3718e4128a2de038164a8d3d185219c751dbb7330abba2,6,-1,231,0.385281385281,-2.097835497835,-2.688779657930,-621.108100981735,-4.870667978118,-1125.124302945204,-4.123809523810,15.041991341991,-13.967316017316,9.150000000000,-10.500000000002,2.991341991342,3.675324675325,-33.560997966522,26.706263919821,0.674570099782,0.497538570111,0.000000000000,0.000000000000
R1D01_legacy_compression_4v4,compression_expansion,07097a0c958d4f116f3718e4128a2de038164a8d3d185219c751dbb7330abba2,6,1,304,0.539473684211,1.742927631579,1.178610702910,358.297653684586,-0.950023154428,-288.807038946218,0.957457440705,13.705592105263,-13.102302631579,9.025000000000,-8.100000000002,3.523026315789,3.154605263158,-29.403330288462,32.232700985304,1.196174095946,0.865632364053,0.000000000000,0.000000000000
R1D01_legacy_compression_4v4,compression_expansion,07097a0c958d4f116f3718e4128a2de038164a8d3d185219c751dbb7330abba2,8,-1,231,0.393939393939,-1.797402597402,-2.388346757497,-551.708100981708,-4.570235077685,-1055.724302945176,-3.500000000003,17.252597402597,-16.096103896104,10.799999999998,-12.299999999999,3.766233766234,4.887445887446,-38.206399173664,36.029178697465,0.742868739407,0.570712153035,0.000000000000,0.000000000000
R1D01_legacy_compression_4v4,compression_expansion,07097a0c958d4f116f3718e4128a2de038164a8d3d185219c751dbb7330abba2,8,1,304,0.559210526316,2.402138157895,1.837821229226,558.697653684576,-0.290812628113,-88.407038946228,1.839570965212,15.850328947368,-15.287171052632,11.149999999999,-9.524999999999,4.467105263158,3.963815789474,-27.906601346002,34.564519304476,1.280790291355,0.961529068880,0.000000000000,0.000000000000
R1D01_legacy_compression_4v4,compression_expansion,07097a0c958d4f116f3718e4128a2de038164a8d3d185219c751dbb7330abba2,12,-1,231,0.437229437229,-4.651298701299,-5.242242861393,-1210.958100981739,-7.424131181581,-1714.974302945208,-5.949999999999,21.417965367965,-21.677056277056,12.599999999998,-15.699999999998,5.316017316017,6.974025974026,-54.585450581895,46.354178697464,0.616762118374,0.504936136512,0.000000000000,0.000000000000
R1D01_legacy_compression_4v4,compression_expansion,07097a0c958d4f116f3718e4128a2de038164a8d3d185219c751dbb7330abba2,12,1,304,0.555921052632,3.556414473684,2.992097545015,909.597653684581,0.863463687677,262.492961053777,2.238698630137,19.162171052631,-19.040625000000,12.925000000000,-12.349999999999,6.447368421053,5.786184210526,-35.198807034095,37.712267511746,1.417574879598,1.105929823515,0.000000000000,0.000000000000
R1D01_legacy_compression_4v4,compression_expansion,07097a0c958d4f116f3718e4128a2de038164a8d3d185219c751dbb7330abba2,16,-1,231,0.380952380952,-6.266233766234,-6.857177926328,-1584.008100981702,-9.039066246516,-2088.024302945171,-7.273876481940,23.908008658009,-24.924025974026,14.400000000001,-16.950000000000,6.688311688312,8.549783549784,-54.995551994275,41.971524070428,0.560345523731,0.467974738065,0.000000000000,0.000000000000
R1D01_legacy_compression_4v4,compression_expansion,07097a0c958d4f116f3718e4128a2de038164a8d3d185219c751dbb7330abba2,16,1,304,0.592105263158,5.823848684210,5.259531755541,1598.897653684563,3.130897898203,951.792961053760,4.498874104402,22.672039473684,-21.025328947368,15.250000000000,-13.450000000000,8.598684210526,7.138157894737,-35.990389551695,48.732017602912,1.702820019486,1.372338091133,0.000000000000,0.000000000000
R1D01_legacy_compression_4v4,compression_expansion,07097a0c958d4f116f3718e4128a2de038164a8d3d185219c751dbb7330abba2,24,-1,231,0.367965367965,-8.748701298701,-9.339645458795,-2157.458100981737,-11.521533778984,-2661.474302945205,-8.699999999999,27.818181818182,-30.312337662338,18.350000000001,-21.999999999997,9.467532467532,12.900432900433,-69.277170892529,45.165136742259,0.507692462808,0.434590050733,0.000000000000,0.000000000000
R1D01_legacy_compression_4v4,compression_expansion,07097a0c958d4f116f3718e4128a2de038164a8d3d185219c751dbb7330abba2,24,1,304,0.582236842105,7.646875000000,7.082558071331,2153.097653684572,4.953924213993,1505.992961053768,4.799407067231,28.895065789474,-26.030427631579,19.324999999999,-16.625000000001,12.263157894737,10.269736842105,-49.171122500830,65.549163273600,1.762151839429,1.484137258908,0.000000000000,0.000000000000
R1D01_legacy_compression_4v4,compression_expansion,07097a0c958d4f116f3718e4128a2de038164a8d3d185219c751dbb7330abba2,32,-1,230,0.373913043478,-10.796739130435,-11.385888135628,-2618.754271194541,-13.564186146015,-3119.762813583540,-10.498129734850,30.557391304348,-33.535869565218,21.350000000000,-24.350000000001,11.808695652174,16.378260869565,-84.383656301880,52.488671162237,0.452535591360,0.389568171579,0.000000000000,0.000000000000
R1D01_legacy_compression_4v4,compression_expansion,07097a0c958d4f116f3718e4128a2de038164a8d3d185219c751dbb7330abba2,32,1,304,0.601973684211,10.275164473684,9.710847545015,2952.097653684593,7.582213687677,2304.992961053789,5.966584337010,33.035855263158,-28.065953947368,21.374999999998,-17.325000000001,15.700657894737,12.407894736842,-43.134461538464,80.236858701824,2.086322165968,1.772129971133,0.000000000000,0.000000000000
R1D01_legacy_compression_4v4,compression_expansion,07097a0c958d4f116f3718e4128a2de038164a8d3d185219c751dbb7330abba2,48,-1,220,0.354545454545,-9.617045454546,-10.192116344717,-2242.265595837734,-12.342258125060,-2715.296787513156,-9.374999999999,34.380227272727,-37.243636363637,24.700000000001,-28.999999999999,15.645454545455,23.595454545455,-87.401187602017,68.194610206835,0.534781014026,0.470970771917,0.000000000000,0.000000000000
R1D01_legacy_compression_4v4,compression_expansion,07097a0c958d4f116f3718e4128a2de038164a8d3d185219c751dbb7330abba2,48,1,301,0.571428571429,10.088870431894,9.523956495118,2866.710905030614,7.394128621568,2225.632715091916,7.149999999998,38.854485049834,-33.237375415282,27.400000000000,-21.099999999998,22.538205980066,18.355481727575,-63.474014107086,87.259948137671,1.804519964977,1.578648086781,0.000000000000,0.000000000000
R1D02_legacy_compression_8v8,compression_expansion,af5346345fa844ff9d83ac5c60c99009f97967b9f0ea2aa1bc110a357bf621ec,1,-1,155,0.438709677419,-0.200967741935,-0.809197403033,-125.425597470072,-3.025656725228,-468.976792410273,-1.700000000003,7.842580645161,-6.680000000000,4.450000000000,-4.100000000000,0.987096774194,0.980645161290,-16.754533972788,15.706343370007,0.812082532834,0.467839200865,0.000000000000,0.000000000000
R1D02_legacy_compression_8v8,compression_expansion,af5346345fa844ff9d83ac5c60c99009f97967b9f0ea2aa1bc110a357bf621ec,1,1,169,0.455621301775,1.433727810651,0.868556127956,146.785985624617,-1.261787237433,-213.242043126110,-0.422734852695,6.117751479290,-4.705029585799,3.499999999997,-2.850000000001,0.988165680473,0.964497041420,-9.605807954331,12.176630897397,1.390313544244,0.647836426971,0.000000000000,0.000000000000
R1D02_legacy_compression_8v8,compression_expansion,af5346345fa844ff9d83ac5c60c99009f97967b9f0ea2aa1bc110a357bf621ec,2,-1,155,0.477419354839,-0.120000000000,-0.728229661098,-112.875597470118,-2.944688983292,-456.426792410320,-1.625376196991,11.061612903226,-9.305161290323,6.999999999999,-5.649999999997,1.406451612903,1.516129032258,-21.345004517381,21.297169385251,0.869173102400,0.572019839904,0.000000000000,0.000000000000
R1D02_legacy_compression_8v8,compression_expansion,af5346345fa844ff9d83ac5c60c99009f97967b9f0ea2aa1bc110a357bf621ec,2,1,169,0.449704142012,1.085798816568,0.520627133873,87.985985624592,-1.609716231516,-272.042043126135,-0.549999999999,8.581952662722,-8.073964497042,4.800000000000,-4.849999999999,1.485207100592,1.473372781065,-13.398836014717,18.164048344281,1.136041171384,0.683923548863,0.000000000000,0.000000000000
R1D02_legacy_compression_8v8,compression_expansion,af5346345fa844ff9d83ac5c60c99009f97967b9f0ea2aa1bc110a357bf621ec,3,-1,155,0.400000000000,-1.626451612903,-2.234681274000,-346.375597470074,-4.451140596195,-689.926792410275,-3.146873496873,12.698387096774,-11.785161290323,7.800000000006,-7.650000000001,1.793548387097,2.083870967742,-29.543823835285,25.969570735704,0.702948290261,0.501180569525,0.000000000000,0.000000000000
R1D02_legacy_compression_8v8,compression_expansion,af5346345fa844ff9d83ac5c60c99009f97967b9f0ea2aa1bc110a357bf621ec,3,1,169,0.461538461538,0.100591715976,-0.464579966718,-78.514014375419,-2.594923332107,-438.542043126146,-0.771802841918,9.733727810651,-10.419230769231,5.650000000000,-6.299999999999,1.934911242604,1.964497041420,-21.551170163169,20.058088397955,0.907264972817,0.587954817063,0.000000000000,0.000000000000
R1D02_legacy_compression_8v8,compression_expansion,af5346345fa844ff9d83ac5c60c99009f97967b9f0ea2aa1bc110a357bf621ec,4,-1,155,0.406451612903,-2.040645161290,-2.648874822388,-410.575597470099,-4.865334144583,-754.126792410300,-3.982103825134,14.264193548387,-13.310967741936,9.050000000002,-8.850000000001,2.225806451613,2.658064516129,-36.732120825886,25.003943661972,0.678622727501,0.495740881583,0.000000000000,0.000000000000
R1D02_legacy_compression_8v8,compression_expansion,af5346345fa844ff9d83ac5c60c99009f97967b9f0ea2aa1bc110a357bf621ec,4,1,169,0.443786982249,0.760355029586,0.195183346891,32.985985624608,-1.935160018498,-327.042043126119,-0.700000000001,10.971301775148,-13.005621301775,6.999999999999,-7.800000000000,2.343195266272,2.479289940828,-19.497700534760,21.174400635819,1.039765093696,0.686470460061,0.000000000000,0.000000000000
R1D02_legacy_compression_8v8,compression_expansion,af5346345fa844ff9d83ac5c60c99009f97967b9f0ea2aa1bc110a357bf621ec,6,-1,155,0.412903225806,-0.754193548387,-1.362423209485,-211.175597470099,-3.578882531679,-554.726792410300,-3.906186868687,17.263548387097,-16.063870967742,10.399999999998,-11.399999999998,2.819354838710,3.741935483871,-36.135765027322,38.250391352942,0.855468023394,0.668208397919,0.000000000000,0.000000000000
R1D02_legacy_compression_8v8,compression_expansion,af5346345fa844ff9d83ac5c60c99009f97967b9f0ea2aa1bc110a357bf621ec,6,1,169,0.508875739645,1.290236686390,0.725065003696,122.535985624625,-1.405278361693,-237.492043126102,0.350000000003,13.924852071006,-16.299112426036,9.000000000000,-9.000000000000,3.272189349112,3.319526627219,-35.516812763244,34.160517324093,1.113447241989,0.812480396694,0.000000000000,0.000000000000
R1D02_legacy_compression_8v8,compression_expansion,af5346345fa844ff9d83ac5c60c99009f97967b9f0ea2aa1bc110a357bf621ec,8,-1,155,0.400000000000,-3.595806451613,-4.204036112710,-651.625597470095,-6.420495434905,-995.176792410296,-5.550000000000,18.954193548387,-19.708387096774,12.199999999999,-13.499999999999,3.658064516129,4.903225806452,-43.833986814712,33.528952363555,0.651422920372,0.520854217950,0.000000000000,0.000000000000
R1D02_legacy_compression_8v8,compression_expansion,af5346345fa844ff9d83ac5c60c99009f97967b9f0ea2aa1bc110a357bf621ec,8,1,169,0.502958579882,1.402662721893,0.837491039199,141.535985624622,-1.292852326190,-218.492043126105,0.063853727148,16.145266272189,-18.455621301775,10.249999999999,-11.400000000000,4.343195266272,4.260355029586,-25.948105013818,32.854677943898,1.110341839882,0.851994945966,0.000000000000,0.000000000000
R1D02_legacy_compression_8v8,compression_expansion,af5346345fa844ff9d83ac5c60c99009f97967b9f0ea2aa1bc110a357bf621ec,12,-1,155,0.419354838710,-5.330967741935,-5.939197403033,-920.575597470090,-8.155656725228,-1264.126792410291,-6.705725806449,22.579354838710,-24.679354838710,14.049999999997,-17.250000000004,5.148387096774,6.683870967742,-54.932518893818,46.840850176452,0.620460706295,0.520027474370,0.000000000000,0.000000000000
R1D02_legacy_compression_8v8,compression_expansion,af5346345fa844ff9d83ac5c60c99009f97967b9f0ea2aa1bc110a357bf621ec,12,1,169,0.544378698225,4.286686390532,3.721514707838,628.935985624596,1.591171342449,268.907956873869,2.050000000002,20.347041420118,-23.634319526627,12.150000000000,-14.400000000001,6.491124260355,5.881656804734,-36.379150608609,43.483021088720,1.447234374770,1.170754980543,0.000000000000,0.000000000000
R1D02_legacy_compression_8v8,compression_expansion,af5346345fa844ff9d83ac5c60c99009f97967b9f0ea2aa1bc110a357bf621ec,16,-1,155,0.361290322581,-6.580967741935,-7.189197403033,-1114.325597470076,-9.405656725228,-1457.876792410277,-10.250000000003,26.666451612903,-28.390322580645,14.500000000001,-20.349999999999,6.561290322581,8.903225806452,-56.588211393610,65.047741940620,0.605499443069,0.521495103724,0.000000000000,0.000000000000
R1D02_legacy_compression_8v8,compression_expansion,af5346345fa844ff9d83ac5c60c99009f97967b9f0ea2aa1bc110a357bf621ec,16,1,169,0.562130177515,5.571893491124,5.006721808430,846.135985624607,2.876378443041,486.107956873880,3.399999999999,23.979585798816,-25.468343195266,14.050000000003,-15.400000000000,8.473372781065,7.023668639053,-48.781672554039,54.855737370708,1.538958750618,1.279908446971,0.000000000000,0.000000000000
R1D02_legacy_compression_8v8,compression_expansion,af5346345fa844ff9d83ac5c60c99009f97967b9f0ea2aa1bc110a357bf621ec,24,-1,155,0.380645161290,-9.676451612903,-10.284681274001,-1594.125597470098,-12.501140596195,-1937.676792410300,-9.198594990835,29.658387096774,-32.592580645161,18.150000000000,-24.299999999999,8.741935483871,12.051612903226,-74.272518893819,52.802939018458,0.490791894521,0.420724704877,0.000000000000,0.000000000000
R1D02_legacy_compression_8v8,compression_expansion,af5346345fa844ff9d83ac5c60c99009f97967b9f0ea2aa1bc110a357bf621ec,24,1,169,0.591715976331,8.598816568047,8.033644885353,1357.685985624612,5.903301519964,997.657956873885,4.249999999999,30.819822485207,-30.623372781065,18.400000000000,-16.949999999997,12.485207100592,9.739644970414,-57.563611721612,78.251836406065,1.761568634501,1.514728522897,0.000000000000,0.000000000000
R1D02_legacy_compression_8v8,compression_expansion,af5346345fa844ff9d83ac5c60c99009f97967b9f0ea2aa1bc110a357bf621ec,32,-1,154,0.370129870130,-8.959090909091,-9.567839809626,-1473.447330682461,-11.785337610697,-1814.941992047345,-11.720260089371,33.951623376623,-34.604545454546,21.249999999996,-27.600000000001,11.772727272727,15.889610389610,-75.211804553449,69.828032419785,0.554907590402,0.486174423143,0.000000000000,0.000000000000
R1D02_legacy_compression_8v8,compression_expansion,af5346345fa844ff9d83ac5c60c99009f97967b9f0ea2aa1bc110a357bf621ec,32,1,168,0.595238095238,11.153571428571,10.588591406000,1778.883356207999,8.458631360858,1421.050068624075,6.416165432973,35.963988095238,-32.922916666667,20.850000000002,-19.225000000002,16.625000000000,12.130952380952,-51.086571881666,89.331122448979,1.942563299474,1.697290215686,0.000000000000,0.000000000000
R1D02_legacy_compression_8v8,compression_expansion,af5346345fa844ff9d83ac5c60c99009f97967b9f0ea2aa1bc110a357bf621ec,48,-1,147,0.333333333333,-12.902040816327,-13.499932717977,-1984.490109542685,-15.695716521279,-2307.270328628053,-15.516969050162,35.711224489796,-42.592176870748,24.050000000000,-35.249999999999,15.639455782313,24.278911564626,-100.862470725994,75.589590909089,0.499294263667,0.448291228774,0.000000000000,0.000000000000
R1D02_legacy_compression_8v8,compression_expansion,af5346345fa844ff9d83ac5c60c99009f97967b9f0ea2aa1bc110a357bf621ec,48,1,166,0.566265060241,10.080722891566,9.514982953763,1579.487170324618,7.383503078156,1225.661510973925,6.350000000000,43.650602409638,-38.727108433735,24.825000000000,-22.499999999998,23.018072289157,18.403614457831,-72.376292236489,105.143232608745,1.698062936417,1.507205568766,0.000000000000,0.000000000000
R1D03_compression_12v12,compression_expansion,ad63bdfe58004d6303f8acd53f6a80063e118e3d3fa9f8de2e05018adfaeb321,1,-1,228,0.412280701754,-0.867105263158,-1.476422343631,-336.624294347808,-3.695056504577,-842.472883043459,-1.243669536170,6.233333333333,-6.081140350877,4.225000000001,-4.600000000001,0.973684210526,0.991228070175,-13.331123910337,11.450507135578,0.606703675734,0.294599067284,0.000000000000,0.000000000000
R1D03_compression_12v12,compression_expansion,ad63bdfe58004d6303f8acd53f6a80063e118e3d3fa9f8de2e05018adfaeb321,1,1,330,0.436363636364,0.195454545454,-0.408851116467,-134.920868433993,-2.617462440309,-863.762605301868,-0.648607748185,4.873333333333,-4.715303030303,3.250000000000,-2.850000000001,0.993939393939,0.972727272727,-10.549716881709,10.530287325550,0.835555963748,0.339664338874,0.000000000000,0.000000000000
R1D03_compression_12v12,compression_expansion,ad63bdfe58004d6303f8acd53f6a80063e118e3d3fa9f8de2e05018adfaeb321,2,-1,228,0.421052631579,-0.691447368421,-1.300764448894,-296.574294347823,-3.519398609840,-802.422883043474,-2.593870654993,8.618640350877,-8.467763157895,5.549999999999,-6.450000000001,1.368421052632,1.561403508772,-19.096549370171,18.020737234393,0.728577795788,0.432648032548,0.000000000000,0.000000000000
R1D03_compression_12v12,compression_expansion,ad63bdfe58004d6303f8acd53f6a80063e118e3d3fa9f8de2e05018adfaeb321,2,1,330,0.445454545455,-0.085000000000,-0.689305661921,-227.470868433965,-2.897916985763,-956.312605301840,-0.713276121844,6.643484848485,-7.325000000000,4.275000000001,-3.950000000000,1.442424242424,1.481818181818,-13.247102731914,15.379789284526,0.806963433943,0.417514837251,0.000000000000,0.000000000000
R1D03_compression_12v12,compression_expansion,ad63bdfe58004d6303f8acd53f6a80063e118e3d3fa9f8de2e05018adfaeb321,3,-1,228,0.394736842105,-1.547807017544,-2.157124098017,-491.824294347794,-4.375758258962,-997.672883043444,-3.182758300680,10.484868421052,-10.623903508772,6.800000000001,-7.900000000001,1.776315789474,2.100877192982,-22.411660780478,24.075301030265,0.662246631816,0.440431143354,0.000000000000,0.000000000000
R1D03_compression_12v12,compression_expansion,ad63bdfe58004d6303f8acd53f6a80063e118e3d3fa9f8de2e05018adfaeb321,3,1,330,0.457575757576,-0.310909090909,-0.915214752830,-302.020868434021,-3.123826076672,-1030.862605301896,-0.673453519063,7.970909090909,-8.990606060606,4.875000000003,-5.100000000000,1.945454545455,1.960606060606,-17.438381735006,18.803425760807,0.787351566827,0.450667042622,0.000000000000,0.000000000000
R1D03_compression_12v12,compression_expansion,ad63bdfe58004d6303f8acd53f6a80063e118e3d3fa9f8de2e05018adfaeb321,4,-1,228,0.372807017544,-1.331798245614,-1.941115326087,-442.574294347813,-4.159749487033,-948.422883043463,-3.556556408740,12.066228070175,-12.153947368421,7.575000000003,-8.674999999999,2.184210526316,2.701754385965,-28.146758407917,26.042500000000,0.724027934626,0.510608622715,0.000000000000,0.000000000000
R1D03_compression_12v12,compression_expansion,ad63bdfe58004d6303f8acd53f6a80063e118e3d3fa9f8de2e05018adfaeb321,4,1,330,0.475757575758,0.426666666666,-0.177638995255,-58.620868433998,-2.386250319097,-787.462605301873,-0.415187969924,9.454393939394,-10.536212121212,5.824999999999,-5.949999999999,2.393939393939,2.378787878788,-19.957947360935,21.450017505923,0.959693909869,0.581113158244,0.000000000000,0.000000000000
R1D03_compression_12v12,compression_expansion,ad63bdfe58004d6303f8acd53f6a80063e118e3d3fa9f8de2e05018adfaeb321,6,-1,228,0.421052631579,0.017982456140,-0.591334624333,-134.824294347823,-2.809968785278,-640.672883043473,-2.841219839142,15.445394736842,-14.527850877193,9.450000000001,-11.274999999998,3.026315789474,3.807017543860,-38.537384357883,39.427303824236,0.927966275087,0.706313118832,0.000000000000,0.000000000000
R1D03_compression_12v12,compression_expansion,ad63bdfe58004d6303f8acd53f6a80063e118e3d3fa9f8de2e05018adfaeb321,6,1,330,0.503030303030,0.558636363636,-0.045669298285,-15.070868433931,-2.254280622127,-743.912605301806,0.033471549729,12.127727272727,-13.214242424243,8.225000000000,-8.024999999998,3.500000000000,3.254545454545,-30.471387265968,27.465120079472,0.992359267888,0.685838853928,0.000000000000,0.000000000000
R1D03_compression_12v12,compression_expansion,ad63bdfe58004d6303f8acd53f6a80063e118e3d3fa9f8de2e05018adfaeb321,8,-1,228,0.394736842105,-0.252850877193,-0.862167957666,-196.574294347849,-3.080802118612,-702.422883043499,-4.477916853731,19.016885964912,-17.775000000000,11.099999999998,-12.899999999999,3.771929824561,4.929824561404,-43.438627849802,45.247707713150,0.916389714893,0.736438519763,0.000000000000,0.000000000000
R1D03_compression_12v12,compression_expansion,ad63bdfe58004d6303f8acd53f6a80063e118e3d3fa9f8de2e05018adfaeb321,8,1,329,0.516717325228,1.320060790274,0.715438089866,235.379131566073,-1.493807310948,-491.462605301802,0.642555555557,13.991337386018,-14.942553191489,9.000000000003,-8.949999999999,4.498480243161,4.133738601824,-24.889035128276,33.544525689322,1.109763590986,0.805315398703,0.000000000000,0.000000000000
R1D03_compression_12v12,compression_expansion,ad63bdfe58004d6303f8acd53f6a80063e118e3d3fa9f8de2e05018adfaeb321,12,-1,227,0.405286343612,-0.575991189427,-1.185775632341,-269.171068541371,-3.405344518168,-773.013205624119,-5.140332640332,24.207048458150,-20.414537444934,12.549999999999,-14.800000000002,5.035242290749,6.541850220264,-45.154529608506,50.296955752211,0.900374441328,0.743801061967,0.000000000000,0.000000000000
R1D03_compression_12v12,compression_expansion,ad63bdfe58004d6303f8acd53f6a80063e118e3d3fa9f8de2e05018adfaeb321,12,1,327,0.538226299694,3.779051987768,3.178450470188,1039.353303751483,0.977247435029,319.559911254469,1.670876494025,18.100458715597,-17.962538226300,11.349999999999,-10.199999999998,6.657492354740,5.721712538226,-33.867944660981,41.791978805967,1.500467589801,1.131533464745,0.000000000000,0.000000000000
R1D03_compression_12v12,compression_expansion,ad63bdfe58004d6303f8acd53f6a80063e118e3d3fa9f8de2e05018adfaeb321,16,-1,227,0.378854625551,-0.236343612335,-0.846128055248,-192.071068541381,-3.065696941075,-695.913205624129,-6.050000000002,27.112114537445,-22.237665198238,13.849999999999,-15.499999999997,6.383259911894,8.259911894273,-47.013088663882,52.942512359199,0.934335939246,0.785470553935,0.000000000000,0.000000000000
R1D03_compression_12v12,compression_expansion,ad63bdfe58004d6303f8acd53f6a80063e118e3d3fa9f8de2e05018adfaeb321,16,1,326,0.549079754601,4.421625766871,3.828239921745,1248.006214488886,1.641468231493,535.118643466645,2.150163398695,21.137883435583,-20.125306748466,13.225000000001,-11.600000000000,8.260736196319,7.266871165644,-33.528538040906,46.471659356981,1.528832877852,1.197913343088,0.000000000000,0.000000000000
R1D03_compression_12v12,compression_expansion,ad63bdfe58004d6303f8acd53f6a80063e118e3d3fa9f8de2e05018adfaeb321,24,-1,227,0.365638766520,-4.070484581498,-4.680269024411,-1062.421068541392,-6.899837910238,-1566.263205624139,-9.711075338053,30.797136563877,-26.525330396476,16.449999999998,-19.900000000001,8.792951541850,12.770925110132,-57.145448067890,61.565007792572,0.715207065177,0.613753401319,0.000000000000,0.000000000000
R1D03_compression_12v12,compression_expansion,ad63bdfe58004d6303f8acd53f6a80063e118e3d3fa9f8de2e05018adfaeb321,24,1,322,0.549689440994,5.260248447205,4.675819632165,1505.613921557097,2.506962002085,807.241764671287,3.231844443787,26.418167701863,-25.593478260869,17.225000000002,-14.850000000000,12.552795031056,10.996894409938,-53.877920439750,63.525625479044,1.468496655562,1.227646648132,0.000000000000,0.000000000000
R1D03_compression_12v12,compression_expansion,ad63bdfe58004d6303f8acd53f6a80063e118e3d3fa9f8de2e05018adfaeb321,32,-1,226,0.345132743363,-4.808185840708,-5.418330981211,-1224.542801753732,-7.638621262218,-1726.328405261162,-11.929011796800,34.781637168142,-30.776769911505,18.175000000001,-24.975000000001,12.185840707965,17.942477876106,-59.819629313547,78.676513143879,0.702718538063,0.612942104475,0.000000000000,0.000000000000
R1D03_compression_12v12,compression_expansion,ad63bdfe58004d6303f8acd53f6a80063e118e3d3fa9f8de2e05018adfaeb321,32,1,320,0.578125000000,8.312812500000,7.728056183461,2472.977978707468,5.558543550383,1778.733936122500,5.311956521738,32.301875000000,-30.133437500000,21.700000000001,-18.950000000000,17.453125000000,14.831250000000,-49.123286725211,77.934775513946,1.698051470690,1.461287100374,0.000000000000,0.000000000000
R1D03_compression_12v12,compression_expansion,ad63bdfe58004d6303f8acd53f6a80063e118e3d3fa9f8de2e05018adfaeb321,48,-1,216,0.351851851852,-6.137962962963,-6.738183548759,-1455.447646531881,-8.938624720350,-1930.742939595648,-13.492346938777,38.969907407407,-38.773611111111,22.225000000000,-29.600000000001,18.736111111111,26.013888888889,-83.967498774246,108.325636942674,0.714993456164,0.643572770374,0.000000000000,0.000000000000
R1D03_compression_12v12,compression_expansion,ad63bdfe58004d6303f8acd53f6a80063e118e3d3fa9f8de2e05018adfaeb321,48,1,318,0.575471698113,8.758176100629,8.173178635004,2599.070805931325,6.003183703754,1909.012417793928,5.603822984245,39.710062893082,-37.772327044025,27.825000000000,-23.725000000000,26.110062893082,21.792452830189,-68.126310642853,92.584193038183,1.603676951964,1.414665038951,0.000000000000,0.000000000000
R1D04_compression_16v16,compression_expansion,3a6ae9436a3a0d03076e6b961353dafa242eba6648771d85bca9a7b446a6d72b,1,-1,194,0.381443298969,-2.377577319588,-3.000149398152,-582.028983241576,-5.245293555282,-1017.586949724719,-2.124679951688,6.073969072165,-7.466752577320,4.150000000000,-4.825000000001,0.979381443299,0.989690721649,-15.094142093286,9.569380396564,0.381317668787,0.182435740550,0.000000000000,0.000000000000
R1D04_compression_16v16,compression_expansion,3a6ae9436a3a0d03076e6b961353dafa242eba6648771d85bca9a7b446a6d72b,1,1,292,0.462328767123,0.504280821918,-0.104976838561,-30.653236859898,-2.323492159519,-678.459710579614,-0.430572585308,5.356849315069,-4.746061643836,3.449999999998,-3.174999999999,0.989726027397,0.976027397260,-10.245383877849,11.484189125963,0.956269742919,0.392040081239,0.000000000000,0.000000000000
R1D04_compression_16v16,compression_expansion,3a6ae9436a3a0d03076e6b961353dafa242eba6648771d85bca9a7b446a6d72b,2,-1,194,0.417525773196,-1.956701030928,-2.579273109493,-500.378983241577,-4.824417266622,-935.936949724720,-2.509789837308,8.768041237113,-10.240463917526,6.625000000000,-7.325000000003,1.432989690722,1.572164948454,-20.213829061356,14.125106968214,0.559603944657,0.334806925516,0.000000000000,0.000000000000
R1D04_compression_16v16,compression_expansion,3a6ae9436a3a0d03076e6b961353dafa242eba6648771d85bca9a7b446a6d72b,2,1,292,0.469178082192,0.608904109589,-0.000353550890,-0.103236859882,-2.218868871848,-647.909710579597,-0.450060436333,7.116438356164,-6.937157534247,4.424999999999,-4.275000000000,1.441780821918,1.458904109589,-11.339989218008,14.913171552735,0.999883971374,0.495481383202,0.000000000000,0.000000000000
R1D04_compression_16v16,compression_expansion,3a6ae9436a3a0d03076e6b961353dafa242eba6648771d85bca9a7b446a6d72b,3,-1,194,0.376288659794,-2.669329896907,-3.291901975472,-638.628983241542,-5.537046132601,-1074.186949724686,-3.481205969670,10.582216494845,-12.032989690722,7.550000000001,-8.800000000001,1.783505154639,2.139175257732,-23.647838587277,20.984235022449,0.537305208356,0.358656696166,0.000000000000,0.000000000000
R1D04_compression_16v16,compression_expansion,3a6ae9436a3a0d03076e6b961353dafa242eba6648771d85bca9a7b446a6d72b,3,1,292,0.479452054795,0.411643835616,-0.197613824863,-57.703236859872,-2.416129145821,-705.509710579588,-0.546221427314,8.466267123288,-8.702568493151,5.400000000002,-5.674999999998,1.962328767123,1.914383561644,-16.489959653849,20.390525247877,0.949314674365,0.539026754113,0.000000000000,0.000000000000
R1D04_compression_16v16,compression_expansion,3a6ae9436a3a0d03076e6b961353dafa242eba6648771d85bca9a7b446a6d72b,4,-1,194,0.360824742268,-2.914948453608,-3.537520532173,-686.278983241552,-5.782664689303,-1121.836949724696,-3.822230962870,12.039690721649,-13.845103092783,8.650000000000,-10.000000000001,2.216494845361,2.706185567010,-31.482515529973,25.231969079909,0.569199226280,0.403622120554,0.000000000000,0.000000000000
R1D04_compression_16v16,compression_expansion,3a6ae9436a3a0d03076e6b961353dafa242eba6648771d85bca9a7b446a6d72b,4,1,292,0.513698630137,1.172431506849,0.563173846370,164.446763140110,-1.655341474588,-483.359710579606,0.292114048235,10.062157534247,-9.669349315069,7.274999999997,-6.574999999998,2.479452054795,2.301369863014,-19.559584636347,20.382594046030,1.135847088731,0.691787530487,0.000000000000,0.000000000000
R1D04_compression_16v16,compression_expansion,3a6ae9436a3a0d03076e6b961353dafa242eba6648771d85bca9a7b446a6d72b,6,-1,194,0.386597938144,-2.273453608247,-2.896025686812,-561.828983241567,-5.141169843942,-997.386949724711,-3.699329072485,14.983762886598,-16.448711340206,10.424999999999,-12.474999999999,2.984536082474,3.721649484536,-39.959970513405,37.632665845568,0.691725710921,0.525050870618,0.000000000000,0.000000000000
R1D04_compression_16v16,compression_expansion,3a6ae9436a3a0d03076e6b961353dafa242eba6648771d85bca9a7b446a6d72b,6,1,292,0.523972602740,1.132534246575,0.523276586096,152.796763140172,-1.695238734861,-495.009710579544,0.673620472479,12.622773972603,-11.880821917808,8.925000000001,-8.125000000000,3.568493150685,3.184931506849,-26.340089614591,27.004047321870,1.090601495784,0.755934503804,0.000000000000,0.000000000000
R1D04_compression_16v16,compression_expansion,3a6ae9436a3a0d03076e6b961353dafa242eba6648771d85bca9a7b446a6d72b,8,-1,194,0.335051546392,-3.088144329897,-3.710716408462,-719.878983241604,-5.955860565591,-1155.436949724748,-5.008155339807,18.066237113402,-18.922680412371,11.075000000000,-13.475000000001,3.618556701031,4.824742268041,-44.921634442446,35.077346635777,0.673428127979,0.537509442445,0.000000000000,0.000000000000
R1D04_compression_16v16,compression_expansion,3a6ae9436a3a0d03076e6b961353dafa242eba6648771d85bca9a7b446a6d72b,8,1,291,0.532646048110,2.008591065292,1.398957948935,407.096763140153,-0.820308283779,-238.709710579563,0.700000000000,14.611683848797,-13.483161512028,10.100000000000,-8.999999999997,4.570446735395,4.013745704467,-25.695839099053,34.786307481125,1.219069785079,0.891190849940,0.000000000000,0.000000000000
R1D04_compression_16v16,compression_expansion,3a6ae9436a3a0d03076e6b961353dafa242eba6648771d85bca9a7b446a6d72b,12,-1,194,0.381443298969,-4.442010309278,-5.064582387843,-982.528983241567,-7.309726544973,-1418.086949724710,-6.037782979853,20.902061855670,-21.879896907217,12.200000000000,-15.424999999999,4.680412371134,6.561855670103,-46.789737232485,42.980593179848,0.615311370157,0.499942027851,0.000000000000,0.000000000000
R1D04_compression_16v16,compression_expansion,3a6ae9436a3a0d03076e6b961353dafa242eba6648771d85bca9a7b446a6d72b,12,1,289,0.546712802768,3.253806228374,2.655113441663,767.327784640667,0.457727868242,132.283353921948,1.904796163068,18.934602076125,-17.448096885813,12.650000000002,-10.050000000001,6.605536332180,5.508650519031,-33.059373788869,39.325980122077,1.357299828721,1.053889543436,0.000000000000,0.000000000000
R1D04_compression_16v16,compression_expansion,3a6ae9436a3a0d03076e6b961353dafa242eba6648771d85bca9a7b446a6d72b,16,-1,194,0.386597938144,-2.801288659794,-3.423860738359,-664.228983241593,-5.669004895488,-1099.786949724737,-7.732137925936,23.399742268041,-22.954381443299,14.024999999999,-17.000000000000,6.067010309278,7.974226804124,-47.818687025199,49.203950807071,0.743783830464,0.616960530754,0.000000000000,0.000000000000
R1D04_compression_16v16,compression_expansion,3a6ae9436a3a0d03076e6b961353dafa242eba6648771d85bca9a7b446a6d72b,16,1,288,0.559027777778,4.525000000000,3.934481581174,1133.130695378037,1.753444743521,504.992086134092,2.447016361887,21.517187500000,-19.160069444444,14.324999999997,-11.349999999999,8.166666666667,6.895833333333,-33.296385686927,42.946463211710,1.528324077073,1.207061439486,0.000000000000,0.000000000000
R1D04_compression_16v16,compression_expansion,3a6ae9436a3a0d03076e6b961353dafa242eba6648771d85bca9a7b446a6d72b,24,-1,194,0.340206185567,-4.954123711340,-5.576695789905,-1081.878983241596,-7.821839947035,-1517.436949724740,-11.479352917487,27.725773195876,-26.795618556701,16.374999999999,-21.050000000001,8.582474226804,13.350515463918,-58.526662500430,62.207336429726,0.661822219375,0.565198840449,0.000000000000,0.000000000000
R1D04_compression_16v16,compression_expansion,3a6ae9436a3a0d03076e6b961353dafa242eba6648771d85bca9a7b446a6d72b,24,1,286,0.566433566434,4.743006993007,4.152013388804,1187.475829197970,1.970026180398,563.427487593928,3.485927152320,27.119055944056,-24.489510489510,19.324999999999,-14.275000000001,12.590909090909,10.419580419580,-49.738042091838,63.316863929718,1.390873115995,1.169377396899,0.000000000000,0.000000000000
R1D04_compression_16v16,compression_expansion,3a6ae9436a3a0d03076e6b961353dafa242eba6648771d85bca9a7b446a6d72b,32,-1,194,0.324742268041,-5.269329896907,-5.891901975472,-1143.028983241589,-8.137046132602,-1578.586949724732,-14.509311397559,31.480670103093,-31.118041237113,17.325000000001,-27.375000000001,11.082474226804,18.572164948454,-54.819370590959,81.579836429725,0.681586699597,0.594326869731,0.000000000000,0.000000000000
R1D04_compression_16v16,compression_expansion,3a6ae9436a3a0d03076e6b961353dafa242eba6648771d85bca9a7b446a6d72b,32,1,284,0.612676056338,8.138204225352,7.546795374466,2143.289886348395,5.363977672694,1523.369659045195,7.126223473262,33.909683098592,-29.200352112676,23.175000000001,-17.749999999998,17.813380281690,14.764084507042,-49.350691125135,74.059712310014,1.649798867338,1.428381337650,0.000000000000,0.000000000000
R1D04_compression_16v16,compression_expansion,3a6ae9436a3a0d03076e6b961353dafa242eba6648771d85bca9a7b446a6d72b,48,-1,188,0.361702127660,-3.783776595745,-4.396289481982,-826.502422612529,-6.621315254455,-1244.807267837584,-13.170888733396,37.571542553192,-37.000797872340,20.625000000000,-29.975000000002,18.478723404255,25.968085106383,-78.937179843069,111.566656050954,0.803172600176,0.721349344856,0.000000000000,0.000000000000
R1D04_compression_16v16,compression_expansion,3a6ae9436a3a0d03076e6b961353dafa242eba6648771d85bca9a7b446a6d72b,48,1,283,0.586572438163,8.993816254417,8.402398938006,2377.878899455577,6.219564305183,1760.136698366718,6.969603097774,41.633745583039,-38.552120141343,28.350000000000,-23.800000000000,25.427561837456,22.590106007067,-67.422637172074,88.814311258278,1.592502709097,1.411624071782,0.000000000000,0.000000000000
R1D05_compression_24v24,compression_expansion,f2d43ce0173f4f8669c4a947af9bbc78d48ed7325c0c675612c4c064dde25f22,1,-1,152,0.460526315789,-1.321052631579,-1.941269065155,-295.072897903571,-4.181701932307,-635.618693710638,-0.624571428572,6.554276315789,-6.998355263158,4.575000000000,-4.650000000002,0.980263157895,0.993421052632,-14.842328729969,9.358775420615,0.548420266551,0.263496106356,0.000000000000,0.000000000000
R1D05_compression_24v24,compression_expansion,f2d43ce0173f4f8669c4a947af9bbc78d48ed7325c0c675612c4c064dde25f22,1,1,236,0.427966101695,0.311864406780,-0.290745667966,-68.615977640045,-2.495965817458,-589.047932920094,-0.947177826995,5.480932203390,-5.110805084746,3.449999999998,-3.275000000001,0.978813559322,0.987288135593,-11.008610866104,11.219196209593,0.888184956008,0.383088840621,0.000000000000,0.000000000000
R1D05_compression_24v24,compression_expansion,f2d43ce0173f4f8669c4a947af9bbc78d48ed7325c0c675612c4c064dde25f22,2,-1,152,0.440789473684,-1.203618421053,-1.823834854628,-277.222897903530,-4.064267721780,-617.768693710597,-1.484222059897,9.904276315789,-9.774013157895,7.150000000000,-6.650000000002,1.447368421053,1.539473684211,-23.089953678937,19.383795794976,0.690867445101,0.440647165586,0.000000000000,0.000000000000
R1D05_compression_24v24,compression_expansion,f2d43ce0173f4f8669c4a947af9bbc78d48ed7325c0c675612c4c064dde25f22,2,1,236,0.432203389831,-0.237711864407,-0.840321939153,-198.315977640011,-3.045542088644,-718.747932920059,-1.235717768891,7.151906779661,-7.427542372881,5.000000000001,-5.549999999998,1.385593220339,1.500000000000,-14.947961059828,14.259013563724,0.767246566346,0.394732605567,0.000000000000,0.000000000000
R1D05_compression_24v24,compression_expansion,f2d43ce0173f4f8669c4a947af9bbc78d48ed7325c0c675612c4c064dde25f22,3,-1,152,0.414473684211,-1.729934210526,-2.350150644102,-357.222897903525,-4.590583511254,-697.768693710592,-3.737935034802,11.975000000000,-11.690789473684,8.000000000000,-8.600000000001,1.855263157895,2.171052631579,-25.531202260941,25.650185840709,0.671486052102,0.465119816344,0.000000000000,0.000000000000
R1D05_compression_24v24,compression_expansion,f2d43ce0173f4f8669c4a947af9bbc78d48ed7325c0c675612c4c064dde25f22,3,1,236,0.415254237288,-0.581355932203,-1.183966006949,-279.415977640009,-3.389186156441,-799.847932920057,-1.357313892841,8.372669491526,-9.537711864407,5.850000000000,-6.724999999999,1.881355932203,1.991525423729,-17.793069058879,20.557841500225,0.753840707193,0.453146816108,0.000000000000,0.000000000000
R1D05_compression_24v24,compression_expansion,f2d43ce0173f4f8669c4a947af9bbc78d48ed7325c0c675612c4c064dde25f22,4,-1,152,0.361842105263,-2.129276315790,-2.749492749366,-417.922897903560,-4.989925616517,-758.468693710626,-3.856097112771,13.463486842105,-13.338486842105,8.825000000002,-9.474999999999,2.243421052632,2.710526315789,-31.059961555265,27.568965987049,0.672043888030,0.494310985916,0.000000000000,0.000000000000
R1D05_compression_24v24,compression_expansion,f2d43ce0173f4f8669c4a947af9bbc78d48ed7325c0c675612c4c064dde25f22,4,1,236,0.457627118644,0.173093220339,-0.429516854407,-101.365977639998,-2.634737003899,-621.797932920047,-0.771165847118,9.711652542373,-10.370550847458,7.024999999999,-7.625000000002,2.250000000000,2.385593220339,-21.979479357998,22.663203630218,0.912433928026,0.574871852668,0.000000000000,0.000000000000
R1D05_compression_24v24,compression_expansion,f2d43ce0173f4f8669c4a947af9bbc78d48ed7325c0c675612c4c064dde25f22,6,-1,152,0.368421052632,-3.246710526316,-3.866926959892,-587.772897903522,-6.107359827043,-928.318693710589,-4.751927816526,15.472697368421,-15.908552631579,10.650000000000,-11.050000000000,2.855263157895,3.802631578947,-38.792625637926,32.891888246627,0.582420223042,0.431159365499,0.000000000000,0.000000000000
R1D05_compression_24v24,compression_expansion,f2d43ce0173f4f8669c4a947af9bbc78d48ed7325c0c675612c4c064dde25f22,6,1,236,0.470338983051,0.249364406780,-0.353245667966,-83.365977640012,-2.558465817458,-603.797932920060,-1.039072847681,11.889194915254,-12.301906779661,7.925000000000,-8.549999999997,3.161016949153,3.288135593220,-27.223316646335,26.579133522728,0.943404737599,0.657497348250,0.000000000000,0.000000000000
R1D05_compression_24v24,compression_expansion,f2d43ce0173f4f8669c4a947af9bbc78d48ed7325c0c675612c4c064dde25f22,8,-1,152,0.361842105263,-5.500000000000,-6.120216433576,-930.272897903566,-8.360649300728,-1270.818693710632,-5.008155339807,16.933552631579,-18.934210526316,12.875000000000,-13.600000000002,3.532894736842,4.835526315789,-45.780886486267,28.145823466806,0.472288212639,0.360647725844,0.000000000000,0.000000000000
R1D05_compression_24v24,compression_expansion,f2d43ce0173f4f8669c4a947af9bbc78d48ed7325c0c675612c4c064dde25f22,8,1,236,0.504237288136,0.205296610170,-0.397313464576,-93.765977639996,-2.602533614068,-614.197932920045,0.103106265568,13.189618644068,-13.927542372881,8.675000000002,-9.149999999998,4.067796610169,4.063559322034,-28.004711316229,28.988221544717,0.942632339083,0.679633490363,0.000000000000,0.000000000000
R1D05_compression_24v24,compression_expansion,f2d43ce0173f4f8669c4a947af9bbc78d48ed7325c0c675612c4c064dde25f22,12,-1,152,0.401315789474,-5.813815789474,-6.434032223050,-977.972897903526,-8.674465090201,-1318.518693710593,-5.345166320165,19.175000000000,-22.106578947368,13.724999999999,-15.525000000000,4.684210526316,6.578947368421,-49.759021152570,31.360843543945,0.512820982194,0.406439594703,0.000000000000,0.000000000000
R1D05_compression_24v24,compression_expansion,f2d43ce0173f4f8669c4a947af9bbc78d48ed7325c0c675612c4c064dde25f22,12,1,235,0.502127659574,0.505319148936,-0.089826077978,-21.109128324936,-2.280116531808,-535.827384974849,0.018578199049,16.573617021277,-17.999574468085,11.199999999999,-10.650000000004,5.834042553191,5.523404255319,-31.247529172795,34.238597318637,0.989148865522,0.758754727622,0.000000000000,0.000000000000
R1D05_compression_24v24,compression_expansion,f2d43ce0173f4f8669c4a947af9bbc78d48ed7325c0c675612c4c064dde25f22,16,-1,152,0.388157894737,-5.444407894737,-6.064624328313,-921.822897903535,-8.305057195464,-1262.368693710602,-6.915681622088,21.327960526316,-23.855921052632,14.975000000000,-19.125000000000,6.203947368421,7.960526315789,-49.519297961347,40.903404929577,0.564297212109,0.459370305022,0.000000000000,0.000000000000
R1D05_compression_24v24,compression_expansion,f2d43ce0173f4f8669c4a947af9bbc78d48ed7325c0c675612c4c064dde25f22,16,1,235,0.523404255319,1.682765957447,1.087620730532,255.590871675055,-1.102669723297,-259.127384974858,0.805300353358,18.665531914894,-20.195957446808,13.050000000001,-12.050000000002,7.612765957447,6.914893617021,-33.080041397029,38.782263330108,1.127909343900,0.885262310005,0.000000000000,0.000000000000
R1D05_compression_24v24,compression_expansion,f2d43ce0173f4f8669c4a947af9bbc78d48ed7325c0c675612c4c064dde25f22,24,-1,152,0.282894736842,-10.754605263158,-11.374821696734,-1728.972897903543,-13.615254563886,-2069.518693710609,-12.943574390772,25.425328947368,-29.715789473684,16.550000000001,-22.774999999996,8.598684210526,14.072368421053,-71.045201320134,61.344476978998,0.442335667475,0.381888001520,0.000000000000,0.000000000000
R1D05_compression_24v24,compression_expansion,f2d43ce0173f4f8669c4a947af9bbc78d48ed7325c0c675612c4c064dde25f22,24,1,233,0.557939914163,2.123175965665,1.527407748906,355.886005495021,-0.664128684614,-154.741983514988,2.245141700404,24.381545064378,-25.707296137339,16.450000000000,-15.700000000001,12.733905579399,10.909871244635,-49.160289115648,58.907559932857,1.132402551656,0.947231275637,0.000000000000,0.000000000000
R1D05_compression_24v24,compression_expansion,f2d43ce0173f4f8669c4a947af9bbc78d48ed7325c0c675612c4c064dde25f22,32,-1,152,0.289473684211,-9.759210526316,-10.379426959892,-1577.672897903565,-12.619859827044,-1918.218693710631,-16.754133724487,31.293750000000,-35.020065789474,18.175000000001,-29.574999999998,10.651315789474,18.723684210526,-66.610201320132,71.578250000000,0.529037700598,0.467136830811,0.000000000000,0.000000000000
R1D05_compression_24v24,compression_expansion,f2d43ce0173f4f8669c4a947af9bbc78d48ed7325c0c675612c4c064dde25f22,32,1,233,0.579399141631,5.372746781116,4.776978564356,1113.036005495000,2.585442130837,602.408016484991,5.299999999999,32.153648068670,-31.300643776824,20.650000000001,-17.799999999997,17.549356223176,14.678111587983,-59.739999610621,70.271092680525,1.351889264986,1.177741846314,0.000000000000,0.000000000000
R1D05_compression_24v24,compression_expansion,f2d43ce0173f4f8669c4a947af9bbc78d48ed7325c0c675612c4c064dde25f22,48,-1,147,0.387755102041,-9.228571428572,-9.839457051153,-1446.400186519561,-12.061228296317,-1773.000559558654,-13.650000000002,37.418707482993,-41.241156462585,20.599999999999,-35.399999999998,18.353741496599,26.000000000000,-89.711093145114,75.690030978574,0.610489477144,0.546983560224,0.000000000000,0.000000000000
R1D05_compression_24v24,compression_expansion,f2d43ce0173f4f8669c4a947af9bbc78d48ed7325c0c675612c4c064dde25f22,48,1,233,0.545064377682,5.067167381974,4.471399165215,1041.836005495007,2.279862731695,531.208016484998,5.348248407645,39.955579399142,-42.914377682403,25.049999999999,-25.800000000004,25.184549356223,24.128755364807,-74.919694835679,90.547031654304,1.255636956026,1.123263350764,0.000000000000,0.000000000000
R1E01_legacy_trend_4h_resumption,trend_pullback_resumption,c0da75c40bbbbf0f744d4249d3f61cb231f25d2d65dee0f149b7988d16ca27db,1,-1,168,0.386904761905,-0.490178571428,-1.077792093396,-181.069071690457,-3.253019137330,-546.507215071452,-1.675148038489,6.379464285714,-6.242857142857,4.100000000000,-4.175000000001,0.988095238095,0.970238095238,-15.568174894526,11.494609822717,0.717208489336,0.385092962139,0.000000000000,0.000000000000
R1E01_legacy_trend_4h_resumption,trend_pullback_resumption,c0da75c40bbbbf0f744d4249d3f61cb231f25d2d65dee0f149b7988d16ca27db,1,1,217,0.414746543779,-0.258986175115,-0.815145237903,-176.886516624843,-2.927463363477,-635.259549874499,-1.149999999999,4.664516129032,-5.099539170507,2.949999999998,-3.200000000001,0.995391705069,0.963133640553,-11.453888088875,9.668331149557,0.704418100497,0.297431147970,0.000000000000,0.000000000000
R1E01_legacy_trend_4h_resumption,trend_pullback_resumption,c0da75c40bbbbf0f744d4249d3f61cb231f25d2d65dee0f149b7988d16ca27db,2,-1,168,0.392857142857,-1.226488095238,-1.814101617205,-304.769071690485,-3.989328661140,-670.207215071480,-2.040398538380,8.852976190476,-9.053273809524,5.775000000000,-6.650000000002,1.428571428571,1.541666666667,-20.692500000001,17.598601769911,0.633591703380,0.374302186436,0.000000000000,0.000000000000
R1E01_legacy_trend_4h_resumption,trend_pullback_resumption,c0da75c40bbbbf0f744d4249d3f61cb231f25d2d65dee0f149b7988d16ca27db,2,1,217,0.483870967742,0.233870967742,-0.322288095045,-69.936516624837,-2.434606220620,-528.309549874493,-0.250000000000,6.790552995392,-7.039170506912,4.599999999999,-4.649999999998,1.447004608295,1.474654377880,-14.114749135636,16.167390963600,0.909426068522,0.494311448052,0.000000000000,0.000000000000
R1E01_legacy_trend_4h_resumption,trend_pullback_resumption,c0da75c40bbbbf0f744d4249d3f61cb231f25d2d65dee0f149b7988d16ca27db,3,-1,168,0.428571428571,-1.192559523810,-1.780173045777,-299.069071690503,-3.955400089711,-664.507215071498,-1.713054126262,10.591964285714,-10.691964285714,6.750000000002,-8.450000000001,1.839285714286,2.047619047619,-22.271638922813,25.721101769910,0.702408253262,0.464833979126,0.000000000000,0.000000000000
R1E01_legacy_trend_4h_resumption,trend_pullback_resumption,c0da75c40bbbbf0f744d4249d3f61cb231f25d2d65dee0f149b7988d16ca27db,3,1,217,0.442396313364,-0.090552995392,-0.646712058179,-140.336516624812,-2.759030183753,-598.709549874468,-1.174952471483,8.697465437788,-8.782949308756,5.900000000000,-5.549999999997,1.967741935484,1.944700460829,-21.979999999997,18.580898433955,0.853613265228,0.512051241954,0.000000000000,0.000000000000
R1E01_legacy_trend_4h_resumption,trend_pullback_resumption,c0da75c40bbbbf0f744d4249d3f61cb231f25d2d65dee0f149b7988d16ca27db,4,-1,168,0.375000000000,-1.762500000000,-2.350113521967,-394.819071690496,-4.525340565902,-760.257215071491,-3.324999999999,12.175000000000,-12.662500000000,8.000000000001,-9.274999999998,2.226190476190,2.648809523810,-27.821032769132,30.103619429681,0.673062371380,0.475069072723,0.000000000000,0.000000000000
R1E01_legacy_trend_4h_resumption,trend_pullback_resumption,c0da75c40bbbbf0f744d4249d3f61cb231f25d2d65dee0f149b7988d16ca27db,4,1,217,0.497695852535,0.585483870968,0.029324808181,6.363483375189,-2.082993317394,-452.009549874467,-0.000000000000,9.950691244240,-10.181566820276,6.550000000001,-6.750000000002,2.396313364055,2.447004608295,-22.295324858760,20.148331648128,1.006101234743,0.650506817689,0.000000000000,0.000000000000
R1E01_legacy_trend_4h_resumption,trend_pullback_resumption,c0da75c40bbbbf0f744d4249d3f61cb231f25d2d65dee0f149b7988d16ca27db,6,-1,168,0.392857142857,-2.533928571429,-3.121542093396,-524.419071690489,-5.296769137330,-889.857215071484,-3.520091556685,14.353273809524,-14.950595238095,9.474999999999,-11.174999999999,2.982142857143,3.750000000000,-37.775030532590,24.347501178557,0.634698163031,0.467866867549,0.000000000000,0.000000000000
R1E01_legacy_trend_4h_resumption,trend_pullback_resumption,c0da75c40bbbbf0f744d4249d3f61cb231f25d2d65dee0f149b7988d16ca27db,6,1,217,0.488479262673,2.276267281106,1.720108218319,373.263483375210,-0.392209907256,-85.109549874446,-0.150000000003,13.426267281106,-13.162903225806,7.600000000002,-8.649999999994,3.566820276498,3.382488479263,-27.807199226940,38.395381529367,1.294586198698,0.943467908731,0.000000000000,0.000000000000
R1E01_legacy_trend_4h_resumption,trend_pullback_resumption,c0da75c40bbbbf0f744d4249d3f61cb231f25d2d65dee0f149b7988d16ca27db,8,-1,168,0.363095238095,-3.550297619048,-4.137911141015,-695.169071690485,-6.313138184949,-1060.607215071480,-4.137127025857,17.079761904762,-18.329464285714,11.250000000000,-13.300000000001,3.892857142857,4.708333333333,-40.312568655305,34.647034959473,0.610623515642,0.474982133231,0.000000000000,0.000000000000
R1E01_legacy_trend_4h_resumption,trend_pullback_resumption,c0da75c40bbbbf0f744d4249d3f61cb231f25d2d65dee0f149b7988d16ca27db,8,1,217,0.502304147465,2.361520737327,1.805361674540,391.763483375199,-0.306956451034,-66.609549874457,0.063853727148,15.737788018433,-15.243778801843,8.949999999999,-9.999999999999,4.516129032258,4.059907834101,-26.142468292681,37.090082064437,1.274564384041,0.960065090501,0.000000000000,0.000000000000
R1E01_legacy_trend_4h_resumption,trend_pullback_resumption,c0da75c40bbbbf0f744d4249d3f61cb231f25d2d65dee0f149b7988d16ca27db,12,-1,168,0.386904761905,-4.694345238095,-5.281958760062,-887.369071690470,-7.457185803997,-1252.807215071465,-5.955563261362,21.485416666667,-22.313095238095,15.250000000000,-18.475000000001,5.339285714286,6.988095238095,-47.003643350603,41.718425545169,0.611967180536,0.502414772357,0.000000000000,0.000000000000
R1E01_legacy_trend_4h_resumption,trend_pullback_resumption,c0da75c40bbbbf0f744d4249d3f61cb231f25d2d65dee0f149b7988d16ca27db,12,1,217,0.520737327189,4.333870967742,3.777711904955,819.763483375173,1.665393779380,361.390450125518,1.499999999998,19.641935483871,-18.085714285714,11.350000000002,-12.850000000003,6.557603686636,5.741935483871,-33.298656797749,46.043326592518,1.529364834529,1.203507439953,0.000000000000,0.000000000000
R1E01_legacy_trend_4h_resumption,trend_pullback_resumption,c0da75c40bbbbf0f744d4249d3f61cb231f25d2d65dee0f149b7988d16ca27db,16,-1,168,0.345238095238,-5.555952380952,-6.143565902920,-1032.119071690486,-8.318792946854,-1397.557215071481,-8.165959072615,24.991666666667,-25.033630952381,18.350000000002,-19.825000000003,6.416666666667,8.744047619048,-48.879710334822,45.904215801318,0.604439824779,0.509589456167,0.000000000000,0.000000000000
R1E01_legacy_trend_4h_resumption,trend_pullback_resumption,c0da75c40bbbbf0f744d4249d3f61cb231f25d2d65dee0f149b7988d16ca27db,16,1,217,0.529953917051,4.894700460830,4.338541398042,941.463483375178,2.226223272468,483.090450125522,2.264620355414,22.004147465438,-20.873732718894,13.300000000001,-14.900000000000,8.087557603687,7.308755760369,-42.690292850990,49.977247287266,1.552336187682,1.250548033594,0.000000000000,0.000000000000
R1E01_legacy_trend_4h_resumption,trend_pullback_resumption,c0da75c40bbbbf0f744d4249d3f61cb231f25d2d65dee0f149b7988d16ca27db,24,-1,168,0.380952380952,-5.648809523810,-6.236423045777,-1047.719071690504,-8.411650089711,-1413.157215071499,-10.257862807360,32.467559523809,-31.858035714286,20.874999999999,-26.425000000002,8.785714285714,13.577380952381,-74.084285678011,79.602517531556,0.682353041053,0.599232016707,0.000000000000,0.000000000000
R1E01_legacy_trend_4h_resumption,trend_pullback_resumption,c0da75c40bbbbf0f744d4249d3f61cb231f25d2d65dee0f149b7988d16ca27db,24,1,216,0.564814814815,11.111342592593,10.554923534144,2279.863483375185,8.442085417248,1823.490450125529,3.600000000001,30.194907407407,-24.821064814815,19.000000000001,-17.600000000002,12.611111111111,10.379629629630,-40.138162178163,88.100140517297,2.257527346870,1.901389674357,0.000000000000,0.000000000000
R1E01_legacy_trend_4h_resumption,trend_pullback_resumption,c0da75c40bbbbf0f744d4249d3f61cb231f25d2d65dee0f149b7988d16ca27db,32,-1,166,0.367469879518,-2.701807228916,-3.290476335485,-546.219071690499,-5.467814548623,-907.657215071494,-10.591790153812,38.562349397590,-34.049397590362,21.425000000001,-27.950000000001,12.307228915663,17.096385542169,-72.238386499900,103.961164440528,0.834800880943,0.743702286464,0.000000000000,0.000000000000
R1E01_legacy_trend_4h_resumption,trend_pullback_resumption,c0da75c40bbbbf0f744d4249d3f61cb231f25d2d65dee0f149b7988d16ca27db,32,1,216,0.634259259259,15.531944444444,14.975525385996,3234.713483375164,12.862687269100,2778.340450125509,8.810302143821,35.978240740741,-27.874074074074,22.449999999999,-18.725000000001,17.416666666667,12.768518518519,-41.784897250191,105.476578763492,2.746448421923,2.368172578122,0.000000000000,0.000000000000
R1E01_legacy_trend_4h_resumption,trend_pullback_resumption,c0da75c40bbbbf0f744d4249d3f61cb231f25d2d65dee0f149b7988d16ca27db,48,-1,163,0.374233128834,-2.999079754601,-3.580085661237,-583.553962781678,-5.742097474509,-935.961888345036,-10.595419479268,47.850613496932,-38.389570552147,24.750000000000,-31.150000000000,16.975460122699,24.331288343558,-90.222609254423,116.613717435671,0.845570398001,0.766305017270,0.000000000000,0.000000000000
R1E01_legacy_trend_4h_resumption,trend_pullback_resumption,c0da75c40bbbbf0f744d4249d3f61cb231f25d2d65dee0f149b7988d16ca27db,48,1,213,0.647887323944,15.243896713615,14.686757188856,3128.279281226370,12.572478139338,2677.937843679062,12.345879323029,43.531690140845,-33.932863849765,30.500000000001,-21.500000000003,26.699530516432,17.934272300469,-72.705409260044,109.127918659924,2.256479711071,2.008217059274,0.000000000000,0.000000000000
R1E02_legacy_trend_8h_resumption,trend_pullback_resumption,23e3724d872de13027eb769e830b148786cec42dd471b0e34bc062718f364017,1,-1,147,0.367346938776,-1.192517006802,-1.780291454327,-261.702843786034,-3.955840349375,-581.508531358168,-1.899999999998,5.807823129252,-6.480612244898,3.500000000000,-4.250000000002,0.979591836735,0.979591836735,-17.167458239280,9.758897226299,0.567337607292,0.296730975839,0.000000000000,0.000000000000
R1E02_legacy_trend_8h_resumption,trend_pullback_resumption,23e3724d872de13027eb769e830b148786cec42dd471b0e34bc062718f364017,1,1,225,0.444444444444,0.206000000000,-0.349692352739,-78.680779366330,-2.461077058217,-553.742338098906,-0.550000000002,5.042444444444,-5.002666666667,3.300000000002,-3.100000000001,0.991111111111,0.973333333333,-11.193551183280,10.104337742077,0.863224749479,0.368263354875,0.000000000000,0.000000000000
R1E02_legacy_trend_8h_resumption,trend_pullback_resumption,23e3724d872de13027eb769e830b148786cec42dd471b0e34bc062718f364017,2,-1,147,0.360544217687,-2.517006802721,-3.104781250245,-456.402843786051,-5.280330145294,-776.208531358185,-2.812704918029,7.614965986395,-9.103741496599,4.799999999994,-6.500000000000,1.380952380952,1.557823129252,-21.057698753759,11.520001744479,0.426397768683,0.239090078673,0.000000000000,0.000000000000
R1E02_legacy_trend_8h_resumption,trend_pullback_resumption,23e3724d872de13027eb769e830b148786cec42dd471b0e34bc062718f364017,2,1,225,0.497777777778,0.355111111111,-0.200581241628,-45.130779366336,-2.311965947106,-520.192338098912,-0.049999999999,7.086222222222,-7.026666666667,4.700000000000,-4.300000000001,1.453333333333,1.480000000000,-17.671973182941,15.984984547524,0.943985533430,0.518440635701,0.000000000000,0.000000000000
R1E02_legacy_trend_8h_resumption,trend_pullback_resumption,23e3724d872de13027eb769e830b148786cec42dd471b0e34bc062718f364017,3,-1,147,0.421768707483,-2.127210884354,-2.714985331878,-399.102843786051,-4.890534226926,-718.908531358184,-1.735553168636,9.044557823129,-10.725170068027,5.650000000003,-7.599999999999,1.809523809524,2.088435374150,-22.335689532127,16.818213380077,0.543555835753,0.337824030993,0.000000000000,0.000000000000
R1E02_legacy_trend_8h_resumption,trend_pullback_resumption,23e3724d872de13027eb769e830b148786cec42dd471b0e34bc062718f364017,3,1,225,0.515555555556,0.716000000000,0.160307647261,36.069220633699,-1.951077058217,-438.992338098877,0.450000000000,9.287111111111,-8.561111111111,6.349999999998,-5.249999999998,2.026666666667,1.897777777778,-22.206215026720,20.559725603550,1.039542517497,0.622751744314,0.000000000000,0.000000000000
R1E02_legacy_trend_8h_resumption,trend_pullback_resumption,23e3724d872de13027eb769e830b148786cec42dd471b0e34bc062718f364017,4,-1,147,0.360544217687,-2.368367346939,-2.956141794463,-434.552843786062,-5.131690689512,-754.358531358196,-3.800000000002,11.086734693878,-12.428231292517,6.900000000002,-9.299999999999,2.244897959184,2.659863945578,-25.196914595039,21.562393231264,0.588723787383,0.405639010497,0.000000000000,0.000000000000
R1E02_legacy_trend_8h_resumption,trend_pullback_resumption,23e3724d872de13027eb769e830b148786cec42dd471b0e34bc062718f364017,4,1,225,0.533333333333,1.272222222222,0.716529869483,161.219220633665,-1.394854835995,-313.842338098912,0.599999999997,10.628666666667,-9.769111111111,6.999999999999,-6.149999999997,2.426666666667,2.337777777778,-21.635801626019,21.289719905667,1.157157013834,0.752760001556,0.000000000000,0.000000000000
R1E02_legacy_trend_8h_resumption,trend_pullback_resumption,23e3724d872de13027eb769e830b148786cec42dd471b0e34bc062718f364017,6,-1,147,0.394557823129,-2.465986394558,-3.053760842082,-448.902843786061,-5.229309737131,-768.708531358195,-3.763557483734,13.614625850340,-14.728911564626,8.500000000001,-10.599999999999,3.034013605442,3.809523809524,-34.164320617737,23.738723536738,0.634393393608,0.463471216808,0.000000000000,0.000000000000
R1E02_legacy_trend_8h_resumption,trend_pullback_resumption,23e3724d872de13027eb769e830b148786cec42dd471b0e34bc062718f364017,6,1,225,0.520000000000,2.601333333333,2.045640980594,460.269220633693,-0.065743724884,-14.792338098884,1.349999999999,13.751555555555,-12.613777777778,8.249999999998,-7.999999999998,3.533333333333,3.217777777778,-29.667922978447,37.098531522007,1.366907206610,0.990077382126,0.000000000000,0.000000000000
R1E02_legacy_trend_8h_resumption,trend_pullback_resumption,23e3724d872de13027eb769e830b148786cec42dd471b0e34bc062718f364017,8,-1,147,0.387755102041,-3.376190476190,-3.963964923715,-582.702843786055,-6.139513818763,-902.508531358188,-3.963517241377,16.286394557823,-17.804761904762,10.050000000001,-13.150000000002,3.952380952381,4.755102040816,-42.285356743114,26.992310087174,0.614932412169,0.474420336137,0.000000000000,0.000000000000
R1E02_legacy_trend_8h_resumption,trend_pullback_resumption,23e3724d872de13027eb769e830b148786cec42dd471b0e34bc062718f364017,8,1,225,0.542222222222,2.733111111111,2.177418758372,489.919220633682,0.066034052894,14.857661901106,1.867682263330,15.786666666667,-14.890222222222,9.899999999999,-9.299999999999,4.537777777778,4.000000000000,-26.003406561392,36.985345326043,1.346764375473,1.009044975174,0.000000000000,0.000000000000
R1E02_legacy_trend_8h_resumption,trend_pullback_resumption,23e3724d872de13027eb769e830b148786cec42dd471b0e34bc062718f364017,12,-1,147,0.408163265306,-4.574149659864,-5.161924107388,-758.802843786037,-7.337473002437,-1078.608531358171,-5.422209436134,19.984353741497,-21.629251700680,11.849999999998,-16.900000000001,5.224489795918,6.768707482993,-47.181694300517,37.753214646426,0.589334057180,0.473149171422,0.000000000000,0.000000000000
R1E02_legacy_trend_8h_resumption,trend_pullback_resumption,23e3724d872de13027eb769e830b148786cec42dd471b0e34bc062718f364017,12,1,225,0.568888888889,5.183555555555,4.627863202816,1041.269220633679,2.516478497338,566.207661901102,3.293001686338,19.842666666667,-17.454888888889,12.299999999999,-11.799999999999,6.813333333333,5.422222222222,-32.811427797241,46.198331648130,1.708888769506,1.336061387695,0.000000000000,0.000000000000
R1E02_legacy_trend_8h_resumption,trend_pullback_resumption,23e3724d872de13027eb769e830b148786cec42dd471b0e34bc062718f364017,16,-1,147,0.367346938776,-4.806462585034,-5.394237032558,-792.952843786068,-7.569785927607,-1112.758531358202,-5.849999999999,23.097959183673,-24.362925170068,13.849999999999,-19.049999999999,6.551020408163,8.380952380952,-46.443754427464,43.070521649700,0.621469293066,0.517063108566,0.000000000000,0.000000000000
R1E02_legacy_trend_8h_resumption,trend_pullback_resumption,23e3724d872de13027eb769e830b148786cec42dd471b0e34bc062718f364017,16,1,225,0.560000000000,4.871333333333,4.315640980594,971.019220633686,2.204256275116,495.957661901110,3.345967741930,22.351555555555,-21.057555555556,14.699999999999,-13.399999999999,8.395555555556,7.177777777778,-42.759999999999,50.258266978924,1.533007969501,1.243369110257,0.000000000000,0.000000000000
R1E02_legacy_trend_8h_resumption,trend_pullback_resumption,23e3724d872de13027eb769e830b148786cec42dd471b0e34bc062718f364017,24,-1,146,0.390410958904,-5.882876712329,-6.471252354699,-944.802843786070,-8.648003639440,-1262.608531358203,-11.551547116736,30.686643835616,-31.300684931507,18.275000000003,-26.425000000002,9.479452054795,13.294520547945,-74.956133824278,74.283995952641,0.659111800368,0.574927857001,0.000000000000,0.000000000000
R1E02_legacy_trend_8h_resumption,trend_pullback_resumption,23e3724d872de13027eb769e830b148786cec42dd471b0e34bc062718f364017,24,1,224,0.580357142857,10.802008928571,10.246067949258,2295.119220633685,8.134185990630,1822.057661901109,4.496990218210,30.064508928571,-24.646875000000,20.775000000002,-16.575000000000,12.745535714286,10.200892857143,-48.402500000001,73.112419146186,2.258679453321,1.897177476808,0.000000000000,0.000000000000
R1E02_legacy_trend_8h_resumption,trend_pullback_resumption,23e3724d872de13027eb769e830b148786cec42dd471b0e34bc062718f364017,32,-1,146,0.356164383562,-3.595205479452,-4.183581121822,-610.802843786061,-6.360332406563,-928.608531358194,-10.591790153812,36.502397260274,-33.828424657534,20.550000000000,-29.649999999999,13.164383561644,16.821917808219,-64.981452626069,89.849625202593,0.780987415968,0.689978373711,0.000000000000,0.000000000000
R1E02_legacy_trend_8h_resumption,trend_pullback_resumption,23e3724d872de13027eb769e830b148786cec42dd471b0e34bc062718f364017,32,1,224,0.638392857143,15.262723214286,14.706782234972,3294.319220633684,12.594900276344,2821.257661901107,6.587428101890,35.605357142857,-27.308258928571,22.900000000000,-18.049999999998,17.781250000000,12.616071428571,-38.058555421870,96.787588279816,2.885055346431,2.463618208722,0.000000000000,0.000000000000
R1E02_legacy_trend_8h_resumption,trend_pullback_resumption,23e3724d872de13027eb769e830b148786cec42dd471b0e34bc062718f364017,48,-1,145,0.358620689655,-3.357241379310,-3.945642244663,-572.118125476207,-6.122443975370,-887.754376428623,-9.721998647274,43.629655172414,-37.947931034483,23.350000000002,-32.050000000001,18.793103448276,23.668965517241,-89.999794084740,110.592178988327,0.819205587893,0.736669107389,0.000000000000,0.000000000000
R1E02_legacy_trend_8h_resumption,trend_pullback_resumption,23e3724d872de13027eb769e830b148786cec42dd471b0e34bc062718f364017,48,1,221,0.638009049774,13.779864253394,13.223235377760,2922.335018484874,11.109977626492,2455.305055454645,11.600000000001,42.455882352941,-34.366515837104,28.699999999998,-21.700000000001,26.262443438914,18.235294117647,-73.849999999999,107.386882453152,2.124304207502,1.883773209568,0.000000000000,0.000000000000
R1E03_trend_12h_resumption,trend_pullback_resumption,90d0f87208e9aff45443c6864be13ef853dec694ab5c5a2d97902e744cce55e8,1,-1,269,0.368029739777,-0.868215613383,-1.464397198636,-393.922846433022,-3.656760369142,-983.668539299090,-1.899999999998,5.584944237918,-5.812825278810,3.350000000000,-4.500000000002,0.977695167286,0.985130111524,-12.787370855309,10.519132902331,0.583091384854,0.281109954469,0.000000000000,0.000000000000
R1E03_trend_12h_resumption,trend_pullback_resumption,90d0f87208e9aff45443c6864be13ef853dec694ab5c5a2d97902e744cce55e8,1,1,460,0.421739130435,0.012717391304,-0.563171815453,-259.059035108322,-2.714950228967,-1248.877105324854,-0.600000000002,4.523804347826,-4.715000000000,2.799999999999,-2.999999999999,0.986956521739,0.976086956522,-10.481876443416,9.920712419683,0.773600409101,0.309855893155,0.000000000000,0.000000000000
R1E03_trend_12h_resumption,trend_pullback_resumption,90d0f87208e9aff45443c6864be13ef853dec694ab5c5a2d97902e744cce55e8,2,-1,269,0.394052044610,-0.915985130112,-1.512166715364,-406.772846433028,-3.704529885870,-996.518539299096,-2.203756260434,8.117843866171,-8.312453531599,4.700000000003,-6.300000000002,1.382899628253,1.535315985130,-18.274105805846,15.058384925977,0.685785862130,0.407447732241,0.000000000000,0.000000000000
R1E03_trend_12h_resumption,trend_pullback_resumption,90d0f87208e9aff45443c6864be13ef853dec694ab5c5a2d97902e744cce55e8,2,1,460,0.465217391304,0.452173913043,-0.123715293714,-56.909035108322,-2.275493707228,-1046.727105324854,-0.468489607451,6.670108695652,-6.398695652174,4.100000000000,-4.025000000001,1.450000000000,1.456521739130,-13.711316634012,13.031390935886,0.959710667221,0.482492665397,0.000000000000,0.000000000000
R1E03_trend_12h_resumption,trend_pullback_resumption,90d0f87208e9aff45443c6864be13ef853dec694ab5c5a2d97902e744cce55e8,3,-1,269,0.427509293680,-0.977881040892,-1.574062626145,-423.422846433092,-3.766425796651,-1013.168539299160,-1.962604087812,9.702973977695,-9.877695167286,5.500000000001,-7.350000000000,1.832713754647,2.037174721190,-20.431361702127,23.681745762712,0.727681025135,0.474574123422,0.000000000000,0.000000000000
R1E03_trend_12h_resumption,trend_pullback_resumption,90d0f87208e9aff45443c6864be13ef853dec694ab5c5a2d97902e744cce55e8,3,1,460,0.478260869565,0.699347826087,0.123458619330,56.790964891712,-2.028319794184,-933.027105324820,-0.252584493042,8.439130434783,-7.753152173913,5.025000000001,-4.975000000002,1.980434782609,1.900000000000,-19.240011770246,16.498874346666,1.033176761294,0.591704090863,0.000000000000,0.000000000000
R1E03_trend_12h_resumption,trend_pullback_resumption,90d0f87208e9aff45443c6864be13ef853dec694ab5c5a2d97902e744cce55e8,4,-1,269,0.408921933086,-1.081598513011,-1.677780098264,-451.322846433035,-3.870143268770,-1041.068539299103,-2.062604087813,11.030855018587,-11.597211895911,6.699999999998,-8.050000000003,2.271375464684,2.594795539033,-23.999999999999,25.578081156448,0.737191874129,0.501294623813,0.000000000000,0.000000000000
R1E03_trend_12h_resumption,trend_pullback_resumption,90d0f87208e9aff45443c6864be13ef853dec694ab5c5a2d97902e744cce55e8,4,1,460,0.500000000000,0.878586956522,0.302697749765,139.240964891684,-1.849080663750,-850.577105324849,0.028968655207,9.753152173913,-9.085000000000,6.325000000001,-5.900000000001,2.443478260870,2.371739130435,-19.480720091316,20.037082912031,1.069561385343,0.667288941219,0.000000000000,0.000000000000
R1E03_trend_12h_resumption,trend_pullback_resumption,90d0f87208e9aff45443c6864be13ef853dec694ab5c5a2d97902e744cce55e8,6,-1,269,0.420074349442,-1.682899628253,-2.279081213506,-613.072846433050,-4.471444384012,-1202.818539299118,-2.300372340428,13.323048327137,-13.307063197026,8.149999999998,-9.750000000005,3.044609665428,3.609665427509,-31.178740515933,26.808309123568,0.689836885623,0.485705640904,0.000000000000,0.000000000000
R1E03_trend_12h_resumption,trend_pullback_resumption,90d0f87208e9aff45443c6864be13ef853dec694ab5c5a2d97902e744cce55e8,6,1,460,0.521739130435,2.100543478261,1.524654271504,701.340964891688,-0.627124142011,-288.477105324845,0.437983735066,12.292717391304,-11.529021739130,7.549999999999,-7.349999999997,3.563043478261,3.265217391304,-23.414438268807,28.704284130701,1.312522204163,0.895371915053,0.000000000000,0.000000000000
R1E03_trend_12h_resumption,trend_pullback_resumption,90d0f87208e9aff45443c6864be13ef853dec694ab5c5a2d97902e744cce55e8,8,-1,269,0.412639405204,-1.964684014870,-2.560865600123,-688.872846433034,-4.753228770629,-1278.618539299102,-3.963517241377,15.563940520446,-15.616914498141,9.099999999998,-11.400000000000,3.743494423792,4.732342007435,-35.617251687560,34.345896168944,0.713130982543,0.536775834479,0.000000000000,0.000000000000
R1E03_trend_12h_resumption,trend_pullback_resumption,90d0f87208e9aff45443c6864be13ef853dec694ab5c5a2d97902e744cce55e8,8,1,459,0.535947712418,2.192374727669,1.616320184949,741.890964891690,-0.535788900490,-245.927105324842,0.840250965252,14.058932461874,-13.150980392157,9.100000000001,-8.100000000005,4.516339869281,3.989106753813,-24.407794284291,34.744117360041,1.287506887968,0.920067137418,0.000000000000,0.000000000000
R1E03_trend_12h_resumption,trend_pullback_resumption,90d0f87208e9aff45443c6864be13ef853dec694ab5c5a2d97902e744cce55e8,12,-1,269,0.412639405204,-1.131598513011,-1.727780098264,-464.772846433024,-3.920143268770,-1054.518539299092,-5.569615384616,20.969702602230,-19.507434944238,11.350000000002,-14.749999999998,5.156133828996,7.078066914498,-44.293388601038,45.770000000000,0.848270462148,0.691760896962,0.000000000000,0.000000000000
R1E03_trend_12h_resumption,trend_pullback_resumption,90d0f87208e9aff45443c6864be13ef853dec694ab5c5a2d97902e744cce55e8,12,1,458,0.534934497817,3.460807860262,2.884587259589,1321.140964891760,0.732146058243,335.322894675228,1.082240259740,17.157860262009,-15.408296943231,10.750000000002,-10.275000000000,6.506550218341,5.580786026201,-28.465360843858,39.204880882783,1.494197263462,1.105877642935,0.000000000000,0.000000000000
R1E03_trend_12h_resumption,trend_pullback_resumption,90d0f87208e9aff45443c6864be13ef853dec694ab5c5a2d97902e744cce55e8,16,-1,268,0.354477611940,-3.167350746269,-3.763488977319,-1008.615045921515,-5.955765439420,-1596.145137764565,-6.184329101010,24.235634328358,-22.880037313433,13.299999999998,-17.425000000003,6.376865671642,9.082089552239,-47.464840432739,43.108764270364,0.713937969156,0.591888275506,0.000000000000,0.000000000000
R1E03_trend_12h_resumption,trend_pullback_resumption,90d0f87208e9aff45443c6864be13ef853dec694ab5c5a2d97902e744cce55e8,16,1,458,0.552401746725,2.938427947598,2.362207346925,1081.890964891734,0.209766145579,96.072894675201,1.607956250101,19.636462882096,-18.698689956332,12.375000000000,-11.775000000002,8.277292576419,7.205240174672,-36.593449655133,44.000248173372,1.308592306921,1.024127663330,0.000000000000,0.000000000000
R1E03_trend_12h_resumption,trend_pullback_resumption,90d0f87208e9aff45443c6864be13ef853dec694ab5c5a2d97902e744cce55e8,24,-1,266,0.349624060150,-4.047744360902,-4.644183953716,-1235.352931688466,-6.837063139344,-1818.658795065372,-9.505524227234,31.115225563910,-28.591729323308,17.025000000000,-22.900000000001,9.515037593985,13.819548872180,-61.722210131021,74.283995952641,0.729431298774,0.632792346041,0.000000000000,0.000000000000
R1E03_trend_12h_resumption,trend_pullback_resumption,90d0f87208e9aff45443c6864be13ef853dec694ab5c5a2d97902e744cce55e8,24,1,456,0.559210526316,6.574671052632,5.998116151078,2735.140964891734,3.845006347972,1753.322894675202,3.723302148303,26.259868421053,-22.560855263158,16.824999999997,-15.099999999998,12.989035087719,10.651315789474,-42.006155845566,62.743395561819,1.667176867134,1.385091942036,0.000000000000,0.000000000000
R1E03_trend_12h_resumption,trend_pullback_resumption,90d0f87208e9aff45443c6864be13ef853dec694ab5c5a2d97902e744cce55e8,32,-1,266,0.360902255639,-2.762969924812,-3.359409517626,-893.602931688479,-5.552288703253,-1476.908795065384,-10.862723116872,37.593796992481,-32.624812030075,19.624999999998,-26.450000000001,13.086466165414,18.225563909774,-64.174680669211,89.121103066439,0.818236479902,0.721089773156,0.000000000000,0.000000000000
R1E03_trend_12h_resumption,trend_pullback_resumption,90d0f87208e9aff45443c6864be13ef853dec694ab5c5a2d97902e744cce55e8,32,1,456,0.600877192982,10.301096491228,9.724541589675,4434.390964891727,7.571431786568,3452.572894675194,5.606753601656,31.906030701754,-26.326206140351,21.475000000001,-17.049999999999,17.945175438596,14.074561403509,-42.589894107512,77.780408438060,2.047685169375,1.743039382404,0.000000000000,0.000000000000
R1E03_trend_12h_resumption,trend_pullback_resumption,90d0f87208e9aff45443c6864be13ef853dec694ab5c5a2d97902e744cce55e8,48,-1,265,0.396226415094,-0.410754716981,-1.002817904980,-265.746744819778,-3.186944280979,-844.540234459310,-9.721998647274,45.988301886792,-38.656603773585,23.799999999997,-31.649999999996,21.973584905660,25.407547169811,-81.341835074396,122.148119328318,0.952835349327,0.859061665105,0.000000000000,0.000000000000
R1E03_trend_12h_resumption,trend_pullback_resumption,90d0f87208e9aff45443c6864be13ef853dec694ab5c5a2d97902e744cce55e8,48,1,455,0.597802197802,11.065164835165,10.488441681081,4772.240964891758,8.334995372913,3792.422894675226,7.055069659441,40.721648351648,-34.648681318681,27.400000000000,-21.800000000002,27.369230769231,21.010989010989,-74.054849673202,100.365127134951,1.792427190610,1.589462344808,0.000000000000,0.000000000000
R1E04_trend_16h_resumption,trend_pullback_resumption,88b02ad95db6eca41b982925a97f72f3cc23baf43d5ca2d042e0c5a8a755a494,1,-1,282,0.340425531915,-0.865602836879,-1.461838499591,-412.238456884612,-3.654309825014,-1030.515370653819,-1.993749999999,5.552127659574,-5.777304964539,3.250000000000,-4.075000000000,0.978723404255,0.985815602837,-12.811850626683,10.054680554650,0.586340410673,0.290290695321,0.000000000000,0.000000000000
R1E04_trend_16h_resumption,trend_pullback_resumption,88b02ad95db6eca41b982925a97f72f3cc23baf43d5ca2d042e0c5a8a755a494,1,1,480,0.441666666667,0.306562500000,-0.269789825281,-129.499116134791,-2.422494475842,-1162.797348404264,-0.502429149798,4.592708333333,-4.426770833334,2.825000000000,-2.799999999999,0.979166666667,0.975000000000,-9.618125744740,9.504832499999,0.881578582247,0.344337034316,0.000000000000,0.000000000000
R1E04_trend_16h_resumption,trend_pullback_resumption,88b02ad95db6eca41b982925a97f72f3cc23baf43d5ca2d042e0c5a8a755a494,2,-1,282,0.414893617021,-0.601950354610,-1.198186017321,-337.888456884560,-3.390657342744,-956.165370653766,-1.761056338026,8.270390070922,-8.316843971631,4.700000000003,-6.199999999998,1.404255319149,1.539007092199,-19.070887452881,17.815247102166,0.748182939501,0.447875582800,0.000000000000,0.000000000000
R1E04_trend_16h_resumption,trend_pullback_resumption,88b02ad95db6eca41b982925a97f72f3cc23baf43d5ca2d042e0c5a8a755a494,2,1,480,0.483333333333,0.748020833333,0.171668508053,82.400883865200,-1.981036142509,-950.897348404272,-0.267137592138,6.762083333333,-6.000937500000,4.200000000000,-3.899999999999,1.445833333333,1.445833333333,-13.294621725637,14.344317364796,1.058349573501,0.530560005993,0.000000000000,0.000000000000
R1E04_trend_16h_resumption,trend_pullback_resumption,88b02ad95db6eca41b982925a97f72f3cc23baf43d5ca2d042e0c5a8a755a494,3,-1,282,0.439716312057,-0.422517730497,-1.018753393208,-287.288456884651,-3.211224718631,-905.565370653857,-1.397120285424,10.305851063830,-9.998936170213,6.074999999998,-7.349999999998,1.879432624113,2.046099290780,-22.862810654824,24.135978813556,0.819191345658,0.540211189982,0.000000000000,0.000000000000
R1E04_trend_16h_resumption,trend_pullback_resumption,88b02ad95db6eca41b982925a97f72f3cc23baf43d5ca2d042e0c5a8a755a494,3,1,480,0.491666666667,1.161041666667,0.584689341386,280.650883865239,-1.568015309175,-752.647348404234,-0.102442996743,8.725104166667,-7.349375000000,5.175000000000,-4.750000000000,1.997916666667,1.900000000000,-17.796099276727,19.377116224387,1.165712752706,0.668981026876,0.000000000000,0.000000000000
R1E04_trend_16h_resumption,trend_pullback_resumption,88b02ad95db6eca41b982925a97f72f3cc23baf43d5ca2d042e0c5a8a755a494,4,-1,282,0.421985815603,-0.857801418440,-1.454037081151,-410.038456884584,-3.646508406574,-1028.315370653791,-2.066254082277,11.802482269503,-11.685992907801,7.075000000000,-8.000000000001,2.294326241135,2.570921985816,-24.735434886690,25.905247973108,0.781084534957,0.543060180707,0.000000000000,0.000000000000
R1E04_trend_16h_resumption,trend_pullback_resumption,88b02ad95db6eca41b982925a97f72f3cc23baf43d5ca2d042e0c5a8a755a494,4,1,480,0.510416666667,1.474166666667,0.897814341386,430.950883865209,-1.254890309176,-602.347348404264,0.221986741662,9.946458333333,-8.504583333333,6.350000000000,-5.624999999999,2.456250000000,2.335416666667,-16.398612014329,20.820950731059,1.226636495520,0.756032781893,0.000000000000,0.000000000000
R1E04_trend_16h_resumption,trend_pullback_resumption,88b02ad95db6eca41b982925a97f72f3cc23baf43d5ca2d042e0c5a8a755a494,6,-1,282,0.425531914894,-1.105851063830,-1.702086726541,-479.988456884596,-3.894558051964,-1098.265370653802,-2.490764949818,14.453014184397,-13.616134751773,8.349999999999,-9.675000000000,3.060283687943,3.680851063830,-33.179310396409,30.900000000002,0.777807851289,0.566947281164,0.000000000000,0.000000000000
R1E04_trend_16h_resumption,trend_pullback_resumption,88b02ad95db6eca41b982925a97f72f3cc23baf43d5ca2d042e0c5a8a755a494,6,1,480,0.518750000000,2.711770833333,2.135418508053,1025.000883865242,-0.017286142509,-8.297348404231,0.486874304782,12.369479166667,-10.678750000000,7.575000000000,-6.825000000002,3.570833333333,3.204166666667,-22.605240799638,30.667197893369,1.487134709064,0.996853809497,0.000000000000,0.000000000000
R1E04_trend_16h_resumption,trend_pullback_resumption,88b02ad95db6eca41b982925a97f72f3cc23baf43d5ca2d042e0c5a8a755a494,8,-1,282,0.407801418440,-1.635283687943,-2.231519350655,-629.288456884598,-4.423990676077,-1247.565370653805,-4.006758620689,16.762943262411,-16.079255319149,9.299999999999,-11.175000000001,3.840425531915,4.822695035461,-40.207707775427,39.901620806112,0.761031030294,0.586569481207,0.000000000000,0.000000000000
R1E04_trend_16h_resumption,trend_pullback_resumption,88b02ad95db6eca41b982925a97f72f3cc23baf43d5ca2d042e0c5a8a755a494,8,1,479,0.536534446764,2.612630480167,2.036118755460,975.300883865227,-0.116904693955,-55.997348404246,0.665474722565,14.117640918580,-12.299060542798,9.000000000003,-7.950000000000,4.465553235908,3.983298538622,-23.682856059914,34.744117360041,1.390138515423,0.981507162096,0.000000000000,0.000000000000
R1E04_trend_16h_resumption,trend_pullback_resumption,88b02ad95db6eca41b982925a97f72f3cc23baf43d5ca2d042e0c5a8a755a494,12,-1,282,0.414893617021,-1.024645390071,-1.620881052782,-457.088456884563,-3.813352378205,-1075.365370653770,-4.873333740980,22.251595744681,-19.873049645390,12.325000000001,-14.075000000000,5.301418439716,6.978723404255,-48.190863966281,49.847882874833,0.862830620094,0.710006769784,0.000000000000,0.000000000000
R1E04_trend_16h_resumption,trend_pullback_resumption,88b02ad95db6eca41b982925a97f72f3cc23baf43d5ca2d042e0c5a8a755a494,12,1,478,0.537656903766,3.920815899582,3.344144108505,1598.500883865304,1.190800526351,569.202651595831,1.239608187644,17.091945606695,-14.502405857741,10.650000000001,-9.750000000001,6.430962343096,5.581589958159,-25.890084293768,38.790969143610,1.615671061488,1.183259052159,0.000000000000,0.000000000000
R1E04_trend_16h_resumption,trend_pullback_resumption,88b02ad95db6eca41b982925a97f72f3cc23baf43d5ca2d042e0c5a8a755a494,16,-1,281,0.366548042705,-1.875444839858,-2.471639346523,-694.530656373070,-4.664028359855,-1310.591969119258,-6.317626728107,26.105871886121,-23.012989323844,14.800000000000,-16.900000000001,6.676156583630,8.960854092527,-51.517272727273,59.157142857145,0.814043316727,0.682859683247,0.000000000000,0.000000000000
R1E04_trend_16h_resumption,trend_pullback_resumption,88b02ad95db6eca41b982925a97f72f3cc23baf43d5ca2d042e0c5a8a755a494,16,1,478,0.562761506276,3.680648535565,3.103976744488,1483.700883865261,0.950633162334,454.402651595789,1.821593241553,19.749163179916,-17.663598326360,12.674999999999,-11.249999999998,8.288702928870,7.276150627615,-33.604790337009,44.000248173372,1.433220528053,1.116158109174,0.000000000000,0.000000000000
R1E04_trend_16h_resumption,trend_pullback_resumption,88b02ad95db6eca41b982925a97f72f3cc23baf43d5ca2d042e0c5a8a755a494,24,-1,280,0.357142857143,-2.774107142857,-3.370244793357,-943.668542140015,-5.562520094357,-1557.505626420058,-9.131959982787,33.563035714286,-28.863392857143,18.325000000002,-22.575000000001,9.746428571429,13.621428571429,-68.440987930150,81.286208978619,0.809196072305,0.708902240188,0.000000000000,0.000000000000
R1E04_trend_16h_resumption,trend_pullback_resumption,88b02ad95db6eca41b982925a97f72f3cc23baf43d5ca2d042e0c5a8a755a494,24,1,476,0.565126050420,7.387079831933,6.810085890473,3241.600883865289,4.656098007554,2216.302651595816,3.198982035927,26.034873949580,-21.352941176471,16.675000000001,-14.249999999998,12.949579831933,10.888655462185,-39.393723702666,64.366155088852,1.847988062658,1.516473343699,0.000000000000,0.000000000000
R1E04_trend_16h_resumption,trend_pullback_resumption,88b02ad95db6eca41b982925a97f72f3cc23baf43d5ca2d042e0c5a8a755a494,32,-1,279,0.358422939068,-2.801971326165,-3.398453556057,-948.168542140021,-5.591418015843,-1560.005626420065,-10.949999999997,39.595519713262,-33.501433691757,20.900000000000,-25.700000000001,13.003584229391,18.408602150538,-66.322273387115,96.262147606751,0.827579575054,0.735680177211,0.000000000000,0.000000000000
R1E04_trend_16h_resumption,trend_pullback_resumption,88b02ad95db6eca41b982925a97f72f3cc23baf43d5ca2d042e0c5a8a755a494,32,1,476,0.611344537815,11.138130252101,10.561136310641,5027.100883865271,8.407148427722,4001.802651595798,5.789399572158,31.867857142857,-25.083088235294,21.349999999998,-16.800000000001,18.394957983193,14.634453781513,-41.451659949423,77.780408438060,2.240384984228,1.895077502995,0.000000000000,0.000000000000
R1E04_trend_16h_resumption,trend_pullback_resumption,88b02ad95db6eca41b982925a97f72f3cc23baf43d5ca2d042e0c5a8a755a494,48,-1,278,0.399280575540,-1.063129496403,-1.655440126875,-460.212355271346,-3.840061387820,-1067.537065814017,-9.983136836661,46.709712230216,-39.153057553957,23.874999999998,-31.475000000000,21.866906474820,25.719424460432,-91.106110760491,127.523189095746,0.926785174176,0.839669865675,0.000000000000,0.000000000000
R1E04_trend_16h_resumption,trend_pullback_resumption,88b02ad95db6eca41b982925a97f72f3cc23baf43d5ca2d042e0c5a8a755a494,48,1,475,0.602105263158,11.817894736842,11.240738702874,5339.350883865285,9.086426634939,4316.052651595813,7.055069659441,40.946631578947,-33.793157894737,28.699999999998,-20.650000000001,27.753684210526,21.237894736842,-74.054849673202,97.019954218443,1.887831214004,1.670206475198,0.000000000000,0.000000000000
R1E05_legacy_trend_24h_resumption,trend_pullback_resumption,eb9d5030db470ff6cdd7799ec682f3041d59ccdf58d2d29dc3cb3ebc1a9f7a7d,1,-1,138,0.413043478261,-0.148913043478,-0.739500781653,-102.051107868062,-2.920676258002,-403.053323604254,-1.424727459816,6.987681159420,-6.115217391304,4.250000000000,-3.899999999999,0.971014492754,0.963768115942,-15.868133851470,13.424608589996,0.807138511528,0.442712832361,0.000000000000,0.000000000000
R1E05_legacy_trend_24h_resumption,trend_pullback_resumption,eb9d5030db470ff6cdd7799ec682f3041d59ccdf58d2d29dc3cb3ebc1a9f7a7d,1,1,223,0.461883408072,0.449775784753,-0.103398252553,-23.057810319378,-2.209746327166,-492.773430958127,-0.378440890917,5.050224215247,-4.813677130045,3.349999999998,-3.100000000001,0.982062780269,0.968609865471,-10.466790214565,9.919215173012,0.956080281054,0.399368429158,0.000000000000,0.000000000000
R1E05_legacy_trend_24h_resumption,trend_pullback_resumption,eb9d5030db470ff6cdd7799ec682f3041d59ccdf58d2d29dc3cb3ebc1a9f7a7d,2,-1,138,0.398550724638,-0.665217391304,-1.255805129479,-173.301107868060,-3.436980605828,-474.303323604252,-2.702529923478,9.461956521739,-8.702173913043,5.775000000000,-6.249999999999,1.333333333333,1.550724637681,-20.467499999999,19.586782307649,0.752170617156,0.471738083952,0.000000000000,0.000000000000
R1E05_legacy_trend_24h_resumption,trend_pullback_resumption,eb9d5030db470ff6cdd7799ec682f3041d59ccdf58d2d29dc3cb3ebc1a9f7a7d,2,1,223,0.479820627803,0.442152466368,-0.111021570939,-24.757810319384,-2.217369645552,-494.473430958132,-0.250000000000,7.098430493274,-6.815470852018,4.700000000000,-4.599999999999,1.484304932735,1.461883408072,-13.210393030846,15.852011188397,0.966525290976,0.513865901873,0.000000000000,0.000000000000
R1E05_legacy_trend_24h_resumption,trend_pullback_resumption,eb9d5030db470ff6cdd7799ec682f3041d59ccdf58d2d29dc3cb3ebc1a9f7a7d,3,-1,138,0.442028985507,-0.861956521739,-1.452544259914,-200.451107868094,-3.633719736263,-501.453323604286,-2.170954146998,11.355072463768,-10.583333333333,6.950000000001,-7.374999999999,1.760869565217,2.115942028986,-23.094209509129,25.841533112066,0.756697823737,0.505810517997,0.000000000000,0.000000000000
R1E05_legacy_trend_24h_resumption,trend_pullback_resumption,eb9d5030db470ff6cdd7799ec682f3041d59ccdf58d2d29dc3cb3ebc1a9f7a7d,3,1,223,0.506726457399,1.207399103139,0.654225065832,145.892189680623,-1.452123008781,-323.823430958126,0.450000000000,9.569282511211,-8.297085201794,6.550000000001,-5.399999999997,2.094170403587,1.914798206278,-18.398434203956,22.369681210303,1.172381130527,0.703508828284,0.000000000000,0.000000000000
R1E05_legacy_trend_24h_resumption,trend_pullback_resumption,eb9d5030db470ff6cdd7799ec682f3041d59ccdf58d2d29dc3cb3ebc1a9f7a7d,4,-1,138,0.369565217391,-1.892753623188,-2.483341361363,-342.701107868070,-4.664516837712,-643.703323604262,-3.750000000000,12.668115942029,-12.507246376811,7.800000000000,-8.499999999999,2.115942028986,2.688405797101,-25.199006637127,29.944878003123,0.652482268738,0.456908927683,0.000000000000,0.000000000000
R1E05_legacy_trend_24h_resumption,trend_pullback_resumption,eb9d5030db470ff6cdd7799ec682f3041d59ccdf58d2d29dc3cb3ebc1a9f7a7d,4,1,223,0.538116591928,2.406502242152,1.853328204846,413.292189680615,-0.253019869767,-56.423430958134,1.249999999998,11.187443946188,-9.372869955157,7.200000000000,-6.450000000001,2.484304932735,2.349775784753,-15.790184237460,22.433527107388,1.479194140818,0.948466557881,0.000000000000,0.000000000000
R1E05_legacy_trend_24h_resumption,trend_pullback_resumption,eb9d5030db470ff6cdd7799ec682f3041d59ccdf58d2d29dc3cb3ebc1a9f7a7d,6,-1,138,0.391304347826,-1.193115942029,-1.783703680203,-246.151107868074,-3.964879156553,-547.153323604266,-3.673464587666,15.404710144927,-14.963405797101,8.750000000001,-11.175000000000,2.934782608696,3.804347826087,-29.364693513176,33.011293124937,0.777642696105,0.578398670463,0.000000000000,0.000000000000
R1E05_legacy_trend_24h_resumption,trend_pullback_resumption,eb9d5030db470ff6cdd7799ec682f3041d59ccdf58d2d29dc3cb3ebc1a9f7a7d,6,1,223,0.542600896861,4.543946188341,3.990772151034,889.942189680667,1.884424076421,420.226569041918,2.319375160708,14.469506726457,-11.530493273543,8.899999999997,-8.100000000002,3.668161434978,3.094170403587,-19.786714294128,37.606019178727,1.888687343454,1.343773957800,0.000000000000,0.000000000000
R1E05_legacy_trend_24h_resumption,trend_pullback_resumption,eb9d5030db470ff6cdd7799ec682f3041d59ccdf58d2d29dc3cb3ebc1a9f7a7d,8,-1,138,0.413043478261,-1.506521739130,-2.097109477305,-289.401107868066,-4.278284953654,-590.403323604258,-3.373436748437,18.726086956522,-17.987681159420,10.750000000000,-14.124999999999,3.884057971014,4.847826086957,-38.490072771924,55.608402087298,0.787326326955,0.617488485823,0.000000000000,0.000000000000
R1E05_legacy_trend_24h_resumption,trend_pullback_resumption,eb9d5030db470ff6cdd7799ec682f3041d59ccdf58d2d29dc3cb3ebc1a9f7a7d,8,1,223,0.533632286996,4.252914798206,3.699740760900,825.042189680644,1.593392686287,355.326569041895,1.342132505177,16.794170403588,-13.542600896861,11.350000000002,-9.299999999999,4.704035874439,3.869955156951,-24.330239529463,37.665170477088,1.663186639282,1.241081890874,0.000000000000,0.000000000000
R1E05_legacy_trend_24h_resumption,trend_pullback_resumption,eb9d5030db470ff6cdd7799ec682f3041d59ccdf58d2d29dc3cb3ebc1a9f7a7d,12,-1,138,0.398550724638,-4.318478260869,-4.909065999044,-677.451107868058,-7.090241475393,-978.453323604250,-5.955563261362,22.382971014493,-22.906521739130,14.050000000000,-17.949999999999,5.297101449275,6.768115942029,-49.447961255671,50.021875983383,0.646467351997,0.534338527978,0.000000000000,0.000000000000
R1E05_legacy_trend_24h_resumption,trend_pullback_resumption,eb9d5030db470ff6cdd7799ec682f3041d59ccdf58d2d29dc3cb3ebc1a9f7a7d,12,1,223,0.600896860987,5.863228699552,5.310054662245,1184.142189680636,3.203706587632,714.426569041888,3.499795291712,20.079820627803,-15.983183856502,13.550000000001,-11.650000000003,6.811659192825,5.515695067265,-31.027569973809,41.671748168361,1.934047993430,1.487372282772,0.000000000000,0.000000000000
R1E05_legacy_trend_24h_resumption,trend_pullback_resumption,eb9d5030db470ff6cdd7799ec682f3041d59ccdf58d2d29dc3cb3ebc1a9f7a7d,16,-1,138,0.362318840580,-6.718840579710,-7.309428317884,-1008.701107868038,-9.490603794234,-1309.703323604230,-7.394740853659,25.484057971014,-25.891304347826,15.025000000001,-19.325000000002,6.086956521739,8.652173913043,-53.453588619316,53.470744056704,0.556407287814,0.469563531707,0.000000000000,0.000000000000
R1E05_legacy_trend_24h_resumption,trend_pullback_resumption,eb9d5030db470ff6cdd7799ec682f3041d59ccdf58d2d29dc3cb3ebc1a9f7a7d,16,1,223,0.596412556054,5.465919282511,4.912745245205,1095.542189680637,2.806397170591,625.826569041888,4.400000000001,22.898654708520,-19.322421524664,17.550000000003,-13.199999999998,8.582959641256,7.103139013453,-40.160312868952,48.154144090663,1.636507240444,1.326133662328,0.000000000000,0.000000000000
R1E05_legacy_trend_24h_resumption,trend_pullback_resumption,eb9d5030db470ff6cdd7799ec682f3041d59ccdf58d2d29dc3cb3ebc1a9f7a7d,24,-1,138,0.384057971014,-10.215942028985,-10.806529767160,-1491.301107868066,-12.987705243509,-1792.303323604258,-11.039029527479,29.836231884058,-33.572826086957,17.700000000001,-25.725000000000,8.804347826087,13.804347826087,-80.538610760493,61.675629922718,0.518492465006,0.454307828129,0.000000000000,0.000000000000
R1E05_legacy_trend_24h_resumption,trend_pullback_resumption,eb9d5030db470ff6cdd7799ec682f3041d59ccdf58d2d29dc3cb3ebc1a9f7a7d,24,1,222,0.549549549550,7.922747747748,7.369334187751,1635.992189680638,5.262507067756,1168.276569041890,4.405070671377,29.063288288288,-24.400900900901,21.025000000003,-17.000000000000,12.481981981982,10.567567567568,-48.467500000002,64.009559704120,1.779146494898,1.504904763284,0.000000000000,0.000000000000
R1E05_legacy_trend_24h_resumption,trend_pullback_resumption,eb9d5030db470ff6cdd7799ec682f3041d59ccdf58d2d29dc3cb3ebc1a9f7a7d,32,-1,137,0.364963503650,-9.044160583941,-9.635409546482,-1320.051107868068,-11.817907471564,-1619.053323604260,-11.157696693270,33.421167883212,-36.337956204379,21.099999999998,-27.799999999999,12.744525547445,17.386861313869,-76.002704245170,64.721425015557,0.564721955335,0.498614293217,0.000000000000,0.000000000000
R1E05_legacy_trend_24h_resumption,trend_pullback_resumption,eb9d5030db470ff6cdd7799ec682f3041d59ccdf58d2d29dc3cb3ebc1a9f7a7d,32,1,222,0.608108108108,11.907882882883,11.354469322886,2520.692189680619,9.247642202891,2052.976569041871,9.145428590915,34.454504504505,-27.829504504504,24.175000000001,-18.775000000001,17.653153153153,12.761261261261,-58.871055336197,77.602499999999,2.140907031342,1.856802016224,0.000000000000,0.000000000000
R1E05_legacy_trend_24h_resumption,trend_pullback_resumption,eb9d5030db470ff6cdd7799ec682f3041d59ccdf58d2d29dc3cb3ebc1a9f7a7d,48,-1,136,0.360294117647,-11.133823529412,-11.716506772054,-1593.444920999380,-13.881873257340,-1887.934762998199,-13.913021432204,38.112867647059,-41.387132352941,24.275000000000,-32.025000000000,18.330882352941,24.992647058824,-93.180506865567,75.575000000001,0.559069849982,0.504041065145,0.000000000000,0.000000000000
R1E05_legacy_trend_24h_resumption,trend_pullback_resumption,eb9d5030db470ff6cdd7799ec682f3041d59ccdf58d2d29dc3cb3ebc1a9f7a7d,48,1,221,0.615384615385,11.483257918552,10.929602668238,2415.442189680647,8.822292167610,1949.726569041899,9.800000000001,41.857918552036,-34.144343891403,31.099999999998,-22.000000000000,25.022624434389,17.506787330317,-74.960201588270,89.300000000000,1.847919050596,1.641991451074,0.000000000000,0.000000000000
R1F01_donchian_8,donchian_channel_breakout,85154b42f04ad0a21c737eed180193a672428a9452956a05179c84ade126fc06,1,-1,522,0.432950191571,-0.176724137931,-0.789164793279,-411.944022091766,-3.014046103976,-1573.332066275351,-1.158806254188,6.526724137931,-5.835153256705,3.800000000001,-4.324999999997,0.973180076628,0.986590038314,-13.355637225848,12.314656400455,0.774165830474,0.390195604728,0.000000000000,0.000000000000
R1F01_donchian_8,donchian_channel_breakout,85154b42f04ad0a21c737eed180193a672428a9452956a05179c84ade126fc06,1,1,749,0.439252336449,0.497329773031,-0.094899914258,-71.080035778969,-2.279359288834,-1707.240107336734,-0.606746031747,5.065620827770,-4.499132176235,3.149999999999,-3.000000000003,0.986648865154,0.971962616822,-9.550319602524,10.501423851476,0.959150654726,0.392281602645,0.000000000000,0.000000000000
R1F01_donchian_8,donchian_channel_breakout,85154b42f04ad0a21c737eed180193a672428a9452956a05179c84ade126fc06,2,-1,522,0.432950191571,0.154501915709,-0.457938739640,-239.044022091821,-2.682820050336,-1400.432066275406,-1.744456882255,9.474233716475,-8.435632183908,5.650000000000,-6.199999999998,1.417624521073,1.542145593870,-18.060024491314,19.193435956650,0.902530753757,0.559971981504,0.000000000000,0.000000000000
R1F01_donchian_8,donchian_channel_breakout,85154b42f04ad0a21c737eed180193a672428a9452956a05179c84ade126fc06,2,1,749,0.455273698264,0.123364485981,-0.468865201307,-351.180035778899,-2.653324575883,-1987.340107336664,-0.539413919414,6.939052069426,-6.890654205608,4.599999999999,-4.249999999999,1.477970627503,1.465954606142,-14.260020379711,14.033658369615,0.865766289067,0.451293860100,0.000000000000,0.000000000000
R1F01_donchian_8,donchian_channel_breakout,85154b42f04ad0a21c737eed180193a672428a9452956a05179c84ade126fc06,3,-1,522,0.398467432950,-0.406034482759,-1.018475138107,-531.644022091732,-3.243356448803,-1693.032066275317,-2.528576563620,11.613888888889,-10.314750957854,6.875000000001,-7.800000000002,1.850574712644,2.080459770115,-22.255449209780,24.859446233099,0.828340349891,0.559371761917,0.000000000000,0.000000000000
R1F01_donchian_8,donchian_channel_breakout,85154b42f04ad0a21c737eed180193a672428a9452956a05179c84ade126fc06,3,1,749,0.473965287049,0.125767690254,-0.466461997035,-349.380035778956,-2.650921371611,-1985.540107336721,-0.589473684211,8.350600801068,-8.617222963952,5.449999999999,-5.399999999997,1.965287049399,1.950600801068,-18.338982448924,17.692228895285,0.890081511692,0.520518155357,0.000000000000,0.000000000000
R1F01_donchian_8,donchian_channel_breakout,85154b42f04ad0a21c737eed180193a672428a9452956a05179c84ade126fc06,4,-1,522,0.388888888889,-0.625383141762,-1.237823797111,-646.144022091790,-3.462705107807,-1807.532066275375,-3.041014604871,13.134865900383,-12.113505747126,7.749999999999,-8.500000000001,2.260536398467,2.628352490421,-28.279012980248,26.913818286372,0.822203350287,0.587632991593,0.000000000000,0.000000000000
R1F01_donchian_8,donchian_channel_breakout,85154b42f04ad0a21c737eed180193a672428a9452956a05179c84ade126fc06,4,1,749,0.497997329773,1.070493991989,0.478264304701,358.219964221078,-1.706195069875,-1277.940107336688,-0.029715302489,9.736248331108,-9.833244325768,6.750000000000,-6.500000000003,2.399198931909,2.380507343124,-18.130814371259,20.624992893353,1.113505111975,0.686293898258,0.000000000000,0.000000000000
R1F01_donchian_8,donchian_channel_breakout,85154b42f04ad0a21c737eed180193a672428a9452956a05179c84ade126fc06,6,-1,522,0.411877394636,-1.157567049808,-1.770007705157,-923.944022091797,-3.994889015853,-2085.332066275383,-3.356798849898,15.624904214559,-14.473084291188,8.949999999999,-10.100000000001,2.961685823755,3.687739463602,-35.042841085157,34.141361144944,0.788580002567,0.591588884365,0.000000000000,0.000000000000
R1F01_donchian_8,donchian_channel_breakout,85154b42f04ad0a21c737eed180193a672428a9452956a05179c84ade126fc06,6,1,749,0.511348464619,1.498130841122,0.905901153833,678.519964221123,-1.278558220743,-957.640107336642,0.306980586536,11.944125500668,-11.886181575434,8.050000000000,-8.049999999997,3.425901201602,3.238985313752,-22.446945590382,27.420268591793,1.176449866455,0.796629541645,0.000000000000,0.000000000000
R1F01_donchian_8,donchian_channel_breakout,85154b42f04ad0a21c737eed180193a672428a9452956a05179c84ade126fc06,8,-1,522,0.388888888889,-2.127969348659,-2.740410004007,-1430.494022091810,-4.965291314704,-2591.882066275395,-4.314352692075,17.757088122605,-17.196455938697,10.699999999999,-12.225000000001,3.676245210728,4.806513409962,-39.708625535965,37.194696675600,0.728120397562,0.567521870993,0.000000000000,0.000000000000
R1F01_donchian_8,donchian_channel_breakout,85154b42f04ad0a21c737eed180193a672428a9452956a05179c84ade126fc06,8,1,748,0.524064171123,1.800668449198,1.208315460189,903.819964221137,-0.976390517830,-730.340107336629,0.699630086313,13.601002673797,-13.385962566845,9.350000000001,-8.974999999998,4.433155080214,3.990641711230,-24.514299426531,30.769865380711,1.213083291035,0.856365614180,0.000000000000,0.000000000000
R1F01_donchian_8,donchian_channel_breakout,85154b42f04ad0a21c737eed180193a672428a9452956a05179c84ade126fc06,12,-1,521,0.399232245681,-2.583301343570,-3.195951624348,-1665.090796285350,-5.421252185904,-2824.472388856032,-5.456128747797,22.320345489443,-21.095969289827,12.150000000000,-14.850000000001,5.188099808061,6.773512476008,-50.162235041587,45.958357394931,0.747970370195,0.614936365345,0.000000000000,0.000000000000
R1F01_donchian_8,donchian_channel_breakout,85154b42f04ad0a21c737eed180193a672428a9452956a05179c84ade126fc06,12,1,746,0.532171581769,2.806769436997,2.216211979097,1653.294136406563,0.035097063297,26.182409219658,1.200072452973,17.125067024129,-16.634115281501,11.499999999999,-10.750000000000,6.372654155496,5.772117962466,-29.551145330994,37.828104017367,1.332328293086,1.004525565373,0.000000000000,0.000000000000
R1F01_donchian_8,donchian_channel_breakout,85154b42f04ad0a21c737eed180193a672428a9452956a05179c84ade126fc06,16,-1,520,0.382692307692,-3.056826923077,-3.669410969087,-1908.093703925044,-5.894579061106,-3065.181111775088,-5.925607813040,26.006153846154,-23.645288461538,14.274999999999,-16.725000000001,6.709615384615,8.598076923077,-53.195368809508,50.545725388598,0.741608003517,0.622349715500,0.000000000000,0.000000000000
R1F01_donchian_8,donchian_channel_breakout,85154b42f04ad0a21c737eed180193a672428a9452956a05179c84ade126fc06,16,1,745,0.535570469799,3.063087248322,2.475700734421,1844.397047143888,0.300927706620,224.191141431757,1.349999999999,19.708791946309,-19.259463087248,12.799999999999,-12.699999999998,8.073825503356,7.514093959732,-32.850669782563,44.480590638297,1.319302585999,1.034098431584,0.000000000000,0.000000000000
R1F01_donchian_8,donchian_channel_breakout,85154b42f04ad0a21c737eed180193a672428a9452956a05179c84ade126fc06,24,-1,520,0.367307692308,-5.292788461538,-5.905372507548,-3070.793703925000,-8.130540599567,-4227.881111775044,-7.604663865547,30.559134615385,-27.994615384615,17.400000000001,-20.074999999999,9.598076923077,12.773076923077,-68.440466207864,64.351688562595,0.659360384581,0.566979098015,0.000000000000,0.000000000000
R1F01_donchian_8,donchian_channel_breakout,85154b42f04ad0a21c737eed180193a672428a9452956a05179c84ade126fc06,24,1,740,0.562162162162,4.551756756757,3.968314685702,2936.552867419693,1.801430543593,1333.058602259087,2.839291968936,25.172432432432,-24.398783783784,17.075000000001,-15.949999999999,12.652702702703,10.982432432432,-44.429379827323,61.033876589216,1.409051909796,1.168052085867,0.000000000000,0.000000000000
R1F01_donchian_8,donchian_channel_breakout,85154b42f04ad0a21c737eed180193a672428a9452956a05179c84ade126fc06,32,-1,518,0.361003861004,-4.741409266409,-5.354277812195,-2773.515906716839,-7.580014903765,-3926.447720150406,-10.110522959184,36.690637065637,-32.581177606178,19.799999999999,-23.875000000000,12.625482625483,17.343629343629,-73.608844622576,78.743688078510,0.727659632189,0.640998718656,0.000000000000,0.000000000000
R1F01_donchian_8,donchian_channel_breakout,85154b42f04ad0a21c737eed180193a672428a9452956a05179c84ade126fc06,32,1,736,0.597826086957,7.586413043478,7.002781499162,5154.047183382949,4.835518410528,3558.941550148940,6.406411111111,30.910190217391,-28.686209239130,21.000000000002,-18.675000000002,17.925271739130,14.756793478261,-52.345060214094,74.000139404259,1.636755058003,1.405872339479,0.000000000000,0.000000000000
R1F01_donchian_8,donchian_channel_breakout,85154b42f04ad0a21c737eed180193a672428a9452956a05179c84ade126fc06,48,-1,504,0.376984126984,-5.161904761905,-5.769597146147,-2907.876961658028,-7.984981914631,-4024.430884974045,-11.082488510408,42.308730158730,-39.206051587302,22.900000000000,-28.950000000002,19.083333333333,25.678571428571,-89.872903205985,106.284937428895,0.752391340421,0.676920462558,0.000000000000,0.000000000000
R1F01_donchian_8,donchian_channel_breakout,85154b42f04ad0a21c737eed180193a672428a9452956a05179c84ade126fc06,48,1,732,0.588797814208,10.188251366120,9.604338738873,7030.375956855360,7.436513484380,5443.527870566122,7.639605946201,39.943579234973,-35.815642076503,28.050000000000,-23.125000000000,26.315573770492,21.438524590164,-73.822500000000,94.445352338244,1.713977240622,1.517802676461,0.000000000000,0.000000000000
R1F02_donchian_16,donchian_channel_breakout,9e58ea13a2511cc359f223fb50e2f8978c76491084ac8ed4ef61ec02ef20747f,1,-1,346,0.445086705202,-0.231213872832,-0.852973923404,-295.128977497907,-3.096494024548,-1071.386932493667,-1.103467987805,7.309682080925,-6.815751445087,4.375000000000,-4.825000000000,0.982658959538,0.985549132948,-15.296917169337,12.884754262787,0.792535968229,0.439501532005,0.000000000000,0.000000000000
R1F02_donchian_16,donchian_channel_breakout,9e58ea13a2511cc359f223fb50e2f8978c76491084ac8ed4ef61ec02ef20747f,1,1,551,0.437386569873,0.469963702359,-0.124820774733,-68.776246877880,-2.314389728918,-1275.228740633564,-0.700000000001,5.226406533575,-4.706533575318,3.300000000002,-3.200000000001,0.983666061706,0.970961887477,-9.589264589174,11.629078082309,0.948147916215,0.395431310187,0.000000000000,0.000000000000
R1F02_donchian_16,donchian_channel_breakout,9e58ea13a2511cc359f223fb50e2f8978c76491084ac8ed4ef61ec02ef20747f,2,-1,346,0.439306358382,-0.708670520231,-1.330430570803,-460.328977497897,-3.573950671947,-1236.586932493657,-1.913520408165,10.051011560693,-9.780635838150,6.474999999999,-6.875000000001,1.430635838150,1.537572254335,-20.755112997527,19.096937091179,0.760565536418,0.483269691439,0.000000000000,0.000000000000
R1F02_donchian_16,donchian_channel_breakout,9e58ea13a2511cc359f223fb50e2f8978c76491084ac8ed4ef61ec02ef20747f,2,1,551,0.468239564428,0.236388384755,-0.358396092337,-197.476246877861,-2.547965046522,-1403.928740633545,-0.354858299597,7.096188747731,-6.963430127042,4.649999999998,-4.499999999999,1.459165154265,1.457350272232,-13.744815506495,14.595604526081,0.892992571467,0.454102890863,0.000000000000,0.000000000000
R1F02_donchian_16,donchian_channel_breakout,9e58ea13a2511cc359f223fb50e2f8978c76491084ac8ed4ef61ec02ef20747f,3,-1,346,0.398843930636,-0.824566473988,-1.446326524560,-500.428977497870,-3.689846625704,-1276.686932493629,-3.266428409488,12.627890173410,-11.866907514451,7.899999999998,-8.449999999999,1.867052023121,2.101156069364,-25.657008803037,27.451406385916,0.794140510664,0.564316572415,0.000000000000,0.000000000000
R1F02_donchian_16,donchian_channel_breakout,9e58ea13a2511cc359f223fb50e2f8978c76491084ac8ed4ef61ec02ef20747f,3,1,551,0.466424682396,0.116061705989,-0.478722771103,-263.776246877865,-2.668291725288,-1470.228740633549,-0.590965456156,8.477676950998,-8.779401088929,5.500000000001,-5.900000000000,1.925589836661,1.949183303085,-18.000672682851,18.156785106097,0.886419730241,0.515654495876,0.000000000000,0.000000000000
R1F02_donchian_16,donchian_channel_breakout,9e58ea13a2511cc359f223fb50e2f8978c76491084ac8ed4ef61ec02ef20747f,4,-1,346,0.393063583815,-1.147398843931,-1.769158894503,-612.128977497908,-4.012678995646,-1388.386932493668,-3.360838901263,14.298988439306,-13.866329479769,8.650000000003,-9.525000000001,2.280346820809,2.612716763006,-32.361815600291,28.087350412786,0.781499241643,0.577815091298,0.000000000000,0.000000000000
R1F02_donchian_16,donchian_channel_breakout,9e58ea13a2511cc359f223fb50e2f8978c76491084ac8ed4ef61ec02ef20747f,4,1,551,0.497277676951,0.812341197822,0.217556720730,119.873753122155,-1.972012233455,-1086.578740633529,-0.029715302489,9.708257713249,-9.794918330309,6.999999999999,-6.750000000000,2.352087114338,2.350272232305,-18.126017964073,20.245464904284,1.050799403940,0.641748545634,0.000000000000,0.000000000000
R1F02_donchian_16,donchian_channel_breakout,9e58ea13a2511cc359f223fb50e2f8978c76491084ac8ed4ef61ec02ef20747f,6,-1,346,0.407514450867,-1.638150289017,-2.259910339589,-781.928977497892,-4.503430440733,-1558.186932493652,-3.699329072485,16.897109826589,-16.112283236994,10.974999999998,-11.175000000000,3.069364161850,3.630057803468,-39.182655125900,35.771243523313,0.751903413489,0.572584534855,0.000000000000,0.000000000000
R1F02_donchian_16,donchian_channel_breakout,9e58ea13a2511cc359f223fb50e2f8978c76491084ac8ed4ef61ec02ef20747f,6,1,551,0.500907441016,0.976134301270,0.381349824178,210.123753122175,-1.808219130006,-996.328740633509,0.049260172628,11.827949183303,-12.012431941924,8.249999999998,-8.300000000000,3.330308529946,3.241379310345,-23.517435642479,26.115044172538,1.070616118609,0.725139808136,0.000000000000,0.000000000000
R1F02_donchian_16,donchian_channel_breakout,9e58ea13a2511cc359f223fb50e2f8978c76491084ac8ed4ef61ec02ef20747f,8,-1,346,0.390173410405,-3.112283236994,-3.734043287566,-1291.978977497939,-5.977563388710,-2068.236932493699,-4.672815080531,19.348988439306,-19.215751445087,11.925000000002,-13.024999999999,3.765895953757,4.647398843931,-49.361612576809,37.799685997410,0.673659480647,0.535161684474,0.000000000000,0.000000000000
R1F02_donchian_16,donchian_channel_breakout,9e58ea13a2511cc359f223fb50e2f8978c76491084ac8ed4ef61ec02ef20747f,8,1,550,0.516363636364,1.285454545455,0.690497732949,379.773753122166,-1.499415892061,-824.678740633518,0.349981684981,13.458727272727,-13.639454545455,9.625000000000,-9.350000000002,4.307272727273,4.056363636364,-26.780245966230,30.603978139330,1.111030441094,0.796215008917,0.000000000000,0.000000000000
R1F02_donchian_16,donchian_channel_breakout,9e58ea13a2511cc359f223fb50e2f8978c76491084ac8ed4ef61ec02ef20747f,12,-1,346,0.401734104046,-4.064017341041,-4.685777391612,-1621.278977497902,-6.929297492756,-2397.536932493662,-5.084023209844,22.640895953757,-22.590173410405,14.024999999999,-15.200000000000,5.043352601156,6.589595375723,-53.839648812194,46.375637943785,0.661004118573,0.544222994811,0.000000000000,0.000000000000
R1F02_donchian_16,donchian_channel_breakout,9e58ea13a2511cc359f223fb50e2f8978c76491084ac8ed4ef61ec02ef20747f,12,1,549,0.515482695811,2.540710382514,1.948356876699,1069.647925307608,-0.236350134931,-129.756224077215,0.749999999999,16.958743169399,-16.580510018215,11.500000000001,-10.750000000002,6.187613843352,5.735883424408,-29.104593260987,38.494669388457,1.289984680759,0.969849015878,0.000000000000,0.000000000000
R1F02_donchian_16,donchian_channel_breakout,9e58ea13a2511cc359f223fb50e2f8978c76491084ac8ed4ef61ec02ef20747f,16,-1,346,0.398843930636,-4.017341040462,-4.639101091034,-1605.128977497900,-6.882621192178,-2381.386932493660,-6.821433834477,25.193208092485,-24.558815028902,15.499999999999,-17.325000000000,6.563583815029,8.283236994220,-52.924882605146,52.268539692328,0.686930212826,0.575158341483,0.000000000000,0.000000000000
R1F02_donchian_16,donchian_channel_breakout,9e58ea13a2511cc359f223fb50e2f8978c76491084ac8ed4ef61ec02ef20747f,16,1,548,0.531021897810,2.841788321168,2.253742401542,1235.050836044970,0.077650562290,42.552508134921,1.191179551131,19.352554744526,-19.208029197080,12.899999999999,-12.500000000000,7.885036496350,7.514598540146,-33.706634496372,42.218278102035,1.293260633739,1.008860087399,0.000000000000,0.000000000000
R1F02_donchian_16,donchian_channel_breakout,9e58ea13a2511cc359f223fb50e2f8978c76491084ac8ed4ef61ec02ef20747f,24,-1,346,0.367052023121,-5.595375722543,-6.217135773115,-2151.128977497901,-8.460655874259,-2927.386932493661,-9.427843915343,30.079768786127,-28.797976878613,18.275000000000,-21.625000000000,9.289017341040,12.904624277457,-68.050540142982,66.440894269294,0.654539762778,0.564665101537,0.000000000000,0.000000000000
R1F02_donchian_16,donchian_channel_breakout,9e58ea13a2511cc359f223fb50e2f8978c76491084ac8ed4ef61ec02ef20747f,24,1,546,0.547619047619,4.588736263736,4.000450494258,2184.245969864935,1.823878955302,995.837909594788,1.790187608562,24.971245421245,-24.251007326007,17.150000000002,-15.724999999999,12.701465201465,11.157509157509,-43.310548523207,60.475450958286,1.421263390713,1.172782296596,0.000000000000,0.000000000000
R1F02_donchian_16,donchian_channel_breakout,9e58ea13a2511cc359f223fb50e2f8978c76491084ac8ed4ef61ec02ef20747f,32,-1,344,0.354651162791,-4.416279069768,-5.038520872935,-1733.251180289707,-7.283004479270,-2505.353540868990,-11.838423622304,36.672674418605,-33.509156976744,20.399999999999,-26.625000000000,12.049418604651,17.857558139535,-73.138897887699,78.649104351188,0.750974587976,0.664629081865,0.000000000000,0.000000000000
R1F02_donchian_16,donchian_channel_breakout,9e58ea13a2511cc359f223fb50e2f8978c76491084ac8ed4ef61ec02ef20747f,32,1,544,0.606617647059,7.915073529412,7.326580932013,3985.660027015316,5.149595737217,2801.380081046011,6.513746129102,31.261488970588,-28.679595588235,21.150000000002,-18.675000000002,18.106617647059,14.966911764706,-53.549573491247,72.855387887802,1.679354540098,1.440325437822,0.000000000000,0.000000000000
R1F02_donchian_16,donchian_channel_breakout,9e58ea13a2511cc359f223fb50e2f8978c76491084ac8ed4ef61ec02ef20747f,48,-1,334,0.386227544910,-3.939071856288,-4.556164183910,-1521.758837425788,-6.790348839153,-2267.976512277262,-10.063092410221,42.791766467066,-38.887724550898,23.875000000000,-29.649999999999,19.164670658683,25.113772455090,-89.376997956516,106.234728858550,0.800039801800,0.719132737380,0.000000000000,0.000000000000
R1F02_donchian_16,donchian_channel_breakout,9e58ea13a2511cc359f223fb50e2f8978c76491084ac8ed4ef61ec02ef20747f,48,1,541,0.587800369686,9.650924214418,9.062171878690,4902.634986371144,6.884667207234,3724.604959113381,7.486222326896,40.312661737523,-36.021441774492,28.300000000002,-24.500000000000,25.985212569316,22.170055452865,-73.849999999999,93.420663265307,1.658276337748,1.468821052149,0.000000000000,0.000000000000
R1F03_donchian_32,donchian_channel_breakout,89c8565e92a080e3ace48f140ff09083828cdaf9fc7ee7de604c985725b819ad,1,-1,227,0.480176211454,0.403303964758,-0.222219711337,-50.443874473476,-2.473267063526,-561.431623420362,-0.392686567164,8.041409691630,-6.725770925110,5.350000000001,-4.750000000001,0.986784140969,0.982378854626,-15.293853594886,13.634045150874,0.941656295534,0.516854260668,0.000000000000,0.000000000000
R1F03_donchian_32,donchian_channel_breakout,89c8565e92a080e3ace48f140ff09083828cdaf9fc7ee7de604c985725b819ad,1,1,430,0.427906976744,0.307558139535,-0.283669621052,-121.977937052178,-2.466125142224,-1060.433811156417,-0.956920901069,5.082441860465,-4.901162790698,3.250000000003,-3.399999999999,0.969767441860,0.972093023256,-9.590186890087,11.277717041803,0.882746170174,0.359795544580,0.000000000000,0.000000000000
R1F03_donchian_32,donchian_channel_breakout,89c8565e92a080e3ace48f140ff09083828cdaf9fc7ee7de604c985725b819ad,2,-1,227,0.458149779736,-0.458149779736,-1.083673455830,-245.993874473456,-3.334720808019,-756.981623420343,-1.189859693876,11.079515418502,-10.078854625551,7.199999999997,-7.149999999999,1.431718061674,1.528634361233,-20.746135597032,24.540000000001,0.814434513432,0.534682809579,0.000000000000,0.000000000000
R1F03_donchian_32,donchian_channel_breakout,89c8565e92a080e3ace48f140ff09083828cdaf9fc7ee7de604c985725b819ad,2,1,430,0.472093023256,0.390697674419,-0.200530086168,-86.227937052136,-2.382985607340,-1024.683811156376,-0.352429149797,7.028953488372,-7.008139534884,4.600000000001,-4.725000000002,1.446511627907,1.446511627907,-13.355853784787,14.813695960742,0.937599630983,0.473249315742,0.000000000000,0.000000000000
R1F03_donchian_32,donchian_channel_breakout,89c8565e92a080e3ace48f140ff09083828cdaf9fc7ee7de604c985725b819ad,3,-1,227,0.431718061674,-0.327092511013,-0.952616187108,-216.243874473438,-3.203663539297,-727.231623420324,-2.765815085159,13.378854625550,-12.109691629956,8.400000000000,-9.099999999998,1.911894273128,2.096916299559,-25.608199481850,27.582327376117,0.863956842768,0.616210934203,0.000000000000,0.000000000000
R1F03_donchian_32,donchian_channel_breakout,89c8565e92a080e3ace48f140ff09083828cdaf9fc7ee7de604c985725b819ad,3,1,430,0.458139534884,-0.008372093023,-0.599599853610,-257.827937052151,-2.782055374782,-1196.283811156391,-1.021836420832,8.345813953488,-8.765813953488,5.625000000002,-6.150000000000,1.909302325581,1.946511627907,-17.730401767153,17.768996739559,0.859794992321,0.500716092231,0.000000000000,0.000000000000
R1F03_donchian_32,donchian_channel_breakout,89c8565e92a080e3ace48f140ff09083828cdaf9fc7ee7de604c985725b819ad,4,-1,227,0.387665198238,-1.593832599119,-2.219356275214,-503.793874473482,-4.470403627403,-1014.781623420368,-3.539859693875,15.018942731277,-14.375550660793,10.399999999998,-10.249999999999,2.321585903084,2.621145374449,-31.153099366888,28.081691660987,0.735513638952,0.544238464164,0.000000000000,0.000000000000
R1F03_donchian_32,donchian_channel_breakout,89c8565e92a080e3ace48f140ff09083828cdaf9fc7ee7de604c985725b819ad,4,1,430,0.490697674419,0.705581395349,0.114353634763,49.172062947882,-2.068101886410,-889.283811156357,-0.143157248157,9.517558139535,-9.792209302326,6.874999999999,-7.450000000000,2.306976744186,2.376744186047,-19.102315361466,19.367971820036,1.026429172874,0.627938288473,0.000000000000,0.000000000000
R1F03_donchian_32,donchian_channel_breakout,89c8565e92a080e3ace48f140ff09083828cdaf9fc7ee7de604c985725b819ad,6,-1,227,0.378854625551,-2.856607929515,-3.482131605610,-790.443874473454,-5.733178957799,-1301.431623420340,-4.668559928446,17.504625550661,-17.012995594714,11.399999999998,-12.500000000000,2.947136563877,3.704845814978,-41.570152959453,35.555651722734,0.655102507720,0.504280412478,0.000000000000,0.000000000000
R1F03_donchian_32,donchian_channel_breakout,89c8565e92a080e3ace48f140ff09083828cdaf9fc7ee7de604c985725b819ad,6,1,430,0.488372093023,0.696627906977,0.105400146390,45.322062947885,-2.077055374782,-893.133811156354,-0.400000000000,11.495000000000,-12.167558139535,7.599999999998,-8.350000000002,3.220930232558,3.260465116279,-22.846645422942,26.155476196967,1.019072328734,0.691490848484,0.000000000000,0.000000000000
R1F03_donchian_32,donchian_channel_breakout,89c8565e92a080e3ace48f140ff09083828cdaf9fc7ee7de604c985725b819ad,8,-1,227,0.392070484581,-3.601982378855,-4.227506054949,-959.643874473500,-6.478553407138,-1470.631623420386,-5.089859693875,20.202422907489,-20.078414096916,12.750000000003,-13.650000000001,3.577092511013,4.784140969163,-49.908151330706,35.621931443640,0.651873606799,0.523301983389,0.000000000000,0.000000000000
R1F03_donchian_32,donchian_channel_breakout,89c8565e92a080e3ace48f140ff09083828cdaf9fc7ee7de604c985725b819ad,8,1,429,0.515151515152,0.619230769231,0.027790356522,11.922062947894,-2.155090468896,-924.533811156346,0.349999999997,12.898135198135,-13.911072261072,8.499999999998,-9.449999999998,4.188811188811,4.125874125874,-26.899079294502,28.796429010450,1.004364881897,0.712922176383,0.000000000000,0.000000000000
R1F03_donchian_32,donchian_channel_breakout,89c8565e92a080e3ace48f140ff09083828cdaf9fc7ee7de604c985725b819ad,12,-1,227,0.409691629956,-3.845154185022,-4.470677861117,-1014.843874473454,-6.721725213305,-1525.831623420340,-5.389859693877,23.829955947136,-23.389647577093,13.849999999999,-16.849999999999,4.889867841410,6.823788546256,-54.908931310299,52.380745759410,0.690302219617,0.574859965001,0.000000000000,0.000000000000
R1F03_donchian_32,donchian_channel_breakout,89c8565e92a080e3ace48f140ff09083828cdaf9fc7ee7de604c985725b819ad,12,1,428,0.504672897196,2.160864485981,1.573548860427,673.478912262938,-0.601082390680,-257.263263211166,0.522813901347,16.484462616822,-17.010864485981,11.050000000000,-11.025000000001,6.102803738318,5.850467289720,-29.482526517714,39.477897574827,1.229752586041,0.924727570015,0.000000000000,0.000000000000
R1F03_donchian_32,donchian_channel_breakout,89c8565e92a080e3ace48f140ff09083828cdaf9fc7ee7de604c985725b819ad,16,-1,227,0.414096916300,-2.935462555066,-3.560986231161,-808.343874473471,-5.812033583350,-1319.331623420357,-6.800000000002,26.908810572687,-25.370484581498,16.299999999998,-19.200000000001,6.775330396476,8.312775330396,-53.107408289659,57.115968042575,0.761242121281,0.642943286546,0.000000000000,0.000000000000
R1F03_donchian_32,donchian_channel_breakout,89c8565e92a080e3ace48f140ff09083828cdaf9fc7ee7de604c985725b819ad,16,1,428,0.542056074766,2.665771028037,2.078455402483,889.578912262921,-0.096175848624,-41.163263211183,1.405435403200,18.972429906542,-19.664135514019,12.350000000001,-12.674999999999,7.866822429907,7.591121495327,-33.706634496372,43.960542023447,1.264639279559,0.989216699644,0.000000000000,0.000000000000
R1F03_donchian_32,donchian_channel_breakout,89c8565e92a080e3ace48f140ff09083828cdaf9fc7ee7de604c985725b819ad,24,-1,227,0.365638766520,-5.144713656388,-5.770237332482,-1309.843874473484,-8.021284684671,-1820.831623420370,-10.250000000000,32.536343612335,-30.497577092511,19.050000000001,-23.500000000001,9.612334801762,13.185022026432,-69.126567630669,70.800000000001,0.698921529582,0.610572435407,0.000000000000,0.000000000000
R1F03_donchian_32,donchian_channel_breakout,89c8565e92a080e3ace48f140ff09083828cdaf9fc7ee7de604c985725b819ad,24,1,426,0.551643192488,4.758802816901,4.171183206767,1776.924046082906,1.995943986499,850.272138248706,1.927325273661,24.920187793427,-24.390845070422,17.275000000001,-16.125000000000,12.915492957746,11.053990610329,-41.053531789128,63.316863929718,1.436722214133,1.188192393136,0.000000000000,0.000000000000
R1F03_donchian_32,donchian_channel_breakout,89c8565e92a080e3ace48f140ff09083828cdaf9fc7ee7de604c985725b819ad,32,-1,225,0.355555555556,-3.222444444445,-3.848738121179,-865.966077265268,-6.101325474647,-1372.798231795677,-13.999999999999,40.756444444444,-35.777333333334,21.149999999994,-28.699999999998,12.457777777778,17.395555555556,-76.094484803619,90.163695791780,0.820488572996,0.733846237155,0.000000000000,0.000000000000
R1F03_donchian_32,donchian_channel_breakout,89c8565e92a080e3ace48f140ff09083828cdaf9fc7ee7de604c985725b819ad,32,1,425,0.621176470588,9.143176470588,8.555458350538,3636.069798978595,6.380022110437,2711.509396935901,6.806617283952,32.026823529412,-28.643529411765,21.499999999997,-18.450000000001,18.614117647059,14.444705882353,-51.241982101637,72.706976954781,1.815740954318,1.561738684207,0.000000000000,0.000000000000
R1F03_donchian_32,donchian_channel_breakout,89c8565e92a080e3ace48f140ff09083828cdaf9fc7ee7de604c985725b819ad,48,-1,218,0.394495412844,-2.577981651376,-3.197845769770,-697.130377809900,-5.437574006558,-1185.391133429613,-9.929697767728,47.097706422018,-40.566513761468,26.474999999999,-34.150000000000,19.958715596330,23.963302752294,-91.242946016729,118.058510422795,0.863775182061,0.781129346426,0.000000000000,0.000000000000
R1F03_donchian_32,donchian_channel_breakout,89c8565e92a080e3ace48f140ff09083828cdaf9fc7ee7de604c985725b819ad,48,1,422,0.582938388626,9.663744075829,9.075698479465,3829.944758334438,6.899607286738,2911.634275003285,7.789605946202,41.560781990521,-36.263625592417,28.424999999999,-24.424999999999,26.590047393365,22.071090047393,-75.703025234740,93.778445289803,1.641633618188,1.457513134912,0.000000000000,0.000000000000
R1F04_donchian_64,donchian_channel_breakout,250f9463fb7001c7217b9f3d0e9df47dd574802cf9121fdec22aba32b07f7e21,1,-1,127,0.464566929134,-0.088582677166,-0.719882212015,-91.425040925862,-2.982481281713,-378.775122777528,-0.759931972788,9.387401574803,-8.076771653544,6.250000000000,-5.899999999997,0.976377952756,0.984251968504,-18.175297501620,15.706729953596,0.844265735601,0.500210340819,0.000000000000,0.000000000000
R1F04_donchian_64,donchian_channel_breakout,250f9463fb7001c7217b9f3d0e9df47dd574802cf9121fdec22aba32b07f7e21,1,1,319,0.457680250784,0.721786833856,0.132980645791,42.420826007261,-2.044631730339,-652.237521978089,-0.647215496368,5.568181818182,-5.080094043887,3.549999999998,-3.300000000002,0.978056426332,0.971786833856,-9.603040616972,12.541256753915,1.058029114989,0.442125980170,0.000000000000,0.000000000000
R1F04_donchian_64,donchian_channel_breakout,250f9463fb7001c7217b9f3d0e9df47dd574802cf9121fdec22aba32b07f7e21,2,-1,127,0.480314960630,0.607086614173,-0.024212920676,-3.075040925854,-2.286811990374,-290.425122777520,-0.230954748884,12.295275590551,-11.195669291339,8.700000000002,-8.349999999999,1.440944881890,1.496062992126,-20.247564740571,25.285592858727,0.995485971413,0.655560540178,0.000000000000,0.000000000000
R1F04_donchian_64,donchian_channel_breakout,250f9463fb7001c7217b9f3d0e9df47dd574802cf9121fdec22aba32b07f7e21,2,1,319,0.510971786834,1.141065830721,0.552259642656,176.170826007327,-1.625352733473,-518.487521978023,0.123670212768,7.563009404389,-6.908934169279,4.850000000002,-4.549999999998,1.485893416928,1.404388714734,-12.996288753948,15.389026422709,1.198975682272,0.592741215705,0.000000000000,0.000000000000
R1F04_donchian_64,donchian_channel_breakout,250f9463fb7001c7217b9f3d0e9df47dd574802cf9121fdec22aba32b07f7e21,3,-1,127,0.448818897638,0.316929133858,-0.314370400991,-39.925040925841,-2.576969470689,-327.275122777507,-2.642177722154,15.024803149606,-13.058267716536,11.249999999998,-11.250000000001,1.952755905512,2.015748031496,-24.946736742685,29.751125730994,0.953488432678,0.681065375683,0.000000000000,0.000000000000
R1F04_donchian_64,donchian_channel_breakout,250f9463fb7001c7217b9f3d0e9df47dd574802cf9121fdec22aba32b07f7e21,3,1,319,0.482758620690,0.772413793103,0.183607605039,58.570826007302,-1.994004771091,-636.087521978048,-0.537987271282,8.923981191223,-8.510658307210,6.649999999999,-5.900000000000,1.962382445141,1.862068965517,-15.867427360179,18.682061909426,1.048549808865,0.602937510555,0.000000000000,0.000000000000
R1F04_donchian_64,donchian_channel_breakout,250f9463fb7001c7217b9f3d0e9df47dd574802cf9121fdec22aba32b07f7e21,4,-1,127,0.377952755906,-1.271653543307,-1.902953078156,-241.675040925857,-4.165552147855,-529.025122777522,-4.009899539554,16.429921259842,-15.593700787402,12.000000000000,-13.100000000000,2.330708661417,2.574803149606,-28.773560128395,29.355653290521,0.772643508800,0.576290205049,0.000000000000,0.000000000000
R1F04_donchian_64,donchian_channel_breakout,250f9463fb7001c7217b9f3d0e9df47dd574802cf9121fdec22aba32b07f7e21,4,1,319,0.526645768025,1.483385579937,0.894579391873,285.370826007334,-1.283032984257,-409.287521978016,0.420003806627,10.105799373041,-9.486520376176,7.300000000004,-6.949999999998,2.341692789969,2.291536050157,-16.699813997369,20.326117445615,1.234940343757,0.741631318775,0.000000000000,0.000000000000
R1F04_donchian_64,donchian_channel_breakout,250f9463fb7001c7217b9f3d0e9df47dd574802cf9121fdec22aba32b07f7e21,6,-1,127,0.370078740157,-1.900000000000,-2.531299534849,-321.475040925848,-4.793898604547,-608.825122777514,-4.809863364645,19.498818897638,-18.217716535433,12.600000000000,-13.750000000002,2.960629921260,3.519685039370,-37.801572757113,43.492695774852,0.753906563074,0.593154849891,0.000000000000,0.000000000000
R1F04_donchian_64,donchian_channel_breakout,250f9463fb7001c7217b9f3d0e9df47dd574802cf9121fdec22aba32b07f7e21,6,1,319,0.510971786834,1.177742946708,0.588936758644,187.870826007317,-1.588675617486,-506.787521978033,0.296101286174,12.068025078370,-12.046708463950,8.449999999999,-8.200000000005,3.319749216301,3.200626959248,-22.726662804170,26.366768579490,1.108116206191,0.759043848265,0.000000000000,0.000000000000
R1F04_donchian_64,donchian_channel_breakout,250f9463fb7001c7217b9f3d0e9df47dd574802cf9121fdec22aba32b07f7e21,8,-1,127,0.370078740157,-1.761811023622,-2.393110558472,-303.925040925888,-4.655709628170,-591.275122777554,-5.699999999999,22.726771653543,-21.341338582677,12.750000000003,-16.900000000001,3.535433070866,4.724409448819,-48.744786751361,44.559865124319,0.807893305081,0.667051742684,0.000000000000,0.000000000000
R1F04_donchian_64,donchian_channel_breakout,250f9463fb7001c7217b9f3d0e9df47dd574802cf9121fdec22aba32b07f7e21,8,1,319,0.520376175549,1.309874608151,0.721068420086,230.020826007352,-1.456543956044,-464.637521977998,0.727559681697,13.534326018809,-13.712695924765,9.900000000005,-9.250000000000,4.272727272727,4.056426332288,-26.440890882737,29.611716969217,1.117655597183,0.798686646981,0.000000000000,0.000000000000
R1F04_donchian_64,donchian_channel_breakout,250f9463fb7001c7217b9f3d0e9df47dd574802cf9121fdec22aba32b07f7e21,12,-1,127,0.417322834646,-2.121653543307,-2.752953078156,-349.625040925833,-5.015552147854,-636.975122777499,-6.003818034119,26.209055118110,-24.122440944882,13.500000000002,-18.349999999998,4.944881889764,6.685039370079,-50.204006945734,53.617967129726,0.789217942058,0.652804185554,0.000000000000,0.000000000000
R1F04_donchian_64,donchian_channel_breakout,250f9463fb7001c7217b9f3d0e9df47dd574802cf9121fdec22aba32b07f7e21,12,1,319,0.526645768025,2.553918495298,1.965112307233,626.870826007330,-0.212500068897,-67.787521978020,1.155169920463,16.966771159875,-16.891536050157,11.300000000000,-10.650000000004,6.275862068966,5.680250783699,-29.665902777777,41.614628409351,1.285491352369,0.973328245714,0.000000000000,0.000000000000
R1F04_donchian_64,donchian_channel_breakout,250f9463fb7001c7217b9f3d0e9df47dd574802cf9121fdec22aba32b07f7e21,16,-1,127,0.448818897638,-1.051181102363,-1.682480637212,-213.675040925876,-3.945079706910,-501.025122777542,-7.131811204909,29.337401574803,-26.165748031496,17.300000000000,-20.150000000001,6.960629921260,8.196850393701,-49.386430784893,53.102636293909,0.875643379008,0.735417468635,0.000000000000,0.000000000000
R1F04_donchian_64,donchian_channel_breakout,250f9463fb7001c7217b9f3d0e9df47dd574802cf9121fdec22aba32b07f7e21,16,1,319,0.554858934169,3.469905956113,2.881099768048,919.070826007290,0.703487391918,224.412478021940,2.100000000001,19.761912225705,-19.365830721003,12.950000000001,-12.050000000002,7.956112852665,7.360501567398,-33.594605921073,45.683299465813,1.366080722493,1.079175757691,0.000000000000,0.000000000000
R1F04_donchian_64,donchian_channel_breakout,250f9463fb7001c7217b9f3d0e9df47dd574802cf9121fdec22aba32b07f7e21,24,-1,127,0.417322834646,-2.197244094488,-2.828543629337,-359.225040925859,-5.091142699036,-646.575122777525,-5.897335701598,36.800000000000,-31.370472440945,24.449999999999,-25.200000000001,10.661417322835,12.669291338583,-64.572285708879,70.800000000001,0.836482555909,0.727052131734,0.000000000000,0.000000000000
R1F04_donchian_64,donchian_channel_breakout,250f9463fb7001c7217b9f3d0e9df47dd574802cf9121fdec22aba32b07f7e21,24,1,317,0.545741324921,5.919558359621,5.330334258130,1689.715959827289,3.151886055148,999.147879481843,2.245141700404,26.202050473186,-24.008201892744,17.600000000002,-16.000000000000,12.987381703470,11.041009463722,-36.114937313392,64.377646495236,1.566691350919,1.301340116901,0.000000000000,0.000000000000
R1F04_donchian_64,donchian_channel_breakout,250f9463fb7001c7217b9f3d0e9df47dd574802cf9121fdec22aba32b07f7e21,32,-1,126,0.412698412698,-0.521825396826,-1.153942651891,-145.396774138222,-3.418177162020,-430.690322414570,-12.471953070877,46.078968253968,-36.826984126985,28.275000000001,-31.975000000003,14.055555555556,16.714285714286,-74.129174250286,93.150931219868,0.943976289877,0.844531204595,0.000000000000,0.000000000000
R1F04_donchian_64,donchian_channel_breakout,250f9463fb7001c7217b9f3d0e9df47dd574802cf9121fdec22aba32b07f7e21,32,1,316,0.607594936709,11.380696202532,10.791334533934,3410.061712723003,8.612611196738,2721.585138169063,7.145841066616,33.743512658228,-27.703481012658,22.624999999998,-18.625000000002,18.768987341772,14.481012658228,-45.015189328744,82.411509156166,2.123769268896,1.820599779844,0.000000000000,0.000000000000
R1F04_donchian_64,donchian_channel_breakout,250f9463fb7001c7217b9f3d0e9df47dd574802cf9121fdec22aba32b07f7e21,48,-1,122,0.442622950820,2.013114754098,1.380847444067,168.463388176186,-0.883687175995,-107.809835471356,-6.714711748547,52.362295081967,-39.365573770492,33.550000000001,-32.025000000002,20.836065573770,21.770491803279,-83.758421544092,116.533462919190,1.067206153199,0.959514358669,0.000000000000,0.000000000000
R1F04_donchian_64,donchian_channel_breakout,250f9463fb7001c7217b9f3d0e9df47dd574802cf9121fdec22aba32b07f7e21,48,1,314,0.554140127389,9.693152866242,9.103505496275,2858.500725830219,6.924210756340,2174.202177490619,4.772794117645,42.671974522293,-36.073248407643,28.250000000001,-24.550000000001,26.073248407643,21.993630573248,-71.578844782811,97.318399646331,1.640690941492,1.455382646693,0.000000000000,0.000000000000
R1F05_donchian_96,donchian_channel_breakout,688e5f47d6a80ef2a8cbd9ed190579e2ce60536ae5168ef6edf736f3d72b2f1e,1,-1,82,0.402439024390,-1.101219512195,-1.722364247805,-141.233868319989,-3.964653719024,-325.101604959973,-2.900217000014,8.783536585366,-9.107926829268,5.799999999999,-7.975000000002,0.963414634146,0.987804878049,-17.665180193064,14.289492563015,0.664551720931,0.400387561415,0.000000000000,0.000000000000
R1F05_donchian_96,donchian_channel_breakout,688e5f47d6a80ef2a8cbd9ed190579e2ce60536ae5168ef6edf736f3d72b2f1e,1,1,264,0.458333333333,0.815909090909,0.220731667616,58.273160250593,-1.969623178970,-519.980519248123,-0.620764362219,5.854545454546,-5.421780303030,3.674999999998,-3.475000000000,0.977272727273,0.973484848485,-9.891548575554,13.550268225161,1.091304394050,0.478880249033,0.000000000000,0.000000000000
R1F05_donchian_96,donchian_channel_breakout,688e5f47d6a80ef2a8cbd9ed190579e2ce60536ae5168ef6edf736f3d72b2f1e,2,-1,82,0.426829268293,-1.014024390244,-1.635169125854,-134.083868320001,-3.877458597073,-317.951604959986,-3.141051912567,11.744512195122,-12.614024390244,8.325000000001,-9.750000000001,1.390243902439,1.512195121951,-27.590287467539,25.389754225728,0.761542687445,0.528833504050,0.000000000000,0.000000000000
R1F05_donchian_96,donchian_channel_breakout,688e5f47d6a80ef2a8cbd9ed190579e2ce60536ae5168ef6edf736f3d72b2f1e,2,1,264,0.511363636364,1.311931818182,0.716754394889,189.223160250646,-1.473600451697,-389.030519248070,0.136835106383,7.962500000000,-7.181250000000,4.950000000001,-4.725000000001,1.477272727273,1.397727272727,-12.931382342897,16.179433708337,1.258856073485,0.630699904356,0.000000000000,0.000000000000
R1F05_donchian_96,donchian_channel_breakout,688e5f47d6a80ef2a8cbd9ed190579e2ce60536ae5168ef6edf736f3d72b2f1e,3,-1,82,0.390243902439,-1.504878048780,-2.126022784390,-174.333868319982,-4.368312255609,-358.201604959966,-4.145372746463,13.786585365853,-14.968902439025,11.375000000000,-12.275000000000,1.817073170732,2.000000000000,-26.420809421794,29.791854288499,0.739225289554,0.542795716756,0.000000000000,0.000000000000
R1F05_donchian_96,donchian_channel_breakout,688e5f47d6a80ef2a8cbd9ed190579e2ce60536ae5168ef6edf736f3d72b2f1e,3,1,264,0.465909090909,0.799242424242,0.204065000949,53.873160250652,-1.986289845637,-524.380519248064,-0.902322411523,9.265151515152,-8.835606060606,6.649999999999,-6.075000000000,1.946969696970,1.840909090909,-15.754025755602,21.024383353202,1.052286710510,0.616022498364,0.000000000000,0.000000000000
R1F05_donchian_96,donchian_channel_breakout,688e5f47d6a80ef2a8cbd9ed190579e2ce60536ae5168ef6edf736f3d72b2f1e,4,-1,82,0.378048780488,-1.604268292683,-2.225413028293,-182.483868319997,-4.467702499512,-366.351604959981,-4.731583163606,15.491463414634,-17.595121951220,11.950000000000,-14.274999999999,2.304878048780,2.560975609756,-31.271703581239,32.131854288498,0.761135631464,0.584554314357,0.000000000000,0.000000000000
R1F05_donchian_96,donchian_channel_breakout,688e5f47d6a80ef2a8cbd9ed190579e2ce60536ae5168ef6edf736f3d72b2f1e,4,1,264,0.515151515152,1.438446969697,0.843269546404,222.623160250669,-1.347085300182,-355.630519248047,0.208279044518,10.407765151515,-9.878030303030,7.350000000001,-7.600000000002,2.303030303030,2.310606060606,-17.698708664816,21.874512101772,1.211828982757,0.739235905317,0.000000000000,0.000000000000
R1F05_donchian_96,donchian_channel_breakout,688e5f47d6a80ef2a8cbd9ed190579e2ce60536ae5168ef6edf736f3d72b2f1e,6,-1,82,0.353658536585,-2.173780487805,-2.794925223415,-229.183868319998,-5.037214694634,-413.051604959982,-6.292901021198,19.221951219512,-20.245121951220,12.300000000000,-16.600000000001,2.853658536585,3.426829268293,-42.687499999998,44.828462919191,0.744720192159,0.596045621702,0.000000000000,0.000000000000
R1F05_donchian_96,donchian_channel_breakout,688e5f47d6a80ef2a8cbd9ed190579e2ce60536ae5168ef6edf736f3d72b2f1e,6,1,264,0.518939393939,1.190151515152,0.594974091859,157.073160250656,-1.595380754728,-421.180519248060,0.378490293268,12.403977272727,-12.687121212121,8.425000000000,-8.350000000000,3.325757575758,3.234848484848,-22.926633835457,26.835210788758,1.102589262202,0.770310008882,0.000000000000,0.000000000000
R1F05_donchian_96,donchian_channel_breakout,688e5f47d6a80ef2a8cbd9ed190579e2ce60536ae5168ef6edf736f3d72b2f1e,8,-1,82,0.341463414634,-1.462804878049,-2.083949613659,-170.883868320012,-4.326239084878,-354.751604959997,-9.207907542581,23.195731707317,-23.073170731708,12.300000000000,-19.250000000001,3.536585365854,4.634146341463,-46.513595459518,48.571627479331,0.844445730858,0.710880816134,0.000000000000,0.000000000000
R1F05_donchian_96,donchian_channel_breakout,688e5f47d6a80ef2a8cbd9ed190579e2ce60536ae5168ef6edf736f3d72b2f1e,8,1,264,0.515151515152,1.394696969697,0.799519546404,211.073160250664,-1.390835300182,-367.180519248052,0.713904214456,13.930303030303,-14.416287878788,10.125000000002,-9.425000000000,4.246212121212,4.045454545455,-27.341883859202,29.319953252032,1.124791836199,0.814765776228,0.000000000000,0.000000000000
R1F05_donchian_96,donchian_channel_breakout,688e5f47d6a80ef2a8cbd9ed190579e2ce60536ae5168ef6edf736f3d72b2f1e,12,-1,82,0.378048780488,-4.001219512195,-4.622364247805,-379.033868319984,-6.864653719024,-562.901604959969,-9.016015913608,26.560975609756,-25.943292682927,13.275000000000,-20.574999999999,4.719512195122,6.743902439024,-54.482853802022,52.347923310061,0.704960001614,0.600138753188,0.000000000000,0.000000000000
R1F05_donchian_96,donchian_channel_breakout,688e5f47d6a80ef2a8cbd9ed190579e2ce60536ae5168ef6edf736f3d72b2f1e,12,1,264,0.518939393939,2.248295454546,1.653118031252,436.423160250655,-0.537236815334,-141.830519248061,0.801524500975,17.436931818182,-17.771969696970,11.875000000002,-11.099999999999,6.162878787879,5.681818181818,-30.275987465933,41.132975014938,1.221631151962,0.937278487732,0.000000000000,0.000000000000
R1F05_donchian_96,donchian_channel_breakout,688e5f47d6a80ef2a8cbd9ed190579e2ce60536ae5168ef6edf736f3d72b2f1e,16,-1,82,0.390243902439,-3.550609756098,-4.171754491707,-342.083868320011,-6.414043962927,-525.951604959996,-11.415867806300,29.320731707317,-28.193292682927,15.899999999998,-24.675000000001,6.573170731707,8.146341463415,-54.296415359400,50.542679447543,0.744901864113,0.639969072239,0.000000000000,0.000000000000
R1F05_donchian_96,donchian_channel_breakout,688e5f47d6a80ef2a8cbd9ed190579e2ce60536ae5168ef6edf736f3d72b2f1e,16,1,264,0.553030303030,3.339204545455,2.744027122161,724.423160250635,0.553672275575,146.169480751919,1.834563380283,20.331818181818,-20.501515151515,13.149999999999,-12.524999999999,8.003787878788,7.390151515152,-34.050581865650,46.515606991844,1.322649814093,1.058076646722,0.000000000000,0.000000000000
R1F05_donchian_96,donchian_channel_breakout,688e5f47d6a80ef2a8cbd9ed190579e2ce60536ae5168ef6edf736f3d72b2f1e,24,-1,82,0.365853658537,-6.817073170732,-7.438217906341,-609.933868319995,-9.680507377561,-793.801604959980,-10.302009763634,35.149390243902,-33.606707317073,19.400000000000,-25.975000000000,9.695121951220,12.597560975610,-74.145550191122,61.739224373765,0.638759604434,0.561027213687,0.000000000000,0.000000000000
R1F05_donchian_96,donchian_channel_breakout,688e5f47d6a80ef2a8cbd9ed190579e2ce60536ae5168ef6edf736f3d72b2f1e,24,1,262,0.534351145038,4.108778625954,3.513046923934,920.418294070629,1.321583519892,346.254882211816,1.123208640673,25.872709923664,-25.637404580153,18.424999999999,-16.725000000001,12.946564885496,11.309160305344,-41.354395291026,63.590375888996,1.330708099631,1.112906531591,0.000000000000,0.000000000000
R1F05_donchian_96,donchian_channel_breakout,688e5f47d6a80ef2a8cbd9ed190579e2ce60536ae5168ef6edf736f3d72b2f1e,32,-1,82,0.390243902439,-8.354878048781,-8.976022784390,-736.033868320018,-11.218312255610,-919.901604960002,-14.885983054245,39.195121951219,-40.378658536586,21.749999999997,-33.000000000001,13.841463414634,17.000000000000,-79.084467246395,93.192224460534,0.639874475217,0.574617841084,0.000000000000,0.000000000000
R1F05_donchian_96,donchian_channel_breakout,688e5f47d6a80ef2a8cbd9ed190579e2ce60536ae5168ef6edf736f3d72b2f1e,32,1,261,0.590038314176,9.374137931034,8.778214739335,2291.114046966341,6.586368355935,1719.042140899034,6.600000000000,33.357088122605,-29.425670498084,23.949999999999,-19.700000000000,18.808429118774,14.532567049808,-49.000056274621,72.944032723772,1.824765754163,1.569072920412,0.000000000000,0.000000000000
R1F05_donchian_96,donchian_channel_breakout,688e5f47d6a80ef2a8cbd9ed190579e2ce60536ae5168ef6edf736f3d72b2f1e,48,-1,79,0.417721518987,-3.372151898735,-3.992300532630,-315.391742077760,-6.232597800421,-492.375226233227,-8.312261640800,45.985443037974,-43.877848101266,29.150000000001,-35.699999999997,21.189873417722,22.632911392405,-103.787196437451,117.694956418367,0.843236123985,0.767592768674,0.000000000000,0.000000000000
R1F05_donchian_96,donchian_channel_breakout,688e5f47d6a80ef2a8cbd9ed190579e2ce60536ae5168ef6edf736f3d72b2f1e,48,1,259,0.532818532819,8.135135135135,7.538814903759,1952.553060073539,5.346174441006,1384.659180220573,3.049999999998,43.020656370656,-38.315830115830,28.900000000002,-26.800000000000,25.648648648649,22.193050193050,-73.136642124337,87.724669175985,1.488762917519,1.324485682564,0.000000000000,0.000000000000
R1G01_ema_4_16,ema_trend_cross,964ecefd4343c93488d61415ecc54cfdf0fc2e9640af14fbab304692c69e81e6,1,-1,367,0.384196185286,-0.880108991825,-1.479914774004,-543.128722059569,-3.679526338362,-1350.386166178855,-1.515268065264,5.112942779292,-5.391689373297,3.000000000003,-3.999999999996,0.970027247956,0.986376021798,-11.800584844350,8.896467271836,0.563221080310,0.255559240439,0.000000000000,0.000000000000
R1G01_ema_4_16,ema_trend_cross,964ecefd4343c93488d61415ecc54cfdf0fc2e9640af14fbab304692c69e81e6,1,1,386,0.440414507772,-0.014896373057,-0.598189466535,-230.901134082578,-2.764775653491,-1067.203402247699,-0.442054671111,4.544559585492,-4.531606217617,3.224999999999,-2.774999999998,0.981865284974,0.979274611399,-8.992535128805,8.243868425676,0.748466313149,0.272235536137,0.000000000000,0.000000000000
R1G01_ema_4_16,ema_trend_cross,964ecefd4343c93488d61415ecc54cfdf0fc2e9640af14fbab304692c69e81e6,2,-1,367,0.386920980926,-0.796321525886,-1.396127308064,-512.378722059639,-3.595738872422,-1319.636166178926,-2.148170212765,7.836784741144,-7.990871934605,4.500000000002,-5.600000000001,1.411444141689,1.547683923706,-16.817460695567,13.343843416370,0.712140072350,0.430439196042,0.000000000000,0.000000000000
R1G01_ema_4_16,ema_trend_cross,964ecefd4343c93488d61415ecc54cfdf0fc2e9640af14fbab304692c69e81e6,2,1,386,0.518134715026,0.715284974093,0.131991880615,50.948865917436,-2.034594306341,-785.353402247685,0.587683823528,6.493134715026,-6.147668393782,4.599999999999,-4.075000000002,1.479274611399,1.461139896373,-12.477596278666,11.457168635171,1.045543500013,0.500499167370,0.000000000000,0.000000000000
R1G01_ema_4_16,ema_trend_cross,964ecefd4343c93488d61415ecc54cfdf0fc2e9640af14fbab304692c69e81e6,3,-1,367,0.386920980926,-1.438555858311,-2.038361640489,-748.078722059616,-4.237973204847,-1555.336166178903,-2.557153127245,9.284741144414,-9.560762942779,5.199999999999,-6.850000000000,1.801089918256,2.081743869210,-21.879962876566,16.813166869671,0.665779075791,0.437350436048,0.000000000000,0.000000000000
R1G01_ema_4_16,ema_trend_cross,964ecefd4343c93488d61415ecc54cfdf0fc2e9640af14fbab304692c69e81e6,3,1,386,0.525906735751,0.861010362694,0.277717269216,107.198865917473,-1.888868917740,-729.103402247648,0.461074029126,8.269689119171,-7.613341968912,5.900000000000,-4.849999999999,2.000000000000,1.914507772021,-15.650000000002,14.798276212406,1.083629457134,0.579028416999,0.000000000000,0.000000000000
R1G01_ema_4_16,ema_trend_cross,964ecefd4343c93488d61415ecc54cfdf0fc2e9640af14fbab304692c69e81e6,4,-1,367,0.373297002725,-1.752179836512,-2.351985618691,-863.178722059583,-4.551597183049,-1670.436166178870,-3.291855368883,10.624114441417,-11.288828337874,5.750000000000,-8.349999999996,2.117166212534,2.632152588556,-26.365453694819,21.769606776146,0.668235708174,0.469971404765,0.000000000000,0.000000000000
R1G01_ema_4_16,ema_trend_cross,964ecefd4343c93488d61415ecc54cfdf0fc2e9640af14fbab304692c69e81e6,4,1,386,0.531088082902,1.648834196891,1.065541103413,411.298865917399,-1.101045083543,-425.003402247722,0.619317173916,9.777720207254,-8.809196891192,6.850000000001,-5.599999999998,2.533678756477,2.347150259067,-17.274386596513,20.731243680486,1.286978430557,0.773098774143,0.000000000000,0.000000000000
R1G01_ema_4_16,ema_trend_cross,964ecefd4343c93488d61415ecc54cfdf0fc2e9640af14fbab304692c69e81e6,6,-1,367,0.381471389646,-1.794141689373,-2.393947471552,-878.578722059614,-4.593559035910,-1685.836166178901,-3.733076923079,12.385422343324,-13.507356948229,6.750000000000,-9.950000000001,2.839237057221,3.604904632153,-25.408118994837,27.329204466155,0.690651681115,0.501295367520,0.000000000000,0.000000000000
R1G01_ema_4_16,ema_trend_cross,964ecefd4343c93488d61415ecc54cfdf0fc2e9640af14fbab304692c69e81e6,6,1,386,0.544041450777,1.381606217617,0.798313124138,308.148865917419,-1.368273062818,-528.153402247702,1.043793619142,11.877849740933,-11.298575129534,8.324999999999,-7.050000000000,3.554404145078,3.240932642487,-20.887500000000,24.112512278827,1.160439900580,0.774396387452,0.000000000000,0.000000000000
R1G01_ema_4_16,ema_trend_cross,964ecefd4343c93488d61415ecc54cfdf0fc2e9640af14fbab304692c69e81e6,8,-1,367,0.354223433243,-2.126566757493,-2.726372539672,-1000.578722059569,-4.925984104030,-1807.836166178855,-4.379422128261,14.054223433243,-15.193324250681,7.149999999999,-11.150000000001,3.596730245232,4.602179836512,-34.825954214200,31.688857311157,0.694676857149,0.526693849036,0.000000000000,0.000000000000
R1G01_ema_4_16,ema_trend_cross,964ecefd4343c93488d61415ecc54cfdf0fc2e9640af14fbab304692c69e81e6,8,1,386,0.554404145078,1.495725388601,0.912432295123,352.198865917432,-1.254153891833,-484.103402247689,1.267049910874,13.443393782383,-12.929663212435,10.025000000000,-7.525000000003,4.463730569948,4.082901554404,-25.191775767544,29.899511344678,1.162008422087,0.812927168968,0.000000000000,0.000000000000
R1G01_ema_4_16,ema_trend_cross,964ecefd4343c93488d61415ecc54cfdf0fc2e9640af14fbab304692c69e81e6,12,-1,366,0.407103825137,-2.367076502732,-2.967144367662,-1085.974838564455,-5.167280097523,-1891.224515693451,-4.742805755394,17.576502732241,-18.664480874317,8.800000000001,-13.600000000000,5.407103825137,6.398907103825,-44.312500000001,41.498923183251,0.727935980150,0.579085316633,0.000000000000,0.000000000000
R1G01_ema_4_16,ema_trend_cross,964ecefd4343c93488d61415ecc54cfdf0fc2e9640af14fbab304692c69e81e6,12,1,385,0.545454545455,2.899610389610,2.316464983349,891.839018589189,0.150174170825,57.817055767580,1.250000000001,16.414285714286,-15.190389610390,11.600000000001,-9.199999999998,6.433766233766,5.836363636364,-33.866030330063,36.313659606994,1.371426857634,1.020561266798,0.000000000000,0.000000000000
R1G01_ema_4_16,ema_trend_cross,964ecefd4343c93488d61415ecc54cfdf0fc2e9640af14fbab304692c69e81e6,16,-1,366,0.355191256831,-4.031557377049,-4.631625241979,-1695.174838564462,-6.831760971840,-2500.424515693458,-5.246916118422,20.190437158470,-21.517076502732,10.799999999999,-15.375000000000,6.857923497268,8.327868852459,-51.103849235196,36.183174416534,0.631128680436,0.512167687745,0.000000000000,0.000000000000
R1G01_ema_4_16,ema_trend_cross,964ecefd4343c93488d61415ecc54cfdf0fc2e9640af14fbab304692c69e81e6,16,1,385,0.548051948052,3.704935064935,3.121789658673,1201.889018589222,0.955498846150,367.867055767612,1.750350740452,19.180000000000,-17.507662337662,12.799999999999,-10.700000000000,8.303896103896,7.498701298701,-32.578227208559,44.289588244539,1.448041591998,1.119379240677,0.000000000000,0.000000000000
R1G01_ema_4_16,ema_trend_cross,964ecefd4343c93488d61415ecc54cfdf0fc2e9640af14fbab304692c69e81e6,24,-1,365,0.397260273973,-5.015616438356,-5.615651299538,-2049.712724331410,-7.815721021902,-2852.738172994261,-5.220837390457,24.787397260274,-25.037534246575,14.449999999999,-17.599999999999,9.991780821918,11.964383561644,-61.119136150726,42.004994166839,0.614831832222,0.509319681411,0.000000000000,0.000000000000
R1G01_ema_4_16,ema_trend_cross,964ecefd4343c93488d61415ecc54cfdf0fc2e9640af14fbab304692c69e81e6,24,1,382,0.565445026178,4.097513089005,3.519243504095,1344.351018564341,1.362704334275,520.553055693062,2.715275862071,23.522513089005,-22.129188481675,16.100000000000,-14.649999999999,12.193717277487,10.890052356021,-43.615117763478,50.239317011072,1.395805301402,1.137905991311,0.000000000000,0.000000000000
R1G01_ema_4_16,ema_trend_cross,964ecefd4343c93488d61415ecc54cfdf0fc2e9640af14fbab304692c69e81e6,32,-1,365,0.394520547945,-6.380273972603,-6.980308833785,-2547.812724331401,-9.180378556149,-3350.838172994253,-6.291311754682,28.904246575343,-28.731095890411,18.000000000001,-20.949999999999,13.120547945205,16.347945205479,-67.255601226789,51.661390433814,0.591322403196,0.502445003111,0.000000000000,0.000000000000
R1G01_ema_4_16,ema_trend_cross,964ecefd4343c93488d61415ecc54cfdf0fc2e9640af14fbab304692c69e81e6,32,1,380,0.586842105263,6.183026315789,5.604392954787,2129.669322819022,3.447126232782,1309.907968457078,4.450345226000,27.830131578947,-26.379605263158,19.574999999999,-17.749999999998,17.228947368421,14.600000000000,-52.322500000000,63.030302166476,1.576114108589,1.323180684849,0.000000000000,0.000000000000
R1G01_ema_4_16,ema_trend_cross,964ecefd4343c93488d61415ecc54cfdf0fc2e9640af14fbab304692c69e81e6,48,-1,361,0.365650969529,-8.434072022161,-9.027006573576,-3258.749373061099,-11.212875676408,-4047.848119183387,-9.018074074075,34.703047091413,-36.620498614958,22.100000000000,-25.400000000005,18.631578947368,25.335180055402,-89.167078825347,70.880687022901,0.590281597467,0.521444917514,0.000000000000,0.000000000000
R1G01_ema_4_16,ema_trend_cross,964ecefd4343c93488d61415ecc54cfdf0fc2e9640af14fbab304692c69e81e6,48,1,379,0.598944591029,10.143799472295,9.568541381646,3626.477183643707,7.418025200346,2811.431550931248,6.460631834750,36.260817941952,-31.981926121372,24.150000000003,-21.150000000003,25.899736147757,20.519788918206,-53.095879339783,98.094020654885,1.831313539267,1.597923668357,0.000000000000,0.000000000000
R1G02_ema_8_32,ema_trend_cross,7b74da38f808617f26d40d669d436262b2a3c59e08cc85df3b511a3adf18a466,1,-1,188,0.388297872340,-1.043882978724,-1.642328454815,-308.757749505209,-3.839219406997,-721.773248515528,-1.720693728737,5.561702127659,-5.988297872340,3.000000000000,-4.349999999995,0.952127659574,0.989361702128,-11.173526068439,11.867981163811,0.548918758091,0.258712036195,0.000000000000,0.000000000000
R1G02_ema_8_32,ema_trend_cross,7b74da38f808617f26d40d669d436262b2a3c59e08cc85df3b511a3adf18a466,1,1,196,0.454081632653,0.807397959184,0.216373926868,42.409289666103,-1.965674137764,-385.272131001653,-0.536129753914,5.003061224490,-4.434693877551,2.700000000002,-3.450000000001,0.989795918367,0.969387755102,-8.561109756036,13.579938872950,1.096870331631,0.462510683984,0.000000000000,0.000000000000
R1G02_ema_8_32,ema_trend_cross,7b74da38f808617f26d40d669d436262b2a3c59e08cc85df3b511a3adf18a466,2,-1,188,0.398936170213,-0.591755319149,-1.190200795240,-223.757749505195,-3.387091747423,-636.773248515514,-1.963290155439,8.142287234042,-8.396542553192,4.550000000000,-5.650000000000,1.345744680851,1.542553191489,-16.091164840398,18.576920542969,0.735847889825,0.427130845465,0.000000000000,0.000000000000
R1G02_ema_8_32,ema_trend_cross,7b74da38f808617f26d40d669d436262b2a3c59e08cc85df3b511a3adf18a466,2,1,196,0.520408163265,1.143367346939,0.552343314623,108.259289666123,-1.629704750008,-319.422131001632,0.450000000000,6.871428571429,-6.107397959184,4.450000000000,-4.400000000000,1.510204081633,1.438775510204,-11.633383685801,14.963079819265,1.203727549151,0.584121028533,0.000000000000,0.000000000000
R1G02_ema_8_32,ema_trend_cross,7b74da38f808617f26d40d669d436262b2a3c59e08cc85df3b511a3adf18a466,3,-1,188,0.430851063830,-0.802925531915,-1.401371008007,-263.457749505228,-3.598261960189,-676.473248515548,-1.904574613151,10.062765957447,-9.856648936170,6.174999999999,-6.574999999999,1.813829787234,2.085106382979,-22.463930983055,21.477413498653,0.747748856661,0.479346072123,0.000000000000,0.000000000000
R1G02_ema_8_32,ema_trend_cross,7b74da38f808617f26d40d669d436262b2a3c59e08cc85df3b511a3adf18a466,3,1,196,0.535714285714,1.709693877551,1.118669845235,219.259289666102,-1.063378219396,-208.422131001654,0.416150442477,8.749234693878,-7.238010204082,5.375000000002,-4.825000000000,2.091836734694,1.831632653061,-14.703641689279,18.212339750714,1.372345182570,0.745116616290,0.000000000000,0.000000000000
R1G02_ema_8_32,ema_trend_cross,7b74da38f808617f26d40d669d436262b2a3c59e08cc85df3b511a3adf18a466,4,-1,188,0.452127659574,-0.691223404255,-1.289668880347,-242.457749505171,-3.486559832529,-655.473248515490,-1.267352718653,11.556648936170,-11.038563829787,7.049999999998,-6.950000000001,2.287234042553,2.574468085106,-26.335587365012,24.777768430878,0.796166249161,0.542456873415,0.000000000000,0.000000000000
R1G02_ema_8_32,ema_trend_cross,7b74da38f808617f26d40d669d436262b2a3c59e08cc85df3b511a3adf18a466,4,1,196,0.530612244898,1.316581632653,0.725557600337,142.209289666128,-1.456490464294,-285.472131001628,0.488161838164,10.151785714286,-9.077295918367,6.375000000000,-5.799999999999,2.489795918367,2.260204081633,-16.997327274605,20.637341521394,1.174411199210,0.726018826894,0.000000000000,0.000000000000
R1G02_ema_8_32,ema_trend_cross,7b74da38f808617f26d40d669d436262b2a3c59e08cc85df3b511a3adf18a466,6,-1,188,0.441489361702,-0.996808510638,-1.595253986730,-299.907749505191,-3.792144938912,-712.923248515510,-1.763645850252,14.048138297872,-13.318882978723,8.025000000001,-8.299999999998,3.239361702128,3.547872340426,-30.745784547881,30.240103278691,0.786316069085,0.570438402849,0.000000000000,0.000000000000
R1G02_ema_8_32,ema_trend_cross,7b74da38f808617f26d40d669d436262b2a3c59e08cc85df3b511a3adf18a466,6,1,196,0.525510204082,1.745918367347,1.154894335031,226.359289666116,-1.027153729600,-201.322131001640,0.488395560040,11.894387755102,-10.529846938776,8.075000000001,-7.125000000001,3.387755102041,3.178571428571,-19.895335486605,27.561885883780,1.241824528602,0.827502268892,0.000000000000,0.000000000000
R1G02_ema_8_32,ema_trend_cross,7b74da38f808617f26d40d669d436262b2a3c59e08cc85df3b511a3adf18a466,8,-1,188,0.414893617021,-0.890425531915,-1.488871008006,-279.907749505189,-3.685761960189,-692.923248515508,-2.803065847397,16.911436170213,-15.195478723404,9.975000000000,-8.550000000001,4.053191489362,4.420212765957,-42.081204144830,40.747315699658,0.836163973208,0.646068231043,0.000000000000,0.000000000000
R1G02_ema_8_32,ema_trend_cross,7b74da38f808617f26d40d669d436262b2a3c59e08cc85df3b511a3adf18a466,8,1,196,0.551020408163,1.650255102041,1.059231069725,207.609289666099,-1.122816994906,-220.072131001657,1.084123434704,13.055867346939,-12.269387755102,8.550000000001,-8.400000000002,4.489795918367,3.989795918367,-23.691512115858,28.420506279433,1.198109626684,0.825990333112,0.000000000000,0.000000000000
R1G02_ema_8_32,ema_trend_cross,7b74da38f808617f26d40d669d436262b2a3c59e08cc85df3b511a3adf18a466,12,-1,188,0.361702127660,-3.447606382979,-4.046051859070,-760.657749505189,-6.242942811253,-1173.673248515509,-4.986857379766,19.520478723404,-19.303191489362,12.375000000002,-12.250000000003,5.303191489362,6.792553191489,-43.229031898239,41.590938505742,0.635796278487,0.503224312374,0.000000000000,0.000000000000
R1G02_ema_8_32,ema_trend_cross,7b74da38f808617f26d40d669d436262b2a3c59e08cc85df3b511a3adf18a466,12,1,196,0.525510204082,1.762755102041,1.171731069725,229.659289666103,-1.010316994906,-198.022131001652,1.799146963283,15.987500000000,-15.109438775510,11.750000000002,-9.275000000000,6.433673469388,5.443877551020,-31.287601670732,32.336518838303,1.179026722027,0.867581789324,0.000000000000,0.000000000000
R1G02_ema_8_32,ema_trend_cross,7b74da38f808617f26d40d669d436262b2a3c59e08cc85df3b511a3adf18a466,16,-1,188,0.404255319149,-4.623404255319,-5.221849731411,-981.707749505203,-7.418740683593,-1394.723248515523,-5.752153846153,21.628989361702,-21.844148936170,13.825000000001,-14.425000000001,6.702127659574,8.882978723404,-45.797528136332,37.759411787116,0.579918994694,0.463194911322,0.000000000000,0.000000000000
R1G02_ema_8_32,ema_trend_cross,7b74da38f808617f26d40d669d436262b2a3c59e08cc85df3b511a3adf18a466,16,1,195,0.553846153846,2.713333333333,2.135366470143,416.396461677809,-0.020567256239,-4.010614966623,2.329959377118,18.535128205128,-17.488461538462,14.350000000002,-11.399999999998,8.158974358974,7.041025641026,-35.002519360498,35.866918304162,1.298845015038,0.997474301784,0.000000000000,0.000000000000
R1G02_ema_8_32,ema_trend_cross,7b74da38f808617f26d40d669d436262b2a3c59e08cc85df3b511a3adf18a466,24,-1,188,0.388297872340,-4.997606382979,-5.596051859070,-1052.057749505185,-7.792942811253,-1465.073248515504,-7.438215859032,25.799734042553,-25.382978723404,17.600000000002,-17.275000000001,10.218085106383,12.755319148936,-60.427162066787,47.691488193300,0.611705275255,0.505883884826,0.000000000000,0.000000000000
R1G02_ema_8_32,ema_trend_cross,7b74da38f808617f26d40d669d436262b2a3c59e08cc85df3b511a3adf18a466,24,1,193,0.564766839378,3.243264248705,2.664610843943,514.269892881005,0.507304034420,97.909678643021,4.600000000002,23.428497409327,-22.675906735751,17.599999999999,-14.750000000001,12.772020725389,10.683937823834,-42.357084294534,47.997654795789,1.282133104842,1.048722878740,0.000000000000,0.000000000000
R1G02_ema_8_32,ema_trend_cross,7b74da38f808617f26d40d669d436262b2a3c59e08cc85df3b511a3adf18a466,32,-1,188,0.319148936170,-5.116223404256,-5.714668880347,-1074.357749505195,-7.911559832529,-1487.373248515514,-7.795462427747,31.142287234043,-28.658244680851,19.200000000002,-20.950000000002,13.382978723404,16.936170212766,-56.123201197151,66.855746224273,0.659460367735,0.567705238712,0.000000000000,0.000000000000
R1G02_ema_8_32,ema_trend_cross,7b74da38f808617f26d40d669d436262b2a3c59e08cc85df3b511a3adf18a466,32,1,192,0.583333333333,4.419791666667,3.840902784639,737.453334650697,1.683125020584,323.160003952075,5.254879362342,26.629947916667,-26.892187500000,19.600000000001,-17.599999999999,16.687500000000,14.182291666667,-49.823089583664,54.169211495947,1.372671012149,1.149754120120,0.000000000000,0.000000000000
R1G02_ema_8_32,ema_trend_cross,7b74da38f808617f26d40d669d436262b2a3c59e08cc85df3b511a3adf18a466,48,-1,184,0.347826086957,-10.146195652174,-10.745023982387,-1977.084412759138,-12.942680642812,-2381.453238277350,-10.463310868244,35.539673913043,-38.445652173913,20.200000000000,-27.025000000002,18.603260869565,27.146739130435,-97.290555817203,77.772500000001,0.535042268284,0.473089222394,0.000000000000,0.000000000000
R1G02_ema_8_32,ema_trend_cross,7b74da38f808617f26d40d669d436262b2a3c59e08cc85df3b511a3adf18a466,48,1,192,0.625000000000,12.326562500000,11.747673617972,2255.553334650706,9.589895853917,1841.260003952084,11.575766016711,37.754687500000,-32.724739583333,28.725000000000,-21.250000000001,27.588541666667,19.968750000000,-70.722341834961,97.491570247935,1.991908073738,1.756489996059,0.000000000000,0.000000000000
R1G03_ema_12_48,ema_trend_cross,b7c6667b2a5b3c8fdce3b5b171a4ed7df3a9994cca61bf3beff49e0b683d1a9d,1,-1,130,0.484615384615,2.255000000000,1.628569930070,211.714090909044,-0.624290209791,-81.157727272811,-0.390337078650,8.082692307692,-5.321153846154,4.499999999999,-3.850000000001,0.976923076923,0.976923076923,-10.619971076475,17.334379576105,1.596590753358,0.844305433389,0.000000000000,0.000000000000
R1G03_ema_12_48,ema_trend_cross,b7c6667b2a5b3c8fdce3b5b171a4ed7df3a9994cca61bf3beff49e0b683d1a9d,1,1,132,0.469696969697,0.989772727273,0.386427731125,51.008460508534,-1.820262261169,-240.274618474353,-0.194544259421,5.283333333333,-4.672727272728,3.300000000002,-2.749999999999,0.962121212121,0.984848484848,-9.330474049153,12.459468643075,1.175796289024,0.485107599795,0.000000000000,0.000000000000
R1G03_ema_12_48,ema_trend_cross,b7c6667b2a5b3c8fdce3b5b171a4ed7df3a9994cca61bf3beff49e0b683d1a9d,2,-1,130,0.469230769231,1.188076923077,0.561646853147,73.014090909052,-1.691213286714,-219.857727272803,-1.225000000001,10.951538461538,-7.580384615385,5.674999999999,-5.000000000000,1.430769230769,1.476923076923,-15.698030846185,21.949876866778,1.140497763226,0.684484811953,0.000000000000,0.000000000000
R1G03_ema_12_48,ema_trend_cross,b7c6667b2a5b3c8fdce3b5b171a4ed7df3a9994cca61bf3beff49e0b683d1a9d,2,1,132,0.500000000000,0.700378787879,0.097033791731,12.808460508536,-2.109656200563,-278.474618474351,-0.188120950324,7.275757575758,-6.818181818182,4.725000000001,-4.075000000003,1.469696969697,1.469696969697,-13.646171519564,15.579120813373,1.027964106854,0.551016245433,0.000000000000,0.000000000000
R1G03_ema_12_48,ema_trend_cross,b7c6667b2a5b3c8fdce3b5b171a4ed7df3a9994cca61bf3beff49e0b683d1a9d,3,-1,130,0.469230769231,1.416923076923,0.790493006993,102.764090909077,-1.462367132868,-190.107727272779,-1.040337078649,13.021923076923,-8.904615384615,6.675000000000,-5.900000000001,1.838461538462,1.938461538462,-18.282897814665,29.287908862129,1.165032300234,0.760379768875,0.000000000000,0.000000000000
R1G03_ema_12_48,ema_trend_cross,b7c6667b2a5b3c8fdce3b5b171a4ed7df3a9994cca61bf3beff49e0b683d1a9d,3,1,132,0.462121212121,0.190530303030,-0.412814693117,-54.491539491470,-2.619504685412,-345.774618474357,-0.762610340479,8.961363636364,-8.625757575758,6.000000000000,-4.750000000001,2.037878787879,2.000000000000,-17.457773623387,16.390628308000,0.902343463591,0.526339908001,0.000000000000,0.000000000000
R1G03_ema_12_48,ema_trend_cross,b7c6667b2a5b3c8fdce3b5b171a4ed7df3a9994cca61bf3beff49e0b683d1a9d,4,-1,130,0.430769230769,-0.236153846154,-0.862583916084,-112.135909090932,-3.115444055945,-405.007727272787,-1.516940207997,14.153076923077,-10.405384615385,7.349999999998,-6.924999999998,2.276923076923,2.569230769231,-29.650105971200,26.112036771386,0.860844499190,0.592025262668,0.000000000000,0.000000000000
R1G03_ema_12_48,ema_trend_cross,b7c6667b2a5b3c8fdce3b5b171a4ed7df3a9994cca61bf3beff49e0b683d1a9d,4,1,132,0.469696969697,-1.120454545455,-1.723799541602,-227.541539491465,-3.930489533897,-518.824618474351,-0.768457369556,9.854545454545,-10.751515151515,6.324999999998,-5.750000000002,2.386363636364,2.416666666667,-22.075821105595,17.113420925746,0.711173281524,0.459842754146,0.000000000000,0.000000000000
R1G03_ema_12_48,ema_trend_cross,b7c6667b2a5b3c8fdce3b5b171a4ed7df3a9994cca61bf3beff49e0b683d1a9d,6,-1,130,0.392307692308,-1.771153846154,-2.397583916084,-311.685909090934,-4.650444055945,-604.557727272789,-3.404915083767,16.593461538461,-13.508846153846,10.299999999999,-8.700000000000,2.907692307692,3.776923076923,-40.540208460134,30.944488585385,0.723342582496,0.537726037660,0.000000000000,0.000000000000
R1G03_ema_12_48,ema_trend_cross,b7c6667b2a5b3c8fdce3b5b171a4ed7df3a9994cca61bf3beff49e0b683d1a9d,6,1,132,0.492424242424,-0.849242424243,-1.452587420390,-191.741539491461,-3.659277412684,-483.024618474348,-0.600898472599,11.145075757576,-13.316287878788,7.400000000000,-7.299999999998,3.378787878788,3.363636363636,-30.939072667174,24.951292806500,0.771648282883,0.518279917976,0.000000000000,0.000000000000
R1G03_ema_12_48,ema_trend_cross,b7c6667b2a5b3c8fdce3b5b171a4ed7df3a9994cca61bf3beff49e0b683d1a9d,8,-1,130,0.384615384615,-3.373076923077,-3.999506993007,-519.935909090966,-6.252367132868,-812.807727272822,-3.483555555555,18.084230769231,-16.087307692308,11.125000000000,-10.524999999998,3.676923076923,4.800000000000,-44.918609036594,41.120189399148,0.607883846599,0.462375885575,0.000000000000,0.000000000000
R1G03_ema_12_48,ema_trend_cross,b7c6667b2a5b3c8fdce3b5b171a4ed7df3a9994cca61bf3beff49e0b683d1a9d,8,1,132,0.537878787879,-0.978030303031,-1.581375299178,-208.741539491477,-3.788065291472,-500.024618474364,1.199189394503,12.262500000000,-14.739393939394,8.600000000000,-8.324999999999,4.333333333333,4.128787878788,-30.904706475341,24.423209922103,0.772848879320,0.531616787255,0.000000000000,0.000000000000
R1G03_ema_12_48,ema_trend_cross,b7c6667b2a5b3c8fdce3b5b171a4ed7df3a9994cca61bf3beff49e0b683d1a9d,12,-1,130,0.361538461538,-4.133846153846,-4.760276223777,-618.835909090947,-7.013136363637,-911.707727272802,-4.294877049181,20.757692307692,-19.599230769231,13.225000000000,-12.400000000000,4.953846153846,7.076923076923,-47.590731485573,49.186962659789,0.592812622482,0.469924732842,0.000000000000,0.000000000000
R1G03_ema_12_48,ema_trend_cross,b7c6667b2a5b3c8fdce3b5b171a4ed7df3a9994cca61bf3beff49e0b683d1a9d,12,1,131,0.496183206107,1.276717557252,0.681859272330,89.323564675227,-1.507857297514,-197.529305974327,-0.274952471484,14.979389312977,-16.903816793893,9.600000000003,-10.900000000001,6.053435114504,5.702290076336,-29.680803187894,33.687428101890,1.106249015125,0.801047201620,0.000000000000,0.000000000000
R1G03_ema_12_48,ema_trend_cross,b7c6667b2a5b3c8fdce3b5b171a4ed7df3a9994cca61bf3beff49e0b683d1a9d,16,-1,130,0.353846153846,-5.530384615385,-6.156814685315,-800.385909090943,-8.409674825175,-1093.257727272798,-6.348978599221,22.179230769231,-21.332307692308,14.425000000001,-14.549999999997,6.061538461538,9.046153846154,-47.440731485575,35.390108554764,0.519749096714,0.413559103139,0.000000000000,0.000000000000
R1G03_ema_12_48,ema_trend_cross,b7c6667b2a5b3c8fdce3b5b171a4ed7df3a9994cca61bf3beff49e0b683d1a9d,16,1,131,0.541984732824,2.643893129771,2.049034844849,268.423564675230,-0.140681724995,-18.429305974324,1.855043132050,18.003435114504,-19.382824427481,12.099999999998,-11.599999999999,8.175572519084,7.595419847328,-36.004154037659,37.224999999998,1.277702341952,0.983347314599,0.000000000000,0.000000000000
R1G03_ema_12_48,ema_trend_cross,b7c6667b2a5b3c8fdce3b5b171a4ed7df3a9994cca61bf3beff49e0b683d1a9d,24,-1,130,0.369230769231,-6.745000000000,-7.371430069930,-958.285909090961,-9.624290209791,-1251.157727272816,-7.939473304474,26.824230769231,-25.649230769231,16.975000000001,-15.999999999998,9.330769230769,14.353846153846,-62.318027055518,39.324160596185,0.526333488805,0.434341198037,0.000000000000,0.000000000000
R1G03_ema_12_48,ema_trend_cross,b7c6667b2a5b3c8fdce3b5b171a4ed7df3a9994cca61bf3beff49e0b683d1a9d,24,1,128,0.585937500000,2.608593750000,2.011888341632,257.521707728851,-0.181522475105,-23.234876813413,3.300000000003,22.646875000000,-24.257421875000,16.950000000000,-16.224999999997,12.742187500000,10.750000000000,-45.083257199603,48.457923119017,1.210882810112,0.982740522862,0.000000000000,0.000000000000
R1G03_ema_12_48,ema_trend_cross,b7c6667b2a5b3c8fdce3b5b171a4ed7df3a9994cca61bf3beff49e0b683d1a9d,32,-1,129,0.348837209302,-6.373643410853,-7.001053558845,-903.135909090965,-9.255873854828,-1194.007727272821,-11.364228187919,33.022480620155,-30.257751937985,19.050000000001,-19.450000000001,11.651162790698,18.604651162791,-56.226847909916,56.274805827497,0.610177574440,0.524278752227,0.000000000000,0.000000000000
R1G03_ema_12_48,ema_trend_cross,b7c6667b2a5b3c8fdce3b5b171a4ed7df3a9994cca61bf3beff49e0b683d1a9d,32,1,128,0.578125000000,5.598437500000,5.001732091632,640.221707728848,2.808321274895,359.465123186584,4.290359486438,26.610546875000,-26.755859375000,19.300000000001,-18.575000000000,17.023437500000,14.031250000000,-48.057689701457,59.448330656265,1.493731819932,1.253165394882,0.000000000000,0.000000000000
R1G03_ema_12_48,ema_trend_cross,b7c6667b2a5b3c8fdce3b5b171a4ed7df3a9994cca61bf3beff49e0b683d1a9d,48,-1,126,0.341269841270,-11.043650793651,-11.672318256194,-1470.712100280471,-13.929653181281,-1755.136300841404,-13.284585627538,36.613888888889,-39.576587301587,20.250000000000,-27.749999999999,19.000000000000,28.309523809524,-92.872438524591,83.017912578055,0.526830251029,0.468164173601,0.000000000000,0.000000000000
R1G03_ema_12_48,ema_trend_cross,b7c6667b2a5b3c8fdce3b5b171a4ed7df3a9994cca61bf3beff49e0b683d1a9d,48,1,127,0.637795275591,10.612204724409,10.015978006341,1272.029206805296,7.823524570204,993.587620415969,7.949999999999,37.411023622047,-33.981496062992,29.599999999999,-23.800000000000,27.700787401575,21.307086614173,-71.680734729508,78.177638036810,1.800060506392,1.585187966982,0.000000000000,0.000000000000
R1G04_ema_16_64,ema_trend_cross,593a8b18f07230f4de78fb0ada18a014d44dc04d28c0c559505fa10873848af3,1,-1,100,0.370000000000,-1.088500000000,-1.705758139257,-170.575813925704,-3.940274417771,-394.027441777070,-2.378931509102,6.213500000000,-6.075500000000,3.175000000000,-4.450000000001,0.980000000000,0.980000000000,-15.260052317623,10.388762520822,0.548755423638,0.266162110871,0.000000000000,0.000000000000
R1G04_ema_16_64,ema_trend_cross,593a8b18f07230f4de78fb0ada18a014d44dc04d28c0c559505fa10873848af3,1,1,102,0.450980392157,0.567647058823,-0.037697959852,-3.845191904941,-2.248387997204,-229.335575714790,-0.683809736489,4.869117647059,-4.682843137255,2.300000000001,-3.325000000001,0.960784313725,0.970588235294,-9.099910963703,10.221636363639,0.984781307245,0.427304879926,0.000000000000,0.000000000000
R1G04_ema_16_64,ema_trend_cross,593a8b18f07230f4de78fb0ada18a014d44dc04d28c0c559505fa10873848af3,2,-1,100,0.410000000000,-1.110500000000,-1.727758139257,-172.775813925680,-3.962274417770,-396.227441777047,-2.493861936449,8.738500000000,-9.108000000000,4.100000000000,-6.950000000001,1.410000000000,1.580000000000,-19.790917244608,12.513393576301,0.659079888172,0.396746198088,0.000000000000,0.000000000000
R1G04_ema_16_64,ema_trend_cross,593a8b18f07230f4de78fb0ada18a014d44dc04d28c0c559505fa10873848af3,2,1,102,0.500000000000,-0.297058823529,-0.902403842205,-92.045191904921,-3.113093879557,-317.535575714771,0.111859279879,6.312254901961,-7.175980392157,3.650000000000,-4.624999999999,1.450980392157,1.480392156863,-15.690341710789,11.355887714790,0.768084549124,0.390988931083,0.000000000000,0.000000000000
R1G04_ema_16_64,ema_trend_cross,593a8b18f07230f4de78fb0ada18a014d44dc04d28c0c559505fa10873848af3,3,-1,100,0.410000000000,-3.022500000000,-3.639758139257,-363.975813925684,-5.874274417771,-587.427441777050,-3.039228455857,10.836000000000,-12.241000000000,6.574999999999,-8.475000000000,1.790000000000,2.210000000000,-29.710794906234,23.463156266213,0.538007719052,0.371928776663,0.000000000000,0.000000000000
R1G04_ema_16_64,ema_trend_cross,593a8b18f07230f4de78fb0ada18a014d44dc04d28c0c559505fa10873848af3,3,1,102,0.460784313725,-0.391176470588,-0.996521489264,-101.645191904925,-3.207211526615,-327.135575714774,-0.750000000000,8.017647058824,-8.525000000000,5.749999999998,-5.575000000000,1.941176470588,1.852941176471,-17.203869939283,15.752741208621,0.782781928793,0.454741682944,0.000000000000,0.000000000000
R1G04_ema_16_64,ema_trend_cross,593a8b18f07230f4de78fb0ada18a014d44dc04d28c0c559505fa10873848af3,4,-1,100,0.340000000000,-3.302000000000,-3.919258139257,-391.925813925691,-6.153774417771,-615.377441777057,-3.770323858450,12.492500000000,-13.914500000000,7.849999999998,-9.199999999998,2.230000000000,2.730000000000,-32.655210113160,28.162397806372,0.562863592855,0.413007468002,0.000000000000,0.000000000000
R1G04_ema_16_64,ema_trend_cross,593a8b18f07230f4de78fb0ada18a014d44dc04d28c0c559505fa10873848af3,4,1,102,0.519607843137,-0.109313725490,-0.714658744166,-72.895191904914,-2.925348781517,-298.385575714763,0.764465832331,8.861764705883,-9.522058823529,6.325000000000,-6.150000000000,2.343137254902,2.323529411765,-20.155000000002,16.060401002261,0.849940748074,0.507574546955,0.000000000000,0.000000000000
R1G04_ema_16_64,ema_trend_cross,593a8b18f07230f4de78fb0ada18a014d44dc04d28c0c559505fa10873848af3,6,-1,100,0.350000000000,-5.644500000000,-6.261758139257,-626.175813925702,-8.496274417771,-849.627441777068,-4.993669734315,14.470500000000,-17.662500000000,8.649999999999,-12.300000000000,2.800000000000,3.900000000000,-52.169302021179,20.894886751912,0.438386989825,0.329891288335,0.000000000000,0.000000000000
R1G04_ema_16_64,ema_trend_cross,593a8b18f07230f4de78fb0ada18a014d44dc04d28c0c559505fa10873848af3,6,1,102,0.519607843137,1.235784313726,0.630439295050,64.304808095088,-1.580250742302,-161.185575714762,1.259981222014,11.107352941177,-11.451960784314,7.050000000000,-6.350000000000,3.549019607843,3.078431372549,-19.804309976756,28.926952207064,1.109352990040,0.771430574163,0.000000000000,0.000000000000
R1G04_ema_16_64,ema_trend_cross,593a8b18f07230f4de78fb0ada18a014d44dc04d28c0c559505fa10873848af3,8,-1,100,0.370000000000,-5.642500000000,-6.259758139257,-625.975813925693,-8.494274417771,-849.427441777059,-4.375042016805,15.710000000000,-20.108000000000,10.249999999999,-13.350000000001,3.490000000000,4.750000000000,-47.474166641652,31.000869533450,0.480363926349,0.370553461770,0.000000000000,0.000000000000
R1G04_ema_16_64,ema_trend_cross,593a8b18f07230f4de78fb0ada18a014d44dc04d28c0c559505fa10873848af3,8,1,101,0.554455445545,0.564851485149,-0.025694969356,-2.595191904910,-2.206787878364,-222.885575714759,1.499999999998,12.426237623763,-12.683663366337,7.800000000000,-8.550000000002,4.415841584158,3.742574257426,-23.173541908075,28.810547667344,0.995791351506,0.692837510030,0.000000000000,0.000000000000
R1G04_ema_16_64,ema_trend_cross,593a8b18f07230f4de78fb0ada18a014d44dc04d28c0c559505fa10873848af3,12,-1,100,0.340000000000,-6.827500000000,-7.444758139257,-744.475813925707,-9.679274417771,-967.927441777073,-7.035122410547,18.632500000000,-22.264000000000,10.700000000000,-15.175000000001,4.890000000000,6.690000000000,-50.968684070216,47.495257480383,0.479884113260,0.388599957057,0.000000000000,0.000000000000
R1G04_ema_16_64,ema_trend_cross,593a8b18f07230f4de78fb0ada18a014d44dc04d28c0c559505fa10873848af3,12,1,101,0.564356435644,2.744554455446,2.154008000942,217.554808095094,-0.027084908067,-2.735575714755,1.086369386463,15.157920792079,-14.742574257426,8.949999999999,-10.200000000000,6.465346534653,5.405940594059,-36.473541908073,37.400000000002,1.362620827299,0.996136526284,0.000000000000,0.000000000000
R1G04_ema_16_64,ema_trend_cross,593a8b18f07230f4de78fb0ada18a014d44dc04d28c0c559505fa10873848af3,16,-1,100,0.270000000000,-9.374500000000,-9.991758139257,-999.175813925693,-12.226274417771,-1222.627441777059,-9.744956023885,19.977500000000,-24.753500000000,11.725000000000,-17.474999999999,5.690000000000,9.710000000000,-53.992280216613,47.714387729202,0.386889860091,0.318152890970,0.000000000000,0.000000000000
R1G04_ema_16_64,ema_trend_cross,593a8b18f07230f4de78fb0ada18a014d44dc04d28c0c559505fa10873848af3,16,1,101,0.534653465347,2.831683168317,2.241136713813,226.354808095068,0.060043804804,6.064424285219,1.246219035203,17.851980198020,-17.110396039604,11.699999999999,-12.950000000001,8.752475247525,7.732673267327,-30.821705882353,37.857993474715,1.318383603953,1.007389704611,0.000000000000,0.000000000000
R1G04_ema_16_64,ema_trend_cross,593a8b18f07230f4de78fb0ada18a014d44dc04d28c0c559505fa10873848af3,24,-1,100,0.310000000000,-10.511500000000,-11.128758139257,-1112.875813925684,-13.363274417771,-1336.327441777050,-11.598146711468,24.646000000000,-29.634000000000,14.550000000000,-23.025000000001,9.450000000000,14.460000000000,-58.772383257532,38.585653194990,0.391160689346,0.324846330506,0.000000000000,0.000000000000
R1G04_ema_16_64,ema_trend_cross,593a8b18f07230f4de78fb0ada18a014d44dc04d28c0c559505fa10873848af3,24,1,99,0.606060606061,5.784848484848,5.192677531159,514.075075584785,3.008335623781,297.825226754359,4.583316481293,23.815656565657,-22.255050505051,16.450000000000,-15.999999999997,12.454545454545,11.171717171717,-43.629731876861,53.269086645822,1.624859020512,1.326712280509,0.000000000000,0.000000000000
R1G04_ema_16_64,ema_trend_cross,593a8b18f07230f4de78fb0ada18a014d44dc04d28c0c559505fa10873848af3,32,-1,99,0.333333333333,-6.752020202020,-7.369626480541,-729.593021573528,-9.604839037582,-950.879064720581,-10.850084033612,31.528282828283,-32.220202020202,16.299999999998,-24.450000000002,11.222222222222,16.898989898990,-53.487856055665,53.479046887433,0.598312742182,0.517247465769,0.000000000000,0.000000000000
R1G04_ema_16_64,ema_trend_cross,593a8b18f07230f4de78fb0ada18a014d44dc04d28c0c559505fa10873848af3,32,1,99,0.626262626263,9.602020202020,9.009849248331,891.975075584779,6.825507340953,675.725226754353,7.949999999999,27.687878787879,-24.187878787879,19.149999999999,-20.050000000001,16.585858585859,14.303030303030,-41.831869395770,60.269984833167,2.174882868271,1.798139607992,0.000000000000,0.000000000000
R1G04_ema_16_64,ema_trend_cross,593a8b18f07230f4de78fb0ada18a014d44dc04d28c0c559505fa10873848af3,48,-1,97,0.329896907216,-11.957216494845,-12.574979097879,-1219.772972494236,-14.810504303946,-1436.618917482742,-14.692800788955,34.966494845361,-39.303608247423,18.499999999997,-28.949999999998,18.010309278351,27.216494845361,-77.586635934897,57.497246059556,0.479063036446,0.422352755773,0.000000000000,0.000000000000
R1G04_ema_16_64,ema_trend_cross,593a8b18f07230f4de78fb0ada18a014d44dc04d28c0c559505fa10873848af3,48,1,99,0.656565656566,12.384848484849,11.792677531160,1167.475075584807,9.608335623782,951.225226754381,10.896349206348,36.521212121212,-30.584343434343,26.750000000001,-21.749999999997,28.848484848485,19.505050505051,-73.698172834348,72.782732447819,2.104107244562,1.837633889068,0.000000000000,0.000000000000
R1G05_ema_24_96,ema_trend_cross,92af46625daeefb2b32386c92ba5be44fbd620b6e4c1a44b9893b32457b345e5,1,-1,66,0.515151515152,1.125757575757,0.504312555440,33.284628659016,-1.738577485196,-114.746114022910,0.083077251387,8.362878787878,-5.906060606061,4.425000000001,-3.874999999999,0.954545454545,1.000000000000,-14.585663950206,16.570228456610,1.169387260122,0.584605931793,0.000000000000,0.000000000000
R1G05_ema_24_96,ema_trend_cross,92af46625daeefb2b32386c92ba5be44fbd620b6e4c1a44b9893b32457b345e5,1,1,65,0.384615384615,-0.887692307692,-1.460214412903,-94.913936838703,-3.605258623325,-234.341810516109,-1.630724637685,4.178461538462,-5.019230769231,3.250000000003,-4.349999999997,0.953846153846,0.969230769231,-9.631107242192,6.184207336366,0.492639009751,0.176184451807,0.000000000000,0.000000000000
R1G05_ema_24_96,ema_trend_cross,92af46625daeefb2b32386c92ba5be44fbd620b6e4c1a44b9893b32457b345e5,2,-1,66,0.409090909091,-1.551515151515,-2.172960171833,-143.415371340969,-4.415850212468,-291.446114022895,-1.559222059898,10.471212121212,-9.493181818182,5.775000000000,-5.475000000003,1.378787878788,1.530303030303,-24.161078267058,24.456448602697,0.651006789342,0.429343952757,0.000000000000,0.000000000000
R1G05_ema_24_96,ema_trend_cross,92af46625daeefb2b32386c92ba5be44fbd620b6e4c1a44b9893b32457b345e5,2,1,65,0.430769230769,-0.612307692308,-1.184829797518,-77.013936838694,-3.329874007940,-216.441810516101,-0.822071129709,5.556923076923,-6.950769230769,4.849999999999,-6.199999999998,1.384615384615,1.492307692308,-13.030444779951,11.383276073621,0.646491101601,0.292594513281,0.000000000000,0.000000000000
R1G05_ema_24_96,ema_trend_cross,92af46625daeefb2b32386c92ba5be44fbd620b6e4c1a44b9893b32457b345e5,3,-1,66,0.454545454545,-1.255303030303,-1.876748050621,-123.865371340979,-4.119638091256,-271.896114022906,-1.279604221637,11.495454545454,-10.981060606061,6.775000000002,-6.750000000002,1.696969696970,1.969696969697,-19.983263489826,21.969417694614,0.702206986872,0.457628049147,0.000000000000,0.000000000000
R1G05_ema_24_96,ema_trend_cross,92af46625daeefb2b32386c92ba5be44fbd620b6e4c1a44b9893b32457b345e5,3,1,65,0.523076923077,0.223846153846,-0.348675951365,-22.663936838703,-2.493720161786,-162.091810516110,0.453061224489,7.015384615385,-8.519230769231,6.649999999999,-6.750000000000,2.030769230769,1.876923076923,-18.900948022862,12.890082881067,0.898033060696,0.453526985392,0.000000000000,0.000000000000
R1G05_ema_24_96,ema_trend_cross,92af46625daeefb2b32386c92ba5be44fbd620b6e4c1a44b9893b32457b345e5,4,-1,66,0.469696969697,-1.377272727273,-1.998717747591,-131.915371340994,-4.241607788226,-279.946114022920,-1.522499112853,12.621969696969,-12.286363636364,7.424999999999,-8.000000000001,2.166666666667,2.484848484848,-28.446110122020,29.563718736760,0.709005644286,0.482980754716,0.000000000000,0.000000000000
R1G05_ema_24_96,ema_trend_cross,92af46625daeefb2b32386c92ba5be44fbd620b6e4c1a44b9893b32457b345e5,4,1,65,0.507692307692,-0.158461538461,-0.730983643672,-47.513936838687,-2.876027854094,-186.941810516093,0.366920152087,8.333846153846,-9.818461538462,6.950000000001,-6.799999999998,2.553846153846,2.261538461538,-20.271569852315,16.871463793095,0.826562107068,0.466997721817,0.000000000000,0.000000000000
R1G05_ema_24_96,ema_trend_cross,92af46625daeefb2b32386c92ba5be44fbd620b6e4c1a44b9893b32457b345e5,6,-1,66,0.378787878788,-2.650757575758,-3.272202596075,-215.965371340981,-5.515092636711,-363.996114022908,-3.531778741868,15.500000000000,-14.015151515152,9.250000000000,-9.450000000001,3.015151515152,3.272727272727,-32.528898540100,32.321046125501,0.630436574245,0.465720986188,0.000000000000,0.000000000000
R1G05_ema_24_96,ema_trend_cross,92af46625daeefb2b32386c92ba5be44fbd620b6e4c1a44b9893b32457b345e5,6,1,65,0.446153846154,0.036153846154,-0.536368259057,-34.863936838702,-2.681412469479,-174.291810516108,-0.734991662033,10.201538461539,-11.288461538462,7.800000000000,-7.650000000001,3.276923076923,3.046153846154,-17.409649126284,23.723101494056,0.890708381633,0.565062477366,0.000000000000,0.000000000000
R1G05_ema_24_96,ema_trend_cross,92af46625daeefb2b32386c92ba5be44fbd620b6e4c1a44b9893b32457b345e5,8,-1,66,0.424242424242,2.309090909091,1.687645888773,111.384628659017,-0.555244151862,-36.646114022909,-2.275000000001,20.339393939394,-15.601515151516,11.174999999996,-10.874999999999,4.000000000000,4.424242424242,-35.143952864444,42.854148861222,1.191230969981,0.945555280257,0.000000000000,0.000000000000
R1G05_ema_24_96,ema_trend_cross,92af46625daeefb2b32386c92ba5be44fbd620b6e4c1a44b9893b32457b345e5,8,1,65,0.507692307692,0.266153846154,-0.306368259057,-19.913936838694,-2.451412469478,-159.341810516101,0.434994462900,11.105384615385,-12.396153846154,8.550000000000,-9.699999999998,4.061538461538,4.030769230769,-22.444788839040,24.015674051350,0.941101386851,0.614573490652,0.000000000000,0.000000000000
R1G05_ema_24_96,ema_trend_cross,92af46625daeefb2b32386c92ba5be44fbd620b6e4c1a44b9893b32457b345e5,12,-1,66,0.363636363636,-0.126515151515,-0.747960171833,-49.365371340985,-2.990850212468,-197.396114022911,-4.400000000000,24.993939393939,-18.060606060607,11.174999999996,-12.725000000002,4.515151515152,6.621212121212,-39.280425625024,40.627954082478,0.933011958005,0.763842717643,0.000000000000,0.000000000000
R1G05_ema_24_96,ema_trend_cross,92af46625daeefb2b32386c92ba5be44fbd620b6e4c1a44b9893b32457b345e5,12,1,65,0.476923076923,2.700769230769,2.128247125558,138.336063161284,-0.016797084863,-1.091810516122,-0.649999999999,14.632307692308,-13.844615384615,11.650000000000,-9.850000000000,6.184615384615,5.323076923077,-19.365324917439,31.994149850735,1.416902964564,0.997315591543,0.000000000000,0.000000000000
R1G05_ema_24_96,ema_trend_cross,92af46625daeefb2b32386c92ba5be44fbd620b6e4c1a44b9893b32457b345e5,16,-1,66,0.348484848485,-3.256060606061,-3.877505626378,-255.915371340977,-6.120395667014,-403.946114022904,-7.203327062703,27.167424242424,-21.384090909091,13.225000000000,-16.050000000001,6.439393939394,8.848484848485,-51.927603259277,52.873275884439,0.728607730178,0.611708503000,0.000000000000,0.000000000000
R1G05_ema_24_96,ema_trend_cross,92af46625daeefb2b32386c92ba5be44fbd620b6e4c1a44b9893b32457b345e5,16,1,65,0.492307692308,4.183076923077,3.610554817866,234.686063161293,1.465510607444,95.258189483887,-0.288662790698,16.239230769231,-15.176923076923,11.999999999998,-10.200000000000,7.738461538462,6.784615384615,-17.390018962267,32.214537360604,1.789017763412,1.258203076802,0.000000000000,0.000000000000
R1G05_ema_24_96,ema_trend_cross,92af46625daeefb2b32386c92ba5be44fbd620b6e4c1a44b9893b32457b345e5,24,-1,66,0.303030303030,-8.815151515152,-9.436596535469,-622.815371340967,-11.679486576104,-770.846114022894,-6.991614622528,30.251515151515,-27.603787878789,18.099999999998,-21.250000000001,9.196969696970,14.272727272727,-66.771214075457,54.496870904327,0.499312908480,0.428734366416,0.000000000000,0.000000000000
R1G05_ema_24_96,ema_trend_cross,92af46625daeefb2b32386c92ba5be44fbd620b6e4c1a44b9893b32457b345e5,24,1,64,0.531250000000,6.854687500000,6.281636343000,402.024725951980,4.135534029000,264.674177855969,0.896060037522,21.455468750000,-17.905468750000,15.225000000000,-14.250000000000,11.593750000000,10.437500000000,-30.541859413735,51.857293111069,2.174843584937,1.643137787380,0.000000000000,0.000000000000
R1G05_ema_24_96,ema_trend_cross,92af46625daeefb2b32386c92ba5be44fbd620b6e4c1a44b9893b32457b345e5,32,-1,65,0.400000000000,-6.499230769231,-7.121800742189,-462.917048242256,-9.366940688104,-608.851144726733,-7.499999999999,33.556923076923,-30.328461538462,20.349999999999,-21.350000000001,12.153846153846,17.600000000000,-67.656457411249,62.877948885536,0.611145928996,0.525888352734,0.000000000000,0.000000000000
R1G05_ema_24_96,ema_trend_cross,92af46625daeefb2b32386c92ba5be44fbd620b6e4c1a44b9893b32457b345e5,32,1,63,0.619047619048,10.485714285714,9.913049151355,624.522096535396,7.767718882638,489.366289606188,5.881473869643,26.189682539683,-19.544444444445,19.499999999999,-15.400000000000,17.634920634921,12.841269841270,-31.994091856804,63.435332562175,2.889302107895,2.271447619098,0.000000000000,0.000000000000
R1G05_ema_24_96,ema_trend_cross,92af46625daeefb2b32386c92ba5be44fbd620b6e4c1a44b9893b32457b345e5,48,-1,63,0.396825396825,-5.769047619048,-6.391784361133,-402.682414751392,-8.637257845304,-544.147244254170,-10.480139282953,37.700793650794,-35.685714285715,20.900000000000,-21.700000000004,20.761904761905,25.952380952381,-84.052020888907,72.511932692306,0.713154662417,0.635496096549,0.000000000000,0.000000000000
R1G05_ema_24_96,ema_trend_cross,92af46625daeefb2b32386c92ba5be44fbd620b6e4c1a44b9893b32457b345e5,48,1,63,0.698412698413,15.664285714286,15.091620579927,950.772096535414,12.946290311210,815.616289606207,9.502178899082,35.447619047619,-25.831746031746,27.400000000000,-21.599999999998,31.126984126984,20.031746031746,-38.373499166203,68.251148062465,3.219664600350,2.729639478959,0.000000000000,0.000000000000
R1H01_ramom_8_16_z1,volatility_adjusted_momentum,5fd7019358087c11be8ae82568f5e5bc6aef20098306ba2f7f9c0eaedc2911bd,1,-1,234,0.401709401709,0.728846153846,0.102549734198,23.996637802233,-2.150043105099,-503.110086593226,-1.276234899264,7.694658119658,-6.563888888889,4.025000000000,-4.850000000000,0.965811965812,0.987179487179,-14.888375095352,14.992080283006,1.027629788001,0.586380766925,0.000000000000,0.000000000000
R1H01_ramom_8_16_z1,volatility_adjusted_momentum,5fd7019358087c11be8ae82568f5e5bc6aef20098306ba2f7f9c0eaedc2911bd,1,1,342,0.450292397661,0.224853801170,-0.382389509420,-130.777212221644,-2.596876130599,-888.131636664916,-0.551148148148,5.662719298246,-5.316959064328,3.250000000000,-3.675000000001,0.982456140351,0.979532163743,-10.018586952321,10.825865359268,0.862732442276,0.384335039278,0.000000000000,0.000000000000
R1H01_ramom_8_16_z1,volatility_adjusted_momentum,5fd7019358087c11be8ae82568f5e5bc6aef20098306ba2f7f9c0eaedc2911bd,2,-1,234,0.435897435897,0.051495726496,-0.574800693153,-134.503362197770,-2.827393532450,-661.610086593230,-1.634285244395,10.829487179487,-9.397222222222,5.950000000000,-7.249999999999,1.427350427350,1.521367521368,-19.588102798626,20.356032324306,0.890482284589,0.572750917556,0.000000000000,0.000000000000
R1H01_ramom_8_16_z1,volatility_adjusted_momentum,5fd7019358087c11be8ae82568f5e5bc6aef20098306ba2f7f9c0eaedc2911bd,2,1,342,0.482456140351,0.467690058479,-0.139553252110,-47.727212221672,-2.354039873289,-805.081636664944,-0.344734641790,7.532309941520,-7.230994152047,4.699999999998,-4.775000000001,1.432748538012,1.418128654971,-15.351248979617,14.129951585179,0.959064266909,0.497127690579,0.000000000000,0.000000000000
R1H01_ramom_8_16_z1,volatility_adjusted_momentum,5fd7019358087c11be8ae82568f5e5bc6aef20098306ba2f7f9c0eaedc2911bd,3,-1,234,0.397435897436,0.003846153846,-0.622450265802,-145.653362197771,-2.875043105099,-672.760086593230,-2.781339347780,13.282692307692,-11.457264957265,7.625000000000,-9.299999999999,1.867521367521,2.012820512821,-26.678508253646,28.160612471605,0.908321160167,0.650235043238,0.000000000000,0.000000000000
R1H01_ramom_8_16_z1,volatility_adjusted_momentum,5fd7019358087c11be8ae82568f5e5bc6aef20098306ba2f7f9c0eaedc2911bd,3,1,342,0.511695906433,0.615350877193,0.008107566603,2.772787778327,-2.206379054576,-754.581636664945,0.225000000000,9.114035087719,-9.611549707602,6.199999999998,-6.125000000000,1.950292397661,1.877192982456,-18.439097007276,17.397518203947,1.001951986086,0.590166216532,0.000000000000,0.000000000000
R1H01_ramom_8_16_z1,volatility_adjusted_momentum,5fd7019358087c11be8ae82568f5e5bc6aef20098306ba2f7f9c0eaedc2911bd,4,-1,234,0.376068376068,-0.922863247863,-1.549159667512,-362.503362197745,-3.801752506809,-889.610086593204,-3.528285420944,14.567307692307,-13.041239316239,8.475000000000,-10.175000000000,2.205128205128,2.512820512821,-29.497985852701,30.003680817512,0.798461225570,0.584427558128,0.000000000000,0.000000000000
R1H01_ramom_8_16_z1,volatility_adjusted_momentum,5fd7019358087c11be8ae82568f5e5bc6aef20098306ba2f7f9c0eaedc2911bd,4,1,342,0.529239766082,1.625877192983,1.018633882393,348.372787778386,-1.195852738786,-408.981636664886,0.580148038532,10.538011695906,-10.426169590643,6.900000000000,-6.850000000000,2.459064327485,2.260233918129,-17.823563218390,21.361251220436,1.245474954712,0.775677264488,0.000000000000,0.000000000000
R1H01_ramom_8_16_z1,volatility_adjusted_momentum,5fd7019358087c11be8ae82568f5e5bc6aef20098306ba2f7f9c0eaedc2911bd,6,-1,234,0.363247863248,-2.793803418804,-3.420099838452,-800.303362197780,-5.672692677749,-1327.410086593240,-3.925000000001,16.627350427350,-16.118589743590,9.150000000001,-11.450000000001,2.833333333333,3.666666666667,-39.794715718707,35.400658248848,0.653380562919,0.501531631424,0.000000000000,0.000000000000
R1H01_ramom_8_16_z1,volatility_adjusted_momentum,5fd7019358087c11be8ae82568f5e5bc6aef20098306ba2f7f9c0eaedc2911bd,6,1,342,0.511695906433,1.659064327485,1.051821016896,359.722787778351,-1.162665604283,-397.631636664921,0.423978599221,12.354532163743,-12.146783625731,8.200000000001,-8.125000000001,3.383040935673,3.032163742690,-22.930244598634,30.287250734540,1.205915667045,0.814855677233,0.000000000000,0.000000000000
R1H01_ramom_8_16_z1,volatility_adjusted_momentum,5fd7019358087c11be8ae82568f5e5bc6aef20098306ba2f7f9c0eaedc2911bd,8,-1,234,0.346153846154,-3.526709401710,-4.153005821358,-971.803362197795,-6.405598660655,-1498.910086593254,-5.322739555024,19.091025641025,-18.788247863248,9.949999999996,-13.650000000000,3.427350427350,4.935897435897,-45.891499484288,32.529279844627,0.649664352092,0.520976395907,0.000000000000,0.000000000000
R1H01_ramom_8_16_z1,volatility_adjusted_momentum,5fd7019358087c11be8ae82568f5e5bc6aef20098306ba2f7f9c0eaedc2911bd,8,1,342,0.482456140351,1.080847953216,0.473604642627,161.972787778348,-1.740881978552,-595.381636664923,-0.286548536395,13.850730994152,-14.050146198831,9.825000000001,-9.575000000001,4.216374269006,3.935672514620,-25.897740799639,31.132712768387,1.076677355232,0.764176872372,0.000000000000,0.000000000000
R1H01_ramom_8_16_z1,volatility_adjusted_momentum,5fd7019358087c11be8ae82568f5e5bc6aef20098306ba2f7f9c0eaedc2911bd,12,-1,234,0.410256410256,-4.642307692308,-5.268604111956,-1232.853362197761,-7.521196951253,-1759.960086593220,-6.375000000000,21.894230769230,-22.907478632479,11.524999999999,-15.225000000001,4.991452991453,6.675213675214,-55.038716468454,44.208120618951,0.639135325532,0.529718893906,0.000000000000,0.000000000000
R1H01_ramom_8_16_z1,volatility_adjusted_momentum,5fd7019358087c11be8ae82568f5e5bc6aef20098306ba2f7f9c0eaedc2911bd,12,1,341,0.498533724340,1.285630498534,0.682542404586,232.746959963787,-1.523633783310,-519.559120108624,-0.059797101449,16.764809384164,-17.273753665689,11.500000000001,-11.150000000004,6.240469208211,5.777126099707,-28.417549570881,37.642182410424,1.092311602617,0.822164058639,0.000000000000,0.000000000000
R1H01_ramom_8_16_z1,volatility_adjusted_momentum,5fd7019358087c11be8ae82568f5e5bc6aef20098306ba2f7f9c0eaedc2911bd,16,-1,234,0.397435897436,-5.224572649573,-5.850869069221,-1369.103362197771,-8.103461908518,-1896.210086593230,-8.165960038987,24.734615384615,-25.393162393163,13.700000000003,-16.550000000001,6.538461538462,8.500000000000,-54.448731561694,50.951809305455,0.634916813810,0.535342963654,0.000000000000,0.000000000000
R1H01_ramom_8_16_z1,volatility_adjusted_momentum,5fd7019358087c11be8ae82568f5e5bc6aef20098306ba2f7f9c0eaedc2911bd,16,1,340,0.517647058824,2.374852941176,1.778676090298,604.749870701170,-0.413677611460,-140.650387896467,0.908581773145,20.139705882353,-20.396323529412,14.750000000001,-12.500000000000,8.217647058824,7.744117647059,-32.862837701181,44.516406146730,1.212360598414,0.956419669331,0.000000000000,0.000000000000
R1H01_ramom_8_16_z1,volatility_adjusted_momentum,5fd7019358087c11be8ae82568f5e5bc6aef20098306ba2f7f9c0eaedc2911bd,24,-1,234,0.384615384615,-6.555982905983,-7.182279325632,-1680.653362197782,-9.434872164928,-2207.760086593241,-8.758621544080,29.863034188034,-30.389316239317,17.425000000001,-21.200000000002,9.350427350427,12.675213675214,-61.864144543950,63.272877971178,0.618113735681,0.533718685307,0.000000000000,0.000000000000
R1H01_ramom_8_16_z1,volatility_adjusted_momentum,5fd7019358087c11be8ae82568f5e5bc6aef20098306ba2f7f9c0eaedc2911bd,24,1,336,0.550595238095,3.917559523809,3.320258050214,1115.606704872000,1.125655103024,378.220114616071,2.795163260665,26.157291666667,-25.454761904762,18.950000000000,-15.675000000000,13.086309523810,11.303571428571,-48.500000000002,59.236552797666,1.305242567071,1.094442317221,0.000000000000,0.000000000000
R1H01_ramom_8_16_z1,volatility_adjusted_momentum,5fd7019358087c11be8ae82568f5e5bc6aef20098306ba2f7f9c0eaedc2911bd,32,-1,230,0.400000000000,-3.570869565218,-4.182700354475,-962.021081529257,-6.406361932990,-1473.463244587613,-6.800000000000,36.853913043478,-34.609565217392,20.775000000000,-24.600000000001,13.326086956522,16.960869565217,-69.217003629126,90.680344862054,0.794108987014,0.704116669455,0.000000000000,0.000000000000
R1H01_ramom_8_16_z1,volatility_adjusted_momentum,5fd7019358087c11be8ae82568f5e5bc6aef20098306ba2f7f9c0eaedc2911bd,32,1,335,0.600000000000,4.948805970149,4.351350613457,1457.702455508176,2.156439900073,722.407366524512,7.130925778133,31.029253731343,-30.989253731343,22.000000000003,-18.200000000002,17.886567164179,14.910447761194,-64.262728093949,67.721409509707,1.326267936744,1.151275736703,0.000000000000,0.000000000000
R1H01_ramom_8_16_z1,volatility_adjusted_momentum,5fd7019358087c11be8ae82568f5e5bc6aef20098306ba2f7f9c0eaedc2911bd,48,-1,225,0.408888888889,-5.402444444445,-6.014481455671,-1353.258327525898,-8.238555478123,-1853.674982577583,-10.370436817470,43.120000000000,-40.054444444445,26.400000000001,-28.250000000003,19.342222222222,24.760000000000,-88.175536302625,92.997195588084,0.747580326746,0.672587825480,0.000000000000,0.000000000000
R1H01_ramom_8_16_z1,volatility_adjusted_momentum,5fd7019358087c11be8ae82568f5e5bc6aef20098306ba2f7f9c0eaedc2911bd,48,1,334,0.559880239521,8.669161676647,8.071833593471,2695.992420219196,5.877177427119,1962.977260657675,7.600490047243,39.730239520958,-37.433682634731,29.000000000001,-21.925000000002,26.197604790419,20.733532934132,-64.727894246244,90.018593590383,1.558263275478,1.380199022357,0.000000000000,0.000000000000
R1H02_ramom_16_32_z1,volatility_adjusted_momentum,8287c5868ddf07a36342867ccdbd2fa54d485377167bc8e2a4d3ff6556324813,1,-1,177,0.457627118644,-0.826836158192,-1.468905835772,-259.996332931574,-3.753045190931,-664.288998794793,-0.745764154961,7.391242937853,-7.339265536723,4.699999999997,-4.700000000003,0.971751412429,0.977401129944,-16.579896800825,13.684453453845,0.655709582930,0.343725439275,0.000000000000,0.000000000000
R1H02_ramom_16_32_z1,volatility_adjusted_momentum,8287c5868ddf07a36342867ccdbd2fa54d485377167bc8e2a4d3ff6556324813,1,1,269,0.442379182156,0.243308550186,-0.344645551702,-92.709653407828,-2.520553755478,-678.028960223480,-1.015617433415,5.028996282528,-4.894423791822,3.600000000000,-3.400000000002,0.970260223048,0.970260223048,-9.821138287865,11.274448454912,0.862534707930,0.356632203783,0.000000000000,0.000000000000
R1H02_ramom_16_32_z1,volatility_adjusted_momentum,8287c5868ddf07a36342867ccdbd2fa54d485377167bc8e2a4d3ff6556324813,2,-1,177,0.451977401130,-0.810169491525,-1.452239169105,-257.046332931595,-3.736378524264,-661.338998794814,-1.349999999997,10.989265536723,-10.238135593220,6.850000000000,-6.750000000000,1.412429378531,1.531073446328,-19.898219507522,20.874960173777,0.743094457614,0.470600629529,0.000000000000,0.000000000000
R1H02_ramom_16_32_z1,volatility_adjusted_momentum,8287c5868ddf07a36342867ccdbd2fa54d485377167bc8e2a4d3ff6556324813,2,1,269,0.446096654275,0.821189591078,0.233235489190,62.740346592200,-1.942672714585,-522.578960223452,-0.769460343420,7.690706319703,-7.120446096654,4.500000000002,-4.750000000001,1.423791821561,1.472118959108,-13.099313323885,17.334180057155,1.069733694334,0.588192168912,0.000000000000,0.000000000000
R1H02_ramom_16_32_z1,volatility_adjusted_momentum,8287c5868ddf07a36342867ccdbd2fa54d485377167bc8e2a4d3ff6556324813,3,-1,177,0.457627118644,-1.601412429378,-2.243482106958,-397.096332931583,-4.527621462118,-801.388998794802,-1.424843096230,13.299717514124,-12.641807909604,8.500000000001,-8.050000000003,1.937853107345,2.000000000000,-27.312793997086,28.168251191753,0.712662710682,0.505409233993,0.000000000000,0.000000000000
R1H02_ramom_16_32_z1,volatility_adjusted_momentum,8287c5868ddf07a36342867ccdbd2fa54d485377167bc8e2a4d3ff6556324813,3,1,269,0.472118959108,0.918587360595,0.330633258707,88.940346592180,-1.845274945069,-496.378960223472,-0.532092660074,9.240892193308,-8.871561338290,5.500000000001,-5.899999999997,1.955390334572,1.910780669145,-17.678308643422,18.436050243152,1.080261964236,0.656157052992,0.000000000000,0.000000000000
R1H02_ramom_16_32_z1,volatility_adjusted_momentum,8287c5868ddf07a36342867ccdbd2fa54d485377167bc8e2a4d3ff6556324813,4,-1,177,0.406779661017,-2.745480225989,-3.387549903568,-599.596332931624,-5.671689258728,-1003.888998794843,-3.463112817481,14.787005649718,-14.466101694915,9.300000000002,-9.149999999997,2.322033898305,2.548022598870,-34.489999999999,32.696913953612,0.641509779689,0.479466376229,0.000000000000,0.000000000000
R1H02_ramom_16_32_z1,volatility_adjusted_momentum,8287c5868ddf07a36342867ccdbd2fa54d485377167bc8e2a4d3ff6556324813,4,1,269,0.498141263941,1.304832713755,0.716878611867,192.840346592193,-1.459029591909,-392.478960223459,-0.150000000000,10.955947955390,-10.476394052045,6.900000000002,-7.100000000003,2.457249070632,2.401486988848,-21.158222820513,23.256032367048,1.150532280316,0.755058870959,0.000000000000,0.000000000000
R1H02_ramom_16_32_z1,volatility_adjusted_momentum,8287c5868ddf07a36342867ccdbd2fa54d485377167bc8e2a4d3ff6556324813,6,-1,177,0.367231638418,-2.423446327684,-3.065516005263,-542.596332931604,-5.349655360423,-946.888998794824,-4.250000000002,18.679661016949,-18.048305084746,11.149999999998,-10.749999999999,2.983050847458,3.717514124294,-42.593818181820,46.761226859988,0.722656631462,0.574823854463,0.000000000000,0.000000000000
R1H02_ramom_16_32_z1,volatility_adjusted_momentum,8287c5868ddf07a36342867ccdbd2fa54d485377167bc8e2a4d3ff6556324813,6,1,269,0.472118959108,0.824907063197,0.236952961309,63.740346592219,-1.938955242466,-521.578960223433,-0.500000000000,13.027323420074,-13.688475836431,8.400000000000,-8.300000000003,3.334572490706,3.204460966543,-28.539478710703,25.907833047457,1.039308939208,0.732799657084,0.000000000000,0.000000000000
R1H02_ramom_16_32_z1,volatility_adjusted_momentum,8287c5868ddf07a36342867ccdbd2fa54d485377167bc8e2a4d3ff6556324813,8,-1,177,0.406779661017,-1.516666666667,-2.158736344246,-382.096332931619,-4.442875699406,-786.388998794839,-4.499999999999,21.870621468927,-20.444067796610,12.000000000000,-12.349999999998,3.751412429379,4.943502824859,-41.527527352296,54.762083201976,0.813339222412,0.658421272196,0.000000000000,0.000000000000
R1H02_ramom_16_32_z1,volatility_adjusted_momentum,8287c5868ddf07a36342867ccdbd2fa54d485377167bc8e2a4d3ff6556324813,8,1,269,0.498141263941,1.294795539034,0.706841437146,190.140346592208,-1.469066766630,-395.178960223444,-0.004483541428,14.244237918216,-15.105762081784,9.199999999998,-9.450000000001,4.223048327138,4.100371747212,-27.541857220286,31.500538906517,1.111303143395,0.804427804744,0.000000000000,0.000000000000
R1H02_ramom_16_32_z1,volatility_adjusted_momentum,8287c5868ddf07a36342867ccdbd2fa54d485377167bc8e2a4d3ff6556324813,12,-1,177,0.395480225989,-1.904519774011,-2.546589451591,-450.746332931608,-4.830728806750,-855.038998794827,-5.173065348239,26.030508474576,-23.394067796610,14.049999999997,-16.299999999998,5.129943502825,7.056497175141,-50.860424548557,55.412251471244,0.805043199051,0.666437357051,0.000000000000,0.000000000000
R1H02_ramom_16_32_z1,volatility_adjusted_momentum,8287c5868ddf07a36342867ccdbd2fa54d485377167bc8e2a4d3ff6556324813,12,1,268,0.492537313433,2.358395522388,1.775800443200,475.914518777571,-0.389389715176,-104.356443667220,-0.085313980993,18.091604477612,-18.191231343284,11.349999999999,-12.824999999998,6.115671641791,5.966417910448,-30.193159722221,39.049486709226,1.244726825085,0.953800623513,0.000000000000,0.000000000000
R1H02_ramom_16_32_z1,volatility_adjusted_momentum,8287c5868ddf07a36342867ccdbd2fa54d485377167bc8e2a4d3ff6556324813,16,-1,177,0.440677966102,-0.125988700565,-0.768058378145,-135.946332931631,-3.052197733304,-540.238998794850,-4.669444444444,29.066949152542,-25.050564971751,17.099999999999,-18.400000000003,6.881355932203,8.559322033898,-51.671239044563,61.869852395754,0.942634759983,0.793214171587,0.000000000000,0.000000000000
R1H02_ramom_16_32_z1,volatility_adjusted_momentum,8287c5868ddf07a36342867ccdbd2fa54d485377167bc8e2a4d3ff6556324813,16,1,266,0.545112781955,3.364285714286,2.781069619465,739.764518777591,0.614637429823,163.493556332800,1.744232804232,21.340977443609,-21.496240601504,14.274999999998,-14.700000000001,7.954887218045,7.624060150376,-30.029353769357,46.653591575969,1.331740434758,1.065212506330,0.000000000000,0.000000000000
R1H02_ramom_16_32_z1,volatility_adjusted_momentum,8287c5868ddf07a36342867ccdbd2fa54d485377167bc8e2a4d3ff6556324813,24,-1,176,0.397727272727,-1.851136363636,-2.485832360984,-437.506495533231,-4.755224355680,-836.919486599703,-9.021520706661,35.721590909091,-30.257102272727,20.475000000002,-23.299999999998,10.295454545455,13.085227272727,-58.462262588065,72.298904087017,0.857634162355,0.747719104334,0.000000000000,0.000000000000
R1H02_ramom_16_32_z1,volatility_adjusted_momentum,8287c5868ddf07a36342867ccdbd2fa54d485377167bc8e2a4d3ff6556324813,24,1,265,0.600000000000,4.676603773585,4.093081925443,1084.666710242446,1.926038229160,510.400130727297,3.461552238806,26.663396226415,-27.168679245283,17.550000000000,-16.649999999998,12.735849056604,10.652830188679,-57.133413301537,59.334905559775,1.394398612574,1.170348418798,0.000000000000,0.000000000000
R1H02_ramom_16_32_z1,volatility_adjusted_momentum,8287c5868ddf07a36342867ccdbd2fa54d485377167bc8e2a4d3ff6556324813,32,-1,175,0.400000000000,-1.112857142857,-1.745443804263,-305.452665746015,-4.010617127074,-701.857997238017,-9.073065348238,42.286000000000,-35.245714285714,22.200000000001,-26.599999999996,13.068571428571,16.194285714286,-78.311819313949,94.258137876384,0.916010033782,0.819457668579,0.000000000000,0.000000000000
R1H02_ramom_16_32_z1,volatility_adjusted_momentum,8287c5868ddf07a36342867ccdbd2fa54d485377167bc8e2a4d3ff6556324813,32,1,265,0.611320754717,8.735471698113,8.151949849971,2160.266710242434,5.984906153688,1586.000130727285,7.699999999999,32.570188679245,-30.810377358491,21.899999999999,-20.250000000004,17.966037735849,13.807547169811,-50.539457639087,63.374520327877,1.798056022193,1.538911184276,0.000000000000,0.000000000000
R1H02_ramom_16_32_z1,volatility_adjusted_momentum,8287c5868ddf07a36342867ccdbd2fa54d485377167bc8e2a4d3ff6556324813,48,-1,170,0.411764705882,2.681176470588,2.049857828660,348.475830872123,-0.212779455198,-36.172507383629,-9.053358020456,50.462058823530,-39.890294117647,25.975000000003,-31.200000000001,20.947058823529,23.111764705882,-88.671369249628,135.442452193476,1.088778404553,0.991289948749,0.000000000000,0.000000000000
R1H02_ramom_16_32_z1,volatility_adjusted_momentum,8287c5868ddf07a36342867ccdbd2fa54d485377167bc8e2a4d3ff6556324813,48,1,262,0.606870229008,10.600763358779,10.016685195423,2624.371521200824,7.848528868711,2056.314563602364,7.518111163448,41.991030534351,-37.324045801527,31.725000000000,-24.825000000001,27.236641221374,20.362595419847,-67.862678622466,93.200567062318,1.750882716372,1.551947304210,0.000000000000,0.000000000000
R1H03_ramom_24_48_z1,volatility_adjusted_momentum,5f21c03621e75e6084e034393aa5f39de8302953c3c91f7a284a053370407919,1,-1,116,0.396551724138,-1.340517241379,-1.952954719739,-226.542747489724,-4.177829676458,-484.628242469164,-2.070578851412,7.750431034483,-7.906465517242,4.575000000001,-5.350000000004,1.000000000000,0.965517241379,-14.094374587108,16.871754425782,0.593931111936,0.337173953671,0.000000000000,0.000000000000
R1H03_ramom_24_48_z1,volatility_adjusted_momentum,5f21c03621e75e6084e034393aa5f39de8302953c3c91f7a284a053370407919,1,1,210,0.419047619048,-0.343095238096,-0.934418443784,-196.227873194710,-3.117064855162,-654.583619583917,-1.073749503771,4.874285714285,-5.780238095238,3.099999999998,-3.624999999998,0.980952380952,0.980952380952,-10.907211630131,10.549449947828,0.717022626499,0.344826951522,0.000000000000,0.000000000000
R1H03_ramom_24_48_z1,volatility_adjusted_momentum,5f21c03621e75e6084e034393aa5f39de8302953c3c91f7a284a053370407919,2,-1,116,0.396551724138,-2.877586206896,-3.490023685256,-404.842747489714,-5.714898641975,-662.928242469154,-2.879551687983,10.725862068965,-11.451724137931,7.075000000002,-8.100000000000,1.413793103448,1.543103448276,-26.091915928066,27.024203864996,0.527481240135,0.353870170581,0.000000000000,0.000000000000
R1H03_ramom_24_48_z1,volatility_adjusted_momentum,5f21c03621e75e6084e034393aa5f39de8302953c3c91f7a284a053370407919,2,1,210,0.485714285714,1.222380952381,0.631057746692,132.522126805315,-1.551588664685,-325.833619583892,-0.241288461784,8.000238095238,-7.707380952381,4.400000000001,-4.400000000000,1.452380952381,1.419047619048,-13.671358667361,17.025806646592,1.196183924570,0.656024127430,0.000000000000,0.000000000000
R1H03_ramom_24_48_z1,volatility_adjusted_momentum,5f21c03621e75e6084e034393aa5f39de8302953c3c91f7a284a053370407919,3,-1,116,0.370689655172,-3.521982758621,-4.134420236980,-479.592747489714,-6.359295193700,-737.678242469154,-3.200208570347,12.547844827586,-13.932327586207,8.150000000002,-10.250000000001,1.775862068966,2.103448275862,-33.494997499613,28.231684635320,0.551637739528,0.404575635547,0.000000000000,0.000000000000
R1H03_ramom_24_48_z1,volatility_adjusted_momentum,5f21c03621e75e6084e034393aa5f39de8302953c3c91f7a284a053370407919,3,1,210,0.423809523810,0.979761904762,0.388438699073,81.572126805329,-1.794207712304,-376.783619583878,-1.405504567857,9.625238095238,-9.368809523810,5.549999999999,-6.224999999998,1.923809523810,1.904761904762,-15.958745499831,20.711407499013,1.086375787269,0.690821903830,0.000000000000,0.000000000000
R1H03_ramom_24_48_z1,volatility_adjusted_momentum,5f21c03621e75e6084e034393aa5f39de8302953c3c91f7a284a053370407919,4,-1,116,0.379310344828,-3.274568965517,-3.887006443877,-450.892747489742,-6.111881400596,-708.978242469182,-4.791236979301,13.944396551724,-15.768534482759,8.575000000002,-11.175000000000,2.129310344828,2.620689655172,-33.600459494263,32.699898918700,0.615825487706,0.470603929571,0.000000000000,0.000000000000
R1H03_ramom_24_48_z1,volatility_adjusted_momentum,5f21c03621e75e6084e034393aa5f39de8302953c3c91f7a284a053370407919,4,1,210,0.457142857143,1.522142857143,0.930819651454,195.472126805344,-1.251826759923,-262.883619583863,-1.075000000001,10.853333333333,-10.665476190476,6.349999999999,-7.550000000002,2.400000000000,2.471428571429,-19.140965618142,23.499945967488,1.196326955395,0.790304513033,0.000000000000,0.000000000000
R1H03_ramom_24_48_z1,volatility_adjusted_momentum,5f21c03621e75e6084e034393aa5f39de8302953c3c91f7a284a053370407919,6,-1,116,0.336206896552,-3.981034482759,-4.593471961118,-532.842747489722,-6.818346917838,-790.928242469163,-6.322587511825,16.516810344827,-18.049568965517,11.324999999999,-13.675000000002,2.939655172414,3.732758620690,-41.612876789752,39.167459514170,0.597501805481,0.473569366979,0.000000000000,0.000000000000
R1H03_ramom_24_48_z1,volatility_adjusted_momentum,5f21c03621e75e6084e034393aa5f39de8302953c3c91f7a284a053370407919,6,1,209,0.459330143541,1.542583732057,0.951356776419,198.833566271505,-1.231097134858,-257.299301185385,-0.571257172666,12.775837320574,-13.453827751196,7.449999999997,-9.050000000002,3.253588516746,3.224880382775,-23.785542330273,29.638292525716,1.168568734058,0.821987363631,0.000000000000,0.000000000000
R1H03_ramom_24_48_z1,volatility_adjusted_momentum,5f21c03621e75e6084e034393aa5f39de8302953c3c91f7a284a053370407919,8,-1,116,0.336206896552,-3.265948275862,-3.878385754222,-449.892747489731,-6.103260710941,-707.978242469172,-7.581598928452,20.142672413793,-20.423706896552,11.949999999997,-15.199999999999,3.646551724138,4.948275862069,-40.012962387280,42.887116092150,0.696989640532,0.574647077412,0.000000000000,0.000000000000
R1H03_ramom_24_48_z1,volatility_adjusted_momentum,5f21c03621e75e6084e034393aa5f39de8302953c3c91f7a284a053370407919,8,1,209,0.459330143541,1.140909090909,0.549682135270,114.883566271492,-1.632771776007,-341.249301185398,-1.852661290321,14.107177033493,-15.298564593302,8.400000000000,-10.200000000000,4.028708133971,4.267942583732,-26.696135470670,36.820322232374,1.081742935984,0.795297749913,0.000000000000,0.000000000000
R1H03_ramom_24_48_z1,volatility_adjusted_momentum,5f21c03621e75e6084e034393aa5f39de8302953c3c91f7a284a053370407919,12,-1,116,0.379310344828,-3.968534482759,-4.580971961118,-531.392747489731,-6.805846917838,-789.478242469171,-7.425000000001,24.968965517241,-23.760775862069,13.249999999999,-19.374999999999,4.948275862069,6.784482758621,-55.720954880618,58.364078344745,0.704621141353,0.597957751318,0.000000000000,0.000000000000
R1H03_ramom_24_48_z1,volatility_adjusted_momentum,5f21c03621e75e6084e034393aa5f39de8302953c3c91f7a284a053370407919,12,1,208,0.475961538462,2.444711538461,1.861973151859,387.290415586587,-0.303503621347,-63.128753240168,-1.349893335114,17.779326923077,-18.510817307693,10.349999999997,-13.900000000000,6.052884615385,6.403846153846,-27.017010550336,44.049955599432,1.270654023120,0.962320210951,0.000000000000,0.000000000000
R1H03_ramom_24_48_z1,volatility_adjusted_momentum,5f21c03621e75e6084e034393aa5f39de8302953c3c91f7a284a053370407919,16,-1,116,0.387931034483,-5.356896551724,-5.969334030084,-692.442747489726,-8.194208986803,-950.528242469166,-10.890539022713,27.164655172414,-26.639655172414,13.925000000000,-20.700000000001,6.284482758621,8.543103448276,-59.463554589775,50.550434434943,0.660600131194,0.568712692255,0.000000000000,0.000000000000
R1H03_ramom_24_48_z1,volatility_adjusted_momentum,5f21c03621e75e6084e034393aa5f39de8302953c3c91f7a284a053370407919,16,1,208,0.524038461538,2.665625000000,2.082886613397,433.240415586580,-0.082590159809,-17.178753240174,0.465753424656,20.664663461538,-22.731250000000,11.399999999998,-16.675000000001,7.937500000000,8.129807692308,-31.313530450133,47.611176506927,1.241805954142,0.991508025078,0.000000000000,0.000000000000
R1H03_ramom_24_48_z1,volatility_adjusted_momentum,5f21c03621e75e6084e034393aa5f39de8302953c3c91f7a284a053370407919,24,-1,116,0.327586206897,-7.208189655172,-7.820627133532,-907.192747489726,-10.045502090251,-1165.278242469167,-13.590322438417,36.802586206896,-34.739224137931,16.225000000000,-26.624999999997,9.318965517241,13.862068965517,-85.019325599965,92.179673328854,0.668540129903,0.600046562995,0.000000000000,0.000000000000
R1H03_ramom_24_48_z1,volatility_adjusted_momentum,5f21c03621e75e6084e034393aa5f39de8302953c3c91f7a284a053370407919,24,1,208,0.524038461538,5.720432692307,5.137694305705,1068.640415586581,2.972217532499,618.221246759827,1.017467079783,26.293509615384,-27.594230769231,16.824999999999,-20.000000000000,12.418269230769,10.937500000000,-41.502141285078,64.011507197544,1.532163403838,1.277082355914,0.000000000000,0.000000000000
R1H03_ramom_24_48_z1,volatility_adjusted_momentum,5f21c03621e75e6084e034393aa5f39de8302953c3c91f7a284a053370407919,32,-1,115,0.400000000000,-3.146956521739,-3.759651783805,-432.359955137592,-5.985042307937,-688.279865412719,-12.450000000002,45.432173913043,-39.671304347826,20.099999999999,-31.400000000002,12.860869565217,17.295652173913,-84.307083017534,99.694590584822,0.847760773024,0.770352153351,0.000000000000,0.000000000000
R1H03_ramom_24_48_z1,volatility_adjusted_momentum,5f21c03621e75e6084e034393aa5f39de8302953c3c91f7a284a053370407919,32,1,208,0.581730769231,9.844951923077,9.262213536474,1926.540415586554,7.096736763268,1476.121246759799,6.792604015482,33.518750000000,-30.797596153846,20.775000000002,-21.300000000001,18.427884615385,13.822115384615,-47.717472315200,80.402180043730,1.874076506440,1.615026785167,0.000000000000,0.000000000000
R1H03_ramom_24_48_z1,volatility_adjusted_momentum,5f21c03621e75e6084e034393aa5f39de8302953c3c91f7a284a053370407919,48,-1,112,0.392857142857,-2.810267857143,-3.423543062078,-383.436822952732,-5.650093471948,-632.810468858189,-8.198376096133,52.362053571428,-44.492857142857,27.100000000000,-31.699999999999,20.437500000000,22.330357142857,-122.479152222776,127.670362440798,0.875691718894,0.804670581914,0.000000000000,0.000000000000
R1H03_ramom_24_48_z1,volatility_adjusted_momentum,5f21c03621e75e6084e034393aa5f39de8302953c3c91f7a284a053370407919,48,1,205,0.595121951220,13.520243902439,12.937604925580,2652.209009743983,10.772326971863,2208.327029231990,10.350215362527,44.317317073171,-37.517560975610,28.500000000003,-25.850000000003,27.409756097561,20.185365853659,-61.671085285035,98.994984366009,1.980982429568,1.765420051037,0.000000000000,0.000000000000
R1H04_ramom_32_64_z125,volatility_adjusted_momentum,72b1ce40434c8d8869a1546d72051fdd2224e81fc7124d7af2255067e11f89d6,1,-1,42,0.404761904762,-0.401190476191,-0.978086184256,-41.079619738751,-3.131877600386,-131.538859216231,-1.333422828624,8.592857142857,-9.723809523810,6.225000000001,-7.425000000002,1.000000000000,0.976190476190,-15.694531951643,18.053213808769,0.807821113517,0.515440790821,0.000000000000,0.000000000000
R1H04_ramom_32_64_z125,volatility_adjusted_momentum,72b1ce40434c8d8869a1546d72051fdd2224e81fc7124d7af2255067e11f89d6,1,1,105,0.333333333333,-1.065238095238,-1.634057892022,-171.576078662326,-3.771697485591,-396.028235987004,-2.101555209955,4.493809523810,-6.111904761904,2.700000000002,-4.500000000002,0.980952380952,0.971428571429,-10.983070818052,11.470606992109,0.540071760686,0.259593917911,0.000000000000,0.000000000000
R1H04_ramom_32_64_z125,volatility_adjusted_momentum,72b1ce40434c8d8869a1546d72051fdd2224e81fc7124d7af2255067e11f89d6,2,-1,42,0.452380952381,-0.023809523810,-0.600705231875,-25.229619738750,-2.754496648005,-115.688859216230,-2.689799678436,11.707142857143,-12.259523809524,6.675000000001,-10.499999999999,1.500000000000,1.428571428571,-22.657517119506,30.338221143682,0.906966603923,0.642467691008,0.000000000000,0.000000000000
R1H04_ramom_32_64_z125,volatility_adjusted_momentum,72b1ce40434c8d8869a1546d72051fdd2224e81fc7124d7af2255067e11f89d6,2,1,105,0.390476190476,-0.197619047619,-0.766438844403,-80.476078662306,-2.904078437971,-304.928235986984,-1.259682080924,6.176190476191,-8.005238095238,4.100000000000,-6.150000000000,1.371428571429,1.466666666667,-13.044777244688,13.429018088307,0.777712733651,0.409693541956,0.000000000000,0.000000000000
R1H04_ramom_32_64_z125,volatility_adjusted_momentum,72b1ce40434c8d8869a1546d72051fdd2224e81fc7124d7af2255067e11f89d6,3,-1,42,0.476190476190,2.234523809523,1.657628101458,69.620380261238,-0.496163314672,-20.838859216242,-3.380967789042,16.469047619047,-13.847619047619,12.125000000000,-10.800000000000,2.119047619048,1.857142857143,-26.341949050089,39.447588005153,1.211156884445,0.944976648319,0.000000000000,0.000000000000
R1H04_ramom_32_64_z125,volatility_adjusted_momentum,72b1ce40434c8d8869a1546d72051fdd2224e81fc7124d7af2255067e11f89d6,3,1,105,0.428571428571,0.485238095238,-0.083581701546,-8.776078662308,-2.221221295114,-233.228235986986,-1.150938967136,7.887619047619,-9.419999999999,5.600000000004,-7.299999999998,1.838095238095,2.057142857143,-14.631113490367,17.540895915680,0.978619265177,0.572930527066,0.000000000000,0.000000000000
R1H04_ramom_32_64_z125,volatility_adjusted_momentum,72b1ce40434c8d8869a1546d72051fdd2224e81fc7124d7af2255067e11f89d6,4,-1,42,0.476190476190,0.682142857142,0.105247149077,4.420380261233,-2.048544267053,-86.038859216247,-3.350000000001,18.560714285714,-15.933333333334,13.525000000001,-11.999999999999,2.428571428571,2.333333333333,-43.506834016395,41.956196974808,1.011129310162,0.807474909842,0.000000000000,0.000000000000
R1H04_ramom_32_64_z125,volatility_adjusted_momentum,72b1ce40434c8d8869a1546d72051fdd2224e81fc7124d7af2255067e11f89d6,4,1,105,0.495238095238,1.825238095238,1.256418298454,131.923921337696,-0.881221295114,-92.528235986982,-0.022602739725,9.061904761905,-10.468571428571,5.949999999999,-8.150000000001,2.419047619048,2.466666666667,-13.293448537788,19.683480231851,1.354642509369,0.814461503342,0.000000000000,0.000000000000
R1H04_ramom_32_64_z125,volatility_adjusted_momentum,72b1ce40434c8d8869a1546d72051fdd2224e81fc7124d7af2255067e11f89d6,6,-1,42,0.523809523810,4.359523809523,3.782628101458,158.870380261233,1.628836685327,68.411140783753,3.619023424045,23.495238095238,-18.028571428572,19.550000000001,-12.374999999999,3.166666666667,3.000000000000,-43.661834016396,44.688799871300,1.354703449009,1.138912946288,0.000000000000,0.000000000000
R1H04_ramom_32_64_z125,volatility_adjusted_momentum,72b1ce40434c8d8869a1546d72051fdd2224e81fc7124d7af2255067e11f89d6,6,1,105,0.561904761905,2.344285714286,1.775465917502,186.423921337712,-0.362173676066,-38.028235986966,1.248444790045,11.740000000000,-13.566666666666,7.849999999999,-9.800000000001,3.504761904762,3.342857142857,-15.706639379779,26.621251580080,1.393675042326,0.934893041707,0.000000000000,0.000000000000
R1H04_ramom_32_64_z125,volatility_adjusted_momentum,72b1ce40434c8d8869a1546d72051fdd2224e81fc7124d7af2255067e11f89d6,8,-1,42,0.547619047619,9.730952380952,9.154056672887,384.470380261233,7.000265256756,294.011140783753,5.502239229024,30.582142857142,-20.203571428572,21.550000000001,-13.775000000000,4.023809523810,3.952380952381,-44.515000000000,54.788878436975,1.836956466080,1.586319943357,0.000000000000,0.000000000000
R1H04_ramom_32_64_z125,volatility_adjusted_momentum,72b1ce40434c8d8869a1546d72051fdd2224e81fc7124d7af2255067e11f89d6,8,1,105,0.533333333333,3.492380952381,2.923561155597,306.973921337692,0.785921562029,82.521764013014,1.541519674358,13.841428571429,-14.858571428571,9.600000000000,-11.600000000001,4.609523809524,4.076190476190,-22.972493530461,33.528286722965,1.617981949695,1.136412631744,0.000000000000,0.000000000000
R1H04_ramom_32_64_z125,volatility_adjusted_momentum,72b1ce40434c8d8869a1546d72051fdd2224e81fc7124d7af2255067e11f89d6,12,-1,42,0.523809523810,10.101190476190,9.524294768125,400.020380261255,7.370503351995,309.561140783775,3.291813610969,41.215476190476,-21.323809523810,24.625000000002,-14.724999999997,5.595238095238,5.595238095238,-54.579774320685,66.874697554697,1.784413886449,1.559134031533,0.000000000000,0.000000000000
R1H04_ramom_32_64_z125,volatility_adjusted_momentum,72b1ce40434c8d8869a1546d72051fdd2224e81fc7124d7af2255067e11f89d6,12,1,105,0.542857142857,5.727142857143,5.158323060359,541.623921337692,3.020683466791,317.171764013014,2.327397260274,17.699047619048,-17.006190476190,11.150000000001,-13.399999999999,7.171428571429,5.723809523810,-21.997798894810,47.109077524760,1.958571997805,1.472822622963,0.000000000000,0.000000000000
R1H04_ramom_32_64_z125,volatility_adjusted_momentum,72b1ce40434c8d8869a1546d72051fdd2224e81fc7124d7af2255067e11f89d6,16,-1,42,0.571428571429,12.608333333333,12.031437625268,505.320380261258,9.877646209138,414.861140783778,10.895469506212,44.497619047619,-24.746428571429,28.775000000000,-15.300000000001,7.190476190476,6.452380952381,-54.317031951642,80.130000000001,1.884596544232,1.679730611803,0.000000000000,0.000000000000
R1H04_ramom_32_64_z125,volatility_adjusted_momentum,72b1ce40434c8d8869a1546d72051fdd2224e81fc7124d7af2255067e11f89d6,16,1,105,0.580952380952,7.974285714286,7.405465917502,777.573921337694,5.267826323933,553.121764013016,4.396636481245,22.707142857143,-18.827142857142,13.850000000002,-14.000000000004,9.161904761905,7.114285714286,-25.525166784730,46.165222755311,2.288458646594,1.787461134031,0.000000000000,0.000000000000
R1H04_ramom_32_64_z125,volatility_adjusted_momentum,72b1ce40434c8d8869a1546d72051fdd2224e81fc7124d7af2255067e11f89d6,24,-1,42,0.571428571429,4.490476190476,3.913580482411,164.370380261248,1.759789066280,73.911140783768,8.891813610969,52.498809523809,-30.182142857143,37.674999999999,-22.275000000002,11.809523809524,9.904761904762,-66.720491832510,66.549840773002,1.205482108273,1.087856920270,0.000000000000,0.000000000000
R1H04_ramom_32_64_z125,volatility_adjusted_momentum,72b1ce40434c8d8869a1546d72051fdd2224e81fc7124d7af2255067e11f89d6,24,1,105,0.580952380952,12.954761904762,12.385942107978,1300.523921337669,10.248302514409,1076.071764012991,6.577926587304,32.922380952381,-23.743809523809,20.800000000006,-18.700000000001,13.876190476190,10.228571428571,-26.903314606746,64.148880763359,2.739983293182,2.274878438951,0.000000000000,0.000000000000
R1H04_ramom_32_64_z125,volatility_adjusted_momentum,72b1ce40434c8d8869a1546d72051fdd2224e81fc7124d7af2255067e11f89d6,32,-1,42,0.547619047619,11.640476190476,11.063580482411,464.670380261241,8.909789066280,374.211140783761,4.314781591263,55.941666666666,-33.757142857143,37.674999999999,-22.275000000002,15.023809523810,12.309523809524,-66.062887340849,107.286015478423,1.588894188904,1.450548780859,0.000000000000,0.000000000000
R1H04_ramom_32_64_z125,volatility_adjusted_momentum,72b1ce40434c8d8869a1546d72051fdd2224e81fc7124d7af2255067e11f89d6,32,1,104,0.576923076923,14.174519230769,13.605215219963,1414.942382876126,11.466607198350,1192.527148628370,12.404833480287,41.212500000000,-27.760576923077,29.500000000000,-19.499999999999,18.451923076923,12.913461538462,-36.985215277777,87.363300784214,2.591542169793,2.212117757417,0.000000000000,0.000000000000
R1H04_ramom_32_64_z125,volatility_adjusted_momentum,72b1ce40434c8d8869a1546d72051fdd2224e81fc7124d7af2255067e11f89d6,48,-1,41,0.560975609756,9.952439024390,9.378330194246,384.511537964075,7.230112533957,296.434613892246,2.204478458052,62.187804878048,-36.050000000000,41.999999999999,-21.100000000001,22.268292682927,16.487804878049,-83.344453290870,113.106332082549,1.439694968474,1.323988096546,0.000000000000,0.000000000000
R1H04_ramom_32_64_z125,volatility_adjusted_momentum,72b1ce40434c8d8869a1546d72051fdd2224e81fc7124d7af2255067e11f89d6,48,1,103,0.543689320388,7.149514563107,6.579819998051,677.721459799245,4.440430867938,457.364379397644,6.359388275274,47.151941747573,-38.935436893204,35.200000000003,-24.350000000001,25.339805825243,19.427184466019,-55.271229156120,73.108329620295,1.402727687875,1.256203727241,0.000000000000,0.000000000000
R1H05_ramom_48_96_z125,volatility_adjusted_momentum,cc2455296b4036f3c4eee7eb5bf8078bf4bcc925533b6025d409929688188aa9,1,-1,41,0.487804878049,0.464634146341,-0.150040854257,-6.151675024551,-2.379390855455,-97.555025073638,-0.502974628171,10.667073170732,-7.546341463415,10.499999999999,-5.549999999999,0.975609756098,1.000000000000,-17.721007566704,18.150926705979,0.969674667709,0.614553468149,0.000000000000,0.000000000000
R1H05_ramom_48_96_z125,volatility_adjusted_momentum,cc2455296b4036f3c4eee7eb5bf8078bf4bcc925533b6025d409929688188aa9,1,1,84,0.452380952381,-0.529166666667,-1.112418605431,-93.443162856173,-3.278922482959,-275.429488568535,-0.848388823298,4.648214285714,-5.940476190476,3.050000000000,-3.824999999998,0.976190476190,0.940476190476,-10.261508374365,12.335082900675,0.666492569902,0.305725853374,0.000000000000,0.000000000000
R1H05_ramom_48_96_z125,volatility_adjusted_momentum,cc2455296b4036f3c4eee7eb5bf8078bf4bcc925533b6025d409929688188aa9,2,-1,41,0.487804878049,0.070731707317,-0.543943293281,-22.301675024541,-2.773293294479,-113.705025073628,-1.468165168163,13.878048780488,-12.480487804878,13.849999999999,-6.300000000002,1.365853658537,1.439024390244,-29.850000000002,27.436073200992,0.923838547560,0.664945813390,0.000000000000,0.000000000000
R1H05_ramom_48_96_z125,volatility_adjusted_momentum,cc2455296b4036f3c4eee7eb5bf8078bf4bcc925533b6025d409929688188aa9,2,1,84,0.500000000000,0.157142857143,-0.426109081621,-35.793162856186,-2.592612959149,-217.779488568549,-0.072606130802,7.051190476190,-8.023214285714,4.250000000003,-5.225000000002,1.440476190476,1.357142857143,-12.815291587539,13.368143094446,0.857551385944,0.404036067275,0.000000000000,0.000000000000
R1H05_ramom_48_96_z125,volatility_adjusted_momentum,cc2455296b4036f3c4eee7eb5bf8078bf4bcc925533b6025d409929688188aa9,3,-1,41,0.439024390244,-1.700000000000,-2.314675000599,-94.901675024549,-4.544025001796,-186.305025073637,-2.097142857144,16.089024390244,-15.229268292683,14.649999999997,-9.899999999999,1.756097560976,1.926829268293,-26.426062151010,32.367540842647,0.761129577203,0.584215381799,0.000000000000,0.000000000000
R1H05_ramom_48_96_z125,volatility_adjusted_momentum,cc2455296b4036f3c4eee7eb5bf8078bf4bcc925533b6025d409929688188aa9,3,1,84,0.559523809524,0.919642857143,0.336390918379,28.256837143803,-1.830112959150,-153.729488568560,1.203672732660,9.162500000000,-9.219047619048,6.750000000000,-5.950000000001,2.035714285714,1.702380952381,-19.823952707284,15.111270720760,1.086955862237,0.628392443610,0.000000000000,0.000000000000
R1H05_ramom_48_96_z125,volatility_adjusted_momentum,cc2455296b4036f3c4eee7eb5bf8078bf4bcc925533b6025d409929688188aa9,4,-1,41,0.414634146341,-2.669512195122,-3.284187195720,-134.651675024539,-5.513537196918,-226.055025073626,-1.915697833835,18.543902439024,-17.940243902439,15.000000000003,-11.300000000000,2.097560975610,2.560975609756,-30.449999999999,42.150926705980,0.713401925615,0.567758113157,0.000000000000,0.000000000000
R1H05_ramom_48_96_z125,volatility_adjusted_momentum,cc2455296b4036f3c4eee7eb5bf8078bf4bcc925533b6025d409929688188aa9,4,1,84,0.547619047619,1.279761904762,0.696509965998,58.506837143835,-1.469993911530,-123.479488568527,1.146215544510,11.143452380952,-12.538095238095,8.150000000001,-7.500000000002,2.595238095238,2.190476190476,-21.147936961513,18.964099334317,1.164289846666,0.723639068995,0.000000000000,0.000000000000
R1H05_ramom_48_96_z125,volatility_adjusted_momentum,cc2455296b4036f3c4eee7eb5bf8078bf4bcc925533b6025d409929688188aa9,6,-1,41,0.463414634146,2.886585365853,2.271910365255,93.148324975449,0.042560364058,1.744974926362,-1.600000000000,23.256097560976,-19.998780487805,15.600000000001,-13.550000000004,2.829268292683,3.463414634146,-36.960493827161,45.494616083598,1.234695067582,1.003913139915,0.000000000000,0.000000000000
R1H05_ramom_48_96_z125,volatility_adjusted_momentum,cc2455296b4036f3c4eee7eb5bf8078bf4bcc925533b6025d409929688188aa9,6,1,84,0.583333333333,3.657738095238,3.074486156474,258.256837143838,0.907982278946,76.270511431476,1.524999999999,13.616666666667,-13.745833333333,9.500000000000,-9.150000000001,3.345238095238,2.666666666667,-15.428844893497,26.653848612772,1.867433537931,1.198039178112,0.000000000000,0.000000000000
R1H05_ramom_48_96_z125,volatility_adjusted_momentum,cc2455296b4036f3c4eee7eb5bf8078bf4bcc925533b6025d409929688188aa9,8,-1,41,0.390243902439,5.254878048780,4.640203048182,190.248324975452,2.410853046985,98.844974926365,-4.118165168166,31.262195121951,-23.108536585366,15.600000000003,-15.249999999997,3.195121951220,4.121951219512,-51.360493827162,61.306605624588,1.389361940736,1.181617908586,0.000000000000,0.000000000000
R1H05_ramom_48_96_z125,volatility_adjusted_momentum,cc2455296b4036f3c4eee7eb5bf8078bf4bcc925533b6025d409929688188aa9,8,1,84,0.511904761905,3.950000000000,3.366748061236,282.806837143826,1.200244183708,100.820511431463,0.434117118524,15.371428571429,-15.330357142857,10.325000000002,-10.050000000000,4.142857142857,3.500000000000,-19.987673611110,34.583045156772,1.787396127733,1.221685596606,0.000000000000,0.000000000000
R1H05_ramom_48_96_z125,volatility_adjusted_momentum,cc2455296b4036f3c4eee7eb5bf8078bf4bcc925533b6025d409929688188aa9,12,-1,41,0.341463414634,-1.319512195122,-1.934187195721,-79.301675024543,-4.163537196918,-170.705025073630,-7.862702429149,35.120731707317,-25.759756097561,17.349999999999,-20.950000000002,4.219512195122,6.560975609756,-60.999999999999,63.244616083596,0.862102439193,0.731797138399,0.000000000000,0.000000000000
R1H05_ramom_48_96_z125,volatility_adjusted_momentum,cc2455296b4036f3c4eee7eb5bf8078bf4bcc925533b6025d409929688188aa9,12,1,84,0.583333333333,7.439880952381,6.856629013617,575.956837143809,4.690125136089,393.970511431446,1.949999999999,21.241666666667,-16.983333333333,14.075000000000,-12.474999999999,6.416666666667,5.285714285714,-17.791141417799,46.941654128404,2.808228137642,1.980882618149,0.000000000000,0.000000000000
R1H05_ramom_48_96_z125,volatility_adjusted_momentum,cc2455296b4036f3c4eee7eb5bf8078bf4bcc925533b6025d409929688188aa9,16,-1,41,0.341463414634,-2.821951219512,-3.436626220111,-140.901675024539,-5.665976221308,-232.305025073626,-7.399999999999,38.918292682927,-29.737804878049,24.750000000000,-22.949999999997,5.560975609756,8.707317073171,-73.660493827157,46.741899641580,0.783971257883,0.675871848208,0.000000000000,0.000000000000
R1H05_ramom_48_96_z125,volatility_adjusted_momentum,cc2455296b4036f3c4eee7eb5bf8078bf4bcc925533b6025d409929688188aa9,16,1,84,0.595238095238,7.757142857143,7.173890918379,602.606837143835,5.007387040851,420.620511431473,5.604734848484,24.361309523810,-19.452380952381,18.574999999998,-13.575000000000,8.785714285714,7.011904761905,-25.532879979441,43.838213576817,2.437353235981,1.846212228578,0.000000000000,0.000000000000
R1H05_ramom_48_96_z125,volatility_adjusted_momentum,cc2455296b4036f3c4eee7eb5bf8078bf4bcc925533b6025d409929688188aa9,24,-1,40,0.350000000000,-10.355000000000,-10.969739019787,-438.789560791485,-13.199217059361,-527.968682374428,-12.274999999999,40.973750000000,-36.568750000000,28.499999999998,-26.875000000001,9.050000000000,14.700000000000,-94.330233421106,57.470215560648,0.523385397550,0.461154336508,0.000000000000,0.000000000000
R1H05_ramom_48_96_z125,volatility_adjusted_momentum,cc2455296b4036f3c4eee7eb5bf8078bf4bcc925533b6025d409929688188aa9,24,1,83,0.626506024096,4.191566265060,3.607855071853,299.451970963780,1.440432685438,119.555912891321,6.786530264280,30.431325301205,-25.757228915662,23.450000000003,-15.199999999999,13.060240963855,10.120481927711,-40.773023255813,48.348018506359,1.353262122300,1.130053793603,0.000000000000,0.000000000000
R1H05_ramom_48_96_z125,volatility_adjusted_momentum,cc2455296b4036f3c4eee7eb5bf8078bf4bcc925533b6025d409929688188aa9,32,-1,40,0.325000000000,-13.283750000000,-13.898489019787,-555.939560791483,-16.127967059361,-645.118682374426,-14.703109872371,42.265000000000,-41.475000000000,28.499999999998,-31.375000000000,11.750000000000,19.650000000000,-98.439208766717,82.721006147542,0.471278405946,0.420032790608,0.000000000000,0.000000000000
R1H05_ramom_48_96_z125,volatility_adjusted_momentum,cc2455296b4036f3c4eee7eb5bf8078bf4bcc925533b6025d409929688188aa9,32,1,83,0.698795180723,8.944578313253,8.360867120045,693.951970963774,6.193444733630,514.055912891315,11.021768202080,34.264457831325,-29.403012048192,28.800000000001,-19.250000000000,17.253012048193,12.481927710843,-67.345635849146,55.415386805883,1.880127599847,1.605271353705,0.000000000000,0.000000000000
R1H05_ramom_48_96_z125,volatility_adjusted_momentum,cc2455296b4036f3c4eee7eb5bf8078bf4bcc925533b6025d409929688188aa9,48,-1,39,0.384615384615,-14.126923076924,-14.739497326422,-574.840395730477,-16.964645825420,-661.621187191389,-15.612879377435,49.592307692307,-47.230769230769,32.049999999998,-34.000000000003,16.666666666667,29.179487179487,-122.478161764708,119.220406670490,0.547849360513,0.500619035004,0.000000000000,0.000000000000
R1H05_ramom_48_96_z125,volatility_adjusted_momentum,cc2455296b4036f3c4eee7eb5bf8078bf4bcc925533b6025d409929688188aa9,48,1,83,0.626506024096,11.670481927711,11.086770734503,920.201970963773,8.919348348088,740.305912891314,13.044983818770,43.154819277108,-35.120481927710,37.649999999999,-22.949999999994,26.626506024096,20.144578313253,-64.902847996074,65.156097624257,1.850749601873,1.644186785725,0.000000000000,0.000000000000
R1I01_boll_reentry_16_z15,bollinger_reentry_reversion,825a41751445974bcad1dc1fea845e2dd8b75d4b7634c2ab983187ede34957fd,1,-1,666,0.391891891892,-0.539339339339,-1.128012382543,-751.256246773901,-3.305358468951,-2201.368740321611,-1.074249372779,4.853003003003,-4.953228228228,2.900000000000,-3.200000000000,0.968468468468,0.975975975976,-11.673108108109,9.014397246978,0.638772278372,0.284030356169,0.000000000000,0.000000000000
R1I01_boll_reentry_16_z15,bollinger_reentry_reversion,825a41751445974bcad1dc1fea845e2dd8b75d4b7634c2ab983187ede34957fd,1,1,535,0.454205607477,0.497289719626,-0.100506243647,-53.770840351043,-2.296098170193,-1228.412521053051,-0.598515283843,5.545700934579,-5.569065420561,3.349999999998,-3.400000000002,0.975700934579,0.975700934579,-11.971714772091,12.476119266055,0.964822456121,0.456922336494,0.000000000000,0.000000000000
R1I01_boll_reentry_16_z15,bollinger_reentry_reversion,825a41751445974bcad1dc1fea845e2dd8b75d4b7634c2ab983187ede34957fd,2,-1,666,0.418918918919,-1.226426426427,-1.815099469630,-1208.856246773912,-3.992445556038,-2658.968740321622,-1.101137884873,6.624024024024,-7.039714714715,4.150000000001,-4.450000000000,1.418918918919,1.462462462462,-16.691077669851,11.963137557960,0.571495933448,0.294970072031,0.000000000000,0.000000000000
R1I01_boll_reentry_16_z15,bollinger_reentry_reversion,825a41751445974bcad1dc1fea845e2dd8b75d4b7634c2ab983187ede34957fd,2,1,535,0.480373831776,0.460467289720,-0.137328673553,-73.470840350963,-2.332920600099,-1248.112521052971,-0.493231628707,7.517102803738,-7.961588785047,4.450000000000,-5.150000000000,1.446728971963,1.465420560748,-16.215445561576,16.678199408598,0.964961671837,0.551279163446,0.000000000000,0.000000000000
R1I01_boll_reentry_16_z15,bollinger_reentry_reversion,825a41751445974bcad1dc1fea845e2dd8b75d4b7634c2ab983187ede34957fd,3,-1,666,0.397897897898,-1.652177177177,-2.240850220381,-1492.406246773878,-4.418196306789,-2942.518740321587,-1.632351783161,7.861411411411,-8.722897897898,4.975000000000,-5.525000000000,1.809309309309,1.980480480480,-20.346406110264,13.311015764633,0.563401057722,0.327187616722,0.000000000000,0.000000000000
R1I01_boll_reentry_16_z15,bollinger_reentry_reversion,825a41751445974bcad1dc1fea845e2dd8b75d4b7634c2ab983187ede34957fd,3,1,535,0.517757009346,0.950186915888,0.352390952615,188.529159648969,-1.843200973931,-986.112521053039,0.502216748766,9.564112149533,-9.898504672897,5.950000000001,-6.449999999998,2.014953271028,1.902803738318,-20.622059221180,22.540142978082,1.074764441890,0.687053413153,0.000000000000,0.000000000000
R1I01_boll_reentry_16_z15,bollinger_reentry_reversion,825a41751445974bcad1dc1fea845e2dd8b75d4b7634c2ab983187ede34957fd,4,-1,666,0.391891891892,-1.698123123123,-2.286796166327,-1523.006246773902,-4.464142252735,-2973.118740321611,-1.870751208766,9.393543543543,-10.053903903904,5.700000000000,-6.725000000000,2.237237237237,2.500000000000,-25.005910568328,17.076894463667,0.619006706106,0.399521051161,0.000000000000,0.000000000000
R1I01_boll_reentry_16_z15,bollinger_reentry_reversion,825a41751445974bcad1dc1fea845e2dd8b75d4b7634c2ab983187ede34957fd,4,1,535,0.530841121495,0.866728971963,0.268933008690,143.879159649010,-1.926658917856,-1030.762521052998,0.700000000000,11.173177570093,-11.452897196262,7.250000000002,-7.249999999999,2.553271028037,2.241121495327,-23.525289240364,24.632469707770,1.048796116325,0.710722254263,0.000000000000,0.000000000000
R1I01_boll_reentry_16_z15,bollinger_reentry_reversion,825a41751445974bcad1dc1fea845e2dd8b75d4b7634c2ab983187ede34957fd,6,-1,666,0.424924924925,-1.936261261261,-2.524934304465,-1681.606246773823,-4.702280390873,-3131.718740321533,-1.750000000000,11.495495495495,-12.628978978979,6.875000000001,-8.050000000004,3.046546546547,3.519519519520,-27.577668644305,18.569037656906,0.651353212267,0.453457351373,0.000000000000,0.000000000000
R1I01_boll_reentry_16_z15,bollinger_reentry_reversion,825a41751445974bcad1dc1fea845e2dd8b75d4b7634c2ab983187ede34957fd,6,1,535,0.523364485981,0.772056074766,0.174260111493,93.229159648974,-2.021331815052,-1081.412521053034,0.640301003347,13.302897196262,-14.215327102804,9.049999999999,-8.749999999998,3.500934579439,3.072897196262,-33.216965962441,32.424526835144,1.025734177157,0.744307126225,0.000000000000,0.000000000000
R1I01_boll_reentry_16_z15,bollinger_reentry_reversion,825a41751445974bcad1dc1fea845e2dd8b75d4b7634c2ab983187ede34957fd,8,-1,665,0.406015037594,-2.641804511278,-3.226856744580,-2145.859735145997,-5.396961211185,-3588.979205437892,-2.661232876714,13.439097744361,-14.876616541353,7.649999999998,-9.549999999999,3.857142857143,4.590977443609,-35.020883180429,22.609340511441,0.629210247630,0.464763737114,0.000000000000,0.000000000000
R1I01_boll_reentry_16_z15,bollinger_reentry_reversion,825a41751445974bcad1dc1fea845e2dd8b75d4b7634c2ab983187ede34957fd,8,1,535,0.545794392523,1.205887850467,0.608091887194,325.329159648946,-1.587500039352,-849.312521053062,1.443296089382,15.205887850467,-16.186635514019,10.300000000001,-10.200000000000,4.480373831776,3.807476635514,-33.949771282532,35.443768551236,1.081136959724,0.815024809625,0.000000000000,0.000000000000
R1I01_boll_reentry_16_z15,bollinger_reentry_reversion,825a41751445974bcad1dc1fea845e2dd8b75d4b7634c2ab983187ede34957fd,12,-1,665,0.392481203008,-4.273684210526,-4.858736443828,-3231.059735145952,-7.028840910433,-4674.179205437847,-3.100000000001,15.827142857143,-18.076240601504,9.500000000000,-11.650000000000,5.518796992481,6.422556390977,-45.251443298969,26.066701902750,0.543859185156,0.416461908341,0.000000000000,0.000000000000
R1I01_boll_reentry_16_z15,bollinger_reentry_reversion,825a41751445974bcad1dc1fea845e2dd8b75d4b7634c2ab983187ede34957fd,12,1,535,0.570093457944,1.916542056075,1.318746092802,705.529159649005,-0.876845833744,-469.112521053004,2.730511182108,17.809439252336,-19.338785046729,12.049999999999,-11.300000000000,6.358878504673,5.166355140187,-41.004997062326,35.614887963129,1.165294719536,0.902432050988,0.000000000000,0.000000000000
R1I01_boll_reentry_16_z15,bollinger_reentry_reversion,825a41751445974bcad1dc1fea845e2dd8b75d4b7634c2ab983187ede34957fd,16,-1,664,0.426204819277,-3.684487951807,-4.264658752435,-2831.733411616581,-6.425000353689,-4266.200234849653,-3.641101480727,19.104518072289,-21.147590361446,11.400000000000,-13.474999999998,7.625000000000,8.240963855422,-52.735279639417,32.407024898376,0.641448455893,0.513096899836,0.000000000000,0.000000000000
R1I01_boll_reentry_16_z15,bollinger_reentry_reversion,825a41751445974bcad1dc1fea845e2dd8b75d4b7634c2ab983187ede34957fd,16,1,535,0.598130841121,3.475607476635,2.877811513362,1539.629159648923,0.682219586817,364.987478946915,3.744840525330,20.363551401869,-21.670747663552,13.300000000001,-13.200000000001,8.614953271028,6.538317757009,-43.785000000001,43.883313318729,1.333157241987,1.071126872470,0.000000000000,0.000000000000
R1I01_boll_reentry_16_z15,bollinger_reentry_reversion,825a41751445974bcad1dc1fea845e2dd8b75d4b7634c2ab983187ede34957fd,24,-1,661,0.397881996974,-5.384190620272,-5.964482835597,-3942.523154329794,-8.125067266247,-5370.669462989430,-4.533182332957,24.365885022693,-25.906732223903,14.600000000002,-16.850000000002,11.343419062027,12.762481089259,-65.766531557613,43.433096806893,0.600489137837,0.500600685818,0.000000000000,0.000000000000
R1I01_boll_reentry_16_z15,bollinger_reentry_reversion,825a41751445974bcad1dc1fea845e2dd8b75d4b7634c2ab983187ede34957fd,24,1,535,0.585046728972,3.215327102804,2.617531139531,1400.379159648993,0.421939212985,225.737478946985,4.360141342757,24.799813084112,-26.681308411215,17.400000000001,-16.300000000001,13.104672897196,9.684112149533,-61.943247141180,55.771651087196,1.231864646726,1.034466298008,0.000000000000,0.000000000000
R1I01_boll_reentry_16_z15,bollinger_reentry_reversion,825a41751445974bcad1dc1fea845e2dd8b75d4b7634c2ab983187ede34957fd,32,-1,660,0.396969696970,-7.366287878788,-7.946561398107,-5244.730522750877,-10.107108436746,-6670.691568252619,-6.183051529792,28.499393939394,-31.039696969697,17.599999999999,-20.049999999999,14.810606060606,17.219696969697,-83.888969101519,56.656672554497,0.574997670986,0.495358477376,0.000000000000,0.000000000000
R1I01_boll_reentry_16_z15,bollinger_reentry_reversion,825a41751445974bcad1dc1fea845e2dd8b75d4b7634c2ab983187ede34957fd,32,1,530,0.594339622642,3.237924528302,2.645602289478,1402.169213423163,0.460957811829,244.307640269516,5.389799195492,28.835188679245,-31.582830188679,20.824999999999,-19.150000000000,17.618867924528,13.124528301887,-70.619190181062,61.632717533594,1.204467063655,1.033267057184,0.000000000000,0.000000000000
R1I01_boll_reentry_16_z15,bollinger_reentry_reversion,825a41751445974bcad1dc1fea845e2dd8b75d4b7634c2ab983187ede34957fd,48,-1,657,0.391171993912,-8.692922374429,-9.273113484455,-6092.435559286962,-11.433495704507,-7511.806677860837,-8.096883852693,36.177245053272,-38.978919330289,22.850000000003,-25.550000000007,21.461187214612,26.313546423135,-93.471968060733,69.465200391134,0.596149760037,0.529982105361,0.000000000000,0.000000000000
R1I01_boll_reentry_16_z15,bollinger_reentry_reversion,825a41751445974bcad1dc1fea845e2dd8b75d4b7634c2ab983187ede34957fd,48,1,527,0.580645161290,3.443263757116,2.852385673787,1503.207250085648,0.670629507129,353.421750257077,5.854146341464,35.339089184061,-39.495066413662,25.400000000002,-23.800000000000,25.565464895636,20.222011385199,-87.452758361204,88.492110337443,1.169303668030,1.037686219129,0.000000000000,0.000000000000
R1I02_boll_reentry_24_z15,bollinger_reentry_reversion,542c5e7ae0bd31f4b30f3e6795efdd8396eefcec57d2f76ee0599adf311e3e09,1,-1,561,0.413547237077,-0.429411764706,-1.017280971209,-570.694624848099,-3.193019384214,-1791.283874544230,-0.850000000003,4.782709447415,-4.975846702317,2.850000000001,-3.249999999997,0.973262032086,0.975044563280,-12.300000000002,9.450000000001,0.671530267659,0.303218636032,0.000000000000,0.000000000000
R1I02_boll_reentry_24_z15,bollinger_reentry_reversion,542c5e7ae0bd31f4b30f3e6795efdd8396eefcec57d2f76ee0599adf311e3e09,1,1,429,0.426573426573,0.073076923077,-0.522650188023,-224.216930662055,-2.714104410224,-1164.350791986195,-0.895935727788,5.173076923077,-5.495804195804,3.200000000001,-3.549999999998,0.962703962704,0.988344988345,-12.407293954622,11.791590303088,0.821241330129,0.373575737102,0.000000000000,0.000000000000
R1I02_boll_reentry_24_z15,bollinger_reentry_reversion,542c5e7ae0bd31f4b30f3e6795efdd8396eefcec57d2f76ee0599adf311e3e09,2,-1,561,0.436720142602,-0.368805704100,-0.956674910603,-536.694624848113,-3.132413323608,-1757.283874544244,-0.872641509434,6.888770053476,-6.729679144385,4.349999999999,-4.199999999997,1.450980392157,1.467023172906,-15.472648178358,13.121221374044,0.752450926676,0.401295902894,0.000000000000,0.000000000000
R1I02_boll_reentry_24_z15,bollinger_reentry_reversion,542c5e7ae0bd31f4b30f3e6795efdd8396eefcec57d2f76ee0599adf311e3e09,2,1,429,0.480186480186,0.094755244755,-0.500971866345,-214.916930662048,-2.692426088546,-1155.050791986188,-0.493231628707,7.277272727273,-7.946153846154,4.750000000001,-5.550000000002,1.456876456876,1.461538461538,-19.266657984312,15.779082459571,0.876549159098,0.494881050578,0.000000000000,0.000000000000
R1I02_boll_reentry_24_z15,bollinger_reentry_reversion,542c5e7ae0bd31f4b30f3e6795efdd8396eefcec57d2f76ee0599adf311e3e09,3,-1,561,0.436720142602,-0.494919786096,-1.082788992599,-607.444624848151,-3.258527405605,-1828.033874544282,-1.078109452738,8.517379679144,-8.194741532977,5.000000000001,-5.400000000000,1.864527629234,1.955436720143,-18.462237365134,14.346088129496,0.770827951747,0.463862381071,0.000000000000,0.000000000000
R1I02_boll_reentry_24_z15,bollinger_reentry_reversion,542c5e7ae0bd31f4b30f3e6795efdd8396eefcec57d2f76ee0599adf311e3e09,3,1,429,0.498834498834,0.341724941725,-0.254002169375,-108.966930662027,-2.445456391576,-1049.100791986167,-0.000000000000,9.260372960373,-9.996386946387,6.049999999999,-6.599999999997,2.020979020979,1.916083916084,-21.544502800750,22.093466996061,0.947636498716,0.596934288506,0.000000000000,0.000000000000
R1I02_boll_reentry_24_z15,bollinger_reentry_reversion,542c5e7ae0bd31f4b30f3e6795efdd8396eefcec57d2f76ee0599adf311e3e09,4,-1,561,0.415329768271,-0.713368983957,-1.301238190460,-729.994624848095,-3.476976603466,-1950.583874544226,-1.794461859979,10.030659536542,-9.528609625669,5.699999999999,-6.050000000002,2.244206773619,2.456327985740,-23.550000000001,17.650000000000,0.764390504773,0.497880457778,0.000000000000,0.000000000000
R1I02_boll_reentry_24_z15,bollinger_reentry_reversion,542c5e7ae0bd31f4b30f3e6795efdd8396eefcec57d2f76ee0599adf311e3e09,4,1,429,0.508158508159,0.284731934732,-0.310995176368,-133.416930662031,-2.502449398569,-1073.550791986171,0.349999999997,10.500000000000,-11.505594405594,7.250000000002,-7.499999999999,2.494172494172,2.270396270396,-23.506053811658,25.100960619167,0.944384321293,0.630255891763,0.000000000000,0.000000000000
R1I02_boll_reentry_24_z15,bollinger_reentry_reversion,542c5e7ae0bd31f4b30f3e6795efdd8396eefcec57d2f76ee0599adf311e3e09,6,-1,560,0.435714285714,-0.695714285714,-1.278202477186,-715.793387224299,-3.443178860130,-1928.180161672906,-1.050000000001,12.119375000000,-11.690089285714,6.925000000001,-7.575000000000,3.044642857143,3.446428571429,-28.392202969636,21.509360777067,0.804803757277,0.562801572812,0.000000000000,0.000000000000
R1I02_boll_reentry_24_z15,bollinger_reentry_reversion,542c5e7ae0bd31f4b30f3e6795efdd8396eefcec57d2f76ee0599adf311e3e09,6,1,429,0.503496503497,0.333682983683,-0.262044127417,-112.416930662045,-2.453498349618,-1052.550791986185,0.053598355036,12.760139860140,-14.600582750583,8.650000000000,-9.199999999998,3.433566433566,3.139860139860,-32.964542253520,31.276980056979,0.961187903909,0.690174269863,0.000000000000,0.000000000000
R1I02_boll_reentry_24_z15,bollinger_reentry_reversion,542c5e7ae0bd31f4b30f3e6795efdd8396eefcec57d2f76ee0599adf311e3e09,8,-1,560,0.428571428571,-1.422678571429,-2.005166762901,-1122.893387224324,-4.170143145845,-2335.280161672931,-2.113250659781,14.117857142857,-13.574642857143,7.874999999999,-9.199999999998,3.955357142857,4.519642857143,-30.635906487326,25.862399583288,0.745374898614,0.546728766312,0.000000000000,0.000000000000
R1I02_boll_reentry_24_z15,bollinger_reentry_reversion,542c5e7ae0bd31f4b30f3e6795efdd8396eefcec57d2f76ee0599adf311e3e09,8,1,429,0.545454545455,0.430652680653,-0.165074430448,-70.816930662053,-2.356528652648,-1010.950791986193,1.723308270677,14.554428904429,-16.838344988345,9.750000000003,-10.499999999999,4.561771561772,3.818181818182,-36.607135802470,33.364510082182,0.978568319026,0.731438802712,0.000000000000,0.000000000000
R1I02_boll_reentry_24_z15,bollinger_reentry_reversion,542c5e7ae0bd31f4b30f3e6795efdd8396eefcec57d2f76ee0599adf311e3e09,12,-1,560,0.421428571429,-3.016785714286,-3.599273905758,-2015.593387224341,-5.764250288702,-3227.980161672947,-2.606985967053,16.710267857143,-16.876696428572,10.499999999998,-11.625000000001,5.591071428571,6.400000000000,-42.666914699173,27.168604830422,0.633734200706,0.483209283533,0.000000000000,0.000000000000
R1I02_boll_reentry_24_z15,bollinger_reentry_reversion,542c5e7ae0bd31f4b30f3e6795efdd8396eefcec57d2f76ee0599adf311e3e09,12,1,429,0.589743589744,1.310489510490,0.714762399389,306.633069337963,-1.476691822812,-633.500791986177,3.153528153959,17.324009324009,-20.166666666667,12.099999999998,-11.800000000002,6.512820512821,5.132867132867,-47.770539503511,35.754305156870,1.084142254834,0.843808233074,0.000000000000,0.000000000000
R1I02_boll_reentry_24_z15,bollinger_reentry_reversion,542c5e7ae0bd31f4b30f3e6795efdd8396eefcec57d2f76ee0599adf311e3e09,16,-1,560,0.412500000000,-3.236964285714,-3.819452477186,-2138.893387224344,-5.984428860130,-3351.280161672951,-3.041182170543,19.548482142857,-19.874285714286,12.274999999998,-13.050000000000,7.641071428571,8.416071428571,-49.421121966696,33.624518548828,0.672851907003,0.539601941485,0.000000000000,0.000000000000
R1I02_boll_reentry_24_z15,bollinger_reentry_reversion,542c5e7ae0bd31f4b30f3e6795efdd8396eefcec57d2f76ee0599adf311e3e09,16,1,429,0.585081585082,2.495221445221,1.899494334121,814.883069337901,-0.291959888080,-125.250791986239,4.024670184699,19.981468531469,-22.541958041958,13.350000000000,-13.450000000000,8.729603729604,6.410256410256,-50.015234218957,43.693367225946,1.209373046519,0.970877540067,0.000000000000,0.000000000000
R1I02_boll_reentry_24_z15,bollinger_reentry_reversion,542c5e7ae0bd31f4b30f3e6795efdd8396eefcec57d2f76ee0599adf311e3e09,24,-1,558,0.383512544803,-5.837634408602,-6.420262690645,-3582.506581379942,-8.585519254731,-4790.719744139863,-4.958036368677,23.925985663082,-24.951971326165,15.400000000000,-17.299999999999,11.141577060932,12.974910394265,-61.030120728904,40.721753246753,0.566511042313,0.469171023776,0.000000000000,0.000000000000
R1I02_boll_reentry_24_z15,bollinger_reentry_reversion,542c5e7ae0bd31f4b30f3e6795efdd8396eefcec57d2f76ee0599adf311e3e09,24,1,429,0.606060606061,2.831585081585,2.235857970485,959.183069337942,0.044403748284,19.049208013802,5.394815465731,24.943939393940,-28.186480186480,18.449999999999,-16.549999999998,13.128205128205,9.571095571096,-58.930470846004,56.155822574612,1.192401895549,1.003547864424,0.000000000000,0.000000000000
R1I02_boll_reentry_24_z15,bollinger_reentry_reversion,542c5e7ae0bd31f4b30f3e6795efdd8396eefcec57d2f76ee0599adf311e3e09,32,-1,557,0.405745062837,-6.918132854578,-7.500909481831,-4178.006581379960,-9.666462736337,-5384.219744139880,-5.799944913699,28.525583482944,-29.765170556553,18.549999999999,-20.699999999999,14.675044883303,16.885098743268,-72.936961651917,50.700725388601,0.577765290339,0.493743782829,0.000000000000,0.000000000000
R1I02_boll_reentry_24_z15,bollinger_reentry_reversion,542c5e7ae0bd31f4b30f3e6795efdd8396eefcec57d2f76ee0599adf311e3e09,32,1,425,0.592941176471,3.067882352941,2.473271138324,1051.140233787637,0.284048709089,120.720701362865,4.827023498696,28.742823529412,-31.935764705882,21.050000000000,-18.700000000001,17.018823529412,12.696470588235,-71.266322418135,57.211458235513,1.192401216303,1.020613778117,0.000000000000,0.000000000000
R1I02_boll_reentry_24_z15,bollinger_reentry_reversion,542c5e7ae0bd31f4b30f3e6795efdd8396eefcec57d2f76ee0599adf311e3e09,48,-1,553,0.383363471971,-9.484086799277,-10.067130213316,-5567.123007963676,-12.233217041394,-6764.969023890978,-8.350000000002,35.806419529837,-38.057956600362,23.150000000001,-26.150000000001,20.884267631103,26.385171790235,-93.096612623044,62.273378011296,0.561480965753,0.497465648151,0.000000000000,0.000000000000
R1I02_boll_reentry_24_z15,bollinger_reentry_reversion,542c5e7ae0bd31f4b30f3e6795efdd8396eefcec57d2f76ee0599adf311e3e09,48,1,422,0.568720379147,3.526658767773,2.931634194446,1237.149630056079,0.741585047792,312.948890168205,4.286135928044,35.342535545024,-38.353080568720,26.025000000001,-23.200000000001,25.459715639810,20.722748815166,-86.222266343903,93.265749134406,1.180118394961,1.043003894009,0.000000000000,0.000000000000
R1I03_boll_reentry_32_z2,bollinger_reentry_reversion,d53e4386fc53a9b43883d8144b38f80fbfea29dfc82c8482ea3ee8d43923c651,1,-1,382,0.429319371728,-0.115968586388,-0.705914548948,-269.659357698255,-2.885806474070,-1102.378073094679,-0.760141509434,5.054450261780,-4.923429319372,3.100000000001,-3.350000000000,0.986910994764,0.981675392670,-11.288348399758,10.289401311934,0.747021288550,0.312229100602,0.000000000000,0.000000000000
R1I03_boll_reentry_32_z2,bollinger_reentry_reversion,d53e4386fc53a9b43883d8144b38f80fbfea29dfc82c8482ea3ee8d43923c651,1,1,293,0.464163822526,0.786177474403,0.175170632980,51.324995463139,-2.046843049866,-599.725013610614,-0.581403508771,6.260409556314,-6.244368600683,4.150000000001,-3.600000000000,0.969283276451,0.959044368601,-11.966018001737,14.338135256989,1.057432131350,0.529587791975,0.000000000000,0.000000000000
R1I03_boll_reentry_32_z2,bollinger_reentry_reversion,d53e4386fc53a9b43883d8144b38f80fbfea29dfc82c8482ea3ee8d43923c651,2,-1,382,0.437172774869,-0.509947643979,-1.099893606540,-420.159357698232,-3.279785531661,-1252.878073094656,-0.659577221743,7.005235602094,-6.783507853403,4.400000000001,-4.450000000000,1.492146596859,1.455497382199,-16.462704180845,13.633515974439,0.705607353435,0.357142941614,0.000000000000,0.000000000000
R1I03_boll_reentry_32_z2,bollinger_reentry_reversion,d53e4386fc53a9b43883d8144b38f80fbfea29dfc82c8482ea3ee8d43923c651,2,1,293,0.481228668942,0.599658703072,-0.011348138351,-3.325004536859,-2.233361821197,-654.375013610612,-0.450000000001,8.448976109215,-8.899317406143,5.450000000002,-5.650000000000,1.443686006826,1.453924914676,-20.909694835680,17.268455543702,0.997406309336,0.604798097157,0.000000000000,0.000000000000
R1I03_boll_reentry_32_z2,bollinger_reentry_reversion,d53e4386fc53a9b43883d8144b38f80fbfea29dfc82c8482ea3ee8d43923c651,3,-1,382,0.429319371728,-0.396073298429,-0.986019260990,-376.659357698249,-3.165911186112,-1209.378073094672,-0.741617072427,8.926570680628,-8.264528795812,5.349999999999,-5.375000000001,1.897905759162,1.979057591623,-19.255354432070,15.945158375340,0.779371685778,0.455963052560,0.000000000000,0.000000000000
R1I03_boll_reentry_32_z2,bollinger_reentry_reversion,d53e4386fc53a9b43883d8144b38f80fbfea29dfc82c8482ea3ee8d43923c651,3,1,293,0.515358361775,0.616211604096,0.005204762673,1.524995463146,-2.216808920173,-649.525013610607,0.636459968606,10.175426621161,-11.041126279864,6.700000000001,-7.450000000003,1.986348122867,1.877133105802,-21.774341529858,21.869821364511,1.001010103067,0.650728126911,0.000000000000,0.000000000000
R1I03_boll_reentry_32_z2,bollinger_reentry_reversion,d53e4386fc53a9b43883d8144b38f80fbfea29dfc82c8482ea3ee8d43923c651,4,-1,382,0.429319371728,-0.471989528796,-1.061935491357,-405.659357698240,-3.241827416478,-1238.378073094663,-1.141249341065,10.514528795811,-9.626178010471,6.250000000000,-6.075000000000,2.353403141361,2.452879581152,-24.687965938291,18.851248261941,0.803356101101,0.521581258858,0.000000000000,0.000000000000
R1I03_boll_reentry_32_z2,bollinger_reentry_reversion,d53e4386fc53a9b43883d8144b38f80fbfea29dfc82c8482ea3ee8d43923c651,4,1,293,0.511945392491,0.263993174061,-0.347013667361,-101.675004536875,-2.569027350207,-752.725013610628,0.450000000000,11.791296928328,-12.737713310580,7.749999999999,-7.850000000002,2.443686006826,2.197952218430,-23.163500938086,24.922116892374,0.944141650903,0.653700950273,0.000000000000,0.000000000000
R1I03_boll_reentry_32_z2,bollinger_reentry_reversion,d53e4386fc53a9b43883d8144b38f80fbfea29dfc82c8482ea3ee8d43923c651,6,-1,382,0.424083769634,-1.430235602094,-2.020181564655,-771.709357698173,-4.200073489776,-1604.428073094596,-1.683477157359,12.293717277487,-12.370287958115,7.075000000000,-7.450000000000,3.075916230366,3.549738219895,-28.827532227323,21.285428423950,0.712793450619,0.499794754454,0.000000000000,0.000000000000
R1I03_boll_reentry_32_z2,bollinger_reentry_reversion,d53e4386fc53a9b43883d8144b38f80fbfea29dfc82c8482ea3ee8d43923c651,6,1,293,0.529010238908,1.255972696246,0.644965854823,188.974995463147,-1.577047828023,-462.075013610606,0.843520518358,14.199658703072,-15.567406143345,9.849999999997,-9.600000000000,3.395904436860,3.095563139932,-33.264542253520,32.953659008261,1.093181761053,0.804542972548,0.000000000000,0.000000000000
R1I03_boll_reentry_32_z2,bollinger_reentry_reversion,d53e4386fc53a9b43883d8144b38f80fbfea29dfc82c8482ea3ee8d43923c651,8,-1,381,0.398950131234,-2.829002624672,-3.414985190809,-1301.109357698230,-5.586950323083,-2128.628073094653,-2.600000000002,13.714041994751,-14.398556430446,8.050000000003,-9.150000000002,3.811023622047,4.566929133858,-34.499082568806,22.500000000002,0.600829875848,0.438331869119,0.000000000000,0.000000000000
R1I03_boll_reentry_32_z2,bollinger_reentry_reversion,d53e4386fc53a9b43883d8144b38f80fbfea29dfc82c8482ea3ee8d43923c651,8,1,293,0.529010238908,1.544368600683,0.933361759260,273.474995463113,-1.288651923586,-377.575013610640,1.369696969700,16.203242320819,-17.337372013652,10.649999999998,-10.650000000001,4.419795221843,3.744027303754,-34.061533739557,35.548371175248,1.122321764913,0.852874964160,0.000000000000,0.000000000000
R1I03_boll_reentry_32_z2,bollinger_reentry_reversion,d53e4386fc53a9b43883d8144b38f80fbfea29dfc82c8482ea3ee8d43923c651,12,-1,381,0.404199475066,-4.486482939633,-5.072465505770,-1932.609357698218,-7.244430638044,-2760.128073094641,-3.800000000002,15.996325459317,-17.405380577428,9.550000000002,-11.650000000000,5.454068241470,6.548556430446,-40.924646611084,24.696318354086,0.521311148159,0.394534482720,0.000000000000,0.000000000000
R1I03_boll_reentry_32_z2,bollinger_reentry_reversion,d53e4386fc53a9b43883d8144b38f80fbfea29dfc82c8482ea3ee8d43923c651,12,1,293,0.583617747440,1.212116040956,0.601109199533,176.124995463155,-1.620904483313,-474.925013610598,3.134923928077,18.560921501707,-20.661774744027,13.099999999994,-11.900000000000,6.337883959044,5.075085324232,-47.742339682701,35.704566129421,1.067479278862,0.835982394605,0.000000000000,0.000000000000
R1I03_boll_reentry_32_z2,bollinger_reentry_reversion,d53e4386fc53a9b43883d8144b38f80fbfea29dfc82c8482ea3ee8d43923c651,16,-1,381,0.422572178478,-4.187532808399,-4.773515374536,-1818.709357698206,-6.945480506810,-2646.228073094629,-3.350000000001,18.794225721785,-20.801049868766,11.550000000000,-13.399999999996,7.385826771654,8.587926509186,-49.419221967962,28.608753148618,0.604615887111,0.481676715675,0.000000000000,0.000000000000
R1I03_boll_reentry_32_z2,bollinger_reentry_reversion,d53e4386fc53a9b43883d8144b38f80fbfea29dfc82c8482ea3ee8d43923c651,16,1,293,0.610921501706,2.805631399317,2.194624557895,643.024995463094,-0.027389124951,-8.025013610659,4.250000000001,20.918771331058,-23.300341296928,14.500000000004,-13.450000000000,8.730375426621,6.457337883959,-49.160226890138,42.281772756986,1.235070716195,0.997334193456,0.000000000000,0.000000000000
R1I03_boll_reentry_32_z2,bollinger_reentry_reversion,d53e4386fc53a9b43883d8144b38f80fbfea29dfc82c8482ea3ee8d43923c651,24,-1,381,0.375328083990,-5.728608923884,-6.314591490021,-2405.859357698188,-8.486556622296,-3233.378073094612,-4.956483704977,24.311679790026,-26.426509186352,14.949999999999,-16.900000000001,11.078740157480,13.199475065617,-64.385827186512,42.029533372712,0.577762442842,0.481032023237,0.000000000000,0.000000000000
R1I03_boll_reentry_32_z2,bollinger_reentry_reversion,d53e4386fc53a9b43883d8144b38f80fbfea29dfc82c8482ea3ee8d43923c651,24,1,293,0.607508532423,4.315699658703,3.704692817280,1085.474995463136,1.482679134435,434.424986389383,5.487808489634,26.277474402731,-28.466552901024,18.400000000003,-15.500000000000,13.324232081911,9.273037542662,-65.611806017790,59.891194556861,1.305733651587,1.113798947159,0.000000000000,0.000000000000
R1I03_boll_reentry_32_z2,bollinger_reentry_reversion,d53e4386fc53a9b43883d8144b38f80fbfea29dfc82c8482ea3ee8d43923c651,32,-1,381,0.396325459318,-6.807742782152,-7.393725348289,-2817.009357698257,-9.565690480563,-3644.528073094681,-6.266103059582,28.889632545932,-31.311154855643,17.750000000004,-20.949999999999,14.503937007874,17.178477690289,-85.349342105262,55.021587410193,0.598747188664,0.516443783659,0.000000000000,0.000000000000
R1I03_boll_reentry_32_z2,bollinger_reentry_reversion,d53e4386fc53a9b43883d8144b38f80fbfea29dfc82c8482ea3ee8d43923c651,32,1,287,0.595818815331,3.750348432056,3.149580131579,903.929497763094,0.948043530624,272.088493289205,5.819246298789,29.885540069687,-32.828745644599,20.800000000000,-17.750000000001,17.606271777003,12.752613240418,-65.555960350670,63.710147058823,1.234062197927,1.066025370762,0.000000000000,0.000000000000
R1I03_boll_reentry_32_z2,bollinger_reentry_reversion,d53e4386fc53a9b43883d8144b38f80fbfea29dfc82c8482ea3ee8d43923c651,48,-1,377,0.374005305040,-9.914986737401,-10.501437396452,-3959.041898462410,-12.674338714555,-4778.225695387171,-9.899999999999,35.327586206896,-39.154774535809,22.750000000002,-28.750000000002,21.318302387268,27.050397877984,-88.343320807605,69.964674232132,0.552115633837,0.489847708724,0.000000000000,0.000000000000
R1I03_boll_reentry_32_z2,bollinger_reentry_reversion,d53e4386fc53a9b43883d8144b38f80fbfea29dfc82c8482ea3ee8d43923c651,48,1,285,0.540350877193,0.250877192982,-0.350457013423,-99.880248825667,-2.553125426235,-727.640746476944,3.450000000003,35.482982456140,-41.665263157895,24.199999999996,-23.350000000002,24.610526315789,21.635087719298,-92.800000000000,97.684968314322,0.982281504382,0.877408919156,0.000000000000,0.000000000000
R1I04_boll_reentry_48_z2,bollinger_reentry_reversion,d18e6bc755c7b28ff002559b5f0257d13dc6475cdb06ae6a1f6b00301fbed391,1,-1,328,0.442073170732,-0.332164634146,-0.916832775420,-300.721150337714,-3.086169057967,-1012.263451013100,-0.714029003783,4.884603658536,-4.787347560976,3.200000000000,-3.300000000000,0.975609756098,0.978658536585,-10.139264596569,8.787024604803,0.676023224424,0.281091273242,0.000000000000,0.000000000000
R1I04_boll_reentry_48_z2,bollinger_reentry_reversion,d18e6bc755c7b28ff002559b5f0257d13dc6475cdb06ae6a1f6b00301fbed391,1,1,216,0.486111111111,0.603935185185,-0.003996700794,-0.863287371531,-2.219860472752,-479.489862114523,-0.147556373174,6.076620370370,-6.005555555556,4.075000000000,-3.350000000000,0.953703703704,0.972222222222,-13.492535070139,11.934159477865,0.998714267639,0.495190632393,0.000000000000,0.000000000000
R1I04_boll_reentry_48_z2,bollinger_reentry_reversion,d18e6bc755c7b28ff002559b5f0257d13dc6475cdb06ae6a1f6b00301fbed391,2,-1,328,0.435975609756,-0.046646341464,-0.631314482737,-207.071150337726,-2.800650765284,-918.613451013112,-0.632691956430,7.294207317073,-6.493445121951,4.474999999999,-4.100000000000,1.466463414634,1.460365853659,-14.191786985336,13.796679775928,0.822949315698,0.430331980964,0.000000000000,0.000000000000
R1I04_boll_reentry_48_z2,bollinger_reentry_reversion,d18e6bc755c7b28ff002559b5f0257d13dc6475cdb06ae6a1f6b00301fbed391,2,1,216,0.472222222222,0.190277777778,-0.417654108201,-90.213287371496,-2.633517880160,-568.839862114487,-0.581551191568,8.191898148148,-8.609027777778,5.525000000000,-5.199999999999,1.458333333333,1.462962962963,-21.305121379788,16.764022677137,0.909612991296,0.554235897963,0.000000000000,0.000000000000
R1I04_boll_reentry_48_z2,bollinger_reentry_reversion,d18e6bc755c7b28ff002559b5f0257d13dc6475cdb06ae6a1f6b00301fbed391,3,-1,328,0.420731707317,-0.145426829268,-0.730094970542,-239.471150337733,-2.899431253089,-951.013451013119,-1.268662952647,9.018750000000,-7.901676829268,5.400000000000,-5.175000000000,1.856707317073,1.987804878049,-18.337094011112,14.504983880468,0.835638698934,0.502795645128,0.000000000000,0.000000000000
R1I04_boll_reentry_48_z2,bollinger_reentry_reversion,d18e6bc755c7b28ff002559b5f0257d13dc6475cdb06ae6a1f6b00301fbed391,3,1,216,0.537037037037,-0.206250000000,-0.814181885979,-175.863287371514,-3.030045657938,-654.489862114506,0.833240680182,9.941666666667,-11.666898148148,6.475000000000,-7.025000000002,2.023148148148,1.916666666667,-30.428675622798,21.040840154081,0.863184811979,0.573047558134,0.000000000000,0.000000000000
R1I04_boll_reentry_48_z2,bollinger_reentry_reversion,d18e6bc755c7b28ff002559b5f0257d13dc6475cdb06ae6a1f6b00301fbed391,4,-1,328,0.414634146341,-0.113262195122,-0.697930336395,-228.921150337707,-2.867266618942,-940.463451013093,-1.750787151376,10.589024390244,-9.312195121951,6.050000000000,-6.200000000000,2.268292682927,2.457317073171,-23.835462809091,16.508681773881,0.869142903791,0.574420189514,0.000000000000,0.000000000000
R1I04_boll_reentry_48_z2,bollinger_reentry_reversion,d18e6bc755c7b28ff002559b5f0257d13dc6475cdb06ae6a1f6b00301fbed391,4,1,216,0.500000000000,-1.218981481481,-1.826913367461,-394.613287371494,-4.042777139419,-873.239862114486,0.032051282050,11.194907407407,-13.520138888889,7.125000000001,-7.424999999999,2.490740740741,2.259259259259,-35.268541207787,25.462499999999,0.748275551253,0.522951981835,0.000000000000,0.000000000000
R1I04_boll_reentry_48_z2,bollinger_reentry_reversion,d18e6bc755c7b28ff002559b5f0257d13dc6475cdb06ae6a1f6b00301fbed391,6,-1,328,0.417682926829,-1.186585365854,-1.771253507127,-580.971150337718,-3.940589789674,-1292.513451013104,-1.778242320820,12.801676829268,-12.193750000000,7.424999999999,-7.599999999998,3.079268292683,3.521341463415,-29.627844506860,18.581376568712,0.755313110938,0.541897868201,0.000000000000,0.000000000000
R1I04_boll_reentry_48_z2,bollinger_reentry_reversion,d18e6bc755c7b28ff002559b5f0257d13dc6475cdb06ae6a1f6b00301fbed391,6,1,216,0.481481481481,-1.378935185185,-1.986867071164,-429.163287371513,-4.202730843123,-907.789862114504,-0.892635807190,13.325000000000,-17.371527777778,8.550000000001,-9.800000000000,3.296296296296,3.305555555556,-37.689745711788,31.509953107164,0.765786065577,0.568794621604,0.000000000000,0.000000000000
R1I04_boll_reentry_48_z2,bollinger_reentry_reversion,d18e6bc755c7b28ff002559b5f0257d13dc6475cdb06ae6a1f6b00301fbed391,8,-1,328,0.408536585366,-2.654115853659,-3.238783994932,-1062.321150337707,-5.408120277479,-1773.863451013093,-2.730064516130,14.549847560975,-14.112042682927,8.450000000001,-8.800000000001,3.887195121951,4.530487804878,-35.638323440347,21.862392360710,0.625373174193,0.459387526212,0.000000000000,0.000000000000
R1I04_boll_reentry_48_z2,bollinger_reentry_reversion,d18e6bc755c7b28ff002559b5f0257d13dc6475cdb06ae6a1f6b00301fbed391,8,1,216,0.490740740741,-1.935648148148,-2.543580034127,-549.413287371525,-4.759443806086,-1028.039862114517,-0.349999999999,15.116666666667,-19.691203703704,9.725000000000,-10.949999999998,4.425925925926,4.032407407407,-39.620203820855,33.426801160937,0.731960456189,0.556838316216,0.000000000000,0.000000000000
R1I04_boll_reentry_48_z2,bollinger_reentry_reversion,d18e6bc755c7b28ff002559b5f0257d13dc6475cdb06ae6a1f6b00301fbed391,12,-1,328,0.387195121951,-4.569359756098,-5.154027897371,-1690.521150337711,-7.323364179918,-2402.063451013097,-4.552925714286,16.804420731707,-17.717225609756,9.949999999999,-11.575000000001,5.344512195122,6.768292682927,-40.765911410271,23.060378626029,0.542735806730,0.421505892820,0.000000000000,0.000000000000
R1I04_boll_reentry_48_z2,bollinger_reentry_reversion,d18e6bc755c7b28ff002559b5f0257d13dc6475cdb06ae6a1f6b00301fbed391,12,1,216,0.587962962963,0.439583333333,-0.168348552646,-36.363287371516,-2.384212324604,-514.989862114507,3.430963744519,18.552777777778,-23.237962962963,13.049999999997,-13.000000000000,6.513888888889,5.564814814815,-59.189347826090,39.153588949655,0.983341279748,0.784837353413,0.000000000000,0.000000000000
R1I04_boll_reentry_48_z2,bollinger_reentry_reversion,d18e6bc755c7b28ff002559b5f0257d13dc6475cdb06ae6a1f6b00301fbed391,16,-1,328,0.414634146341,-4.489329268293,-5.073997409566,-1664.271150337701,-7.243333692113,-2375.813451013087,-3.881185319582,19.226371951219,-21.042225609756,11.724999999997,-13.125000000001,7.106707317073,8.929878048780,-51.544768235495,31.433445877593,0.599581467599,0.482701383255,0.000000000000,0.000000000000
R1I04_boll_reentry_48_z2,bollinger_reentry_reversion,d18e6bc755c7b28ff002559b5f0257d13dc6475cdb06ae6a1f6b00301fbed391,16,1,216,0.611111111111,1.212731481481,0.604799595502,130.636712628497,-1.611064176456,-347.989862114494,5.073440499044,21.156944444444,-25.659259259259,14.950000000000,-14.300000000000,8.888888888889,6.726851851852,-53.426153668665,41.202444371342,1.057260580679,0.859558730195,0.000000000000,0.000000000000
R1I04_boll_reentry_48_z2,bollinger_reentry_reversion,d18e6bc755c7b28ff002559b5f0257d13dc6475cdb06ae6a1f6b00301fbed391,24,-1,328,0.362804878049,-7.070731707317,-7.655399848591,-2510.971150337713,-9.824736131137,-3222.513451013100,-5.209610983982,24.043445121951,-27.241310975610,15.050000000001,-18.750000000001,10.490853658537,13.737804878049,-73.082712892819,44.806216264681,0.530331246617,0.445927608462,0.000000000000,0.000000000000
R1I04_boll_reentry_48_z2,bollinger_reentry_reversion,d18e6bc755c7b28ff002559b5f0257d13dc6475cdb06ae6a1f6b00301fbed391,24,1,216,0.601851851852,0.669444444444,0.061512558465,13.286712628458,-2.154351213493,-465.339862114533,6.998664170787,26.055092592593,-33.104861111111,19.975000000002,-16.775000000000,12.958333333333,9.208333333333,-77.850000000000,56.286277888266,1.004290005863,0.858825412015,0.000000000000,0.000000000000
R1I04_boll_reentry_48_z2,bollinger_reentry_reversion,d18e6bc755c7b28ff002559b5f0257d13dc6475cdb06ae6a1f6b00301fbed391,32,-1,327,0.397553516820,-5.639143730887,-6.224070796140,-2035.271150337698,-8.393924926646,-2744.813451013084,-6.100000000002,29.821253822630,-32.574006116208,18.149999999994,-21.700000000004,14.905198776758,17.697247706422,-93.313195189569,64.396557503462,0.671275444740,0.585696711463,0.000000000000,0.000000000000
R1I04_boll_reentry_48_z2,bollinger_reentry_reversion,d18e6bc755c7b28ff002559b5f0257d13dc6475cdb06ae6a1f6b00301fbed391,32,1,211,0.573459715640,0.109715639811,-0.484048029223,-102.134134166141,-2.671575367291,-563.702402498459,4.550000000000,29.404739336493,-37.505687203792,22.699999999998,-19.549999999998,16.616113744076,13.080568720379,-82.443516079256,58.133141950210,0.969358141259,0.840439841489,0.000000000000,0.000000000000
R1I04_boll_reentry_48_z2,bollinger_reentry_reversion,d18e6bc755c7b28ff002559b5f0257d13dc6475cdb06ae6a1f6b00301fbed391,48,-1,325,0.400000000000,-10.111538461538,-10.696907926147,-3476.495075997850,-12.867646855365,-4181.985227993553,-7.887048192774,36.262461538461,-40.638000000000,23.450000000000,-27.350000000001,21.593846153846,26.550769230769,-107.935028986725,62.656212891601,0.558973325106,0.497106978396,0.000000000000,0.000000000000
R1I04_boll_reentry_48_z2,bollinger_reentry_reversion,d18e6bc755c7b28ff002559b5f0257d13dc6475cdb06ae6a1f6b00301fbed391,48,1,209,0.559808612440,-0.262440191388,-0.856908520358,-179.093880754875,-3.045845178299,-636.581642264581,4.000000000002,34.823684210526,-45.899282296651,25.399999999999,-28.049999999999,23.622009569378,20.775119617225,-136.130000000000,86.117522865853,0.957428858815,0.855947507485,0.000000000000,0.000000000000
R1I05_boll_reentry_64_z225,bollinger_reentry_reversion,0960cc1c912a5fc793e2a6f8adf301e5a174897f52bbc77e78cf19fe0de056b6,1,-1,198,0.404040404040,-0.643434343434,-1.224248531233,-242.401209184042,-3.385876906829,-670.403627552104,-1.025850700994,4.883838383838,-5.108333333333,2.924999999999,-3.650000000002,0.959595959596,0.989898989899,-12.540141172741,7.996674910071,0.587376242221,0.241235445377,0.000000000000,0.000000000000
R1I05_boll_reentry_64_z225,bollinger_reentry_reversion,0960cc1c912a5fc793e2a6f8adf301e5a174897f52bbc77e78cf19fe0de056b6,1,1,140,0.435714285714,-0.316071428571,-0.938854873497,-131.439682289516,-3.184421763347,-445.819046868571,-1.137583006492,6.521785714286,-7.694285714285,4.424999999999,-3.800000000000,0.971428571429,0.942857142857,-12.848994743204,13.506308230792,0.754723599295,0.390426957789,0.000000000000,0.000000000000
R1I05_boll_reentry_64_z225,bollinger_reentry_reversion,0960cc1c912a5fc793e2a6f8adf301e5a174897f52bbc77e78cf19fe0de056b6,2,-1,198,0.449494949495,-0.733333333333,-1.314147521131,-260.201209184028,-3.475775896728,-688.203627552090,-0.593821679615,6.744191919192,-7.009595959596,4.599999999999,-4.825000000000,1.434343434343,1.464646464646,-16.422467917459,12.272591751126,0.653788304068,0.324903318487,0.000000000000,0.000000000000
R1I05_boll_reentry_64_z225,bollinger_reentry_reversion,0960cc1c912a5fc793e2a6f8adf301e5a174897f52bbc77e78cf19fe0de056b6,2,1,140,0.492857142857,0.480357142857,-0.142426302068,-19.939682289489,-2.387993191918,-334.319046868544,-0.151279090021,9.330714285714,-10.577500000000,6.100000000001,-7.025000000002,1.435714285714,1.457142857143,-20.741180743249,20.109638652717,0.970176294947,0.601848400408,0.000000000000,0.000000000000
R1I05_boll_reentry_64_z225,bollinger_reentry_reversion,0960cc1c912a5fc793e2a6f8adf301e5a174897f52bbc77e78cf19fe0de056b6,3,-1,198,0.373737373737,-1.975000000000,-2.555814187798,-506.051209184047,-4.717442563394,-934.053627552108,-1.997840172787,8.735606060606,-9.079797979798,5.350000000000,-6.025000000001,1.853535353535,2.075757575758,-22.478512345248,12.996343037541,0.529453644497,0.318963738866,0.000000000000,0.000000000000
R1I05_boll_reentry_64_z225,bollinger_reentry_reversion,0960cc1c912a5fc793e2a6f8adf301e5a174897f52bbc77e78cf19fe0de056b6,3,1,140,0.521428571429,-0.042857142857,-0.665640587782,-93.189682289514,-2.911207477633,-407.569046868569,0.822550375346,11.235714285714,-13.839285714286,8.025000000001,-8.550000000000,1.971428571429,1.892857142857,-26.442883685150,22.707031281664,0.890146750538,0.595125871025,0.000000000000,0.000000000000
R1I05_boll_reentry_64_z225,bollinger_reentry_reversion,0960cc1c912a5fc793e2a6f8adf301e5a174897f52bbc77e78cf19fe0de056b6,4,-1,198,0.398989898990,-1.160101010101,-1.740915197899,-344.701209184034,-3.902543573495,-772.703627552095,-1.387516733602,10.245454545454,-10.331313131313,5.999999999999,-7.200000000000,2.207070707071,2.525252525253,-24.606316676294,14.076661987039,0.696158018587,0.452089283031,0.000000000000,0.000000000000
R1I05_boll_reentry_64_z225,bollinger_reentry_reversion,0960cc1c912a5fc793e2a6f8adf301e5a174897f52bbc77e78cf19fe0de056b6,4,1,140,0.514285714286,-0.541428571428,-1.164212016354,-162.989682289514,-3.409778906204,-477.369046868569,0.513870350016,12.996428571429,-16.185714285714,9.250000000002,-9.350000000001,2.485714285714,2.207142857143,-34.546442355267,29.891894291579,0.844240229860,0.605875449040,0.000000000000,0.000000000000
R1I05_boll_reentry_64_z225,bollinger_reentry_reversion,0960cc1c912a5fc793e2a6f8adf301e5a174897f52bbc77e78cf19fe0de056b6,6,-1,198,0.414141414141,-1.283838383838,-1.864652571637,-369.201209184043,-4.026280947233,-797.203627552104,-3.714715283301,13.301262626263,-12.696717171717,7.850000000001,-8.574999999999,3.000000000000,3.666666666667,-28.590918601633,16.686097058825,0.750277918106,0.543664414271,0.000000000000,0.000000000000
R1I05_boll_reentry_64_z225,bollinger_reentry_reversion,0960cc1c912a5fc793e2a6f8adf301e5a174897f52bbc77e78cf19fe0de056b6,6,1,140,0.535714285714,-0.768928571428,-1.391712016354,-194.839682289500,-3.637278906204,-509.219046868555,1.140100913023,15.445714285715,-20.203928571429,10.475000000001,-11.525000000002,3.292857142857,3.321428571429,-43.864023659891,35.265301290342,0.846054258229,0.642058273048,0.000000000000,0.000000000000
R1I05_boll_reentry_64_z225,bollinger_reentry_reversion,0960cc1c912a5fc793e2a6f8adf301e5a174897f52bbc77e78cf19fe0de056b6,8,-1,198,0.378787878788,-2.530555555556,-3.111369743354,-616.051209184037,-5.272998118950,-1044.053627552099,-3.214857015193,15.406818181818,-15.017929292929,8.875000000000,-11.000000000000,3.772727272727,4.712121212121,-35.462554997462,21.485572527703,0.655603955980,0.496554701421,0.000000000000,0.000000000000
R1I05_boll_reentry_64_z225,bollinger_reentry_reversion,0960cc1c912a5fc793e2a6f8adf301e5a174897f52bbc77e78cf19fe0de056b6,8,1,140,0.528571428571,-1.999285714286,-2.622069159211,-367.089682289528,-4.867636049061,-681.469046868583,0.696938988720,17.213571428572,-22.971785714286,11.350000000000,-12.100000000000,4.442857142857,3.964285714286,-51.905213800556,33.295499260451,0.751341298169,0.583771555267,0.000000000000,0.000000000000
R1I05_boll_reentry_64_z225,bollinger_reentry_reversion,0960cc1c912a5fc793e2a6f8adf301e5a174897f52bbc77e78cf19fe0de056b6,12,-1,198,0.363636363636,-5.490151515152,-6.070965702950,-1202.051209184039,-8.232594078546,-1630.053627552101,-5.424999999997,17.566161616161,-19.297727272727,10.699999999999,-13.000000000001,5.217171717172,6.858585858586,-45.832551639224,23.530283610789,0.513318346170,0.407751591008,0.000000000000,0.000000000000
R1I05_boll_reentry_64_z225,bollinger_reentry_reversion,0960cc1c912a5fc793e2a6f8adf301e5a174897f52bbc77e78cf19fe0de056b6,12,1,140,0.614285714286,-0.452857142857,-1.075640587782,-150.589682289535,-3.321207477633,-464.969046868590,2.982092426188,20.658928571429,-26.945714285714,15.999999999997,-13.225000000001,6.528571428571,5.407142857143,-64.023614965315,39.030717789932,0.903871027874,0.727108243680,0.000000000000,0.000000000000
R1I05_boll_reentry_64_z225,bollinger_reentry_reversion,0960cc1c912a5fc793e2a6f8adf301e5a174897f52bbc77e78cf19fe0de056b6,16,-1,198,0.409090909091,-5.565909090909,-6.146723278707,-1217.051209184022,-8.308351654303,-1645.053627552084,-5.067138790414,19.928030303030,-23.059848484848,11.674999999998,-16.400000000002,6.868686868687,9.060606060606,-52.053346434346,34.264985418016,0.579915870759,0.479292064048,0.000000000000,0.000000000000
R1I05_boll_reentry_64_z225,bollinger_reentry_reversion,0960cc1c912a5fc793e2a6f8adf301e5a174897f52bbc77e78cf19fe0de056b6,16,1,140,0.614285714286,0.241785714286,-0.380997730639,-53.339682289487,-2.626564620490,-367.719046868542,5.875000000000,23.062500000000,-29.283928571429,17.925000000000,-14.000000000001,8.821428571429,6.842857142857,-62.144223659893,42.611258086084,0.968934556235,0.801122064427,0.000000000000,0.000000000000
R1I05_boll_reentry_64_z225,bollinger_reentry_reversion,0960cc1c912a5fc793e2a6f8adf301e5a174897f52bbc77e78cf19fe0de056b6,24,-1,198,0.328282828283,-11.866414141414,-12.447228329212,-2464.551209184061,-14.608856704809,-2892.553627552124,-8.188301693176,23.741666666666,-30.359595959596,14.350000000002,-21.500000000000,10.030303030303,14.242424242424,-79.491588263821,37.279170615516,0.370841919382,0.313938002456,0.000000000000,0.000000000000
R1I05_boll_reentry_64_z225,bollinger_reentry_reversion,0960cc1c912a5fc793e2a6f8adf301e5a174897f52bbc77e78cf19fe0de056b6,24,1,140,0.592857142857,0.463928571428,-0.158854873497,-22.239682289543,-2.404421763347,-336.619046868598,8.275000000000,28.963214285715,-36.350714285714,21.100000000001,-17.300000000002,12.771428571429,9.100000000000,-78.118665191741,64.555582191781,0.990461789237,0.863556033914,0.000000000000,0.000000000000
R1I05_boll_reentry_64_z225,bollinger_reentry_reversion,0960cc1c912a5fc793e2a6f8adf301e5a174897f52bbc77e78cf19fe0de056b6,32,-1,197,0.355329949239,-12.966497461929,-13.547721874031,-2668.901209184021,-15.710170698234,-3094.903627552083,-9.299999999999,27.759898477157,-36.996192893401,17.050000000000,-23.950000000002,13.873096446701,18.705583756345,-103.658794946550,54.073901599071,0.414934082830,0.360238123491,0.000000000000,0.000000000000
R1I05_boll_reentry_64_z225,bollinger_reentry_reversion,0960cc1c912a5fc793e2a6f8adf301e5a174897f52bbc77e78cf19fe0de056b6,32,1,137,0.583941605839,0.830656934307,0.225116076058,30.840902419981,-1.985965640439,-272.077292740116,7.600000000002,32.968248175183,-40.863503649635,23.100000000002,-20.949999999999,16.401459854015,13.211678832117,-82.554660766960,80.719485124849,1.013125173924,0.890178414179,0.000000000000,0.000000000000
R1I05_boll_reentry_64_z225,bollinger_reentry_reversion,0960cc1c912a5fc793e2a6f8adf301e5a174897f52bbc77e78cf19fe0de056b6,48,-1,194,0.371134020619,-14.271134020619,-14.853167826638,-2881.514558367843,-17.017235438678,-3301.343675103533,-10.539857015193,33.177061855670,-44.602061855670,21.225000000000,-29.950000000002,19.510309278351,26.159793814433,-119.484183734940,52.616590909092,0.449924304593,0.400381947354,0.000000000000,0.000000000000
R1I05_boll_reentry_64_z225,bollinger_reentry_reversion,0960cc1c912a5fc793e2a6f8adf301e5a174897f52bbc77e78cf19fe0de056b6,48,1,135,0.511111111111,-3.649629629630,-4.255917977603,-574.548926976370,-6.468494673549,-873.246780929118,0.624021117466,35.812222222222,-50.382592592592,24.500000000000,-28.399999999999,22.044444444444,21.770370370370,-123.535480591498,88.813411774320,0.815451484030,0.732407570494,0.000000000000,0.000000000000
R1J01_shockrev_1_x15,return_shock_reversal,1e394077ccbd99f2be76b7f430b03d91032f20bea5ab8ad6fbefd076397b966c,1,-1,88,0.454545454545,-1.480113636364,-2.137480423200,-188.098277241607,-4.452213996873,-391.794831724803,-0.615414866955,6.313068181818,-7.357386363637,4.024999999999,-4.549999999998,0.988636363636,0.977272727273,-20.516437488752,10.944652211417,0.508069337042,0.244387954318,0.000000000000,0.000000000000
R1J01_shockrev_1_x15,return_shock_reversal,1e394077ccbd99f2be76b7f430b03d91032f20bea5ab8ad6fbefd076397b966c,1,1,122,0.483606557377,-0.924180327869,-1.549290943893,-189.013495154993,-3.799512175943,-463.540485464990,-0.355442255186,6.675000000000,-8.994672131148,4.700000000004,-4.350000000001,0.991803278689,0.950819672131,-17.603844998695,13.020598410702,0.660172041023,0.348910920208,0.000000000000,0.000000000000
R1J01_shockrev_1_x15,return_shock_reversal,1e394077ccbd99f2be76b7f430b03d91032f20bea5ab8ad6fbefd076397b966c,2,-1,88,0.363636363636,-2.593181818182,-3.250548605018,-286.048277241627,-5.565282178691,-489.744831724823,-3.098199506536,10.922159090909,-10.996022727273,5.349999999999,-6.774999999999,1.386363636364,1.590909090909,-29.702519038506,17.653153926872,0.556324853654,0.371321336027,0.000000000000,0.000000000000
R1J01_shockrev_1_x15,return_shock_reversal,1e394077ccbd99f2be76b7f430b03d91032f20bea5ab8ad6fbefd076397b966c,2,1,122,0.581967213115,0.430327868852,-0.194782747172,-23.763495155009,-2.445003979221,-298.290485465006,1.155297542043,9.412704918033,-11.569672131148,6.574999999999,-5.374999999999,1.524590163934,1.336065573770,-17.965932560168,15.932863749230,0.957704926174,0.568789679637,0.000000000000,0.000000000000
R1J01_shockrev_1_x15,return_shock_reversal,1e394077ccbd99f2be76b7f430b03d91032f20bea5ab8ad6fbefd076397b966c,3,-1,88,0.363636363636,-3.835795454546,-4.493162241382,-395.398277241628,-6.807895815055,-599.094831724824,-3.061623045019,12.488068181818,-13.559659090909,6.799999999998,-8.850000000001,1.750000000000,2.204545454545,-33.023327507434,27.287973572395,0.481915388297,0.336263769440,0.000000000000,0.000000000000
R1J01_shockrev_1_x15,return_shock_reversal,1e394077ccbd99f2be76b7f430b03d91032f20bea5ab8ad6fbefd076397b966c,3,1,122,0.516393442623,0.644672131148,0.019561515123,2.386504845000,-2.230659716926,-272.140485464996,0.382365701557,11.492622950820,-13.675000000000,8.175000000001,-7.050000000000,2.000000000000,1.836065573770,-21.994386694277,22.728346526814,1.003433203970,0.673833203767,0.000000000000,0.000000000000
R1J01_shockrev_1_x15,return_shock_reversal,1e394077ccbd99f2be76b7f430b03d91032f20bea5ab8ad6fbefd076397b966c,4,-1,88,0.318181818182,-6.877840909091,-7.535207695927,-663.098277241619,-9.849941269600,-866.794831724815,-4.559566038599,13.342613636363,-16.509659090909,7.375000000000,-11.725000000001,2.113636363636,2.761363636364,-34.045374565845,19.106031754140,0.334938140421,0.241246783241,0.000000000000,0.000000000000
R1J01_shockrev_1_x15,return_shock_reversal,1e394077ccbd99f2be76b7f430b03d91032f20bea5ab8ad6fbefd076397b966c,4,1,122,0.581967213115,2.206147540984,1.581036924959,192.886504845001,-0.669184307090,-81.640485464996,1.852442581810,13.306147540984,-14.731147540984,8.799999999998,-8.099999999999,2.557377049180,2.114754098361,-22.945603791514,24.990414798205,1.294434069519,0.895345898097,0.000000000000,0.000000000000
R1J01_shockrev_1_x15,return_shock_reversal,1e394077ccbd99f2be76b7f430b03d91032f20bea5ab8ad6fbefd076397b966c,6,-1,88,0.284090909091,-7.532954545455,-8.190321332291,-720.748277241608,-10.505054905964,-924.444831724804,-6.301231060607,15.654545454545,-19.057954545455,7.750000000000,-11.824999999999,2.568181818182,3.659090909091,-57.560987260602,26.971134419876,0.413415227737,0.329399637048,0.000000000000,0.000000000000
R1J01_shockrev_1_x15,return_shock_reversal,1e394077ccbd99f2be76b7f430b03d91032f20bea5ab8ad6fbefd076397b966c,6,1,122,0.614754098361,3.805737704918,3.180627088893,388.036504844976,0.930405856844,113.509514534979,2.252865671642,16.437704918033,-16.797131147541,11.699999999999,-10.475000000001,3.745901639344,2.877049180328,-27.184811571862,34.490554066078,1.570786112388,1.142234158899,0.000000000000,0.000000000000
R1J01_shockrev_1_x15,return_shock_reversal,1e394077ccbd99f2be76b7f430b03d91032f20bea5ab8ad6fbefd076397b966c,8,-1,88,0.375000000000,-6.811931818182,-7.469298605018,-657.298277241602,-9.784032178691,-860.994831724798,-4.515641432818,17.181818181818,-21.740340909091,8.575000000000,-12.475000000001,3.318181818182,4.875000000000,-50.664746300923,25.216134419876,0.433287242679,0.333124907488,0.000000000000,0.000000000000
R1J01_shockrev_1_x15,return_shock_reversal,1e394077ccbd99f2be76b7f430b03d91032f20bea5ab8ad6fbefd076397b966c,8,1,122,0.581967213115,2.599180327869,1.974069711844,240.836504845009,-0.276151520205,-33.690485464988,3.843564277049,17.946311475410,-18.062704918033,13.874999999999,-11.624999999999,4.622950819672,3.442622950820,-29.061974847043,34.050303635637,1.282461153744,0.965354302932,0.000000000000,0.000000000000
R1J01_shockrev_1_x15,return_shock_reversal,1e394077ccbd99f2be76b7f430b03d91032f20bea5ab8ad6fbefd076397b966c,12,-1,88,0.306818181818,-10.957386363637,-11.614753150473,-1022.098277241613,-13.929486724146,-1225.794831724809,-6.267525318191,18.997159090909,-25.026136363637,10.175000000000,-12.750000000001,4.704545454545,6.420454545455,-62.727090902201,21.865155065224,0.284753267415,0.222572370244,0.000000000000,0.000000000000
R1J01_shockrev_1_x15,return_shock_reversal,1e394077ccbd99f2be76b7f430b03d91032f20bea5ab8ad6fbefd076397b966c,12,1,122,0.573770491803,2.975819672131,2.350709056107,286.786504845008,0.100487824057,12.259514535011,2.747118336874,21.203688524590,-22.047540983607,15.350000000001,-13.925000000000,6.114754098361,4.696721311475,-50.927862920611,38.052558982590,1.286407402069,1.010843384422,0.000000000000,0.000000000000
R1J01_shockrev_1_x15,return_shock_reversal,1e394077ccbd99f2be76b7f430b03d91032f20bea5ab8ad6fbefd076397b966c,16,-1,88,0.352272727273,-10.492613636364,-11.149980423200,-981.198277241626,-13.464713996873,-1184.894831724822,-8.074759125684,20.980681818181,-27.592613636364,10.950000000001,-15.825000000001,5.920454545455,8.352272727273,-62.384208516038,28.739876995358,0.382439823118,0.312143714282,0.000000000000,0.000000000000
R1J01_shockrev_1_x15,return_shock_reversal,1e394077ccbd99f2be76b7f430b03d91032f20bea5ab8ad6fbefd076397b966c,16,1,122,0.606557377049,4.321721311475,3.696610695451,450.986504844965,1.446389463401,176.459514534968,4.870848231907,23.865573770492,-24.744262295082,17.550000000000,-16.299999999997,8.114754098361,5.934426229508,-50.287111358282,50.638125610655,1.433190972084,1.152680151505,0.000000000000,0.000000000000
R1J01_shockrev_1_x15,return_shock_reversal,1e394077ccbd99f2be76b7f430b03d91032f20bea5ab8ad6fbefd076397b966c,24,-1,88,0.306818181818,-14.524431818182,-15.181798605018,-1335.998277241606,-17.496532178691,-1539.694831724802,-11.182896019443,25.595454545454,-33.424431818182,13.950000000001,-20.325000000001,9.261363636364,14.000000000000,-79.178828861359,57.093891368671,0.331479209661,0.282021462504,0.000000000000,0.000000000000
R1J01_shockrev_1_x15,return_shock_reversal,1e394077ccbd99f2be76b7f430b03d91032f20bea5ab8ad6fbefd076397b966c,24,1,122,0.598360655738,1.726639344262,1.101528728238,134.386504845008,-1.148692503811,-140.140485464989,4.468637782404,27.909836065574,-30.848770491803,18.400000000000,-19.175000000001,12.516393442623,8.877049180328,-66.521314962025,56.147436591443,1.082664428810,0.919574255839,0.000000000000,0.000000000000
R1J01_shockrev_1_x15,return_shock_reversal,1e394077ccbd99f2be76b7f430b03d91032f20bea5ab8ad6fbefd076397b966c,32,-1,88,0.306818181818,-18.653977272728,-19.311344059564,-1699.398277241636,-21.626077633237,-1903.094831724832,-11.081298549718,28.479545454545,-38.656250000000,14.500000000001,-25.000000000001,11.852272727273,18.284090909091,-87.551494755164,45.198439629945,0.304392428184,0.264259874198,0.000000000000,0.000000000000
R1J01_shockrev_1_x15,return_shock_reversal,1e394077ccbd99f2be76b7f430b03d91032f20bea5ab8ad6fbefd076397b966c,32,1,121,0.603305785124,-1.338016528926,-1.962497356938,-237.462180189447,-4.211459012961,-509.586540568323,5.168596491230,30.925206611570,-40.318595041322,18.950000000001,-21.199999999999,15.495867768595,12.504132231405,-91.100000000001,72.563371537728,0.885390898073,0.766799217315,0.000000000000,0.000000000000
R1J01_shockrev_1_x15,return_shock_reversal,1e394077ccbd99f2be76b7f430b03d91032f20bea5ab8ad6fbefd076397b966c,48,-1,88,0.306818181818,-23.577840909091,-24.235207695927,-2132.698277241605,-26.549941269600,-2336.394831724800,-21.082609206201,34.005681818181,-50.117045454546,18.924999999999,-36.150000000001,18.000000000000,30.215909090909,-132.950191093397,75.734740583782,0.329860575219,0.297255595576,0.000000000000,0.000000000000
R1J01_shockrev_1_x15,return_shock_reversal,1e394077ccbd99f2be76b7f430b03d91032f20bea5ab8ad6fbefd076397b966c,48,1,121,0.504132231405,-1.091735537190,-1.716216365202,-207.662180189443,-3.965178021226,-479.786540568320,0.546880998082,36.934710743802,-46.407438016529,24.199999999996,-25.250000000000,23.355371900826,20.297520661157,-122.564972273569,91.863371537726,0.916835312024,0.817935627722,0.000000000000,0.000000000000
R1J02_shockrev_2_x15,return_shock_reversal,d27511da469608e0d7a00aa2f9d0ff80cc4a942f8c9902929d15dc4c2df6b536,1,-1,254,0.452755905512,-0.098622047244,-0.705548526943,-179.209325843511,-2.919401486341,-741.527977530507,-0.676805949008,6.741732283464,-6.288188976378,4.124999999999,-4.075000000000,0.968503937008,0.988188976378,-15.423275689902,14.132577775086,0.793577729410,0.392266579744,0.000000000000,0.000000000000
R1J02_shockrev_2_x15,return_shock_reversal,d27511da469608e0d7a00aa2f9d0ff80cc4a942f8c9902929d15dc4c2df6b536,1,1,268,0.455223880597,-0.550000000000,-1.152257531432,-308.805018423776,-3.356772594296,-899.615055271313,-0.720754917738,6.225932835821,-7.211567164179,4.300000000001,-4.350000000001,0.977611940299,0.977611940299,-16.466756535946,13.015271824222,0.711379415231,0.368499232059,0.000000000000,0.000000000000
R1J02_shockrev_2_x15,return_shock_reversal,d27511da469608e0d7a00aa2f9d0ff80cc4a942f8c9902929d15dc4c2df6b536,2,-1,254,0.421259842520,-0.827165354331,-1.434091834030,-364.259325843552,-3.647944793427,-926.577977530548,-1.399999999999,9.577755905512,-8.828346456693,5.650000000001,-6.224999999999,1.401574803150,1.503937007874,-20.008885768292,16.184575014448,0.721175745459,0.439409801070,0.000000000000,0.000000000000
R1J02_shockrev_2_x15,return_shock_reversal,d27511da469608e0d7a00aa2f9d0ff80cc4a942f8c9902929d15dc4c2df6b536,2,1,268,0.563432835821,-0.089925373134,-0.692182904566,-185.505018423813,-2.896697967430,-776.315055271350,0.880506110784,8.564365671642,-9.911753731343,6.174999999999,-5.799999999999,1.485074626866,1.406716417910,-22.104441114774,15.964344134750,0.856561417836,0.512320888824,0.000000000000,0.000000000000
R1J02_shockrev_2_x15,return_shock_reversal,d27511da469608e0d7a00aa2f9d0ff80cc4a942f8c9902929d15dc4c2df6b536,3,-1,254,0.417322834646,-2.012992125984,-2.619918605683,-665.459325843489,-4.833771565081,-1227.777977530485,-2.308476454297,10.913976377953,-10.653149606299,7.475000000001,-7.700000000001,1.799212598425,2.003937007874,-26.648131181824,19.288818292502,0.584482138023,0.368783498276,0.000000000000,0.000000000000
R1J02_shockrev_2_x15,return_shock_reversal,d27511da469608e0d7a00aa2f9d0ff80cc4a942f8c9902929d15dc4c2df6b536,3,1,268,0.518656716418,0.229104477612,-0.373153053820,-100.005018423762,-2.577668116684,-690.815055271299,0.732483847811,10.619776119403,-11.905037313433,7.675000000000,-7.150000000000,2.033582089552,1.843283582090,-25.397979670471,20.562943217751,0.931318942558,0.607388604626,0.000000000000,0.000000000000
R1J02_shockrev_2_x15,return_shock_reversal,d27511da469608e0d7a00aa2f9d0ff80cc4a942f8c9902929d15dc4c2df6b536,4,-1,254,0.401574803150,-2.776574803150,-3.383501282849,-859.409325843522,-5.597354242246,-1421.727977530517,-3.163735810246,11.969881889764,-12.612204724410,7.825000000000,-9.675000000004,2.094488188976,2.555118110236,-30.817500000002,19.233913624745,0.564353343125,0.391309827020,0.000000000000,0.000000000000
R1J02_shockrev_2_x15,return_shock_reversal,d27511da469608e0d7a00aa2f9d0ff80cc4a942f8c9902929d15dc4c2df6b536,4,1,268,0.541044776119,0.346828358209,-0.255429173223,-68.455018423769,-2.459944236087,-659.265055271307,0.686848259201,12.657462686567,-13.660447761194,8.950000000002,-8.400000000000,2.488805970149,2.194029850746,-28.507627852980,25.596013478485,0.957036134437,0.652185848053,0.000000000000,0.000000000000
R1J02_shockrev_2_x15,return_shock_reversal,d27511da469608e0d7a00aa2f9d0ff80cc4a942f8c9902929d15dc4c2df6b536,6,-1,254,0.370078740157,-3.007086614173,-3.614013093872,-917.959325843476,-5.827866053270,-1480.277977530472,-3.674536663981,13.825196850393,-15.350590551181,8.425000000003,-11.250000000001,2.783464566929,3.523622047244,-35.248649645832,26.409554038463,0.604900807304,0.450121136878,0.000000000000,0.000000000000
R1J02_shockrev_2_x15,return_shock_reversal,d27511da469608e0d7a00aa2f9d0ff80cc4a942f8c9902929d15dc4c2df6b536,6,1,268,0.567164179104,0.875000000000,0.272742468568,73.094981576211,-1.931772594296,-517.715055271326,1.177139575098,15.461567164179,-16.878544776120,11.075000000001,-11.225000000000,3.533582089552,3.041044776119,-32.638350594869,31.798577503045,1.037211823292,0.770182482505,0.000000000000,0.000000000000
R1J02_shockrev_2_x15,return_shock_reversal,d27511da469608e0d7a00aa2f9d0ff80cc4a942f8c9902929d15dc4c2df6b536,8,-1,254,0.370078740157,-4.050984251969,-4.657910731667,-1183.109325843510,-6.871763691065,-1745.427977530506,-3.300000000002,15.509645669291,-17.329724409449,9.749999999998,-12.399999999998,3.503937007874,4.641732283465,-38.252341614927,27.476692919209,0.542205553914,0.410584144962,0.000000000000,0.000000000000
R1J02_shockrev_2_x15,return_shock_reversal,d27511da469608e0d7a00aa2f9d0ff80cc4a942f8c9902929d15dc4c2df6b536,8,1,268,0.567164179104,2.100186567164,1.497929035732,401.444981576226,-0.706586027132,-189.365055271311,2.814321197207,17.352798507463,-18.607276119403,12.124999999999,-11.800000000001,4.537313432836,3.697761194030,-30.541914939698,37.438549853812,1.198346351403,0.917517775944,0.000000000000,0.000000000000
R1J02_shockrev_2_x15,return_shock_reversal,d27511da469608e0d7a00aa2f9d0ff80cc4a942f8c9902929d15dc4c2df6b536,12,-1,254,0.330708661417,-6.641732283465,-7.248658763163,-1841.159325843490,-9.462511722561,-2403.477977530486,-5.958878062682,17.221456692913,-20.610039370079,11.524999999997,-14.274999999999,5.023622047244,6.787401574803,-48.020737796523,28.483092942812,0.443886807730,0.349198749704,0.000000000000,0.000000000000
R1J02_shockrev_2_x15,return_shock_reversal,d27511da469608e0d7a00aa2f9d0ff80cc4a942f8c9902929d15dc4c2df6b536,12,1,268,0.589552238806,2.567723880597,1.965466349165,526.744981576242,-0.239048713699,-64.065055271295,3.016455294864,20.620708955224,-22.092164179105,15.450000000000,-13.975000000001,6.320895522388,5.104477611940,-49.049625236861,40.465907295393,1.219271448008,0.975971444181,0.000000000000,0.000000000000
R1J02_shockrev_2_x15,return_shock_reversal,d27511da469608e0d7a00aa2f9d0ff80cc4a942f8c9902929d15dc4c2df6b536,16,-1,254,0.385826771654,-5.820669291339,-6.427595771037,-1632.609325843499,-8.641448730435,-2194.927977530494,-6.251444759944,19.342913385827,-23.137992125984,12.875000000001,-17.475000000002,6.389763779528,8.704724409449,-50.505320096254,29.782610540185,0.520978415309,0.417708797084,0.000000000000,0.000000000000
R1J02_shockrev_2_x15,return_shock_reversal,d27511da469608e0d7a00aa2f9d0ff80cc4a942f8c9902929d15dc4c2df6b536,16,1,268,0.615671641791,2.110820895522,1.508563364090,404.294981576215,-0.695951698774,-186.515055271322,4.640935166471,23.350932835821,-25.575186567164,17.375000000000,-15.500000000000,8.544776119403,6.697761194030,-57.451483036895,49.777091133005,1.138377315531,0.941021928685,0.000000000000,0.000000000000
R1J02_shockrev_2_x15,return_shock_reversal,d27511da469608e0d7a00aa2f9d0ff80cc4a942f8c9902929d15dc4c2df6b536,24,-1,254,0.350393700787,-8.218110236221,-8.825036715919,-2241.559325843517,-11.038889675317,-2803.877977530513,-9.240099833611,25.965354330709,-30.010629921260,14.975000000001,-22.124999999998,10.094488188976,13.263779527559,-70.836094665233,61.358553469128,0.524277629961,0.449057749201,0.000000000000,0.000000000000
R1J02_shockrev_2_x15,return_shock_reversal,d27511da469608e0d7a00aa2f9d0ff80cc4a942f8c9902929d15dc4c2df6b536,24,1,268,0.593283582090,4.297201492537,3.694943961105,990.244981576249,1.490428898241,399.434944728712,4.633296071542,28.172947761194,-30.390298507463,19.799999999999,-17.749999999999,12.865671641791,9.798507462687,-66.398980518940,59.467089753360,1.312398350636,1.116668627045,0.000000000000,0.000000000000
R1J02_shockrev_2_x15,return_shock_reversal,d27511da469608e0d7a00aa2f9d0ff80cc4a942f8c9902929d15dc4c2df6b536,32,-1,253,0.339920948617,-11.528853754941,-12.135648595704,-3070.319094713135,-14.349238277231,-3630.357284139387,-11.419113372095,29.600000000000,-35.504743083004,15.799999999999,-25.050000000002,12.703557312253,18.067193675889,-86.922894797548,68.589476263993,0.457438163824,0.398624118923,0.000000000000,0.000000000000
R1J02_shockrev_2_x15,return_shock_reversal,d27511da469608e0d7a00aa2f9d0ff80cc4a942f8c9902929d15dc4c2df6b536,32,1,266,0.597744360902,2.776691729323,2.174711844878,578.473350737599,-0.029247924012,-7.779947787209,5.724758452185,33.247180451128,-36.443796992481,23.150000000001,-20.124999999999,17.214285714286,12.672932330827,-91.069791666667,72.297528653296,1.136737723149,0.998262451678,0.000000000000,0.000000000000
R1J02_shockrev_2_x15,return_shock_reversal,d27511da469608e0d7a00aa2f9d0ff80cc4a942f8c9902929d15dc4c2df6b536,48,-1,253,0.324110671937,-13.311264822134,-13.918059662898,-3521.269094713113,-16.131649344424,-4081.307284139365,-14.799324975892,37.131818181818,-45.580830039526,19.799999999998,-32.049999999998,20.217391304348,27.830039525692,-106.765923119110,82.234103086415,0.512875118833,0.463828901516,0.000000000000,0.000000000000
R1J02_shockrev_2_x15,return_shock_reversal,d27511da469608e0d7a00aa2f9d0ff80cc4a942f8c9902929d15dc4c2df6b536,48,1,262,0.580152671756,1.963167938931,1.360657499776,356.492264941234,-0.844363378536,-221.223205176331,5.385313979519,39.247328244275,-43.140076335878,28.600000000000,-23.050000000002,24.862595419847,20.099236641221,-122.115467937196,98.760328815869,1.067781712885,0.959848236358,0.000000000000,0.000000000000
R1J03_shockrev_4_x15,return_shock_reversal,93a643c601fb56d8094588d62490f9d3767e176c52c25599d282a9cf40fd75b2,1,-1,458,0.414847161572,-0.706441048035,-1.308601277721,-599.339385196052,-3.512921737092,-1608.918155588132,-1.260317277250,5.983515283843,-5.954257641921,3.700000000001,-3.949999999999,0.960698689956,0.980349344978,-13.575475206612,10.389598460301,0.626458327068,0.288961430809,0.000000000000,0.000000000000
R1J03_shockrev_4_x15,return_shock_reversal,93a643c601fb56d8094588d62490f9d3767e176c52c25599d282a9cf40fd75b2,1,1,482,0.485477178423,-0.014730290456,-0.630162130458,-303.738146880714,-2.861025810461,-1379.014440642085,-0.273791675466,6.233609958506,-6.670228215768,4.424999999998,-3.650000000002,0.970954356846,0.964730290456,-15.208695301840,13.099512315270,0.825635108228,0.415849403779,0.000000000000,0.000000000000
R1J03_shockrev_4_x15,return_shock_reversal,93a643c601fb56d8094588d62490f9d3767e176c52c25599d282a9cf40fd75b2,2,-1,458,0.410480349345,-1.013209606987,-1.615369836673,-739.839385196109,-3.819690296044,-1749.418155588188,-1.628294223825,8.769978165939,-8.441266375546,5.250000000001,-6.050000000000,1.403930131004,1.510917030568,-20.411737129218,15.111661269429,0.679162541087,0.406231230497,0.000000000000,0.000000000000
R1J03_shockrev_4_x15,return_shock_reversal,93a643c601fb56d8094588d62490f9d3767e176c52c25599d282a9cf40fd75b2,2,1,482,0.508298755187,0.188485477178,-0.426946362823,-205.788146880694,-2.657810042826,-1281.064440642065,0.176717032967,8.563485477178,-9.354771784232,5.775000000000,-5.549999999999,1.483402489627,1.417012448133,-22.430997969059,16.819792380132,0.906175897162,0.538982744182,0.000000000000,0.000000000000
R1J03_shockrev_4_x15,return_shock_reversal,93a643c601fb56d8094588d62490f9d3767e176c52c25599d282a9cf40fd75b2,3,-1,458,0.410480349345,-1.319759825328,-1.921920055013,-880.239385196071,-4.126240514385,-1889.818155588151,-1.832066536693,10.296179039301,-10.090502183406,6.225000000001,-7.174999999999,1.796943231441,2.010917030568,-24.695180955206,18.583816016939,0.673558968550,0.432468600696,0.000000000000,0.000000000000
R1J03_shockrev_4_x15,return_shock_reversal,93a643c601fb56d8094588d62490f9d3767e176c52c25599d282a9cf40fd75b2,3,1,482,0.520746887967,0.304460580913,-0.310971259089,-149.888146880717,-2.541834939091,-1225.164440642088,0.265691279618,10.356742738589,-11.492323651452,7.199999999999,-6.900000000002,1.985477178423,1.877593360996,-23.491202274976,21.392678958777,0.938713765239,0.596488590868,0.000000000000,0.000000000000
R1J03_shockrev_4_x15,return_shock_reversal,93a643c601fb56d8094588d62490f9d3767e176c52c25599d282a9cf40fd75b2,4,-1,458,0.434497816594,-1.125327510917,-1.727487740603,-791.189385196054,-3.931808199974,-1800.768155588134,-1.956649960339,11.896943231441,-11.557096069869,7.249999999999,-8.175000000000,2.205240174672,2.489082969432,-27.967768377764,19.106282039394,0.741173376078,0.509669381771,0.000000000000,0.000000000000
R1J03_shockrev_4_x15,return_shock_reversal,93a643c601fb56d8094588d62490f9d3767e176c52c25599d282a9cf40fd75b2,4,1,482,0.518672199170,-0.069813278008,-0.685245118010,-330.288146880743,-2.916108798013,-1405.564440642114,0.440375260600,11.694190871369,-13.412136929461,8.175000000000,-7.875000000000,2.439834024896,2.273858921162,-27.645372743594,22.496934916446,0.886993543505,0.598172680036,0.000000000000,0.000000000000
R1J03_shockrev_4_x15,return_shock_reversal,93a643c601fb56d8094588d62490f9d3767e176c52c25599d282a9cf40fd75b2,6,-1,458,0.401746724891,-1.270305676856,-1.872465906541,-857.589385195984,-4.076786365913,-1867.168155588064,-2.783273561107,14.151965065502,-13.989847161572,8.324999999998,-10.150000000000,2.893013100437,3.384279475983,-32.211562861827,26.404780302200,0.762405272136,0.559404000889,0.000000000000,0.000000000000
R1J03_shockrev_4_x15,return_shock_reversal,93a643c601fb56d8094588d62490f9d3767e176c52c25599d282a9cf40fd75b2,6,1,482,0.560165975104,0.954045643153,0.338613803152,163.211853119283,-1.892249876851,-912.064440642088,1.350000000002,14.357780082988,-16.755082987552,10.300000000001,-10.250000000001,3.419087136929,3.020746887967,-32.502383973415,32.947413051650,1.048088156099,0.767536451025,0.000000000000,0.000000000000
R1J03_shockrev_4_x15,return_shock_reversal,93a643c601fb56d8094588d62490f9d3767e176c52c25599d282a9cf40fd75b2,8,-1,457,0.417943107221,-1.697921225383,-2.296803906337,-1049.639385196015,-4.494569268245,-2054.018155588095,-2.555061179086,16.328227571116,-15.950328227571,9.700000000001,-11.400000000000,3.654266958425,4.435448577681,-35.612247293385,27.775307227000,0.744557641026,0.565921501250,0.000000000000,0.000000000000
R1J03_shockrev_4_x15,return_shock_reversal,93a643c601fb56d8094588d62490f9d3767e176c52c25599d282a9cf40fd75b2,8,1,482,0.562240663900,1.784439834025,1.169007994023,563.461853119280,-1.061855685979,-511.814440642092,2.681997093805,16.512136929461,-18.442531120332,12.050000000001,-10.925000000002,4.524896265560,3.676348547718,-32.077515684478,37.552093017665,1.157851154667,0.874536567208,0.000000000000,0.000000000000
R1J03_shockrev_4_x15,return_shock_reversal,93a643c601fb56d8094588d62490f9d3767e176c52c25599d282a9cf40fd75b2,12,-1,457,0.378555798687,-4.336105032823,-4.934987713777,-2255.289385196035,-7.132753075685,-3259.668155588115,-4.528480000002,18.468380743982,-19.211269146608,12.150000000003,-13.350000000000,5.203501094092,6.608315098468,-44.653306860201,26.145765692089,0.566677112090,0.443089860409,0.000000000000,0.000000000000
R1J03_shockrev_4_x15,return_shock_reversal,93a643c601fb56d8094588d62490f9d3767e176c52c25599d282a9cf40fd75b2,12,1,482,0.576763485477,1.829564315353,1.214132475351,585.211853119272,-1.016731204652,-490.064440642100,2.401284722223,19.686203319502,-22.138589211618,14.550000000000,-13.250000000001,6.363070539419,5.114107883817,-45.372905989500,38.983619514855,1.134454138013,0.898974757735,0.000000000000,0.000000000000
R1J03_shockrev_4_x15,return_shock_reversal,93a643c601fb56d8094588d62490f9d3767e176c52c25599d282a9cf40fd75b2,16,-1,457,0.404814004376,-5.286542669584,-5.885425350538,-2689.639385196058,-8.083190712447,-3694.018155588139,-4.753799185889,20.780634573304,-22.567724288840,13.600000000000,-15.300000000002,6.783369803063,8.477024070022,-51.611569220671,27.512215025909,0.541367426804,0.431048989804,0.000000000000,0.000000000000
R1J03_shockrev_4_x15,return_shock_reversal,93a643c601fb56d8094588d62490f9d3767e176c52c25599d282a9cf40fd75b2,16,1,482,0.601659751037,3.123236514523,2.507804674521,1208.761853119266,0.276940994518,133.485559357894,4.175599078341,22.451556016597,-24.700933609959,16.975000000002,-15.050000000001,8.655601659751,6.643153526971,-52.847294646976,50.565590270724,1.260686267897,1.026186136951,0.000000000000,0.000000000000
R1J03_shockrev_4_x15,return_shock_reversal,93a643c601fb56d8094588d62490f9d3767e176c52c25599d282a9cf40fd75b2,24,-1,457,0.380743982495,-6.752625820569,-7.351508501523,-3359.639385196032,-9.549273863431,-4364.018155588112,-8.380014430014,26.540590809628,-29.015536105033,16.249999999999,-21.050000000002,10.343544857768,13.054704595186,-69.231170199767,55.010109902681,0.573516829018,0.487402629986,0.000000000000,0.000000000000
R1J03_shockrev_4_x15,return_shock_reversal,93a643c601fb56d8094588d62490f9d3767e176c52c25599d282a9cf40fd75b2,24,1,482,0.578838174274,4.306016597510,3.690584757509,1778.861853119263,1.459721077506,703.585559357891,4.299999999997,27.222925311203,-29.957365145228,19.649999999999,-18.150000000001,12.663900414938,9.609958506224,-66.109843587448,61.810903719513,1.312440566532,1.114109178762,0.000000000000,0.000000000000
R1J03_shockrev_4_x15,return_shock_reversal,93a643c601fb56d8094588d62490f9d3767e176c52c25599d282a9cf40fd75b2,32,-1,456,0.372807017544,-9.418750000000,-10.017849528939,-4568.139385196046,-12.216048586816,-5570.518155588126,-9.161460205879,30.924232456140,-34.386074561404,18.699999999998,-25.274999999999,13.603070175439,17.462719298246,-81.401290074501,63.028231785419,0.516818420757,0.448556043983,0.000000000000,0.000000000000
R1J03_shockrev_4_x15,return_shock_reversal,93a643c601fb56d8094588d62490f9d3767e176c52c25599d282a9cf40fd75b2,32,1,476,0.581932773109,4.447689075630,3.840914204353,1828.275161272152,1.627364461799,774.625483816442,4.936061941377,31.833613445378,-34.875525210084,23.150000000001,-20.650000000001,16.974789915966,12.905462184874,-72.677887391723,72.717593628543,1.274740016642,1.108918763027,0.000000000000,0.000000000000
R1J03_shockrev_4_x15,return_shock_reversal,93a643c601fb56d8094588d62490f9d3767e176c52c25599d282a9cf40fd75b2,48,-1,455,0.358241758242,-11.345274725275,-11.944437029803,-5434.718848560332,-14.142761638859,-6434.956545680998,-13.245348837209,38.627362637363,-42.600439560440,22.299999999998,-31.950000000001,19.325274725275,26.593406593407,-95.154083827967,75.548037085048,0.535723177337,0.479541177971,0.000000000000,0.000000000000
R1J03_shockrev_4_x15,return_shock_reversal,93a643c601fb56d8094588d62490f9d3767e176c52c25599d282a9cf40fd75b2,48,1,469,0.565031982942,4.104584221748,3.496874901678,1640.034328887006,1.281456261538,601.002986661150,5.256953260243,38.309275053305,-42.021748400853,28.400000000002,-25.550000000001,24.279317697228,20.115138592751,-93.299999999997,96.861567236081,1.195564538658,1.067908600394,0.000000000000,0.000000000000
R1J04_shockrev_4_x2,return_shock_reversal,268e14aa85a3ba2af085a411e9eff228c81dfb8b140b3388dee5ff26081fe327,1,-1,272,0.448529411765,-0.154595588235,-0.765037264813,-208.090136029021,-2.985920617967,-812.170408087015,-0.966003178569,7.039338235294,-6.034007352941,4.299999999998,-4.350000000002,0.966911764706,0.985294117647,-14.163965955142,12.023971173211,0.774203184002,0.372238192441,0.000000000000,0.000000000000
R1J04_shockrev_4_x2,return_shock_reversal,268e14aa85a3ba2af085a411e9eff228c81dfb8b140b3388dee5ff26081fe327,1,1,290,0.486206896552,-0.161034482759,-0.797563586637,-231.293440124593,-3.070621794392,-890.480320373735,-0.358307926829,6.932068965517,-7.498103448276,5.100000000000,-3.875000000001,0.972413793103,0.958620689655,-19.296608466876,13.776540493016,0.810856147707,0.441468897005,0.000000000000,0.000000000000
R1J04_shockrev_4_x2,return_shock_reversal,268e14aa85a3ba2af085a411e9eff228c81dfb8b140b3388dee5ff26081fe327,2,-1,272,0.419117647059,-0.692095588236,-1.302537264813,-354.290136029068,-3.523420617967,-958.370408087063,-1.650321637429,10.062316176470,-8.715992647059,6.175000000000,-6.349999999999,1.411764705882,1.492647058824,-20.819065163960,16.985419071400,0.748274010983,0.460709187132,0.000000000000,0.000000000000
R1J04_shockrev_4_x2,return_shock_reversal,268e14aa85a3ba2af085a411e9eff228c81dfb8b140b3388dee5ff26081fe327,2,1,290,0.520689655172,0.119137931035,-0.517391172843,-150.043440124564,-2.790449380599,-809.230320373707,0.491455294862,9.547068965517,-10.715000000000,6.575000000001,-6.075000000001,1.475862068966,1.413793103448,-25.124821877073,19.005602369623,0.901391183315,0.566936874484,0.000000000000,0.000000000000
R1J04_shockrev_4_x2,return_shock_reversal,268e14aa85a3ba2af085a411e9eff228c81dfb8b140b3388dee5ff26081fe327,3,-1,272,0.433823529412,-1.501286764706,-2.111728441283,-574.390136029019,-4.332611794438,-1178.470408087014,-1.966779991724,11.573161764706,-10.727389705882,7.024999999999,-7.575000000000,1.794117647059,2.022058823529,-25.980085959884,21.801804466356,0.665557370294,0.433342410753,0.000000000000,0.000000000000
R1J04_shockrev_4_x2,return_shock_reversal,268e14aa85a3ba2af085a411e9eff228c81dfb8b140b3388dee5ff26081fe327,3,1,290,0.527586206897,0.472068965517,-0.164460138361,-47.693440124569,-2.437518346116,-706.880320373711,0.726476830564,11.445862068965,-13.085172413793,8.600000000003,-7.374999999999,1.968965517241,1.868965517241,-25.294967796512,22.843233081712,0.970945766305,0.644249830318,0.000000000000,0.000000000000
R1J04_shockrev_4_x2,return_shock_reversal,268e14aa85a3ba2af085a411e9eff228c81dfb8b140b3388dee5ff26081fe327,4,-1,272,0.441176470588,-1.401286764706,-2.011728441283,-547.190136029048,-4.232611794438,-1151.270408087043,-2.699999999999,13.000551470588,-12.434375000000,7.774999999999,-9.025000000000,2.158088235294,2.511029411765,-28.089978166053,23.427512615418,0.720929685441,0.503335876781,0.000000000000,0.000000000000
R1J04_shockrev_4_x2,return_shock_reversal,268e14aa85a3ba2af085a411e9eff228c81dfb8b140b3388dee5ff26081fe327,4,1,290,0.517241379310,-0.191896551724,-0.828425655602,-240.243440124577,-3.101483863358,-899.430320373720,0.472065401443,12.816379310345,-15.259310344828,9.224999999998,-8.425000000000,2.389655172414,2.279310344828,-31.229750341916,26.026946671413,0.881149784860,0.620510916588,0.000000000000,0.000000000000
R1J04_shockrev_4_x2,return_shock_reversal,268e14aa85a3ba2af085a411e9eff228c81dfb8b140b3388dee5ff26081fe327,6,-1,272,0.404411764706,-0.603860294118,-1.214301970695,-330.290136028979,-3.435185323849,-934.370408086973,-2.690887553449,15.680514705882,-15.079595588235,9.699999999998,-11.050000000002,2.915441176471,3.294117647059,-32.245659205745,28.245191856650,0.850196006952,0.637052498822,0.000000000000,0.000000000000
R1J04_shockrev_4_x2,return_shock_reversal,268e14aa85a3ba2af085a411e9eff228c81dfb8b140b3388dee5ff26081fe327,6,1,290,0.544827586207,0.099827586207,-0.536701517671,-155.643440124571,-2.809759725427,-814.830320373714,1.670993502976,15.441379310345,-18.913793103448,10.925000000000,-11.624999999999,3.286206896552,3.082758620690,-35.563902077152,34.794000444823,0.937277899341,0.710005903648,0.000000000000,0.000000000000
R1J04_shockrev_4_x2,return_shock_reversal,268e14aa85a3ba2af085a411e9eff228c81dfb8b140b3388dee5ff26081fe327,8,-1,272,0.415441176471,-1.071507352941,-1.681949029518,-457.490136029012,-3.902832382673,-1061.570408087007,-2.526262532894,18.048897058823,-17.000551470588,11.825000000000,-11.774999999999,3.676470588235,4.294117647059,-36.374732688391,34.109508970050,0.820618571557,0.637609832452,0.000000000000,0.000000000000
R1J04_shockrev_4_x2,return_shock_reversal,268e14aa85a3ba2af085a411e9eff228c81dfb8b140b3388dee5ff26081fe327,8,1,290,0.541379310345,1.117241379310,0.480712275432,139.406559875424,-1.792345932323,-519.780320373719,1.995751779384,17.456724137931,-20.886896551724,12.299999999998,-12.974999999999,4.200000000000,3.744827586207,-34.227343115127,38.624814092953,1.055035584310,0.818108927836,0.000000000000,0.000000000000
R1J04_shockrev_4_x2,return_shock_reversal,268e14aa85a3ba2af085a411e9eff228c81dfb8b140b3388dee5ff26081fe327,12,-1,272,0.386029411765,-3.469669117647,-4.080110794224,-1109.790136029020,-6.300994147379,-1713.870408087015,-4.145584628599,20.533639705882,-20.291544117647,12.925000000000,-14.075000000000,5.279411764706,6.481617647059,-45.790131507691,33.969692580101,0.647100309542,0.514444287816,0.000000000000,0.000000000000
R1J04_shockrev_4_x2,return_shock_reversal,268e14aa85a3ba2af085a411e9eff228c81dfb8b140b3388dee5ff26081fe327,12,1,290,0.558620689655,0.488103448276,-0.148425655602,-43.043440124599,-2.421483863358,-702.230320373742,2.121352967692,20.442241379310,-24.695862068966,15.075000000002,-14.174999999996,5.982758620690,5.189655172414,-49.873332760991,40.385506337608,0.985777535483,0.790215307210,0.000000000000,0.000000000000
R1J04_shockrev_4_x2,return_shock_reversal,268e14aa85a3ba2af085a411e9eff228c81dfb8b140b3388dee5ff26081fe327,16,-1,272,0.422794117647,-4.177757352941,-4.788199029519,-1302.390136029042,-7.009082382673,-1906.470408087037,-4.107069613270,23.304963235294,-23.532904411765,15.025000000001,-16.575000000002,6.922794117647,8.430147058824,-51.889409431317,41.613465365470,0.630092163057,0.509262701758,0.000000000000,0.000000000000
R1J04_shockrev_4_x2,return_shock_reversal,268e14aa85a3ba2af085a411e9eff228c81dfb8b140b3388dee5ff26081fe327,16,1,290,0.575862068966,1.289482758621,0.652953654743,189.356559875411,-1.620104553013,-469.830320373732,3.525863364124,23.234482758621,-27.683448275862,16.800000000003,-16.175000000001,8.013793103448,6.934482758621,-59.332464028778,52.008374405804,1.055839421434,0.872703933253,0.000000000000,0.000000000000
R1J04_shockrev_4_x2,return_shock_reversal,268e14aa85a3ba2af085a411e9eff228c81dfb8b140b3388dee5ff26081fe327,24,-1,272,0.400735294118,-5.182720588235,-5.793162264813,-1575.740136029024,-8.014045617967,-2179.820408087019,-9.114908498701,30.347426470588,-29.921323529412,17.000000000000,-21.900000000001,10.735294117647,13.036764705882,-72.224027023693,66.856781886083,0.676425525630,0.584067204482,0.000000000000,0.000000000000
R1J04_shockrev_4_x2,return_shock_reversal,268e14aa85a3ba2af085a411e9eff228c81dfb8b140b3388dee5ff26081fe327,24,1,290,0.551724137931,2.896206896552,2.259677792674,655.306559875423,-0.013380415082,-3.880320373720,4.943137737327,28.485172413793,-33.539482758621,18.499999999999,-19.749999999999,12.282758620690,9.579310344828,-72.775000000002,61.889625810776,1.157199007817,0.999131877171,0.000000000000,0.000000000000
R1J04_shockrev_4_x2,return_shock_reversal,268e14aa85a3ba2af085a411e9eff228c81dfb8b140b3388dee5ff26081fe327,32,-1,271,0.361623616236,-9.519741697417,-10.130590907856,-2745.390136029027,-12.352289328734,-3347.470408087022,-11.000000000002,34.558487084871,-36.935239852399,19.450000000001,-26.449999999997,13.476014760148,17.708487084871,-90.324318587787,69.137842654427,0.563054837914,0.498639052190,0.000000000000,0.000000000000
R1J04_shockrev_4_x2,return_shock_reversal,268e14aa85a3ba2af085a411e9eff228c81dfb8b140b3388dee5ff26081fe327,32,1,284,0.580985915493,2.466021126761,1.843555873339,523.569868028273,-0.401374633504,-113.990395915209,4.406666666666,32.820070422535,-39.792957746479,23.150000000001,-22.775000000000,16.485915492958,12.926056338028,-92.690212975100,78.471659371866,1.108957908746,0.977589186728,0.000000000000,0.000000000000
R1J04_shockrev_4_x2,return_shock_reversal,268e14aa85a3ba2af085a411e9eff228c81dfb8b140b3388dee5ff26081fe327,48,-1,270,0.351851851852,-12.529629629630,-13.140628145901,-3547.969599393317,-15.362625178444,-4147.908798179898,-14.801222901613,42.589074074074,-46.515370370371,23.400000000001,-36.124999999998,18.522222222222,26.762962962963,-104.353130490483,87.669771985004,0.552250130385,0.501520151765,0.000000000000,0.000000000000
R1J04_shockrev_4_x2,return_shock_reversal,268e14aa85a3ba2af085a411e9eff228c81dfb8b140b3388dee5ff26081fe327,48,1,280,0.525000000000,0.203035714286,-0.420538637539,-117.750818510932,-2.667687341188,-746.952455532779,2.247210300430,37.927321428572,-47.284642857143,27.725000000000,-26.725000000002,22.764285714286,20.228571428571,-122.726723659890,96.444444934508,0.980431000586,0.881861266166,0.000000000000,0.000000000000
R1J05_shockrev_8_x2,return_shock_reversal,a13f0781f1a42f9717fc4382b54a0f11dcde2d532c27fb9d8e566eaff368622b,1,-1,534,0.400749063670,-0.537172284644,-1.141764185975,-609.702075310418,-3.350947988635,-1789.406225931201,-1.131209150328,5.484082397004,-5.422846441948,3.499999999998,-3.775000000002,0.979400749064,0.986891385768,-12.873261827470,10.466783735063,0.645876661068,0.290923399733,0.000000000000,0.000000000000
R1J05_shockrev_8_x2,return_shock_reversal,a13f0781f1a42f9717fc4382b54a0f11dcde2d532c27fb9d8e566eaff368622b,1,1,505,0.514851485149,0.533564356436,-0.081800232532,-41.309117428859,-2.312529410468,-1167.827352286505,0.150000000002,6.634059405941,-6.497425742574,4.450000000000,-3.650000000002,0.966336633663,0.954455445545,-13.772486510365,13.904579115956,0.975214040876,0.492902492926,0.000000000000,0.000000000000
R1J05_shockrev_8_x2,return_shock_reversal,a13f0781f1a42f9717fc4382b54a0f11dcde2d532c27fb9d8e566eaff368622b,2,-1,534,0.421348314607,-1.207865168539,-1.812457069870,-967.852075310421,-4.021640872530,-2147.556225931204,-1.600000000000,7.766479400749,-7.673408239700,4.550000000000,-5.325000000001,1.436329588015,1.494382022472,-19.303490418082,14.719307827573,0.615640578607,0.340925140611,0.000000000000,0.000000000000
R1J05_shockrev_8_x2,return_shock_reversal,a13f0781f1a42f9717fc4382b54a0f11dcde2d532c27fb9d8e566eaff368622b,2,1,505,0.526732673267,0.953564356436,0.338199767468,170.790882571181,-1.892529410468,-955.727352286465,0.350000000003,9.110000000000,-9.065940594060,6.000000000000,-5.449999999996,1.483168316832,1.407920792079,-20.845354063050,18.792133863485,1.079670408497,0.651087974395,0.000000000000,0.000000000000
R1J05_shockrev_8_x2,return_shock_reversal,a13f0781f1a42f9717fc4382b54a0f11dcde2d532c27fb9d8e566eaff368622b,3,-1,534,0.391385767790,-1.914513108614,-2.519105009945,-1345.202075310431,-4.728288812605,-2524.906225931214,-1.892374429226,8.955898876404,-9.603932584270,5.324999999999,-6.349999999999,1.855805243446,2.024344569288,-21.843840505015,15.652436646682,0.551677714479,0.330055075290,0.000000000000,0.000000000000
R1J05_shockrev_8_x2,return_shock_reversal,a13f0781f1a42f9717fc4382b54a0f11dcde2d532c27fb9d8e566eaff368622b,3,1,505,0.540594059406,0.577326732673,-0.038037856295,-19.209117428811,-2.268767034231,-1145.727352286457,0.831022463207,10.927623762376,-11.551188118812,7.499999999999,-6.800000000001,2.007920792079,1.837623762376,-25.515470246483,22.893727503900,0.993043914289,0.657452077645,0.000000000000,0.000000000000
R1J05_shockrev_8_x2,return_shock_reversal,a13f0781f1a42f9717fc4382b54a0f11dcde2d532c27fb9d8e566eaff368622b,4,-1,534,0.415730337079,-1.775842696629,-2.380434597960,-1271.152075310406,-4.589618400620,-2450.856225931188,-1.824437340152,10.160580524345,-10.990449438202,6.424999999999,-7.275000000001,2.262172284644,2.475655430712,-25.116396838191,17.935840968247,0.612589858187,0.390463601399,0.000000000000,0.000000000000
R1J05_shockrev_8_x2,return_shock_reversal,a13f0781f1a42f9717fc4382b54a0f11dcde2d532c27fb9d8e566eaff368622b,4,1,505,0.534653465347,0.143762376238,-0.471602212730,-238.159117428834,-2.702331390666,-1364.677352286480,0.800706033374,12.305940594059,-13.477920792079,8.550000000002,-7.900000000001,2.530693069307,2.227722772277,-28.153401237698,25.599999999998,0.926794102148,0.644156985047,0.000000000000,0.000000000000
R1J05_shockrev_8_x2,return_shock_reversal,a13f0781f1a42f9717fc4382b54a0f11dcde2d532c27fb9d8e566eaff368622b,6,-1,534,0.421348314607,-2.138857677903,-2.743449579233,-1465.002075310338,-4.952633381893,-2644.706225931121,-2.025000000002,12.339419475655,-13.570224719101,7.799999999999,-9.550000000002,3.048689138577,3.443820224719,-29.627600771581,21.148992493086,0.637106531635,0.444699385403,0.000000000000,0.000000000000
R1J05_shockrev_8_x2,return_shock_reversal,a13f0781f1a42f9717fc4382b54a0f11dcde2d532c27fb9d8e566eaff368622b,6,1,505,0.552475247525,0.370099009901,-0.245265579067,-123.859117428829,-2.475994757003,-1250.377352286474,1.253467336682,14.815742574257,-16.791881188119,10.699999999997,-10.300000000001,3.502970297030,3.057425742574,-34.881016946141,34.029156369834,0.968643539540,0.722737270668,0.000000000000,0.000000000000
R1J05_shockrev_8_x2,return_shock_reversal,a13f0781f1a42f9717fc4382b54a0f11dcde2d532c27fb9d8e566eaff368622b,8,-1,532,0.411654135338,-2.820770676692,-3.418055570832,-1818.405563682472,-5.612625359112,-2985.916691047441,-2.552530589543,14.540413533834,-15.697368421053,8.799999999999,-11.275000000001,3.870300751880,4.548872180451,-35.626734041697,26.471805414552,0.620349669656,0.458811217053,0.000000000000,0.000000000000
R1J05_shockrev_8_x2,return_shock_reversal,a13f0781f1a42f9717fc4382b54a0f11dcde2d532c27fb9d8e566eaff368622b,8,1,505,0.544554455446,0.597524752475,-0.017839836493,-9.009117428864,-2.248569014429,-1135.527352286510,1.443296089382,16.896930693069,-19.344356435644,12.150000000000,-11.599999999999,4.522772277228,3.887128712871,-36.237340957829,37.730380865154,0.997950061629,0.770790058371,0.000000000000,0.000000000000
R1J05_shockrev_8_x2,return_shock_reversal,a13f0781f1a42f9717fc4382b54a0f11dcde2d532c27fb9d8e566eaff368622b,12,-1,532,0.406015037594,-4.470206766917,-5.067491661057,-2695.905563682484,-7.262061449337,-3863.416691047452,-3.333409606244,17.264473684210,-19.056296992481,11.425000000001,-13.075000000001,5.535714285714,6.447368421053,-43.711103133157,24.765431348799,0.540779442360,0.414416625360,0.000000000000,0.000000000000
R1J05_shockrev_8_x2,return_shock_reversal,a13f0781f1a42f9717fc4382b54a0f11dcde2d532c27fb9d8e566eaff368622b,12,1,505,0.580198019802,1.412376237624,0.797011648656,402.490882571168,-1.433717529280,-724.027352286478,2.964184852377,20.523366336634,-22.931089108911,15.699999999998,-13.350000000003,6.324752475248,5.297029702970,-53.453640978312,39.434729064040,1.080962372013,0.868038979024,0.000000000000,0.000000000000
R1J05_shockrev_8_x2,return_shock_reversal,a13f0781f1a42f9717fc4382b54a0f11dcde2d532c27fb9d8e566eaff368622b,16,-1,532,0.424812030075,-3.976973684211,-4.574258578351,-2433.505563682490,-6.768828366631,-3601.016691047459,-3.399716553288,20.755451127819,-22.220582706767,13.150000000000,-15.274999999998,7.295112781955,8.531954887218,-51.630677803129,33.022192581303,0.633683267908,0.509854233438,0.000000000000,0.000000000000
R1J05_shockrev_8_x2,return_shock_reversal,a13f0781f1a42f9717fc4382b54a0f11dcde2d532c27fb9d8e566eaff368622b,16,1,505,0.603960396040,2.662673267327,2.047308678359,1033.890882571122,-0.183420499577,-92.627352286524,4.915400993613,23.469405940594,-26.155247524753,17.850000000001,-15.649999999999,8.627722772277,6.922772277228,-56.393715971926,51.265781925004,1.185289048036,0.984698440090,0.000000000000,0.000000000000
R1J05_shockrev_8_x2,return_shock_reversal,a13f0781f1a42f9717fc4382b54a0f11dcde2d532c27fb9d8e566eaff368622b,24,-1,529,0.404536862004,-5.750756143667,-6.348501740319,-3358.357420628823,-8.543992933623,-4519.772261886501,-5.563846153846,26.905198487713,-28.900567107751,16.600000000000,-19.350000000000,10.969754253308,12.945179584121,-69.824699010986,50.507950676884,0.622141028175,0.528877071745,0.000000000000,0.000000000000
R1J05_shockrev_8_x2,return_shock_reversal,a13f0781f1a42f9717fc4382b54a0f11dcde2d532c27fb9d8e566eaff368622b,24,1,505,0.580198019802,2.742178217822,2.126813628854,1074.040882571173,-0.103915549082,-52.477352286473,5.600000000004,29.409108910891,-32.830099009901,22.250000000003,-18.899999999999,13.021782178218,9.877227722772,-77.110000000000,65.844389891695,1.140391958863,0.993555355025,0.000000000000,0.000000000000
R1J05_shockrev_8_x2,return_shock_reversal,a13f0781f1a42f9717fc4382b54a0f11dcde2d532c27fb9d8e566eaff368622b,32,-1,529,0.402646502836,-7.448393194707,-8.046138791359,-4256.407420628869,-10.241629984663,-5417.822261886547,-7.982860040569,32.051417769376,-34.537996219282,19.549999999998,-23.249999999999,14.207939508507,17.603024574669,-86.126770979043,67.132837295493,0.609182739268,0.532962064155,0.000000000000,0.000000000000
R1J05_shockrev_8_x2,return_shock_reversal,a13f0781f1a42f9717fc4382b54a0f11dcde2d532c27fb9d8e566eaff368622b,32,1,499,0.567134268537,1.818737474950,1.211686402782,604.631514988205,-1.002415741554,-500.205455035409,5.461273344651,34.101803607214,-38.914929859720,25.350000000000,-21.400000000000,17.046092184369,13.438877755511,-97.568392255889,79.627860422374,1.067863024157,0.946784381163,0.000000000000,0.000000000000
R1J05_shockrev_8_x2,return_shock_reversal,a13f0781f1a42f9717fc4382b54a0f11dcde2d532c27fb9d8e566eaff368622b,48,-1,524,0.377862595420,-10.754293893130,-11.352561386549,-5948.742166551794,-13.549096373388,-7099.726499655410,-12.083233517020,39.477862595420,-42.876431297710,24.450000000000,-31.300000000000,20.139312977099,27.129770992366,-97.366482515734,77.039649736723,0.554122353833,0.495682261560,0.000000000000,0.000000000000
R1J05_shockrev_8_x2,return_shock_reversal,a13f0781f1a42f9717fc4382b54a0f11dcde2d532c27fb9d8e566eaff368622b,48,1,494,0.560728744939,1.654858299595,1.047168181903,517.301081860267,-1.168212053480,-577.096754419100,5.490815801113,39.861437246964,-46.646659919028,29.050000000001,-26.325000000001,23.431174089069,20.074898785425,-112.266467864265,103.755109079152,1.047678044954,0.949139481008,0.000000000000,0.000000000000
R1K01_asia_to_london_cont,session_handoff,d966e56b90a6e0d8bb6913e9777f25a6141d84bdbebe31031e174a1440666275,1,-1,11,0.272727272727,-5.722727272728,-6.310525231871,-69.415777550585,-8.486121150158,-93.347332651743,-7.259006211179,4.172727272728,-9.668181818181,2.000000000001,-7.899999999995,1.000000000000,1.000000000000,-20.576393442422,5.724572494373,0.161831971574,0.072967395825,0.000000000000,0.000000000000
R1K01_asia_to_london_cont,session_handoff,d966e56b90a6e0d8bb6913e9777f25a6141d84bdbebe31031e174a1440666275,1,1,20,0.500000000000,0.697499999999,0.144247135300,2.884942705997,-1.962258594098,-39.245171881962,-0.342488584476,5.282500000000,-6.382500000000,4.525000000000,-4.675000000000,1.000000000000,0.900000000000,-10.302366993469,6.806906118974,1.054945620573,0.481457047712,0.000000000000,0.000000000000
R1K01_asia_to_london_cont,session_handoff,d966e56b90a6e0d8bb6913e9777f25a6141d84bdbebe31031e174a1440666275,2,-1,11,0.272727272727,-2.918181818182,-3.505979777326,-38.565777550581,-5.681575695613,-62.497332651739,-3.482916458230,7.054545454546,-11.840909090909,5.599999999998,-9.349999999998,1.363636363636,1.454545454545,-23.446365648487,13.966030723487,0.456489794731,0.293580616003,0.000000000000,0.000000000000
R1K01_asia_to_london_cont,session_handoff,d966e56b90a6e0d8bb6913e9777f25a6141d84bdbebe31031e174a1440666275,2,1,20,0.450000000000,1.307500000000,0.754247135301,15.084942706013,-1.352258594097,-27.045171881947,-0.724999999999,8.472500000000,-8.457500000001,6.500000000000,-5.300000000000,1.500000000000,1.400000000000,-17.306374789271,15.942715730605,1.221680324303,0.707830673089,0.000000000000,0.000000000000
R1K01_asia_to_london_cont,session_handoff,d966e56b90a6e0d8bb6913e9777f25a6141d84bdbebe31031e174a1440666275,3,-1,11,0.272727272727,-4.127272727273,-4.715070686417,-51.865777550582,-6.890666604704,-75.797332651740,-4.309006211178,8.495454545455,-13.895454545454,7.800000000006,-12.349999999998,1.545454545455,1.818181818182,-27.396365648488,12.737767015918,0.392376374051,0.265353075179,0.000000000000,0.000000000000
R1K01_asia_to_london_cont,session_handoff,d966e56b90a6e0d8bb6913e9777f25a6141d84bdbebe31031e174a1440666275,3,1,20,0.450000000000,0.624999999999,0.071747135300,1.434942705995,-2.034758594098,-40.695171881965,-1.375000000003,9.257500000000,-10.442500000000,6.700000000001,-6.899999999999,2.000000000000,2.050000000000,-16.334441052941,12.970636160714,1.017417913416,0.622388597983,0.000000000000,0.000000000000
R1K01_asia_to_london_cont,session_handoff,d966e56b90a6e0d8bb6913e9777f25a6141d84bdbebe31031e174a1440666275,4,-1,11,0.363636363636,-8.231818181818,-8.819616140962,-97.015777550578,-10.995212059249,-120.947332651735,-6.837595907928,9.459090909091,-16.699999999999,8.100000000002,-12.349999999998,2.090909090909,2.818181818182,-40.171365648487,9.345541230921,0.194672047763,0.117179184085,0.000000000000,0.000000000000
R1K01_asia_to_london_cont,session_handoff,d966e56b90a6e0d8bb6913e9777f25a6141d84bdbebe31031e174a1440666275,4,1,20,0.400000000000,-2.167500000000,-2.720752864699,-54.415057293984,-4.827258594097,-96.545171881943,-3.282749818882,10.935000000000,-21.842500000001,6.950000000001,-9.700000000001,2.350000000000,2.600000000000,-28.015145639188,19.440000000001,0.645439868779,0.467237164015,0.000000000000,0.000000000000
R1K01_asia_to_london_cont,session_handoff,d966e56b90a6e0d8bb6913e9777f25a6141d84bdbebe31031e174a1440666275,6,-1,11,0.272727272727,-2.504545454545,-3.092343413689,-34.015777550578,-5.267939331976,-57.947332651736,-9.609006211180,15.186363636364,-19.781818181817,8.100000000002,-15.249999999997,3.272727272727,4.181818181818,-36.198129734849,35.545541230921,0.734252428409,0.601739276492,0.000000000000,0.000000000000
R1K01_asia_to_london_cont,session_handoff,d966e56b90a6e0d8bb6913e9777f25a6141d84bdbebe31031e174a1440666275,6,1,20,0.550000000000,4.365000000000,3.811747135301,76.234942706011,1.705241405903,34.104828118051,3.180571981126,14.194999999999,-22.432500000001,9.774999999998,-10.374999999999,3.550000000000,2.850000000000,-11.636941052939,28.824904310593,1.858264883542,1.315279021364,0.000000000000,0.000000000000
R1K01_asia_to_london_cont,session_handoff,d966e56b90a6e0d8bb6913e9777f25a6141d84bdbebe31031e174a1440666275,8,-1,11,0.454545454545,-1.000000000000,-1.587797959143,-17.465777550574,-3.763393877430,-41.397332651732,-2.359006211178,16.077272727273,-21.563636363636,8.100000000002,-15.649999999999,3.636363636364,5.090909090909,-36.648129734849,38.895541230922,0.846200593362,0.673744359098,0.000000000000,0.000000000000
R1K01_asia_to_london_cont,session_handoff,d966e56b90a6e0d8bb6913e9777f25a6141d84bdbebe31031e174a1440666275,8,1,20,0.450000000000,2.864999999999,2.311747135300,46.234942706010,0.205241405902,4.104828118050,-1.103417266188,15.840000000000,-22.527500000001,12.274999999998,-10.674999999999,4.300000000000,3.100000000000,-22.374441052938,27.218136160715,1.368513539987,1.027495658546,0.000000000000,0.000000000000
R1K01_asia_to_london_cont,session_handoff,d966e56b90a6e0d8bb6913e9777f25a6141d84bdbebe31031e174a1440666275,12,-1,11,0.363636363636,-2.145454545454,-2.733252504598,-30.065777550578,-4.908848422885,-53.997332651735,-3.896471827276,26.186363636364,-23.277272727272,15.499999999997,-16.600000000000,5.909090909091,6.454545454545,-38.434493371212,35.186527617899,0.793350034690,0.664141343429,0.000000000000,0.000000000000
R1K01_asia_to_london_cont,session_handoff,d966e56b90a6e0d8bb6913e9777f25a6141d84bdbebe31031e174a1440666275,12,1,20,0.500000000000,-2.440000000001,-2.993252864700,-59.865057293991,-5.099758594098,-101.995171881951,1.721582733812,16.494999999999,-26.175000000001,12.274999999998,-12.100000000000,4.850000000000,5.350000000000,-33.702953519580,25.577066744732,0.706579065277,0.547439330388,0.000000000000,0.000000000000
R1K01_asia_to_london_cont,session_handoff,d966e56b90a6e0d8bb6913e9777f25a6141d84bdbebe31031e174a1440666275,16,-1,11,0.363636363636,-3.254545454545,-3.842343413689,-42.265777550579,-6.017939331976,-66.197332651737,-17.246471827276,26.554545454545,-25.954545454545,15.499999999997,-28.399999999999,6.818181818182,7.272727272727,-31.909493371212,40.437767015918,0.731460566976,0.616634000245,0.000000000000,0.000000000000
R1K01_asia_to_london_cont,session_handoff,d966e56b90a6e0d8bb6913e9777f25a6141d84bdbebe31031e174a1440666275,16,1,20,0.600000000000,1.677500000000,1.124247135301,22.484942706017,-0.982258594097,-19.645171881943,2.916197866149,17.414999999999,-27.802500000001,12.274999999998,-14.149999999999,6.600000000000,7.000000000000,-25.552192076547,25.094566744733,1.139999865226,0.890904689815,0.000000000000,0.000000000000
R1K01_asia_to_london_cont,session_handoff,d966e56b90a6e0d8bb6913e9777f25a6141d84bdbebe31031e174a1440666275,24,-1,11,0.454545454545,13.554545454546,12.966747495402,142.634222449423,10.791151577115,118.702667348265,-0.255355450238,39.345454545454,-26.600000000000,18.599999999998,-28.399999999999,11.909090909091,9.818181818182,-27.510256183080,89.545541230920,2.619094319830,2.174283341859,0.000000000000,0.000000000000
R1K01_asia_to_london_cont,session_handoff,d966e56b90a6e0d8bb6913e9777f25a6141d84bdbebe31031e174a1440666275,24,1,20,0.650000000000,-0.212500000000,-0.765752864699,-15.315057293984,-2.872258594097,-57.445171881944,2.797116564416,27.674999999999,-38.875000000001,26.624999999999,-23.525000000002,15.400000000000,9.900000000000,-73.639778972523,52.405342690413,0.948653073175,0.816468434330,0.000000000000,0.000000000000
R1K01_asia_to_london_cont,session_handoff,d966e56b90a6e0d8bb6913e9777f25a6141d84bdbebe31031e174a1440666275,32,-1,11,0.636363636364,20.440909090909,19.853111131765,218.384222449419,17.677515213478,194.452667348262,11.253528172724,50.318181818182,-27.927272727272,29.000000000002,-35.100000000000,22.181818181818,15.090909090909,-21.621475679082,95.345541230920,4.505604534254,3.679731574875,0.000000000000,0.000000000000
R1K01_asia_to_london_cont,session_handoff,d966e56b90a6e0d8bb6913e9777f25a6141d84bdbebe31031e174a1440666275,32,1,20,0.550000000000,4.562499999999,4.009247135300,80.184942706008,1.902741405902,38.054828118049,19.854094149338,36.542499999999,-46.612500000001,34.275000000000,-29.275000000001,21.950000000000,18.300000000000,-70.072278972523,56.990898924732,1.221116227513,1.099904714371,0.000000000000,0.000000000000
R1K01_asia_to_london_cont,session_handoff,d966e56b90a6e0d8bb6913e9777f25a6141d84bdbebe31031e174a1440666275,48,-1,11,0.454545454545,9.581818181818,8.994020222675,98.934222449424,6.818424304388,75.002667348267,-1.959006211179,56.313636363636,-31.895454545455,51.500000000001,-35.100000000000,26.272727272727,19.363636363636,-40.396365648486,86.079667087125,1.788775502757,1.540821635483,0.000000000000,0.000000000000
R1K01_asia_to_london_cont,session_handoff,d966e56b90a6e0d8bb6913e9777f25a6141d84bdbebe31031e174a1440666275,48,1,20,0.550000000000,16.577499999999,16.024247135300,320.484942706007,13.917741405902,278.354828118048,14.677944340954,45.354999999999,-47.585000000001,36.049999999997,-31.625000000003,25.800000000000,19.800000000000,-68.549778972524,108.615167074614,2.174208153482,1.955851954909,0.000000000000,0.000000000000
R1K02_asia_to_london_rev,session_handoff,f8cde777dfb0945e8ade838073d92a65106ea384ad6918e1965e397ea22e90f1,1,-1,15,0.533333333333,2.469999999999,1.885891392579,28.288370888678,-0.282325822263,-4.234887333949,0.750000000002,6.409999999999,-3.886666666667,3.700000000001,-3.800000000001,1.000000000000,1.000000000000,-6.187471590908,16.101037600307,2.185676926093,0.895604651394,0.000000000000,0.000000000000
R1K02_asia_to_london_rev,session_handoff,f8cde777dfb0945e8ade838073d92a65106ea384ad6918e1965e397ea22e90f1,1,1,5,0.800000000000,3.010000000000,2.447864669001,12.239323345005,0.323594007004,1.617970035018,3.980300429188,9.139999999999,-3.230000000000,8.149999999998,-3.100000000001,1.000000000000,0.800000000000,-4.636896174864,7.014114507520,2.869706472892,1.187300588561,0.000000000000,0.000000000000
R1K02_asia_to_london_rev,session_handoff,f8cde777dfb0945e8ade838073d92a65106ea384ad6918e1965e397ea22e90f1,2,-1,15,0.733333333333,3.966666666666,3.382558059246,50.738370888684,1.214340844404,18.215112666058,2.258938547488,9.843333333333,-4.786666666667,8.050000000000,-4.300000000001,1.666666666667,1.400000000000,-6.067471590908,16.482051693404,4.920756664663,1.738162303637,0.000000000000,0.000000000000
R1K02_asia_to_london_rev,session_handoff,f8cde777dfb0945e8ade838073d92a65106ea384ad6918e1965e397ea22e90f1,2,1,5,1.000000000000,8.509999999999,7.947864669000,39.739323345000,5.823594007003,29.117970035013,4.680300429186,12.329999999999,-3.230000000000,10.800000000000,-3.100000000001,2.000000000000,0.800000000000,3.280775956284,15.104114507518,inf,inf,0.000000000000,0.000000000000
R1K02_asia_to_london_rev,session_handoff,f8cde777dfb0945e8ade838073d92a65106ea384ad6918e1965e397ea22e90f1,3,-1,15,0.400000000000,0.896666666666,0.312558059246,4.688370888684,-1.855659155596,-27.834887333942,-1.473326015369,11.016666666666,-5.556666666667,8.500000000004,-4.350000000002,2.133333333333,1.666666666667,-8.429070080863,12.368339393303,1.132539349374,0.500011087528,0.000000000000,0.000000000000
R1K02_asia_to_london_rev,session_handoff,f8cde777dfb0945e8ade838073d92a65106ea384ad6918e1965e397ea22e90f1,3,1,5,1.000000000000,9.949999999999,9.387864669000,46.939323345001,7.263594007003,36.317970035013,6.799999999998,14.059999999999,-3.230000000000,10.800000000000,-3.100000000001,2.400000000000,0.800000000000,1.515016299633,19.794114507519,inf,19.076747454000,0.000000000000,0.000000000000
R1K02_asia_to_london_rev,session_handoff,f8cde777dfb0945e8ade838073d92a65106ea384ad6918e1965e397ea22e90f1,4,-1,15,0.266666666667,-1.910000000000,-2.494108607421,-37.411629111321,-4.662325822263,-69.934887333947,-6.788357771261,12.239999999999,-7.756666666667,9.750000000003,-7.150000000001,2.400000000000,2.733333333333,-12.560398291621,19.423339393304,0.579266275210,0.389661192297,0.000000000000,0.000000000000
R1K02_asia_to_london_rev,session_handoff,f8cde777dfb0945e8ade838073d92a65106ea384ad6918e1965e397ea22e90f1,4,1,5,0.800000000000,11.490000000000,10.927864669001,54.639323345006,8.803594007004,44.017970035018,5.180300429188,17.180000000000,-3.880000000000,10.849999999999,-3.100000000001,3.400000000000,1.400000000000,-4.606896174865,32.204114507520,8.866164365949,5.870127638364,0.000000000000,0.000000000000
R1K02_asia_to_london_rev,session_handoff,f8cde777dfb0945e8ade838073d92a65106ea384ad6918e1965e397ea22e90f1,6,-1,15,0.266666666667,-2.970000000000,-3.554108607421,-53.311629111314,-5.722325822263,-85.834887333940,-2.673326015369,12.953333333332,-11.400000000000,9.750000000003,-8.250000000001,2.533333333333,4.333333333333,-19.908522485790,19.676269467512,0.471347270543,0.320570220941,0.000000000000,0.000000000000
R1K02_asia_to_london_rev,session_handoff,f8cde777dfb0945e8ade838073d92a65106ea384ad6918e1965e397ea22e90f1,6,1,5,0.600000000000,7.470000000000,6.907864669001,34.539323345007,4.783594007004,23.917970035019,9.600000000000,19.530000000000,-5.090000000000,18.099999999998,-6.449999999998,4.800000000000,2.800000000000,-8.636896174863,26.590174593357,3.172814678681,2.196594880739,0.000000000000,0.000000000000
R1K02_asia_to_london_rev,session_handoff,f8cde777dfb0945e8ade838073d92a65106ea384ad6918e1965e397ea22e90f1,8,-1,15,0.400000000000,0.633333333333,0.049224725912,0.738370888684,-2.118992488929,-31.784887333942,-2.016910229644,15.986666666666,-12.936666666667,10.850000000002,-11.100000000002,4.066666666667,5.066666666667,-21.663522485790,30.178339393303,1.007848463879,0.727013025138,0.000000000000,0.000000000000
R1K02_asia_to_london_rev,session_handoff,f8cde777dfb0945e8ade838073d92a65106ea384ad6918e1965e397ea22e90f1,8,1,5,0.600000000000,8.310000000000,7.747864669001,38.739323345004,5.623594007003,28.117970035016,5.380300429186,19.530000000000,-5.670000000000,18.099999999998,-6.449999999998,4.800000000000,3.200000000000,-6.896896174863,26.324114507519,5.167257138906,3.100180205630,0.000000000000,0.000000000000
R1K02_asia_to_london_rev,session_handoff,f8cde777dfb0945e8ade838073d92a65106ea384ad6918e1965e397ea22e90f1,12,-1,15,0.400000000000,-2.476666666667,-3.060775274088,-45.911629111319,-5.228992488930,-78.434887333945,-4.226066024763,16.889999999999,-17.856666666667,11.050000000000,-13.249999999999,5.466666666667,7.933333333333,-33.248522485790,33.168540106951,0.690382600099,0.533000930850,0.000000000000,0.000000000000
R1K02_asia_to_london_rev,session_handoff,f8cde777dfb0945e8ade838073d92a65106ea384ad6918e1965e397ea22e90f1,12,1,5,0.600000000000,1.639999999999,1.077864669001,5.389323345003,-1.046405992997,-5.232029964985,3.000000000000,19.530000000000,-8.850000000001,18.099999999998,-6.850000000003,4.800000000000,9.800000000000,-5.896896174864,6.050174593356,1.592485940763,0.603284282136,0.000000000000,0.000000000000
R1K02_asia_to_london_rev,session_handoff,f8cde777dfb0945e8ade838073d92a65106ea384ad6918e1965e397ea22e90f1,16,-1,15,0.400000000000,-7.093333333334,-7.677441940755,-115.161629111318,-9.845659155596,-147.684887333944,-6.173326015369,18.173333333333,-22.556666666667,12.800000000004,-13.249999999999,7.800000000000,9.600000000000,-56.191881127451,23.258540106952,0.424436589418,0.328386792691,0.000000000000,0.000000000000
R1K02_asia_to_london_rev,session_handoff,f8cde777dfb0945e8ade838073d92a65106ea384ad6918e1965e397ea22e90f1,16,1,5,0.800000000000,6.260000000000,5.697864669002,28.489323345008,3.573594007004,17.867970035020,6.850000000000,19.570000000000,-8.850000000001,18.099999999998,-6.850000000003,6.800000000000,9.800000000000,-9.196896174863,15.735268970230,3.355244725598,2.259339994842,0.000000000000,0.000000000000
R1K02_asia_to_london_rev,session_handoff,f8cde777dfb0945e8ade838073d92a65106ea384ad6918e1965e397ea22e90f1,24,-1,15,0.333333333333,-8.580000000000,-9.164108607421,-137.461629111314,-11.332325822263,-169.984887333940,-4.378858162356,24.026666666666,-30.040000000001,19.500000000002,-19.900000000001,12.133333333333,12.800000000000,-57.094108959420,32.028540106952,0.467681487355,0.393118640033,0.000000000000,0.000000000000
R1K02_asia_to_london_rev,session_handoff,f8cde777dfb0945e8ade838073d92a65106ea384ad6918e1965e397ea22e90f1,24,1,5,0.600000000000,7.420000000000,6.857864669001,34.289323345004,4.733594007003,23.667970035016,1.249999999998,22.510000000000,-11.060000000001,18.099999999998,-12.199999999999,15.000000000000,12.000000000000,-8.486896174863,29.860174593357,3.333222839430,2.211359051664,0.000000000000,0.000000000000
R1K02_asia_to_london_rev,session_handoff,f8cde777dfb0945e8ade838073d92a65106ea384ad6918e1965e397ea22e90f1,32,-1,15,0.333333333333,-10.256666666667,-10.840775274088,-162.611629111316,-13.008992488929,-195.134887333942,-9.150000000000,36.726666666665,-36.173333333334,30.450000000002,-26.349999999996,16.200000000000,19.200000000000,-85.841881127451,55.043531103481,0.539445222901,0.479686296293,0.000000000000,0.000000000000
R1K02_asia_to_london_rev,session_handoff,f8cde777dfb0945e8ade838073d92a65106ea384ad6918e1965e397ea22e90f1,32,1,5,0.600000000000,6.539999999998,5.977864668999,29.889323344997,3.853594007002,19.267970035010,8.899999999999,30.520000000000,-21.910000000001,25.599999999997,-14.300000000003,22.400000000000,19.400000000000,-24.295867547985,33.584240343346,1.823602056116,1.474897165183,0.000000000000,0.000000000000
R1K02_asia_to_london_rev,session_handoff,f8cde777dfb0945e8ade838073d92a65106ea384ad6918e1965e397ea22e90f1,48,-1,15,0.400000000000,-4.556666666667,-5.140775274088,-77.111629111317,-7.308992488930,-109.634887333943,-3.249999999997,46.056666666666,-39.666666666667,32.299999999998,-26.349999999996,20.800000000000,28.666666666667,-81.316881127450,84.037453182235,0.787404179567,0.713255970702,0.000000000000,0.000000000000
R1K02_asia_to_london_rev,session_handoff,f8cde777dfb0945e8ade838073d92a65106ea384ad6918e1965e397ea22e90f1,48,1,5,0.400000000000,5.889999999999,5.327864669000,26.639323345000,3.203594007003,16.017970035013,-6.794856865600,33.659999999999,-35.630000000000,38.599999999997,-38.049999999996,32.600000000000,27.800000000000,-21.236896174865,35.954240343349,1.599431540277,1.315793461448,0.000000000000,0.000000000000
R1K03_london_to_ny_cont,session_handoff,b4c79f8a68e1fea6e2c128f95466614db5e67dcb419c615ac52bcc09cedf0448,1,-1,11,0.454545454545,-1.940909090909,-2.545989295113,-28.005882246239,-4.756149703520,-52.317646738719,-1.933305369130,7.736363636363,-7.995454545454,7.899999999998,-4.799999999997,1.000000000000,1.000000000000,-20.655060943086,12.660959110740,0.564256353729,0.325735685436,0.000000000000,0.000000000000
R1K03_london_to_ny_cont,session_handoff,b4c79f8a68e1fea6e2c128f95466614db5e67dcb419c615ac52bcc09cedf0448,1,1,14,0.357142857143,-2.482142857142,-3.067483198620,-42.944764780679,-5.238163881575,-73.334294342054,-0.954606982999,3.960714285715,-5.300000000000,3.225000000000,-4.099999999998,1.000000000000,1.000000000000,-13.402683194491,2.047978327340,0.130654600523,0.012575930342,0.000000000000,0.000000000000
R1K03_london_to_ny_cont,session_handoff,b4c79f8a68e1fea6e2c128f95466614db5e67dcb419c615ac52bcc09cedf0448,2,-1,11,0.545454545455,-1.313636363636,-1.918716567840,-21.105882246237,-4.128876976247,-45.417646738718,5.402581863981,12.945454545455,-14.504545454545,10.599999999999,-7.749999999996,1.545454545455,1.636363636364,-34.630060943087,22.262782944992,0.786027208386,0.585281800618,0.000000000000,0.000000000000
R1K03_london_to_ny_cont,session_handoff,b4c79f8a68e1fea6e2c128f95466614db5e67dcb419c615ac52bcc09cedf0448,2,1,14,0.285714285714,-4.367857142857,-4.953197484335,-69.344764780691,-7.123878167290,-99.734294342066,-3.028305781984,6.117857142858,-11.946428571428,4.700000000000,-8.550000000001,1.357142857143,1.714285714286,-24.621362480602,11.360268181943,0.348864853152,0.221402481963,0.000000000000,0.000000000000
R1K03_london_to_ny_cont,session_handoff,b4c79f8a68e1fea6e2c128f95466614db5e67dcb419c615ac52bcc09cedf0448,3,-1,11,0.545454545455,0.081818181818,-0.523262022386,-5.755882246247,-2.733422430793,-30.067646738728,9.852581863978,15.218181818182,-17.568181818181,12.049999999999,-7.749999999996,2.090909090909,2.090909090909,-42.069095477262,29.288909604233,0.950967096732,0.765580873017,0.000000000000,0.000000000000
R1K03_london_to_ny_cont,session_handoff,b4c79f8a68e1fea6e2c128f95466614db5e67dcb419c615ac52bcc09cedf0448,3,1,14,0.428571428571,-0.782142857143,-1.367483198621,-19.144764780690,-3.538163881576,-49.534294342066,-0.826348594712,7.625000000000,-13.839285714285,4.700000000000,-13.100000000001,1.928571428571,2.071428571429,-13.581318636598,14.475225115778,0.731660113629,0.453270190989,0.000000000000,0.000000000000
R1K03_london_to_ny_cont,session_handoff,b4c79f8a68e1fea6e2c128f95466614db5e67dcb419c615ac52bcc09cedf0448,4,-1,11,0.454545454545,6.145454545454,5.540374341251,60.944117753756,3.330213932843,36.632353261275,-6.604460093899,25.000000000000,-18.504545454545,19.250000000000,-10.999999999999,2.727272727273,2.636363636364,-38.369095477261,51.071657651232,1.523404876336,1.282627756408,0.000000000000,0.000000000000
R1K03_london_to_ny_cont,session_handoff,b4c79f8a68e1fea6e2c128f95466614db5e67dcb419c615ac52bcc09cedf0448,4,1,14,0.357142857143,-2.092857142857,-2.678197484335,-37.494764780685,-4.848878167290,-67.884294342061,-3.175533699727,9.371428571429,-16.032142857142,6.075000000000,-14.850000000003,2.142857142857,2.571428571429,-21.686273238385,18.489639798385,0.610508575520,0.414618206968,0.000000000000,0.000000000000
R1K03_london_to_ny_cont,session_handoff,b4c79f8a68e1fea6e2c128f95466614db5e67dcb419c615ac52bcc09cedf0448,6,-1,11,0.545454545455,4.909090909091,4.304010704887,47.344117753756,2.093850296480,23.032353261275,2.250348623853,27.336363636364,-21.449999999999,34.600000000000,-20.649999999998,3.454545454545,2.909090909091,-36.775584884383,43.496657651232,1.459704476728,1.202191725927,0.000000000000,0.000000000000
R1K03_london_to_ny_cont,session_handoff,b4c79f8a68e1fea6e2c128f95466614db5e67dcb419c615ac52bcc09cedf0448,6,1,14,0.500000000000,0.946428571429,0.361088229951,5.055235219315,-1.809592453004,-25.334294342061,-1.136049102529,13.021428571429,-18.646428571429,7.425000000001,-14.850000000003,3.285714285714,3.642857142857,-26.845956106414,29.394688779616,1.049414386583,0.788983526722,0.000000000000,0.000000000000
R1K03_london_to_ny_cont,session_handoff,b4c79f8a68e1fea6e2c128f95466614db5e67dcb419c615ac52bcc09cedf0448,8,-1,11,0.636363636364,7.463636363635,6.858556159431,75.444117753745,4.648395751024,51.132353261265,7.684832451496,29.322727272727,-24.131818181818,37.449999999995,-22.250000000000,4.454545454545,3.636363636364,-37.124984035196,51.209638247424,1.846426613145,1.517196416491,0.000000000000,0.000000000000
R1K03_london_to_ny_cont,session_handoff,b4c79f8a68e1fea6e2c128f95466614db5e67dcb419c615ac52bcc09cedf0448,8,1,14,0.428571428571,5.007142857143,4.421802515665,61.905235219315,2.251121832710,31.515705657939,-0.979003801380,18.135714285714,-20.125000000000,8.000000000000,-17.575000000002,5.928571428571,4.357142857143,-30.828456106414,37.692434013611,1.598087042902,1.260640923974,0.000000000000,0.000000000000
R1K03_london_to_ny_cont,session_handoff,b4c79f8a68e1fea6e2c128f95466614db5e67dcb419c615ac52bcc09cedf0448,12,-1,11,0.545454545455,5.986363636363,5.381283432160,59.194117753757,3.171123023752,34.882353261277,8.290733438483,33.168181818182,-25.172727272727,37.449999999995,-23.449999999997,4.909090909091,5.636363636364,-30.483687161959,47.809638247425,1.647670564708,1.341026859284,0.000000000000,0.000000000000
R1K03_london_to_ny_cont,session_handoff,b4c79f8a68e1fea6e2c128f95466614db5e67dcb419c615ac52bcc09cedf0448,12,1,14,0.500000000000,8.278571428572,7.693231087094,107.705235219314,5.522550404139,77.315705657939,0.723651405288,25.753571428572,-23.228571428572,13.650000000000,-18.850000000000,7.642857142857,5.214285714286,-41.956161344331,48.007188779616,1.776245123521,1.502524067879,0.000000000000,0.000000000000
R1K03_london_to_ny_cont,session_handoff,b4c79f8a68e1fea6e2c128f95466614db5e67dcb419c615ac52bcc09cedf0448,16,-1,11,0.454545454545,7.600000000000,6.994919795796,76.944117753758,4.784759387389,52.632353261277,-0.109266561514,33.168181818182,-27.113636363637,37.449999999995,-23.449999999997,4.909090909091,6.272727272727,-27.702230046950,51.573460035852,1.870362513313,1.517454191461,0.000000000000,0.000000000000
R1K03_london_to_ny_cont,session_handoff,b4c79f8a68e1fea6e2c128f95466614db5e67dcb419c615ac52bcc09cedf0448,16,1,14,0.500000000000,11.310714285715,10.725373944237,150.155235219320,8.554693261282,119.765705657944,2.198651405289,26.910714285714,-23.721428571429,13.650000000000,-18.850000000000,9.285714285714,5.928571428571,-36.898661344331,54.937386245268,2.055190238391,1.760877416655,0.000000000000,0.000000000000
R1K03_london_to_ny_cont,session_handoff,b4c79f8a68e1fea6e2c128f95466614db5e67dcb419c615ac52bcc09cedf0448,24,-1,11,0.454545454545,2.654545454545,2.049465250341,22.544117753754,-0.160695158066,-1.767646738727,-11.832529162246,37.086363636364,-28.790909090909,41.999999999999,-23.649999999998,8.727272727273,9.000000000000,-42.983687161960,52.393707157739,1.150540324023,0.989159800021,0.000000000000,0.000000000000
R1K03_london_to_ny_cont,session_handoff,b4c79f8a68e1fea6e2c128f95466614db5e67dcb419c615ac52bcc09cedf0448,24,1,14,0.571428571429,15.675000000000,15.089659658523,211.255235219319,12.918978975567,180.865705657943,12.223768280876,29.985714285714,-23.764285714286,17.375000000000,-18.850000000000,13.500000000000,7.214285714286,-33.335956106412,60.257414491879,3.001514524620,2.524452327354,0.000000000000,0.000000000000
R1K03_london_to_ny_cont,session_handoff,b4c79f8a68e1fea6e2c128f95466614db5e67dcb419c615ac52bcc09cedf0448,32,-1,11,0.454545454545,23.309090909090,22.704010704887,249.744117753753,20.493850296479,225.432353261273,-6.409266561516,73.477272727273,-31.036363636364,41.999999999999,-23.649999999998,9.454545454545,10.454545454545,-53.633687161960,176.543707157737,2.612764437861,2.340550341246,0.000000000000,0.000000000000
R1K03_london_to_ny_cont,session_handoff,b4c79f8a68e1fea6e2c128f95466614db5e67dcb419c615ac52bcc09cedf0448,32,1,13,0.692307692308,11.292307692307,10.701785595954,139.123212747398,8.520741403246,110.769638242203,12.651423487545,33.396153846154,-23.915384615385,24.549999999999,-18.600000000001,16.769230769231,10.000000000000,-33.351360327751,53.275274786985,2.384481693399,2.002615201425,0.000000000000,0.000000000000
R1K03_london_to_ny_cont,session_handoff,b4c79f8a68e1fea6e2c128f95466614db5e67dcb419c615ac52bcc09cedf0448,48,-1,11,0.545454545455,10.204545454545,9.599465250342,105.594117753760,7.389304841934,81.282353261279,1.640733438487,85.495454545454,-40.054545454546,43.950000000001,-39.450000000002,16.272727272727,19.090909090909,-88.058687161960,149.289585329611,1.407699997052,1.300182489937,0.000000000000,0.000000000000
R1K03_london_to_ny_cont,session_handoff,b4c79f8a68e1fea6e2c128f95466614db5e67dcb419c615ac52bcc09cedf0448,48,1,13,0.769230769231,8.880769230769,8.290247134415,107.773212747398,6.109202941708,79.419638242202,13.951423487543,38.403846153846,-25.953846153847,35.500000000002,-18.600000000001,26.692307692308,15.923076923077,-45.686934393519,47.104878436805,1.853074271331,1.589732168230,0.000000000000,0.000000000000
R1K04_london_to_ny_rev,session_handoff,72e054a3355caa2821d70d47dfb9d8f34b6bcdb1c8b809e83ff4e202651c4c68,1,-1,16,0.250000000000,-3.481250000000,-4.043276915253,-64.692430644048,-6.167330745759,-98.677291932147,-3.506241565452,3.803125000000,-8.006250000000,2.774999999998,-6.349999999999,0.937500000000,1.000000000000,-17.192039826872,7.105991553836,0.290910760051,0.152980178468,0.000000000000,0.000000000000
R1K04_london_to_ny_rev,session_handoff,72e054a3355caa2821d70d47dfb9d8f34b6bcdb1c8b809e83ff4e202651c4c68,1,1,10,0.400000000000,-1.980000000000,-2.563084705038,-25.630847050384,-4.729254115115,-47.292541151151,-1.911746189530,5.410000000000,-12.885000000001,5.250000000002,-5.624999999999,1.000000000000,1.000000000000,-15.814896918716,8.124822871560,0.473342432041,0.233520895592,0.000000000000,0.000000000000
R1K04_london_to_ny_rev,session_handoff,72e054a3355caa2821d70d47dfb9d8f34b6bcdb1c8b809e83ff4e202651c4c68,2,-1,16,0.187500000000,-8.140625000000,-8.702651915253,-139.242430644048,-10.826705745759,-173.227291932147,-7.106241565452,5.459375000000,-13.653125000000,3.574999999998,-8.925000000002,1.375000000000,1.687500000000,-27.312653384614,12.443491553835,0.187443570290,0.128592365916,0.000000000000,0.000000000000
R1K04_london_to_ny_rev,session_handoff,72e054a3355caa2821d70d47dfb9d8f34b6bcdb1c8b809e83ff4e202651c4c68,2,1,10,0.500000000000,-7.325000000000,-7.908084705038,-79.080847050379,-10.074254115115,-100.742541151146,-1.303802459117,9.370000000000,-20.565000000000,6.550000000003,-11.450000000002,1.500000000000,1.400000000000,-43.316807385266,13.032858043845,0.283213406056,0.193192086989,0.000000000000,0.000000000000
R1K04_london_to_ny_rev,session_handoff,72e054a3355caa2821d70d47dfb9d8f34b6bcdb1c8b809e83ff4e202651c4c68,3,-1,16,0.125000000000,-8.853125000001,-9.415151915254,-150.642430644059,-11.539205745760,-184.627291932159,-11.221450511947,6.340624999999,-15.131250000000,3.574999999998,-11.699999999999,1.500000000000,2.375000000000,-26.675153384614,16.615390495034,0.225811997092,0.177400060007,0.000000000000,0.000000000000
R1K04_london_to_ny_rev,session_handoff,72e054a3355caa2821d70d47dfb9d8f34b6bcdb1c8b809e83ff4e202651c4c68,3,1,10,0.500000000000,-1.120000000000,-1.703084705038,-17.030847050383,-3.869254115115,-38.692541151150,1.163253810471,13.155000000000,-22.815000000000,10.775000000000,-13.974999999999,2.400000000000,1.500000000000,-29.985633283995,17.995358043845,0.769781570894,0.543346943151,0.000000000000,0.000000000000
R1K04_london_to_ny_rev,session_handoff,72e054a3355caa2821d70d47dfb9d8f34b6bcdb1c8b809e83ff4e202651c4c68,4,-1,16,0.250000000000,-11.196875000000,-11.758901915253,-188.142430644051,-13.882955745759,-222.127291932150,-10.128181386516,7.431249999999,-19.990625000001,5.374999999999,-16.350000000000,1.812500000000,3.062500000000,-43.206922608869,7.266979069344,0.097241014178,0.058999692895,0.000000000000,0.000000000000
R1K04_london_to_ny_rev,session_handoff,72e054a3355caa2821d70d47dfb9d8f34b6bcdb1c8b809e83ff4e202651c4c68,4,1,10,0.500000000000,2.890000000000,2.306915294962,23.069152949618,0.140745884885,1.407458848851,0.455722695409,15.755000000000,-24.840000000000,14.650000000000,-17.875000000001,3.000000000000,1.800000000000,-28.117717937054,26.055519224807,1.367273934777,1.018947835944,0.000000000000,0.000000000000
R1K04_london_to_ny_rev,session_handoff,72e054a3355caa2821d70d47dfb9d8f34b6bcdb1c8b809e83ff4e202651c4c68,6,-1,16,0.375000000000,-10.615625000000,-11.177651915253,-178.842430644055,-13.301705745760,-212.827291932154,-14.325448430495,9.506249999999,-21.903125000000,5.649999999999,-16.650000000001,2.500000000000,4.000000000000,-39.044000199068,17.726681570752,0.224079871763,0.160447999110,0.000000000000,0.000000000000
R1K04_london_to_ny_rev,session_handoff,72e054a3355caa2821d70d47dfb9d8f34b6bcdb1c8b809e83ff4e202651c4c68,6,1,10,0.700000000000,6.640000000000,6.056915294962,60.569152949615,3.890745884885,38.907458848848,11.513073713491,20.415000000000,-25.290000000001,26.899999999999,-17.875000000001,4.500000000000,2.300000000000,-36.612717937055,29.425358043843,1.802364231963,1.474105080203,0.000000000000,0.000000000000
R1K04_london_to_ny_rev,session_handoff,72e054a3355caa2821d70d47dfb9d8f34b6bcdb1c8b809e83ff4e202651c4c68,8,-1,16,0.375000000000,-7.465625000000,-8.027651915253,-128.442430644053,-10.151705745760,-162.427291932152,-13.765133982948,14.268749999999,-23.171875000001,7.250000000001,-18.900000000001,3.125000000000,4.937500000000,-41.656500199066,31.188373660990,0.469554719304,0.384564021122,0.000000000000,0.000000000000
R1K04_london_to_ny_rev,session_handoff,72e054a3355caa2821d70d47dfb9d8f34b6bcdb1c8b809e83ff4e202651c4c68,8,1,10,0.700000000000,4.349999999999,3.766915294961,37.669152949611,1.600745884884,16.007458848844,7.006115218730,25.770000000000,-30.075000000001,29.150000000000,-19.824999999999,5.900000000000,2.900000000000,-54.583133283993,38.647858043844,1.329309344418,1.131063080039,0.000000000000,0.000000000000
R1K04_london_to_ny_rev,session_handoff,72e054a3355caa2821d70d47dfb9d8f34b6bcdb1c8b809e83ff4e202651c4c68,12,-1,16,0.437500000000,-7.534375000000,-8.096401915253,-129.542430644050,-10.220455745759,-163.527291932149,-8.211313465782,16.865624999999,-25.340625000000,10.050000000000,-19.900000000001,5.250000000000,6.312500000000,-44.829539826870,28.438423030755,0.472756539862,0.382935637629,0.000000000000,0.000000000000
R1K04_london_to_ny_rev,session_handoff,72e054a3355caa2821d70d47dfb9d8f34b6bcdb1c8b809e83ff4e202651c4c68,12,1,10,0.600000000000,4.475000000000,3.891915294961,38.919152949613,1.725745884885,17.257458848846,5.806115218732,27.560000000000,-33.500000000001,29.150000000000,-19.824999999999,7.500000000000,4.000000000000,-51.883133283994,39.172858043844,1.394670168701,1.160780486389,0.000000000000,0.000000000000
R1K04_london_to_ny_rev,session_handoff,72e054a3355caa2821d70d47dfb9d8f34b6bcdb1c8b809e83ff4e202651c4c68,16,-1,16,0.500000000000,-6.212500000001,-6.774526915254,-108.392430644058,-8.898580745760,-142.377291932157,-1.757921272476,19.431249999999,-26.325000000000,13.399999999999,-21.374999999999,5.937500000000,7.250000000000,-38.429209942476,29.839274744026,0.508307410561,0.401454984873,0.000000000000,0.000000000000
R1K04_london_to_ny_rev,session_handoff,72e054a3355caa2821d70d47dfb9d8f34b6bcdb1c8b809e83ff4e202651c4c68,16,1,10,0.500000000000,-0.300000000000,-0.883084705038,-8.830847050384,-3.049254115115,-30.492541151150,3.475000000001,28.025000000000,-35.390000000000,29.150000000000,-27.675000000001,8.100000000000,6.000000000000,-58.153133283994,29.204930971965,0.927999389295,0.771503886672,0.000000000000,0.000000000000
R1K04_london_to_ny_rev,session_handoff,72e054a3355caa2821d70d47dfb9d8f34b6bcdb1c8b809e83ff4e202651c4c68,24,-1,16,0.437500000000,-4.400000000000,-4.962026915253,-79.392430644042,-7.086080745759,-113.377291932141,-5.857921272474,25.834374999999,-26.800000000000,15.849999999999,-21.374999999999,7.875000000000,7.750000000000,-45.917039826867,55.414703449354,0.674341938962,0.568534115279,0.000000000000,0.000000000000
R1K04_london_to_ny_rev,session_handoff,72e054a3355caa2821d70d47dfb9d8f34b6bcdb1c8b809e83ff4e202651c4c68,24,1,10,0.600000000000,-7.325000000000,-7.908084705039,-79.080847050388,-10.074254115115,-100.742541151155,4.225000000001,28.390000000000,-39.910000000000,29.150000000000,-27.675000000001,9.300000000000,9.800000000000,-89.870633283994,30.121688428447,0.551182381694,0.456604586224,0.000000000000,0.000000000000
R1K04_london_to_ny_rev,session_handoff,72e054a3355caa2821d70d47dfb9d8f34b6bcdb1c8b809e83ff4e202651c4c68,32,-1,16,0.500000000000,-4.150000000000,-4.712026915253,-75.392430644054,-6.836080745760,-109.377291932153,-5.986761896279,25.968749999999,-27.903125000000,16.924999999999,-21.374999999999,8.437500000000,13.687500000000,-47.579539826872,54.192412395849,0.690017090756,0.581510789713,0.000000000000,0.000000000000
R1K04_london_to_ny_rev,session_handoff,72e054a3355caa2821d70d47dfb9d8f34b6bcdb1c8b809e83ff4e202651c4c68,32,1,10,0.600000000000,-1.970000000000,-2.553084705038,-25.530847050384,-4.719254115115,-47.192541151151,4.681115218731,29.025000000000,-40.085000000000,29.150000000000,-27.675000000001,11.800000000000,9.900000000000,-65.340633283994,33.806688428448,0.809345862442,0.671671013504,0.000000000000,0.000000000000
R1K04_london_to_ny_rev,session_handoff,72e054a3355caa2821d70d47dfb9d8f34b6bcdb1c8b809e83ff4e202651c4c68,48,-1,16,0.500000000000,4.106250000000,3.544223084747,56.707569355949,1.420169254241,22.722708067850,-0.047056237185,31.959374999999,-33.465625000000,19.624999999999,-24.399999999999,19.375000000000,26.750000000000,-61.424820588342,81.927203449355,1.214431136974,1.080758094557,0.000000000000,0.000000000000
R1K04_london_to_ny_rev,session_handoff,72e054a3355caa2821d70d47dfb9d8f34b6bcdb1c8b809e83ff4e202651c4c68,48,1,10,0.800000000000,-3.030000000001,-3.613084705039,-36.130847050392,-5.779254115116,-57.792541151159,9.806115218731,31.990000000000,-43.720000000000,29.150000000000,-27.675000000001,21.800000000000,19.000000000000,-96.095633283995,40.941688428447,0.798756940761,0.689388011961,0.000000000000,0.000000000000
R1L01_filter_atr05,atr_filter_directional_change,2831dc1bd921fbc488b5699dd049d16929fc40038071804937d68a2db409304b,1,-1,1272,0.412735849057,-0.206682389937,-0.802789966168,-1021.148836966097,-2.995005118631,-3809.646510898246,-1.106377233069,5.525039308176,-5.239583333333,3.125000000000,-3.600000000000,0.974842767296,0.980345911950,-12.030131578947,10.349368747717,0.744361678350,0.350280045521,0.000000000000,0.000000000000
R1L01_filter_atr05,atr_filter_directional_change,2831dc1bd921fbc488b5699dd049d16929fc40038071804937d68a2db409304b,1,1,1272,0.454402515723,0.186635220126,-0.404870648580,-514.995464993273,-2.587882385990,-3291.786394979641,-0.430294352903,5.042963836478,-5.060377358491,3.200000000001,-3.300000000000,0.975628930818,0.970911949686,-11.329095463824,10.125761715238,0.847961675533,0.359543642201,0.000000000000,0.000000000000
R1L01_filter_atr05,atr_filter_directional_change,2831dc1bd921fbc488b5699dd049d16929fc40038071804937d68a2db409304b,2,-1,1272,0.431603773585,-0.617216981132,-1.213324557363,-1543.348836966103,-3.405539709826,-4331.846510898253,-1.228373205741,7.679323899371,-7.498073899371,4.549999999999,-5.000000000001,1.415880503145,1.500786163522,-17.539765306123,14.660789098994,0.724854658269,0.412124765466,0.000000000000,0.000000000000
R1L01_filter_atr05,atr_filter_directional_change,2831dc1bd921fbc488b5699dd049d16929fc40038071804937d68a2db409304b,2,1,1272,0.486635220126,0.265408805031,-0.326097063674,-414.795464993198,-2.509108801085,-3191.586394979567,-0.300000000000,7.051572327044,-7.228144654088,4.700000000000,-4.599999999999,1.466194968553,1.441823899371,-14.528053508791,14.209549095024,0.909037236938,0.482558481714,0.000000000000,0.000000000000
R1L01_filter_atr05,atr_filter_directional_change,2831dc1bd921fbc488b5699dd049d16929fc40038071804937d68a2db409304b,3,-1,1272,0.412735849057,-1.186045597484,-1.782153173716,-2266.898836966149,-3.974368326178,-5055.396510898298,-1.450000000000,9.181878930818,-9.195125786164,5.449999999999,-6.150000000001,1.835691823899,2.014937106918,-22.009724940480,16.245856019615,0.668179173815,0.413106768605,0.000000000000,0.000000000000
R1L01_filter_atr05,atr_filter_directional_change,2831dc1bd921fbc488b5699dd049d16929fc40038071804937d68a2db409304b,3,1,1272,0.497641509434,0.554716981132,-0.036788887573,-46.795464993195,-2.219800624984,-2823.586394979563,-0.014964788732,8.744536163522,-8.833529874214,5.949999999999,-5.349999999999,1.985062893082,1.875786163522,-18.978048819894,18.611638086644,0.991310790942,0.592498761363,0.000000000000,0.000000000000
R1L01_filter_atr05,atr_filter_directional_change,2831dc1bd921fbc488b5699dd049d16929fc40038071804937d68a2db409304b,4,-1,1272,0.410377358491,-1.311713836478,-1.907821412709,-2426.748836966084,-4.100036565172,-5215.246510898233,-1.821352843261,10.569614779874,-10.628380503145,6.625000000001,-6.999999999999,2.218553459119,2.534591194969,-25.689499311005,20.439502712103,0.689639999990,0.456179365183,0.000000000000,0.000000000000
R1L01_filter_atr05,atr_filter_directional_change,2831dc1bd921fbc488b5699dd049d16929fc40038071804937d68a2db409304b,4,1,1272,0.508647798742,0.973270440252,0.381764571546,485.604535006798,-1.801247165864,-2291.186394979571,0.149981684981,10.275904088050,-10.144418238994,6.950000000001,-6.099999999999,2.489779874214,2.297955974843,-21.057252592915,23.264692930546,1.081749165428,0.692299426314,0.000000000000,0.000000000000
R1L01_filter_atr05,atr_filter_directional_change,2831dc1bd921fbc488b5699dd049d16929fc40038071804937d68a2db409304b,6,-1,1272,0.401729559748,-1.791234276730,-2.387341852961,-3036.698836966033,-4.579557005423,-5825.196510898182,-2.443502000290,12.840212264151,-12.974803459120,7.700000000003,-8.374999999999,2.959119496855,3.575471698113,-31.248993637940,24.458655459082,0.685110117732,0.490039120941,0.000000000000,0.000000000000
R1L01_filter_atr05,atr_filter_directional_change,2831dc1bd921fbc488b5699dd049d16929fc40038071804937d68a2db409304b,6,1,1272,0.520440251572,1.380149371069,0.788643502364,1003.154535006829,-1.394368235047,-1773.636394979539,0.610254156063,12.619457547170,-12.936713836478,8.650000000000,-7.700000000000,3.486635220126,3.116352201258,-26.916222573320,28.970066351873,1.137148573543,0.797024042361,0.000000000000,0.000000000000
R1L01_filter_atr05,atr_filter_directional_change,2831dc1bd921fbc488b5699dd049d16929fc40038071804937d68a2db409304b,8,-1,1271,0.416207710464,-1.937214791503,-2.531433772886,-3217.452325338158,-4.719871735653,-5998.956976014493,-2.752462121212,15.005389457120,-15.091581431943,8.750000000001,-9.899999999999,3.799370574351,4.636506687648,-34.478597948922,29.639801649007,0.707425722315,0.527859311214,0.000000000000,0.000000000000
R1L01_filter_atr05,atr_filter_directional_change,2831dc1bd921fbc488b5699dd049d16929fc40038071804937d68a2db409304b,8,1,1272,0.544025157233,1.547838050314,0.956332181609,1216.454535006765,-1.226679555802,-1560.336394979604,1.244696969698,14.570990566038,-14.859119496855,9.925000000000,-8.949999999999,4.525943396226,3.946540880503,-28.935000000001,34.013670260351,1.143125304276,0.842056463403,0.000000000000,0.000000000000
R1L01_filter_atr05,atr_filter_directional_change,2831dc1bd921fbc488b5699dd049d16929fc40038071804937d68a2db409304b,12,-1,1271,0.396538158930,-3.318882769473,-3.913101750856,-4973.552325338173,-6.101539713623,-7755.056976014508,-3.846371552975,18.129897718332,-18.701180173092,10.650000000001,-12.550000000002,5.306845003934,6.762391817467,-42.815441176471,33.536180604779,0.643657238546,0.506470520383,0.000000000000,0.000000000000
R1L01_filter_atr05,atr_filter_directional_change,2831dc1bd921fbc488b5699dd049d16929fc40038071804937d68a2db409304b,12,1,1271,0.557828481511,2.450511408340,1.859043814067,2362.844687678553,-0.323891374480,-411.665936964304,1.988305941846,18.030330448466,-18.204051927616,11.799999999999,-10.649999999998,6.579858379229,5.483084185681,-36.898379567639,41.125534540522,1.244018315305,0.962563198021,0.000000000000,0.000000000000
R1L01_filter_atr05,atr_filter_directional_change,2831dc1bd921fbc488b5699dd049d16929fc40038071804937d68a2db409304b,16,-1,1270,0.389763779528,-3.141771653543,-3.735979940808,-4744.694524826701,-5.924396515339,-7523.983574480018,-5.013855897505,21.272440944882,-21.451102362205,12.400000000002,-14.699999999999,6.956692913386,8.649606299213,-50.139669530355,40.364690643863,0.693774136620,0.563509853695,0.000000000000,0.000000000000
R1L01_filter_atr05,atr_filter_directional_change,2831dc1bd921fbc488b5699dd049d16929fc40038071804937d68a2db409304b,16,1,1269,0.576044129236,2.779944838455,2.188333087217,2776.994687678578,0.005109584741,6.484063035720,2.791445086704,20.757801418440,-21.109416863672,13.850000000002,-12.350000000001,8.596532702916,7.033096926714,-42.114304783091,48.210000000001,1.247061081527,1.000518795406,0.000000000000,0.000000000000
R1L01_filter_atr05,atr_filter_directional_change,2831dc1bd921fbc488b5699dd049d16929fc40038071804937d68a2db409304b,24,-1,1265,0.393675889328,-4.228142292490,-4.821603682963,-6099.328658948052,-7.008526463908,-8865.785976844163,-5.179592959294,26.767549407115,-26.435019762846,15.299999999999,-18.199999999996,10.363636363636,12.724110671937,-61.504235889879,56.475692866879,0.684408220584,0.579077909244,0.000000000000,0.000000000000
R1L01_filter_atr05,atr_filter_directional_change,2831dc1bd921fbc488b5699dd049d16929fc40038071804937d68a2db409304b,24,1,1266,0.575829383886,3.921524486572,3.331864460821,4218.140407399541,1.152544409320,1459.121222198662,3.803296146045,25.874842022117,-26.557977883096,17.500000000000,-15.674999999999,12.718799368088,10.487361769352,-53.270605035809,59.514670999550,1.302667241641,1.096222244542,0.000000000000,0.000000000000
R1L01_filter_atr05,atr_filter_directional_change,2831dc1bd921fbc488b5699dd049d16929fc40038071804937d68a2db409304b,32,-1,1258,0.389507154213,-5.678020667727,-6.270526738967,-7888.322637620180,-8.455538881447,-10637.067912860548,-7.179444444444,31.062758346582,-30.583187599364,17.899999999997,-21.674999999999,13.648648648649,17.023052464229,-70.902931993745,63.232070833337,0.652828502862,0.564801031599,0.000000000000,0.000000000000
R1L01_filter_atr05,atr_filter_directional_change,2831dc1bd921fbc488b5699dd049d16929fc40038071804937d68a2db409304b,32,1,1256,0.585987261146,5.045063694268,4.457819725542,5599.021575280539,2.283331788090,2867.864725841603,5.291455294864,30.006886942675,-30.982802547771,20.725000000000,-17.950000000000,17.162420382166,13.744426751592,-62.440105421685,65.501110046900,1.356220955371,1.169742237929,0.000000000000,0.000000000000
R1L01_filter_atr05,atr_filter_directional_change,2831dc1bd921fbc488b5699dd049d16929fc40038071804937d68a2db409304b,48,-1,1248,0.370192307692,-8.759375000000,-9.348625384649,-11667.084480042276,-11.527126153948,-14385.853440126830,-9.125233351631,36.909975961538,-38.482091346154,21.874999999999,-27.624999999999,19.941506410256,26.248397435897,-93.643191188504,75.655801930145,0.596705650995,0.531285665996,0.000000000000,0.000000000000
R1L01_filter_atr05,atr_filter_directional_change,2831dc1bd921fbc488b5699dd049d16929fc40038071804937d68a2db409304b,48,1,1249,0.594875900721,8.234987990392,7.648287651295,9552.711276467086,5.474886973099,6838.133829401195,6.219246298788,37.749159327462,-36.699759807846,28.250000000000,-22.700000000003,26.207365892714,20.188951160929,-78.325373621907,93.292397959185,1.538317092485,1.361963650765,0.000000000000,0.000000000000
R1L02_filter_atr075,atr_filter_directional_change,1b6dbafcf594db890c772e665b1902e37ebdc6881ee9f4c2d2f9245c472278e0,1,-1,907,0.409040793826,-0.232194046306,-0.833786681101,-756.244519758811,-3.036971950691,-2754.533559276508,-1.269834710745,5.766703417861,-5.358324145535,3.350000000000,-3.649999999999,0.971334068357,0.977949283352,-11.967578990088,12.789514623524,0.741797755355,0.354029702572,0.000000000000,0.000000000000
R1L02_filter_atr075,atr_filter_directional_change,1b6dbafcf594db890c772e665b1902e37ebdc6881ee9f4c2d2f9245c472278e0,1,1,920,0.452173913043,-0.025271739131,-0.618275057078,-568.813052512125,-2.804281692974,-2579.939157536185,-0.500656660412,5.165760869565,-5.379239130435,3.375000000000,-3.350000000000,0.971739130435,0.973913043478,-12.144757017711,10.158218064591,0.789540037984,0.350262504152,0.000000000000,0.000000000000
R1L02_filter_atr075,atr_filter_directional_change,1b6dbafcf594db890c772e665b1902e37ebdc6881ee9f4c2d2f9245c472278e0,2,-1,907,0.402425578831,-1.018357221610,-1.619949856404,-1469.294519758792,-3.823135125994,-3467.583559276489,-1.749999999999,7.905457552370,-7.932855567806,4.599999999999,-5.450000000002,1.379272326351,1.522601984564,-18.661263088262,14.785984771573,0.660889814947,0.385614421305,0.000000000000,0.000000000000
R1L02_filter_atr075,atr_filter_directional_change,1b6dbafcf594db890c772e665b1902e37ebdc6881ee9f4c2d2f9245c472278e0,2,1,920,0.491304347826,-0.063478260870,-0.656481578818,-603.963052512115,-2.842488214713,-2615.089157536175,-0.237929296221,7.100489130435,-7.815326086957,4.750000000001,-4.750000000001,1.466304347826,1.438043478261,-16.362500000000,14.847026382937,0.832699247283,0.451762044333,0.000000000000,0.000000000000
R1L02_filter_atr075,atr_filter_directional_change,1b6dbafcf594db890c772e665b1902e37ebdc6881ee9f4c2d2f9245c472278e0,3,-1,907,0.391400220507,-1.408379272326,-2.009971907121,-1823.044519758837,-4.213157176711,-3821.333559276534,-2.054831237588,9.440463065050,-9.471830209482,5.549999999999,-6.700000000001,1.790518191841,2.067254685777,-21.864951587136,17.667980992864,0.643357696825,0.403738158275,0.000000000000,0.000000000000
R1L02_filter_atr075,atr_filter_directional_change,1b6dbafcf594db890c772e665b1902e37ebdc6881ee9f4c2d2f9245c472278e0,3,1,920,0.493478260870,0.155326086957,-0.437677230991,-402.663052512044,-2.623683866887,-2413.789157536104,-0.113692996743,8.816141304348,-9.536195652174,6.074999999998,-5.599999999998,1.971739130435,1.891304347826,-21.241106613351,20.335064341825,0.906311428065,0.554393161380,0.000000000000,0.000000000000
R1L02_filter_atr075,atr_filter_directional_change,1b6dbafcf594db890c772e665b1902e37ebdc6881ee9f4c2d2f9245c472278e0,4,-1,907,0.394707828004,-1.468246968026,-2.069839602821,-1877.344519758798,-4.273024872411,-3875.633559276495,-2.250000000001,11.011190738699,-11.109867695700,6.700000000001,-7.549999999998,2.162072767365,2.583241455347,-26.082541605606,21.617162939296,0.685910819730,0.467575774840,0.000000000000,0.000000000000
R1L02_filter_atr075,atr_filter_directional_change,1b6dbafcf594db890c772e665b1902e37ebdc6881ee9f4c2d2f9245c472278e0,4,1,920,0.508695652174,0.808804347826,0.215801029878,198.536947487959,-1.970205606018,-1812.589157536101,0.227663527783,10.558423913043,-10.889891304348,7.050000000000,-6.424999999999,2.482608695652,2.317391304348,-22.132533216548,24.466083755942,1.043121044382,0.681365485854,0.000000000000,0.000000000000
R1L02_filter_atr075,atr_filter_directional_change,1b6dbafcf594db890c772e665b1902e37ebdc6881ee9f4c2d2f9245c472278e0,6,-1,907,0.396912899669,-2.287155457552,-2.888748092347,-2620.094519758728,-5.091933361937,-4618.383559276424,-2.922580645163,13.067971334068,-13.558654906284,7.700000000003,-8.999999999997,2.942668136714,3.662624035281,-30.987653642498,26.463193965295,0.641629973278,0.462197182004,0.000000000000,0.000000000000
R1L02_filter_atr075,atr_filter_directional_change,1b6dbafcf594db890c772e665b1902e37ebdc6881ee9f4c2d2f9245c472278e0,6,1,920,0.536956521739,1.378097826087,0.785094508139,722.286947487920,-1.400912127757,-1288.839157536139,0.885931217667,12.896141304348,-13.478260869565,8.800000000001,-7.850000000001,3.464130434783,3.091304347826,-30.072076076938,30.664928103815,1.132755217867,0.800382042373,0.000000000000,0.000000000000
R1L02_filter_atr075,atr_filter_directional_change,1b6dbafcf594db890c772e665b1902e37ebdc6881ee9f4c2d2f9245c472278e0,8,-1,906,0.389624724062,-2.636534216335,-3.235483452683,-2931.348008130850,-5.433381925378,-4922.644024392733,-3.178863636364,15.030794701987,-15.619977924945,9.050000000002,-10.075000000001,3.701986754967,4.665562913907,-37.589050815704,31.487027341634,0.648202461716,0.487052265640,0.000000000000,0.000000000000
R1L02_filter_atr075,atr_filter_directional_change,1b6dbafcf594db890c772e665b1902e37ebdc6881ee9f4c2d2f9245c472278e0,8,1,919,0.549510337323,1.492872687704,0.899848462609,826.960737137347,-1.286199987582,-1182.017788587881,1.434153846152,14.723340587595,-15.328998911861,10.350000000000,-9.100000000001,4.490750816104,3.900979325354,-33.854686230251,33.663618659981,1.130832733877,0.838224026424,0.000000000000,0.000000000000
R1L02_filter_atr075,atr_filter_directional_change,1b6dbafcf594db890c772e665b1902e37ebdc6881ee9f4c2d2f9245c472278e0,12,-1,905,0.391160220994,-3.663149171271,-4.262204179364,-3857.294782324413,-6.460314195551,-5846.584346973393,-4.450000000003,18.134088397790,-18.978729281768,10.950000000003,-12.850000000003,5.149171270718,6.751381215470,-43.326549875642,33.197766249256,0.623420995320,0.491878907916,0.000000000000,0.000000000000
R1L02_filter_atr075,atr_filter_directional_change,1b6dbafcf594db890c772e665b1902e37ebdc6881ee9f4c2d2f9245c472278e0,12,1,919,0.560391730141,1.897932535364,1.304908310269,1199.210737137352,-0.881140139922,-809.767788587876,2.019988102321,17.649945593036,-18.740424374320,11.950000000002,-10.550000000001,6.441784548422,5.313384113166,-38.986267487980,38.950350993378,1.164441590782,0.901701927930,0.000000000000,0.000000000000
R1L02_filter_atr075,atr_filter_directional_change,1b6dbafcf594db890c772e665b1902e37ebdc6881ee9f4c2d2f9245c472278e0,16,-1,904,0.391592920354,-3.851714601770,-4.450716471199,-4023.447689964140,-6.648720210058,-6010.443069892482,-5.296916118421,21.194856194690,-21.763938053097,12.649999999999,-15.125000000000,6.678097345133,8.588495575221,-49.456138651233,38.466565520031,0.641889425393,0.518906726689,0.000000000000,0.000000000000
R1L02_filter_atr075,atr_filter_directional_change,1b6dbafcf594db890c772e665b1902e37ebdc6881ee9f4c2d2f9245c472278e0,16,1,918,0.574074074074,2.991230936819,2.398105378145,2201.460737137365,0.211854260798,194.482211412137,3.036634470214,20.591938997821,-21.280174291939,13.750000000002,-12.149999999998,8.568627450980,6.861655773420,-43.357110726642,49.656200234194,1.272466608513,1.021625273290,0.000000000000,0.000000000000
R1L02_filter_atr075,atr_filter_directional_change,1b6dbafcf594db890c772e665b1902e37ebdc6881ee9f4c2d2f9245c472278e0,24,-1,902,0.392461197339,-4.684312638581,-5.283332739786,-4765.566131286543,-7.481372942195,-6748.198393859851,-5.829382597569,26.841407982262,-26.665299334812,15.500000000000,-18.575000000001,9.988913525499,12.862527716186,-62.004668880077,55.741733743055,0.661240462078,0.559315788100,0.000000000000,0.000000000000
R1L02_filter_atr075,atr_filter_directional_change,1b6dbafcf594db890c772e665b1902e37ebdc6881ee9f4c2d2f9245c472278e0,24,1,917,0.568157033806,3.701853871320,3.108626758056,2850.610737137369,0.922172531529,845.632211412140,3.898695652171,25.515321701200,-27.065921483097,17.550000000000,-15.499999999997,12.738276990185,10.288985823337,-55.167882783883,60.276984702239,1.281187054783,1.076611084355,0.000000000000,0.000000000000
R1L02_filter_atr075,atr_filter_directional_change,1b6dbafcf594db890c772e665b1902e37ebdc6881ee9f4c2d2f9245c472278e0,32,-1,900,0.383333333333,-6.275444444444,-6.873401909821,-6186.061718839275,-9.069316840575,-8162.385156517931,-7.286071428573,31.320833333333,-31.154888888889,18.175000000004,-22.925000000002,13.145555555556,17.113333333333,-70.804771865167,67.519553361625,0.629801529942,0.545696432845,0.000000000000,0.000000000000
R1L02_filter_atr075,atr_filter_directional_change,1b6dbafcf594db890c772e665b1902e37ebdc6881ee9f4c2d2f9245c472278e0,32,1,911,0.587266739846,4.722338090011,4.132417235427,3764.632101474388,1.952575526260,1778.796304423228,6.035942760944,29.925631174534,-31.744566410538,20.600000000002,-17.700000000002,17.267837541164,13.419319429199,-63.621455304706,64.308791874054,1.325449566607,1.143178965365,0.000000000000,0.000000000000
R1L02_filter_atr075,atr_filter_directional_change,1b6dbafcf594db890c772e665b1902e37ebdc6881ee9f4c2d2f9245c472278e0,48,-1,893,0.358342665174,-8.598992161254,-9.195235311845,-8211.345133477578,-11.387721613027,-10169.235400432874,-10.433167825222,37.599664053751,-38.833146696529,22.150000000002,-28.100000000001,19.582306830907,26.266517357223,-91.952121807466,77.703132352939,0.607408100764,0.542093659662,0.000000000000,0.000000000000
R1L02_filter_atr075,atr_filter_directional_change,1b6dbafcf594db890c772e665b1902e37ebdc6881ee9f4c2d2f9245c472278e0,48,1,905,0.596685082873,7.545248618784,6.956380766462,6295.524593648181,4.778645061817,4324.673780944624,6.546962025315,37.420110497238,-37.762375690608,27.799999999999,-22.250000000000,26.128176795580,19.862983425414,-81.263600746271,93.239578218447,1.475432410082,1.307372863406,0.000000000000,0.000000000000
R1L03_filter_atr10,atr_filter_directional_change,5caf8703d5ff347869f4508c67bdd584309b6f0f0f4402c7af6fcbe8dab3a0ec,1,-1,681,0.396475770925,-0.938619676946,-1.548057894706,-1054.227426295051,-3.766934330228,-2565.282278885069,-1.649999999998,5.770337738620,-6.072173274596,3.300000000004,-3.850000000003,0.972099853157,0.983847283407,-14.166359616803,11.996081567371,0.596100975048,0.294262737146,0.000000000000,0.000000000000
R1L03_filter_atr10,atr_filter_directional_change,5caf8703d5ff347869f4508c67bdd584309b6f0f0f4402c7af6fcbe8dab3a0ec,1,1,693,0.435786435786,-0.059812409813,-0.655133590005,-454.007577873465,-2.845775950390,-1972.122733620161,-0.632590163934,5.176334776335,-5.535497835498,3.199999999998,-3.600000000000,0.972582972583,0.969696969697,-11.891163987139,10.710027819301,0.776033956310,0.345845794769,0.000000000000,0.000000000000
R1L03_filter_atr10,atr_filter_directional_change,5caf8703d5ff347869f4508c67bdd584309b6f0f0f4402c7af6fcbe8dab3a0ec,2,-1,681,0.408223201175,-0.708737151248,-1.318175369009,-897.677426294970,-3.537051804530,-2408.732278884988,-1.499999999999,8.112775330396,-8.354552129222,4.799999999994,-5.600000000001,1.367107195301,1.511013215859,-19.106842105263,16.744616083599,0.731223282007,0.441339428860,0.000000000000,0.000000000000
R1L03_filter_atr10,atr_filter_directional_change,5caf8703d5ff347869f4508c67bdd584309b6f0f0f4402c7af6fcbe8dab3a0ec,2,1,693,0.483405483405,0.181168831169,-0.414152349024,-287.007577873375,-2.604794709408,-1805.122733620072,-0.350000000001,7.263347763348,-7.934559884560,4.800000000000,-5.150000000006,1.474747474747,1.427128427128,-16.018658353035,14.848044076925,0.889631511377,0.479664929658,0.000000000000,0.000000000000
R1L03_filter_atr10,atr_filter_directional_change,5caf8703d5ff347869f4508c67bdd584309b6f0f0f4402c7af6fcbe8dab3a0ec,3,-1,681,0.390602055800,-1.474302496329,-2.083740714090,-1419.027426295054,-4.302617149611,-2930.082278885072,-2.158460076046,9.704478707783,-9.825330396476,5.549999999999,-7.049999999998,1.773861967695,2.016152716593,-21.822729422893,17.724346895075,0.646855593051,0.414878372173,0.000000000000,0.000000000000
R1L03_filter_atr10,atr_filter_directional_change,5caf8703d5ff347869f4508c67bdd584309b6f0f0f4402c7af6fcbe8dab3a0ec,3,1,693,0.505050505051,0.574819624820,-0.020501555373,-14.207577873414,-2.211143915758,-1532.322733620111,0.111851475076,9.238383838384,-9.603751803752,6.199999999993,-5.949999999999,2.001443001443,1.854256854257,-20.217390109891,20.421218959962,0.995430177083,0.610220439316,0.000000000000,0.000000000000
R1L03_filter_atr10,atr_filter_directional_change,5caf8703d5ff347869f4508c67bdd584309b6f0f0f4402c7af6fcbe8dab3a0ec,4,-1,681,0.386196769457,-1.444566813510,-2.054005031270,-1398.777426294984,-4.272881466791,-2909.832278885002,-2.850558943088,11.210499265786,-11.409985315712,6.299999999999,-7.700000000000,2.149779735683,2.593245227606,-26.608235753318,21.127081967215,0.701908751496,0.487675304799,0.000000000000,0.000000000000
R1L03_filter_atr10,atr_filter_directional_change,5caf8703d5ff347869f4508c67bdd584309b6f0f0f4402c7af6fcbe8dab3a0ec,4,1,693,0.519480519481,1.229148629149,0.633827448956,439.242422126626,-1.556814911429,-1078.872733620070,0.513380281688,11.127489177489,-11.042352092352,7.399999999998,-6.950000000001,2.509379509380,2.284271284271,-21.835798776343,24.434403061741,1.129050355847,0.743119786520,0.000000000000,0.000000000000
R1L03_filter_atr10,atr_filter_directional_change,5caf8703d5ff347869f4508c67bdd584309b6f0f0f4402c7af6fcbe8dab3a0ec,6,-1,680,0.389705882353,-2.238308823529,-2.843347336281,-1933.476188671146,-5.053424361785,-3436.328566013639,-3.108347676887,13.240735294118,-14.078308823529,7.499999999999,-9.750000000000,2.911764705882,3.617647058824,-31.147135971171,24.340043844371,0.656889811708,0.478126825285,0.000000000000,0.000000000000
R1L03_filter_atr10,atr_filter_directional_change,5caf8703d5ff347869f4508c67bdd584309b6f0f0f4402c7af6fcbe8dab3a0ec,6,1,693,0.541125541126,1.734126984127,1.138805803934,789.192422126593,-1.051836556450,-728.922733620103,0.942035928141,13.548917748918,-13.776406926407,9.350000000001,-8.199999999999,3.520923520924,3.073593073593,-28.289943859649,32.850088061470,1.191077137694,0.850869002508,0.000000000000,0.000000000000
R1L03_filter_atr10,atr_filter_directional_change,5caf8703d5ff347869f4508c67bdd584309b6f0f0f4402c7af6fcbe8dab3a0ec,8,-1,680,0.391176470588,-2.387205882353,-2.992244395105,-2034.726188671193,-5.202321420608,-3537.578566013686,-3.178863636364,15.484338235294,-16.126617647059,8.525000000000,-10.750000000000,3.713235294118,4.673529411765,-39.228001348995,33.336174575280,0.686177980906,0.523909073218,0.000000000000,0.000000000000
R1L03_filter_atr10,atr_filter_directional_change,5caf8703d5ff347869f4508c67bdd584309b6f0f0f4402c7af6fcbe8dab3a0ec,8,1,693,0.561327561328,2.108441558442,1.513120378249,1048.592422126647,-0.677521982136,-469.522733620049,1.651168929107,15.227633477634,-15.479870129870,10.550000000003,-9.199999999998,4.556998556999,3.761904761905,-28.875176194206,35.126905751538,1.232735492613,0.910327677422,0.000000000000,0.000000000000
R1L03_filter_atr10,atr_filter_directional_change,5caf8703d5ff347869f4508c67bdd584309b6f0f0f4402c7af6fcbe8dab3a0ec,12,-1,679,0.396170839470,-3.397717231222,-4.002905689050,-2717.972962864736,-6.213282604704,-4218.818888594326,-4.798639112902,18.627540500736,-19.481075110457,10.900000000004,-13.400000000001,5.217967599411,6.673048600884,-45.376157859736,38.961142355012,0.653055714679,0.519770412433,0.000000000000,0.000000000000
R1L03_filter_atr10,atr_filter_directional_change,5caf8703d5ff347869f4508c67bdd584309b6f0f0f4402c7af6fcbe8dab3a0ec,12,1,693,0.552669552670,1.898124098124,1.302802917932,902.842422126632,-0.887839442453,-615.272733620065,1.966546112113,18.290909090909,-19.262698412698,12.099999999998,-10.749999999999,6.360750360750,5.339105339105,-37.799077288396,39.377320427916,1.158391891528,0.904331343941,0.000000000000,0.000000000000
R1L03_filter_atr10,atr_filter_directional_change,5caf8703d5ff347869f4508c67bdd584309b6f0f0f4402c7af6fcbe8dab3a0ec,16,-1,679,0.385861561119,-3.821060382916,-4.426248840743,-3005.422962864794,-6.636625756398,-4506.268888594384,-5.663613013697,21.360603829161,-21.990942562592,12.449999999998,-15.150000000000,6.664212076583,8.452135493373,-50.140181538795,42.246515636376,0.653651716429,0.532340228169,0.000000000000,0.000000000000
R1L03_filter_atr10,atr_filter_directional_change,5caf8703d5ff347869f4508c67bdd584309b6f0f0f4402c7af6fcbe8dab3a0ec,16,1,693,0.572871572872,2.567388167388,1.972066987196,1366.642422126644,-0.218575373189,-151.472733620053,2.950000000004,20.971212121212,-21.982611832612,14.200000000000,-12.649999999996,8.437229437229,6.890331890332,-45.260752688171,47.830863125640,1.211609604805,0.978813884359,0.000000000000,0.000000000000
R1L03_filter_atr10,atr_filter_directional_change,5caf8703d5ff347869f4508c67bdd584309b6f0f0f4402c7af6fcbe8dab3a0ec,24,-1,677,0.392909896603,-4.684859675037,-5.290090900851,-3581.391539875925,-7.500553352478,-5077.874619627851,-6.921451717433,27.299113737075,-26.701550960118,15.550000000002,-19.000000000000,9.871491875923,12.865583456425,-64.693987977386,62.099363091996,0.668972637407,0.568016439906,0.000000000000,0.000000000000
R1L03_filter_atr10,atr_filter_directional_change,5caf8703d5ff347869f4508c67bdd584309b6f0f0f4402c7af6fcbe8dab3a0ec,24,1,693,0.575757575758,3.058874458874,2.463553278682,1707.242422126655,0.272910918297,189.127266379959,3.941545893721,25.630375180375,-27.514213564214,17.550000000000,-15.499999999997,12.600288600289,10.199134199134,-58.008251748251,60.059855188519,1.212744654889,1.021742543909,0.000000000000,0.000000000000
R1L03_filter_atr10,atr_filter_directional_change,5caf8703d5ff347869f4508c67bdd584309b6f0f0f4402c7af6fcbe8dab3a0ec,32,-1,677,0.381093057607,-6.206794682422,-6.812025908236,-4611.741539875967,-9.022488359864,-6108.224619627892,-7.737482993199,31.907754800591,-31.427548005908,18.400000000003,-22.900000000004,13.093057607090,17.118168389956,-80.234164383563,69.350591991340,0.644471707050,0.561525732131,0.000000000000,0.000000000000
R1L03_filter_atr10,atr_filter_directional_change,5caf8703d5ff347869f4508c67bdd584309b6f0f0f4402c7af6fcbe8dab3a0ec,32,1,689,0.579100145138,4.363933236575,3.769443429727,2597.146523081880,1.580463816031,1088.939569245693,5.369937369520,30.048911465893,-32.239332365747,20.700000000002,-17.750000000001,17.137880986938,13.422351233672,-68.964408464252,63.812609890109,1.285284907216,1.111495417790,0.000000000000,0.000000000000
R1L03_filter_atr10,atr_filter_directional_change,5caf8703d5ff347869f4508c67bdd584309b6f0f0f4402c7af6fcbe8dab3a0ec,48,-1,670,0.374626865672,-7.115074626866,-7.718096947036,-5171.124954514279,-9.924141587377,-6649.174863542844,-9.925000000000,38.497089552239,-38.574029850746,22.700000000000,-27.625000000000,19.519402985075,25.862686567164,-90.253466461592,81.993001629733,0.662726311780,0.591647478185,0.000000000000,0.000000000000
R1L03_filter_atr10,atr_filter_directional_change,5caf8703d5ff347869f4508c67bdd584309b6f0f0f4402c7af6fcbe8dab3a0ec,48,1,683,0.581259150805,6.838945827233,6.245840649565,4265.909163653022,4.059630294230,2772.727490959292,6.091777777777,37.530087847731,-38.440775988287,27.600000000001,-21.899999999999,25.855051244510,19.806734992679,-85.650234312946,98.392432651578,1.403561020243,1.247219819506,0.000000000000,0.000000000000
R1L04_filter_atr125,atr_filter_directional_change,ca5d229762381cffa3834f0ef636ece5fac14129c9f351459a170d22fb448dc0,1,-1,522,0.406130268199,-0.494252873563,-1.099847973263,-574.120642043491,-3.311038172663,-1728.361926130295,-1.684087968953,6.113793103448,-6.044348659004,3.500000000001,-4.150000000000,0.971264367816,0.986590038314,-12.972092891140,13.840401279143,0.704397976335,0.363833430735,0.000000000000,0.000000000000
R1L04_filter_atr125,atr_filter_directional_change,ca5d229762381cffa3834f0ef636ece5fac14129c9f351459a170d22fb448dc0,1,1,535,0.439252336449,-0.148598130841,-0.745285533347,-398.727760340491,-2.938660338358,-1572.183281021366,-0.675978882532,5.261775700935,-5.658037383178,3.450000000001,-3.549999999998,0.971962616822,0.975700934579,-11.441304149319,10.700136595733,0.750824368213,0.332425096123,0.000000000000,0.000000000000
R1L04_filter_atr125,atr_filter_directional_change,ca5d229762381cffa3834f0ef636ece5fac14129c9f351459a170d22fb448dc0,2,-1,522,0.383141762452,-0.784770114943,-1.390365214643,-725.770642043466,-3.601555414043,-1880.011926130270,-2.449797235023,8.729214559387,-8.486111111111,5.050000000001,-5.924999999999,1.363984674330,1.547892720307,-18.906532895190,16.721036014713,0.725745706040,0.448001917656,0.000000000000,0.000000000000
R1L04_filter_atr125,atr_filter_directional_change,ca5d229762381cffa3834f0ef636ece5fac14129c9f351459a170d22fb448dc0,2,1,535,0.519626168224,0.558317757009,-0.038369645496,-20.527760340421,-2.231744450507,-1193.983281021297,0.383730158727,7.688317757009,-8.051775700935,5.000000000001,-4.800000000000,1.487850467290,1.420560747664,-16.137991452990,14.847753307214,0.989542073571,0.540945570283,0.000000000000,0.000000000000
R1L04_filter_atr125,atr_filter_directional_change,ca5d229762381cffa3834f0ef636ece5fac14129c9f351459a170d22fb448dc0,3,-1,522,0.398467432950,-0.658045977012,-1.263641076712,-659.620642043450,-3.474831276112,-1813.861926130254,-2.052985587346,10.436590038314,-9.949904214559,6.000000000000,-7.200000000000,1.747126436782,2.045977011494,-19.797999108736,21.057654823847,0.780218496136,0.515099806652,0.000000000000,0.000000000000
R1L04_filter_atr125,atr_filter_directional_change,ca5d229762381cffa3834f0ef636ece5fac14129c9f351459a170d22fb448dc0,3,1,535,0.527102803738,1.097476635514,0.500789233008,267.922239659519,-1.692585572003,-905.533281021357,0.400000000001,9.626915887850,-9.584112149533,6.400000000002,-5.649999999997,2.022429906542,1.826168224299,-18.338406642730,19.942663656743,1.119085919973,0.685708996877,0.000000000000,0.000000000000
R1L04_filter_atr125,atr_filter_directional_change,ca5d229762381cffa3834f0ef636ece5fac14129c9f351459a170d22fb448dc0,4,-1,522,0.413793103448,-0.825478927203,-1.431074026903,-747.020642043385,-3.642264226303,-1901.261926130188,-2.783590098246,12.169636015326,-11.461973180077,6.775000000002,-8.249999999998,2.212643678161,2.576628352490,-25.639908780233,24.439840772998,0.787954803265,0.552015274208,0.000000000000,0.000000000000
R1L04_filter_atr125,atr_filter_directional_change,ca5d229762381cffa3834f0ef636ece5fac14129c9f351459a170d22fb448dc0,4,1,535,0.534579439252,1.828691588785,1.232004186280,659.122239659597,-0.961370618731,-514.333281021279,0.700000000000,11.460841121495,-10.984018691589,7.749999999999,-6.549999999999,2.534579439252,2.306542056075,-18.404982758618,24.026238737708,1.266120923243,0.833027341092,0.000000000000,0.000000000000
R1L04_filter_atr125,atr_filter_directional_change,ca5d229762381cffa3834f0ef636ece5fac14129c9f351459a170d22fb448dc0,6,-1,522,0.409961685824,-1.259674329502,-1.865269429202,-973.670642043382,-4.076459628602,-2127.911926130186,-3.022485583337,14.459482758621,-14.148659003831,7.950000000001,-9.850000000000,2.886973180077,3.530651340996,-30.811143411950,30.783272471907,0.768185813183,0.566918465942,0.000000000000,0.000000000000
R1L04_filter_atr125,atr_filter_directional_change,ca5d229762381cffa3834f0ef636ece5fac14129c9f351459a170d22fb448dc0,6,1,535,0.534579439252,1.928785046729,1.332097644223,712.672239659524,-0.861277160788,-460.783281021352,0.942035928141,14.086635514019,-14.287289719626,9.850000000000,-8.200000000005,3.581308411215,3.074766355140,-25.923019594560,30.379474159649,1.224470239595,0.877433477350,0.000000000000,0.000000000000
R1L04_filter_atr125,atr_filter_directional_change,ca5d229762381cffa3834f0ef636ece5fac14129c9f351459a170d22fb448dc0,8,-1,522,0.396551724138,-2.086781609195,-2.692376708895,-1405.420642043399,-4.903566908295,-2559.661926130203,-3.668335787922,16.311206896552,-16.300957854406,8.975000000000,-11.075000000001,3.668582375479,4.582375478927,-37.575779547276,36.841534238043,0.715382873962,0.547787887555,0.000000000000,0.000000000000
R1L04_filter_atr125,atr_filter_directional_change,ca5d229762381cffa3834f0ef636ece5fac14129c9f351459a170d22fb448dc0,8,1,535,0.575700934579,2.279719626168,1.683032223663,900.422239659561,-0.510342581348,-273.033281021315,1.881889469752,15.601869158879,-15.812710280374,11.000000000001,-9.199999999998,4.581308411215,3.710280373832,-27.292991452989,35.105222417102,1.262570317713,0.931322072304,0.000000000000,0.000000000000
R1L04_filter_atr125,atr_filter_directional_change,ca5d229762381cffa3834f0ef636ece5fac14129c9f351459a170d22fb448dc0,12,-1,521,0.385796545106,-2.948080614203,-3.553872200071,-1851.567416236973,-5.765455371806,-3003.802248710873,-4.625777275296,19.637332053743,-19.380902111324,11.400000000000,-13.299999999998,5.168905950096,6.547024952015,-45.310873036999,40.000000000000,0.692401378857,0.556063980141,0.000000000000,0.000000000000
R1L04_filter_atr125,atr_filter_directional_change,ca5d229762381cffa3834f0ef636ece5fac14129c9f351459a170d22fb448dc0,12,1,535,0.549532710280,2.777570093458,2.180882690953,1166.772239659595,-0.012492114058,-6.683281021281,2.256051437214,18.607570093458,-18.647850467290,12.400000000000,-10.899999999998,6.287850467290,5.291588785047,-32.225713358016,39.024663840983,1.292145154244,0.998532239164,0.000000000000,0.000000000000
R1L04_filter_atr125,atr_filter_directional_change,ca5d229762381cffa3834f0ef636ece5fac14129c9f351459a170d22fb448dc0,16,-1,521,0.374280230326,-3.995105566219,-4.600897152086,-2397.067416236977,-6.812480323821,-3549.302248710877,-5.663613013697,22.395009596929,-22.576007677543,13.399999999999,-15.300000000002,6.508637236084,8.547024952015,-54.367279325684,46.734184914842,0.648136360102,0.530207792854,0.000000000000,0.000000000000
R1L04_filter_atr125,atr_filter_directional_change,ca5d229762381cffa3834f0ef636ece5fac14129c9f351459a170d22fb448dc0,16,1,535,0.568224299065,3.033925233645,2.437237831139,1303.922239659543,0.243863026128,130.466718978668,3.035025380710,21.100280373832,-21.599158878505,13.700000000000,-12.850000000000,8.300934579439,6.921495327103,-44.803933669189,45.813372478855,1.281618982984,1.025214295254,0.000000000000,0.000000000000
R1L04_filter_atr125,atr_filter_directional_change,ca5d229762381cffa3834f0ef636ece5fac14129c9f351459a170d22fb448dc0,24,-1,520,0.382692307692,-4.085288461539,-4.691067888469,-2439.355302003913,-6.902626742330,-3589.365906011669,-6.483310626702,27.718557692308,-26.320384615385,16.174999999998,-18.125000000001,10.005769230769,12.694230769231,-60.150334698246,56.585242422275,0.689771945105,0.581935284114,0.000000000000,0.000000000000
R1L04_filter_atr125,atr_filter_directional_change,ca5d229762381cffa3834f0ef636ece5fac14129c9f351459a170d22fb448dc0,24,1,533,0.574108818011,2.753189493433,2.160074994665,1151.319972156446,-0.026154002872,-13.940083530655,3.823370839193,25.316885553471,-27.591088180113,18.299999999999,-16.050000000001,12.598499061914,10.262664165103,-62.465534389391,56.576219424326,1.189158356758,0.997890944572,0.000000000000,0.000000000000
R1L04_filter_atr125,atr_filter_directional_change,ca5d229762381cffa3834f0ef636ece5fac14129c9f351459a170d22fb448dc0,32,-1,520,0.390384615385,-5.833653846154,-6.439433273084,-3348.505302003930,-8.650992126946,-4498.515906011686,-6.838811656017,32.659134615385,-30.659326923077,19.949999999997,-21.725000000001,13.273076923077,16.509615384615,-78.380443368927,64.918200833304,0.649131549181,0.561762847821,0.000000000000,0.000000000000
R1L04_filter_atr125,atr_filter_directional_change,ca5d229762381cffa3834f0ef636ece5fac14129c9f351459a170d22fb448dc0,32,1,531,0.572504708098,4.256497175141,3.663175266322,1945.146066416864,1.476531448683,784.038199250506,4.538086642600,29.867231638418,-32.512617702448,21.000000000001,-18.299999999999,16.834274952919,13.393596986817,-61.706039905870,62.038791763789,1.287690772869,1.107748513695,0.000000000000,0.000000000000
R1L04_filter_atr125,atr_filter_directional_change,ca5d229762381cffa3834f0ef636ece5fac14129c9f351459a170d22fb448dc0,48,-1,515,0.378640776699,-7.787572815534,-8.393837836915,-4322.826486011041,-10.606367879676,-5462.279458033096,-9.899999999999,37.703106796116,-38.449708737864,23.899999999998,-27.700000000002,19.335922330097,25.345631067961,-88.453000095481,76.019285678474,0.631599321249,0.561575930065,0.000000000000,0.000000000000
R1L04_filter_atr125,atr_filter_directional_change,ca5d229762381cffa3834f0ef636ece5fac14129c9f351459a170d22fb448dc0,48,1,528,0.579545454545,7.010984848485,6.417226812609,3388.295757057533,4.229710740857,2233.287271172661,6.107124105709,37.775852272727,-38.399337121212,27.500000000002,-22.625000000002,25.505681818182,20.109848484848,-82.664999999998,98.848579496087,1.428854509835,1.265830317625,0.000000000000,0.000000000000
R1L05_filter_atr15,atr_filter_directional_change,898388236cf6c4d5e60c7cf575c78b7e45bd9a29929ecb77404e1df3756f4156,1,-1,431,0.392111368910,-0.685382830627,-1.297758682547,-559.333992177893,-3.522510386389,-1518.201976533587,-1.900000000001,6.160324825986,-6.286542923434,3.450000000001,-4.549999999998,0.969837587007,0.995359628770,-13.926432064186,12.775000000000,0.669202582185,0.354736792150,0.000000000000,0.000000000000
R1L05_filter_atr15,atr_filter_directional_change,898388236cf6c4d5e60c7cf575c78b7e45bd9a29929ecb77404e1df3756f4156,1,1,442,0.443438914027,0.055769230769,-0.547596142994,-242.037495203340,-2.754326890520,-1217.412485609944,-0.599464751957,5.632805429864,-5.795927601810,3.700000000001,-3.500000000000,0.970588235294,0.977375565611,-12.323100646074,11.090684982001,0.818814919215,0.378929436312,0.000000000000,0.000000000000
R1L05_filter_atr15,atr_filter_directional_change,898388236cf6c4d5e60c7cf575c78b7e45bd9a29929ecb77404e1df3756f4156,2,-1,431,0.382830626450,-0.768213457077,-1.380589308997,-595.033992177879,-3.605341012839,-1553.901976533572,-2.700000000002,8.901624129930,-8.774477958237,4.949999999999,-6.299999999999,1.373549883991,1.580046403712,-18.631957933280,17.254246312931,0.736921119676,0.462535404667,0.000000000000,0.000000000000
R1L05_filter_atr15,atr_filter_directional_change,898388236cf6c4d5e60c7cf575c78b7e45bd9a29929ecb77404e1df3756f4156,2,1,442,0.497737556561,0.801244343891,0.197878970128,87.462504796705,-2.008851777398,-887.912485609900,-0.050000000001,8.631221719457,-8.231900452489,5.349999999999,-4.699999999997,1.466063348416,1.423076923077,-17.037575411335,15.986352650221,1.050336830156,0.610369306844,0.000000000000,0.000000000000
R1L05_filter_atr15,atr_filter_directional_change,898388236cf6c4d5e60c7cf575c78b7e45bd9a29929ecb77404e1df3756f4156,3,-1,431,0.382830626450,-0.867517401392,-1.479893253313,-637.833992177876,-3.704644957154,-1596.701976533569,-2.511452879583,10.636890951276,-10.433178654292,6.000000000000,-7.800000000000,1.754060324826,2.067285382831,-20.516264581122,22.291131080197,0.754373711394,0.503729372359,0.000000000000,0.000000000000
R1L05_filter_atr15,atr_filter_directional_change,898388236cf6c4d5e60c7cf575c78b7e45bd9a29929ecb77404e1df3756f4156,3,1,442,0.520361990950,0.745814479638,0.142449105875,62.962504796684,-2.064281641651,-912.412485609921,0.327251593005,10.423529411765,-10.301244343891,7.050000000001,-5.549999999999,2.004524886878,1.866515837104,-20.529220591531,20.290629983689,1.029400542617,0.658366233373,0.000000000000,0.000000000000
R1L05_filter_atr15,atr_filter_directional_change,898388236cf6c4d5e60c7cf575c78b7e45bd9a29929ecb77404e1df3756f4156,4,-1,431,0.389791183295,-1.444431554524,-2.056807406445,-886.483992177822,-4.281559110287,-1845.351976533516,-3.191061452514,12.219489559165,-12.126914153132,6.950000000001,-8.799999999999,2.180974477958,2.619489559165,-26.041715935567,23.950000000000,0.714866657297,0.504575576020,0.000000000000,0.000000000000
R1L05_filter_atr15,atr_filter_directional_change,898388236cf6c4d5e60c7cf575c78b7e45bd9a29929ecb77404e1df3756f4156,4,1,442,0.540723981900,1.288122171946,0.684756798183,302.662504796709,-1.521973949344,-672.712485609896,0.765944734879,11.850678733032,-11.750000000000,8.175000000000,-6.475000000000,2.495475113122,2.285067873303,-19.181787442099,24.779800230679,1.130054201577,0.762193440583,0.000000000000,0.000000000000
R1L05_filter_atr15,atr_filter_directional_change,898388236cf6c4d5e60c7cf575c78b7e45bd9a29929ecb77404e1df3756f4156,6,-1,431,0.401392111369,-2.060324825986,-2.672700677907,-1151.933992177789,-4.897452381748,-2110.801976533483,-3.055725806451,14.698143851508,-15.146983758701,8.050000000000,-10.500000000002,2.879350348028,3.554524361949,-34.262944060950,30.435208272221,0.699227989941,0.523162900489,0.000000000000,0.000000000000
R1L05_filter_atr15,atr_filter_directional_change,898388236cf6c4d5e60c7cf575c78b7e45bd9a29929ecb77404e1df3756f4156,6,1,442,0.529411764706,1.678846153846,1.075480780083,475.362504796641,-1.131249967443,-500.012485609964,0.840625000002,14.227149321267,-15.150113122172,9.700000000001,-8.600000000003,3.488687782805,3.110859728507,-26.775835492619,30.360218383370,1.171034304857,0.847108105933,0.000000000000,0.000000000000
R1L05_filter_atr15,atr_filter_directional_change,898388236cf6c4d5e60c7cf575c78b7e45bd9a29929ecb77404e1df3756f4156,8,-1,431,0.392111368910,-2.194431554524,-2.806807406445,-1209.733992177824,-5.031559110287,-2168.601976533517,-3.493817204299,16.667517401392,-17.123897911833,9.500000000000,-11.699999999999,3.624129930394,4.612529002320,-38.767053538586,38.295136501886,0.715364942641,0.552760227361,0.000000000000,0.000000000000
R1L05_filter_atr15,atr_filter_directional_change,898388236cf6c4d5e60c7cf575c78b7e45bd9a29929ecb77404e1df3756f4156,8,1,442,0.572398190045,1.615271493213,1.011906119450,447.262504796706,-1.194824628077,-528.112485609899,1.968579906884,15.853280542986,-16.558936651584,11.225000000002,-9.300000000002,4.447963800905,3.753393665158,-28.001125138422,34.537515980821,1.143299629465,0.852169735735,0.000000000000,0.000000000000
R1L05_filter_atr15,atr_filter_directional_change,898388236cf6c4d5e60c7cf575c78b7e45bd9a29929ecb77404e1df3756f4156,12,-1,431,0.373549883991,-3.809396751740,-4.421772603661,-1905.783992177857,-6.646524307502,-2864.651976533551,-5.889835728951,20.397331786543,-20.665893271462,11.099999999999,-13.599999999997,4.986078886311,6.684454756381,-48.969198018667,42.680633441027,0.649743341571,0.527770066089,0.000000000000,0.000000000000
R1L05_filter_atr15,atr_filter_directional_change,898388236cf6c4d5e60c7cf575c78b7e45bd9a29929ecb77404e1df3756f4156,12,1,442,0.565610859729,2.093325791855,1.489960418092,658.562504796717,-0.716770329434,-316.812485609888,2.493580603255,18.813800904977,-19.719343891403,12.975000000000,-11.049999999999,6.266968325792,5.330316742081,-34.763091012673,38.985097493037,1.187018449257,0.920084084649,0.000000000000,0.000000000000
R1L05_filter_atr15,atr_filter_directional_change,898388236cf6c4d5e60c7cf575c78b7e45bd9a29929ecb77404e1df3756f4156,16,-1,431,0.371229698376,-4.656264501160,-5.268640353081,-2270.783992177866,-7.493392056922,-3229.651976533560,-6.977546296297,22.747911832947,-23.610092807425,12.850000000003,-15.949999999998,6.324825986079,8.549883990719,-53.999705236614,44.128670120899,0.620154027204,0.510465426517,0.000000000000,0.000000000000
R1L05_filter_atr15,atr_filter_directional_change,898388236cf6c4d5e60c7cf575c78b7e45bd9a29929ecb77404e1df3756f4156,16,1,442,0.552036199095,2.711877828054,2.108512454291,931.962504796690,-0.098218293235,-43.412485609915,3.102153558051,21.453054298643,-22.495135746606,14.525000000000,-13.025000000000,8.230769230769,6.988687782805,-43.675403419660,45.985847532823,1.232175101041,0.990279698051,0.000000000000,0.000000000000
R1L05_filter_atr15,atr_filter_directional_change,898388236cf6c4d5e60c7cf575c78b7e45bd9a29929ecb77404e1df3756f4156,24,-1,430,0.388372093023,-5.008953488372,-5.621329948709,-2417.171877944754,-7.846082869382,-3373.815633834303,-7.541559179598,27.935581395349,-27.241511627907,16.175000000000,-18.550000000000,9.820930232558,12.293023255814,-61.946398220671,55.575548644521,0.645561390840,0.545111599686,0.000000000000,0.000000000000
R1L05_filter_atr15,atr_filter_directional_change,898388236cf6c4d5e60c7cf575c78b7e45bd9a29929ecb77404e1df3756f4156,24,1,440,0.563636363636,2.303636363636,1.704538380384,749.996887369044,-0.493657586120,-217.209337892827,3.475796072775,25.559545454546,-27.994772727273,19.125000000000,-16.075000000001,12.429545454545,10.488636363636,-60.359450059786,52.866174023138,1.146060602453,0.961055527003,0.000000000000,0.000000000000
R1L05_filter_atr15,atr_filter_directional_change,898388236cf6c4d5e60c7cf575c78b7e45bd9a29929ecb77404e1df3756f4156,32,-1,429,0.389277389277,-6.169813519814,-6.782386039993,-2909.643611157113,-9.007531080353,-3864.230833471344,-7.656182795700,32.593006993007,-31.451864801865,20.049999999998,-22.299999999998,13.379953379953,16.284382284382,-73.412793119961,67.580510948904,0.637155418846,0.551442255342,0.000000000000,0.000000000000
R1L05_filter_atr15,atr_filter_directional_change,898388236cf6c4d5e60c7cf575c78b7e45bd9a29929ecb77404e1df3756f4156,32,1,438,0.563926940639,5.084703196347,4.485480405830,1964.640417753424,2.287034824795,1001.721253260201,4.544043321300,30.416095890411,-32.415867579909,22.650000000002,-19.000000000000,16.618721461187,13.979452054795,-57.414540088140,64.982576991453,1.366832617398,1.173033768851,0.000000000000,0.000000000000
R1L05_filter_atr15,atr_filter_directional_change,898388236cf6c4d5e60c7cf575c78b7e45bd9a29929ecb77404e1df3756f4156,48,-1,425,0.388235294118,-7.233764705882,-7.846501619739,-3334.763188389217,-10.071975447453,-4280.589565167659,-9.400000000000,38.972235294118,-39.075176470588,25.599999999997,-27.700000000002,19.327058823529,25.176470588235,-88.855659495215,81.011082565210,0.659445083223,0.587719548564,0.000000000000,0.000000000000
R1L05_filter_atr15,atr_filter_directional_change,898388236cf6c4d5e60c7cf575c78b7e45bd9a29929ecb77404e1df3756f4156,48,1,435,0.563218390805,7.519655172414,6.919862318148,3010.140108394166,4.720276609615,2053.320325182429,6.091777777777,38.046781609195,-38.977011494253,27.900000000000,-23.050000000001,24.901149425287,20.418390804598,-76.186512241932,99.217158992177,1.463193312055,1.296442198528,0.000000000000,0.000000000000
