event_id,date,fold,month,side,side_label,session,signal_bar_start,decision_time,exit_boundary,asian_high,asian_low,asian_range_width_pips,sweep_distance_pips,sweep_distance_range_ratio,signal_open,signal_high,signal_low,signal_close,sweep_timestamp,maximum_overshoot_pips,first_close_back_inside_timestamp,first_executable_reclaim_timestamp,reclaim_speed_seconds,reclaim_retained_seconds,reentry_outside_count,second_sweep_occurrence,entry_time,entry_bid,entry_ask,pre_sweep_return_toward_boundary_15m_pips,pre_sweep_volatility_15m_pips,tick_velocity_60s_ticks_per_second,recent_local_excursion_5m_pips,asian_range_formation_speed_pips_per_hour,asian_boundary_formation_time,asian_boundary_touches,seconds_since_boundary_formation,seconds_from_sweep_to_london_open,entry_spread_pips,exit_time,exit_bid,exit_ask,pnl_pips,pnl_jpy,mfe_pips,mae_pips,time_to_mfe_seconds,time_to_mae_seconds,return_5m_pips,return_15m_pips,return_30m_pips,return_60m_pips,return_120m_pips,return_180m_pips,range_midpoint_reached,opposite_boundary_reached,range_outside_redeparture,tp10_sl20_order,entry_delay_5s_pnl_jpy,entry_delay_10s_pnl_jpy,H4_information_time,H4_bucket_start_server,H4_fast_value,H4_slow_value,H4_slope,H4_raw_state,H4_previous_raw_state,H4_state,H4_state_start,H4_state_duration_hours,H4_last_state_change,D1_information_time,D1_bucket_start_server,D1_fast_value,D1_slow_value,D1_slope,D1_raw_state,D1_previous_raw_state,D1_state,D1_state_start,D1_state_duration_hours,D1_last_state_change,overshoot_duration_seconds,reclaim_distance_pips
RAW|2023-01-02|2023-01-02T11:00:00Z|1,2023-01-02,2023H1,2023-01,1,LONG,LONDON,2023-01-02 11:00:00+00:00,2023-01-02 11:15:00+00:00,2023-01-02 14:15:00+00:00,131.041,130.785,25.600000000000023,0.899999999998613,0.03515624999994579,130.778,130.876,130.776,130.826,2023-01-02 11:00:00.244000+00:00,0.899999999998613,2023-01-02 11:15:00+00:00,2023-01-02 11:01:01.392000+00:00,61.148,0.735,2,True,2023-01-02 11:15:04.096000+00:00,130.827,130.849,-0.49999999999954525,3.6000000000001364,1.3,3.2000000000010687,31.424752448239207,2023-01-02 01:02:49.958000+00:00,1,35830.286,-10800.244,2.199999999999136,2023-01-02 14:15:11.384000+00:00,130.669,130.685,-17.99999999999784,-179.9999999999784,2.899999999999636,-23.199999999999932,278.529,9076.332,0.9000000000014552,-4.2999999999977945,-3.7999999999982492,-13.199999999997658,-16.899999999998272,-17.99999999999784,False,False,True,SL_ONLY,-182.99999999999272,-182.99999999999272,2023-01-02 10:00:00+00:00,2023-01-02 08:00:00+00:00,130.9035306122449,130.91461920000003,-1.1088587755125445,Neutral,Neutral,Neutral,,,,,,,,,,,Neutral,,,,61.148,0.899999999998613
RAW|2023-01-03|2023-01-03T08:30:00Z|-1,2023-01-03,2023H1,2023-01,-1,SHORT,LONDON,2023-01-03 08:30:00+00:00,2023-01-03 08:45:00+00:00,2023-01-03 11:45:00+00:00,130.903,129.507,139.59999999999866,5.299999999999727,0.037965616045843684,130.757,130.956,130.658,130.745,2023-01-03 08:30:39.024000+00:00,5.299999999999727,2023-01-03 08:45:00+00:00,2023-01-03 08:30:39.890000+00:00,0.866,0.408,8,True,2023-01-03 08:45:00.559000+00:00,130.746,130.754,56.49999999999977,56.60000000000025,6.616666666666666,31.900000000001683,33.491427318184435,2023-01-03 00:02:15.210000+00:00,1,30503.814,-1839.024,0.7999999999981355,2023-01-03 11:45:00.122000+00:00,130.734,130.742,0.40000000000190994,4.000000000019099,43.00000000000068,-12.09999999999809,2091.839,296.809,-11.7999999999995,-3.6000000000001364,24.200000000001864,28.400000000002024,13.400000000001455,,False,False,False,TP_ONLY,2.0000000000095497,4.000000000019099,2023-01-03 06:00:00+00:00,2023-01-03 04:00:00+00:00,130.36101321849617,130.72448454958962,-36.34713310934501,Neutral,Neutral,Neutral,,,,2023-01-02 22:00:00+00:00,2023-01-02 00:00:00+00:00,130.608,130.608,0.0,Neutral,Neutral,Neutral,,,,0.866,5.299999999999727
RAW|2023-01-04|2023-01-04T12:00:00Z|1,2023-01-04,2023H1,2023-01,1,LONG,LONDON_NY_OVERLAP,2023-01-04 12:00:00+00:00,2023-01-04 12:15:00+00:00,2023-01-04 15:15:00+00:00,131.304,130.577,72.70000000000039,6.200000000001182,0.08528198074279435,130.531,130.75,130.515,130.737,2023-01-04 12:00:00.051000+00:00,6.200000000001182,2023-01-04 12:15:00+00:00,2023-01-04 12:01:46.804000+00:00,106.753,1.968,11,True,2023-01-04 12:15:00.069000+00:00,130.737,130.744,3.700000000000614,8.699999999998909,2.816666666666667,6.000000000000227,37.1515234793315,2023-01-04 01:57:24.983000+00:00,1,36155.068,-14400.051,0.7000000000005002,2023-01-04 15:15:00.051000+00:00,131.73,131.737,98.599999999999,985.99999999999,100.7000000000005,-16.30000000000109,10598.405,5761.961,3.8999999999987267,10.300000000000864,13.2000000000005,15.299999999999159,-0.899999999998613,,True,True,False,TP_ONLY,997.9999999999905,986.9999999999948,2023-01-04 10:00:00+00:00,2023-01-04 08:00:00+00:00,130.63460794602713,130.70625955060112,-7.165160457398656,Neutral,Neutral,Neutral,,,,2023-01-03 22:00:00+00:00,2023-01-03 00:00:00+00:00,130.722,130.63992000000002,8.20799999999906,Neutral,Neutral,Neutral,,,,106.753,6.200000000001182
RAW|2023-01-05|2023-01-05T08:45:00Z|-1,2023-01-05,2023H1,2023-01,-1,SHORT,LONDON,2023-01-05 08:45:00+00:00,2023-01-05 09:00:00+00:00,2023-01-05 12:00:00+00:00,132.623,131.681,94.19999999999789,21.700000000001296,0.23036093418260917,132.811,132.84,132.552,132.588,2023-01-05 08:45:00.098000+00:00,21.700000000001296,2023-01-05 09:00:00+00:00,2023-01-05 08:53:18.815000+00:00,498.717,1.738,1,True,2023-01-05 09:00:00.320000+00:00,132.589,132.595,2.899999999999636,14.19999999999959,2.85,9.299999999998931,21.67989524708268,2023-01-05 05:34:06.139000+00:00,1,11453.959,-2700.098,0.6000000000000227,2023-01-05 12:00:00.104000+00:00,132.452,132.457,13.2000000000005,132.000000000005,25.99999999999909,-11.299999999999955,7787.454,720.991,-9.600000000000364,-9.000000000000341,4.4999999999987494,6.800000000001205,10.599999999999454,,False,False,True,TP_ONLY,170.00000000001592,175.00000000001137,2023-01-05 06:00:00+00:00,2023-01-05 04:00:00+00:00,131.92747259066667,131.18510590163916,74.23666890275058,Neutral,Neutral,Neutral,,,,2023-01-04 22:00:00+00:00,2023-01-04 00:00:00+00:00,131.2617142857143,130.7976064,46.41078857142986,Neutral,Neutral,Neutral,,,,498.717,21.700000000001296
RAW|2023-01-06|2023-01-06T08:00:00Z|-1,2023-01-06,2023H1,2023-01,-1,SHORT,LONDON,2023-01-06 08:00:00+00:00,2023-01-06 08:15:00+00:00,2023-01-06 11:15:00+00:00,134.368,133.301,106.70000000000073,5.299999999999727,0.049671977507026156,134.22,134.421,134.213,134.282,2023-01-06 08:01:10.404000+00:00,5.299999999999727,2023-01-06 08:15:00+00:00,2023-01-06 08:01:10.506000+00:00,0.102,0.359,8,True,2023-01-06 08:15:00.013000+00:00,134.281,134.288,15.999999999999659,23.900000000000432,5.516666666666667,18.39999999999975,18.301440330786797,2023-01-06 05:50:02.484000+00:00,1,7867.92,-70.404,0.7000000000005002,2023-01-06 11:15:00.281000+00:00,134.349,134.354,-7.30000000000075,-73.0000000000075,12.5,-31.799999999998363,207.57,4031.434,5.400000000000205,-10.599999999999454,-3.7999999999982492,-10.899999999998045,3.0000000000001137,-7.30000000000075,False,False,True,TP_FIRST,-73.0000000000075,-70.0000000000216,2023-01-06 06:00:00+00:00,2023-01-06 04:00:00+00:00,133.46134322628467,132.10791325480676,135.3429971477908,Up,Up,Up,2023-01-05 22:00:00+00:00,8.0,2023-01-05 22:00:00+00:00,2023-01-05 22:00:00+00:00,2023-01-05 00:00:00+00:00,131.8723673469388,131.005717888,86.66494589388094,Neutral,Neutral,Neutral,,,,0.102,5.299999999999727
RAW|2023-01-06|2023-01-06T13:45:00Z|1,2023-01-06,2023H1,2023-01,1,LONG,LONDON_NY_OVERLAP,2023-01-06 13:45:00+00:00,2023-01-06 14:00:00+00:00,2023-01-06 17:00:00+00:00,134.368,133.301,106.70000000000073,6.999999999999318,0.06560449859418248,133.544,133.592,133.231,133.371,2023-01-06 13:48:17.348000+00:00,6.999999999999318,2023-01-06 14:00:00+00:00,2023-01-06 13:48:17.774000+00:00,0.426,0.995,5,True,2023-01-06 14:00:00.099000+00:00,133.37,133.376,81.69999999999789,96.39999999999986,10.033333333333333,49.19999999999902,18.301440330786797,2023-01-06 00:00:13.972000+00:00,1,49683.376,-20897.348,0.6000000000000227,2023-01-06 17:00:00.063000+00:00,132.21,132.216,-116.59999999999968,-1165.9999999999968,72.20000000000084,-119.40000000000168,2721.648,10751.501,3.1999999999982265,29.90000000000066,37.60000000000048,59.499999999999886,-94.5999999999998,,True,False,True,TP_FIRST,-1192.9999999999836,-1134.999999999991,2023-01-06 14:00:00+00:00,2023-01-06 12:00:00+00:00,133.62913429912484,132.37839377886846,125.0740520256386,Up,Up,Up,2023-01-05 22:00:00+00:00,16.0,2023-01-05 22:00:00+00:00,2023-01-05 22:00:00+00:00,2023-01-05 00:00:00+00:00,131.8723673469388,131.005717888,86.66494589388094,Neutral,Neutral,Neutral,,,,0.426,6.999999999999318
RAW|2023-01-09|2023-01-09T08:30:00Z|-1,2023-01-09,2023H1,2023-01,-1,SHORT,LONDON,2023-01-09 08:30:00+00:00,2023-01-09 08:45:00+00:00,2023-01-09 11:45:00+00:00,132.112,131.304,80.79999999999927,6.399999999999295,0.0792079207920712,132.143,132.176,132.065,132.067,2023-01-09 08:30:00.050000+00:00,6.399999999999295,2023-01-09 08:45:00+00:00,2023-01-09 08:30:32.472000+00:00,32.422,0.102,69,True,2023-01-09 08:45:00.066000+00:00,132.066,132.072,-0.9999999999990905,22.49999999999943,5.183333333333334,13.700000000000045,35.606861469624896,2023-01-09 00:45:33.625000+00:00,1,27866.425,-1800.05,0.6000000000000227,2023-01-09 11:45:00.128000+00:00,132.435,132.442,-37.60000000000048,-376.0000000000048,7.099999999999795,-59.499999999999886,283.486,7323.17,1.5999999999991132,-8.899999999999864,-22.399999999998954,-45.300000000000296,-54.30000000000064,-37.60000000000048,False,False,True,SL_ONLY,-394.00000000000546,-402.00000000001523,2023-01-09 06:00:00+00:00,2023-01-09 04:00:00+00:00,132.341673026636,132.24807956856918,9.359345806680608,Up,Up,Up,2023-01-05 22:00:00+00:00,80.0,2023-01-05 22:00:00+00:00,2023-01-06 22:00:00+00:00,2023-01-06 00:00:00+00:00,131.91740524781343,131.08766045696,82.97447908534252,Neutral,Neutral,Neutral,,,,32.422,6.399999999999295
RAW|2023-01-10|2023-01-10T07:15:00Z|-1,2023-01-10,2023H1,2023-01,-1,SHORT,LONDON,2023-01-10 07:15:00+00:00,2023-01-10 07:30:00+00:00,2023-01-10 10:30:00+00:00,132.221,131.38,84.10000000000082,2.400000000000091,0.028537455410226724,132.126,132.245,132.048,132.178,2023-01-10 07:29:18.326000+00:00,2.400000000000091,2023-01-10 07:30:00+00:00,2023-01-10 07:29:21.814000+00:00,3.488,38.186,0,False,2023-01-10 07:30:00.099000+00:00,132.179,132.187,6.30000000000166,17.500000000001137,4.283333333333333,17.500000000001137,73.93942857394124,2023-01-10 00:27:21.885000+00:00,1,25316.441,1841.674,0.8000000000009777,2023-01-10 10:30:01.388000+00:00,131.995,132.0,17.900000000000205,179.00000000000205,48.40000000000089,-11.599999999998545,7136.014,1693.398,2.899999999999636,13.2000000000005,-4.800000000000182,18.199999999998795,43.70000000000118,17.900000000000205,True,False,True,TP_ONLY,171.99999999999704,173.00000000000182,2023-01-10 06:00:00+00:00,2023-01-10 04:00:00+00:00,131.84468103461302,132.0834633415307,-23.878230691767044,Down,Down,Down,2023-01-09 14:00:00+00:00,16.0,2023-01-09 14:00:00+00:00,2023-01-09 22:00:00+00:00,2023-01-09 00:00:00+00:00,131.90300374843815,131.15000762040322,75.29961280349369,Neutral,Neutral,Neutral,,,,3.488,2.400000000000091
RAW|2023-01-11|2023-01-11T08:30:00Z|-1,2023-01-11,2023H1,2023-01,-1,SHORT,LONDON,2023-01-11 08:30:00+00:00,2023-01-11 08:45:00+00:00,2023-01-11 11:45:00+00:00,132.578,132.089,48.90000000000043,9.499999999999886,0.1942740286298528,132.649,132.673,132.534,132.537,2023-01-11 08:30:00.216000+00:00,9.499999999999886,2023-01-11 08:45:00+00:00,2023-01-11 08:39:25.823000+00:00,565.607,0.458,12,True,2023-01-11 08:45:00.404000+00:00,132.541,132.545,14.6000000000015,28.199999999998226,3.4,10.999999999998522,17.41497610782818,2023-01-11 02:49:01.225000+00:00,1,20458.991,-1800.216,0.39999999999906777,2023-01-11 11:45:00.284000+00:00,132.544,132.55,-0.9000000000014552,-9.000000000014552,22.399999999998954,-21.100000000001273,5193.935,915.941,0.7000000000005002,-14.699999999999136,-6.499999999999773,0.9999999999990905,2.000000000001023,,True,False,True,SL_FIRST,-6.000000000000227,-7.000000000005002,2023-01-11 06:00:00+00:00,2023-01-11 04:00:00+00:00,132.20184623044673,132.13649974162396,6.534648882276883,Up,Up,Up,2023-01-11 02:00:00+00:00,4.0,2023-01-11 02:00:00+00:00,2023-01-10 22:00:00+00:00,2023-01-10 00:00:00+00:00,132.0001455345987,131.23744701077095,76.2698523827737,Neutral,Neutral,Neutral,,,,565.607,9.499999999999886
RAW|2023-01-13|2023-01-13T09:15:00Z|1,2023-01-13,2023H1,2023-01,1,LONG,LONDON,2023-01-13 09:15:00+00:00,2023-01-13 09:30:00+00:00,2023-01-13 12:30:00+00:00,129.346,128.397,94.90000000000123,16.59999999999968,0.17492096944151178,128.249,128.721,128.231,128.626,2023-01-13 09:15:00.053000+00:00,16.59999999999968,2023-01-13 09:30:00+00:00,2023-01-13 09:19:00.370000+00:00,240.317,0.052,4,True,2023-01-13 09:30:00.337000+00:00,128.628,128.637,8.00000000000125,13.49999999999909,2.0833333333333335,9.100000000000819,16.104185273362905,2023-01-13 06:56:35.125000+00:00,1,8304.928,-4500.053,0.9000000000014552,2023-01-13 12:30:00.052000+00:00,128.717,128.729,8.00000000000125,80.0000000000125,15.899999999999181,-36.7999999999995,9964.181,3277.407,-11.899999999999977,-9.200000000001296,-11.50000000000091,-22.30000000000132,-7.400000000001228,,False,False,True,SL_FIRST,80.0000000000125,51.00000000001614,2023-01-13 06:00:00+00:00,2023-01-13 04:00:00+00:00,129.6478948888798,131.09129509605827,-144.34002071784846,Down,Down,Down,2023-01-12 06:00:00+00:00,24.0,2023-01-12 06:00:00+00:00,2023-01-12 22:00:00+00:00,2023-01-12 00:00:00+00:00,131.3151762931626,131.17047274991657,14.470354324603818,Neutral,Neutral,Neutral,,,,240.317,16.59999999999968
RAW|2023-01-16|2023-01-16T11:15:00Z|-1,2023-01-16,2023H1,2023-01,-1,SHORT,LONDON,2023-01-16 11:15:00+00:00,2023-01-16 11:30:00+00:00,2023-01-16 14:30:00+00:00,128.195,127.218,97.69999999999897,18.500000000000227,0.18935516888434414,128.375,128.38,128.139,128.166,2023-01-16 11:15:00.297000+00:00,18.500000000000227,2023-01-16 11:30:00+00:00,2023-01-16 11:24:43.725000+00:00,583.428,33.655,10,True,2023-01-16 11:30:01.230000+00:00,128.166,128.174,-1.4999999999986358,16.99999999999875,1.5166666666666666,7.30000000000075,46.39622603926798,2023-01-16 00:43:45.915000+00:00,1,37874.382,-11700.297,0.8000000000009777,2023-01-16 14:30:00.100000+00:00,128.388,128.397,-23.099999999999454,-230.99999999999454,4.599999999999227,-40.29999999999916,107.461,6603.211,-1.300000000000523,-0.9000000000014552,-13.900000000001,-18.700000000001182,-36.40000000000043,,False,False,True,SL_ONLY,-247.99999999999045,-246.99999999998568,2023-01-16 10:00:00+00:00,2023-01-16 08:00:00+00:00,128.1282474044388,129.7142998187596,-158.60524143207897,Down,Down,Down,2023-01-12 06:00:00+00:00,100.0,2023-01-12 06:00:00+00:00,2023-01-13 22:00:00+00:00,2023-01-13 00:00:00+00:00,130.32598306654472,130.90507492992325,-57.90918633785225,Neutral,Neutral,Neutral,,,,583.428,18.500000000000227
RAW|2023-01-17|2023-01-17T14:15:00Z|1,2023-01-17,2023H1,2023-01,1,LONG,LONDON_NY_OVERLAP,2023-01-17 14:15:00+00:00,2023-01-17 14:30:00+00:00,2023-01-17 17:30:00+00:00,129.155,128.297,85.80000000000041,2.000000000001023,0.023310023310035125,128.412,128.534,128.277,128.441,2023-01-17 14:16:03.894000+00:00,2.000000000001023,2023-01-17 14:30:00+00:00,2023-01-17 14:16:04.301000+00:00,0.407,36.493,4,True,2023-01-17 14:30:00.001000+00:00,128.441,128.45,36.49999999999807,37.299999999999045,7.066666666666666,21.89999999999941,57.58260441600886,2023-01-17 01:02:51.551000+00:00,1,47592.343,-22563.894,0.899999999998613,2023-01-17 17:30:00.140000+00:00,128.266,128.275,-18.39999999999975,-183.9999999999975,18.700000000001182,-46.39999999999844,3736.889,5707.67,-11.7999999999995,-3.3999999999991815,-16.29999999999825,6.30000000000166,-29.299999999997794,-18.39999999999975,False,False,True,SL_FIRST,-185.00000000000227,-161.00000000000136,2023-01-17 14:00:00+00:00,2023-01-17 12:00:00+00:00,128.6446795910739,129.2525827690359,-60.79031779620152,Down,Down,Down,2023-01-12 06:00:00+00:00,128.0,2023-01-12 06:00:00+00:00,2023-01-16 22:00:00+00:00,2023-01-16 00:00:00+00:00,129.81455933324622,130.7155489355294,-90.09896022831754,Neutral,Neutral,Neutral,,,,0.407,2.000000000001023
RAW|2023-01-18|2023-01-18T13:30:00Z|1,2023-01-18,2023H1,2023-01,1,LONG,LONDON_NY_OVERLAP,2023-01-18 13:30:00+00:00,2023-01-18 13:45:00+00:00,2023-01-18 16:45:00+00:00,131.572,128.219,335.30000000000086,9.600000000000364,0.02863107664777912,128.735,128.735,128.123,128.255,2023-01-18 13:30:47.014000+00:00,9.600000000000364,2023-01-18 13:45:00+00:00,2023-01-18 13:30:47.217000+00:00,0.203,0.204,22,True,2023-01-18 13:45:00.480000+00:00,128.256,128.27,73.09999999999945,77.29999999999961,9.583333333333334,59.699999999998,75.7402443681419,2023-01-18 00:00:56.333000+00:00,1,48590.681,-19847.014,1.4000000000010004,2023-01-18 16:45:00.024000+00:00,128.592,128.6,32.20000000000027,322.00000000000273,33.099999999998886,-70.90000000000032,10271.66,2436.034,1.8999999999977035,-14.799999999999613,-32.30000000000075,-12.700000000000955,5.400000000000205,,False,False,True,TP_FIRST,324.0000000000123,268.0000000000007,2023-01-18 10:00:00+00:00,2023-01-18 08:00:00+00:00,129.20174699363992,129.20238537394226,-0.0638380302348196,Down,Down,Down,2023-01-12 06:00:00+00:00,148.0,2023-01-12 06:00:00+00:00,2023-01-17 22:00:00+00:00,2023-01-17 00:00:00+00:00,129.33011380946158,130.50782502068705,-117.77112112254713,Neutral,Neutral,Neutral,,,,0.203,9.600000000000364
RAW|2023-01-19|2023-01-19T11:45:00Z|-1,2023-01-19,2023H1,2023-01,-1,SHORT,LONDON_NY_OVERLAP,2023-01-19 11:45:00+00:00,2023-01-19 12:00:00+00:00,2023-01-19 15:00:00+00:00,128.69,127.757,93.29999999999927,2.000000000001023,0.021436227224019708,128.69,128.71,128.539,128.612,2023-01-19 11:45:00.383000+00:00,2.000000000001023,2023-01-19 12:00:00+00:00,2023-01-19 11:45:25.238000+00:00,24.855,28.16,2,True,2023-01-19 12:00:00.075000+00:00,128.612,128.624,11.899999999999977,15.099999999998204,3.15,8.29999999999984,24.943997057933032,2023-01-19 01:52:24.407000+00:00,1,35555.976,-13500.383,1.2000000000000455,2023-01-19 15:00:00.080000+00:00,128.344,128.348,26.39999999999816,263.9999999999816,37.39999999999952,-21.000000000000796,9238.601,5481.748,-0.10000000000047748,9.199999999998454,14.400000000000546,-2.7000000000015234,22.299999999998477,26.39999999999816,False,False,True,TP_FIRST,258.99999999998613,239.99999999998067,2023-01-19 10:00:00+00:00,2023-01-19 08:00:00+00:00,128.48903838345947,128.89975908065338,-41.072069719390925,Down,Down,Down,2023-01-12 06:00:00+00:00,172.0,2023-01-12 06:00:00+00:00,2023-01-18 22:00:00+00:00,2023-01-18 00:00:00+00:00,129.202652721044,130.37791901903208,-117.52662979880881,Neutral,Neutral,Neutral,,,,24.855,2.000000000001023
RAW|2023-01-23|2023-01-23T07:30:00Z|-1,2023-01-23,2023H1,2023-01,-1,SHORT,LONDON,2023-01-23 07:30:00+00:00,2023-01-23 07:45:00+00:00,2023-01-23 10:45:00+00:00,130.169,129.038,113.10000000000002,12.599999999997635,0.11140583554374565,130.237,130.295,130.111,130.113,2023-01-23 07:30:00.913000+00:00,12.599999999997635,2023-01-23 07:45:00+00:00,2023-01-23 07:30:59.764000+00:00,58.851,1.8940000000000001,13,True,2023-01-23 07:45:00.099000+00:00,130.109,130.122,21.399999999999864,28.90000000000157,3.6166666666666667,11.000000000001364,31.571439803741587,2023-01-23 06:45:31.958000+00:00,1,2668.955,1799.087,1.300000000000523,2023-01-23 10:45:00.104000+00:00,129.923,129.933,17.600000000001614,176.00000000001614,48.500000000001364,-13.100000000000023,4105.167,590.415,0.7000000000005002,-1.8000000000000682,8.200000000002206,40.99999999999966,23.699999999999477,17.600000000001614,False,False,True,TP_ONLY,182.00000000001637,174.0000000000066,2023-01-23 06:00:00+00:00,2023-01-23 04:00:00+00:00,129.537929628928,129.17456665593434,36.33629729936558,Up,Up,Up,2023-01-20 10:00:00+00:00,68.0,2023-01-20 10:00:00+00:00,2023-01-20 22:00:00+00:00,2023-01-20 00:00:00+00:00,129.1147411842061,130.15967225770873,-104.49310735026245,Neutral,Neutral,Neutral,,,,58.851,12.599999999997635
RAW|2023-01-24|2023-01-24T07:00:00Z|1,2023-01-24,2023H1,2023-01,1,LONG,LONDON,2023-01-24 07:00:00+00:00,2023-01-24 07:15:00+00:00,2023-01-24 10:15:00+00:00,130.728,130.039,68.90000000000214,11.099999999999,0.16110304789548122,130.045,130.198,129.928,130.188,2023-01-24 07:00:08.996000+00:00,11.099999999999,2023-01-24 07:15:00+00:00,2023-01-24 07:00:20.235000+00:00,11.239,3.541,7,True,2023-01-24 07:15:01.937000+00:00,130.188,130.199,5.500000000000682,9.000000000000341,1.3166666666666667,5.500000000000682,10.144816395142632,2023-01-24 06:54:18.757000+00:00,1,350.239,3591.004,1.1000000000024102,2023-01-24 10:15:00.169000+00:00,130.203,130.211,0.39999999999906777,3.9999999999906777,18.899999999999295,-47.59999999999991,8638.764,1947.392,-10.400000000001342,-25.0,-42.00000000000159,-22.400000000001796,-3.300000000001546,,True,False,True,SL_FIRST,4.9999999999954525,1.0000000000047748,2023-01-24 06:00:00+00:00,2023-01-24 04:00:00+00:00,130.22099513342232,129.6333418157302,58.76533176921157,Up,Up,Up,2023-01-20 10:00:00+00:00,92.0,2023-01-20 10:00:00+00:00,2023-01-23 22:00:00+00:00,2023-01-23 00:00:00+00:00,129.5553865601472,130.19945847709204,-64.40719169448244,Neutral,Neutral,Neutral,,,,11.239,11.099999999999
RAW|2023-01-24|2023-01-24T15:00:00Z|-1,2023-01-24,2023H1,2023-01,-1,SHORT,LONDON_NY_OVERLAP,2023-01-24 15:00:00+00:00,2023-01-24 15:15:00+00:00,2023-01-24 18:15:00+00:00,130.728,130.039,68.90000000000214,37.79999999999859,0.5486211901305866,131.067,131.106,130.641,130.674,2023-01-24 15:00:00.022000+00:00,37.79999999999859,2023-01-24 15:15:00+00:00,2023-01-24 15:13:34.111000+00:00,814.089,1.3679999999999999,1,True,2023-01-24 15:15:00.071000+00:00,130.673,130.683,62.700000000000955,67.60000000000161,8.733333333333333,19.10000000000025,10.144816395142632,2023-01-24 00:06:48.832000+00:00,1,53591.19,-25200.022,0.9999999999990905,2023-01-24 18:15:00.173000+00:00,129.992,130.0,67.30000000000018,673.0000000000018,80.19999999999925,-4.900000000000659,4815.136,281.118,-3.999999999999204,31.800000000001205,44.90000000000123,63.400000000001455,62.10000000000093,67.30000000000018,True,True,False,TP_ONLY,668.0000000000064,622.0000000000141,2023-01-24 14:00:00+00:00,2023-01-24 12:00:00+00:00,130.25769139460323,129.73207011283404,52.56212817691903,Up,Up,Up,2023-01-20 10:00:00+00:00,100.0,2023-01-20 10:00:00+00:00,2023-01-23 22:00:00+00:00,2023-01-23 00:00:00+00:00,129.5553865601472,130.19945847709204,-64.40719169448244,Neutral,Neutral,Neutral,,,,814.089,37.79999999999859
RAW|2023-01-25|2023-01-25T09:00:00Z|1,2023-01-25,2023H1,2023-01,1,LONG,LONDON,2023-01-25 09:00:00+00:00,2023-01-25 09:15:00+00:00,2023-01-25 12:15:00+00:00,130.581,130.106,47.49999999999943,3.0000000000001137,0.06315789473684526,130.24,130.28,130.076,130.107,2023-01-25 09:11:10.737000+00:00,3.0000000000001137,2023-01-25 09:15:00+00:00,2023-01-25 09:11:24.523000+00:00,13.786,5.189,12,True,2023-01-25 09:15:00.882000+00:00,130.108,130.115,18.799999999998818,19.899999999998386,2.15,11.999999999997613,13.684859767400436,2023-01-25 02:18:03.849000+00:00,1,24786.888,-4270.737,0.7000000000005002,2023-01-25 12:15:00.061000+00:00,129.792,129.799,-32.30000000000075,-323.0000000000075,2.5999999999982037,-48.00000000000182,47.18,9977.58,-7.200000000000273,-7.699999999999818,-26.500000000001478,-15.600000000000591,-34.200000000001296,,False,False,True,SL_ONLY,-323.0000000000075,-323.0000000000075,2023-01-25 06:00:00+00:00,2023-01-25 04:00:00+00:00,130.27160729763725,129.87462287474074,39.69844228965087,Up,Up,Up,2023-01-20 10:00:00+00:00,116.0,2023-01-20 10:00:00+00:00,2023-01-24 22:00:00+00:00,2023-01-24 00:00:00+00:00,129.72870468581942,130.19646179892467,-46.775711310525026,Neutral,Neutral,Neutral,,,,13.786,3.0000000000001137
RAW|2023-01-26|2023-01-26T07:45:00Z|-1,2023-01-26,2023H1,2023-01,-1,SHORT,LONDON,2023-01-26 07:45:00+00:00,2023-01-26 08:00:00+00:00,2023-01-26 11:00:00+00:00,129.587,129.02,56.699999999997885,0.40000000000190994,0.007054673721374336,129.586,129.591,129.455,129.478,2023-01-26 07:45:00.534000+00:00,0.40000000000190994,2023-01-26 08:00:00+00:00,2023-01-26 07:45:00.636000+00:00,0.102,0.101,5,True,2023-01-26 08:00:00.081000+00:00,129.482,129.487,-5.000000000001137,12.899999999999068,3.8333333333333335,9.199999999998454,35.00975494715047,2023-01-26 02:46:22.642000+00:00,1,17917.892,899.466,0.49999999999954525,2023-01-26 11:00:00.124000+00:00,129.679,129.686,-20.400000000000773,-204.00000000000773,-0.49999999999954525,-52.09999999999866,0.0,7580.806,-14.699999999999136,-26.300000000000523,-19.499999999999318,-33.500000000000796,-48.19999999999993,-20.400000000000773,False,False,True,SL_ONLY,-189.99999999999773,-181.0000000000116,2023-01-26 06:00:00+00:00,2023-01-26 04:00:00+00:00,129.56714148038301,129.74779936590227,-18.065788551925266,Down,Down,Down,2023-01-26 02:00:00+00:00,4.0,2023-01-26 02:00:00+00:00,2023-01-25 22:00:00+00:00,2023-01-25 00:00:00+00:00,129.68193191844244,130.1459448550107,-46.40129365682526,Neutral,Neutral,Neutral,,,,0.102,0.40000000000190994
RAW|2023-01-27|2023-01-27T07:00:00Z|-1,2023-01-27,2023H1,2023-01,-1,SHORT,LONDON,2023-01-27 07:00:00+00:00,2023-01-27 07:15:00+00:00,2023-01-27 10:15:00+00:00,130.262,129.496,76.59999999999911,0.2999999999985903,0.003916449086143522,130.184,130.265,130.071,130.107,2023-01-27 07:01:41.861000+00:00,0.2999999999985903,2023-01-27 07:15:00+00:00,2023-01-27 07:01:42.371000+00:00,0.51,5.428,3,True,2023-01-27 07:15:00.196000+00:00,130.105,130.115,9.600000000000364,13.400000000001455,4.3,13.400000000001455,12.923628926508194,2023-01-27 06:49:55.947000+00:00,1,705.914,3498.139,1.0000000000019327,2023-01-27 10:15:00.031000+00:00,129.814,129.821,28.39999999999918,283.9999999999918,38.19999999999766,-3.8000000000010914,3183.551,164.851,2.400000000000091,4.999999999998295,3.6000000000001364,22.799999999998022,29.299999999997794,,True,False,False,TP_ONLY,277.00000000001523,274.0000000000009,2023-01-27 06:00:00+00:00,2023-01-27 04:00:00+00:00,129.92540085874919,129.8472375649935,7.816329375569353,Up,Up,Up,2023-01-26 18:00:00+00:00,12.0,2023-01-26 18:00:00+00:00,2023-01-26 22:00:00+00:00,2023-01-26 00:00:00+00:00,129.83052279888747,130.15042926660985,-31.990646772237596,Neutral,Neutral,Neutral,,,,0.51,0.2999999999985903
RAW|2023-01-30|2023-01-30T14:15:00Z|-1,2023-01-30,2023H1,2023-01,-1,SHORT,LONDON_NY_OVERLAP,2023-01-30 14:15:00+00:00,2023-01-30 14:30:00+00:00,2023-01-30 17:30:00+00:00,130.289,129.2,108.89999999999986,5.400000000000205,0.049586776859506076,130.143,130.343,130.122,130.228,2023-01-30 14:20:17.051000+00:00,5.400000000000205,2023-01-30 14:30:00+00:00,2023-01-30 14:20:17.204000+00:00,0.153,0.052,18,True,2023-01-30 14:30:00.153000+00:00,130.23,130.235,14.900000000000091,19.700000000000273,4.15,16.899999999998272,40.39729155552958,2023-01-30 01:34:13.860000+00:00,1,45963.191,-22817.051,0.5000000000023874,2023-01-30 17:30:00.695000+00:00,130.353,130.359,-12.90000000000191,-129.0000000000191,8.599999999998431,-24.300000000002342,513.857,7601.692,5.19999999999925,-3.300000000001546,-4.099999999999682,-0.7000000000005002,-14.500000000001023,-12.90000000000191,False,False,True,SL_ONLY,-111.99999999999477,-106.00000000002296,2023-01-30 14:00:00+00:00,2023-01-30 12:00:00+00:00,129.96312385292205,129.88344956643652,7.967428648552755,Up,Up,Up,2023-01-26 18:00:00+00:00,92.0,2023-01-26 18:00:00+00:00,2023-01-27 22:00:00+00:00,2023-01-27 00:00:00+00:00,129.82208771349104,130.12247492528107,-30.038721179002437,Neutral,Neutral,Neutral,,,,0.153,5.400000000000205
RAW|2023-01-31|2023-01-31T07:45:00Z|1,2023-01-31,2023H1,2023-01,1,LONG,LONDON,2023-01-31 07:45:00+00:00,2023-01-31 08:00:00+00:00,2023-01-31 11:00:00+00:00,130.504,130.059,44.49999999999932,2.000000000001023,0.04494382022474278,130.246,130.246,130.039,130.145,2023-01-31 07:50:14.759000+00:00,2.000000000001023,2023-01-31 08:00:00+00:00,2023-01-31 07:50:14.861000+00:00,0.102,18.676,2,True,2023-01-31 08:00:00.035000+00:00,130.145,130.153,13.100000000000023,20.300000000000296,4.65,16.800000000000637,19.089065504449714,2023-01-31 02:22:24.819000+00:00,1,19669.94,585.241,0.7999999999981355,2023-01-31 11:00:00.044000+00:00,130.394,130.401,24.100000000001387,241.00000000001387,33.00000000000125,-8.099999999998886,8821.294,28.584,-1.6999999999995907,8.899999999999864,14.900000000000091,23.199999999999932,24.100000000001387,24.100000000001387,True,False,False,TP_ONLY,263.00000000000523,248.99999999999523,2023-01-31 06:00:00+00:00,2023-01-31 04:00:00+00:00,130.17123548857822,129.9938074063902,17.742808218801542,Up,Up,Up,2023-01-26 18:00:00+00:00,108.0,2023-01-26 18:00:00+00:00,2023-01-30 22:00:00+00:00,2023-01-30 00:00:00+00:00,129.98863408106502,130.1450769312586,-15.644285019357085,Neutral,Neutral,Neutral,,,,0.102,2.000000000001023
RAW|2023-02-01|2023-02-01T07:45:00Z|-1,2023-02-01,2023H1,2023-02,-1,SHORT,LONDON,2023-02-01 07:45:00+00:00,2023-02-01 08:00:00+00:00,2023-02-01 11:00:00+00:00,130.323,129.858,46.50000000000034,6.999999999999318,0.1505376344085864,130.379,130.393,130.144,130.175,2023-02-01 07:45:00.359000+00:00,6.999999999999318,2023-02-01 08:00:00+00:00,2023-02-01 07:52:04.166000+00:00,423.807,10.003,12,True,2023-02-01 08:00:00.151000+00:00,130.174,130.18,1.099999999999568,5.699999999998795,1.9833333333333334,3.100000000000591,7.777905757522776,2023-02-01 06:53:29.459000+00:00,1,3090.9,899.641,0.6000000000000227,2023-02-01 11:00:00.042000+00:00,129.823,129.829,34.499999999999886,344.99999999999886,39.100000000001955,-6.799999999998363,10336.144,145.908,-3.999999999999204,-1.099999999999568,7.30000000000075,22.49999999999943,31.399999999999295,,True,True,False,TP_ONLY,355.99999999999454,334.99999999997954,2023-02-01 06:00:00+00:00,2023-02-01 04:00:00+00:00,130.15265546251166,130.05199776456607,10.065769794559287,Up,Up,Up,2023-01-26 18:00:00+00:00,132.0,2023-01-26 18:00:00+00:00,2023-01-31 22:00:00+00:00,2023-01-31 00:00:00+00:00,130.011881486475,130.1390707767579,-12.71892902828995,Neutral,Neutral,Neutral,,,,423.807,6.999999999999318
RAW|2023-02-02|2023-02-02T08:30:00Z|-1,2023-02-02,2023H1,2023-02,-1,SHORT,LONDON,2023-02-02 08:30:00+00:00,2023-02-02 08:45:00+00:00,2023-02-02 11:45:00+00:00,128.787,128.173,61.40000000000043,6.89999999999884,0.11237785016284678,128.691,128.856,128.668,128.786,2023-02-02 08:38:07.105000+00:00,6.89999999999884,2023-02-02 08:45:00+00:00,2023-02-02 08:44:21.694000+00:00,374.589,4.456,8,True,2023-02-02 08:45:00.218000+00:00,128.786,128.793,15.199999999998681,15.600000000000591,4.35,9.799999999998477,9.813100915916124,2023-02-02 06:43:53.999000+00:00,1,6853.106,-2287.105,0.7000000000005002,2023-02-02 11:45:00.010000+00:00,128.786,128.793,-0.7000000000005002,-7.000000000005002,2.2999999999996135,-35.49999999999898,9212.344,404.043,-1.8000000000000682,-11.50000000000091,-22.800000000000864,-15.899999999999181,-8.099999999998886,,False,False,True,SL_ONLY,-2.0000000000095497,-1.0000000000047748,2023-02-02 06:00:00+00:00,2023-02-02 04:00:00+00:00,129.04459228384215,129.65347117604682,-60.88788922046717,Down,Down,Down,2023-02-01 14:00:00+00:00,16.0,2023-02-01 14:00:00+00:00,2023-02-01 22:00:00+00:00,2023-02-01 00:00:00+00:00,129.7007724903393,130.04178511461728,-34.101262427799384,Neutral,Neutral,Neutral,,,,374.589,6.89999999999884
RAW|2023-02-02|2023-02-02T13:30:00Z|1,2023-02-02,2023H1,2023-02,1,LONG,LONDON_NY_OVERLAP,2023-02-02 13:30:00+00:00,2023-02-02 13:45:00+00:00,2023-02-02 16:45:00+00:00,128.787,128.173,61.40000000000043,9.299999999998931,0.15146579804558413,128.218,128.285,128.08,128.269,2023-02-02 13:30:26.646000+00:00,9.299999999998931,2023-02-02 13:45:00+00:00,2023-02-02 13:32:19.155000+00:00,112.509,0.154,16,True,2023-02-02 13:45:00.288000+00:00,128.267,128.271,23.500000000001364,28.000000000000114,6.766666666666667,14.6000000000015,9.813100915916124,2023-02-02 00:28:29.009000+00:00,1,46917.637,-19826.646,0.39999999999906777,2023-02-02 16:45:00.237000+00:00,128.526,128.533,25.500000000002387,255.00000000002387,64.30000000000007,-18.899999999999295,5060.932,2868.525,0.9000000000014552,14.700000000001978,0.5000000000023874,12.700000000000955,19.600000000002638,,True,True,True,TP_ONLY,275.0000000000057,273.00000000002456,2023-02-02 10:00:00+00:00,2023-02-02 08:00:00+00:00,129.00899448845868,129.59479348196308,-58.579899350439746,Down,Down,Down,2023-02-01 14:00:00+00:00,20.0,2023-02-01 14:00:00+00:00,2023-02-01 22:00:00+00:00,2023-02-01 00:00:00+00:00,129.7007724903393,130.04178511461728,-34.101262427799384,Neutral,Neutral,Neutral,,,,112.509,9.299999999998931
RAW|2023-02-03|2023-02-03T10:45:00Z|1,2023-02-03,2023H1,2023-02,1,LONG,LONDON,2023-02-03 10:45:00+00:00,2023-02-03 11:00:00+00:00,2023-02-03 14:00:00+00:00,128.823,128.444,37.90000000000191,1.999999999998181,0.05277044854876201,128.46,128.481,128.424,128.469,2023-02-03 10:45:56.496000+00:00,1.999999999998181,2023-02-03 11:00:00+00:00,2023-02-03 10:45:57.270000+00:00,0.774,0.102,33,True,2023-02-03 11:00:00.089000+00:00,128.469,128.473,7.499999999998863,7.599999999999341,2.316666666666667,4.699999999999704,11.495788837424477,2023-02-03 03:20:42.945000+00:00,1,26713.551,-9956.496,0.40000000000190994,2023-02-03 14:00:00.109000+00:00,129.942,129.953,146.8999999999994,1468.999999999994,172.69999999999754,-14.6000000000015,10207.63,4375.183,0.9999999999990905,1.3999999999981583,-0.40000000000190994,-7.900000000000773,-4.200000000000159,146.8999999999994,True,True,True,TP_ONLY,1463.9999999999986,1463.9999999999986,2023-02-03 10:00:00+00:00,2023-02-03 08:00:00+00:00,128.64831564129034,129.19600737139842,-54.76917301080846,Down,Down,Down,2023-02-01 14:00:00+00:00,44.0,2023-02-01 14:00:00+00:00,2023-02-02 22:00:00+00:00,2023-02-02 00:00:00+00:00,129.40855177881377,129.9326823054479,-52.41305266341385,Down,Neutral,Transition,2023-02-02 22:00:00+00:00,0.0,2023-02-02 22:00:00+00:00,0.774,1.999999999998181
RAW|2023-02-07|2023-02-07T07:00:00Z|1,2023-02-07,2023H1,2023-02,1,LONG,LONDON,2023-02-07 07:00:00+00:00,2023-02-07 07:15:00+00:00,2023-02-07 10:15:00+00:00,132.623,132.025,59.79999999999848,3.8000000000010914,0.06354515050169211,132.095,132.182,131.987,132.181,2023-02-07 07:06:17.393000+00:00,3.8000000000010914,2023-02-07 07:15:00+00:00,2023-02-07 07:06:17.621000+00:00,0.228,0.969,6,True,2023-02-07 07:15:00.079000+00:00,132.182,132.189,8.799999999999386,10.699999999999932,3.5,9.200000000001296,8.578408176902753,2023-02-07 06:58:15.836000+00:00,1,481.557,3222.607,0.7000000000005002,2023-02-07 10:15:00.175000+00:00,131.853,131.861,-33.59999999999843,-335.9999999999843,13.300000000000978,-50.10000000000048,3231.146,7965.823,-3.3999999999991815,-8.29999999999984,-1.099999999999568,6.200000000001182,-39.400000000000546,-33.59999999999843,False,False,True,TP_FIRST,-328.00000000000296,-326.9999999999982,2023-02-07 06:00:00+00:00,2023-02-07 04:00:00+00:00,132.2070234670752,130.89748337329257,130.95400937826298,Up,Up,Up,2023-02-03 18:00:00+00:00,84.0,2023-02-03 18:00:00+00:00,2023-02-06 22:00:00+00:00,2023-02-06 00:00:00+00:00,130.68673049939477,130.2388239033311,44.790659606366034,Up,Down,Transition,2023-02-06 22:00:00+00:00,0.0,2023-02-06 22:00:00+00:00,0.228,3.8000000000010914
RAW|2023-02-08|2023-02-08T09:15:00Z|1,2023-02-08,2023H1,2023-02,1,LONG,LONDON,2023-02-08 09:15:00+00:00,2023-02-08 09:30:00+00:00,2023-02-08 12:30:00+00:00,131.376,130.721,65.50000000000011,12.000000000000455,0.18320610687023564,130.604,130.772,130.601,130.772,2023-02-08 09:15:00.040000+00:00,12.000000000000455,2023-02-08 09:30:00+00:00,2023-02-08 09:22:50.309000+00:00,470.269,0.596,6,True,2023-02-08 09:30:00.135000+00:00,130.771,130.779,22.399999999998954,27.599999999998204,2.3,12.399999999999523,40.12698369479675,2023-02-08 00:46:06.475000+00:00,1,30533.565,-4500.04,0.8000000000009777,2023-02-08 12:30:00.725000+00:00,130.789,130.795,0.9999999999990905,9.999999999990905,18.299999999999272,-13.2000000000005,3580.551,7774.913,-1.6999999999995907,-1.300000000000523,-10.999999999998522,16.200000000000614,1.2000000000000455,0.9999999999990905,False,False,True,TP_ONLY,18.999999999977035,15.999999999991132,2023-02-08 06:00:00+00:00,2023-02-08 04:00:00+00:00,131.29659794535485,131.02890462533256,26.769332002228907,Up,Up,Up,2023-02-03 18:00:00+00:00,108.0,2023-02-03 18:00:00+00:00,2023-02-07 22:00:00+00:00,2023-02-07 00:00:00+00:00,130.78852178528197,130.3031579910646,48.53637942173634,Up,Up,Up,2023-02-06 22:00:00+00:00,24.0,2023-02-06 22:00:00+00:00,470.269,12.000000000000455
RAW|2023-02-08|2023-02-08T14:30:00Z|-1,2023-02-08,2023H1,2023-02,-1,SHORT,LONDON_NY_OVERLAP,2023-02-08 14:30:00+00:00,2023-02-08 14:45:00+00:00,2023-02-08 17:45:00+00:00,131.376,130.721,65.50000000000011,4.399999999998272,0.06717557251905747,131.235,131.42,131.227,131.279,2023-02-08 14:32:37.788000+00:00,4.399999999998272,2023-02-08 14:45:00+00:00,2023-02-08 14:32:43.865000+00:00,6.077,36.125,21,True,2023-02-08 14:45:00.129000+00:00,131.278,131.284,22.100000000000364,25.99999999999909,5.866666666666666,23.500000000001364,40.12698369479675,2023-02-08 02:24:02.820000+00:00,1,43714.968,-23557.788,0.6000000000000227,2023-02-08 17:45:00.495000+00:00,131.258,131.264,1.3999999999981583,13.999999999981583,12.09999999999809,-26.69999999999959,9557.542,4133.007,-17.199999999999704,-10.80000000000041,-18.700000000001182,-18.39999999999975,-6.800000000001205,1.3999999999981583,False,False,True,SL_FIRST,24.00000000000091,30.99999999997749,2023-02-08 14:00:00+00:00,2023-02-08 12:00:00+00:00,131.15548874763002,131.0201832748815,13.530547274851301,Up,Up,Up,2023-02-03 18:00:00+00:00,116.0,2023-02-03 18:00:00+00:00,2023-02-07 22:00:00+00:00,2023-02-07 00:00:00+00:00,130.78852178528197,130.3031579910646,48.53637942173634,Up,Up,Up,2023-02-06 22:00:00+00:00,24.0,2023-02-06 22:00:00+00:00,6.077,4.399999999998272
RAW|2023-02-09|2023-02-09T10:15:00Z|1,2023-02-09,2023H1,2023-02,1,LONG,LONDON,2023-02-09 10:15:00+00:00,2023-02-09 10:30:00+00:00,2023-02-09 13:30:00+00:00,131.824,130.759,106.50000000000261,1.799999999997226,0.016901408450677762,130.861,130.89,130.741,130.785,2023-02-09 10:25:23.703000+00:00,1.799999999997226,2023-02-09 10:30:00+00:00,2023-02-09 10:25:55.221000+00:00,31.518,7.857,18,True,2023-02-09 10:30:00.146000+00:00,130.786,130.795,10.80000000000041,15.799999999998704,2.6666666666666665,13.79999999999768,23.489171179633004,2023-02-09 05:45:06.501000+00:00,1,16817.202,-8723.703,0.899999999998613,2023-02-09 13:30:00.099000+00:00,130.761,130.77,-3.3999999999991815,-33.999999999991815,31.60000000000025,-14.799999999999613,3979.118,10038.213,0.0,4.300000000000637,4.400000000001114,28.300000000001546,-2.0999999999986585,,False,False,True,TP_ONLY,-32.00000000001069,-33.999999999991815,2023-02-09 10:00:00+00:00,2023-02-09 08:00:00+00:00,131.19635868009425,131.1031188940801,9.323978601415206,Up,Up,Up,2023-02-03 18:00:00+00:00,136.0,2023-02-03 18:00:00+00:00,2023-02-08 22:00:00+00:00,2023-02-08 00:00:00+00:00,130.96294413234426,130.39082535177945,57.211878056480714,Up,Up,Up,2023-02-06 22:00:00+00:00,48.0,2023-02-06 22:00:00+00:00,31.518,1.799999999997226
RAW|2023-02-10|2023-02-10T16:15:00Z|1,2023-02-10,2023H1,2023-02,1,LONG,NEW_YORK,2023-02-10 16:15:00+00:00,2023-02-10 16:30:00+00:00,2023-02-10 19:30:00+00:00,131.885,131.426,45.90000000000032,3.3999999999991815,0.07407407407405572,131.415,131.473,131.392,131.439,2023-02-10 16:15:00.151000+00:00,3.3999999999991815,2023-02-10 16:30:00+00:00,2023-02-10 16:15:02.538000+00:00,2.387,9.66,10,True,2023-02-10 16:30:00.082000+00:00,131.439,131.445,-8.899999999999864,15.300000000002001,4.983333333333333,8.899999999999864,10.186399898555264,2023-02-10 06:04:56.545000+00:00,1,36603.606,-29700.151,0.6000000000000227,2023-02-10 19:30:00.085000+00:00,131.482,131.487,3.700000000000614,37.00000000000614,15.200000000001523,-4.4999999999987494,9353.775,4641.103,-1.300000000000523,5.299999999999727,6.100000000000705,-0.39999999999906777,1.4000000000010004,3.700000000000614,False,False,True,TP_ONLY,37.00000000000614,38.000000000010914,2023-02-10 14:00:00+00:00,2023-02-10 12:00:00+00:00,131.0936429693196,131.11526609372456,-2.162312440495384,Down,Up,Transition,2023-02-10 14:00:00+00:00,0.0,2023-02-10 14:00:00+00:00,2023-02-09 22:00:00+00:00,2023-02-09 00:00:00+00:00,131.1266743802459,130.4824393236371,64.42350566088066,Up,Up,Up,2023-02-06 22:00:00+00:00,72.0,2023-02-06 22:00:00+00:00,2.387,3.3999999999991815
RAW|2023-02-14|2023-02-14T13:45:00Z|-1,2023-02-14,2023H1,2023-02,-1,SHORT,LONDON_NY_OVERLAP,2023-02-14 13:45:00+00:00,2023-02-14 14:00:00+00:00,2023-02-14 17:00:00+00:00,132.372,131.784,58.80000000000223,7.399999999998386,0.1258503401360222,132.329,132.446,131.891,132.268,2023-02-14 13:45:05.336000+00:00,7.399999999998386,2023-02-14 14:00:00+00:00,2023-02-14 13:45:07.227000+00:00,1.891,0.102,7,True,2023-02-14 14:00:00.009000+00:00,132.268,132.274,-33.60000000000127,140.70000000000107,10.166666666666666,24.399999999999977,11.374071437207423,2023-02-14 00:00:53.243000+00:00,1,49452.093,-20705.336,0.6000000000000227,2023-02-14 17:00:00.058000+00:00,133.053,133.06,-79.20000000000016,-792.0000000000016,15.600000000000591,-86.89999999999998,90.986,1981.879,-0.10000000000047748,-24.600000000000932,-67.40000000000066,-47.100000000000364,-56.20000000000118,-79.20000000000016,False,False,True,TP_FIRST,-771.9999999999914,-733.0000000000041,2023-02-14 14:00:00+00:00,2023-02-14 12:00:00+00:00,132.14305186243672,131.76482496141637,37.822690102035494,Up,Up,Up,2023-02-10 18:00:00+00:00,92.0,2023-02-10 18:00:00+00:00,2023-02-13 22:00:00+00:00,2023-02-13 00:00:00+00:00,131.52944611237035,130.69779584352645,83.16502688439016,Up,Up,Up,2023-02-06 22:00:00+00:00,168.0,2023-02-06 22:00:00+00:00,1.891,7.399999999998386
RAW|2023-02-15|2023-02-15T07:00:00Z|-1,2023-02-15,2023H1,2023-02,-1,SHORT,LONDON,2023-02-15 07:00:00+00:00,2023-02-15 07:15:00+00:00,2023-02-15 10:15:00+00:00,133.39,132.542,84.79999999999848,4.700000000002547,0.05542452830191782,133.313,133.437,133.238,133.292,2023-02-15 07:01:39.753000+00:00,4.700000000002547,2023-02-15 07:15:00+00:00,2023-02-15 07:01:40.213000+00:00,0.46,0.612,27,True,2023-02-15 07:15:00.058000+00:00,133.291,133.3,14.19999999999959,18.199999999998795,6.483333333333333,16.70000000000016,16.339174020713013,2023-02-15 06:59:13.878000+00:00,1,145.875,3500.247,0.9000000000014552,2023-02-15 10:15:00.095000+00:00,133.236,133.243,4.800000000000182,48.00000000000182,9.799999999998477,-20.09999999999934,456.478,7183.315,7.900000000000773,-3.100000000000591,5.599999999998317,-6.999999999999318,-19.300000000001205,4.800000000000182,False,False,True,SL_ONLY,50.00000000001137,50.00000000001137,2023-02-15 06:00:00+00:00,2023-02-15 04:00:00+00:00,132.74842124698998,132.10615739911097,64.22638478790077,Up,Up,Up,2023-02-10 18:00:00+00:00,108.0,2023-02-10 18:00:00+00:00,2023-02-14 22:00:00+00:00,2023-02-14 00:00:00+00:00,131.97789008026453,130.88989217604433,108.79979042202024,Up,Up,Up,2023-02-06 22:00:00+00:00,192.0,2023-02-06 22:00:00+00:00,0.46,4.700000000002547
RAW|2023-02-16|2023-02-16T08:15:00Z|1,2023-02-16,2023H1,2023-02,1,LONG,LONDON,2023-02-16 08:15:00+00:00,2023-02-16 08:30:00+00:00,2023-02-16 11:30:00+00:00,134.164,133.634,53.000000000000114,3.1999999999982265,0.06037735849053245,133.75,133.75,133.602,133.647,2023-02-16 08:19:03.821000+00:00,3.1999999999982265,2023-02-16 08:30:00+00:00,2023-02-16 08:19:07.400000+00:00,3.5789999999999997,0.102,8,True,2023-02-16 08:30:00.192000+00:00,133.646,133.652,21.399999999999864,22.100000000000364,4.566666666666666,12.599999999997635,33.61356973468013,2023-02-16 02:37:12.167000+00:00,1,20511.654,-1143.821,0.6000000000000227,2023-02-16 11:30:00.082000+00:00,133.893,133.899,24.100000000001387,241.00000000001387,33.500000000000796,-3.099999999997749,9198.182,41.848,18.10000000000116,20.400000000000773,17.200000000002547,14.6000000000015,19.400000000001683,,True,False,True,TP_ONLY,240.0000000000091,240.0000000000091,2023-02-16 06:00:00+00:00,2023-02-16 04:00:00+00:00,133.78215513930607,132.82031435661037,96.18407826957025,Up,Up,Up,2023-02-10 18:00:00+00:00,132.0,2023-02-10 18:00:00+00:00,2023-02-15 22:00:00+00:00,2023-02-15 00:00:00+00:00,132.5950643430461,131.14974080196077,144.53235410853154,Up,Up,Up,2023-02-06 22:00:00+00:00,216.0,2023-02-06 22:00:00+00:00,3.5789999999999997,3.1999999999982265
RAW|2023-02-16|2023-02-16T13:30:00Z|-1,2023-02-16,2023H1,2023-02,-1,SHORT,LONDON_NY_OVERLAP,2023-02-16 13:30:00+00:00,2023-02-16 13:45:00+00:00,2023-02-16 16:45:00+00:00,134.164,133.634,53.000000000000114,13.300000000000978,0.250943396226433,133.93,134.297,133.913,134.059,2023-02-16 13:30:03.165000+00:00,13.300000000000978,2023-02-16 13:45:00+00:00,2023-02-16 13:30:12.100000+00:00,8.935,1.588,18,True,2023-02-16 13:45:00.050000+00:00,134.061,134.067,22.90000000000134,30.800000000002115,4.15,30.800000000002115,33.61356973468013,2023-02-16 01:02:35.888000+00:00,1,44847.277,-19803.165,0.6000000000000227,2023-02-16 16:45:00.208000+00:00,133.949,133.955,10.599999999999454,105.99999999999454,11.50000000000091,-40.500000000000114,10788.266,4161.128,-20.699999999999363,-20.300000000000296,-15.199999999998681,-32.20000000000027,-14.099999999999113,10.599999999999454,False,False,True,SL_FIRST,147.99999999999613,125.99999999997635,2023-02-16 10:00:00+00:00,2023-02-16 08:00:00+00:00,133.80753938521863,132.90436920808153,90.3170177137099,Up,Up,Up,2023-02-10 18:00:00+00:00,136.0,2023-02-10 18:00:00+00:00,2023-02-15 22:00:00+00:00,2023-02-15 00:00:00+00:00,132.5950643430461,131.14974080196077,144.53235410853154,Up,Up,Up,2023-02-06 22:00:00+00:00,216.0,2023-02-06 22:00:00+00:00,8.935,13.300000000000978
RAW|2023-02-17|2023-02-17T07:15:00Z|-1,2023-02-17,2023H1,2023-02,-1,SHORT,LONDON,2023-02-17 07:15:00+00:00,2023-02-17 07:30:00+00:00,2023-02-17 10:30:00+00:00,134.807,134.062,74.49999999999761,8.899999999999864,0.11946308724832415,134.863,134.896,134.78,134.78,2023-02-17 07:15:00.419000+00:00,8.899999999999864,2023-02-17 07:30:00+00:00,2023-02-17 07:21:07.370000+00:00,366.951,0.304,35,True,2023-02-17 07:30:00.067000+00:00,134.781,134.787,10.699999999999932,13.399999999998613,2.783333333333333,6.799999999998363,15.705755884299725,2023-02-17 04:44:39.117000+00:00,1,9021.302,2699.581,0.6000000000000227,2023-02-17 10:30:00.509000+00:00,134.927,134.934,-15.299999999999159,-152.9999999999916,13.900000000001,-25.499999999999545,608.838,4366.282,0.10000000000047748,11.000000000001364,-2.199999999999136,-19.39999999999884,-7.30000000000075,-15.299999999999159,False,False,True,TP_FIRST,-152.9999999999916,-152.9999999999916,2023-02-17 06:00:00+00:00,2023-02-17 04:00:00+00:00,134.30514074961673,133.38845640149518,91.66843481215494,Up,Up,Up,2023-02-10 18:00:00+00:00,156.0,2023-02-10 18:00:00+00:00,2023-02-16 22:00:00+00:00,2023-02-16 00:00:00+00:00,132.9781888164615,131.37264153780393,160.5547278657582,Up,Up,Up,2023-02-06 22:00:00+00:00,240.0,2023-02-06 22:00:00+00:00,366.951,8.899999999999864
RAW|2023-02-20|2023-02-20T13:30:00Z|1,2023-02-20,2023H1,2023-02,1,LONG,LONDON_NY_OVERLAP,2023-02-20 13:30:00+00:00,2023-02-20 13:45:00+00:00,2023-02-20 16:45:00+00:00,134.538,133.949,58.899999999999864,2.9000000000024784,0.04923599320887072,133.994,134.071,133.92,134.068,2023-02-20 13:31:55.162000+00:00,2.9000000000024784,2023-02-20 13:45:00+00:00,2023-02-20 13:31:55.264000+00:00,0.102,0.306,5,True,2023-02-20 13:45:00.453000+00:00,134.067,134.073,10.699999999999932,12.5,2.933333333333333,7.800000000000296,19.148107869119155,2023-02-20 04:39:09.821000+00:00,1,31965.341,-19915.162,0.6000000000000227,2023-02-20 16:45:01.134000+00:00,134.092,134.098,1.9000000000005457,19.000000000005457,5.699999999998795,-14.300000000000068,298.824,4417.351,5.299999999999727,-1.500000000001478,-2.1000000000015007,-2.600000000001046,-4.300000000000637,1.9000000000005457,False,False,True,NEITHER,17.00000000002433,6.000000000000227,2023-02-20 10:00:00+00:00,2023-02-20 08:00:00+00:00,134.2636548997002,133.80681692333587,45.683797636434065,Up,Up,Up,2023-02-10 18:00:00+00:00,232.0,2023-02-10 18:00:00+00:00,2023-02-17 22:00:00+00:00,2023-02-17 00:00:00+00:00,133.2964205831868,131.59019021477962,170.62303684071765,Up,Up,Up,2023-02-06 22:00:00+00:00,264.0,2023-02-06 22:00:00+00:00,0.102,2.9000000000024784
RAW|2023-02-22|2023-02-22T13:15:00Z|1,2023-02-22,2023H1,2023-02,1,LONG,LONDON_NY_OVERLAP,2023-02-22 13:15:00+00:00,2023-02-22 13:30:00+00:00,2023-02-22 16:30:00+00:00,135.061,134.549,51.200000000000045,11.600000000001387,0.2265625000000269,134.547,134.597,134.433,134.561,2023-02-22 13:15:00.117000+00:00,11.600000000001387,2023-02-22 13:30:00+00:00,2023-02-22 13:22:34.335000+00:00,454.218,0.357,30,True,2023-02-22 13:30:00.087000+00:00,134.562,134.569,-6.799999999998363,15.699999999998226,2.2333333333333334,4.4999999999987494,33.680689810933536,2023-02-22 01:33:27.036000+00:00,1,42093.081,-18900.117,0.699999999997658,2023-02-22 16:30:00.136000+00:00,134.693,134.7,12.400000000002365,124.00000000002365,15.500000000000114,-17.799999999999727,9797.101,4801.542,-1.4999999999986358,4.700000000002547,-1.5999999999991132,-2.199999999999136,5.60000000000116,12.400000000002365,False,False,True,TP_ONLY,135.00000000001933,136.0000000000241,2023-02-22 10:00:00+00:00,2023-02-22 08:00:00+00:00,134.7690958649655,134.33148644319633,43.76094217691673,Up,Up,Up,2023-02-10 18:00:00+00:00,280.0,2023-02-10 18:00:00+00:00,2023-02-21 22:00:00+00:00,2023-02-21 00:00:00+00:00,133.97009213427899,132.0559465977895,191.41455364894853,Up,Up,Up,2023-02-06 22:00:00+00:00,360.0,2023-02-06 22:00:00+00:00,454.218,11.600000000001387
RAW|2023-02-23|2023-02-23T11:30:00Z|-1,2023-02-23,2023H1,2023-02,-1,SHORT,LONDON,2023-02-23 11:30:00+00:00,2023-02-23 11:45:00+00:00,2023-02-23 14:45:00+00:00,134.959,134.702,25.7000000000005,2.6999999999986812,0.1050583657587015,134.98,134.986,134.937,134.957,2023-02-23 11:30:01.107000+00:00,2.6999999999986812,2023-02-23 11:45:00+00:00,2023-02-23 11:32:38.627000+00:00,157.52,32.074,19,True,2023-02-23 11:45:00.343000+00:00,134.957,134.965,4.399999999998272,6.400000000002137,1.45,2.7999999999991587,8.819071766960109,2023-02-23 00:02:05.157000+00:00,1,41275.95,-12601.107,0.8000000000009777,2023-02-23 14:45:00.040000+00:00,135.131,135.138,-18.10000000000116,-181.0000000000116,7.399999999998386,-41.500000000002046,1554.282,6448.617,1.8000000000000682,1.5999999999991132,2.199999999999136,-5.000000000001137,-30.500000000000682,,False,False,True,SL_ONLY,-177.99999999999727,-181.0000000000116,2023-02-23 10:00:00+00:00,2023-02-23 08:00:00+00:00,134.81146766134933,134.511692093563,29.977556778632675,Up,Up,Up,2023-02-10 18:00:00+00:00,304.0,2023-02-10 18:00:00+00:00,2023-02-22 22:00:00+00:00,2023-02-22 00:00:00+00:00,134.232351524485,132.28251086996636,194.98406545186526,Up,Up,Up,2023-02-06 22:00:00+00:00,384.0,2023-02-06 22:00:00+00:00,157.52,2.6999999999986812
RAW|2023-02-23|2023-02-23T15:15:00Z|1,2023-02-23,2023H1,2023-02,1,LONG,LONDON_NY_OVERLAP,2023-02-23 15:15:00+00:00,2023-02-23 15:30:00+00:00,2023-02-23 18:30:00+00:00,134.959,134.702,25.7000000000005,5.699999999998795,0.22178988326843127,134.788,134.795,134.645,134.746,2023-02-23 15:16:43.913000+00:00,5.699999999998795,2023-02-23 15:30:00+00:00,2023-02-23 15:16:44.186000+00:00,0.273,3.614,21,True,2023-02-23 15:30:00.008000+00:00,134.749,134.755,18.500000000000227,24.800000000001887,3.2666666666666666,16.70000000000016,8.819071766960109,2023-02-23 02:56:56.057000+00:00,1,44387.856,-26203.913,0.6000000000000227,2023-02-23 18:30:00.334000+00:00,134.822,134.826,6.700000000000728,67.00000000000728,19.10000000000025,-13.100000000000023,1241.107,3822.005,4.800000000000182,7.699999999999818,9.600000000000364,3.8000000000010914,8.70000000000175,6.700000000000728,True,False,True,TP_ONLY,56.000000000011596,57.00000000001637,2023-02-23 14:00:00+00:00,2023-02-23 12:00:00+00:00,134.94276261524953,134.57243672607797,37.03258891715677,Up,Up,Up,2023-02-10 18:00:00+00:00,308.0,2023-02-10 18:00:00+00:00,2023-02-22 22:00:00+00:00,2023-02-22 00:00:00+00:00,134.232351524485,132.28251086996636,194.98406545186526,Up,Up,Up,2023-02-06 22:00:00+00:00,384.0,2023-02-06 22:00:00+00:00,0.273,5.699999999998795
RAW|2023-02-24|2023-02-24T08:00:00Z|-1,2023-02-24,2023H1,2023-02,-1,SHORT,LONDON,2023-02-24 08:00:00+00:00,2023-02-24 08:15:00+00:00,2023-02-24 11:15:00+00:00,134.92,134.054,86.59999999999854,3.0000000000001137,0.0346420323325654,134.837,134.95,134.833,134.912,2023-02-24 08:09:43.011000+00:00,3.0000000000001137,2023-02-24 08:15:00+00:00,2023-02-24 08:09:43.319000+00:00,0.308,3.532,27,True,2023-02-24 08:15:00.087000+00:00,134.911,134.919,13.399999999998613,14.099999999999113,5.233333333333333,7.899999999997931,269.36259664989757,2023-02-24 00:35:19.119000+00:00,1,27263.892,-583.011,0.8000000000009777,2023-02-24 11:15:00.026000+00:00,135.25,135.256,-34.499999999999886,-344.99999999999886,5.19999999999925,-34.99999999999943,1561.478,5028.081,3.499999999999659,0.8000000000009777,-2.000000000001023,-25.600000000000023,-22.20000000000084,,False,False,True,SL_ONLY,-336.00000000001273,-336.00000000001273,2023-02-24 06:00:00+00:00,2023-02-24 04:00:00+00:00,134.75846257164972,134.61174759388774,14.671497776197384,Up,Up,Up,2023-02-10 18:00:00+00:00,324.0,2023-02-10 18:00:00+00:00,2023-02-23 22:00:00+00:00,2023-02-23 00:00:00+00:00,134.36253680320357,132.47495000036906,188.75868028345053,Up,Up,Up,2023-02-06 22:00:00+00:00,408.0,2023-02-06 22:00:00+00:00,0.308,3.0000000000001137
RAW|2023-02-27|2023-02-27T08:00:00Z|1,2023-02-27,2023H1,2023-02,1,LONG,LONDON,2023-02-27 08:00:00+00:00,2023-02-27 08:15:00+00:00,2023-02-27 11:15:00+00:00,136.554,136.0,55.400000000000205,0.20000000000095497,0.0036101083032663217,136.186,136.198,135.998,136.086,2023-02-27 08:10:16.411000+00:00,0.20000000000095497,2023-02-27 08:15:00+00:00,2023-02-27 08:10:16.513000+00:00,0.102,0.708,4,True,2023-02-27 08:15:00.018000+00:00,136.087,136.094,15.399999999999636,21.700000000001296,4.333333333333333,13.2000000000005,20.995920828618875,2023-02-27 02:39:51.166000+00:00,1,19825.245,-616.411,0.7000000000005002,2023-02-27 11:15:00.116000+00:00,136.292,136.296,19.80000000000075,198.0000000000075,34.900000000001796,-1.6999999999995907,7907.408,1654.665,4.200000000000159,8.00000000000125,0.40000000000190994,19.599999999999795,27.000000000001023,19.80000000000075,True,False,False,TP_ONLY,182.99999999999272,179.00000000000205,2023-02-27 06:00:00+00:00,2023-02-27 04:00:00+00:00,136.01298440005462,135.19897901990214,81.400538015248,Up,Up,Up,2023-02-10 18:00:00+00:00,396.0,2023-02-10 18:00:00+00:00,2023-02-24 22:00:00+00:00,2023-02-24 00:00:00+00:00,134.94524057371683,132.78911400033954,215.61265733772927,Up,Up,Up,2023-02-06 22:00:00+00:00,432.0,2023-02-06 22:00:00+00:00,0.102,0.20000000000095497
RAW|2023-02-28|2023-02-28T15:15:00Z|-1,2023-02-28,2023H1,2023-02,-1,SHORT,LONDON_NY_OVERLAP,2023-02-28 15:15:00+00:00,2023-02-28 15:30:00+00:00,2023-02-28 18:30:00+00:00,136.371,136.11,26.099999999999568,10.499999999998977,0.4022988505746801,136.374,136.476,136.247,136.295,2023-02-28 15:15:00.200000+00:00,10.499999999998977,2023-02-28 15:30:00+00:00,2023-02-28 15:21:19.354000+00:00,379.154,5.803,1,True,2023-02-28 15:30:00.045000+00:00,136.295,136.301,-29.699999999999704,32.00000000000216,6.15,18.000000000000682,6.2797340830694965,2023-02-28 05:31:12.095000+00:00,1,35028.105,-26100.2,0.6000000000000227,2023-02-28 18:30:02.154000+00:00,135.97,135.976,31.89999999999884,318.9999999999884,55.79999999999927,-17.00000000000159,8682.452,603.207,-3.4000000000020236,-4.000000000002046,8.199999999999363,16.799999999997794,30.19999999999925,31.89999999999884,True,True,True,TP_ONLY,302.99999999999727,318.00000000001205,2023-02-28 14:00:00+00:00,2023-02-28 12:00:00+00:00,136.4553472470726,135.7739559903113,68.13912567613158,Up,Up,Up,2023-02-10 18:00:00+00:00,428.0,2023-02-10 18:00:00+00:00,2023-02-27 22:00:00+00:00,2023-02-27 00:00:00+00:00,135.3020289812263,133.06150488031238,224.0524100913916,Up,Up,Up,2023-02-06 22:00:00+00:00,504.0,2023-02-06 22:00:00+00:00,379.154,10.499999999998977
RAW|2023-02-28|2023-02-28T19:45:00Z|1,2023-02-28,2023H1,2023-02,1,LONG,NEW_YORK,2023-02-28 19:45:00+00:00,2023-02-28 20:00:00+00:00,2023-02-28 23:00:00+00:00,136.371,136.11,26.099999999999568,9.900000000001796,0.3793103448276613,136.026,136.116,136.011,136.111,2023-02-28 19:45:01.954000+00:00,9.900000000001796,2023-02-28 20:00:00+00:00,2023-02-28 19:59:05.629000+00:00,843.675,0.153,17,True,2023-02-28 20:00:00.045000+00:00,136.111,136.117,-6.30000000000166,10.80000000000041,1.0333333333333334,5.60000000000116,6.2797340830694965,2023-02-28 01:21:49.678000+00:00,1,66192.276,-42301.954,0.6000000000000227,2023-02-28 23:00:00.043000+00:00,136.192,136.231,7.500000000001705,75.00000000001705,13.400000000001455,-4.4999999999987494,6937.859,339.197,-4.099999999999682,-0.09999999999763531,5.000000000001137,1.6999999999995907,7.900000000000773,,True,False,True,TP_ONLY,79.00000000000773,76.99999999999818,2023-02-28 18:00:00+00:00,2023-02-28 16:00:00+00:00,136.269533747909,135.77643951108638,49.30942368226283,Up,Up,Up,2023-02-10 18:00:00+00:00,432.0,2023-02-10 18:00:00+00:00,2023-02-27 22:00:00+00:00,2023-02-27 00:00:00+00:00,135.3020289812263,133.06150488031238,224.0524100913916,Up,Up,Up,2023-02-06 22:00:00+00:00,504.0,2023-02-06 22:00:00+00:00,843.675,9.900000000001796
RAW|2023-03-01|2023-03-01T15:00:00Z|1,2023-03-01,2023H1,2023-03,1,LONG,LONDON_NY_OVERLAP,2023-03-01 15:00:00+00:00,2023-03-01 15:15:00+00:00,2023-03-01 18:15:00+00:00,136.468,136.206,26.200000000000045,34.59999999999752,1.3206106870228038,136.03,136.318,135.86,136.245,2023-03-01 15:00:00.127000+00:00,34.59999999999752,2023-03-01 15:15:00+00:00,2023-03-01 15:00:13.710000+00:00,13.583,0.103,8,True,2023-03-01 15:15:00.072000+00:00,136.246,136.25,-2.199999999999136,16.799999999997794,2.966666666666667,6.399999999999295,4.611140813445922,2023-03-01 06:34:27.738000+00:00,1,30332.389,-25200.127,0.39999999999906777,2023-03-01 18:15:00.171000+00:00,136.001,136.005,-24.899999999999523,-248.99999999999523,6.499999999999773,-54.699999999999704,57.674,7309.579,-9.499999999999886,-6.200000000001182,-25.7000000000005,-14.599999999998658,-49.60000000000093,-24.899999999999523,False,False,True,SL_ONLY,-259.9999999999909,-275.99999999998204,2023-03-01 14:00:00+00:00,2023-03-01 12:00:00+00:00,136.0506414566678,135.87832437412908,17.231708253871147,Up,Up,Up,2023-02-10 18:00:00+00:00,452.0,2023-02-10 18:00:00+00:00,2023-02-28 22:00:00+00:00,2023-02-28 00:00:00+00:00,135.55773498659022,133.3123444898874,224.5390496702811,Up,Up,Up,2023-02-06 22:00:00+00:00,528.0,2023-02-06 22:00:00+00:00,13.583,34.59999999999752
RAW|2023-03-02|2023-03-02T08:00:00Z|-1,2023-03-02,2023H1,2023-03,-1,SHORT,LONDON,2023-03-02 08:00:00+00:00,2023-03-02 08:15:00+00:00,2023-03-02 11:15:00+00:00,136.744,136.049,69.49999999999932,3.700000000000614,0.053237410071951805,136.781,136.781,136.646,136.734,2023-03-02 08:00:00.035000+00:00,3.700000000000614,2023-03-02 08:15:00+00:00,2023-03-02 08:00:22.809000+00:00,22.774,0.357,2,True,2023-03-02 08:15:00.148000+00:00,136.735,136.741,-2.0999999999986585,13.49999999999909,2.5833333333333335,5.700000000001637,11.480074316733578,2023-03-02 06:57:33.767000+00:00,1,3746.268,-0.03500000000000003,0.6000000000000227,2023-03-02 11:15:00.255000+00:00,136.749,136.754,-1.8999999999977035,-18.999999999977035,49.39999999999998,-3.5999999999972943,3253.932,1523.251,4.300000000000637,15.800000000001546,32.00000000000216,44.10000000000025,17.40000000000066,-1.8999999999977035,True,False,True,TP_ONLY,-18.000000000000682,-18.000000000000682,2023-03-02 06:00:00+00:00,2023-03-02 04:00:00+00:00,136.27363969613384,135.9931058308625,28.05338652713374,Up,Up,Up,2023-02-10 18:00:00+00:00,468.0,2023-02-10 18:00:00+00:00,2023-03-01 22:00:00+00:00,2023-03-01 00:00:00+00:00,135.72695356185017,133.5393569306964,218.75966311537525,Up,Up,Up,2023-02-06 22:00:00+00:00,552.0,2023-02-06 22:00:00+00:00,22.774,3.700000000000614
RAW|2023-03-03|2023-03-03T08:45:00Z|1,2023-03-03,2023H1,2023-03,1,LONG,LONDON,2023-03-03 08:45:00+00:00,2023-03-03 09:00:00+00:00,2023-03-03 12:00:00+00:00,136.768,136.338,43.00000000000068,1.3999999999981583,0.03255813953484037,136.334,136.449,136.324,136.429,2023-03-03 08:45:00.045000+00:00,1.3999999999981583,2023-03-03 09:00:00+00:00,2023-03-03 08:45:00.198000+00:00,0.153,189.251,14,True,2023-03-03 09:00:00.493000+00:00,136.426,136.435,-0.49999999999954525,8.500000000000796,2.783333333333333,7.600000000002183,6.456643347951531,2023-03-03 06:54:03.826000+00:00,1,6656.219,-2700.045,0.9000000000014552,2023-03-03 12:00:00.791000+00:00,136.057,136.062,-37.80000000000143,-378.0000000000143,1.4999999999986358,-44.39999999999884,3.079,10525.676,-9.700000000000841,-13.2000000000005,-25.900000000001455,-28.999999999999204,-16.900000000001114,-37.80000000000143,False,False,True,SL_ONLY,-392.00000000002433,-393.0000000000007,2023-03-03 06:00:00+00:00,2023-03-03 04:00:00+00:00,136.6612098211807,136.28837507904643,37.283474213427326,Up,Up,Up,2023-02-10 18:00:00+00:00,492.0,2023-02-10 18:00:00+00:00,2023-03-02 22:00:00+00:00,2023-03-02 00:00:00+00:00,136.01982397275012,133.7963683762407,222.34555965094103,Up,Up,Up,2023-02-06 22:00:00+00:00,576.0,2023-02-06 22:00:00+00:00,0.153,1.3999999999981583
RAW|2023-03-06|2023-03-06T10:00:00Z|-1,2023-03-06,2023H1,2023-03,-1,SHORT,LONDON,2023-03-06 10:00:00+00:00,2023-03-06 10:15:00+00:00,2023-03-06 13:15:00+00:00,136.048,135.364,68.39999999999975,9.600000000000364,0.14035087719298828,136.093,136.144,135.998,136.015,2023-03-06 10:00:00.289000+00:00,9.600000000000364,2023-03-06 10:15:00+00:00,2023-03-06 10:04:06.151000+00:00,245.862,0.102,15,True,2023-03-06 10:15:00.170000+00:00,136.016,136.022,10.499999999998977,13.900000000001,1.55,3.499999999999659,17.70396460529981,2023-03-06 00:00:49.722000+00:00,1,35950.567,-7200.289,0.6000000000000227,2023-03-06 13:15:00.073000+00:00,135.852,135.856,15.999999999999659,159.9999999999966,16.899999999998272,-18.10000000000116,10792.145,5648.864,3.299999999998704,6.699999999997885,-5.60000000000116,2.199999999999136,-11.600000000001387,,False,False,True,TP_ONLY,167.0000000000016,176.9999999999925,2023-03-06 10:00:00+00:00,2023-03-06 08:00:00+00:00,136.00299744066763,136.13520220122814,-13.220476056051211,Down,Down,Down,2023-03-03 22:00:00+00:00,60.0,2023-03-03 22:00:00+00:00,2023-03-03 22:00:00+00:00,2023-03-03 00:00:00+00:00,135.96587426625007,133.95913890614145,200.6735360108621,Up,Up,Up,2023-02-06 22:00:00+00:00,600.0,2023-02-06 22:00:00+00:00,245.862,9.600000000000364
RAW|2023-03-07|2023-03-07T09:45:00Z|1,2023-03-07,2023H1,2023-03,1,LONG,LONDON,2023-03-07 09:45:00+00:00,2023-03-07 10:00:00+00:00,2023-03-07 13:00:00+00:00,136.175,135.829,34.600000000000364,7.30000000000075,0.21098265895955703,135.788,135.863,135.756,135.858,2023-03-07 09:45:00.065000+00:00,7.30000000000075,2023-03-07 10:00:00+00:00,2023-03-07 09:57:52.373000+00:00,772.308,127.627,0,False,2023-03-07 10:00:00.464000+00:00,135.858,135.864,-3.700000000000614,13.100000000000023,1.3833333333333333,9.699999999997999,21.08686039401437,2023-03-07 02:43:34.206000+00:00,2,25285.859,-6300.065,0.6000000000000227,2023-03-07 13:00:00.169000+00:00,136.161,136.167,29.699999999999704,296.99999999999704,39.49999999999818,-2.400000000000091,9215.692,1399.815,1.6999999999995907,4.399999999998272,10.999999999998522,12.100000000000932,17.900000000000205,,True,True,False,TP_ONLY,296.99999999999704,300.00000000001137,2023-03-07 10:00:00+00:00,2023-03-07 08:00:00+00:00,135.93642238361934,136.05308852140269,-11.666613778334067,Down,Down,Down,2023-03-03 22:00:00+00:00,84.0,2023-03-03 22:00:00+00:00,2023-03-06 22:00:00+00:00,2023-03-06 00:00:00+00:00,135.9456244758929,134.11400779365013,183.16166822427817,Up,Up,Up,2023-02-06 22:00:00+00:00,672.0,2023-02-06 22:00:00+00:00,772.308,7.30000000000075
RAW|2023-03-07|2023-03-07T13:15:00Z|-1,2023-03-07,2023H1,2023-03,-1,SHORT,LONDON_NY_OVERLAP,2023-03-07 13:15:00+00:00,2023-03-07 13:30:00+00:00,2023-03-07 16:30:00+00:00,136.175,135.829,34.600000000000364,0.699999999997658,0.02023121387276447,136.154,136.182,136.04,136.165,2023-03-07 13:29:06.743000+00:00,0.699999999997658,2023-03-07 13:30:00+00:00,2023-03-07 13:29:07.107000+00:00,0.364,0.457,6,True,2023-03-07 13:30:00.293000+00:00,136.163,136.173,4.999999999998295,13.700000000000045,3.05,11.199999999999477,21.08686039401437,2023-03-07 01:05:07.210000+00:00,1,44639.533,-19746.743,0.9999999999990905,2023-03-07 16:30:00.189000+00:00,136.905,136.914,-75.09999999999764,-750.9999999999764,7.800000000000296,-76.8999999999977,1337.105,10742.907,0.40000000000190994,3.300000000001546,1.9000000000005457,-10.699999999999932,-64.3999999999977,,False,False,True,SL_ONLY,-743.9999999999998,-742.999999999995,2023-03-07 10:00:00+00:00,2023-03-07 08:00:00+00:00,135.93642238361934,136.05308852140269,-11.666613778334067,Down,Down,Down,2023-03-03 22:00:00+00:00,84.0,2023-03-03 22:00:00+00:00,2023-03-06 22:00:00+00:00,2023-03-06 00:00:00+00:00,135.9456244758929,134.11400779365013,183.16166822427817,Up,Up,Up,2023-02-06 22:00:00+00:00,672.0,2023-02-06 22:00:00+00:00,0.364,0.699999999997658
RAW|2023-03-08|2023-03-08T11:45:00Z|1,2023-03-08,2023H1,2023-03,1,LONG,LONDON_NY_OVERLAP,2023-03-08 11:45:00+00:00,2023-03-08 12:00:00+00:00,2023-03-08 15:00:00+00:00,137.91,137.24,66.99999999999875,4.200000000000159,0.06268656716418265,137.312,137.312,137.198,137.263,2023-03-08 11:54:58.400000+00:00,4.200000000000159,2023-03-08 12:00:00+00:00,2023-03-08 11:55:28.038000+00:00,29.638,45.283,6,True,2023-03-08 12:00:00.045000+00:00,137.262,137.269,9.199999999998454,10.499999999998977,2.033333333333333,3.6000000000001364,17.250646094627196,2023-03-08 00:55:53.726000+00:00,1,39544.674,-14098.4,0.7000000000005002,2023-03-08 15:00:00.062000+00:00,136.817,136.823,-45.19999999999982,-451.9999999999982,9.299999999998931,-58.899999999999864,4722.551,9258.197,-1.2000000000000455,-6.999999999999318,-1.0000000000019327,2.6999999999986812,-20.79999999999984,-45.19999999999982,False,False,True,SL_ONLY,-459.99999999997954,-456.99999999999363,2023-03-08 10:00:00+00:00,2023-03-08 08:00:00+00:00,137.1682375349051,136.49980484099913,66.84326939059702,Up,Up,Up,2023-03-07 18:00:00+00:00,16.0,2023-03-07 18:00:00+00:00,2023-03-07 22:00:00+00:00,2023-03-07 00:00:00+00:00,136.2888746256378,134.3566471701581,193.22274554796763,Up,Up,Up,2023-02-06 22:00:00+00:00,696.0,2023-02-06 22:00:00+00:00,29.638,4.200000000000159
RAW|2023-03-09|2023-03-09T07:15:00Z|1,2023-03-09,2023H1,2023-03,1,LONG,LONDON,2023-03-09 07:15:00+00:00,2023-03-09 07:30:00+00:00,2023-03-09 10:30:00+00:00,137.254,136.602,65.19999999999868,2.2999999999996135,0.03527607361962669,136.695,136.696,136.579,136.605,2023-03-09 07:26:07.419000+00:00,2.2999999999996135,2023-03-09 07:30:00+00:00,2023-03-09 07:26:11.001000+00:00,3.582,0.306,2,True,2023-03-09 07:30:00.299000+00:00,136.606,136.611,11.099999999999,13.399999999998613,3.8,7.599999999999341,9.467811538273937,2023-03-09 06:55:09.680000+00:00,1,1857.739,2032.581,0.49999999999954525,2023-03-09 10:30:00.464000+00:00,136.174,136.182,-43.69999999999834,-436.9999999999834,28.000000000000114,-50.60000000000002,1926.052,8608.979,5.200000000002092,9.200000000001296,22.100000000000364,-6.399999999999295,-33.499999999997954,-43.69999999999834,False,False,True,TP_FIRST,-467.9999999999893,-459.99999999997954,2023-03-09 06:00:00+00:00,2023-03-09 04:00:00+00:00,137.07717119632167,136.70267138618684,37.44998101348358,Up,Up,Up,2023-03-07 18:00:00+00:00,36.0,2023-03-07 18:00:00+00:00,2023-03-08 22:00:00+00:00,2023-03-08 00:00:00+00:00,136.58348187545556,134.59371539654546,198.97664789100986,Up,Up,Up,2023-02-06 22:00:00+00:00,720.0,2023-02-06 22:00:00+00:00,3.582,2.2999999999996135
RAW|2023-03-10|2023-03-10T10:15:00Z|-1,2023-03-10,2023H1,2023-03,-1,SHORT,LONDON,2023-03-10 10:15:00+00:00,2023-03-10 10:30:00+00:00,2023-03-10 13:30:00+00:00,136.968,135.809,115.89999999999918,2.000000000001023,0.01725625539258876,136.957,136.988,136.816,136.83,2023-03-10 10:15:04.552000+00:00,2.000000000001023,2023-03-10 10:30:00+00:00,2023-03-10 10:15:10.605000+00:00,6.053,4.294,2,True,2023-03-10 10:30:00.127000+00:00,136.83,136.838,18.899999999999295,25.99999999999909,3.066666666666667,11.499999999998067,61.40114517167893,2023-03-10 02:35:31.906000+00:00,1,27572.646,-8104.552,0.7999999999981355,2023-03-10 13:30:00.042000+00:00,136.639,136.733,9.700000000000841,97.00000000000841,22.700000000000387,-16.70000000000016,8717.819,1724.109,0.30000000000143245,-11.499999999998067,-15.500000000000114,1.1000000000024102,6.500000000002615,,False,False,True,TP_ONLY,120.00000000000455,123.99999999999523,2023-03-10 10:00:00+00:00,2023-03-10 08:00:00+00:00,136.49128916366556,136.53358524451127,-4.229608084571623,Down,Down,Down,2023-03-09 14:00:00+00:00,20.0,2023-03-09 14:00:00+00:00,2023-03-09 22:00:00+00:00,2023-03-09 00:00:00+00:00,136.45591562532542,134.71717816482183,173.8737460503586,Up,Up,Up,2023-02-06 22:00:00+00:00,744.0,2023-02-06 22:00:00+00:00,6.053,2.000000000001023
RAW|2023-03-13|2023-03-13T11:00:00Z|1,2023-03-13,2023H1,2023-03,1,LONG,LONDON,2023-03-13 11:00:00+00:00,2023-03-13 11:15:00+00:00,2023-03-13 14:15:00+00:00,134.968,133.681,128.69999999999777,12.800000000001432,0.0994560994561123,133.587,133.801,133.553,133.689,2023-03-13 11:00:00.100000+00:00,12.800000000001432,2023-03-13 11:15:00+00:00,2023-03-13 11:00:30.109000+00:00,30.009,0.051,7,True,2023-03-13 11:15:00.050000+00:00,133.691,133.699,-15.199999999998681,24.399999999999977,5.316666666666666,17.40000000000066,40.202285209928085,2023-03-13 03:12:04.803000+00:00,1,28075.297,-10800.1,0.8000000000009777,2023-03-13 14:15:00.097000+00:00,132.795,132.798,-90.40000000000248,-904.0000000000248,0.09999999999763531,-141.70000000000016,1.643,5710.252,-3.300000000001546,-27.300000000002456,-64.40000000000055,-63.30000000000098,-109.9000000000018,-90.40000000000248,False,False,True,SL_ONLY,-904.0000000000248,-906.0000000000059,2023-03-13 09:00:00+00:00,2023-03-13 08:00:00+00:00,134.6357344064316,135.77858154561747,-114.2847139185875,Down,Down,Down,2023-03-09 14:00:00+00:00,91.0,2023-03-09 14:00:00+00:00,2023-03-10 22:00:00+00:00,2023-03-10 00:00:00+00:00,136.02908258951817,134.7367639116361,129.2318677882065,Up,Up,Up,2023-02-06 22:00:00+00:00,768.0,2023-02-06 22:00:00+00:00,30.009,12.800000000001432
RAW|2023-03-14|2023-03-14T10:45:00Z|-1,2023-03-14,2023H1,2023-03,-1,SHORT,LONDON,2023-03-14 10:45:00+00:00,2023-03-14 11:00:00+00:00,2023-03-14 14:00:00+00:00,134.028,133.025,100.29999999999859,7.900000000000773,0.07876370887338867,134.068,134.107,133.932,133.963,2023-03-14 10:45:00.026000+00:00,7.900000000000773,2023-03-14 11:00:00+00:00,2023-03-14 10:47:46.618000+00:00,166.592,3.007,8,True,2023-03-14 11:00:00.019000+00:00,133.962,133.97,-10.999999999998522,16.399999999998727,6.583333333333333,11.400000000000432,24.873553580608583,2023-03-14 04:52:14.606000+00:00,1,21165.42,-9900.026,0.8000000000009777,2023-03-14 14:00:00.034000+00:00,134.724,134.731,-76.90000000000055,-769.0000000000055,10.899999999998045,-94.3000000000012,5515.437,10130.789,-2.5000000000005684,-8.00000000000125,-12.600000000000477,-20.600000000001728,-10.000000000002274,-76.90000000000055,False,False,True,SL_FIRST,-768.0000000000007,-766.9999999999959,2023-03-14 09:00:00+00:00,2023-03-14 08:00:00+00:00,133.73518994722008,134.84063606759622,-110.54461203761434,Down,Down,Down,2023-03-09 14:00:00+00:00,115.0,2023-03-09 14:00:00+00:00,2023-03-13 21:00:00+00:00,2023-03-13 00:00:00+00:00,135.21248756394155,134.61150279870523,60.098476523631916,Up,Up,Up,2023-02-06 22:00:00+00:00,839.0,2023-02-06 22:00:00+00:00,166.592,7.900000000000773
RAW|2023-03-15|2023-03-15T08:45:00Z|-1,2023-03-15,2023H1,2023-03,-1,SHORT,LONDON,2023-03-15 08:45:00+00:00,2023-03-15 09:00:00+00:00,2023-03-15 12:00:00+00:00,134.834,134.028,80.60000000000116,3.2000000000010687,0.03970223325063303,134.854,134.866,134.629,134.666,2023-03-15 08:45:00.008000+00:00,3.2000000000010687,2023-03-15 09:00:00+00:00,2023-03-15 08:45:53.472000+00:00,53.464,11.736,1,True,2023-03-15 09:00:00.031000+00:00,134.667,134.674,-12.09999999999809,17.900000000000205,3.6166666666666667,5.400000000000205,18.274725121770356,2023-03-15 06:39:42.207000+00:00,1,7517.801,-2700.008,0.7000000000005002,2023-03-15 12:00:00.168000+00:00,133.53,133.536,113.10000000000002,1131.0000000000002,126.90000000000055,-6.000000000000227,6823.93,139.265,12.20000000000141,22.800000000000864,28.600000000000136,46.299999999999386,106.00000000000023,113.10000000000002,True,True,False,TP_ONLY,1131.0000000000002,1132.000000000005,2023-03-15 09:00:00+00:00,2023-03-15 08:00:00+00:00,134.3788291181847,134.66949881156432,-29.066969337961268,Down,Down,Down,2023-03-09 14:00:00+00:00,139.0,2023-03-09 14:00:00+00:00,2023-03-14 21:00:00+00:00,2023-03-14 00:00:00+00:00,134.92577683138683,134.57930257480882,34.64742565780057,Up,Up,Up,2023-02-06 22:00:00+00:00,863.0,2023-02-06 22:00:00+00:00,53.464,3.2000000000010687
RAW|2023-03-16|2023-03-16T14:45:00Z|1,2023-03-16,2023H1,2023-03,1,LONG,LONDON_NY_OVERLAP,2023-03-16 14:45:00+00:00,2023-03-16 15:00:00+00:00,2023-03-16 18:00:00+00:00,133.492,132.499,99.2999999999995,57.399999999998386,0.5780463242698759,131.995,132.867,131.925,132.613,2023-03-16 14:45:00.381000+00:00,57.399999999998386,2023-03-16 15:00:00+00:00,2023-03-16 14:52:00.444000+00:00,420.063,479.556,0,False,2023-03-16 15:00:00.017000+00:00,132.615,132.622,27.09999999999866,34.80000000000132,6.783333333333333,17.69999999999925,175.92511027307478,2023-03-16 00:32:27.114000+00:00,1,51153.267,-24300.381,0.7000000000005002,2023-03-16 18:00:00.118000+00:00,133.672,133.679,104.9999999999983,1049.999999999983,120.19999999999982,-12.800000000001432,10125.608,893.098,0.39999999999906777,-10.400000000001342,10.499999999998977,40.099999999998204,82.0999999999998,104.9999999999983,True,True,True,TP_ONLY,1060.0000000000023,1060.0000000000023,2023-03-16 13:00:00+00:00,2023-03-16 12:00:00+00:00,132.91298149927593,133.86201160842492,-94.90301091489926,Down,Down,Down,2023-03-09 14:00:00+00:00,167.0,2023-03-09 14:00:00+00:00,2023-03-15 21:00:00+00:00,2023-03-15 00:00:00+00:00,134.47212630813345,134.4799983688241,-0.78720606906586,Down,Up,Transition,2023-03-15 21:00:00+00:00,0.0,2023-03-15 21:00:00+00:00,420.063,57.399999999998386
RAW|2023-03-16|2023-03-16T19:00:00Z|-1,2023-03-16,2023H1,2023-03,-1,SHORT,NEW_YORK,2023-03-16 19:00:00+00:00,2023-03-16 19:15:00+00:00,2023-03-16 22:15:00+00:00,133.492,132.499,99.2999999999995,6.30000000000166,0.06344410876134635,133.516,133.555,133.468,133.488,2023-03-16 19:00:00.082000+00:00,6.30000000000166,2023-03-16 19:15:00+00:00,2023-03-16 19:00:23.107000+00:00,23.025,3.077,54,True,2023-03-16 19:15:00.580000+00:00,133.488,133.497,0.9999999999990905,17.69999999999925,4.566666666666666,17.69999999999925,175.92511027307478,2023-03-16 01:06:19.115000+00:00,1,64420.967,-39600.082,0.9000000000014552,2023-03-16 22:15:00.151000+00:00,133.605,133.622,-13.400000000001455,-134.00000000001455,7.699999999999818,-31.60000000000025,243.994,6174.391,6.100000000000705,0.2999999999985903,1.4000000000010004,-21.19999999999891,-24.2999999999995,,False,False,True,SL_ONLY,-135.00000000001933,-142.00000000002433,2023-03-16 17:00:00+00:00,2023-03-16 16:00:00+00:00,133.06384392805424,133.82833067975093,-76.4486751696694,Down,Down,Down,2023-03-09 14:00:00+00:00,171.0,2023-03-09 14:00:00+00:00,2023-03-15 21:00:00+00:00,2023-03-15 00:00:00+00:00,134.47212630813345,134.4799983688241,-0.78720606906586,Down,Up,Transition,2023-03-15 21:00:00+00:00,0.0,2023-03-15 21:00:00+00:00,23.025,6.30000000000166
RAW|2023-03-17|2023-03-17T07:00:00Z|1,2023-03-17,2023H1,2023-03,1,LONG,LONDON,2023-03-17 07:00:00+00:00,2023-03-17 07:15:00+00:00,2023-03-17 10:15:00+00:00,133.581,132.86,72.09999999999752,7.200000000000273,0.0998613037448061,132.867,133.07,132.788,133.039,2023-03-17 07:00:27.795000+00:00,7.200000000000273,2023-03-17 07:15:00+00:00,2023-03-17 07:00:27.847000+00:00,0.052,1.377,13,True,2023-03-17 07:15:00.178000+00:00,133.037,133.046,16.19999999999777,18.299999999999272,4.483333333333333,7.499999999998863,14.38112542113195,2023-03-17 05:33:06+00:00,1,5241.795,3572.205,0.899999999998613,2023-03-17 10:15:00.175000+00:00,133.221,133.228,17.500000000001137,175.00000000001137,30.500000000000682,-30.299999999999727,3779.212,1933.096,6.800000000001205,7.00000000000216,-12.79999999999859,23.900000000000432,-0.6000000000000227,,True,False,True,TP_FIRST,186.00000000000705,200.00000000001705,2023-03-17 05:00:00+00:00,2023-03-17 04:00:00+00:00,133.22021717494687,133.7254772083539,-50.52600334070405,Down,Down,Down,2023-03-09 14:00:00+00:00,183.0,2023-03-09 14:00:00+00:00,2023-03-16 21:00:00+00:00,2023-03-16 00:00:00+00:00,134.25266164866676,134.4179184993182,-16.525685065144557,Down,Down,Down,2023-03-15 21:00:00+00:00,24.0,2023-03-15 21:00:00+00:00,0.052,7.200000000000273
RAW|2023-03-20|2023-03-20T07:00:00Z|1,2023-03-20,2023H1,2023-03,1,LONG,LONDON,2023-03-20 07:00:00+00:00,2023-03-20 07:15:00+00:00,2023-03-20 10:15:00+00:00,132.647,131.026,162.0999999999981,12.100000000000932,0.07464528069093815,131.103,131.195,130.905,131.186,2023-03-20 07:06:25.423000+00:00,12.100000000000932,2023-03-20 07:15:00+00:00,2023-03-20 07:06:25.577000+00:00,0.154,8.868,13,True,2023-03-20 07:15:00.035000+00:00,131.187,131.195,10.999999999998522,23.699999999999477,5.566666666666666,16.99999999999875,27.379064071025724,2023-03-20 06:56:22.136000+00:00,1,603.287,3214.577,0.7999999999981355,2023-03-20 10:15:00.058000+00:00,131.241,131.249,4.600000000002069,46.00000000002069,16.30000000000109,-65.69999999999823,10377.812,4362.389,-1.3999999999981583,-32.099999999999795,-23.499999999998522,-44.10000000000025,-34.00000000000034,4.600000000002069,False,False,True,TP_FIRST,12.000000000000455,-48.99999999997817,2023-03-20 05:00:00+00:00,2023-03-20 04:00:00+00:00,132.31135332521777,133.15634895613914,-84.49956309213746,Down,Down,Down,2023-03-09 14:00:00+00:00,255.0,2023-03-09 14:00:00+00:00,2023-03-17 21:00:00+00:00,2023-03-17 00:00:00+00:00,133.55275832047624,134.20872501937274,-65.5966698896492,Down,Down,Down,2023-03-15 21:00:00+00:00,48.0,2023-03-15 21:00:00+00:00,0.154,12.100000000000932
RAW|2023-03-21|2023-03-21T07:00:00Z|-1,2023-03-21,2023H1,2023-03,-1,SHORT,LONDON,2023-03-21 07:00:00+00:00,2023-03-21 07:15:00+00:00,2023-03-21 10:15:00+00:00,131.72,131.029,69.10000000000025,0.8000000000009777,0.011577424023168956,131.704,131.728,131.543,131.633,2023-03-21 07:00:25.531000+00:00,0.8000000000009777,2023-03-21 07:15:00+00:00,2023-03-21 07:00:27.988000+00:00,2.457,22.31,1,True,2023-03-21 07:15:00.275000+00:00,131.633,131.643,15.699999999998226,17.599999999998772,3.2333333333333334,9.499999999999886,11.771661565581816,2023-03-21 06:59:35.706000+00:00,1,49.825,3574.469,0.9999999999990905,2023-03-21 10:15:00.286000+00:00,132.305,132.311,-67.79999999999973,-677.9999999999973,1.6999999999995907,-68.8999999999993,1029.424,10509.707,-6.999999999999318,-8.400000000000318,-8.29999999999984,-45.79999999999984,-64.19999999999959,-67.79999999999973,False,False,True,SL_ONLY,-677.0000000000209,-669.0000000000111,2023-03-21 05:00:00+00:00,2023-03-21 04:00:00+00:00,131.42429438164817,132.42422382062097,-99.99294389727993,Down,Down,Down,2023-03-09 14:00:00+00:00,279.0,2023-03-09 14:00:00+00:00,2023-03-20 21:00:00+00:00,2023-03-20 00:00:00+00:00,132.91111308605446,133.97658701782294,-106.547393176848,Down,Down,Down,2023-03-15 21:00:00+00:00,120.0,2023-03-15 21:00:00+00:00,2.457,0.8000000000009777
RAW|2023-03-22|2023-03-22T13:00:00Z|-1,2023-03-22,2023H1,2023-03,-1,SHORT,LONDON_NY_OVERLAP,2023-03-22 13:00:00+00:00,2023-03-22 13:15:00+00:00,2023-03-22 16:15:00+00:00,132.774,132.252,52.199999999999136,1.9000000000005457,0.03639846743296125,132.784,132.793,132.685,132.713,2023-03-22 13:00:00.088000+00:00,1.9000000000005457,2023-03-22 13:15:00+00:00,2023-03-22 13:00:01.084000+00:00,0.996,0.356,24,True,2023-03-22 13:15:00.653000+00:00,132.708,132.714,-5.500000000000682,12.09999999999809,2.566666666666667,6.499999999999773,50.44019755207131,2023-03-22 01:41:07.166000+00:00,1,40732.922,-18000.088,0.6000000000000227,2023-03-22 16:15:00.329000+00:00,132.649,132.654,5.400000000000205,54.000000000002046,28.20000000000107,-13.599999999999568,5739.636,2942.713,-3.900000000001569,6.399999999999295,2.6999999999986812,-2.899999999999636,10.499999999998977,,True,False,True,TP_ONLY,50.00000000001137,50.00000000001137,2023-03-22 13:00:00+00:00,2023-03-22 12:00:00+00:00,132.48150454366618,132.45088911286513,3.0615430801049115,Up,Down,Transition,2023-03-22 13:00:00+00:00,0.0,2023-03-22 13:00:00+00:00,2023-03-21 21:00:00+00:00,2023-03-21 00:00:00+00:00,132.79193791861033,133.8579800563971,-106.60421377867806,Down,Down,Down,2023-03-15 21:00:00+00:00,144.0,2023-03-15 21:00:00+00:00,0.996,1.9000000000005457
RAW|2023-03-23|2023-03-23T08:45:00Z|-1,2023-03-23,2023H1,2023-03,-1,SHORT,LONDON,2023-03-23 08:45:00+00:00,2023-03-23 09:00:00+00:00,2023-03-23 12:00:00+00:00,131.244,130.416,82.8000000000003,0.10000000000047748,0.0012077294686047963,131.13,131.245,131.071,131.195,2023-03-23 08:55:25.197000+00:00,0.10000000000047748,2023-03-23 09:00:00+00:00,2023-03-23 08:55:25.248000+00:00,0.051,54.727,1,True,2023-03-23 09:00:00.104000+00:00,131.196,131.206,13.900000000001,17.40000000000066,4.55,17.40000000000066,26.188645401805328,2023-03-23 00:13:30.094000+00:00,2,31315.103,-3325.197,0.9999999999990905,2023-03-23 12:00:00.093000+00:00,131.281,131.284,-8.799999999999386,-87.99999999999386,11.7999999999995,-24.600000000000932,666.032,8197.838,3.999999999999204,5.89999999999975,-0.39999999999906777,6.800000000001205,-8.099999999998886,,False,False,True,TP_FIRST,-100.99999999999909,-121.99999999998568,2023-03-23 09:00:00+00:00,2023-03-23 08:00:00+00:00,131.41779625744968,132.05919272400547,-64.13964665557899,Down,Down,Down,2023-03-22 21:00:00+00:00,12.0,2023-03-22 21:00:00+00:00,2023-03-22 21:00:00+00:00,2023-03-22 00:00:00+00:00,132.3896699418645,133.66006165188534,-127.03917100208457,Down,Down,Down,2023-03-15 21:00:00+00:00,168.0,2023-03-15 21:00:00+00:00,0.051,0.10000000000047748
RAW|2023-03-23|2023-03-23T19:00:00Z|1,2023-03-23,2023H1,2023-03,1,LONG,NEW_YORK,2023-03-23 19:00:00+00:00,2023-03-23 19:15:00+00:00,2023-03-23 22:15:00+00:00,131.244,130.416,82.8000000000003,7.900000000000773,0.09541062801933267,130.623,131.036,130.337,130.427,2023-03-23 19:07:53.670000+00:00,7.900000000000773,2023-03-23 19:15:00+00:00,2023-03-23 19:09:01.891000+00:00,68.221,0.102,8,True,2023-03-23 19:15:00.064000+00:00,130.428,130.439,11.400000000000432,62.39999999999952,8.316666666666666,48.49999999999852,26.188645401805328,2023-03-23 03:23:12.126000+00:00,1,56681.544,-40073.67,1.099999999999568,2023-03-23 22:15:00.196000+00:00,130.8,130.811,36.10000000000184,361.0000000000184,46.700000000001296,-12.199999999998568,6075.047,355.948,-6.100000000000705,2.1000000000015007,9.600000000000364,16.70000000000016,34.99999999999943,36.10000000000184,True,False,True,TP_ONLY,352.00000000000387,347.0000000000084,2023-03-23 17:00:00+00:00,2023-03-23 16:00:00+00:00,131.24312053951513,131.91278872159825,-66.96681820831145,Down,Down,Down,2023-03-22 21:00:00+00:00,20.0,2023-03-22 21:00:00+00:00,2023-03-22 21:00:00+00:00,2023-03-22 00:00:00+00:00,132.3896699418645,133.66006165188534,-127.03917100208457,Down,Down,Down,2023-03-15 21:00:00+00:00,168.0,2023-03-15 21:00:00+00:00,68.221,7.900000000000773
RAW|2023-03-24|2023-03-24T08:15:00Z|1,2023-03-24,2023H1,2023-03,1,LONG,LONDON,2023-03-24 08:15:00+00:00,2023-03-24 08:30:00+00:00,2023-03-24 11:30:00+00:00,130.939,130.053,88.59999999999957,12.100000000000932,0.1365688487584762,130.026,130.249,129.932,130.225,2023-03-24 08:15:00.058000+00:00,12.100000000000932,2023-03-24 08:30:00+00:00,2023-03-24 08:15:00.430000+00:00,0.372,1.633,21,True,2023-03-24 08:30:00.009000+00:00,130.226,130.231,22.59999999999991,29.999999999998295,5.8,8.899999999999864,17.16275952378177,2023-03-24 05:12:04.199000+00:00,1,10975.859,-900.058,0.49999999999954525,2023-03-24 11:30:00.068000+00:00,130.033,130.039,-19.80000000000075,-198.0000000000075,3.8000000000010914,-59.29999999999893,108.497,5855.388,-6.399999999999295,-24.699999999998568,-15.500000000000114,-28.000000000000114,-34.39999999999941,-19.80000000000075,False,False,True,SL_ONLY,-141.00000000001955,-128.00000000001432,2023-03-24 05:00:00+00:00,2023-03-24 04:00:00+00:00,130.7061809546338,131.5907815920439,-88.46006374101023,Down,Down,Down,2023-03-22 21:00:00+00:00,32.0,2023-03-22 21:00:00+00:00,2023-03-23 21:00:00+00:00,2023-03-23 00:00:00+00:00,131.9394785299032,133.43237671973452,-149.28981898313225,Down,Down,Down,2023-03-15 21:00:00+00:00,192.0,2023-03-15 21:00:00+00:00,0.372,12.100000000000932
RAW|2023-03-27|2023-03-27T07:00:00Z|-1,2023-03-27,2023H1,2023-03,-1,SHORT,LONDON,2023-03-27 07:00:00+00:00,2023-03-27 07:15:00+00:00,2023-03-27 10:15:00+00:00,131.316,130.496,81.99999999999932,3.499999999999659,0.042682926829264486,131.264,131.351,131.155,131.17,2023-03-27 07:02:01.240000+00:00,3.499999999999659,2023-03-27 07:15:00+00:00,2023-03-27 07:02:01.854000+00:00,0.614,0.255,20,True,2023-03-27 07:15:00.087000+00:00,131.17,131.179,16.40000000000157,18.900000000002137,6.233333333333333,10.300000000000864,31.38561760452437,2023-03-27 06:59:07.253000+00:00,1,173.987,3478.76,0.9000000000014552,2023-03-27 10:15:00.846000+00:00,131.38,131.389,-21.90000000000225,-219.0000000000225,31.299999999998818,-36.10000000000184,2174.151,10211.561,-13.400000000001455,-0.9000000000014552,14.399999999997704,20.999999999997954,1.2999999999976808,-21.90000000000225,True,False,True,SL_FIRST,-215.0000000000034,-205.0000000000125,2023-03-27 05:00:00+00:00,2023-03-27 04:00:00+00:00,130.6514208995925,131.1864473546058,-53.5026455013309,Down,Down,Down,2023-03-22 21:00:00+00:00,104.0,2023-03-22 21:00:00+00:00,2023-03-24 21:00:00+00:00,2023-03-24 00:00:00+00:00,131.58448466421657,133.21354658215577,-162.90619179391967,Down,Down,Down,2023-03-15 21:00:00+00:00,216.0,2023-03-15 21:00:00+00:00,0.614,3.499999999999659
RAW|2023-03-28|2023-03-28T07:45:00Z|-1,2023-03-28,2023H1,2023-03,-1,SHORT,LONDON,2023-03-28 07:45:00+00:00,2023-03-28 08:00:00+00:00,2023-03-28 11:00:00+00:00,131.238,130.502,73.599999999999,0.39999999999906777,0.00543478260868306,131.201,131.242,131.141,131.159,2023-03-28 07:46:23.285000+00:00,0.39999999999906777,2023-03-28 08:00:00+00:00,2023-03-28 07:46:24.362000+00:00,1.077,815.638,0,False,2023-03-28 08:00:00.128000+00:00,131.16,131.167,27.000000000001023,27.600000000001046,3.533333333333333,9.800000000001319,13.916137414713837,2023-03-28 00:00:49.834000+00:00,1,27933.451,816.715,0.7000000000005002,2023-03-28 11:00:00.133000+00:00,130.955,130.963,19.700000000000273,197.00000000000273,31.89999999999884,-13.900000000001,7554.368,2051.557,0.39999999999906777,-1.5999999999991132,-4.800000000000182,10.699999999999932,26.900000000000546,19.700000000000273,True,False,True,TP_ONLY,194.99999999999318,195.99999999999795,2023-03-28 05:00:00+00:00,2023-03-28 04:00:00+00:00,130.99984781473822,131.1857214444289,-18.587362969068977,Down,Down,Down,2023-03-28 01:00:00+00:00,4.0,2023-03-28 01:00:00+00:00,2023-03-27 21:00:00+00:00,2023-03-27 00:00:00+00:00,131.57520333158328,133.08062285558333,-150.54195240000467,Down,Down,Down,2023-03-15 21:00:00+00:00,288.0,2023-03-15 21:00:00+00:00,1.077,0.39999999999906777
RAW|2023-03-28|2023-03-28T12:30:00Z|1,2023-03-28,2023H1,2023-03,1,LONG,LONDON_NY_OVERLAP,2023-03-28 12:30:00+00:00,2023-03-28 12:45:00+00:00,2023-03-28 15:45:00+00:00,131.238,130.502,73.599999999999,9.700000000000841,0.13179347826088278,130.656,130.671,130.405,130.615,2023-03-28 12:37:30.445000+00:00,9.700000000000841,2023-03-28 12:45:00+00:00,2023-03-28 12:37:35.312000+00:00,4.867,0.306,23,True,2023-03-28 12:45:00.083000+00:00,130.617,130.624,12.299999999999045,18.39999999999975,4.716666666666667,15.499999999997272,13.916137414713837,2023-03-28 05:18:09.600000+00:00,1,26360.845,-16650.445,0.7000000000005002,2023-03-28 15:45:00.291000+00:00,130.951,130.957,32.69999999999982,326.9999999999982,55.70000000000164,-2.7999999999991587,5774.308,17.346,2.5000000000005684,2.7999999999991587,17.099999999999227,31.399999999999295,37.000000000000455,32.69999999999982,True,False,False,TP_ONLY,334.99999999997954,337.99999999999386,2023-03-28 09:00:00+00:00,2023-03-28 08:00:00+00:00,131.01331986767016,131.1746237288746,-16.130386120443063,Down,Down,Down,2023-03-28 01:00:00+00:00,8.0,2023-03-28 01:00:00+00:00,2023-03-27 21:00:00+00:00,2023-03-27 00:00:00+00:00,131.57520333158328,133.08062285558333,-150.54195240000467,Down,Down,Down,2023-03-15 21:00:00+00:00,288.0,2023-03-15 21:00:00+00:00,4.867,9.700000000000841
RAW|2023-03-29|2023-03-29T07:00:00Z|-1,2023-03-29,2023H1,2023-03,-1,SHORT,LONDON,2023-03-29 07:00:00+00:00,2023-03-29 07:15:00+00:00,2023-03-29 10:15:00+00:00,132.033,130.923,110.99999999999852,2.000000000001023,0.018018018018027476,131.887,132.053,131.88,131.949,2023-03-29 07:02:00.178000+00:00,2.000000000001023,2023-03-29 07:15:00+00:00,2023-03-29 07:02:00.587000+00:00,0.409,59.016,7,True,2023-03-29 07:15:00.078000+00:00,131.948,131.954,26.69999999999959,26.69999999999959,4.1,17.799999999999727,17.890820061733837,2023-03-29 06:15:49.849000+00:00,1,2770.329,3479.822,0.6000000000000227,2023-03-29 10:15:00.150000+00:00,131.705,131.708,24.00000000000091,240.0000000000091,34.70000000000084,-14.900000000000091,8955.117,4887.264,7.200000000000273,-0.1999999999981128,5.500000000000682,-4.4999999999987494,11.50000000000091,24.00000000000091,False,False,True,TP_ONLY,217.9999999999893,225.9999999999991,2023-03-29 05:00:00+00:00,2023-03-29 04:00:00+00:00,131.21042342990833,131.15952580536077,5.089762454755942,Up,Down,Transition,2023-03-29 05:00:00+00:00,0.0,2023-03-29 05:00:00+00:00,2023-03-28 21:00:00+00:00,2023-03-28 00:00:00+00:00,131.36028809398806,132.90001302713665,-153.9724933148591,Down,Down,Down,2023-03-15 21:00:00+00:00,312.0,2023-03-15 21:00:00+00:00,0.409,2.000000000001023
RAW|2023-03-30|2023-03-30T07:00:00Z|1,2023-03-30,2023H1,2023-03,1,LONG,LONDON,2023-03-30 07:00:00+00:00,2023-03-30 07:15:00+00:00,2023-03-30 10:15:00+00:00,132.807,132.328,47.8999999999985,11.199999999999477,0.2338204592901843,132.36,132.383,132.216,132.354,2023-03-30 07:00:19.896000+00:00,11.199999999999477,2023-03-30 07:15:00+00:00,2023-03-30 07:00:38.701000+00:00,18.805,1.325,14,True,2023-03-30 07:15:00.070000+00:00,132.355,132.363,20.50000000000125,20.79999999999984,5.9,9.499999999999886,9.025243360735722,2023-03-30 06:56:34.844000+00:00,1,225.052,3580.104,0.8000000000009777,2023-03-30 10:15:00.060000+00:00,132.797,132.804,43.39999999999975,433.9999999999975,50.900000000001455,-16.30000000000109,10423.482,646.185,-7.800000000000296,-5.500000000000682,-8.199999999999363,14.099999999999113,29.699999999999704,,True,True,True,TP_ONLY,436.9999999999834,438.99999999999295,2023-03-30 05:00:00+00:00,2023-03-30 04:00:00+00:00,132.41723202145636,131.70958218624625,70.76498352101055,Up,Up,Up,2023-03-29 05:00:00+00:00,24.0,2023-03-29 05:00:00+00:00,2023-03-29 21:00:00+00:00,2023-03-29 00:00:00+00:00,131.78363435284862,132.89537198496572,-111.1737632117098,Down,Down,Down,2023-03-15 21:00:00+00:00,336.0,2023-03-15 21:00:00+00:00,18.805,11.199999999999477
RAW|2023-03-30|2023-03-30T12:45:00Z|-1,2023-03-30,2023H1,2023-03,-1,SHORT,LONDON_NY_OVERLAP,2023-03-30 12:45:00+00:00,2023-03-30 13:00:00+00:00,2023-03-30 16:00:00+00:00,132.807,132.328,47.8999999999985,2.7000000000015234,0.05636743215034672,132.813,132.834,132.683,132.765,2023-03-30 12:45:00.033000+00:00,2.7000000000015234,2023-03-30 13:00:00+00:00,2023-03-30 12:45:18.665000+00:00,18.632,1.865,9,True,2023-03-30 13:00:00.091000+00:00,132.761,132.766,19.999999999998863,27.600000000001046,4.583333333333333,12.300000000001887,9.025243360735722,2023-03-30 01:38:08.434000+00:00,1,40011.599,-17100.033,0.49999999999954525,2023-03-30 16:00:00.216000+00:00,132.71,132.716,4.4999999999987494,44.999999999987494,16.499999999999204,-21.100000000001273,8225.629,740.125,-12.999999999999545,-12.299999999999045,-2.5000000000005684,8.199999999999363,5.599999999998317,4.4999999999987494,False,False,True,SL_FIRST,74.99999999998863,81.99999999999363,2023-03-30 13:00:00+00:00,2023-03-30 12:00:00+00:00,132.5406285823757,131.85476636243882,68.58622199368654,Up,Up,Up,2023-03-29 05:00:00+00:00,32.0,2023-03-29 05:00:00+00:00,2023-03-29 21:00:00+00:00,2023-03-29 00:00:00+00:00,131.78363435284862,132.89537198496572,-111.1737632117098,Down,Down,Down,2023-03-15 21:00:00+00:00,336.0,2023-03-15 21:00:00+00:00,18.632,2.7000000000015234
RAW|2023-03-31|2023-03-31T08:45:00Z|-1,2023-03-31,2023H1,2023-03,-1,SHORT,LONDON,2023-03-31 08:45:00+00:00,2023-03-31 09:00:00+00:00,2023-03-31 12:00:00+00:00,133.509,132.685,82.39999999999839,8.300000000002683,0.10072815533984036,133.533,133.592,133.45,133.488,2023-03-31 08:45:00.097000+00:00,8.300000000002683,2023-03-31 09:00:00+00:00,2023-03-31 08:46:56.412000+00:00,116.315,3.936,42,True,2023-03-31 09:00:00.019000+00:00,133.486,133.494,23.099999999999454,27.600000000001046,4.25,10.599999999999454,25.996896042124554,2023-03-31 00:54:17.610000+00:00,1,28242.487,-2700.097,0.8000000000009777,2023-03-31 12:00:00.067000+00:00,133.183,133.191,29.49999999999875,294.9999999999875,37.79999999999859,-0.8000000000009777,9013.552,0.0,15.099999999998204,18.799999999998818,22.59999999999991,8.599999999998431,13.399999999998613,29.49999999999875,False,False,False,TP_ONLY,246.99999999998568,239.00000000000432,2023-03-31 09:00:00+00:00,2023-03-31 08:00:00+00:00,132.95755103944333,132.2261948020243,73.13562374190212,Up,Up,Up,2023-03-29 05:00:00+00:00,52.0,2023-03-29 05:00:00+00:00,2023-03-30 21:00:00+00:00,2023-03-30 00:00:00+00:00,132.03773882346331,132.87758222616847,-83.98434027051564,Down,Down,Down,2023-03-15 21:00:00+00:00,360.0,2023-03-15 21:00:00+00:00,116.315,8.300000000002683
RAW|2023-03-31|2023-03-31T19:00:00Z|1,2023-03-31,2023H1,2023-03,1,LONG,NEW_YORK,2023-03-31 19:00:00+00:00,2023-03-31 19:15:00+00:00,2023-03-31 22:15:00+00:00,133.509,132.685,82.39999999999839,0.39999999999906777,0.004854368932027617,132.684,132.772,132.681,132.717,2023-03-31 19:00:00+00:00,0.39999999999906777,2023-03-31 19:15:00+00:00,2023-03-31 19:00:02.924000+00:00,2.924,1.046,1,True,2023-03-31 19:15:00.100000+00:00,132.717,132.721,6.700000000000728,13.399999999998613,2.816666666666667,7.099999999999795,25.996896042124554,2023-03-31 04:04:28.203000+00:00,1,53731.797,-39600.0,0.39999999999906777,2023-04-02 21:00:00.107000+00:00,133.368,133.432,64.69999999999914,646.9999999999914,64.69999999999914,-5.000000000001137,179100.007,6290.154,2.6999999999986812,0.8000000000009777,1.099999999999568,3.700000000000614,64.69999999999914,64.69999999999914,True,False,True,TP_ONLY,652.9999999999916,649.0000000000009,2023-03-31 17:00:00+00:00,2023-03-31 16:00:00+00:00,132.92675053032823,132.33190568043338,59.48448498948551,Up,Up,Up,2023-03-29 05:00:00+00:00,60.0,2023-03-29 05:00:00+00:00,2023-03-30 21:00:00+00:00,2023-03-30 00:00:00+00:00,132.03773882346331,132.87758222616847,-83.98434027051564,Down,Down,Down,2023-03-15 21:00:00+00:00,360.0,2023-03-15 21:00:00+00:00,2.924,0.39999999999906777
RAW|2023-04-03|2023-04-03T13:45:00Z|1,2023-04-03,2023H1,2023-04,1,LONG,LONDON_NY_OVERLAP,2023-04-03 13:45:00+00:00,2023-04-03 14:00:00+00:00,2023-04-03 17:00:00+00:00,133.755,132.817,93.79999999999882,4.400000000001114,0.046908315565044455,132.89,132.952,132.773,132.85,2023-04-03 13:49:27.662000+00:00,4.400000000001114,2023-04-03 14:00:00+00:00,2023-04-03 13:49:39.490000+00:00,11.828,0.102,17,True,2023-04-03 14:00:00.169000+00:00,132.832,132.883,23.500000000001364,26.300000000000523,4.066666666666666,13.700000000000045,18.389842106475363,2023-04-03 01:26:43.803000+00:00,1,44563.859,-20967.662,5.100000000001614,2023-04-03 17:00:00.128000+00:00,132.451,132.459,-43.20000000000164,-432.00000000001637,-5.100000000001614,-68.20000000000164,0.0,6439.501,-44.40000000000168,-43.00000000000068,-55.89999999999975,-55.00000000000114,-52.29999999999961,,False,False,True,SL_ONLY,-120.00000000000455,-218.9999999999941,2023-04-03 13:00:00+00:00,2023-04-03 12:00:00+00:00,133.16101180503813,132.6219796947884,53.90321102497353,Up,Up,Up,2023-03-29 05:00:00+00:00,128.0,2023-03-29 05:00:00+00:00,2023-03-31 21:00:00+00:00,2023-03-31 00:00:00+00:00,132.25467058818808,132.87113564807498,-61.64650598869059,Down,Down,Down,2023-03-15 21:00:00+00:00,384.0,2023-03-15 21:00:00+00:00,11.828,4.400000000001114
RAW|2023-04-04|2023-04-04T09:15:00Z|-1,2023-04-04,2023H1,2023-04,-1,SHORT,LONDON,2023-04-04 09:15:00+00:00,2023-04-04 09:30:00+00:00,2023-04-04 12:30:00+00:00,132.979,132.207,77.20000000000198,8.899999999999864,0.11528497409325952,132.913,133.068,132.87,132.871,2023-04-04 09:16:27.572000+00:00,8.899999999999864,2023-04-04 09:30:00+00:00,2023-04-04 09:16:39.827000+00:00,12.255,1.424,24,True,2023-04-04 09:30:00.209000+00:00,132.873,132.879,4.400000000001114,14.300000000000068,2.2,8.29999999999984,13.546647538623915,2023-04-04 05:45:07.365000+00:00,1,12680.207,-4587.572,0.6000000000000227,2023-04-04 12:30:00.145000+00:00,132.874,132.88,-0.7000000000005002,-7.000000000005002,8.599999999998431,-30.200000000002092,1681.419,6905.56,-1.6000000000019554,4.599999999999227,4.4999999999987494,0.899999999998613,-20.79999999999984,,False,False,True,SL_ONLY,-4.9999999999954525,-20.999999999986585,2023-04-04 09:00:00+00:00,2023-04-04 08:00:00+00:00,132.77735680911192,132.62275446791102,15.460234120089922,Up,Up,Up,2023-03-29 05:00:00+00:00,148.0,2023-03-29 05:00:00+00:00,2023-04-03 21:00:00+00:00,2023-04-03 00:00:00+00:00,132.28476470584863,132.83024479622898,-54.54800903803516,Down,Down,Down,2023-03-15 21:00:00+00:00,456.0,2023-03-15 21:00:00+00:00,12.255,8.899999999999864
RAW|2023-04-05|2023-04-05T08:15:00Z|1,2023-04-05,2023H1,2023-04,1,LONG,LONDON,2023-04-05 08:15:00+00:00,2023-04-05 08:30:00+00:00,2023-04-05 11:30:00+00:00,131.842,131.303,53.90000000000157,7.099999999999795,0.1317254174396955,131.453,131.457,131.232,131.308,2023-04-05 08:23:27.604000+00:00,7.099999999999795,2023-04-05 08:30:00+00:00,2023-04-05 08:27:38.721000+00:00,251.117,0.658,6,True,2023-04-05 08:30:01.405000+00:00,131.308,131.315,7.099999999999795,15.999999999999659,4.033333333333333,11.699999999999022,17.375956543990444,2023-04-05 00:05:05.612000+00:00,1,29901.992,-1407.604,0.7000000000005002,2023-04-05 11:30:00.053000+00:00,131.564,131.57,24.899999999999523,248.99999999999523,46.50000000000034,-1.300000000000523,8092.437,7.542,5.799999999999272,8.600000000001273,13.800000000000523,37.299999999999045,40.20000000000152,,True,False,True,TP_ONLY,254.99999999999545,253.99999999999068,2023-04-05 05:00:00+00:00,2023-04-05 04:00:00+00:00,131.94863235726035,132.36018666048082,-41.15543032204698,Down,Down,Down,2023-04-04 17:00:00+00:00,12.0,2023-04-04 17:00:00+00:00,2023-04-04 21:00:00+00:00,2023-04-04 00:00:00+00:00,132.114831932749,132.73902521253066,-62.41932797816503,Down,Down,Down,2023-03-15 21:00:00+00:00,480.0,2023-03-15 21:00:00+00:00,251.117,7.099999999999795
RAW|2023-04-06|2023-04-06T10:15:00Z|-1,2023-04-06,2023H1,2023-04,-1,SHORT,LONDON,2023-04-06 10:15:00+00:00,2023-04-06 10:30:00+00:00,2023-04-06 13:30:00+00:00,131.492,130.774,71.79999999999893,8.100000000001728,0.11281337047356335,131.415,131.573,131.393,131.474,2023-04-06 10:23:29.647000+00:00,8.100000000001728,2023-04-06 10:30:00+00:00,2023-04-06 10:23:29.800000+00:00,0.153,2.291,3,True,2023-04-06 10:30:00.149000+00:00,131.474,131.479,6.399999999999295,10.599999999999454,2.25,8.00000000000125,11.535919182870433,2023-04-06 06:38:14.811000+00:00,1,13514.836,-8609.647,0.5000000000023874,2023-04-06 13:30:00.195000+00:00,131.692,131.696,-22.20000000000084,-222.0000000000084,48.99999999999807,-32.099999999999795,7205.171,9497.333,4.800000000000182,7.200000000000273,1.999999999998181,-0.6000000000000227,20.300000000000296,-22.20000000000084,True,False,True,TP_FIRST,-222.0000000000084,-222.99999999998477,2023-04-06 09:00:00+00:00,2023-04-06 08:00:00+00:00,131.3263849888967,131.8666968897692,-54.03119008724957,Down,Down,Down,2023-04-04 17:00:00+00:00,40.0,2023-04-04 17:00:00+00:00,2023-04-05 21:00:00+00:00,2023-04-05 00:00:00+00:00,131.8811656662493,132.6236631955282,-74.24975292788929,Down,Down,Down,2023-03-15 21:00:00+00:00,504.0,2023-03-15 21:00:00+00:00,0.153,8.100000000001728
RAW|2023-04-07|2023-04-07T11:00:00Z|1,2023-04-07,2023H1,2023-04,1,LONG,LONDON,2023-04-07 11:00:00+00:00,2023-04-07 11:15:00+00:00,2023-04-07 14:15:00+00:00,131.947,131.565,38.2000000000005,4.099999999999682,0.10732984293192743,131.529,131.599,131.524,131.598,2023-04-07 11:00:00.839000+00:00,4.099999999999682,2023-04-07 11:15:00+00:00,2023-04-07 11:02:37.354000+00:00,156.515,0.256,28,True,2023-04-07 11:15:00.258000+00:00,131.599,131.606,5.89999999999975,7.30000000000075,1.35,4.599999999999227,7.931276572761233,2023-04-07 01:48:44.235000+00:00,1,33076.604,-10800.839,0.7000000000005002,2023-04-07 14:15:04.302000+00:00,132.176,132.186,56.99999999999932,569.9999999999932,76.69999999999959,-4.200000000000159,5057.537,32.963,-2.400000000000091,-0.899999999998613,4.300000000000637,10.599999999999454,59.600000000000364,56.99999999999932,True,True,True,TP_ONLY,569.9999999999932,561.9999999999834,2023-04-07 09:00:00+00:00,2023-04-07 08:00:00+00:00,131.67931349566516,131.80493793767639,-12.562444201122958,Down,Down,Down,2023-04-04 17:00:00+00:00,64.0,2023-04-04 17:00:00+00:00,2023-04-06 21:00:00+00:00,2023-04-06 00:00:00+00:00,131.8465469044638,132.55457013988595,-70.80232354221607,Down,Down,Down,2023-03-15 21:00:00+00:00,528.0,2023-03-15 21:00:00+00:00,156.515,4.099999999999682
RAW|2023-04-10|2023-04-10T08:30:00Z|1,2023-04-10,2023H1,2023-04,1,LONG,LONDON,2023-04-10 08:30:00+00:00,2023-04-10 08:45:00+00:00,2023-04-10 11:45:00+00:00,132.797,132.082,71.50000000000034,6.299999999998818,0.08811188811187115,132.069,132.139,132.019,132.133,2023-04-10 08:30:00.054000+00:00,6.299999999998818,2023-04-10 08:45:00+00:00,2023-04-10 08:40:02.473000+00:00,602.419,16.609,19,True,2023-04-10 08:45:00.199000+00:00,132.132,132.14,-3.7999999999982492,7.800000000000296,3.2666666666666666,4.699999999999704,17.606485205867028,2023-04-10 00:00:01.036000+00:00,1,30599.018,-1800.054,0.7999999999981355,2023-04-10 11:45:00.090000+00:00,132.769,132.776,62.90000000000191,629.0000000000191,66.10000000000014,-10.799999999997567,10639.928,1981.092,-2.2999999999996135,-6.399999999999295,-4.099999999999682,2.7000000000015234,12.700000000000955,,True,True,True,TP_ONLY,627.0000000000095,629.0000000000191,2023-04-10 05:00:00+00:00,2023-04-10 04:00:00+00:00,132.29404763931421,131.99314038462444,30.090725468977553,Up,Up,Up,2023-04-07 17:00:00+00:00,60.0,2023-04-07 17:00:00+00:00,2023-04-07 21:00:00+00:00,2023-04-07 00:00:00+00:00,131.92953350318842,132.52116452869507,-59.16310255066435,Down,Down,Down,2023-03-15 21:00:00+00:00,552.0,2023-03-15 21:00:00+00:00,602.419,6.299999999998818
RAW|2023-04-11|2023-04-11T07:15:00Z|1,2023-04-11,2023H1,2023-04,1,LONG,LONDON,2023-04-11 07:15:00+00:00,2023-04-11 07:30:00+00:00,2023-04-11 10:30:00+00:00,133.69,133.224,46.60000000000082,5.699999999998795,0.1223175965664956,133.389,133.401,133.167,133.228,2023-04-11 07:26:59.915000+00:00,5.699999999998795,2023-04-11 07:30:00+00:00,2023-04-11 07:27:07.578000+00:00,7.663,0.154,9,True,2023-04-11 07:30:00.143000+00:00,133.229,133.236,13.700000000000045,18.099999999998317,3.1166666666666667,7.799999999997453,10.850235893674864,2023-04-11 05:48:34.802000+00:00,1,5905.113,1980.085,0.699999999997658,2023-04-11 10:30:00.080000+00:00,133.186,133.189,-4.999999999998295,-49.99999999998295,4.000000000002046,-23.799999999999955,23.907,4490.142,-5.099999999998772,-17.300000000000182,-9.399999999999409,-13.899999999998158,-16.499999999999204,,False,False,True,SL_ONLY,-46.999999999997044,-64.99999999999773,2023-04-11 05:00:00+00:00,2023-04-11 04:00:00+00:00,133.23309094309587,132.50302745692437,73.00634861715025,Up,Up,Up,2023-04-07 17:00:00+00:00,84.0,2023-04-07 17:00:00+00:00,2023-04-10 21:00:00+00:00,2023-04-10 00:00:00+00:00,132.40023821656317,132.60563136639945,-20.539314983628287,Down,Down,Down,2023-03-15 21:00:00+00:00,624.0,2023-03-15 21:00:00+00:00,7.663,5.699999999998795
RAW|2023-04-11|2023-04-11T16:00:00Z|-1,2023-04-11,2023H1,2023-04,-1,SHORT,NEW_YORK,2023-04-11 16:00:00+00:00,2023-04-11 16:15:00+00:00,2023-04-11 19:15:00+00:00,133.69,133.224,46.60000000000082,2.000000000001023,0.04291845493564352,133.634,133.71,133.631,133.65,2023-04-11 16:05:24.768000+00:00,2.000000000001023,2023-04-11 16:15:00+00:00,2023-04-11 16:05:45.807000+00:00,21.039,216.888,1,True,2023-04-11 16:15:00.123000+00:00,133.65,133.656,9.599999999997522,9.599999999997522,2.216666666666667,5.599999999998317,10.850235893674864,2023-04-11 01:30:53.387000+00:00,1,52471.381,-29124.768,0.6000000000000227,2023-04-11 19:15:00.240000+00:00,133.752,133.757,-10.699999999999932,-106.99999999999932,3.2000000000010687,-16.100000000000136,4964.984,9238.713,-1.5999999999991132,-2.7999999999991587,-3.100000000000591,-10.599999999999454,-5.299999999999727,-10.699999999999932,False,False,True,NEITHER,-111.00000000001842,-108.00000000000409,2023-04-11 13:00:00+00:00,2023-04-11 12:00:00+00:00,133.16953619545708,132.59519603954078,57.43401559163033,Up,Up,Up,2023-04-07 17:00:00+00:00,92.0,2023-04-07 17:00:00+00:00,2023-04-10 21:00:00+00:00,2023-04-10 00:00:00+00:00,132.40023821656317,132.60563136639945,-20.539314983628287,Down,Down,Down,2023-03-15 21:00:00+00:00,624.0,2023-03-15 21:00:00+00:00,21.039,2.000000000001023
RAW|2023-04-12|2023-04-12T07:00:00Z|1,2023-04-12,2023H1,2023-04,1,LONG,LONDON,2023-04-12 07:00:00+00:00,2023-04-12 07:15:00+00:00,2023-04-12 10:15:00+00:00,134.043,133.557,48.60000000000184,0.39999999999906777,0.008230452674877625,133.65,133.69,133.553,133.641,2023-04-12 07:04:29.189000+00:00,0.39999999999906777,2023-04-12 07:15:00+00:00,2023-04-12 07:04:29.942000+00:00,0.753,630.058,0,False,2023-04-12 07:15:00.586000+00:00,133.641,133.649,15.599999999997749,15.999999999999659,3.7666666666666666,13.399999999998613,21.123972581818464,2023-04-12 00:50:04.152000+00:00,1,22465.037,3330.811,0.8000000000009777,2023-04-12 10:15:00.273000+00:00,133.685,133.688,3.6000000000001364,36.000000000001364,31.89999999999884,-3.100000000000591,4610.883,151.609,0.899999999998613,9.000000000000341,12.999999999999545,16.499999999999204,11.299999999999955,,True,False,False,TP_ONLY,39.00000000001569,36.000000000001364,2023-04-12 05:00:00+00:00,2023-04-12 04:00:00+00:00,133.57283553609358,132.91134883046692,66.14867056266576,Up,Up,Up,2023-04-07 17:00:00+00:00,108.0,2023-04-07 17:00:00+00:00,2023-04-11 21:00:00+00:00,2023-04-11 00:00:00+00:00,132.76502729754512,132.6913408570875,7.368644045760675,Up,Down,Transition,2023-04-11 21:00:00+00:00,0.0,2023-04-11 21:00:00+00:00,0.753,0.39999999999906777
RAW|2023-04-13|2023-04-13T08:15:00Z|1,2023-04-13,2023H1,2023-04,1,LONG,LONDON,2023-04-13 08:15:00+00:00,2023-04-13 08:30:00+00:00,2023-04-13 11:30:00+00:00,133.374,132.98,39.400000000000546,5.49999999999784,0.13959390862938487,132.936,133.0,132.925,132.987,2023-04-13 08:15:00.158000+00:00,5.49999999999784,2023-04-13 08:30:00+00:00,2023-04-13 08:20:55.484000+00:00,355.326,15.693,16,True,2023-04-13 08:30:00.050000+00:00,132.988,132.994,8.499999999997954,20.90000000000032,2.6666666666666665,10.699999999999932,6.919030127976299,2023-04-13 00:30:26.598000+00:00,1,27873.56,-900.158,0.6000000000000227,2023-04-13 11:30:00.053000+00:00,133.157,133.161,16.30000000000109,163.0000000000109,30.000000000001137,-3.700000000000614,8053.782,362.428,-2.7999999999991587,6.499999999999773,17.099999999999227,7.699999999999818,22.30000000000132,16.30000000000109,True,False,True,TP_ONLY,171.99999999999704,170.00000000001592,2023-04-13 05:00:00+00:00,2023-04-13 04:00:00+00:00,133.27019003350188,133.04497178441844,22.521824908344,Up,Up,Up,2023-04-07 17:00:00+00:00,132.0,2023-04-07 17:00:00+00:00,2023-04-12 21:00:00+00:00,2023-04-12 00:00:00+00:00,132.86701949824652,132.7257935885205,14.122590972601756,Up,Up,Up,2023-04-11 21:00:00+00:00,24.0,2023-04-11 21:00:00+00:00,355.326,5.49999999999784
RAW|2023-04-13|2023-04-13T12:00:00Z|-1,2023-04-13,2023H1,2023-04,-1,SHORT,LONDON_NY_OVERLAP,2023-04-13 12:00:00+00:00,2023-04-13 12:15:00+00:00,2023-04-13 15:15:00+00:00,133.374,132.98,39.400000000000546,1.5999999999991132,0.040609137055814495,133.336,133.39,133.239,133.284,2023-04-13 12:01:25.416000+00:00,1.5999999999991132,2023-04-13 12:15:00+00:00,2023-04-13 12:01:26.355000+00:00,0.939,2.824,6,True,2023-04-13 12:15:00.063000+00:00,133.284,133.29,13.399999999998613,14.799999999999613,2.466666666666667,5.89999999999975,6.919030127976299,2023-04-13 06:12:06.581000+00:00,1,20958.835,-14485.416,0.6000000000000227,2023-04-13 15:15:01.533000+00:00,132.418,132.423,86.099999999999,860.99999999999,125.89999999999861,-1.0000000000019327,5764.111,1.375,7.499999999998863,10.3999999999985,44.99999999999886,89.40000000000055,90.99999999999966,86.099999999999,True,True,False,TP_ONLY,856.9999999999993,855.9999999999945,2023-04-13 09:00:00+00:00,2023-04-13 08:00:00+00:00,133.2395643096442,133.05441404166496,18.515026797925316,Up,Up,Up,2023-04-07 17:00:00+00:00,136.0,2023-04-07 17:00:00+00:00,2023-04-12 21:00:00+00:00,2023-04-12 00:00:00+00:00,132.86701949824652,132.7257935885205,14.122590972601756,Up,Up,Up,2023-04-11 21:00:00+00:00,24.0,2023-04-11 21:00:00+00:00,0.939,1.5999999999991132
RAW|2023-04-14|2023-04-14T08:00:00Z|1,2023-04-14,2023H1,2023-04,1,LONG,LONDON,2023-04-14 08:00:00+00:00,2023-04-14 08:15:00+00:00,2023-04-14 11:15:00+00:00,132.639,132.265,37.400000000002365,9.699999999997999,0.25935828876998357,132.225,132.338,132.168,132.324,2023-04-14 08:00:00.040000+00:00,9.699999999997999,2023-04-14 08:15:00+00:00,2023-04-14 08:06:31.787000+00:00,391.747,7.8149999999999995,12,True,2023-04-14 08:15:00.704000+00:00,132.323,132.329,12.90000000000191,16.800000000000637,3.1166666666666667,4.100000000002524,26.571873127596405,2023-04-14 02:09:23.651000+00:00,1,21036.389,-0.040000000000000036,0.6000000000000227,2023-04-14 11:15:00.179000+00:00,132.704,132.709,37.5,375.0,41.499999999999204,-5.400000000000205,10591.063,673.94,0.2999999999985903,3.100000000000591,3.299999999998704,13.800000000000523,8.199999999999363,,True,True,False,TP_ONLY,376.0000000000048,384.00000000001455,2023-04-14 05:00:00+00:00,2023-04-14 04:00:00+00:00,132.64542372033307,132.86716300351202,-22.17392831789482,Down,Down,Down,2023-04-13 17:00:00+00:00,12.0,2023-04-13 17:00:00+00:00,2023-04-13 21:00:00+00:00,2023-04-13 00:00:00+00:00,132.7818710701761,132.71325010143886,6.862096873723544,Up,Up,Up,2023-04-11 21:00:00+00:00,48.0,2023-04-11 21:00:00+00:00,391.747,9.699999999997999
RAW|2023-04-14|2023-04-14T11:45:00Z|-1,2023-04-14,2023H1,2023-04,-1,SHORT,LONDON_NY_OVERLAP,2023-04-14 11:45:00+00:00,2023-04-14 12:00:00+00:00,2023-04-14 15:00:00+00:00,132.639,132.265,37.400000000002365,6.499999999999773,0.1737967914438332,132.695,132.704,132.605,132.608,2023-04-14 11:45:00.202000+00:00,6.499999999999773,2023-04-14 12:00:00+00:00,2023-04-14 11:49:54.481000+00:00,294.279,0.871,7,True,2023-04-14 12:00:00.188000+00:00,132.607,132.614,1.9000000000005457,9.600000000000364,1.9833333333333334,6.799999999998363,26.571873127596405,2023-04-14 00:44:56.639000+00:00,1,39603.563,-13500.202,0.7000000000005002,2023-04-14 15:00:00.346000+00:00,133.458,133.463,-85.59999999999945,-855.9999999999945,40.60000000000059,-87.00000000000045,1807.956,9151.16,5.500000000000682,2.2999999999996135,13.100000000000023,-41.39999999999873,-47.30000000000132,-85.59999999999945,True,True,True,TP_FIRST,-860.99999999999,-860.99999999999,2023-04-14 09:00:00+00:00,2023-04-14 08:00:00+00:00,132.6021598002379,132.83730996323106,-23.51501629931647,Down,Down,Down,2023-04-13 17:00:00+00:00,16.0,2023-04-13 17:00:00+00:00,2023-04-13 21:00:00+00:00,2023-04-13 00:00:00+00:00,132.7818710701761,132.71325010143886,6.862096873723544,Up,Up,Up,2023-04-11 21:00:00+00:00,48.0,2023-04-11 21:00:00+00:00,294.279,6.499999999999773
RAW|2023-04-18|2023-04-18T08:15:00Z|1,2023-04-18,2023H1,2023-04,1,LONG,LONDON,2023-04-18 08:15:00+00:00,2023-04-18 08:30:00+00:00,2023-04-18 11:30:00+00:00,134.703,134.245,45.79999999999984,7.800000000000296,0.17030567685590225,134.178,134.282,134.167,134.282,2023-04-18 08:15:00.686000+00:00,7.800000000000296,2023-04-18 08:30:00+00:00,2023-04-18 08:23:07.899000+00:00,487.213,30.585,5,True,2023-04-18 08:30:00.179000+00:00,134.283,134.288,4.699999999999704,10.200000000000387,2.3833333333333333,4.900000000000659,8.521660849372017,2023-04-18 06:54:32.672000+00:00,1,4828.014,-900.686,0.5000000000023874,2023-04-18 11:30:00.096000+00:00,133.938,133.941,-35.000000000002274,-350.00000000002274,-0.5000000000023874,-37.10000000000093,0.0,10571.494,-6.400000000002137,-5.200000000002092,-14.000000000001478,-13.500000000001933,-25.500000000002387,,False,False,True,SL_ONLY,-347.0000000000084,-343.00000000001774,2023-04-18 05:00:00+00:00,2023-04-18 04:00:00+00:00,134.26550807822457,133.60231861578202,66.31894624425456,Up,Up,Up,2023-04-14 17:00:00+00:00,84.0,2023-04-14 17:00:00+00:00,2023-04-17 21:00:00+00:00,2023-04-17 00:00:00+00:00,133.45536279090618,132.92826768585786,52.70951050483177,Up,Up,Up,2023-04-11 21:00:00+00:00,144.0,2023-04-11 21:00:00+00:00,487.213,7.800000000000296
RAW|2023-04-19|2023-04-19T07:45:00Z|-1,2023-04-19,2023H1,2023-04,-1,SHORT,LONDON,2023-04-19 07:45:00+00:00,2023-04-19 08:00:00+00:00,2023-04-19 11:00:00+00:00,134.736,133.951,78.49999999999966,4.600000000002069,0.05859872611467629,134.761,134.782,134.69,134.733,2023-04-19 07:45:00.197000+00:00,4.600000000002069,2023-04-19 08:00:00+00:00,2023-04-19 07:46:07.251000+00:00,67.054,11.236,42,True,2023-04-19 08:00:00.074000+00:00,134.733,134.737,19.700000000000273,24.899999999999523,4.833333333333333,12.800000000001432,14.069274899143998,2023-04-19 06:27:02.426000+00:00,1,4677.771,899.803,0.39999999999906777,2023-04-19 11:00:00.144000+00:00,134.825,134.832,-9.899999999998954,-98.99999999998954,0.39999999999906777,-40.799999999998704,63.424,6743.141,-3.100000000000591,-9.700000000000841,-9.799999999998477,-16.100000000000136,-6.19999999999834,-9.899999999998954,False,False,True,SL_ONLY,-92.99999999998931,-94.99999999999886,2023-04-19 05:00:00+00:00,2023-04-19 04:00:00+00:00,134.17020776821104,133.81409150521569,35.611626299535715,Up,Up,Up,2023-04-14 17:00:00+00:00,108.0,2023-04-14 17:00:00+00:00,2023-04-18 21:00:00+00:00,2023-04-18 00:00:00+00:00,133.63268770779013,133.02008627098925,61.26014368008725,Up,Up,Up,2023-04-11 21:00:00+00:00,168.0,2023-04-11 21:00:00+00:00,67.054,4.600000000002069
RAW|2023-04-21|2023-04-21T10:30:00Z|1,2023-04-21,2023H1,2023-04,1,LONG,LONDON,2023-04-21 10:30:00+00:00,2023-04-21 10:45:00+00:00,2023-04-21 13:45:00+00:00,134.249,133.697,55.19999999999925,1.6999999999995907,0.030797101449268366,133.811,133.817,133.68,133.708,2023-04-21 10:36:38.910000+00:00,1.6999999999995907,2023-04-21 10:45:00+00:00,2023-04-21 10:36:45.660000+00:00,6.75,0.498,3,True,2023-04-21 10:45:02.108000+00:00,133.708,133.714,8.499999999997954,12.399999999999523,2.4,12.399999999999523,9.70078269675595,2023-04-21 06:35:36.918000+00:00,1,14461.992,-9398.91,0.6000000000000227,2023-04-21 13:45:00.004000+00:00,133.624,133.64,-9.000000000000341,-90.00000000000341,20.50000000000125,-16.59999999999968,5802.915,10500.843,-1.099999999999568,6.999999999999318,11.7999999999995,9.100000000000819,1.9000000000005457,,False,False,True,TP_ONLY,-87.99999999999386,-87.99999999999386,2023-04-21 09:00:00+00:00,2023-04-21 08:00:00+00:00,134.0668244432501,134.14500006895742,-7.817562570730274,Down,Up,Transition,2023-04-21 09:00:00+00:00,0.0,2023-04-21 09:00:00+00:00,2023-04-20 21:00:00+00:00,2023-04-20 00:00:00+00:00,134.01577944275004,133.2387162197653,77.70632229847365,Up,Up,Up,2023-04-11 21:00:00+00:00,216.0,2023-04-11 21:00:00+00:00,6.75,1.6999999999995907
RAW|2023-04-21|2023-04-21T16:00:00Z|-1,2023-04-21,2023H1,2023-04,-1,SHORT,NEW_YORK,2023-04-21 16:00:00+00:00,2023-04-21 16:15:00+00:00,2023-04-21 19:15:00+00:00,134.249,133.697,55.19999999999925,3.900000000001569,0.07065217391307287,134.281,134.288,134.169,134.169,2023-04-21 16:00:00.172000+00:00,3.900000000001569,2023-04-21 16:15:00+00:00,2023-04-21 16:02:35.467000+00:00,155.295,0.154,5,True,2023-04-21 16:15:00.117000+00:00,134.17,134.175,-3.3999999999991815,7.200000000000273,1.35,3.8999999999987267,9.70078269675595,2023-04-21 00:54:11.973000+00:00,1,54348.199,-28800.172,0.5000000000023874,2023-04-21 19:15:00.246000+00:00,134.176,134.182,-1.2000000000000455,-12.000000000000455,9.799999999998477,-6.800000000001205,3320.616,211.651,-5.200000000002092,2.2999999999996135,3.099999999997749,7.299999999997908,7.099999999999795,-1.2000000000000455,False,False,False,NEITHER,-8.99999999998613,-7.999999999981355,2023-04-21 13:00:00+00:00,2023-04-21 12:00:00+00:00,133.94401745946436,134.10436006344082,-16.034260397645994,Down,Down,Down,2023-04-21 09:00:00+00:00,4.0,2023-04-21 09:00:00+00:00,2023-04-20 21:00:00+00:00,2023-04-20 00:00:00+00:00,134.01577944275004,133.2387162197653,77.70632229847365,Up,Up,Up,2023-04-11 21:00:00+00:00,216.0,2023-04-11 21:00:00+00:00,155.295,3.900000000001569
RAW|2023-04-24|2023-04-24T14:30:00Z|-1,2023-04-24,2023H1,2023-04,-1,SHORT,LONDON_NY_OVERLAP,2023-04-24 14:30:00+00:00,2023-04-24 14:45:00+00:00,2023-04-24 17:45:00+00:00,134.475,133.888,58.69999999999891,17.40000000000066,0.29642248722318537,134.637,134.649,134.341,134.38,2023-04-24 14:30:00.085000+00:00,17.40000000000066,2023-04-24 14:45:00+00:00,2023-04-24 14:38:15.217000+00:00,495.132,0.254,9,True,2023-04-24 14:45:00.170000+00:00,134.38,134.383,1.300000000000523,5.89999999999975,2.066666666666667,4.599999999999227,11.077983404413185,2023-04-24 05:43:38.440000+00:00,1,31581.645,-23400.085,0.30000000000143245,2023-04-24 17:45:00.317000+00:00,134.309,134.313,6.700000000000728,67.00000000000728,6.700000000000728,-8.29999999999984,10800.147,1010.121,1.3999999999981583,-5.700000000001637,-3.499999999999659,1.6999999999995907,-2.400000000000091,6.700000000000728,False,False,False,NEITHER,57.00000000001637,55.00000000000682,2023-04-24 13:00:00+00:00,2023-04-24 12:00:00+00:00,134.25620988537202,134.15801296982656,9.819691554545784,Up,Up,Up,2023-04-24 09:00:00+00:00,4.0,2023-04-24 09:00:00+00:00,2023-04-21 21:00:00+00:00,2023-04-21 00:00:00+00:00,134.03098531625002,133.30513892218409,72.58463940659396,Up,Up,Up,2023-04-11 21:00:00+00:00,240.0,2023-04-11 21:00:00+00:00,495.132,17.40000000000066
RAW|2023-04-25|2023-04-25T10:30:00Z|1,2023-04-25,2023H1,2023-04,1,LONG,LONDON,2023-04-25 10:30:00+00:00,2023-04-25 10:45:00+00:00,2023-04-25 13:45:00+00:00,134.479,134.003,47.60000000000275,6.999999999999318,0.14705882352938893,133.937,134.065,133.933,134.021,2023-04-25 10:30:00.205000+00:00,6.999999999999318,2023-04-25 10:45:00+00:00,2023-04-25 10:35:35.510000+00:00,335.305,2.05,1,True,2023-04-25 10:45:00.117000+00:00,134.022,134.027,-5.900000000002592,8.499999999997954,1.15,5.200000000002092,6.849015577913664,2023-04-25 00:02:22.501000+00:00,1,37657.704,-9000.205,0.49999999999954525,2023-04-25 13:45:00.189000+00:00,133.889,133.895,-13.79999999999768,-137.9999999999768,22.400000000001796,-23.699999999999477,4604.124,8449.119,1.700000000002433,7.00000000000216,2.200000000001978,9.100000000000819,-4.199999999997317,-13.79999999999768,True,False,True,TP_FIRST,-139.99999999998636,-140.99999999999113,2023-04-25 09:00:00+00:00,2023-04-25 08:00:00+00:00,134.2331574874628,134.19012679825946,4.3030689203334305,Up,Up,Up,2023-04-24 09:00:00+00:00,24.0,2023-04-24 09:00:00+00:00,2023-04-24 21:00:00+00:00,2023-04-24 00:00:00+00:00,134.0864180830357,133.37872780840937,70.76902746263443,Up,Up,Up,2023-04-11 21:00:00+00:00,312.0,2023-04-11 21:00:00+00:00,335.305,6.999999999999318
RAW|2023-04-26|2023-04-26T07:45:00Z|1,2023-04-26,2023H1,2023-04,1,LONG,LONDON,2023-04-26 07:45:00+00:00,2023-04-26 08:00:00+00:00,2023-04-26 11:00:00+00:00,133.789,133.438,35.09999999999991,4.800000000000182,0.1367521367521423,133.575,133.616,133.39,133.45,2023-04-26 07:57:47.719000+00:00,4.800000000000182,2023-04-26 08:00:00+00:00,2023-04-26 07:58:10.858000+00:00,23.139,0.051,4,True,2023-04-26 08:00:00.133000+00:00,133.449,133.455,16.19999999999777,17.900000000000205,4.366666666666666,7.999999999998408,7.435076792939977,2023-04-26 01:54:00.686000+00:00,1,21827.033,132.281,0.6000000000000227,2023-04-26 11:00:00.036000+00:00,133.413,133.418,-4.200000000000159,-42.00000000000159,23.299999999997567,-16.600000000002524,1512.379,8208.7,-0.30000000000143245,3.299999999998704,10.199999999997544,7.999999999998408,-2.200000000001978,,True,False,True,TP_ONLY,-49.99999999998295,-51.9999999999925,2023-04-26 05:00:00+00:00,2023-04-26 04:00:00+00:00,133.7978324000905,134.03562604207,-23.77936419794935,Down,Down,Down,2023-04-25 13:00:00+00:00,16.0,2023-04-25 13:00:00+00:00,2023-04-25 21:00:00+00:00,2023-04-25 00:00:00+00:00,133.98401291645408,133.40666958373663,57.73433327174473,Up,Up,Up,2023-04-11 21:00:00+00:00,336.0,2023-04-11 21:00:00+00:00,23.139,4.800000000000182
RAW|2023-04-26|2023-04-26T11:45:00Z|-1,2023-04-26,2023H1,2023-04,-1,SHORT,LONDON_NY_OVERLAP,2023-04-26 11:45:00+00:00,2023-04-26 12:00:00+00:00,2023-04-26 15:00:00+00:00,133.789,133.438,35.09999999999991,1.6000000000019554,0.04558404558410141,133.746,133.805,133.639,133.735,2023-04-26 11:45:58.770000+00:00,1.6000000000019554,2023-04-26 12:00:00+00:00,2023-04-26 11:45:59.639000+00:00,0.869,2.422,4,True,2023-04-26 12:00:00.038000+00:00,133.736,133.741,47.59999999999991,54.999999999998295,8.333333333333334,37.299999999999045,7.435076792939977,2023-04-26 06:37:15.803000+00:00,1,18522.967,-13558.77,0.5000000000023874,2023-04-26 15:00:00.102000+00:00,133.327,133.332,40.399999999999636,403.99999999999636,71.59999999999798,-21.000000000000796,8897.599,1824.254,-7.800000000000296,-2.000000000001023,4.099999999999682,11.299999999999955,56.29999999999882,40.399999999999636,True,True,True,SL_FIRST,441.0000000000025,436.00000000000705,2023-04-26 09:00:00+00:00,2023-04-26 08:00:00+00:00,133.72245171435037,133.9954959587044,-27.304424435402552,Down,Down,Down,2023-04-25 13:00:00+00:00,20.0,2023-04-25 13:00:00+00:00,2023-04-25 21:00:00+00:00,2023-04-25 00:00:00+00:00,133.98401291645408,133.40666958373663,57.73433327174473,Up,Up,Up,2023-04-11 21:00:00+00:00,336.0,2023-04-11 21:00:00+00:00,0.869,1.6000000000019554
RAW|2023-04-27|2023-04-27T08:15:00Z|-1,2023-04-27,2023H1,2023-04,-1,SHORT,LONDON,2023-04-27 08:15:00+00:00,2023-04-27 08:30:00+00:00,2023-04-27 11:30:00+00:00,133.849,133.391,45.79999999999984,9.700000000000841,0.21179039301311955,133.794,133.946,133.793,133.844,2023-04-27 08:19:53.377000+00:00,9.700000000000841,2023-04-27 08:30:00+00:00,2023-04-27 08:29:46.193000+00:00,592.816,13.807,0,False,2023-04-27 08:30:00.111000+00:00,133.843,133.848,3.100000000000591,9.100000000000819,2.433333333333333,6.000000000000227,6.972166643916609,2023-04-27 06:35:15.288000+00:00,1,6278.089,-1193.377,0.5000000000023874,2023-04-27 11:30:01.196000+00:00,133.485,133.49,35.29999999999802,352.9999999999802,42.900000000000205,-5.800000000002115,10094.299,1837.559,6.299999999998818,6.399999999999295,-3.4000000000020236,5.299999999999727,13.199999999997658,35.29999999999802,True,False,True,TP_ONLY,353.999999999985,353.999999999985,2023-04-27 05:00:00+00:00,2023-04-27 04:00:00+00:00,133.67716913234634,133.88384847435117,-20.667934200483273,Down,Down,Down,2023-04-25 13:00:00+00:00,40.0,2023-04-25 13:00:00+00:00,2023-04-26 21:00:00+00:00,2023-04-26 00:00:00+00:00,133.8877235117529,133.4258960170377,46.18274947152088,Up,Up,Up,2023-04-11 21:00:00+00:00,360.0,2023-04-11 21:00:00+00:00,592.816,9.700000000000841
RAW|2023-04-27|2023-04-27T12:30:00Z|1,2023-04-27,2023H1,2023-04,1,LONG,LONDON_NY_OVERLAP,2023-04-27 12:30:00+00:00,2023-04-27 12:45:00+00:00,2023-04-27 15:45:00+00:00,133.849,133.391,45.79999999999984,18.69999999999834,0.40829694323140625,133.365,134.028,133.204,133.986,2023-04-27 12:30:00.134000+00:00,18.69999999999834,2023-04-27 12:45:00+00:00,2023-04-27 12:30:00.185000+00:00,0.051,6.515,2,True,2023-04-27 12:45:00.031000+00:00,133.985,133.99,-3.300000000001546,13.599999999999568,5.333333333333333,9.499999999999886,6.972166643916609,2023-04-27 00:01:06.972000+00:00,1,44933.162,-16200.134,0.49999999999954525,2023-04-27 15:45:01.798000+00:00,133.978,133.983,-1.2000000000000455,-12.000000000000455,20.699999999999363,-15.700000000001069,3213.396,428.795,-14.799999999999613,-8.70000000000175,-1.099999999999568,17.499999999998295,10.599999999999454,-1.2000000000000455,True,True,False,TP_ONLY,-4.9999999999954525,1.0000000000047748,2023-04-27 09:00:00+00:00,2023-04-27 08:00:00+00:00,133.73254938024738,133.8828205964031,-15.02712161557156,Down,Down,Down,2023-04-25 13:00:00+00:00,44.0,2023-04-25 13:00:00+00:00,2023-04-26 21:00:00+00:00,2023-04-26 00:00:00+00:00,133.8877235117529,133.4258960170377,46.18274947152088,Up,Up,Up,2023-04-11 21:00:00+00:00,360.0,2023-04-11 21:00:00+00:00,0.051,18.69999999999834
RAW|2023-04-28|2023-04-28T07:15:00Z|-1,2023-04-28,2023H1,2023-04,-1,SHORT,LONDON,2023-04-28 07:15:00+00:00,2023-04-28 07:30:00+00:00,2023-04-28 10:30:00+00:00,135.759,133.335,242.39999999999782,9.700000000000841,0.040016501650168845,135.834,135.856,135.641,135.689,2023-04-28 07:15:00.255000+00:00,9.700000000000841,2023-04-28 07:30:00+00:00,2023-04-28 07:17:48.664000+00:00,168.409,29.691,28,True,2023-04-28 07:30:00.148000+00:00,135.688,135.694,22.59999999999991,24.300000000002342,4.516666666666667,11.700000000001864,72.60774842094058,2023-04-28 06:45:00.990000+00:00,1,1799.265,2699.745,0.6000000000000227,2023-04-28 10:30:00.328000+00:00,135.928,135.934,-24.600000000000932,-246.00000000000932,16.499999999999204,-49.900000000002365,3266.023,8968.801,-5.000000000001137,-5.300000000002569,-3.6000000000001364,3.7999999999982492,-22.90000000000134,-24.600000000000932,False,False,True,TP_FIRST,-246.99999999998568,-253.99999999999068,2023-04-28 05:00:00+00:00,2023-04-28 04:00:00+00:00,134.16510613513853,133.9788167217065,18.628941343203564,Up,Up,Up,2023-04-28 01:00:00+00:00,4.0,2023-04-28 01:00:00+00:00,2023-04-27 21:00:00+00:00,2023-04-27 00:00:00+00:00,133.91037393696635,133.4691843356747,44.11896012916543,Up,Up,Up,2023-04-11 21:00:00+00:00,384.0,2023-04-11 21:00:00+00:00,168.409,9.700000000000841
RAW|2023-05-02|2023-05-02T11:00:00Z|1,2023-05-02,2023H1,2023-05,1,LONG,LONDON,2023-05-02 11:00:00+00:00,2023-05-02 11:15:00+00:00,2023-05-02 14:15:00+00:00,137.772,137.29,48.19999999999993,1.099999999999568,0.022821576763476546,137.529,137.54,137.279,137.33,2023-05-02 11:11:14.757000+00:00,1.099999999999568,2023-05-02 11:15:00+00:00,2023-05-02 11:11:22.678000+00:00,7.921,0.42,9,True,2023-05-02 11:15:01.188000+00:00,137.33,137.336,23.099999999999454,27.69999999999868,2.9166666666666665,11.39999999999759,10.454315058907026,2023-05-02 00:27:28.926000+00:00,1,38625.831,-11474.757,0.6000000000000227,2023-05-02 14:15:00.030000+00:00,136.943,136.948,-39.30000000000007,-393.0000000000007,24.2999999999995,-42.40000000000066,5088.563,10642.15,-4.400000000001114,-1.700000000002433,1.2000000000000455,1.5999999999991132,21.4999999999975,,True,False,True,TP_FIRST,-391.9999999999959,-400.99999999998204,2023-05-02 09:00:00+00:00,2023-05-02 08:00:00+00:00,137.32817581869406,135.97831483637256,134.9860982321502,Up,Up,Up,2023-04-28 01:00:00+00:00,104.0,2023-04-28 01:00:00+00:00,2023-05-01 21:00:00+00:00,2023-05-01 00:00:00+00:00,135.40345609028896,133.99340242171507,141.00536685738803,Up,Up,Up,2023-04-11 21:00:00+00:00,480.0,2023-04-11 21:00:00+00:00,7.921,1.099999999999568
RAW|2023-05-03|2023-05-03T07:15:00Z|1,2023-05-03,2023H1,2023-05,1,LONG,LONDON,2023-05-03 07:15:00+00:00,2023-05-03 07:30:00+00:00,2023-05-03 10:30:00+00:00,136.572,135.853,71.89999999999941,11.600000000001387,0.16133518776079947,135.74,135.912,135.737,135.902,2023-05-03 07:15:00.136000+00:00,11.600000000001387,2023-05-03 07:30:00+00:00,2023-05-03 07:20:27.384000+00:00,327.248,2.702,32,True,2023-05-03 07:30:01.331000+00:00,135.902,135.908,13.100000000000023,18.299999999999272,3.066666666666667,5.89999999999975,10.658661113379505,2023-05-03 06:58:39.763000+00:00,1,980.373,2699.864,0.6000000000000227,2023-05-03 10:30:00.398000+00:00,135.658,135.663,-25.0,-250.0,8.800000000002228,-38.39999999999861,135.206,3287.178,3.6000000000001364,-11.499999999998067,-10.899999999998045,-30.699999999998795,-29.999999999998295,,False,False,True,SL_ONLY,-250.0,-268.0000000000007,2023-05-03 05:00:00+00:00,2023-05-03 04:00:00+00:00,136.58349767557678,136.17227904295763,41.12186326191534,Up,Up,Up,2023-04-28 01:00:00+00:00,124.0,2023-04-28 01:00:00+00:00,2023-05-02 21:00:00+00:00,2023-05-02 00:00:00+00:00,135.7184686359207,134.19441022797787,152.40584079428174,Up,Up,Up,2023-04-11 21:00:00+00:00,504.0,2023-04-11 21:00:00+00:00,327.248,11.600000000001387
RAW|2023-05-04|2023-05-04T08:00:00Z|-1,2023-05-04,2023H1,2023-05,-1,SHORT,LONDON,2023-05-04 08:00:00+00:00,2023-05-04 08:15:00+00:00,2023-05-04 11:15:00+00:00,134.626,134.147,47.90000000000134,9.799999999998477,0.20459290187887688,134.671,134.724,134.596,134.615,2023-05-04 08:00:00.077000+00:00,9.799999999998477,2023-05-04 08:15:00+00:00,2023-05-04 08:10:36.575000+00:00,636.498,226.346,8,True,2023-05-04 08:15:00.852000+00:00,134.616,134.621,-5.60000000000116,11.699999999999022,4.716666666666667,7.30000000000075,9.461633908512123,2023-05-04 01:37:17.828000+00:00,1,22962.249,-0.07699999999999996,0.49999999999954525,2023-05-04 11:15:00.177000+00:00,134.459,134.464,15.200000000001523,152.00000000001523,19.50000000000216,-13.899999999998158,6820.971,322.115,-12.999999999999545,-4.399999999998272,-6.799999999998363,-1.999999999998181,9.300000000001774,,False,False,True,TP_ONLY,152.00000000001523,161.00000000000136,2023-05-04 05:00:00+00:00,2023-05-04 04:00:00+00:00,135.0457532931082,135.70037619416394,-65.46229010557454,Down,Down,Down,2023-05-03 13:00:00+00:00,16.0,2023-05-03 13:00:00+00:00,2023-05-03 21:00:00+00:00,2023-05-03 00:00:00+00:00,135.41804902565764,134.23221740973966,118.58316159179765,Up,Up,Up,2023-04-11 21:00:00+00:00,528.0,2023-04-11 21:00:00+00:00,636.498,9.799999999998477
RAW|2023-05-04|2023-05-04T14:00:00Z|1,2023-05-04,2023H1,2023-05,1,LONG,LONDON_NY_OVERLAP,2023-05-04 14:00:00+00:00,2023-05-04 14:15:00+00:00,2023-05-04 17:15:00+00:00,134.626,134.147,47.90000000000134,3.6000000000001364,0.07515657620041828,134.284,134.336,134.111,134.326,2023-05-04 14:04:09.001000+00:00,3.6000000000001364,2023-05-04 14:15:00+00:00,2023-05-04 14:04:44.611000+00:00,35.61,0.052,1,True,2023-05-04 14:15:00.019000+00:00,134.327,134.333,12.000000000000455,29.400000000001114,5.716666666666667,19.10000000000025,9.461633908512123,2023-05-04 06:41:03.010000+00:00,1,26585.991,-21849.001,0.6000000000000227,2023-05-04 17:15:00.075000+00:00,133.867,133.87,-46.60000000000082,-466.0000000000082,2.199999999999136,-83.5000000000008,28.982,7057.58,-16.70000000000016,-44.10000000000025,-47.29999999999848,-24.00000000000091,-82.69999999999982,-46.60000000000082,False,False,True,SL_ONLY,-466.0000000000082,-477.00000000000387,2023-05-04 13:00:00+00:00,2023-05-04 12:00:00+00:00,134.89122106791234,135.54920481074035,-65.79837428280086,Down,Down,Down,2023-05-03 13:00:00+00:00,24.0,2023-05-03 13:00:00+00:00,2023-05-03 21:00:00+00:00,2023-05-03 00:00:00+00:00,135.41804902565764,134.23221740973966,118.58316159179765,Up,Up,Up,2023-04-11 21:00:00+00:00,528.0,2023-04-11 21:00:00+00:00,35.61,3.6000000000001364
RAW|2023-05-05|2023-05-05T10:30:00Z|-1,2023-05-05,2023H1,2023-05,-1,SHORT,LONDON,2023-05-05 10:30:00+00:00,2023-05-05 10:45:00+00:00,2023-05-05 13:45:00+00:00,134.258,133.882,37.60000000000048,3.499999999999659,0.09308510638296848,134.202,134.293,134.202,134.254,2023-05-05 10:34:36.381000+00:00,3.499999999999659,2023-05-05 10:45:00+00:00,2023-05-05 10:35:58.573000+00:00,82.192,111.69,13,True,2023-05-05 10:45:03.090000+00:00,134.253,134.259,11.600000000001387,11.899999999999977,1.2833333333333334,7.30000000000075,7.587130083968595,2023-05-05 00:09:42.412000+00:00,1,37493.969,-9276.381,0.6000000000000227,2023-05-05 13:45:00.083000+00:00,135.04,135.046,-79.30000000000064,-793.0000000000064,7.899999999997931,-87.5,567.476,7273.689,3.7999999999982492,3.1999999999982265,1.6999999999995907,-0.20000000000095497,-83.80000000000223,,False,False,True,SL_ONLY,-792.0000000000016,-789.999999999992,2023-05-05 09:00:00+00:00,2023-05-05 08:00:00+00:00,134.22979376671782,135.04175967776516,-81.19659110473378,Down,Down,Down,2023-05-03 13:00:00+00:00,44.0,2023-05-03 13:00:00+00:00,2023-05-04 21:00:00+00:00,2023-05-04 00:00:00+00:00,135.08917787546974,134.2350000169605,85.41778585092459,Up,Up,Up,2023-04-11 21:00:00+00:00,552.0,2023-04-11 21:00:00+00:00,82.192,3.499999999999659
RAW|2023-05-08|2023-05-08T11:45:00Z|-1,2023-05-08,2023H1,2023-05,-1,SHORT,LONDON_NY_OVERLAP,2023-05-08 11:45:00+00:00,2023-05-08 12:00:00+00:00,2023-05-08 15:00:00+00:00,135.192,134.64,55.20000000000209,1.5999999999991132,0.02898550724635965,135.071,135.208,135.07,135.186,2023-05-08 11:47:32.013000+00:00,1.5999999999991132,2023-05-08 12:00:00+00:00,2023-05-08 11:47:32.116000+00:00,0.103,0.102,27,True,2023-05-08 12:00:00.290000+00:00,135.183,135.19,14.900000000000091,18.600000000000705,4.166666666666667,16.70000000000016,8.621242799525065,2023-05-08 00:00:00.164000+00:00,1,42451.849,-13652.013,0.7000000000005002,2023-05-08 15:00:00.093000+00:00,134.863,134.868,31.499999999999773,314.9999999999977,39.49999999999818,-4.800000000000182,10363.498,848.143,0.10000000000047748,-1.8000000000000682,7.599999999999341,12.899999999999068,24.399999999999977,,True,False,True,TP_ONLY,318.00000000001205,318.00000000001205,2023-05-08 09:00:00+00:00,2023-05-08 08:00:00+00:00,134.76996144127844,134.96179884889014,-19.183740761170043,Down,Down,Down,2023-05-03 13:00:00+00:00,116.0,2023-05-03 13:00:00+00:00,2023-05-05 21:00:00+00:00,2023-05-05 00:00:00+00:00,135.00141276819267,134.27876001560367,72.26527525889992,Up,Up,Up,2023-04-11 21:00:00+00:00,576.0,2023-04-11 21:00:00+00:00,0.103,1.5999999999991132
RAW|2023-05-09|2023-05-09T13:15:00Z|-1,2023-05-09,2023H1,2023-05,-1,SHORT,LONDON_NY_OVERLAP,2023-05-09 13:15:00+00:00,2023-05-09 13:30:00+00:00,2023-05-09 16:30:00+00:00,135.324,134.721,60.300000000000864,3.299999999998704,0.0547263681591817,135.245,135.357,135.191,135.211,2023-05-09 13:17:01.369000+00:00,3.299999999998704,2023-05-09 13:30:00+00:00,2023-05-09 13:17:18.192000+00:00,16.823,0.103,2,True,2023-05-09 13:30:00.077000+00:00,135.212,135.215,16.399999999998727,16.59999999999968,3.3333333333333335,9.299999999998931,9.320957030594323,2023-05-09 00:14:53.561000+00:00,1,46927.808,-19021.369,0.30000000000143245,2023-05-09 16:30:00.296000+00:00,135.137,135.142,6.999999999999318,69.99999999999318,25.199999999998113,-3.100000000000591,4984.288,364.028,-1.4000000000010004,0.49999999999954525,14.699999999999136,12.299999999999045,9.899999999998954,6.999999999999318,True,False,False,TP_ONLY,69.00000000001683,69.00000000001683,2023-05-09 13:00:00+00:00,2023-05-09 12:00:00+00:00,135.05667728291039,135.00294155053348,5.373573237690721,Up,Up,Up,2023-05-09 01:00:00+00:00,12.0,2023-05-09 01:00:00+00:00,2023-05-08 21:00:00+00:00,2023-05-08 00:00:00+00:00,135.02786626299476,134.3439792143554,68.38870486393773,Up,Up,Up,2023-04-11 21:00:00+00:00,648.0,2023-04-11 21:00:00+00:00,16.823,3.299999999998704
RAW|2023-05-11|2023-05-11T11:00:00Z|-1,2023-05-11,2023H1,2023-05,-1,SHORT,LONDON,2023-05-11 11:00:00+00:00,2023-05-11 11:15:00+00:00,2023-05-11 14:15:00+00:00,134.341,133.892,44.90000000000123,24.799999999999045,0.5523385300667788,134.537,134.589,134.237,134.248,2023-05-11 11:00:00.065000+00:00,24.799999999999045,2023-05-11 11:15:00+00:00,2023-05-11 11:09:39.397000+00:00,579.332,22.162,6,True,2023-05-11 11:15:00.184000+00:00,134.248,134.252,-6.700000000000728,11.000000000001364,2.566666666666667,3.499999999999659,6.859166052882389,2023-05-11 06:59:39.980000+00:00,1,14420.085,-10800.065,0.40000000000190994,2023-05-11 14:15:00.124000+00:00,134.378,134.382,-13.400000000001455,-134.00000000001455,49.89999999999952,-39.00000000000148,6232.18,3794.919,3.7999999999982492,2.5999999999982037,10.999999999998522,15.899999999999181,38.10000000000002,,True,True,True,TP_FIRST,-141.9999999999959,-146.99999999999136,2023-05-11 09:00:00+00:00,2023-05-11 08:00:00+00:00,134.52728421427645,134.80102121953988,-27.37370052634276,Down,Down,Down,2023-05-10 13:00:00+00:00,20.0,2023-05-10 13:00:00+00:00,2023-05-10 21:00:00+00:00,2023-05-10 00:00:00+00:00,134.8677276852014,134.4070512070304,46.067647817099555,Up,Up,Up,2023-04-11 21:00:00+00:00,696.0,2023-04-11 21:00:00+00:00,579.332,24.799999999999045
RAW|2023-05-12|2023-05-12T07:00:00Z|-1,2023-05-12,2023H1,2023-05,-1,SHORT,LONDON,2023-05-12 07:00:00+00:00,2023-05-12 07:15:00+00:00,2023-05-12 10:15:00+00:00,134.851,134.401,44.99999999999886,2.600000000001046,0.05777777777780248,134.794,134.877,134.768,134.819,2023-05-12 07:00:42.942000+00:00,2.600000000001046,2023-05-12 07:15:00+00:00,2023-05-12 07:00:43.300000+00:00,0.358,0.255,56,True,2023-05-12 07:15:00.114000+00:00,134.821,134.826,13.49999999999909,16.200000000000614,5.833333333333333,8.600000000001273,7.051346950905994,2023-05-12 06:58:57.061000+00:00,1,105.881,3557.058,0.49999999999954525,2023-05-12 10:15:00.019000+00:00,134.731,134.736,8.500000000000796,85.00000000000796,16.499999999999204,-8.899999999999864,9990.327,2508.931,-2.5000000000005684,-1.500000000001478,-5.100000000001614,9.799999999998477,8.199999999999363,,False,False,True,TP_ONLY,87.00000000001751,116.00000000001387,2023-05-12 05:00:00+00:00,2023-05-12 04:00:00+00:00,134.47327382457394,134.6631060468979,-18.983222232395747,Down,Down,Down,2023-05-10 13:00:00+00:00,40.0,2023-05-10 13:00:00+00:00,2023-05-11 21:00:00+00:00,2023-05-11 00:00:00+00:00,134.76723406085813,134.41576711046798,35.14669503901473,Up,Up,Up,2023-04-11 21:00:00+00:00,720.0,2023-04-11 21:00:00+00:00,0.358,2.600000000001046
RAW|2023-05-15|2023-05-15T09:45:00Z|-1,2023-05-15,2023H1,2023-05,-1,SHORT,LONDON,2023-05-15 09:45:00+00:00,2023-05-15 10:00:00+00:00,2023-05-15 13:00:00+00:00,136.263,135.726,53.700000000000614,5.099999999998772,0.09497206703908219,136.312,136.314,136.157,136.178,2023-05-15 09:45:02.633000+00:00,5.099999999998772,2023-05-15 10:00:00+00:00,2023-05-15 09:48:46.747000+00:00,224.114,14.611,4,True,2023-05-15 10:00:00.177000+00:00,136.18,136.184,8.00000000000125,9.499999999999886,2.716666666666667,6.500000000002615,11.292939325102719,2023-05-15 06:03:20.906000+00:00,1,13301.727,-6302.633,0.39999999999906777,2023-05-15 13:00:00.092000+00:00,135.891,135.897,28.300000000001546,283.00000000001546,46.399999999999864,-14.19999999999959,9887.144,1116.724,-4.300000000000637,-8.400000000000318,-1.099999999999568,5.299999999999727,4.300000000000637,,True,True,True,TP_ONLY,286.00000000000136,286.00000000000136,2023-05-15 09:00:00+00:00,2023-05-15 08:00:00+00:00,135.7181233931256,135.10333460603104,61.47887870945681,Up,Up,Up,2023-05-12 17:00:00+00:00,64.0,2023-05-12 17:00:00+00:00,2023-05-12 21:00:00+00:00,2023-05-12 00:00:00+00:00,135.0125957577558,134.51258574163055,50.0010016125259,Up,Up,Up,2023-04-11 21:00:00+00:00,744.0,2023-04-11 21:00:00+00:00,224.114,5.099999999998772
RAW|2023-05-16|2023-05-16T07:00:00Z|1,2023-05-16,2023H1,2023-05,1,LONG,LONDON,2023-05-16 07:00:00+00:00,2023-05-16 07:15:00+00:00,2023-05-16 10:15:00+00:00,136.102,135.802,30.000000000001137,5.699999999998795,0.18999999999995262,135.837,135.837,135.745,135.803,2023-05-16 07:03:41.272000+00:00,5.699999999998795,2023-05-16 07:15:00+00:00,2023-05-16 07:04:05.361000+00:00,24.089,0.255,17,True,2023-05-16 07:15:00.018000+00:00,135.803,135.809,5.19999999999925,10.999999999998522,3.5166666666666666,3.7999999999982492,4.479925825702351,2023-05-16 06:59:05.735000+00:00,1,275.537,3378.728,0.6000000000000227,2023-05-16 10:15:00.158000+00:00,135.79,135.795,-1.9000000000005457,-19.000000000005457,8.500000000000796,-12.399999999999523,1023.504,8819.034,-0.10000000000047748,2.1000000000015007,6.399999999999295,-1.9000000000005457,-0.6000000000000227,-1.9000000000005457,False,False,True,NEITHER,8.99999999998613,18.000000000000682,2023-05-16 05:00:00+00:00,2023-05-16 04:00:00+00:00,135.93965512009981,135.40693226293104,53.27228571687783,Up,Up,Up,2023-05-12 17:00:00+00:00,84.0,2023-05-12 17:00:00+00:00,2023-05-15 21:00:00+00:00,2023-05-15 00:00:00+00:00,135.3232826841113,134.6395788823001,68.37038018111912,Up,Up,Up,2023-04-11 21:00:00+00:00,816.0,2023-04-11 21:00:00+00:00,24.089,5.699999999998795
RAW|2023-05-16|2023-05-16T12:45:00Z|-1,2023-05-16,2023H1,2023-05,-1,SHORT,LONDON_NY_OVERLAP,2023-05-16 12:45:00+00:00,2023-05-16 13:00:00+00:00,2023-05-16 16:00:00+00:00,136.102,135.802,30.000000000001137,7.900000000000773,0.26333333333334913,135.982,136.181,135.973,136.101,2023-05-16 12:49:24.979000+00:00,7.900000000000773,2023-05-16 13:00:00+00:00,2023-05-16 12:49:28.016000+00:00,3.037,2.534,25,True,2023-05-16 13:00:00.115000+00:00,136.1,136.105,-3.0000000000001137,22.59999999999991,2.65,13.299999999998136,4.479925825702351,2023-05-16 00:17:18.193000+00:00,1,45126.786,-17364.979,0.49999999999954525,2023-05-16 16:00:00.063000+00:00,136.616,136.621,-52.1000000000015,-521.000000000015,3.100000000000591,-58.70000000000175,880.164,9995.596,-2.000000000001023,2.199999999999136,-11.100000000001842,-18.200000000001637,-38.30000000000098,,False,False,True,SL_ONLY,-522.9999999999961,-531.0000000000059,2023-05-16 13:00:00+00:00,2023-05-16 12:00:00+00:00,135.9664362857652,135.49469946734484,47.173681842036785,Up,Up,Up,2023-05-12 17:00:00+00:00,92.0,2023-05-12 17:00:00+00:00,2023-05-15 21:00:00+00:00,2023-05-15 00:00:00+00:00,135.3232826841113,134.6395788823001,68.37038018111912,Up,Up,Up,2023-04-11 21:00:00+00:00,816.0,2023-04-11 21:00:00+00:00,3.037,7.900000000000773
RAW|2023-05-17|2023-05-17T07:15:00Z|-1,2023-05-17,2023H1,2023-05,-1,SHORT,LONDON,2023-05-17 07:15:00+00:00,2023-05-17 07:30:00+00:00,2023-05-17 10:30:00+00:00,136.867,136.303,56.399999999999295,1.6000000000019554,0.028368794326276158,136.8,136.883,136.758,136.773,2023-05-17 07:15:50.291000+00:00,1.6000000000019554,2023-05-17 07:30:00+00:00,2023-05-17 07:16:05.076000+00:00,14.785,0.306,8,True,2023-05-17 07:30:00.352000+00:00,136.773,136.776,8.70000000000175,10.699999999999932,4.05,9.300000000001774,9.91080954776452,2023-05-17 06:12:41.532000+00:00,1,3788.759,2649.709,0.30000000000143245,2023-05-17 10:30:00.343000+00:00,136.938,136.943,-17.00000000000159,-170.00000000001592,0.39999999999906777,-40.60000000000059,1.091,6133.56,-8.799999999999386,-17.600000000001614,-21.700000000001296,-17.600000000001614,-19.400000000001683,,False,False,True,SL_ONLY,-175.00000000001137,-169.00000000001114,2023-05-17 05:00:00+00:00,2023-05-17 04:00:00+00:00,136.35680244839787,135.7764804752416,58.03219731562592,Up,Up,Up,2023-05-12 17:00:00+00:00,108.0,2023-05-12 17:00:00+00:00,2023-05-16 21:00:00+00:00,2023-05-16 00:00:00+00:00,135.61748763150808,134.77665257171608,84.08350597919991,Up,Up,Up,2023-04-11 21:00:00+00:00,840.0,2023-04-11 21:00:00+00:00,14.785,1.6000000000019554
RAW|2023-05-18|2023-05-18T10:00:00Z|-1,2023-05-18,2023H1,2023-05,-1,SHORT,LONDON,2023-05-18 10:00:00+00:00,2023-05-18 10:15:00+00:00,2023-05-18 13:15:00+00:00,137.743,137.285,45.79999999999984,5.89999999999975,0.12882096069868496,137.78,137.802,137.694,137.709,2023-05-18 10:00:00.176000+00:00,5.89999999999975,2023-05-18 10:15:00+00:00,2023-05-18 10:11:10.809000+00:00,670.633,0.156,4,True,2023-05-18 10:15:00.037000+00:00,137.709,137.714,0.9999999999990905,9.300000000001774,2.4,4.400000000001114,12.623607109981755,2023-05-18 05:10:01.403000+00:00,1,17398.773,-7200.176,0.49999999999954525,2023-05-18 13:15:00.449000+00:00,138.246,138.252,-54.30000000000064,-543.0000000000064,0.8000000000009777,-68.79999999999882,218.888,9463.736,-0.2999999999985903,-3.299999999998704,-6.399999999999295,-12.299999999999045,-12.999999999999545,-54.30000000000064,False,False,True,SL_ONLY,-540.0000000000205,-534.9999999999966,2023-05-18 09:00:00+00:00,2023-05-18 08:00:00+00:00,137.45966810631757,136.53142087411132,92.8247232206246,Up,Up,Up,2023-05-12 17:00:00+00:00,136.0,2023-05-12 17:00:00+00:00,2023-05-17 21:00:00+00:00,2023-05-17 00:00:00+00:00,136.20449116536292,135.0082803659788,119.62107993841187,Up,Up,Up,2023-04-11 21:00:00+00:00,864.0,2023-04-11 21:00:00+00:00,670.633,5.89999999999975
RAW|2023-05-19|2023-05-19T07:00:00Z|1,2023-05-19,2023H1,2023-05,1,LONG,LONDON,2023-05-19 07:00:00+00:00,2023-05-19 07:15:00+00:00,2023-05-19 10:15:00+00:00,138.663,138.034,62.90000000000191,1.300000000000523,0.020667726550087178,138.201,138.214,138.021,138.069,2023-05-19 07:09:22.654000+00:00,1.300000000000523,2023-05-19 07:15:00+00:00,2023-05-19 07:09:31.491000+00:00,8.837,328.509,0,False,2023-05-19 07:15:04.197000+00:00,138.071,138.076,13.100000000000023,18.200000000001637,3.4,7.00000000000216,9.823306293067823,2023-05-19 06:25:56.484000+00:00,1,2606.17,3037.346,0.49999999999954525,2023-05-19 10:15:00.005000+00:00,138.141,138.147,6.499999999999773,64.99999999999773,15.700000000001069,-11.099999999999,7263.81,1404.499,4.500000000001592,2.899999999999636,-0.7999999999981355,11.100000000001842,12.000000000000455,,False,False,True,TP_ONLY,64.99999999999773,60.99999999997863,2023-05-19 05:00:00+00:00,2023-05-19 04:00:00+00:00,138.29737828477673,137.1990128784528,109.83654063239214,Up,Up,Up,2023-05-12 17:00:00+00:00,156.0,2023-05-12 17:00:00+00:00,2023-05-18 21:00:00+00:00,2023-05-18 00:00:00+00:00,136.91720797525923,135.3035379367005,161.36700385587233,Up,Up,Up,2023-04-11 21:00:00+00:00,888.0,2023-04-11 21:00:00+00:00,8.837,1.300000000000523
RAW|2023-05-23|2023-05-23T07:30:00Z|1,2023-05-23,2023H1,2023-05,1,LONG,LONDON,2023-05-23 07:30:00+00:00,2023-05-23 07:45:00+00:00,2023-05-23 10:45:00+00:00,138.875,138.35,52.50000000000057,2.6999999999986812,0.051428571428545754,138.473,138.536,138.323,138.522,2023-05-23 07:34:05.526000+00:00,2.6999999999986812,2023-05-23 07:45:00+00:00,2023-05-23 07:34:06.139000+00:00,0.613,30.934,5,True,2023-05-23 07:45:00.236000+00:00,138.522,138.526,10.300000000000864,17.00000000000159,4.583333333333333,16.100000000000136,19.46542585047711,2023-05-23 04:54:06.489000+00:00,1,9599.037,1554.474,0.40000000000190994,2023-05-23 10:45:01.131000+00:00,138.523,138.531,-0.30000000000143245,-3.0000000000143245,6.499999999999773,-28.600000000000136,9173.384,2681.747,-9.100000000000819,-16.800000000000637,-19.200000000000728,-18.999999999999773,-11.800000000002342,-0.30000000000143245,False,False,True,SL_ONLY,-3.9999999999906777,-7.000000000005002,2023-05-23 05:00:00+00:00,2023-05-23 04:00:00+00:00,138.38202206980017,137.852998601536,52.9023468264171,Up,Up,Up,2023-05-12 17:00:00+00:00,252.0,2023-05-12 17:00:00+00:00,2023-05-22 21:00:00+00:00,2023-05-22 00:00:00+00:00,137.58375917105064,135.75333370962332,183.04254614273248,Up,Up,Up,2023-04-11 21:00:00+00:00,984.0,2023-04-11 21:00:00+00:00,0.613,2.6999999999986812
RAW|2023-05-23|2023-05-23T12:45:00Z|-1,2023-05-23,2023H1,2023-05,-1,SHORT,LONDON_NY_OVERLAP,2023-05-23 12:45:00+00:00,2023-05-23 13:00:00+00:00,2023-05-23 16:00:00+00:00,138.875,138.35,52.50000000000057,3.3999999999991815,0.06476190476188846,138.791,138.909,138.772,138.858,2023-05-23 12:58:37.036000+00:00,3.3999999999991815,2023-05-23 13:00:00+00:00,2023-05-23 12:58:56.871000+00:00,19.835,63.129,0,False,2023-05-23 13:00:00.121000+00:00,138.859,138.862,11.299999999999955,12.399999999999523,3.8333333333333335,9.000000000000341,19.46542585047711,2023-05-23 02:12:16.966000+00:00,1,38780.07,-17917.036,0.2999999999985903,2023-05-23 16:00:00.113000+00:00,138.741,138.745,11.400000000000432,114.00000000000432,56.60000000000025,-0.39999999999906777,4636.511,9.592,7.30000000000075,21.90000000000225,34.30000000000177,35.300000000000864,32.099999999999795,,True,True,False,TP_ONLY,110.99999999999,110.99999999999,2023-05-23 13:00:00+00:00,2023-05-23 12:00:00+00:00,138.50699085193887,137.96835881634007,53.86320355987948,Up,Up,Up,2023-05-12 17:00:00+00:00,260.0,2023-05-12 17:00:00+00:00,2023-05-22 21:00:00+00:00,2023-05-22 00:00:00+00:00,137.58375917105064,135.75333370962332,183.04254614273248,Up,Up,Up,2023-04-11 21:00:00+00:00,984.0,2023-04-11 21:00:00+00:00,19.835,3.3999999999991815
RAW|2023-05-24|2023-05-24T07:00:00Z|-1,2023-05-24,2023H1,2023-05,-1,SHORT,LONDON,2023-05-24 07:00:00+00:00,2023-05-24 07:15:00+00:00,2023-05-24 10:15:00+00:00,138.694,138.231,46.299999999999386,3.8000000000010914,0.08207343412529464,138.691,138.732,138.613,138.632,2023-05-24 07:00:00.182000+00:00,3.8000000000010914,2023-05-24 07:15:00+00:00,2023-05-24 07:00:00.588000+00:00,0.406,0.152,9,True,2023-05-24 07:15:00.071000+00:00,138.632,138.637,9.299999999998931,11.199999999999477,2.6666666666666665,5.299999999999727,39.667325646896025,2023-05-24 06:59:59.724000+00:00,1,0.458,3599.818,0.49999999999954525,2023-05-24 10:15:00.677000+00:00,138.514,138.52,11.199999999999477,111.99999999999477,18.500000000000227,-7.699999999999818,8012.154,379.012,-4.699999999999704,-1.3999999999981583,17.00000000000159,6.700000000000728,9.900000000001796,11.199999999999477,True,False,True,TP_ONLY,117.999999999995,116.99999999999022,2023-05-24 05:00:00+00:00,2023-05-24 04:00:00+00:00,138.50792306641475,138.12783738245997,38.00856839547748,Up,Up,Up,2023-05-12 17:00:00+00:00,276.0,2023-05-12 17:00:00+00:00,2023-05-23 21:00:00+00:00,2023-05-23 00:00:00+00:00,137.86668512217904,135.97898701285345,188.76981093255836,Up,Up,Up,2023-04-11 21:00:00+00:00,1008.0,2023-04-11 21:00:00+00:00,0.406,3.8000000000010914
RAW|2023-05-25|2023-05-25T13:00:00Z|-1,2023-05-25,2023H1,2023-05,-1,SHORT,LONDON_NY_OVERLAP,2023-05-25 13:00:00+00:00,2023-05-25 13:15:00+00:00,2023-05-25 16:15:00+00:00,139.702,139.261,44.10000000000025,13.100000000000023,0.2970521541950102,139.725,139.833,139.581,139.649,2023-05-25 13:00:00.062000+00:00,13.100000000000023,2023-05-25 13:15:00+00:00,2023-05-25 13:05:55.481000+00:00,355.419,3.741,9,True,2023-05-25 13:15:00.227000+00:00,139.65,139.655,3.700000000000614,10.999999999998522,5.266666666666667,6.800000000001205,12.343184375189336,2023-05-25 03:36:04.621000+00:00,1,33835.441,-18000.062,0.49999999999954525,2023-05-25 16:15:00.110000+00:00,139.935,139.941,-29.09999999999968,-290.9999999999968,24.00000000000091,-30.299999999999727,556.14,10655.906,11.7999999999995,12.20000000000141,-3.0000000000001137,8.00000000000125,-14.19999999999959,,True,False,True,TP_FIRST,-289.99999999999204,-275.0000000000057,2023-05-25 13:00:00+00:00,2023-05-25 12:00:00+00:00,139.42375648176207,138.71723428935636,70.65221924057141,Up,Up,Up,2023-05-12 17:00:00+00:00,308.0,2023-05-12 17:00:00+00:00,2023-05-24 21:00:00+00:00,2023-05-24 00:00:00+00:00,138.3179179444136,136.25634805182517,206.15698925884374,Up,Up,Up,2023-04-11 21:00:00+00:00,1032.0,2023-04-11 21:00:00+00:00,355.419,13.100000000000023
RAW|2023-05-26|2023-05-26T07:30:00Z|1,2023-05-26,2023H1,2023-05,1,LONG,LONDON,2023-05-26 07:30:00+00:00,2023-05-26 07:45:00+00:00,2023-05-26 10:45:00+00:00,140.103,139.604,49.89999999999952,1.700000000002433,0.03406813627259417,139.708,139.721,139.587,139.611,2023-05-26 07:40:42+00:00,1.700000000002433,2023-05-26 07:45:00+00:00,2023-05-26 07:40:45.397000+00:00,3.3970000000000002,7.829,9,True,2023-05-26 07:45:00.683000+00:00,139.612,139.617,12.700000000000955,12.700000000000955,1.9833333333333334,11.7999999999995,7.792157092385395,2023-05-26 06:44:34.454000+00:00,1,3367.546,1158.0,0.49999999999954525,2023-05-26 10:45:00.005000+00:00,139.712,139.72,9.499999999999886,94.99999999999886,18.10000000000116,-12.5,5202.911,483.23,-5.89999999999975,-8.799999999999386,1.500000000001478,7.800000000000296,7.800000000000296,,False,False,True,TP_ONLY,89.99999999997499,88.99999999999864,2023-05-26 05:00:00+00:00,2023-05-26 04:00:00+00:00,139.74613319496098,139.0490542867655,69.70789081954649,Up,Up,Up,2023-05-12 17:00:00+00:00,324.0,2023-05-12 17:00:00+00:00,2023-05-25 21:00:00+00:00,2023-05-25 00:00:00+00:00,138.81194138886687,136.55960020767915,225.23411811877168,Up,Up,Up,2023-04-11 21:00:00+00:00,1056.0,2023-04-11 21:00:00+00:00,3.3970000000000002,1.700000000002433
RAW|2023-05-26|2023-05-26T12:45:00Z|-1,2023-05-26,2023H1,2023-05,-1,SHORT,LONDON_NY_OVERLAP,2023-05-26 12:45:00+00:00,2023-05-26 13:00:00+00:00,2023-05-26 16:00:00+00:00,140.103,139.604,49.89999999999952,18.899999999999295,0.3787575150300496,140.265,140.292,140.072,140.075,2023-05-26 12:45:00.101000+00:00,18.899999999999295,2023-05-26 13:00:00+00:00,2023-05-26 12:59:17.109000+00:00,857.008,42.891,0,False,2023-05-26 13:00:00.084000+00:00,140.074,140.079,55.79999999999927,67.30000000000018,6.0,8.799999999999386,7.792157092385395,2023-05-26 00:20:20.504000+00:00,1,44679.597,-17100.101,0.49999999999954525,2023-05-26 16:00:00.331000+00:00,140.535,140.541,-46.699999999998454,-466.99999999998454,4.900000000000659,-64.19999999999959,195.254,8023.171,-0.6000000000000227,-7.199999999997431,-8.699999999998909,-28.899999999998727,-42.199999999999704,-46.699999999998454,False,False,True,SL_ONLY,-466.99999999998454,-467.9999999999893,2023-05-26 13:00:00+00:00,2023-05-26 12:00:00+00:00,139.8294557117148,139.17859794831833,65.08577633964592,Up,Up,Up,2023-05-12 17:00:00+00:00,332.0,2023-05-12 17:00:00+00:00,2023-05-25 21:00:00+00:00,2023-05-25 00:00:00+00:00,138.81194138886687,136.55960020767915,225.23411811877168,Up,Up,Up,2023-04-11 21:00:00+00:00,1056.0,2023-04-11 21:00:00+00:00,857.008,18.899999999999295
RAW|2023-05-29|2023-05-29T09:30:00Z|1,2023-05-29,2023H1,2023-05,1,LONG,LONDON,2023-05-29 09:30:00+00:00,2023-05-29 09:45:00+00:00,2023-05-29 12:45:00+00:00,140.917,140.219,69.80000000000075,3.499999999999659,0.05014326647563928,140.246,140.27,140.184,140.27,2023-05-29 09:31:31.370000+00:00,3.499999999999659,2023-05-29 09:45:00+00:00,2023-05-29 09:35:59.972000+00:00,268.602,0.89,14,True,2023-05-29 09:45:01.356000+00:00,140.27,140.276,16.099999999997294,16.19999999999777,0.7166666666666667,5.299999999999727,11.161948239707845,2023-05-29 06:24:01.214000+00:00,1,11250.156,-5491.37,0.6000000000000227,2023-05-29 12:45:00.230000+00:00,140.201,140.205,-7.500000000001705,-75.00000000001705,3.6000000000001364,-10.300000000000864,27.939,7729.902,2.4999999999977263,-2.600000000001046,-3.6000000000001364,-2.7000000000015234,-6.400000000002137,,False,False,True,NEITHER,-75.00000000001705,-87.00000000001751,2023-05-29 09:00:00+00:00,2023-05-29 08:00:00+00:00,140.3558740464752,139.63475535999729,72.11186864779222,Up,Up,Up,2023-05-12 17:00:00+00:00,400.0,2023-05-12 17:00:00+00:00,2023-05-26 21:00:00+00:00,2023-05-26 00:00:00+00:00,139.31510099204777,136.88067219106483,243.44288009829427,Up,Up,Up,2023-04-11 21:00:00+00:00,1080.0,2023-04-11 21:00:00+00:00,268.602,3.499999999999659
RAW|2023-05-30|2023-05-30T11:15:00Z|1,2023-05-30,2023H1,2023-05,1,LONG,LONDON,2023-05-30 11:15:00+00:00,2023-05-30 11:30:00+00:00,2023-05-30 14:30:00+00:00,140.932,139.96,97.199999999998,18.000000000000682,0.18518518518519603,139.865,139.963,139.78,139.963,2023-05-30 11:15:00.006000+00:00,18.000000000000682,2023-05-30 11:30:00+00:00,2023-05-30 11:29:35.877000+00:00,875.871,0.102,2,True,2023-05-30 11:30:00.640000+00:00,139.964,139.97,26.099999999999568,29.50000000000159,3.9,17.40000000000066,20.362557335158126,2023-05-30 01:37:38.647000+00:00,1,34641.359,-11700.006,0.6000000000000227,2023-05-30 14:30:00.006000+00:00,139.766,139.771,-20.400000000000773,-204.00000000000773,14.000000000001478,-39.19999999999959,9110.651,2304.374,-11.199999999999477,-16.200000000000614,-31.800000000001205,-21.000000000000796,-11.50000000000091,,False,False,True,SL_FIRST,-195.0000000000216,-204.00000000000773,2023-05-30 09:00:00+00:00,2023-05-30 08:00:00+00:00,140.2703019148159,139.88622414061865,38.40777741972374,Up,Up,Up,2023-05-12 17:00:00+00:00,424.0,2023-05-12 17:00:00+00:00,2023-05-29 21:00:00+00:00,2023-05-29 00:00:00+00:00,139.6293578514627,137.16341841577966,246.59394356830262,Up,Up,Up,2023-04-11 21:00:00+00:00,1152.0,2023-04-11 21:00:00+00:00,875.871,18.000000000000682
RAW|2023-05-31|2023-05-31T09:15:00Z|-1,2023-05-31,2023H1,2023-05,-1,SHORT,LONDON,2023-05-31 09:15:00+00:00,2023-05-31 09:30:00+00:00,2023-05-31 12:30:00+00:00,139.92,139.312,60.79999999999757,4.000000000002046,0.06578947368424681,139.954,139.96,139.872,139.889,2023-05-31 09:15:00.359000+00:00,4.000000000002046,2023-05-31 09:30:00+00:00,2023-05-31 09:21:37.948000+00:00,397.589,98.341,3,True,2023-05-31 09:30:00.068000+00:00,139.889,139.893,-1.3999999999981583,8.699999999998909,1.6666666666666667,4.200000000000159,10.339321823058967,2023-05-31 00:18:12.729000+00:00,1,32207.63,-4500.359,0.39999999999906777,2023-05-31 12:30:00.025000+00:00,139.672,139.677,21.20000000000175,212.0000000000175,37.000000000000455,-17.69999999999925,10000.6,4929.833,2.200000000001978,3.4000000000020236,-0.1999999999981128,4.099999999999682,3.6000000000001364,,True,False,True,TP_ONLY,219.99999999999886,222.0000000000084,2023-05-31 09:00:00+00:00,2023-05-31 08:00:00+00:00,139.89490757608647,139.86257097655806,3.2336599528406396,Up,Up,Up,2023-05-12 17:00:00+00:00,448.0,2023-05-12 17:00:00+00:00,2023-05-30 21:00:00+00:00,2023-05-30 00:00:00+00:00,139.67296989390192,137.3729049425173,230.0064951384627,Up,Up,Up,2023-04-11 21:00:00+00:00,1176.0,2023-04-11 21:00:00+00:00,397.589,4.000000000002046
RAW|2023-05-31|2023-05-31T18:00:00Z|1,2023-05-31,2023H1,2023-05,1,LONG,NEW_YORK,2023-05-31 18:00:00+00:00,2023-05-31 18:15:00+00:00,2023-05-31 21:15:00+00:00,139.92,139.312,60.79999999999757,4.000000000002046,0.06578947368424681,139.411,139.423,139.272,139.344,2023-05-31 18:05:13.195000+00:00,4.000000000002046,2023-05-31 18:15:00+00:00,2023-05-31 18:05:13.247000+00:00,0.052,0.051,7,True,2023-05-31 18:15:00.101000+00:00,139.344,139.351,9.800000000001319,16.800000000000637,2.4166666666666665,10.80000000000041,10.339321823058967,2023-05-31 06:11:02.396000+00:00,1,42850.799,-36313.195,0.7000000000005002,2023-05-31 21:15:15.230000+00:00,139.298,139.343,-5.299999999999727,-52.99999999999727,4.699999999999704,-12.000000000000455,4312.997,1731.249,-6.499999999999773,-6.499999999999773,-10.3999999999985,-3.6000000000001364,-4.699999999999704,-5.299999999999727,False,False,True,NEITHER,-52.99999999999727,-46.999999999997044,2023-05-31 17:00:00+00:00,2023-05-31 16:00:00+00:00,139.82756508984005,139.84712007455875,-1.9554984718695323,Down,Up,Transition,2023-05-31 17:00:00+00:00,0.0,2023-05-31 17:00:00+00:00,2023-05-30 21:00:00+00:00,2023-05-30 00:00:00+00:00,139.67296989390192,137.3729049425173,230.0064951384627,Up,Up,Up,2023-04-11 21:00:00+00:00,1176.0,2023-04-11 21:00:00+00:00,0.052,4.000000000002046
RAW|2023-06-01|2023-06-01T09:45:00Z|-1,2023-06-01,2023H1,2023-06,-1,SHORT,LONDON,2023-06-01 09:45:00+00:00,2023-06-01 10:00:00+00:00,2023-06-01 13:00:00+00:00,139.771,139.077,69.39999999999884,9.500000000002728,0.13688760806920586,139.839,139.866,139.731,139.761,2023-06-01 09:45:00.737000+00:00,9.500000000002728,2023-06-01 10:00:00+00:00,2023-06-01 09:52:24.579000+00:00,443.842,2.868,21,True,2023-06-01 10:00:00.361000+00:00,139.76,139.766,-2.000000000001023,7.30000000000075,1.8333333333333333,5.700000000001637,11.117962678729276,2023-06-01 06:16:48.155000+00:00,1,12492.582,-6300.737,0.6000000000000227,2023-06-01 13:00:00.124000+00:00,139.111,139.113,64.69999999999914,646.9999999999914,64.69999999999914,-15.399999999999636,10799.763,8102.212,2.4999999999977263,-4.099999999999682,1.3999999999981583,21.79999999999893,36.69999999999902,,True,False,True,TP_ONLY,635.9999999999957,628.9999999999907,2023-06-01 09:00:00+00:00,2023-06-01 08:00:00+00:00,139.58700465687215,139.7336352327286,-14.663057585644879,Down,Down,Down,2023-05-31 17:00:00+00:00,16.0,2023-05-31 17:00:00+00:00,2023-05-31 21:00:00+00:00,2023-05-31 00:00:00+00:00,139.57383563850138,137.52915254711593,204.46830913854512,Up,Up,Up,2023-04-11 21:00:00+00:00,1200.0,2023-04-11 21:00:00+00:00,443.842,9.500000000002728
RAW|2023-06-01|2023-06-01T13:15:00Z|1,2023-06-01,2023H1,2023-06,1,LONG,LONDON_NY_OVERLAP,2023-06-01 13:15:00+00:00,2023-06-01 13:30:00+00:00,2023-06-01 16:30:00+00:00,139.771,139.077,69.39999999999884,2.0999999999986585,0.030259365994217486,139.094,139.175,139.056,139.118,2023-06-01 13:15:15.106000+00:00,2.0999999999986585,2023-06-01 13:30:00+00:00,2023-06-01 13:15:17.449000+00:00,2.343,34.088,4,True,2023-06-01 13:30:00.068000+00:00,139.118,139.124,5.000000000001137,14.099999999999113,2.7666666666666666,9.600000000000364,11.117962678729276,2023-06-01 00:02:16.412000+00:00,1,47578.694,-18915.106,0.6000000000000227,2023-06-01 16:30:00.138000+00:00,138.828,138.832,-29.599999999999227,-295.99999999999227,1.4000000000010004,-69.39999999999884,4.809,1811.912,-19.999999999998863,-16.59999999999968,-25.499999999999545,-25.899999999998613,-25.899999999998613,-29.599999999999227,False,False,True,SL_ONLY,-313.99999999999295,-312.9999999999882,2023-06-01 13:00:00+00:00,2023-06-01 12:00:00+00:00,139.4521461834801,139.6841444141103,-23.199823063021086,Down,Down,Down,2023-05-31 17:00:00+00:00,20.0,2023-05-31 17:00:00+00:00,2023-05-31 21:00:00+00:00,2023-05-31 00:00:00+00:00,139.57383563850138,137.52915254711593,204.46830913854512,Up,Up,Up,2023-04-11 21:00:00+00:00,1200.0,2023-04-11 21:00:00+00:00,2.343,2.0999999999986585
RAW|2023-06-02|2023-06-02T08:00:00Z|-1,2023-06-02,2023H1,2023-06,-1,SHORT,LONDON,2023-06-02 08:00:00+00:00,2023-06-02 08:15:00+00:00,2023-06-02 11:15:00+00:00,139.052,138.603,44.899999999998386,5.299999999999727,0.11804008908685786,139.005,139.105,138.994,139.021,2023-06-02 08:00:33.419000+00:00,5.299999999999727,2023-06-02 08:15:00+00:00,2023-06-02 08:00:39.790000+00:00,6.371,17.667,3,True,2023-06-02 08:15:00.149000+00:00,139.021,139.027,11.600000000001387,14.6000000000015,2.6166666666666667,12.300000000001887,20.280575564841655,2023-06-02 01:08:02.289000+00:00,1,24751.13,-33.419,0.6000000000000227,2023-06-02 11:15:00.377000+00:00,138.928,138.933,8.799999999999386,87.99999999999386,27.599999999998204,-3.700000000000614,6107.559,171.535,-0.20000000000095497,5.799999999999272,10.3999999999985,12.199999999998568,21.89999999999941,8.799999999999386,True,False,True,TP_ONLY,80.0000000000125,72.00000000000273,2023-06-02 05:00:00+00:00,2023-06-02 04:00:00+00:00,139.02823047258437,139.45135338237196,-42.31229097875939,Down,Down,Down,2023-05-31 17:00:00+00:00,36.0,2023-05-31 17:00:00+00:00,2023-06-01 21:00:00+00:00,2023-06-01 00:00:00+00:00,139.34759688464385,137.62938034334667,171.82165412971813,Up,Up,Up,2023-04-11 21:00:00+00:00,1224.0,2023-04-11 21:00:00+00:00,6.371,5.299999999999727
RAW|2023-06-05|2023-06-05T08:00:00Z|-1,2023-06-05,2023H1,2023-06,-1,SHORT,LONDON,2023-06-05 08:00:00+00:00,2023-06-05 08:15:00+00:00,2023-06-05 11:15:00+00:00,140.355,139.984,37.09999999999809,9.800000000001319,0.26415094339627554,140.409,140.453,140.232,140.269,2023-06-05 08:00:00.037000+00:00,9.800000000001319,2023-06-05 08:15:00+00:00,2023-06-05 08:10:50.043000+00:00,650.006,0.233,3,True,2023-06-05 08:15:00.172000+00:00,140.269,140.276,-1.4000000000010004,5.999999999997385,1.7666666666666666,4.600000000002069,31.114626273872805,2023-06-05 06:58:15.376000+00:00,1,3704.661,-0.03700000000000003,0.7000000000005002,2023-06-05 11:15:00.805000+00:00,140.282,140.284,-1.4999999999986358,-14.999999999986358,6.800000000001205,-12.299999999999045,373.059,8124.95,3.100000000000591,0.40000000000190994,1.8000000000000682,-2.5000000000005684,-5.599999999998317,-1.4999999999986358,False,False,True,NEITHER,-16.999999999995907,-6.000000000000227,2023-06-05 05:00:00+00:00,2023-06-05 04:00:00+00:00,139.77301091496003,139.5636401754628,20.937073949721707,Up,Up,Up,2023-06-05 01:00:00+00:00,4.0,2023-06-05 01:00:00+00:00,2023-06-02 21:00:00+00:00,2023-06-02 00:00:00+00:00,139.50856920331705,137.81190991587894,169.66592874381092,Up,Up,Up,2023-04-11 21:00:00+00:00,1248.0,2023-04-11 21:00:00+00:00,650.006,9.800000000001319
RAW|2023-06-05|2023-06-05T13:45:00Z|1,2023-06-05,2023H1,2023-06,1,LONG,LONDON_NY_OVERLAP,2023-06-05 13:45:00+00:00,2023-06-05 14:00:00+00:00,2023-06-05 17:00:00+00:00,140.355,139.984,37.09999999999809,4.500000000001592,0.1212938005391327,140.179,140.18,139.939,139.999,2023-06-05 13:55:52.967000+00:00,4.500000000001592,2023-06-05 14:00:00+00:00,2023-06-05 13:56:09.987000+00:00,17.02,17.042,13,True,2023-06-05 14:00:00.039000+00:00,139.993,140.011,18.499999999997385,22.8999999999985,2.783333333333333,8.699999999998909,31.114626273872805,2023-06-05 05:46:42.861000+00:00,1,29350.106,-21352.967,1.8000000000000682,2023-06-05 17:00:00.244000+00:00,139.711,139.716,-29.999999999998295,-299.99999999998295,-1.8000000000000682,-76.30000000000052,0.0,1699.928,-55.79999999999927,-68.69999999999834,-66.10000000000014,-34.79999999999848,-36.7999999999995,-29.999999999998295,False,False,True,SL_ONLY,-24.999999999977263,27.000000000015234,2023-06-05 13:00:00+00:00,2023-06-05 12:00:00+00:00,139.98508720151023,139.66322824451174,32.18589569984829,Up,Up,Up,2023-06-05 01:00:00+00:00,12.0,2023-06-05 01:00:00+00:00,2023-06-02 21:00:00+00:00,2023-06-02 00:00:00+00:00,139.50856920331705,137.81190991587894,169.66592874381092,Up,Up,Up,2023-04-11 21:00:00+00:00,1248.0,2023-04-11 21:00:00+00:00,17.02,4.500000000001592
RAW|2023-06-06|2023-06-06T07:45:00Z|1,2023-06-06,2023H1,2023-06,1,LONG,LONDON,2023-06-06 07:45:00+00:00,2023-06-06 08:00:00+00:00,2023-06-06 11:00:00+00:00,139.655,139.275,37.999999999999545,10.200000000000387,0.2684210526315923,139.183,139.337,139.173,139.302,2023-06-06 07:45:01.473000+00:00,10.200000000000387,2023-06-06 08:00:00+00:00,2023-06-06 07:54:26.252000+00:00,564.779,4.535,1,True,2023-06-06 08:00:00.170000+00:00,139.303,139.309,5.89999999999975,18.10000000000116,1.8333333333333333,8.899999999999864,7.03795045005061,2023-06-06 06:58:08.527000+00:00,1,2812.946,898.527,0.6000000000000227,2023-06-06 11:00:00.201000+00:00,139.442,139.447,13.300000000000978,133.00000000000978,15.200000000001523,-18.69999999999834,10612.037,74.906,-10.900000000000887,-12.199999999998568,-7.099999999999795,-9.999999999999432,2.600000000001046,13.300000000000978,False,False,True,TP_ONLY,169.00000000001114,199.00000000001228,2023-06-06 05:00:00+00:00,2023-06-06 04:00:00+00:00,139.65747334483294,139.6356644996414,2.180884519154347,Up,Up,Up,2023-06-05 01:00:00+00:00,28.0,2023-06-05 01:00:00+00:00,2023-06-05 21:00:00+00:00,2023-06-05 00:00:00+00:00,139.52697800236933,137.95279712260862,157.41808797607177,Up,Up,Up,2023-04-11 21:00:00+00:00,1320.0,2023-04-11 21:00:00+00:00,564.779,10.200000000000387
RAW|2023-06-06|2023-06-06T13:00:00Z|-1,2023-06-06,2023H1,2023-06,-1,SHORT,LONDON_NY_OVERLAP,2023-06-06 13:00:00+00:00,2023-06-06 13:15:00+00:00,2023-06-06 16:15:00+00:00,139.655,139.275,37.999999999999545,14.799999999999613,0.3894736842105208,139.777,139.803,139.629,139.644,2023-06-06 13:00:00.442000+00:00,14.799999999999613,2023-06-06 13:15:00+00:00,2023-06-06 13:14:07.367000+00:00,846.925,1.501,2,True,2023-06-06 13:15:00.007000+00:00,139.644,139.647,-4.900000000000659,15.399999999999636,2.216666666666667,5.89999999999975,7.03795045005061,2023-06-06 01:34:11.050000+00:00,1,41149.392,-18000.442,0.2999999999985903,2023-06-06 16:15:03.360000+00:00,139.654,139.659,-1.4999999999986358,-14.999999999986358,6.60000000000025,-35.3999999999985,10341.212,5435.834,-3.6000000000001364,-2.2999999999996135,-17.69999999999925,-26.99999999999818,-17.599999999998772,-1.4999999999986358,False,False,True,SL_ONLY,-22.999999999996135,-19.99999999998181,2023-06-06 13:00:00+00:00,2023-06-06 12:00:00+00:00,139.60001701266987,139.6155624324965,-1.554541982662272,Down,Down,Down,2023-06-06 09:00:00+00:00,4.0,2023-06-06 09:00:00+00:00,2023-06-05 21:00:00+00:00,2023-06-05 00:00:00+00:00,139.52697800236933,137.95279712260862,157.41808797607177,Up,Up,Up,2023-04-11 21:00:00+00:00,1320.0,2023-04-11 21:00:00+00:00,846.925,14.799999999999613
RAW|2023-06-07|2023-06-07T12:45:00Z|-1,2023-06-07,2023H1,2023-06,-1,SHORT,LONDON_NY_OVERLAP,2023-06-07 12:45:00+00:00,2023-06-07 13:00:00+00:00,2023-06-07 16:00:00+00:00,139.563,139.125,43.79999999999882,5.400000000000205,0.12328767123288471,139.612,139.617,139.538,139.553,2023-06-07 12:45:00.099000+00:00,5.400000000000205,2023-06-07 13:00:00+00:00,2023-06-07 12:48:08.997000+00:00,188.898,0.357,10,True,2023-06-07 13:00:00.094000+00:00,139.554,139.558,15.799999999998704,21.299999999999386,3.05,8.799999999999386,7.41399288655386,2023-06-07 00:06:23.605000+00:00,1,45516.494,-17100.099,0.39999999999906777,2023-06-07 16:00:00.022000+00:00,139.978,139.984,-43.00000000000068,-430.0000000000068,52.600000000001046,-49.89999999999952,3528.153,10285.792,-1.300000000000523,3.3999999999991815,11.50000000000091,51.59999999999911,-17.300000000000182,,True,True,True,TP_FIRST,-451.9999999999982,-444.0000000000168,2023-06-07 13:00:00+00:00,2023-06-07 12:00:00+00:00,139.46939878641524,139.5552914493015,-8.589266288626618,Down,Down,Down,2023-06-06 09:00:00+00:00,28.0,2023-06-06 09:00:00+00:00,2023-06-06 21:00:00+00:00,2023-06-06 00:00:00+00:00,139.55384143026382,138.08625335279993,146.7588077463887,Up,Up,Up,2023-04-11 21:00:00+00:00,1344.0,2023-04-11 21:00:00+00:00,188.898,5.400000000000205
RAW|2023-06-08|2023-06-08T08:30:00Z|1,2023-06-08,2023H1,2023-06,1,LONG,LONDON,2023-06-08 08:30:00+00:00,2023-06-08 08:45:00+00:00,2023-06-08 11:45:00+00:00,140.094,139.662,43.199999999998795,4.099999999999682,0.09490740740740268,139.712,139.732,139.621,139.663,2023-06-08 08:40:25.540000+00:00,4.099999999999682,2023-06-08 08:45:00+00:00,2023-06-08 08:40:32.216000+00:00,6.676,0.052,3,True,2023-06-08 08:45:00.241000+00:00,139.664,139.671,6.200000000001182,8.200000000002206,1.75,6.100000000000705,12.090415974212995,2023-06-08 05:03:43.438000+00:00,1,13002.102,-2425.54,0.7000000000005002,2023-06-08 11:45:00.269000+00:00,139.659,139.665,-1.2000000000000455,-12.000000000000455,17.500000000001137,-1.3999999999981583,8796.086,10796.758,1.500000000001478,6.200000000001182,12.300000000001887,10.500000000001819,6.000000000000227,-1.2000000000000455,False,False,True,TP_ONLY,-8.000000000009777,-7.000000000005002,2023-06-08 05:00:00+00:00,2023-06-08 04:00:00+00:00,139.79770022553498,139.67001166454784,12.768856098713854,Up,Up,Up,2023-06-07 17:00:00+00:00,12.0,2023-06-07 17:00:00+00:00,2023-06-07 21:00:00+00:00,2023-06-07 00:00:00+00:00,139.6973153073313,138.24383308457593,145.34822227553832,Up,Up,Up,2023-04-11 21:00:00+00:00,1368.0,2023-04-11 21:00:00+00:00,6.676,4.099999999999682
RAW|2023-06-09|2023-06-09T07:30:00Z|-1,2023-06-09,2023H1,2023-06,-1,SHORT,LONDON,2023-06-09 07:30:00+00:00,2023-06-09 07:45:00+00:00,2023-06-09 10:45:00+00:00,139.448,138.862,58.60000000000127,6.89999999999884,0.1177474402730152,139.482,139.517,139.429,139.439,2023-06-09 07:30:00.315000+00:00,6.89999999999884,2023-06-09 07:45:00+00:00,2023-06-09 07:32:26.152000+00:00,145.837,1.275,7,True,2023-06-09 07:45:00.253000+00:00,139.438,139.444,-5.000000000001137,15.000000000000568,2.6,10.300000000000864,8.431490562114341,2023-06-09 06:57:07.987000+00:00,1,1972.328,1799.685,0.6000000000000227,2023-06-09 10:45:00.375000+00:00,139.624,139.629,-19.10000000000025,-191.0000000000025,0.09999999999763531,-29.20000000000016,0.562,1515.539,-3.100000000000591,-12.700000000000955,-23.30000000000041,-14.300000000000068,-22.400000000001796,-19.10000000000025,False,False,True,SL_ONLY,-189.99999999999773,-185.00000000000227,2023-06-09 05:00:00+00:00,2023-06-09 04:00:00+00:00,139.2374977434911,139.48128959050433,-24.379184701322743,Down,Down,Down,2023-06-08 17:00:00+00:00,12.0,2023-06-08 17:00:00+00:00,2023-06-08 21:00:00+00:00,2023-06-08 00:00:00+00:00,139.47493950523665,138.29784643780985,117.70930674267959,Up,Up,Up,2023-04-11 21:00:00+00:00,1392.0,2023-04-11 21:00:00+00:00,145.837,6.89999999999884
RAW|2023-06-12|2023-06-12T11:15:00Z|1,2023-06-12,2023H1,2023-06,1,LONG,LONDON,2023-06-12 11:15:00+00:00,2023-06-12 11:30:00+00:00,2023-06-12 14:30:00+00:00,139.642,139.264,37.79999999999859,5.299999999999727,0.14021164021163823,139.212,139.374,139.211,139.336,2023-06-12 11:15:00.404000+00:00,5.299999999999727,2023-06-12 11:30:00+00:00,2023-06-12 11:17:39.508000+00:00,159.104,11.57,4,True,2023-06-12 11:30:00.098000+00:00,139.337,139.342,-2.0999999999986585,8.899999999999864,1.25,3.1999999999982265,14.3067156720035,2023-06-12 00:07:04.014000+00:00,1,40076.39,-11700.404,0.5000000000023874,2023-06-12 14:30:00.085000+00:00,139.698,139.703,35.599999999999454,355.99999999999454,40.099999999998204,-25.500000000002387,8843.25,5167.792,-2.7000000000015234,3.099999999997749,4.199999999997317,-10.500000000001819,-0.5000000000023874,,True,True,True,SL_FIRST,354.0000000000134,355.99999999999454,2023-06-12 09:00:00+00:00,2023-06-12 08:00:00+00:00,139.3361633517743,139.4351381446691,-9.89747928948077,Down,Down,Down,2023-06-08 17:00:00+00:00,88.0,2023-06-08 17:00:00+00:00,2023-06-09 21:00:00+00:00,2023-06-09 00:00:00+00:00,139.43667107516904,138.38129872278506,105.53723523839835,Up,Up,Up,2023-04-11 21:00:00+00:00,1416.0,2023-04-11 21:00:00+00:00,159.104,5.299999999999727
RAW|2023-06-12|2023-06-12T14:45:00Z|-1,2023-06-12,2023H1,2023-06,-1,SHORT,LONDON_NY_OVERLAP,2023-06-12 14:45:00+00:00,2023-06-12 15:00:00+00:00,2023-06-12 18:00:00+00:00,139.642,139.264,37.79999999999859,3.700000000000614,0.09788359788361778,139.658,139.679,139.584,139.618,2023-06-12 14:45:01.113000+00:00,3.700000000000614,2023-06-12 15:00:00+00:00,2023-06-12 14:45:05.733000+00:00,4.62,67.604,12,True,2023-06-12 15:00:00.016000+00:00,139.619,139.624,-4.500000000001592,8.799999999999386,2.6166666666666667,6.000000000000227,14.3067156720035,2023-06-12 02:45:35.631000+00:00,2,43165.482,-24301.113,0.49999999999954525,2023-06-12 18:00:00.260000+00:00,139.634,139.641,-2.199999999999136,-21.99999999999136,11.299999999999955,-15.299999999999159,1356.741,7336.23,-0.49999999999954525,9.399999999999409,8.799999999999386,-10.499999999998977,-10.300000000000864,-2.199999999999136,False,False,True,TP_ONLY,-6.000000000000227,-20.999999999986585,2023-06-12 13:00:00+00:00,2023-06-12 12:00:00+00:00,139.29783096555306,139.41648709309558,-11.865612754252197,Down,Down,Down,2023-06-08 17:00:00+00:00,92.0,2023-06-08 17:00:00+00:00,2023-06-09 21:00:00+00:00,2023-06-09 00:00:00+00:00,139.43667107516904,138.38129872278506,105.53723523839835,Up,Up,Up,2023-04-11 21:00:00+00:00,1416.0,2023-04-11 21:00:00+00:00,4.62,3.700000000000614
RAW|2023-06-13|2023-06-13T12:15:00Z|1,2023-06-13,2023H1,2023-06,1,LONG,LONDON_NY_OVERLAP,2023-06-13 12:15:00+00:00,2023-06-13 12:30:00+00:00,2023-06-13 15:30:00+00:00,139.665,139.324,34.099999999997976,12.400000000002365,0.3636363636364546,139.547,139.558,139.2,139.344,2023-06-13 12:29:45.802000+00:00,12.400000000002365,2023-06-13 12:30:00+00:00,2023-06-13 12:29:45.955000+00:00,0.153,0.206,6,True,2023-06-13 12:30:00.088000+00:00,139.309,139.389,25.200000000000955,25.399999999999068,6.55,21.000000000000796,13.020396924826693,2023-06-13 03:30:57.353000+00:00,1,32328.449,-16185.802,8.00000000000125,2023-06-13 15:30:00.093000+00:00,140.042,140.046,65.29999999999916,652.9999999999916,69.19999999999789,-37.90000000000191,10688.745,2167.608,-21.60000000000082,-18.600000000000705,-23.60000000000184,-10.600000000002296,37.19999999999857,65.29999999999916,True,True,True,TP_FIRST,139.00000000001,568.000000000012,2023-06-13 09:00:00+00:00,2023-06-13 08:00:00+00:00,139.51128397497195,139.47333811878264,3.7945856189310234,Up,Up,Up,2023-06-12 21:00:00+00:00,12.0,2023-06-12 21:00:00+00:00,2023-06-12 21:00:00+00:00,2023-06-12 00:00:00+00:00,139.48162219654932,138.47831482496227,100.33073715870557,Up,Up,Up,2023-04-11 21:00:00+00:00,1488.0,2023-04-11 21:00:00+00:00,0.153,12.400000000002365
RAW|2023-06-14|2023-06-14T07:00:00Z|-1,2023-06-14,2023H1,2023-06,-1,SHORT,LONDON,2023-06-14 07:00:00+00:00,2023-06-14 07:15:00+00:00,2023-06-14 10:15:00+00:00,140.188,139.936,25.199999999998113,1.300000000000523,0.051587301587326204,140.151,140.201,140.099,140.118,2023-06-14 07:08:29.472000+00:00,1.300000000000523,2023-06-14 07:15:00+00:00,2023-06-14 07:08:32.758000+00:00,3.286,0.204,23,True,2023-06-14 07:15:00.112000+00:00,140.119,140.124,6.299999999998818,9.499999999999886,2.6166666666666667,6.999999999999318,20.253467502135567,2023-06-14 00:03:22.323000+00:00,1,25507.149,3090.528,0.49999999999954525,2023-06-14 10:15:00.234000+00:00,139.967,139.971,14.799999999999613,147.99999999999613,26.300000000000523,-5.19999999999925,8354.314,360.245,-2.600000000001046,10.300000000000864,16.59999999999968,19.700000000000273,18.600000000000705,14.799999999999613,True,True,False,TP_ONLY,129.99999999999545,132.000000000005,2023-06-14 05:00:00+00:00,2023-06-14 04:00:00+00:00,139.90157436911926,139.6223913850327,27.918298408656028,Up,Up,Up,2023-06-13 17:00:00+00:00,12.0,2023-06-13 17:00:00+00:00,2023-06-13 21:00:00+00:00,2023-06-13 00:00:00+00:00,139.68887299753524,138.6166096389653,107.22633585699555,Up,Up,Up,2023-04-11 21:00:00+00:00,1512.0,2023-04-11 21:00:00+00:00,3.286,1.300000000000523
RAW|2023-06-14|2023-06-14T11:45:00Z|1,2023-06-14,2023H1,2023-06,1,LONG,LONDON_NY_OVERLAP,2023-06-14 11:45:00+00:00,2023-06-14 12:00:00+00:00,2023-06-14 15:00:00+00:00,140.188,139.936,25.199999999998113,2.200000000001978,0.08730158730167234,139.976,139.995,139.914,139.977,2023-06-14 11:49:20.146000+00:00,2.200000000001978,2023-06-14 12:00:00+00:00,2023-06-14 11:49:20.290000+00:00,0.144,0.102,10,True,2023-06-14 12:00:00.199000+00:00,139.976,139.982,5.000000000001137,7.999999999998408,1.5,6.000000000000227,20.253467502135567,2023-06-14 01:18:01.556000+00:00,1,37878.59,-13760.146,0.6000000000000227,2023-06-14 15:00:00.084000+00:00,139.407,139.409,-57.49999999999886,-574.9999999999886,-0.39999999999906777,-66.99999999999875,14.693,9807.701,-7.200000000000273,-9.000000000000341,-11.199999999999477,-28.899999999998727,-46.000000000000796,,False,False,True,SL_ONLY,-574.9999999999886,-573.9999999999839,2023-06-14 09:00:00+00:00,2023-06-14 08:00:00+00:00,139.92226740651375,139.6505200742301,27.174733228366676,Up,Up,Up,2023-06-13 17:00:00+00:00,16.0,2023-06-13 17:00:00+00:00,2023-06-13 21:00:00+00:00,2023-06-13 00:00:00+00:00,139.68887299753524,138.6166096389653,107.22633585699555,Up,Up,Up,2023-04-11 21:00:00+00:00,1512.0,2023-04-11 21:00:00+00:00,0.144,2.200000000001978
RAW|2023-06-15|2023-06-15T07:30:00Z|-1,2023-06-15,2023H1,2023-06,-1,SHORT,LONDON,2023-06-15 07:30:00+00:00,2023-06-15 07:45:00+00:00,2023-06-15 10:45:00+00:00,141.428,139.94,148.79999999999995,7.499999999998863,0.05040322580644399,141.447,141.503,141.345,141.39,2023-06-15 07:30:00.240000+00:00,7.499999999998863,2023-06-15 07:45:00+00:00,2023-06-15 07:31:02.113000+00:00,61.873,0.814,3,True,2023-06-15 07:45:00.329000+00:00,141.389,141.397,0.30000000000143245,10.900000000000887,1.45,7.1000000000026375,29.46378420858211,2023-06-15 05:05:06.333000+00:00,1,8693.907,1799.76,0.7999999999981355,2023-06-15 10:45:02.587000+00:00,141.149,141.152,23.70000000000232,237.0000000000232,53.400000000002024,-4.999999999998295,5992.931,37.619,3.100000000000591,9.800000000001319,13.2000000000005,19.300000000001205,39.50000000000102,23.70000000000232,False,False,True,TP_ONLY,248.00000000001887,249.00000000002365,2023-06-15 05:00:00+00:00,2023-06-15 04:00:00+00:00,140.33766654640064,139.84269686150458,49.496968489606274,Up,Up,Up,2023-06-13 17:00:00+00:00,36.0,2023-06-13 17:00:00+00:00,2023-06-14 21:00:00+00:00,2023-06-14 00:00:00+00:00,139.78890928395373,138.73040086784806,105.8508416105667,Up,Up,Up,2023-04-11 21:00:00+00:00,1536.0,2023-04-11 21:00:00+00:00,61.873,7.499999999998863
RAW|2023-06-16|2023-06-16T07:30:00Z|-1,2023-06-16,2023H1,2023-06,-1,SHORT,LONDON,2023-06-16 07:30:00+00:00,2023-06-16 07:45:00+00:00,2023-06-16 10:45:00+00:00,140.977,139.85,112.70000000000095,29.300000000000637,0.2599822537710771,141.245,141.27,140.832,140.933,2023-06-16 07:30:00.028000+00:00,29.300000000000637,2023-06-16 07:45:00+00:00,2023-06-16 07:43:22.451000+00:00,802.423,0.102,1,True,2023-06-16 07:45:00.092000+00:00,140.934,140.941,6.800000000001205,23.199999999999932,4.233333333333333,8.099999999998886,21.725277938122872,2023-06-16 06:59:57.629000+00:00,1,1802.399,1799.972,0.7000000000005002,2023-06-16 10:45:00.177000+00:00,140.847,140.851,8.29999999999984,82.99999999999841,13.900000000001,-40.800000000001546,9584.164,1554.957,-19.700000000000273,-21.100000000001273,-33.19999999999936,-16.70000000000016,-4.699999999999704,8.29999999999984,False,False,True,SL_FIRST,116.99999999999022,116.00000000001387,2023-06-16 05:00:00+00:00,2023-06-16 04:00:00+00:00,140.44442910511358,140.10998417802176,33.44449270918233,Up,Up,Up,2023-06-13 17:00:00+00:00,60.0,2023-06-13 17:00:00+00:00,2023-06-15 21:00:00+00:00,2023-06-15 00:00:00+00:00,139.9212209171098,138.8521287984202,106.90921186895821,Up,Up,Up,2023-04-11 21:00:00+00:00,1560.0,2023-04-11 21:00:00+00:00,802.423,29.300000000000637
RAW|2023-06-19|2023-06-19T09:00:00Z|-1,2023-06-19,2023H1,2023-06,-1,SHORT,LONDON,2023-06-19 09:00:00+00:00,2023-06-19 09:15:00+00:00,2023-06-19 12:15:00+00:00,141.97,141.441,52.899999999999636,0.9000000000014552,0.01701323251420532,141.867,141.979,141.86,141.869,2023-06-19 09:07:09.857000+00:00,0.9000000000014552,2023-06-19 09:15:00+00:00,2023-06-19 09:07:10.780000+00:00,0.923,0.255,1,True,2023-06-19 09:15:00.092000+00:00,141.869,141.875,20.000000000001705,21.999999999999886,2.2666666666666666,10.099999999999909,13.29775998660439,2023-06-19 00:58:38.107000+00:00,1,29311.75,-4029.857,0.6000000000000227,2023-06-19 12:15:00.190000+00:00,141.861,141.866,0.2999999999985903,2.999999999985903,6.200000000001182,-13.700000000000045,5246.594,4284.778,-4.900000000000659,-2.000000000001023,-9.100000000000819,-10.900000000000887,-2.199999999999136,0.2999999999985903,False,False,True,NEITHER,8.99999999998613,8.99999999998613,2023-06-19 09:00:00+00:00,2023-06-19 08:00:00+00:00,141.59669558461064,140.7885212139625,80.81743706481461,Up,Up,Up,2023-06-13 17:00:00+00:00,136.0,2023-06-13 17:00:00+00:00,2023-06-16 21:00:00+00:00,2023-06-16 00:00:00+00:00,140.45658636936415,139.0875584945466,136.9027874817533,Up,Up,Up,2023-04-11 21:00:00+00:00,1584.0,2023-04-11 21:00:00+00:00,0.923,0.9000000000014552
RAW|2023-06-20|2023-06-20T08:30:00Z|1,2023-06-20,2023H1,2023-06,1,LONG,LONDON,2023-06-20 08:30:00+00:00,2023-06-20 08:45:00+00:00,2023-06-20 11:45:00+00:00,142.252,141.579,67.30000000000018,4.900000000000659,0.07280832095097542,141.659,141.703,141.53,141.58,2023-06-20 08:38:07.704000+00:00,4.900000000000659,2023-06-20 08:45:00+00:00,2023-06-20 08:39:35.513000+00:00,87.809,3.327,21,True,2023-06-20 08:45:00.247000+00:00,141.58,141.585,14.000000000001478,14.000000000001478,2.25,11.400000000000432,53.03330451247155,2023-06-20 02:33:14.394000+00:00,1,21893.31,-2287.704,0.49999999999954525,2023-06-20 11:45:00.077000+00:00,141.403,141.408,-18.200000000001637,-182.00000000001637,7.699999999999818,-24.2999999999995,4476.512,10456.754,-2.2999999999996135,-4.400000000001114,-1.300000000000523,-0.49999999999954525,-13.800000000000523,,False,False,True,SL_ONLY,-176.00000000001614,-177.99999999999727,2023-06-20 05:00:00+00:00,2023-06-20 04:00:00+00:00,141.9396966562687,141.19927263926675,74.0424017001942,Up,Up,Up,2023-06-13 17:00:00+00:00,156.0,2023-06-13 17:00:00+00:00,2023-06-19 21:00:00+00:00,2023-06-19 00:00:00+00:00,140.88699026383154,139.3175938149829,156.93964488486358,Up,Up,Up,2023-04-11 21:00:00+00:00,1656.0,2023-04-11 21:00:00+00:00,87.809,4.900000000000659
RAW|2023-06-21|2023-06-21T07:00:00Z|-1,2023-06-21,2023H1,2023-06,-1,SHORT,LONDON,2023-06-21 07:00:00+00:00,2023-06-21 07:15:00+00:00,2023-06-21 10:15:00+00:00,142.042,141.332,71.0000000000008,6.399999999999295,0.09014084507041159,141.976,142.106,141.864,141.949,2023-06-21 07:04:53.092000+00:00,6.399999999999295,2023-06-21 07:15:00+00:00,2023-06-21 07:04:59.101000+00:00,6.009,36.708,5,True,2023-06-21 07:15:00.413000+00:00,141.949,141.953,3.8000000000010914,10.900000000000887,3.033333333333333,8.00000000000125,10.920721967391257,2023-06-21 06:30:05.342000+00:00,1,2087.75,3306.908,0.39999999999906777,2023-06-21 10:15:00.035000+00:00,141.926,141.931,1.8000000000000682,18.000000000000682,8.70000000000175,-22.49999999999943,9604.67,3766.362,0.10000000000047748,-5.49999999999784,-9.299999999998931,-17.99999999999784,-6.799999999998363,,False,False,True,SL_ONLY,24.999999999977263,18.999999999977035,2023-06-21 05:00:00+00:00,2023-06-21 04:00:00+00:00,141.64637805892272,141.3366598879119,30.971817101081456,Up,Up,Up,2023-06-13 17:00:00+00:00,180.0,2023-06-13 17:00:00+00:00,2023-06-20 21:00:00+00:00,2023-06-20 00:00:00+00:00,141.04499304559394,139.48738630978428,155.76067358096566,Up,Up,Up,2023-04-11 21:00:00+00:00,1680.0,2023-04-11 21:00:00+00:00,6.009,6.399999999999295
RAW|2023-06-22|2023-06-22T07:00:00Z|-1,2023-06-22,2023H1,2023-06,-1,SHORT,LONDON,2023-06-22 07:00:00+00:00,2023-06-22 07:15:00+00:00,2023-06-22 10:15:00+00:00,141.909,141.609,29.999999999998295,4.300000000000637,0.1433333333333627,141.887,141.952,141.855,141.891,2023-06-22 07:01:19.283000+00:00,4.300000000000637,2023-06-22 07:15:00+00:00,2023-06-22 07:01:20.485000+00:00,1.202,0.358,19,True,2023-06-22 07:15:00.781000+00:00,141.89,141.895,3.7999999999982492,6.89999999999884,2.5833333333333335,5.89999999999975,7.79529610179573,2023-06-22 06:41:02.728000+00:00,1,1216.555,3520.717,0.5000000000023874,2023-06-22 10:15:00.552000+00:00,141.94,141.945,-5.500000000000682,-55.00000000000682,18.999999999999773,-11.400000000000432,931.297,6145.38,1.2999999999976808,9.499999999999886,9.499999999999886,-1.500000000001478,1.4999999999986358,,True,False,True,TP_ONLY,-37.00000000000614,-43.99999999998272,2023-06-22 05:00:00+00:00,2023-06-22 04:00:00+00:00,141.82863515347063,141.55024589277465,27.83892606959739,Up,Up,Up,2023-06-13 17:00:00+00:00,204.0,2023-06-13 17:00:00+00:00,2023-06-21 21:00:00+00:00,2023-06-21 00:00:00+00:00,141.27928074685283,139.67759540500154,160.16853418512937,Up,Up,Up,2023-04-11 21:00:00+00:00,1704.0,2023-04-11 21:00:00+00:00,1.202,4.300000000000637
RAW|2023-06-23|2023-06-23T07:30:00Z|1,2023-06-23,2023H1,2023-06,1,LONG,LONDON,2023-06-23 07:30:00+00:00,2023-06-23 07:45:00+00:00,2023-06-23 10:45:00+00:00,143.449,142.808,64.10000000000196,3.8999999999987267,0.06084243369732617,143.006,143.029,142.769,142.849,2023-06-23 07:40:19.866000+00:00,3.8999999999987267,2023-06-23 07:45:00+00:00,2023-06-23 07:40:45.718000+00:00,25.852,57.102,4,True,2023-06-23 07:45:00.181000+00:00,142.851,142.857,23.900000000000432,24.799999999999045,5.35,10.200000000000387,12.430828735383342,2023-06-23 01:49:33.356000+00:00,1,21046.51,1180.134,0.6000000000000227,2023-06-23 10:45:00.492000+00:00,143.26,143.267,40.29999999999916,402.9999999999916,45.69999999999936,-4.200000000000159,9550.149,677.994,-0.20000000000095497,3.100000000000591,9.499999999999886,15.799999999998704,30.400000000000205,40.29999999999916,True,False,False,TP_ONLY,399.99999999997726,402.9999999999916,2023-06-23 05:00:00+00:00,2023-06-23 04:00:00+00:00,142.787734262705,142.0423007109345,74.54335517704749,Up,Up,Up,2023-06-13 17:00:00+00:00,228.0,2023-06-13 17:00:00+00:00,2023-06-22 21:00:00+00:00,2023-06-22 00:00:00+00:00,141.8012005334663,139.95186777260142,184.93327608648826,Up,Up,Up,2023-04-11 21:00:00+00:00,1728.0,2023-04-11 21:00:00+00:00,25.852,3.8999999999987267
RAW|2023-06-23|2023-06-23T14:00:00Z|-1,2023-06-23,2023H1,2023-06,-1,SHORT,LONDON_NY_OVERLAP,2023-06-23 14:00:00+00:00,2023-06-23 14:15:00+00:00,2023-06-23 17:15:00+00:00,143.449,142.808,64.10000000000196,0.9999999999990905,0.015600624024946334,143.277,143.459,143.277,143.446,2023-06-23 14:09:36.501000+00:00,0.9999999999990905,2023-06-23 14:15:00+00:00,2023-06-23 14:09:36.552000+00:00,0.051,0.308,4,True,2023-06-23 14:15:00.101000+00:00,143.454,143.457,21.79999999999893,27.899999999999636,3.4833333333333334,16.100000000000136,12.430828735383342,2023-06-23 06:58:56.881000+00:00,1,25839.62,-22176.501,0.2999999999985903,2023-06-23 17:15:00.616000+00:00,143.781,143.785,-33.099999999998886,-330.99999999998886,-0.2999999999985903,-42.199999999999704,0.0,9789.075,-13.100000000000023,-15.299999999999159,-21.399999999999864,-27.40000000000009,-37.79999999999859,-33.099999999998886,False,False,True,SL_ONLY,-325.9999999999934,-320.99999999999795,2023-06-23 13:00:00+00:00,2023-06-23 12:00:00+00:00,142.86590523607396,142.18311852173497,68.27867143389881,Up,Up,Up,2023-06-13 17:00:00+00:00,236.0,2023-06-13 17:00:00+00:00,2023-06-22 21:00:00+00:00,2023-06-22 00:00:00+00:00,141.8012005334663,139.95186777260142,184.93327608648826,Up,Up,Up,2023-04-11 21:00:00+00:00,1728.0,2023-04-11 21:00:00+00:00,0.051,0.9999999999990905
RAW|2023-06-26|2023-06-26T07:00:00Z|1,2023-06-26,2023H1,2023-06,1,LONG,LONDON,2023-06-26 07:00:00+00:00,2023-06-26 07:15:00+00:00,2023-06-26 10:15:00+00:00,143.659,143.231,42.79999999999973,4.599999999999227,0.10747663551400131,143.534,143.567,143.185,143.236,2023-06-26 07:10:29.139000+00:00,4.599999999999227,2023-06-26 07:15:00+00:00,2023-06-26 07:10:38.352000+00:00,9.213,8.328,7,True,2023-06-26 07:15:00.029000+00:00,143.233,143.239,26.099999999999568,34.200000000001296,4.5,26.800000000000068,48.61888355165204,2023-06-26 00:46:30.464000+00:00,1,23038.675,2970.861,0.6000000000000227,2023-06-26 10:15:01.153000+00:00,143.096,143.098,-14.300000000000068,-143.00000000000068,3.299999999998704,-30.400000000000205,55.499,1320.43,-1.500000000001478,-6.800000000001205,-17.69999999999925,-8.600000000001273,-9.800000000001319,-14.300000000000068,False,False,True,SL_ONLY,-149.0000000000009,-145.00000000001023,2023-06-26 05:00:00+00:00,2023-06-26 04:00:00+00:00,143.34927145878643,142.57567073341656,77.36007253698745,Up,Up,Up,2023-06-13 17:00:00+00:00,300.0,2023-06-13 17:00:00+00:00,2023-06-23 21:00:00+00:00,2023-06-23 00:00:00+00:00,142.32857180961878,140.2474783507933,208.1093458825478,Up,Up,Up,2023-04-11 21:00:00+00:00,1752.0,2023-04-11 21:00:00+00:00,9.213,4.599999999999227
RAW|2023-06-26|2023-06-26T14:30:00Z|-1,2023-06-26,2023H1,2023-06,-1,SHORT,LONDON_NY_OVERLAP,2023-06-26 14:30:00+00:00,2023-06-26 14:45:00+00:00,2023-06-26 17:45:00+00:00,143.659,143.231,42.79999999999973,0.7000000000005002,0.01635514018692768,143.557,143.666,143.504,143.65,2023-06-26 14:43:31.362000+00:00,0.7000000000005002,2023-06-26 14:45:00+00:00,2023-06-26 14:43:31.721000+00:00,0.359,37.667,4,True,2023-06-26 14:45:00.082000+00:00,143.651,143.655,12.79999999999859,16.100000000000136,3.466666666666667,12.5,48.61888355165204,2023-06-26 01:39:19.603000+00:00,1,47051.759,-24211.362,0.39999999999906777,2023-06-26 17:45:00.083000+00:00,143.508,143.512,13.900000000001,139.00000000001,27.899999999999636,-6.499999999999773,1328.41,425.747,-1.3999999999981583,8.200000000002206,18.39999999999975,16.59999999999968,8.600000000001273,13.900000000001,True,False,True,TP_ONLY,138.00000000000523,139.00000000001,2023-06-26 13:00:00+00:00,2023-06-26 12:00:00+00:00,143.23811809121756,142.66006050876376,57.80575824537948,Up,Up,Up,2023-06-13 17:00:00+00:00,308.0,2023-06-13 17:00:00+00:00,2023-06-23 21:00:00+00:00,2023-06-23 00:00:00+00:00,142.32857180961878,140.2474783507933,208.1093458825478,Up,Up,Up,2023-04-11 21:00:00+00:00,1752.0,2023-04-11 21:00:00+00:00,0.359,0.7000000000005002
RAW|2023-06-27|2023-06-27T11:30:00Z|-1,2023-06-27,2023H1,2023-06,-1,SHORT,LONDON,2023-06-27 11:30:00+00:00,2023-06-27 11:45:00+00:00,2023-06-27 14:45:00+00:00,143.657,143.281,37.60000000000048,4.699999999999704,0.12499999999999055,143.699,143.704,143.585,143.613,2023-06-27 11:30:00.240000+00:00,4.699999999999704,2023-06-27 11:45:00+00:00,2023-06-27 11:38:37.870000+00:00,517.63,0.488,1,True,2023-06-27 11:45:00.004000+00:00,143.612,143.618,-1.3999999999981583,6.799999999998363,1.3833333333333333,6.100000000000705,8.969907867595369,2023-06-27 06:04:30.794000+00:00,1,19529.446,-12600.24,0.6000000000000227,2023-06-27 14:45:00.253000+00:00,143.998,144.002,-39.00000000000148,-390.0000000000148,31.000000000000227,-39.09999999999911,6680.04,10798.142,6.299999999998818,5.599999999998317,21.09999999999843,12.899999999999068,19.200000000000728,-39.00000000000148,True,False,True,TP_FIRST,-387.00000000000045,-387.00000000000045,2023-06-27 09:00:00+00:00,2023-06-27 08:00:00+00:00,143.51385762093503,142.96626267352661,54.75949474084132,Up,Up,Up,2023-06-13 17:00:00+00:00,328.0,2023-06-13 17:00:00+00:00,2023-06-26 21:00:00+00:00,2023-06-26 00:00:00+00:00,142.6626941497277,140.50752008272983,215.5174066997887,Up,Up,Up,2023-04-11 21:00:00+00:00,1824.0,2023-04-11 21:00:00+00:00,517.63,4.699999999999704
RAW|2023-06-28|2023-06-28T07:00:00Z|-1,2023-06-28,2023H1,2023-06,-1,SHORT,LONDON,2023-06-28 07:00:00+00:00,2023-06-28 07:15:00+00:00,2023-06-28 10:15:00+00:00,144.048,143.728,31.999999999999318,1.8000000000000682,0.05625000000000333,143.987,144.066,143.945,143.993,2023-06-28 07:09:51.655000+00:00,1.8000000000000682,2023-06-28 07:15:00+00:00,2023-06-28 07:09:55.839000+00:00,4.184,1.819,1,True,2023-06-28 07:15:00.125000+00:00,143.994,144.002,10.199999999997544,11.199999999999477,1.9166666666666667,9.499999999999886,14.193918497336858,2023-06-28 02:38:09.643000+00:00,1,16302.012,3008.345,0.8000000000009777,2023-06-28 10:15:00.151000+00:00,144.024,144.03,-3.6000000000001364,-36.000000000001364,16.59999999999968,-26.599999999999113,8241.811,4274.755,-4.599999999999227,-11.000000000001364,-16.99999999999875,-11.299999999999955,-3.499999999999659,-3.6000000000001364,True,False,True,SL_FIRST,-28.999999999996362,-27.000000000015234,2023-06-28 05:00:00+00:00,2023-06-28 04:00:00+00:00,143.83830065243185,143.27986102076562,55.84396316662321,Up,Up,Up,2023-06-13 17:00:00+00:00,348.0,2023-06-13 17:00:00+00:00,2023-06-27 21:00:00+00:00,2023-06-27 00:00:00+00:00,143.06449582123406,140.79243847611144,227.20573451226187,Up,Up,Up,2023-04-11 21:00:00+00:00,1848.0,2023-04-11 21:00:00+00:00,4.184,1.8000000000000682
RAW|2023-06-29|2023-06-29T12:30:00Z|-1,2023-06-29,2023H1,2023-06,-1,SHORT,LONDON_NY_OVERLAP,2023-06-29 12:30:00+00:00,2023-06-29 12:45:00+00:00,2023-06-29 15:45:00+00:00,144.698,144.133,56.49999999999977,4.099999999999682,0.07256637168141059,144.247,144.739,144.243,144.65,2023-06-29 12:36:06.237000+00:00,4.099999999999682,2023-06-29 12:45:00+00:00,2023-06-29 12:36:06.544000+00:00,0.307,0.205,21,True,2023-06-29 12:45:00.208000+00:00,144.652,144.657,46.20000000000175,46.50000000000034,8.183333333333334,27.700000000001523,11.069478720614203,2023-06-29 06:32:17.112000+00:00,1,21829.125,-16566.237,0.5000000000023874,2023-06-29 15:45:01.272000+00:00,144.729,144.733,-8.100000000001728,-81.00000000001728,12.5,-25.200000000000955,6113.404,4542.056,-7.30000000000075,-13.700000000000045,-17.80000000000257,-18.600000000000705,-0.7000000000005002,-8.100000000001728,False,False,True,SL_FIRST,-76.99999999999818,-60.000000000002274,2023-06-29 09:00:00+00:00,2023-06-29 08:00:00+00:00,144.29772019976036,143.74223632862186,55.548387113850595,Up,Up,Up,2023-06-13 17:00:00+00:00,376.0,2023-06-13 17:00:00+00:00,2023-06-28 21:00:00+00:00,2023-06-28 00:00:00+00:00,143.46663987231005,141.08680339802254,237.9836474287515,Up,Up,Up,2023-04-11 21:00:00+00:00,1872.0,2023-04-11 21:00:00+00:00,0.307,4.099999999999682
RAW|2023-06-30|2023-06-30T12:45:00Z|1,2023-06-30,2023H1,2023-06,1,LONG,LONDON_NY_OVERLAP,2023-06-30 12:45:00+00:00,2023-06-30 13:00:00+00:00,2023-06-30 16:00:00+00:00,145.067,144.437,62.999999999999545,8.899999999999864,0.14126984126984013,144.41,144.518,144.348,144.458,2023-06-30 12:45:00.049000+00:00,8.899999999999864,2023-06-30 13:00:00+00:00,2023-06-30 12:45:49.845000+00:00,49.796,90.559,5,True,2023-06-30 13:00:00.034000+00:00,144.462,144.464,19.900000000001228,28.79999999999825,5.833333333333333,16.59999999999968,12.660759689123552,2023-06-30 06:45:17.988000+00:00,1,21582.061,-17100.049,0.20000000000095497,2023-06-30 16:00:00.095000+00:00,144.473,144.48,0.9000000000014552,9.000000000014552,16.100000000000136,-26.400000000001,8478.412,5424.005,-6.200000000001182,-7.599999999999341,2.199999999999136,4.4999999999987494,7.800000000000296,0.9000000000014552,False,False,True,TP_FIRST,3.0000000000143245,1.0000000000047748,2023-06-30 13:00:00+00:00,2023-06-30 12:00:00+00:00,144.61544098438853,144.16878530051434,44.665568387418375,Up,Up,Up,2023-06-13 17:00:00+00:00,404.0,2023-06-13 17:00:00+00:00,2023-06-29 21:00:00+00:00,2023-06-29 00:00:00+00:00,143.83474276593574,141.38025912618073,245.44836397550114,Up,Up,Up,2023-04-11 21:00:00+00:00,1896.0,2023-04-11 21:00:00+00:00,49.796,8.899999999999864
RAW|2023-07-03|2023-07-03T07:00:00Z|-1,2023-07-03,2023H2,2023-07,-1,SHORT,LONDON,2023-07-03 07:00:00+00:00,2023-07-03 07:15:00+00:00,2023-07-03 10:15:00+00:00,144.77,144.22,55.00000000000114,2.199999999999136,0.039999999999983465,144.736,144.792,144.712,144.755,2023-07-03 07:02:47.295000+00:00,2.199999999999136,2023-07-03 07:15:00+00:00,2023-07-03 07:03:20.957000+00:00,33.662,136.145,4,True,2023-07-03 07:15:00.047000+00:00,144.755,144.76,5.700000000001637,7.30000000000075,2.683333333333333,6.30000000000166,8.571628947170371,2023-07-03 06:53:19.415000+00:00,1,567.88,3432.705,0.49999999999954525,2023-07-03 10:15:00.154000+00:00,144.623,144.629,12.600000000000477,126.00000000000477,20.49999999999841,-13.2000000000005,9331.605,4037.557,-2.600000000001046,-0.7000000000005002,-4.500000000001592,-7.200000000000273,2.5000000000005684,12.600000000000477,False,False,True,TP_ONLY,127.00000000000955,128.00000000001432,2023-07-03 05:00:00+00:00,2023-07-03 04:00:00+00:00,144.44171704091747,144.22381576008,21.790128083748073,Up,Up,Up,2023-06-13 17:00:00+00:00,468.0,2023-06-13 17:00:00+00:00,2023-06-30 21:00:00+00:00,2023-06-30 00:00:00+00:00,143.9456734042398,141.60767839608627,233.79950081535412,Up,Up,Up,2023-04-11 21:00:00+00:00,1920.0,2023-04-11 21:00:00+00:00,33.662,2.199999999999136
RAW|2023-07-03|2023-07-03T14:15:00Z|1,2023-07-03,2023H2,2023-07,1,LONG,LONDON_NY_OVERLAP,2023-07-03 14:15:00+00:00,2023-07-03 14:30:00+00:00,2023-07-03 17:30:00+00:00,144.77,144.22,55.00000000000114,1.4999999999986358,0.027272727272701906,144.216,144.44,144.205,144.44,2023-07-03 14:15:00.240000+00:00,1.4999999999986358,2023-07-03 14:30:00+00:00,2023-07-03 14:15:01.988000+00:00,1.748,0.941,3,True,2023-07-03 14:30:02.896000+00:00,144.445,144.452,-3.300000000001546,28.09999999999775,3.15,15.799999999998704,8.571628947170371,2023-07-03 00:28:19.955000+00:00,1,49600.285,-22500.24,0.7000000000005002,2023-07-03 17:30:00.271000+00:00,144.653,144.658,20.09999999999934,200.9999999999934,25.100000000000477,-8.699999999998909,9439.739,353.026,-3.3999999999991815,-2.400000000000091,0.7000000000005002,11.50000000000091,15.399999999999636,,True,False,False,TP_ONLY,209.00000000000318,207.9999999999984,2023-07-03 13:00:00+00:00,2023-07-03 12:00:00+00:00,144.53936583720278,144.2891080593317,25.025777787107018,Up,Up,Up,2023-06-13 17:00:00+00:00,476.0,2023-06-13 17:00:00+00:00,2023-06-30 21:00:00+00:00,2023-06-30 00:00:00+00:00,143.9456734042398,141.60767839608627,233.79950081535412,Up,Up,Up,2023-04-11 21:00:00+00:00,1920.0,2023-04-11 21:00:00+00:00,1.748,1.4999999999986358
RAW|2023-07-04|2023-07-04T09:15:00Z|1,2023-07-04,2023H2,2023-07,1,LONG,LONDON,2023-07-04 09:15:00+00:00,2023-07-04 09:30:00+00:00,2023-07-04 12:30:00+00:00,144.675,144.333,34.200000000001296,3.299999999998704,0.09649122807013388,144.357,144.357,144.3,144.345,2023-07-04 09:17:05.570000+00:00,3.299999999998704,2023-07-04 09:30:00+00:00,2023-07-04 09:17:05.789000+00:00,0.219,6.365,10,True,2023-07-04 09:30:05.750000+00:00,144.347,144.349,6.100000000000705,7.599999999999341,1.55,4.500000000001592,17.4404398073229,2023-07-04 06:41:40.142000+00:00,1,9325.428,-4625.57,0.1999999999981128,2023-07-04 12:30:00.347000+00:00,144.389,144.395,4.000000000002046,40.000000000020464,11.50000000000091,-3.3999999999991815,6330.322,328.402,-1.8000000000000682,-0.49999999999954525,7.400000000001228,8.600000000001273,7.30000000000075,,False,False,True,TP_ONLY,40.000000000020464,33.00000000001546,2023-07-04 09:00:00+00:00,2023-07-04 08:00:00+00:00,144.528001085337,144.37982009240818,14.81809929288147,Up,Up,Up,2023-06-13 17:00:00+00:00,496.0,2023-06-13 17:00:00+00:00,2023-07-03 21:00:00+00:00,2023-07-03 00:00:00+00:00,144.1466238601713,141.8509841243994,229.5639735771914,Up,Up,Up,2023-04-11 21:00:00+00:00,1992.0,2023-04-11 21:00:00+00:00,0.219,3.299999999998704
RAW|2023-07-05|2023-07-05T07:00:00Z|-1,2023-07-05,2023H2,2023-07,-1,SHORT,LONDON,2023-07-05 07:00:00+00:00,2023-07-05 07:15:00+00:00,2023-07-05 10:15:00+00:00,144.726,144.379,34.70000000000084,0.8000000000009777,0.023054755043255284,144.66,144.734,144.59,144.633,2023-07-05 07:02:45.140000+00:00,0.8000000000009777,2023-07-05 07:15:00+00:00,2023-07-05 07:02:46.780000+00:00,1.6400000000000001,0.153,16,True,2023-07-05 07:15:00.407000+00:00,144.634,144.64,9.299999999998931,13.999999999998636,2.316666666666667,8.899999999999864,5.519732624363903,2023-07-05 06:18:34.269000+00:00,1,2650.871,3434.86,0.6000000000000227,2023-07-05 10:15:01.947000+00:00,144.366,144.369,26.499999999998636,264.99999999998636,42.29999999999734,-1.300000000000523,8756.231,14.943999999999999,3.6999999999977717,6.399999999999295,7.499999999998863,27.39999999999725,34.099999999997976,26.499999999998636,True,True,False,TP_ONLY,264.00000000001,264.99999999998636,2023-07-05 05:00:00+00:00,2023-07-05 04:00:00+00:00,144.4832903785136,144.40650952079676,7.678085771684096,Up,Up,Up,2023-06-13 17:00:00+00:00,516.0,2023-06-13 17:00:00+00:00,2023-07-04 21:00:00+00:00,2023-07-04 00:00:00+00:00,144.23101704297952,142.05826539444746,217.27516485320564,Up,Up,Up,2023-04-11 21:00:00+00:00,2016.0,2023-04-11 21:00:00+00:00,1.6400000000000001,0.8000000000009777
RAW|2023-07-05|2023-07-05T11:15:00Z|1,2023-07-05,2023H2,2023-07,1,LONG,LONDON,2023-07-05 11:15:00+00:00,2023-07-05 11:30:00+00:00,2023-07-05 14:30:00+00:00,144.726,144.379,34.70000000000084,9.799999999998477,0.2824207492794882,144.284,144.474,144.281,144.452,2023-07-05 11:15:01.451000+00:00,9.799999999998477,2023-07-05 11:30:00+00:00,2023-07-05 11:21:03.990000+00:00,362.539,60.838,11,True,2023-07-05 11:30:00.338000+00:00,144.452,144.46,-4.800000000000182,5.999999999997385,1.85,3.6000000000001364,5.519732624363903,2023-07-05 00:01:22.738000+00:00,1,40418.713,-11701.451,0.8000000000009777,2023-07-05 14:30:00.134000+00:00,144.273,144.278,-18.700000000001182,-187.00000000001182,13.399999999998613,-38.30000000000098,2231.828,9992.259,-1.6000000000019554,-1.0000000000019327,4.099999999999682,8.799999999999386,-20.300000000000296,,True,False,True,TP_FIRST,-182.99999999999272,-183.9999999999975,2023-07-05 09:00:00+00:00,2023-07-05 08:00:00+00:00,144.4469216989383,144.40246875913303,4.445293980526799,Up,Up,Up,2023-06-13 17:00:00+00:00,520.0,2023-06-13 17:00:00+00:00,2023-07-04 21:00:00+00:00,2023-07-04 00:00:00+00:00,144.23101704297952,142.05826539444746,217.27516485320564,Up,Up,Up,2023-04-11 21:00:00+00:00,2016.0,2023-04-11 21:00:00+00:00,362.539,9.799999999998477
RAW|2023-07-06|2023-07-06T07:15:00Z|1,2023-07-06,2023H2,2023-07,1,LONG,LONDON,2023-07-06 07:15:00+00:00,2023-07-06 07:30:00+00:00,2023-07-06 10:30:00+00:00,144.512,143.617,89.50000000000102,6.499999999999773,0.07262569832401898,143.726,143.752,143.552,143.625,2023-07-06 07:24:13.683000+00:00,6.499999999999773,2023-07-06 07:30:00+00:00,2023-07-06 07:24:13.995000+00:00,0.312,2.664,24,True,2023-07-06 07:30:00.043000+00:00,143.626,143.629,15.399999999999636,16.59999999999968,3.25,8.199999999999363,13.932640999559478,2023-07-06 06:28:08.308000+00:00,1,3365.375,2146.317,0.2999999999985903,2023-07-06 10:30:01.317000+00:00,143.915,143.921,28.600000000000136,286.00000000000136,50.10000000000048,-4.200000000000159,8796.124,1.5899999999999999,7.800000000000296,28.700000000000614,28.20000000000107,34.10000000000082,32.60000000000218,28.600000000000136,True,False,True,TP_ONLY,307.9999999999927,310.9999999999786,2023-07-06 05:00:00+00:00,2023-07-06 04:00:00+00:00,144.31084288148878,144.3858407283266,-7.499784683781741,Down,Up,Transition,2023-07-06 05:00:00+00:00,0.0,2023-07-06 05:00:00+00:00,2023-07-05 21:00:00+00:00,2023-07-05 00:00:00+00:00,144.34986931641393,142.26536416289167,208.4505153522258,Up,Up,Up,2023-04-11 21:00:00+00:00,2040.0,2023-04-11 21:00:00+00:00,0.312,6.499999999999773
RAW|2023-07-06|2023-07-06T14:00:00Z|-1,2023-07-06,2023H2,2023-07,-1,SHORT,LONDON_NY_OVERLAP,2023-07-06 14:00:00+00:00,2023-07-06 14:15:00+00:00,2023-07-06 17:15:00+00:00,144.512,143.617,89.50000000000102,8.199999999999363,0.09162011173183542,144.222,144.594,144.173,144.393,2023-07-06 14:00:01.366000+00:00,8.199999999999363,2023-07-06 14:15:00+00:00,2023-07-06 14:00:01.482000+00:00,0.116,0.873,2,True,2023-07-06 14:15:00.465000+00:00,144.39,144.398,34.80000000000132,34.80000000000132,4.916666666666667,32.20000000000027,13.932640999559478,2023-07-06 00:02:42.757000+00:00,1,50238.609,-21601.366,0.8000000000009777,2023-07-06 17:15:00.049000+00:00,144.142,144.148,24.199999999999022,241.99999999999022,42.69999999999925,-26.700000000002433,3848.92,1464.314,-10.300000000000864,-13.2000000000005,-23.400000000000887,25.0,36.49999999999807,,True,False,True,SL_FIRST,246.00000000000932,228.00000000000864,2023-07-06 13:00:00+00:00,2023-07-06 12:00:00+00:00,144.21377698035144,144.34196119245564,-12.818421210420183,Down,Down,Down,2023-07-06 05:00:00+00:00,8.0,2023-07-06 05:00:00+00:00,2023-07-05 21:00:00+00:00,2023-07-05 00:00:00+00:00,144.34986931641393,142.26536416289167,208.4505153522258,Up,Up,Up,2023-04-11 21:00:00+00:00,2040.0,2023-04-11 21:00:00+00:00,0.116,8.199999999999363
RAW|2023-07-10|2023-07-10T12:00:00Z|1,2023-07-10,2023H2,2023-07,1,LONG,LONDON_NY_OVERLAP,2023-07-10 12:00:00+00:00,2023-07-10 12:15:00+00:00,2023-07-10 15:15:00+00:00,143.005,142.118,88.70000000000005,4.699999999999704,0.052987598647121784,142.131,142.203,142.071,142.185,2023-07-10 12:00:02.222000+00:00,4.699999999999704,2023-07-10 12:15:00+00:00,2023-07-10 12:00:04.127000+00:00,1.905,0.311,36,True,2023-07-10 12:15:00.087000+00:00,142.188,142.192,12.699999999998113,19.199999999997885,1.9333333333333333,17.199999999999704,18.54653739306498,2023-07-10 00:01:02.446000+00:00,1,43139.776,-14402.222,0.40000000000190994,2023-07-10 15:15:00.154000+00:00,141.573,141.578,-61.89999999999998,-618.9999999999998,32.20000000000027,-65.300000000002,2172.352,10733.075,6.099999999997863,20.90000000000032,26.300000000000523,-1.6999999999995907,-58.00000000000125,-61.89999999999998,False,False,True,TP_FIRST,-623.9999999999952,-617.999999999995,2023-07-10 09:00:00+00:00,2023-07-10 08:00:00+00:00,142.67605518514182,143.50811222405446,-83.20570389126374,Down,Down,Down,2023-07-06 05:00:00+00:00,100.0,2023-07-06 05:00:00+00:00,2023-07-07 21:00:00+00:00,2023-07-07 00:00:00+00:00,143.64140271245608,142.38227142747152,125.91312849845622,Up,Up,Up,2023-04-11 21:00:00+00:00,2088.0,2023-04-11 21:00:00+00:00,1.905,4.699999999999704
RAW|2023-07-11|2023-07-11T07:00:00Z|1,2023-07-11,2023H2,2023-07,1,LONG,LONDON,2023-07-11 07:00:00+00:00,2023-07-11 07:15:00+00:00,2023-07-11 10:15:00+00:00,141.459,140.565,89.40000000000055,3.8000000000010914,0.042505592841175256,140.593,140.805,140.527,140.805,2023-07-11 07:04:56.388000+00:00,3.8000000000010914,2023-07-11 07:15:00+00:00,2023-07-11 07:06:05.769000+00:00,69.381,15.029,5,True,2023-07-11 07:15:00.205000+00:00,140.804,140.81,19.700000000000273,22.100000000000364,4.033333333333333,12.999999999999545,17.53040477238373,2023-07-11 05:17:29.451000+00:00,1,6446.937,3303.612,0.6000000000000227,2023-07-11 10:15:00.718000+00:00,140.309,140.314,-50.10000000000048,-501.0000000000048,1.6999999999995907,-50.60000000000002,184.37,10775.785,-4.900000000000659,-10.400000000001342,-22.59999999999991,-29.599999999999227,-31.299999999998818,-50.10000000000048,False,False,True,SL_ONLY,-500.0,-508.0000000000098,2023-07-11 05:00:00+00:00,2023-07-11 04:00:00+00:00,141.5120535761033,142.79062421509198,-127.85706389886684,Down,Down,Down,2023-07-06 05:00:00+00:00,120.0,2023-07-06 05:00:00+00:00,2023-07-10 21:00:00+00:00,2023-07-10 00:00:00+00:00,142.97385908032578,142.29608971327383,67.77693670519511,Up,Up,Up,2023-04-11 21:00:00+00:00,2160.0,2023-04-11 21:00:00+00:00,69.381,3.8000000000010914
RAW|2023-07-13|2023-07-13T12:30:00Z|-1,2023-07-13,2023H2,2023-07,-1,SHORT,LONDON_NY_OVERLAP,2023-07-13 12:30:00+00:00,2023-07-13 12:45:00+00:00,2023-07-13 15:45:00+00:00,138.83,138.069,76.10000000000241,12.299999999999045,0.1616294349539902,138.392,138.953,138.238,138.754,2023-07-13 12:34:25.433000+00:00,12.299999999999045,2023-07-13 12:45:00+00:00,2023-07-13 12:34:25.640000+00:00,0.207,31.023,11,True,2023-07-13 12:45:00.026000+00:00,138.751,138.755,36.89999999999998,59.29999999999893,7.833333333333333,59.29999999999893,13.399479036315917,2023-07-13 06:04:53.364000+00:00,1,23372.069,-16465.433,0.39999999999906777,2023-07-13 15:45:00.019000+00:00,138.082,138.088,66.30000000000109,663.0000000000109,69.49999999999932,-11.199999999999477,5098.537,452.738,-4.699999999999704,11.299999999999955,27.40000000000009,62.5,52.600000000001046,,True,True,True,TP_ONLY,700.000000000017,691.0000000000025,2023-07-13 09:00:00+00:00,2023-07-13 08:00:00+00:00,138.70403855593455,140.385016121715,-168.09775657804664,Down,Down,Down,2023-07-06 05:00:00+00:00,172.0,2023-07-06 05:00:00+00:00,2023-07-12 21:00:00+00:00,2023-07-12 00:00:00+00:00,141.1518872858805,141.847141533315,-69.52542474345194,Down,Up,Transition,2023-07-12 21:00:00+00:00,0.0,2023-07-12 21:00:00+00:00,0.207,12.299999999999045
RAW|2023-07-13|2023-07-13T16:15:00Z|1,2023-07-13,2023H2,2023-07,1,LONG,NEW_YORK,2023-07-13 16:15:00+00:00,2023-07-13 16:30:00+00:00,2023-07-13 19:30:00+00:00,138.83,138.069,76.10000000000241,4.200000000000159,0.055190538764783525,138.046,138.113,138.027,138.07,2023-07-13 16:15:01.393000+00:00,4.200000000000159,2023-07-13 16:30:00+00:00,2023-07-13 16:21:42.509000+00:00,401.116,3.703,12,True,2023-07-13 16:30:00.958000+00:00,138.068,138.074,9.700000000000841,14.100000000001955,1.8333333333333333,7.30000000000075,13.399479036315917,2023-07-13 00:24:07.793000+00:00,1,57053.6,-29701.393,0.6000000000000227,2023-07-13 19:30:00.317000+00:00,137.987,137.994,-8.70000000000175,-87.00000000001751,11.199999999999477,-15.100000000001046,1905.883,7537.611,-1.4000000000010004,-1.300000000000523,1.3999999999981583,2.400000000000091,-5.200000000002092,,False,False,True,TP_ONLY,-87.00000000001751,-84.00000000000318,2023-07-13 13:00:00+00:00,2023-07-13 12:00:00+00:00,138.68545611138182,140.2453348319778,-155.98787205959752,Down,Down,Down,2023-07-06 05:00:00+00:00,176.0,2023-07-06 05:00:00+00:00,2023-07-12 21:00:00+00:00,2023-07-12 00:00:00+00:00,141.1518872858805,141.847141533315,-69.52542474345194,Down,Up,Transition,2023-07-12 21:00:00+00:00,0.0,2023-07-12 21:00:00+00:00,401.116,4.200000000000159
RAW|2023-07-14|2023-07-14T07:00:00Z|-1,2023-07-14,2023H2,2023-07,-1,SHORT,LONDON,2023-07-14 07:00:00+00:00,2023-07-14 07:15:00+00:00,2023-07-14 10:15:00+00:00,138.405,137.237,116.80000000000064,5.500000000000682,0.047089041095896,138.346,138.46,138.269,138.334,2023-07-14 07:02:31.288000+00:00,5.500000000000682,2023-07-14 07:15:00+00:00,2023-07-14 07:02:34.267000+00:00,2.979,1.874,8,True,2023-07-14 07:15:00.085000+00:00,138.334,138.341,18.600000000000705,19.700000000000273,4.283333333333333,13.100000000000023,22.084488294086846,2023-07-14 06:56:09.731000+00:00,1,381.557,3448.712,0.7000000000005002,2023-07-14 10:15:02.144000+00:00,138.685,138.69,-35.599999999999454,-355.99999999999454,18.600000000000705,-40.799999999998704,2899.038,10388.759,-8.400000000000318,-6.700000000000728,-3.499999999999659,12.800000000001432,11.099999999999,-35.599999999999454,False,False,True,TP_FIRST,-353.00000000000864,-353.999999999985,2023-07-14 05:00:00+00:00,2023-07-14 04:00:00+00:00,138.03964684282118,139.5677167480717,-152.80699052505042,Down,Down,Down,2023-07-06 05:00:00+00:00,192.0,2023-07-06 05:00:00+00:00,2023-07-13 21:00:00+00:00,2023-07-13 00:00:00+00:00,140.2633480613432,141.54273021064984,-127.93821493066275,Down,Down,Down,2023-07-12 21:00:00+00:00,24.0,2023-07-12 21:00:00+00:00,2.979,5.500000000000682
RAW|2023-07-17|2023-07-17T07:30:00Z|-1,2023-07-17,2023H2,2023-07,-1,SHORT,LONDON,2023-07-17 07:30:00+00:00,2023-07-17 07:45:00+00:00,2023-07-17 10:45:00+00:00,138.737,138.364,37.299999999999045,0.6000000000000227,0.01608579088471952,138.597,138.743,138.592,138.705,2023-07-17 07:44:08.886000+00:00,0.6000000000000227,2023-07-17 07:45:00+00:00,2023-07-17 07:44:11.177000+00:00,2.291,2.357,1,True,2023-07-17 07:45:00.263000+00:00,138.702,138.703,14.799999999999613,16.30000000000109,1.3666666666666667,6.499999999999773,41.697033231863685,2023-07-17 00:02:14.118000+00:00,1,27714.768,951.114,0.10000000000047748,2023-07-17 10:45:03.845000+00:00,138.103,138.108,59.39999999999941,593.9999999999941,69.99999999999886,-5.89999999999975,9693.975,410.908,-2.7000000000015234,3.499999999999659,15.999999999999659,33.69999999999891,48.40000000000089,59.39999999999941,True,True,True,TP_ONLY,593.9999999999941,599.9999999999943,2023-07-17 05:00:00+00:00,2023-07-17 04:00:00+00:00,138.5143477965735,139.18241819439507,-66.80703978215661,Down,Down,Down,2023-07-06 05:00:00+00:00,264.0,2023-07-06 05:00:00+00:00,2023-07-14 21:00:00+00:00,2023-07-14 00:00:00+00:00,139.82896290095943,141.31875179379784,-148.9788892838419,Down,Down,Down,2023-07-12 21:00:00+00:00,48.0,2023-07-12 21:00:00+00:00,2.291,0.6000000000000227
RAW|2023-07-17|2023-07-17T12:00:00Z|1,2023-07-17,2023H2,2023-07,1,LONG,LONDON_NY_OVERLAP,2023-07-17 12:00:00+00:00,2023-07-17 12:15:00+00:00,2023-07-17 15:15:00+00:00,138.737,138.364,37.299999999999045,5.60000000000116,0.1501340482574076,138.361,138.446,138.308,138.404,2023-07-17 12:00:00.196000+00:00,5.60000000000116,2023-07-17 12:15:00+00:00,2023-07-17 12:00:38.879000+00:00,38.683,173.066,3,True,2023-07-17 12:15:00.141000+00:00,138.405,138.41,-8.899999999999864,17.900000000000205,1.4833333333333334,7.599999999999341,41.697033231863685,2023-07-17 00:55:54.491000+00:00,1,39845.705,-14400.196,0.49999999999954525,2023-07-17 15:15:00.097000+00:00,139.105,139.111,69.49999999999932,694.9999999999932,99.50000000000045,-7.499999999998863,4949.039,92.503,-6.499999999999773,16.200000000000614,45.60000000000173,67.00000000000159,63.700000000000045,,True,True,True,TP_ONLY,697.0000000000027,709.9999999999795,2023-07-17 09:00:00+00:00,2023-07-17 08:00:00+00:00,138.48196271183824,139.11990473884347,-63.79420270052378,Down,Down,Down,2023-07-06 05:00:00+00:00,268.0,2023-07-06 05:00:00+00:00,2023-07-14 21:00:00+00:00,2023-07-14 00:00:00+00:00,139.82896290095943,141.31875179379784,-148.9788892838419,Down,Down,Down,2023-07-12 21:00:00+00:00,48.0,2023-07-12 21:00:00+00:00,38.683,5.60000000000116
RAW|2023-07-18|2023-07-18T07:15:00Z|1,2023-07-18,2023H2,2023-07,1,LONG,LONDON,2023-07-18 07:15:00+00:00,2023-07-18 07:30:00+00:00,2023-07-18 10:30:00+00:00,138.923,138.298,62.5,7.800000000000296,0.12480000000000473,138.243,138.353,138.22,138.352,2023-07-18 07:15:00.217000+00:00,7.800000000000296,2023-07-18 07:30:00+00:00,2023-07-18 07:24:02.187000+00:00,541.97,357.813,0,False,2023-07-18 07:30:00.131000+00:00,138.353,138.357,8.29999999999984,11.899999999999977,2.1666666666666665,6.19999999999834,9.372611936583658,2023-07-18 06:56:08.567000+00:00,1,1131.65,2699.783,0.39999999999906777,2023-07-18 10:30:00.268000+00:00,138.187,138.189,-16.99999999999875,-169.9999999999875,4.800000000000182,-26.900000000000546,679.52,2987.605,-11.199999999999477,-3.700000000000614,-13.100000000000023,-12.5,-15.000000000000568,-16.99999999999875,False,False,True,SL_ONLY,-170.99999999999227,-167.0000000000016,2023-07-18 05:00:00+00:00,2023-07-18 04:00:00+00:00,138.64273359162814,138.98562822272228,-34.28946310941399,Down,Down,Down,2023-07-06 05:00:00+00:00,288.0,2023-07-06 05:00:00+00:00,2023-07-17 21:00:00+00:00,2023-07-17 00:00:00+00:00,139.50325921497102,141.10837165029403,-160.5112435323008,Down,Down,Down,2023-07-12 21:00:00+00:00,120.0,2023-07-12 21:00:00+00:00,541.97,7.800000000000296
RAW|2023-07-18|2023-07-18T14:00:00Z|-1,2023-07-18,2023H2,2023-07,-1,SHORT,LONDON_NY_OVERLAP,2023-07-18 14:00:00+00:00,2023-07-18 14:15:00+00:00,2023-07-18 17:15:00+00:00,138.923,138.298,62.5,6.89999999999884,0.11039999999998144,138.686,138.992,138.596,138.786,2023-07-18 14:07:02.352000+00:00,6.89999999999884,2023-07-18 14:15:00+00:00,2023-07-18 14:07:02.405000+00:00,0.053,0.827,11,True,2023-07-18 14:15:00.523000+00:00,138.784,138.792,11.7999999999995,36.7999999999995,6.166666666666667,32.99999999999841,9.372611936583658,2023-07-18 00:16:02.452000+00:00,1,49859.9,-22022.352,0.8000000000009777,2023-07-18 17:15:02.032000+00:00,139.008,139.014,-23.00000000000182,-230.0000000000182,27.50000000000057,-35.40000000000134,2286.683,9921.235,5.799999999999272,6.499999999999773,11.7999999999995,11.499999999998067,-9.499999999999886,-23.00000000000182,True,False,True,TP_FIRST,-229.00000000001342,-225.9999999999991,2023-07-18 13:00:00+00:00,2023-07-18 12:00:00+00:00,138.4115171385858,138.86198612771216,-45.04689891263638,Down,Down,Down,2023-07-06 05:00:00+00:00,296.0,2023-07-06 05:00:00+00:00,2023-07-17 21:00:00+00:00,2023-07-17 00:00:00+00:00,139.50325921497102,141.10837165029403,-160.5112435323008,Down,Down,Down,2023-07-12 21:00:00+00:00,120.0,2023-07-12 21:00:00+00:00,0.053,6.89999999999884
RAW|2023-07-19|2023-07-19T12:00:00Z|-1,2023-07-19,2023H2,2023-07,-1,SHORT,LONDON_NY_OVERLAP,2023-07-19 12:00:00+00:00,2023-07-19 12:15:00+00:00,2023-07-19 15:15:00+00:00,139.678,138.848,82.99999999999841,13.300000000000978,0.16024096385543654,139.794,139.811,139.631,139.674,2023-07-19 12:00:00.383000+00:00,13.300000000000978,2023-07-19 12:15:00+00:00,2023-07-19 12:06:12.714000+00:00,372.331,5.766,11,True,2023-07-19 12:15:00.026000+00:00,139.674,139.68,-14.900000000000091,15.400000000002478,2.6,11.700000000001864,14.314796948820877,2023-07-19 06:48:20.319000+00:00,1,18700.064,-14400.383,0.6000000000000227,2023-07-19 15:15:00.046000+00:00,139.599,139.603,7.099999999999795,70.99999999999795,28.20000000000107,-31.60000000000025,1398.237,7719.458,2.2999999999996135,16.59999999999968,6.000000000000227,16.59999999999968,-26.599999999999113,7.099999999999795,False,False,True,TP_FIRST,67.99999999998363,72.99999999997908,2023-07-19 09:00:00+00:00,2023-07-19 08:00:00+00:00,139.1499343760386,138.98315782545384,16.677655058475693,Up,Up,Up,2023-07-19 05:00:00+00:00,4.0,2023-07-19 05:00:00+00:00,2023-07-18 21:00:00+00:00,2023-07-18 00:00:00+00:00,139.30775658212215,140.9252219182705,-161.74653361483422,Down,Down,Down,2023-07-12 21:00:00+00:00,144.0,2023-07-12 21:00:00+00:00,372.331,13.300000000000978
RAW|2023-07-20|2023-07-20T12:00:00Z|-1,2023-07-20,2023H2,2023-07,-1,SHORT,LONDON_NY_OVERLAP,2023-07-20 12:00:00+00:00,2023-07-20 12:15:00+00:00,2023-07-20 15:15:00+00:00,139.699,139.107,59.200000000001296,1.6999999999995907,0.028716216216208675,139.529,139.716,139.523,139.648,2023-07-20 12:10:17.599000+00:00,1.6999999999995907,2023-07-20 12:15:00+00:00,2023-07-20 12:10:18.482000+00:00,0.883,0.103,16,True,2023-07-20 12:15:00.041000+00:00,139.649,139.655,17.40000000000066,21.89999999999941,3.0166666666666666,10.099999999999909,24.63586613125635,2023-07-20 00:02:55.434000+00:00,1,43642.165,-15017.599,0.6000000000000227,2023-07-20 15:15:00.086000+00:00,140.373,140.381,-73.19999999999993,-731.9999999999993,1.300000000000523,-74.50000000000045,18.673000000000002,10463.404,-3.100000000000591,-0.899999999998613,-22.59999999999991,-21.100000000001273,-44.20000000000073,-73.19999999999993,False,False,True,SL_ONLY,-737.9999999999995,-747.9999999999905,2023-07-20 09:00:00+00:00,2023-07-20 08:00:00+00:00,139.4354978846025,139.1921398667361,24.335801786639877,Up,Up,Up,2023-07-19 05:00:00+00:00,28.0,2023-07-19 05:00:00+00:00,2023-07-19 21:00:00+00:00,2023-07-19 00:00:00+00:00,139.39925470151582,140.82144416480887,-142.21894632930514,Down,Down,Down,2023-07-12 21:00:00+00:00,168.0,2023-07-12 21:00:00+00:00,0.883,1.6999999999995907
RAW|2023-07-21|2023-07-21T07:00:00Z|-1,2023-07-21,2023H2,2023-07,-1,SHORT,LONDON,2023-07-21 07:00:00+00:00,2023-07-21 07:15:00+00:00,2023-07-21 10:15:00+00:00,140.324,139.747,57.69999999999982,1.3999999999981583,0.024263431542429163,140.264,140.338,140.215,140.253,2023-07-21 07:01:09.054000+00:00,1.3999999999981583,2023-07-21 07:15:00+00:00,2023-07-21 07:01:09.158000+00:00,0.104,0.206,4,True,2023-07-21 07:15:00.241000+00:00,140.254,140.26,21.599999999997976,21.699999999998454,2.783333333333333,12.599999999997635,10.208665777217215,2023-07-21 05:46:54.189000+00:00,1,4454.865,3530.946,0.6000000000000227,2023-07-21 10:15:00.017000+00:00,141.726,141.731,-147.7000000000004,-1477.0000000000039,3.6999999999977717,-170.60000000000173,149.374,5687.558,-0.10000000000047748,-14.000000000001478,-81.70000000000073,-147.5999999999999,-150.0,,False,False,True,SL_ONLY,-1481.9999999999993,-1480.9999999999945,2023-07-21 05:00:00+00:00,2023-07-21 04:00:00+00:00,139.97053340211716,139.4989775812903,47.155582082686465,Up,Up,Up,2023-07-19 05:00:00+00:00,48.0,2023-07-19 05:00:00+00:00,2023-07-20 21:00:00+00:00,2023-07-20 00:00:00+00:00,139.58661050108273,140.76012863162416,-117.35181305414244,Down,Down,Down,2023-07-12 21:00:00+00:00,192.0,2023-07-12 21:00:00+00:00,0.104,1.3999999999981583
RAW|2023-07-24|2023-07-24T07:00:00Z|1,2023-07-24,2023H2,2023-07,1,LONG,LONDON,2023-07-24 07:00:00+00:00,2023-07-24 07:15:00+00:00,2023-07-24 10:15:00+00:00,141.811,141.341,46.999999999999886,3.100000000000591,0.06595744680852338,141.483,141.518,141.31,141.483,2023-07-24 07:01:22.235000+00:00,3.100000000000591,2023-07-24 07:15:00+00:00,2023-07-24 07:01:23.110000+00:00,0.875,222.521,5,True,2023-07-24 07:15:00.090000+00:00,141.48,141.481,15.800000000001546,22.100000000000364,5.116666666666666,15.899999999999181,22.244294147923185,2023-07-24 02:07:11.897000+00:00,1,17650.338,3517.765,0.10000000000047748,2023-07-24 10:15:00.040000+00:00,141.214,141.219,-26.69999999999959,-266.9999999999959,10.200000000000387,-30.89999999999975,4056.561,6645.538,-18.69999999999834,-11.599999999998545,-10.499999999998977,2.5000000000005684,-9.000000000000341,,True,False,True,SL_FIRST,-152.00000000001523,-176.9999999999925,2023-07-24 05:00:00+00:00,2023-07-24 04:00:00+00:00,141.38952152936346,140.3388805246296,105.06410047338761,Up,Up,Up,2023-07-19 05:00:00+00:00,120.0,2023-07-19 05:00:00+00:00,2023-07-21 21:00:00+00:00,2023-07-21 00:00:00+00:00,140.20243607220195,140.83867834109424,-63.62422688922891,Down,Down,Down,2023-07-12 21:00:00+00:00,216.0,2023-07-12 21:00:00+00:00,0.875,3.100000000000591
RAW|2023-07-25|2023-07-25T11:15:00Z|-1,2023-07-25,2023H2,2023-07,-1,SHORT,LONDON,2023-07-25 11:15:00+00:00,2023-07-25 11:30:00+00:00,2023-07-25 14:30:00+00:00,141.621,141.202,41.900000000001114,11.400000000000432,0.2720763723150389,141.547,141.735,141.531,141.602,2023-07-25 11:20:40.694000+00:00,11.400000000000432,2023-07-25 11:30:00+00:00,2023-07-25 11:21:20.518000+00:00,39.824,0.102,36,True,2023-07-25 11:30:00.162000+00:00,141.603,141.609,18.000000000000682,19.400000000001683,1.6333333333333333,10.699999999999932,15.73845862018709,2023-07-25 00:21:10.770000+00:00,1,39569.924,-12040.694,0.6000000000000227,2023-07-25 14:30:00.236000+00:00,141.337,141.344,25.900000000001455,259.00000000001455,40.399999999999636,-2.7999999999991587,5234.208,39.277,1.300000000000523,12.90000000000191,21.50000000000034,26.300000000000523,5.299999999999727,25.900000000001455,True,True,True,TP_ONLY,258.0000000000098,259.00000000001455,2023-07-25 09:00:00+00:00,2023-07-25 08:00:00+00:00,141.38092193787273,140.7895813014988,59.13406363739284,Up,Up,Up,2023-07-19 05:00:00+00:00,148.0,2023-07-19 05:00:00+00:00,2023-07-24 21:00:00+00:00,2023-07-24 00:00:00+00:00,140.55802576585853,140.8873440738067,-32.931830794817074,Down,Down,Down,2023-07-12 21:00:00+00:00,288.0,2023-07-12 21:00:00+00:00,39.824,11.400000000000432
RAW|2023-07-26|2023-07-26T16:45:00Z|1,2023-07-26,2023H2,2023-07,1,LONG,NEW_YORK,2023-07-26 16:45:00+00:00,2023-07-26 17:00:00+00:00,2023-07-26 20:00:00+00:00,141.184,140.602,58.19999999999936,2.199999999999136,0.03780068728520893,140.587,140.649,140.58,140.616,2023-07-26 16:45:00.654000+00:00,2.199999999999136,2023-07-26 17:00:00+00:00,2023-07-26 16:46:49.524000+00:00,108.87,790.476,0,False,2023-07-26 17:00:00.432000+00:00,140.616,140.622,-7.699999999999818,7.800000000000296,0.8166666666666667,2.5999999999982037,12.611737150016932,2023-07-26 06:30:51.878000+00:00,1,36848.776,-31500.654,0.6000000000000227,2023-07-26 20:00:00.458000+00:00,140.204,140.209,-41.80000000000064,-418.00000000000637,7.299999999997908,-69.90000000000123,5490.487,7229.493,0.9999999999990905,6.299999999998818,-3.0000000000001137,-9.600000000000364,-63.80000000000052,-41.80000000000064,False,False,True,SL_ONLY,-423.0000000000018,-419.9999999999875,2023-07-26 17:00:00+00:00,2023-07-26 16:00:00+00:00,140.6770824366672,140.7740701782563,-9.698774158908918,Down,Down,Down,2023-07-26 13:00:00+00:00,4.0,2023-07-26 13:00:00+00:00,2023-07-25 21:00:00+00:00,2023-07-25 00:00:00+00:00,140.6465898327561,140.88579654790217,-23.920671514608216,Down,Down,Down,2023-07-12 21:00:00+00:00,312.0,2023-07-12 21:00:00+00:00,108.87,2.199999999999136
RAW|2023-07-27|2023-07-27T17:00:00Z|-1,2023-07-27,2023H2,2023-07,-1,SHORT,NEW_YORK,2023-07-27 17:00:00+00:00,2023-07-27 17:15:00+00:00,2023-07-27 20:15:00+00:00,140.483,139.379,110.40000000000134,61.299999999999955,0.5552536231883987,141.082,141.096,139.421,139.756,2023-07-27 17:00:00.108000+00:00,61.299999999999955,2023-07-27 17:15:00+00:00,2023-07-27 17:04:21.702000+00:00,261.594,638.298,0,False,2023-07-27 17:15:00.010000+00:00,139.757,139.766,1.300000000000523,6.60000000000025,0.016666666666666666,2.800000000002001,66.2068414069295,2023-07-27 00:33:18.100000+00:00,1,59202.008,-32400.108,0.899999999998613,2023-07-27 20:15:00.172000+00:00,139.379,139.382,37.5,375.0,98.40000000000089,-26.499999999998636,9125.045,141.885,-4.900000000000659,5.400000000000205,33.500000000000796,35.40000000000134,28.600000000000136,37.5,True,True,False,SL_FIRST,412.9999999999825,408.9999999999918,2023-07-27 17:00:00+00:00,2023-07-27 16:00:00+00:00,140.58332804420715,140.63941937488926,-5.609133068210781,Down,Down,Down,2023-07-26 13:00:00+00:00,28.0,2023-07-26 13:00:00+00:00,2023-07-26 21:00:00+00:00,2023-07-26 00:00:00+00:00,140.5264213091115,140.83301282407,-30.659151495851233,Down,Down,Down,2023-07-12 21:00:00+00:00,336.0,2023-07-12 21:00:00+00:00,261.594,61.299999999999955
RAW|2023-07-28|2023-07-28T19:15:00Z|-1,2023-07-28,2023H2,2023-07,-1,SHORT,NEW_YORK,2023-07-28 19:15:00+00:00,2023-07-28 19:30:00+00:00,2023-07-28 22:30:00+00:00,141.079,138.061,301.80000000000007,7.200000000000273,0.023856858846919387,141.1,141.151,141.058,141.068,2023-07-28 19:15:01.674000+00:00,7.200000000000273,2023-07-28 19:30:00+00:00,2023-07-28 19:24:29.001000+00:00,567.327,9.374,2,True,2023-07-28 19:30:01.089000+00:00,141.068,141.074,10.599999999999454,15.800000000001546,1.4333333333333333,5.299999999999727,473.6249475254004,2023-07-28 03:36:48.134000+00:00,1,56293.54,-40501.674,0.6000000000000227,2023-07-30 21:00:20.018000+00:00,140.921,140.957,11.100000000001842,111.00000000001842,11.100000000001842,-14.599999999998658,178218.929,5397.06,0.40000000000190994,-1.4999999999986358,-2.2999999999996135,-6.699999999997885,11.100000000001842,11.100000000001842,False,False,True,TP_ONLY,105.00000000001819,99.00000000001796,2023-07-28 17:00:00+00:00,2023-07-28 16:00:00+00:00,140.07035567400266,140.2955004793961,-22.514480539345527,Down,Down,Down,2023-07-26 13:00:00+00:00,52.0,2023-07-26 13:00:00+00:00,2023-07-27 21:00:00+00:00,2023-07-27 00:00:00+00:00,140.2194437922225,140.72253179814442,-50.308800592191005,Down,Down,Down,2023-07-12 21:00:00+00:00,360.0,2023-07-12 21:00:00+00:00,567.327,7.200000000000273
RAW|2023-07-31|2023-07-31T07:30:00Z|-1,2023-07-31,2023H2,2023-07,-1,SHORT,LONDON,2023-07-31 07:30:00+00:00,2023-07-31 07:45:00+00:00,2023-07-31 10:45:00+00:00,142.167,140.689,147.80000000000086,5.19999999999925,0.035182679296341134,142.006,142.219,142.006,142.164,2023-07-31 07:37:44.709000+00:00,5.19999999999925,2023-07-31 07:45:00+00:00,2023-07-31 07:37:44.920000+00:00,0.211,20.026,11,True,2023-07-31 07:45:00.016000+00:00,142.163,142.171,15.099999999998204,21.399999999999864,3.75,12.09999999999809,21.74611565281396,2023-07-31 06:51:31.517000+00:00,1,2773.192,1335.291,0.7999999999981355,2023-07-31 10:45:00.207000+00:00,142.453,142.461,-29.800000000000182,-298.0000000000018,8.100000000001728,-33.69999999999891,227.314,4039.548,6.200000000001182,-1.4999999999986358,-0.49999999999954525,-28.69999999999777,-11.299999999999955,-29.800000000000182,False,False,True,SL_ONLY,-300.00000000001137,-293.00000000000637,2023-07-31 05:00:00+00:00,2023-07-31 04:00:00+00:00,140.9114357412546,140.52338728530003,38.80484559545607,Up,Up,Up,2023-07-28 21:00:00+00:00,56.0,2023-07-28 21:00:00+00:00,2023-07-28 21:00:00+00:00,2023-07-28 00:00:00+00:00,140.4807455658732,140.75544925429287,-27.47036884196632,Down,Down,Down,2023-07-12 21:00:00+00:00,384.0,2023-07-12 21:00:00+00:00,0.211,5.19999999999925
RAW|2023-08-02|2023-08-02T09:15:00Z|1,2023-08-02,2023H2,2023-08,1,LONG,LONDON,2023-08-02 09:15:00+00:00,2023-08-02 09:30:00+00:00,2023-08-02 12:30:00+00:00,143.348,142.541,80.70000000000164,7.699999999999818,0.09541511771994625,142.467,142.644,142.464,142.632,2023-08-02 09:15:00.255000+00:00,7.699999999999818,2023-08-02 09:30:00+00:00,2023-08-02 09:18:42.274000+00:00,222.019,3.692,26,True,2023-08-02 09:30:00.337000+00:00,142.63,142.635,-12.800000000001432,16.59999999999968,1.1666666666666667,5.799999999999272,23.188198506368245,2023-08-02 06:52:50.951000+00:00,1,8529.304,-4500.255,0.49999999999954525,2023-08-02 12:30:00.104000+00:00,143.039,143.046,40.399999999999636,403.99999999999636,57.30000000000075,-3.1999999999982265,9906.0,897.544,-1.2000000000000455,-2.7999999999991587,0.8000000000009777,12.800000000001432,12.000000000000455,,True,False,False,TP_ONLY,408.9999999999918,402.9999999999916,2023-08-02 09:00:00+00:00,2023-08-02 08:00:00+00:00,142.81613797892615,142.02347821630218,79.26597626239698,Up,Up,Up,2023-07-28 21:00:00+00:00,108.0,2023-07-28 21:00:00+00:00,2023-08-01 21:00:00+00:00,2023-08-01 00:00:00+00:00,141.65772732952715,141.07218984883352,58.55374806936311,Up,Up,Up,2023-07-31 21:00:00+00:00,24.0,2023-07-31 21:00:00+00:00,222.019,7.699999999999818
RAW|2023-08-02|2023-08-02T15:30:00Z|-1,2023-08-02,2023H2,2023-08,-1,SHORT,LONDON_NY_OVERLAP,2023-08-02 15:30:00+00:00,2023-08-02 15:45:00+00:00,2023-08-02 18:45:00+00:00,143.348,142.541,80.70000000000164,0.1999999999981128,0.002478314745949303,143.347,143.35,143.277,143.308,2023-08-02 15:31:04.225000+00:00,0.1999999999981128,2023-08-02 15:45:00+00:00,2023-08-02 15:31:05.945000+00:00,1.72,539.853,1,True,2023-08-02 15:45:00.077000+00:00,143.31,143.314,-3.900000000001569,7.599999999999341,2.4833333333333334,7.599999999999341,23.188198506368245,2023-08-02 03:24:02.164000+00:00,1,43622.061,-27064.225,0.39999999999906777,2023-08-02 18:45:00.311000+00:00,143.25,143.255,5.500000000000682,55.00000000000682,24.70000000000141,-4.400000000001114,6224.324,92.836,2.7999999999991587,9.800000000001319,12.999999999999545,9.200000000001296,18.899999999999295,5.500000000000682,False,False,True,TP_ONLY,63.0000000000166,63.0000000000166,2023-08-02 13:00:00+00:00,2023-08-02 12:00:00+00:00,142.91924141351868,142.115759958998,80.34814545206643,Up,Up,Up,2023-07-28 21:00:00+00:00,112.0,2023-07-28 21:00:00+00:00,2023-08-01 21:00:00+00:00,2023-08-01 00:00:00+00:00,141.65772732952715,141.07218984883352,58.55374806936311,Up,Up,Up,2023-07-31 21:00:00+00:00,24.0,2023-07-31 21:00:00+00:00,1.72,0.1999999999981128
RAW|2023-08-07|2023-08-07T07:00:00Z|-1,2023-08-07,2023H2,2023-08,-1,SHORT,LONDON,2023-08-07 07:00:00+00:00,2023-08-07 07:15:00+00:00,2023-08-07 10:15:00+00:00,142.301,141.511,78.9999999999992,5.100000000001614,0.06455696202533755,142.226,142.352,142.212,142.223,2023-08-07 07:05:24.044000+00:00,5.100000000001614,2023-08-07 07:15:00+00:00,2023-08-07 07:11:13.019000+00:00,348.975,0.983,7,True,2023-08-07 07:15:00.261000+00:00,142.223,142.231,12.199999999998568,15.999999999999659,1.35,9.000000000000341,13.9237172212489,2023-08-07 06:36:20.866000+00:00,1,1743.178,3275.956,0.7999999999981355,2023-08-07 10:15:00.104000+00:00,142.398,142.407,-18.39999999999975,-183.9999999999975,11.400000000000432,-18.899999999999295,2669.246,6146.996,1.300000000000523,3.900000000001569,3.0000000000001137,1.8000000000000682,-1.5999999999991132,,False,False,True,TP_ONLY,-177.99999999999727,-175.00000000001137,2023-08-07 05:00:00+00:00,2023-08-07 04:00:00+00:00,142.03553322643643,142.3225441915122,-28.701096507577972,Down,Down,Down,2023-08-04 17:00:00+00:00,60.0,2023-08-04 17:00:00+00:00,2023-08-04 21:00:00+00:00,2023-08-04 00:00:00+00:00,142.08720675274313,141.3808812730085,70.63254797346303,Up,Up,Up,2023-07-31 21:00:00+00:00,96.0,2023-07-31 21:00:00+00:00,348.975,5.100000000001614
RAW|2023-08-08|2023-08-08T18:45:00Z|-1,2023-08-08,2023H2,2023-08,-1,SHORT,NEW_YORK,2023-08-08 18:45:00+00:00,2023-08-08 19:00:00+00:00,2023-08-08 22:00:00+00:00,143.433,142.527,90.60000000000059,2.400000000000091,0.026490066225166396,143.439,143.457,143.375,143.376,2023-08-08 18:45:00.192000+00:00,2.400000000000091,2023-08-08 19:00:00+00:00,2023-08-08 18:46:13.164000+00:00,72.972,41.45,3,True,2023-08-08 19:00:00.207000+00:00,143.375,143.38,7.200000000000273,12.5,0.5,2.000000000001023,22.250143292942223,2023-08-08 04:04:21.713000+00:00,1,52838.479,-38700.192,0.49999999999954525,2023-08-08 22:00:00.165000+00:00,143.346,143.359,1.5999999999991132,15.999999999991132,6.800000000001205,-9.299999999998931,7792.498,4001.175,-6.000000000000227,-4.099999999999682,-5.000000000001137,-7.400000000001228,-2.600000000001046,,False,False,True,NEITHER,14.999999999986358,15.999999999991132,2023-08-08 17:00:00+00:00,2023-08-08 16:00:00+00:00,143.0232383837431,142.61293933164654,41.02990520965477,Up,Up,Up,2023-08-08 01:00:00+00:00,16.0,2023-08-08 01:00:00+00:00,2023-08-07 21:00:00+00:00,2023-08-07 00:00:00+00:00,142.20000482338796,141.46897077116782,73.10340522201386,Up,Up,Up,2023-07-31 21:00:00+00:00,168.0,2023-07-31 21:00:00+00:00,72.972,2.400000000000091
RAW|2023-08-09|2023-08-09T09:00:00Z|-1,2023-08-09,2023H2,2023-08,-1,SHORT,LONDON,2023-08-09 09:00:00+00:00,2023-08-09 09:15:00+00:00,2023-08-09 12:15:00+00:00,143.398,142.998,40.00000000000057,1.300000000000523,0.03250000000001261,143.284,143.411,143.282,143.368,2023-08-09 09:05:20.923000+00:00,1.300000000000523,2023-08-09 09:15:00+00:00,2023-08-09 09:05:22.286000+00:00,1.363,577.714,0,False,2023-08-09 09:15:04.701000+00:00,143.368,143.374,9.900000000001796,13.60000000000241,1.3833333333333333,11.899999999999977,8.007055550449317,2023-08-09 01:42:16.148000+00:00,1,26584.775,-3920.923,0.6000000000000227,2023-08-09 12:15:00.333000+00:00,143.463,143.467,-9.900000000001796,-99.00000000001796,12.79999999999859,-10.099999999999909,3583.884,10792.528,1.4999999999986358,2.6999999999986812,4.599999999999227,11.199999999999477,-4.500000000001592,,False,False,True,TP_ONLY,-100.00000000002274,-100.00000000002274,2023-08-09 09:00:00+00:00,2023-08-09 08:00:00+00:00,143.21683381501018,142.80646075777872,41.03730572314532,Up,Up,Up,2023-08-08 01:00:00+00:00,32.0,2023-08-08 01:00:00+00:00,2023-08-08 21:00:00+00:00,2023-08-08 00:00:00+00:00,142.5334320167057,141.6208131094744,91.26189072312911,Up,Up,Up,2023-07-31 21:00:00+00:00,192.0,2023-07-31 21:00:00+00:00,1.363,1.300000000000523
RAW|2023-08-10|2023-08-10T12:30:00Z|1,2023-08-10,2023H2,2023-08,1,LONG,LONDON_NY_OVERLAP,2023-08-10 12:30:00+00:00,2023-08-10 12:45:00+00:00,2023-08-10 15:45:00+00:00,144.104,143.686,41.80000000000064,40.500000000000114,0.9688995215310885,143.579,144.025,143.281,143.927,2023-08-10 12:30:00.073000+00:00,40.500000000000114,2023-08-10 12:45:00+00:00,2023-08-10 12:36:00.141000+00:00,360.068,2.041,17,True,2023-08-10 12:45:00.077000+00:00,143.931,143.938,15.500000000000114,17.69999999999925,5.85,17.300000000000182,6.844461344349103,2023-08-10 00:02:48.220000+00:00,1,44831.853,-16200.073,0.699999999997658,2023-08-10 15:45:00.156000+00:00,144.409,144.414,47.100000000000364,471.00000000000364,54.80000000000018,-22.59999999999991,9366.249,596.448,-9.599999999997522,-11.199999999999477,13.900000000001,30.900000000002592,29.90000000000066,47.100000000000364,True,True,False,SL_FIRST,426.9999999999925,448.99999999998386,2023-08-10 09:00:00+00:00,2023-08-10 08:00:00+00:00,143.730136425805,143.17971473805062,55.04216877543797,Up,Up,Up,2023-08-08 01:00:00+00:00,56.0,2023-08-08 01:00:00+00:00,2023-08-09 21:00:00+00:00,2023-08-09 00:00:00+00:00,142.87216572621836,141.78866806071645,108.3497665501909,Up,Up,Up,2023-07-31 21:00:00+00:00,216.0,2023-07-31 21:00:00+00:00,360.068,40.500000000000114
RAW|2023-08-11|2023-08-11T08:15:00Z|1,2023-08-11,2023H2,2023-08,1,LONG,LONDON,2023-08-11 08:15:00+00:00,2023-08-11 08:30:00+00:00,2023-08-11 11:30:00+00:00,144.892,144.629,26.300000000000523,6.799999999998363,0.2585551330797805,144.571,144.644,144.561,144.633,2023-08-11 08:15:00.235000+00:00,6.799999999998363,2023-08-11 08:30:00+00:00,2023-08-11 08:27:36.272000+00:00,756.037,4.364,3,True,2023-08-11 08:30:00.868000+00:00,144.632,144.638,5.19999999999925,7.999999999998408,1.5166666666666666,2.899999999999636,15.277014482829475,2023-08-11 01:48:19.619000+00:00,1,23200.616,-900.235,0.6000000000000227,2023-08-11 11:30:00.132000+00:00,144.567,144.571,-7.099999999999795,-70.99999999999795,0.7000000000005002,-9.300000000001774,30.351,9153.581,-2.7999999999991587,-3.0000000000001137,-4.800000000000182,-5.000000000001137,-4.900000000000659,,False,False,True,NEITHER,-70.99999999999795,-72.00000000000273,2023-08-11 05:00:00+00:00,2023-08-11 04:00:00+00:00,144.449173340313,143.63998478051832,80.91885597946771,Up,Up,Up,2023-08-08 01:00:00+00:00,76.0,2023-08-08 01:00:00+00:00,2023-08-10 21:00:00+00:00,2023-08-10 00:00:00+00:00,143.39783266158454,142.02253461585912,137.52980457254296,Up,Up,Up,2023-07-31 21:00:00+00:00,240.0,2023-07-31 21:00:00+00:00,756.037,6.799999999998363
RAW|2023-08-11|2023-08-11T16:00:00Z|-1,2023-08-11,2023H2,2023-08,-1,SHORT,NEW_YORK,2023-08-11 16:00:00+00:00,2023-08-11 16:15:00+00:00,2023-08-11 19:15:00+00:00,144.892,144.629,26.300000000000523,5.500000000000682,0.20912547528519287,144.939,144.947,144.855,144.865,2023-08-11 16:00:00.031000+00:00,5.500000000000682,2023-08-11 16:15:00+00:00,2023-08-11 16:11:01.158000+00:00,661.127,0.993,1,True,2023-08-11 16:15:00.035000+00:00,144.866,144.874,0.0,6.900000000001683,1.1166666666666667,5.299999999999727,15.277014482829475,2023-08-11 00:05:02.073000+00:00,1,57297.958,-28800.031,0.7999999999981355,2023-08-11 19:15:03.929000+00:00,144.973,144.984,-11.7999999999995,-117.999999999995,4.500000000001592,-13.79999999999768,571.009,5737.244,0.7000000000005002,-2.199999999999136,-4.199999999997317,-4.599999999999227,-12.09999999999809,-11.7999999999995,False,False,True,NEITHER,-117.999999999995,-123.99999999999523,2023-08-11 13:00:00+00:00,2023-08-11 12:00:00+00:00,144.57582313281276,143.8020063182307,77.38168145820623,Up,Up,Up,2023-08-08 01:00:00+00:00,84.0,2023-08-08 01:00:00+00:00,2023-08-10 21:00:00+00:00,2023-08-10 00:00:00+00:00,143.39783266158454,142.02253461585912,137.52980457254296,Up,Up,Up,2023-07-31 21:00:00+00:00,240.0,2023-07-31 21:00:00+00:00,661.127,5.500000000000682
RAW|2023-08-14|2023-08-14T16:15:00Z|-1,2023-08-14,2023H2,2023-08,-1,SHORT,NEW_YORK,2023-08-14 16:15:00+00:00,2023-08-14 16:30:00+00:00,2023-08-14 19:30:00+00:00,145.221,144.65,57.099999999999795,3.6000000000001364,0.06304728546410068,145.227,145.257,145.181,145.195,2023-08-14 16:15:01.071000+00:00,3.6000000000001364,2023-08-14 16:30:00+00:00,2023-08-14 16:15:46.372000+00:00,45.301,0.78,19,True,2023-08-14 16:30:00.399000+00:00,145.195,145.199,-7.200000000000273,10.900000000000887,2.1666666666666665,3.6999999999977717,116.90152939911911,2023-08-14 00:34:01.020000+00:00,1,56460.051,-29701.071,0.40000000000190994,2023-08-14 19:30:00.201000+00:00,145.454,145.459,-26.400000000001,-264.00000000001,-0.40000000000190994,-32.90000000000077,0.0,9078.983,-3.4000000000020236,-4.500000000001592,-9.000000000000341,-8.00000000000125,-20.000000000001705,,False,False,True,SL_ONLY,-257.000000000005,-258.0000000000098,2023-08-14 13:00:00+00:00,2023-08-14 12:00:00+00:00,145.00298897950853,144.2791690768257,72.3819902682834,Up,Up,Up,2023-08-08 01:00:00+00:00,156.0,2023-08-08 01:00:00+00:00,2023-08-11 21:00:00+00:00,2023-08-11 00:00:00+00:00,143.8201661868461,142.25081184659038,156.93543402557282,Up,Up,Up,2023-07-31 21:00:00+00:00,264.0,2023-07-31 21:00:00+00:00,45.301,3.6000000000001364
RAW|2023-08-15|2023-08-15T07:00:00Z|-1,2023-08-15,2023H2,2023-08,-1,SHORT,LONDON,2023-08-15 07:00:00+00:00,2023-08-15 07:15:00+00:00,2023-08-15 10:15:00+00:00,145.738,145.323,41.499999999999204,0.20000000000095497,0.004819277108456838,145.722,145.74,145.651,145.694,2023-08-15 07:01:54.619000+00:00,0.20000000000095497,2023-08-15 07:15:00+00:00,2023-08-15 07:01:54.672000+00:00,0.053,0.153,10,True,2023-08-15 07:15:01.717000+00:00,145.695,145.7,8.70000000000175,10.200000000000387,4.083333333333333,6.499999999999773,8.474309484164536,2023-08-15 06:44:13.436000+00:00,1,1061.183,3485.381,0.49999999999954525,2023-08-15 10:15:00.853000+00:00,145.61,145.616,7.899999999997931,78.99999999997931,18.299999999999272,-17.40000000000066,8704.013,2818.207,-1.2000000000000455,-6.200000000001182,-2.7000000000015234,-6.999999999999318,1.999999999998181,,True,False,True,TP_ONLY,88.99999999999864,101.99999999997544,2023-08-15 05:00:00+00:00,2023-08-15 04:00:00+00:00,145.34600754360383,144.61139112352762,73.46164200762075,Up,Up,Up,2023-08-08 01:00:00+00:00,172.0,2023-08-08 01:00:00+00:00,2023-08-14 21:00:00+00:00,2023-08-14 00:00:00+00:00,144.3124044191758,142.51418689886316,179.82175203126474,Up,Up,Up,2023-07-31 21:00:00+00:00,336.0,2023-07-31 21:00:00+00:00,0.053,0.20000000000095497
RAW|2023-08-15|2023-08-15T13:15:00Z|1,2023-08-15,2023H2,2023-08,1,LONG,LONDON_NY_OVERLAP,2023-08-15 13:15:00+00:00,2023-08-15 13:30:00+00:00,2023-08-15 16:30:00+00:00,145.738,145.323,41.499999999999204,6.900000000001683,0.1662650602410076,145.414,145.5,145.254,145.471,2023-08-15 13:18:10.453000+00:00,6.900000000001683,2023-08-15 13:30:00+00:00,2023-08-15 13:18:10.870000+00:00,0.417,0.054,12,True,2023-08-15 13:30:00.086000+00:00,145.471,145.474,21.700000000001296,21.89999999999941,5.1,12.20000000000141,8.474309484164536,2023-08-15 01:50:23.681000+00:00,2,41266.772,-19090.453,0.2999999999985903,2023-08-15 16:30:00.093000+00:00,145.527,145.529,5.299999999999727,52.99999999999727,12.90000000000191,-37.09999999999809,322.847,4912.107,11.800000000002342,-8.599999999998431,-14.300000000000068,-14.599999999998658,-6.299999999998818,5.299999999999727,True,False,True,TP_FIRST,43.99999999998272,35.99999999997294,2023-08-15 13:00:00+00:00,2023-08-15 12:00:00+00:00,145.47739160387948,144.76591984695378,71.14717569257039,Up,Up,Up,2023-08-08 01:00:00+00:00,180.0,2023-08-08 01:00:00+00:00,2023-08-14 21:00:00+00:00,2023-08-14 00:00:00+00:00,144.3124044191758,142.51418689886316,179.82175203126474,Up,Up,Up,2023-07-31 21:00:00+00:00,336.0,2023-07-31 21:00:00+00:00,0.417,6.900000000001683
RAW|2023-08-16|2023-08-16T11:00:00Z|-1,2023-08-16,2023H2,2023-08,-1,SHORT,LONDON,2023-08-16 11:00:00+00:00,2023-08-16 11:15:00+00:00,2023-08-16 14:15:00+00:00,145.692,145.306,38.59999999999957,0.10000000000047748,0.0025906735751419327,145.609,145.693,145.607,145.672,2023-08-16 11:12:24.017000+00:00,0.10000000000047748,2023-08-16 11:15:00+00:00,2023-08-16 11:12:24.122000+00:00,0.105,155.878,0,False,2023-08-16 11:15:00.141000+00:00,145.67,145.677,5.400000000000205,8.70000000000175,2.1,7.200000000000273,6.882490391704561,2023-08-16 01:11:18.904000+00:00,1,36065.113,-11544.017,0.7000000000005002,2023-08-16 14:15:00.169000+00:00,145.776,145.779,-10.900000000000887,-109.00000000000887,1.2000000000000455,-27.40000000000009,8660.83,7217.103,-2.9000000000024784,-8.29999999999984,-8.200000000002206,-8.400000000000318,-18.000000000000682,-10.900000000000887,False,False,True,SL_ONLY,-108.00000000000409,-108.00000000000409,2023-08-16 09:00:00+00:00,2023-08-16 08:00:00+00:00,145.51587319343864,145.02755754695704,48.83156464815954,Up,Up,Up,2023-08-08 01:00:00+00:00,200.0,2023-08-08 01:00:00+00:00,2023-08-15 21:00:00+00:00,2023-08-15 00:00:00+00:00,144.66943172798273,142.7580119469541,191.1419781028627,Up,Up,Up,2023-07-31 21:00:00+00:00,360.0,2023-07-31 21:00:00+00:00,0.105,0.10000000000047748
RAW|2023-08-17|2023-08-17T07:15:00Z|1,2023-08-17,2023H2,2023-08,1,LONG,LONDON,2023-08-17 07:15:00+00:00,2023-08-17 07:30:00+00:00,2023-08-17 10:30:00+00:00,146.559,146.279,28.000000000000114,6.999999999999318,0.24999999999997463,146.274,146.313,146.209,146.312,2023-08-17 07:15:00.391000+00:00,6.999999999999318,2023-08-17 07:30:00+00:00,2023-08-17 07:15:24.238000+00:00,23.847,4.531,7,True,2023-08-17 07:30:00.300000+00:00,146.311,146.315,8.400000000000318,10.200000000000387,1.4833333333333334,6.000000000000227,4.277157787915112,2023-08-17 06:45:01.296000+00:00,2,1799.095,2699.609,0.39999999999906777,2023-08-17 10:30:00.065000+00:00,146.075,146.082,-24.00000000000091,-240.0000000000091,2.899999999999636,-27.299999999999613,179.119,10547.784,0.9000000000014552,-5.60000000000116,-9.700000000000841,-17.300000000000182,-9.799999999998477,,False,False,True,SL_ONLY,-251.00000000000477,-253.00000000001432,2023-08-17 05:00:00+00:00,2023-08-17 04:00:00+00:00,146.13677335214467,145.43035869741612,70.64146547285475,Up,Up,Up,2023-08-08 01:00:00+00:00,220.0,2023-08-08 01:00:00+00:00,2023-08-16 21:00:00+00:00,2023-08-16 00:00:00+00:00,145.14645123427337,143.0444909911978,210.1960243075581,Up,Up,Up,2023-07-31 21:00:00+00:00,384.0,2023-07-31 21:00:00+00:00,23.847,6.999999999999318
RAW|2023-08-18|2023-08-18T07:45:00Z|1,2023-08-18,2023H2,2023-08,1,LONG,LONDON,2023-08-18 07:45:00+00:00,2023-08-18 08:00:00+00:00,2023-08-18 11:00:00+00:00,145.793,145.182,61.10000000000184,1.6999999999995907,0.027823240589190498,145.173,145.318,145.165,145.296,2023-08-18 07:45:00.889000+00:00,1.6999999999995907,2023-08-18 08:00:00+00:00,2023-08-18 07:45:13.745000+00:00,12.856,0.104,3,True,2023-08-18 08:00:00.230000+00:00,145.295,145.302,4.900000000000659,9.999999999999432,2.4,4.800000000000182,9.528560643250042,2023-08-18 06:39:09.950000+00:00,1,3950.939,899.111,0.7000000000005002,2023-08-18 11:00:00.074000+00:00,145.485,145.49,18.300000000002115,183.00000000002115,33.00000000000125,-4.300000000000637,3017.014,31.753,3.0000000000001137,3.6000000000001364,18.000000000000682,27.50000000000057,25.600000000000023,,True,False,False,TP_ONLY,196.00000000002638,207.00000000002206,2023-08-18 05:00:00+00:00,2023-08-18 04:00:00+00:00,145.7590983997081,145.57539697661085,18.370142309726134,Up,Up,Up,2023-08-08 01:00:00+00:00,244.0,2023-08-08 01:00:00+00:00,2023-08-17 21:00:00+00:00,2023-08-17 00:00:00+00:00,145.3411794530524,143.26717171190197,207.40077411504387,Up,Up,Up,2023-07-31 21:00:00+00:00,408.0,2023-07-31 21:00:00+00:00,12.856,1.6999999999995907
RAW|2023-08-21|2023-08-21T08:15:00Z|-1,2023-08-21,2023H2,2023-08,-1,SHORT,LONDON,2023-08-21 08:15:00+00:00,2023-08-21 08:30:00+00:00,2023-08-21 11:30:00+00:00,145.625,145.142,48.30000000000041,1.5999999999991132,0.03312629399584057,145.543,145.641,145.542,145.613,2023-08-21 08:18:22.667000+00:00,1.5999999999991132,2023-08-21 08:30:00+00:00,2023-08-21 08:18:24.016000+00:00,1.349,0.655,20,True,2023-08-21 08:30:00.055000+00:00,145.612,145.617,16.30000000000109,17.199999999999704,2.933333333333333,12.999999999999545,49.0296981013544,2023-08-21 02:17:13.772000+00:00,1,21668.895,-1102.667,0.49999999999954525,2023-08-21 11:30:00.150000+00:00,145.812,145.817,-20.50000000000125,-205.0000000000125,5.19999999999925,-36.19999999999948,410.038,7276.411,1.5999999999991132,3.999999999999204,-6.800000000001205,-11.50000000000091,-32.20000000000027,-20.50000000000125,False,False,True,SL_ONLY,-210.00000000000796,-218.9999999999941,2023-08-21 05:00:00+00:00,2023-08-21 04:00:00+00:00,145.37715646112963,145.48551957230595,-10.83631111763168,Down,Down,Down,2023-08-18 17:00:00+00:00,60.0,2023-08-18 17:00:00+00:00,2023-08-18 21:00:00+00:00,2023-08-18 00:00:00+00:00,145.33741389503743,143.43203797494982,190.53759200876073,Up,Up,Up,2023-07-31 21:00:00+00:00,432.0,2023-07-31 21:00:00+00:00,1.349,1.5999999999991132
RAW|2023-08-22|2023-08-22T07:00:00Z|1,2023-08-22,2023H2,2023-08,1,LONG,LONDON,2023-08-22 07:00:00+00:00,2023-08-22 07:15:00+00:00,2023-08-22 10:15:00+00:00,146.397,145.843,55.400000000000205,3.3999999999991815,0.06137184115521965,145.91,145.936,145.809,145.85,2023-08-22 07:03:39.991000+00:00,3.3999999999991815,2023-08-22 07:15:00+00:00,2023-08-22 07:03:42.910000+00:00,2.919,19.841,13,True,2023-08-22 07:15:00.295000+00:00,145.851,145.856,6.89999999999884,9.499999999999886,2.7666666666666666,9.499999999999886,17.539832675062,2023-08-22 03:15:25.326000+00:00,1,13694.665,3380.009,0.49999999999954525,2023-08-22 10:15:02.889000+00:00,145.582,145.585,-27.40000000000009,-274.0000000000009,0.10000000000047748,-34.29999999999893,1082.089,9644.706,-4.399999999998272,-4.200000000000159,-7.499999999998863,-17.799999999999727,-16.499999999999204,-27.40000000000009,False,False,True,SL_ONLY,-275.0000000000057,-274.0000000000009,2023-08-22 05:00:00+00:00,2023-08-22 04:00:00+00:00,146.0009397759875,145.71757236972425,28.33674062632383,Up,Up,Up,2023-08-21 13:00:00+00:00,16.0,2023-08-21 13:00:00+00:00,2023-08-21 21:00:00+00:00,2023-08-21 00:00:00+00:00,145.5861527821696,143.65411493695385,193.20378452157456,Up,Up,Up,2023-07-31 21:00:00+00:00,504.0,2023-07-31 21:00:00+00:00,2.919,3.3999999999991815
RAW|2023-08-23|2023-08-23T10:00:00Z|1,2023-08-23,2023H2,2023-08,1,LONG,LONDON,2023-08-23 10:00:00+00:00,2023-08-23 10:15:00+00:00,2023-08-23 13:15:00+00:00,145.813,145.532,28.09999999999775,10.900000000000887,0.38790035587194877,145.427,145.543,145.423,145.536,2023-08-23 10:00:00.175000+00:00,10.900000000000887,2023-08-23 10:15:00+00:00,2023-08-23 10:09:28.849000+00:00,568.674,1.853,9,True,2023-08-23 10:15:00.168000+00:00,145.536,145.541,1.4000000000010004,7.099999999999795,1.4833333333333334,3.3999999999991815,4.3548162756992985,2023-08-23 06:29:05.598000+00:00,1,12654.577,-7200.175,0.49999999999954525,2023-08-23 13:15:00.910000+00:00,145.295,145.301,-24.600000000000932,-246.00000000000932,5.100000000001614,-29.999999999998295,8715.904,5180.431,-4.099999999999682,-3.700000000000614,-3.3999999999991815,-20.699999999999363,-5.799999999999272,-24.600000000000932,False,False,True,SL_ONLY,-230.0000000000182,-216.00000000000819,2023-08-23 09:00:00+00:00,2023-08-23 08:00:00+00:00,145.65348107627534,145.7043417615446,-5.086068526927079,Down,Up,Transition,2023-08-23 09:00:00+00:00,0.0,2023-08-23 09:00:00+00:00,2023-08-22 21:00:00+00:00,2023-08-22 00:00:00+00:00,145.67068055869257,143.83234574199753,183.83348166950384,Up,Up,Up,2023-07-31 21:00:00+00:00,528.0,2023-07-31 21:00:00+00:00,568.674,10.900000000000887
RAW|2023-08-24|2023-08-24T07:15:00Z|-1,2023-08-24,2023H2,2023-08,-1,SHORT,LONDON,2023-08-24 07:15:00+00:00,2023-08-24 07:30:00+00:00,2023-08-24 10:30:00+00:00,145.202,144.614,58.799999999999386,2.2999999999996135,0.039115646258497234,145.151,145.225,145.096,145.119,2023-08-24 07:22:47.141000+00:00,2.2999999999996135,2023-08-24 07:30:00+00:00,2023-08-24 07:24:03.599000+00:00,76.458,356.401,0,False,2023-08-24 07:30:00.111000+00:00,145.119,145.125,9.600000000000364,12.999999999999545,3.183333333333333,6.100000000000705,10.6359267214393,2023-08-24 05:55:17.751000+00:00,1,5249.39,2232.859,0.6000000000000227,2023-08-24 10:30:00.250000+00:00,145.438,145.445,-32.59999999999934,-325.9999999999934,-0.39999999999906777,-36.40000000000043,1.875,10137.35,-7.099999999999795,-11.699999999999022,-21.50000000000034,-13.300000000000978,-24.399999999999977,-32.59999999999934,False,False,True,SL_ONLY,-325.9999999999934,-326.9999999999982,2023-08-24 05:00:00+00:00,2023-08-24 04:00:00+00:00,145.0977208522259,145.4543471116826,-35.66262594567036,Down,Down,Down,2023-08-23 09:00:00+00:00,20.0,2023-08-23 09:00:00+00:00,2023-08-23 21:00:00+00:00,2023-08-23 00:00:00+00:00,145.4296289704947,143.91191808263773,151.7710887856964,Up,Up,Up,2023-07-31 21:00:00+00:00,552.0,2023-07-31 21:00:00+00:00,76.458,2.2999999999996135
RAW|2023-08-25|2023-08-25T07:45:00Z|1,2023-08-25,2023H2,2023-08,1,LONG,LONDON,2023-08-25 07:45:00+00:00,2023-08-25 08:00:00+00:00,2023-08-25 11:00:00+00:00,146.256,145.907,34.899999999998954,0.30000000000143245,0.00859598853872325,145.915,146.061,145.904,146.052,2023-08-25 07:45:28.511000+00:00,0.30000000000143245,2023-08-25 08:00:00+00:00,2023-08-25 07:45:38.347000+00:00,9.836,0.103,10,True,2023-08-25 08:00:00.159000+00:00,146.053,146.061,10.999999999998522,11.199999999999477,2.3,7.30000000000075,11.967399979482465,2023-08-25 03:22:37.845000+00:00,1,15770.666,871.489,0.8000000000009777,2023-08-25 11:00:00.064000+00:00,145.927,145.932,-13.400000000001455,-134.00000000001455,9.099999999997976,-13.599999999999568,7840.299,10775.516,-2.200000000001978,-3.6000000000001364,-0.30000000000143245,-3.8000000000010914,-0.8000000000009777,,True,False,False,NEITHER,-135.99999999999568,-134.00000000001455,2023-08-25 05:00:00+00:00,2023-08-25 04:00:00+00:00,145.82063892014406,145.61505615205385,20.55827680902098,Up,Up,Up,2023-08-24 17:00:00+00:00,12.0,2023-08-24 17:00:00+00:00,2023-08-24 21:00:00+00:00,2023-08-24 00:00:00+00:00,145.54344926463907,144.0652046360267,147.8244628612373,Up,Up,Up,2023-07-31 21:00:00+00:00,576.0,2023-07-31 21:00:00+00:00,9.836,0.30000000000143245
RAW|2023-08-25|2023-08-25T14:00:00Z|-1,2023-08-25,2023H2,2023-08,-1,SHORT,LONDON_NY_OVERLAP,2023-08-25 14:00:00+00:00,2023-08-25 14:15:00+00:00,2023-08-25 17:15:00+00:00,146.256,145.907,34.899999999998954,5.19999999999925,0.14899713467047007,146.106,146.308,145.719,145.827,2023-08-25 14:02:30.189000+00:00,5.19999999999925,2023-08-25 14:15:00+00:00,2023-08-25 14:02:30.413000+00:00,0.224,0.105,6,True,2023-08-25 14:15:00.189000+00:00,145.828,145.831,13.100000000000023,24.899999999999523,2.716666666666667,24.899999999999523,11.967399979482465,2023-08-25 06:17:36.366000+00:00,1,27893.823,-21750.189,0.2999999999985903,2023-08-25 17:15:00.230000+00:00,146.28,146.283,-45.49999999999841,-454.9999999999841,7.099999999999795,-81.1000000000007,129.739,1829.927,-20.90000000000032,-54.999999999998295,-74.79999999999905,-62.89999999999907,-47.59999999999991,-45.49999999999841,True,True,True,SL_ONLY,-448.99999999998386,-446.9999999999743,2023-08-25 13:00:00+00:00,2023-08-25 12:00:00+00:00,145.89677495925716,145.6712491270984,22.552583215875188,Up,Up,Up,2023-08-24 17:00:00+00:00,20.0,2023-08-24 17:00:00+00:00,2023-08-24 21:00:00+00:00,2023-08-24 00:00:00+00:00,145.54344926463907,144.0652046360267,147.8244628612373,Up,Up,Up,2023-07-31 21:00:00+00:00,576.0,2023-07-31 21:00:00+00:00,0.224,5.19999999999925
RAW|2023-08-28|2023-08-28T08:30:00Z|-1,2023-08-28,2023H2,2023-08,-1,SHORT,LONDON,2023-08-28 08:30:00+00:00,2023-08-28 08:45:00+00:00,2023-08-28 11:45:00+00:00,146.584,146.271,31.30000000000166,0.8000000000009777,0.025559105431339785,146.586,146.592,146.492,146.503,2023-08-28 08:30:00.115000+00:00,0.8000000000009777,2023-08-28 08:45:00+00:00,2023-08-28 08:30:01.523000+00:00,1.408,2.315,5,True,2023-08-28 08:45:00.174000+00:00,146.503,146.508,3.100000000000591,5.799999999999272,1.8,2.6999999999986812,4.702702831291954,2023-08-28 00:00:37.073000+00:00,1,30563.042,-1800.115,0.5000000000023874,2023-08-28 11:45:00.298000+00:00,146.524,146.53,-2.7000000000015234,-27.000000000015234,1.999999999998181,-10.200000000000387,6507.822,3253.197,-0.5000000000023874,-4.000000000002046,-6.900000000001683,-6.800000000001205,-4.900000000000659,-2.7000000000015234,False,False,True,NEITHER,-25.000000000005684,-25.000000000005684,2023-08-28 05:00:00+00:00,2023-08-28 04:00:00+00:00,146.30348452708694,145.88743951609945,41.60450109874887,Up,Up,Up,2023-08-24 17:00:00+00:00,84.0,2023-08-24 17:00:00+00:00,2023-08-25 21:00:00+00:00,2023-08-25 00:00:00+00:00,145.7850351890279,144.25110826514455,153.39269238833424,Up,Up,Up,2023-07-31 21:00:00+00:00,600.0,2023-07-31 21:00:00+00:00,1.408,0.8000000000009777
RAW|2023-08-29|2023-08-29T09:45:00Z|-1,2023-08-29,2023H2,2023-08,-1,SHORT,LONDON,2023-08-29 09:45:00+00:00,2023-08-29 10:00:00+00:00,2023-08-29 13:00:00+00:00,146.56,146.307,25.300000000001432,1.300000000000523,0.051383399209503924,146.571,146.573,146.494,146.543,2023-08-29 09:45:00.079000+00:00,1.300000000000523,2023-08-29 10:00:00+00:00,2023-08-29 09:48:08.727000+00:00,188.648,43.151,4,True,2023-08-29 10:00:00.148000+00:00,146.542,146.547,1.099999999999568,3.6000000000001364,1.7166666666666666,1.8000000000000682,4.853294933262673,2023-08-29 05:25:01.525000+00:00,1,15598.554,-6300.079,0.49999999999954525,2023-08-29 13:00:00.304000+00:00,147.236,147.244,-70.19999999999982,-701.9999999999982,2.400000000000091,-83.69999999999891,243.392,8919.321,1.6999999999995907,-3.3999999999991815,-11.599999999998545,-24.500000000000455,-60.300000000000864,-70.19999999999982,False,False,True,SL_ONLY,-701.9999999999982,-691.0000000000025,2023-08-29 09:00:00+00:00,2023-08-29 08:00:00+00:00,146.47354571489123,146.1537905184609,31.975519643032158,Up,Up,Up,2023-08-24 17:00:00+00:00,112.0,2023-08-24 17:00:00+00:00,2023-08-28 21:00:00+00:00,2023-08-28 00:00:00+00:00,145.99531084930564,144.43269960393297,156.26112453726648,Up,Up,Up,2023-07-31 21:00:00+00:00,672.0,2023-07-31 21:00:00+00:00,188.648,1.300000000000523
RAW|2023-08-30|2023-08-30T07:00:00Z|-1,2023-08-30,2023H2,2023-08,-1,SHORT,LONDON,2023-08-30 07:00:00+00:00,2023-08-30 07:15:00+00:00,2023-08-30 10:15:00+00:00,146.352,145.853,49.89999999999952,3.0000000000001137,0.06012024048096478,146.331,146.382,146.312,146.343,2023-08-30 07:01:01.517000+00:00,3.0000000000001137,2023-08-30 07:15:00+00:00,2023-08-30 07:02:08.452000+00:00,66.935,13.818,32,True,2023-08-30 07:15:00.189000+00:00,146.346,146.348,7.099999999999795,8.199999999999363,3.75,4.399999999998272,8.31783539955722,2023-08-30 06:57:01.954000+00:00,1,239.563,3538.483,0.20000000000095497,2023-08-30 10:15:01.686000+00:00,146.343,146.352,-0.6000000000000227,-6.000000000000227,8.600000000001273,-19.39999999999884,9120.991,3671.313,-9.700000000000841,-13.49999999999909,-9.299999999998931,-15.500000000000114,-4.200000000000159,-0.6000000000000227,False,False,True,NEITHER,3.9999999999906777,12.000000000000455,2023-08-30 05:00:00+00:00,2023-08-30 04:00:00+00:00,146.19695343363094,146.1690963620826,2.785707154833972,Up,Up,Up,2023-08-24 17:00:00+00:00,132.0,2023-08-24 17:00:00+00:00,2023-08-29 21:00:00+00:00,2023-08-29 00:00:00+00:00,145.95865060664687,144.54744363561835,141.12069710285198,Up,Up,Up,2023-07-31 21:00:00+00:00,696.0,2023-07-31 21:00:00+00:00,66.935,3.0000000000001137
RAW|2023-08-30|2023-08-30T12:45:00Z|1,2023-08-30,2023H2,2023-08,1,LONG,LONDON_NY_OVERLAP,2023-08-30 12:45:00+00:00,2023-08-30 13:00:00+00:00,2023-08-30 16:00:00+00:00,146.352,145.853,49.89999999999952,3.6000000000001364,0.07214428857715774,145.935,145.985,145.817,145.868,2023-08-30 12:50:29.799000+00:00,3.6000000000001364,2023-08-30 13:00:00+00:00,2023-08-30 12:50:33.486000+00:00,3.6870000000000003,0.909,22,True,2023-08-30 13:00:00.104000+00:00,145.87,145.877,10.80000000000041,22.100000000000364,4.366666666666666,13.400000000001455,8.31783539955722,2023-08-30 00:57:04.989000+00:00,1,42804.81,-17429.799,0.7000000000005002,2023-08-30 16:00:00.137000+00:00,145.941,145.95,6.399999999999295,63.99999999999295,9.699999999997999,-31.900000000001683,10733.958,2091.269,-2.800000000002001,-4.000000000002046,-15.000000000000568,-26.000000000001933,-3.8000000000010914,6.399999999999295,False,False,True,SL_ONLY,74.00000000001228,70.99999999999795,2023-08-30 13:00:00+00:00,2023-08-30 12:00:00+00:00,146.1523639967505,146.16487356086674,-1.2509564116243155,Down,Up,Transition,2023-08-30 13:00:00+00:00,0.0,2023-08-30 13:00:00+00:00,2023-08-29 21:00:00+00:00,2023-08-29 00:00:00+00:00,145.95865060664687,144.54744363561835,141.12069710285198,Up,Up,Up,2023-07-31 21:00:00+00:00,696.0,2023-07-31 21:00:00+00:00,3.6870000000000003,3.6000000000001364
RAW|2023-08-31|2023-08-31T07:30:00Z|1,2023-08-31,2023H2,2023-08,1,LONG,LONDON,2023-08-31 07:30:00+00:00,2023-08-31 07:45:00+00:00,2023-08-31 10:45:00+00:00,146.124,145.752,37.19999999999857,3.300000000001546,0.08870967741939982,145.795,145.877,145.719,145.871,2023-08-31 07:31:41.418000+00:00,3.300000000001546,2023-08-31 07:45:00+00:00,2023-08-31 07:31:42.562000+00:00,1.144,40.748,7,True,2023-08-31 07:45:00.530000+00:00,145.871,145.876,10.599999999999454,12.100000000000932,2.933333333333333,11.299999999999955,13.04254204130731,2023-08-31 02:56:47.100000+00:00,1,16494.318,1698.582,0.49999999999954525,2023-08-31 10:45:00.343000+00:00,145.895,145.9,1.9000000000005457,19.000000000005457,9.700000000000841,-13.100000000000023,9432.423,3616.922,-0.39999999999906777,3.6000000000001364,-9.200000000001296,-11.899999999999977,-1.300000000000523,,True,False,True,NEITHER,28.00000000002001,34.99999999999659,2023-08-31 05:00:00+00:00,2023-08-31 04:00:00+00:00,146.0616715943228,146.1344863850151,-7.281479069229135,Down,Down,Down,2023-08-30 13:00:00+00:00,16.0,2023-08-30 13:00:00+00:00,2023-08-30 21:00:00+00:00,2023-08-30 00:00:00+00:00,146.03446471903348,144.6815681447689,135.28965742645767,Up,Up,Up,2023-07-31 21:00:00+00:00,720.0,2023-07-31 21:00:00+00:00,1.144,3.300000000001546
RAW|2023-08-31|2023-08-31T13:15:00Z|-1,2023-08-31,2023H2,2023-08,-1,SHORT,LONDON_NY_OVERLAP,2023-08-31 13:15:00+00:00,2023-08-31 13:30:00+00:00,2023-08-31 16:30:00+00:00,146.124,145.752,37.19999999999857,2.199999999999136,0.05913978494621561,146.031,146.146,145.988,146.07,2023-08-31 13:26:14.519000+00:00,2.199999999999136,2023-08-31 13:30:00+00:00,2023-08-31 13:26:17.587000+00:00,3.068,222.413,0,False,2023-08-31 13:30:00.101000+00:00,146.071,146.079,5.3999999999973625,13.999999999998636,3.2333333333333334,8.999999999997499,13.04254204130731,2023-08-31 00:05:39.163000+00:00,1,48035.356,-19574.519,0.8000000000009777,2023-08-31 16:30:00.146000+00:00,145.571,145.574,49.69999999999857,496.9999999999857,61.19999999999948,-16.200000000000614,5496.607,1396.928,-0.49999999999954525,-5.299999999999727,-7.699999999999818,0.0,43.29999999999927,49.69999999999857,True,True,True,TP_ONLY,476.99999999997544,495.9999999999809,2023-08-31 13:00:00+00:00,2023-08-31 12:00:00+00:00,145.98256713996062,146.09928207627678,-11.671493631615704,Down,Down,Down,2023-08-30 13:00:00+00:00,24.0,2023-08-30 13:00:00+00:00,2023-08-30 21:00:00+00:00,2023-08-30 00:00:00+00:00,146.03446471903348,144.6815681447689,135.28965742645767,Up,Up,Up,2023-07-31 21:00:00+00:00,720.0,2023-07-31 21:00:00+00:00,3.068,2.199999999999136
RAW|2023-09-01|2023-09-01T13:45:00Z|1,2023-09-01,2023H2,2023-09,1,LONG,LONDON_NY_OVERLAP,2023-09-01 13:45:00+00:00,2023-09-01 14:00:00+00:00,2023-09-01 17:00:00+00:00,145.699,145.236,46.30000000000223,9.299999999998931,0.20086393088549642,145.143,145.451,145.143,145.36,2023-09-01 13:45:00.080000+00:00,9.299999999998931,2023-09-01 14:00:00+00:00,2023-09-01 13:45:00.439000+00:00,0.359,1.045,13,True,2023-09-01 14:00:00.034000+00:00,145.36,145.364,-31.200000000001182,37.599999999997635,4.316666666666666,12.599999999997635,78.11452860872345,2023-09-01 01:12:49.171000+00:00,2,45130.909,-20700.08,0.39999999999906777,2023-09-01 17:00:00.062000+00:00,146.149,146.153,78.49999999999966,784.9999999999966,92.79999999999973,-0.39999999999906777,7406.08,0.0,19.999999999998863,14.900000000000091,50.60000000000002,64.49999999999818,83.89999999999986,78.49999999999966,True,True,False,TP_ONLY,558.9999999999975,590.0000000000034,2023-09-01 13:00:00+00:00,2023-09-01 12:00:00+00:00,145.34439940468584,145.8040396168127,-45.96402121268568,Down,Down,Down,2023-08-30 13:00:00+00:00,48.0,2023-08-30 13:00:00+00:00,2023-08-31 21:00:00+00:00,2023-08-31 00:00:00+00:00,145.88833194216676,144.7488826931874,113.94492489793606,Up,Up,Up,2023-07-31 21:00:00+00:00,744.0,2023-07-31 21:00:00+00:00,0.359,9.299999999998931
RAW|2023-09-04|2023-09-04T07:00:00Z|-1,2023-09-04,2023H2,2023-09,-1,SHORT,LONDON,2023-09-04 07:00:00+00:00,2023-09-04 07:15:00+00:00,2023-09-04 10:15:00+00:00,146.244,146.035,20.90000000000032,11.600000000001387,0.555023923445034,146.187,146.36,146.183,146.219,2023-09-04 07:01:47.724000+00:00,11.600000000001387,2023-09-04 07:15:00+00:00,2023-09-04 07:02:08.779000+00:00,21.055,0.205,8,True,2023-09-04 07:15:00.278000+00:00,146.219,146.225,7.200000000000273,10.699999999999932,2.15,9.499999999999886,12.877374330073796,2023-09-04 01:40:25.825000+00:00,1,19281.899,3492.276,0.6000000000000227,2023-09-04 10:15:00.536000+00:00,146.379,146.384,-16.499999999999204,-164.99999999999204,0.7000000000005002,-25.100000000000477,363.454,6696.85,-1.6000000000019554,-11.199999999999477,-20.09999999999934,-17.40000000000066,-18.600000000000705,-16.499999999999204,False,False,True,SL_ONLY,-159.9999999999966,-158.99999999999181,2023-09-04 05:00:00+00:00,2023-09-04 04:00:00+00:00,145.9465937642352,145.90442346600577,4.217029822942209,Up,Down,Transition,2023-09-04 05:00:00+00:00,0.0,2023-09-04 05:00:00+00:00,2023-09-01 21:00:00+00:00,2023-09-01 00:00:00+00:00,145.9665228158334,144.8619320777324,110.45907381009954,Up,Up,Up,2023-07-31 21:00:00+00:00,768.0,2023-07-31 21:00:00+00:00,21.055,11.600000000001387
RAW|2023-09-05|2023-09-05T07:30:00Z|-1,2023-09-05,2023H2,2023-09,-1,SHORT,LONDON,2023-09-05 07:30:00+00:00,2023-09-05 07:45:00+00:00,2023-09-05 10:45:00+00:00,147.058,146.486,57.20000000000027,2.5000000000005684,0.04370629370630343,146.965,147.083,146.934,147.017,2023-09-05 07:37:36.054000+00:00,2.5000000000005684,2023-09-05 07:45:00+00:00,2023-09-05 07:38:07.508000+00:00,31.454,50.268,1,True,2023-09-05 07:45:00.140000+00:00,147.017,147.02,16.99999999999875,17.300000000000182,3.216666666666667,12.5,9.793234906376494,2023-09-05 06:51:48.121000+00:00,1,2747.933,1343.946,0.30000000000143245,2023-09-05 10:45:00.255000+00:00,147.247,147.252,-23.500000000001364,-235.00000000001364,17.499999999998295,-26.200000000000045,1731.67,10227.668,9.999999999999432,10.200000000000387,15.099999999998204,3.8999999999987267,-7.099999999999795,-23.500000000001364,False,False,True,TP_FIRST,-246.00000000000932,-245.00000000000455,2023-09-05 05:00:00+00:00,2023-09-05 04:00:00+00:00,146.46144952839526,146.1425669546092,31.888257378605545,Up,Up,Up,2023-09-04 05:00:00+00:00,24.0,2023-09-04 05:00:00+00:00,2023-09-04 21:00:00+00:00,2023-09-04 00:00:00+00:00,146.10580201130958,144.98929751151383,111.65044997957523,Up,Up,Up,2023-07-31 21:00:00+00:00,840.0,2023-07-31 21:00:00+00:00,31.454,2.5000000000005684
RAW|2023-09-07|2023-09-07T07:30:00Z|1,2023-09-07,2023H2,2023-09,1,LONG,LONDON,2023-09-07 07:30:00+00:00,2023-09-07 07:45:00+00:00,2023-09-07 10:45:00+00:00,147.872,147.428,44.40000000000168,1.9000000000005457,0.042792792792803465,147.48,147.494,147.409,147.494,2023-09-07 07:35:56.770000+00:00,1.9000000000005457,2023-09-07 07:45:00+00:00,2023-09-07 07:35:57.025000+00:00,0.255,94.808,8,True,2023-09-07 07:45:01.802000+00:00,147.494,147.499,10.3999999999985,11.499999999998067,0.9333333333333333,5.400000000000205,7.251030268696674,2023-09-07 06:52:43.025000+00:00,1,2593.745,1443.23,0.49999999999954525,2023-09-07 10:45:02.157000+00:00,147.441,147.445,-5.799999999999272,-57.999999999992724,2.2999999999996135,-13.800000000000523,94.406,3146.515,-0.39999999999906777,-5.89999999999975,-1.300000000000523,-8.500000000000796,-6.399999999999295,-5.799999999999272,False,False,True,NEITHER,-61.9999999999834,-73.99999999998386,2023-09-07 05:00:00+00:00,2023-09-07 04:00:00+00:00,147.56374741266177,147.01607480949787,54.76726031639032,Up,Up,Up,2023-09-04 05:00:00+00:00,72.0,2023-09-04 05:00:00+00:00,2023-09-06 21:00:00+00:00,2023-09-06 00:00:00+00:00,146.8729193935253,145.4019366137453,147.09827797800017,Up,Up,Up,2023-07-31 21:00:00+00:00,888.0,2023-07-31 21:00:00+00:00,0.255,1.9000000000005457
RAW|2023-09-08|2023-09-08T07:15:00Z|-1,2023-09-08,2023H2,2023-09,-1,SHORT,LONDON,2023-09-08 07:15:00+00:00,2023-09-08 07:30:00+00:00,2023-09-08 10:30:00+00:00,147.368,146.584,78.39999999999918,1.6999999999995907,0.021683673469382762,147.247,147.385,147.24,147.355,2023-09-08 07:22:12.490000+00:00,1.6999999999995907,2023-09-08 07:30:00+00:00,2023-09-08 07:22:13.830000+00:00,1.34,125.852,12,True,2023-09-08 07:30:00.278000+00:00,147.354,147.359,11.100000000001842,13.599999999999568,2.3666666666666667,11.899999999999977,141.73641165428302,2023-09-08 00:03:06.664000+00:00,1,26345.826,2267.51,0.49999999999954525,2023-09-08 10:30:00.852000+00:00,147.367,147.375,-2.0999999999986585,-20.999999999986585,10.699999999999932,-10.599999999999454,9043.07,2844.109,-3.499999999999659,-0.6000000000000227,-4.599999999999227,-3.3999999999991815,2.3000000000024556,-2.0999999999986585,False,False,True,TP_ONLY,-10.99999999999568,-8.99999999998613,2023-09-08 05:00:00+00:00,2023-09-08 04:00:00+00:00,147.21746064414353,147.08615370535946,13.130693878406419,Up,Up,Up,2023-09-04 05:00:00+00:00,96.0,2023-09-04 05:00:00+00:00,2023-09-07 21:00:00+00:00,2023-09-07 00:00:00+00:00,146.9897995668038,145.55234168464568,143.7457882158128,Up,Up,Up,2023-07-31 21:00:00+00:00,912.0,2023-07-31 21:00:00+00:00,1.34,1.6999999999995907
RAW|2023-09-11|2023-09-11T07:30:00Z|1,2023-09-11,2023H2,2023-09,1,LONG,LONDON,2023-09-11 07:30:00+00:00,2023-09-11 07:45:00+00:00,2023-09-11 10:45:00+00:00,147.144,145.908,123.60000000000184,0.7999999999981355,0.006472491909369932,145.976,146.089,145.9,146.087,2023-09-11 07:31:47.896000+00:00,0.7999999999981355,2023-09-11 07:45:00+00:00,2023-09-11 07:31:48.308000+00:00,0.412,0.052,3,True,2023-09-11 07:45:01.091000+00:00,146.097,146.101,8.400000000000318,18.10000000000116,3.95,11.199999999999477,19.771902383075304,2023-09-11 06:15:13.522000+00:00,1,4594.374,1692.104,0.39999999999906777,2023-09-11 10:45:00.119000+00:00,146.824,146.829,72.30000000000132,723.0000000000132,80.29999999999973,-4.599999999999227,10215.113,26.734,2.899999999999636,8.600000000001273,10.300000000000864,32.800000000000296,43.50000000000023,,True,False,False,TP_ONLY,748.0000000000189,743.9999999999998,2023-09-11 05:00:00+00:00,2023-09-11 04:00:00+00:00,147.0486870994632,147.13919447845083,-9.050737898763828,Down,Up,Transition,2023-09-11 05:00:00+00:00,0.0,2023-09-11 05:00:00+00:00,2023-09-08 21:00:00+00:00,2023-09-08 00:00:00+00:00,147.22071397628844,145.73199434987401,148.87196264144222,Up,Up,Up,2023-07-31 21:00:00+00:00,936.0,2023-07-31 21:00:00+00:00,0.412,0.7999999999981355
RAW|2023-09-12|2023-09-12T10:45:00Z|-1,2023-09-12,2023H2,2023-09,-1,SHORT,LONDON,2023-09-12 10:45:00+00:00,2023-09-12 11:00:00+00:00,2023-09-12 14:00:00+00:00,146.942,146.436,50.60000000000002,3.3999999999991815,0.06719367588931185,146.974,146.976,146.9,146.905,2023-09-12 10:45:00.183000+00:00,3.3999999999991815,2023-09-12 11:00:00+00:00,2023-09-12 10:46:54.939000+00:00,114.756,2.722,13,True,2023-09-12 11:00:00.204000+00:00,146.903,146.908,14.19999999999959,15.999999999999659,1.5833333333333333,11.599999999998545,9.510627666967228,2023-09-12 06:32:36.938000+00:00,1,15143.245,-9900.183,0.49999999999954525,2023-09-12 14:00:00.009000+00:00,147.207,147.212,-30.89999999999975,-308.9999999999975,3.7999999999982492,-33.00000000000125,3113.229,10757.493,-4.500000000001592,-5.000000000001137,-5.200000000002092,0.1999999999981128,-22.59999999999991,,False,False,True,SL_ONLY,-305.9999999999832,-299.99999999998295,2023-09-12 09:00:00+00:00,2023-09-12 08:00:00+00:00,146.70757334303804,146.9039121147956,-19.633877175755288,Down,Down,Down,2023-09-11 05:00:00+00:00,28.0,2023-09-11 05:00:00+00:00,2023-09-11 21:00:00+00:00,2023-09-11 00:00:00+00:00,147.03479569734887,145.7990348018841,123.57608954647787,Up,Up,Up,2023-07-31 21:00:00+00:00,1008.0,2023-07-31 21:00:00+00:00,114.756,3.3999999999991815
RAW|2023-09-13|2023-09-13T12:15:00Z|-1,2023-09-13,2023H2,2023-09,-1,SHORT,LONDON_NY_OVERLAP,2023-09-13 12:15:00+00:00,2023-09-13 12:30:00+00:00,2023-09-13 15:30:00+00:00,147.446,147.097,34.899999999998954,2.7999999999991587,0.08022922636100982,147.463,147.474,147.402,147.403,2023-09-13 12:15:01.192000+00:00,2.7999999999991587,2023-09-13 12:30:00+00:00,2023-09-13 12:16:04.273000+00:00,63.081,0.102,12,True,2023-09-13 12:30:00.115000+00:00,147.401,147.418,6.89999999999884,10.200000000000387,1.1833333333333333,3.999999999999204,13.782782513856692,2023-09-13 02:37:26.453000+00:00,1,34654.739,-15301.192,1.6999999999995907,2023-09-13 15:30:01.065000+00:00,147.416,147.422,-2.0999999999986585,-20.999999999986585,17.300000000000182,-34.99999999999943,0.964,28.985,-13.100000000000023,-11.599999999998545,-3.6000000000001364,-3.299999999998704,-14.499999999998181,-2.0999999999986585,True,False,True,TP_FIRST,165.99999999999682,153.99999999999636,2023-09-13 09:00:00+00:00,2023-09-13 08:00:00+00:00,147.18331368294648,147.03155865349999,15.17550294464911,Up,Up,Up,2023-09-12 21:00:00+00:00,12.0,2023-09-12 21:00:00+00:00,2023-09-12 21:00:00+00:00,2023-09-12 00:00:00+00:00,147.04399692667778,145.90047201773336,114.35249089444142,Up,Up,Up,2023-07-31 21:00:00+00:00,1032.0,2023-07-31 21:00:00+00:00,63.081,2.7999999999991587
RAW|2023-09-14|2023-09-14T09:45:00Z|-1,2023-09-14,2023H2,2023-09,-1,SHORT,LONDON,2023-09-14 09:45:00+00:00,2023-09-14 10:00:00+00:00,2023-09-14 13:00:00+00:00,147.386,147.018,36.7999999999995,0.49999999999954525,0.013586956521726958,147.365,147.391,147.349,147.377,2023-09-14 09:45:54.571000+00:00,0.49999999999954525,2023-09-14 10:00:00+00:00,2023-09-14 09:46:00.341000+00:00,5.77,6.889,21,True,2023-09-14 10:00:07.566000+00:00,147.378,147.383,6.60000000000025,6.60000000000025,1.3333333333333333,4.800000000000182,10.905085014472055,2023-09-14 00:03:11.813000+00:00,1,34962.758,-6354.571,0.5000000000023874,2023-09-14 13:00:00.004000+00:00,147.406,147.41,-3.2000000000010687,-32.00000000001069,16.799999999997794,-19.600000000002638,8322.643,9101.529,0.2999999999985903,-0.6000000000000227,0.49999999999954525,3.5999999999972943,4.199999999997317,,False,False,True,TP_ONLY,-32.00000000001069,-32.00000000001069,2023-09-14 09:00:00+00:00,2023-09-14 08:00:00+00:00,147.24245472801329,147.12844064636323,11.401408165005478,Up,Up,Up,2023-09-12 21:00:00+00:00,36.0,2023-09-12 21:00:00+00:00,2023-09-13 21:00:00+00:00,2023-09-13 00:00:00+00:00,147.158854947627,146.0241142563147,113.47406913122882,Up,Up,Up,2023-07-31 21:00:00+00:00,1056.0,2023-07-31 21:00:00+00:00,5.77,0.49999999999954525
RAW|2023-09-14|2023-09-14T15:00:00Z|1,2023-09-14,2023H2,2023-09,1,LONG,LONDON_NY_OVERLAP,2023-09-14 15:00:00+00:00,2023-09-14 15:15:00+00:00,2023-09-14 18:15:00+00:00,147.386,147.018,36.7999999999995,0.20000000000095497,0.005434782608721676,147.124,147.155,147.016,147.036,2023-09-14 15:13:23.115000+00:00,0.20000000000095497,2023-09-14 15:15:00+00:00,2023-09-14 15:13:23.269000+00:00,0.154,0.357,1,True,2023-09-14 15:15:00.364000+00:00,147.035,147.041,10.80000000000041,13.900000000001,2.8333333333333335,5.800000000002115,10.905085014472055,2023-09-14 03:25:40.274000+00:00,1,42462.841,-26003.115,0.6000000000000227,2023-09-14 18:15:02.922000+00:00,147.388,147.393,34.70000000000084,347.0000000000084,44.80000000000075,-2.400000000000091,9404.991,12.757,5.500000000000682,12.000000000000455,14.000000000001478,4.900000000000659,25.100000000000477,34.70000000000084,True,True,True,TP_ONLY,348.0000000000132,359.00000000000887,2023-09-14 13:00:00+00:00,2023-09-14 12:00:00+00:00,147.2891819485809,147.1506453946542,13.853655392671271,Up,Up,Up,2023-09-12 21:00:00+00:00,40.0,2023-09-12 21:00:00+00:00,2023-09-13 21:00:00+00:00,2023-09-13 00:00:00+00:00,147.158854947627,146.0241142563147,113.47406913122882,Up,Up,Up,2023-07-31 21:00:00+00:00,1056.0,2023-07-31 21:00:00+00:00,0.154,0.20000000000095497
RAW|2023-09-15|2023-09-15T14:30:00Z|-1,2023-09-15,2023H2,2023-09,-1,SHORT,LONDON_NY_OVERLAP,2023-09-15 14:30:00+00:00,2023-09-15 14:45:00+00:00,2023-09-15 17:45:00+00:00,147.691,147.336,35.49999999999898,6.19999999999834,0.17464788732390193,147.714,147.753,147.658,147.672,2023-09-15 14:30:00.057000+00:00,6.19999999999834,2023-09-15 14:45:00+00:00,2023-09-15 14:40:18.260000+00:00,618.203,0.513,14,True,2023-09-15 14:45:00.309000+00:00,147.671,147.675,-2.5000000000005684,8.599999999998431,3.2333333333333334,6.200000000001182,7.313562945255138,2023-09-15 05:02:16.751000+00:00,1,34063.306,-23400.057,0.40000000000190994,2023-09-15 17:45:19.654000+00:00,147.802,147.806,-13.500000000001933,-135.00000000001933,3.999999999999204,-22.800000000000864,75.393,1304.623,-5.100000000001614,-19.599999999999795,-18.10000000000116,-14.400000000000546,-19.80000000000075,-13.500000000001933,False,False,True,SL_ONLY,-137.00000000000045,-144.00000000000546,2023-09-15 13:00:00+00:00,2023-09-15 12:00:00+00:00,147.61871412376286,147.3181264073662,30.058771639664883,Up,Up,Up,2023-09-12 21:00:00+00:00,64.0,2023-09-12 21:00:00+00:00,2023-09-14 21:00:00+00:00,2023-09-14 00:00:00+00:00,147.244039248305,146.13874511580954,110.52941324954588,Up,Up,Up,2023-07-31 21:00:00+00:00,1080.0,2023-07-31 21:00:00+00:00,618.203,6.19999999999834
RAW|2023-09-19|2023-09-19T18:15:00Z|-1,2023-09-19,2023H2,2023-09,-1,SHORT,NEW_YORK,2023-09-19 18:15:00+00:00,2023-09-19 18:30:00+00:00,2023-09-19 21:30:00+00:00,147.892,147.503,38.900000000001,2.7999999999991587,0.0719794344472773,147.876,147.92,147.873,147.877,2023-09-19 18:16:28.609000+00:00,2.7999999999991587,2023-09-19 18:30:00+00:00,2023-09-19 18:16:34.456000+00:00,5.8469999999999995,2.182,3,True,2023-09-19 18:30:00.099000+00:00,147.873,147.876,4.2999999999977945,6.499999999999773,0.55,3.1999999999982265,5.814925906616193,2023-09-19 06:47:08.507000+00:00,1,41360.102,-36988.609,0.30000000000143245,2023-09-19 21:30:00.170000+00:00,147.853,147.88,-0.7000000000005002,-7.000000000005002,6.799999999998363,-2.899999999999636,5880.155,284.845,-2.800000000002001,-2.400000000000091,2.2999999999996135,-0.40000000000190994,0.2999999999985903,-0.7000000000005002,False,False,True,NEITHER,-2.0000000000095497,-2.999999999985903,2023-09-19 17:00:00+00:00,2023-09-19 16:00:00+00:00,147.7450329155073,147.58438360674467,16.064930876262906,Up,Up,Up,2023-09-12 21:00:00+00:00,164.0,2023-09-12 21:00:00+00:00,2023-09-18 21:00:00+00:00,2023-09-18 00:00:00+00:00,147.4607955348495,146.3786722660212,108.21232688282976,Up,Up,Up,2023-07-31 21:00:00+00:00,1176.0,2023-07-31 21:00:00+00:00,5.8469999999999995,2.7999999999991587
RAW|2023-09-20|2023-09-20T07:00:00Z|-1,2023-09-20,2023H2,2023-09,-1,SHORT,LONDON,2023-09-20 07:00:00+00:00,2023-09-20 07:15:00+00:00,2023-09-20 10:15:00+00:00,147.963,147.704,25.899999999998613,3.700000000000614,0.1428571428571742,147.938,148.0,147.905,147.952,2023-09-20 07:02:24.517000+00:00,3.700000000000614,2023-09-20 07:15:00+00:00,2023-09-20 07:03:09.991000+00:00,45.474,0.411,11,True,2023-09-20 07:15:00.128000+00:00,147.955,147.958,5.400000000000205,6.200000000001182,3.4166666666666665,4.900000000000659,4.678971800462979,2023-09-20 06:34:20.316000+00:00,1,1684.201,3455.483,0.2999999999985903,2023-09-20 10:15:00.770000+00:00,147.963,147.968,-1.2999999999976808,-12.999999999976808,1.500000000001478,-21.599999999997976,588.19,1931.283,-2.400000000000091,-4.599999999999227,-14.799999999999613,-18.39999999999975,-6.599999999997408,-1.2999999999976808,False,False,True,SL_ONLY,-15.999999999991132,-19.99999999998181,2023-09-20 05:00:00+00:00,2023-09-20 04:00:00+00:00,147.78300616454348,147.63303509396877,14.997107057470771,Up,Up,Up,2023-09-12 21:00:00+00:00,176.0,2023-09-12 21:00:00+00:00,2023-09-19 21:00:00+00:00,2023-09-19 00:00:00+00:00,147.56942538203535,146.49565848473952,107.37668972958261,Up,Up,Up,2023-07-31 21:00:00+00:00,1200.0,2023-07-31 21:00:00+00:00,45.474,3.700000000000614
RAW|2023-09-20|2023-09-20T13:45:00Z|1,2023-09-20,2023H2,2023-09,1,LONG,LONDON_NY_OVERLAP,2023-09-20 13:45:00+00:00,2023-09-20 14:00:00+00:00,2023-09-20 17:00:00+00:00,147.963,147.704,25.899999999998613,1.500000000001478,0.05791505791511808,147.729,147.741,147.689,147.71,2023-09-20 13:56:00.942000+00:00,1.500000000001478,2023-09-20 14:00:00+00:00,2023-09-20 13:56:08.178000+00:00,7.236,8.991,1,True,2023-09-20 14:00:00.109000+00:00,147.71,147.716,6.000000000000227,8.799999999999386,2.1166666666666667,3.700000000000614,4.678971800462979,2023-09-20 01:02:12.861000+00:00,1,46428.081,-21360.942,0.6000000000000227,2023-09-20 17:00:00.127000+00:00,147.539,147.543,-17.700000000002092,-177.00000000002092,4.699999999999704,-22.400000000001796,2116.196,9833.072,-5.60000000000116,-5.100000000001614,2.0999999999986585,-2.2999999999996135,2.199999999999136,-17.700000000002092,False,False,True,SL_ONLY,-185.00000000000227,-174.0000000000066,2023-09-20 13:00:00+00:00,2023-09-20 12:00:00+00:00,147.86773783905278,147.68483130353516,18.290653551761693,Up,Up,Up,2023-09-12 21:00:00+00:00,184.0,2023-09-12 21:00:00+00:00,2023-09-19 21:00:00+00:00,2023-09-19 00:00:00+00:00,147.56942538203535,146.49565848473952,107.37668972958261,Up,Up,Up,2023-07-31 21:00:00+00:00,1200.0,2023-07-31 21:00:00+00:00,7.236,1.500000000001478
RAW|2023-09-21|2023-09-21T08:15:00Z|1,2023-09-21,2023H2,2023-09,1,LONG,LONDON,2023-09-21 08:15:00+00:00,2023-09-21 08:30:00+00:00,2023-09-21 11:30:00+00:00,148.457,148.189,26.800000000000068,3.6000000000001364,0.13432835820895997,148.241,148.241,148.153,148.19,2023-09-21 08:21:16.624000+00:00,3.6000000000001364,2023-09-21 08:30:00+00:00,2023-09-21 08:21:19.348000+00:00,2.724,6.7620000000000005,12,True,2023-09-21 08:30:01.682000+00:00,148.19,148.196,6.799999999998363,7.499999999998863,1.6666666666666667,5.400000000000205,12.653313888218602,2023-09-21 02:32:15.021000+00:00,1,20941.603,-1276.624,0.6000000000000227,2023-09-21 11:30:00.149000+00:00,147.921,147.924,-27.50000000000057,-275.0000000000057,6.100000000000705,-49.799999999999045,2299.666,9032.085,0.7000000000005002,3.900000000001569,0.30000000000143245,0.39999999999906777,-25.29999999999859,,False,False,True,SL_ONLY,-275.0000000000057,-274.0000000000009,2023-09-21 05:00:00+00:00,2023-09-21 04:00:00+00:00,148.14584429379758,147.82499213520023,32.08521585973472,Up,Up,Up,2023-09-12 21:00:00+00:00,200.0,2023-09-12 21:00:00+00:00,2023-09-20 21:00:00+00:00,2023-09-20 00:00:00+00:00,147.78730384431097,146.64256580596034,114.47380383506243,Up,Up,Up,2023-07-31 21:00:00+00:00,1224.0,2023-07-31 21:00:00+00:00,2.724,3.6000000000001364
RAW|2023-09-27|2023-09-27T11:30:00Z|-1,2023-09-27,2023H2,2023-09,-1,SHORT,LONDON,2023-09-27 11:30:00+00:00,2023-09-27 11:45:00+00:00,2023-09-27 14:45:00+00:00,149.151,148.86,29.09999999999968,7.399999999998386,0.2542955326459954,149.222,149.225,149.125,149.126,2023-09-27 11:30:00.077000+00:00,7.399999999998386,2023-09-27 11:45:00+00:00,2023-09-27 11:42:51.163000+00:00,771.086,35.986,9,True,2023-09-27 11:45:01.410000+00:00,149.126,149.131,0.8000000000009777,4.400000000001114,2.7666666666666666,3.499999999999659,6.469535626168966,2023-09-27 06:29:03.878000+00:00,1,18056.199,-12600.077,0.49999999999954525,2023-09-27 14:45:00.061000+00:00,149.443,149.448,-32.20000000000027,-322.00000000000273,1.2000000000000455,-35.09999999999991,11.987,10146.7,-0.7000000000005002,-5.500000000000682,-9.199999999998454,-6.399999999999295,-16.99999999999875,,False,False,True,SL_ONLY,-322.00000000000273,-323.0000000000075,2023-09-27 09:00:00+00:00,2023-09-27 08:00:00+00:00,148.98686594417325,148.59405332101218,39.281262316106336,Up,Up,Up,2023-09-22 05:00:00+00:00,124.0,2023-09-22 05:00:00+00:00,2023-09-26 21:00:00+00:00,2023-09-26 00:00:00+00:00,148.22853347095884,147.02266829831166,120.58651726471794,Up,Up,Up,2023-07-31 21:00:00+00:00,1368.0,2023-07-31 21:00:00+00:00,771.086,7.399999999998386
RAW|2023-09-28|2023-09-28T07:15:00Z|1,2023-09-28,2023H2,2023-09,1,LONG,LONDON,2023-09-28 07:15:00+00:00,2023-09-28 07:30:00+00:00,2023-09-28 10:30:00+00:00,149.559,149.257,30.19999999999925,5.19999999999925,0.17218543046355558,149.275,149.292,149.205,149.269,2023-09-28 07:15:40.059000+00:00,5.19999999999925,2023-09-28 07:30:00+00:00,2023-09-28 07:16:46.562000+00:00,66.503,45.054,14,True,2023-09-28 07:30:00.074000+00:00,149.268,149.274,9.200000000001296,9.700000000000841,1.9666666666666666,4.700000000002547,8.038437810350635,2023-09-28 05:15:44.656000+00:00,1,7195.403,2659.941,0.6000000000000227,2023-09-28 10:30:00.100000+00:00,149.318,149.325,4.400000000001114,44.00000000001114,15.399999999999636,-6.499999999999773,3714.22,8284.378,2.5000000000005684,5.500000000000682,4.400000000001114,12.600000000000477,6.399999999999295,4.400000000001114,True,False,True,TP_ONLY,39.00000000001569,41.00000000002524,2023-09-28 05:00:00+00:00,2023-09-28 04:00:00+00:00,149.35355971175946,148.88350522739952,47.00544843599346,Up,Up,Up,2023-09-22 05:00:00+00:00,144.0,2023-09-22 05:00:00+00:00,2023-09-27 21:00:00+00:00,2023-09-27 00:00:00+00:00,148.62552390782773,147.2302948344467,139.52290733810173,Up,Up,Up,2023-07-31 21:00:00+00:00,1392.0,2023-07-31 21:00:00+00:00,66.503,5.19999999999925
RAW|2023-09-29|2023-09-29T07:45:00Z|1,2023-09-29,2023H2,2023-09,1,LONG,LONDON,2023-09-29 07:45:00+00:00,2023-09-29 08:00:00+00:00,2023-09-29 11:00:00+00:00,149.5,148.75,75.0,6.999999999999318,0.09333333333332423,148.685,148.791,148.68,148.768,2023-09-29 07:45:00.298000+00:00,6.999999999999318,2023-09-29 08:00:00+00:00,2023-09-29 07:57:13.050000+00:00,732.752,166.95,0,False,2023-09-29 08:00:00.010000+00:00,148.768,148.773,-0.39999999999906777,17.099999999999227,2.533333333333333,12.299999999999045,25.880085868207868,2023-09-29 06:55:11.943000+00:00,1,2988.355,899.702,0.49999999999954525,2023-09-29 11:00:00.097000+00:00,149.1,149.103,32.69999999999982,326.9999999999982,37.20000000000141,-0.8000000000009777,9154.929,2.566,8.600000000001273,17.00000000000159,16.100000000000136,29.90000000000066,29.699999999999704,32.69999999999982,True,False,False,TP_ONLY,325.9999999999934,322.00000000000273,2023-09-29 05:00:00+00:00,2023-09-29 04:00:00+00:00,149.3557572992226,149.0703193425766,28.54379566460068,Up,Up,Up,2023-09-22 05:00:00+00:00,168.0,2023-09-22 05:00:00+00:00,2023-09-28 21:00:00+00:00,2023-09-28 00:00:00+00:00,148.81765993416266,147.39571124769097,142.19486864716941,Up,Up,Up,2023-07-31 21:00:00+00:00,1416.0,2023-07-31 21:00:00+00:00,732.752,6.999999999999318
RAW|2023-10-02|2023-10-02T13:30:00Z|-1,2023-10-02,2023H2,2023-10,-1,SHORT,LONDON_NY_OVERLAP,2023-10-02 13:30:00+00:00,2023-10-02 13:45:00+00:00,2023-10-02 16:45:00+00:00,149.821,149.454,36.69999999999902,0.39999999999906777,0.010899182561282791,149.805,149.825,149.767,149.782,2023-10-02 13:35:00.654000+00:00,0.39999999999906777,2023-10-02 13:45:00+00:00,2023-10-02 13:35:00.758000+00:00,0.104,0.103,3,True,2023-10-02 13:45:00.126000+00:00,149.789,149.805,1.500000000001478,3.900000000001569,1.6833333333333333,3.900000000001569,9.30623471236793,2023-10-02 04:01:09.829000+00:00,1,34430.825,-20100.654,1.6000000000019554,2023-10-02 16:45:06.283000+00:00,149.79,149.794,-0.5000000000023874,-5.000000000023874,10.999999999998522,-9.300000000001774,930.935,904.049,-4.500000000001592,-6.200000000001182,-5.400000000000205,-5.700000000001637,-1.0000000000019327,-0.5000000000023874,False,False,True,TP_ONLY,44.999999999987494,30.99999999997749,2023-10-02 13:00:00+00:00,2023-10-02 12:00:00+00:00,149.63382976082067,149.29819566960714,33.563409121353516,Up,Up,Up,2023-09-22 05:00:00+00:00,248.0,2023-09-22 05:00:00+00:00,2023-09-29 21:00:00+00:00,2023-09-29 00:00:00+00:00,148.96518566725905,147.5507743478757,141.44113193833618,Up,Up,Up,2023-07-31 21:00:00+00:00,1440.0,2023-07-31 21:00:00+00:00,0.104,0.39999999999906777
RAW|2023-10-03|2023-10-03T07:00:00Z|1,2023-10-03,2023H2,2023-10,1,LONG,LONDON,2023-10-03 07:00:00+00:00,2023-10-03 07:15:00+00:00,2023-10-03 10:15:00+00:00,149.932,149.714,21.79999999999893,6.299999999998818,0.2889908256880333,149.74,149.765,149.651,149.736,2023-10-03 07:00:46.893000+00:00,6.299999999998818,2023-10-03 07:15:00+00:00,2023-10-03 07:10:46.580000+00:00,599.687,253.42,0,False,2023-10-03 07:15:00.114000+00:00,149.737,149.742,5.89999999999975,6.799999999998363,1.95,4.099999999999682,21.79443636471583,2023-10-03 06:54:56.895000+00:00,1,349.998,3553.107,0.49999999999954525,2023-10-03 10:15:04.159000+00:00,149.886,149.891,14.400000000000546,144.00000000000546,14.700000000001978,-6.699999999997885,10787.301,1089.244,1.500000000001478,-3.299999999998704,0.40000000000190994,4.800000000000182,10.900000000000887,14.400000000000546,True,False,True,TP_ONLY,152.9999999999916,153.99999999999636,2023-10-03 05:00:00+00:00,2023-10-03 04:00:00+00:00,149.8026162434456,149.45636707424907,34.62491691965397,Up,Up,Up,2023-09-22 05:00:00+00:00,264.0,2023-09-22 05:00:00+00:00,2023-10-02 21:00:00+00:00,2023-10-02 00:00:00+00:00,149.21484690518503,147.73383240004566,148.10145051393704,Up,Up,Up,2023-07-31 21:00:00+00:00,1512.0,2023-07-31 21:00:00+00:00,599.687,6.299999999998818
RAW|2023-10-03|2023-10-03T12:15:00Z|-1,2023-10-03,2023H2,2023-10,-1,SHORT,LONDON_NY_OVERLAP,2023-10-03 12:15:00+00:00,2023-10-03 12:30:00+00:00,2023-10-03 15:30:00+00:00,149.932,149.714,21.79999999999893,2.3000000000024556,0.10550458715608112,149.952,149.955,149.884,149.929,2023-10-03 12:15:00.080000+00:00,2.3000000000024556,2023-10-03 12:30:00+00:00,2023-10-03 12:18:51.711000+00:00,231.631,0.667,43,True,2023-10-03 12:30:00.171000+00:00,149.929,149.935,-2.1000000000015007,2.800000000002001,1.3,2.2999999999996135,21.79443636471583,2023-10-03 05:54:55.976000+00:00,1,22804.104,-15300.08,0.6000000000000227,2023-10-03 15:30:01.720000+00:00,149.182,149.187,74.19999999999902,741.9999999999902,261.6000000000014,-23.599999999999,6146.103,5828.12,-0.899999999998613,-1.5999999999991132,0.9999999999990905,-1.4000000000010004,79.6999999999997,74.19999999999902,True,True,True,SL_FIRST,742.999999999995,743.9999999999998,2023-10-03 09:00:00+00:00,2023-10-03 08:00:00+00:00,149.80701160246116,149.48529770830916,32.17138941519977,Up,Up,Up,2023-09-22 05:00:00+00:00,268.0,2023-09-22 05:00:00+00:00,2023-10-02 21:00:00+00:00,2023-10-02 00:00:00+00:00,149.21484690518503,147.73383240004566,148.10145051393704,Up,Up,Up,2023-07-31 21:00:00+00:00,1512.0,2023-07-31 21:00:00+00:00,231.631,2.3000000000024556
RAW|2023-10-04|2023-10-04T09:15:00Z|1,2023-10-04,2023H2,2023-10,1,LONG,LONDON,2023-10-04 09:15:00+00:00,2023-10-04 09:30:00+00:00,2023-10-04 12:30:00+00:00,149.317,149.081,23.60000000000184,4.999999999998295,0.21186440677957222,149.06,149.104,149.031,149.084,2023-10-04 09:15:00.122000+00:00,4.999999999998295,2023-10-04 09:30:00+00:00,2023-10-04 09:16:27.804000+00:00,87.682,0.051,45,True,2023-10-04 09:30:00.193000+00:00,149.087,149.09,-7.499999999998863,9.099999999997976,2.216666666666667,8.199999999999363,11.418750136082393,2023-10-04 00:47:33.784000+00:00,1,30446.338,-4500.122,0.30000000000143245,2023-10-04 12:30:00.085000+00:00,148.924,148.931,-16.59999999999968,-165.99999999999682,12.000000000000455,-30.89999999999975,1831.936,9912.741,-2.199999999999136,-2.2999999999996135,5.299999999999727,5.400000000000205,-19.400000000001683,,True,False,True,TP_FIRST,-163.99999999998727,-152.9999999999916,2023-10-04 09:00:00+00:00,2023-10-04 08:00:00+00:00,149.21688135290955,149.36982774953256,-15.294639662300824,Down,Down,Down,2023-10-03 21:00:00+00:00,12.0,2023-10-03 21:00:00+00:00,2023-10-03 21:00:00+00:00,2023-10-03 00:00:00+00:00,149.14231921798932,147.832005808042,131.03134099473266,Up,Up,Up,2023-07-31 21:00:00+00:00,1536.0,2023-07-31 21:00:00+00:00,87.682,4.999999999998295
RAW|2023-10-05|2023-10-05T08:00:00Z|-1,2023-10-05,2023H2,2023-10,-1,SHORT,LONDON,2023-10-05 08:00:00+00:00,2023-10-05 08:15:00+00:00,2023-10-05 11:15:00+00:00,149.01,148.257,75.29999999999859,7.699999999999818,0.10225763612217745,149.056,149.087,148.979,148.991,2023-10-05 08:00:00.159000+00:00,7.699999999999818,2023-10-05 08:15:00+00:00,2023-10-05 08:02:33.888000+00:00,153.729,0.051,25,True,2023-10-05 08:15:00.144000+00:00,148.994,148.997,4.400000000001114,8.799999999999386,2.216666666666667,3.099999999997749,68.34154030154052,2023-10-05 00:07:15.821000+00:00,1,28364.338,-0.15900000000000003,0.30000000000143245,2023-10-05 11:15:03.315000+00:00,148.887,148.893,10.099999999999909,100.99999999999909,18.299999999999272,-6.800000000001205,8096.596,2404.511,3.299999999998704,4.4999999999987494,3.299999999998704,8.500000000000796,4.099999999999682,10.099999999999909,False,False,True,TP_ONLY,97.00000000000841,98.00000000001319,2023-10-05 05:00:00+00:00,2023-10-05 04:00:00+00:00,148.81317619014948,149.16712802968672,-35.39518395372454,Down,Down,Down,2023-10-03 21:00:00+00:00,32.0,2023-10-03 21:00:00+00:00,2023-10-04 21:00:00+00:00,2023-10-04 00:00:00+00:00,149.13365658427807,147.93440534339862,119.92512408794482,Up,Up,Up,2023-07-31 21:00:00+00:00,1560.0,2023-07-31 21:00:00+00:00,153.729,7.699999999999818
RAW|2023-10-06|2023-10-06T12:15:00Z|-1,2023-10-06,2023H2,2023-10,-1,SHORT,LONDON_NY_OVERLAP,2023-10-06 12:15:00+00:00,2023-10-06 12:30:00+00:00,2023-10-06 15:30:00+00:00,148.988,148.463,52.50000000000057,9.999999999999432,0.1904761904761776,149.067,149.088,148.979,148.982,2023-10-06 12:15:00.139000+00:00,9.999999999999432,2023-10-06 12:30:00+00:00,2023-10-06 12:29:49.201000+00:00,889.062,5.151,4,True,2023-10-06 12:30:00.258000+00:00,148.98,149.001,1.6999999999995907,7.900000000000773,2.75,3.4000000000020236,10.76970880929712,2023-10-06 06:48:12.134000+00:00,1,19608.005,-15300.139,2.1000000000015007,2023-10-06 15:30:00.006000+00:00,149.131,149.136,-15.600000000000591,-156.0000000000059,0.899999999998613,-55.89999999999975,0.569,1268.84,-41.30000000000109,-40.399999999999636,-43.50000000000023,-37.5,-23.500000000001364,,False,False,True,SL_ONLY,10.99999999999568,60.000000000002274,2023-10-06 09:00:00+00:00,2023-10-06 08:00:00+00:00,148.75414459701,148.97519961950033,-22.105502249033293,Down,Down,Down,2023-10-03 21:00:00+00:00,60.0,2023-10-03 21:00:00+00:00,2023-10-05 21:00:00+00:00,2023-10-05 00:00:00+00:00,148.95404041734147,147.98005291592673,97.39875014147401,Up,Up,Up,2023-07-31 21:00:00+00:00,1584.0,2023-07-31 21:00:00+00:00,889.062,9.999999999999432
RAW|2023-10-10|2023-10-10T08:15:00Z|-1,2023-10-10,2023H2,2023-10,-1,SHORT,LONDON,2023-10-10 08:15:00+00:00,2023-10-10 08:30:00+00:00,2023-10-10 11:30:00+00:00,148.929,148.161,76.80000000000007,7.999999999998408,0.10416666666664585,148.957,149.009,148.889,148.893,2023-10-10 08:15:00.043000+00:00,7.999999999998408,2023-10-10 08:30:00+00:00,2023-10-10 08:15:36.123000+00:00,36.08,37.849,11,True,2023-10-10 08:30:00.016000+00:00,148.892,148.896,-0.20000000000095497,7.200000000000273,4.933333333333334,7.200000000000273,11.182096156886502,2023-10-10 06:58:23.125000+00:00,1,4596.918,-900.043,0.39999999999906777,2023-10-10 11:30:00.088000+00:00,149.06,149.063,-17.099999999999227,-170.99999999999227,15.199999999998681,-20.699999999999363,1129.571,10312.196,-0.49999999999954525,9.399999999999409,5.599999999998317,6.499999999999773,-4.800000000000182,-17.099999999999227,False,False,True,TP_FIRST,-169.9999999999875,-180.99999999998317,2023-10-10 05:00:00+00:00,2023-10-10 04:00:00+00:00,148.7535659379806,148.94346787959287,-18.99019416122769,Down,Down,Down,2023-10-09 17:00:00+00:00,12.0,2023-10-09 17:00:00+00:00,2023-10-09 21:00:00+00:00,2023-10-09 00:00:00+00:00,148.88610225374566,148.1158015880404,77.0300665705264,Up,Up,Up,2023-07-31 21:00:00+00:00,1680.0,2023-07-31 21:00:00+00:00,36.08,7.999999999998408
RAW|2023-10-11|2023-10-11T12:30:00Z|-1,2023-10-11,2023H2,2023-10,-1,SHORT,LONDON_NY_OVERLAP,2023-10-11 12:30:00+00:00,2023-10-11 12:45:00+00:00,2023-10-11 15:45:00+00:00,148.967,148.422,54.50000000000159,11.199999999999477,0.20550458715594772,148.881,149.079,148.876,148.93,2023-10-11 12:30:01.459000+00:00,11.199999999999477,2023-10-11 12:45:00+00:00,2023-10-11 12:30:01.563000+00:00,0.104,0.154,53,True,2023-10-11 12:45:00.120000+00:00,148.93,148.936,7.900000000000773,11.099999999999,3.8666666666666667,9.999999999999432,9.292693413773026,2023-10-11 06:34:17.803000+00:00,1,21343.656,-16201.459,0.6000000000000227,2023-10-11 15:45:01.075000+00:00,148.993,148.997,-6.700000000000728,-67.00000000000728,10.300000000000864,-25.899999999998613,1679.795,8666.177,0.7000000000005002,5.000000000001137,4.699999999999704,-6.299999999998818,-9.499999999999886,-6.700000000000728,False,False,True,TP_FIRST,-53.00000000002569,-46.00000000002069,2023-10-11 09:00:00+00:00,2023-10-11 08:00:00+00:00,148.71726018059132,148.8467315160068,-12.947133541547373,Down,Down,Down,2023-10-09 17:00:00+00:00,40.0,2023-10-09 17:00:00+00:00,2023-10-10 21:00:00+00:00,2023-10-10 00:00:00+00:00,148.8329301812469,148.16253746099716,67.03927202497368,Up,Up,Up,2023-07-31 21:00:00+00:00,1704.0,2023-07-31 21:00:00+00:00,0.104,11.199999999999477
RAW|2023-10-13|2023-10-13T10:00:00Z|1,2023-10-13,2023H2,2023-10,1,LONG,LONDON,2023-10-13 10:00:00+00:00,2023-10-13 10:15:00+00:00,2023-10-13 13:15:00+00:00,149.827,149.571,25.600000000000023,0.899999999998613,0.03515624999994579,149.642,149.642,149.562,149.614,2023-10-13 10:01:45.474000+00:00,0.899999999998613,2023-10-13 10:15:00+00:00,2023-10-13 10:01:58.989000+00:00,13.515,781.011,0,False,2023-10-13 10:15:00.532000+00:00,149.614,149.617,12.5,12.5,2.5,8.500000000000796,5.8975172002919365,2023-10-13 05:15:27.912000+00:00,1,17177.562,-7305.474,0.2999999999985903,2023-10-13 13:15:00.351000+00:00,149.543,149.549,-7.399999999998386,-73.99999999998386,4.200000000000159,-16.59999999999968,715.951,10081.672,-2.5999999999982037,-1.5999999999991132,-1.2999999999976808,-3.1999999999982265,-2.2999999999996135,,False,False,True,NEITHER,-74.99999999998863,-64.99999999999773,2023-10-13 09:00:00+00:00,2023-10-13 08:00:00+00:00,149.60975835189976,149.23549320867843,37.42651432213222,Up,Up,Up,2023-10-11 17:00:00+00:00,40.0,2023-10-11 17:00:00+00:00,2023-10-12 21:00:00+00:00,2023-10-12 00:00:00+00:00,149.1734949904321,148.366118906988,80.73760834440975,Up,Up,Up,2023-07-31 21:00:00+00:00,1752.0,2023-07-31 21:00:00+00:00,13.515,0.899999999998613
RAW|2023-10-16|2023-10-16T07:00:00Z|-1,2023-10-16,2023H2,2023-10,-1,SHORT,LONDON,2023-10-16 07:00:00+00:00,2023-10-16 07:15:00+00:00,2023-10-16 10:15:00+00:00,149.584,149.373,21.100000000001273,2.7999999999991587,0.1327014218009,149.572,149.612,149.556,149.561,2023-10-16 07:00:06.706000+00:00,2.7999999999991587,2023-10-16 07:15:00+00:00,2023-10-16 07:00:06.757000+00:00,0.051,0.205,39,True,2023-10-16 07:15:00.089000+00:00,149.562,149.566,7.800000000000296,8.100000000001728,1.9333333333333333,2.5000000000005684,15.001472300896156,2023-10-16 06:55:12.001000+00:00,1,294.705,3593.294,0.39999999999906777,2023-10-16 10:15:00.292000+00:00,149.518,149.523,3.900000000001569,39.00000000001569,11.100000000001842,-5.599999999998317,7358.455,1260.487,-0.6000000000000227,-2.4999999999977263,-1.999999999998181,3.2000000000010687,6.400000000002137,3.900000000001569,True,False,True,TP_ONLY,39.00000000001569,44.00000000001114,2023-10-16 05:00:00+00:00,2023-10-16 04:00:00+00:00,149.51085802639892,149.32654767321347,18.43103531854524,Up,Up,Up,2023-10-11 17:00:00+00:00,108.0,2023-10-11 17:00:00+00:00,2023-10-13 21:00:00+00:00,2023-10-13 00:00:00+00:00,149.2684964217372,148.45730939442896,81.11870273082502,Up,Up,Up,2023-07-31 21:00:00+00:00,1776.0,2023-07-31 21:00:00+00:00,0.051,2.7999999999991587
RAW|2023-10-17|2023-10-17T10:00:00Z|-1,2023-10-17,2023H2,2023-10,-1,SHORT,LONDON,2023-10-17 10:00:00+00:00,2023-10-17 10:15:00+00:00,2023-10-17 13:15:00+00:00,149.656,149.477,17.900000000000205,9.199999999998454,0.5139664804468351,149.681,149.748,148.739,149.452,2023-10-17 10:00:00.391000+00:00,9.199999999998454,2023-10-17 10:15:00+00:00,2023-10-17 10:05:51.842000+00:00,351.451,0.153,14,True,2023-10-17 10:15:00.068000+00:00,149.451,149.46,-0.2999999999985903,2.7999999999991587,0.4166666666666667,1.4999999999986358,2.978493006411559,2023-10-17 06:59:28.595000+00:00,1,10831.796,-7200.391,0.9000000000014552,2023-10-17 13:15:00.201000+00:00,149.724,149.731,-28.000000000000114,-280.00000000000114,18.600000000000705,-34.80000000000132,86.104,10188.353,-5.19999999999925,-1.0000000000019327,-13.500000000001933,-5.299999999999727,-5.000000000001137,-28.000000000000114,True,True,True,TP_FIRST,-281.99999999998226,-289.99999999999204,2023-10-17 09:00:00+00:00,2023-10-17 08:00:00+00:00,149.56156513905458,149.421655751949,13.990938710557543,Up,Up,Up,2023-10-11 17:00:00+00:00,136.0,2023-10-11 17:00:00+00:00,2023-10-16 21:00:00+00:00,2023-10-16 00:00:00+00:00,149.33378315838374,148.54048464287465,79.32985155090932,Up,Up,Up,2023-07-31 21:00:00+00:00,1848.0,2023-07-31 21:00:00+00:00,351.451,9.199999999998454
RAW|2023-10-18|2023-10-18T14:45:00Z|-1,2023-10-18,2023H2,2023-10,-1,SHORT,LONDON_NY_OVERLAP,2023-10-18 14:45:00+00:00,2023-10-18 15:00:00+00:00,2023-10-18 18:00:00+00:00,149.792,149.481,31.100000000000705,9.299999999998931,0.2990353697748785,149.836,149.885,149.751,149.782,2023-10-18 14:45:00.024000+00:00,9.299999999998931,2023-10-18 15:00:00+00:00,2023-10-18 14:50:53.894000+00:00,353.87,7.271,33,True,2023-10-18 15:00:00.312000+00:00,149.783,149.787,6.30000000000166,8.600000000001273,2.033333333333333,4.300000000000637,18.835521950550284,2023-10-18 01:29:50.620000+00:00,1,47709.404,-24300.024,0.40000000000190994,2023-10-18 18:00:00.981000+00:00,149.779,149.783,0.0,0.0,4.699999999999704,-10.400000000001342,9319.876,4730.298,-0.9000000000014552,-6.60000000000025,-8.200000000002206,-8.600000000001273,-3.900000000001569,0.0,False,False,True,NEITHER,2.0000000000095497,11.000000000024102,2023-10-18 13:00:00+00:00,2023-10-18 12:00:00+00:00,149.72704973084421,149.56674045144956,16.0309279394653,Up,Up,Up,2023-10-11 17:00:00+00:00,164.0,2023-10-11 17:00:00+00:00,2023-10-17 21:00:00+00:00,2023-10-17 00:00:00+00:00,149.46327368455982,148.64020587144466,82.30678131151592,Up,Up,Up,2023-07-31 21:00:00+00:00,1872.0,2023-07-31 21:00:00+00:00,353.87,9.299999999998931
RAW|2023-10-19|2023-10-19T08:15:00Z|-1,2023-10-19,2023H2,2023-10,-1,SHORT,LONDON,2023-10-19 08:15:00+00:00,2023-10-19 08:30:00+00:00,2023-10-19 11:30:00+00:00,149.84,149.663,17.69999999999925,0.6000000000000227,0.03389830508474848,149.796,149.846,149.788,149.833,2023-10-19 08:25:00.507000+00:00,0.6000000000000227,2023-10-19 08:30:00+00:00,2023-10-19 08:25:04.283000+00:00,3.776,4.427,5,True,2023-10-19 08:30:07.914000+00:00,149.835,149.837,3.100000000000591,5.299999999999727,1.9833333333333334,3.900000000001569,10.650882233034233,2023-10-19 01:41:55.748000+00:00,2,24184.759,-1500.507,0.1999999999981128,2023-10-19 11:30:04.443000+00:00,149.819,149.824,1.099999999999568,10.99999999999568,5.500000000000682,-4.800000000000182,7553.505,4576.227,0.0,1.6000000000019554,-0.899999999998613,-1.5999999999991132,2.600000000001046,,False,False,True,NEITHER,10.99999999999568,8.99999999998613,2023-10-19 05:00:00+00:00,2023-10-19 04:00:00+00:00,149.79168349928267,149.63876166828572,15.292183099694512,Up,Up,Up,2023-10-11 17:00:00+00:00,180.0,2023-10-11 17:00:00+00:00,2023-10-18 21:00:00+00:00,2023-10-18 00:00:00+00:00,149.59176691754274,148.7420294017291,84.97375158136435,Up,Up,Up,2023-07-31 21:00:00+00:00,1896.0,2023-07-31 21:00:00+00:00,3.776,0.6000000000000227
RAW|2023-10-20|2023-10-20T08:30:00Z|-1,2023-10-20,2023H2,2023-10,-1,SHORT,LONDON,2023-10-20 08:30:00+00:00,2023-10-20 08:45:00+00:00,2023-10-20 11:45:00+00:00,149.952,149.791,16.100000000000136,1.5999999999991132,0.09937888198752172,149.895,149.968,149.889,149.946,2023-10-20 08:34:03.478000+00:00,1.5999999999991132,2023-10-20 08:45:00+00:00,2023-10-20 08:34:06.954000+00:00,3.476,19.058,18,True,2023-10-20 08:45:00.194000+00:00,149.946,149.954,-2.5000000000005684,35.29999999999802,2.8333333333333335,8.500000000000796,2.3956370637954714,2023-10-20 06:43:18.768000+00:00,1,6644.71,-2043.478,0.8000000000009777,2023-10-20 11:45:00.508000+00:00,149.937,149.941,0.49999999999954525,4.9999999999954525,5.60000000000116,-3.100000000000591,1251.956,1027.394,0.20000000000095497,-0.7000000000005002,0.2999999999985903,1.300000000000523,0.6000000000000227,0.49999999999954525,False,False,True,NEITHER,8.99999999998613,8.000000000009777,2023-10-20 05:00:00+00:00,2023-10-20 04:00:00+00:00,149.8176108651692,149.70728949442895,11.032137074025172,Up,Up,Up,2023-10-11 17:00:00+00:00,204.0,2023-10-11 17:00:00+00:00,2023-10-19 21:00:00+00:00,2023-10-19 00:00:00+00:00,149.64297636967336,148.82434704959078,81.86293200825787,Up,Up,Up,2023-07-31 21:00:00+00:00,1920.0,2023-07-31 21:00:00+00:00,3.476,1.5999999999991132
RAW|2023-10-20|2023-10-20T17:15:00Z|1,2023-10-20,2023H2,2023-10,1,LONG,NEW_YORK,2023-10-20 17:15:00+00:00,2023-10-20 17:30:00+00:00,2023-10-20 20:30:00+00:00,149.952,149.791,16.100000000000136,1.300000000000523,0.08074534161493863,149.779,149.874,149.778,149.838,2023-10-20 17:15:00.079000+00:00,1.300000000000523,2023-10-20 17:30:00+00:00,2023-10-20 17:17:05.922000+00:00,125.843,774.078,0,False,2023-10-20 17:30:09.608000+00:00,149.838,149.844,6.900000000001683,7.999999999998408,1.15,4.900000000000659,2.3956370637954714,2023-10-20 00:00:04.786000+00:00,1,62095.293,-33300.079,0.6000000000000227,2023-10-20 20:30:00.028000+00:00,149.849,149.859,0.49999999999954525,4.9999999999954525,4.300000000000637,-1.300000000000523,7511.487,10017.426,0.10000000000047748,1.4000000000010004,-0.7999999999981355,-0.39999999999906777,3.0000000000001137,,True,False,False,NEITHER,4.9999999999954525,6.000000000000227,2023-10-20 17:00:00+00:00,2023-10-20 16:00:00+00:00,149.87560162724827,149.7538315058379,12.177012141037835,Up,Up,Up,2023-10-11 17:00:00+00:00,216.0,2023-10-11 17:00:00+00:00,2023-10-19 21:00:00+00:00,2023-10-19 00:00:00+00:00,149.64297636967336,148.82434704959078,81.86293200825787,Up,Up,Up,2023-07-31 21:00:00+00:00,1920.0,2023-07-31 21:00:00+00:00,125.843,1.300000000000523
RAW|2023-10-23|2023-10-23T11:00:00Z|-1,2023-10-23,2023H2,2023-10,-1,SHORT,LONDON,2023-10-23 11:00:00+00:00,2023-10-23 11:15:00+00:00,2023-10-23 14:15:00+00:00,149.961,149.778,18.300000000002115,1.2000000000000455,0.06557377049179819,149.97,149.973,149.945,149.947,2023-10-23 11:00:00.081000+00:00,1.2000000000000455,2023-10-23 11:15:00+00:00,2023-10-23 11:03:50.750000+00:00,230.669,2.6870000000000003,5,True,2023-10-23 11:15:00.241000+00:00,149.948,149.951,-0.10000000000047748,1.8000000000000682,0.6833333333333333,1.4999999999986358,4.027940505093689,2023-10-23 05:27:03.005000+00:00,1,19977.076,-10800.081,0.2999999999985903,2023-10-23 14:15:03.317000+00:00,149.904,149.907,4.099999999999682,40.99999999999682,7.099999999999795,-1.9000000000005457,4384.591,3267.757,-0.2999999999985903,0.6000000000000227,1.0000000000019327,-0.899999999998613,3.4000000000020236,4.099999999999682,False,False,True,NEITHER,40.99999999999682,40.99999999999682,2023-10-23 09:00:00+00:00,2023-10-23 08:00:00+00:00,149.89563057768854,149.7920889969285,10.354158076003728,Up,Up,Up,2023-10-11 17:00:00+00:00,280.0,2023-10-11 17:00:00+00:00,2023-10-20 21:00:00+00:00,2023-10-20 00:00:00+00:00,149.68869740690954,148.90263928562354,78.6058121286004,Up,Up,Up,2023-07-31 21:00:00+00:00,1944.0,2023-07-31 21:00:00+00:00,230.669,1.2000000000000455
RAW|2023-10-23|2023-10-23T15:45:00Z|1,2023-10-23,2023H2,2023-10,1,LONG,NEW_YORK,2023-10-23 15:45:00+00:00,2023-10-23 16:00:00+00:00,2023-10-23 19:00:00+00:00,149.961,149.778,18.300000000002115,4.2999999999977945,0.23497267759548074,149.777,149.815,149.735,149.79,2023-10-23 15:45:01.140000+00:00,4.2999999999977945,2023-10-23 16:00:00+00:00,2023-10-23 15:45:01.721000+00:00,0.581,1.03,3,True,2023-10-23 16:00:00.221000+00:00,149.789,149.796,3.100000000000591,5.200000000002092,1.9333333333333333,4.600000000002069,4.027940505093689,2023-10-23 00:54:27.252000+00:00,1,53433.888,-27901.14,0.7000000000005002,2023-10-23 19:00:00.039000+00:00,149.56,149.564,-23.599999999999,-235.99999999999,1.9000000000005457,-23.799999999999955,275.584,10741.659,1.4000000000010004,0.9000000000014552,-3.100000000000591,-11.299999999999955,-9.299999999998931,,False,False,True,SL_ONLY,-236.99999999999477,-234.99999999998522,2023-10-23 13:00:00+00:00,2023-10-23 12:00:00+00:00,149.9080218412061,149.80384187717425,10.417996403185725,Up,Up,Up,2023-10-11 17:00:00+00:00,284.0,2023-10-11 17:00:00+00:00,2023-10-20 21:00:00+00:00,2023-10-20 00:00:00+00:00,149.68869740690954,148.90263928562354,78.6058121286004,Up,Up,Up,2023-07-31 21:00:00+00:00,1944.0,2023-07-31 21:00:00+00:00,0.581,4.2999999999977945
RAW|2023-10-24|2023-10-24T07:15:00Z|1,2023-10-24,2023H2,2023-10,1,LONG,LONDON,2023-10-24 07:15:00+00:00,2023-10-24 07:30:00+00:00,2023-10-24 10:30:00+00:00,149.787,149.401,38.59999999999957,2.1000000000015007,0.054404145077759695,149.389,149.446,149.38,149.419,2023-10-24 07:15:00.128000+00:00,2.1000000000015007,2023-10-24 07:30:00+00:00,2023-10-24 07:15:19.973000+00:00,19.845,0.244,14,True,2023-10-24 07:30:00.094000+00:00,149.419,149.428,6.60000000000025,14.300000000000068,2.7,7.800000000000296,5.577343111236666,2023-10-24 06:59:17.274000+00:00,1,942.854,2699.872,0.899999999998613,2023-10-24 10:30:00.063000+00:00,149.733,149.739,30.500000000000682,305.0000000000068,30.799999999999272,-10.099999999999909,10759.569,4090.662,-2.6999999999986812,1.6999999999995907,5.799999999999272,0.0,20.79999999999984,,True,False,True,TP_ONLY,283.00000000001546,282.0000000000107,2023-10-24 05:00:00+00:00,2023-10-24 04:00:00+00:00,149.7316283426713,149.7666738297608,-3.5045487089490734,Down,Down,Down,2023-10-24 01:00:00+00:00,4.0,2023-10-24 01:00:00+00:00,2023-10-23 21:00:00+00:00,2023-10-23 00:00:00+00:00,149.6899267192211,148.96586814277364,72.40585764474474,Up,Up,Up,2023-07-31 21:00:00+00:00,2016.0,2023-07-31 21:00:00+00:00,19.845,2.1000000000015007
RAW|2023-10-24|2023-10-24T11:15:00Z|-1,2023-10-24,2023H2,2023-10,-1,SHORT,LONDON,2023-10-24 11:15:00+00:00,2023-10-24 11:30:00+00:00,2023-10-24 14:30:00+00:00,149.787,149.401,38.59999999999957,4.300000000000637,0.11139896373058769,149.828,149.83,149.763,149.764,2023-10-24 11:15:00.208000+00:00,4.300000000000637,2023-10-24 11:30:00+00:00,2023-10-24 11:23:43.461000+00:00,523.253,0.103,5,True,2023-10-24 11:30:05.976000+00:00,149.773,149.775,3.8000000000010914,5.400000000000205,1.35,2.199999999999136,5.577343111236666,2023-10-24 00:04:02.185000+00:00,2,40258.023,-11700.208,0.20000000000095497,2023-10-24 14:30:00.911000+00:00,149.818,149.822,-4.900000000000659,-49.000000000006594,4.599999999999227,-16.30000000000109,1277.013,8131.476,1.2000000000000455,1.4999999999986358,1.2000000000000455,-1.4000000000010004,-5.400000000000205,,False,False,True,NEITHER,-49.000000000006594,-51.00000000001614,2023-10-24 09:00:00+00:00,2023-10-24 08:00:00+00:00,149.67030595905095,149.74669992337994,-7.639396432898593,Down,Down,Down,2023-10-24 01:00:00+00:00,8.0,2023-10-24 01:00:00+00:00,2023-10-23 21:00:00+00:00,2023-10-23 00:00:00+00:00,149.6899267192211,148.96586814277364,72.40585764474474,Up,Up,Up,2023-07-31 21:00:00+00:00,2016.0,2023-07-31 21:00:00+00:00,523.253,4.300000000000637
RAW|2023-10-25|2023-10-25T10:15:00Z|-1,2023-10-25,2023H2,2023-10,-1,SHORT,LONDON,2023-10-25 10:15:00+00:00,2023-10-25 10:30:00+00:00,2023-10-25 13:30:00+00:00,149.925,149.793,13.2000000000005,0.899999999998613,0.06818181818171053,149.929,149.934,149.902,149.911,2023-10-25 10:15:01.470000+00:00,0.899999999998613,2023-10-25 10:30:00+00:00,2023-10-25 10:16:37.433000+00:00,95.963,802.567,0,False,2023-10-25 10:30:01.641000+00:00,149.911,149.916,-0.49999999999954525,1.6999999999995907,0.1,1.2000000000000455,6.823626346722326,2023-10-25 00:55:00.544000+00:00,1,33600.926,-8101.47,0.49999999999954525,2023-10-25 13:30:00.037000+00:00,149.921,149.927,-1.5999999999991132,-15.999999999991132,2.7999999999991587,-3.299999999998704,9683.455,7866.467,-0.899999999998613,-2.199999999999136,-2.0999999999986585,-0.6000000000000227,-2.2999999999996135,,False,False,True,NEITHER,-15.999999999991132,-16.999999999995907,2023-10-25 09:00:00+00:00,2023-10-25 08:00:00+00:00,149.84419402298505,149.7908452224278,5.334880055724511,Up,Up,Up,2023-10-24 21:00:00+00:00,12.0,2023-10-24 21:00:00+00:00,2023-10-24 21:00:00+00:00,2023-10-24 00:00:00+00:00,149.74737622801507,149.03987869135176,70.74975366633112,Up,Up,Up,2023-07-31 21:00:00+00:00,2040.0,2023-07-31 21:00:00+00:00,95.963,0.899999999998613
RAW|2023-10-27|2023-10-27T08:15:00Z|1,2023-10-27,2023H2,2023-10,1,LONG,LONDON,2023-10-27 08:15:00+00:00,2023-10-27 08:30:00+00:00,2023-10-27 11:30:00+00:00,150.411,150.078,33.29999999999984,1.099999999999568,0.033033033033020215,150.143,150.147,150.067,150.081,2023-10-27 08:27:44.502000+00:00,1.099999999999568,2023-10-27 08:30:00+00:00,2023-10-27 08:27:44.876000+00:00,0.374,41.077,7,True,2023-10-27 08:30:00.005000+00:00,150.082,150.087,5.60000000000116,6.999999999999318,2.2,6.200000000001182,5.782388575065172,2023-10-27 06:00:31.314000+00:00,1,8833.188,-1664.502,0.49999999999954525,2023-10-27 11:30:03.434000+00:00,150.139,150.141,5.200000000002092,52.00000000002092,5.200000000002092,-11.7999999999995,10797.176,4896.901,3.500000000002501,1.9000000000005457,-0.899999999998613,-5.49999999999784,-5.49999999999784,5.200000000002092,False,False,True,NEITHER,52.00000000002092,42.00000000000159,2023-10-27 05:00:00+00:00,2023-10-27 04:00:00+00:00,150.2757025243787,150.07341731138501,20.22852129936723,Up,Up,Up,2023-10-24 21:00:00+00:00,56.0,2023-10-24 21:00:00+00:00,2023-10-26 21:00:00+00:00,2023-10-26 00:00:00+00:00,150.0114368510281,149.22991972436014,78.15171266679499,Up,Up,Up,2023-07-31 21:00:00+00:00,2088.0,2023-07-31 21:00:00+00:00,0.374,1.099999999999568
RAW|2023-10-30|2023-10-30T07:00:00Z|1,2023-10-30,2023H2,2023-10,1,LONG,LONDON,2023-10-30 07:00:00+00:00,2023-10-30 07:15:00+00:00,2023-10-30 10:15:00+00:00,149.812,149.413,39.90000000000009,13.300000000000978,0.3333333333333571,149.443,149.444,149.28,149.426,2023-10-30 07:00:18.768000+00:00,13.300000000000978,2023-10-30 07:15:00+00:00,2023-10-30 07:00:19.074000+00:00,0.306,1.286,4,True,2023-10-30 07:15:00.068000+00:00,149.425,149.431,12.199999999998568,12.999999999999545,1.95,8.799999999999386,6.819396006798332,2023-10-30 06:50:37.023000+00:00,1,581.745,3581.232,0.6000000000000227,2023-10-30 10:15:02.096000+00:00,149.673,149.677,24.199999999999022,241.99999999999022,25.799999999998136,-5.89999999999975,8629.815,54.016,0.6000000000000227,-1.500000000001478,14.099999999999113,11.999999999997613,18.099999999998317,24.199999999999022,True,False,True,TP_ONLY,253.00000000001432,254.99999999999545,2023-10-30 05:00:00+00:00,2023-10-30 04:00:00+00:00,149.766714548729,149.94081706037605,-17.41025116470496,Down,Down,Down,2023-10-27 17:00:00+00:00,60.0,2023-10-27 17:00:00+00:00,2023-10-27 21:00:00+00:00,2023-10-27 00:00:00+00:00,149.89359775073433,149.25944614641134,63.415160432299444,Up,Up,Up,2023-07-31 21:00:00+00:00,2112.0,2023-07-31 21:00:00+00:00,0.306,13.300000000000978
RAW|2023-10-30|2023-10-30T12:45:00Z|-1,2023-10-30,2023H2,2023-10,-1,SHORT,LONDON_NY_OVERLAP,2023-10-30 12:45:00+00:00,2023-10-30 13:00:00+00:00,2023-10-30 16:00:00+00:00,149.812,149.413,39.90000000000009,2.2999999999996135,0.0576441102756794,149.821,149.835,149.747,149.762,2023-10-30 12:45:00.152000+00:00,2.2999999999996135,2023-10-30 13:00:00+00:00,2023-10-30 12:46:03.626000+00:00,63.474,30.23,13,True,2023-10-30 13:00:00.415000+00:00,149.76,149.767,2.600000000001046,5.89999999999975,1.3166666666666667,4.200000000000159,6.819396006798332,2023-10-30 00:59:33.574000+00:00,1,42326.578,-17100.152,0.7000000000005002,2023-10-30 16:00:00.099000+00:00,149.008,149.012,74.79999999999905,747.9999999999905,95.19999999999982,-4.500000000001592,8859.245,3566.127,2.199999999999136,0.7000000000005002,1.2000000000000455,-0.7000000000005002,66.59999999999968,,True,True,False,TP_ONLY,735.99999999999,729.0000000000134,2023-10-30 13:00:00+00:00,2023-10-30 12:00:00+00:00,149.72705844322908,149.8998819599023,-17.282351667321905,Down,Down,Down,2023-10-27 17:00:00+00:00,68.0,2023-10-27 17:00:00+00:00,2023-10-27 21:00:00+00:00,2023-10-27 00:00:00+00:00,149.89359775073433,149.25944614641134,63.415160432299444,Up,Up,Up,2023-07-31 21:00:00+00:00,2112.0,2023-07-31 21:00:00+00:00,63.474,2.2999999999996135
RAW|2023-11-01|2023-11-01T10:45:00Z|1,2023-11-01,2023H2,2023-11,1,LONG,LONDON,2023-11-01 10:45:00+00:00,2023-11-01 11:00:00+00:00,2023-11-01 14:00:00+00:00,151.443,151.143,30.000000000001137,0.49999999999954525,0.016666666666650877,151.163,151.199,151.138,151.197,2023-11-01 10:45:17.691000+00:00,0.49999999999954525,2023-11-01 11:00:00+00:00,2023-11-01 10:45:20.246000+00:00,2.555,461.527,3,True,2023-11-01 11:00:00.763000+00:00,151.197,151.201,4.400000000001114,6.999999999999318,0.9666666666666667,6.900000000001683,11.608817670942699,2023-11-01 03:26:39.332000+00:00,1,26318.359,-9917.691,0.39999999999906777,2023-11-01 14:00:00.012000+00:00,151.261,151.283,6.000000000000227,60.000000000002274,17.600000000001614,-11.899999999999977,9209.291,5732.373,-3.700000000000614,-1.099999999999568,-0.1999999999981128,3.100000000000591,-1.9000000000005457,,True,False,True,TP_ONLY,60.000000000002274,60.000000000002274,2023-11-01 09:00:00+00:00,2023-11-01 08:00:00+00:00,151.13646084625896,150.4245134533522,71.1947392906751,Up,Up,Up,2023-10-31 09:00:00+00:00,24.0,2023-10-31 09:00:00+00:00,2023-10-31 21:00:00+00:00,2023-10-31 00:00:00+00:00,150.20399885241548,149.4298480183226,77.41508340928931,Up,Up,Up,2023-07-31 21:00:00+00:00,2208.0,2023-07-31 21:00:00+00:00,2.555,0.49999999999954525
RAW|2023-11-02|2023-11-02T13:30:00Z|1,2023-11-02,2023H2,2023-11,1,LONG,LONDON_NY_OVERLAP,2023-11-02 13:30:00+00:00,2023-11-02 13:45:00+00:00,2023-11-02 16:45:00+00:00,150.59,150.148,44.20000000000073,4.800000000000182,0.10859728506787564,150.129,150.242,150.1,150.206,2023-11-02 13:30:00.374000+00:00,4.800000000000182,2023-11-02 13:45:00+00:00,2023-11-02 13:31:10.881000+00:00,70.507,0.102,14,True,2023-11-02 13:45:00.099000+00:00,150.206,150.211,-26.899999999997704,29.599999999999227,1.75,4.099999999999682,18.316198923681885,2023-11-02 02:30:26.232000+00:00,1,39574.142,-19800.374,0.5000000000023874,2023-11-02 16:45:00.401000+00:00,150.461,150.468,25.0,250.0,33.19999999999936,-0.5000000000023874,9670.653,0.0,9.299999999998931,1.099999999999568,8.199999999999363,3.1999999999982265,18.499999999997385,25.0,True,False,False,TP_ONLY,236.00000000001842,234.00000000000887,2023-11-02 13:00:00+00:00,2023-11-02 12:00:00+00:00,150.4557209807065,150.48324940676787,-2.7528426061365963,Down,Up,Transition,2023-11-02 13:00:00+00:00,0.0,2023-11-02 13:00:00+00:00,2023-11-01 21:00:00+00:00,2023-11-01 00:00:00+00:00,150.41342775172535,149.5504201768568,86.30075748685613,Up,Up,Up,2023-07-31 21:00:00+00:00,2232.0,2023-07-31 21:00:00+00:00,70.507,4.800000000000182
RAW|2023-11-03|2023-11-03T07:15:00Z|1,2023-11-03,2023H2,2023-11,1,LONG,LONDON,2023-11-03 07:15:00+00:00,2023-11-03 07:30:00+00:00,2023-11-03 10:30:00+00:00,150.497,150.245,25.200000000000955,0.9999999999990905,0.039682539682502085,150.281,150.281,150.235,150.263,2023-11-03 07:16:21.954000+00:00,0.9999999999990905,2023-11-03 07:30:00+00:00,2023-11-03 07:16:22.416000+00:00,0.462,5.594,10,True,2023-11-03 07:30:00.106000+00:00,150.262,150.267,4.599999999999227,7.30000000000075,0.7666666666666667,3.8999999999987267,4.684812845806575,2023-11-03 05:49:37.978000+00:00,1,5203.976,2618.046,0.49999999999954525,2023-11-03 10:30:07.806000+00:00,150.278,150.284,1.099999999999568,10.99999999999568,15.800000000001546,-3.100000000000591,6902.047,117.86,-0.7000000000005002,1.4000000000010004,7.400000000001228,9.600000000000364,14.19999999999959,1.099999999999568,True,False,True,TP_ONLY,13.999999999981583,20.999999999986585,2023-11-03 05:00:00+00:00,2023-11-03 04:00:00+00:00,150.39144007202898,150.4571053241327,-6.56652521037131,Down,Down,Down,2023-11-02 13:00:00+00:00,16.0,2023-11-02 13:00:00+00:00,2023-11-02 21:00:00+00:00,2023-11-02 00:00:00+00:00,150.40673410837525,149.61758656270825,78.91475456669923,Up,Up,Up,2023-07-31 21:00:00+00:00,2256.0,2023-07-31 21:00:00+00:00,0.462,0.9999999999990905
RAW|2023-11-06|2023-11-06T08:00:00Z|-1,2023-11-06,2023H2,2023-11,-1,SHORT,LONDON,2023-11-06 08:00:00+00:00,2023-11-06 08:15:00+00:00,2023-11-06 11:15:00+00:00,149.674,149.437,23.699999999999477,5.599999999998317,0.23628691983115785,149.73,149.73,149.568,149.569,2023-11-06 08:00:00.016000+00:00,5.599999999998317,2023-11-06 08:15:00+00:00,2023-11-06 08:01:05.405000+00:00,65.389,1.162,3,True,2023-11-06 08:15:00.098000+00:00,149.571,149.576,15.199999999998681,16.40000000000157,1.1,7.599999999999341,7.968033727980567,2023-11-06 03:00:51.948000+00:00,1,17948.068,-0.016000000000000014,0.49999999999954525,2023-11-06 11:15:00.652000+00:00,149.619,149.624,-5.299999999999727,-52.99999999999727,19.10000000000025,-12.299999999999045,1814.516,6237.997,5.19999999999925,14.799999999999613,18.39999999999975,7.699999999999818,-9.499999999999886,-5.299999999999727,True,True,True,TP_ONLY,-50.99999999998772,-50.99999999998772,2023-11-06 06:00:00+00:00,2023-11-06 04:00:00+00:00,149.6338565489333,150.10521019176807,-47.13536428347709,Down,Down,Down,2023-11-02 13:00:00+00:00,89.0,2023-11-02 13:00:00+00:00,2023-11-03 21:00:00+00:00,2023-11-03 00:00:00+00:00,150.09566722026804,149.5936196376916,50.20475825764379,Up,Up,Up,2023-07-31 21:00:00+00:00,2280.0,2023-07-31 21:00:00+00:00,65.389,5.599999999998317
RAW|2023-11-07|2023-11-07T08:15:00Z|-1,2023-11-07,2023H2,2023-11,-1,SHORT,LONDON,2023-11-07 08:15:00+00:00,2023-11-07 08:30:00+00:00,2023-11-07 11:30:00+00:00,150.399,149.96,43.899999999999295,9.399999999999409,0.21412300683370294,150.47,150.493,150.391,150.392,2023-11-07 08:15:02.015000+00:00,9.399999999999409,2023-11-07 08:30:00+00:00,2023-11-07 08:29:20.292000+00:00,858.277,6.702,1,True,2023-11-07 08:30:00.010000+00:00,150.392,150.397,-0.39999999999906777,4.699999999999704,0.9833333333333333,3.2000000000010687,6.582145817019989,2023-11-07 06:43:31.555000+00:00,1,5490.46,-902.015,0.49999999999954525,2023-11-07 11:30:00.106000+00:00,150.414,150.419,-2.7000000000015234,-27.000000000015234,14.099999999999113,-6.499999999999773,1313.387,5902.101,0.6000000000000227,6.399999999999295,5.599999999998317,6.89999999999884,5.799999999999272,-2.7000000000015234,False,False,True,TP_ONLY,-26.00000000001046,-27.000000000015234,2023-11-07 06:00:00+00:00,2023-11-07 04:00:00+00:00,150.0122252001894,150.05958291218536,-4.7357711995971385,Down,Down,Down,2023-11-02 13:00:00+00:00,113.0,2023-11-02 13:00:00+00:00,2023-11-06 22:00:00+00:00,2023-11-06 00:00:00+00:00,150.0846194430486,149.63069006667627,45.392937637234354,Up,Up,Up,2023-07-31 21:00:00+00:00,2353.0,2023-07-31 21:00:00+00:00,858.277,9.399999999999409
RAW|2023-11-08|2023-11-08T07:30:00Z|-1,2023-11-08,2023H2,2023-11,-1,SHORT,LONDON,2023-11-08 07:30:00+00:00,2023-11-08 07:45:00+00:00,2023-11-08 10:45:00+00:00,150.708,150.349,35.90000000000089,4.800000000000182,0.13370473537604632,150.732,150.756,150.651,150.675,2023-11-08 07:30:00.122000+00:00,4.800000000000182,2023-11-08 07:45:00+00:00,2023-11-08 07:33:44.040000+00:00,223.918,5.33,7,True,2023-11-08 07:45:00.226000+00:00,150.676,150.682,4.400000000001114,5.800000000002115,0.8666666666666667,2.200000000001978,5.706726704752277,2023-11-08 06:34:27.330000+00:00,1,3332.792,1799.878,0.6000000000000227,2023-11-08 10:45:08.251000+00:00,150.772,150.774,-9.800000000001319,-98.00000000001319,7.599999999999341,-12.100000000000932,1428.461,10210.465,-2.5000000000005684,-0.7000000000005002,1.2999999999976808,2.7999999999991587,-3.4000000000020236,-9.800000000001319,False,False,True,NEITHER,-103.00000000000864,-102.00000000000387,2023-11-08 06:00:00+00:00,2023-11-08 04:00:00+00:00,150.46394681427773,150.23823970475453,22.570710952319928,Up,Up,Up,2023-11-07 10:00:00+00:00,20.0,2023-11-07 10:00:00+00:00,2023-11-07 22:00:00+00:00,2023-11-07 00:00:00+00:00,150.147871030749,149.68471486134217,46.31561694068296,Up,Up,Up,2023-07-31 21:00:00+00:00,2377.0,2023-07-31 21:00:00+00:00,223.918,4.800000000000182
RAW|2023-11-09|2023-11-09T10:00:00Z|-1,2023-11-09,2023H2,2023-11,-1,SHORT,LONDON,2023-11-09 10:00:00+00:00,2023-11-09 10:15:00+00:00,2023-11-09 13:15:00+00:00,151.09,150.768,32.20000000000027,0.7000000000005002,0.02173913043479796,151.035,151.097,151.016,151.085,2023-11-09 10:13:37.467000+00:00,0.7000000000005002,2023-11-09 10:15:00+00:00,2023-11-09 10:13:51.427000+00:00,13.96,1.829,5,True,2023-11-09 10:15:00.527000+00:00,151.084,151.09,5.60000000000116,7.500000000001705,1.7666666666666666,5.200000000002092,51.33171526839596,2023-11-09 06:08:51.487000+00:00,1,14685.98,-8017.467,0.6000000000000227,2023-11-09 13:15:00.085000+00:00,151.158,151.163,-7.900000000000773,-79.00000000000773,1.300000000000523,-10.3999999999985,9024.346,4903.043,0.20000000000095497,-7.999999999998408,-0.49999999999954525,-5.19999999999925,-6.700000000000728,,False,False,True,NEITHER,-79.00000000000773,-79.00000000000773,2023-11-09 10:00:00+00:00,2023-11-09 08:00:00+00:00,150.92305026557864,150.54732378642683,37.57264791518082,Up,Up,Up,2023-11-07 10:00:00+00:00,48.0,2023-11-07 10:00:00+00:00,2023-11-08 22:00:00+00:00,2023-11-08 00:00:00+00:00,150.37819359339215,149.7862576724348,59.193592095735426,Up,Up,Up,2023-07-31 21:00:00+00:00,2401.0,2023-07-31 21:00:00+00:00,13.96,0.7000000000005002
RAW|2023-11-10|2023-11-10T07:30:00Z|-1,2023-11-10,2023H2,2023-11,-1,SHORT,LONDON,2023-11-10 07:30:00+00:00,2023-11-10 07:45:00+00:00,2023-11-10 10:45:00+00:00,151.404,151.22,18.39999999999975,4.699999999999704,0.2554347826086831,151.42,151.451,151.357,151.357,2023-11-10 07:30:00.128000+00:00,4.699999999999704,2023-11-10 07:45:00+00:00,2023-11-10 07:37:28.320000+00:00,448.192,2.333,11,True,2023-11-10 07:45:00.407000+00:00,151.359,151.364,-0.5000000000023874,3.299999999998704,0.7666666666666667,2.0999999999986585,4.6940894370018755,2023-11-10 05:57:32.097000+00:00,1,5548.031,1799.872,0.49999999999954525,2023-11-10 10:45:00.378000+00:00,151.454,151.459,-9.999999999999432,-99.99999999999432,3.100000000000591,-12.999999999999545,317.983,10109.388,1.6000000000019554,-2.7999999999991587,-3.999999999999204,1.4000000000010004,-6.60000000000025,,False,False,True,NEITHER,-108.00000000000409,-112.99999999999955,2023-11-10 06:00:00+00:00,2023-11-10 04:00:00+00:00,151.20064628309237,150.77621705518098,42.442922791138926,Up,Up,Up,2023-11-07 10:00:00+00:00,68.0,2023-11-07 10:00:00+00:00,2023-11-09 22:00:00+00:00,2023-11-09 00:00:00+00:00,150.65156685242297,149.91015705864,74.14097937829638,Up,Up,Up,2023-07-31 21:00:00+00:00,2425.0,2023-07-31 21:00:00+00:00,448.192,4.699999999999704
RAW|2023-11-13|2023-11-13T09:00:00Z|-1,2023-11-13,2023H2,2023-11,-1,SHORT,LONDON,2023-11-13 09:00:00+00:00,2023-11-13 09:15:00+00:00,2023-11-13 12:15:00+00:00,151.799,151.443,35.599999999999454,1.4999999999986358,0.042134831460636485,151.806,151.814,151.758,151.793,2023-11-13 09:00:00.431000+00:00,1.4999999999986358,2023-11-13 09:15:00+00:00,2023-11-13 09:00:30.205000+00:00,29.774,9.948,16,True,2023-11-13 09:15:00.094000+00:00,151.793,151.797,0.40000000000190994,4.900000000000659,0.5833333333333334,3.6000000000001364,5.991593536203723,2023-11-13 06:07:27.955000+00:00,1,10352.476,-3600.431,0.39999999999906777,2023-11-13 12:15:00.923000+00:00,151.776,151.778,1.500000000001478,15.00000000001478,10.80000000000041,-2.2999999999996135,1284.785,87.898,0.6000000000000227,6.399999999999295,5.400000000000205,3.100000000000591,6.700000000000728,1.500000000001478,False,False,True,TP_ONLY,15.00000000001478,16.999999999995907,2023-11-13 06:00:00+00:00,2023-11-13 04:00:00+00:00,151.53965320719527,151.0782931051589,46.1360102036366,Up,Up,Up,2023-11-07 10:00:00+00:00,140.0,2023-11-07 10:00:00+00:00,2023-11-10 22:00:00+00:00,2023-11-10 00:00:00+00:00,150.88597632315927,150.0351044939488,85.08718292104618,Up,Up,Up,2023-07-31 21:00:00+00:00,2449.0,2023-07-31 21:00:00+00:00,29.774,1.4999999999986358
RAW|2023-11-14|2023-11-14T07:45:00Z|1,2023-11-14,2023H2,2023-11,1,LONG,LONDON,2023-11-14 07:45:00+00:00,2023-11-14 08:00:00+00:00,2023-11-14 11:00:00+00:00,151.782,151.613,16.900000000001114,4.099999999999682,0.24260355029582317,151.592,151.632,151.572,151.63,2023-11-14 07:45:00.106000+00:00,4.099999999999682,2023-11-14 08:00:00+00:00,2023-11-14 07:48:20.361000+00:00,200.255,9.937,11,True,2023-11-14 08:00:00.967000+00:00,151.631,151.635,3.7999999999982492,5.099999999998772,0.4166666666666667,4.800000000000182,19.478417663506818,2023-11-14 00:00:01.396000+00:00,1,27898.71,899.894,0.39999999999906777,2023-11-14 11:00:01.871000+00:00,151.711,151.716,7.600000000002183,76.00000000002183,9.700000000000841,-3.299999999998704,3651.56,5159.914,0.30000000000143245,5.800000000002115,5.60000000000116,8.100000000001728,6.800000000001205,7.600000000002183,True,False,True,NEITHER,75.00000000001705,75.00000000001705,2023-11-14 06:00:00+00:00,2023-11-14 04:00:00+00:00,151.69260124066014,151.331870854737,36.07303859231479,Up,Up,Up,2023-11-07 10:00:00+00:00,164.0,2023-11-07 10:00:00+00:00,2023-11-13 22:00:00+00:00,2023-11-13 00:00:00+00:00,151.11998308797092,150.1686961344329,95.12869535380162,Up,Up,Up,2023-07-31 21:00:00+00:00,2521.0,2023-07-31 21:00:00+00:00,200.255,4.099999999999682
RAW|2023-11-15|2023-11-15T09:15:00Z|1,2023-11-15,2023H2,2023-11,1,LONG,LONDON,2023-11-15 09:15:00+00:00,2023-11-15 09:30:00+00:00,2023-11-15 12:30:00+00:00,150.792,150.441,35.09999999999991,3.900000000001569,0.1111111111111561,150.496,150.502,150.402,150.476,2023-11-15 09:17:23.388000+00:00,3.900000000001569,2023-11-15 09:30:00+00:00,2023-11-15 09:18:50.674000+00:00,87.286,0.052,13,True,2023-11-15 09:30:00.138000+00:00,150.475,150.48,5.500000000000682,9.700000000000841,2.2333333333333334,7.699999999999818,48.63743211602456,2023-11-15 00:01:58.116000+00:00,1,33325.272,-4643.388,0.49999999999954525,2023-11-15 12:30:00.080000+00:00,150.428,150.434,-5.19999999999925,-51.9999999999925,0.5000000000023874,-22.799999999998022,4909.178,8497.916,-8.799999999999386,-6.099999999997863,-8.29999999999984,-9.199999999998454,-8.499999999997954,,False,False,True,SL_ONLY,-52.99999999999727,-36.000000000001364,2023-11-15 06:00:00+00:00,2023-11-15 04:00:00+00:00,150.8089160161609,151.11103216751488,-30.211615135397096,Down,Down,Down,2023-11-14 18:00:00+00:00,12.0,2023-11-14 18:00:00+00:00,2023-11-14 22:00:00+00:00,2023-11-14 00:00:00+00:00,150.90227363426493,150.18384044367826,71.84331905866657,Up,Up,Up,2023-07-31 21:00:00+00:00,2545.0,2023-07-31 21:00:00+00:00,87.286,3.900000000001569
RAW|2023-11-15|2023-11-15T13:45:00Z|-1,2023-11-15,2023H2,2023-11,-1,SHORT,LONDON_NY_OVERLAP,2023-11-15 13:45:00+00:00,2023-11-15 14:00:00+00:00,2023-11-15 17:00:00+00:00,150.792,150.441,35.09999999999991,9.199999999998454,0.26210826210821875,150.871,150.884,150.695,150.776,2023-11-15 13:45:00.103000+00:00,9.199999999998454,2023-11-15 14:00:00+00:00,2023-11-15 13:48:19.761000+00:00,199.658,10.732,20,True,2023-11-15 14:00:00.092000+00:00,150.776,150.779,59.70000000000084,82.90000000000077,3.9833333333333334,20.699999999999363,48.63743211602456,2023-11-15 00:45:16.115000+00:00,1,46783.988,-20700.103,0.2999999999985903,2023-11-15 17:00:01.623000+00:00,151.073,151.079,-30.299999999999727,-302.99999999999727,2.1000000000015007,-47.199999999998,29.396,3438.457,-1.999999999998181,-8.799999999999386,-17.900000000000205,-37.999999999999545,-13.199999999997658,-30.299999999999727,False,False,True,SL_ONLY,-304.00000000000205,-307.00000000001637,2023-11-15 14:00:00+00:00,2023-11-15 12:00:00+00:00,150.7152428653882,151.03160322658462,-31.63603611964163,Down,Down,Down,2023-11-14 18:00:00+00:00,20.0,2023-11-14 18:00:00+00:00,2023-11-14 22:00:00+00:00,2023-11-14 00:00:00+00:00,150.90227363426493,150.18384044367826,71.84331905866657,Up,Up,Up,2023-07-31 21:00:00+00:00,2545.0,2023-07-31 21:00:00+00:00,199.658,9.199999999998454
RAW|2023-11-16|2023-11-16T07:30:00Z|-1,2023-11-16,2023H2,2023-11,-1,SHORT,LONDON,2023-11-16 07:30:00+00:00,2023-11-16 07:45:00+00:00,2023-11-16 10:45:00+00:00,151.366,151.116,25.0,5.999999999997385,0.2399999999998954,151.396,151.426,151.35,151.351,2023-11-16 07:30:01.319000+00:00,5.999999999997385,2023-11-16 07:45:00+00:00,2023-11-16 07:43:51.552000+00:00,830.233,0.446,2,True,2023-11-16 07:45:00.134000+00:00,151.352,151.357,0.899999999998613,3.499999999999659,0.43333333333333335,2.199999999999136,5.062988072050146,2023-11-16 06:31:06.953000+00:00,1,3534.366,1798.681,0.49999999999954525,2023-11-16 10:45:06.879000+00:00,151.245,151.249,10.300000000000864,103.00000000000864,20.79999999999984,-8.199999999999363,5945.365,2109.784,-1.6999999999995907,-2.7999999999991587,-6.299999999998818,-0.10000000000047748,6.900000000001683,10.300000000000864,True,False,True,TP_ONLY,111.99999999999477,110.00000000001364,2023-11-16 06:00:00+00:00,2023-11-16 04:00:00+00:00,151.11582456929096,151.09289634439853,2.2928224892439175,Up,Down,Transition,2023-11-16 06:00:00+00:00,0.0,2023-11-16 06:00:00+00:00,2023-11-15 22:00:00+00:00,2023-11-15 00:00:00+00:00,151.02076688161782,150.274493208184,74.62736734338193,Up,Up,Up,2023-07-31 21:00:00+00:00,2569.0,2023-07-31 21:00:00+00:00,830.233,5.999999999997385
RAW|2023-11-21|2023-11-21T08:30:00Z|1,2023-11-21,2023H2,2023-11,1,LONG,LONDON,2023-11-21 08:30:00+00:00,2023-11-21 08:45:00+00:00,2023-11-21 11:45:00+00:00,148.417,147.245,117.1999999999997,9.600000000000364,0.08191126279863813,147.325,147.351,147.149,147.316,2023-11-21 08:32:00.745000+00:00,9.600000000000364,2023-11-21 08:45:00+00:00,2023-11-21 08:35:19.648000+00:00,198.903,1.208,11,True,2023-11-21 08:45:00.083000+00:00,147.314,147.32,21.399999999999864,24.70000000000141,3.4166666666666665,18.200000000001637,26.431577315276616,2023-11-21 04:31:47.553000+00:00,1,14413.192,-1920.745,0.6000000000000227,2023-11-21 11:45:00.414000+00:00,147.627,147.632,30.700000000001637,307.00000000001637,48.00000000000182,-0.6000000000000227,4780.15,0.0,13.599999999999568,12.800000000001432,16.40000000000157,38.10000000000002,21.89999999999941,30.700000000001637,False,False,False,TP_ONLY,299.0000000000066,299.0000000000066,2023-11-21 06:00:00+00:00,2023-11-21 04:00:00+00:00,148.28854495606424,149.50648841984972,-121.7943463785474,Down,Down,Down,2023-11-16 14:00:00+00:00,112.0,2023-11-16 14:00:00+00:00,2023-11-20 22:00:00+00:00,2023-11-20 00:00:00+00:00,149.9061337032135,150.0944833832944,-18.834968008090414,Down,Up,Transition,2023-11-20 22:00:00+00:00,0.0,2023-11-20 22:00:00+00:00,198.903,9.600000000000364
RAW|2023-11-21|2023-11-21T19:15:00Z|-1,2023-11-21,2023H2,2023-11,-1,SHORT,NEW_YORK,2023-11-21 19:15:00+00:00,2023-11-21 19:30:00+00:00,2023-11-21 22:30:00+00:00,148.417,147.245,117.1999999999997,3.999999999999204,0.0341296928327578,148.441,148.457,148.308,148.345,2023-11-21 19:15:00.680000+00:00,3.999999999999204,2023-11-21 19:30:00+00:00,2023-11-21 19:15:07.726000+00:00,7.046,1.149,9,True,2023-11-21 19:30:00.076000+00:00,148.344,148.349,9.700000000000841,35.599999999999454,2.15,16.70000000000016,26.431577315276616,2023-11-21 00:05:44.828000+00:00,1,68955.852,-40500.68,0.49999999999954525,2023-11-21 22:30:00.124000+00:00,148.293,148.338,0.6000000000000227,6.000000000000227,6.700000000000728,-10.400000000001342,3685.946,769.812,-3.900000000001569,-6.100000000000705,2.400000000000091,3.6000000000001364,-3.8000000000010914,0.6000000000000227,False,False,True,NEITHER,6.000000000000227,6.000000000000227,2023-11-21 18:00:00+00:00,2023-11-21 16:00:00+00:00,147.98279918223918,149.12646583067595,-114.36666484367777,Down,Down,Down,2023-11-16 14:00:00+00:00,124.0,2023-11-16 14:00:00+00:00,2023-11-20 22:00:00+00:00,2023-11-20 00:00:00+00:00,149.9061337032135,150.0944833832944,-18.834968008090414,Down,Up,Transition,2023-11-20 22:00:00+00:00,0.0,2023-11-20 22:00:00+00:00,7.046,3.999999999999204
RAW|2023-11-22|2023-11-22T09:30:00Z|-1,2023-11-22,2023H2,2023-11,-1,SHORT,LONDON,2023-11-22 09:30:00+00:00,2023-11-22 09:45:00+00:00,2023-11-22 12:45:00+00:00,149.053,148.029,102.40000000000009,12.399999999999523,0.12109374999999523,149.175,149.177,148.967,149.011,2023-11-22 09:30:00.913000+00:00,12.399999999999523,2023-11-22 09:45:00+00:00,2023-11-22 09:40:59.720000+00:00,658.807,14.831,6,True,2023-11-22 09:45:00.095000+00:00,149.014,149.016,-4.4999999999987494,9.700000000000841,1.5333333333333334,6.800000000001205,18.15298588401483,2023-11-22 06:53:59.696000+00:00,1,9361.217,-5400.913,0.1999999999981128,2023-11-22 12:45:00.189000+00:00,148.705,148.711,30.299999999999727,302.99999999999727,39.6000000000015,-14.699999999999136,8906.053,3117.699,-0.49999999999954525,-9.600000000000364,-7.099999999999795,-8.099999999998886,20.100000000002183,30.299999999999727,False,False,True,TP_ONLY,289.99999999999204,287.9999999999825,2023-11-22 06:00:00+00:00,2023-11-22 04:00:00+00:00,148.32479853580142,148.98498878475743,-66.01902489560132,Down,Down,Down,2023-11-16 14:00:00+00:00,136.0,2023-11-16 14:00:00+00:00,2023-11-21 22:00:00+00:00,2023-11-21 00:00:00+00:00,149.47009550229535,149.95732471263085,-48.72292103354994,Down,Down,Down,2023-11-20 22:00:00+00:00,24.0,2023-11-20 22:00:00+00:00,658.807,12.399999999999523
RAW|2023-11-23|2023-11-23T12:45:00Z|-1,2023-11-23,2023H2,2023-11,-1,SHORT,LONDON_NY_OVERLAP,2023-11-23 12:45:00+00:00,2023-11-23 13:00:00+00:00,2023-11-23 16:00:00+00:00,149.46,148.887,57.30000000000075,0.7000000000005002,0.012216404886570524,149.379,149.467,149.354,149.437,2023-11-23 12:57:14.108000+00:00,0.7000000000005002,2023-11-23 13:00:00+00:00,2023-11-23 12:57:21.878000+00:00,7.77,6.155,4,True,2023-11-23 13:00:00.282000+00:00,149.438,149.444,11.400000000000432,11.899999999999977,1.3333333333333333,9.600000000000364,9.342758159933304,2023-11-23 00:00:00.467000+00:00,1,46633.641,-17834.108,0.6000000000000227,2023-11-23 16:00:00.119000+00:00,149.498,149.502,-6.400000000002137,-64.00000000002137,-0.20000000000095497,-25.7000000000005,2504.02,7679.722,-4.900000000000659,-10.400000000001342,-6.200000000001182,-4.000000000002046,-14.300000000000068,,False,False,True,SL_ONLY,-60.000000000002274,-62.00000000001182,2023-11-23 10:00:00+00:00,2023-11-23 08:00:00+00:00,149.1439684091899,149.10729900871547,3.6669400474437452,Up,Up,Up,2023-11-22 22:00:00+00:00,12.0,2023-11-22 22:00:00+00:00,2023-11-22 22:00:00+00:00,2023-11-22 00:00:00+00:00,149.48806821592524,149.9233787356204,-43.53105196951503,Down,Down,Down,2023-11-20 22:00:00+00:00,48.0,2023-11-20 22:00:00+00:00,7.77,0.7000000000005002
RAW|2023-11-27|2023-11-27T07:30:00Z|1,2023-11-27,2023H2,2023-11,1,LONG,LONDON,2023-11-27 07:30:00+00:00,2023-11-27 07:45:00+00:00,2023-11-27 10:45:00+00:00,149.674,148.886,78.80000000000109,6.999999999999318,0.08883248730963478,148.838,148.959,148.816,148.945,2023-11-27 07:30:00.035000+00:00,6.999999999999318,2023-11-27 07:45:00+00:00,2023-11-27 07:32:57.255000+00:00,177.22,722.745,0,False,2023-11-27 07:45:00.119000+00:00,148.945,148.95,-4.300000000000637,8.099999999998886,1.9166666666666667,3.6999999999977717,20.549670359904205,2023-11-27 04:25:47.231000+00:00,1,11052.804,1799.965,0.49999999999954525,2023-11-27 10:45:02.849000+00:00,149.11,149.116,16.0000000000025,160.000000000025,37.5,-6.699999999997885,8721.402,333.58,-2.199999999999136,7.200000000000273,7.400000000001228,14.900000000000091,16.200000000000614,16.0000000000025,True,False,True,TP_ONLY,155.00000000000114,156.0000000000059,2023-11-27 06:00:00+00:00,2023-11-27 04:00:00+00:00,149.29906728425206,149.28430365698782,1.4763627264244406,Up,Up,Up,2023-11-22 22:00:00+00:00,104.0,2023-11-22 22:00:00+00:00,2023-11-24 22:00:00+00:00,2023-11-24 00:00:00+00:00,149.46725929383942,149.85136216182912,-38.41028679896965,Down,Down,Down,2023-11-20 22:00:00+00:00,96.0,2023-11-20 22:00:00+00:00,177.22,6.999999999999318
RAW|2023-11-28|2023-11-28T13:30:00Z|-1,2023-11-28,2023H2,2023-11,-1,SHORT,LONDON_NY_OVERLAP,2023-11-28 13:30:00+00:00,2023-11-28 13:45:00+00:00,2023-11-28 16:45:00+00:00,148.416,147.968,44.80000000000075,5.500000000000682,0.1227678571428703,148.439,148.471,148.294,148.331,2023-11-28 13:30:02.554000+00:00,5.500000000000682,2023-11-28 13:45:00+00:00,2023-11-28 13:31:58.532000+00:00,115.978,2.948,19,True,2023-11-28 13:45:00.065000+00:00,148.333,148.339,-21.89999999999941,25.899999999998613,2.3333333333333335,6.799999999998363,16.78350321496524,2023-11-28 00:00:00.337000+00:00,1,48602.217,-19802.554,0.6000000000000227,2023-11-28 16:45:00.277000+00:00,147.533,147.539,79.40000000000111,794.0000000000111,87.99999999999955,-17.199999999999704,10600.466,1086.172,-8.099999999998886,-3.3999999999991815,-5.89999999999975,11.599999999998545,49.89999999999952,79.40000000000111,True,True,True,TP_ONLY,790.0000000000205,797.0000000000255,2023-11-28 10:00:00+00:00,2023-11-28 08:00:00+00:00,148.59777945484592,148.99629128058953,-39.85118257436113,Down,Down,Down,2023-11-27 14:00:00+00:00,20.0,2023-11-27 14:00:00+00:00,2023-11-27 22:00:00+00:00,2023-11-27 00:00:00+00:00,149.241470924171,149.7574131888828,-51.59422647117822,Down,Down,Down,2023-11-20 22:00:00+00:00,168.0,2023-11-20 22:00:00+00:00,115.978,5.500000000000682
RAW|2023-11-29|2023-11-29T08:45:00Z|-1,2023-11-29,2023H2,2023-11,-1,SHORT,LONDON,2023-11-29 08:45:00+00:00,2023-11-29 09:00:00+00:00,2023-11-29 12:00:00+00:00,147.318,146.67,64.80000000000246,7.199999999997431,0.11111111111106725,147.375,147.39,147.263,147.271,2023-11-29 08:45:00.060000+00:00,7.199999999997431,2023-11-29 09:00:00+00:00,2023-11-29 08:53:30.256000+00:00,510.196,0.152,8,True,2023-11-29 09:00:00.025000+00:00,147.269,147.277,-3.2000000000010687,11.099999999999,3.65,8.400000000000318,23.596924712175664,2023-11-29 03:45:53.836000+00:00,1,17946.224,-2700.06,0.7999999999981355,2023-11-29 12:00:00.078000+00:00,147.621,147.626,-35.69999999999993,-356.9999999999993,8.500000000000796,-55.29999999999973,98.102,6523.679,0.9000000000014552,-9.000000000000341,-20.09999999999934,-30.299999999999727,-51.30000000000052,-35.69999999999993,False,False,True,SL_ONLY,-382.000000000005,-395.00000000001023,2023-11-29 06:00:00+00:00,2023-11-29 04:00:00+00:00,147.54320145156146,148.46337406400346,-92.0172612442002,Down,Down,Down,2023-11-27 14:00:00+00:00,40.0,2023-11-27 14:00:00+00:00,2023-11-28 22:00:00+00:00,2023-11-28 00:00:00+00:00,148.73276494583644,149.57370013377215,-84.09351879357132,Down,Down,Down,2023-11-20 22:00:00+00:00,192.0,2023-11-20 22:00:00+00:00,510.196,7.199999999997431
RAW|2023-11-30|2023-11-30T07:45:00Z|-1,2023-11-30,2023H2,2023-11,-1,SHORT,LONDON,2023-11-30 07:45:00+00:00,2023-11-30 08:00:00+00:00,2023-11-30 11:00:00+00:00,147.188,146.865,32.29999999999791,7.600000000002183,0.23529411764714164,147.248,147.264,147.054,147.06,2023-11-30 07:45:00.098000+00:00,7.600000000002183,2023-11-30 08:00:00+00:00,2023-11-30 07:45:13.145000+00:00,13.047,0.153,8,True,2023-11-30 08:00:00.057000+00:00,147.06,147.066,15.199999999998681,15.199999999998681,2.3833333333333333,12.299999999999045,4.905184777778739,2023-11-30 00:07:03.765000+00:00,1,27476.333,899.902,0.6000000000000227,2023-11-30 11:00:00.040000+00:00,147.568,147.576,-51.59999999999911,-515.9999999999911,10.200000000000387,-58.19999999999936,2290.264,8346.87,6.89999999999884,-1.300000000000523,2.899999999999636,-11.400000000000432,-36.099999999999,,True,False,True,TP_FIRST,-520.9999999999866,-532.999999999987,2023-11-30 06:00:00+00:00,2023-11-30 04:00:00+00:00,147.23407332557565,147.9963078599897,-76.22345344140626,Down,Down,Down,2023-11-27 14:00:00+00:00,64.0,2023-11-27 14:00:00+00:00,2023-11-29 22:00:00+00:00,2023-11-29 00:00:00+00:00,148.305689247026,149.3868441230704,-108.11548760443941,Down,Down,Down,2023-11-20 22:00:00+00:00,216.0,2023-11-20 22:00:00+00:00,13.047,7.600000000002183
RAW|2023-12-01|2023-12-01T08:00:00Z|-1,2023-12-01,2023H2,2023-12,-1,SHORT,LONDON,2023-12-01 08:00:00+00:00,2023-12-01 08:15:00+00:00,2023-12-01 11:15:00+00:00,148.252,147.6,65.20000000000152,4.899999999997817,0.0751533742330936,148.301,148.301,148.17,148.181,2023-12-01 08:00:00.148000+00:00,4.899999999997817,2023-12-01 08:15:00+00:00,2023-12-01 08:00:09.004000+00:00,8.856,0.205,39,True,2023-12-01 08:15:00.146000+00:00,148.179,148.183,13.100000000000023,15.500000000000114,1.9166666666666667,6.099999999997863,11.811889619019027,2023-12-01 06:41:29.991000+00:00,1,4710.157,-0.14800000000000002,0.39999999999906777,2023-12-01 11:15:00.277000+00:00,148.016,148.02,15.899999999999181,158.99999999999181,48.500000000001364,-4.800000000000182,4988.7,99.468,0.20000000000095497,1.8000000000000682,15.999999999999659,35.69999999999993,27.79999999999916,15.899999999999181,True,False,False,TP_ONLY,164.99999999999204,170.99999999999227,2023-12-01 06:00:00+00:00,2023-12-01 04:00:00+00:00,147.8627182187024,147.96801935376084,-10.530113505842564,Down,Down,Down,2023-11-27 14:00:00+00:00,88.0,2023-11-27 14:00:00+00:00,2023-11-30 22:00:00+00:00,2023-11-30 00:00:00+00:00,148.26663517644715,149.2894165932248,-102.2781416777633,Down,Down,Down,2023-11-20 22:00:00+00:00,240.0,2023-11-20 22:00:00+00:00,8.856,4.899999999997817
RAW|2023-12-04|2023-12-04T08:30:00Z|-1,2023-12-04,2023H2,2023-12,-1,SHORT,LONDON,2023-12-04 08:30:00+00:00,2023-12-04 08:45:00+00:00,2023-12-04 11:45:00+00:00,146.892,146.223,66.89999999999827,7.400000000001228,0.11061285500749506,146.924,146.966,146.854,146.855,2023-12-04 08:30:00.058000+00:00,7.400000000001228,2023-12-04 08:45:00+00:00,2023-12-04 08:32:15.496000+00:00,135.438,0.052,21,True,2023-12-04 08:45:00.037000+00:00,146.855,146.86,-10.899999999998045,15.699999999998226,2.8,9.399999999999409,14.511342996957088,2023-12-04 05:08:08.242000+00:00,1,12111.816,-1800.058,0.5000000000023874,2023-12-04 11:45:00.090000+00:00,146.52,146.522,33.29999999999984,332.9999999999984,39.09999999999911,-4.000000000002046,6852.77,44.125,1.6999999999995907,5.49999999999784,12.09999999999809,16.99999999999875,29.299999999997794,33.29999999999984,True,False,True,TP_ONLY,330.0000000000125,338.0000000000223,2023-12-04 06:00:00+00:00,2023-12-04 04:00:00+00:00,147.0721334492195,147.6338458728661,-56.17124236465827,Down,Down,Down,2023-11-27 14:00:00+00:00,160.0,2023-11-27 14:00:00+00:00,2023-12-01 22:00:00+00:00,2023-12-01 00:00:00+00:00,147.83959655460512,149.08802326576682,-124.84267111616987,Down,Down,Down,2023-11-20 22:00:00+00:00,264.0,2023-11-20 22:00:00+00:00,135.438,7.400000000001228
RAW|2023-12-05|2023-12-05T08:00:00Z|1,2023-12-05,2023H2,2023-12,1,LONG,LONDON,2023-12-05 08:00:00+00:00,2023-12-05 08:15:00+00:00,2023-12-05 11:15:00+00:00,147.381,146.747,63.39999999999861,7.00000000000216,0.11041009463726047,146.835,146.838,146.677,146.759,2023-12-05 08:01:55.767000+00:00,7.00000000000216,2023-12-05 08:15:00+00:00,2023-12-05 08:02:03.075000+00:00,7.308,0.258,33,True,2023-12-05 08:15:00.102000+00:00,146.758,146.764,8.799999999999386,15.000000000000568,5.616666666666666,9.799999999998477,9.484801254267516,2023-12-05 06:42:56.020000+00:00,1,4739.747,-115.767,0.6000000000000227,2023-12-05 11:15:00.471000+00:00,146.959,146.963,19.499999999999318,194.99999999999318,41.799999999997794,-7.699999999999818,6629.685,525.105,-4.800000000000182,4.999999999998295,11.699999999999022,31.799999999998363,31.399999999999295,19.499999999999318,True,False,True,TP_ONLY,188.0000000000166,187.00000000001182,2023-12-05 06:00:00+00:00,2023-12-05 04:00:00+00:00,147.05854575171955,147.38711933151936,-32.85735797998086,Down,Down,Down,2023-11-27 14:00:00+00:00,184.0,2023-11-27 14:00:00+00:00,2023-12-04 22:00:00+00:00,2023-12-04 00:00:00+00:00,147.65628325328936,148.93682140450548,-128.05381512161205,Down,Down,Down,2023-11-20 22:00:00+00:00,336.0,2023-11-20 22:00:00+00:00,7.308,7.00000000000216
RAW|2023-12-05|2023-12-05T18:30:00Z|-1,2023-12-05,2023H2,2023-12,-1,SHORT,NEW_YORK,2023-12-05 18:30:00+00:00,2023-12-05 18:45:00+00:00,2023-12-05 21:45:00+00:00,147.381,146.747,63.39999999999861,0.7000000000005002,0.011041009463730529,147.291,147.388,147.271,147.354,2023-12-05 18:42:38.327000+00:00,0.7000000000005002,2023-12-05 18:45:00+00:00,2023-12-05 18:42:41.028000+00:00,2.701,138.972,0,False,2023-12-05 18:45:00.937000+00:00,147.354,147.36,10.499999999998977,11.299999999999955,1.7333333333333334,9.399999999999409,9.484801254267516,2023-12-05 00:01:52.258000+00:00,1,67246.069,-38558.327,0.6000000000000227,2023-12-05 21:45:02.326000+00:00,147.145,147.156,19.80000000000075,198.0000000000075,20.400000000000773,-1.6999999999995907,10689.64,128.179,2.000000000001023,5.400000000000205,8.200000000002206,4.900000000000659,14.300000000000068,19.80000000000075,False,False,False,TP_ONLY,198.0000000000075,198.0000000000075,2023-12-05 18:00:00+00:00,2023-12-05 16:00:00+00:00,147.02461288327973,147.30058629802215,-27.5973414742424,Down,Down,Down,2023-11-27 14:00:00+00:00,196.0,2023-11-27 14:00:00+00:00,2023-12-04 22:00:00+00:00,2023-12-04 00:00:00+00:00,147.65628325328936,148.93682140450548,-128.05381512161205,Down,Down,Down,2023-11-20 22:00:00+00:00,336.0,2023-11-20 22:00:00+00:00,2.701,0.7000000000005002
RAW|2023-12-06|2023-12-06T08:30:00Z|1,2023-12-06,2023H2,2023-12,1,LONG,LONDON,2023-12-06 08:30:00+00:00,2023-12-06 08:45:00+00:00,2023-12-06 11:45:00+00:00,147.397,147.087,31.000000000000227,16.499999999999204,0.5322580645160995,146.944,147.177,146.922,147.156,2023-12-06 08:30:00.060000+00:00,16.499999999999204,2023-12-06 08:45:00+00:00,2023-12-06 08:37:30.945000+00:00,450.885,0.306,6,True,2023-12-06 08:45:00.156000+00:00,147.157,147.162,12.700000000000955,18.000000000000682,3.7666666666666666,13.49999999999909,20.96699952091549,2023-12-06 01:10:15.570000+00:00,1,26384.49,-1800.06,0.49999999999954525,2023-12-06 11:45:00.086000+00:00,147.477,147.484,31.499999999999773,314.9999999999977,33.500000000000796,-7.30000000000075,10222.866,1218.29,-1.300000000000523,4.999999999998295,3.1999999999982265,10.299999999998022,15.500000000000114,,True,True,False,TP_ONLY,317.0000000000073,324.0000000000123,2023-12-06 06:00:00+00:00,2023-12-06 04:00:00+00:00,147.1336402635859,147.2772256952343,-14.358543164840398,Down,Down,Down,2023-11-27 14:00:00+00:00,208.0,2023-11-27 14:00:00+00:00,2023-12-05 22:00:00+00:00,2023-12-05 00:00:00+00:00,147.51048803806384,148.79355569214505,-128.30676540812078,Down,Down,Down,2023-11-20 22:00:00+00:00,360.0,2023-11-20 22:00:00+00:00,450.885,16.499999999999204
RAW|2023-12-06|2023-12-06T12:00:00Z|-1,2023-12-06,2023H2,2023-12,-1,SHORT,LONDON_NY_OVERLAP,2023-12-06 12:00:00+00:00,2023-12-06 12:15:00+00:00,2023-12-06 15:15:00+00:00,147.397,147.087,31.000000000000227,2.899999999999636,0.09354838709676178,147.396,147.426,147.271,147.316,2023-12-06 12:00:07.027000+00:00,2.899999999999636,2023-12-06 12:15:00+00:00,2023-12-06 12:00:13.963000+00:00,6.936,0.461,4,True,2023-12-06 12:15:00.144000+00:00,147.316,147.324,-7.30000000000075,11.50000000000091,2.216666666666667,4.999999999998295,20.96699952091549,2023-12-06 02:38:58.220000+00:00,1,33668.807,-14407.027,0.8000000000009777,2023-12-06 15:15:00.091000+00:00,147.246,147.251,6.499999999999773,64.99999999999773,29.90000000000066,-5.699999999998795,3603.885,10131.456,-1.9000000000005457,-0.2999999999985903,-1.9000000000005457,6.30000000000166,4.599999999999227,,True,True,False,TP_ONLY,55.999999999983174,56.99999999998795,2023-12-06 10:00:00+00:00,2023-12-06 08:00:00+00:00,147.18660018827563,147.28056763961555,-9.396745133992113,Down,Down,Down,2023-11-27 14:00:00+00:00,212.0,2023-11-27 14:00:00+00:00,2023-12-05 22:00:00+00:00,2023-12-05 00:00:00+00:00,147.51048803806384,148.79355569214505,-128.30676540812078,Down,Down,Down,2023-11-20 22:00:00+00:00,360.0,2023-11-20 22:00:00+00:00,6.936,2.899999999999636
RAW|2023-12-08|2023-12-08T07:15:00Z|-1,2023-12-08,2023H2,2023-12,-1,SHORT,LONDON,2023-12-08 07:15:00+00:00,2023-12-08 07:30:00+00:00,2023-12-08 10:30:00+00:00,144.289,142.497,179.19999999999732,10.500000000001819,0.058593750000011026,144.134,144.394,144.093,144.256,2023-12-08 07:18:52.669000+00:00,10.500000000001819,2023-12-08 07:30:00+00:00,2023-12-08 07:18:53.030000+00:00,0.361,0.609,14,True,2023-12-08 07:30:00.124000+00:00,144.257,144.262,9.099999999997976,19.700000000000273,4.716666666666667,19.700000000000273,158.1294680116995,2023-12-08 00:00:04.906000+00:00,1,26327.763,2467.331,0.49999999999954525,2023-12-08 10:30:00.713000+00:00,144.219,144.227,3.0000000000001137,30.000000000001137,53.000000000000114,-15.899999999999181,4838.102,6861.765,8.100000000001728,21.20000000000175,15.999999999999659,0.7000000000005002,-4.599999999999227,3.0000000000001137,False,False,True,TP_ONLY,2.999999999985903,-9.999999999990905,2023-12-08 06:00:00+00:00,2023-12-08 04:00:00+00:00,144.28875900966773,145.92892681948248,-164.01678098147556,Down,Down,Down,2023-11-27 14:00:00+00:00,256.0,2023-11-27 14:00:00+00:00,2023-12-07 22:00:00+00:00,2023-12-07 00:00:00+00:00,146.49041226431828,148.3073583378316,-181.69460735133214,Down,Down,Down,2023-11-20 22:00:00+00:00,408.0,2023-11-20 22:00:00+00:00,0.361,10.500000000001819
RAW|2023-12-12|2023-12-12T07:15:00Z|1,2023-12-12,2023H2,2023-12,1,LONG,LONDON,2023-12-12 07:15:00+00:00,2023-12-12 07:30:00+00:00,2023-12-12 10:30:00+00:00,146.123,145.328,79.49999999999875,6.499999999999773,0.0817610062893066,145.281,145.38,145.263,145.369,2023-12-12 07:15:00.287000+00:00,6.499999999999773,2023-12-12 07:30:00+00:00,2023-12-12 07:16:20.935000+00:00,80.648,38.856,16,True,2023-12-12 07:30:00.350000+00:00,145.37,145.374,10.099999999999909,19.999999999998863,3.0833333333333335,12.000000000000455,13.624808386255012,2023-12-12 05:58:48.245000+00:00,1,4572.042,2699.713,0.39999999999906777,2023-12-12 10:30:04.679000+00:00,145.37,145.373,-0.39999999999906777,-3.9999999999906777,25.300000000001432,-7.699999999999818,3945.712,560.18,-3.6000000000001364,5.000000000001137,6.800000000001205,12.800000000001432,11.50000000000091,-0.39999999999906777,False,False,True,TP_ONLY,-10.99999999999568,-15.999999999991132,2023-12-12 06:00:00+00:00,2023-12-12 04:00:00+00:00,145.7387854215553,145.71563251296942,2.3152908585871046,Up,Up,Up,2023-12-11 18:00:00+00:00,12.0,2023-12-11 18:00:00+00:00,2023-12-11 22:00:00+00:00,2023-12-11 00:00:00+00:00,146.06870013485627,147.88405529714072,-181.53551622844475,Down,Down,Down,2023-11-20 22:00:00+00:00,504.0,2023-11-20 22:00:00+00:00,80.648,6.499999999999773
RAW|2023-12-13|2023-12-13T07:15:00Z|-1,2023-12-13,2023H2,2023-12,-1,SHORT,LONDON,2023-12-13 07:15:00+00:00,2023-12-13 07:30:00+00:00,2023-12-13 10:30:00+00:00,145.883,145.264,61.89999999999998,8.599999999998431,0.13893376413567746,145.936,145.969,145.852,145.875,2023-12-13 07:15:00.197000+00:00,8.599999999998431,2023-12-13 07:30:00+00:00,2023-12-13 07:28:01.895000+00:00,781.698,0.052,6,True,2023-12-13 07:30:00.296000+00:00,145.874,145.88,6.200000000001182,12.199999999998568,2.9833333333333334,10.3999999999985,8.896108116377253,2023-12-13 06:57:29.991000+00:00,1,1050.206,2699.803,0.6000000000000227,2023-12-13 10:30:00.039000+00:00,145.782,145.786,8.799999999999386,87.99999999999386,15.000000000000568,-8.400000000000318,8086.955,4133.222,2.199999999999136,6.100000000000705,5.799999999999272,-3.999999999999204,1.999999999998181,,False,False,True,TP_ONLY,74.00000000001228,69.99999999999318,2023-12-13 06:00:00+00:00,2023-12-13 04:00:00+00:00,145.54122913251962,145.63726164301715,-9.60325104975368,Down,Down,Down,2023-12-12 10:00:00+00:00,20.0,2023-12-12 10:00:00+00:00,2023-12-12 22:00:00+00:00,2023-12-12 00:00:00+00:00,145.88992866775448,147.68877087336946,-179.88422056149886,Down,Down,Down,2023-11-20 22:00:00+00:00,528.0,2023-11-20 22:00:00+00:00,781.698,8.599999999998431
RAW|2023-12-13|2023-12-13T15:00:00Z|1,2023-12-13,2023H2,2023-12,1,LONG,LONDON_NY_OVERLAP,2023-12-13 15:00:00+00:00,2023-12-13 15:15:00+00:00,2023-12-13 18:15:00+00:00,145.883,145.264,61.89999999999998,7.00000000000216,0.11308562197095577,145.249,145.411,145.194,145.366,2023-12-13 15:00:00.074000+00:00,7.00000000000216,2023-12-13 15:15:00+00:00,2023-12-13 15:00:00.639000+00:00,0.565,0.21,15,True,2023-12-13 15:15:00.004000+00:00,145.367,145.372,-1.2000000000000455,12.20000000000141,3.283333333333333,8.400000000000318,8.896108116377253,2023-12-13 00:00:00.835000+00:00,1,53999.239,-25200.074,0.5000000000023874,2023-12-13 18:15:03.319000+00:00,145.232,145.238,-14.000000000001478,-140.00000000001478,7.299999999997908,-34.40000000000225,145.207,7218.702,-0.20000000000095497,-5.500000000000682,-16.70000000000016,-22.00000000000273,-33.30000000000268,-14.000000000001478,False,False,True,SL_ONLY,-129.99999999999545,-129.99999999999545,2023-12-13 14:00:00+00:00,2023-12-13 12:00:00+00:00,145.51217812883652,145.61922785464975,-10.704972581322636,Down,Down,Down,2023-12-12 10:00:00+00:00,28.0,2023-12-12 10:00:00+00:00,2023-12-12 22:00:00+00:00,2023-12-12 00:00:00+00:00,145.88992866775448,147.68877087336946,-179.88422056149886,Down,Down,Down,2023-11-20 22:00:00+00:00,528.0,2023-11-20 22:00:00+00:00,0.565,7.00000000000216
RAW|2023-12-15|2023-12-15T10:30:00Z|1,2023-12-15,2023H2,2023-12,1,LONG,LONDON,2023-12-15 10:30:00+00:00,2023-12-15 10:45:00+00:00,2023-12-15 13:45:00+00:00,142.464,141.564,90.00000000000057,9.499999999999886,0.10555555555555363,141.531,141.714,141.469,141.677,2023-12-15 10:30:00.085000+00:00,9.499999999999886,2023-12-15 10:45:00+00:00,2023-12-15 10:30:20.861000+00:00,20.776,0.515,6,True,2023-12-15 10:45:00.771000+00:00,141.677,141.683,13.700000000000045,16.30000000000109,1.3166666666666667,4.500000000001592,18.938433024699343,2023-12-15 05:24:21.929000+00:00,1,18338.156,-9000.085,0.6000000000000227,2023-12-15 13:45:00.208000+00:00,142.317,142.326,63.400000000001455,634.0000000000146,76.60000000000196,-20.599999999998886,10667.024,6247.169,-6.499999999999773,1.2000000000000455,-3.100000000000591,3.700000000000614,-16.200000000000614,,True,False,True,TP_FIRST,639.00000000001,632.000000000005,2023-12-15 10:00:00+00:00,2023-12-15 08:00:00+00:00,142.0109275399362,143.50913622797708,-149.82086880408758,Down,Down,Down,2023-12-12 10:00:00+00:00,72.0,2023-12-12 10:00:00+00:00,2023-12-14 22:00:00+00:00,2023-12-14 00:00:00+00:00,144.12375952436454,146.86839006721993,-274.463054285539,Down,Down,Down,2023-11-20 22:00:00+00:00,576.0,2023-11-20 22:00:00+00:00,20.776,9.499999999999886
RAW|2023-12-18|2023-12-18T08:15:00Z|-1,2023-12-18,2023H2,2023-12,-1,SHORT,LONDON,2023-12-18 08:15:00+00:00,2023-12-18 08:30:00+00:00,2023-12-18 11:30:00+00:00,142.457,142.071,38.59999999999957,6.200000000001182,0.16062176165806352,142.515,142.519,142.33,142.381,2023-12-18 08:15:00.181000+00:00,6.200000000001182,2023-12-18 08:30:00+00:00,2023-12-18 08:15:29.638000+00:00,29.457,1.47,6,True,2023-12-18 08:30:02.445000+00:00,142.382,142.389,13.49999999999909,19.80000000000075,4.65,8.899999999999864,61.95942674153808,2023-12-18 00:21:40.563000+00:00,1,28399.618,-900.181,0.7000000000005002,2023-12-18 11:30:00.072000+00:00,142.665,142.67,-28.79999999999825,-287.9999999999825,13.599999999999568,-45.09999999999934,2691.002,7843.071,4.599999999999227,-1.300000000000523,-0.899999999998613,2.2999999999996135,-15.799999999998704,,True,False,True,TP_FIRST,-290.9999999999968,-295.99999999999227,2023-12-18 06:00:00+00:00,2023-12-18 04:00:00+00:00,142.15831085632777,143.05897822484343,-90.06673685156557,Down,Down,Down,2023-12-12 10:00:00+00:00,140.0,2023-12-12 10:00:00+00:00,2023-12-15 22:00:00+00:00,2023-12-15 00:00:00+00:00,143.55725680311753,146.49019886184232,-293.2942058724791,Down,Down,Down,2023-11-20 22:00:00+00:00,600.0,2023-11-20 22:00:00+00:00,29.457,6.200000000001182
RAW|2023-12-19|2023-12-19T15:15:00Z|-1,2023-12-19,2023H2,2023-12,-1,SHORT,LONDON_NY_OVERLAP,2023-12-19 15:15:00+00:00,2023-12-19 15:30:00+00:00,2023-12-19 18:30:00+00:00,143.784,142.244,153.9999999999992,14.300000000000068,0.09285714285714378,143.894,143.927,143.703,143.746,2023-12-19 15:15:00.116000+00:00,14.300000000000068,2023-12-19 15:30:00+00:00,2023-12-19 15:22:49.082000+00:00,468.966,7.866,24,True,2023-12-19 15:30:00.019000+00:00,143.747,143.751,-15.500000000000114,25.99999999999909,5.166666666666667,12.199999999998568,63.9817416605613,2023-12-19 03:00:06.684000+00:00,1,44093.432,-26100.116,0.39999999999906777,2023-12-19 18:30:00.234000+00:00,143.865,143.869,-12.199999999998568,-121.99999999998568,21.20000000000175,-17.499999999998295,4097.866,802.175,-1.6999999999995907,-12.09999999999809,-6.19999999999834,7.900000000000773,-1.5999999999991132,-12.199999999998568,False,False,True,TP_ONLY,-120.00000000000455,-118.99999999999977,2023-12-19 14:00:00+00:00,2023-12-19 12:00:00+00:00,143.60464677865775,143.2007068844128,40.39398942449566,Up,Up,Up,2023-12-19 10:00:00+00:00,4.0,2023-12-19 10:00:00+00:00,2023-12-18 22:00:00+00:00,2023-12-18 00:00:00+00:00,143.3228977165125,146.18994295289494,-286.7045236382438,Down,Down,Down,2023-11-20 22:00:00+00:00,672.0,2023-11-20 22:00:00+00:00,468.966,14.300000000000068
RAW|2023-12-20|2023-12-20T07:15:00Z|1,2023-12-20,2023H2,2023-12,1,LONG,LONDON,2023-12-20 07:15:00+00:00,2023-12-20 07:30:00+00:00,2023-12-20 10:30:00+00:00,144.095,143.365,72.99999999999898,0.8000000000009777,0.010958904109602588,143.493,143.564,143.357,143.426,2023-12-20 07:28:50.258000+00:00,0.8000000000009777,2023-12-20 07:30:00+00:00,2023-12-20 07:28:51.487000+00:00,1.229,0.204,2,True,2023-12-20 07:30:01.012000+00:00,143.427,143.433,18.799999999998818,19.999999999998863,3.8,12.5,16.108090435526865,2023-12-20 04:51:31.383000+00:00,1,9438.875,1869.742,0.6000000000000227,2023-12-20 10:30:00.261000+00:00,143.462,143.467,2.899999999999636,28.999999999996362,21.20000000000175,-12.79999999999859,1970.594,486.703,-7.800000000000296,-2.5000000000005684,11.899999999999977,3.6000000000001364,-1.9000000000005457,,False,False,True,TP_ONLY,39.99999999999204,54.000000000002046,2023-12-20 06:00:00+00:00,2023-12-20 04:00:00+00:00,143.7033095529617,143.3601981062169,34.3111446744814,Up,Up,Up,2023-12-19 10:00:00+00:00,20.0,2023-12-19 10:00:00+00:00,2023-12-19 22:00:00+00:00,2023-12-19 00:00:00+00:00,143.46692694036608,146.00090751666335,-253.39805762972674,Down,Down,Down,2023-11-20 22:00:00+00:00,696.0,2023-11-20 22:00:00+00:00,1.229,0.8000000000009777
RAW|2023-12-22|2023-12-22T17:15:00Z|-1,2023-12-22,2023H2,2023-12,-1,SHORT,NEW_YORK,2023-12-22 17:15:00+00:00,2023-12-22 17:30:00+00:00,2023-12-22 20:30:00+00:00,142.554,141.864,68.99999999999977,1.8000000000000682,0.026086956521740205,142.561,142.572,142.501,142.536,2023-12-22 17:15:00.138000+00:00,1.8000000000000682,2023-12-22 17:30:00+00:00,2023-12-22 17:15:07.068000+00:00,6.93,6.065,11,True,2023-12-22 17:30:00.083000+00:00,142.535,142.542,-4.399999999998272,12.000000000000455,3.0,11.899999999999977,20.179103352428136,2023-12-22 04:02:33.116000+00:00,1,47547.022,-33300.138,0.7000000000005002,2023-12-22 20:30:01.898000+00:00,142.512,142.521,1.4000000000010004,14.000000000010004,7.800000000000296,-5.400000000000205,9560.666,6200.276,0.39999999999906777,3.6000000000001364,2.2999999999996135,1.4999999999986358,-1.8000000000000682,1.4000000000010004,False,False,True,NEITHER,6.000000000000227,6.000000000000227,2023-12-22 14:00:00+00:00,2023-12-22 12:00:00+00:00,142.28562006238624,142.83579305559914,-55.01729932128967,Down,Down,Down,2023-12-21 06:00:00+00:00,32.0,2023-12-21 06:00:00+00:00,2023-12-21 22:00:00+00:00,2023-12-21 00:00:00+00:00,143.09573823488066,145.50927052210386,-241.35322872232052,Down,Down,Down,2023-11-20 22:00:00+00:00,744.0,2023-11-20 22:00:00+00:00,6.93,1.8000000000000682
RAW|2023-12-26|2023-12-26T07:30:00Z|-1,2023-12-26,2023H2,2023-12,-1,SHORT,LONDON,2023-12-26 07:30:00+00:00,2023-12-26 07:45:00+00:00,2023-12-26 10:45:00+00:00,142.352,142.09,26.200000000000045,2.199999999999136,0.08396946564882184,142.372,142.374,142.286,142.287,2023-12-26 07:30:00.401000+00:00,2.199999999999136,2023-12-26 07:45:00+00:00,2023-12-26 07:32:03.515000+00:00,123.114,17.809,19,True,2023-12-26 07:45:00.087000+00:00,142.286,142.293,8.900000000002706,12.90000000000191,0.6333333333333333,3.8000000000010914,31.024999268123214,2023-12-26 00:03:30.373000+00:00,2,26790.028,1799.599,0.7000000000005002,2023-12-26 10:45:00.634000+00:00,142.384,142.391,-10.499999999998977,-104.99999999998977,-0.49999999999954525,-24.399999999999977,8.621,8272.748,-2.6999999999986812,-4.699999999999704,-7.699999999999818,-9.700000000000841,-18.10000000000116,-10.499999999998977,False,False,True,SL_ONLY,-105.99999999999454,-105.99999999999454,2023-12-26 06:00:00+00:00,2023-12-26 04:00:00+00:00,142.31009619176277,142.66811808879146,-35.802189702869214,Down,Down,Down,2023-12-21 06:00:00+00:00,120.0,2023-12-21 06:00:00+00:00,2023-12-22 22:00:00+00:00,2023-12-22 00:00:00+00:00,142.9003844534862,145.26148888033555,-236.11044268493515,Down,Down,Down,2023-11-20 22:00:00+00:00,768.0,2023-11-20 22:00:00+00:00,123.114,2.199999999999136
RAW|2023-12-28|2023-12-28T13:45:00Z|1,2023-12-28,2023H2,2023-12,1,LONG,LONDON_NY_OVERLAP,2023-12-28 13:45:00+00:00,2023-12-28 14:00:00+00:00,2023-12-28 17:00:00+00:00,141.666,141.072,59.39999999999941,28.600000000000136,0.48148148148148856,140.81,141.136,140.786,141.118,2023-12-28 13:45:00.104000+00:00,28.600000000000136,2023-12-28 14:00:00+00:00,2023-12-28 13:58:43.125000+00:00,823.021,1.282,1,True,2023-12-28 14:00:00.145000+00:00,141.117,141.127,10.900000000000887,22.49999999999943,2.2,11.199999999999477,11.392612031746829,2023-12-28 06:07:50.462000+00:00,1,27429.642,-20700.104,1.0000000000019327,2023-12-28 17:00:00.256000+00:00,141.084,141.094,-4.300000000000637,-43.00000000000637,13.599999999999568,-87.90000000000191,7278.377,6257.891,-6.900000000001683,-17.900000000000205,-9.700000000000841,-36.80000000000234,-24.500000000000455,-4.300000000000637,False,False,True,SL_FIRST,-32.99999999998704,-33.999999999991815,2023-12-28 14:00:00+00:00,2023-12-28 12:00:00+00:00,141.36404706605262,142.09634928381172,-73.23022177590985,Down,Down,Down,2023-12-21 06:00:00+00:00,176.0,2023-12-21 06:00:00+00:00,2023-12-27 22:00:00+00:00,2023-12-27 00:00:00+00:00,142.4862777823909,144.77444098831603,-228.8163205925116,Down,Down,Down,2023-11-20 22:00:00+00:00,888.0,2023-11-20 22:00:00+00:00,823.021,28.600000000000136
RAW|2023-12-29|2023-12-29T07:15:00Z|1,2023-12-29,2023H2,2023-12,1,LONG,LONDON,2023-12-29 07:15:00+00:00,2023-12-29 07:30:00+00:00,2023-12-29 10:30:00+00:00,141.665,141.202,46.299999999999386,6.60000000000025,0.14254859611231832,141.17,141.246,141.136,141.233,2023-12-29 07:15:00.092000+00:00,6.60000000000025,2023-12-29 07:30:00+00:00,2023-12-29 07:16:15.605000+00:00,75.513,0.46,9,True,2023-12-29 07:30:00.044000+00:00,141.234,141.238,6.900000000001683,10.3999999999985,2.05,4.300000000000637,7.974330196689993,2023-12-29 06:46:25.731000+00:00,1,1714.361,2699.908,0.39999999999906777,2023-12-29 10:30:00.077000+00:00,141.794,141.801,55.60000000000116,556.0000000000116,67.40000000000066,-0.49999999999954525,9003.22,1.831,3.299999999998704,8.099999999998886,16.30000000000109,18.700000000001182,45.599999999998886,55.60000000000116,True,True,False,TP_ONLY,554.000000000002,546.999999999997,2023-12-29 06:00:00+00:00,2023-12-29 04:00:00+00:00,141.35296268899745,141.88160424430376,-52.864155530630796,Down,Down,Down,2023-12-21 06:00:00+00:00,192.0,2023-12-21 06:00:00+00:00,2023-12-28 22:00:00+00:00,2023-12-28 00:00:00+00:00,142.15476984456492,144.49856570925076,-234.37958646858306,Down,Down,Down,2023-11-20 22:00:00+00:00,912.0,2023-11-20 22:00:00+00:00,75.513,6.60000000000025
RAW|2023-12-29|2023-12-29T11:30:00Z|-1,2023-12-29,2023H2,2023-12,-1,SHORT,LONDON,2023-12-29 11:30:00+00:00,2023-12-29 11:45:00+00:00,2023-12-29 14:45:00+00:00,141.665,141.202,46.299999999999386,9.900000000001796,0.21382289416850817,141.734,141.764,141.61,141.631,2023-12-29 11:30:00.083000+00:00,9.900000000001796,2023-12-29 11:45:00+00:00,2023-12-29 11:36:55.883000+00:00,415.8,9.922,2,True,2023-12-29 11:45:00.923000+00:00,141.633,141.638,2.600000000001046,7.099999999999795,1.7,5.099999999998772,7.974330196689993,2023-12-29 00:58:03.662000+00:00,1,37916.421,-12600.083,0.49999999999954525,2023-12-29 14:45:00.010000+00:00,141.635,141.644,-1.099999999999568,-10.99999999999568,24.300000000002342,-25.499999999999545,2785.206,7638.683,1.4000000000010004,8.200000000002206,17.799999999999727,11.299999999999955,-9.299999999998931,,True,False,True,TP_FIRST,-9.000000000014552,-50.00000000001137,2023-12-29 10:00:00+00:00,2023-12-29 08:00:00+00:00,141.50811620642673,141.88275590475945,-37.46396983327145,Down,Down,Down,2023-12-21 06:00:00+00:00,196.0,2023-12-21 06:00:00+00:00,2023-12-28 22:00:00+00:00,2023-12-28 00:00:00+00:00,142.15476984456492,144.49856570925076,-234.37958646858306,Down,Down,Down,2023-11-20 22:00:00+00:00,912.0,2023-11-20 22:00:00+00:00,415.8,9.900000000001796
RAW|2024-01-02|2024-01-02T09:00:00Z|-1,2024-01-02,2024H1,2024-01,-1,SHORT,LONDON,2024-01-02 09:00:00+00:00,2024-01-02 09:15:00+00:00,2024-01-02 12:15:00+00:00,141.669,141.096,57.30000000000075,0.2999999999985903,0.005235602094216167,141.555,141.672,141.506,141.643,2024-01-02 09:14:06.395000+00:00,0.2999999999985903,2024-01-02 09:15:00+00:00,2024-01-02 09:14:06.550000+00:00,0.155,53.45,0,False,2024-01-02 09:15:00.189000+00:00,141.642,141.65,11.899999999999977,16.399999999998727,2.9,12.299999999999045,22.40907313257753,2024-01-02 02:33:56.637000+00:00,1,24009.758,-4446.395,0.8000000000009777,2024-01-02 12:15:00.040000+00:00,141.874,141.88,-23.799999999999955,-237.99999999999955,25.899999999998613,-25.100000000000477,1479.52,8995.034,0.6000000000000227,11.899999999999977,19.499999999999318,-3.6000000000001364,-7.099999999999795,,False,False,True,TP_FIRST,-235.99999999999,-228.00000000000864,2024-01-02 06:00:00+00:00,2024-01-02 04:00:00+00:00,141.32564307402174,141.67814161534028,-35.24985413185391,Down,Down,Down,2023-12-21 06:00:00+00:00,288.0,2023-12-21 06:00:00+00:00,2023-12-29 22:00:00+00:00,2023-12-29 00:00:00+00:00,141.8176927461178,144.2166804525107,-239.89877063928873,Down,Down,Down,2023-11-20 22:00:00+00:00,936.0,2023-11-20 22:00:00+00:00,0.155,0.2999999999985903
RAW|2024-01-05|2024-01-05T10:15:00Z|-1,2024-01-05,2024H1,2024-01,-1,SHORT,LONDON,2024-01-05 10:15:00+00:00,2024-01-05 10:30:00+00:00,2024-01-05 13:30:00+00:00,145.367,144.658,70.90000000000032,0.7000000000005002,0.009873060648808139,145.249,145.374,145.243,145.343,2024-01-05 10:21:47.503000+00:00,0.7000000000005002,2024-01-05 10:30:00+00:00,2024-01-05 10:21:49.905000+00:00,2.402,490.095,0,False,2024-01-05 10:30:00.172000+00:00,145.345,145.349,12.100000000000932,14.500000000001023,2.2,12.800000000001432,66.32497679509343,2024-01-05 06:45:28.174000+00:00,1,12979.329,-8507.503,0.39999999999906777,2024-01-05 13:30:00.118000+00:00,145.135,145.162,18.299999999999272,182.99999999999272,28.80000000000109,-1.2000000000000455,10443.789,2821.18,9.600000000000364,9.799999999998477,12.999999999999545,4.400000000001114,20.199999999999818,,False,False,False,TP_ONLY,181.99999999998795,169.9999999999875,2024-01-05 10:00:00+00:00,2024-01-05 08:00:00+00:00,144.65641545840433,143.40214275257227,125.42727058320509,Up,Up,Up,2024-01-02 22:00:00+00:00,60.0,2024-01-02 22:00:00+00:00,2024-01-04 22:00:00+00:00,2024-01-04 00:00:00+00:00,142.9409259278855,144.02865440420467,-108.7728476319171,Down,Down,Down,2023-11-20 22:00:00+00:00,1080.0,2023-11-20 22:00:00+00:00,2.402,0.7000000000005002
RAW|2024-01-05|2024-01-05T17:00:00Z|1,2024-01-05,2024H1,2024-01,1,LONG,NEW_YORK,2024-01-05 17:00:00+00:00,2024-01-05 17:15:00+00:00,2024-01-05 20:15:00+00:00,145.367,144.658,70.90000000000032,13.700000000000045,0.1932299012693933,144.523,144.737,144.521,144.672,2024-01-05 17:00:00.018000+00:00,13.700000000000045,2024-01-05 17:15:00+00:00,2024-01-05 17:08:56.156000+00:00,536.138,305.743,3,True,2024-01-05 17:15:02.640000+00:00,144.672,144.677,-21.19999999999891,26.099999999999568,3.216666666666667,13.300000000000978,66.32497679509343,2024-01-05 05:41:19.850000+00:00,2,40720.168,-32400.018,0.49999999999954525,2024-01-05 20:15:00.117000+00:00,144.702,144.705,2.5000000000005684,25.000000000005684,21.700000000001296,-18.199999999998795,4079.38,6963.396,-0.10000000000047748,10.300000000000864,-0.1999999999981128,13.900000000001,-10.599999999999454,,False,False,True,TP_ONLY,13.00000000000523,12.000000000000455,2024-01-05 14:00:00+00:00,2024-01-05 12:00:00+00:00,144.88743961314594,143.5671713323665,132.02682807794304,Up,Up,Up,2024-01-02 22:00:00+00:00,64.0,2024-01-02 22:00:00+00:00,2024-01-04 22:00:00+00:00,2024-01-04 00:00:00+00:00,142.9409259278855,144.02865440420467,-108.7728476319171,Down,Down,Down,2023-11-20 22:00:00+00:00,1080.0,2023-11-20 22:00:00+00:00,536.138,13.700000000000045
RAW|2024-01-08|2024-01-08T07:00:00Z|1,2024-01-08,2024H1,2024-01,1,LONG,LONDON,2024-01-08 07:00:00+00:00,2024-01-08 07:15:00+00:00,2024-01-08 10:15:00+00:00,144.797,144.169,62.79999999999859,8.00000000000125,0.1273885350318699,144.18,144.237,144.089,144.192,2024-01-08 07:00:09.833000+00:00,8.00000000000125,2024-01-08 07:15:00+00:00,2024-01-08 07:03:43.138000+00:00,213.305,0.973,15,True,2024-01-08 07:15:00.091000+00:00,144.191,144.197,7.200000000000273,7.499999999998863,2.35,3.299999999998704,9.345950090360924,2024-01-08 06:47:00.502000+00:00,1,789.331,3590.167,0.6000000000000227,2024-01-08 10:15:00.199000+00:00,144.259,144.265,6.19999999999834,61.9999999999834,41.39999999999873,-1.2000000000000455,4135.649,9691.332,12.600000000000477,7.699999999999818,15.899999999999181,36.19999999999948,29.699999999999704,6.19999999999834,True,False,False,TP_ONLY,60.99999999997863,59.99999999997385,2024-01-08 06:00:00+00:00,2024-01-08 04:00:00+00:00,144.57688869563356,143.83381753042121,74.3071165212342,Up,Up,Up,2024-01-02 22:00:00+00:00,128.0,2024-01-02 22:00:00+00:00,2024-01-05 22:00:00+00:00,2024-01-05 00:00:00+00:00,143.41580423420393,144.0746020518683,-65.87978176643787,Down,Down,Down,2023-11-20 22:00:00+00:00,1104.0,2023-11-20 22:00:00+00:00,213.305,8.00000000000125
RAW|2024-01-09|2024-01-09T08:15:00Z|-1,2024-01-09,2024H1,2024-01,-1,SHORT,LONDON,2024-01-09 08:15:00+00:00,2024-01-09 08:30:00+00:00,2024-01-09 11:30:00+00:00,144.258,143.419,83.89999999999986,5.599999999998317,0.06674612634086205,144.258,144.314,144.196,144.197,2024-01-09 08:15:00.401000+00:00,5.599999999998317,2024-01-09 08:30:00+00:00,2024-01-09 08:15:00.503000+00:00,0.102,0.258,31,True,2024-01-09 08:30:00.123000+00:00,144.197,144.202,19.69999999999743,26.499999999998636,3.1666666666666665,10.999999999998522,40.01609440851784,2024-01-09 00:00:42.056000+00:00,1,29658.345,-900.401,0.49999999999954525,2024-01-09 11:30:00.258000+00:00,144.034,144.04,15.700000000001069,157.0000000000107,44.99999999999886,-0.8000000000009777,4090.162,2.152,7.699999999999818,13.400000000001455,16.40000000000157,36.299999999999955,30.799999999999272,15.700000000001069,True,False,False,TP_ONLY,146.000000000015,144.00000000000546,2024-01-09 06:00:00+00:00,2024-01-09 04:00:00+00:00,143.9851366511341,143.8951982484181,8.993840271600106,Up,Up,Up,2024-01-02 22:00:00+00:00,152.0,2024-01-02 22:00:00+00:00,2024-01-08 22:00:00+00:00,2024-01-08 00:00:00+00:00,143.64643159585995,144.08647388771885,-44.00422918589015,Down,Down,Down,2023-11-20 22:00:00+00:00,1176.0,2023-11-20 22:00:00+00:00,0.102,5.599999999998317
RAW|2024-01-10|2024-01-10T07:15:00Z|-1,2024-01-10,2024H1,2024-01,-1,SHORT,LONDON,2024-01-10 07:15:00+00:00,2024-01-10 07:30:00+00:00,2024-01-10 10:30:00+00:00,145.131,144.416,71.50000000000034,1.9000000000005457,0.02657342657343408,145.084,145.15,144.955,144.972,2024-01-10 07:15:04.223000+00:00,1.9000000000005457,2024-01-10 07:30:00+00:00,2024-01-10 07:15:04.782000+00:00,0.559,66.585,4,True,2024-01-10 07:30:00.128000+00:00,144.973,144.982,5.799999999999272,15.000000000000568,3.3666666666666667,9.800000000001319,10.287721264943723,2024-01-10 06:57:10.319000+00:00,1,1073.904,2695.777,0.899999999998613,2024-01-10 10:30:00.089000+00:00,144.871,144.876,9.700000000000841,97.00000000000841,20.50000000000125,-8.499999999997954,9340.066,4388.398,0.7000000000005002,7.600000000002183,2.800000000002001,9.200000000001296,1.4000000000010004,,True,False,False,TP_ONLY,102.00000000000387,102.00000000000387,2024-01-10 06:00:00+00:00,2024-01-10 04:00:00+00:00,144.45951292551547,144.09315268589904,36.63602396164265,Up,Up,Up,2024-01-02 22:00:00+00:00,176.0,2024-01-02 22:00:00+00:00,2024-01-09 22:00:00+00:00,2024-01-09 00:00:00+00:00,143.8800225684714,144.11667597670134,-23.665340822995518,Down,Down,Down,2023-11-20 22:00:00+00:00,1200.0,2023-11-20 22:00:00+00:00,0.559,1.9000000000005457
RAW|2024-01-11|2024-01-11T13:30:00Z|1,2024-01-11,2024H1,2024-01,1,LONG,LONDON_NY_OVERLAP,2024-01-11 13:30:00+00:00,2024-01-11 13:45:00+00:00,2024-01-11 16:45:00+00:00,145.778,145.277,50.10000000000048,30.89999999999975,0.6167664670658574,145.342,146.164,144.968,145.913,2024-01-11 13:30:00.370000+00:00,30.89999999999975,2024-01-11 13:45:00+00:00,2024-01-11 13:30:01.496000+00:00,1.126,898.504,0,False,2024-01-11 13:45:00.003000+00:00,145.909,145.915,20.000000000001705,22.20000000000084,4.933333333333334,21.399999999999864,10.799673423049285,2024-01-11 04:39:06.960000+00:00,1,31853.41,-19800.37,0.6000000000000227,2024-01-11 16:45:00.075000+00:00,146.123,146.129,20.79999999999984,207.9999999999984,49.89999999999952,-27.199999999999136,1270.538,6384.644,8.799999999999386,32.90000000000077,26.800000000000068,8.00000000000125,-20.999999999997954,20.79999999999984,True,True,False,TP_FIRST,192.99999999998363,242.999999999995,2024-01-11 10:00:00+00:00,2024-01-11 08:00:00+00:00,145.39232097328969,144.69116448336342,70.11564899262623,Up,Up,Up,2024-01-02 22:00:00+00:00,204.0,2024-01-02 22:00:00+00:00,2024-01-10 22:00:00+00:00,2024-01-10 00:00:00+00:00,144.41287326319386,144.24694189856527,16.593136462859093,Up,Down,Transition,2024-01-10 22:00:00+00:00,0.0,2024-01-10 22:00:00+00:00,1.126,30.89999999999975
RAW|2024-01-11|2024-01-11T19:00:00Z|-1,2024-01-11,2024H1,2024-01,-1,SHORT,NEW_YORK,2024-01-11 19:00:00+00:00,2024-01-11 19:15:00+00:00,2024-01-11 22:15:00+00:00,145.778,145.277,50.10000000000048,2.800000000002001,0.055888223552933616,145.8,145.806,145.636,145.636,2024-01-11 19:00:00.065000+00:00,2.800000000002001,2024-01-11 19:15:00+00:00,2024-01-11 19:00:52.312000+00:00,52.247,0.865,19,True,2024-01-11 19:15:00.754000+00:00,145.636,145.64,-14.999999999997726,18.400000000002592,2.183333333333333,5.400000000000205,10.799673423049285,2024-01-11 00:00:46.455000+00:00,1,68353.61,-39600.065,0.39999999999906777,2024-01-11 22:15:20.780000+00:00,145.281,145.314,32.20000000000027,322.00000000000273,36.7999999999995,-7.400000000001228,8490.394,527.134,-6.200000000001182,12.199999999998568,6.19999999999834,16.899999999998272,20.90000000000032,32.20000000000027,True,True,False,TP_ONLY,322.00000000000273,310.0000000000023,2024-01-11 18:00:00+00:00,2024-01-11 16:00:00+00:00,145.72673519045392,144.90654721871883,82.01879717350948,Up,Up,Up,2024-01-02 22:00:00+00:00,212.0,2024-01-02 22:00:00+00:00,2024-01-10 22:00:00+00:00,2024-01-10 00:00:00+00:00,144.41287326319386,144.24694189856527,16.593136462859093,Up,Down,Transition,2024-01-10 22:00:00+00:00,0.0,2024-01-10 22:00:00+00:00,52.247,2.800000000002001
RAW|2024-01-12|2024-01-12T13:30:00Z|1,2024-01-12,2024H1,2024-01,1,LONG,LONDON_NY_OVERLAP,2024-01-12 13:30:00+00:00,2024-01-12 13:45:00+00:00,2024-01-12 16:45:00+00:00,145.405,144.843,56.20000000000118,9.199999999998454,0.16370106761562742,145.393,145.393,144.751,144.896,2024-01-12 13:38:03.602000+00:00,9.199999999998454,2024-01-12 13:45:00+00:00,2024-01-12 13:38:08.547000+00:00,4.945,0.515,20,True,2024-01-12 13:45:00.134000+00:00,144.9,144.907,65.39999999999964,66.19999999999777,7.866666666666666,21.699999999998454,28.62772831504824,2024-01-12 03:09:47.635000+00:00,1,37695.967,-20283.602,0.7000000000005002,2024-01-12 16:45:00.140000+00:00,144.804,144.809,-10.300000000000864,-103.00000000000864,14.300000000000068,-55.29999999999973,335.952,5500.525,9.999999999999432,-12.20000000000141,-5.100000000001614,-46.80000000000177,-21.700000000001296,-10.300000000000864,False,False,True,TP_FIRST,-97.99999999998477,-99.99999999999432,2024-01-12 10:00:00+00:00,2024-01-12 08:00:00+00:00,145.32343752354592,144.98683497531775,33.66025482281714,Up,Up,Up,2024-01-02 22:00:00+00:00,228.0,2024-01-02 22:00:00+00:00,2024-01-11 22:00:00+00:00,2024-01-11 00:00:00+00:00,144.6586237594242,144.32902654668004,32.95972127441473,Up,Up,Up,2024-01-10 22:00:00+00:00,24.0,2024-01-10 22:00:00+00:00,4.945,9.199999999998454
RAW|2024-01-17|2024-01-17T07:45:00Z|-1,2024-01-17,2024H1,2024-01,-1,SHORT,LONDON,2024-01-17 07:45:00+00:00,2024-01-17 08:00:00+00:00,2024-01-17 11:00:00+00:00,147.887,147.097,78.9999999999992,7.900000000000773,0.10000000000001079,147.914,147.966,147.842,147.869,2024-01-17 07:45:00.204000+00:00,7.900000000000773,2024-01-17 08:00:00+00:00,2024-01-17 07:48:12.745000+00:00,192.541,0.308,13,True,2024-01-17 08:00:00.142000+00:00,147.87,147.878,2.0999999999986585,12.79999999999859,3.2333333333333334,5.699999999998795,18.654866086397817,2024-01-17 06:31:33.978000+00:00,1,4406.226,899.796,0.7999999999981355,2024-01-17 11:00:00.111000+00:00,147.751,147.757,11.299999999999955,112.99999999999955,30.000000000001137,-6.100000000000705,8501.036,3718.712,7.699999999999818,10.400000000001342,6.900000000001683,-1.4999999999986358,14.000000000001478,,False,False,True,TP_ONLY,100.99999999999909,100.99999999999909,2024-01-17 06:00:00+00:00,2024-01-17 04:00:00+00:00,147.04474678959653,146.03134314786843,101.34036417281038,Up,Up,Up,2024-01-02 22:00:00+00:00,344.0,2024-01-02 22:00:00+00:00,2024-01-16 22:00:00+00:00,2024-01-16 00:00:00+00:00,145.6282914575161,144.6974782715812,93.08131859349089,Up,Up,Up,2024-01-10 22:00:00+00:00,144.0,2024-01-10 22:00:00+00:00,192.541,7.900000000000773
RAW|2024-01-18|2024-01-18T09:30:00Z|1,2024-01-18,2024H1,2024-01,1,LONG,LONDON,2024-01-18 09:30:00+00:00,2024-01-18 09:45:00+00:00,2024-01-18 12:45:00+00:00,148.249,147.686,56.29999999999882,3.2000000000010687,0.056838365897000635,147.742,147.775,147.654,147.736,2024-01-18 09:32:10.767000+00:00,3.2000000000010687,2024-01-18 09:45:00+00:00,2024-01-18 09:32:13.112000+00:00,2.3449999999999998,29.708,14,True,2024-01-18 09:45:00.176000+00:00,147.735,147.742,15.399999999999636,16.30000000000109,2.5,10.900000000000887,9.058372198716754,2024-01-18 06:54:36.051000+00:00,1,9454.716,-5530.767,0.699999999997658,2024-01-18 12:45:00.118000+00:00,147.901,147.907,15.900000000002024,159.00000000002024,21.90000000000225,-1.999999999998181,5288.958,115.315,3.8000000000010914,10.500000000001819,9.100000000000819,14.6000000000015,13.300000000000978,,False,False,False,TP_ONLY,163.0000000000109,163.0000000000109,2024-01-18 06:00:00+00:00,2024-01-18 04:00:00+00:00,147.87040417332446,146.8046744698338,106.57297034906605,Up,Up,Up,2024-01-02 22:00:00+00:00,368.0,2024-01-02 22:00:00+00:00,2024-01-17 22:00:00+00:00,2024-01-17 00:00:00+00:00,146.3464938982258,144.9730400098547,137.3453888371074,Up,Up,Up,2024-01-10 22:00:00+00:00,168.0,2024-01-10 22:00:00+00:00,2.3449999999999998,3.2000000000010687
RAW|2024-01-18|2024-01-18T13:45:00Z|-1,2024-01-18,2024H1,2024-01,-1,SHORT,LONDON_NY_OVERLAP,2024-01-18 13:45:00+00:00,2024-01-18 14:00:00+00:00,2024-01-18 17:00:00+00:00,148.249,147.686,56.29999999999882,5.000000000001137,0.08880994671405402,148.229,148.299,148.157,148.229,2024-01-18 13:45:27.594000+00:00,5.000000000001137,2024-01-18 14:00:00+00:00,2024-01-18 13:45:27.803000+00:00,0.209,1.19,11,True,2024-01-18 14:00:00.084000+00:00,148.231,148.236,17.69999999999925,29.49999999999875,3.85,16.499999999999204,9.058372198716754,2024-01-18 00:41:41.170000+00:00,1,47026.424,-20727.594,0.49999999999954525,2024-01-18 17:00:00.595000+00:00,148.156,148.162,6.89999999999884,68.9999999999884,37.299999999999045,-1.6999999999995907,1929.88,51.206,7.499999999998863,21.299999999999386,22.800000000000864,21.89999999999941,4.999999999998295,6.89999999999884,True,False,False,TP_ONLY,73.0000000000075,57.999999999992724,2024-01-18 14:00:00+00:00,2024-01-18 12:00:00+00:00,147.9682878435329,146.99540927126733,97.28785722655573,Up,Up,Up,2024-01-02 22:00:00+00:00,376.0,2024-01-02 22:00:00+00:00,2024-01-17 22:00:00+00:00,2024-01-17 00:00:00+00:00,146.3464938982258,144.9730400098547,137.3453888371074,Up,Up,Up,2024-01-10 22:00:00+00:00,168.0,2024-01-10 22:00:00+00:00,0.209,5.000000000001137
RAW|2024-01-19|2024-01-19T09:00:00Z|1,2024-01-19,2024H1,2024-01,1,LONG,LONDON,2024-01-19 09:00:00+00:00,2024-01-19 09:15:00+00:00,2024-01-19 12:15:00+00:00,148.802,147.938,86.40000000000043,1.4999999999986358,0.017361111111095236,148.076,148.133,147.923,147.95,2024-01-19 09:14:14.563000+00:00,1.4999999999986358,2024-01-19 09:15:00+00:00,2024-01-19 09:14:20.992000+00:00,6.429,1.855,5,True,2024-01-19 09:15:00.711000+00:00,147.949,147.956,11.899999999999977,19.900000000001228,4.85,10.599999999999454,14.295866525583302,2024-01-19 00:28:31.156000+00:00,1,31543.407,-4454.563,0.699999999997658,2024-01-19 12:15:00.050000+00:00,148.013,148.017,5.700000000001637,57.00000000001637,18.10000000000116,-11.7999999999995,1233.285,3701.379,5.400000000000205,9.000000000000341,14.500000000001023,-8.199999999999363,7.30000000000075,,False,False,True,TP_ONLY,62.00000000001182,56.000000000011596,2024-01-19 06:00:00+00:00,2024-01-19 04:00:00+00:00,148.29281461982842,147.38164503009466,91.11695897337597,Up,Up,Up,2024-01-02 22:00:00+00:00,392.0,2024-01-02 22:00:00+00:00,2024-01-18 22:00:00+00:00,2024-01-18 00:00:00+00:00,146.8606384987327,145.22687680906634,163.37616896663576,Up,Up,Up,2024-01-10 22:00:00+00:00,192.0,2024-01-10 22:00:00+00:00,6.429,1.4999999999986358
RAW|2024-01-22|2024-01-22T09:00:00Z|-1,2024-01-22,2024H1,2024-01,-1,SHORT,LONDON,2024-01-22 09:00:00+00:00,2024-01-22 09:15:00+00:00,2024-01-22 12:15:00+00:00,148.23,147.73,50.0,4.400000000001114,0.08800000000002228,148.242,148.274,148.119,148.143,2024-01-22 09:00:00.096000+00:00,4.400000000001114,2024-01-22 09:15:00+00:00,2024-01-22 09:04:46.967000+00:00,286.871,613.033,0,False,2024-01-22 09:15:00.180000+00:00,148.142,148.15,0.49999999999954525,10.599999999999454,2.5166666666666666,4.800000000000182,20.198830555040303,2024-01-22 00:28:45.806000+00:00,1,30674.29,-3600.096,0.8000000000009777,2024-01-22 12:15:01.035000+00:00,147.877,147.882,25.99999999999909,259.9999999999909,28.700000000000614,-1.4000000000010004,10633.671,1826.441,4.699999999999704,1.300000000000523,0.6000000000000227,7.800000000000296,22.20000000000084,25.99999999999909,True,False,False,TP_ONLY,258.99999999998613,258.99999999998613,2024-01-22 06:00:00+00:00,2024-01-22 04:00:00+00:00,148.05222824192998,147.63560253176422,41.66257101657607,Up,Up,Up,2024-01-02 22:00:00+00:00,464.0,2024-01-02 22:00:00+00:00,2024-01-19 22:00:00+00:00,2024-01-19 00:00:00+00:00,147.1975989276662,145.45192666434104,174.56722633251616,Up,Up,Up,2024-01-10 22:00:00+00:00,216.0,2024-01-10 22:00:00+00:00,286.871,4.400000000001114
RAW|2024-01-22|2024-01-22T12:30:00Z|1,2024-01-22,2024H1,2024-01,1,LONG,LONDON_NY_OVERLAP,2024-01-22 12:30:00+00:00,2024-01-22 12:45:00+00:00,2024-01-22 15:45:00+00:00,148.23,147.73,50.0,2.2999999999996135,0.04599999999999227,147.797,147.852,147.707,147.74,2024-01-22 12:44:05.205000+00:00,2.2999999999996135,2024-01-22 12:45:00+00:00,2024-01-22 12:44:05.461000+00:00,0.256,0.103,6,True,2024-01-22 12:45:00.104000+00:00,147.741,147.747,6.19999999999834,12.399999999999523,2.2666666666666666,9.000000000000341,20.198830555040303,2024-01-22 02:57:17.213000+00:00,1,35207.992,-17045.205,0.6000000000000227,2024-01-22 15:45:00.162000+00:00,147.811,147.816,6.399999999999295,63.99999999999295,20.699999999999363,-13.2000000000005,7168.08,4292.078,7.399999999998386,4.099999999999682,9.099999999997976,-1.2000000000000455,16.699999999997317,6.399999999999295,False,False,True,TP_ONLY,49.000000000006594,37.00000000000614,2024-01-22 10:00:00+00:00,2024-01-22 08:00:00+00:00,148.06873445852142,147.6735543292231,39.51801292983248,Up,Up,Up,2024-01-02 22:00:00+00:00,468.0,2024-01-02 22:00:00+00:00,2024-01-19 22:00:00+00:00,2024-01-19 00:00:00+00:00,147.1975989276662,145.45192666434104,174.56722633251616,Up,Up,Up,2024-01-10 22:00:00+00:00,216.0,2024-01-10 22:00:00+00:00,0.256,2.2999999999996135
RAW|2024-01-23|2024-01-23T16:15:00Z|-1,2024-01-23,2024H1,2024-01,-1,SHORT,NEW_YORK,2024-01-23 16:15:00+00:00,2024-01-23 16:30:00+00:00,2024-01-23 19:30:00+00:00,148.548,146.975,157.30000000000075,3.8000000000010914,0.02415766052130371,148.473,148.586,148.452,148.489,2024-01-23 16:18:01.714000+00:00,3.8000000000010914,2024-01-23 16:30:00+00:00,2024-01-23 16:19:22.264000+00:00,80.55,0.715,9,True,2024-01-23 16:30:00.095000+00:00,148.488,148.495,14.700000000001978,19.10000000000025,2.316666666666667,12.5,41.563674340963686,2024-01-23 03:10:54.682000+00:00,1,47227.032,-29881.714,0.7000000000005002,2024-01-23 19:30:00.054000+00:00,148.428,148.432,5.60000000000116,56.000000000011596,6.399999999999295,-21.299999999999386,10757.518,4653.894,-4.699999999999704,-9.999999999999432,-6.89999999999884,-7.30000000000075,-2.2999999999996135,,False,False,True,SL_ONLY,56.000000000011596,63.0000000000166,2024-01-23 14:00:00+00:00,2024-01-23 12:00:00+00:00,147.9542672666418,147.79015771241774,16.410955422406914,Up,Up,Up,2024-01-02 22:00:00+00:00,496.0,2024-01-02 22:00:00+00:00,2024-01-22 22:00:00+00:00,2024-01-22 00:00:00+00:00,147.4505706626187,145.66241253119378,178.81581314249217,Up,Up,Up,2024-01-10 22:00:00+00:00,288.0,2024-01-10 22:00:00+00:00,80.55,3.8000000000010914
RAW|2024-01-24|2024-01-24T07:00:00Z|1,2024-01-24,2024H1,2024-01,1,LONG,LONDON,2024-01-24 07:00:00+00:00,2024-01-24 07:15:00+00:00,2024-01-24 10:15:00+00:00,148.26,147.75,50.99999999999909,4.599999999999227,0.090196078431359,147.864,147.91,147.704,147.779,2024-01-24 07:05:43.522000+00:00,4.599999999999227,2024-01-24 07:15:00+00:00,2024-01-24 07:05:43.574000+00:00,0.052,1.9340000000000002,12,True,2024-01-24 07:15:00.021000+00:00,147.777,147.785,9.999999999999432,16.100000000000136,5.333333333333333,16.100000000000136,13.21798553148913,2024-01-24 03:51:37.932000+00:00,1,11645.59,3256.478,0.8000000000009777,2024-01-24 10:15:00.333000+00:00,147.507,147.515,-27.79999999999916,-277.9999999999916,11.699999999999022,-40.89999999999918,880.441,8486.575,3.499999999999659,10.80000000000041,-5.799999999999272,-7.200000000000273,-26.900000000000546,-27.79999999999916,False,False,True,TP_FIRST,-266.9999999999959,-269.9999999999818,2024-01-24 06:00:00+00:00,2024-01-24 04:00:00+00:00,148.05994379077515,147.8976668272658,16.227696350935616,Up,Up,Up,2024-01-02 22:00:00+00:00,512.0,2024-01-02 22:00:00+00:00,2024-01-23 22:00:00+00:00,2024-01-23 00:00:00+00:00,147.69126475901336,145.87285952869829,181.84052303150793,Up,Up,Up,2024-01-10 22:00:00+00:00,312.0,2024-01-10 22:00:00+00:00,0.052,4.599999999999227
RAW|2024-01-25|2024-01-25T07:30:00Z|1,2024-01-25,2024H1,2024-01,1,LONG,LONDON,2024-01-25 07:30:00+00:00,2024-01-25 07:45:00+00:00,2024-01-25 10:45:00+00:00,147.879,147.543,33.59999999999843,0.9000000000014552,0.026785714285758846,147.62,147.628,147.534,147.595,2024-01-25 07:40:09.058000+00:00,0.9000000000014552,2024-01-25 07:45:00+00:00,2024-01-25 07:40:12.322000+00:00,3.2640000000000002,0.052,1,True,2024-01-25 07:45:00.016000+00:00,147.595,147.602,14.099999999999113,14.300000000000068,2.1666666666666665,7.400000000001228,5.444020495548733,2024-01-25 00:02:02.134000+00:00,1,27486.924,1190.942,0.7000000000005002,2024-01-25 10:45:00.042000+00:00,147.55,147.555,-5.19999999999925,-51.9999999999925,24.00000000000091,-8.70000000000175,2118.25,10268.452,-2.400000000000091,6.799999999998363,12.100000000000932,6.100000000000705,3.0000000000001137,-5.19999999999925,True,False,True,TP_ONLY,-54.9999999999784,-62.99999999998818,2024-01-25 06:00:00+00:00,2024-01-25 04:00:00+00:00,147.60632333237734,147.7164813003985,-11.015796802115574,Down,Down,Down,2024-01-24 14:00:00+00:00,16.0,2024-01-24 14:00:00+00:00,2024-01-24 22:00:00+00:00,2024-01-24 00:00:00+00:00,147.63490339929524,146.00255076640244,163.2352632892804,Up,Up,Up,2024-01-10 22:00:00+00:00,336.0,2024-01-10 22:00:00+00:00,3.2640000000000002,0.9000000000014552
RAW|2024-01-25|2024-01-25T13:30:00Z|-1,2024-01-25,2024H1,2024-01,-1,SHORT,LONDON_NY_OVERLAP,2024-01-25 13:30:00+00:00,2024-01-25 13:45:00+00:00,2024-01-25 16:45:00+00:00,147.879,147.543,33.59999999999843,5.700000000001637,0.1696428571429138,147.63,147.936,147.315,147.435,2024-01-25 13:30:03.231000+00:00,5.700000000001637,2024-01-25 13:45:00+00:00,2024-01-25 13:30:03.435000+00:00,0.204,0.257,8,True,2024-01-25 13:45:00.061000+00:00,147.434,147.44,21.999999999999886,38.10000000000002,3.65,38.10000000000002,5.444020495548733,2024-01-25 06:12:21.007000+00:00,1,26262.224,-19803.231,0.6000000000000227,2024-01-25 16:45:00.318000+00:00,147.686,147.691,-25.7000000000005,-257.000000000005,34.70000000000084,-30.100000000001614,1772.023,10687.962,-9.899999999998954,5.500000000000682,30.799999999999272,9.899999999998954,-3.100000000000591,-25.7000000000005,True,True,False,TP_FIRST,-289.99999999999204,-284.9999999999966,2024-01-25 10:00:00+00:00,2024-01-25 08:00:00+00:00,147.61565952312668,147.7102827963666,-9.462327323993236,Down,Down,Down,2024-01-24 14:00:00+00:00,20.0,2024-01-24 14:00:00+00:00,2024-01-24 22:00:00+00:00,2024-01-24 00:00:00+00:00,147.63490339929524,146.00255076640244,163.2352632892804,Up,Up,Up,2024-01-10 22:00:00+00:00,336.0,2024-01-10 22:00:00+00:00,0.204,5.700000000001637
RAW|2024-01-26|2024-01-26T07:15:00Z|-1,2024-01-26,2024H1,2024-01,-1,SHORT,LONDON,2024-01-26 07:15:00+00:00,2024-01-26 07:30:00+00:00,2024-01-26 10:30:00+00:00,147.864,147.478,38.59999999999957,1.8000000000000682,0.046632124352333895,147.816,147.882,147.775,147.802,2024-01-26 07:18:21.447000+00:00,1.8000000000000682,2024-01-26 07:30:00+00:00,2024-01-26 07:18:21.853000+00:00,0.406,0.204,2,True,2024-01-26 07:30:00.128000+00:00,147.804,147.808,9.200000000001296,11.299999999999955,3.1666666666666665,5.500000000000682,8.158132027296304,2024-01-26 06:35:18.287000+00:00,1,2583.16,2498.553,0.39999999999906777,2024-01-26 10:30:00.117000+00:00,147.733,147.738,6.60000000000025,66.0000000000025,12.800000000001432,-28.999999999999204,9553.99,6348.326,0.49999999999954525,-4.300000000000637,2.899999999999636,1.300000000000523,-13.49999999999909,,False,False,True,SL_FIRST,67.00000000000728,67.00000000000728,2024-01-26 06:00:00+00:00,2024-01-26 04:00:00+00:00,147.64389575830134,147.68402417381532,-4.012841551397628,Down,Down,Down,2024-01-24 14:00:00+00:00,40.0,2024-01-24 14:00:00+00:00,2024-01-25 22:00:00+00:00,2024-01-25 00:00:00+00:00,147.64007385663945,146.13458670509024,150.5487151549204,Up,Up,Up,2024-01-10 22:00:00+00:00,360.0,2024-01-10 22:00:00+00:00,0.406,1.8000000000000682
RAW|2024-01-29|2024-01-29T12:00:00Z|1,2024-01-29,2024H1,2024-01,1,LONG,LONDON_NY_OVERLAP,2024-01-29 12:00:00+00:00,2024-01-29 12:15:00+00:00,2024-01-29 15:15:00+00:00,148.333,147.878,45.50000000000125,1.3999999999981583,0.030769230769189446,147.874,147.908,147.864,147.898,2024-01-29 12:00:00.584000+00:00,1.3999999999981583,2024-01-29 12:15:00+00:00,2024-01-29 12:00:15.790000+00:00,15.206,2.638,15,True,2024-01-29 12:15:04.551000+00:00,147.898,147.903,-0.39999999999906777,6.100000000000705,0.75,6.100000000000705,7.079797180667628,2024-01-29 06:58:14.599000+00:00,1,18105.985,-14400.584,0.49999999999954525,2024-01-29 15:15:00.388000+00:00,147.854,147.86,-4.899999999997817,-48.99999999997817,18.80000000000166,-6.699999999997885,3961.346,581.853,-2.0999999999986585,-0.7999999999981355,-2.199999999999136,7.500000000001705,7.00000000000216,,False,False,True,TP_ONLY,-43.99999999998272,-43.99999999998272,2024-01-29 10:00:00+00:00,2024-01-29 08:00:00+00:00,147.90702522408338,147.79607272737076,11.095249671262764,Up,Up,Up,2024-01-26 18:00:00+00:00,64.0,2024-01-26 18:00:00+00:00,2024-01-26 22:00:00+00:00,2024-01-26 00:00:00+00:00,147.78548132617104,146.29573976868303,148.97415574880029,Up,Up,Up,2024-01-10 22:00:00+00:00,384.0,2024-01-10 22:00:00+00:00,15.206,1.3999999999981583
RAW|2024-01-30|2024-01-30T07:30:00Z|1,2024-01-30,2024H1,2024-01,1,LONG,LONDON,2024-01-30 07:30:00+00:00,2024-01-30 07:45:00+00:00,2024-01-30 10:45:00+00:00,147.486,147.19,29.599999999999227,0.9999999999990905,0.03378378378375394,147.271,147.289,147.18,147.246,2024-01-30 07:42:52.535000+00:00,0.9999999999990905,2024-01-30 07:45:00+00:00,2024-01-30 07:43:03.479000+00:00,10.943999999999999,116.521,0,False,2024-01-30 07:45:00.072000+00:00,147.246,147.251,8.799999999999386,10.499999999998977,2.1666666666666665,6.89999999999884,37.896313609064535,2024-01-30 00:46:51.934000+00:00,1,24960.601,1027.465,0.49999999999954525,2024-01-30 10:45:00.647000+00:00,147.243,147.25,-0.8000000000009777,-8.000000000009777,29.90000000000066,-9.300000000001774,3026.18,424.754,-1.300000000000523,-2.7000000000015234,16.70000000000016,22.299999999998477,12.79999999999859,-0.8000000000009777,True,True,True,TP_ONLY,-16.999999999995907,-18.000000000000682,2024-01-30 06:00:00+00:00,2024-01-30 04:00:00+00:00,147.5538978892878,147.70799203310634,-15.40941438185257,Down,Down,Down,2024-01-29 22:00:00+00:00,8.0,2024-01-29 22:00:00+00:00,2024-01-29 22:00:00+00:00,2024-01-29 00:00:00+00:00,147.70048666155074,146.3911205871884,130.93660743623445,Up,Up,Up,2024-01-10 22:00:00+00:00,456.0,2024-01-10 22:00:00+00:00,10.943999999999999,0.9999999999990905
RAW|2024-01-30|2024-01-30T13:15:00Z|-1,2024-01-30,2024H1,2024-01,-1,SHORT,LONDON_NY_OVERLAP,2024-01-30 13:15:00+00:00,2024-01-30 13:30:00+00:00,2024-01-30 16:30:00+00:00,147.486,147.19,29.599999999999227,9.000000000000341,0.30405405405407354,147.543,147.576,147.469,147.485,2024-01-30 13:15:00.048000+00:00,9.000000000000341,2024-01-30 13:30:00+00:00,2024-01-30 13:25:01.055000+00:00,601.007,24.822,20,True,2024-01-30 13:30:00.905000+00:00,147.484,147.49,10.300000000000864,13.700000000000045,2.7666666666666666,8.600000000001273,37.896313609064535,2024-01-30 00:00:00.051000+00:00,1,47699.997,-18900.048,0.6000000000000227,2024-01-30 16:30:00.086000+00:00,147.809,147.815,-33.099999999998886,-330.99999999998886,38.2000000000005,-44.70000000000027,5032.614,9818.44,0.0,-1.8000000000000682,-3.8999999999987267,25.600000000000023,-25.99999999999909,,True,True,True,TP_FIRST,-329.9999999999841,-334.0000000000032,2024-01-30 10:00:00+00:00,2024-01-30 08:00:00+00:00,147.50649849234844,147.68239267045786,-17.589417810941654,Down,Down,Down,2024-01-29 22:00:00+00:00,12.0,2024-01-29 22:00:00+00:00,2024-01-29 22:00:00+00:00,2024-01-29 00:00:00+00:00,147.70048666155074,146.3911205871884,130.93660743623445,Up,Up,Up,2024-01-10 22:00:00+00:00,456.0,2024-01-10 22:00:00+00:00,601.007,9.000000000000341
RAW|2024-01-31|2024-01-31T07:00:00Z|-1,2024-01-31,2024H1,2024-01,-1,SHORT,LONDON,2024-01-31 07:00:00+00:00,2024-01-31 07:15:00+00:00,2024-01-31 10:15:00+00:00,147.882,147.186,69.5999999999998,1.5999999999991132,0.022988505747113763,147.884,147.898,147.773,147.774,2024-01-31 07:00:00.075000+00:00,1.5999999999991132,2024-01-31 07:15:00+00:00,2024-01-31 07:00:32.101000+00:00,32.026,4.183,26,True,2024-01-31 07:15:00.362000+00:00,147.773,147.778,7.599999999999341,7.699999999999818,1.35,2.399999999997249,10.120804991767123,2024-01-31 06:58:31.872000+00:00,1,88.203,3599.925,0.49999999999954525,2024-01-31 10:15:00.404000+00:00,147.768,147.773,0.0,0.0,36.40000000000043,-3.900000000001569,7746.142,9750.555,-0.49999999999954525,5.699999999998795,6.19999999999834,18.899999999999295,23.599999999999,0.0,True,False,False,TP_ONLY,2.0000000000095497,1.0000000000047748,2024-01-31 06:00:00+00:00,2024-01-31 04:00:00+00:00,147.61946056932163,147.66730873669147,-4.784816736983544,Down,Down,Down,2024-01-29 22:00:00+00:00,32.0,2024-01-29 22:00:00+00:00,2024-01-30 22:00:00+00:00,2024-01-30 00:00:00+00:00,147.66977618682196,146.4872709402133,118.25052466086561,Up,Up,Up,2024-01-10 22:00:00+00:00,480.0,2024-01-10 22:00:00+00:00,32.026,1.5999999999991132
RAW|2024-02-01|2024-02-01T12:15:00Z|-1,2024-02-01,2024H1,2024-02,-1,SHORT,LONDON_NY_OVERLAP,2024-02-01 12:15:00+00:00,2024-02-01 12:30:00+00:00,2024-02-01 15:30:00+00:00,147.08,146.473,60.69999999999993,3.3999999999991815,0.0560131795716505,147.011,147.114,147.01,147.053,2024-02-01 12:20:54.971000+00:00,3.3999999999991815,2024-02-01 12:30:00+00:00,2024-02-01 12:20:55.126000+00:00,0.155,0.257,28,True,2024-02-01 12:30:00.081000+00:00,147.053,147.059,14.399999999997704,17.300000000000182,2.966666666666667,6.19999999999834,27.651438508765942,2024-02-01 00:02:48.015000+00:00,1,44286.956,-15654.971,0.6000000000000227,2024-02-01 15:30:00.163000+00:00,146.551,146.558,49.500000000000455,495.00000000000455,72.29999999999848,-5.60000000000116,8952.968,202.127,-1.5999999999991132,2.7999999999991587,8.400000000000318,15.199999999998681,61.40000000000043,49.500000000000455,True,True,True,TP_ONLY,504.0000000000191,503.0000000000143,2024-02-01 10:00:00+00:00,2024-02-01 08:00:00+00:00,146.93000749563564,147.3472291501747,-41.72216545390768,Down,Down,Down,2024-01-29 22:00:00+00:00,60.0,2024-01-29 22:00:00+00:00,2024-01-31 22:00:00+00:00,2024-01-31 00:00:00+00:00,147.43498299058712,146.51612926499624,91.88537255908784,Up,Up,Up,2024-01-10 22:00:00+00:00,504.0,2024-01-10 22:00:00+00:00,0.155,3.3999999999991815
RAW|2024-02-02|2024-02-02T07:00:00Z|-1,2024-02-02,2024H1,2024-02,-1,SHORT,LONDON,2024-02-02 07:00:00+00:00,2024-02-02 07:15:00+00:00,2024-02-02 10:15:00+00:00,146.526,146.24,28.600000000000136,2.2999999999996135,0.08041958041956652,146.481,146.549,146.475,146.49,2024-02-02 07:03:44.961000+00:00,2.2999999999996135,2024-02-02 07:15:00+00:00,2024-02-02 07:03:45.726000+00:00,0.765,2.836,12,True,2024-02-02 07:15:02.632000+00:00,146.49,146.499,7.499999999998863,7.699999999999818,1.9,5.19999999999925,4.926096118584592,2024-02-02 06:55:52.519000+00:00,1,472.442,3375.039,0.899999999998613,2024-02-02 10:15:00.175000+00:00,146.692,146.698,-20.79999999999984,-207.9999999999984,-0.6000000000000227,-31.299999999998818,9.735,7447.579,-9.799999999998477,-9.899999999998954,-5.400000000000205,-11.7999999999995,-28.899999999998727,,False,False,True,SL_ONLY,-206.00000000001728,-206.99999999999363,2024-02-02 06:00:00+00:00,2024-02-02 04:00:00+00:00,146.51376589658244,147.03598218405105,-52.221628746860915,Down,Down,Down,2024-01-29 22:00:00+00:00,80.0,2024-01-29 22:00:00+00:00,2024-02-01 22:00:00+00:00,2024-02-01 00:00:00+00:00,147.1412735647051,146.50739892379653,63.38746409085729,Up,Up,Up,2024-01-10 22:00:00+00:00,528.0,2024-01-10 22:00:00+00:00,0.765,2.2999999999996135
RAW|2024-02-05|2024-02-05T16:00:00Z|-1,2024-02-05,2024H1,2024-02,-1,SHORT,NEW_YORK,2024-02-05 16:00:00+00:00,2024-02-05 16:15:00+00:00,2024-02-05 19:15:00+00:00,148.82,148.266,55.400000000000205,7.200000000000273,0.12996389891697196,148.874,148.892,148.772,148.819,2024-02-05 16:00:00.043000+00:00,7.200000000000273,2024-02-05 16:15:00+00:00,2024-02-05 16:05:28.843000+00:00,328.8,0.716,2,True,2024-02-05 16:15:01.110000+00:00,148.818,148.824,12.000000000000455,15.000000000000568,3.783333333333333,9.000000000000341,9.047672168323391,2024-02-05 00:38:08.621000+00:00,1,55311.422,-28800.043,0.6000000000000227,2024-02-05 19:15:00.133000+00:00,148.59,148.595,22.30000000000132,223.0000000000132,31.000000000000227,-7.099999999999795,9394.223,617.909,-2.899999999999636,-0.09999999999763531,-2.899999999999636,6.200000000001182,27.000000000001023,,True,False,True,TP_ONLY,221.00000000000364,223.99999999998954,2024-02-05 14:00:00+00:00,2024-02-05 12:00:00+00:00,148.26505474436195,147.6186311349819,64.64236093800366,Up,Up,Up,2024-02-02 18:00:00+00:00,68.0,2024-02-02 18:00:00+00:00,2024-02-02 22:00:00+00:00,2024-02-02 00:00:00+00:00,147.47462397478935,146.65144700989282,82.31769648965326,Up,Up,Up,2024-01-10 22:00:00+00:00,552.0,2024-01-10 22:00:00+00:00,328.8,7.200000000000273
RAW|2024-02-06|2024-02-06T09:00:00Z|-1,2024-02-06,2024H1,2024-02,-1,SHORT,LONDON,2024-02-06 09:00:00+00:00,2024-02-06 09:15:00+00:00,2024-02-06 12:15:00+00:00,148.671,148.358,31.299999999998818,2.1000000000015007,0.06709265175723898,148.651,148.692,148.537,148.553,2024-02-06 09:00:03.923000+00:00,2.1000000000015007,2024-02-06 09:15:00+00:00,2024-02-06 09:00:27.302000+00:00,23.379,0.811,10,True,2024-02-06 09:15:00.218000+00:00,148.558,148.562,7.900000000000773,7.900000000000773,2.0166666666666666,5.400000000000205,12.274655548741892,2024-02-06 03:48:17.849000+00:00,1,18706.074,-3603.923,0.40000000000190994,2024-02-06 12:15:00.039000+00:00,148.71,148.716,-15.800000000001546,-158.00000000001546,0.1999999999981128,-23.400000000000887,1263.798,6451.432,-2.899999999999636,-5.700000000001637,-7.400000000001228,-14.100000000001955,-18.500000000000227,,False,False,True,SL_ONLY,-163.0000000000109,-162.00000000000614,2024-02-06 06:00:00+00:00,2024-02-06 04:00:00+00:00,148.46137659942784,147.88371755377784,57.76590456499946,Up,Up,Up,2024-02-02 18:00:00+00:00,84.0,2024-02-02 18:00:00+00:00,2024-02-05 22:00:00+00:00,2024-02-05 00:00:00+00:00,147.81530283913526,146.8126912491014,100.26115900338652,Up,Up,Up,2024-01-10 22:00:00+00:00,624.0,2024-01-10 22:00:00+00:00,23.379,2.1000000000015007
RAW|2024-02-07|2024-02-07T09:00:00Z|-1,2024-02-07,2024H1,2024-02,-1,SHORT,LONDON,2024-02-07 09:00:00+00:00,2024-02-07 09:15:00+00:00,2024-02-07 12:15:00+00:00,148.06,147.709,35.09999999999991,1.5999999999991132,0.04558404558402044,148.07,148.076,148.01,148.033,2024-02-07 09:00:00.211000+00:00,1.5999999999991132,2024-02-07 09:15:00+00:00,2024-02-07 09:00:30.870000+00:00,30.659,1.282,1,True,2024-02-07 09:15:00.117000+00:00,148.033,148.039,7.399999999998386,13.599999999999568,1.9166666666666667,8.29999999999984,7.01397032351187,2024-02-07 06:49:58.224000+00:00,1,7801.987,-3600.211,0.6000000000000227,2024-02-07 12:15:00.089000+00:00,148.158,148.162,-12.90000000000191,-129.0000000000191,13.79999999999768,-13.500000000001933,2263.183,10786.212,-3.2000000000010687,5.19999999999925,12.09999999999809,6.799999999998363,-4.400000000001114,,False,False,True,TP_ONLY,-131.00000000000023,-129.99999999999545,2024-02-07 06:00:00+00:00,2024-02-07 04:00:00+00:00,148.07033052015794,147.97263952773295,9.769099242498669,Up,Up,Up,2024-02-02 18:00:00+00:00,108.0,2024-02-02 18:00:00+00:00,2024-02-06 22:00:00+00:00,2024-02-06 00:00:00+00:00,147.84921631366805,146.9023959491733,94.6820364494755,Up,Up,Up,2024-01-10 22:00:00+00:00,648.0,2024-01-10 22:00:00+00:00,30.659,1.5999999999991132
RAW|2024-02-07|2024-02-07T14:45:00Z|1,2024-02-07,2024H1,2024-02,1,LONG,LONDON_NY_OVERLAP,2024-02-07 14:45:00+00:00,2024-02-07 15:00:00+00:00,2024-02-07 18:00:00+00:00,148.06,147.709,35.09999999999991,9.100000000000819,0.2592592592592832,147.825,147.834,147.618,147.783,2024-02-07 14:46:12.105000+00:00,9.100000000000819,2024-02-07 15:00:00+00:00,2024-02-07 14:46:13.346000+00:00,1.241,1.5819999999999999,25,True,2024-02-07 15:00:00.209000+00:00,147.783,147.786,51.00000000000193,51.900000000000546,7.45,23.099999999999454,7.01397032351187,2024-02-07 01:49:42.750000+00:00,1,46589.355,-24372.105,0.30000000000143245,2024-02-07 18:00:00.313000+00:00,148.135,148.14,34.899999999998954,348.99999999998954,37.89999999999907,-2.000000000001023,10665.138,2.058,21.100000000001273,22.800000000000864,18.199999999998795,15.700000000001069,25.200000000000955,34.899999999998954,True,True,False,TP_ONLY,362.99999999999955,328.00000000000296,2024-02-07 14:00:00+00:00,2024-02-07 12:00:00+00:00,148.0703727143663,147.98513329627318,8.523941809312419,Up,Up,Up,2024-02-02 18:00:00+00:00,116.0,2024-02-02 18:00:00+00:00,2024-02-06 22:00:00+00:00,2024-02-06 00:00:00+00:00,147.84921631366805,146.9023959491733,94.6820364494755,Up,Up,Up,2024-01-10 22:00:00+00:00,648.0,2024-01-10 22:00:00+00:00,1.241,9.100000000000819
RAW|2024-02-08|2024-02-08T07:00:00Z|-1,2024-02-08,2024H1,2024-02,-1,SHORT,LONDON,2024-02-08 07:00:00+00:00,2024-02-08 07:15:00+00:00,2024-02-08 10:15:00+00:00,148.737,147.93,80.6999999999988,2.5000000000005684,0.030978934324666738,148.727,148.762,148.695,148.698,2024-02-08 07:00:03.227000+00:00,2.5000000000005684,2024-02-08 07:15:00+00:00,2024-02-08 07:00:03.383000+00:00,0.156,67.865,29,True,2024-02-08 07:15:00.030000+00:00,148.699,148.705,10.099999999999909,10.400000000001342,1.6166666666666667,3.3999999999991815,14.753452501875953,2024-02-08 06:59:10.610000+00:00,1,52.617,3596.773,0.6000000000000227,2024-02-08 10:15:00.185000+00:00,148.78,148.787,-8.799999999999386,-87.99999999999386,4.800000000000182,-15.399999999999636,7354.264,4563.581,-1.8000000000000682,-6.299999999998818,-6.599999999997408,-9.699999999997999,1.300000000000523,-8.799999999999386,False,False,True,NEITHER,-97.00000000000841,-94.99999999999886,2024-02-08 06:00:00+00:00,2024-02-08 04:00:00+00:00,148.28277173947478,148.07724218051172,20.552955896306457,Up,Up,Up,2024-02-02 18:00:00+00:00,132.0,2024-02-02 18:00:00+00:00,2024-02-07 22:00:00+00:00,2024-02-07 00:00:00+00:00,147.9411545097629,147.00388427323944,93.72702365234602,Up,Up,Up,2024-01-10 22:00:00+00:00,672.0,2024-01-10 22:00:00+00:00,0.156,2.5000000000005684
RAW|2024-02-09|2024-02-09T07:15:00Z|1,2024-02-09,2024H1,2024-02,1,LONG,LONDON,2024-02-09 07:15:00+00:00,2024-02-09 07:30:00+00:00,2024-02-09 10:30:00+00:00,149.488,149.234,25.399999999999068,2.1000000000015007,0.08267716535439282,149.311,149.328,149.213,149.265,2024-02-09 07:19:22.503000+00:00,2.1000000000015007,2024-02-09 07:30:00+00:00,2024-02-09 07:19:25.281000+00:00,2.778,1.5270000000000001,29,True,2024-02-09 07:30:00.131000+00:00,149.265,149.271,3.7999999999982492,10.699999999999932,3.433333333333333,9.499999999999886,6.482460527635468,2024-02-09 00:00:27.050000+00:00,1,26335.453,2437.497,0.6000000000000227,2024-02-09 10:30:00.110000+00:00,149.349,149.356,7.800000000000296,78.00000000000296,30.400000000000205,-1.999999999998181,3237.663,260.968,-0.49999999999954525,3.2000000000010687,12.600000000000477,18.600000000000705,2.600000000001046,,True,True,False,TP_ONLY,78.00000000000296,75.9999999999934,2024-02-09 06:00:00+00:00,2024-02-09 04:00:00+00:00,149.17490098878267,148.54625568614955,62.864530263311735,Up,Up,Up,2024-02-02 18:00:00+00:00,156.0,2024-02-02 18:00:00+00:00,2024-02-08 22:00:00+00:00,2024-02-08 00:00:00+00:00,148.33139607840207,147.1881335313803,114.32625470217772,Up,Up,Up,2024-01-10 22:00:00+00:00,696.0,2024-01-10 22:00:00+00:00,2.778,2.1000000000015007
RAW|2024-02-09|2024-02-09T12:30:00Z|-1,2024-02-09,2024H1,2024-02,-1,SHORT,LONDON_NY_OVERLAP,2024-02-09 12:30:00+00:00,2024-02-09 12:45:00+00:00,2024-02-09 15:45:00+00:00,149.488,149.234,25.399999999999068,1.9000000000005457,0.07480314960632344,149.433,149.507,149.433,149.485,2024-02-09 12:37:54.151000+00:00,1.9000000000005457,2024-02-09 12:45:00+00:00,2024-02-09 12:38:02.265000+00:00,8.114,14.024,17,True,2024-02-09 12:45:00.759000+00:00,149.487,149.493,6.200000000001182,9.000000000000341,1.85,4.300000000000637,6.482460527635468,2024-02-09 03:55:32.805000+00:00,1,31341.346,-16674.151,0.6000000000000227,2024-02-09 15:45:00.100000+00:00,149.355,149.358,12.899999999999068,128.99999999999068,47.29999999999848,-5.400000000000205,2891.756,342.262,-2.7000000000015234,0.2999999999985903,2.2999999999996135,18.39999999999975,15.299999999999159,,True,True,True,TP_ONLY,132.000000000005,131.00000000000023,2024-02-09 10:00:00+00:00,2024-02-09 08:00:00+00:00,149.2449292777019,148.61615523125758,62.877404644433454,Up,Up,Up,2024-02-02 18:00:00+00:00,160.0,2024-02-02 18:00:00+00:00,2024-02-08 22:00:00+00:00,2024-02-08 00:00:00+00:00,148.33139607840207,147.1881335313803,114.32625470217772,Up,Up,Up,2024-01-10 22:00:00+00:00,696.0,2024-01-10 22:00:00+00:00,8.114,1.9000000000005457
RAW|2024-02-12|2024-02-12T07:15:00Z|1,2024-02-12,2024H1,2024-02,1,LONG,LONDON,2024-02-12 07:15:00+00:00,2024-02-12 07:30:00+00:00,2024-02-12 10:30:00+00:00,149.251,149.107,14.400000000000546,0.9999999999990905,0.06944444444437865,149.164,149.187,149.097,149.13,2024-02-12 07:24:36.142000+00:00,0.9999999999990905,2024-02-12 07:30:00+00:00,2024-02-12 07:24:36.347000+00:00,0.205,172.996,13,True,2024-02-12 07:30:00.523000+00:00,149.131,149.138,6.60000000000025,8.100000000001728,3.2333333333333334,5.700000000001637,4.596661568132116,2024-02-12 00:56:00.770000+00:00,1,23315.372,2123.858,0.7000000000005002,2024-02-12 10:30:00.981000+00:00,149.049,149.055,-8.899999999999864,-88.99999999999864,5.599999999998317,-15.100000000001046,6016.154,3679.76,-1.5999999999991132,-1.0000000000019327,-3.6000000000001364,-11.100000000001842,-1.099999999999568,-8.899999999999864,True,False,True,NEITHER,-88.99999999999864,-93.99999999999409,2024-02-12 06:00:00+00:00,2024-02-12 04:00:00+00:00,149.24396501414998,148.83803816566976,40.59268484802203,Up,Up,Up,2024-02-02 18:00:00+00:00,228.0,2024-02-02 18:00:00+00:00,2024-02-09 22:00:00+00:00,2024-02-09 00:00:00+00:00,148.59556862743005,147.35356284886987,124.20057785601841,Up,Up,Up,2024-01-10 22:00:00+00:00,720.0,2024-01-10 22:00:00+00:00,0.205,0.9999999999990905
RAW|2024-02-13|2024-02-13T07:00:00Z|-1,2024-02-13,2024H1,2024-02,-1,SHORT,LONDON,2024-02-13 07:00:00+00:00,2024-02-13 07:15:00+00:00,2024-02-13 10:15:00+00:00,149.577,149.28,29.699999999999704,0.30000000000143245,0.010101010101058433,149.471,149.58,149.459,149.533,2024-02-13 07:05:11.138000+00:00,0.30000000000143245,2024-02-13 07:15:00+00:00,2024-02-13 07:05:11.190000+00:00,0.052,1.1219999999999999,10,True,2024-02-13 07:15:00.299000+00:00,149.531,149.538,10.699999999999932,11.899999999999977,4.416666666666667,11.400000000000432,9.786967771840896,2024-02-13 04:03:52.950000+00:00,1,10878.188,3288.862,0.7000000000005002,2024-02-13 10:15:00.154000+00:00,149.53,149.535,-0.39999999999906777,-3.9999999999906777,1.4000000000010004,-16.70000000000016,10771.821,3723.209,-5.699999999998795,-8.699999999998909,-5.099999999998772,-14.499999999998181,-14.699999999999136,,False,False,True,NEITHER,-2.0000000000095497,-3.9999999999906777,2024-02-13 06:00:00+00:00,2024-02-13 04:00:00+00:00,149.36072217652588,149.02929144583314,33.143073069274465,Up,Up,Up,2024-02-02 18:00:00+00:00,252.0,2024-02-02 18:00:00+00:00,2024-02-12 22:00:00+00:00,2024-02-12 00:00:00+00:00,148.80597759102147,147.5118378209603,129.41397700611788,Up,Up,Up,2024-01-10 22:00:00+00:00,792.0,2024-01-10 22:00:00+00:00,0.052,0.30000000000143245
RAW|2024-02-13|2024-02-13T13:15:00Z|1,2024-02-13,2024H1,2024-02,1,LONG,LONDON_NY_OVERLAP,2024-02-13 13:15:00+00:00,2024-02-13 13:30:00+00:00,2024-02-13 16:30:00+00:00,149.577,149.28,29.699999999999704,0.6000000000000227,0.020202020202021168,149.3,149.342,149.274,149.31,2024-02-13 13:19:25.076000+00:00,0.6000000000000227,2024-02-13 13:30:00+00:00,2024-02-13 13:19:25.592000+00:00,0.516,634.408,0,False,2024-02-13 13:30:00.093000+00:00,149.309,149.344,3.300000000001546,6.100000000000705,2.066666666666667,3.700000000000614,9.786967771840896,2024-02-13 01:01:48.218000+00:00,1,44256.858,-19165.076,3.499999999999659,2024-02-13 16:30:00.175000+00:00,150.679,150.687,133.5000000000008,1335.000000000008,137.39999999999952,-12.000000000000455,10262.142,0.965,92.30000000000018,96.50000000000034,108.70000000000175,102.50000000000057,108.10000000000173,133.5000000000008,True,True,True,TP_ONLY,750.0,795.9999999999923,2024-02-13 10:00:00+00:00,2024-02-13 08:00:00+00:00,149.4219444118042,149.0729481301665,34.89962816376817,Up,Up,Up,2024-02-02 18:00:00+00:00,256.0,2024-02-02 18:00:00+00:00,2024-02-12 22:00:00+00:00,2024-02-12 00:00:00+00:00,148.80597759102147,147.5118378209603,129.41397700611788,Up,Up,Up,2024-01-10 22:00:00+00:00,792.0,2024-01-10 22:00:00+00:00,0.516,0.6000000000000227
RAW|2024-02-14|2024-02-14T07:15:00Z|1,2024-02-14,2024H1,2024-02,1,LONG,LONDON,2024-02-14 07:15:00+00:00,2024-02-14 07:30:00+00:00,2024-02-14 10:30:00+00:00,150.775,150.416,35.90000000000089,7.30000000000075,0.203342618384417,150.398,150.474,150.343,150.436,2024-02-14 07:15:00.085000+00:00,7.30000000000075,2024-02-14 07:30:00+00:00,2024-02-14 07:21:24.136000+00:00,384.051,0.102,7,True,2024-02-14 07:30:00.263000+00:00,150.435,150.441,8.70000000000175,18.099999999998317,4.183333333333334,12.5,7.5793322798274465,2024-02-14 04:47:13.467000+00:00,1,8866.618,2699.915,0.6000000000000227,2024-02-14 10:30:00.096000+00:00,150.668,150.674,22.700000000000387,227.00000000000387,24.099999999998545,-8.400000000000318,10378.48,1226.033,-3.2000000000010687,-1.8000000000000682,0.7000000000005002,5.500000000000682,9.100000000000819,,True,False,True,TP_ONLY,221.00000000000364,212.99999999999386,2024-02-14 06:00:00+00:00,2024-02-14 04:00:00+00:00,150.3774147847259,149.59625487287914,78.11599118467427,Up,Up,Up,2024-02-02 18:00:00+00:00,276.0,2024-02-02 18:00:00+00:00,2024-02-13 22:00:00+00:00,2024-02-13 00:00:00+00:00,149.36969827930105,147.7732107952835,159.64874840175582,Up,Up,Up,2024-01-10 22:00:00+00:00,816.0,2024-01-10 22:00:00+00:00,384.051,7.30000000000075
RAW|2024-02-15|2024-02-15T07:00:00Z|1,2024-02-15,2024H1,2024-02,1,LONG,LONDON,2024-02-15 07:00:00+00:00,2024-02-15 07:15:00+00:00,2024-02-15 10:15:00+00:00,150.555,150.075,48.00000000000182,2.199999999999136,0.045833333333313596,150.091,150.138,150.053,150.132,2024-02-15 07:02:36.107000+00:00,2.199999999999136,2024-02-15 07:15:00+00:00,2024-02-15 07:03:20.179000+00:00,44.072,2.849,17,True,2024-02-15 07:15:00.032000+00:00,150.134,150.14,3.3999999999991815,5.999999999997385,2.1166666666666667,5.699999999998795,6.881987377766327,2024-02-15 06:58:29.125000+00:00,1,246.982,3443.893,0.6000000000000227,2024-02-15 10:15:01.139000+00:00,150.072,150.076,-6.799999999998363,-67.99999999998363,7.800000000000296,-21.89999999999941,2597.844,8895.367,1.500000000001478,-6.699999999997885,4.500000000001592,-6.999999999999318,-8.599999999998431,-6.799999999998363,False,False,True,SL_ONLY,-81.99999999999363,-78.00000000000296,2024-02-15 06:00:00+00:00,2024-02-15 04:00:00+00:00,150.35181519614568,149.921880774612,42.99344215336873,Up,Up,Up,2024-02-02 18:00:00+00:00,300.0,2024-02-02 18:00:00+00:00,2024-02-14 22:00:00+00:00,2024-02-14 00:00:00+00:00,149.70235591378645,147.9940739316608,170.82819821256408,Up,Up,Up,2024-01-10 22:00:00+00:00,840.0,2024-01-10 22:00:00+00:00,44.072,2.199999999999136
RAW|2024-02-16|2024-02-16T13:15:00Z|-1,2024-02-16,2024H1,2024-02,-1,SHORT,LONDON_NY_OVERLAP,2024-02-16 13:15:00+00:00,2024-02-16 13:30:00+00:00,2024-02-16 16:30:00+00:00,150.365,149.923,44.20000000000073,0.7000000000005002,0.015837104072409246,150.323,150.372,150.317,150.33,2024-02-16 13:22:24.493000+00:00,0.7000000000005002,2024-02-16 13:30:00+00:00,2024-02-16 13:22:36.021000+00:00,11.528,3.759,5,True,2024-02-16 13:30:00.131000+00:00,150.329,150.358,4.899999999997817,6.399999999999295,2.2333333333333334,4.699999999999704,11.566555963464062,2024-02-16 03:52:18.150000+00:00,1,34206.343,-19344.493,2.899999999999636,2024-02-16 16:30:00.084000+00:00,150.281,150.285,4.400000000001114,44.00000000001114,21.20000000000175,-32.49999999999886,8559.541,10.977,-30.699999999998795,-25.799999999998136,-19.39999999999884,-25.0,-0.2999999999985903,,True,False,True,SL_FIRST,293.00000000000637,349.9999999999943,2024-02-16 10:00:00+00:00,2024-02-16 08:00:00+00:00,150.14781196634402,149.98734562577602,16.046634056800713,Up,Up,Up,2024-02-02 18:00:00+00:00,328.0,2024-02-02 18:00:00+00:00,2024-02-15 22:00:00+00:00,2024-02-15 00:00:00+00:00,149.75996850984745,148.14686801712796,161.31004927194965,Up,Up,Up,2024-01-10 22:00:00+00:00,864.0,2024-01-10 22:00:00+00:00,11.528,0.7000000000005002
RAW|2024-02-19|2024-02-19T19:00:00Z|-1,2024-02-19,2024H1,2024-02,-1,SHORT,NEW_YORK,2024-02-19 19:00:00+00:00,2024-02-19 19:15:00+00:00,2024-02-19 22:15:00+00:00,150.147,149.871,27.599999999998204,0.9000000000014552,0.03260869565222876,150.151,150.156,150.13,150.144,2024-02-19 19:00:00.115000+00:00,0.9000000000014552,2024-02-19 19:15:00+00:00,2024-02-19 19:04:39.750000+00:00,279.635,329.221,4,True,2024-02-19 19:15:00.678000+00:00,150.143,150.151,-1.099999999999568,1.5999999999991132,0.08333333333333333,0.2999999999985903,21.537452428912108,2024-02-19 00:00:00.130000+00:00,1,68399.985,-39600.115,0.8000000000009777,2024-02-19 22:15:02.393000+00:00,150.131,150.161,-1.8000000000000682,-18.000000000000682,1.4000000000010004,-5.000000000001137,7566.472,10115.731,-1.300000000000523,-2.000000000001023,-0.49999999999954525,0.49999999999954525,-0.899999999998613,-1.8000000000000682,False,False,True,NEITHER,-27.000000000015234,-26.00000000001046,2024-02-19 18:00:00+00:00,2024-02-19 16:00:00+00:00,150.07827959149904,150.0441188820422,3.4160709456841687,Up,Up,Up,2024-02-02 18:00:00+00:00,408.0,2024-02-02 18:00:00+00:00,2024-02-16 22:00:00+00:00,2024-02-16 00:00:00+00:00,149.8802632213196,148.30959857575772,157.0664645561891,Up,Up,Up,2024-01-10 22:00:00+00:00,888.0,2024-01-10 22:00:00+00:00,279.635,0.9000000000014552
RAW|2024-02-20|2024-02-20T11:15:00Z|1,2024-02-20,2024H1,2024-02,1,LONG,LONDON,2024-02-20 11:15:00+00:00,2024-02-20 11:30:00+00:00,2024-02-20 14:30:00+00:00,150.437,150.191,24.600000000000932,1.500000000001478,0.060975609756155326,150.189,150.225,150.176,150.217,2024-02-20 11:15:06.190000+00:00,1.500000000001478,2024-02-20 11:30:00+00:00,2024-02-20 11:15:08.584000+00:00,2.394,0.052,31,True,2024-02-20 11:30:00.046000+00:00,150.217,150.224,-5.699999999998795,8.29999999999984,1.0166666666666666,3.999999999999204,5.503286964909483,2024-02-20 01:37:43.856000+00:00,1,34642.334,-11706.19,0.699999999997658,2024-02-20 14:30:00.734000+00:00,149.811,149.816,-41.29999999999825,-412.9999999999825,2.600000000001046,-41.89999999999827,1696.261,10774.879,-1.2999999999976808,1.4000000000010004,0.20000000000095497,-13.299999999998136,-8.899999999999864,-41.29999999999825,False,False,True,SL_ONLY,-413.99999999998727,-412.9999999999825,2024-02-20 10:00:00+00:00,2024-02-20 08:00:00+00:00,150.23354216771634,150.10852595217813,12.501621553820996,Up,Up,Up,2024-02-02 18:00:00+00:00,424.0,2024-02-02 18:00:00+00:00,2024-02-19 22:00:00+00:00,2024-02-19 00:00:00+00:00,149.94075944379972,148.45219068969712,148.85687541026016,Up,Up,Up,2024-01-10 22:00:00+00:00,960.0,2024-01-10 22:00:00+00:00,2.394,1.500000000001478
RAW|2024-02-21|2024-02-21T07:00:00Z|-1,2024-02-21,2024H1,2024-02,-1,SHORT,LONDON,2024-02-21 07:00:00+00:00,2024-02-21 07:15:00+00:00,2024-02-21 10:15:00+00:00,150.091,149.851,24.00000000000091,1.2000000000000455,0.05,150.059,150.103,150.025,150.047,2024-02-21 07:02:34.281000+00:00,1.2000000000000455,2024-02-21 07:15:00+00:00,2024-02-21 07:02:37.582000+00:00,3.301,0.712,6,True,2024-02-21 07:15:00.152000+00:00,150.047,150.051,2.800000000002001,6.000000000000227,1.9666666666666666,5.60000000000116,11.940003142542945,2024-02-21 01:48:44.393000+00:00,1,18829.888,3445.719,0.39999999999906777,2024-02-21 10:15:00.039000+00:00,150.087,150.094,-4.699999999999704,-46.999999999997044,0.8000000000009777,-14.500000000001023,653.819,4476.361,0.0,-2.7000000000015234,-4.200000000000159,-9.899999999998954,-6.100000000000705,,False,False,True,NEITHER,-45.99999999999227,-46.999999999997044,2024-02-21 06:00:00+00:00,2024-02-21 04:00:00+00:00,150.02358025073562,150.0616280943227,-3.804784358709412,Down,Down,Down,2024-02-20 22:00:00+00:00,8.0,2024-02-20 22:00:00+00:00,2024-02-20 22:00:00+00:00,2024-02-20 00:00:00+00:00,149.95597103128551,148.57553543452136,138.04355967641584,Up,Up,Up,2024-01-10 22:00:00+00:00,984.0,2024-01-10 22:00:00+00:00,3.301,1.2000000000000455
RAW|2024-02-22|2024-02-22T08:30:00Z|1,2024-02-22,2024H1,2024-02,1,LONG,LONDON,2024-02-22 08:30:00+00:00,2024-02-22 08:45:00+00:00,2024-02-22 11:45:00+00:00,150.456,150.203,25.29999999999859,13.900000000001,0.549407114624576,150.136,150.243,150.064,150.237,2024-02-22 08:30:00.024000+00:00,13.900000000001,2024-02-22 08:45:00+00:00,2024-02-22 08:37:48.842000+00:00,468.818,0.102,6,True,2024-02-22 08:45:00.229000+00:00,150.236,150.243,-8.599999999998431,14.400000000000546,1.9833333333333334,3.100000000000591,4.602333708607543,2024-02-22 06:35:03.325000+00:00,1,6896.699,-1800.024,0.7000000000005002,2024-02-22 11:45:07.301000+00:00,150.219,150.225,-2.400000000000091,-24.00000000000091,4.500000000001592,-12.600000000000477,3010.062,4704.349,-5.699999999998795,-7.499999999998863,-4.200000000000159,-7.999999999998408,-8.899999999999864,-2.400000000000091,False,False,True,NEITHER,-24.00000000000091,-22.999999999996135,2024-02-22 06:00:00+00:00,2024-02-22 04:00:00+00:00,150.23219108889785,150.13082149097653,10.136959792131961,Up,Up,Up,2024-02-21 18:00:00+00:00,12.0,2024-02-21 18:00:00+00:00,2024-02-21 22:00:00+00:00,2024-02-21 00:00:00+00:00,150.05255073663253,148.71301259975965,133.9538136872875,Up,Up,Up,2024-01-10 22:00:00+00:00,1008.0,2024-01-10 22:00:00+00:00,468.818,13.900000000001
RAW|2024-02-22|2024-02-22T13:15:00Z|-1,2024-02-22,2024H1,2024-02,-1,SHORT,LONDON_NY_OVERLAP,2024-02-22 13:15:00+00:00,2024-02-22 13:30:00+00:00,2024-02-22 16:30:00+00:00,150.456,150.203,25.29999999999859,1.300000000000523,0.0513833992095097,150.427,150.469,150.406,150.436,2024-02-22 13:21:44.765000+00:00,1.300000000000523,2024-02-22 13:30:00+00:00,2024-02-22 13:21:45.074000+00:00,0.309,0.052,8,True,2024-02-22 13:30:00.013000+00:00,150.435,150.458,4.699999999999704,6.399999999999295,2.7,4.699999999999704,4.602333708607543,2024-02-22 01:05:13.365000+00:00,1,44191.4,-19304.765,2.2999999999996135,2024-02-22 16:30:00.284000+00:00,150.536,150.542,-10.699999999999932,-106.99999999999932,2.7999999999991587,-21.399999999999864,4625.102,4357.136,-7.200000000000273,-3.100000000000591,-13.49999999999909,-12.299999999999045,-12.000000000000455,-10.699999999999932,False,False,True,SL_ONLY,32.00000000001069,15.999999999991132,2024-02-22 10:00:00+00:00,2024-02-22 08:00:00+00:00,150.21556506349847,150.1342757716984,8.12892918000614,Up,Up,Up,2024-02-21 18:00:00+00:00,16.0,2024-02-21 18:00:00+00:00,2024-02-21 22:00:00+00:00,2024-02-21 00:00:00+00:00,150.05255073663253,148.71301259975965,133.9538136872875,Up,Up,Up,2024-01-10 22:00:00+00:00,1008.0,2024-01-10 22:00:00+00:00,0.309,1.300000000000523
RAW|2024-02-23|2024-02-23T08:45:00Z|-1,2024-02-23,2024H1,2024-02,-1,SHORT,LONDON,2024-02-23 08:45:00+00:00,2024-02-23 09:00:00+00:00,2024-02-23 12:00:00+00:00,150.65,150.37,28.000000000000114,2.400000000000091,0.08571428571428862,150.656,150.674,150.624,150.626,2024-02-23 08:45:00.490000+00:00,2.400000000000091,2024-02-23 09:00:00+00:00,2024-02-23 08:46:45.141000+00:00,104.651,4.075,20,True,2024-02-23 09:00:00.031000+00:00,150.626,150.631,1.9000000000005457,5.299999999999727,1.9166666666666667,2.6999999999986812,5.323887236265581,2024-02-23 06:24:46.335000+00:00,2,8414.155,-2700.49,0.49999999999954525,2024-02-23 12:00:00.179000+00:00,150.654,150.66,-3.3999999999991815,-33.999999999991815,-0.49999999999954525,-14.599999999998658,0.0,4706.152,-7.399999999998386,-9.399999999999409,-13.49999999999909,-12.5,-10.80000000000041,-3.3999999999991815,False,False,True,NEITHER,-16.999999999995907,-15.999999999991132,2024-02-23 06:00:00+00:00,2024-02-23 04:00:00+00:00,150.48635978005788,150.27563827560866,21.0721504449225,Up,Up,Up,2024-02-21 18:00:00+00:00,36.0,2024-02-21 18:00:00+00:00,2024-02-22 22:00:00+00:00,2024-02-22 00:00:00+00:00,150.18582195473752,148.85749159177888,132.83303629586385,Up,Up,Up,2024-01-10 22:00:00+00:00,1032.0,2024-01-10 22:00:00+00:00,104.651,2.400000000000091
RAW|2024-02-23|2024-02-23T13:15:00Z|1,2024-02-23,2024H1,2024-02,1,LONG,LONDON_NY_OVERLAP,2024-02-23 13:15:00+00:00,2024-02-23 13:30:00+00:00,2024-02-23 16:30:00+00:00,150.65,150.37,28.000000000000114,3.900000000001569,0.13928571428576975,150.35,150.464,150.331,150.451,2024-02-23 13:15:00.144000+00:00,3.900000000001569,2024-02-23 13:30:00+00:00,2024-02-23 13:17:48.500000+00:00,168.356,6.876,1,True,2024-02-23 13:30:00.049000+00:00,150.451,150.457,6.60000000000025,12.5,1.8666666666666667,4.699999999999704,5.323887236265581,2024-02-23 01:09:12.801000+00:00,1,43547.343,-18900.144,0.6000000000000227,2024-02-23 16:30:00.108000+00:00,150.347,150.351,-10.999999999998522,-109.99999999998522,9.800000000001319,-13.700000000000045,8895.239,5222.524,0.9000000000014552,-3.1999999999982265,2.000000000001023,-0.7999999999981355,3.700000000000614,-10.999999999998522,True,False,True,NEITHER,-118.99999999999977,-114.99999999998067,2024-02-23 10:00:00+00:00,2024-02-23 08:00:00+00:00,150.56054270004137,150.31326721355998,24.72754864813851,Up,Up,Up,2024-02-21 18:00:00+00:00,40.0,2024-02-21 18:00:00+00:00,2024-02-22 22:00:00+00:00,2024-02-22 00:00:00+00:00,150.18582195473752,148.85749159177888,132.83303629586385,Up,Up,Up,2024-01-10 22:00:00+00:00,1032.0,2024-01-10 22:00:00+00:00,168.356,3.900000000001569
RAW|2024-02-27|2024-02-27T15:15:00Z|1,2024-02-27,2024H1,2024-02,1,LONG,LONDON_NY_OVERLAP,2024-02-27 15:15:00+00:00,2024-02-27 15:30:00+00:00,2024-02-27 18:30:00+00:00,150.609,150.404,20.50000000000125,6.700000000000728,0.3268292682926985,150.367,150.484,150.337,150.484,2024-02-27 15:15:03.431000+00:00,6.700000000000728,2024-02-27 15:30:00+00:00,2024-02-27 15:22:59.706000+00:00,476.275,3.058,26,True,2024-02-27 15:30:00.024000+00:00,150.482,150.487,-9.600000000000364,12.199999999998568,1.6333333333333333,6.60000000000025,4.774355114334128,2024-02-27 05:12:37.423000+00:00,1,36146.008,-26103.431,0.49999999999954525,2024-02-27 18:30:00.111000+00:00,150.351,150.355,-13.599999999999568,-135.99999999999568,6.000000000000227,-18.899999999999295,606.983,10068.095,2.5000000000005684,5.400000000000205,-5.099999999998772,-7.999999999998408,0.40000000000190994,-13.599999999999568,True,False,True,NEITHER,-143.00000000000068,-146.99999999999136,2024-02-27 14:00:00+00:00,2024-02-27 12:00:00+00:00,150.42493805095552,150.43076473044192,-0.5826679486403918,Down,Up,Transition,2024-02-27 14:00:00+00:00,0.0,2024-02-27 14:00:00+00:00,2024-02-26 22:00:00+00:00,2024-02-26 00:00:00+00:00,150.3881948748661,149.12291368328164,126.52811915844495,Up,Up,Up,2024-01-10 22:00:00+00:00,1128.0,2024-01-10 22:00:00+00:00,476.275,6.700000000000728
RAW|2024-02-28|2024-02-28T07:00:00Z|-1,2024-02-28,2024H1,2024-02,-1,SHORT,LONDON,2024-02-28 07:00:00+00:00,2024-02-28 07:15:00+00:00,2024-02-28 10:15:00+00:00,150.684,150.373,31.100000000000705,0.6000000000000227,0.01929260450160801,150.68,150.69,150.651,150.663,2024-02-28 07:00:00.838000+00:00,0.6000000000000227,2024-02-28 07:15:00+00:00,2024-02-28 07:00:01.247000+00:00,0.409,0.307,4,True,2024-02-28 07:15:00.039000+00:00,150.663,150.667,6.200000000001182,6.800000000001205,0.3,2.7999999999991587,5.119574952731157,2024-02-28 06:58:35.881000+00:00,1,84.957,3599.162,0.39999999999906777,2024-02-28 10:15:00.183000+00:00,150.714,150.716,-5.299999999999727,-52.99999999999727,0.0,-13.79999999999768,54.369,8199.111,-2.199999999999136,-6.000000000000227,-6.999999999999318,-9.899999999998954,-10.099999999999909,-5.299999999999727,False,False,True,NEITHER,-49.000000000006594,-32.00000000001069,2024-02-28 06:00:00+00:00,2024-02-28 04:00:00+00:00,150.47983768506754,150.44601006318493,3.3827621882608128,Up,Down,Transition,2024-02-28 06:00:00+00:00,0.0,2024-02-28 06:00:00+00:00,2024-02-27 22:00:00+00:00,2024-02-27 00:00:00+00:00,150.42099633919005,149.23332058861914,118.76757505709179,Up,Up,Up,2024-01-10 22:00:00+00:00,1152.0,2024-01-10 22:00:00+00:00,0.409,0.6000000000000227
RAW|2024-02-29|2024-02-29T07:00:00Z|1,2024-02-29,2024H1,2024-02,1,LONG,LONDON,2024-02-29 07:00:00+00:00,2024-02-29 07:15:00+00:00,2024-02-29 10:15:00+00:00,150.656,149.694,96.20000000000175,7.199999999997431,0.07484407484404677,149.75,149.754,149.622,149.749,2024-02-29 07:03:39.690000+00:00,7.199999999997431,2024-02-29 07:15:00+00:00,2024-02-29 07:03:39.894000+00:00,0.204,0.466,17,True,2024-02-29 07:15:04.412000+00:00,149.749,149.752,4.999999999998295,9.199999999998454,3.533333333333333,7.099999999999795,22.0832757318118,2024-02-29 04:21:22.547000+00:00,2,9737.143,3380.31,0.30000000000143245,2024-02-29 10:15:00.399000+00:00,149.895,149.899,14.300000000000068,143.00000000000068,16.29999999999825,-14.19999999999959,10626.655,3814.085,-3.8000000000010914,-2.000000000001023,3.6999999999977717,-0.20000000000095497,-3.8000000000010914,,False,False,True,TP_ONLY,147.00000000001978,153.00000000002,2024-02-29 06:00:00+00:00,2024-02-29 04:00:00+00:00,150.34517546115293,150.44837251764446,-10.31970564915241,Down,Up,Transition,2024-02-29 06:00:00+00:00,0.0,2024-02-29 06:00:00+00:00,2024-02-28 22:00:00+00:00,2024-02-28 00:00:00+00:00,150.49528309942147,149.34913494152963,114.61481578918438,Up,Up,Up,2024-01-10 22:00:00+00:00,1176.0,2024-01-10 22:00:00+00:00,0.204,7.199999999997431
RAW|2024-03-01|2024-03-01T11:15:00Z|-1,2024-03-01,2024H1,2024-03,-1,SHORT,LONDON,2024-03-01 11:15:00+00:00,2024-03-01 11:30:00+00:00,2024-03-01 14:30:00+00:00,150.478,150.058,42.00000000000159,0.49999999999954525,0.011904761904750627,150.381,150.483,150.381,150.444,2024-03-01 11:22:05.897000+00:00,0.49999999999954525,2024-03-01 11:30:00+00:00,2024-03-01 11:22:08.689000+00:00,2.792,3.558,4,True,2024-03-01 11:30:00.179000+00:00,150.443,150.447,11.50000000000091,12.700000000000955,2.1666666666666665,5.400000000000205,7.819952826858939,2024-03-01 05:22:37.042000+00:00,1,21568.855,-12125.897,0.39999999999906777,2024-03-01 14:30:00.072000+00:00,150.602,150.605,-16.19999999999777,-161.99999999997772,11.899999999999977,-21.79999999999893,730.122,7639.401,2.600000000001046,8.200000000002206,5.000000000001137,-3.3999999999991815,-17.300000000000182,,False,False,True,TP_FIRST,-161.99999999997772,-161.00000000000136,2024-03-01 10:00:00+00:00,2024-03-01 08:00:00+00:00,150.33040039791797,150.33311946960816,-0.27190716901941414,Down,Down,Down,2024-02-29 06:00:00+00:00,28.0,2024-02-29 06:00:00+00:00,2024-02-29 22:00:00+00:00,2024-02-29 00:00:00+00:00,150.34463078530104,149.39864414620726,94.59866390937748,Up,Up,Up,2024-01-10 22:00:00+00:00,1200.0,2024-01-10 22:00:00+00:00,2.792,0.49999999999954525
RAW|2024-03-01|2024-03-01T19:30:00Z|1,2024-03-01,2024H1,2024-03,1,LONG,NEW_YORK,2024-03-01 19:30:00+00:00,2024-03-01 19:45:00+00:00,2024-03-01 22:45:00+00:00,150.478,150.058,42.00000000000159,0.7999999999981355,0.019047619047573933,150.078,150.118,150.05,150.112,2024-03-01 19:31:10.907000+00:00,0.7999999999981355,2024-03-01 19:45:00+00:00,2024-03-01 19:31:11.623000+00:00,0.716,76.035,2,True,2024-03-01 19:45:07.269000+00:00,150.112,150.117,3.6000000000001364,6.100000000000705,2.35,4.500000000001592,7.819952826858939,2024-03-01 00:00:21.887000+00:00,1,70249.02,-41470.907,0.49999999999954525,2024-03-03 22:00:01.641000+00:00,149.944,150.055,-17.300000000000182,-173.00000000000182,4.300000000000637,-17.300000000000182,3688.754,180894.372,-0.1999999999981128,-0.39999999999906777,0.9000000000014552,3.100000000000591,1.300000000000523,-17.300000000000182,False,False,True,NEITHER,-173.00000000000182,-173.00000000000182,2024-03-01 18:00:00+00:00,2024-03-01 16:00:00+00:00,150.3429389785296,150.34135711907638,0.15818594532106545,Up,Up,Up,2024-03-01 14:00:00+00:00,4.0,2024-03-01 14:00:00+00:00,2024-02-29 22:00:00+00:00,2024-02-29 00:00:00+00:00,150.34463078530104,149.39864414620726,94.59866390937748,Up,Up,Up,2024-01-10 22:00:00+00:00,1200.0,2024-01-10 22:00:00+00:00,0.716,0.7999999999981355
RAW|2024-03-04|2024-03-04T07:30:00Z|-1,2024-03-04,2024H1,2024-03,-1,SHORT,LONDON,2024-03-04 07:30:00+00:00,2024-03-04 07:45:00+00:00,2024-03-04 10:45:00+00:00,150.386,149.837,54.90000000000066,0.8000000000009777,0.01457194899819614,150.388,150.394,150.333,150.334,2024-03-04 07:30:00.064000+00:00,0.8000000000009777,2024-03-04 07:45:00+00:00,2024-03-04 07:30:00.116000+00:00,0.052,136.877,3,True,2024-03-04 07:45:00.045000+00:00,150.335,150.34,3.2000000000010687,4.4999999999987494,0.43333333333333335,2.7999999999991587,9.437608497400474,2024-03-04 06:31:09.966000+00:00,1,3530.098,1799.936,0.49999999999954525,2024-03-04 10:45:01.688000+00:00,150.424,150.427,-9.199999999998454,-91.99999999998454,15.900000000002024,-10.3999999999985,2862.543,10738.142,0.6000000000000227,2.2999999999996135,8.29999999999984,4.000000000002046,11.199999999999477,-9.199999999998454,False,False,True,TP_ONLY,-94.99999999999886,-94.99999999999886,2024-03-04 06:00:00+00:00,2024-03-04 04:00:00+00:00,150.24651128955156,150.30365146033938,-5.714017078781808,Down,Down,Down,2024-03-01 22:00:00+00:00,56.0,2024-03-01 22:00:00+00:00,2024-03-01 22:00:00+00:00,2024-03-01 00:00:00+00:00,150.2644505609293,149.45187261451068,81.2577946418628,Up,Up,Up,2024-01-10 22:00:00+00:00,1224.0,2024-01-10 22:00:00+00:00,0.052,0.8000000000009777
RAW|2024-03-05|2024-03-05T07:45:00Z|1,2024-03-05,2024H1,2024-03,1,LONG,LONDON,2024-03-05 07:45:00+00:00,2024-03-05 08:00:00+00:00,2024-03-05 11:00:00+00:00,150.545,150.351,19.39999999999884,0.39999999999906777,0.020618556700984107,150.434,150.449,150.347,150.419,2024-03-05 07:53:08.439000+00:00,0.39999999999906777,2024-03-05 08:00:00+00:00,2024-03-05 07:53:08.542000+00:00,0.103,0.307,2,True,2024-03-05 08:00:00.075000+00:00,150.419,150.425,11.600000000001387,12.999999999999545,2.45,4.800000000000182,4.712623109181155,2024-03-05 00:54:04.980000+00:00,1,25143.459,411.561,0.6000000000000227,2024-03-05 11:00:00.452000+00:00,150.408,150.413,-1.700000000002433,-17.00000000002433,6.000000000000227,-8.200000000002206,1409.597,565.135,-5.100000000001614,-3.700000000000614,-4.900000000000659,2.199999999999136,-1.300000000000523,-1.700000000002433,True,False,True,NEITHER,-9.000000000014552,-17.00000000002433,2024-03-05 06:00:00+00:00,2024-03-05 04:00:00+00:00,150.4461701918354,150.36471684443134,8.14533474040502,Up,Up,Up,2024-03-04 18:00:00+00:00,12.0,2024-03-04 18:00:00+00:00,2024-03-04 22:00:00+00:00,2024-03-04 00:00:00+00:00,150.33689325780665,149.53716280534982,79.97304524568278,Up,Up,Up,2024-01-10 22:00:00+00:00,1296.0,2024-01-10 22:00:00+00:00,0.103,0.39999999999906777
RAW|2024-03-07|2024-03-07T07:15:00Z|1,2024-03-07,2024H1,2024-03,1,LONG,LONDON,2024-03-07 07:15:00+00:00,2024-03-07 07:30:00+00:00,2024-03-07 10:30:00+00:00,149.259,148.114,114.49999999999818,3.6000000000001364,0.03144104803493619,148.099,148.251,148.078,148.242,2024-03-07 07:15:00.070000+00:00,3.6000000000001364,2024-03-07 07:30:00+00:00,2024-03-07 07:15:07.407000+00:00,7.337,2.602,3,True,2024-03-07 07:30:00.082000+00:00,148.242,148.247,9.499999999999886,18.000000000000682,2.6,8.400000000000318,16.497090556780147,2024-03-07 06:56:26.327000+00:00,1,1113.743,2699.93,0.5000000000023874,2024-03-07 10:30:00.060000+00:00,147.96,147.964,-28.700000000000614,-287.00000000000614,-0.5000000000023874,-43.80000000000166,0.0,3933.505,-19.200000000000728,-11.100000000001842,-30.900000000002592,-37.20000000000141,-31.200000000001182,,False,False,True,SL_ONLY,-269.00000000000546,-257.99999999998136,2024-03-07 06:00:00+00:00,2024-03-07 04:00:00+00:00,149.10835439578514,149.80050308825324,-69.21486924680949,Down,Down,Down,2024-03-05 14:00:00+00:00,40.0,2024-03-05 14:00:00+00:00,2024-03-06 22:00:00+00:00,2024-03-06 00:00:00+00:00,149.99323125398297,149.55882419844812,43.440705553484804,Up,Up,Up,2024-01-10 22:00:00+00:00,1344.0,2024-01-10 22:00:00+00:00,7.337,3.6000000000001364
RAW|2024-03-11|2024-03-11T09:45:00Z|1,2024-03-11,2024H1,2024-03,1,LONG,LONDON,2024-03-11 09:45:00+00:00,2024-03-11 10:00:00+00:00,2024-03-11 13:00:00+00:00,147.087,146.537,54.999999999998295,5.400000000000205,0.09818181818182495,146.64,146.644,146.483,146.611,2024-03-11 09:48:04.380000+00:00,5.400000000000205,2024-03-11 10:00:00+00:00,2024-03-11 09:50:47.390000+00:00,163.01,2.035,8,True,2024-03-11 10:00:00.674000+00:00,146.613,146.616,11.999999999997613,13.399999999998613,2.533333333333333,11.699999999999022,33.2533684990494,2024-03-11 01:13:14.242000+00:00,1,30890.138,-6484.38,0.30000000000143245,2024-03-11 13:00:00.128000+00:00,146.825,146.83,20.899999999997476,208.99999999997476,27.99999999999727,-8.300000000002683,10332.528,1027.658,0.2999999999985903,-6.500000000002615,-1.9000000000005457,5.49999999999784,3.499999999999659,,True,False,True,TP_ONLY,209.99999999997954,212.99999999999386,2024-03-11 09:00:00+00:00,2024-03-11 08:00:00+00:00,146.9754156434251,148.11582917330207,-114.04135298769802,Down,Down,Down,2024-03-05 14:00:00+00:00,139.0,2024-03-05 14:00:00+00:00,2024-03-08 22:00:00+00:00,2024-03-08 00:00:00+00:00,148.7471588030525,149.24443840156647,-49.72795985139555,Down,Down,Down,2024-03-07 22:00:00+00:00,24.0,2024-03-07 22:00:00+00:00,163.01,5.400000000000205
RAW|2024-03-11|2024-03-11T14:15:00Z|-1,2024-03-11,2024H1,2024-03,-1,SHORT,LONDON_NY_OVERLAP,2024-03-11 14:15:00+00:00,2024-03-11 14:30:00+00:00,2024-03-11 17:30:00+00:00,147.087,146.537,54.999999999998295,0.5000000000023874,0.009090909090952781,147.092,147.092,146.98,147.005,2024-03-11 14:15:00.039000+00:00,0.5000000000023874,2024-03-11 14:30:00+00:00,2024-03-11 14:15:01.420000+00:00,1.381,898.58,0,False,2024-03-11 14:30:00.062000+00:00,147.005,147.009,12.90000000000191,16.59999999999968,1.95,7.200000000000273,33.2533684990494,2024-03-11 02:52:28.526000+00:00,1,40951.513,-22500.039,0.39999999999906777,2024-03-11 17:30:05.153000+00:00,146.775,146.779,22.59999999999991,225.9999999999991,25.7000000000005,-14.6000000000015,10455.15,973.788,0.0,-11.199999999999477,0.9999999999990905,12.999999999999545,17.099999999999227,22.59999999999991,True,False,True,TP_ONLY,223.99999999998954,228.00000000000864,2024-03-11 13:00:00+00:00,2024-03-11 12:00:00+00:00,146.93243974530364,148.01256283943792,-108.01230941342794,Down,Down,Down,2024-03-05 14:00:00+00:00,143.0,2024-03-05 14:00:00+00:00,2024-03-08 22:00:00+00:00,2024-03-08 00:00:00+00:00,148.7471588030525,149.24443840156647,-49.72795985139555,Down,Down,Down,2024-03-07 22:00:00+00:00,24.0,2024-03-07 22:00:00+00:00,1.381,0.5000000000023874
RAW|2024-03-12|2024-03-12T12:30:00Z|-1,2024-03-12,2024H1,2024-03,-1,SHORT,LONDON_NY_OVERLAP,2024-03-12 12:30:00+00:00,2024-03-12 12:45:00+00:00,2024-03-12 15:45:00+00:00,147.594,146.619,97.49999999999943,56.70000000000073,0.5815384615384724,147.425,148.161,147.065,147.166,2024-03-12 12:30:01.341000+00:00,56.70000000000073,2024-03-12 12:45:00+00:00,2024-03-12 12:32:20.502000+00:00,139.161,0.11,15,True,2024-03-12 12:45:00.094000+00:00,147.169,147.174,27.79999999999916,43.899999999999295,5.333333333333333,43.899999999999295,17.594406522622343,2024-03-12 05:47:05.072000+00:00,1,24176.269,-16201.341,0.49999999999954525,2024-03-12 15:45:00.228000+00:00,147.788,147.793,-62.39999999999952,-623.9999999999952,3.500000000002501,-81.79999999999836,1.5,3312.535,-12.999999999999545,-48.49999999999852,-63.700000000000045,-68.8999999999993,-76.69999999999959,-62.39999999999952,False,False,True,SL_ONLY,-646.000000000015,-633.0000000000098,2024-03-12 09:00:00+00:00,2024-03-12 08:00:00+00:00,147.1228319274156,147.70111402656528,-57.82820991496749,Down,Down,Down,2024-03-05 14:00:00+00:00,163.0,2024-03-05 14:00:00+00:00,2024-03-11 21:00:00+00:00,2024-03-11 00:00:00+00:00,148.2291134307518,149.05960332944116,-83.04898986893647,Down,Down,Down,2024-03-07 22:00:00+00:00,95.0,2024-03-07 22:00:00+00:00,139.161,56.70000000000073
RAW|2024-03-13|2024-03-13T15:15:00Z|-1,2024-03-13,2024H1,2024-03,-1,SHORT,LONDON_NY_OVERLAP,2024-03-13 15:15:00+00:00,2024-03-13 15:30:00+00:00,2024-03-13 18:30:00+00:00,147.788,147.232,55.60000000000116,0.6000000000000227,0.010791366906475005,147.794,147.794,147.707,147.719,2024-03-13 15:15:00.127000+00:00,0.6000000000000227,2024-03-13 15:30:00+00:00,2024-03-13 15:15:00.542000+00:00,0.415,899.458,0,False,2024-03-13 15:30:00.140000+00:00,147.719,147.722,-4.4999999999987494,9.799999999998477,1.4166666666666667,3.500000000002501,9.954370827168837,2024-03-13 06:43:11.785000+00:00,1,30708.342,-26100.127,0.30000000000143245,2024-03-13 18:30:00.736000+00:00,147.655,147.66,5.89999999999975,58.9999999999975,25.600000000000023,-8.799999999999386,5943.058,290.304,-7.699999999999818,-8.100000000001728,-2.2999999999996135,1.4999999999986358,18.39999999999975,5.89999999999975,True,False,True,TP_ONLY,58.9999999999975,58.9999999999975,2024-03-13 13:00:00+00:00,2024-03-13 12:00:00+00:00,147.68986142840066,147.69738233811637,-0.7520909715708513,Down,Down,Down,2024-03-05 14:00:00+00:00,191.0,2024-03-05 14:00:00+00:00,2024-03-12 21:00:00+00:00,2024-03-12 00:00:00+00:00,148.06108102196555,148.94611506308587,-88.50340411203206,Down,Down,Down,2024-03-07 22:00:00+00:00,119.0,2024-03-07 22:00:00+00:00,0.415,0.6000000000000227
RAW|2024-03-14|2024-03-14T12:30:00Z|-1,2024-03-14,2024H1,2024-03,-1,SHORT,LONDON_NY_OVERLAP,2024-03-14 12:30:00+00:00,2024-03-14 12:45:00+00:00,2024-03-14 15:45:00+00:00,147.971,147.527,44.40000000000168,1.5999999999991132,0.0360360360360147,147.729,147.987,147.566,147.636,2024-03-14 12:32:33.108000+00:00,1.5999999999991132,2024-03-14 12:45:00+00:00,2024-03-14 12:32:35.475000+00:00,2.367,0.769,5,True,2024-03-14 12:45:00.948000+00:00,147.637,147.643,23.500000000001364,25.0,6.55,24.500000000000455,12.762071990733611,2024-03-14 04:32:48.317000+00:00,1,28784.791,-16353.108,0.6000000000000227,2024-03-14 15:45:00.331000+00:00,148.285,148.291,-65.39999999999964,-653.9999999999964,19.700000000000273,-68.79999999999882,2270.554,10093.122,-11.699999999999022,-22.20000000000084,-30.19999999999925,-30.000000000001137,-48.099999999999454,,True,True,True,SL_FIRST,-662.0000000000061,-662.0000000000061,2024-03-14 09:00:00+00:00,2024-03-14 08:00:00+00:00,147.77822651060583,147.72325640747616,5.497010312967632,Up,Up,Up,2024-03-14 05:00:00+00:00,4.0,2024-03-14 05:00:00+00:00,2024-03-13 21:00:00+00:00,2024-03-13 00:00:00+00:00,147.97220072997538,148.850425858039,-87.82251280636046,Down,Down,Down,2024-03-07 22:00:00+00:00,143.0,2024-03-07 22:00:00+00:00,2.367,1.5999999999991132
RAW|2024-03-15|2024-03-15T07:00:00Z|1,2024-03-15,2024H1,2024-03,1,LONG,LONDON,2024-03-15 07:00:00+00:00,2024-03-15 07:15:00+00:00,2024-03-15 10:15:00+00:00,148.659,148.096,56.29999999999882,6.60000000000025,0.1172291296625291,148.214,148.233,148.03,148.175,2024-03-15 07:03:24.022000+00:00,6.60000000000025,2024-03-15 07:15:00+00:00,2024-03-15 07:03:24.074000+00:00,0.052,0.104,16,True,2024-03-15 07:15:00.077000+00:00,148.176,148.183,18.599999999997863,19.299999999998363,3.783333333333333,16.499999999999204,12.209863627606373,2024-03-15 06:53:37.425000+00:00,1,586.597,3395.978,0.7000000000005002,2024-03-15 10:15:01.418000+00:00,148.728,148.733,54.50000000000159,545.0000000000159,64.79999999999961,-1.3999999999981583,4823.596,2.299,11.899999999999977,22.100000000000364,21.299999999999386,48.40000000000089,55.50000000000068,54.50000000000159,True,True,False,TP_ONLY,543.0000000000064,536.0000000000014,2024-03-15 05:00:00+00:00,2024-03-15 04:00:00+00:00,148.19162847894586,147.8990488716764,29.257960726945953,Up,Up,Up,2024-03-14 05:00:00+00:00,24.0,2024-03-14 05:00:00+00:00,2024-03-14 21:00:00+00:00,2024-03-14 00:00:00+00:00,148.0692862356967,148.80735178939588,-73.80655536991867,Down,Down,Down,2024-03-07 22:00:00+00:00,167.0,2024-03-07 22:00:00+00:00,0.052,6.60000000000025
RAW|2024-03-15|2024-03-15T11:30:00Z|-1,2024-03-15,2024H1,2024-03,-1,SHORT,LONDON,2024-03-15 11:30:00+00:00,2024-03-15 11:45:00+00:00,2024-03-15 14:45:00+00:00,148.659,148.096,56.29999999999882,9.200000000001296,0.1634103019538453,148.733,148.751,148.585,148.603,2024-03-15 11:30:00.068000+00:00,9.200000000001296,2024-03-15 11:45:00+00:00,2024-03-15 11:37:17.733000+00:00,437.665,4.901,1,True,2024-03-15 11:45:01.125000+00:00,148.604,148.609,-5.599999999998317,8.400000000000318,1.0333333333333334,3.8999999999987267,12.209863627606373,2024-03-15 02:16:57.731000+00:00,1,33182.337,-12600.068,0.49999999999954525,2024-03-15 14:45:00.915000+00:00,148.972,148.977,-37.299999999999045,-372.99999999999045,0.8000000000009777,-39.89999999999725,365.222,10750.115,-0.49999999999954525,-4.999999999998295,-11.599999999998545,-23.599999999999,-31.499999999999773,,False,False,True,SL_ONLY,-375.0,-375.0,2024-03-15 09:00:00+00:00,2024-03-15 08:00:00+00:00,148.33944891353275,147.96384496194227,37.560395159047744,Up,Up,Up,2024-03-14 05:00:00+00:00,28.0,2024-03-14 05:00:00+00:00,2024-03-14 21:00:00+00:00,2024-03-14 00:00:00+00:00,148.0692862356967,148.80735178939588,-73.80655536991867,Down,Down,Down,2024-03-07 22:00:00+00:00,167.0,2024-03-07 22:00:00+00:00,437.665,9.200000000001296
RAW|2024-03-19|2024-03-19T08:45:00Z|-1,2024-03-19,2024H1,2024-03,-1,SHORT,LONDON,2024-03-19 08:45:00+00:00,2024-03-19 09:00:00+00:00,2024-03-19 12:00:00+00:00,150.483,149.001,148.19999999999993,3.0000000000001137,0.020242914979757862,150.483,150.513,150.238,150.335,2024-03-19 08:45:04.506000+00:00,3.0000000000001137,2024-03-19 09:00:00+00:00,2024-03-19 08:45:04.609000+00:00,0.103,1.064,1,True,2024-03-19 09:00:00.092000+00:00,150.335,150.34,13.300000000000978,16.800000000000637,1.9833333333333334,8.29999999999984,46.507062619434095,2024-03-19 06:46:27.594000+00:00,1,7116.912,-2704.506,0.49999999999954525,2024-03-19 12:00:00.118000+00:00,150.386,150.391,-5.599999999998317,-55.999999999983174,2.2999999999996135,-37.000000000000455,6.939,3360.366,-6.499999999999773,-12.000000000000455,-22.700000000000387,-34.99999999999943,-20.09999999999934,-5.599999999998317,False,False,True,SL_ONLY,-69.99999999999318,-74.99999999998863,2024-03-19 09:00:00+00:00,2024-03-19 08:00:00+00:00,149.64361526769505,148.85536538306494,78.82498846301189,Up,Up,Up,2024-03-14 05:00:00+00:00,124.0,2024-03-14 05:00:00+00:00,2024-03-18 21:00:00+00:00,2024-03-18 00:00:00+00:00,148.5617582835187,148.84689775454464,-28.51394710259285,Down,Down,Down,2024-03-07 22:00:00+00:00,263.0,2024-03-07 22:00:00+00:00,0.103,3.0000000000001137
RAW|2024-03-20|2024-03-20T15:00:00Z|-1,2024-03-20,2024H1,2024-03,-1,SHORT,LONDON_NY_OVERLAP,2024-03-20 15:00:00+00:00,2024-03-20 15:15:00+00:00,2024-03-20 18:15:00+00:00,151.583,151.001,58.19999999999936,8.899999999999864,0.15292096219931203,151.671,151.672,151.542,151.563,2024-03-20 15:00:00.165000+00:00,8.899999999999864,2024-03-20 15:15:00+00:00,2024-03-20 15:02:51.753000+00:00,171.588,216.636,5,True,2024-03-20 15:15:00.017000+00:00,151.563,151.569,-0.8000000000009777,4.4999999999987494,1.25,2.6999999999986812,9.652161919346481,2024-03-20 06:01:55.346000+00:00,2,32284.819,-25200.165,0.6000000000000227,2024-03-20 18:15:00.039000+00:00,151.6,151.61,-4.700000000002547,-47.000000000025466,33.099999999998886,-11.800000000002342,9905.122,2771.844,-0.9000000000014552,-3.6000000000001364,-7.800000000000296,-4.000000000002046,-5.60000000000116,-4.700000000002547,True,False,True,TP_ONLY,-58.000000000021146,-57.00000000001637,2024-03-20 13:00:00+00:00,2024-03-20 12:00:00+00:00,151.23252741725528,149.90314048220208,132.93869350532077,Up,Up,Up,2024-03-14 05:00:00+00:00,152.0,2024-03-14 05:00:00+00:00,2024-03-19 21:00:00+00:00,2024-03-19 00:00:00+00:00,149.21525591679907,149.00706593418107,20.818998261799493,Up,Down,Transition,2024-03-19 21:00:00+00:00,0.0,2024-03-19 21:00:00+00:00,171.588,8.899999999999864
RAW|2024-03-20|2024-03-20T19:00:00Z|1,2024-03-20,2024H1,2024-03,1,LONG,NEW_YORK,2024-03-20 19:00:00+00:00,2024-03-20 19:15:00+00:00,2024-03-20 22:15:00+00:00,151.583,151.001,58.19999999999936,23.00000000000182,0.3951890034364617,150.785,151.103,150.771,151.064,2024-03-20 19:00:00.018000+00:00,23.00000000000182,2024-03-20 19:15:00+00:00,2024-03-20 19:04:21.114000+00:00,261.096,140.66,9,True,2024-03-20 19:15:00.008000+00:00,151.063,151.07,18.600000000000705,25.600000000000023,4.866666666666666,13.400000000001455,9.652161919346481,2024-03-20 00:00:08.292000+00:00,1,68391.726,-39600.018,0.7000000000005002,2024-03-20 22:15:00.264000+00:00,151.131,151.135,6.100000000000705,61.00000000000705,33.19999999999936,-3.0000000000001137,3945.883,1603.163,2.2999999999996135,1.0000000000019327,0.30000000000143245,23.900000000000432,12.90000000000191,6.100000000000705,True,False,False,TP_ONLY,49.000000000006594,40.99999999999682,2024-03-20 17:00:00+00:00,2024-03-20 16:00:00+00:00,151.34123386946806,150.03992924362592,130.13046258421355,Up,Up,Up,2024-03-14 05:00:00+00:00,156.0,2024-03-14 05:00:00+00:00,2024-03-19 21:00:00+00:00,2024-03-19 00:00:00+00:00,149.21525591679907,149.00706593418107,20.818998261799493,Up,Down,Transition,2024-03-19 21:00:00+00:00,0.0,2024-03-19 21:00:00+00:00,261.096,23.00000000000182
RAW|2024-03-21|2024-03-21T09:45:00Z|-1,2024-03-21,2024H1,2024-03,-1,SHORT,LONDON,2024-03-21 09:45:00+00:00,2024-03-21 10:00:00+00:00,2024-03-21 13:00:00+00:00,151.088,150.263,82.49999999999886,4.200000000000159,0.05090909090909354,151.09,151.13,151.048,151.079,2024-03-21 09:45:00.051000+00:00,4.200000000000159,2024-03-21 10:00:00+00:00,2024-03-21 09:45:04.143000+00:00,4.092,85.687,7,True,2024-03-21 10:00:00.092000+00:00,151.08,151.086,-6.299999999998818,10.400000000001342,2.5,7.399999999998386,16.22598901910268,2024-03-21 06:38:10.055000+00:00,1,11209.996,-6300.051,0.6000000000000227,2024-03-21 13:00:00.020000+00:00,151.163,151.172,-9.199999999998454,-91.99999999998454,20.400000000000773,-24.499999999997613,1385.543,9544.807,2.1000000000015007,14.400000000000546,15.700000000001069,-3.3999999999991815,-3.3999999999991815,,False,False,True,TP_FIRST,-96.00000000000364,-92.99999999998931,2024-03-21 09:00:00+00:00,2024-03-21 08:00:00+00:00,151.05973143207729,150.29795469175173,76.17767403255584,Up,Up,Up,2024-03-14 05:00:00+00:00,172.0,2024-03-14 05:00:00+00:00,2024-03-20 21:00:00+00:00,2024-03-20 00:00:00+00:00,149.7946113691422,149.18594065944657,60.86707096956161,Up,Up,Up,2024-03-19 21:00:00+00:00,24.0,2024-03-19 21:00:00+00:00,4.092,4.200000000000159
RAW|2024-03-22|2024-03-22T13:00:00Z|1,2024-03-22,2024H1,2024-03,1,LONG,LONDON_NY_OVERLAP,2024-03-22 13:00:00+00:00,2024-03-22 13:15:00+00:00,2024-03-22 16:15:00+00:00,151.862,151.256,60.599999999999454,11.600000000001387,0.19141914191421602,151.213,151.318,151.14,151.292,2024-03-22 13:00:00.013000+00:00,11.600000000001387,2024-03-22 13:15:00+00:00,2024-03-22 13:06:12.543000+00:00,372.53,29.418,10,True,2024-03-22 13:15:00.101000+00:00,151.292,151.297,-13.100000000000023,17.900000000000205,2.816666666666667,7.099999999999795,11.79723805329555,2024-03-22 06:58:24.135000+00:00,1,21695.878,-18000.013,0.49999999999954525,2024-03-22 16:15:01.875000+00:00,151.383,151.388,8.600000000001273,86.00000000001273,9.800000000001319,-23.799999999999955,9750.157,1873.228,-6.000000000000227,-14.599999999998658,-21.09999999999843,-6.700000000000728,-7.699999999999818,8.600000000001273,False,False,True,SL_ONLY,86.00000000001273,87.00000000001751,2024-03-22 13:00:00+00:00,2024-03-22 12:00:00+00:00,151.39173823604963,150.8119000212055,57.983821484413056,Up,Up,Up,2024-03-14 05:00:00+00:00,200.0,2024-03-14 05:00:00+00:00,2024-03-21 21:00:00+00:00,2024-03-21 00:00:00+00:00,150.31186526367298,149.37946540669085,93.23998569821299,Up,Up,Up,2024-03-19 21:00:00+00:00,48.0,2024-03-19 21:00:00+00:00,372.53,11.600000000001387
RAW|2024-03-25|2024-03-25T09:15:00Z|-1,2024-03-25,2024H1,2024-03,-1,SHORT,LONDON,2024-03-25 09:15:00+00:00,2024-03-25 09:30:00+00:00,2024-03-25 12:30:00+00:00,151.424,151.052,37.20000000000141,1.5999999999991132,0.043010752688146574,151.406,151.44,151.374,151.375,2024-03-25 09:16:21.649000+00:00,1.5999999999991132,2024-03-25 09:30:00+00:00,2024-03-25 09:16:30.787000+00:00,9.138,2.138,12,True,2024-03-25 09:30:00.233000+00:00,151.374,151.38,5.100000000001614,7.200000000000273,1.8833333333333333,4.800000000000182,16.258798502472033,2024-03-25 00:30:55.416000+00:00,1,31526.233,-4581.649,0.6000000000000227,2024-03-25 12:30:00.337000+00:00,151.235,151.242,13.2000000000005,132.000000000005,13.899999999998158,-6.700000000000728,10606.928,1606.269,-2.5000000000005684,3.1999999999982265,-3.2000000000010687,6.19999999999834,5.799999999999272,13.2000000000005,True,False,True,TP_ONLY,131.00000000000023,141.00000000001955,2024-03-25 09:00:00+00:00,2024-03-25 08:00:00+00:00,151.36666507929166,151.0009489391807,36.57161401109761,Up,Up,Up,2024-03-14 05:00:00+00:00,268.0,2024-03-14 05:00:00+00:00,2024-03-22 21:00:00+00:00,2024-03-22 00:00:00+00:00,150.6316180454807,149.54358817415562,108.80298713250909,Up,Up,Up,2024-03-19 21:00:00+00:00,72.0,2024-03-19 21:00:00+00:00,9.138,1.5999999999991132
RAW|2024-03-26|2024-03-26T09:15:00Z|1,2024-03-26,2024H1,2024-03,1,LONG,LONDON,2024-03-26 09:15:00+00:00,2024-03-26 09:30:00+00:00,2024-03-26 12:30:00+00:00,151.442,151.217,22.49999999999943,1.1000000000024102,0.04888888888899724,151.234,151.252,151.206,151.232,2024-03-26 09:19:27.892000+00:00,1.1000000000024102,2024-03-26 09:30:00+00:00,2024-03-26 09:19:59.248000+00:00,31.356,41.425,2,True,2024-03-26 09:30:00.401000+00:00,151.233,151.237,4.599999999999227,5.299999999999727,1.5166666666666666,3.1999999999982265,38.6358768936936,2024-03-26 01:15:35.584000+00:00,1,29032.308,-4767.892,0.39999999999906777,2024-03-26 12:30:01.466000+00:00,151.406,151.413,16.900000000001114,169.00000000001114,18.500000000000227,-1.3999999999981583,10702.458,5.275,3.0000000000001137,2.7999999999991587,3.100000000000591,7.200000000000273,8.199999999999363,16.900000000001114,True,False,False,TP_ONLY,177.99999999999727,171.99999999999704,2024-03-26 09:00:00+00:00,2024-03-26 08:00:00+00:00,151.32729214752297,151.13184787373766,19.54442737853128,Up,Up,Up,2024-03-14 05:00:00+00:00,292.0,2024-03-14 05:00:00+00:00,2024-03-25 21:00:00+00:00,2024-03-25 00:00:00+00:00,150.85287003248624,149.69258112022317,116.028891226307,Up,Up,Up,2024-03-19 21:00:00+00:00,144.0,2024-03-19 21:00:00+00:00,31.356,1.1000000000024102
RAW|2024-03-26|2024-03-26T13:00:00Z|-1,2024-03-26,2024H1,2024-03,-1,SHORT,LONDON_NY_OVERLAP,2024-03-26 13:00:00+00:00,2024-03-26 13:15:00+00:00,2024-03-26 16:15:00+00:00,151.442,151.217,22.49999999999943,2.400000000000091,0.1066666666666734,151.452,151.466,151.39,151.401,2024-03-26 13:00:00.714000+00:00,2.400000000000091,2024-03-26 13:15:00+00:00,2024-03-26 13:00:55.838000+00:00,55.124,0.154,6,True,2024-03-26 13:15:04.582000+00:00,151.405,151.409,-1.8000000000000682,3.2000000000010687,1.7333333333333334,2.200000000001978,38.6358768936936,2024-03-26 00:40:39.087000+00:00,1,44361.627,-18000.714,0.39999999999906777,2024-03-26 16:15:00.171000+00:00,151.54,151.543,-13.800000000000523,-138.00000000000523,9.999999999999432,-20.300000000000296,2967.341,9793.064,0.0,0.20000000000095497,-2.899999999999636,-0.10000000000047748,-2.0999999999986585,,True,False,True,SL_ONLY,-138.00000000000523,-135.99999999999568,2024-03-26 13:00:00+00:00,2024-03-26 12:00:00+00:00,151.3629229625164,151.15746004383865,20.546291867773903,Up,Up,Up,2024-03-14 05:00:00+00:00,296.0,2024-03-14 05:00:00+00:00,2024-03-25 21:00:00+00:00,2024-03-25 00:00:00+00:00,150.85287003248624,149.69258112022317,116.028891226307,Up,Up,Up,2024-03-19 21:00:00+00:00,144.0,2024-03-19 21:00:00+00:00,55.124,2.400000000000091
RAW|2024-03-28|2024-03-28T13:00:00Z|1,2024-03-28,2024H1,2024-03,1,LONG,LONDON_NY_OVERLAP,2024-03-28 13:00:00+00:00,2024-03-28 13:15:00+00:00,2024-03-28 16:15:00+00:00,151.544,151.25,29.400000000001114,9.100000000000819,0.30952380952382563,151.212,151.296,151.159,151.279,2024-03-28 13:00:00.075000+00:00,9.100000000000819,2024-03-28 13:15:00+00:00,2024-03-28 13:03:01.538000+00:00,181.463,2.653,10,True,2024-03-28 13:15:00.131000+00:00,151.279,151.286,5.89999999999975,10.500000000001819,2.7666666666666666,5.60000000000116,6.752122526271429,2024-03-28 05:50:09.452000+00:00,1,25790.623,-18000.075,0.7000000000005002,2024-03-28 16:15:00.094000+00:00,151.315,151.32,2.899999999999636,28.999999999996362,8.500000000000796,-13.700000000000045,10393.987,8665.616,4.200000000000159,1.2000000000000455,-0.6000000000000227,-4.300000000000637,-0.10000000000047748,,False,False,True,NEITHER,37.00000000000614,38.000000000010914,2024-03-28 13:00:00+00:00,2024-03-28 12:00:00+00:00,151.34826777145824,151.32122197218249,2.7045799275754234,Up,Up,Up,2024-03-14 05:00:00+00:00,344.0,2024-03-14 05:00:00+00:00,2024-03-27 21:00:00+00:00,2024-03-27 00:00:00+00:00,151.1293418533093,149.95988386015688,116.94579931524345,Up,Up,Up,2024-03-19 21:00:00+00:00,192.0,2024-03-19 21:00:00+00:00,181.463,9.100000000000819
RAW|2024-03-29|2024-03-29T14:15:00Z|1,2024-03-29,2024H1,2024-03,1,LONG,LONDON_NY_OVERLAP,2024-03-29 14:15:00+00:00,2024-03-29 14:30:00+00:00,2024-03-29 17:30:00+00:00,151.496,151.181,31.499999999999773,1.4000000000010004,0.044444444444476525,151.201,151.213,151.167,151.194,2024-03-29 14:20:49.346000+00:00,1.4000000000010004,2024-03-29 14:30:00+00:00,2024-03-29 14:20:50.719000+00:00,1.373,1.417,10,True,2024-03-29 14:30:00.241000+00:00,151.194,151.206,2.6999999999986812,4.699999999999704,1.0833333333333333,3.299999999998704,107.71532378713322,2024-03-29 00:55:05.389000+00:00,1,48343.957,-22849.346,1.2000000000000455,2024-03-29 17:30:00.066000+00:00,151.241,151.315,3.500000000002501,35.00000000002501,9.300000000001774,-1.999999999998181,10094.471,187.34,-1.6999999999995907,-1.099999999999568,4.000000000002046,3.300000000001546,2.200000000001978,,False,False,False,NEITHER,35.00000000002501,35.00000000002501,2024-03-29 13:00:00+00:00,2024-03-29 12:00:00+00:00,151.29945485239173,151.31578443711436,-1.6329584722626578,Down,Up,Transition,2024-03-29 13:00:00+00:00,0.0,2024-03-29 13:00:00+00:00,2024-03-28 21:00:00+00:00,2024-03-28 00:00:00+00:00,151.19952989522093,150.07309315134432,112.64367438766101,Up,Up,Up,2024-03-19 21:00:00+00:00,216.0,2024-03-19 21:00:00+00:00,1.373,1.4000000000010004
RAW|2024-04-02|2024-04-02T14:00:00Z|1,2024-04-02,2024H1,2024-04,1,LONG,LONDON_NY_OVERLAP,2024-04-02 14:00:00+00:00,2024-04-02 14:15:00+00:00,2024-04-02 17:15:00+00:00,151.801,151.501,29.999999999998295,3.8000000000010914,0.12666666666671025,151.56,151.64,151.463,151.552,2024-04-02 14:00:48.912000+00:00,3.8000000000010914,2024-04-02 14:15:00+00:00,2024-04-02 14:00:49.080000+00:00,0.168,0.477,18,True,2024-04-02 14:15:00.017000+00:00,151.551,151.557,11.699999999999022,16.399999999998727,6.333333333333333,14.299999999997226,5.829597308150725,2024-04-02 00:02:25.043000+00:00,1,50303.869,-21648.912,0.6000000000000227,2024-04-02 17:15:00.443000+00:00,151.593,151.599,3.6000000000001364,36.000000000001364,6.200000000001182,-9.599999999997522,4754.226,611.316,-1.3999999999981583,-6.699999999997885,2.000000000001023,0.40000000000190994,2.7000000000015234,3.6000000000001364,False,False,True,NEITHER,42.999999999977945,42.999999999977945,2024-04-02 13:00:00+00:00,2024-04-02 12:00:00+00:00,151.64305093997842,151.47180512573948,17.12458142389437,Up,Up,Up,2024-04-01 01:00:00+00:00,36.0,2024-04-01 01:00:00+00:00,2024-04-01 21:00:00+00:00,2024-04-01 00:00:00+00:00,151.3481683138882,150.28950124329785,105.866707059036,Up,Up,Up,2024-03-19 21:00:00+00:00,312.0,2024-03-19 21:00:00+00:00,0.168,3.8000000000010914
RAW|2024-04-03|2024-04-03T07:45:00Z|-1,2024-04-03,2024H1,2024-04,-1,SHORT,LONDON,2024-04-03 07:45:00+00:00,2024-04-03 08:00:00+00:00,2024-04-03 11:00:00+00:00,151.68,151.439,24.100000000001387,4.4999999999987494,0.18672199170118217,151.721,151.725,151.676,151.676,2024-04-03 07:45:01.335000+00:00,4.4999999999987494,2024-04-03 08:00:00+00:00,2024-04-03 07:57:47.315000+00:00,765.98,5.149,3,True,2024-04-03 08:00:00.391000+00:00,151.677,151.682,-0.6000000000000227,4.099999999999682,0.95,3.300000000001546,3.5490631389624707,2024-04-03 06:53:36.169000+00:00,1,3085.166,898.665,0.49999999999954525,2024-04-03 11:00:00.072000+00:00,151.71,151.716,-3.900000000001569,-39.00000000001569,-0.49999999999954525,-12.700000000000955,0.0,4026.004,-2.000000000001023,-3.4000000000020236,-3.6000000000001364,-6.100000000000705,-8.199999999999363,,False,False,True,NEITHER,-37.00000000000614,-36.000000000001364,2024-04-03 05:00:00+00:00,2024-04-03 04:00:00+00:00,151.59093829133136,151.50009940529176,9.083888603959167,Up,Up,Up,2024-04-01 01:00:00+00:00,52.0,2024-04-01 01:00:00+00:00,2024-04-02 21:00:00+00:00,2024-04-02 00:00:00+00:00,151.40526308134872,150.39018114383404,101.50819375146796,Up,Up,Up,2024-03-19 21:00:00+00:00,336.0,2024-03-19 21:00:00+00:00,765.98,4.4999999999987494
RAW|2024-04-04|2024-04-04T07:15:00Z|-1,2024-04-04,2024H1,2024-04,-1,SHORT,LONDON,2024-04-04 07:15:00+00:00,2024-04-04 07:30:00+00:00,2024-04-04 10:30:00+00:00,151.722,151.537,18.500000000000227,3.299999999998704,0.17837837837830614,151.703,151.755,151.701,151.717,2024-04-04 07:16:02.182000+00:00,3.299999999998704,2024-04-04 07:30:00+00:00,2024-04-04 07:16:02.539000+00:00,0.357,0.052,19,True,2024-04-04 07:30:00.060000+00:00,151.716,151.723,1.300000000000523,3.900000000001569,1.7666666666666666,2.1000000000015007,6.064088124129955,2024-04-04 03:06:14.759000+00:00,1,14987.423,2637.818,0.7000000000005002,2024-04-04 10:30:01.188000+00:00,151.714,151.717,-0.10000000000047748,-1.0000000000047748,3.4000000000020236,-4.699999999999704,518.515,7323.796,2.5000000000005684,0.0,2.5000000000005684,2.000000000001023,-3.499999999999659,-0.10000000000047748,False,False,True,NEITHER,-1.0000000000047748,-9.000000000014552,2024-04-04 05:00:00+00:00,2024-04-04 04:00:00+00:00,151.66108931484374,151.57410208420964,8.698723063409375,Up,Up,Up,2024-04-01 01:00:00+00:00,76.0,2024-04-01 01:00:00+00:00,2024-04-03 21:00:00+00:00,2024-04-03 00:00:00+00:00,151.48433077239193,150.49352665232732,99.08041200646096,Up,Up,Up,2024-03-19 21:00:00+00:00,360.0,2024-03-19 21:00:00+00:00,0.357,3.299999999998704
RAW|2024-04-04|2024-04-04T13:45:00Z|1,2024-04-04,2024H1,2024-04,1,LONG,LONDON_NY_OVERLAP,2024-04-04 13:45:00+00:00,2024-04-04 14:00:00+00:00,2024-04-04 17:00:00+00:00,151.722,151.537,18.500000000000227,3.4000000000020236,0.1837837837838909,151.529,151.602,151.503,151.589,2024-04-04 13:45:00.020000+00:00,3.4000000000020236,2024-04-04 14:00:00+00:00,2024-04-04 13:50:30.160000+00:00,330.14,0.102,6,True,2024-04-04 14:00:00.131000+00:00,151.59,151.594,4.800000000000182,6.800000000001205,2.566666666666667,4.599999999999227,6.064088124129955,2024-04-04 00:03:12.069000+00:00,1,49307.951,-20700.02,0.39999999999906777,2024-04-04 17:00:00.300000+00:00,151.645,151.65,5.100000000001614,51.00000000001614,10.80000000000041,-7.800000000000296,4148.486,153.051,-5.400000000000205,-3.100000000000591,3.900000000001569,6.999999999999318,6.60000000000025,5.100000000001614,True,False,True,TP_ONLY,51.00000000001614,51.00000000001614,2024-04-04 13:00:00+00:00,2024-04-04 12:00:00+00:00,151.66039250757333,151.58808960407504,7.2302903498297155,Up,Up,Up,2024-04-01 01:00:00+00:00,84.0,2024-04-01 01:00:00+00:00,2024-04-03 21:00:00+00:00,2024-04-03 00:00:00+00:00,151.48433077239193,150.49352665232732,99.08041200646096,Up,Up,Up,2024-03-19 21:00:00+00:00,360.0,2024-03-19 21:00:00+00:00,330.14,3.4000000000020236
RAW|2024-04-05|2024-04-05T07:30:00Z|-1,2024-04-05,2024H1,2024-04,-1,SHORT,LONDON,2024-04-05 07:30:00+00:00,2024-04-05 07:45:00+00:00,2024-04-05 10:45:00+00:00,151.338,150.81,52.79999999999916,1.500000000001478,0.028409090909119354,151.29,151.353,151.288,151.292,2024-04-05 07:33:14.058000+00:00,1.500000000001478,2024-04-05 07:45:00+00:00,2024-04-05 07:34:04.984000+00:00,50.926,0.103,7,True,2024-04-05 07:45:00.096000+00:00,151.293,151.298,10.200000000000387,11.600000000001387,2.033333333333333,7.099999999999795,239.4123515008577,2024-04-05 00:02:19.800000+00:00,1,27054.258,1605.942,0.49999999999954525,2024-04-05 10:45:00.265000+00:00,151.343,151.348,-5.500000000000682,-55.00000000000682,3.0000000000001137,-16.100000000000136,446.317,3470.833,-0.39999999999906777,-4.699999999999704,-4.200000000000159,-11.699999999999022,-11.699999999999022,-5.500000000000682,False,False,True,NEITHER,-56.000000000011596,-56.000000000011596,2024-04-05 05:00:00+00:00,2024-04-05 04:00:00+00:00,151.3296773499514,151.4941896010086,-16.45122510572037,Down,Down,Down,2024-04-04 21:00:00+00:00,8.0,2024-04-04 21:00:00+00:00,2024-04-04 21:00:00+00:00,2024-04-04 00:00:00+00:00,151.4399505517085,150.56036452014115,87.95860315673565,Up,Up,Up,2024-03-19 21:00:00+00:00,384.0,2024-03-19 21:00:00+00:00,50.926,1.500000000001478
RAW|2024-04-08|2024-04-08T10:15:00Z|-1,2024-04-08,2024H1,2024-04,-1,SHORT,LONDON,2024-04-08 10:15:00+00:00,2024-04-08 10:30:00+00:00,2024-04-08 13:30:00+00:00,151.833,151.67,16.30000000000109,3.8000000000010914,0.23312883435587956,151.861,151.871,151.825,151.827,2024-04-08 10:15:00.569000+00:00,3.8000000000010914,2024-04-08 10:30:00+00:00,2024-04-08 10:26:56.393000+00:00,715.824,71.934,1,True,2024-04-08 10:30:01.576000+00:00,151.828,151.834,-1.2000000000000455,3.8000000000010914,0.8333333333333334,1.6999999999995907,2.4124588452324165,2024-04-08 06:45:24.628000+00:00,1,12575.941,-8100.569,0.6000000000000227,2024-04-08 13:30:00.075000+00:00,151.816,151.822,0.6000000000000227,6.000000000000227,2.1000000000015007,-11.7999999999995,10721.842,5916.18,-1.4999999999986358,-2.5000000000005684,-2.899999999999636,-7.999999999998408,-9.199999999998454,,False,False,True,NEITHER,6.000000000000227,14.000000000010004,2024-04-08 09:00:00+00:00,2024-04-08 08:00:00+00:00,151.7130350096655,151.58063100125793,13.240400840757616,Up,Up,Up,2024-04-05 21:00:00+00:00,60.0,2024-04-05 21:00:00+00:00,2024-04-05 21:00:00+00:00,2024-04-05 00:00:00+00:00,151.49053610836322,150.64489535852985,84.56407498333647,Up,Up,Up,2024-03-19 21:00:00+00:00,408.0,2024-03-19 21:00:00+00:00,715.824,3.8000000000010914
RAW|2024-04-09|2024-04-09T07:00:00Z|-1,2024-04-09,2024H1,2024-04,-1,SHORT,LONDON,2024-04-09 07:00:00+00:00,2024-04-09 07:15:00+00:00,2024-04-09 10:15:00+00:00,151.92,151.788,13.199999999997658,1.4000000000010004,0.10606060606070067,151.913,151.934,151.906,151.912,2024-04-09 07:00:18.754000+00:00,1.4000000000010004,2024-04-09 07:15:00+00:00,2024-04-09 07:00:19.227000+00:00,0.473,21.337,14,True,2024-04-09 07:15:00.171000+00:00,151.912,151.916,3.999999999999204,3.999999999999204,1.1666666666666667,2.0999999999986585,38.0582903722549,2024-04-09 00:54:59.852000+00:00,2,21918.902,3581.246,0.39999999999906777,2024-04-09 10:15:00.073000+00:00,151.815,151.821,9.100000000000819,91.00000000000819,18.10000000000116,-2.899999999999636,7973.76,205.703,-2.199999999999136,1.6000000000019554,-1.099999999999568,0.7000000000005002,4.599999999999227,,True,True,True,TP_ONLY,91.00000000000819,92.99999999998931,2024-04-09 05:00:00+00:00,2024-04-09 04:00:00+00:00,151.83743704439843,151.6754835040798,16.195354031862053,Up,Up,Up,2024-04-05 21:00:00+00:00,80.0,2024-04-05 21:00:00+00:00,2024-04-08 21:00:00+00:00,2024-04-08 00:00:00+00:00,151.57266864883087,150.73554372984745,83.71249189834202,Up,Up,Up,2024-03-19 21:00:00+00:00,480.0,2024-03-19 21:00:00+00:00,0.473,1.4000000000010004
RAW|2024-04-09|2024-04-09T10:45:00Z|1,2024-04-09,2024H1,2024-04,1,LONG,LONDON,2024-04-09 10:45:00+00:00,2024-04-09 11:00:00+00:00,2024-04-09 14:00:00+00:00,151.92,151.788,13.199999999997658,2.1000000000015007,0.159090909091051,151.783,151.798,151.767,151.795,2024-04-09 10:45:00.160000+00:00,2.1000000000015007,2024-04-09 11:00:00+00:00,2024-04-09 10:49:52.314000+00:00,292.154,6.338,6,True,2024-04-09 11:00:01.129000+00:00,151.795,151.8,3.2000000000010687,5.299999999999727,0.5166666666666667,1.500000000001478,38.0582903722549,2024-04-09 00:34:11.241000+00:00,1,36648.919,-9900.16,0.5000000000023874,2024-04-09 14:00:00.285000+00:00,151.77,151.775,-3.0000000000001137,-30.000000000001137,4.4999999999987494,-9.400000000002251,2450.661,9298.942,-1.6000000000019554,0.2999999999985903,-0.30000000000143245,2.7999999999991587,-2.9000000000024784,,False,False,True,NEITHER,-30.000000000001137,-30.000000000001137,2024-04-09 09:00:00+00:00,2024-04-09 08:00:00+00:00,151.8513121745703,151.69232482375344,15.8987350816858,Up,Up,Up,2024-04-05 21:00:00+00:00,84.0,2024-04-05 21:00:00+00:00,2024-04-08 21:00:00+00:00,2024-04-08 00:00:00+00:00,151.57266864883087,150.73554372984745,83.71249189834202,Up,Up,Up,2024-03-19 21:00:00+00:00,480.0,2024-03-19 21:00:00+00:00,292.154,2.1000000000015007
RAW|2024-04-10|2024-04-10T10:15:00Z|-1,2024-04-10,2024H1,2024-04,-1,SHORT,LONDON,2024-04-10 10:15:00+00:00,2024-04-10 10:30:00+00:00,2024-04-10 13:30:00+00:00,151.819,151.68,13.899999999998158,1.9000000000005457,0.13669064748207177,151.837,151.838,151.808,151.812,2024-04-10 10:15:00.335000+00:00,1.9000000000005457,2024-04-10 10:30:00+00:00,2024-04-10 10:29:09.935000+00:00,849.6,50.065,0,False,2024-04-10 10:30:01.287000+00:00,151.813,151.817,-2.1000000000015007,3.300000000001546,1.1833333333333333,2.5000000000005684,2.560862316649672,2024-04-10 05:58:11.661000+00:00,1,15408.674,-8100.335,0.40000000000190994,2024-04-10 13:30:00.128000+00:00,152.454,152.46,-64.70000000000198,-647.0000000000198,3.8999999999987267,-71.20000000000175,6817.501,8130.596,-0.8000000000009777,-2.000000000001023,-2.5000000000005684,-2.9000000000024784,-12.000000000000455,,False,False,True,SL_ONLY,-647.9999999999961,-647.9999999999961,2024-04-10 09:00:00+00:00,2024-04-10 08:00:00+00:00,151.78733989007694,151.7183451782968,6.899471178013528,Up,Up,Up,2024-04-05 21:00:00+00:00,108.0,2024-04-05 21:00:00+00:00,2024-04-09 21:00:00+00:00,2024-04-09 00:00:00+00:00,151.61676332059346,150.81486023145965,80.19030891338161,Up,Up,Up,2024-03-19 21:00:00+00:00,504.0,2024-03-19 21:00:00+00:00,849.6,1.9000000000005457
RAW|2024-04-11|2024-04-11T07:00:00Z|-1,2024-04-11,2024H1,2024-04,-1,SHORT,LONDON,2024-04-11 07:00:00+00:00,2024-04-11 07:15:00+00:00,2024-04-11 10:15:00+00:00,153.187,152.759,42.80000000000257,1.8000000000000682,0.04205607476635421,153.162,153.205,153.103,153.106,2024-04-11 07:04:07.656000+00:00,1.8000000000000682,2024-04-11 07:15:00+00:00,2024-04-11 07:04:12.282000+00:00,4.626,4.136,15,True,2024-04-11 07:15:00.125000+00:00,153.111,153.112,8.499999999997954,11.299999999999955,1.95,3.6000000000001364,7.396007327270215,2024-04-11 06:58:23.260000+00:00,1,344.396,3352.344,0.10000000000047748,2024-04-11 10:15:16.936000+00:00,153.139,153.142,-3.100000000000591,-31.00000000000591,2.4999999999977263,-18.300000000002115,1093.508,5723.991,-4.400000000001114,-2.600000000001046,-3.300000000001546,-8.29999999999984,-12.5,-3.100000000000591,False,False,True,NEITHER,-32.99999999998704,-33.999999999991815,2024-04-11 05:00:00+00:00,2024-04-11 04:00:00+00:00,152.6785442468311,152.10491486043284,57.362938639826666,Up,Up,Up,2024-04-05 21:00:00+00:00,128.0,2024-04-05 21:00:00+00:00,2024-04-10 21:00:00+00:00,2024-04-10 00:00:00+00:00,152.05311665756676,151.0011914129429,105.19252446238738,Up,Up,Up,2024-03-19 21:00:00+00:00,528.0,2024-03-19 21:00:00+00:00,4.626,1.8000000000000682
RAW|2024-04-12|2024-04-12T07:15:00Z|-1,2024-04-12,2024H1,2024-04,-1,SHORT,LONDON,2024-04-12 07:15:00+00:00,2024-04-12 07:30:00+00:00,2024-04-12 10:30:00+00:00,153.298,152.962,33.60000000000127,8.400000000000318,0.25,153.361,153.382,153.258,153.274,2024-04-12 07:15:00.129000+00:00,8.400000000000318,2024-04-12 07:30:00+00:00,2024-04-12 07:27:03.796000+00:00,723.667,0.865,2,True,2024-04-12 07:30:02.920000+00:00,153.272,153.276,8.699999999998909,11.50000000000091,1.8666666666666667,2.5000000000005684,36.33873978235948,2024-04-12 00:04:28.596000+00:00,1,25831.533,2699.871,0.40000000000190994,2024-04-12 10:30:01.394000+00:00,153.337,153.343,-7.099999999999795,-70.99999999999795,6.299999999998818,-8.400000000000318,2584.254,6810.138,-0.30000000000143245,-2.400000000000091,2.400000000000091,4.4999999999987494,-3.2000000000010687,,False,False,True,NEITHER,-70.99999999999795,-67.99999999998363,2024-04-12 05:00:00+00:00,2024-04-12 04:00:00+00:00,153.07988900761362,152.5087674149826,57.1121592631016,Up,Up,Up,2024-04-05 21:00:00+00:00,152.0,2024-04-05 21:00:00+00:00,2024-04-11 21:00:00+00:00,2024-04-11 00:00:00+00:00,152.39394046969056,151.18077609990746,121.3164369783101,Up,Up,Up,2024-03-19 21:00:00+00:00,552.0,2024-03-19 21:00:00+00:00,723.667,8.400000000000318
RAW|2024-04-12|2024-04-12T13:30:00Z|1,2024-04-12,2024H1,2024-04,1,LONG,LONDON_NY_OVERLAP,2024-04-12 13:30:00+00:00,2024-04-12 13:45:00+00:00,2024-04-12 16:45:00+00:00,153.298,152.962,33.60000000000127,5.699999999998795,0.16964285714281485,152.909,153.088,152.905,153.021,2024-04-12 13:30:00.042000+00:00,5.699999999998795,2024-04-12 13:45:00+00:00,2024-04-12 13:31:48.192000+00:00,108.15,0.747,23,True,2024-04-12 13:45:00.206000+00:00,153.023,153.027,-16.100000000000136,20.999999999997954,2.466666666666667,7.699999999999818,36.33873978235948,2024-04-12 00:59:57.275000+00:00,1,45002.767,-19800.042,0.39999999999906777,2024-04-12 16:45:01.736000+00:00,153.079,153.082,5.200000000002092,52.00000000002092,12.90000000000191,-29.699999999999704,7721.257,1650.008,-4.899999999997817,-9.799999999998477,-20.899999999997476,-11.499999999998067,6.700000000000728,5.200000000002092,True,False,True,SL_FIRST,37.00000000000614,37.00000000000614,2024-04-12 13:00:00+00:00,2024-04-12 12:00:00+00:00,153.06169847327226,152.59513594004125,46.65625332310128,Up,Up,Up,2024-04-05 21:00:00+00:00,160.0,2024-04-05 21:00:00+00:00,2024-04-11 21:00:00+00:00,2024-04-11 00:00:00+00:00,152.39394046969056,151.18077609990746,121.3164369783101,Up,Up,Up,2024-03-19 21:00:00+00:00,552.0,2024-03-19 21:00:00+00:00,108.15,5.699999999998795
RAW|2024-04-15|2024-04-15T08:00:00Z|-1,2024-04-15,2024H1,2024-04,-1,SHORT,LONDON,2024-04-15 08:00:00+00:00,2024-04-15 08:15:00+00:00,2024-04-15 11:15:00+00:00,153.887,153.279,60.80000000000041,6.399999999999295,0.10526315789472454,153.905,153.951,153.719,153.822,2024-04-15 08:00:00.145000+00:00,6.399999999999295,2024-04-15 08:15:00+00:00,2024-04-15 08:11:43.140000+00:00,702.995,196.86,0,False,2024-04-15 08:15:00.168000+00:00,153.821,153.829,0.20000000000095497,5.19999999999925,0.9,4.4999999999987494,8.821697959216635,2024-04-15 06:56:38.920000+00:00,1,3801.225,-0.14500000000000002,0.8000000000009777,2024-04-15 11:15:00.112000+00:00,153.901,153.907,-8.600000000001273,-86.00000000001273,12.000000000000455,-12.800000000001432,247.058,9071.201,8.099999999998886,-7.499999999998863,-8.099999999998886,3.499999999999659,-5.19999999999925,,False,False,True,TP_ONLY,-90.00000000000341,-88.99999999999864,2024-04-15 05:00:00+00:00,2024-04-15 04:00:00+00:00,153.37868702448782,152.82889921176854,54.978781271927346,Up,Up,Up,2024-04-05 21:00:00+00:00,224.0,2024-04-05 21:00:00+00:00,2024-04-12 21:00:00+00:00,2024-04-12 00:00:00+00:00,152.63567176406468,151.34551401191487,129.01577521498098,Up,Up,Up,2024-03-19 21:00:00+00:00,576.0,2024-03-19 21:00:00+00:00,702.995,6.399999999999295
RAW|2024-04-16|2024-04-16T12:30:00Z|-1,2024-04-16,2024H1,2024-04,-1,SHORT,LONDON_NY_OVERLAP,2024-04-16 12:30:00+00:00,2024-04-16 12:45:00+00:00,2024-04-16 15:45:00+00:00,154.604,154.13,47.400000000001796,5.599999999998317,0.11814345991557185,154.648,154.66,154.563,154.577,2024-04-16 12:30:00.005000+00:00,5.599999999998317,2024-04-16 12:45:00+00:00,2024-04-16 12:30:00.723000+00:00,0.718,1.888,20,True,2024-04-16 12:45:00.333000+00:00,154.578,154.583,-1.6999999999995907,6.89999999999884,0.8666666666666667,3.8000000000010914,7.098752618039703,2024-04-16 06:41:50.947000+00:00,1,20889.058,-16200.005,0.49999999999954525,2024-04-16 15:45:01.660000+00:00,154.603,154.606,-2.7999999999991587,-27.999999999991587,67.50000000000114,-19.39999999999884,3257.385,1931.911,-4.300000000000637,-7.30000000000075,-13.700000000000045,14.900000000000091,-6.000000000000227,-2.7999999999991587,True,True,True,TP_ONLY,-26.999999999986812,-24.00000000000091,2024-04-16 09:00:00+00:00,2024-04-16 08:00:00+00:00,154.23709379326652,153.463603610875,77.34901823915266,Up,Up,Up,2024-04-05 21:00:00+00:00,252.0,2024-04-05 21:00:00+00:00,2024-04-15 21:00:00+00:00,2024-04-15 00:00:00+00:00,153.10033697433192,151.57883289096168,152.1504083370246,Up,Up,Up,2024-03-19 21:00:00+00:00,648.0,2024-03-19 21:00:00+00:00,0.718,5.599999999998317
RAW|2024-04-18|2024-04-18T09:15:00Z|-1,2024-04-18,2024H1,2024-04,-1,SHORT,LONDON,2024-04-18 09:15:00+00:00,2024-04-18 09:30:00+00:00,2024-04-18 12:30:00+00:00,154.408,153.956,45.19999999999982,0.9000000000014552,0.019911504424811037,154.377,154.417,154.362,154.402,2024-04-18 09:24:10.485000+00:00,0.9000000000014552,2024-04-18 09:30:00+00:00,2024-04-18 09:25:05.404000+00:00,54.919,65.524,2,True,2024-04-18 09:30:00.475000+00:00,154.401,154.407,4.300000000000637,4.800000000000182,0.8666666666666667,4.800000000000182,21.617505396737336,2024-04-18 00:09:36.896000+00:00,1,33273.589,-5050.485,0.6000000000000227,2024-04-18 12:30:00.102000+00:00,154.402,154.423,-2.199999999999136,-21.99999999999136,8.200000000002206,-11.499999999998067,8804.564,7744.205,0.6000000000000227,-1.5999999999991132,-2.0999999999986585,-6.499999999999773,-8.199999999999363,,False,False,True,NEITHER,-24.00000000000091,-22.999999999996135,2024-04-18 09:00:00+00:00,2024-04-18 08:00:00+00:00,154.3706567450635,154.09535782724035,27.52989178231644,Up,Up,Up,2024-04-05 21:00:00+00:00,300.0,2024-04-05 21:00:00+00:00,2024-04-17 21:00:00+00:00,2024-04-17 00:00:00+00:00,153.7895596807816,152.03195935891,175.76003218715925,Up,Up,Up,2024-03-19 21:00:00+00:00,696.0,2024-03-19 21:00:00+00:00,54.919,0.9000000000014552
RAW|2024-04-22|2024-04-22T10:00:00Z|-1,2024-04-22,2024H1,2024-04,-1,SHORT,LONDON,2024-04-22 10:00:00+00:00,2024-04-22 10:15:00+00:00,2024-04-22 13:15:00+00:00,154.761,154.584,17.69999999999925,1.8000000000000682,0.10169491525424545,154.767,154.779,154.736,154.752,2024-04-22 10:00:00.389000+00:00,1.8000000000000682,2024-04-22 10:15:00+00:00,2024-04-22 10:00:58.446000+00:00,58.057,0.407,10,True,2024-04-22 10:15:00.164000+00:00,154.754,154.756,0.39999999999906777,2.199999999999136,0.13333333333333333,1.8000000000000682,4.160882765364823,2024-04-22 06:07:42.433000+00:00,1,13937.956,-7200.389,0.20000000000095497,2024-04-22 13:15:00.223000+00:00,154.732,154.735,1.8999999999977035,18.999999999977035,6.60000000000025,-2.899999999999636,7608.34,5605.852,0.699999999997658,1.099999999999568,-1.2000000000000455,-0.20000000000095497,2.4999999999977263,1.8999999999977035,False,False,True,NEITHER,17.99999999997226,16.999999999995907,2024-04-22 09:00:00+00:00,2024-04-22 08:00:00+00:00,154.6400285546934,154.40415261030986,23.587594438353676,Up,Up,Up,2024-04-05 21:00:00+00:00,396.0,2024-04-05 21:00:00+00:00,2024-04-19 21:00:00+00:00,2024-04-19 00:00:00+00:00,154.1823875922355,152.42579920138144,175.65883908540627,Up,Up,Up,2024-03-19 21:00:00+00:00,744.0,2024-03-19 21:00:00+00:00,58.057,1.8000000000000682
RAW|2024-04-23|2024-04-23T07:30:00Z|-1,2024-04-23,2024H1,2024-04,-1,SHORT,LONDON,2024-04-23 07:30:00+00:00,2024-04-23 07:45:00+00:00,2024-04-23 10:45:00+00:00,154.824,154.655,16.900000000001114,3.6000000000001364,0.21301775147928398,154.797,154.86,154.797,154.803,2024-04-23 07:30:01.888000+00:00,3.6000000000001364,2024-04-23 07:45:00+00:00,2024-04-23 07:30:02.298000+00:00,0.41,1.603,19,True,2024-04-23 07:45:00.070000+00:00,154.804,154.808,4.099999999999682,7.00000000000216,0.9166666666666666,4.000000000002046,13.21489738580137,2024-04-23 00:00:51.297000+00:00,1,26950.591,1798.112,0.39999999999906777,2024-04-23 10:45:07.175000+00:00,154.792,154.797,0.7000000000005002,7.000000000005002,2.600000000001046,-6.299999999998818,323.122,2848.18,0.8000000000009777,-1.9000000000005457,-3.299999999998704,-2.400000000000091,-2.600000000001046,0.7000000000005002,False,False,True,NEITHER,7.000000000005002,7.000000000005002,2024-04-23 05:00:00+00:00,2024-04-23 04:00:00+00:00,154.74946660518933,154.53178406874113,21.768253644819424,Up,Up,Up,2024-04-05 21:00:00+00:00,416.0,2024-04-05 21:00:00+00:00,2024-04-22 21:00:00+00:00,2024-04-22 00:00:00+00:00,154.36770542302537,152.61821526527095,174.94901577544226,Up,Up,Up,2024-03-19 21:00:00+00:00,816.0,2024-03-19 21:00:00+00:00,0.41,3.6000000000001364
RAW|2024-04-23|2024-04-23T14:00:00Z|1,2024-04-23,2024H1,2024-04,1,LONG,LONDON_NY_OVERLAP,2024-04-23 14:00:00+00:00,2024-04-23 14:15:00+00:00,2024-04-23 17:15:00+00:00,154.824,154.655,16.900000000001114,8.400000000000318,0.49704142011832925,154.64,154.736,154.571,154.662,2024-04-23 14:00:00.087000+00:00,8.400000000000318,2024-04-23 14:15:00+00:00,2024-04-23 14:00:15.106000+00:00,15.019,0.105,9,True,2024-04-23 14:15:00.194000+00:00,154.662,154.666,19.700000000000273,26.29999999999768,2.55,7.900000000000773,13.21489738580137,2024-04-23 01:17:35.192000+00:00,1,45744.895,-21600.087,0.39999999999906777,2024-04-23 17:15:00.399000+00:00,154.689,154.695,2.2999999999996135,22.999999999996135,17.199999999999704,-11.599999999998545,3569.407,10373.956,-3.0000000000001137,5.19999999999925,9.100000000000819,15.700000000001069,13.599999999999568,2.2999999999996135,True,True,True,TP_ONLY,21.99999999999136,20.999999999986585,2024-04-23 13:00:00+00:00,2024-04-23 12:00:00+00:00,154.78576867611702,154.5769404357825,20.882824033452607,Up,Up,Up,2024-04-05 21:00:00+00:00,424.0,2024-04-05 21:00:00+00:00,2024-04-22 21:00:00+00:00,2024-04-22 00:00:00+00:00,154.36770542302537,152.61821526527095,174.94901577544226,Up,Up,Up,2024-03-19 21:00:00+00:00,816.0,2024-03-19 21:00:00+00:00,15.019,8.400000000000318
RAW|2024-04-24|2024-04-24T07:00:00Z|-1,2024-04-24,2024H1,2024-04,-1,SHORT,LONDON,2024-04-24 07:00:00+00:00,2024-04-24 07:15:00+00:00,2024-04-24 10:15:00+00:00,154.941,154.739,20.199999999999818,2.7999999999991587,0.1386138613860982,154.929,154.969,154.768,154.874,2024-04-24 07:01:29.404000+00:00,2.7999999999991587,2024-04-24 07:15:00+00:00,2024-04-24 07:02:14.010000+00:00,44.606,60.014,30,True,2024-04-24 07:15:02.116000+00:00,154.873,154.879,1.8000000000000682,3.4000000000020236,0.6166666666666667,1.8000000000000682,3.3223605280177217,2024-04-24 06:50:00.124000+00:00,2,689.28,3510.596,0.6000000000000227,2024-04-24 10:15:00.376000+00:00,154.911,154.916,-4.300000000000637,-43.00000000000637,2.0999999999986585,-6.700000000000728,1693.326,8746.174,-1.4000000000010004,-2.899999999999636,0.0,-4.300000000000637,-1.6000000000019554,,False,False,False,NEITHER,-28.999999999996362,-13.00000000000523,2024-04-24 05:00:00+00:00,2024-04-24 04:00:00+00:00,154.81257368703587,154.64609106045395,16.648262658191015,Up,Up,Up,2024-04-05 21:00:00+00:00,440.0,2024-04-05 21:00:00+00:00,2024-04-23 21:00:00+00:00,2024-04-23 00:00:00+00:00,154.49778958787527,152.79459804404928,170.31915438259944,Up,Up,Up,2024-03-19 21:00:00+00:00,840.0,2024-03-19 21:00:00+00:00,44.606,2.7999999999991587
RAW|2024-04-25|2024-04-25T12:45:00Z|-1,2024-04-25,2024H1,2024-04,-1,SHORT,LONDON_NY_OVERLAP,2024-04-25 12:45:00+00:00,2024-04-25 13:00:00+00:00,2024-04-25 16:00:00+00:00,155.739,155.243,49.60000000000093,0.8000000000009777,0.016129032258083924,155.657,155.747,155.428,155.679,2024-04-25 12:54:40.202000+00:00,0.8000000000009777,2024-04-25 13:00:00+00:00,2024-04-25 12:54:40.276000+00:00,0.074,162.172,9,True,2024-04-25 13:00:00.014000+00:00,155.679,155.682,8.800000000002228,13.800000000000523,3.3833333333333333,8.600000000001273,9.294864587315683,2024-04-25 05:25:21.030000+00:00,1,26959.172,-17680.202,0.2999999999985903,2024-04-25 16:00:01.532000+00:00,155.522,155.525,15.399999999999636,153.99999999999636,32.099999999999795,-1.099999999999568,762.553,355.734,2.2999999999996135,22.59999999999991,12.100000000000932,2.5000000000005684,10.599999999999454,15.399999999999636,True,False,False,TP_ONLY,147.99999999999613,133.99999999998613,2024-04-25 13:00:00+00:00,2024-04-25 12:00:00+00:00,155.4688372296803,155.0030926646068,46.57445650734928,Up,Up,Up,2024-04-05 21:00:00+00:00,472.0,2024-04-05 21:00:00+00:00,2024-04-24 21:00:00+00:00,2024-04-24 00:00:00+00:00,154.7361354199109,152.99759020052534,173.85452193855713,Up,Up,Up,2024-03-19 21:00:00+00:00,864.0,2024-03-19 21:00:00+00:00,0.074,0.8000000000009777
RAW|2024-04-26|2024-04-26T08:15:00Z|-1,2024-04-26,2024H1,2024-04,-1,SHORT,LONDON,2024-04-26 08:15:00+00:00,2024-04-26 08:30:00+00:00,2024-04-26 11:30:00+00:00,156.461,155.41,105.10000000000161,3.099999999997749,0.029495718363441496,156.321,156.492,156.111,156.441,2024-04-26 08:27:01.103000+00:00,3.099999999997749,2024-04-26 08:30:00+00:00,2024-04-26 08:27:15.024000+00:00,13.921,65.891,1,True,2024-04-26 08:30:00.019000+00:00,156.439,156.446,16.100000000000136,35.6000000000023,2.566666666666667,13.100000000000023,29.286260033288453,2024-04-26 06:58:09.829000+00:00,1,5331.274,-1621.103,0.7000000000005002,2024-04-26 11:30:00.471000+00:00,156.71,156.716,-27.700000000001523,-277.00000000001523,15.399999999999636,-43.00000000000068,10015.58,9231.456,3.3999999999991815,-18.80000000000166,-12.700000000000955,-12.90000000000191,-29.90000000000066,-27.700000000001523,False,False,True,SL_FIRST,-278.00000000002,-316.0000000000025,2024-04-26 05:00:00+00:00,2024-04-26 04:00:00+00:00,155.7394890747814,155.21971364955198,51.9775425229426,Up,Up,Up,2024-04-05 21:00:00+00:00,488.0,2024-04-05 21:00:00+00:00,2024-04-25 21:00:00+00:00,2024-04-25 00:00:00+00:00,154.99523958565067,153.20922298448332,178.6016601167347,Up,Up,Up,2024-03-19 21:00:00+00:00,888.0,2024-03-19 21:00:00+00:00,13.921,3.099999999997749
RAW|2024-04-29|2024-04-29T07:30:00Z|1,2024-04-29,2024H1,2024-04,1,LONG,LONDON,2024-04-29 07:30:00+00:00,2024-04-29 07:45:00+00:00,2024-04-29 10:45:00+00:00,160.203,155.043,515.9999999999997,52.00000000000102,0.10077519379845166,155.195,155.333,154.523,155.298,2024-04-29 07:31:14.553000+00:00,52.00000000000102,2024-04-29 07:45:00+00:00,2024-04-29 07:31:14.657000+00:00,0.104,0.514,45,True,2024-04-29 07:45:00.311000+00:00,155.299,155.309,57.40000000000123,80.50000000000068,10.483333333333333,42.69999999999925,146.59962038463925,2024-04-29 05:06:46.175000+00:00,1,8668.378,1725.447,0.9999999999990905,2024-04-29 10:45:01.947000+00:00,155.813,155.818,50.39999999999907,503.9999999999907,64.90000000000009,-24.699999999998568,4533.452,2859.226,9.200000000001296,25.200000000000955,47.100000000000364,35.09999999999991,44.599999999999795,50.39999999999907,False,False,False,TP_FIRST,510.9999999999957,476.99999999997544,2024-04-29 05:00:00+00:00,2024-04-29 04:00:00+00:00,157.09313402403302,156.04638872150372,104.67453025293025,Up,Up,Up,2024-04-05 21:00:00+00:00,560.0,2024-04-05 21:00:00+00:00,2024-04-26 21:00:00+00:00,2024-04-26 00:00:00+00:00,155.9368854183219,153.61576514572465,232.11202725972555,Up,Up,Up,2024-03-19 21:00:00+00:00,912.0,2024-03-19 21:00:00+00:00,0.104,52.00000000000102
RAW|2024-04-30|2024-04-30T12:00:00Z|-1,2024-04-30,2024H1,2024-04,-1,SHORT,LONDON_NY_OVERLAP,2024-04-30 12:00:00+00:00,2024-04-30 12:15:00+00:00,2024-04-30 15:15:00+00:00,156.999,156.166,83.29999999999984,14.000000000001478,0.16806722689077436,156.957,157.139,156.809,156.972,2024-04-30 12:02:05.701000+00:00,14.000000000001478,2024-04-30 12:15:00+00:00,2024-04-30 12:02:07.849000+00:00,2.148,0.881,7,True,2024-04-30 12:15:00.062000+00:00,156.971,156.976,8.599999999998431,10.199999999997544,1.9,10.199999999997544,44.43191950692829,2024-04-30 01:54:07.474000+00:00,1,36478.227,-14525.701,0.49999999999954525,2024-04-30 15:15:00.079000+00:00,157.353,157.36,-38.900000000001,-389.00000000001,2.1000000000015007,-57.59999999999934,76.181,3183.138,-3.0000000000001137,-6.19999999999834,-35.69999999999993,-47.59999999999991,-34.79999999999848,-38.900000000001,False,False,True,SL_ONLY,-380.0000000000239,-365.0000000000091,2024-04-30 09:00:00+00:00,2024-04-30 08:00:00+00:00,156.6821991755471,156.23786577399545,44.43334015516598,Up,Up,Up,2024-04-05 21:00:00+00:00,588.0,2024-04-05 21:00:00+00:00,2024-04-29 21:00:00+00:00,2024-04-29 00:00:00+00:00,156.0469181559442,153.8322639340667,221.46542218775096,Up,Up,Up,2024-03-19 21:00:00+00:00,984.0,2024-03-19 21:00:00+00:00,2.148,14.000000000001478
RAW|2024-05-01|2024-05-01T07:00:00Z|-1,2024-05-01,2024H1,2024-05,-1,SHORT,LONDON,2024-05-01 07:00:00+00:00,2024-05-01 07:15:00+00:00,2024-05-01 10:15:00+00:00,157.977,157.685,29.20000000000016,0.8000000000009777,0.027397260274005936,157.971,157.985,157.936,157.948,2024-05-01 07:04:03.105000+00:00,0.8000000000009777,2024-05-01 07:15:00+00:00,2024-05-01 07:04:03.209000+00:00,0.104,0.456,7,True,2024-05-01 07:15:00.882000+00:00,157.947,157.954,4.900000000000659,5.500000000000682,0.45,1.6999999999995907,4.205636416970631,2024-05-01 06:59:55.994000+00:00,1,247.111,3356.895,0.7000000000005002,2024-05-01 10:15:03.973000+00:00,157.901,157.905,4.200000000000159,42.00000000000159,7.599999999999341,-3.8000000000010914,2548.306,5125.88,2.7000000000015234,0.20000000000095497,1.8000000000000682,0.20000000000095497,1.8000000000000682,4.200000000000159,False,False,True,NEITHER,36.000000000001364,33.999999999991815,2024-05-01 05:00:00+00:00,2024-05-01 04:00:00+00:00,157.53326033340778,156.72863570814928,80.46246252584979,Up,Up,Up,2024-04-05 21:00:00+00:00,608.0,2024-04-05 21:00:00+00:00,2024-04-30 21:00:00+00:00,2024-04-30 00:00:00+00:00,156.54265582567444,154.14824281934136,239.44130063330817,Up,Up,Up,2024-03-19 21:00:00+00:00,1008.0,2024-03-19 21:00:00+00:00,0.104,0.8000000000009777
RAW|2024-05-02|2024-05-02T09:00:00Z|1,2024-05-02,2024H1,2024-05,1,LONG,LONDON,2024-05-02 09:00:00+00:00,2024-05-02 09:15:00+00:00,2024-05-02 12:15:00+00:00,156.283,155.163,111.99999999999761,14.200000000002433,0.1267857142857387,155.146,155.195,155.021,155.185,2024-05-02 09:00:00.072000+00:00,14.200000000002433,2024-05-02 09:15:00+00:00,2024-05-02 09:00:34.705000+00:00,34.633,2.048,4,True,2024-05-02 09:15:00.131000+00:00,155.185,155.193,13.000000000002387,17.500000000001137,3.9,16.100000000000136,23.7257012365781,2024-05-02 06:16:39.813000+00:00,1,9800.259,-3600.072,0.8000000000009777,2024-05-02 12:15:00.089000+00:00,154.651,154.658,-54.20000000000016,-542.0000000000016,15.799999999998704,-57.30000000000075,4485.107,10757.203,-2.7000000000015234,4.899999999997817,4.899999999997817,9.799999999998477,-5.400000000000205,,False,False,True,TP_FIRST,-525.999999999982,-544.9999999999875,2024-05-02 09:00:00+00:00,2024-05-02 08:00:00+00:00,156.00763313093242,156.51812732547165,-51.049419453923406,Down,Down,Down,2024-05-02 01:00:00+00:00,8.0,2024-05-02 01:00:00+00:00,2024-05-01 21:00:00+00:00,2024-05-01 00:00:00+00:00,155.9761827326246,154.18118339379407,179.4999338830536,Up,Up,Up,2024-03-19 21:00:00+00:00,1032.0,2024-03-19 21:00:00+00:00,34.633,14.200000000002433
RAW|2024-05-03|2024-05-03T14:15:00Z|1,2024-05-03,2024H1,2024-05,1,LONG,LONDON_NY_OVERLAP,2024-05-03 14:15:00+00:00,2024-05-03 14:30:00+00:00,2024-05-03 17:30:00+00:00,153.446,152.748,69.80000000000075,9.000000000000341,0.12893982808023272,152.683,152.944,152.658,152.883,2024-05-03 14:15:00.150000+00:00,9.000000000000341,2024-05-03 14:30:00+00:00,2024-05-03 14:16:19.948000+00:00,79.798,6.771,2,True,2024-05-03 14:30:00.044000+00:00,152.881,152.885,-32.29999999999791,59.499999999999886,5.0,17.499999999998295,55.70677415478865,2024-05-03 01:55:48.698000+00:00,1,44351.452,-22500.15,0.39999999999906777,2024-05-03 17:30:00.077000+00:00,152.891,152.895,0.6000000000000227,6.000000000000227,18.80000000000166,-14.900000000000091,949.734,4384.951,4.000000000002046,8.200000000002206,0.6000000000000227,1.9000000000005457,-12.600000000000477,0.6000000000000227,False,False,True,TP_ONLY,24.00000000000091,25.999999999982037,2024-05-03 13:00:00+00:00,2024-05-03 12:00:00+00:00,153.2381598657922,155.06214305601685,-182.39831902246522,Down,Down,Down,2024-05-02 01:00:00+00:00,36.0,2024-05-02 01:00:00+00:00,2024-05-02 21:00:00+00:00,2024-05-02 00:00:00+00:00,155.28670195187473,154.13172872229057,115.4973229584158,Up,Up,Up,2024-03-19 21:00:00+00:00,1056.0,2024-03-19 21:00:00+00:00,79.798,9.000000000000341
RAW|2024-05-07|2024-05-07T17:15:00Z|-1,2024-05-07,2024H1,2024-05,-1,SHORT,NEW_YORK,2024-05-07 17:15:00+00:00,2024-05-07 17:30:00+00:00,2024-05-07 20:30:00+00:00,154.649,153.87,77.89999999999964,2.2999999999996135,0.029525032092421362,154.581,154.672,154.575,154.598,2024-05-07 17:17:40.052000+00:00,2.2999999999996135,2024-05-07 17:30:00+00:00,2024-05-07 17:17:54.633000+00:00,14.581,2.6879999999999997,9,True,2024-05-07 17:30:00.028000+00:00,154.598,154.602,18.200000000001637,18.500000000000227,2.6,9.700000000000841,21.645461025396113,2024-05-07 04:38:45.974000+00:00,1,45534.078,-33460.052,0.39999999999906777,2024-05-07 20:30:00.096000+00:00,154.661,154.666,-6.799999999998363,-67.99999999998363,2.7000000000015234,-15.399999999999636,65.306,4216.037,-0.699999999997658,-1.8999999999977035,-5.3999999999973625,-6.699999999997885,-9.999999999999432,-6.799999999998363,False,False,True,NEITHER,-64.99999999999773,-63.99999999999295,2024-05-07 17:00:00+00:00,2024-05-07 16:00:00+00:00,154.27451685234703,154.35257272230584,-7.805586995880276,Down,Down,Down,2024-05-02 01:00:00+00:00,136.0,2024-05-02 01:00:00+00:00,2024-05-06 21:00:00+00:00,2024-05-06 00:00:00+00:00,154.42603160809935,154.03064399054676,39.53876175525863,Up,Up,Up,2024-03-19 21:00:00+00:00,1152.0,2024-03-19 21:00:00+00:00,14.581,2.2999999999996135
RAW|2024-05-08|2024-05-08T07:15:00Z|-1,2024-05-08,2024H1,2024-05,-1,SHORT,LONDON,2024-05-08 07:15:00+00:00,2024-05-08 07:30:00+00:00,2024-05-08 10:30:00+00:00,155.277,154.688,58.899999999999864,4.700000000002547,0.07979626485573103,155.306,155.324,155.256,155.266,2024-05-08 07:15:00.038000+00:00,4.700000000002547,2024-05-08 07:30:00+00:00,2024-05-08 07:20:26.024000+00:00,325.986,0.82,7,True,2024-05-08 07:30:00.532000+00:00,155.27,155.275,4.600000000002069,10.400000000001342,0.7333333333333333,3.499999999999659,9.574324122659515,2024-05-08 06:23:11.020000+00:00,1,3109.018,2699.962,0.49999999999954525,2024-05-08 10:30:00.078000+00:00,155.362,155.365,-9.499999999999886,-94.99999999999886,6.400000000002137,-24.59999999999809,72.671,6452.588,-0.39999999999906777,-3.499999999999659,-6.299999999998818,-15.299999999999159,-13.299999999998136,,False,False,True,SL_ONLY,-92.00000000001296,-104.00000000001342,2024-05-08 05:00:00+00:00,2024-05-08 04:00:00+00:00,154.71640993161333,154.4800853959869,23.632453562643718,Up,Up,Up,2024-05-07 21:00:00+00:00,8.0,2024-05-07 21:00:00+00:00,2024-05-07 21:00:00+00:00,2024-05-07 00:00:00+00:00,154.49830829149954,154.08251247130303,41.57958201965073,Up,Up,Up,2024-03-19 21:00:00+00:00,1176.0,2024-03-19 21:00:00+00:00,325.986,4.700000000002547
RAW|2024-05-09|2024-05-09T07:30:00Z|-1,2024-05-09,2024H1,2024-05,-1,SHORT,LONDON,2024-05-09 07:30:00+00:00,2024-05-09 07:45:00+00:00,2024-05-09 10:45:00+00:00,155.821,155.152,66.90000000000111,0.10000000000047748,0.001494768310918921,155.801,155.822,155.765,155.816,2024-05-09 07:40:08.117000+00:00,0.10000000000047748,2024-05-09 07:45:00+00:00,2024-05-09 07:40:08.782000+00:00,0.665,4.632,1,True,2024-05-09 07:45:00.460000+00:00,155.814,155.822,3.0000000000001137,5.700000000001637,1.4833333333333334,5.100000000001614,9.792256887930337,2024-05-09 06:57:21.626000+00:00,1,2566.491,1191.883,0.8000000000009777,2024-05-09 10:45:00.124000+00:00,155.891,155.895,-8.100000000001728,-81.00000000001728,2.400000000000091,-13.900000000001,526.499,7975.701,-1.9000000000005457,-2.000000000001023,-3.6000000000001364,-3.4000000000020236,-10.400000000001342,,False,False,True,NEITHER,-78.00000000000296,-76.00000000002183,2024-05-09 05:00:00+00:00,2024-05-09 04:00:00+00:00,155.4465635677435,154.89987928926965,54.66842784738617,Up,Up,Up,2024-05-07 21:00:00+00:00,32.0,2024-05-07 21:00:00+00:00,2024-05-08 21:00:00+00:00,2024-05-08 00:00:00+00:00,154.7750773510711,154.1932714735988,58.18058774723056,Up,Up,Up,2024-03-19 21:00:00+00:00,1200.0,2024-03-19 21:00:00+00:00,0.665,0.10000000000047748
RAW|2024-05-10|2024-05-10T07:30:00Z|-1,2024-05-10,2024H1,2024-05,-1,SHORT,LONDON,2024-05-10 07:30:00+00:00,2024-05-10 07:45:00+00:00,2024-05-10 10:45:00+00:00,155.772,155.358,41.39999999999873,0.7000000000005002,0.016908212560399077,155.738,155.779,155.728,155.742,2024-05-10 07:42:39.244000+00:00,0.7000000000005002,2024-05-10 07:45:00+00:00,2024-05-10 07:42:41.035000+00:00,1.791,138.965,0,False,2024-05-10 07:45:00.496000+00:00,155.741,155.748,3.4000000000020236,4.800000000000182,1.2833333333333334,3.2000000000010687,13.95939823229617,2024-05-10 02:59:39.841000+00:00,1,16979.403,1040.756,0.699999999997658,2024-05-10 10:45:00.143000+00:00,155.753,155.757,-1.5999999999991132,-15.999999999991132,11.700000000001864,-2.2999999999996135,1655.429,10691.131,0.8000000000009777,4.900000000000659,7.70000000000266,1.8000000000000682,2.200000000001978,,False,False,False,TP_ONLY,-15.999999999991132,-15.999999999991132,2024-05-10 05:00:00+00:00,2024-05-10 04:00:00+00:00,155.58640105522352,155.1858799262012,40.052112902230874,Up,Up,Up,2024-05-07 21:00:00+00:00,56.0,2024-05-07 21:00:00+00:00,2024-05-09 21:00:00+00:00,2024-05-09 00:00:00+00:00,154.96391239362222,154.29268975571088,67.12226379113417,Up,Up,Up,2024-03-19 21:00:00+00:00,1224.0,2024-03-19 21:00:00+00:00,1.791,0.7000000000005002
RAW|2024-05-14|2024-05-14T12:30:00Z|-1,2024-05-14,2024H1,2024-05,-1,SHORT,LONDON_NY_OVERLAP,2024-05-14 12:30:00+00:00,2024-05-14 12:45:00+00:00,2024-05-14 15:45:00+00:00,156.542,156.223,31.89999999999884,24.099999999998545,0.7554858934169097,156.45,156.783,156.45,156.53,2024-05-14 12:30:01.614000+00:00,24.099999999998545,2024-05-14 12:45:00+00:00,2024-05-14 12:38:27.129000+00:00,505.515,0.105,8,True,2024-05-14 12:45:00.091000+00:00,156.531,156.536,12.899999999999068,13.999999999998636,1.7166666666666666,13.49999999999909,5.157017578720783,2024-05-14 06:12:02.149000+00:00,1,22679.465,-16201.614,0.49999999999954525,2024-05-14 15:45:00.120000+00:00,156.495,156.499,3.2000000000010687,32.00000000001069,29.50000000000159,-12.999999999999545,2190.217,1037.509,-3.0000000000001137,-5.500000000000682,13.800000000000523,9.100000000000819,12.90000000000191,3.2000000000010687,True,False,True,TP_ONLY,55.00000000000682,81.00000000001728,2024-05-14 09:00:00+00:00,2024-05-14 08:00:00+00:00,156.2559734064611,155.77625458713013,47.97188193309694,Up,Up,Up,2024-05-07 21:00:00+00:00,156.0,2024-05-07 21:00:00+00:00,2024-05-13 21:00:00+00:00,2024-05-13 00:00:00+00:00,155.47832264980727,154.5529422092337,92.53804405735764,Up,Up,Up,2024-03-19 21:00:00+00:00,1320.0,2024-03-19 21:00:00+00:00,505.515,24.099999999998545
RAW|2024-05-17|2024-05-17T08:30:00Z|-1,2024-05-17,2024H1,2024-05,-1,SHORT,LONDON,2024-05-17 08:30:00+00:00,2024-05-17 08:45:00+00:00,2024-05-17 11:45:00+00:00,155.927,155.348,57.89999999999793,5.000000000001137,0.08635578583767384,155.879,155.977,155.879,155.916,2024-05-17 08:34:14.643000+00:00,5.000000000001137,2024-05-17 08:45:00+00:00,2024-05-17 08:34:15.461000+00:00,0.818,4.135,3,True,2024-05-17 08:45:00.172000+00:00,155.915,155.921,4.099999999999682,8.00000000000125,1.6833333333333333,5.60000000000116,23.747307863725787,2024-05-17 02:32:00.659000+00:00,1,21733.984,-2054.643,0.6000000000000227,2024-05-17 11:45:13.855000+00:00,155.877,155.88,3.499999999999659,34.99999999999659,13.299999999998136,-2.800000000002001,3539.909,246.019,-1.0000000000019327,4.399999999998272,1.099999999999568,10.999999999998522,2.6999999999986812,3.499999999999659,False,False,True,TP_ONLY,37.00000000000614,37.00000000000614,2024-05-17 05:00:00+00:00,2024-05-17 04:00:00+00:00,155.3598590692501,155.41556571827869,-5.570664902859335,Down,Down,Down,2024-05-15 13:00:00+00:00,40.0,2024-05-15 13:00:00+00:00,2024-05-16 21:00:00+00:00,2024-05-16 00:00:00+00:00,155.454589886956,154.7658381990238,68.87516879322106,Up,Up,Up,2024-03-19 21:00:00+00:00,1392.0,2024-03-19 21:00:00+00:00,0.818,5.000000000001137
RAW|2024-05-17|2024-05-17T14:45:00Z|1,2024-05-17,2024H1,2024-05,1,LONG,LONDON_NY_OVERLAP,2024-05-17 14:45:00+00:00,2024-05-17 15:00:00+00:00,2024-05-17 18:00:00+00:00,155.927,155.348,57.89999999999793,0.6000000000000227,0.010362694300518898,155.436,155.478,155.342,155.403,2024-05-17 14:56:52.468000+00:00,0.6000000000000227,2024-05-17 15:00:00+00:00,2024-05-17 14:56:52.807000+00:00,0.339,1.524,4,True,2024-05-17 15:00:00.229000+00:00,155.404,155.409,21.50000000000034,22.999999999998977,2.716666666666667,13.300000000000978,23.747307863725787,2024-05-17 00:05:43.243000+00:00,1,53469.225,-25012.468,0.49999999999954525,2024-05-17 18:00:00.012000+00:00,155.664,155.668,25.499999999999545,254.99999999999545,27.800000000002,-16.19999999999777,10310.063,316.386,-11.899999999999977,4.400000000001114,2.5000000000005684,15.900000000002024,21.50000000000034,,True,False,True,TP_ONLY,251.99999999998113,252.9999999999859,2024-05-17 13:00:00+00:00,2024-05-17 12:00:00+00:00,155.5844995251276,155.4782052239511,10.629430117649008,Up,Up,Up,2024-05-17 09:00:00+00:00,4.0,2024-05-17 09:00:00+00:00,2024-05-16 21:00:00+00:00,2024-05-16 00:00:00+00:00,155.454589886956,154.7658381990238,68.87516879322106,Up,Up,Up,2024-03-19 21:00:00+00:00,1392.0,2024-03-19 21:00:00+00:00,0.339,0.6000000000000227
RAW|2024-05-20|2024-05-20T07:30:00Z|1,2024-05-20,2024H1,2024-05,1,LONG,LONDON,2024-05-20 07:30:00+00:00,2024-05-20 07:45:00+00:00,2024-05-20 10:45:00+00:00,155.935,155.64,29.50000000000159,9.999999999999432,0.3389830508474201,155.541,155.685,155.54,155.668,2024-05-20 07:30:01.285000+00:00,9.999999999999432,2024-05-20 07:45:00+00:00,2024-05-20 07:38:06.108000+00:00,484.823,57.891,1,True,2024-05-20 07:45:00.101000+00:00,155.67,155.672,9.499999999999886,16.200000000000614,1.2666666666666666,8.500000000000796,6.078042407910115,2024-05-20 05:54:09.888000+00:00,1,5751.397,1798.715,0.20000000000095497,2024-05-20 10:45:07.165000+00:00,155.699,155.703,2.7000000000015234,27.000000000015234,11.299999999999955,-3.8000000000010914,2212.271,5956.68,-0.10000000000047748,6.100000000000705,8.899999999999864,3.100000000000591,-0.10000000000047748,2.7000000000015234,False,False,True,TP_ONLY,27.000000000015234,25.000000000005684,2024-05-20 05:00:00+00:00,2024-05-20 04:00:00+00:00,155.7026748035005,155.5479286017938,15.47462017067005,Up,Up,Up,2024-05-17 09:00:00+00:00,68.0,2024-05-17 09:00:00+00:00,2024-05-17 21:00:00+00:00,2024-05-17 00:00:00+00:00,155.49699277639715,154.83281114310188,66.41816332952715,Up,Up,Up,2024-03-19 21:00:00+00:00,1416.0,2024-03-19 21:00:00+00:00,484.823,9.999999999999432
RAW|2024-05-20|2024-05-20T12:15:00Z|-1,2024-05-20,2024H1,2024-05,-1,SHORT,LONDON_NY_OVERLAP,2024-05-20 12:15:00+00:00,2024-05-20 12:30:00+00:00,2024-05-20 15:30:00+00:00,155.935,155.64,29.50000000000159,2.600000000001046,0.08813559322036968,155.829,155.961,155.815,155.934,2024-05-20 12:25:31.693000+00:00,2.600000000001046,2024-05-20 12:30:00+00:00,2024-05-20 12:25:31.797000+00:00,0.104,0.308,24,True,2024-05-20 12:30:00.266000+00:00,155.935,155.939,10.699999999999932,12.300000000001887,2.1,9.800000000001319,6.078042407910115,2024-05-20 01:02:57.157000+00:00,1,40954.536,-15931.693,0.39999999999906777,2024-05-20 15:30:00.119000+00:00,156.059,156.066,-13.100000000000023,-131.00000000000023,1.6999999999995907,-29.90000000000066,369.342,1023.235,-1.5999999999991132,-26.400000000001,-22.700000000000387,-19.499999999999318,-20.400000000000773,,False,False,True,SL_ONLY,-114.00000000000432,-120.00000000000455,2024-05-20 09:00:00+00:00,2024-05-20 08:00:00+00:00,155.6967677167861,155.5586543136503,13.811340313580445,Up,Up,Up,2024-05-17 09:00:00+00:00,72.0,2024-05-17 09:00:00+00:00,2024-05-17 21:00:00+00:00,2024-05-17 00:00:00+00:00,155.49699277639715,154.83281114310188,66.41816332952715,Up,Up,Up,2024-03-19 21:00:00+00:00,1416.0,2024-03-19 21:00:00+00:00,0.104,2.600000000001046
RAW|2024-05-21|2024-05-21T07:15:00Z|1,2024-05-21,2024H1,2024-05,1,LONG,LONDON,2024-05-21 07:15:00+00:00,2024-05-21 07:30:00+00:00,2024-05-21 10:30:00+00:00,156.545,156.103,44.199999999997885,7.500000000001705,0.16968325791859873,156.083,156.132,156.028,156.108,2024-05-21 07:15:00.256000+00:00,7.500000000001705,2024-05-21 07:30:00+00:00,2024-05-21 07:15:37.292000+00:00,37.036,4.382,10,True,2024-05-21 07:30:00.099000+00:00,156.107,156.113,16.200000000000614,22.299999999998477,2.1666666666666665,10.899999999998045,23.26945153294274,2024-05-21 06:09:07.762000+00:00,1,3952.494,2699.744,0.6000000000000227,2024-05-21 10:30:00.094000+00:00,156.182,156.188,6.89999999999884,68.9999999999884,18.000000000000682,-3.2000000000010687,4843.328,686.909,2.000000000001023,-0.7000000000005002,11.7999999999995,9.299999999998931,2.6999999999986812,,False,False,True,TP_ONLY,65.99999999997408,63.99999999999295,2024-05-21 05:00:00+00:00,2024-05-21 04:00:00+00:00,156.2151004411826,155.80754037054294,40.75600706396756,Up,Up,Up,2024-05-17 09:00:00+00:00,92.0,2024-05-17 09:00:00+00:00,2024-05-20 21:00:00+00:00,2024-05-20 00:00:00+00:00,155.70899484028368,154.94530625165373,76.36885886299467,Up,Up,Up,2024-03-19 21:00:00+00:00,1488.0,2024-03-19 21:00:00+00:00,37.036,7.500000000001705
RAW|2024-05-22|2024-05-22T08:30:00Z|-1,2024-05-22,2024H1,2024-05,-1,SHORT,LONDON,2024-05-22 08:30:00+00:00,2024-05-22 08:45:00+00:00,2024-05-22 11:45:00+00:00,156.471,156.139,33.19999999999936,2.2999999999996135,0.06927710843372463,156.49,156.494,156.409,156.451,2024-05-22 08:30:00.098000+00:00,2.2999999999996135,2024-05-22 08:45:00+00:00,2024-05-22 08:30:09.578000+00:00,9.48,0.051,21,True,2024-05-22 08:45:00.136000+00:00,156.451,156.458,9.400000000002251,12.09999999999809,2.25,12.09999999999809,5.673402011940523,2024-05-22 06:32:26.560000+00:00,1,7053.538,-1800.098,0.7000000000005002,2024-05-22 11:45:02.243000+00:00,156.595,156.599,-14.799999999999613,-147.99999999999613,5.400000000000205,-15.100000000001046,4678.49,10745.629,0.6000000000000227,-3.100000000000591,-3.4000000000020236,-1.0000000000019327,0.899999999998613,-14.799999999999613,False,False,True,NEITHER,-146.99999999999136,-146.99999999999136,2024-05-22 05:00:00+00:00,2024-05-22 04:00:00+00:00,156.25064349372693,155.97647677238768,27.41667213392418,Up,Up,Up,2024-05-17 09:00:00+00:00,116.0,2024-05-17 09:00:00+00:00,2024-05-21 21:00:00+00:00,2024-05-21 00:00:00+00:00,155.8341391716312,155.04144175152143,79.26974201097607,Up,Up,Up,2024-03-19 21:00:00+00:00,1512.0,2024-03-19 21:00:00+00:00,9.48,2.2999999999996135
RAW|2024-05-23|2024-05-23T07:15:00Z|1,2024-05-23,2024H1,2024-05,1,LONG,LONDON,2024-05-23 07:15:00+00:00,2024-05-23 07:30:00+00:00,2024-05-23 10:30:00+00:00,156.902,156.576,32.59999999999934,1.999999999998181,0.06134969325147919,156.661,156.661,156.556,156.623,2024-05-23 07:15:01.548000+00:00,1.999999999998181,2024-05-23 07:30:00+00:00,2024-05-23 07:15:02.839000+00:00,1.291,62.034,16,True,2024-05-23 07:30:00.035000+00:00,156.622,156.63,7.900000000000773,12.300000000001887,1.1333333333333333,11.600000000001387,6.073665551867382,2024-05-23 06:32:34.250000+00:00,1,2547.298,2698.452,0.7999999999981355,2024-05-23 10:30:02.527000+00:00,156.697,156.702,6.700000000000728,67.00000000000728,16.100000000000136,-3.6000000000001364,2867.029,91.13,0.39999999999906777,7.099999999999795,12.700000000000955,14.000000000001478,7.900000000000773,6.700000000000728,True,False,False,TP_ONLY,45.99999999999227,54.000000000002046,2024-05-23 05:00:00+00:00,2024-05-23 04:00:00+00:00,156.62963789398538,156.24057869403862,38.90591999467574,Up,Up,Up,2024-05-17 09:00:00+00:00,140.0,2024-05-17 09:00:00+00:00,2024-05-22 21:00:00+00:00,2024-05-22 00:00:00+00:00,156.10124226545085,155.17964641139972,92.15958540511338,Up,Up,Up,2024-03-19 21:00:00+00:00,1536.0,2024-03-19 21:00:00+00:00,1.291,1.999999999998181
RAW|2024-05-23|2024-05-23T18:00:00Z|-1,2024-05-23,2024H1,2024-05,-1,SHORT,NEW_YORK,2024-05-23 18:00:00+00:00,2024-05-23 18:15:00+00:00,2024-05-23 21:15:00+00:00,156.902,156.576,32.59999999999934,6.000000000000227,0.18404907975461193,156.941,156.962,156.848,156.857,2024-05-23 18:00:00.055000+00:00,6.000000000000227,2024-05-23 18:15:00+00:00,2024-05-23 18:05:09.323000+00:00,309.268,0.053,4,True,2024-05-23 18:15:00.295000+00:00,156.857,156.86,-2.400000000000091,5.500000000000682,0.65,2.5000000000005684,6.073665551867382,2024-05-23 01:10:31.487000+00:00,1,60568.568,-36000.055,0.30000000000143245,2024-05-23 21:15:00.067000+00:00,156.927,156.946,-8.899999999999864,-88.99999999999864,2.5000000000005684,-13.599999999999568,1031.132,10510.652,-0.39999999999906777,-0.7000000000005002,-5.400000000000205,-5.299999999999727,-3.499999999999659,,False,False,True,NEITHER,-90.00000000000341,-90.00000000000341,2024-05-23 17:00:00+00:00,2024-05-23 16:00:00+00:00,156.79178640451363,156.37747961410355,41.430679041008034,Up,Up,Up,2024-05-17 09:00:00+00:00,152.0,2024-05-17 09:00:00+00:00,2024-05-22 21:00:00+00:00,2024-05-22 00:00:00+00:00,156.10124226545085,155.17964641139972,92.15958540511338,Up,Up,Up,2024-03-19 21:00:00+00:00,1536.0,2024-03-19 21:00:00+00:00,309.268,6.000000000000227
RAW|2024-05-24|2024-05-24T14:00:00Z|1,2024-05-24,2024H1,2024-05,1,LONG,LONDON_NY_OVERLAP,2024-05-24 14:00:00+00:00,2024-05-24 14:15:00+00:00,2024-05-24 17:15:00+00:00,157.145,156.92,22.500000000002274,0.7999999999981355,0.0355555555554691,157.057,157.061,156.912,156.928,2024-05-24 14:14:49.141000+00:00,0.7999999999981355,2024-05-24 14:15:00+00:00,2024-05-24 14:14:53.049000+00:00,3.908,0.106,3,True,2024-05-24 14:15:00.542000+00:00,156.931,156.935,14.599999999998658,16.499999999999204,2.716666666666667,7.200000000000273,10.692746054278778,2024-05-24 00:06:20.526000+00:00,1,50908.615,-22489.141,0.39999999999906777,2024-05-24 17:15:12.974000+00:00,156.894,156.898,-4.099999999999682,-40.99999999999682,9.199999999998454,-11.50000000000091,997.512,8175.918,4.200000000000159,6.799999999998363,5.000000000001137,0.0,-7.900000000000773,-4.099999999999682,False,False,True,NEITHER,-42.00000000000159,-40.99999999999682,2024-05-24 13:00:00+00:00,2024-05-24 12:00:00+00:00,156.99358472744126,156.59810281286434,39.54819145769193,Up,Up,Up,2024-05-17 09:00:00+00:00,172.0,2024-05-17 09:00:00+00:00,2024-05-23 21:00:00+00:00,2024-05-23 00:00:00+00:00,156.32374447532203,155.31567469848775,100.80697768342759,Up,Up,Up,2024-03-19 21:00:00+00:00,1560.0,2024-03-19 21:00:00+00:00,3.908,0.7999999999981355
RAW|2024-05-27|2024-05-27T07:15:00Z|-1,2024-05-27,2024H1,2024-05,-1,SHORT,LONDON,2024-05-27 07:15:00+00:00,2024-05-27 07:30:00+00:00,2024-05-27 10:30:00+00:00,156.926,156.661,26.499999999998636,0.8000000000009777,0.030188679245321468,156.858,156.934,156.858,156.92,2024-05-27 07:28:20.027000+00:00,0.8000000000009777,2024-05-27 07:30:00+00:00,2024-05-27 07:28:22.924000+00:00,2.8970000000000002,6.09,1,True,2024-05-27 07:30:00.003000+00:00,156.921,156.923,8.00000000000125,8.199999999999363,1.4833333333333334,6.60000000000025,11.658732048118434,2024-05-27 00:47:47.786000+00:00,1,24032.241,1899.973,0.20000000000095497,2024-05-27 10:30:00.419000+00:00,156.883,156.886,3.499999999999659,34.99999999999659,7.200000000000273,-4.099999999999682,9510.013,903.946,1.9000000000005457,-4.099999999999682,0.899999999998613,4.4999999999987494,0.9999999999990905,3.499999999999659,False,False,True,NEITHER,39.00000000001569,39.00000000001569,2024-05-27 05:00:00+00:00,2024-05-27 04:00:00+00:00,156.8802684109333,156.67181243201225,20.84559789210516,Up,Up,Up,2024-05-17 09:00:00+00:00,236.0,2024-05-17 09:00:00+00:00,2024-05-24 21:00:00+00:00,2024-05-24 00:00:00+00:00,156.50067462523003,155.44586072260876,105.48139026212766,Up,Up,Up,2024-03-19 21:00:00+00:00,1584.0,2024-03-19 21:00:00+00:00,2.8970000000000002,0.8000000000009777
RAW|2024-05-28|2024-05-28T08:30:00Z|-1,2024-05-28,2024H1,2024-05,-1,SHORT,LONDON,2024-05-28 08:30:00+00:00,2024-05-28 08:45:00+00:00,2024-05-28 11:45:00+00:00,156.928,156.618,31.000000000000227,2.600000000001046,0.0838709677419686,156.913,156.954,156.89,156.921,2024-05-28 08:34:53.036000+00:00,2.600000000001046,2024-05-28 08:45:00+00:00,2024-05-28 08:34:54.003000+00:00,0.967,8.975,3,True,2024-05-28 08:45:00.123000+00:00,156.921,156.928,2.5000000000005684,3.900000000001569,1.35,3.900000000001569,10.179995269403708,2024-05-28 01:00:06.355000+00:00,1,27286.681,-2093.036,0.7000000000005002,2024-05-28 11:45:02.487000+00:00,156.8,156.805,11.599999999998545,115.99999999998545,14.599999999998658,-7.699999999999818,10700.344,2758.477,4.4999999999987494,4.699999999999704,-1.6000000000019554,-2.7000000000015234,6.499999999999773,11.599999999998545,False,False,True,TP_ONLY,125.0,117.999999999995,2024-05-28 05:00:00+00:00,2024-05-28 04:00:00+00:00,156.81834310466587,156.73576202672615,8.258107793972158,Up,Up,Up,2024-05-17 09:00:00+00:00,260.0,2024-05-17 09:00:00+00:00,2024-05-27 21:00:00+00:00,2024-05-27 00:00:00+00:00,156.58933901802146,155.55507186480006,103.4267153221407,Up,Up,Up,2024-03-19 21:00:00+00:00,1656.0,2024-03-19 21:00:00+00:00,0.967,2.600000000001046
RAW|2024-05-28|2024-05-28T13:15:00Z|1,2024-05-28,2024H1,2024-05,1,LONG,LONDON_NY_OVERLAP,2024-05-28 13:15:00+00:00,2024-05-28 13:30:00+00:00,2024-05-28 16:30:00+00:00,156.928,156.618,31.000000000000227,3.8999999999987267,0.12580645161286122,156.69,156.693,156.579,156.639,2024-05-28 13:20:33.765000+00:00,3.8999999999987267,2024-05-28 13:30:00+00:00,2024-05-28 13:20:58.071000+00:00,24.306,0.102,22,True,2024-05-28 13:30:00.081000+00:00,156.639,156.646,7.600000000002183,9.000000000000341,2.9166666666666665,7.600000000002183,10.179995269403708,2024-05-28 04:02:49.032000+00:00,1,33464.733,-19233.765,0.699999999997658,2024-05-28 16:30:00.129000+00:00,156.942,156.947,29.60000000000207,296.0000000000207,31.30000000000166,-3.499999999999659,3655.555,207.613,-0.7999999999981355,8.200000000002206,16.70000000000016,29.50000000000159,28.90000000000157,29.60000000000207,True,True,True,TP_ONLY,294.00000000001114,286.00000000000136,2024-05-28 13:00:00+00:00,2024-05-28 12:00:00+00:00,156.78829750238054,156.74086737942105,4.743012295949711,Up,Up,Up,2024-05-17 09:00:00+00:00,268.0,2024-05-17 09:00:00+00:00,2024-05-27 21:00:00+00:00,2024-05-27 00:00:00+00:00,156.58933901802146,155.55507186480006,103.4267153221407,Up,Up,Up,2024-03-19 21:00:00+00:00,1656.0,2024-03-19 21:00:00+00:00,24.306,3.8999999999987267
RAW|2024-05-30|2024-05-30T07:15:00Z|1,2024-05-30,2024H1,2024-05,1,LONG,LONDON,2024-05-30 07:15:00+00:00,2024-05-30 07:30:00+00:00,2024-05-30 10:30:00+00:00,157.625,156.701,92.40000000000066,14.900000000000091,0.1612554112554111,156.557,156.822,156.552,156.812,2024-05-30 07:15:00.376000+00:00,14.900000000000091,2024-05-30 07:30:00+00:00,2024-05-30 07:22:12.881000+00:00,432.505,25.388,1,True,2024-05-30 07:30:00.334000+00:00,156.812,156.819,18.200000000001637,21.100000000001273,3.533333333333333,9.499999999999886,13.669286120053117,2024-05-30 06:45:35.351000+00:00,1,1765.025,2699.624,0.699999999997658,2024-05-30 10:30:00.524000+00:00,157.002,157.006,18.300000000002115,183.00000000002115,29.300000000000637,-3.8999999999987267,3973.084,99.835,3.300000000001546,9.800000000001319,14.700000000001978,21.30000000000223,7.500000000001705,18.300000000002115,False,False,False,TP_ONLY,188.0000000000166,191.0000000000025,2024-05-30 05:00:00+00:00,2024-05-30 04:00:00+00:00,157.32261104256494,157.06317565215883,25.943539040611086,Up,Up,Up,2024-05-17 09:00:00+00:00,308.0,2024-05-17 09:00:00+00:00,2024-05-29 21:00:00+00:00,2024-05-29 00:00:00+00:00,156.99721378470483,155.8371696263668,116.00441583380245,Up,Up,Up,2024-03-19 21:00:00+00:00,1704.0,2024-03-19 21:00:00+00:00,432.505,14.900000000000091
RAW|2024-05-31|2024-05-31T07:15:00Z|-1,2024-05-31,2024H1,2024-05,-1,SHORT,LONDON,2024-05-31 07:15:00+00:00,2024-05-31 07:30:00+00:00,2024-05-31 10:30:00+00:00,157.023,156.571,45.19999999999982,3.6000000000001364,0.07964601769911839,157.04,157.059,157.0,157.004,2024-05-31 07:15:00.133000+00:00,3.6000000000001364,2024-05-31 07:30:00+00:00,2024-05-31 07:16:55.390000+00:00,115.257,6.8,17,True,2024-05-31 07:30:01.179000+00:00,157.007,157.012,11.400000000000432,11.700000000001864,1.3833333333333333,5.100000000001614,21.658960290042565,2024-05-31 00:02:34.130000+00:00,1,25946.003,2699.867,0.49999999999954525,2024-05-31 10:30:00.954000+00:00,157.306,157.308,-30.099999999998772,-300.9999999999877,-0.49999999999954525,-36.299999999999955,0.0,9114.781,-8.29999999999984,-8.899999999999864,-14.300000000000068,-21.699999999998454,-30.099999999998772,,False,False,True,SL_ONLY,-288.99999999998727,-299.99999999998295,2024-05-31 05:00:00+00:00,2024-05-31 04:00:00+00:00,156.81443659988676,156.93965396567856,-12.521736579179787,Down,Down,Down,2024-05-30 17:00:00+00:00,12.0,2024-05-30 17:00:00+00:00,2024-05-30 21:00:00+00:00,2024-05-30 00:00:00+00:00,156.9414384176463,155.91435605625747,102.70823613888354,Up,Up,Up,2024-03-19 21:00:00+00:00,1728.0,2024-03-19 21:00:00+00:00,115.257,3.6000000000001364
RAW|2024-05-31|2024-05-31T14:15:00Z|1,2024-05-31,2024H1,2024-05,1,LONG,LONDON_NY_OVERLAP,2024-05-31 14:15:00+00:00,2024-05-31 14:30:00+00:00,2024-05-31 17:30:00+00:00,157.023,156.571,45.19999999999982,1.4000000000010004,0.030973451327455888,156.635,156.69,156.557,156.648,2024-05-31 14:25:06.123000+00:00,1.4000000000010004,2024-05-31 14:30:00+00:00,2024-05-31 14:25:09.326000+00:00,3.203,2.195,4,True,2024-05-31 14:30:00.821000+00:00,156.648,156.652,1.300000000000523,12.000000000000455,2.25,11.100000000001842,21.658960290042565,2024-05-31 02:07:46.956000+00:00,1,44239.167,-23106.123,0.39999999999906777,2024-05-31 17:30:00.119000+00:00,157.238,157.241,58.60000000000127,586.0000000000127,62.60000000000048,-0.6000000000000227,3017.292,0.912,8.200000000002206,21.30000000000223,50.0,56.100000000000705,57.60000000000218,,True,True,False,TP_ONLY,574.9999999999886,563.999999999993,2024-05-31 13:00:00+00:00,2024-05-31 12:00:00+00:00,156.92459010198306,156.95918871655033,-3.4598614567272534,Down,Down,Down,2024-05-30 17:00:00+00:00,20.0,2024-05-30 17:00:00+00:00,2024-05-30 21:00:00+00:00,2024-05-30 00:00:00+00:00,156.9414384176463,155.91435605625747,102.70823613888354,Up,Up,Up,2024-03-19 21:00:00+00:00,1728.0,2024-03-19 21:00:00+00:00,3.203,1.4000000000010004
RAW|2024-06-05|2024-06-05T07:00:00Z|-1,2024-06-05,2024H1,2024-06,-1,SHORT,LONDON,2024-06-05 07:00:00+00:00,2024-06-05 07:15:00+00:00,2024-06-05 10:15:00+00:00,155.922,155.094,82.8000000000003,3.3999999999991815,0.04106280193235712,155.898,155.956,155.881,155.915,2024-06-05 07:01:01.911000+00:00,3.3999999999991815,2024-06-05 07:15:00+00:00,2024-06-05 07:01:03.183000+00:00,1.272,0.103,23,True,2024-06-05 07:15:00.164000+00:00,155.918,155.923,8.29999999999984,9.499999999999886,3.2333333333333334,6.399999999999295,12.031143418753095,2024-06-05 06:53:32.570000+00:00,1,449.341,3538.089,0.49999999999954525,2024-06-05 10:15:01.570000+00:00,156.063,156.065,-14.699999999999136,-146.99999999999136,5.299999999999727,-38.89999999999816,348.585,6855.532,1.6999999999995907,-5.799999999999272,-23.399999999998045,-19.39999999999884,-32.099999999999795,-14.699999999999136,False,False,True,SL_ONLY,-144.00000000000546,-143.00000000000068,2024-06-05 05:00:00+00:00,2024-06-05 04:00:00+00:00,155.38526415394952,156.14771975025377,-76.24555963042496,Down,Down,Down,2024-06-03 17:00:00+00:00,36.0,2024-06-03 17:00:00+00:00,2024-06-04 21:00:00+00:00,2024-06-04 00:00:00+00:00,156.20936968573116,155.93087693673505,27.849274899611487,Up,Up,Up,2024-03-19 21:00:00+00:00,1848.0,2024-03-19 21:00:00+00:00,1.272,3.3999999999991815
RAW|2024-06-06|2024-06-06T08:45:00Z|-1,2024-06-06,2024H1,2024-06,-1,SHORT,LONDON,2024-06-06 08:45:00+00:00,2024-06-06 09:00:00+00:00,2024-06-06 12:00:00+00:00,156.179,155.354,82.49999999999886,7.30000000000075,0.0884848484848588,156.252,156.252,156.118,156.16,2024-06-06 08:45:00.192000+00:00,7.30000000000075,2024-06-06 09:00:00+00:00,2024-06-06 08:51:17.128000+00:00,376.936,0.406,5,True,2024-06-06 09:00:00.512000+00:00,156.16,156.166,-10.699999999999932,14.099999999999113,0.9,7.900000000000773,16.248444293521523,2024-06-06 06:35:41.950000+00:00,1,7758.242,-2700.192,0.6000000000000227,2024-06-06 12:00:00.099000+00:00,156.191,156.194,-3.3999999999991815,-33.999999999991815,25.899999999998613,-7.500000000001705,4731.351,10277.347,-2.7999999999991587,4.4999999999987494,5.799999999999272,18.999999999999773,12.199999999998568,,False,False,True,TP_ONLY,-34.99999999999659,-36.000000000001364,2024-06-06 09:00:00+00:00,2024-06-06 08:00:00+00:00,155.91282881650054,156.08037128582018,-16.75424693196419,Down,Down,Down,2024-06-03 17:00:00+00:00,64.0,2024-06-03 17:00:00+00:00,2024-06-05 21:00:00+00:00,2024-06-05 00:00:00+00:00,156.17183548980796,155.94264678179627,22.918870801169078,Up,Up,Up,2024-03-19 21:00:00+00:00,1872.0,2024-03-19 21:00:00+00:00,376.936,7.30000000000075
RAW|2024-06-07|2024-06-07T07:30:00Z|1,2024-06-07,2024H1,2024-06,1,LONG,LONDON,2024-06-07 07:30:00+00:00,2024-06-07 07:45:00+00:00,2024-06-07 10:45:00+00:00,155.934,155.13,80.4000000000002,1.099999999999568,0.013681592039795586,155.229,155.385,155.119,155.348,2024-06-07 07:32:16.962000+00:00,1.099999999999568,2024-06-07 07:45:00+00:00,2024-06-07 07:32:26.952000+00:00,9.99,51.426,5,True,2024-06-07 07:45:00.598000+00:00,155.348,155.351,16.40000000000157,22.700000000000387,4.45,20.79999999999984,15.227036407000249,2024-06-07 06:28:02.013000+00:00,1,3854.949,1663.038,0.2999999999985903,2024-06-07 10:45:02.880000+00:00,155.504,155.509,15.299999999999159,152.9999999999916,21.399999999999864,-3.8999999999987267,1365.74,4211.919,3.8999999999987267,6.999999999999318,12.999999999999545,3.0000000000001137,5.500000000000682,15.299999999999159,True,False,False,TP_ONLY,152.9999999999916,161.99999999997772,2024-06-07 05:00:00+00:00,2024-06-07 04:00:00+00:00,155.75594371699674,155.9777331051407,-22.178938814394655,Down,Down,Down,2024-06-03 17:00:00+00:00,84.0,2024-06-03 17:00:00+00:00,2024-06-06 21:00:00+00:00,2024-06-06 00:00:00+00:00,156.00273963557711,155.9136350392526,8.910459632451762,Up,Up,Up,2024-03-19 21:00:00+00:00,1896.0,2024-03-19 21:00:00+00:00,9.99,1.099999999999568
RAW|2024-06-11|2024-06-11T07:30:00Z|-1,2024-06-11,2024H1,2024-06,-1,SHORT,LONDON,2024-06-11 07:30:00+00:00,2024-06-11 07:45:00+00:00,2024-06-11 10:45:00+00:00,157.332,157.031,30.099999999998772,3.300000000001546,0.10963455149507245,157.325,157.365,157.313,157.318,2024-06-11 07:30:26.548000+00:00,3.300000000001546,2024-06-11 07:45:00+00:00,2024-06-11 07:32:11.567000+00:00,105.019,2.787,15,True,2024-06-11 07:45:00.141000+00:00,157.319,157.323,6.900000000001683,8.500000000000796,1.2333333333333334,7.200000000000273,9.906283414050794,2024-06-11 03:02:25.102000+00:00,1,16081.446,1773.452,0.40000000000190994,2024-06-11 10:45:00.302000+00:00,157.133,157.139,17.99999999999784,179.9999999999784,20.09999999999934,-7.699999999999818,10625.991,3792.699,-2.3000000000024556,-2.5000000000005684,-3.6000000000001364,-6.400000000002137,9.299999999998931,17.99999999999784,True,False,True,TP_ONLY,183.9999999999975,189.99999999999773,2024-06-11 05:00:00+00:00,2024-06-11 04:00:00+00:00,157.06873114960027,156.57032800765555,49.84031419447206,Up,Up,Up,2024-06-07 17:00:00+00:00,84.0,2024-06-07 17:00:00+00:00,2024-06-10 21:00:00+00:00,2024-06-10 00:00:00+00:00,156.43025491611075,156.05850069722342,37.17542188873324,Up,Up,Up,2024-03-19 21:00:00+00:00,1992.0,2024-03-19 21:00:00+00:00,105.019,3.300000000001546
RAW|2024-06-11|2024-06-11T12:00:00Z|1,2024-06-11,2024H1,2024-06,1,LONG,LONDON_NY_OVERLAP,2024-06-11 12:00:00+00:00,2024-06-11 12:15:00+00:00,2024-06-11 15:15:00+00:00,157.332,157.031,30.099999999998772,5.89999999999975,0.19601328903654452,157.099,157.111,156.972,157.047,2024-06-11 12:03:21.701000+00:00,5.89999999999975,2024-06-11 12:15:00+00:00,2024-06-11 12:03:21.957000+00:00,0.256,10.89,11,True,2024-06-11 12:15:00.553000+00:00,157.046,157.048,3.900000000001569,8.29999999999984,1.5166666666666666,8.29999999999984,9.906283414050794,2024-06-11 00:00:06.590000+00:00,1,43395.111,-14601.701,0.20000000000095497,2024-06-11 15:15:00.260000+00:00,157.35,157.356,30.19999999999925,301.9999999999925,33.59999999999843,-24.500000000000455,10551.242,2492.76,1.2000000000000455,-3.3999999999991815,-13.400000000001455,-8.500000000000796,18.799999999998818,,True,True,True,SL_FIRST,304.00000000000205,304.00000000000205,2024-06-11 09:00:00+00:00,2024-06-11 08:00:00+00:00,157.11166510685734,156.6222217670431,48.94433398142439,Up,Up,Up,2024-06-07 17:00:00+00:00,88.0,2024-06-07 17:00:00+00:00,2024-06-10 21:00:00+00:00,2024-06-10 00:00:00+00:00,156.43025491611075,156.05850069722342,37.17542188873324,Up,Up,Up,2024-03-19 21:00:00+00:00,1992.0,2024-03-19 21:00:00+00:00,0.256,5.89999999999975
RAW|2024-06-12|2024-06-12T07:45:00Z|-1,2024-06-12,2024H1,2024-06,-1,SHORT,LONDON,2024-06-12 07:45:00+00:00,2024-06-12 08:00:00+00:00,2024-06-12 11:00:00+00:00,157.293,157.043,25.0,2.199999999999136,0.08799999999996544,157.311,157.315,157.255,157.265,2024-06-12 07:45:02.685000+00:00,2.199999999999136,2024-06-12 08:00:00+00:00,2024-06-12 07:46:30.786000+00:00,88.101,1.266,13,True,2024-06-12 08:00:00.559000+00:00,157.267,157.272,0.0,5.000000000001137,1.3333333333333333,4.800000000000182,4.684929145131608,2024-06-12 06:57:26.528000+00:00,1,2856.157,897.315,0.49999999999954525,2024-06-12 11:00:01.339000+00:00,157.325,157.33,-6.30000000000166,-63.0000000000166,1.300000000000523,-10.80000000000041,4647.468,9260.236,-3.0000000000001137,-1.4000000000010004,-3.999999999999204,-3.999999999999204,-5.000000000001137,-6.30000000000166,False,False,True,NEITHER,-76.00000000002183,-68.00000000001205,2024-06-12 05:00:00+00:00,2024-06-12 04:00:00+00:00,157.16903584571483,156.80613342850617,36.29024172086588,Up,Up,Up,2024-06-07 17:00:00+00:00,108.0,2024-06-07 17:00:00+00:00,2024-06-11 21:00:00+00:00,2024-06-11 00:00:00+00:00,156.61532494007912,156.14006064144556,47.52642986335616,Up,Up,Up,2024-03-19 21:00:00+00:00,2016.0,2024-03-19 21:00:00+00:00,88.101,2.199999999999136
RAW|2024-06-13|2024-06-13T08:15:00Z|-1,2024-06-13,2024H1,2024-06,-1,SHORT,LONDON,2024-06-13 08:15:00+00:00,2024-06-13 08:30:00+00:00,2024-06-13 11:30:00+00:00,157.255,156.694,56.100000000000705,3.2000000000010687,0.057040998217487135,157.279,157.287,157.172,157.244,2024-06-13 08:15:00.242000+00:00,3.2000000000010687,2024-06-13 08:30:00+00:00,2024-06-13 08:18:48.616000+00:00,228.374,3.487,1,True,2024-06-13 08:30:01.281000+00:00,157.245,157.248,0.39999999999906777,6.900000000001683,2.0,2.5999999999982037,11.174248281992663,2024-06-13 06:23:35.285000+00:00,1,6684.957,-900.242,0.2999999999985903,2024-06-13 11:30:00.110000+00:00,157.228,157.234,1.099999999999568,10.99999999999568,11.700000000001864,-4.300000000000637,5740.05,2060.302,1.099999999999568,-2.199999999999136,-1.9000000000005457,4.200000000000159,7.30000000000075,,False,False,True,TP_ONLY,10.99999999999568,25.999999999982037,2024-06-13 05:00:00+00:00,2024-06-13 04:00:00+00:00,156.77368240349935,156.7415236029544,3.2158800544948463,Up,Down,Transition,2024-06-13 05:00:00+00:00,0.0,2024-06-13 05:00:00+00:00,2024-06-12 21:00:00+00:00,2024-06-12 00:00:00+00:00,156.6335178143422,156.18317579012992,45.034202421229,Up,Up,Up,2024-03-19 21:00:00+00:00,2040.0,2024-03-19 21:00:00+00:00,228.374,3.2000000000010687
RAW|2024-06-13|2024-06-13T12:30:00Z|1,2024-06-13,2024H1,2024-06,1,LONG,LONDON_NY_OVERLAP,2024-06-13 12:30:00+00:00,2024-06-13 12:45:00+00:00,2024-06-13 15:45:00+00:00,157.255,156.694,56.100000000000705,11.499999999998067,0.2049910873439915,157.042,157.075,156.579,156.865,2024-06-13 12:30:29.886000+00:00,11.499999999998067,2024-06-13 12:45:00+00:00,2024-06-13 12:30:30.705000+00:00,0.819,0.051,23,True,2024-06-13 12:45:00.092000+00:00,156.864,156.869,55.100000000001614,55.100000000001614,7.45,40.60000000000059,11.174248281992663,2024-06-13 01:22:21.586000+00:00,1,40088.3,-16229.886,0.49999999999954525,2024-06-13 15:45:00.105000+00:00,156.816,156.822,-5.299999999999727,-52.99999999999727,39.90000000000009,-7.699999999999818,4273.691,65.217,14.099999999999113,15.500000000000114,18.199999999998795,31.100000000000705,27.79999999999916,-5.299999999999727,True,True,False,TP_ONLY,-67.99999999998363,-64.99999999999773,2024-06-13 09:00:00+00:00,2024-06-13 08:00:00+00:00,156.91120171678526,156.78260171471806,12.860000206720201,Up,Up,Up,2024-06-13 05:00:00+00:00,4.0,2024-06-13 05:00:00+00:00,2024-06-12 21:00:00+00:00,2024-06-12 00:00:00+00:00,156.6335178143422,156.18317579012992,45.034202421229,Up,Up,Up,2024-03-19 21:00:00+00:00,2040.0,2024-03-19 21:00:00+00:00,0.819,11.499999999998067
RAW|2024-06-18|2024-06-18T07:00:00Z|-1,2024-06-18,2024H1,2024-06,-1,SHORT,LONDON,2024-06-18 07:00:00+00:00,2024-06-18 07:15:00+00:00,2024-06-18 10:15:00+00:00,157.986,157.515,47.100000000000364,0.5000000000023874,0.010615711252704534,157.964,157.991,157.941,157.985,2024-06-18 07:08:22.441000+00:00,0.5000000000023874,2024-06-18 07:15:00+00:00,2024-06-18 07:08:22.544000+00:00,0.103,330.381,6,True,2024-06-18 07:15:00.303000+00:00,157.986,157.992,4.099999999999682,5.19999999999925,1.1166666666666667,2.0999999999986585,9.6313738766309,2024-06-18 06:48:27.302000+00:00,1,1195.139,3097.559,0.6000000000000227,2024-06-18 10:15:00.347000+00:00,158.081,158.086,-10.000000000002274,-100.00000000002274,5.400000000000205,-24.800000000001887,192.289,3779.32,-8.600000000001273,-11.000000000001364,-9.800000000001319,-18.900000000002137,-6.800000000001205,-10.000000000002274,False,False,True,SL_ONLY,-99.00000000001796,-98.00000000001319,2024-06-18 05:00:00+00:00,2024-06-18 04:00:00+00:00,157.6764556727563,157.35538489142704,32.10707813292686,Up,Up,Up,2024-06-13 05:00:00+00:00,120.0,2024-06-13 05:00:00+00:00,2024-06-17 21:00:00+00:00,2024-06-17 00:00:00+00:00,157.13540445129092,156.4444565656647,69.09478856262297,Up,Up,Up,2024-03-19 21:00:00+00:00,2160.0,2024-03-19 21:00:00+00:00,0.103,0.5000000000023874
RAW|2024-06-19|2024-06-19T07:00:00Z|1,2024-06-19,2024H1,2024-06,1,LONG,LONDON,2024-06-19 07:00:00+00:00,2024-06-19 07:15:00+00:00,2024-06-19 10:15:00+00:00,157.923,157.642,28.10000000000059,3.999999999999204,0.14234875444836725,157.665,157.745,157.602,157.7,2024-06-19 07:00:17.079000+00:00,3.999999999999204,2024-06-19 07:15:00+00:00,2024-06-19 07:03:17.362000+00:00,180.283,0.205,6,True,2024-06-19 07:15:01.135000+00:00,157.7,157.705,6.100000000000705,9.300000000001774,2.2,4.000000000002046,4.587787767922072,2024-06-19 06:58:41.373000+00:00,1,95.706,3582.921,0.5000000000023874,2024-06-19 10:15:00.224000+00:00,157.894,157.9,18.899999999999295,188.99999999999295,20.299999999997453,-3.100000000000591,10652.315,751.656,2.2999999999996135,3.1999999999982265,1.6999999999995907,6.699999999997885,10.3999999999985,,True,False,False,TP_ONLY,188.0000000000166,209.00000000000318,2024-06-19 05:00:00+00:00,2024-06-19 04:00:00+00:00,157.83063833850537,157.55721418118588,27.342415731948222,Up,Up,Up,2024-06-13 05:00:00+00:00,144.0,2024-06-13 05:00:00+00:00,2024-06-18 21:00:00+00:00,2024-06-18 00:00:00+00:00,157.3347174652078,156.55554004041153,77.91774247962735,Up,Up,Up,2024-03-19 21:00:00+00:00,2184.0,2024-03-19 21:00:00+00:00,180.283,3.999999999999204
RAW|2024-06-19|2024-06-19T12:30:00Z|-1,2024-06-19,2024H1,2024-06,-1,SHORT,LONDON_NY_OVERLAP,2024-06-19 12:30:00+00:00,2024-06-19 12:45:00+00:00,2024-06-19 15:45:00+00:00,157.923,157.642,28.10000000000059,0.49999999999954525,0.017793594306033264,157.925,157.928,157.901,157.919,2024-06-19 12:30:06.377000+00:00,0.49999999999954525,2024-06-19 12:45:00+00:00,2024-06-19 12:30:29.141000+00:00,22.764,870.859,0,False,2024-06-19 12:45:13.395000+00:00,157.916,157.922,-2.400000000000091,4.300000000000637,0.23333333333333334,2.6999999999986812,4.587787767922072,2024-06-19 00:51:11.530000+00:00,1,41934.847,-16206.377,0.6000000000000227,2024-06-19 15:45:06.240000+00:00,157.92,157.927,-1.099999999999568,-10.99999999999568,4.4999999999987494,-1.9000000000005457,5250.324,9182.713,0.9999999999990905,1.5999999999991132,2.600000000001046,2.899999999999636,0.8000000000009777,,False,False,True,NEITHER,-10.99999999999568,-10.99999999999568,2024-06-19 09:00:00+00:00,2024-06-19 08:00:00+00:00,157.82159881321812,157.57655704669102,24.504176652709475,Up,Up,Up,2024-06-13 05:00:00+00:00,148.0,2024-06-13 05:00:00+00:00,2024-06-18 21:00:00+00:00,2024-06-18 00:00:00+00:00,157.3347174652078,156.55554004041153,77.91774247962735,Up,Up,Up,2024-03-19 21:00:00+00:00,2184.0,2024-03-19 21:00:00+00:00,22.764,0.49999999999954525
RAW|2024-06-21|2024-06-21T08:45:00Z|1,2024-06-21,2024H1,2024-06,1,LONG,LONDON,2024-06-21 08:45:00+00:00,2024-06-21 09:00:00+00:00,2024-06-21 12:00:00+00:00,159.125,158.816,30.89999999999975,4.699999999999704,0.15210355987054183,158.794,158.854,158.769,158.83,2024-06-21 08:45:00.607000+00:00,4.699999999999704,2024-06-21 09:00:00+00:00,2024-06-21 08:50:47.532000+00:00,346.925,6.049,3,True,2024-06-21 09:00:00.093000+00:00,158.83,158.833,-9.100000000000819,11.899999999999977,0.43333333333333335,3.700000000000614,7.383768374292479,2024-06-21 05:10:12.966000+00:00,1,12887.641,-2700.607,0.2999999999985903,2024-06-21 12:00:00.094000+00:00,158.899,158.903,6.60000000000025,66.0000000000025,18.39999999999975,-5.400000000000205,6606.106,661.804,0.6000000000000227,-3.8999999999987267,3.999999999999204,6.60000000000025,17.099999999999227,6.60000000000025,True,False,True,TP_ONLY,63.99999999999295,66.0000000000025,2024-06-21 09:00:00+00:00,2024-06-21 08:00:00+00:00,158.78173574649014,158.20952607585218,57.220967063796024,Up,Up,Up,2024-06-13 05:00:00+00:00,196.0,2024-06-13 05:00:00+00:00,2024-06-20 21:00:00+00:00,2024-06-20 00:00:00+00:00,157.93036605367746,156.85408749020434,107.62785634731244,Up,Up,Up,2024-03-19 21:00:00+00:00,2232.0,2024-03-19 21:00:00+00:00,346.925,4.699999999999704
RAW|2024-06-24|2024-06-24T09:15:00Z|1,2024-06-24,2024H1,2024-06,1,LONG,LONDON,2024-06-24 09:15:00+00:00,2024-06-24 09:30:00+00:00,2024-06-24 12:30:00+00:00,159.927,159.62,30.699999999998795,3.100000000000591,0.10097719869709162,159.668,159.694,159.589,159.624,2024-06-24 09:23:33.510000+00:00,3.100000000000591,2024-06-24 09:30:00+00:00,2024-06-24 09:23:34.125000+00:00,0.615,2.795,9,True,2024-06-24 09:30:00.078000+00:00,159.624,159.628,8.29999999999984,8.29999999999984,1.8333333333333333,7.499999999998863,8.904604708708211,2024-06-24 03:27:14.710000+00:00,1,21378.8,-5013.51,0.39999999999906777,2024-06-24 12:30:00.060000+00:00,159.515,159.518,-11.299999999999955,-112.99999999999955,6.500000000002615,-88.79999999999768,244.098,2224.36,5.900000000002592,-1.6999999999995907,1.700000000002433,-16.699999999997317,-9.199999999998454,,False,False,True,SL_ONLY,-118.00000000002342,-126.00000000000477,2024-06-24 09:00:00+00:00,2024-06-24 08:00:00+00:00,159.57562042209375,158.7636877366455,81.19326854482551,Up,Up,Up,2024-06-13 05:00:00+00:00,268.0,2024-06-13 05:00:00+00:00,2024-06-21 21:00:00+00:00,2024-06-21 00:00:00+00:00,158.45454718119817,157.08696049098802,136.7586690210146,Up,Up,Up,2024-03-19 21:00:00+00:00,2256.0,2024-03-19 21:00:00+00:00,0.615,3.100000000000591
RAW|2024-06-25|2024-06-25T14:00:00Z|-1,2024-06-25,2024H1,2024-06,-1,SHORT,LONDON_NY_OVERLAP,2024-06-25 14:00:00+00:00,2024-06-25 14:15:00+00:00,2024-06-25 17:15:00+00:00,159.701,159.186,51.499999999998636,1.099999999999568,0.02135922330096305,159.627,159.712,159.586,159.669,2024-06-25 14:08:47.122000+00:00,1.099999999999568,2024-06-25 14:15:00+00:00,2024-06-25 14:09:03.688000+00:00,16.566,176.364,1,True,2024-06-25 14:15:00.215000+00:00,159.667,159.671,9.600000000000364,11.7999999999995,3.183333333333333,6.200000000001182,47.056231689248946,2024-06-25 00:00:01.394000+00:00,1,50925.728,-22127.122,0.39999999999906777,2024-06-25 17:15:05.217000+00:00,159.689,159.691,-2.400000000000091,-24.00000000000091,3.700000000000614,-9.299999999998931,1271.488,4811.619,-1.2000000000000455,-0.49999999999954525,-0.2999999999985903,-6.399999999999295,-2.7999999999991587,-2.400000000000091,False,False,True,NEITHER,-32.00000000001069,-28.999999999996362,2024-06-25 13:00:00+00:00,2024-06-25 12:00:00+00:00,159.540967276118,159.09983105603482,44.11362200831945,Up,Up,Up,2024-06-13 05:00:00+00:00,296.0,2024-06-13 05:00:00+00:00,2024-06-24 21:00:00+00:00,2024-06-24 00:00:00+00:00,158.7726765579987,157.285443651709,148.72329062897052,Up,Up,Up,2024-03-19 21:00:00+00:00,2328.0,2024-03-19 21:00:00+00:00,16.566,1.099999999999568
RAW|2024-06-26|2024-06-26T07:30:00Z|-1,2024-06-26,2024H1,2024-06,-1,SHORT,LONDON,2024-06-26 07:30:00+00:00,2024-06-26 07:45:00+00:00,2024-06-26 10:45:00+00:00,159.9,159.663,23.699999999999477,1.4999999999986358,0.06329113924045016,159.915,159.915,159.86,159.874,2024-06-26 07:30:04.636000+00:00,1.4999999999986358,2024-06-26 07:45:00+00:00,2024-06-26 07:31:08.922000+00:00,64.286,117.185,12,True,2024-06-26 07:45:00.949000+00:00,159.872,159.875,2.6999999999986812,4.599999999999227,1.0166666666666666,3.6000000000001364,14.265650080256506,2024-06-26 01:41:37.923000+00:00,1,20906.713,1795.364,0.2999999999985903,2024-06-26 10:45:00.075000+00:00,160.138,160.143,-27.09999999999866,-270.9999999999866,0.30000000000143245,-27.99999999999727,6650.451,9024.228,-1.2999999999976808,-2.6999999999986812,-1.1999999999972033,-5.599999999998317,-13.49999999999909,,False,False,True,SL_ONLY,-269.00000000000546,-269.00000000000546,2024-06-26 05:00:00+00:00,2024-06-26 04:00:00+00:00,159.67453583822314,159.27500109453274,39.953474369039554,Up,Up,Up,2024-06-13 05:00:00+00:00,312.0,2024-06-13 05:00:00+00:00,2024-06-25 21:00:00+00:00,2024-06-25 00:00:00+00:00,159.02391182714192,157.47476815957225,154.91436675696661,Up,Up,Up,2024-03-19 21:00:00+00:00,2352.0,2024-03-19 21:00:00+00:00,64.286,1.4999999999986358
RAW|2024-06-27|2024-06-27T12:45:00Z|1,2024-06-27,2024H1,2024-06,1,LONG,LONDON_NY_OVERLAP,2024-06-27 12:45:00+00:00,2024-06-27 13:00:00+00:00,2024-06-27 16:00:00+00:00,160.716,160.301,41.500000000002046,2.0999999999986585,0.0506024096385194,160.358,160.415,160.28,160.399,2024-06-27 12:57:01.790000+00:00,2.0999999999986585,2024-06-27 13:00:00+00:00,2024-06-27 12:57:04.358000+00:00,2.568,17.571,1,True,2024-06-27 13:00:00.041000+00:00,160.4,160.402,7.099999999999795,11.499999999998067,4.05,7.999999999998408,13.378763818342838,2024-06-27 04:06:38.014000+00:00,1,31823.776,-17821.79,0.1999999999981128,2024-06-27 16:00:00.154000+00:00,160.7,160.705,29.800000000000182,298.0000000000018,32.60000000000218,-4.399999999998272,10675.043,876.322,-1.4999999999986358,-2.400000000000091,2.7000000000015234,11.50000000000091,19.000000000002615,29.800000000000182,True,True,False,TP_ONLY,295.99999999999227,295.99999999999227,2024-06-27 13:00:00+00:00,2024-06-27 12:00:00+00:00,160.43018516091115,159.8600830287369,57.010213217424166,Up,Up,Up,2024-06-13 05:00:00+00:00,344.0,2024-06-13 05:00:00+00:00,2024-06-26 21:00:00+00:00,2024-06-26 00:00:00+00:00,159.5282227336728,157.7399067068065,178.8316026866312,Up,Up,Up,2024-03-19 21:00:00+00:00,2376.0,2024-03-19 21:00:00+00:00,2.568,2.0999999999986585
RAW|2024-06-27|2024-06-27T16:45:00Z|-1,2024-06-27,2024H1,2024-06,-1,SHORT,NEW_YORK,2024-06-27 16:45:00+00:00,2024-06-27 17:00:00+00:00,2024-06-27 20:00:00+00:00,160.716,160.301,41.500000000002046,1.999999999998181,0.04819277108429114,160.724,160.736,160.71,160.713,2024-06-27 16:45:01.044000+00:00,1.999999999998181,2024-06-27 17:00:00+00:00,2024-06-27 16:58:38.199000+00:00,817.155,26.103,1,True,2024-06-27 17:00:04.093000+00:00,160.707,160.711,1.2000000000000455,2.2999999999996135,0.5166666666666667,0.7999999999981355,13.378763818342838,2024-06-27 01:00:31.063000+00:00,1,56669.981,-31501.044,0.40000000000190994,2024-06-27 20:00:00.097000+00:00,160.819,160.821,-11.400000000000432,-114.00000000000432,3.6000000000001364,-11.899999999999977,509.853,10760.697,1.2000000000000455,0.9999999999990905,1.4999999999986358,-1.300000000000523,-6.100000000000705,,False,False,True,NEITHER,-111.99999999999477,-115.99999999998545,2024-06-27 17:00:00+00:00,2024-06-27 16:00:00+00:00,160.51098940065083,159.92831638643798,58.2673014212844,Up,Up,Up,2024-06-13 05:00:00+00:00,348.0,2024-06-13 05:00:00+00:00,2024-06-26 21:00:00+00:00,2024-06-26 00:00:00+00:00,159.5282227336728,157.7399067068065,178.8316026866312,Up,Up,Up,2024-03-19 21:00:00+00:00,2376.0,2024-03-19 21:00:00+00:00,817.155,1.999999999998181
RAW|2024-06-28|2024-06-28T14:45:00Z|1,2024-06-28,2024H1,2024-06,1,LONG,LONDON_NY_OVERLAP,2024-06-28 14:45:00+00:00,2024-06-28 15:00:00+00:00,2024-06-28 18:00:00+00:00,161.282,160.649,63.30000000000098,11.299999999999955,0.1785150078988907,160.566,160.865,160.536,160.83,2024-06-28 14:45:00.321000+00:00,11.299999999999955,2024-06-28 15:00:00+00:00,2024-06-28 14:50:36.918000+00:00,336.597,14.17,14,True,2024-06-28 15:00:00.022000+00:00,160.827,160.834,-14.699999999999136,24.099999999998545,3.6333333333333333,12.79999999999859,59.93717485700311,2024-06-28 00:26:49.098000+00:00,1,51491.223,-24300.321,0.7000000000005002,2024-06-28 18:00:01.257000+00:00,160.795,160.799,-3.900000000001569,-39.00000000001569,12.899999999999068,-7.800000000000296,462.881,8271.221,0.9999999999990905,2.400000000000091,2.5000000000005684,4.699999999999704,1.4999999999986358,-3.900000000001569,False,False,False,TP_ONLY,-30.000000000001137,-22.00000000001978,2024-06-28 13:00:00+00:00,2024-06-28 12:00:00+00:00,160.74967239108906,160.2429782845067,50.66941065823585,Up,Up,Up,2024-06-13 05:00:00+00:00,368.0,2024-06-13 05:00:00+00:00,2024-06-27 21:00:00+00:00,2024-06-27 00:00:00+00:00,159.87358766690915,157.97967417026197,189.39134966471727,Up,Up,Up,2024-03-19 21:00:00+00:00,2400.0,2024-03-19 21:00:00+00:00,336.597,11.299999999999955
RAW|2024-07-02|2024-07-02T13:15:00Z|1,2024-07-02,2024H2,2024-07,1,LONG,LONDON_NY_OVERLAP,2024-07-02 13:15:00+00:00,2024-07-02 13:30:00+00:00,2024-07-02 16:30:00+00:00,161.742,161.458,28.39999999999918,0.20000000000095497,0.0070422535211605896,161.498,161.516,161.456,161.467,2024-07-02 13:20:04.152000+00:00,0.20000000000095497,2024-07-02 13:30:00+00:00,2024-07-02 13:20:05.620000+00:00,1.468,75.862,1,True,2024-07-02 13:30:00.248000+00:00,161.47,161.475,9.100000000000819,9.400000000002251,1.1666666666666667,6.000000000000227,7.453041247596902,2024-07-02 01:02:02.812000+00:00,1,44281.34,-19204.152,0.49999999999954525,2024-07-02 16:30:00.113000+00:00,161.583,161.585,10.80000000000041,108.00000000000409,14.6000000000015,-20.90000000000032,2439.735,898.559,-3.1999999999982265,-18.999999999999773,-11.199999999999477,-0.899999999998613,4.599999999999227,,True,False,True,SL_FIRST,106.99999999999932,109.00000000000887,2024-07-02 13:00:00+00:00,2024-07-02 12:00:00+00:00,161.48588258081412,160.94439764749703,54.148493331709346,Up,Up,Up,2024-06-13 05:00:00+00:00,464.0,2024-06-13 05:00:00+00:00,2024-07-01 21:00:00+00:00,2024-07-01 00:00:00+00:00,160.5051773810761,158.46270341770975,204.24739633663478,Up,Up,Up,2024-03-19 21:00:00+00:00,2496.0,2024-03-19 21:00:00+00:00,1.468,0.20000000000095497
RAW|2024-07-03|2024-07-03T10:15:00Z|-1,2024-07-03,2024H2,2024-07,-1,SHORT,LONDON,2024-07-03 10:15:00+00:00,2024-07-03 10:30:00+00:00,2024-07-03 13:30:00+00:00,161.938,161.442,49.59999999999809,0.9000000000014552,0.018145161290352617,161.91,161.947,161.9,161.925,2024-07-03 10:27:49.982000+00:00,0.9000000000014552,2024-07-03 10:30:00+00:00,2024-07-03 10:28:02.779000+00:00,12.797,2.479,3,True,2024-07-03 10:30:00.231000+00:00,161.925,161.93,4.099999999999682,4.200000000000159,0.5333333333333333,3.3999999999991815,7.672943861818648,2024-07-03 06:28:56.523000+00:00,1,14333.459,-8869.982,0.49999999999954525,2024-07-03 13:30:00.132000+00:00,161.632,161.638,28.700000000000614,287.00000000000614,31.900000000001683,-2.7999999999991587,10536.189,159.531,-1.6999999999995907,1.0000000000019327,-1.8999999999977035,0.8000000000009777,1.9000000000005457,,True,False,True,TP_ONLY,287.9999999999825,289.99999999999204,2024-07-03 09:00:00+00:00,2024-07-03 08:00:00+00:00,161.6449362209225,161.18006350394205,46.48727169804374,Up,Up,Up,2024-06-13 05:00:00+00:00,484.0,2024-06-13 05:00:00+00:00,2024-07-02 21:00:00+00:00,2024-07-02 00:00:00+00:00,160.76369812934007,158.69848714429298,206.5210985047088,Up,Up,Up,2024-03-19 21:00:00+00:00,2520.0,2024-03-19 21:00:00+00:00,12.797,0.9000000000014552
RAW|2024-07-03|2024-07-03T15:15:00Z|1,2024-07-03,2024H2,2024-07,1,LONG,LONDON_NY_OVERLAP,2024-07-03 15:15:00+00:00,2024-07-03 15:30:00+00:00,2024-07-03 18:30:00+00:00,161.938,161.442,49.59999999999809,16.59999999999968,0.3346774193548452,161.276,161.46,161.276,161.443,2024-07-03 15:15:00.433000+00:00,16.59999999999968,2024-07-03 15:30:00+00:00,2024-07-03 15:29:25.623000+00:00,865.19,31.224,1,True,2024-07-03 15:30:00.110000+00:00,161.443,161.448,5.599999999998317,13.100000000000023,3.25,8.200000000002206,7.672943861818648,2024-07-03 00:01:05.142000+00:00,1,54835.291,-26100.433,0.49999999999954525,2024-07-03 18:30:00.191000+00:00,161.625,161.63,17.69999999999925,176.9999999999925,20.699999999999363,-4.699999999999704,10469.648,2981.637,8.400000000000318,3.8999999999987267,3.0000000000001137,0.49999999999954525,8.599999999998431,17.69999999999925,False,False,True,TP_ONLY,165.99999999999682,163.99999999998727,2024-07-03 13:00:00+00:00,2024-07-03 12:00:00+00:00,161.69524015780178,161.2313384236267,46.39017341750673,Up,Up,Up,2024-06-13 05:00:00+00:00,488.0,2024-06-13 05:00:00+00:00,2024-07-02 21:00:00+00:00,2024-07-02 00:00:00+00:00,160.76369812934007,158.69848714429298,206.5210985047088,Up,Up,Up,2024-03-19 21:00:00+00:00,2520.0,2024-03-19 21:00:00+00:00,865.19,16.59999999999968
RAW|2024-07-04|2024-07-04T10:15:00Z|1,2024-07-04,2024H2,2024-07,1,LONG,LONDON,2024-07-04 10:15:00+00:00,2024-07-04 10:30:00+00:00,2024-07-04 13:30:00+00:00,161.601,161.134,46.700000000001296,3.099999999997749,0.06638115631686645,161.234,161.235,161.103,161.149,2024-07-04 10:25:17.908000+00:00,3.099999999997749,2024-07-04 10:30:00+00:00,2024-07-04 10:28:16.530000+00:00,178.622,103.47,0,False,2024-07-04 10:30:01.682000+00:00,161.15,161.155,10.000000000002274,10.900000000000887,0.2833333333333333,7.500000000001705,41.579959310404995,2024-07-04 01:07:39.688000+00:00,1,33458.22,-8717.908,0.49999999999954525,2024-07-04 13:30:02.532000+00:00,161.152,161.161,-0.30000000000143245,-3.0000000000143245,2.5000000000005684,-20.90000000000032,8741.311,2682.498,-0.7000000000005002,-5.19999999999925,-9.600000000000364,-6.299999999998818,-13.400000000001455,-0.30000000000143245,False,False,True,SL_ONLY,-2.0000000000095497,-2.0000000000095497,2024-07-04 09:00:00+00:00,2024-07-04 08:00:00+00:00,161.47515627376276,161.3114410681898,16.371520557297004,Up,Up,Up,2024-06-13 05:00:00+00:00,508.0,2024-06-13 05:00:00+00:00,2024-07-03 21:00:00+00:00,2024-07-03 00:00:00+00:00,161.02635580667146,158.93724817274955,208.91076339219126,Up,Up,Up,2024-03-19 21:00:00+00:00,2544.0,2024-03-19 21:00:00+00:00,178.622,3.099999999997749
RAW|2024-07-05|2024-07-05T12:30:00Z|1,2024-07-05,2024H2,2024-07,1,LONG,LONDON_NY_OVERLAP,2024-07-05 12:30:00+00:00,2024-07-05 12:45:00+00:00,2024-07-05 15:45:00+00:00,161.394,160.53,86.40000000000043,19.999999999998863,0.23148148148146716,160.574,161.159,160.33,160.826,2024-07-05 12:30:25.802000+00:00,19.999999999998863,2024-07-05 12:45:00+00:00,2024-07-05 12:30:26.007000+00:00,0.205,0.967,9,True,2024-07-05 12:45:00.111000+00:00,160.823,160.832,26.69999999999959,56.19999999999834,7.983333333333333,56.19999999999834,25.738044891638687,2024-07-05 03:22:22.697000+00:00,2,32883.105,-16225.802,0.899999999998613,2024-07-05 15:45:04.471000+00:00,160.746,160.75,-8.599999999998431,-85.99999999998431,49.70000000000141,-20.300000000000296,4569.989,10084.923,15.100000000001046,11.000000000001364,4.400000000001114,8.29999999999984,8.199999999999363,-8.599999999998431,True,False,False,TP_FIRST,-93.99999999999409,-115.99999999998545,2024-07-05 09:00:00+00:00,2024-07-05 08:00:00+00:00,160.9647890315901,161.17435677899405,-20.95677474039519,Down,Down,Down,2024-07-05 01:00:00+00:00,8.0,2024-07-05 01:00:00+00:00,2024-07-04 21:00:00+00:00,2024-07-04 00:00:00+00:00,161.07939700476533,159.1192283189296,196.01686858357255,Up,Up,Up,2024-03-19 21:00:00+00:00,2568.0,2024-03-19 21:00:00+00:00,0.205,19.999999999998863
RAW|2024-07-08|2024-07-08T12:15:00Z|-1,2024-07-08,2024H2,2024-07,-1,SHORT,LONDON_NY_OVERLAP,2024-07-08 12:15:00+00:00,2024-07-08 12:30:00+00:00,2024-07-08 15:30:00+00:00,160.865,160.26,60.50000000000182,7.899999999997931,0.13057851239665608,160.943,160.944,160.765,160.819,2024-07-08 12:15:01.302000+00:00,7.899999999997931,2024-07-08 12:30:00+00:00,2024-07-08 12:17:34.250000+00:00,152.948,4.317,1,True,2024-07-08 12:30:00.256000+00:00,160.82,160.824,-6.599999999997408,12.20000000000141,1.7666666666666666,6.100000000000705,14.710910348686841,2024-07-08 06:48:31.990000+00:00,1,19589.312,-15301.302,0.40000000000190994,2024-07-08 15:30:00.045000+00:00,160.704,160.709,11.099999999999,110.99999999999,34.099999999997976,-3.300000000001546,6803.841,710.026,4.300000000000637,3.3999999999991815,12.09999999999809,10.699999999999932,26.900000000000546,,True,False,False,TP_ONLY,108.00000000000409,98.99999999998954,2024-07-08 09:00:00+00:00,2024-07-08 08:00:00+00:00,160.82929376891087,161.02543736522165,-19.614359631077605,Down,Down,Down,2024-07-05 01:00:00+00:00,80.0,2024-07-05 01:00:00+00:00,2024-07-05 21:00:00+00:00,2024-07-05 00:00:00+00:00,160.97642643197523,159.24721005341524,172.92163785599826,Up,Up,Up,2024-03-19 21:00:00+00:00,2592.0,2024-03-19 21:00:00+00:00,152.948,7.899999999997931
RAW|2024-07-09|2024-07-09T07:00:00Z|1,2024-07-09,2024H2,2024-07,1,LONG,LONDON,2024-07-09 07:00:00+00:00,2024-07-09 07:15:00+00:00,2024-07-09 10:15:00+00:00,161.131,160.763,36.7999999999995,2.400000000000091,0.06521739130435118,160.825,160.838,160.739,160.837,2024-07-09 07:00:25.524000+00:00,2.400000000000091,2024-07-09 07:15:00+00:00,2024-07-09 07:00:25.626000+00:00,0.102,3.4939999999999998,21,True,2024-07-09 07:15:00.063000+00:00,160.836,160.843,7.699999999999818,9.100000000000819,1.0833333333333333,9.100000000000819,17.876619748186087,2024-07-09 00:07:12.251000+00:00,1,24793.273,3574.476,0.699999999997658,2024-07-09 10:15:00.409000+00:00,161.035,161.039,19.200000000000728,192.00000000000728,23.400000000000887,-1.8999999999977035,5621.577,1600.836,0.5000000000023874,-0.7999999999981355,2.3000000000024556,5.800000000002115,14.6000000000015,19.200000000000728,True,False,False,TP_ONLY,192.99999999998363,180.00000000000682,2024-07-09 05:00:00+00:00,2024-07-09 04:00:00+00:00,160.85370518402132,160.95709743673171,-10.339225271039254,Down,Down,Down,2024-07-05 01:00:00+00:00,100.0,2024-07-05 01:00:00+00:00,2024-07-08 21:00:00+00:00,2024-07-08 00:00:00+00:00,160.92487602283944,159.371113249142,155.37627736974287,Up,Up,Up,2024-03-19 21:00:00+00:00,2664.0,2024-03-19 21:00:00+00:00,0.102,2.400000000000091
RAW|2024-07-09|2024-07-09T11:15:00Z|-1,2024-07-09,2024H2,2024-07,-1,SHORT,LONDON,2024-07-09 11:15:00+00:00,2024-07-09 11:30:00+00:00,2024-07-09 14:30:00+00:00,161.131,160.763,36.7999999999995,3.499999999999659,0.09510869565216594,161.149,161.166,161.111,161.126,2024-07-09 11:15:00.317000+00:00,3.499999999999659,2024-07-09 11:30:00+00:00,2024-07-09 11:15:38.064000+00:00,37.747,2.782,4,True,2024-07-09 11:30:00.076000+00:00,161.127,161.13,12.999999999999545,15.099999999998204,2.316666666666667,6.699999999997885,17.876619748186087,2024-07-09 02:10:43.048000+00:00,1,32657.269,-11700.317,0.2999999999985903,2024-07-09 14:30:00.039000+00:00,161.166,161.171,-4.399999999998272,-43.99999999998272,23.199999999999932,-19.499999999999318,9014.832,9316.117,-0.49999999999954525,-2.899999999999636,0.49999999999954525,3.100000000000591,-1.6999999999995907,,True,False,True,TP_ONLY,-43.99999999998272,-33.999999999991815,2024-07-09 09:00:00+00:00,2024-07-09 08:00:00+00:00,160.9103608457295,160.9646896417932,-5.432879606368601,Down,Down,Down,2024-07-05 01:00:00+00:00,104.0,2024-07-05 01:00:00+00:00,2024-07-08 21:00:00+00:00,2024-07-08 00:00:00+00:00,160.92487602283944,159.371113249142,155.37627736974287,Up,Up,Up,2024-03-19 21:00:00+00:00,2664.0,2024-03-19 21:00:00+00:00,37.747,3.499999999999659
RAW|2024-07-10|2024-07-10T09:30:00Z|-1,2024-07-10,2024H2,2024-07,-1,SHORT,LONDON,2024-07-10 09:30:00+00:00,2024-07-10 09:45:00+00:00,2024-07-10 12:45:00+00:00,161.591,161.301,29.000000000002046,1.999999999998181,0.06896551724131172,161.556,161.611,161.538,161.556,2024-07-10 09:30:54.770000+00:00,1.999999999998181,2024-07-10 09:45:00+00:00,2024-07-10 09:30:55.277000+00:00,0.507,3.335,11,True,2024-07-10 09:45:14.843000+00:00,161.557,161.559,6.60000000000025,6.900000000001683,1.6166666666666667,5.100000000001614,14.386314150525681,2024-07-10 02:01:54.273000+00:00,1,26940.497,-5454.77,0.20000000000095497,2024-07-10 12:45:01.208000+00:00,161.457,161.464,9.299999999998931,92.99999999998931,11.699999999999022,-5.60000000000116,9556.212,1433.806,-0.20000000000095497,-4.100000000002524,-1.8000000000000682,3.499999999999659,5.19999999999925,,True,False,True,TP_ONLY,92.99999999998931,92.99999999998931,2024-07-10 09:00:00+00:00,2024-07-10 08:00:00+00:00,161.35109063582794,161.12557731794925,22.551331787869344,Up,Up,Up,2024-07-09 17:00:00+00:00,16.0,2024-07-09 17:00:00+00:00,2024-07-09 21:00:00+00:00,2024-07-09 00:00:00+00:00,161.02348287345674,159.52302418921067,150.04586842460697,Up,Up,Up,2024-03-19 21:00:00+00:00,2688.0,2024-03-19 21:00:00+00:00,0.507,1.999999999998181
RAW|2024-07-11|2024-07-11T07:00:00Z|-1,2024-07-11,2024H2,2024-07,-1,SHORT,LONDON,2024-07-11 07:00:00+00:00,2024-07-11 07:15:00+00:00,2024-07-11 10:15:00+00:00,161.75,161.476,27.40000000000009,0.8000000000009777,0.029197080292006388,161.732,161.758,161.716,161.722,2024-07-11 07:04:00.483000+00:00,0.8000000000009777,2024-07-11 07:15:00+00:00,2024-07-11 07:04:40.251000+00:00,39.768,619.749,0,False,2024-07-11 07:15:00.961000+00:00,161.724,161.727,5.299999999999727,5.299999999999727,0.6833333333333333,2.9999999999972715,5.169875808723417,2024-07-11 06:03:09.632000+00:00,1,3650.851,3359.517,0.30000000000143245,2024-07-11 10:15:00.322000+00:00,161.547,161.549,17.499999999998295,174.99999999998295,25.0,-0.40000000000190994,7641.84,1.669,2.6999999999986812,11.299999999999955,13.79999999999768,13.79999999999768,21.79999999999893,,True,True,False,TP_ONLY,171.99999999999704,169.9999999999875,2024-07-11 05:00:00+00:00,2024-07-11 04:00:00+00:00,161.57802393270435,161.2926909756766,28.533295702774808,Up,Up,Up,2024-07-09 17:00:00+00:00,36.0,2024-07-09 17:00:00+00:00,2024-07-10 21:00:00+00:00,2024-07-10 00:00:00+00:00,161.2064877667548,159.69430225407382,151.21855126809862,Up,Up,Up,2024-03-19 21:00:00+00:00,2712.0,2024-03-19 21:00:00+00:00,39.768,0.8000000000009777
RAW|2024-07-12|2024-07-12T13:15:00Z|1,2024-07-12,2024H2,2024-07,1,LONG,LONDON_NY_OVERLAP,2024-07-12 13:15:00+00:00,2024-07-12 13:30:00+00:00,2024-07-12 16:30:00+00:00,159.384,157.974,140.99999999999966,61.49999999999807,0.4361702127659448,157.391,158.151,157.359,158.096,2024-07-12 13:15:00.057000+00:00,61.49999999999807,2024-07-12 13:30:00+00:00,2024-07-12 13:25:03.332000+00:00,603.275,0.716,5,True,2024-07-12 13:30:00.076000+00:00,158.099,158.108,141.59999999999968,145.90000000000032,9.566666666666666,71.29999999999939,49.59633604624758,2024-07-12 00:03:49.213000+00:00,1,47470.844,-18900.057,0.9000000000014552,2024-07-12 16:30:00.363000+00:00,157.966,157.97,-14.19999999999959,-141.9999999999959,34.79999999999848,-72.10000000000036,1463.84,2592.667,2.7999999999991587,17.69999999999925,18.999999999999773,-27.40000000000009,-23.00000000000182,-14.19999999999959,False,False,True,SL_FIRST,-179.9999999999784,-193.9999999999884,2024-07-12 13:00:00+00:00,2024-07-12 12:00:00+00:00,159.17968108816117,160.24064388680526,-106.09627986440842,Down,Down,Down,2024-07-11 13:00:00+00:00,24.0,2024-07-11 13:00:00+00:00,2024-07-11 21:00:00+00:00,2024-07-11 00:00:00+00:00,160.51177697625343,159.6207580737479,89.10189025055217,Up,Up,Up,2024-03-19 21:00:00+00:00,2736.0,2024-03-19 21:00:00+00:00,603.275,61.49999999999807
RAW|2024-07-15|2024-07-15T08:30:00Z|1,2024-07-15,2024H2,2024-07,1,LONG,LONDON,2024-07-15 08:30:00+00:00,2024-07-15 08:45:00+00:00,2024-07-15 11:45:00+00:00,158.365,157.831,53.400000000002024,1.8999999999977035,0.03558052434452493,157.829,157.885,157.812,157.84,2024-07-15 08:30:00.119000+00:00,1.8999999999977035,2024-07-15 08:45:00+00:00,2024-07-15 08:30:02.855000+00:00,2.7359999999999998,8.615,5,True,2024-07-15 08:45:00.219000+00:00,157.839,157.846,4.599999999999227,12.699999999998113,1.7666666666666666,5.19999999999925,10.940039263268668,2024-07-15 05:21:48.299000+00:00,1,11291.82,-1800.119,0.7000000000005002,2024-07-15 11:45:02.904000+00:00,158.084,158.086,23.799999999999955,237.99999999999955,25.899999999998613,-9.700000000000841,6788.794,951.137,3.1999999999982265,-2.899999999999636,-1.8000000000000682,8.400000000000318,15.999999999999659,23.799999999999955,True,False,True,TP_ONLY,240.0000000000091,243.99999999999977,2024-07-15 05:00:00+00:00,2024-07-15 04:00:00+00:00,158.2709007413997,159.58463323629434,-131.3732494894623,Down,Down,Down,2024-07-11 13:00:00+00:00,88.0,2024-07-11 13:00:00+00:00,2024-07-12 21:00:00+00:00,2024-07-12 00:00:00+00:00,159.7084121258953,159.4670974278481,24.131469804720496,Up,Up,Up,2024-03-19 21:00:00+00:00,2760.0,2024-03-19 21:00:00+00:00,2.7359999999999998,1.8999999999977035
RAW|2024-07-16|2024-07-16T12:45:00Z|-1,2024-07-16,2024H2,2024-07,-1,SHORT,LONDON_NY_OVERLAP,2024-07-16 12:45:00+00:00,2024-07-16 13:00:00+00:00,2024-07-16 16:00:00+00:00,158.787,158.104,68.29999999999927,6.700000000000728,0.09809663250367202,158.723,158.854,158.715,158.755,2024-07-16 12:49:07.407000+00:00,6.700000000000728,2024-07-16 13:00:00+00:00,2024-07-16 12:49:07.611000+00:00,0.204,1.575,21,True,2024-07-16 13:00:00.060000+00:00,158.753,158.759,20.100000000002183,21.90000000000225,3.966666666666667,8.600000000001273,13.213087146887117,2024-07-16 05:17:39.660000+00:00,1,27087.747,-17347.407,0.6000000000000227,2024-07-16 16:00:00.032000+00:00,158.572,158.575,17.799999999999727,177.99999999999727,21.79999999999893,-5.60000000000116,2569.912,40.145,-1.0000000000019327,0.2999999999985903,9.099999999997976,11.599999999998545,15.999999999999659,,False,False,True,TP_ONLY,180.00000000000682,175.00000000001137,2024-07-16 13:00:00+00:00,2024-07-16 12:00:00+00:00,158.43947708725926,158.9493994302962,-50.99223430369477,Down,Down,Down,2024-07-11 13:00:00+00:00,120.0,2024-07-11 13:00:00+00:00,2024-07-15 21:00:00+00:00,2024-07-15 00:00:00+00:00,159.22372294706807,159.35068963362028,-12.696668655220833,Down,Up,Transition,2024-07-15 21:00:00+00:00,0.0,2024-07-15 21:00:00+00:00,0.204,6.700000000000728
RAW|2024-07-18|2024-07-18T08:45:00Z|-1,2024-07-18,2024H2,2024-07,-1,SHORT,LONDON,2024-07-18 08:45:00+00:00,2024-07-18 09:00:00+00:00,2024-07-18 12:00:00+00:00,156.572,155.457,111.50000000000091,1.4000000000010004,0.012556053811668064,156.467,156.586,156.431,156.464,2024-07-18 08:52:56.549000+00:00,1.4000000000010004,2024-07-18 09:00:00+00:00,2024-07-18 08:52:56.601000+00:00,0.052,0.104,8,True,2024-07-18 09:00:00.039000+00:00,156.464,156.468,14.099999999999113,14.699999999999136,3.8666666666666667,10.999999999998522,33.802757122642895,2024-07-18 03:48:59.825000+00:00,1,18236.724,-3176.549,0.39999999999906777,2024-07-18 12:00:00.071000+00:00,156.493,156.498,-3.3999999999991815,-33.999999999991815,15.600000000000591,-6.60000000000025,1031.244,9912.651,4.4999999999987494,9.299999999998931,1.300000000000523,-2.600000000001046,6.60000000000025,-3.3999999999991815,False,False,False,TP_ONLY,-51.9999999999925,-52.99999999999727,2024-07-18 09:00:00+00:00,2024-07-18 08:00:00+00:00,156.46910463064694,157.66955174366788,-120.04471130209424,Down,Down,Down,2024-07-11 13:00:00+00:00,164.0,2024-07-11 13:00:00+00:00,2024-07-17 21:00:00+00:00,2024-07-17 00:00:00+00:00,158.1683892587082,159.0207885058962,-85.23992471880035,Down,Down,Down,2024-07-15 21:00:00+00:00,48.0,2024-07-15 21:00:00+00:00,0.052,1.4000000000010004
RAW|2024-07-19|2024-07-19T07:00:00Z|1,2024-07-19,2024H2,2024-07,1,LONG,LONDON,2024-07-19 07:00:00+00:00,2024-07-19 07:15:00+00:00,2024-07-19 10:15:00+00:00,157.862,157.062,79.9999999999983,11.000000000001364,0.13750000000002,157.258,157.264,156.952,157.257,2024-07-19 07:01:34.399000+00:00,11.000000000001364,2024-07-19 07:15:00+00:00,2024-07-19 07:01:35.218000+00:00,0.819,0.103,12,True,2024-07-19 07:15:00.277000+00:00,157.26,157.262,58.60000000000127,59.30000000000177,5.866666666666666,25.200000000000955,13.670653545054122,2024-07-19 00:02:54.778000+00:00,1,25119.621,3505.601,0.20000000000095497,2024-07-19 10:15:04.631000+00:00,157.523,157.53,26.099999999999568,260.9999999999957,29.20000000000016,-11.699999999999022,1495.851,7147.338,-2.600000000001046,3.3999999999991815,17.799999999999727,-0.7000000000005002,-9.399999999999409,26.099999999999568,True,False,False,TP_ONLY,266.9999999999959,268.0000000000007,2024-07-19 05:00:00+00:00,2024-07-19 04:00:00+00:00,157.10533860717393,157.49556276433862,-39.02241571646812,Down,Down,Down,2024-07-11 13:00:00+00:00,184.0,2024-07-11 13:00:00+00:00,2024-07-18 21:00:00+00:00,2024-07-18 00:00:00+00:00,157.93713518479157,158.8878454254245,-95.07102406329295,Down,Down,Down,2024-07-15 21:00:00+00:00,72.0,2024-07-15 21:00:00+00:00,0.819,11.000000000001364
RAW|2024-07-23|2024-07-23T12:00:00Z|1,2024-07-23,2024H2,2024-07,1,LONG,LONDON_NY_OVERLAP,2024-07-23 12:00:00+00:00,2024-07-23 12:15:00+00:00,2024-07-23 15:15:00+00:00,156.927,156.197,72.99999999999898,5.89999999999975,0.08082191780821689,156.154,156.249,156.138,156.213,2024-07-23 12:00:00.092000+00:00,5.89999999999975,2024-07-23 12:15:00+00:00,2024-07-23 12:05:30.309000+00:00,330.217,0.205,24,True,2024-07-23 12:15:00.104000+00:00,156.21,156.213,0.10000000000047748,6.499999999999773,1.9833333333333334,3.8000000000010914,18.634437504116793,2024-07-23 03:55:08.012000+00:00,1,29092.08,-14400.092,0.2999999999985903,2024-07-23 15:15:01.542000+00:00,156.028,156.03,-18.500000000000227,-185.00000000000227,5.19999999999925,-27.09999999999866,502.797,2105.558,-2.0999999999986585,3.4000000000020236,-14.300000000000068,-14.799999999999613,-19.499999999999318,-18.500000000000227,False,False,True,SL_ONLY,-183.00000000002115,-186.00000000000705,2024-07-23 09:00:00+00:00,2024-07-23 08:00:00+00:00,156.5501453806695,157.0959293302633,-54.57839495937833,Down,Down,Down,2024-07-11 13:00:00+00:00,284.0,2024-07-11 13:00:00+00:00,2024-07-22 21:00:00+00:00,2024-07-22 00:00:00+00:00,157.57535468611815,158.6329123680793,-105.7557681961157,Down,Down,Down,2024-07-15 21:00:00+00:00,168.0,2024-07-15 21:00:00+00:00,330.217,5.89999999999975
RAW|2024-07-24|2024-07-24T09:30:00Z|1,2024-07-24,2024H2,2024-07,1,LONG,LONDON,2024-07-24 09:30:00+00:00,2024-07-24 09:45:00+00:00,2024-07-24 12:45:00+00:00,155.99,154.351,163.900000000001,7.599999999999341,0.04636973764490113,154.782,154.862,154.275,154.635,2024-07-24 09:40:10.254000+00:00,7.599999999999341,2024-07-24 09:45:00+00:00,2024-07-24 09:40:13.841000+00:00,3.5869999999999997,1.198,5,True,2024-07-24 09:45:00.662000+00:00,154.634,154.64,42.79999999999973,51.30000000000052,8.633333333333333,51.30000000000052,36.44669325200652,2024-07-24 05:08:17.648000+00:00,1,16312.606,-6010.254,0.6000000000000227,2024-07-24 12:45:01.053000+00:00,153.975,153.977,-66.4999999999992,-664.999999999992,20.100000000002183,-76.29999999999768,1761.644,10299.107,-0.9999999999990905,13.60000000000241,17.700000000002092,-8.399999999997476,-45.899999999997476,-66.4999999999992,False,False,True,TP_FIRST,-647.0000000000198,-652.9999999999916,2024-07-24 09:00:00+00:00,2024-07-24 08:00:00+00:00,155.3760307148634,156.41991155203567,-104.38808371722814,Down,Down,Down,2024-07-11 13:00:00+00:00,308.0,2024-07-11 13:00:00+00:00,2024-07-23 21:00:00+00:00,2024-07-23 00:00:00+00:00,156.99725334722723,158.38643937863299,-138.91860314057567,Down,Down,Down,2024-07-15 21:00:00+00:00,192.0,2024-07-15 21:00:00+00:00,3.5869999999999997,7.599999999999341
RAW|2024-07-25|2024-07-25T07:15:00Z|1,2024-07-25,2024H2,2024-07,1,LONG,LONDON,2024-07-25 07:15:00+00:00,2024-07-25 07:30:00+00:00,2024-07-25 10:30:00+00:00,153.968,152.229,173.8999999999976,3.700000000000614,0.021276595744684677,152.718,152.718,152.192,152.325,2024-07-25 07:24:25.006000+00:00,3.700000000000614,2024-07-25 07:30:00+00:00,2024-07-25 07:24:25.110000+00:00,0.104,0.103,9,True,2024-07-25 07:30:00.001000+00:00,152.326,152.33,55.29999999999973,56.49999999999977,5.716666666666667,35.79999999999757,51.62397323509171,2024-07-25 03:22:57.302000+00:00,1,14487.704,2134.994,0.40000000000190994,2024-07-25 10:30:00.063000+00:00,152.324,152.333,-0.6000000000000227,-6.000000000000227,41.70000000000016,-38.900000000001,5344.054,3104.318,-9.700000000000841,-20.79999999999984,-13.700000000000045,2.4999999999977263,8.999999999997499,-0.6000000000000227,False,False,True,SL_FIRST,-16.999999999995907,29.000000000024784,2024-07-25 05:00:00+00:00,2024-07-25 04:00:00+00:00,153.61456369274396,155.37405069379216,-175.94870010481998,Down,Down,Down,2024-07-11 13:00:00+00:00,328.0,2024-07-11 13:00:00+00:00,2024-07-24 21:00:00+00:00,2024-07-24 00:00:00+00:00,156.0980381051623,158.02352422834235,-192.54861231800646,Down,Down,Down,2024-07-15 21:00:00+00:00,216.0,2024-07-15 21:00:00+00:00,0.104,3.700000000000614
RAW|2024-07-25|2024-07-25T13:00:00Z|-1,2024-07-25,2024H2,2024-07,-1,SHORT,LONDON_NY_OVERLAP,2024-07-25 13:00:00+00:00,2024-07-25 13:15:00+00:00,2024-07-25 16:15:00+00:00,153.968,152.229,173.8999999999976,18.900000000002137,0.10868315123635652,153.52,154.157,153.414,153.922,2024-07-25 13:05:57.928000+00:00,18.900000000002137,2024-07-25 13:15:00+00:00,2024-07-25 13:05:59.119000+00:00,1.191,2.07,17,True,2024-07-25 13:15:00.054000+00:00,153.924,153.931,69.70000000000027,69.80000000000075,8.65,56.100000000000705,51.62397323509171,2024-07-25 00:00:50.378000+00:00,1,47107.55,-18357.928,0.7000000000005002,2024-07-25 16:15:00.066000+00:00,154.116,154.121,-19.700000000000273,-197.00000000000273,68.80000000000166,-27.69999999999868,3550.233,661.387,-14.599999999998658,-8.199999999999363,15.100000000001046,66.20000000000061,18.299999999999272,-19.700000000000273,False,False,True,SL_FIRST,-203.00000000000296,-175.00000000001137,2024-07-25 13:00:00+00:00,2024-07-25 12:00:00+00:00,153.40122637384894,155.02905730722568,-162.78309333767425,Down,Down,Down,2024-07-11 13:00:00+00:00,336.0,2024-07-11 13:00:00+00:00,2024-07-24 21:00:00+00:00,2024-07-24 00:00:00+00:00,156.0980381051623,158.02352422834235,-192.54861231800646,Down,Down,Down,2024-07-15 21:00:00+00:00,216.0,2024-07-15 21:00:00+00:00,1.191,18.900000000002137
RAW|2024-07-26|2024-07-26T07:30:00Z|-1,2024-07-26,2024H2,2024-07,-1,SHORT,LONDON,2024-07-26 07:30:00+00:00,2024-07-26 07:45:00+00:00,2024-07-26 10:45:00+00:00,154.139,153.366,77.29999999999961,3.099999999997749,0.040103492884835244,153.899,154.17,153.88,154.017,2024-07-26 07:35:40.027000+00:00,3.099999999997749,2024-07-26 07:45:00+00:00,2024-07-26 07:35:42.627000+00:00,2.6,0.918,2,True,2024-07-26 07:45:00.173000+00:00,154.016,154.019,25.900000000001455,27.40000000000009,5.166666666666667,26.300000000000523,107.36608176304405,2024-07-26 00:44:17.243000+00:00,1,24682.784,1459.973,0.30000000000143245,2024-07-26 10:45:00.009000+00:00,154.444,154.452,-43.600000000000705,-436.00000000000705,14.599999999998658,-46.80000000000177,986.543,10623.859,2.7999999999991587,9.199999999998454,1.8999999999977035,-35.80000000000041,-3.100000000000591,,False,False,True,TP_FIRST,-451.9999999999982,-449.99999999998863,2024-07-26 05:00:00+00:00,2024-07-26 04:00:00+00:00,153.7242867487112,154.70071256041305,-97.64258117018585,Down,Down,Down,2024-07-11 13:00:00+00:00,352.0,2024-07-11 13:00:00+00:00,2024-07-25 21:00:00+00:00,2024-07-25 00:00:00+00:00,155.47202721797305,157.69420229007497,-222.2175072101919,Down,Down,Down,2024-07-15 21:00:00+00:00,240.0,2024-07-15 21:00:00+00:00,2.6,3.099999999997749
RAW|2024-07-26|2024-07-26T14:15:00Z|1,2024-07-26,2024H2,2024-07,1,LONG,LONDON_NY_OVERLAP,2024-07-26 14:15:00+00:00,2024-07-26 14:30:00+00:00,2024-07-26 17:30:00+00:00,154.139,153.366,77.29999999999961,27.000000000001023,0.34928848641657384,153.881,153.965,153.096,153.539,2024-07-26 14:19:04.054000+00:00,27.000000000001023,2024-07-26 14:30:00+00:00,2024-07-26 14:19:18.719000+00:00,14.665,4.2,3,True,2024-07-26 14:30:00.038000+00:00,153.544,153.549,70.19999999999982,75.29999999999859,8.7,61.69999999999902,107.36608176304405,2024-07-26 00:01:05.363000+00:00,1,51478.691,-22744.054,0.49999999999954525,2024-07-26 17:30:00.193000+00:00,153.865,153.87,31.60000000000025,316.0000000000025,32.59999999999934,-30.60000000000116,5399.733,1008.399,-9.499999999999886,-19.80000000000075,-4.800000000000182,13.700000000000045,25.799999999998136,31.60000000000025,True,False,True,SL_FIRST,306.0000000000116,307.00000000001637,2024-07-26 13:00:00+00:00,2024-07-26 12:00:00+00:00,153.98263609628123,154.6325295111336,-64.98934148523858,Down,Down,Down,2024-07-11 13:00:00+00:00,360.0,2024-07-11 13:00:00+00:00,2024-07-25 21:00:00+00:00,2024-07-25 00:00:00+00:00,155.47202721797305,157.69420229007497,-222.2175072101919,Down,Down,Down,2024-07-15 21:00:00+00:00,240.0,2024-07-15 21:00:00+00:00,14.665,27.000000000001023
RAW|2024-08-01|2024-08-01T14:00:00Z|-1,2024-08-01,2024H2,2024-08,-1,SHORT,LONDON_NY_OVERLAP,2024-08-01 14:00:00+00:00,2024-08-01 14:15:00+00:00,2024-08-01 17:15:00+00:00,150.335,148.508,182.69999999999982,18.69999999999834,0.10235358511219682,150.522,150.522,150.073,150.195,2024-08-01 14:00:00.051000+00:00,18.69999999999834,2024-08-01 14:15:00+00:00,2024-08-01 14:00:00.205000+00:00,0.154,14.054,13,True,2024-08-01 14:15:00.187000+00:00,150.197,150.208,-8.800000000002228,16.100000000000136,4.016666666666667,9.300000000001774,36.635445512071556,2024-08-01 06:40:26.773000+00:00,1,26373.278,-21600.051,1.099999999999568,2024-08-01 17:15:01.670000+00:00,149.755,149.764,43.29999999999927,432.9999999999927,51.09999999999957,-14.300000000000068,8653.345,140.849,-5.099999999998772,-1.6999999999995907,28.999999999999204,26.500000000001478,14.000000000001478,43.29999999999927,False,False,True,TP_ONLY,465.0000000000034,471.00000000000364,2024-08-01 13:00:00+00:00,2024-08-01 12:00:00+00:00,150.3509485596332,152.05091465137053,-169.99660917373376,Down,Down,Down,2024-07-30 17:00:00+00:00,44.0,2024-07-30 17:00:00+00:00,2024-07-31 21:00:00+00:00,2024-07-31 00:00:00+00:00,152.9459696006802,156.21453203214563,-326.8562431465426,Down,Down,Down,2024-07-15 21:00:00+00:00,384.0,2024-07-15 21:00:00+00:00,0.154,18.69999999999834
RAW|2024-08-02|2024-08-02T07:15:00Z|1,2024-08-02,2024H2,2024-08,1,LONG,LONDON,2024-08-02 07:15:00+00:00,2024-08-02 07:30:00+00:00,2024-08-02 10:30:00+00:00,149.772,148.804,96.79999999999893,5.60000000000116,0.057851239669434104,148.759,149.115,148.748,149.096,2024-08-02 07:15:00.142000+00:00,5.60000000000116,2024-08-02 07:30:00+00:00,2024-08-02 07:15:17.968000+00:00,17.826,0.508,15,True,2024-08-02 07:30:00.062000+00:00,149.095,149.098,8.800000000002228,29.300000000000637,3.65,14.6000000000015,21.629018635415242,2024-08-02 06:00:31.405000+00:00,1,4468.737,2699.858,0.30000000000143245,2024-08-02 10:30:00.068000+00:00,148.768,148.775,-33.00000000000125,-330.0000000000125,22.299999999998477,-36.50000000000091,1864.411,10554.595,-7.30000000000075,-6.60000000000025,11.199999999999477,-14.300000000000068,-16.30000000000109,-33.00000000000125,True,False,True,TP_FIRST,-304.00000000000205,-318.9999999999884,2024-08-02 05:00:00+00:00,2024-08-02 04:00:00+00:00,149.6481952727075,151.31413901556274,-166.59437428552337,Down,Down,Down,2024-07-30 17:00:00+00:00,60.0,2024-07-30 17:00:00+00:00,2024-08-01 21:00:00+00:00,2024-08-01 00:00:00+00:00,151.92026400048587,155.66584946957397,-374.55854690880983,Down,Down,Down,2024-07-15 21:00:00+00:00,408.0,2024-07-15 21:00:00+00:00,17.826,5.60000000000116
RAW|2024-08-06|2024-08-06T13:45:00Z|1,2024-08-06,2024H2,2024-08,1,LONG,LONDON_NY_OVERLAP,2024-08-06 13:45:00+00:00,2024-08-06 14:00:00+00:00,2024-08-06 17:00:00+00:00,146.365,144.302,206.30000000000166,25.7000000000005,0.12457586039748082,144.226,144.517,144.045,144.394,2024-08-06 13:45:00.091000+00:00,25.7000000000005,2024-08-06 14:00:00+00:00,2024-08-06 13:47:50.483000+00:00,170.392,0.105,23,True,2024-08-06 14:00:00+00:00,144.395,144.409,2.000000000001023,42.10000000000207,5.75,26.10000000000241,102.76028163191182,2024-08-06 02:12:31.418000+00:00,1,41548.673,-20700.091,1.3999999999981583,2024-08-06 17:00:00.057000+00:00,145.376,145.38,96.7000000000013,967.000000000013,100.80000000000098,-13.899999999998158,10782.48,64.431,14.799999999999613,24.399999999999977,23.400000000000887,9.300000000001774,70.40000000000077,96.7000000000013,True,False,True,TP_ONLY,1009.9999999999909,1020.0000000000102,2024-08-06 13:00:00+00:00,2024-08-06 12:00:00+00:00,144.7325297276484,146.85818544765036,-212.56557200019586,Down,Down,Down,2024-07-30 17:00:00+00:00,164.0,2024-07-30 17:00:00+00:00,2024-08-05 21:00:00+00:00,2024-08-05 00:00:00+00:00,148.58988979616626,154.0687877910474,-547.8897994881152,Down,Down,Down,2024-07-15 21:00:00+00:00,504.0,2024-07-15 21:00:00+00:00,170.392,25.7000000000005
RAW|2024-08-09|2024-08-09T12:15:00Z|1,2024-08-09,2024H2,2024-08,1,LONG,LONDON_NY_OVERLAP,2024-08-09 12:15:00+00:00,2024-08-09 12:30:00+00:00,2024-08-09 15:30:00+00:00,147.768,146.71,105.79999999999927,2.1000000000015007,0.019848771266554963,146.881,146.975,146.689,146.75,2024-08-09 12:26:14.735000+00:00,2.1000000000015007,2024-08-09 12:30:00+00:00,2024-08-09 12:26:22.117000+00:00,7.382,0.206,5,True,2024-08-09 12:30:00.083000+00:00,146.75,146.756,18.700000000001182,26.69999999999959,4.066666666666666,16.200000000000614,20.88699078500259,2024-08-09 05:04:56.084000+00:00,1,26478.651,-15974.735,0.6000000000000227,2024-08-09 15:30:01.147000+00:00,146.476,146.482,-28.000000000000114,-280.00000000000114,5.60000000000116,-48.90000000000043,74.464,7517.644,-20.199999999999818,-6.999999999999318,2.0999999999986585,-15.299999999999159,-34.10000000000082,-28.000000000000114,False,False,True,SL_ONLY,-275.0000000000057,-243.99999999999977,2024-08-09 09:00:00+00:00,2024-08-09 08:00:00+00:00,147.0613447260318,146.78372188325216,27.762284277963545,Up,Up,Up,2024-08-08 17:00:00+00:00,16.0,2024-08-08 17:00:00+00:00,2024-08-08 21:00:00+00:00,2024-08-08 00:00:00+00:00,147.18960415312182,152.31684857943512,-512.7244426313297,Down,Down,Down,2024-07-15 21:00:00+00:00,576.0,2024-07-15 21:00:00+00:00,7.382,2.1000000000015007
RAW|2024-08-12|2024-08-12T07:00:00Z|-1,2024-08-12,2024H2,2024-08,-1,SHORT,LONDON,2024-08-12 07:00:00+00:00,2024-08-12 07:15:00+00:00,2024-08-12 10:15:00+00:00,147.28,146.698,58.19999999999936,0.20000000000095497,0.003436426116854934,147.224,147.282,147.089,147.233,2024-08-12 07:11:51.025000+00:00,0.20000000000095497,2024-08-12 07:15:00+00:00,2024-08-12 07:11:51.078000+00:00,0.053,188.922,0,False,2024-08-12 07:15:00.546000+00:00,147.231,147.241,10.200000000000387,19.300000000001205,3.7666666666666666,15.100000000001046,11.080661152461623,2024-08-12 06:26:03.032000+00:00,1,2747.993,2888.975,1.0000000000019327,2024-08-12 10:15:03.816000+00:00,147.352,147.356,-12.5,-125.0,6.799999999998363,-21.999999999999886,1036.021,4684.299,5.099999999998772,0.6000000000000227,-4.099999999999682,-9.100000000000819,-3.2000000000010687,-12.5,False,False,True,SL_ONLY,-121.99999999998568,-122.99999999999045,2024-08-12 05:00:00+00:00,2024-08-12 04:00:00+00:00,146.90638842558752,146.79470908633266,11.167933925486295,Up,Up,Up,2024-08-08 17:00:00+00:00,84.0,2024-08-08 17:00:00+00:00,2024-08-09 21:00:00+00:00,2024-08-09 00:00:00+00:00,147.03086010937272,151.8622206930803,-483.13605837075784,Down,Down,Down,2024-07-15 21:00:00+00:00,600.0,2024-07-15 21:00:00+00:00,0.053,0.20000000000095497
RAW|2024-08-13|2024-08-13T13:00:00Z|1,2024-08-13,2024H2,2024-08,1,LONG,LONDON_NY_OVERLAP,2024-08-13 13:00:00+00:00,2024-08-13 13:15:00+00:00,2024-08-13 16:15:00+00:00,147.945,147.003,94.20000000000073,15.699999999998226,0.16666666666664656,147.409,147.471,146.846,147.106,2024-08-13 13:13:57.214000+00:00,15.699999999998226,2024-08-13 13:15:00+00:00,2024-08-13 13:13:57.370000+00:00,0.156,1.92,1,True,2024-08-13 13:15:00.039000+00:00,147.105,147.111,40.399999999999636,46.89999999999941,8.316666666666666,45.69999999999936,13.795832179510928,2024-08-13 00:01:40.747000+00:00,2,47536.467,-18837.214,0.6000000000000227,2024-08-13 16:15:00.720000+00:00,146.904,146.914,-20.699999999999363,-206.99999999999363,15.700000000001069,-31.399999999999295,1931.442,10084.757,2.5000000000005684,-15.599999999997749,5.60000000000116,-12.79999999999859,-11.999999999997613,-20.699999999999363,False,False,True,TP_FIRST,-168.00000000000637,-197.00000000000273,2024-08-13 13:00:00+00:00,2024-08-13 12:00:00+00:00,147.4809374368248,147.13317585259531,34.77615842294881,Up,Up,Up,2024-08-08 17:00:00+00:00,116.0,2024-08-08 17:00:00+00:00,2024-08-12 21:00:00+00:00,2024-08-12 00:00:00+00:00,147.07261436383766,151.48740303763387,-441.47886737962097,Down,Down,Down,2024-07-15 21:00:00+00:00,672.0,2024-07-15 21:00:00+00:00,0.156,15.699999999998226
RAW|2024-08-14|2024-08-14T07:00:00Z|-1,2024-08-14,2024H2,2024-08,-1,SHORT,LONDON,2024-08-14 07:00:00+00:00,2024-08-14 07:15:00+00:00,2024-08-14 10:15:00+00:00,147.313,146.068,124.49999999999761,3.2000000000010687,0.025702811244988997,147.189,147.345,147.176,147.204,2024-08-14 07:07:20.152000+00:00,3.2000000000010687,2024-08-14 07:15:00+00:00,2024-08-14 07:08:09.628000+00:00,49.476,0.397,12,True,2024-08-14 07:15:00.067000+00:00,147.205,147.212,9.399999999999409,14.000000000001478,4.133333333333334,13.599999999999568,30.229024314737384,2024-08-14 06:45:03.931000+00:00,1,1336.221,3159.848,0.699999999997658,2024-08-14 10:15:00.889000+00:00,147.042,147.046,15.900000000002024,159.00000000002024,17.00000000000159,-29.79999999999734,8939.018,2892.971,0.6000000000000227,2.200000000001978,1.8000000000000682,-13.49999999999909,8.200000000002206,15.900000000002024,False,False,True,SL_FIRST,156.0000000000059,164.0000000000157,2024-08-14 05:00:00+00:00,2024-08-14 04:00:00+00:00,147.05064468888608,147.0621630355613,-1.1518346675217117,Down,Up,Transition,2024-08-14 05:00:00+00:00,0.0,2024-08-14 05:00:00+00:00,2024-08-13 21:00:00+00:00,2024-08-13 00:00:00+00:00,146.99872454559832,151.11353079462316,-411.4806249024838,Down,Down,Down,2024-07-15 21:00:00+00:00,696.0,2024-07-15 21:00:00+00:00,49.476,3.2000000000010687
RAW|2024-08-21|2024-08-21T07:00:00Z|-1,2024-08-21,2024H2,2024-08,-1,SHORT,LONDON,2024-08-21 07:00:00+00:00,2024-08-21 07:15:00+00:00,2024-08-21 10:15:00+00:00,145.976,144.93,104.59999999999923,6.60000000000025,0.06309751434034702,145.953,146.042,145.745,145.83,2024-08-21 07:00:02.266000+00:00,6.60000000000025,2024-08-21 07:15:00+00:00,2024-08-21 07:00:03.399000+00:00,1.133,3.472,14,True,2024-08-21 07:15:00.081000+00:00,145.829,145.833,9.900000000001796,14.000000000001478,1.7666666666666666,9.600000000000364,16.556305221483765,2024-08-21 06:51:08.158000+00:00,1,534.108,3597.734,0.39999999999906777,2024-08-21 10:15:00.054000+00:00,146.107,146.114,-28.49999999999966,-284.9999999999966,13.2000000000005,-40.099999999998204,801.671,2221.78,4.600000000002069,9.100000000000819,-27.199999999999136,-23.30000000000041,-20.599999999998886,,False,False,True,TP_FIRST,-299.0000000000066,-296.99999999999704,2024-08-21 05:00:00+00:00,2024-08-21 04:00:00+00:00,145.75153180831194,146.62063895414698,-86.9107145835045,Down,Down,Down,2024-08-19 05:00:00+00:00,48.0,2024-08-19 05:00:00+00:00,2024-08-20 21:00:00+00:00,2024-08-20 00:00:00+00:00,146.75442638216185,149.73767450677838,-298.3248124616523,Down,Down,Down,2024-07-15 21:00:00+00:00,864.0,2024-07-15 21:00:00+00:00,1.133,6.60000000000025
RAW|2024-08-21|2024-08-21T19:30:00Z|1,2024-08-21,2024H2,2024-08,1,LONG,NEW_YORK,2024-08-21 19:30:00+00:00,2024-08-21 19:45:00+00:00,2024-08-21 22:45:00+00:00,145.976,144.93,104.59999999999923,2.5000000000005684,0.02390057361377234,144.916,145.003,144.905,144.958,2024-08-21 19:30:00.070000+00:00,2.5000000000005684,2024-08-21 19:45:00+00:00,2024-08-21 19:30:55.204000+00:00,55.134,0.103,2,True,2024-08-21 19:45:00.648000+00:00,144.964,144.967,-11.599999999998545,14.6000000000015,0.95,4.900000000000659,16.556305221483765,2024-08-21 00:32:03.953000+00:00,1,68276.117,-41400.07,0.30000000000143245,2024-08-21 22:45:02.752000+00:00,145.094,145.1,12.699999999998113,126.99999999998113,32.29999999999791,-1.2000000000000455,4074.183,164.978,2.0999999999986585,3.8999999999987267,19.999999999998863,26.99999999999818,14.19999999999959,12.699999999998113,False,False,False,TP_ONLY,115.99999999998545,115.99999999998545,2024-08-21 17:00:00+00:00,2024-08-21 16:00:00+00:00,145.6371704840787,146.40418266592684,-76.70121818481448,Down,Down,Down,2024-08-19 05:00:00+00:00,60.0,2024-08-19 05:00:00+00:00,2024-08-20 21:00:00+00:00,2024-08-20 00:00:00+00:00,146.75442638216185,149.73767450677838,-298.3248124616523,Down,Down,Down,2024-07-15 21:00:00+00:00,864.0,2024-07-15 21:00:00+00:00,55.134,2.5000000000005684
RAW|2024-08-22|2024-08-22T08:45:00Z|-1,2024-08-22,2024H2,2024-08,-1,SHORT,LONDON,2024-08-22 08:45:00+00:00,2024-08-22 09:00:00+00:00,2024-08-22 12:00:00+00:00,145.641,144.939,70.19999999999982,2.800000000002001,0.039886039886068494,145.572,145.669,145.569,145.634,2024-08-22 08:46:33.189000+00:00,2.800000000002001,2024-08-22 09:00:00+00:00,2024-08-22 08:46:33.347000+00:00,0.158,1.589,37,True,2024-08-22 09:00:00.183000+00:00,145.634,145.641,17.099999999999227,17.300000000000182,2.216666666666667,10.400000000001342,37.111194813948316,2024-08-22 01:56:49.757000+00:00,1,24583.432,-2793.189,0.7000000000005002,2024-08-22 12:00:00.048000+00:00,145.99,145.994,-36.000000000001364,-360.00000000001364,7.299999999997908,-52.00000000000102,3360.112,10019.822,0.39999999999906777,-10.400000000001342,-0.7000000000005002,2.399999999997249,-14.100000000001955,,False,False,True,SL_ONLY,-355.99999999999454,-360.00000000001364,2024-08-22 09:00:00+00:00,2024-08-22 08:00:00+00:00,145.44959831426456,146.10513199978402,-65.55336855194582,Down,Down,Down,2024-08-19 05:00:00+00:00,76.0,2024-08-19 05:00:00+00:00,2024-08-21 21:00:00+00:00,2024-08-21 00:00:00+00:00,146.32716170154418,149.37938054623612,-305.2218844691936,Down,Down,Down,2024-07-15 21:00:00+00:00,888.0,2024-07-15 21:00:00+00:00,0.158,2.800000000002001
RAW|2024-08-23|2024-08-23T13:45:00Z|-1,2024-08-23,2024H2,2024-08,-1,SHORT,LONDON_NY_OVERLAP,2024-08-23 13:45:00+00:00,2024-08-23 14:00:00+00:00,2024-08-23 17:00:00+00:00,146.334,145.29,104.40000000000111,14.699999999999136,0.14080459770113965,146.362,146.481,146.198,146.199,2024-08-23 13:45:00.012000+00:00,14.699999999999136,2024-08-23 14:00:00+00:00,2024-08-23 13:56:36.230000+00:00,696.218,0.835,3,True,2024-08-23 14:00:00.025000+00:00,146.209,146.253,15.899999999999181,19.599999999999795,4.116666666666666,9.499999999999886,15.535235231255022,2024-08-23 00:09:24.911000+00:00,1,48935.101,-20700.012,4.399999999998272,2024-08-23 17:00:00.055000+00:00,144.843,144.853,135.59999999999945,1355.9999999999945,160.30000000000086,-12.79999999999859,5170.247,2.217,71.29999999999939,98.69999999999948,84.99999999999943,99.2999999999995,133.6999999999989,135.59999999999945,True,True,True,TP_ONLY,1371.9999999999857,1138.9999999999816,2024-08-23 13:00:00+00:00,2024-08-23 12:00:00+00:00,145.94158274225134,146.0756459857561,-13.40632435047553,Down,Down,Down,2024-08-19 05:00:00+00:00,104.0,2024-08-19 05:00:00+00:00,2024-08-22 21:00:00+00:00,2024-08-22 00:00:00+00:00,146.307115501103,149.12959010253724,-282.2474601434237,Down,Down,Down,2024-07-15 21:00:00+00:00,912.0,2024-07-15 21:00:00+00:00,696.218,14.699999999999136
RAW|2024-08-26|2024-08-26T11:30:00Z|-1,2024-08-26,2024H2,2024-08,-1,SHORT,LONDON,2024-08-26 11:30:00+00:00,2024-08-26 11:45:00+00:00,2024-08-26 14:45:00+00:00,144.215,143.444,77.1000000000015,1.2000000000000455,0.015564202334630637,144.144,144.227,144.095,144.164,2024-08-26 11:32:20.063000+00:00,1.2000000000000455,2024-08-26 11:45:00+00:00,2024-08-26 11:32:20.383000+00:00,0.32,3.521,10,True,2024-08-26 11:45:00.384000+00:00,144.166,144.171,14.900000000000091,17.900000000000205,2.316666666666667,9.000000000000341,16.6286935428119,2024-08-26 05:46:57.571000+00:00,1,20722.492,-12740.063,0.49999999999954525,2024-08-26 14:45:00.156000+00:00,144.14,144.144,2.199999999999136,21.99999999999136,30.400000000000205,-29.50000000000159,4540.321,8241.821,-0.9000000000014552,2.6999999999986812,2.199999999999136,3.2000000000010687,-7.800000000000296,,False,False,True,TP_FIRST,1.999999999981128,-1.0000000000047748,2024-08-26 09:00:00+00:00,2024-08-26 08:00:00+00:00,144.38726673823618,145.41077487952893,-102.35081412927514,Down,Down,Down,2024-08-19 05:00:00+00:00,172.0,2024-08-19 05:00:00+00:00,2024-08-23 21:00:00+00:00,2024-08-23 00:00:00+00:00,145.74851107221644,148.74738289433427,-299.88718221178203,Down,Down,Down,2024-07-15 21:00:00+00:00,936.0,2024-07-15 21:00:00+00:00,0.32,1.2000000000000455
RAW|2024-08-27|2024-08-27T09:00:00Z|-1,2024-08-27,2024H2,2024-08,-1,SHORT,LONDON,2024-08-27 09:00:00+00:00,2024-08-27 09:15:00+00:00,2024-08-27 12:15:00+00:00,144.97,144.45,52.00000000000102,10.200000000000387,0.19615384615384973,145.063,145.072,144.934,144.943,2024-08-27 09:00:00.133000+00:00,10.200000000000387,2024-08-27 09:15:00+00:00,2024-08-27 09:03:02.872000+00:00,182.739,2.201,19,True,2024-08-27 09:15:00.024000+00:00,144.941,144.949,-4.200000000000159,13.599999999999568,1.7,6.100000000000705,15.540547047180146,2024-08-27 03:20:58.942000+00:00,1,20341.191,-3600.133,0.8000000000009777,2024-08-27 12:15:01.318000+00:00,144.469,144.476,46.50000000000034,465.0000000000034,53.39999999999918,-0.9999999999990905,10457.322,1.925,12.600000000000477,8.00000000000125,16.30000000000109,15.700000000001069,16.30000000000109,46.50000000000034,True,True,False,TP_ONLY,457.9999999999984,455.99999999998886,2024-08-27 09:00:00+00:00,2024-08-27 08:00:00+00:00,144.69243219054084,145.0994026445453,-40.69704540044654,Down,Down,Down,2024-08-19 05:00:00+00:00,196.0,2024-08-19 05:00:00+00:00,2024-08-26 21:00:00+00:00,2024-08-26 00:00:00+00:00,145.39522219444032,148.40855226278754,-301.3330068347216,Down,Down,Down,2024-07-15 21:00:00+00:00,1008.0,2024-07-15 21:00:00+00:00,182.739,10.200000000000387
RAW|2024-08-28|2024-08-28T14:30:00Z|-1,2024-08-28,2024H2,2024-08,-1,SHORT,LONDON_NY_OVERLAP,2024-08-28 14:30:00+00:00,2024-08-28 14:45:00+00:00,2024-08-28 17:45:00+00:00,144.603,143.908,69.50000000000216,8.099999999998886,0.1165467625899084,144.684,144.684,144.525,144.585,2024-08-28 14:30:00.063000+00:00,8.099999999998886,2024-08-28 14:45:00+00:00,2024-08-28 14:32:25.622000+00:00,145.559,3.177,12,True,2024-08-28 14:45:00.307000+00:00,144.589,144.591,-1.6999999999995907,19.300000000001205,1.6833333333333333,8.199999999999363,10.191384174491478,2024-08-28 06:51:21.708000+00:00,1,27518.355,-23400.063,0.20000000000095497,2024-08-28 17:45:00.071000+00:00,144.757,144.763,-17.40000000000066,-174.0000000000066,23.599999999999,-22.700000000000387,3053.151,8994.458,12.199999999998568,9.600000000000364,10.599999999999454,14.500000000001023,-10.699999999999932,,False,False,True,TP_FIRST,-191.0000000000025,-182.99999999999272,2024-08-28 13:00:00+00:00,2024-08-28 12:00:00+00:00,144.41761257746836,144.7477969026589,-33.018432519054386,Down,Down,Down,2024-08-19 05:00:00+00:00,224.0,2024-08-19 05:00:00+00:00,2024-08-27 21:00:00+00:00,2024-08-27 00:00:00+00:00,144.97544442460023,148.04994808176454,-307.4503657164314,Down,Down,Down,2024-07-15 21:00:00+00:00,1032.0,2024-07-15 21:00:00+00:00,145.559,8.099999999998886
RAW|2024-08-29|2024-08-29T17:45:00Z|-1,2024-08-29,2024H2,2024-08,-1,SHORT,NEW_YORK,2024-08-29 17:45:00+00:00,2024-08-29 18:00:00+00:00,2024-08-29 21:00:00+00:00,144.86,144.269,59.10000000000082,5.799999999999272,0.0981387478849271,144.866,144.918,144.815,144.854,2024-08-29 17:45:03.697000+00:00,5.799999999999272,2024-08-29 18:00:00+00:00,2024-08-29 17:45:19.209000+00:00,15.512,30.439,33,True,2024-08-29 18:00:00.348000+00:00,144.854,144.858,-0.09999999999763531,6.60000000000025,0.8166666666666667,4.900000000000659,11.553439054142977,2024-08-29 05:12:20.825000+00:00,1,45162.872,-35103.697,0.39999999999906777,2024-08-29 21:00:00.127000+00:00,144.942,145.0,-14.599999999998658,-145.99999999998658,12.100000000000932,-16.799999999997794,2902.559,10682.11,2.1000000000015007,-1.6999999999995907,4.100000000002524,7.400000000001228,-7.099999999999795,,False,False,True,TP_ONLY,-151.00000000001046,-151.9999999999868,2024-08-29 17:00:00+00:00,2024-08-29 16:00:00+00:00,144.8708636982097,144.7788623687347,9.200132947498219,Up,Up,Up,2024-08-29 13:00:00+00:00,4.0,2024-08-29 13:00:00+00:00,2024-08-28 21:00:00+00:00,2024-08-28 00:00:00+00:00,144.86017458900017,147.7717122352234,-291.15376462232234,Down,Down,Down,2024-07-15 21:00:00+00:00,1056.0,2024-07-15 21:00:00+00:00,15.512,5.799999999999272
RAW|2024-08-30|2024-08-30T09:00:00Z|-1,2024-08-30,2024H2,2024-08,-1,SHORT,LONDON,2024-08-30 09:00:00+00:00,2024-08-30 09:15:00+00:00,2024-08-30 12:15:00+00:00,145.09,144.653,43.70000000000118,6.000000000000227,0.13729977116704956,145.118,145.15,145.018,145.046,2024-08-30 09:00:00.200000+00:00,6.000000000000227,2024-08-30 09:15:00+00:00,2024-08-30 09:01:29.564000+00:00,89.364,0.053,6,True,2024-08-30 09:15:00.314000+00:00,145.045,145.05,11.199999999999477,14.699999999999136,2.65,10.999999999998522,7.75158390845702,2024-08-30 06:32:35.660000+00:00,1,8844.54,-3600.2,0.5000000000023874,2024-08-30 12:15:00.721000+00:00,145.373,145.378,-33.29999999999984,-332.9999999999984,0.49999999999954525,-41.70000000000016,18.513,9761.928,-2.9000000000024784,-5.100000000001614,-4.700000000002547,-15.400000000002478,-20.20000000000266,-33.29999999999984,False,False,True,SL_ONLY,-336.9999999999891,-334.99999999997954,2024-08-30 09:00:00+00:00,2024-08-30 08:00:00+00:00,144.92307030878013,144.8179146499305,10.515565884963962,Up,Up,Up,2024-08-29 13:00:00+00:00,20.0,2024-08-29 13:00:00+00:00,2024-08-29 21:00:00+00:00,2024-08-29 00:00:00+00:00,144.88698184928583,147.54629525640553,-265.9313407119697,Down,Down,Down,2024-07-15 21:00:00+00:00,1080.0,2024-07-15 21:00:00+00:00,89.364,6.000000000000227
RAW|2024-09-03|2024-09-03T07:00:00Z|1,2024-09-03,2024H2,2024-09,1,LONG,LONDON,2024-09-03 07:00:00+00:00,2024-09-03 07:15:00+00:00,2024-09-03 10:15:00+00:00,147.207,145.992,121.50000000000034,6.000000000000227,0.04938271604938445,146.017,146.165,145.932,146.099,2024-09-03 07:01:36.965000+00:00,6.000000000000227,2024-09-03 07:15:00+00:00,2024-09-03 07:01:41.955000+00:00,4.99,50.915,1,True,2024-09-03 07:15:00.733000+00:00,146.098,146.103,8.599999999998431,17.199999999999704,3.4833333333333334,15.399999999999636,20.981432152073324,2024-09-03 06:43:58.364000+00:00,1,1058.601,3503.035,0.49999999999954525,2024-09-03 10:15:00.417000+00:00,145.894,145.903,-20.90000000000032,-209.00000000000318,13.999999999998636,-49.70000000000141,905.94,4918.938,-3.100000000000591,11.899999999999977,-5.89999999999975,-31.800000000001205,-28.300000000001546,,False,False,True,TP_FIRST,-210.9999999999843,-194.99999999999318,2024-09-03 05:00:00+00:00,2024-09-03 04:00:00+00:00,146.68107039921367,145.86126583342804,81.98045657856312,Up,Up,Up,2024-08-29 13:00:00+00:00,112.0,2024-08-29 13:00:00+00:00,2024-09-02 21:00:00+00:00,2024-09-02 00:00:00+00:00,145.70205196392135,147.38622110502166,-168.41691411003126,Down,Down,Down,2024-07-15 21:00:00+00:00,1176.0,2024-07-15 21:00:00+00:00,4.99,6.000000000000227
RAW|2024-09-04|2024-09-04T07:00:00Z|1,2024-09-04,2024H2,2024-09,1,LONG,LONDON,2024-09-04 07:00:00+00:00,2024-09-04 07:15:00+00:00,2024-09-04 10:15:00+00:00,145.552,144.856,69.5999999999998,6.799999999998363,0.09770114942526412,144.875,145.043,144.788,145.0,2024-09-04 07:00:47.818000+00:00,6.799999999998363,2024-09-04 07:15:00+00:00,2024-09-04 07:00:47.870000+00:00,0.052,0.97,21,True,2024-09-04 07:15:00.144000+00:00,144.998,145.009,23.30000000000041,26.800000000000068,7.033333333333333,16.40000000000157,10.28705464332665,2024-09-04 06:59:52.694000+00:00,1,55.124,3552.182,1.099999999999568,2024-09-04 10:15:00.178000+00:00,144.997,145.0,-1.1999999999972033,-11.999999999972033,25.900000000001455,-25.600000000000023,8007.775,969.104,-5.699999999998795,-20.49999999999841,-5.299999999999727,10.200000000000387,14.700000000001978,-1.1999999999972033,True,False,True,SL_FIRST,1.0000000000047748,13.00000000000523,2024-09-04 05:00:00+00:00,2024-09-04 04:00:00+00:00,145.58453918849895,145.72677154871238,-14.2232360213427,Down,Down,Down,2024-09-04 01:00:00+00:00,4.0,2024-09-04 01:00:00+00:00,2024-09-03 21:00:00+00:00,2024-09-03 00:00:00+00:00,145.63117997422955,147.23164341661996,-160.04634423904065,Down,Down,Down,2024-07-15 21:00:00+00:00,1200.0,2024-07-15 21:00:00+00:00,0.052,6.799999999998363
RAW|2024-09-05|2024-09-05T12:45:00Z|1,2024-09-05,2024H2,2024-09,1,LONG,LONDON_NY_OVERLAP,2024-09-05 12:45:00+00:00,2024-09-05 13:00:00+00:00,2024-09-05 16:00:00+00:00,143.903,143.048,85.49999999999898,5.099999999998772,0.0596491228070039,143.039,143.203,142.997,143.098,2024-09-05 12:45:00.136000+00:00,5.099999999998772,2024-09-05 13:00:00+00:00,2024-09-05 12:45:00.959000+00:00,0.823,5.775,18,True,2024-09-05 13:00:00.151000+00:00,143.098,143.103,-7.299999999997908,42.10000000000207,3.8833333333333333,17.199999999999704,23.689724639660763,2024-09-05 06:30:30.879000+00:00,1,22469.257,-17100.136,0.49999999999954525,2024-09-05 16:00:00.073000+00:00,143.432,143.435,32.89999999999793,328.9999999999793,112.5,-6.700000000000728,6226.069,130.195,4.2999999999977945,3.0000000000001137,8.799999999999386,12.899999999999068,81.60000000000025,,True,True,True,TP_ONLY,336.9999999999891,337.99999999999386,2024-09-05 13:00:00+00:00,2024-09-05 12:00:00+00:00,143.7265141014421,144.82884401341127,-110.23299119691785,Down,Down,Down,2024-09-04 01:00:00+00:00,36.0,2024-09-04 01:00:00+00:00,2024-09-04 21:00:00+00:00,2024-09-04 00:00:00+00:00,145.08627141016396,146.95103194329036,-186.47605331264003,Down,Down,Down,2024-07-15 21:00:00+00:00,1224.0,2024-07-15 21:00:00+00:00,0.823,5.099999999998772
RAW|2024-09-06|2024-09-06T07:30:00Z|1,2024-09-06,2024H2,2024-09,1,LONG,LONDON,2024-09-06 07:30:00+00:00,2024-09-06 07:45:00+00:00,2024-09-06 10:45:00+00:00,143.417,142.253,116.40000000000157,2.6999999999986812,0.02319587628864815,142.245,142.408,142.226,142.329,2024-09-06 07:30:00.158000+00:00,2.6999999999986812,2024-09-06 07:45:00+00:00,2024-09-06 07:30:09.777000+00:00,9.619,0.865,3,True,2024-09-06 07:45:00.070000+00:00,142.329,142.34,-13.49999999999909,24.500000000000455,4.15,8.799999999999386,17.563749801902986,2024-09-06 06:38:14.615000+00:00,1,3105.543,1799.842,1.099999999999568,2024-09-06 10:45:01.845000+00:00,142.831,142.84,49.099999999998545,490.99999999998545,61.69999999999902,-10.200000000000387,8495.729,118.293,-4.099999999999682,18.199999999998795,36.599999999998545,22.299999999998477,39.59999999999866,49.099999999998545,True,False,True,TP_ONLY,496.9999999999857,508.99999999998613,2024-09-06 05:00:00+00:00,2024-09-06 04:00:00+00:00,143.33082103848452,144.37859957646603,-104.77785379815145,Down,Down,Down,2024-09-04 01:00:00+00:00,52.0,2024-09-04 01:00:00+00:00,2024-09-05 21:00:00+00:00,2024-09-05 00:00:00+00:00,144.61276529297427,146.66926938782714,-205.6504094852869,Down,Down,Down,2024-07-15 21:00:00+00:00,1248.0,2024-07-15 21:00:00+00:00,9.619,2.6999999999986812
RAW|2024-09-06|2024-09-06T14:00:00Z|-1,2024-09-06,2024H2,2024-09,-1,SHORT,LONDON_NY_OVERLAP,2024-09-06 14:00:00+00:00,2024-09-06 14:15:00+00:00,2024-09-06 17:15:00+00:00,143.417,142.253,116.40000000000157,12.5,0.1073883161512013,143.519,143.542,143.055,143.132,2024-09-06 14:00:00.090000+00:00,12.5,2024-09-06 14:15:00+00:00,2024-09-06 14:01:02.935000+00:00,62.845,1.994,4,True,2024-09-06 14:15:00.107000+00:00,143.131,143.135,-22.700000000000387,37.89999999999907,5.716666666666667,20.199999999999818,17.563749801902986,2024-09-06 00:00:36.384000+00:00,1,50363.706,-21600.09,0.39999999999906777,2024-09-06 17:15:00.592000+00:00,142.535,142.541,59.00000000000034,590.0000000000034,135.30000000000086,-6.60000000000025,2749.592,136.679,19.80000000000075,48.799999999999955,87.29999999999905,89.30000000000007,65.50000000000011,59.00000000000034,True,True,False,TP_ONLY,586.9999999999891,604.9999999999898,2024-09-06 13:00:00+00:00,2024-09-06 12:00:00+00:00,143.08560257065537,144.13716988152086,-105.15673108654937,Down,Down,Down,2024-09-04 01:00:00+00:00,60.0,2024-09-04 01:00:00+00:00,2024-09-05 21:00:00+00:00,2024-09-05 00:00:00+00:00,144.61276529297427,146.66926938782714,-205.6504094852869,Down,Down,Down,2024-07-15 21:00:00+00:00,1248.0,2024-07-15 21:00:00+00:00,62.845,12.5
RAW|2024-09-09|2024-09-09T13:00:00Z|-1,2024-09-09,2024H2,2024-09,-1,SHORT,LONDON_NY_OVERLAP,2024-09-09 13:00:00+00:00,2024-09-09 13:15:00+00:00,2024-09-09 16:15:00+00:00,143.091,142.414,67.70000000000209,14.099999999999113,0.20827178729687854,143.232,143.232,142.95,142.981,2024-09-09 13:00:00.174000+00:00,14.099999999999113,2024-09-09 13:15:00+00:00,2024-09-09 13:09:02.014000+00:00,541.84,357.986,0,False,2024-09-09 13:15:00.114000+00:00,142.982,142.986,2.2999999999996135,10.499999999998977,3.95,9.399999999999409,14.286493911387717,2024-09-09 04:52:02.703000+00:00,1,29277.471,-18000.174,0.39999999999906777,2024-09-09 16:15:00.011000+00:00,142.875,142.88,10.200000000000387,102.00000000000387,32.30000000000075,-18.39999999999975,4864.01,1316.653,-4.4999999999987494,8.29999999999984,12.79999999999859,6.100000000000705,16.30000000000109,,True,False,True,TP_ONLY,84.00000000000318,75.00000000001705,2024-09-09 13:00:00+00:00,2024-09-09 12:00:00+00:00,143.03408549300454,143.64292535855915,-60.88398655546143,Down,Down,Down,2024-09-04 01:00:00+00:00,132.0,2024-09-04 01:00:00+00:00,2024-09-06 21:00:00+00:00,2024-09-06 00:00:00+00:00,143.93797520926734,146.31580783680096,-237.78326275336212,Down,Down,Down,2024-07-15 21:00:00+00:00,1272.0,2024-07-15 21:00:00+00:00,541.84,14.099999999999113
RAW|2024-09-10|2024-09-10T07:00:00Z|-1,2024-09-10,2024H2,2024-09,-1,SHORT,LONDON,2024-09-10 07:00:00+00:00,2024-09-10 07:15:00+00:00,2024-09-10 10:15:00+00:00,143.543,143.031,51.200000000000045,0.39999999999906777,0.007812499999981785,143.397,143.547,143.337,143.521,2024-09-10 07:14:09.890000+00:00,0.39999999999906777,2024-09-10 07:15:00+00:00,2024-09-10 07:14:09.992000+00:00,0.102,1.179,3,True,2024-09-10 07:15:00.168000+00:00,143.519,143.528,12.5,20.700000000002206,3.45,20.100000000002183,12.779546513299177,2024-09-10 01:37:06.253000+00:00,1,20223.637,2750.11,0.899999999998613,2024-09-10 10:15:02.234000+00:00,143.047,143.05,46.89999999999941,468.9999999999941,50.30000000000143,-19.899999999998386,10707.915,3853.886,8.199999999999363,8.500000000000796,0.9000000000014552,-4.099999999999682,21.60000000000082,46.89999999999941,True,True,True,TP_ONLY,477.9999999999802,462.99999999999386,2024-09-10 05:00:00+00:00,2024-09-10 04:00:00+00:00,143.13674861854557,143.5042826169973,-36.75339984517336,Down,Down,Down,2024-09-04 01:00:00+00:00,148.0,2024-09-04 01:00:00+00:00,2024-09-09 21:00:00+00:00,2024-09-09 00:00:00+00:00,143.7136965780481,146.0627832098569,-234.90866318088024,Down,Down,Down,2024-07-15 21:00:00+00:00,1344.0,2024-07-15 21:00:00+00:00,0.102,0.39999999999906777
RAW|2024-09-10|2024-09-10T10:45:00Z|1,2024-09-10,2024H2,2024-09,1,LONG,LONDON,2024-09-10 10:45:00+00:00,2024-09-10 11:00:00+00:00,2024-09-10 14:00:00+00:00,143.543,143.031,51.200000000000045,8.29999999999984,0.16210937499999675,143.164,143.17,142.948,143.039,2024-09-10 10:55:48.726000+00:00,8.29999999999984,2024-09-10 11:00:00+00:00,2024-09-10 10:56:02.783000+00:00,14.057,0.51,8,True,2024-09-10 11:00:00.126000+00:00,143.04,143.044,18.200000000001637,18.39999999999975,2.1,9.200000000001296,12.779546513299177,2024-09-10 05:37:29.300000+00:00,1,19099.426,-10548.726,0.40000000000190994,2024-09-10 14:00:00.200000+00:00,143.007,143.01,-3.700000000000614,-37.00000000000614,14.499999999998181,-29.100000000002524,3720.21,6304.691,3.1999999999982265,3.6999999999977717,11.7999999999995,7.999999999998408,-17.900000000000205,-3.700000000000614,False,False,True,TP_FIRST,-49.000000000006594,-55.999999999983174,2024-09-10 09:00:00+00:00,2024-09-10 08:00:00+00:00,143.2433918703897,143.5047400076375,-26.13481372478077,Down,Down,Down,2024-09-04 01:00:00+00:00,152.0,2024-09-04 01:00:00+00:00,2024-09-09 21:00:00+00:00,2024-09-09 00:00:00+00:00,143.7136965780481,146.0627832098569,-234.90866318088024,Down,Down,Down,2024-07-15 21:00:00+00:00,1344.0,2024-07-15 21:00:00+00:00,14.057,8.29999999999984
RAW|2024-09-11|2024-09-11T12:30:00Z|-1,2024-09-11,2024H2,2024-09,-1,SHORT,LONDON_NY_OVERLAP,2024-09-11 12:30:00+00:00,2024-09-11 12:45:00+00:00,2024-09-11 15:45:00+00:00,142.425,140.707,171.80000000000177,6.799999999998363,0.039580908032586105,141.749,142.493,141.749,142.41,2024-09-11 12:38:55.527000+00:00,6.799999999998363,2024-09-11 12:45:00+00:00,2024-09-11 12:38:55.836000+00:00,0.309,83.354,21,True,2024-09-11 12:45:00.131000+00:00,142.409,142.414,67.79999999999973,70.3000000000003,9.95,35.40000000000134,42.46905564031374,2024-09-11 01:21:18.225000+00:00,1,40657.302,-16735.527,0.49999999999954525,2024-09-11 15:45:00.175000+00:00,141.748,141.756,65.29999999999916,652.9999999999916,115.89999999999918,-14.300000000000068,7575.842,244.872,0.7999999999981355,10.599999999999454,20.79999999999984,32.29999999999791,95.39999999999793,65.29999999999916,True,False,True,TP_ONLY,641.9999999999959,669.9999999999875,2024-09-11 09:00:00+00:00,2024-09-11 08:00:00+00:00,142.01164956756827,142.92554287591625,-91.38933083479799,Down,Down,Down,2024-09-04 01:00:00+00:00,176.0,2024-09-04 01:00:00+00:00,2024-09-10 21:00:00+00:00,2024-09-10 00:00:00+00:00,143.3446404128915,145.77152055306834,-242.68801401768485,Down,Down,Down,2024-07-15 21:00:00+00:00,1368.0,2024-07-15 21:00:00+00:00,0.309,6.799999999998363
RAW|2024-09-12|2024-09-12T07:30:00Z|-1,2024-09-12,2024H2,2024-09,-1,SHORT,LONDON,2024-09-12 07:30:00+00:00,2024-09-12 07:45:00+00:00,2024-09-12 10:45:00+00:00,142.949,142.256,69.3000000000012,4.399999999998272,0.06349206349203745,142.973,142.993,142.733,142.864,2024-09-12 07:30:00.051000+00:00,4.399999999998272,2024-09-12 07:45:00+00:00,2024-09-12 07:31:13.382000+00:00,73.331,0.103,11,True,2024-09-12 07:45:00.118000+00:00,142.862,142.868,17.10000000000207,24.200000000001864,6.566666666666666,13.60000000000241,99.14564968060394,2024-09-12 00:33:02.748000+00:00,2,25017.303,1799.949,0.6000000000000227,2024-09-12 10:45:01.862000+00:00,142.72,142.722,13.999999999998636,139.99999999998636,33.799999999999386,-7.500000000001705,4770.952,226.383,-4.699999999999704,9.499999999999886,23.199999999999932,23.30000000000041,26.599999999999113,13.999999999998636,True,False,False,TP_ONLY,141.9999999999959,129.99999999999545,2024-09-12 05:00:00+00:00,2024-09-12 04:00:00+00:00,142.43224364244963,142.7597027914346,-32.7459148984957,Down,Down,Down,2024-09-04 01:00:00+00:00,196.0,2024-09-04 01:00:00+00:00,2024-09-11 21:00:00+00:00,2024-09-11 00:00:00+00:00,143.0578860092082,145.49707890882289,-243.91928996146817,Down,Down,Down,2024-07-15 21:00:00+00:00,1392.0,2024-07-15 21:00:00+00:00,73.331,4.399999999998272
RAW|2024-09-12|2024-09-12T14:00:00Z|1,2024-09-12,2024H2,2024-09,1,LONG,LONDON_NY_OVERLAP,2024-09-12 14:00:00+00:00,2024-09-12 14:15:00+00:00,2024-09-12 17:15:00+00:00,142.949,142.256,69.3000000000012,25.200000000000955,0.3636363636363711,142.011,142.412,142.004,142.357,2024-09-12 14:00:00.034000+00:00,25.200000000000955,2024-09-12 14:15:00+00:00,2024-09-12 14:12:14.449000+00:00,734.415,0.717,7,True,2024-09-12 14:15:00.096000+00:00,142.358,142.365,10.80000000000041,22.199999999998,6.266666666666667,14.799999999999613,99.14564968060394,2024-09-12 01:14:59.046000+00:00,1,45900.988,-21600.034,0.7000000000005002,2024-09-12 17:15:00.005000+00:00,142.446,142.45,8.099999999998886,80.99999999998886,29.599999999999227,-17.300000000000182,2422.264,6252.957,0.7999999999981355,0.7999999999981355,5.599999999998317,12.000000000000455,12.5,,True,False,True,TP_ONLY,62.00000000001182,67.00000000000728,2024-09-12 13:00:00+00:00,2024-09-12 12:00:00+00:00,142.36730798084164,142.69368764267023,-32.637966182858236,Down,Down,Down,2024-09-04 01:00:00+00:00,204.0,2024-09-04 01:00:00+00:00,2024-09-11 21:00:00+00:00,2024-09-11 00:00:00+00:00,143.0578860092082,145.49707890882289,-243.91928996146817,Down,Down,Down,2024-07-15 21:00:00+00:00,1392.0,2024-07-15 21:00:00+00:00,734.415,25.200000000000955
RAW|2024-09-13|2024-09-13T08:15:00Z|1,2024-09-13,2024H2,2024-09,1,LONG,LONDON,2024-09-13 08:15:00+00:00,2024-09-13 08:30:00+00:00,2024-09-13 11:30:00+00:00,141.557,140.644,91.29999999999825,23.699999999999477,0.2595837897042709,140.528,140.874,140.407,140.874,2024-09-13 08:15:00.527000+00:00,23.699999999999477,2024-09-13 08:30:00+00:00,2024-09-13 08:19:11.888000+00:00,251.361,5.576,4,True,2024-09-13 08:30:00.091000+00:00,140.874,140.878,37.30000000000189,44.99999999999886,5.133333333333334,27.79999999999916,20.153864218949998,2024-09-13 04:34:36.971000+00:00,1,13223.556,-900.527,0.39999999999906777,2024-09-13 11:30:02.062000+00:00,140.779,140.785,-9.899999999998954,-98.99999999998954,-0.39999999999906777,-51.69999999999959,0.0,4453.527,-14.399999999997704,-9.699999999997999,-18.69999999999834,-34.79999999999848,-31.999999999999318,-9.899999999998954,False,False,True,SL_ONLY,-76.99999999999818,-75.9999999999934,2024-09-13 05:00:00+00:00,2024-09-13 04:00:00+00:00,141.65581319784508,142.37202377628796,-71.62105784428832,Down,Down,Down,2024-09-04 01:00:00+00:00,220.0,2024-09-04 01:00:00+00:00,2024-09-12 21:00:00+00:00,2024-09-12 00:00:00+00:00,142.69591857800586,145.20059259611705,-250.46740181111886,Down,Down,Down,2024-07-15 21:00:00+00:00,1416.0,2024-07-15 21:00:00+00:00,251.361,23.699999999999477
RAW|2024-09-16|2024-09-16T07:45:00Z|1,2024-09-16,2024H2,2024-09,1,LONG,LONDON,2024-09-16 07:45:00+00:00,2024-09-16 08:00:00+00:00,2024-09-16 11:00:00+00:00,140.849,139.724,112.5,2.2999999999996135,0.020444444444441007,139.719,139.93,139.701,139.875,2024-09-16 07:45:00.047000+00:00,2.2999999999996135,2024-09-16 08:00:00+00:00,2024-09-16 07:45:00.358000+00:00,0.311,6.099,9,True,2024-09-16 08:00:00.060000+00:00,139.876,139.879,0.49999999999954525,16.200000000000614,3.25,10.200000000000387,16.502317169809412,2024-09-16 06:49:02.296000+00:00,1,3357.751,899.953,0.2999999999985903,2024-09-16 11:00:00.076000+00:00,140.124,140.126,24.500000000000455,245.00000000000455,39.6000000000015,-14.699999999999136,6978.166,1212.363,4.500000000001592,-8.799999999999386,-9.699999999997999,-2.899999999999636,32.500000000001705,24.500000000000455,False,False,False,TP_ONLY,251.99999999998113,253.99999999999068,2024-09-16 05:00:00+00:00,2024-09-16 04:00:00+00:00,140.67752362719895,141.6759017859151,-99.83781587161502,Down,Down,Down,2024-09-04 01:00:00+00:00,292.0,2024-09-04 01:00:00+00:00,2024-09-13 21:00:00+00:00,2024-09-13 00:00:00+00:00,142.1485132700042,144.8469451884277,-269.8431918423495,Down,Down,Down,2024-07-15 21:00:00+00:00,1440.0,2024-07-15 21:00:00+00:00,0.311,2.2999999999996135
RAW|2024-09-16|2024-09-16T15:45:00Z|-1,2024-09-16,2024H2,2024-09,-1,SHORT,NEW_YORK,2024-09-16 15:45:00+00:00,2024-09-16 16:00:00+00:00,2024-09-16 19:00:00+00:00,140.849,139.724,112.5,6.30000000000166,0.05600000000001475,140.756,140.912,140.736,140.8,2024-09-16 15:49:23.012000+00:00,6.30000000000166,2024-09-16 16:00:00+00:00,2024-09-16 15:49:23.721000+00:00,0.709,6.677,33,True,2024-09-16 16:00:00.015000+00:00,140.797,140.804,5.299999999999727,13.49999999999909,3.3666666666666667,11.600000000001387,16.502317169809412,2024-09-16 00:00:00.288000+00:00,1,56962.724,-28163.012,0.7000000000005002,2024-09-16 19:00:00.069000+00:00,140.712,140.719,7.800000000000296,78.00000000000296,18.999999999999773,-6.499999999999773,4200.119,965.977,3.0000000000001137,-3.2000000000010687,-2.7000000000015234,15.000000000000568,11.599999999998545,7.800000000000296,False,False,True,TP_ONLY,74.00000000001228,57.999999999992724,2024-09-16 13:00:00+00:00,2024-09-16 12:00:00+00:00,140.38326715673418,141.42655687159856,-104.3289714864386,Down,Down,Down,2024-09-04 01:00:00+00:00,300.0,2024-09-04 01:00:00+00:00,2024-09-13 21:00:00+00:00,2024-09-13 00:00:00+00:00,142.1485132700042,144.8469451884277,-269.8431918423495,Down,Down,Down,2024-07-15 21:00:00+00:00,1440.0,2024-07-15 21:00:00+00:00,0.709,6.30000000000166
RAW|2024-09-18|2024-09-18T12:15:00Z|-1,2024-09-18,2024H2,2024-09,-1,SHORT,LONDON_NY_OVERLAP,2024-09-18 12:15:00+00:00,2024-09-18 12:30:00+00:00,2024-09-18 15:30:00+00:00,142.02,141.223,79.6999999999997,2.400000000000091,0.03011292346298745,142.033,142.044,141.844,141.903,2024-09-18 12:15:00.009000+00:00,2.400000000000091,2024-09-18 12:30:00+00:00,2024-09-18 12:15:20.748000+00:00,20.739,0.665,31,True,2024-09-18 12:30:00.004000+00:00,141.904,141.917,18.69999999999834,24.399999999999977,4.9,12.000000000000455,16.08726641168056,2024-09-18 00:00:07.028000+00:00,1,44092.981,-15300.009,1.300000000000523,2024-09-18 15:30:00.171000+00:00,141.936,141.941,-3.700000000000614,-37.00000000000614,22.399999999998954,-16.59999999999968,2421.929,8558.635,2.600000000001046,4.200000000000159,-2.2999999999996135,11.400000000000432,-2.1000000000015007,-3.700000000000614,False,False,True,TP_ONLY,-1.0000000000047748,-9.000000000014552,2024-09-18 09:00:00+00:00,2024-09-18 08:00:00+00:00,141.5037860901057,141.34487420699065,15.891188311505289,Up,Up,Up,2024-09-17 21:00:00+00:00,12.0,2024-09-17 21:00:00+00:00,2024-09-17 21:00:00+00:00,2024-09-17 00:00:00+00:00,141.90185370918581,144.3379008074852,-243.60470982993832,Down,Down,Down,2024-07-15 21:00:00+00:00,1536.0,2024-07-15 21:00:00+00:00,20.739,2.400000000000091
RAW|2024-09-18|2024-09-18T19:00:00Z|1,2024-09-18,2024H2,2024-09,1,LONG,NEW_YORK,2024-09-18 19:00:00+00:00,2024-09-18 19:15:00+00:00,2024-09-18 22:15:00+00:00,142.02,141.223,79.6999999999997,9.600000000000364,0.1204516938519498,141.131,141.94,141.127,141.541,2024-09-18 19:00:00.015000+00:00,9.600000000000364,2024-09-18 19:15:00+00:00,2024-09-18 19:00:24.473000+00:00,24.458,875.527,0,False,2024-09-18 19:15:00.109000+00:00,141.539,141.55,-18.299999999999272,50.29999999999859,6.716666666666667,23.199999999999932,16.08726641168056,2024-09-18 04:57:22.252000+00:00,1,50557.763,-39600.015,1.1000000000024102,2024-09-18 22:15:01.212000+00:00,142.023,142.034,47.29999999999848,472.99999999998477,116.10000000000014,-4.000000000002046,2148.096,21.57,21.299999999999386,45.599999999998886,68.59999999999786,88.10000000000002,64.3999999999977,47.29999999999848,True,True,False,TP_ONLY,443.9999999999884,469.99999999999886,2024-09-18 17:00:00+00:00,2024-09-18 16:00:00+00:00,141.69780922964577,141.4305415287969,26.726770084886198,Up,Up,Up,2024-09-17 21:00:00+00:00,20.0,2024-09-17 21:00:00+00:00,2024-09-17 21:00:00+00:00,2024-09-17 00:00:00+00:00,141.90185370918581,144.3379008074852,-243.60470982993832,Down,Down,Down,2024-07-15 21:00:00+00:00,1536.0,2024-07-15 21:00:00+00:00,24.458,9.600000000000364
RAW|2024-09-19|2024-09-19T07:00:00Z|1,2024-09-19,2024H2,2024-09,1,LONG,LONDON,2024-09-19 07:00:00+00:00,2024-09-19 07:15:00+00:00,2024-09-19 10:15:00+00:00,143.944,142.094,184.99999999999943,2.400000000000091,0.012972972972973505,142.244,142.397,142.07,142.125,2024-09-19 07:13:00.437000+00:00,2.400000000000091,2024-09-19 07:15:00+00:00,2024-09-19 07:13:01.264000+00:00,0.827,2.129,8,True,2024-09-19 07:15:00.033000+00:00,142.124,142.127,24.00000000000091,31.700000000000728,4.75,16.500000000002046,35.24461828967065,2024-09-19 06:55:41.296000+00:00,1,1039.141,2819.563,0.30000000000143245,2024-09-19 10:15:00.361000+00:00,142.956,142.966,82.89999999999793,828.9999999999793,100.0,-8.800000000002228,10425.05,78.518,3.499999999999659,7.299999999997908,20.999999999997954,63.999999999998636,74.59999999999809,82.89999999999793,True,False,True,TP_ONLY,853.999999999985,857.9999999999757,2024-09-19 05:00:00+00:00,2024-09-19 04:00:00+00:00,142.56863601663477,141.77831364997581,79.03223666589554,Up,Up,Up,2024-09-17 21:00:00+00:00,32.0,2024-09-17 21:00:00+00:00,2024-09-18 21:00:00+00:00,2024-09-18 00:00:00+00:00,142.00675264941844,144.17238874288637,-216.56360934679242,Down,Down,Down,2024-07-15 21:00:00+00:00,1560.0,2024-07-15 21:00:00+00:00,0.827,2.400000000000091
RAW|2024-09-20|2024-09-20T07:00:00Z|-1,2024-09-20,2024H2,2024-09,-1,SHORT,LONDON,2024-09-20 07:00:00+00:00,2024-09-20 07:15:00+00:00,2024-09-20 10:15:00+00:00,143.042,141.736,130.60000000000116,14.900000000000091,0.11408882082695221,142.98,143.191,142.817,142.838,2024-09-20 07:00:08.424000+00:00,14.900000000000091,2024-09-20 07:15:00+00:00,2024-09-20 07:00:09.978000+00:00,1.554,56.801,13,True,2024-09-20 07:15:00.091000+00:00,142.843,142.848,60.20000000000039,68.99999999999977,6.466666666666667,27.1000000000015,309.87989320032204,2024-09-20 06:59:32.610000+00:00,1,35.814,3591.576,0.5000000000023874,2024-09-20 10:15:00.141000+00:00,143.878,143.882,-103.90000000000157,-1039.0000000000157,0.7999999999981355,-111.60000000000139,5.77,10027.348,-27.50000000000057,-22.59999999999991,-60.50000000000182,-82.00000000000216,-97.30000000000132,-103.90000000000157,False,False,True,SL_ONLY,-1049.0000000000066,-1049.0000000000066,2024-09-20 05:00:00+00:00,2024-09-20 04:00:00+00:00,142.57998124726873,142.15817530970529,42.18059375634482,Up,Up,Up,2024-09-17 21:00:00+00:00,56.0,2024-09-17 21:00:00+00:00,2024-09-19 21:00:00+00:00,2024-09-19 00:00:00+00:00,142.1791090352989,144.04739764345547,-186.82886081565755,Down,Down,Down,2024-07-15 21:00:00+00:00,1584.0,2024-07-15 21:00:00+00:00,1.554,14.900000000000091
RAW|2024-09-23|2024-09-23T13:15:00Z|1,2024-09-23,2024H2,2024-09,1,LONG,LONDON_NY_OVERLAP,2024-09-23 13:15:00+00:00,2024-09-23 13:30:00+00:00,2024-09-23 16:30:00+00:00,144.459,143.865,59.39999999999941,15.800000000001546,0.26599326599329465,143.751,143.911,143.707,143.867,2024-09-23 13:15:00.117000+00:00,15.800000000001546,2024-09-23 13:30:00+00:00,2024-09-23 13:22:42.368000+00:00,462.251,7.377,33,True,2024-09-23 13:30:00.064000+00:00,143.867,143.869,1.999999999998181,14.700000000001978,3.0166666666666666,14.700000000001978,11.026978660444751,2024-09-23 06:48:59.078000+00:00,1,23161.039,-18900.117,0.20000000000095497,2024-09-23 16:30:00.121000+00:00,143.412,143.415,-45.69999999999936,-456.99999999999363,47.59999999999991,-52.29999999999961,2349.99,10683.562,-2.0999999999986585,-10.499999999998977,18.700000000001182,7.099999999999795,0.899999999998613,-45.69999999999936,True,False,True,SL_FIRST,-455.99999999998886,-465.0000000000034,2024-09-23 13:00:00+00:00,2024-09-23 12:00:00+00:00,143.7592647650308,142.98221868080697,77.70460842238265,Up,Up,Up,2024-09-17 21:00:00+00:00,136.0,2024-09-17 21:00:00+00:00,2024-09-20 21:00:00+00:00,2024-09-20 00:00:00+00:00,142.6445064537849,144.02824583197904,-138.37393781941216,Down,Down,Down,2024-07-15 21:00:00+00:00,1608.0,2024-07-15 21:00:00+00:00,462.251,15.800000000001546
RAW|2024-09-24|2024-09-24T07:15:00Z|-1,2024-09-24,2024H2,2024-09,-1,SHORT,LONDON,2024-09-24 07:15:00+00:00,2024-09-24 07:30:00+00:00,2024-09-24 10:30:00+00:00,144.466,143.374,109.2000000000013,20.599999999998886,0.1886446886446762,144.651,144.672,144.381,144.397,2024-09-24 07:15:00.088000+00:00,20.599999999998886,2024-09-24 07:30:00+00:00,2024-09-24 07:26:34.193000+00:00,694.105,3.669,12,True,2024-09-24 07:30:00.139000+00:00,144.395,144.401,22.20000000000084,25.200000000000955,3.8666666666666667,9.100000000000819,22.805112354857844,2024-09-24 06:56:47.013000+00:00,1,1093.075,2699.912,0.6000000000000227,2024-09-24 10:30:00.098000+00:00,144.136,144.144,25.100000000000477,251.00000000000477,27.1000000000015,-24.59999999999809,10661.411,3441.176,2.400000000000091,1.9000000000005457,-6.19999999999834,-19.39999999999884,-3.0000000000001137,,False,False,True,TP_FIRST,241.99999999999022,258.99999999998613,2024-09-24 05:00:00+00:00,2024-09-24 04:00:00+00:00,143.67286650484976,143.15675200987064,51.611449497912076,Up,Up,Up,2024-09-17 21:00:00+00:00,152.0,2024-09-17 21:00:00+00:00,2024-09-23 21:00:00+00:00,2024-09-23 00:00:00+00:00,142.91579032413208,143.9935061654207,-107.77158412886365,Down,Down,Down,2024-07-15 21:00:00+00:00,1680.0,2024-07-15 21:00:00+00:00,694.105,20.599999999998886
RAW|2024-09-24|2024-09-24T18:30:00Z|1,2024-09-24,2024H2,2024-09,1,LONG,NEW_YORK,2024-09-24 18:30:00+00:00,2024-09-24 18:45:00+00:00,2024-09-24 21:45:00+00:00,144.466,143.374,109.2000000000013,8.199999999999363,0.07509157509156837,143.346,143.442,143.292,143.438,2024-09-24 18:30:00.310000+00:00,8.199999999999363,2024-09-24 18:45:00+00:00,2024-09-24 18:35:18.560000+00:00,318.25,581.44,0,False,2024-09-24 18:45:02.249000+00:00,143.436,143.44,12.700000000000955,21.400000000002706,1.7166666666666666,8.100000000001728,22.805112354857844,2024-09-24 02:09:28.773000+00:00,1,58831.537,-37800.31,0.39999999999906777,2024-09-24 21:45:00.540000+00:00,143.248,143.281,-19.200000000000728,-192.00000000000728,1.2000000000000455,-32.90000000000077,393.563,6166.294,-1.8000000000000682,-2.899999999999636,-17.300000000000182,-18.999999999999773,-28.80000000000109,,False,False,True,SL_ONLY,-189.00000000002137,-189.00000000002137,2024-09-24 17:00:00+00:00,2024-09-24 16:00:00+00:00,143.76121374083445,143.31703076506216,44.41829757722928,Up,Up,Up,2024-09-17 21:00:00+00:00,164.0,2024-09-17 21:00:00+00:00,2024-09-23 21:00:00+00:00,2024-09-23 00:00:00+00:00,142.91579032413208,143.9935061654207,-107.77158412886365,Down,Down,Down,2024-07-15 21:00:00+00:00,1680.0,2024-07-15 21:00:00+00:00,318.25,8.199999999999363
RAW|2024-09-25|2024-09-25T07:00:00Z|-1,2024-09-25,2024H2,2024-09,-1,SHORT,LONDON,2024-09-25 07:00:00+00:00,2024-09-25 07:15:00+00:00,2024-09-25 10:15:00+00:00,143.739,142.906,83.29999999999984,0.7000000000005002,0.008403361344543836,143.685,143.746,143.572,143.599,2024-09-25 07:06:02.510000+00:00,0.7000000000005002,2024-09-25 07:15:00+00:00,2024-09-25 07:06:02.819000+00:00,0.309,0.154,12,True,2024-09-25 07:15:00.628000+00:00,143.6,143.605,17.40000000000066,17.500000000001137,3.183333333333333,9.900000000001796,11.962220636194813,2024-09-25 06:58:34.071000+00:00,1,448.439,3237.49,0.49999999999954525,2024-09-25 10:15:00.332000+00:00,144.132,144.135,-53.49999999999966,-534.9999999999966,0.1999999999981128,-66.40000000000157,21.314,8319.125,-5.100000000001614,-21.89999999999941,-26.900000000000546,-39.400000000000546,-56.800000000001205,,False,False,True,SL_ONLY,-521.9999999999914,-516.9999999999959,2024-09-25 05:00:00+00:00,2024-09-25 04:00:00+00:00,143.41576010963354,143.29412808438474,12.163202524880035,Up,Up,Up,2024-09-17 21:00:00+00:00,176.0,2024-09-17 21:00:00+00:00,2024-09-24 21:00:00+00:00,2024-09-24 00:00:00+00:00,143.0001359458086,143.93090567218707,-93.07697263784576,Down,Down,Down,2024-07-15 21:00:00+00:00,1704.0,2024-07-15 21:00:00+00:00,0.309,0.7000000000005002
RAW|2024-09-26|2024-09-26T07:45:00Z|-1,2024-09-26,2024H2,2024-09,-1,SHORT,LONDON,2024-09-26 07:45:00+00:00,2024-09-26 08:00:00+00:00,2024-09-26 11:00:00+00:00,145.035,144.443,59.199999999998454,8.29999999999984,0.14020270270270369,145.093,145.118,145.007,145.024,2024-09-26 07:45:00.107000+00:00,8.29999999999984,2024-09-26 08:00:00+00:00,2024-09-26 07:46:30.641000+00:00,90.534,1.6019999999999999,23,True,2024-09-26 08:00:00.156000+00:00,145.024,145.031,-0.8000000000009777,15.400000000002478,3.433333333333333,8.400000000000318,20.116464436984355,2024-09-26 03:49:27.964000+00:00,1,14132.143,899.893,0.7000000000005002,2024-09-26 11:00:00.173000+00:00,144.358,144.364,65.99999999999966,659.9999999999966,68.10000000000116,-17.69999999999925,10758.174,745.758,-3.6000000000001364,-10.699999999999932,17.799999999999727,20.09999999999934,31.499999999999773,65.99999999999966,True,True,True,TP_ONLY,649.0000000000009,644.0000000000055,2024-09-26 05:00:00+00:00,2024-09-26 04:00:00+00:00,144.39550336775517,143.7550236794215,64.04796883336701,Up,Up,Up,2024-09-17 21:00:00+00:00,200.0,2024-09-17 21:00:00+00:00,2024-09-25 21:00:00+00:00,2024-09-25 00:00:00+00:00,143.49695424700616,143.99555321841208,-49.85989714059258,Down,Down,Down,2024-07-15 21:00:00+00:00,1728.0,2024-07-15 21:00:00+00:00,90.534,8.29999999999984
RAW|2024-09-26|2024-09-26T12:30:00Z|1,2024-09-26,2024H2,2024-09,1,LONG,LONDON_NY_OVERLAP,2024-09-26 12:30:00+00:00,2024-09-26 12:45:00+00:00,2024-09-26 15:45:00+00:00,145.035,144.443,59.199999999998454,27.1000000000015,0.4577702702703076,144.188,144.723,144.172,144.584,2024-09-26 12:30:00.185000+00:00,27.1000000000015,2024-09-26 12:45:00+00:00,2024-09-26 12:30:13.366000+00:00,13.181,0.052,13,True,2024-09-26 12:45:00.040000+00:00,144.587,144.593,-2.199999999999136,8.199999999999363,4.45,5.49999999999784,20.116464436984355,2024-09-26 00:52:53.657000+00:00,1,41826.528,-16200.185,0.6000000000000227,2024-09-26 15:45:00.102000+00:00,144.684,144.688,9.100000000000819,91.00000000000819,61.89999999999998,-28.299999999998704,6428.311,3012.003,-8.499999999997954,-2.6999999999986812,-17.69999999999925,-1.8000000000000682,29.300000000000637,9.100000000000819,True,True,True,SL_FIRST,43.00000000000637,50.00000000001137,2024-09-26 09:00:00+00:00,2024-09-26 08:00:00+00:00,144.51821669125368,143.8406217850678,67.75949061858739,Up,Up,Up,2024-09-17 21:00:00+00:00,204.0,2024-09-17 21:00:00+00:00,2024-09-25 21:00:00+00:00,2024-09-25 00:00:00+00:00,143.49695424700616,143.99555321841208,-49.85989714059258,Down,Down,Down,2024-07-15 21:00:00+00:00,1728.0,2024-07-15 21:00:00+00:00,13.181,27.1000000000015
RAW|2024-09-27|2024-09-27T07:15:00Z|1,2024-09-27,2024H2,2024-09,1,LONG,LONDON,2024-09-27 07:15:00+00:00,2024-09-27 07:30:00+00:00,2024-09-27 10:30:00+00:00,146.491,143.131,336.00000000000136,28.600000000000136,0.08511904761904768,143.061,143.382,142.845,143.154,2024-09-27 07:15:00.044000+00:00,28.600000000000136,2024-09-27 07:30:00+00:00,2024-09-27 07:15:28.594000+00:00,28.55,0.142,30,True,2024-09-27 07:30:00.060000+00:00,143.157,143.167,10.999999999998522,49.80000000000189,4.6,22.799999999998022,218.75680450129832,2024-09-27 06:57:15.479000+00:00,1,1064.565,2699.956,0.9999999999990905,2024-09-27 10:30:00.119000+00:00,143.102,143.11,-6.499999999999773,-64.99999999999773,60.20000000000039,-21.79999999999893,3224.592,5045.42,10.80000000000041,0.2999999999985903,2.400000000000091,26.499999999998636,21.399999999999864,-6.499999999999773,False,False,True,TP_FIRST,-48.00000000000182,-43.00000000000637,2024-09-27 05:00:00+00:00,2024-09-27 04:00:00+00:00,145.1520093508757,144.284597064496,86.74122863796754,Up,Up,Up,2024-09-17 21:00:00+00:00,224.0,2024-09-17 21:00:00+00:00,2024-09-26 21:00:00+00:00,2024-09-26 00:00:00+00:00,143.8646816050044,144.05862896093913,-19.39473559347391,Down,Down,Down,2024-07-15 21:00:00+00:00,1752.0,2024-07-15 21:00:00+00:00,28.55,28.600000000000136
RAW|2024-09-30|2024-09-30T12:15:00Z|-1,2024-09-30,2024H2,2024-09,-1,SHORT,LONDON_NY_OVERLAP,2024-09-30 12:15:00+00:00,2024-09-30 12:30:00+00:00,2024-09-30 15:30:00+00:00,142.842,141.642,120.0000000000017,1.8999999999977035,0.01583333333331397,142.717,142.861,142.686,142.812,2024-09-30 12:17:38.772000+00:00,1.8999999999977035,2024-09-30 12:30:00+00:00,2024-09-30 12:17:38.876000+00:00,0.104,77.914,25,True,2024-09-30 12:30:00.301000+00:00,142.811,142.819,20.49999999999841,21.299999999999386,3.716666666666667,16.499999999999204,22.702255815955656,2024-09-30 01:08:51.274000+00:00,2,40127.498,-15458.772,0.7999999999981355,2024-09-30 15:30:00.096000+00:00,143.27,143.275,-46.399999999999864,-463.99999999999864,6.100000000000705,-48.90000000000043,2769.358,9734.151,-4.300000000000637,-1.099999999999568,-14.19999999999959,0.30000000000143245,-10.899999999998045,,False,False,True,SL_ONLY,-461.00000000001273,-456.99999999999363,2024-09-30 09:00:00+00:00,2024-09-30 08:00:00+00:00,142.7008335770411,143.4937987193991,-79.2965142358014,Down,Down,Down,2024-09-27 13:00:00+00:00,68.0,2024-09-27 13:00:00+00:00,2024-09-27 21:00:00+00:00,2024-09-27 00:00:00+00:00,143.37477257500313,143.905938644064,-53.11660690608733,Down,Down,Down,2024-07-15 21:00:00+00:00,1776.0,2024-07-15 21:00:00+00:00,0.104,1.8999999999977035
RAW|2024-10-01|2024-10-01T09:00:00Z|1,2024-10-01,2024H2,2024-10,1,LONG,LONDON,2024-10-01 09:00:00+00:00,2024-10-01 09:15:00+00:00,2024-10-01 12:15:00+00:00,144.529,143.657,87.19999999999857,3.499999999999659,0.04013761467889583,143.805,143.835,143.622,143.78,2024-10-01 09:04:03.818000+00:00,3.499999999999659,2024-10-01 09:15:00+00:00,2024-10-01 09:04:04.491000+00:00,0.673,0.156,21,True,2024-10-01 09:15:00.058000+00:00,143.78,143.788,8.00000000000125,18.600000000000705,4.966666666666667,18.10000000000116,17.883728080512032,2024-10-01 02:05:45.151000+00:00,1,25098.667,-3843.818,0.8000000000009777,2024-10-01 12:15:00.195000+00:00,143.812,143.816,2.400000000000091,24.00000000000091,7.499999999998863,-22.800000000000864,10587.045,9548.679,-2.400000000000091,0.7999999999981355,-8.400000000000318,-7.900000000000773,-7.699999999999818,2.400000000000091,False,False,True,SL_ONLY,21.000000000015007,19.000000000005457,2024-10-01 09:00:00+00:00,2024-10-01 08:00:00+00:00,143.66197000094576,143.56563611564985,9.633388529590547,Up,Up,Up,2024-10-01 05:00:00+00:00,4.0,2024-10-01 05:00:00+00:00,2024-09-30 21:00:00+00:00,2024-09-30 00:00:00+00:00,143.44655183928796,143.8835435525389,-43.69917132509329,Down,Down,Down,2024-07-15 21:00:00+00:00,1848.0,2024-07-15 21:00:00+00:00,0.673,3.499999999999659
RAW|2024-10-02|2024-10-02T07:45:00Z|-1,2024-10-02,2024H2,2024-10,-1,SHORT,LONDON,2024-10-02 07:45:00+00:00,2024-10-02 08:00:00+00:00,2024-10-02 11:00:00+00:00,144.185,143.53,65.50000000000011,0.10000000000047748,0.0015267175572591955,144.138,144.186,144.054,144.066,2024-10-02 07:46:22.089000+00:00,0.10000000000047748,2024-10-02 08:00:00+00:00,2024-10-02 07:46:22.193000+00:00,0.104,817.807,0,False,2024-10-02 08:00:00.296000+00:00,144.066,144.069,8.799999999999386,14.700000000001978,3.2666666666666666,13.2000000000005,38.311717325166306,2024-10-02 03:54:25.923000+00:00,1,13916.166,817.911,0.2999999999985903,2024-10-02 11:00:00.076000+00:00,144.793,144.8,-73.40000000000089,-734.0000000000089,11.400000000000432,-79.59999999999923,838.624,10432.637,0.9999999999990905,6.60000000000025,-3.8999999999987267,-26.400000000001,-19.999999999998863,,False,False,True,TP_FIRST,-767.0000000000243,-758.0000000000098,2024-10-02 05:00:00+00:00,2024-10-02 04:00:00+00:00,143.72114572814633,143.6272342259211,9.391150222523947,Up,Up,Up,2024-10-01 05:00:00+00:00,24.0,2024-10-01 05:00:00+00:00,2024-10-01 21:00:00+00:00,2024-10-01 00:00:00+00:00,143.47582274234856,143.8567800683358,-38.09573259872536,Down,Down,Down,2024-07-15 21:00:00+00:00,1872.0,2024-07-15 21:00:00+00:00,0.104,0.10000000000047748
RAW|2024-10-03|2024-10-03T08:00:00Z|1,2024-10-03,2024H2,2024-10,1,LONG,LONDON,2024-10-03 08:00:00+00:00,2024-10-03 08:15:00+00:00,2024-10-03 11:15:00+00:00,147.239,146.462,77.70000000000152,7.099999999999795,0.09137709137708695,146.452,146.566,146.391,146.506,2024-10-03 08:00:00.073000+00:00,7.099999999999795,2024-10-03 08:15:00+00:00,2024-10-03 08:00:01.468000+00:00,1.395,5.31,16,True,2024-10-03 08:15:00.182000+00:00,146.502,146.508,-5.19999999999925,17.99999999999784,3.6333333333333333,13.899999999998158,68.5111847472739,2024-10-03 00:00:44.208000+00:00,1,28755.865,-0.07299999999999995,0.6000000000000227,2024-10-03 11:15:00.172000+00:00,146.979,146.983,47.100000000000364,471.00000000000364,47.99999999999898,-1.2000000000000455,4219.273,29.202,8.29999999999984,9.299999999998931,22.399999999998954,35.599999999999454,32.89999999999793,,True,False,False,TP_ONLY,472.0000000000084,464.00000000002706,2024-10-03 05:00:00+00:00,2024-10-03 04:00:00+00:00,146.0374064038138,144.59923401333745,143.81723904763533,Up,Up,Up,2024-10-01 05:00:00+00:00,48.0,2024-10-01 05:00:00+00:00,2024-10-02 21:00:00+00:00,2024-10-02 00:00:00+00:00,144.3253019588204,144.06415766286895,26.11442959514534,Up,Down,Transition,2024-10-02 21:00:00+00:00,0.0,2024-10-02 21:00:00+00:00,1.395,7.099999999999795
RAW|2024-10-07|2024-10-07T07:30:00Z|1,2024-10-07,2024H2,2024-10,1,LONG,LONDON,2024-10-07 07:30:00+00:00,2024-10-07 07:45:00+00:00,2024-10-07 10:45:00+00:00,148.792,148.217,57.49999999999886,6.500000000002615,0.11304347826091728,148.395,148.442,148.152,148.25,2024-10-07 07:38:47.324000+00:00,6.500000000002615,2024-10-07 07:45:00+00:00,2024-10-07 07:41:47.420000+00:00,180.096,2.069,10,True,2024-10-07 07:45:00.004000+00:00,148.244,148.247,16.200000000000614,23.900000000000432,3.8,19.700000000000273,24.70895359371985,2024-10-07 02:19:37.597000+00:00,1,19149.727,1272.676,0.30000000000143245,2024-10-07 10:45:00.009000+00:00,148.556,148.562,30.89999999999975,308.9999999999975,31.499999999999773,-18.600000000000705,10792.881,3048.754,-3.700000000000614,2.6999999999986812,0.0,-3.100000000000591,-0.30000000000143245,30.89999999999975,True,False,True,TP_ONLY,331.0000000000173,341.0000000000082,2024-10-07 05:00:00+00:00,2024-10-07 04:00:00+00:00,148.1898930456221,146.55152948384656,163.83635617755488,Up,Up,Up,2024-10-01 05:00:00+00:00,144.0,2024-10-01 05:00:00+00:00,2024-10-04 21:00:00+00:00,2024-10-04 00:00:00+00:00,146.0840112034798,144.63932704585227,144.46841576275347,Up,Up,Up,2024-10-02 21:00:00+00:00,48.0,2024-10-02 21:00:00+00:00,180.096,6.500000000002615
RAW|2024-10-08|2024-10-08T07:45:00Z|1,2024-10-08,2024H2,2024-10,1,LONG,LONDON,2024-10-08 07:45:00+00:00,2024-10-08 08:00:00+00:00,2024-10-08 11:00:00+00:00,148.191,147.51,68.10000000000116,16.70000000000016,0.2452276064610848,147.545,147.611,147.343,147.591,2024-10-08 07:45:51.403000+00:00,16.70000000000016,2024-10-08 08:00:00+00:00,2024-10-08 07:45:51.566000+00:00,0.163,0.155,6,True,2024-10-08 08:00:00.082000+00:00,147.592,147.597,16.499999999999204,31.999999999999318,3.9166666666666665,9.999999999999432,26.35409253816744,2024-10-08 02:36:16.570000+00:00,1,18574.833,848.597,0.49999999999954525,2024-10-08 11:00:00.087000+00:00,147.879,147.881,28.199999999998226,281.99999999998226,39.79999999999961,-6.900000000001683,10443.531,770.385,2.0999999999986585,2.7999999999991587,6.89999999999884,24.099999999998545,22.8999999999985,28.199999999998226,True,False,False,TP_ONLY,270.9999999999866,268.99999999997704,2024-10-08 05:00:00+00:00,2024-10-08 04:00:00+00:00,148.06606508204783,147.15314325641194,91.29218256358911,Up,Up,Up,2024-10-01 05:00:00+00:00,168.0,2024-10-01 05:00:00+00:00,2024-10-07 21:00:00+00:00,2024-10-07 00:00:00+00:00,146.680579431057,144.9219408821841,175.86385488729093,Up,Up,Up,2024-10-02 21:00:00+00:00,120.0,2024-10-02 21:00:00+00:00,0.163,16.70000000000016
RAW|2024-10-08|2024-10-08T13:30:00Z|-1,2024-10-08,2024H2,2024-10,-1,SHORT,LONDON_NY_OVERLAP,2024-10-08 13:30:00+00:00,2024-10-08 13:45:00+00:00,2024-10-08 16:45:00+00:00,148.191,147.51,68.10000000000116,3.299999999998704,0.048458149779715826,148.053,148.224,147.982,148.096,2024-10-08 13:39:57.125000+00:00,3.299999999998704,2024-10-08 13:45:00+00:00,2024-10-08 13:40:23.951000+00:00,26.826,0.719,5,True,2024-10-08 13:45:00.169000+00:00,148.095,148.104,18.199999999998795,21.299999999999386,5.25,12.699999999998113,26.35409253816744,2024-10-08 00:01:14.030000+00:00,1,49123.095,-20397.125,0.9000000000014552,2024-10-08 16:45:00.173000+00:00,148.179,148.187,-9.200000000001296,-92.00000000001296,5.000000000001137,-27.1000000000015,9340.554,4678.294,-5.19999999999925,-16.499999999999204,-14.19999999999959,-17.300000000000182,-17.69999999999925,-9.200000000001296,False,False,True,SL_ONLY,-97.00000000000841,-88.99999999999864,2024-10-08 13:00:00+00:00,2024-10-08 12:00:00+00:00,148.01072708267748,147.2741036522271,73.66234304503791,Up,Up,Up,2024-10-01 05:00:00+00:00,176.0,2024-10-01 05:00:00+00:00,2024-10-07 21:00:00+00:00,2024-10-07 00:00:00+00:00,146.680579431057,144.9219408821841,175.86385488729093,Up,Up,Up,2024-10-02 21:00:00+00:00,120.0,2024-10-02 21:00:00+00:00,26.826,3.299999999998704
RAW|2024-10-09|2024-10-09T09:15:00Z|-1,2024-10-09,2024H2,2024-10,-1,SHORT,LONDON,2024-10-09 09:15:00+00:00,2024-10-09 09:30:00+00:00,2024-10-09 12:30:00+00:00,148.653,148.01,64.30000000000007,7.099999999999795,0.1104199066873995,148.711,148.724,148.6,148.646,2024-10-09 09:15:00.186000+00:00,7.099999999999795,2024-10-09 09:30:00+00:00,2024-10-09 09:23:29.465000+00:00,509.279,0.103,4,True,2024-10-09 09:30:00.270000+00:00,148.65,148.655,-0.899999999998613,10.999999999998522,0.9166666666666666,7.499999999998863,11.039174619970417,2024-10-09 06:31:44.521000+00:00,1,9795.665,-4500.186,0.49999999999954525,2024-10-09 12:30:00.531000+00:00,148.827,148.83,-18.000000000000682,-180.00000000000682,13.900000000001,-20.49999999999841,4569.996,10684.807,5.500000000000682,2.400000000000091,2.5000000000005684,7.800000000000296,10.500000000001819,-18.000000000000682,False,False,True,TP_FIRST,-191.0000000000025,-190.00000000002615,2024-10-09 09:00:00+00:00,2024-10-09 08:00:00+00:00,148.33813340473415,147.63875266245495,69.93807422792031,Up,Up,Up,2024-10-01 05:00:00+00:00,196.0,2024-10-01 05:00:00+00:00,2024-10-08 21:00:00+00:00,2024-10-08 00:00:00+00:00,147.10898530789785,145.18258561160937,192.63996962884846,Up,Up,Up,2024-10-02 21:00:00+00:00,144.0,2024-10-02 21:00:00+00:00,509.279,7.099999999999795
RAW|2024-10-10|2024-10-10T07:45:00Z|1,2024-10-10,2024H2,2024-10,1,LONG,LONDON,2024-10-10 07:45:00+00:00,2024-10-10 08:00:00+00:00,2024-10-10 11:00:00+00:00,149.544,149.001,54.30000000000064,9.900000000001796,0.18232044198898123,148.952,149.053,148.902,149.018,2024-10-10 07:45:00.392000+00:00,9.900000000001796,2024-10-10 08:00:00+00:00,2024-10-10 07:49:15.251000+00:00,254.859,41.826,14,True,2024-10-10 08:00:00.048000+00:00,149.018,149.026,13.800000000000523,26.599999999999113,3.7333333333333334,21.699999999998454,13.114547332426222,2024-10-10 00:25:42.535000+00:00,1,26357.857,899.608,0.8000000000009777,2024-10-10 11:00:00.076000+00:00,148.845,148.849,-18.10000000000116,-181.0000000000116,18.39999999999975,-25.100000000000477,1052.902,9449.88,6.799999999998363,15.399999999999636,11.599999999998545,4.099999999999682,-14.400000000000546,-18.10000000000116,False,False,True,TP_FIRST,-169.9999999999875,-157.99999999998704,2024-10-10 05:00:00+00:00,2024-10-10 04:00:00+00:00,149.09292692864844,148.1788197773029,91.41071513455472,Up,Up,Up,2024-10-01 05:00:00+00:00,216.0,2024-10-01 05:00:00+00:00,2024-10-09 21:00:00+00:00,2024-10-09 00:00:00+00:00,147.73041807706988,145.51069876268065,221.97193143892378,Up,Up,Up,2024-10-02 21:00:00+00:00,168.0,2024-10-02 21:00:00+00:00,254.859,9.900000000001796
RAW|2024-10-10|2024-10-10T12:30:00Z|-1,2024-10-10,2024H2,2024-10,-1,SHORT,LONDON_NY_OVERLAP,2024-10-10 12:30:00+00:00,2024-10-10 12:45:00+00:00,2024-10-10 15:45:00+00:00,149.544,149.001,54.30000000000064,2.0999999999986585,0.03867403314914611,148.891,149.565,148.226,148.77,2024-10-10 12:30:02.951000+00:00,2.0999999999986585,2024-10-10 12:45:00+00:00,2024-10-10 12:30:03.111000+00:00,0.16,0.113,3,True,2024-10-10 12:45:00.068000+00:00,148.769,148.772,58.799999999999386,85.99999999999852,6.066666666666666,85.99999999999852,13.114547332426222,2024-10-10 04:34:08.120000+00:00,1,28554.831,-16202.951,0.2999999999985903,2024-10-10 15:45:00.132000+00:00,148.49,148.497,27.199999999999136,271.99999999999136,41.70000000000016,-11.199999999999477,5289.548,7279.462,23.400000000000887,16.200000000000614,16.59999999999968,16.59999999999968,-9.299999999998931,27.199999999999136,True,True,False,TP_ONLY,241.99999999999022,285.99999999997294,2024-10-10 09:00:00+00:00,2024-10-10 08:00:00+00:00,149.0858049490346,148.24995419511868,83.58507539159348,Up,Up,Up,2024-10-01 05:00:00+00:00,220.0,2024-10-01 05:00:00+00:00,2024-10-09 21:00:00+00:00,2024-10-09 00:00:00+00:00,147.73041807706988,145.51069876268065,221.97193143892378,Up,Up,Up,2024-10-02 21:00:00+00:00,168.0,2024-10-02 21:00:00+00:00,0.16,2.0999999999986585
RAW|2024-10-11|2024-10-11T09:30:00Z|-1,2024-10-11,2024H2,2024-10,-1,SHORT,LONDON,2024-10-11 09:30:00+00:00,2024-10-11 09:45:00+00:00,2024-10-11 12:45:00+00:00,148.856,148.401,45.49999999999841,2.7000000000015234,0.0593406593406949,148.875,148.883,148.827,148.84,2024-10-11 09:30:00.136000+00:00,2.7000000000015234,2024-10-11 09:45:00+00:00,2024-10-11 09:36:11.098000+00:00,370.962,0.207,2,True,2024-10-11 09:45:00.201000+00:00,148.836,148.841,6.499999999999773,9.299999999998931,1.5166666666666666,3.8000000000010914,8.168844734348934,2024-10-11 06:35:07.892000+00:00,1,10492.244,-5400.136,0.49999999999954525,2024-10-11 12:45:00.030000+00:00,149.19,149.196,-35.99999999999852,-359.9999999999852,4.200000000000159,-39.90000000000009,9903.083,10557.959,-6.499999999999773,-11.499999999998067,-11.299999999999955,-16.19999999999777,-17.499999999998295,,False,False,True,SL_ONLY,-360.99999999999,-359.00000000000887,2024-10-11 09:00:00+00:00,2024-10-11 08:00:00+00:00,148.7251569187045,148.41308819318243,31.206872552206733,Up,Up,Up,2024-10-01 05:00:00+00:00,244.0,2024-10-01 05:00:00+00:00,2024-10-10 21:00:00+00:00,2024-10-10 00:00:00+00:00,147.96572719790706,145.7541628616662,221.15643362408548,Up,Up,Up,2024-10-02 21:00:00+00:00,192.0,2024-10-02 21:00:00+00:00,370.962,2.7000000000015234
RAW|2024-10-14|2024-10-14T07:45:00Z|-1,2024-10-14,2024H2,2024-10,-1,SHORT,LONDON,2024-10-14 07:45:00+00:00,2024-10-14 08:00:00+00:00,2024-10-14 11:00:00+00:00,149.367,149.14,22.700000000000387,2.600000000001046,0.11453744493396482,149.302,149.393,149.3,149.357,2024-10-14 07:47:36.602000+00:00,2.600000000001046,2024-10-14 08:00:00+00:00,2024-10-14 07:47:36.973000+00:00,0.371,0.103,21,True,2024-10-14 08:00:00.257000+00:00,149.358,149.364,4.599999999999227,8.199999999999363,1.85,8.00000000000125,25.812353163024465,2024-10-14 00:02:55.502000+00:00,1,27881.1,743.398,0.6000000000000227,2024-10-14 11:00:00.274000+00:00,149.518,149.522,-16.399999999998727,-163.99999999998727,2.600000000001046,-18.39999999999975,194.92,10457.975,0.20000000000095497,-8.699999999998909,-6.799999999998363,-6.999999999999318,-4.399999999998272,-16.399999999998727,False,False,True,NEITHER,-165.99999999999682,-167.0000000000016,2024-10-14 05:00:00+00:00,2024-10-14 04:00:00+00:00,149.09329739816454,148.66195314714346,43.13442510210734,Up,Up,Up,2024-10-01 05:00:00+00:00,312.0,2024-10-01 05:00:00+00:00,2024-10-11 21:00:00+00:00,2024-10-11 00:00:00+00:00,148.28723371279077,146.02110983273292,226.61238800578474,Up,Up,Up,2024-10-02 21:00:00+00:00,216.0,2024-10-02 21:00:00+00:00,0.371,2.600000000001046
RAW|2024-10-15|2024-10-15T11:30:00Z|1,2024-10-15,2024H2,2024-10,1,LONG,LONDON,2024-10-15 11:30:00+00:00,2024-10-15 11:45:00+00:00,2024-10-15 14:45:00+00:00,149.758,149.304,45.40000000000077,5.000000000001137,0.11013215859033154,149.277,149.363,149.254,149.355,2024-10-15 11:30:00.293000+00:00,5.000000000001137,2024-10-15 11:45:00+00:00,2024-10-15 11:36:44.979000+00:00,404.686,15.043,1,True,2024-10-15 11:45:00.051000+00:00,149.355,149.362,-5.699999999998795,8.599999999998431,0.9833333333333333,4.099999999999682,18.87246926584233,2024-10-15 06:59:56.163000+00:00,1,16204.13,-12600.293,0.7000000000005002,2024-10-15 14:45:00.182000+00:00,148.981,148.987,-38.10000000000002,-381.0000000000002,5.299999999999727,-42.900000000000205,1170.702,10605.765,-1.300000000000523,-0.899999999998613,-8.400000000000318,-27.69999999999868,-21.60000000000082,-38.10000000000002,False,False,True,SL_ONLY,-376.0000000000048,-376.0000000000048,2024-10-15 09:00:00+00:00,2024-10-15 08:00:00+00:00,149.4770068754535,149.07182614310977,40.51807323437231,Up,Up,Up,2024-10-01 05:00:00+00:00,340.0,2024-10-01 05:00:00+00:00,2024-10-14 21:00:00+00:00,2024-10-14 00:00:00+00:00,148.70402408056484,146.3191010461143,238.49230344505372,Up,Up,Up,2024-10-02 21:00:00+00:00,288.0,2024-10-02 21:00:00+00:00,404.686,5.000000000001137
RAW|2024-10-16|2024-10-16T08:15:00Z|-1,2024-10-16,2024H2,2024-10,-1,SHORT,LONDON,2024-10-16 08:15:00+00:00,2024-10-16 08:30:00+00:00,2024-10-16 11:30:00+00:00,149.373,148.861,51.200000000000045,1.300000000000523,0.02539062500001019,149.372,149.386,149.308,149.364,2024-10-16 08:15:01.307000+00:00,1.300000000000523,2024-10-16 08:30:00+00:00,2024-10-16 08:15:02.136000+00:00,0.829,0.457,9,True,2024-10-16 08:30:00.190000+00:00,149.364,149.37,-7.30000000000075,11.000000000001364,2.1,7.30000000000075,11.560736422422496,2024-10-16 05:57:48.704000+00:00,1,8232.603,-901.307,0.6000000000000227,2024-10-16 11:30:00.257000+00:00,149.322,149.326,3.8000000000010914,38.000000000010914,18.10000000000116,-12.999999999999545,4853.115,1615.688,-1.9000000000005457,-4.599999999999227,-10.300000000000864,-0.7000000000005002,2.199999999999136,3.8000000000010914,False,False,True,TP_ONLY,45.000000000015916,46.00000000002069,2024-10-16 05:00:00+00:00,2024-10-16 04:00:00+00:00,149.29838106061715,149.13335714298077,16.502391763637547,Up,Up,Up,2024-10-01 05:00:00+00:00,360.0,2024-10-01 05:00:00+00:00,2024-10-15 21:00:00+00:00,2024-10-15 00:00:00+00:00,148.84173148611774,146.54845296242516,229.3278523692578,Up,Up,Up,2024-10-02 21:00:00+00:00,312.0,2024-10-02 21:00:00+00:00,0.829,1.300000000000523
RAW|2024-10-17|2024-10-17T09:30:00Z|-1,2024-10-17,2024H2,2024-10,-1,SHORT,LONDON,2024-10-17 09:30:00+00:00,2024-10-17 09:45:00+00:00,2024-10-17 12:45:00+00:00,149.648,149.24,40.799999999998704,7.699999999999818,0.18872549019607998,149.719,149.725,149.622,149.625,2024-10-17 09:30:02.083000+00:00,7.699999999999818,2024-10-17 09:45:00+00:00,2024-10-17 09:35:01.353000+00:00,299.27,0.107,20,True,2024-10-17 09:45:00.100000+00:00,149.626,149.631,-1.300000000000523,4.200000000000159,0.9166666666666666,2.899999999999636,10.32118939902509,2024-10-17 06:38:13.113000+00:00,1,10308.97,-5402.083,0.49999999999954525,2024-10-17 12:45:00.003000+00:00,149.969,149.971,-34.499999999999886,-344.99999999999886,16.100000000000136,-46.19999999999891,9797.303,10011.128,-3.299999999998704,-1.8000000000000682,1.2000000000000455,2.2999999999996135,9.499999999999886,,False,False,True,TP_FIRST,-343.00000000001774,-344.99999999999886,2024-10-17 09:00:00+00:00,2024-10-17 08:00:00+00:00,149.6178525594422,149.34519716042283,27.265539901938496,Up,Up,Up,2024-10-01 05:00:00+00:00,388.0,2024-10-01 05:00:00+00:00,2024-10-16 21:00:00+00:00,2024-10-16 00:00:00+00:00,149.06437963294124,146.79425672543115,227.01229075100855,Up,Up,Up,2024-10-02 21:00:00+00:00,336.0,2024-10-02 21:00:00+00:00,299.27,7.699999999999818
RAW|2024-10-18|2024-10-18T08:00:00Z|-1,2024-10-18,2024H2,2024-10,-1,SHORT,LONDON,2024-10-18 08:00:00+00:00,2024-10-18 08:15:00+00:00,2024-10-18 11:15:00+00:00,150.148,149.769,37.89999999999907,0.7000000000005002,0.018469656992098085,150.093,150.155,150.03,150.031,2024-10-18 08:04:58.179000+00:00,0.7000000000005002,2024-10-18 08:15:00+00:00,2024-10-18 08:04:59.266000+00:00,1.087,2.452,1,True,2024-10-18 08:15:02.585000+00:00,150.033,150.039,7.30000000000075,10.300000000000864,1.0333333333333334,7.499999999998863,7.471776301457403,2024-10-18 00:01:31.940000+00:00,1,29006.239,-298.179,0.6000000000000227,2024-10-18 11:15:00.539000+00:00,149.995,149.997,3.5999999999972943,35.99999999997294,44.69999999999743,-4.400000000001114,6946.825,73.754,0.49999999999954525,2.4999999999977263,10.499999999998977,15.799999999998704,16.799999999997794,,True,True,False,TP_ONLY,42.999999999977945,44.999999999987494,2024-10-18 05:00:00+00:00,2024-10-18 04:00:00+00:00,149.94724312775966,149.58035124276302,36.68918849966474,Up,Up,Up,2024-10-01 05:00:00+00:00,408.0,2024-10-01 05:00:00+00:00,2024-10-17 21:00:00+00:00,2024-10-17 00:00:00+00:00,149.3885568806723,147.06663618739665,232.19206932756435,Up,Up,Up,2024-10-02 21:00:00+00:00,360.0,2024-10-02 21:00:00+00:00,1.087,0.7000000000005002
RAW|2024-10-18|2024-10-18T13:30:00Z|1,2024-10-18,2024H2,2024-10,1,LONG,LONDON_NY_OVERLAP,2024-10-18 13:30:00+00:00,2024-10-18 13:45:00+00:00,2024-10-18 16:45:00+00:00,150.148,149.769,37.89999999999907,7.599999999999341,0.20052770448547566,149.755,149.852,149.693,149.849,2024-10-18 13:30:00.146000+00:00,7.599999999999341,2024-10-18 13:45:00+00:00,2024-10-18 13:40:01.118000+00:00,600.972,8.349,7,True,2024-10-18 13:45:00.143000+00:00,149.849,149.851,14.19999999999959,18.10000000000116,2.2333333333333334,4.900000000000659,7.471776301457403,2024-10-18 05:05:52.658000+00:00,1,30247.488,-19800.146,0.20000000000095497,2024-10-18 16:45:01.817000+00:00,149.422,149.426,-42.900000000000205,-429.00000000000205,-0.10000000000047748,-44.49999999999932,1.992,10651.646,-7.400000000001228,-11.400000000000432,-17.199999999999704,-20.400000000000773,-25.100000000000477,-42.900000000000205,False,False,True,SL_ONLY,-427.99999999999727,-430.0000000000068,2024-10-18 13:00:00+00:00,2024-10-18 12:00:00+00:00,149.9168383304896,149.6277276918746,28.911063861499997,Up,Up,Up,2024-10-01 05:00:00+00:00,416.0,2024-10-01 05:00:00+00:00,2024-10-17 21:00:00+00:00,2024-10-17 00:00:00+00:00,149.3885568806723,147.06663618739665,232.19206932756435,Up,Up,Up,2024-10-02 21:00:00+00:00,360.0,2024-10-02 21:00:00+00:00,600.972,7.599999999999341
RAW|2024-10-22|2024-10-22T16:45:00Z|-1,2024-10-22,2024H2,2024-10,-1,SHORT,NEW_YORK,2024-10-22 16:45:00+00:00,2024-10-22 17:00:00+00:00,2024-10-22 20:00:00+00:00,151.102,150.494,60.80000000000041,5.799999999999272,0.09539473684209265,151.16,151.16,151.048,151.056,2024-10-22 16:45:19.537000+00:00,5.799999999999272,2024-10-22 17:00:00+00:00,2024-10-22 16:48:34.143000+00:00,194.606,3.406,20,True,2024-10-22 17:00:00.305000+00:00,151.06,151.064,0.39999999999906777,9.700000000000841,0.45,4.000000000002046,19.69542990080852,2024-10-22 04:20:37.934000+00:00,1,44681.603,-31519.537,0.39999999999906777,2024-10-22 20:00:00.045000+00:00,151.118,151.122,-6.200000000001182,-62.00000000001182,15.600000000000591,-7.099999999999795,5184.029,9411.826,1.6999999999995907,-3.2000000000010687,-5.099999999998772,7.800000000000296,-0.899999999998613,,False,False,True,TP_ONLY,-63.0000000000166,-65.00000000002615,2024-10-22 17:00:00+00:00,2024-10-22 16:00:00+00:00,150.80626676261022,150.16524719133685,64.10195712733753,Up,Up,Up,2024-10-21 09:00:00+00:00,32.0,2024-10-21 09:00:00+00:00,2024-10-21 21:00:00+00:00,2024-10-21 00:00:00+00:00,149.82346779626138,147.5469416690125,227.65261272488715,Up,Up,Up,2024-10-02 21:00:00+00:00,456.0,2024-10-02 21:00:00+00:00,194.606,5.799999999999272
RAW|2024-10-23|2024-10-23T07:45:00Z|-1,2024-10-23,2024H2,2024-10,-1,SHORT,LONDON,2024-10-23 07:45:00+00:00,2024-10-23 08:00:00+00:00,2024-10-23 11:00:00+00:00,152.379,151.135,124.39999999999998,10.80000000000041,0.08681672025723804,152.428,152.487,152.349,152.369,2024-10-23 07:45:00+00:00,10.80000000000041,2024-10-23 08:00:00+00:00,2024-10-23 07:50:48.041000+00:00,348.041,7.591,36,True,2024-10-23 08:00:00.094000+00:00,152.369,152.377,-5.60000000000116,11.599999999998545,1.8166666666666667,10.599999999999454,18.26984293662758,2024-10-23 06:48:49.340000+00:00,1,3370.66,900.0,0.8000000000009777,2024-10-23 11:00:00.092000+00:00,152.82,152.827,-45.79999999999984,-457.9999999999984,4.599999999999227,-51.200000000000045,18.778,10321.427,-1.9000000000005457,-8.600000000001273,-12.800000000001432,-4.900000000000659,-35.80000000000041,,False,False,True,SL_ONLY,-481.9999999999993,-474.9999999999943,2024-10-23 05:00:00+00:00,2024-10-23 04:00:00+00:00,151.33988730415822,150.47430506092772,86.55822432305058,Up,Up,Up,2024-10-21 09:00:00+00:00,44.0,2024-10-21 09:00:00+00:00,2024-10-22 21:00:00+00:00,2024-10-22 00:00:00+00:00,150.17761985447243,147.8282263354915,234.9393518980918,Up,Up,Up,2024-10-02 21:00:00+00:00,480.0,2024-10-02 21:00:00+00:00,348.041,10.80000000000041
RAW|2024-10-24|2024-10-24T07:00:00Z|1,2024-10-24,2024H2,2024-10,1,LONG,LONDON,2024-10-24 07:00:00+00:00,2024-10-24 07:15:00+00:00,2024-10-24 10:15:00+00:00,152.792,152.049,74.2999999999995,0.9000000000014552,0.012113055181715494,152.057,152.188,152.04,152.169,2024-10-24 07:04:08.352000+00:00,0.9000000000014552,2024-10-24 07:15:00+00:00,2024-10-24 07:04:10.958000+00:00,2.606,0.664,5,True,2024-10-24 07:15:00.049000+00:00,152.169,152.172,4.2999999999977945,10.499999999998977,3.4833333333333334,10.499999999998977,13.657153071779458,2024-10-24 06:52:31.427000+00:00,1,696.925,3351.648,0.2999999999985903,2024-10-24 10:15:00.142000+00:00,151.943,151.946,-22.8999999999985,-228.999999999985,14.300000000000068,-34.29999999999893,1160.763,9109.672,-9.999999999999432,-2.000000000001023,-4.300000000000637,5.799999999999272,-19.599999999999795,-22.8999999999985,False,False,True,TP_FIRST,-167.0000000000016,-143.99999999997704,2024-10-24 05:00:00+00:00,2024-10-24 04:00:00+00:00,152.40356386477976,151.32615282664094,107.74110381388198,Up,Up,Up,2024-10-21 09:00:00+00:00,68.0,2024-10-21 09:00:00+00:00,2024-10-23 21:00:00+00:00,2024-10-23 00:00:00+00:00,150.91087132462314,148.2214882286522,268.9383095970953,Up,Up,Up,2024-10-02 21:00:00+00:00,504.0,2024-10-02 21:00:00+00:00,2.606,0.9000000000014552
RAW|2024-10-25|2024-10-25T13:15:00Z|-1,2024-10-25,2024H2,2024-10,-1,SHORT,LONDON_NY_OVERLAP,2024-10-25 13:15:00+00:00,2024-10-25 13:30:00+00:00,2024-10-25 16:30:00+00:00,152.104,151.452,65.20000000000152,0.09999999999763531,0.0015337423312520395,151.977,152.105,151.977,152.023,2024-10-25 13:18:03.018000+00:00,0.09999999999763531,2024-10-25 13:30:00+00:00,2024-10-25 13:18:03.070000+00:00,0.052,8.153,2,True,2024-10-25 13:30:00.082000+00:00,152.019,152.022,16.799999999997794,26.99999999999818,2.8833333333333333,14.399999999997704,14.463874421625604,2024-10-25 00:52:00.852000+00:00,1,44762.166,-19083.018,0.2999999999985903,2024-10-25 16:30:01.582000+00:00,152.171,152.175,-15.600000000000591,-156.0000000000059,10.699999999999932,-17.40000000000066,4957.25,10103.311,-0.1999999999981128,-0.899999999998613,-0.49999999999954525,2.899999999999636,1.9000000000005457,-15.600000000000591,False,False,True,TP_ONLY,-143.00000000000068,-138.00000000000523,2024-10-25 13:00:00+00:00,2024-10-25 12:00:00+00:00,151.92608269265142,151.60105580134794,32.50268913034802,Up,Up,Up,2024-10-21 09:00:00+00:00,100.0,2024-10-21 09:00:00+00:00,2024-10-24 21:00:00+00:00,2024-10-24 00:00:00+00:00,151.16805094615938,148.50864917036003,265.94017757993527,Up,Up,Up,2024-10-02 21:00:00+00:00,528.0,2024-10-02 21:00:00+00:00,0.052,0.09999999999763531
RAW|2024-10-28|2024-10-28T14:00:00Z|1,2024-10-28,2024H2,2024-10,1,LONG,LONDON_NY_OVERLAP,2024-10-28 14:00:00+00:00,2024-10-28 14:15:00+00:00,2024-10-28 17:15:00+00:00,153.879,152.767,111.19999999999948,2.5000000000005684,0.022482014388494426,152.755,152.97,152.742,152.959,2024-10-28 14:00:00.017000+00:00,2.5000000000005684,2024-10-28 14:15:00+00:00,2024-10-28 14:00:00.637000+00:00,0.62,0.408,8,True,2024-10-28 14:15:00.167000+00:00,152.96,152.965,-10.900000000000887,15.500000000000114,2.966666666666667,7.500000000001705,62.77882883108903,2024-10-28 00:04:43.800000+00:00,1,50116.217,-21600.017,0.49999999999954525,2024-10-28 17:15:00.238000+00:00,153.25,153.256,28.49999999999966,284.9999999999966,33.899999999999864,-12.5,10100.357,3521.462,-1.8000000000000682,-1.300000000000523,5.699999999998795,-3.700000000000614,22.299999999998477,28.49999999999966,False,False,False,TP_ONLY,282.99999999998704,282.0000000000107,2024-10-28 13:00:00+00:00,2024-10-28 12:00:00+00:00,152.82849765040655,152.12119223827315,70.7305412133394,Up,Up,Up,2024-10-21 09:00:00+00:00,172.0,2024-10-21 09:00:00+00:00,2024-10-25 21:00:00+00:00,2024-10-25 00:00:00+00:00,151.4754649615424,148.80747723673122,266.79877248111836,Up,Up,Up,2024-10-02 21:00:00+00:00,552.0,2024-10-02 21:00:00+00:00,0.62,2.5000000000005684
RAW|2024-10-29|2024-10-29T07:45:00Z|-1,2024-10-29,2024H2,2024-10,-1,SHORT,LONDON,2024-10-29 07:45:00+00:00,2024-10-29 08:00:00+00:00,2024-10-29 11:00:00+00:00,153.242,152.754,48.799999999999955,0.6000000000000227,0.012295081967213592,153.248,153.248,153.139,153.165,2024-10-29 07:45:01.117000+00:00,0.6000000000000227,2024-10-29 08:00:00+00:00,2024-10-29 07:45:01.374000+00:00,0.257,4.243,2,True,2024-10-29 08:00:00.090000+00:00,153.165,153.169,7.200000000000273,13.49999999999909,3.2,8.999999999997499,9.585299921186433,2024-10-29 00:26:59.483000+00:00,1,26281.634,898.883,0.40000000000190994,2024-10-29 11:00:00.099000+00:00,153.338,153.343,-17.799999999999727,-177.99999999999727,0.39999999999906777,-32.69999999999982,327.442,8937.674,-1.099999999999568,-5.400000000000205,-12.000000000000455,-23.60000000000184,-25.300000000001432,-17.799999999999727,False,False,True,SL_ONLY,-132.99999999998136,-141.9999999999959,2024-10-29 05:00:00+00:00,2024-10-29 04:00:00+00:00,153.00385715597838,152.40021439270555,60.36427632728305,Up,Up,Up,2024-10-21 09:00:00+00:00,188.0,2024-10-21 09:00:00+00:00,2024-10-28 21:00:00+00:00,2024-10-28 00:00:00+00:00,151.98904640110172,149.16471905779272,282.4327343308994,Up,Up,Up,2024-10-02 21:00:00+00:00,624.0,2024-10-02 21:00:00+00:00,0.257,0.6000000000000227
RAW|2024-10-30|2024-10-30T09:00:00Z|1,2024-10-30,2024H2,2024-10,1,LONG,LONDON,2024-10-30 09:00:00+00:00,2024-10-30 09:15:00+00:00,2024-10-30 12:15:00+00:00,153.462,153.07,39.19999999999959,23.499999999998522,0.599489795918336,152.851,153.086,152.835,153.079,2024-10-30 09:00:00.063000+00:00,23.499999999998522,2024-10-30 09:15:00+00:00,2024-10-30 09:13:50.666000+00:00,830.603,1.884,5,True,2024-10-30 09:15:00.005000+00:00,153.08,153.085,16.99999999999875,24.00000000000091,4.4,6.100000000000705,6.590760829359753,2024-10-30 00:18:22.907000+00:00,1,31297.156,-3600.063,0.49999999999954525,2024-10-30 12:15:00.143000+00:00,153.016,153.035,-6.900000000001683,-69.00000000001683,10.80000000000041,-30.700000000001637,930.987,7711.821,1.099999999999568,9.199999999998454,2.0999999999986585,-20.199999999999818,-19.700000000000273,-6.900000000001683,False,False,True,TP_FIRST,-52.00000000002092,-55.00000000000682,2024-10-30 09:00:00+00:00,2024-10-30 08:00:00+00:00,153.19917161376006,152.80892914708838,39.02424666716797,Up,Up,Up,2024-10-21 09:00:00+00:00,216.0,2024-10-21 09:00:00+00:00,2024-10-29 21:00:00+00:00,2024-10-29 00:00:00+00:00,152.37674742935837,149.49922153316933,287.75258961890415,Up,Up,Up,2024-10-02 21:00:00+00:00,648.0,2024-10-02 21:00:00+00:00,830.603,23.499999999998522
RAW|2024-10-30|2024-10-30T12:30:00Z|-1,2024-10-30,2024H2,2024-10,-1,SHORT,LONDON_NY_OVERLAP,2024-10-30 12:30:00+00:00,2024-10-30 12:45:00+00:00,2024-10-30 15:45:00+00:00,153.462,153.07,39.19999999999959,2.800000000002001,0.07142857142862322,153.359,153.49,153.208,153.377,2024-10-30 12:30:26.763000+00:00,2.800000000002001,2024-10-30 12:45:00+00:00,2024-10-30 12:30:26.866000+00:00,0.103,0.103,21,True,2024-10-30 12:45:00.090000+00:00,153.378,153.382,16.100000000000136,25.800000000000978,7.333333333333333,25.800000000000978,6.590760829359753,2024-10-30 06:15:14.699000+00:00,1,22512.064,-16226.763,0.40000000000190994,2024-10-30 15:45:00.349000+00:00,153.335,153.341,3.6999999999977717,36.99999999997772,50.59999999999718,-5.900000000002592,4330.006,1267.486,1.799999999997226,0.9999999999990905,0.5999999999971806,26.39999999999816,13.49999999999909,3.6999999999977717,True,True,False,TP_ONLY,37.99999999998249,55.999999999983174,2024-10-30 09:00:00+00:00,2024-10-30 08:00:00+00:00,153.19917161376006,152.80892914708838,39.02424666716797,Up,Up,Up,2024-10-21 09:00:00+00:00,216.0,2024-10-21 09:00:00+00:00,2024-10-29 21:00:00+00:00,2024-10-29 00:00:00+00:00,152.37674742935837,149.49922153316933,287.75258961890415,Up,Up,Up,2024-10-02 21:00:00+00:00,648.0,2024-10-02 21:00:00+00:00,0.103,2.800000000002001
RAW|2024-10-31|2024-10-31T07:00:00Z|1,2024-10-31,2024H2,2024-10,1,LONG,LONDON,2024-10-31 07:00:00+00:00,2024-10-31 07:15:00+00:00,2024-10-31 10:15:00+00:00,153.611,152.052,155.89999999999975,0.1999999999981128,0.0012828736369346575,152.177,152.373,152.05,152.364,2024-10-31 07:00:43.991000+00:00,0.1999999999981128,2024-10-31 07:15:00+00:00,2024-10-31 07:00:44.298000+00:00,0.307,855.702,0,False,2024-10-31 07:15:00.093000+00:00,152.362,152.364,45.599999999998886,51.29999999999768,3.8833333333333333,21.299999999999386,38.370294812175274,2024-10-31 06:51:54.241000+00:00,1,529.75,3556.009,0.20000000000095497,2024-10-31 10:15:00.132000+00:00,152.343,152.347,-2.1000000000015007,-21.000000000015007,21.699999999998454,-44.300000000001205,1363.739,4661.212,-3.8000000000010914,-11.600000000001387,2.6999999999986812,-17.900000000000205,9.899999999998954,-2.1000000000015007,False,False,True,TP_FIRST,-12.000000000000455,-23.000000000024556,2024-10-31 05:00:00+00:00,2024-10-31 04:00:00+00:00,153.2130371448206,152.95827865409106,25.475849072952883,Up,Up,Up,2024-10-21 09:00:00+00:00,236.0,2024-10-21 09:00:00+00:00,2024-10-30 21:00:00+00:00,2024-10-30 00:00:00+00:00,152.66853387811312,149.8111238105158,285.74100675973284,Up,Up,Up,2024-10-02 21:00:00+00:00,672.0,2024-10-02 21:00:00+00:00,0.307,0.1999999999981128
RAW|2024-11-01|2024-11-01T08:00:00Z|-1,2024-11-01,2024H2,2024-11,-1,SHORT,LONDON,2024-11-01 08:00:00+00:00,2024-11-01 08:15:00+00:00,2024-11-01 11:15:00+00:00,152.652,151.874,77.79999999999916,3.900000000001569,0.05012853470439089,152.546,152.691,152.535,152.63,2024-11-01 08:00:58.925000+00:00,3.900000000001569,2024-11-01 08:15:00+00:00,2024-11-01 08:00:59.131000+00:00,0.206,0.516,24,True,2024-11-01 08:15:01.910000+00:00,152.63,152.637,21.399999999999864,21.89999999999941,6.45,13.399999999998613,15.616814839988535,2024-11-01 05:53:04.557000+00:00,1,7674.368,-58.925,0.7000000000005002,2024-11-01 11:15:00.416000+00:00,152.643,152.649,-1.9000000000005457,-19.000000000005457,10.099999999999909,-22.100000000000364,346.925,6934.201,3.499999999999659,-2.2999999999996135,-2.2999999999996135,6.100000000000705,-20.000000000001705,,False,False,True,TP_FIRST,-15.999999999991132,-36.000000000001364,2024-11-01 05:00:00+00:00,2024-11-01 04:00:00+00:00,152.4270905268028,152.71153594187814,-28.444541507533927,Down,Down,Down,2024-10-31 17:00:00+00:00,12.0,2024-10-31 17:00:00+00:00,2024-10-31 21:00:00+00:00,2024-10-31 00:00:00+00:00,152.48380991293794,149.98799390567453,249.58160072634143,Up,Up,Up,2024-10-02 21:00:00+00:00,696.0,2024-10-02 21:00:00+00:00,0.206,3.900000000001569
RAW|2024-11-01|2024-11-01T12:45:00Z|1,2024-11-01,2024H2,2024-11,1,LONG,LONDON_NY_OVERLAP,2024-11-01 12:45:00+00:00,2024-11-01 13:00:00+00:00,2024-11-01 16:00:00+00:00,152.652,151.874,77.79999999999916,8.500000000000796,0.10925449871466436,151.924,152.067,151.789,152.037,2024-11-01 12:45:19.879000+00:00,8.500000000000796,2024-11-01 13:00:00+00:00,2024-11-01 12:45:21.580000+00:00,1.701,1.799,21,True,2024-11-01 13:00:00.023000+00:00,152.036,152.042,20.49999999999841,41.900000000001114,7.166666666666667,20.899999999997476,15.616814839988535,2024-11-01 00:54:10.042000+00:00,1,42669.837,-17119.879,0.6000000000000227,2024-11-01 16:00:00.046000+00:00,152.942,152.945,90.00000000000057,900.0000000000057,102.29999999999961,-7.200000000000273,7531.72,23.311,13.2000000000005,-1.4000000000010004,20.79999999999984,37.10000000000093,85.3999999999985,90.00000000000057,True,True,False,TP_ONLY,901.0000000000105,852.0000000000039,2024-11-01 13:00:00+00:00,2024-11-01 12:00:00+00:00,152.35888292183816,152.65223442120566,-29.335149936750327,Down,Down,Down,2024-10-31 17:00:00+00:00,20.0,2024-10-31 17:00:00+00:00,2024-10-31 21:00:00+00:00,2024-10-31 00:00:00+00:00,152.48380991293794,149.98799390567453,249.58160072634143,Up,Up,Up,2024-10-02 21:00:00+00:00,696.0,2024-10-02 21:00:00+00:00,1.701,8.500000000000796
RAW|2024-11-04|2024-11-04T11:30:00Z|1,2024-11-04,2024H2,2024-11,1,LONG,LONDON,2024-11-04 11:30:00+00:00,2024-11-04 11:45:00+00:00,2024-11-04 14:45:00+00:00,152.288,151.598,68.99999999999977,1.1000000000024102,0.015942028985542228,151.716,151.738,151.587,151.602,2024-11-04 11:44:25.890000+00:00,1.1000000000024102,2024-11-04 11:45:00+00:00,2024-11-04 11:44:28.047000+00:00,2.157,0.103,3,True,2024-11-04 11:45:01.555000+00:00,151.604,151.607,10.80000000000041,14.799999999999613,1.5833333333333333,6.499999999999773,18.802500248088485,2024-11-04 03:40:11.090000+00:00,1,29054.8,-13465.89,0.2999999999985903,2024-11-04 14:45:00.048000+00:00,151.938,151.948,33.099999999998886,330.99999999998886,45.79999999999984,-7.599999999999341,6347.88,503.559,-0.2999999999985903,-5.099999999998772,9.000000000000341,18.10000000000116,35.40000000000134,,True,False,True,TP_ONLY,331.99999999999363,330.99999999998886,2024-11-04 10:00:00+00:00,2024-11-04 08:00:00+00:00,152.13620486289904,152.50502190871413,-36.88170458150921,Down,Down,Down,2024-10-31 17:00:00+00:00,89.0,2024-10-31 17:00:00+00:00,2024-11-01 21:00:00+00:00,2024-11-01 00:00:00+00:00,152.6158642235271,150.22463439322058,239.12298303065143,Up,Up,Up,2024-10-02 21:00:00+00:00,720.0,2024-10-02 21:00:00+00:00,2.157,1.1000000000024102
RAW|2024-11-05|2024-11-05T09:30:00Z|1,2024-11-05,2024H2,2024-11,1,LONG,LONDON,2024-11-05 09:30:00+00:00,2024-11-05 09:45:00+00:00,2024-11-05 12:45:00+00:00,152.543,152.113,43.00000000000068,2.6999999999986812,0.06279069767438694,152.192,152.194,152.086,152.148,2024-11-05 09:36:36.343000+00:00,2.6999999999986812,2024-11-05 09:45:00+00:00,2024-11-05 09:39:10.076000+00:00,153.733,349.924,0,False,2024-11-05 09:45:00.146000+00:00,152.146,152.152,7.599999999999341,11.299999999999955,1.9,8.399999999997476,8.468434403113367,2024-11-05 00:13:25.659000+00:00,1,33790.684,-5796.343,0.6000000000000227,2024-11-05 12:45:02.532000+00:00,152.241,152.246,8.900000000002706,89.00000000002706,11.800000000002342,-6.799999999998363,4045.999,8652.577,-0.39999999999906777,3.100000000000591,4.000000000002046,3.500000000002501,2.9000000000024784,8.900000000002706,False,False,True,TP_ONLY,92.00000000001296,92.00000000001296,2024-11-05 06:00:00+00:00,2024-11-05 04:00:00+00:00,152.2091609565395,152.3863572810751,-17.719632453560052,Down,Down,Down,2024-10-31 17:00:00+00:00,109.0,2024-10-31 17:00:00+00:00,2024-11-04 22:00:00+00:00,2024-11-04 00:00:00+00:00,152.47761730251935,150.37722364176292,210.03936607564242,Up,Up,Up,2024-10-02 21:00:00+00:00,793.0,2024-10-02 21:00:00+00:00,153.733,2.6999999999986812
RAW|2024-11-06|2024-11-06T13:00:00Z|-1,2024-11-06,2024H2,2024-11,-1,SHORT,LONDON_NY_OVERLAP,2024-11-06 13:00:00+00:00,2024-11-06 13:15:00+00:00,2024-11-06 16:15:00+00:00,154.38,151.283,309.70000000000084,5.60000000000116,0.018082014853087323,154.41,154.436,154.15,154.233,2024-11-06 13:00:00.218000+00:00,5.60000000000116,2024-11-06 13:15:00+00:00,2024-11-06 13:00:24.132000+00:00,23.914,2.15,38,True,2024-11-06 13:15:00.037000+00:00,154.235,154.245,0.6000000000000227,10.299999999998022,3.6666666666666665,9.399999999999409,46.37941315141661,2024-11-06 06:43:43.395000+00:00,1,22576.823,-18000.218,0.9999999999990905,2024-11-06 16:15:00.304000+00:00,154.314,154.319,-8.399999999997476,-83.99999999997476,24.900000000002365,-24.799999999999045,6840.846,5041.53,7.500000000001705,-7.899999999997931,-3.499999999999659,-9.299999999998931,12.300000000001887,-8.399999999997476,False,False,True,TP_FIRST,-94.99999999999886,-107.99999999997567,2024-11-06 10:00:00+00:00,2024-11-06 08:00:00+00:00,153.02481058029716,152.53445200639797,49.03585738991865,Up,Up,Up,2024-11-06 06:00:00+00:00,4.0,2024-11-06 06:00:00+00:00,2024-11-05 22:00:00+00:00,2024-11-05 00:00:00+00:00,152.22944093037097,150.47576575042189,175.36751799490844,Up,Up,Up,2024-10-02 21:00:00+00:00,817.0,2024-10-02 21:00:00+00:00,23.914,5.60000000000116
RAW|2024-11-07|2024-11-07T07:45:00Z|1,2024-11-07,2024H2,2024-11,1,LONG,LONDON,2024-11-07 07:45:00+00:00,2024-11-07 08:00:00+00:00,2024-11-07 11:00:00+00:00,154.708,153.93,77.79999999999916,11.400000000000432,0.14652956298201228,153.816,154.005,153.816,154.0,2024-11-07 07:45:00.069000+00:00,11.400000000000432,2024-11-07 08:00:00+00:00,2024-11-07 07:55:16.521000+00:00,616.452,4.933,12,True,2024-11-07 08:00:00.062000+00:00,154.0,154.007,-2.7999999999991587,13.599999999999568,4.266666666666667,9.399999999999409,12.25797845242746,2024-11-07 06:59:53.389000+00:00,2,2706.68,899.931,0.7000000000005002,2024-11-07 11:00:00.114000+00:00,154.014,154.021,0.7000000000005002,7.000000000005002,12.5,-19.200000000000728,4691.493,1438.85,3.3999999999991815,-3.6000000000001364,-11.600000000001387,3.700000000000614,-6.499999999999773,0.7000000000005002,False,False,True,TP_ONLY,8.000000000009777,-3.9999999999906777,2024-11-07 06:00:00+00:00,2024-11-07 04:00:00+00:00,154.10587011741706,153.1724275654877,93.34425519293461,Up,Up,Up,2024-11-06 06:00:00+00:00,24.0,2024-11-06 06:00:00+00:00,2024-11-06 22:00:00+00:00,2024-11-06 00:00:00+00:00,152.9116006645507,150.80706449038814,210.4536174162547,Up,Up,Up,2024-10-02 21:00:00+00:00,841.0,2024-10-02 21:00:00+00:00,616.452,11.400000000000432
RAW|2024-11-08|2024-11-08T08:30:00Z|1,2024-11-08,2024H2,2024-11,1,LONG,LONDON,2024-11-08 08:30:00+00:00,2024-11-08 08:45:00+00:00,2024-11-08 11:45:00+00:00,153.366,152.548,81.8000000000012,4.699999999999704,0.05745721271393197,152.548,152.623,152.501,152.59,2024-11-08 08:30:00.324000+00:00,4.699999999999704,2024-11-08 08:45:00+00:00,2024-11-08 08:30:00.427000+00:00,0.103,0.207,20,True,2024-11-08 08:45:00.264000+00:00,152.59,152.599,6.800000000001205,16.799999999997794,4.133333333333334,14.799999999999613,29.537996367332422,2024-11-08 04:17:47.577000+00:00,1,15132.747,-1800.324,0.899999999998613,2024-11-08 11:45:00.007000+00:00,152.389,152.396,-20.999999999997954,-209.99999999997954,-0.7999999999981355,-45.999999999997954,0.307,4942.302,-10.799999999997567,-25.29999999999859,-20.09999999999934,-27.899999999999636,-40.69999999999823,,False,False,True,SL_ONLY,-191.99999999997885,-201.99999999999818,2024-11-08 06:00:00+00:00,2024-11-08 04:00:00+00:00,153.18625670073388,153.16933533385966,1.6921366874214527,Up,Up,Up,2024-11-06 06:00:00+00:00,48.0,2024-11-06 06:00:00+00:00,2024-11-07 22:00:00+00:00,2024-11-07 00:00:00+00:00,152.9148576175362,150.97633933115708,193.85182863791215,Up,Up,Up,2024-10-02 21:00:00+00:00,865.0,2024-10-02 21:00:00+00:00,0.103,4.699999999999704
RAW|2024-11-11|2024-11-11T09:45:00Z|-1,2024-11-11,2024H2,2024-11,-1,SHORT,LONDON,2024-11-11 09:45:00+00:00,2024-11-11 10:00:00+00:00,2024-11-11 13:00:00+00:00,153.667,152.87,79.6999999999997,0.7000000000005002,0.00878293601004395,153.674,153.674,153.594,153.62,2024-11-11 09:45:00.704000+00:00,0.7000000000005002,2024-11-11 10:00:00+00:00,2024-11-11 09:45:01.368000+00:00,0.664,0.102,4,True,2024-11-11 10:00:00.081000+00:00,153.621,153.626,-1.2000000000000455,8.70000000000175,2.4833333333333334,4.699999999999704,14.769785770671378,2024-11-11 05:25:39.256000+00:00,1,15561.448,-6300.704,0.49999999999954525,2024-11-11 13:00:00.084000+00:00,153.791,153.797,-17.599999999998772,-175.99999999998772,6.30000000000166,-23.399999999998045,515.668,9354.078,0.20000000000095497,-1.999999999998181,-5.599999999998317,-7.599999999999341,-13.899999999998158,-17.599999999998772,False,False,True,SL_ONLY,-174.99999999998295,-181.99999999998795,2024-11-11 10:00:00+00:00,2024-11-11 08:00:00+00:00,153.22674579802734,153.10495666772704,12.178913030030003,Up,Up,Up,2024-11-11 06:00:00+00:00,4.0,2024-11-11 06:00:00+00:00,2024-11-08 22:00:00+00:00,2024-11-08 00:00:00+00:00,152.82718401252586,151.10687218466452,172.03118278613374,Up,Up,Up,2024-10-02 21:00:00+00:00,889.0,2024-10-02 21:00:00+00:00,0.664,0.7000000000005002
RAW|2024-11-12|2024-11-12T10:45:00Z|-1,2024-11-12,2024H2,2024-11,-1,SHORT,LONDON,2024-11-12 10:45:00+00:00,2024-11-12 11:00:00+00:00,2024-11-12 14:00:00+00:00,154.061,153.403,65.80000000000155,3.299999999998704,0.050151975683869705,154.091,154.094,154.019,154.049,2024-11-12 10:45:01.008000+00:00,3.299999999998704,2024-11-12 11:00:00+00:00,2024-11-12 10:45:31.219000+00:00,30.211,84.205,9,True,2024-11-12 11:00:00.321000+00:00,154.05,154.056,0.40000000000190994,6.299999999998818,1.65,6.19999999999834,19.375160876898253,2024-11-12 02:11:41.812000+00:00,1,30799.196,-9901.008,0.6000000000000227,2024-11-12 14:00:00.359000+00:00,154.379,154.387,-33.69999999999891,-336.9999999999891,11.20000000000232,-34.99999999999943,1377.259,10699.825,5.700000000001637,8.200000000002206,5.60000000000116,-2.899999999999636,-2.899999999999636,-33.69999999999891,False,False,True,TP_FIRST,-342.9999999999893,-340.0000000000034,2024-11-12 10:00:00+00:00,2024-11-12 08:00:00+00:00,153.78973160072908,153.39661220734342,39.31193933856605,Up,Up,Up,2024-11-11 06:00:00+00:00,28.0,2024-11-11 06:00:00+00:00,2024-11-11 22:00:00+00:00,2024-11-11 00:00:00+00:00,153.07684572323276,151.31440240989136,176.24433133414072,Up,Up,Up,2024-10-02 21:00:00+00:00,961.0,2024-10-02 21:00:00+00:00,30.211,3.299999999998704
RAW|2024-11-13|2024-11-13T08:30:00Z|-1,2024-11-13,2024H2,2024-11,-1,SHORT,LONDON,2024-11-13 08:30:00+00:00,2024-11-13 08:45:00+00:00,2024-11-13 11:45:00+00:00,155.154,154.539,61.50000000000091,8.199999999999363,0.133333333333321,155.23,155.236,155.027,155.028,2024-11-13 08:30:00.138000+00:00,8.199999999999363,2024-11-13 08:45:00+00:00,2024-11-13 08:31:10.172000+00:00,70.034,0.154,9,True,2024-11-13 08:45:00.158000+00:00,155.029,155.034,5.400000000000205,14.500000000001023,2.85,8.600000000001273,13.167103508420718,2024-11-13 06:42:40.944000+00:00,1,6439.194,-1800.138,0.49999999999954525,2024-11-13 11:45:00.014000+00:00,154.949,154.955,7.399999999998386,73.99999999998386,22.999999999998977,-3.999999999999204,3190.942,1203.173,2.5000000000005684,1.5999999999991132,-0.30000000000143245,15.100000000001046,10.900000000000887,,True,False,False,TP_ONLY,71.9999999999743,82.99999999999841,2024-11-13 06:00:00+00:00,2024-11-13 04:00:00+00:00,154.54138747261726,153.83058403987968,71.08034327375776,Up,Up,Up,2024-11-11 06:00:00+00:00,48.0,2024-11-11 06:00:00+00:00,2024-11-12 22:00:00+00:00,2024-11-12 00:00:00+00:00,153.5103183737377,151.57677021710003,193.354815663767,Up,Up,Up,2024-10-02 21:00:00+00:00,985.0,2024-10-02 21:00:00+00:00,70.034,8.199999999999363
RAW|2024-11-13|2024-11-13T13:30:00Z|1,2024-11-13,2024H2,2024-11,1,LONG,LONDON_NY_OVERLAP,2024-11-13 13:30:00+00:00,2024-11-13 13:45:00+00:00,2024-11-13 16:45:00+00:00,155.154,154.539,61.50000000000091,12.599999999997635,0.20487804878044633,154.919,154.945,154.413,154.57,2024-11-13 13:30:06.168000+00:00,12.599999999997635,2024-11-13 13:45:00+00:00,2024-11-13 13:30:07.232000+00:00,1.064,456.047,13,True,2024-11-13 13:45:00.069000+00:00,154.572,154.576,44.29999999999836,52.899999999999636,5.6,45.69999999999936,13.167103508420718,2024-11-13 02:02:26.312000+00:00,1,41259.856,-19806.168,0.39999999999906777,2024-11-13 16:45:00.213000+00:00,155.223,155.229,64.70000000000198,647.0000000000198,67.9000000000002,-23.799999999999955,10632.306,1670.93,1.6000000000019554,-6.60000000000025,-19.299999999998363,4.800000000000182,41.59999999999968,64.70000000000198,True,True,True,SL_FIRST,691.0000000000025,693.000000000012,2024-11-13 10:00:00+00:00,2024-11-13 08:00:00+00:00,154.64241962329805,153.91573731668933,72.66823066087227,Up,Up,Up,2024-11-11 06:00:00+00:00,52.0,2024-11-11 06:00:00+00:00,2024-11-12 22:00:00+00:00,2024-11-12 00:00:00+00:00,153.5103183737377,151.57677021710003,193.354815663767,Up,Up,Up,2024-10-02 21:00:00+00:00,985.0,2024-10-02 21:00:00+00:00,1.064,12.599999999997635
RAW|2024-11-14|2024-11-14T09:45:00Z|-1,2024-11-14,2024H2,2024-11,-1,SHORT,LONDON,2024-11-14 09:45:00+00:00,2024-11-14 10:00:00+00:00,2024-11-14 13:00:00+00:00,156.133,155.404,72.90000000000134,1.2999999999976808,0.01783264746224495,156.078,156.146,156.063,156.107,2024-11-14 09:52:20.081000+00:00,1.2999999999976808,2024-11-14 10:00:00+00:00,2024-11-14 09:52:30.754000+00:00,10.673,57.154,11,True,2024-11-14 10:00:01.429000+00:00,156.108,156.114,6.700000000000728,11.299999999999955,2.85,7.500000000001705,15.275793734177489,2024-11-14 04:46:23.525000+00:00,1,18356.556,-6740.081,0.6000000000000227,2024-11-14 13:00:00.100000+00:00,155.994,156.0,10.80000000000041,108.00000000000409,24.399999999999977,-13.900000000001,7375.975,2458.84,-2.5999999999982037,-3.0000000000001137,-10.999999999998522,5.100000000001614,18.10000000000116,,False,False,True,TP_ONLY,106.99999999999932,116.99999999999022,2024-11-14 10:00:00+00:00,2024-11-14 08:00:00+00:00,155.65367733354327,154.5900301048569,106.36472286863636,Up,Up,Up,2024-11-11 06:00:00+00:00,76.0,2024-11-11 06:00:00+00:00,2024-11-13 22:00:00+00:00,2024-11-13 00:00:00+00:00,154.0633702669555,151.88630859973202,217.70616672234837,Up,Up,Up,2024-10-02 21:00:00+00:00,1009.0,2024-10-02 21:00:00+00:00,10.673,1.2999999999976808
RAW|2024-11-18|2024-11-18T12:00:00Z|-1,2024-11-18,2024H2,2024-11,-1,SHORT,LONDON_NY_OVERLAP,2024-11-18 12:00:00+00:00,2024-11-18 12:15:00+00:00,2024-11-18 15:15:00+00:00,155.138,153.838,130.00000000000114,0.7999999999981355,0.006153846153831758,155.057,155.146,155.029,155.076,2024-11-18 12:10:30.687000+00:00,0.7999999999981355,2024-11-18 12:15:00+00:00,2024-11-18 12:10:30.789000+00:00,0.102,0.358,2,True,2024-11-18 12:15:00.011000+00:00,155.072,155.082,10.500000000001819,12.400000000002365,2.216666666666667,9.200000000001296,200.38767307522033,2024-11-18 01:27:30.086000+00:00,1,38580.601,-15030.687,0.9999999999990905,2024-11-18 15:15:00.984000+00:00,154.977,154.983,8.899999999999864,88.99999999999864,48.099999999999454,-28.899999999998727,9108.018,2882.748,-3.8999999999987267,-10.200000000000387,-1.2000000000000455,-14.19999999999959,21.100000000001273,8.899999999999864,False,False,True,SL_FIRST,92.99999999998931,90.00000000000341,2024-11-18 10:00:00+00:00,2024-11-18 08:00:00+00:00,154.8053865382318,154.95435236352193,-14.896582529013358,Down,Down,Down,2024-11-15 22:00:00+00:00,60.0,2024-11-15 22:00:00+00:00,2024-11-15 22:00:00+00:00,2024-11-15 00:00:00+00:00,154.56094401375282,152.3958963988132,216.5047614939624,Up,Up,Up,2024-10-02 21:00:00+00:00,1057.0,2024-10-02 21:00:00+00:00,0.102,0.7999999999981355
RAW|2024-11-19|2024-11-19T07:15:00Z|-1,2024-11-19,2024H2,2024-11,-1,SHORT,LONDON,2024-11-19 07:15:00+00:00,2024-11-19 07:30:00+00:00,2024-11-19 10:30:00+00:00,154.614,153.948,66.59999999999968,0.8000000000009777,0.01201201201202675,154.573,154.622,154.498,154.606,2024-11-19 07:26:17.215000+00:00,0.8000000000009777,2024-11-19 07:30:00+00:00,2024-11-19 07:26:17.325000+00:00,0.11,0.46,4,True,2024-11-19 07:30:00.018000+00:00,154.606,154.613,7.400000000001228,11.700000000001864,2.05,10.300000000000864,21.506726682657273,2024-11-19 00:00:00.112000+00:00,1,26777.103,2022.785,0.7000000000005002,2024-11-19 10:30:00.054000+00:00,153.649,153.656,94.99999999999886,949.9999999999886,131.89999999999884,-5.299999999999727,4333.246,831.096,3.0000000000001137,-2.1000000000015007,7.399999999998386,41.100000000000136,117.1999999999997,94.99999999999886,True,True,True,TP_ONLY,945.999999999998,948.9999999999839,2024-11-19 06:00:00+00:00,2024-11-19 04:00:00+00:00,154.5275327501621,154.8102229742068,-28.26902240446998,Down,Down,Down,2024-11-15 22:00:00+00:00,80.0,2024-11-15 22:00:00+00:00,2024-11-18 22:00:00+00:00,2024-11-18 00:00:00+00:00,154.58610286696629,152.57614468690812,200.99581800581632,Up,Up,Up,2024-10-02 21:00:00+00:00,1129.0,2024-10-02 21:00:00+00:00,0.11,0.8000000000009777
RAW|2024-11-19|2024-11-19T11:30:00Z|1,2024-11-19,2024H2,2024-11,1,LONG,LONDON,2024-11-19 11:30:00+00:00,2024-11-19 11:45:00+00:00,2024-11-19 14:45:00+00:00,154.614,153.948,66.59999999999968,21.800000000001774,0.32732732732735553,153.762,153.985,153.73,153.973,2024-11-19 11:30:00.085000+00:00,21.800000000001774,2024-11-19 11:45:00+00:00,2024-11-19 11:43:16.122000+00:00,796.037,103.878,0,False,2024-11-19 11:45:01.070000+00:00,153.973,153.98,7.900000000000773,14.099999999999113,2.9,12.899999999999068,21.506726682657273,2024-11-19 03:05:48.252000+00:00,1,30251.833,-12600.085,0.699999999997658,2024-11-19 14:45:00.056000+00:00,154.095,154.101,11.50000000000091,115.0000000000091,22.59999999999991,-57.20000000000027,3786.191,8048.571,-2.4999999999977263,11.600000000001387,15.100000000001046,20.000000000001705,-44.29999999999836,,False,False,True,TP_FIRST,115.99999999998545,127.9999999999859,2024-11-19 10:00:00+00:00,2024-11-19 08:00:00+00:00,154.30909482154436,154.72644513627026,-41.73503147258941,Down,Down,Down,2024-11-15 22:00:00+00:00,84.0,2024-11-15 22:00:00+00:00,2024-11-18 22:00:00+00:00,2024-11-18 00:00:00+00:00,154.58610286696629,152.57614468690812,200.99581800581632,Up,Up,Up,2024-10-02 21:00:00+00:00,1129.0,2024-10-02 21:00:00+00:00,796.037,21.800000000001774
RAW|2024-11-20|2024-11-20T15:00:00Z|-1,2024-11-20,2024H2,2024-11,-1,SHORT,LONDON_NY_OVERLAP,2024-11-20 15:00:00+00:00,2024-11-20 15:15:00+00:00,2024-11-20 18:15:00+00:00,155.459,154.584,87.5,14.099999999999113,0.161142857142847,155.6,155.6,155.133,155.255,2024-11-20 15:00:00.034000+00:00,14.099999999999113,2024-11-20 15:15:00+00:00,2024-11-20 15:04:28.115000+00:00,268.081,631.885,0,False,2024-11-20 15:15:00.080000+00:00,155.256,155.266,-6.999999999999318,17.00000000000159,3.4,12.800000000001432,13.048316673946799,2024-11-20 06:52:26.503000+00:00,1,29253.531,-25200.034,0.9999999999990905,2024-11-20 18:15:00.428000+00:00,155.326,155.335,-7.900000000000773,-79.00000000000773,19.499999999999318,-36.000000000001364,370.676,2592.554,2.0999999999986585,6.60000000000025,-5.19999999999925,-24.100000000001387,-5.89999999999975,-7.900000000000773,False,False,True,TP_FIRST,-106.99999999999932,-99.00000000001796,2024-11-20 14:00:00+00:00,2024-11-20 12:00:00+00:00,155.20128544949463,154.8505842363041,35.07012131905469,Up,Up,Up,2024-11-20 10:00:00+00:00,4.0,2024-11-20 10:00:00+00:00,2024-11-19 22:00:00+00:00,2024-11-19 00:00:00+00:00,154.60350204783305,152.74181311195548,186.16889358775666,Up,Up,Up,2024-10-02 21:00:00+00:00,1153.0,2024-10-02 21:00:00+00:00,268.081,14.099999999999113
RAW|2024-11-21|2024-11-21T11:30:00Z|1,2024-11-21,2024H2,2024-11,1,LONG,LONDON,2024-11-21 11:30:00+00:00,2024-11-21 11:45:00+00:00,2024-11-21 14:45:00+00:00,155.299,154.554,74.50000000000045,13.300000000000978,0.17852348993289793,154.459,154.582,154.421,154.559,2024-11-21 11:30:00.334000+00:00,13.300000000000978,2024-11-21 11:45:00+00:00,2024-11-21 11:42:26.050000+00:00,745.716,0.463,4,True,2024-11-21 11:45:02.790000+00:00,154.56,154.566,-7.200000000000273,10.899999999998045,2.3333333333333335,4.099999999999682,11.892572556332489,2024-11-21 06:16:12.124000+00:00,1,18828.21,-12600.334,0.6000000000000227,2024-11-21 14:45:00.043000+00:00,154.079,154.086,-48.69999999999948,-486.99999999999477,14.799999999999613,-60.40000000000134,1827.659,10651.952,-5.299999999999727,-4.599999999999227,12.600000000000477,-17.300000000000182,-38.49999999999909,,False,False,True,TP_FIRST,-492.999999999995,-484.9999999999852,2024-11-21 10:00:00+00:00,2024-11-21 08:00:00+00:00,154.96638073598325,154.90689463001564,5.948610596760773,Up,Up,Up,2024-11-20 10:00:00+00:00,24.0,2024-11-20 10:00:00+00:00,2024-11-20 22:00:00+00:00,2024-11-20 00:00:00+00:00,154.83050146273789,152.95430806299905,187.61933997388383,Up,Up,Up,2024-10-02 21:00:00+00:00,1177.0,2024-10-02 21:00:00+00:00,745.716,13.300000000000978
RAW|2024-11-22|2024-11-22T14:45:00Z|-1,2024-11-22,2024H2,2024-11,-1,SHORT,LONDON_NY_OVERLAP,2024-11-22 14:45:00+00:00,2024-11-22 15:00:00+00:00,2024-11-22 18:00:00+00:00,154.954,153.963,99.10000000000139,6.799999999998363,0.06861755802218232,154.63,155.022,154.63,154.872,2024-11-22 14:45:36.450000+00:00,6.799999999998363,2024-11-22 15:00:00+00:00,2024-11-22 14:45:37.079000+00:00,0.629,0.316,29,True,2024-11-22 15:00:00.029000+00:00,154.875,154.891,25.29999999999859,36.50000000000091,7.316666666666666,36.50000000000091,14.905125840857616,2024-11-22 06:51:20.627000+00:00,1,28455.823,-24336.45,1.5999999999991132,2024-11-22 18:00:00.087000+00:00,154.755,154.76,11.50000000000091,115.0000000000091,27.199999999999136,-5.099999999998772,1703.861,3635.0,19.599999999999795,5.699999999998795,17.599999999998772,-2.899999999999636,13.599999999999568,11.50000000000091,False,False,False,TP_ONLY,100.00000000002274,54.000000000002046,2024-11-22 14:00:00+00:00,2024-11-22 12:00:00+00:00,154.48785661100723,154.7027263407632,-21.486972975597496,Down,Down,Down,2024-11-21 14:00:00+00:00,24.0,2024-11-21 14:00:00+00:00,2024-11-21 22:00:00+00:00,2024-11-21 00:00:00+00:00,154.7423581876699,153.07972341795914,166.26347697107633,Up,Up,Up,2024-10-02 21:00:00+00:00,1201.0,2024-10-02 21:00:00+00:00,0.629,6.799999999998363
RAW|2024-11-25|2024-11-25T09:45:00Z|-1,2024-11-25,2024H2,2024-11,-1,SHORT,LONDON,2024-11-25 09:45:00+00:00,2024-11-25 10:00:00+00:00,2024-11-25 13:00:00+00:00,154.48,153.548,93.1999999999988,9.800000000001319,0.10515021459229018,154.545,154.578,154.355,154.422,2024-11-25 09:45:00.100000+00:00,9.800000000001319,2024-11-25 10:00:00+00:00,2024-11-25 09:49:00.770000+00:00,240.67,659.23,0,False,2024-11-25 10:00:00.076000+00:00,154.423,154.429,-8.70000000000175,13.100000000000023,2.3833333333333333,7.900000000000773,23.863866711712202,2024-11-25 06:30:05.130000+00:00,1,11694.97,-6300.1,0.6000000000000227,2024-11-25 13:00:00.050000+00:00,154.195,154.204,21.89999999999941,218.9999999999941,28.80000000000109,-14.599999999998658,10611.197,8637.223,-1.4999999999986358,-5.19999999999925,3.999999999999204,-0.20000000000095497,-8.599999999998431,,False,False,True,TP_ONLY,206.99999999999363,222.99999999998477,2024-11-25 10:00:00+00:00,2024-11-25 08:00:00+00:00,154.36272719161047,154.58904074161018,-22.6313549999702,Down,Down,Down,2024-11-21 14:00:00+00:00,92.0,2024-11-21 14:00:00+00:00,2024-11-22 22:00:00+00:00,2024-11-22 00:00:00+00:00,154.73882727690707,153.21174554452242,152.70817323846586,Up,Up,Up,2024-10-02 21:00:00+00:00,1225.0,2024-10-02 21:00:00+00:00,240.67,9.800000000001319
RAW|2024-11-26|2024-11-26T14:00:00Z|1,2024-11-26,2024H2,2024-11,1,LONG,LONDON_NY_OVERLAP,2024-11-26 14:00:00+00:00,2024-11-26 14:15:00+00:00,2024-11-26 17:15:00+00:00,154.413,153.544,86.89999999999998,11.800000000002342,0.13578826237056785,153.429,153.579,153.426,153.575,2024-11-26 14:00:00.210000+00:00,11.800000000002342,2024-11-26 14:15:00+00:00,2024-11-26 14:03:41.527000+00:00,221.317,7.033,21,True,2024-11-26 14:15:00.020000+00:00,153.576,153.583,-16.59999999999968,31.800000000001205,3.0833333333333335,20.199999999999818,16.173347848883726,2024-11-26 05:30:36.310000+00:00,1,30563.9,-21600.21,0.7000000000005002,2024-11-26 17:15:00.007000+00:00,153.271,153.278,-31.200000000001182,-312.0000000000118,13.599999999999568,-32.800000000000296,4488.856,10745.119,-12.600000000000477,-5.19999999999925,5.799999999999272,6.399999999999295,6.299999999998818,,False,False,True,SL_FIRST,-303.0000000000257,-311.00000000000705,2024-11-26 14:00:00+00:00,2024-11-26 12:00:00+00:00,153.84699770849193,154.2847402845769,-43.7742576084986,Down,Down,Down,2024-11-21 14:00:00+00:00,120.0,2024-11-21 14:00:00+00:00,2024-11-25 22:00:00+00:00,2024-11-25 00:00:00+00:00,154.57973376921933,153.28936590096063,129.03678682586985,Up,Up,Up,2024-10-02 21:00:00+00:00,1297.0,2024-10-02 21:00:00+00:00,221.317,11.800000000002342
RAW|2024-11-27|2024-11-27T07:00:00Z|1,2024-11-27,2024H2,2024-11,1,LONG,LONDON,2024-11-27 07:00:00+00:00,2024-11-27 07:15:00+00:00,2024-11-27 10:15:00+00:00,153.032,152.067,96.50000000000034,1.0000000000019327,0.010362694300538126,152.078,152.166,152.057,152.105,2024-11-27 07:00:14.272000+00:00,1.0000000000019327,2024-11-27 07:15:00+00:00,2024-11-27 07:00:35.749000+00:00,21.477,1.8199999999999998,28,True,2024-11-27 07:15:00.049000+00:00,152.106,152.113,20.90000000000032,21.20000000000175,2.2333333333333334,6.499999999999773,16.19990212908875,2024-11-27 06:58:54.652000+00:00,1,79.62,3585.728,0.7000000000005002,2024-11-27 10:15:00.072000+00:00,151.452,151.459,-66.10000000000014,-661.0000000000014,1.9000000000005457,-89.09999999999911,364.481,10350.761,-1.4999999999986358,-5.500000000000682,-26.900000000000546,-53.600000000000136,-47.800000000000864,-66.10000000000014,False,False,True,SL_ONLY,-664.999999999992,-663.0000000000109,2024-11-27 06:00:00+00:00,2024-11-27 04:00:00+00:00,153.0096208112484,153.8662944152993,-85.66736040509113,Down,Down,Down,2024-11-21 14:00:00+00:00,136.0,2024-11-21 14:00:00+00:00,2024-11-26 22:00:00+00:00,2024-11-26 00:00:00+00:00,154.14580983515665,153.27109662888378,87.47132062728724,Up,Up,Up,2024-10-02 21:00:00+00:00,1321.0,2024-10-02 21:00:00+00:00,21.477,1.0000000000019327
RAW|2024-11-28|2024-11-28T08:00:00Z|-1,2024-11-28,2024H2,2024-11,-1,SHORT,LONDON,2024-11-28 08:00:00+00:00,2024-11-28 08:15:00+00:00,2024-11-28 11:15:00+00:00,151.746,151.281,46.50000000000034,13.199999999997658,0.28387096774188303,151.754,151.878,151.694,151.704,2024-11-28 08:00:00.185000+00:00,13.199999999997658,2024-11-28 08:15:00+00:00,2024-11-28 08:00:01.251000+00:00,1.066,25.329,7,True,2024-11-28 08:15:00.151000+00:00,151.707,151.711,2.199999999999136,8.599999999998431,3.933333333333333,4.4999999999987494,47.83278071327455,2024-11-28 01:01:42.580000+00:00,1,25097.605,-0.18500000000000005,0.40000000000190994,2024-11-28 11:15:01.097000+00:00,151.81,151.819,-11.199999999999477,-111.99999999999477,-0.40000000000190994,-24.600000000000932,0.0,8541.043,-11.700000000001864,-7.30000000000075,-15.700000000001069,-17.00000000000159,-23.30000000000041,-11.199999999999477,False,False,True,SL_ONLY,-94.99999999999886,-93.99999999999409,2024-11-28 06:00:00+00:00,2024-11-28 04:00:00+00:00,151.54189773968122,152.84534065498755,-130.34429153063343,Down,Down,Down,2024-11-21 14:00:00+00:00,160.0,2024-11-21 14:00:00+00:00,2024-11-27 22:00:00+00:00,2024-11-27 00:00:00+00:00,153.26214988225476,153.0936488985731,16.850098368166755,Up,Up,Up,2024-10-02 21:00:00+00:00,1345.0,2024-10-02 21:00:00+00:00,1.066,13.199999999997658
RAW|2024-11-29|2024-11-29T07:45:00Z|1,2024-11-29,2024H2,2024-11,1,LONG,LONDON,2024-11-29 07:45:00+00:00,2024-11-29 08:00:00+00:00,2024-11-29 11:00:00+00:00,151.206,149.758,144.7999999999979,6.60000000000025,0.04558011049723996,149.756,150.011,149.692,149.99,2024-11-29 07:45:00.063000+00:00,6.60000000000025,2024-11-29 08:00:00+00:00,2024-11-29 07:45:00.328000+00:00,0.265,0.366,8,True,2024-11-29 08:00:00.044000+00:00,149.993,149.996,-15.899999999999181,25.7000000000005,3.7,12.399999999999523,32.92692632751784,2024-11-29 04:24:02.084000+00:00,1,12057.979,899.937,0.30000000000143245,2024-11-29 11:00:00.085000+00:00,149.96,149.967,-3.6000000000001364,-36.000000000001364,36.69999999999902,-7.00000000000216,8272.964,4266.3,11.299999999999955,21.79999999999893,19.999999999998863,19.199999999997885,16.100000000000136,-3.6000000000001364,False,False,False,TP_ONLY,-56.99999999998795,-60.000000000002274,2024-11-29 06:00:00+00:00,2024-11-29 04:00:00+00:00,150.81429528667917,152.11391086057444,-129.96155738952666,Down,Down,Down,2024-11-21 14:00:00+00:00,184.0,2024-11-21 14:00:00+00:00,2024-11-28 22:00:00+00:00,2024-11-28 00:00:00+00:00,152.76439277303913,152.96775698668725,-20.336421364811486,Down,Up,Transition,2024-11-28 22:00:00+00:00,0.0,2024-11-28 22:00:00+00:00,0.265,6.60000000000025
RAW|2024-12-02|2024-12-02T15:00:00Z|1,2024-12-02,2024H2,2024-12,1,LONG,LONDON_NY_OVERLAP,2024-12-02 15:00:00+00:00,2024-12-02 15:15:00+00:00,2024-12-02 18:15:00+00:00,150.747,149.802,94.50000000000216,8.099999999998886,0.08571428571427196,149.984,150.083,149.721,149.909,2024-12-02 15:00:56.870000+00:00,8.099999999998886,2024-12-02 15:15:00+00:00,2024-12-02 15:00:58.062000+00:00,1.192,0.359,12,True,2024-12-02 15:15:00.032000+00:00,149.911,149.915,21.299999999999386,28.600000000000136,9.433333333333334,28.600000000000136,17.938052028787766,2024-12-02 00:00:46.556000+00:00,1,54010.314,-25256.87,0.39999999999906777,2024-12-02 18:15:00.134000+00:00,149.687,149.692,-22.799999999998022,-227.99999999998022,32.69999999999982,-83.79999999999939,1859.762,4394.13,-9.699999999997999,4.800000000000182,21.60000000000082,-13.49999999999909,-56.60000000000025,-22.799999999998022,False,False,True,TP_FIRST,-238.9999999999759,-235.99999999999,2024-12-02 14:00:00+00:00,2024-12-02 12:00:00+00:00,150.26841206216122,151.1662716550647,-89.78595929034725,Down,Down,Down,2024-11-21 14:00:00+00:00,264.0,2024-11-21 14:00:00+00:00,2024-11-29 22:00:00+00:00,2024-11-29 00:00:00+00:00,151.89570912359937,152.70825642775227,-81.25473041529006,Down,Down,Down,2024-11-28 22:00:00+00:00,24.0,2024-11-28 22:00:00+00:00,1.192,8.099999999998886
RAW|2024-12-03|2024-12-03T16:15:00Z|1,2024-12-03,2024H2,2024-12,1,LONG,NEW_YORK,2024-12-03 16:15:00+00:00,2024-12-03 16:30:00+00:00,2024-12-03 19:30:00+00:00,150.234,149.497,73.69999999999948,13.500000000001933,0.1831750339213301,149.39,149.517,149.362,149.512,2024-12-03 16:15:00.006000+00:00,13.500000000001933,2024-12-03 16:30:00+00:00,2024-12-03 16:28:14.515000+00:00,794.509,8.693,3,True,2024-12-03 16:30:00.037000+00:00,149.513,149.52,-23.799999999999955,31.100000000000705,3.533333333333333,6.30000000000166,14.561808764131966,2024-12-03 00:00:04.375000+00:00,1,58495.631,-29700.006,0.7000000000005002,2024-12-03 19:30:00.065000+00:00,149.307,149.317,-21.30000000000223,-213.00000000002228,-0.40000000000190994,-55.800000000002115,0.314,9296.632,-18.999999999999773,-37.700000000000955,-39.50000000000102,-13.400000000001455,-42.50000000000114,-21.30000000000223,False,False,True,SL_ONLY,-216.00000000000819,-207.00000000002206,2024-12-03 14:00:00+00:00,2024-12-03 12:00:00+00:00,149.60738029623087,150.5497983304295,-94.24180341986244,Down,Down,Down,2024-11-21 14:00:00+00:00,288.0,2024-11-21 14:00:00+00:00,2024-12-02 22:00:00+00:00,2024-12-02 00:00:00+00:00,151.23236365971383,152.45751591353212,-122.5152253818294,Down,Down,Down,2024-11-28 22:00:00+00:00,96.0,2024-11-28 22:00:00+00:00,794.509,13.500000000001933
RAW|2024-12-04|2024-12-04T16:15:00Z|-1,2024-12-04,2024H2,2024-12,-1,SHORT,NEW_YORK,2024-12-04 16:15:00+00:00,2024-12-04 16:30:00+00:00,2024-12-04 19:30:00+00:00,150.167,149.52,64.69999999999914,11.899999999999977,0.1839258114374055,150.279,150.286,150.059,150.156,2024-12-04 16:15:00.784000+00:00,11.899999999999977,2024-12-04 16:30:00+00:00,2024-12-04 16:20:41.951000+00:00,341.167,71.072,1,True,2024-12-04 16:30:00.096000+00:00,150.155,150.161,-11.400000000000432,20.000000000001705,4.433333333333334,10.500000000001819,14.756181843649527,2024-12-04 04:30:03.043000+00:00,2,42297.741,-29700.784,0.6000000000000227,2024-12-04 19:30:00.796000+00:00,150.357,150.363,-20.79999999999984,-207.9999999999984,15.899999999999181,-44.80000000000075,3347.174,9121.214,6.200000000001182,-6.399999999999295,-3.700000000000614,8.899999999999864,1.2000000000000455,-20.79999999999984,False,False,True,TP_FIRST,-211.00000000001273,-217.9999999999893,2024-12-04 14:00:00+00:00,2024-12-04 12:00:00+00:00,150.31368656876478,150.40059624399603,-8.690967523125437,Down,Down,Down,2024-11-21 14:00:00+00:00,312.0,2024-11-21 14:00:00+00:00,2024-12-03 22:00:00+00:00,2024-12-03 00:00:00+00:00,150.75854547122418,152.22683464044957,-146.8289169225386,Down,Down,Down,2024-11-28 22:00:00+00:00,120.0,2024-11-28 22:00:00+00:00,341.167,11.899999999999977
RAW|2024-12-05|2024-12-05T08:00:00Z|1,2024-12-05,2024H2,2024-12,1,LONG,LONDON,2024-12-05 08:00:00+00:00,2024-12-05 08:15:00+00:00,2024-12-05 11:15:00+00:00,150.68,149.659,102.1000000000015,0.49999999999954525,0.00489715964739998,149.783,149.903,149.654,149.883,2024-12-05 08:04:41.260000+00:00,0.49999999999954525,2024-12-05 08:15:00+00:00,2024-12-05 08:04:41.976000+00:00,0.716,0.105,6,True,2024-12-05 08:15:00.442000+00:00,149.882,149.887,12.300000000001887,16.30000000000109,3.433333333333333,16.30000000000109,19.111947520243806,2024-12-05 06:55:34.893000+00:00,1,4146.367,-281.26,0.49999999999954525,2024-12-05 11:15:03.999000+00:00,150.167,150.174,28.000000000000114,280.00000000000114,46.10000000000127,-4.599999999999227,8218.596,702.501,3.100000000000591,-1.6999999999995907,12.600000000000477,28.700000000000614,36.89999999999998,28.000000000000114,True,False,False,TP_ONLY,278.99999999999636,282.0000000000107,2024-12-05 06:00:00+00:00,2024-12-05 04:00:00+00:00,150.26739279695045,150.36787626372123,-10.048346677078257,Down,Down,Down,2024-11-21 14:00:00+00:00,328.0,2024-11-21 14:00:00+00:00,2024-12-04 22:00:00+00:00,2024-12-04 00:00:00+00:00,150.69581819373155,152.0918078692136,-139.5989675482042,Down,Down,Down,2024-11-28 22:00:00+00:00,144.0,2024-11-28 22:00:00+00:00,0.716,0.49999999999954525
RAW|2024-12-05|2024-12-05T13:45:00Z|-1,2024-12-05,2024H2,2024-12,-1,SHORT,LONDON_NY_OVERLAP,2024-12-05 13:45:00+00:00,2024-12-05 14:00:00+00:00,2024-12-05 17:00:00+00:00,150.68,149.659,102.1000000000015,1.4999999999986358,0.014691478942199939,150.534,150.695,150.528,150.605,2024-12-05 13:53:54.437000+00:00,1.4999999999986358,2024-12-05 14:00:00+00:00,2024-12-05 13:53:56.373000+00:00,1.936,0.104,9,True,2024-12-05 14:00:00.097000+00:00,150.605,150.608,26.99999999999818,28.299999999998704,5.266666666666667,14.999999999997726,19.111947520243806,2024-12-05 01:35:02.944000+00:00,1,44331.493,-21234.437,0.30000000000143245,2024-12-05 17:00:00.041000+00:00,150.2,150.207,39.79999999999961,397.99999999999613,50.19999999999811,-1.500000000001478,8710.666,0.762,3.999999999999204,19.700000000000273,8.099999999998886,11.7999999999995,35.20000000000039,,True,False,False,TP_ONLY,390.0000000000148,394.00000000000546,2024-12-05 14:00:00+00:00,2024-12-05 12:00:00+00:00,150.37213918211756,150.38243926961366,-1.0300087496091237,Down,Down,Down,2024-11-21 14:00:00+00:00,336.0,2024-11-21 14:00:00+00:00,2024-12-04 22:00:00+00:00,2024-12-04 00:00:00+00:00,150.69581819373155,152.0918078692136,-139.5989675482042,Down,Down,Down,2024-11-28 22:00:00+00:00,144.0,2024-11-28 22:00:00+00:00,1.936,1.4999999999986358
RAW|2024-12-06|2024-12-06T13:30:00Z|-1,2024-12-06,2024H2,2024-12,-1,SHORT,LONDON_NY_OVERLAP,2024-12-06 13:30:00+00:00,2024-12-06 13:45:00+00:00,2024-12-06 16:45:00+00:00,150.272,149.768,50.39999999999907,25.600000000000023,0.5079365079365178,150.528,150.528,149.954,150.023,2024-12-06 13:30:01.130000+00:00,25.600000000000023,2024-12-06 13:45:00+00:00,2024-12-06 13:30:02.225000+00:00,1.095,21.179,15,True,2024-12-06 13:45:00.050000+00:00,150.024,150.03,2.199999999999136,10.699999999999932,4.833333333333333,9.700000000000841,16.45193195950966,2024-12-06 00:08:56.504000+00:00,1,48064.626,-19801.13,0.6000000000000227,2024-12-06 16:45:00.131000+00:00,149.697,149.71,31.399999999999295,313.99999999999295,65.60000000000059,-15.899999999999181,2811.351,294.259,-13.700000000000045,35.599999999999454,35.300000000000864,38.59999999999957,-0.39999999999906777,31.399999999999295,True,True,False,TP_ONLY,290.9999999999968,305.9999999999832,2024-12-06 10:00:00+00:00,2024-12-06 08:00:00+00:00,150.24501177748067,150.30898729921566,-6.397552173498866,Down,Down,Down,2024-11-21 14:00:00+00:00,356.0,2024-11-21 14:00:00+00:00,2024-12-05 22:00:00+00:00,2024-12-05 00:00:00+00:00,150.52215585266538,151.93150323967652,-140.93473870111382,Down,Down,Down,2024-11-28 22:00:00+00:00,168.0,2024-11-28 22:00:00+00:00,1.095,25.600000000000023
RAW|2024-12-09|2024-12-09T07:15:00Z|-1,2024-12-09,2024H2,2024-12,-1,SHORT,LONDON,2024-12-09 07:15:00+00:00,2024-12-09 07:30:00+00:00,2024-12-09 10:30:00+00:00,150.191,149.689,50.200000000000955,5.299999999999727,0.10557768924302044,150.213,150.244,150.139,150.151,2024-12-09 07:15:00.650000+00:00,5.299999999999727,2024-12-09 07:30:00+00:00,2024-12-09 07:20:42.628000+00:00,341.978,0.053,37,True,2024-12-09 07:30:00.814000+00:00,150.148,150.156,7.30000000000075,9.799999999998477,1.5666666666666667,7.30000000000075,8.880690488427826,2024-12-09 06:22:01.060000+00:00,1,3179.59,2699.35,0.8000000000009777,2024-12-09 10:30:00.102000+00:00,150.386,150.391,-24.2999999999995,-242.999999999995,3.100000000000591,-37.999999999999545,133.762,3917.889,1.099999999999568,-14.19999999999959,-20.199999999999818,-28.999999999999204,-26.099999999999568,,False,False,True,SL_ONLY,-252.9999999999859,-254.99999999999545,2024-12-09 06:00:00+00:00,2024-12-09 04:00:00+00:00,149.98615159187403,150.17150620266457,-18.535461079054016,Down,Down,Down,2024-11-21 14:00:00+00:00,424.0,2024-11-21 14:00:00+00:00,2024-12-06 22:00:00+00:00,2024-12-06 00:00:00+00:00,150.3698256090467,151.7761029805024,-140.6277371455701,Down,Down,Down,2024-11-28 22:00:00+00:00,192.0,2024-11-28 22:00:00+00:00,341.978,5.299999999999727
RAW|2024-12-10|2024-12-10T09:00:00Z|-1,2024-12-10,2024H2,2024-12,-1,SHORT,LONDON,2024-12-10 09:00:00+00:00,2024-12-10 09:15:00+00:00,2024-12-10 12:15:00+00:00,151.547,150.894,65.29999999999916,11.699999999999022,0.17917304747318794,151.633,151.664,151.48,151.507,2024-12-10 09:00:00.135000+00:00,11.699999999999022,2024-12-10 09:15:00+00:00,2024-12-10 09:10:44.033000+00:00,643.898,6.645,1,True,2024-12-10 09:15:00.771000+00:00,151.51,151.516,5.500000000000682,12.199999999998568,2.4,7.299999999997908,13.277323976475898,2024-12-10 01:03:51.072000+00:00,1,28569.063,-3600.135,0.6000000000000227,2024-12-10 12:15:00.084000+00:00,151.675,151.679,-16.900000000001114,-169.00000000001114,9.000000000000341,-26.69999999999959,536.11,10440.27,2.4999999999977263,1.2999999999976808,0.7999999999981355,-8.500000000000796,-11.899999999999977,,False,False,True,SL_ONLY,-181.0000000000116,-186.00000000000705,2024-12-10 06:00:00+00:00,2024-12-10 04:00:00+00:00,150.93172027491124,150.51092853116305,42.07917437481967,Up,Up,Up,2024-12-09 14:00:00+00:00,16.0,2024-12-09 14:00:00+00:00,2024-12-09 22:00:00+00:00,2024-12-09 00:00:00+00:00,150.6064468636048,151.72985474206223,-112.34078784574422,Down,Down,Down,2024-11-28 22:00:00+00:00,264.0,2024-11-28 22:00:00+00:00,643.898,11.699999999999022
RAW|2024-12-11|2024-12-11T09:00:00Z|1,2024-12-11,2024H2,2024-12,1,LONG,LONDON,2024-12-11 09:00:00+00:00,2024-12-11 09:15:00+00:00,2024-12-11 12:15:00+00:00,151.869,151.414,45.50000000000125,40.99999999999966,0.9010989010988688,151.624,151.886,151.004,151.872,2024-12-11 09:11:06.598000+00:00,40.99999999999966,2024-12-11 09:15:00+00:00,2024-12-11 09:11:06.651000+00:00,0.053,0.381,14,True,2024-12-11 09:15:00.130000+00:00,151.872,151.882,20.09999999999934,27.09999999999866,3.3833333333333333,27.09999999999866,15.07164968407085,2024-12-11 03:03:00.347000+00:00,1,22086.251,-4266.598,0.9999999999990905,2024-12-11 12:15:00.783000+00:00,152.62,152.628,73.79999999999995,737.9999999999995,90.89999999999918,-9.999999999999432,3323.199,76.875,6.999999999999318,51.80000000000007,66.59999999999968,82.90000000000077,78.2999999999987,73.79999999999995,True,True,False,TP_ONLY,765.9999999999911,772.9999999999961,2024-12-11 06:00:00+00:00,2024-12-11 04:00:00+00:00,151.6811479000713,151.01724362826633,66.39042718049666,Up,Up,Up,2024-12-09 14:00:00+00:00,40.0,2024-12-09 14:00:00+00:00,2024-12-10 22:00:00+00:00,2024-12-10 00:00:00+00:00,150.98260490257485,151.74530636269725,-76.27014601224005,Down,Down,Down,2024-11-28 22:00:00+00:00,288.0,2024-11-28 22:00:00+00:00,0.053,40.99999999999966
RAW|2024-12-12|2024-12-12T13:45:00Z|1,2024-12-12,2024H2,2024-12,1,LONG,LONDON_NY_OVERLAP,2024-12-12 13:45:00+00:00,2024-12-12 14:00:00+00:00,2024-12-12 17:00:00+00:00,152.771,151.949,82.19999999999743,8.100000000001728,0.09854014598542556,151.93,152.075,151.868,152.032,2024-12-12 13:45:00.019000+00:00,8.100000000001728,2024-12-12 14:00:00+00:00,2024-12-12 13:46:52.313000+00:00,112.294,80.241,10,True,2024-12-12 14:00:00.055000+00:00,152.032,152.038,34.39999999999941,58.500000000000796,6.433333333333334,12.100000000000932,18.849835188154746,2024-12-12 01:57:44.162000+00:00,1,42435.857,-20700.019,0.6000000000000227,2024-12-12 17:00:00.088000+00:00,152.075,152.083,3.6999999999977717,36.99999999997772,35.899999999998045,-16.30000000000109,2313.994,655.487,-11.20000000000232,-4.900000000000659,22.49999999999943,20.49999999999841,24.59999999999809,3.6999999999977717,True,False,True,TP_ONLY,31.999999999982265,24.999999999977263,2024-12-12 14:00:00+00:00,2024-12-12 12:00:00+00:00,152.24971137953682,151.66251354457438,58.71978349624385,Up,Up,Up,2024-12-09 14:00:00+00:00,72.0,2024-12-09 14:00:00+00:00,2024-12-11 22:00:00+00:00,2024-12-11 00:00:00+00:00,151.39071778755346,151.7985618536815,-40.78440661280354,Down,Down,Down,2024-11-28 22:00:00+00:00,312.0,2024-11-28 22:00:00+00:00,112.294,8.100000000001728
RAW|2024-12-17|2024-12-17T09:00:00Z|1,2024-12-17,2024H2,2024-12,1,LONG,LONDON,2024-12-17 09:00:00+00:00,2024-12-17 09:15:00+00:00,2024-12-17 12:15:00+00:00,154.342,153.798,54.400000000001114,2.7999999999991587,0.0514705882352776,153.855,153.91,153.77,153.864,2024-12-17 09:01:31.416000+00:00,2.7999999999991587,2024-12-17 09:15:00+00:00,2024-12-17 09:01:41.359000+00:00,9.943,0.103,8,True,2024-12-17 09:15:00.890000+00:00,153.861,153.869,5.099999999998772,9.099999999997976,2.533333333333333,7.999999999998408,34.57565463610271,2024-12-17 02:17:21.526000+00:00,1,24249.89,-3691.416,0.8000000000009777,2024-12-17 12:15:00.076000+00:00,153.904,153.908,3.499999999999659,34.99999999999659,6.700000000000728,-18.39999999999975,10291.296,7483.474,-3.700000000000614,-2.400000000000091,-11.000000000001364,-8.600000000001273,-11.000000000001364,,False,False,True,NEITHER,42.00000000000159,40.99999999999682,2024-12-17 06:00:00+00:00,2024-12-17 04:00:00+00:00,154.01393300686632,153.17856252122655,83.53704856397712,Up,Up,Up,2024-12-09 14:00:00+00:00,184.0,2024-12-09 14:00:00+00:00,2024-12-16 22:00:00+00:00,2024-12-16 00:00:00+00:00,152.80562601587224,152.17491251671953,63.0713499152705,Up,Up,Up,2024-12-13 22:00:00+00:00,72.0,2024-12-13 22:00:00+00:00,9.943,2.7999999999991587
RAW|2024-12-18|2024-12-18T14:30:00Z|-1,2024-12-18,2024H2,2024-12,-1,SHORT,LONDON_NY_OVERLAP,2024-12-18 14:30:00+00:00,2024-12-18 14:45:00+00:00,2024-12-18 17:45:00+00:00,153.784,153.332,45.19999999999982,11.7999999999995,0.26106194690264484,153.834,153.902,153.774,153.778,2024-12-18 14:30:00.111000+00:00,11.7999999999995,2024-12-18 14:45:00+00:00,2024-12-18 14:44:13.623000+00:00,853.512,0.512,7,True,2024-12-18 14:45:00.041000+00:00,153.778,153.784,5.100000000001614,10.80000000000041,2.933333333333333,7.099999999999795,9.09155263906728,2024-12-18 01:47:08.870000+00:00,1,45771.241,-23400.111,0.6000000000000227,2024-12-18 17:45:00.098000+00:00,153.795,153.802,-2.400000000000091,-24.00000000000091,9.399999999999409,-31.700000000000728,1111.658,6825.762,-5.500000000000682,-0.8000000000009777,-4.000000000002046,-12.999999999999545,-24.500000000000455,-2.400000000000091,False,False,True,SL_ONLY,-24.00000000000091,-32.99999999998704,2024-12-18 14:00:00+00:00,2024-12-18 12:00:00+00:00,153.6543512955273,153.3817748747444,27.257642078291155,Up,Up,Up,2024-12-09 14:00:00+00:00,216.0,2024-12-09 14:00:00+00:00,2024-12-17 22:00:00+00:00,2024-12-17 00:00:00+00:00,153.00173286848016,152.28027951538198,72.14533530981839,Up,Up,Up,2024-12-13 22:00:00+00:00,96.0,2024-12-13 22:00:00+00:00,853.512,11.7999999999995
RAW|2024-12-20|2024-12-20T07:15:00Z|1,2024-12-20,2024H2,2024-12,1,LONG,LONDON,2024-12-20 07:15:00+00:00,2024-12-20 07:30:00+00:00,2024-12-20 10:30:00+00:00,157.924,156.833,109.10000000000082,5.099999999998772,0.04674610449128079,156.819,156.907,156.782,156.904,2024-12-20 07:15:00.049000+00:00,5.099999999998772,2024-12-20 07:30:00+00:00,2024-12-20 07:15:45.273000+00:00,45.224,37.285,38,True,2024-12-20 07:30:00.105000+00:00,156.902,156.911,16.70000000000016,20.400000000000773,3.466666666666667,8.500000000000796,32.58164491017592,2024-12-20 03:32:02.649000+00:00,1,13377.4,2699.951,0.9000000000014552,2024-12-20 10:30:00.118000+00:00,156.65,156.657,-26.099999999999568,-260.9999999999957,14.19999999999959,-29.09999999999968,138.266,8494.145,9.199999999998454,0.2999999999985903,-8.29999999999984,-5.000000000001137,-17.599999999998772,-26.099999999999568,False,False,True,TP_FIRST,-280.00000000000114,-293.00000000000637,2024-12-20 06:00:00+00:00,2024-12-20 04:00:00+00:00,156.8602461131679,155.11817112269026,174.2074990477647,Up,Up,Up,2024-12-09 14:00:00+00:00,256.0,2024-12-09 14:00:00+00:00,2024-12-19 22:00:00+00:00,2024-12-19 00:00:00+00:00,154.6332922798368,152.8777725818193,175.55196980175083,Up,Up,Up,2024-12-13 22:00:00+00:00,144.0,2024-12-13 22:00:00+00:00,45.224,5.099999999998772
RAW|2024-12-23|2024-12-23T08:00:00Z|-1,2024-12-23,2024H2,2024-12,-1,SHORT,LONDON,2024-12-23 08:00:00+00:00,2024-12-23 08:15:00+00:00,2024-12-23 11:15:00+00:00,156.691,156.337,35.40000000000134,10.80000000000041,0.3050847457627119,156.794,156.799,156.629,156.679,2024-12-23 08:00:00.041000+00:00,10.80000000000041,2024-12-23 08:15:00+00:00,2024-12-23 08:03:57.082000+00:00,237.041,0.207,11,True,2024-12-23 08:15:00.564000+00:00,156.678,156.69,8.500000000000796,11.7999999999995,3.6,5.400000000000205,34.50976314344429,2024-12-23 01:12:58.062000+00:00,1,24421.979,-0.041000000000000036,1.2000000000000455,2024-12-23 11:15:00.323000+00:00,156.788,156.796,-11.7999999999995,-117.999999999995,20.90000000000032,-15.999999999999659,1948.976,9919.214,15.399999999999636,8.099999999998886,12.299999999999045,13.49999999999909,-4.699999999999704,,True,False,True,TP_ONLY,-105.99999999999454,-115.99999999998545,2024-12-23 06:00:00+00:00,2024-12-23 04:00:00+00:00,156.53496926891216,155.64988046227697,88.50888066351956,Up,Up,Up,2024-12-09 14:00:00+00:00,328.0,2024-12-09 14:00:00+00:00,2024-12-20 22:00:00+00:00,2024-12-20 00:00:00+00:00,155.14006591416916,153.16011077527378,197.99551388953773,Up,Up,Up,2024-12-13 22:00:00+00:00,168.0,2024-12-13 22:00:00+00:00,237.041,10.80000000000041
RAW|2024-12-25|2024-12-25T07:45:00Z|1,2024-12-25,2024H2,2024-12,1,LONG,LONDON,2024-12-25 07:45:00+00:00,2024-12-25 08:00:00+00:00,2024-12-25 11:00:00+00:00,157.346,156.96,38.59999999999957,3.100000000000591,0.08031088082903176,156.984,157.084,156.929,157.01,2024-12-25 07:47:36.095000+00:00,3.100000000000591,2024-12-25 08:00:00+00:00,2024-12-25 07:47:37.452000+00:00,1.357,228.727,1,True,2024-12-25 22:04:01.570000+00:00,157.176,157.414,9.999999999999432,12.299999999999045,0.03333333333333333,10.699999999999932,66.84059844846618,2024-12-25 04:09:47.433000+00:00,1,13068.662,743.905,23.799999999999955,2024-12-25 22:04:01.570000+00:00,157.176,157.414,-23.799999999999955,-237.99999999999955,-23.799999999999955,-23.799999999999955,0.0,0.0,,,,,,,True,False,False,SL_ONLY,-237.99999999999955,-237.99999999999955,2024-12-25 06:00:00+00:00,2024-12-25 04:00:00+00:00,157.16921503092806,156.54162942329637,62.7585607631687,Up,Up,Up,2024-12-09 14:00:00+00:00,376.0,2024-12-09 14:00:00+00:00,2024-12-24 22:00:00+00:00,2024-12-24 00:00:00+00:00,156.08640097661691,153.7615593601917,232.48416164252035,Up,Up,Up,2024-12-13 22:00:00+00:00,264.0,2024-12-13 22:00:00+00:00,1.357,3.100000000000591
RAW|2024-12-27|2024-12-27T16:30:00Z|1,2024-12-27,2024H2,2024-12,1,LONG,NEW_YORK,2024-12-27 16:30:00+00:00,2024-12-27 16:45:00+00:00,2024-12-27 19:45:00+00:00,157.948,157.504,44.40000000000168,3.6000000000001364,0.08108108108108109,157.468,157.673,157.468,157.655,2024-12-27 16:30:00.314000+00:00,3.6000000000001364,2024-12-27 16:45:00+00:00,2024-12-27 16:31:15.251000+00:00,74.937,824.749,0,False,2024-12-27 16:45:00.888000+00:00,157.655,157.664,12.20000000000141,24.600000000000932,2.183333333333333,11.599999999998545,31.8839856976878,2024-12-27 02:18:19+00:00,1,51101.314,-30600.314,0.899999999998613,2024-12-27 19:45:11.734000+00:00,157.902,157.908,23.799999999999955,237.99999999999955,25.100000000000477,-4.999999999998295,10560.484,383.721,-2.199999999999136,6.500000000002615,7.500000000001705,9.800000000001319,14.6000000000015,23.799999999999955,True,False,False,TP_ONLY,239.99999999998067,237.99999999999955,2024-12-27 14:00:00+00:00,2024-12-27 12:00:00+00:00,157.77871415041537,157.22389161935763,55.48225310577379,Up,Up,Up,2024-12-09 14:00:00+00:00,432.0,2024-12-09 14:00:00+00:00,2024-12-26 22:00:00+00:00,2024-12-26 00:00:00+00:00,156.6137149832978,154.09519461137637,251.85203719214257,Up,Up,Up,2024-12-13 22:00:00+00:00,312.0,2024-12-13 22:00:00+00:00,74.937,3.6000000000001364
RAW|2024-12-31|2024-12-31T07:30:00Z|1,2024-12-31,2024H2,2024-12,1,LONG,LONDON,2024-12-31 07:30:00+00:00,2024-12-31 07:45:00+00:00,2024-12-31 10:45:00+00:00,157.045,156.134,91.10000000000014,7.299999999997908,0.08013172338087703,156.145,156.213,156.061,156.149,2024-12-31 07:30:00.423000+00:00,7.299999999997908,2024-12-31 07:45:00+00:00,2024-12-31 07:30:00.737000+00:00,0.314,204.164,6,True,2024-12-31 07:45:00.828000+00:00,156.145,156.153,21.699999999998454,22.800000000000864,2.0166666666666666,12.699999999998113,16.507873101790924,2024-12-31 05:31:57.977000+00:00,2,7082.446,1799.577,0.7999999999981355,2024-12-31 10:45:01.387000+00:00,156.823,156.833,67.00000000000159,670.0000000000159,80.70000000000164,-13.299999999998136,9615.528,2408.963,-3.499999999999659,4.900000000000659,-4.4999999999987494,-5.89999999999975,30.000000000001137,67.00000000000159,True,False,True,TP_ONLY,683.0000000000211,682.0000000000164,2024-12-31 06:00:00+00:00,2024-12-31 04:00:00+00:00,156.84149303025535,157.20259260613835,-36.10995758830029,Down,Down,Down,2024-12-30 22:00:00+00:00,8.0,2024-12-30 22:00:00+00:00,2024-12-30 22:00:00+00:00,2024-12-30 00:00:00+00:00,156.90569131800908,154.58272311906896,232.29681989401172,Up,Up,Up,2024-12-13 22:00:00+00:00,408.0,2024-12-13 22:00:00+00:00,0.314,7.299999999997908
RAW|2024-12-31|2024-12-31T13:45:00Z|-1,2024-12-31,2024H2,2024-12,-1,SHORT,LONDON_NY_OVERLAP,2024-12-31 13:45:00+00:00,2024-12-31 14:00:00+00:00,2024-12-31 17:00:00+00:00,157.045,156.134,91.10000000000014,4.000000000002046,0.04390779363339232,156.973,157.085,156.972,157.01,2024-12-31 13:45:15.474000+00:00,4.000000000002046,2024-12-31 14:00:00+00:00,2024-12-31 13:45:15.580000+00:00,0.106,2.66,26,True,2024-12-31 14:00:00.087000+00:00,157.007,157.014,16.59999999999968,19.899999999998386,2.566666666666667,12.299999999999045,16.507873101790924,2024-12-31 00:00:51.093000+00:00,1,49464.381,-20715.474,0.7000000000005002,2024-12-31 17:00:00.034000+00:00,157.37,157.376,-36.89999999999998,-368.9999999999998,31.399999999999295,-42.30000000000018,3464.722,10540.265,-2.5999999999982037,7.500000000001705,1.6999999999995907,22.400000000001796,-15.899999999999181,,False,False,True,TP_FIRST,-382.000000000005,-382.000000000005,2024-12-31 14:00:00+00:00,2024-12-31 12:00:00+00:00,156.84872093380372,157.14585198183553,-29.713104803181523,Down,Down,Down,2024-12-30 22:00:00+00:00,16.0,2024-12-30 22:00:00+00:00,2024-12-30 22:00:00+00:00,2024-12-30 00:00:00+00:00,156.90569131800908,154.58272311906896,232.29681989401172,Up,Up,Up,2024-12-13 22:00:00+00:00,408.0,2024-12-13 22:00:00+00:00,0.106,4.000000000002046
